Date,Open,High,Low,Close,Volume,Dividends,Stock Splits
2020-03-12 00:00:00-03:00,773.3073120117188,773.3073120117188,773.3073120117188,773.3073120117188,1143,0.0,0.0
2020-03-13 00:00:00-03:00,835.7916510409441,900.7754516601562,799.8006230056882,900.7754516601562,27,0.0,0.0
2020-03-16 00:00:00-03:00,761.3103123150449,824.7944946289062,751.8126787405303,824.7944946289062,49,0.0,0.0
2020-03-17 00:00:00-03:00,829.793152004699,835.7916567179859,817.796142578125,817.796142578125,12,0.0,0.0
2020-03-18 00:00:00-03:00,705.3241990541012,705.3241990541012,681.3301795256838,689.3281860351562,34,0.0,0.0
2020-03-19 00:00:00-03:00,681.3300962127909,684.8292236328125,681.3300962127909,684.8292236328125,172,0.0,0.0
2020-03-20 00:00:00-03:00,684.8292236328125,684.8292236328125,684.8292236328125,684.8292236328125,26,0.0,0.0
2020-03-25 00:00:00-03:00,726.3189086914062,731.8175377317403,699.8255142243419,726.3189086914062,57,0.0,0.0
2020-03-26 00:00:00-03:00,709.8230835050894,709.8230835050894,678.3309326171875,678.3309326171875,179,0.0,0.0
2020-03-27 00:00:00-03:00,716.8213651021322,729.31825082567,716.8213651021322,719.8206176757812,1205,0.0,0.0
2020-03-30 00:00:00-03:00,690.8278101775988,690.8278101775988,657.8360334252677,676.831298828125,160,0.0,0.0
2020-04-01 00:00:00-03:00,641.340054153082,641.340054153082,634.8416748046875,634.8416748046875,84,0.0,0.0
2020-04-02 00:00:00-03:00,634.8416748046875,634.8416748046875,634.8416748046875,634.8416748046875,0,0.0,0.0
2020-04-03 00:00:00-03:00,599.8504965735779,606.348876953125,594.3518670216534,606.348876953125,431,0.0,0.0
2020-04-06 00:00:00-03:00,679.8304621198727,706.82373046875,679.8304621198727,706.82373046875,254,0.0,0.0
2020-04-07 00:00:00-03:00,734.8169128174153,765.8091907729797,729.8181583084533,750.8129272460938,1834,0.0,0.0
2020-04-08 00:00:00-03:00,779.8056778817806,814.7969582995529,755.8116570238797,794.8019409179688,159,0.0,0.0
2020-04-13 00:00:00-03:00,832.7923840332031,849.7881469726562,796.8013566320083,849.7881469726562,1891,0.0,0.0
2020-04-14 00:00:00-03:00,859.7857087644579,929.7682664545882,858.7859579403132,896.7764892578125,6997,0.0,0.0
2020-04-15 00:00:00-03:00,894.7770085029044,900.7755135878401,875.2818669768635,888.7785034179688,187,0.0,0.0
2020-04-16 00:00:00-03:00,889.7782763969608,889.7782763969608,819.7957153320312,819.7957153320312,88,0.0,0.0
2020-04-17 00:00:00-03:00,803.299790139694,836.7914428710938,803.299790139694,836.7914428710938,49,0.0,0.0
2020-04-20 00:00:00-03:00,826.2940388515856,860.7854415622688,792.8023869441106,844.7894287109375,130,0.0,0.0
2020-04-21 00:00:00-03:00,869.7832591733943,869.7832591733943,842.2901101765342,868.7835083007812,647,0.0,0.0
2020-04-22 00:00:00-03:00,865.2843682388665,890.7780151367188,849.7882299284073,890.7780151367188,467,0.0,0.0
2020-04-23 00:00:00-03:00,894.776995490579,934.7670288085938,894.776995490579,934.7670288085938,326,0.0,0.0
2020-04-24 00:00:00-03:00,925.7692437708025,949.7632630477996,895.2768442729521,929.2683715820312,527,0.0,0.0
2020-04-27 00:00:00-03:00,938.7659078316907,949.7631655379192,930.7679022271609,946.2640380859375,1353,0.0,0.0
2020-04-28 00:00:00-03:00,949.7632698738138,959.7607779777487,920.7704963724027,954.7620239257812,283,0.0,0.0
2020-04-29 00:00:00-03:00,909.7732139330232,914.7719678557321,879.7806903967696,889.7781982421875,882,0.0,0.0
2020-04-30 00:00:00-03:00,899.7757728653725,899.7757728653725,889.7782642779794,890.7780151367188,101,0.0,0.0
2020-05-04 00:00:00-03:00,890.7779809996139,890.7779809996139,839.7906891578851,859.7857055664062,165,0.0,0.0
2020-05-05 00:00:00-03:00,943.264831248113,943.264831248113,899.7756736865942,931.267822265625,284,0.0,0.0
2020-05-06 00:00:00-03:00,969.75833079854,969.75833079854,909.7732794089395,914.7720336914062,90,0.0,0.0
2020-05-07 00:00:00-03:00,899.775716055811,931.7677415155731,899.775716055811,903.7747192382812,865,0.0,0.0
2020-05-08 00:00:00-03:00,939.7657930923792,948.763550685817,899.7757593437674,900.275634765625,1164,0.0,0.0
2020-05-11 00:00:00-03:00,904.7745595009363,928.7685809683644,899.7758050285554,921.7703247070312,1539,0.0,0.0
2020-05-12 00:00:00-03:00,944.264625646713,944.264625646713,921.7702327647108,939.7657470703125,624,0.0,0.0
2020-05-13 00:00:00-03:00,899.7757782132263,916.2716674804688,871.2828785698075,916.2716674804688,246,0.0,0.0
2020-05-14 00:00:00-03:00,916.7715160128007,934.7670310490389,897.2763747235426,898.7760009765625,1056,0.0,0.0
2020-05-15 00:00:00-03:00,919.2708251743622,949.2633480185502,873.2822901466074,873.7821655273438,1196,0.0,0.0
2020-05-18 00:00:00-03:00,859.7856310428176,920.7704258028315,859.7856310428176,904.7744140625,519,0.0,0.0
2020-05-19 00:00:00-03:00,914.7719573974609,969.7582499186198,908.7734527587891,911.772705078125,881,0.0,0.0
2020-05-20 00:00:00-03:00,969.7583041348299,969.7583041348299,899.7757461044814,909.7732543945312,1235,0.0,0.0
2020-05-21 00:00:00-03:00,909.7732209979363,928.2686106555867,899.7757130748821,927.2688598632812,900,0.0,0.0
2020-05-22 00:00:00-03:00,969.7582473150973,969.7582473150973,898.7759426147139,947.2638549804688,4856,0.0,0.0
2020-05-26 00:00:00-03:00,989.7533207149296,989.7533207149296,877.7812278663719,909.7732543945312,139,0.0,0.0
2020-05-27 00:00:00-03:00,972.7575394479852,974.7570410706943,910.7729891440025,930.7680053710938,421,0.0,0.0
2020-05-28 00:00:00-03:00,910.7729689220023,951.7627512774382,910.7729689220023,950.7630004882812,569,0.0,0.0
2020-05-29 00:00:00-03:00,924.7695417699848,969.7583302885247,901.7752720827311,951.262939453125,265,0.0,0.0
2020-06-01 00:00:00-03:00,989.7533294946744,1039.7408713883449,942.7650401146242,1020.74560546875,628,0.0,0.0
2020-06-02 00:00:00-03:00,999.7506917700493,1079.2308717657684,999.7506917700493,1062.7349853515625,282,0.0,0.0
2020-06-03 00:00:00-03:00,1099.7259541800404,1105.2245839509405,1027.7438917246195,1051.238037109375,857,0.0,0.0
2020-06-04 00:00:00-03:00,1069.7332763671875,1102.7250503112223,1052.7375140323818,1069.7332763671875,1574,0.0,0.0
2020-06-05 00:00:00-03:00,1070.2333732791703,1164.2099609375,1070.2333732791703,1164.2099609375,1410,0.0,0.0
2020-06-08 00:00:00-03:00,1169.7083359219682,1424.6447681100894,1169.7083359219682,1257.1865234375,1212,0.0,0.0
2020-06-09 00:00:00-03:00,1251.688068583805,1251.688068583805,1159.7109900616724,1170.2083740234375,1401,0.0,0.0
2020-06-10 00:00:00-03:00,1149.71337890625,1149.71337890625,1094.7270868716032,1149.71337890625,753,0.0,0.0
2020-06-11 00:00:00-03:00,1199.7011913413621,1199.7011913413621,1019.7460126401578,1053.2376708984375,13280,0.0,0.0
2020-06-12 00:00:00-03:00,1099.7258531325665,1126.2192486853057,1019.7457910865618,1032.24267578125,414,0.0,0.0
2020-06-16 00:00:00-03:00,1019.7458802688953,1094.7271949945493,1019.7458802688953,1074.732177734375,469,0.0,0.0
2020-06-17 00:00:00-03:00,1074.732073042752,1074.732073042752,1004.7495194492706,1018.2461547851562,1556,0.0,0.0
2020-06-18 00:00:00-03:00,979.7558084087799,1042.2402349654624,979.7558084087799,981.7553100585938,528,0.0,0.0
2020-06-19 00:00:00-03:00,984.2547522205351,1010.7481508328705,947.7638446978845,970.2582397460938,97,0.0,0.0
2020-06-22 00:00:00-03:00,979.7557983398438,981.7552999691087,954.7620279740314,979.7557983398438,256,0.0,0.0
2020-06-23 00:00:00-03:00,1005.2495205826497,1005.2495205826497,989.7533817770493,994.7521362304688,178,0.0,0.0
2020-06-24 00:00:00-03:00,977.2563283819901,977.2563283819901,949.76318359375,949.76318359375,41,0.0,0.0
2020-06-25 00:00:00-03:00,950.7629509616612,977.2563454942417,914.771924426835,917.2713012695312,561,0.0,0.0
2020-06-26 00:00:00-03:00,925.76926835024,970.7580556890746,897.7762451171875,897.7762451171875,597,0.0,0.0
2020-06-29 00:00:00-03:00,929.7682516163794,954.7620218211207,919.7707435344828,942.26513671875,732,0.0,0.0
2020-06-30 00:00:00-03:00,929.7682550241432,939.7657631426823,899.7757306685256,918.77099609375,110,0.0,0.0
2020-07-01 00:00:00-03:00,939.7657069687016,979.7557370524761,929.2683240717107,967.7587280273438,249,0.0,0.0
2020-07-02 00:00:00-03:00,954.7620621423229,992.7525944579336,954.7620621423229,986.7540893554688,188,0.0,0.0
2020-07-03 00:00:00-03:00,1034.7420451810574,1054.737060546875,1019.7457836566942,1054.737060546875,336,0.0,0.0
2020-07-06 00:00:00-03:00,1055.73684323489,1055.73684323489,959.7607665771728,1000.7505493164062,2172,0.0,0.0
2020-07-07 00:00:00-03:00,979.2559124570904,989.7532958984375,924.7694936424795,989.7532958984375,703,0.0,0.0
2020-07-08 00:00:00-03:00,990.7530886044982,990.7530886044982,939.7657954472536,973.75732421875,787,0.0,0.0
2020-07-13 00:00:00-03:00,1040.7406074417752,1040.7406074417752,937.2663971918004,1005.7493286132812,4966,0.0,0.0
2020-07-14 00:00:00-03:00,1049.7383512105337,1049.7383512105337,976.7565420311346,1015.2469482421875,4267,0.0,0.0
2020-07-15 00:00:00-03:00,1039.74074636862,1039.74074636862,988.2535844090199,1008.7484741210938,2161,0.0,0.0
2020-07-16 00:00:00-03:00,1041.7403773104636,1041.7403773104636,968.2586904272399,997.25146484375,2735,0.0,0.0
2020-07-17 00:00:00-03:00,1009.7483268472092,1012.7475793031911,969.7582941007852,1004.7495727539062,2710,0.0,0.0
2020-07-20 00:00:00-03:00,1049.2384495874373,1049.2384495874373,990.7530286242501,1010.2481689453125,1859,0.0,0.0
2020-07-21 00:00:00-03:00,1049.2385286673077,1099.7259471501081,1023.744881710646,1098.7261962890625,2442,0.0,0.0
2020-07-22 00:00:00-03:00,1109.7234608043325,1109.7234608043325,1049.738408868963,1099.7259521484375,1884,0.0,0.0
2020-07-23 00:00:00-03:00,1149.7134777821143,1149.7134777821143,1056.7366487092997,1120.720703125,2666,0.0,0.0
2020-07-24 00:00:00-03:00,1144.7147381449854,1144.7147381449854,1052.2377833166788,1074.732177734375,1795,0.0,0.0
2020-07-27 00:00:00-03:00,1099.7258915620691,1119.7209077722885,1024.7445807737463,1087.7288818359375,3368,0.0,0.0
2020-07-28 00:00:00-03:00,1119.7208085544373,1149.7133302121456,1034.741997190931,1092.7275390625,7441,0.0,0.0
2020-07-29 00:00:00-03:00,1099.7258583591904,1099.7258583591904,1044.7395654412308,1057.2364501953125,7484,0.0,0.0
2020-07-30 00:00:00-03:00,1054.737101785258,1054.737101785258,1000.7505581867706,1038.7410888671875,7299,0.0,0.0
2020-07-31 00:00:00-03:00,1034.7421305416194,1052.7376458553867,1000.7506016156145,1047.7388916015625,3323,0.0,0.0
2020-08-03 00:00:00-03:00,1049.738428028384,1090.728214265683,1009.7483926749219,1079.2310791015625,6073,0.0,0.0
2020-08-04 00:00:00-03:00,1089.728324255864,1099.7258318178444,1031.2429050182786,1052.2376708984375,2186,0.0,0.0
2020-08-05 00:00:00-03:00,1073.7324805252804,1076.231857807695,1030.7431912677505,1036.2418212890625,3155,0.0,0.0
2020-08-06 00:00:00-03:00,1049.738294403884,1099.7258322326404,1049.738294403884,1076.231689453125,1675,0.0,0.0
2020-08-07 00:00:00-03:00,1089.728412116363,1122.720189730895,1079.7309037483228,1117.721435546875,1873,0.0,0.0
2020-08-10 00:00:00-03:00,1124.7196321417211,1159.7109095861304,1094.727108617942,1154.2122802734375,3847,0.0,0.0
2020-08-11 00:00:00-03:00,1159.7110649654069,1229.6936292305606,1159.7110649654069,1210.198486328125,4421,0.0,0.0
2020-08-12 00:00:00-03:00,1219.6961820472063,1284.6799950251313,1211.6981742960772,1272.6829833984375,4359,0.0,0.0
2020-08-13 00:00:00-03:00,1289.6785938785947,1318.1714930456799,1249.6885599598786,1290.6783447265625,3097,0.0,0.0
2020-08-14 00:00:00-03:00,1309.673578948625,1344.6648577754966,1231.1931392940699,1308.673828125,2744,0.0,0.0
2020-08-18 00:00:00-03:00,1299.6762670409964,1299.6762670409964,1223.6951929678305,1274.1826171875,972,0.0,0.0
2020-08-19 00:00:00-03:00,1279.6810121107267,1305.6745326692258,1279.6810121107267,1300.1759033203125,1028,0.0,0.0
2020-08-20 00:00:00-03:00,1309.6734798040777,1329.6684947629187,1249.6884349275551,1313.172607421875,8154,0.0,0.0
2020-08-21 00:00:00-03:00,1329.6686316906005,1359.1612817920086,1321.670624883439,1340.166015625,1064,0.0,0.0
2020-08-24 00:00:00-03:00,1340.6658380264626,1369.6586115557448,1318.6713201766622,1329.6685791015625,784,0.0,0.0
2020-08-25 00:00:00-03:00,1329.6685282389321,1349.6635437011719,1277.6814880371094,1343.6650390625,1233,0.0,0.0
2020-08-26 00:00:00-03:00,1342.6651349914714,1349.663389604234,1300.6756073148952,1314.1722412109375,626,0.0,0.0
2020-08-27 00:00:00-03:00,1299.6762670409964,1337.166928590256,1221.1958155312132,1274.1826171875,3051,0.0,0.0
2020-08-28 00:00:00-03:00,1161.710477866043,1341.6656293427106,1160.710727024506,1337.6666259765625,1708,0.0,0.0
2020-08-31 00:00:00-03:00,1338.6663514727884,1338.6663514727884,1279.6810529388868,1284.179931640625,739,0.0,0.0
2020-09-01 00:00:00-03:00,1249.6885672298113,1309.6736184568424,1249.6885672298113,1292.177978515625,1909,0.0,0.0
2020-09-02 00:00:00-03:00,1297.6766844830154,1316.1720763650924,1250.1885161371424,1258.1865234375,1319,0.0,0.0
2020-09-03 00:00:00-03:00,1321.1707605014124,1321.1707605014124,1214.697293991083,1269.1837158203125,533,0.0,0.0
2020-09-04 00:00:00-03:00,1277.6816996729651,1302.6754731407461,1235.1922847777373,1289.6787109375,438,0.0,0.0
2020-09-07 00:00:00-03:00,1289.678618580724,1289.678618580724,1209.6985492113768,1271.1832275390625,249,0.0,0.0
2020-09-08 00:00:00-03:00,1271.1831914594097,1271.6830668787802,1199.7010064894152,1239.6910400390625,563,0.0,0.0
2020-09-09 00:00:00-03:00,1241.690394930396,1321.170577214588,1241.690394930396,1306.17431640625,727,0.0,0.0
2020-09-10 00:00:00-03:00,1319.671142578125,1352.1630457097833,1309.6736339222302,1319.671142578125,674,0.0,0.0
2020-09-11 00:00:00-03:00,1337.1665063671578,1337.1665063671578,1289.678350066268,1314.1722412109375,445,0.0,0.0
2020-09-14 00:00:00-03:00,1397.6517923385657,1397.6517923385657,1259.6861647686642,1310.6734619140625,489,0.0,0.0
2020-09-15 00:00:00-03:00,1265.684521503441,1320.6708158815525,1250.6882594003196,1280.180908203125,1058,0.0,0.0
2020-09-16 00:00:00-03:00,1329.6685490534855,1349.663564828726,1289.678517503005,1299.676025390625,586,0.0,0.0
2020-09-17 00:00:00-03:00,1289.67844372174,1328.1688468870789,1283.6799393323367,1285.1795654296875,285,0.0,0.0
2020-09-18 00:00:00-03:00,1249.6885223096917,1330.6683385553597,1249.6885223096917,1307.1741943359375,631,0.0,0.0
2020-09-21 00:00:00-03:00,1347.6642845616627,1347.6642845616627,1299.6762388205946,1343.1654052734375,830,0.0,0.0
2020-09-22 00:00:00-03:00,1357.6616074664732,1389.653633562885,1329.668584632113,1379.15625,486,0.0,0.0
2020-09-23 00:00:00-03:00,1399.6511223610867,1423.6451416015625,1361.160716496157,1423.6451416015625,551,0.0,0.0
2020-09-24 00:00:00-03:00,1424.6447218314386,1427.6439738773995,1309.6733934029364,1367.1590576171875,735,0.0,0.0
2020-09-25 00:00:00-03:00,1399.6510611007463,1399.6510611007463,1329.668508045709,1339.666015625,214,0.0,0.0
2020-09-28 00:00:00-03:00,1369.6586613361437,1369.6586613361437,1279.6810850439883,1363.66015625,715,0.0,0.0
2020-09-29 00:00:00-03:00,1366.659471410266,1399.651250895664,1329.6686883508805,1351.6632080078125,859,0.0,0.0
2020-09-30 00:00:00-03:00,1394.6524884588068,1394.6524884588068,1349.6636985085227,1374.657470703125,705,0.0,0.0
2020-10-01 00:00:00-03:00,1439.6409917710907,1449.63849865839,1388.6537066458645,1416.1468505859375,9286,0.0,0.0
2020-10-02 00:00:00-03:00,1419.6461178259176,1459.136273920371,1399.6511020818907,1443.64013671875,4490,0.0,0.0
2020-10-05 00:00:00-03:00,1443.6402637732483,1484.6300496560068,1429.6437515205992,1444.6400146484375,2785,0.0,0.0
2020-10-06 00:00:00-03:00,1499.6262122844828,1499.6262122844828,1429.643655711207,1449.638671875,2286,0.0,0.0
2020-10-07 00:00:00-03:00,1459.636212868499,1499.6262460977728,1455.6372095455715,1456.1370849609375,609,0.0,0.0
2020-10-08 00:00:00-03:00,1514.622608707254,1519.6213631914363,1459.6363093812479,1500.126220703125,1995,0.0,0.0
2020-10-09 00:00:00-03:00,1489.6286912038536,1558.6114963669852,1489.6286912038536,1543.615234375,1969,0.0,0.0
2020-10-13 00:00:00-03:00,1579.6064224243164,1619.5964584350586,1526.6196247100831,1599.6014404296875,5544,0.0,0.0
2020-10-14 00:00:00-03:00,1579.6063268795626,1684.5801650582678,1559.611310083619,1677.5819091796875,10102,0.0,0.0
2020-10-15 00:00:00-03:00,1709.5737842062244,1849.5388893459153,1680.5810124272884,1839.5413818359375,3673,0.0,0.0
2020-10-16 00:00:00-03:00,1837.5419308307676,1995.5025538292775,1809.5489090335632,1897.5269775390625,2852,0.0,0.0
2020-10-19 00:00:00-03:00,1769.5590470637403,1769.5590470637403,1664.5852052887726,1738.06689453125,12605,0.0,0.0
2020-10-20 00:00:00-03:00,1737.5669425259343,1737.5669425259343,1570.608553917286,1698.57666015625,14140,0.0,0.0
2020-10-21 00:00:00-03:00,1694.5777267819772,1782.555803452664,1694.5777267819772,1761.56103515625,2352,0.0,0.0
2020-10-22 00:00:00-03:00,1761.5609866263535,1809.5490271246877,1729.568959627464,1800.55126953125,2951,0.0,0.0
2020-10-23 00:00:00-03:00,1809.5489738867022,1836.5422458728576,1747.5644233999756,1790.0538330078125,647,0.0,0.0
2020-10-26 00:00:00-03:00,1780.056346226565,1819.046628452252,1662.5856241363535,1673.0830078125,1268,0.0,0.0
2020-10-27 00:00:00-03:00,1666.084825934872,1669.58395398214,1574.6076212705811,1590.103759765625,849,0.0,0.0
2020-10-28 00:00:00-03:00,1589.603969029018,1589.603969029018,1469.6338581589034,1483.63037109375,1083,0.0,0.0
2020-10-29 00:00:00-03:00,1449.6386693485363,1529.6187338643174,1319.6710645103915,1449.1387939453125,4844,0.0,0.0
2020-10-30 00:00:00-03:00,1449.6389232083898,1497.626970321495,1399.6513741322385,1476.13232421875,9399,0.0,0.0
2020-11-02 00:00:00-03:00,1488.628788575348,1521.120686244051,1426.1443699816882,1513.1226806640625,710,0.0,0.0
2020-11-03 00:00:00-03:00,1499.626363478637,1579.6064361974975,1494.6276089337082,1553.113037109375,845,0.0,0.0
2020-11-04 00:00:00-03:00,1524.6200476634485,1599.6013614829626,1434.642471080032,1437.6417236328125,1639,0.0,0.0
2020-11-05 00:00:00-03:00,1438.641402286032,1499.6262011320696,1438.641402286032,1471.6331787109375,842,0.0,0.0
2020-11-06 00:00:00-03:00,1479.6311158189064,1547.1142917092957,1439.1412102846728,1458.136474609375,649,0.0,0.0
2020-11-09 00:00:00-03:00,1458.63650958177,1499.6262949778309,1379.6561913796045,1465.634765625,2691,0.0,0.0
2020-11-10 00:00:00-03:00,1474.6323732061837,1553.6126833643455,1469.6336193987052,1532.1180419921875,636,0.0,0.0
2020-11-11 00:00:00-03:00,1549.6136576858994,1594.602441296135,1526.6193905073344,1551.6131591796875,5105,0.0,0.0
2020-11-12 00:00:00-03:00,1559.6113242459037,1579.6063412234153,1463.1353673294102,1510.1236572265625,868,0.0,0.0
2020-11-13 00:00:00-03:00,1499.6261985934511,1599.601278499681,1446.639406243149,1567.6092529296875,1174,0.0,0.0
2020-11-16 00:00:00-03:00,1567.609363083435,1649.588934367135,1529.6188300495253,1638.5916748046875,1241,0.0,0.0
2020-11-17 00:00:00-03:00,1649.5889892578125,1689.579025361032,1639.5914802320076,1649.5889892578125,2201,0.0,0.0
2020-11-18 00:00:00-03:00,1688.5792163599317,1739.5665106372298,1651.0885588030949,1711.573486328125,2831,0.0,0.0
2020-11-19 00:00:00-03:00,1719.5714936914394,1790.05392991542,1719.5714936914394,1760.561279296875,1985,0.0,0.0
2020-11-20 00:00:00-03:00,1798.5515751451633,1847.5393612386113,1764.56005010073,1810.548583984375,2181,0.0,0.0
2020-11-24 00:00:00-03:00,1824.5454002459887,1844.5404183308763,1649.5889920032228,1822.5458984375,2762,0.0,0.0
2020-11-25 00:00:00-03:00,1834.542703880454,1858.5367228957841,1793.5529213959317,1854.5377197265625,4731,0.0,0.0
2020-11-26 00:00:00-03:00,1859.536681894542,1898.5269671600727,1812.5483893950561,1822.5458984375,1238,0.0,0.0
2020-11-27 00:00:00-03:00,1819.5466055856168,1899.5266761608088,1799.551587941819,1888.029541015625,1961,0.0,0.0
2020-11-30 00:00:00-03:00,1949.5140238544232,1949.5140238544232,1822.54567460852,1826.544677734375,696,0.0,0.0
2020-12-01 00:00:00-03:00,1808.5493921930017,1809.5491431007922,1706.0749241444762,1774.557861328125,659,0.0,0.0
2020-12-02 00:00:00-03:00,1749.5639472303983,1774.5577179051184,1671.583382725272,1746.0648193359375,1385,0.0,0.0
2020-12-03 00:00:00-03:00,1746.0648363721612,1848.5392971383487,1709.573930831031,1798.0518798828125,1416,0.0,0.0
2020-12-04 00:00:00-03:00,1859.536536805508,1879.5315533302983,1796.5522347524181,1818.5467529296875,1832,0.0,0.0
2020-12-09 00:00:00-03:00,1824.5451609293618,1829.5439147949219,1799.5513916015625,1799.5513916015625,2194,0.0,0.0
2020-12-10 00:00:00-03:00,1839.541499379139,1894.0279187900971,1749.563926039942,1887.0296630859375,3999,0.0,0.0
2020-12-11 00:00:00-03:00,1865.5348701768248,1865.5348701768248,1774.5575533568403,1833.5428466796875,1270,0.0,0.0
2020-12-14 00:00:00-03:00,1841.5410180745714,1859.5365329091765,1793.552978515625,1793.552978515625,877,0.0,0.0
2020-12-15 00:00:00-03:00,1789.553998325893,1789.553998325893,1712.573183872768,1749.56396484375,1952,0.0,0.0
2020-12-16 00:00:00-03:00,1749.5639831062376,1779.556508530916,1735.5674712413877,1777.5570068359375,475,0.0,0.0
2020-12-17 00:00:00-03:00,1774.5576505267602,1799.5514202524892,1746.0647530394292,1757.06201171875,609,0.0,0.0
2020-12-18 00:00:00-03:00,1771.5583549079195,1798.5516255526788,1662.0856461819503,1796.5521240234375,2151,0.0,0.0
2020-12-21 00:00:00-03:00,1748.5643852233886,1790.5539244911886,1659.5865520130503,1759.5616455078125,1229,0.0,0.0
2020-12-22 00:00:00-03:00,1759.56141730161,1799.5514495130103,1732.568145558915,1738.566650390625,522,0.0,0.0
2020-12-23 00:00:00-03:00,1783.5553947426993,1783.5553947426993,1694.5775751619258,1754.5626220703125,494,0.0,0.0
2020-12-28 00:00:00-03:00,1734.5675888641622,1779.5563735897458,1719.5713272889677,1775.0574951171875,834,0.0,0.0
2020-12-29 00:00:00-03:00,1817.547126157682,1869.534172670443,1779.5565921675875,1843.5406494140625,3771,0.0,0.0
2020-12-30 00:00:00-03:00,1876.5321006373354,1913.522877261513,1809.5488024259869,1899.5263671875,962,0.0,0.0
2021-01-04 00:00:00-03:00,1924.520320113633,2040.9912901360944,1899.5265497225469,2032.493408203125,3741,0.0,0.0
2021-01-05 00:00:00-03:00,2000.0016903859266,2131.468934717718,1975.5077931530072,2119.471923828125,2961,0.0,0.0
2021-01-06 00:00:00-03:00,2118.4717925783075,2199.451601544255,2118.4717925783075,2140.46630859375,5895,0.0,0.0
2021-01-07 00:00:00-03:00,2149.464219470579,2201.4512610577744,2140.466462272795,2194.952880859375,904,0.0,0.0
2021-01-08 00:00:00-03:00,2194.453315036201,2199.4520697401554,2169.4595415164263,2183.4560546875,720,0.0,0.0
2021-01-11 00:00:00-03:00,2189.454488531104,2294.428333871636,2099.4769068106475,2242.941162109375,1924,0.0,0.0
2021-01-12 00:00:00-03:00,2244.4402992709597,2359.4116286322783,2244.4402992709597,2266.434814453125,3169,0.0,0.0
2021-01-13 00:00:00-03:00,2266.4347876055062,2449.389161726286,2239.4415192926044,2331.91845703125,2767,0.0,0.0
2021-01-14 00:00:00-03:00,2305.425229854842,2499.3768753846944,2305.425229854842,2436.392578125,3555,0.0,0.0
2021-01-15 00:00:00-03:00,2399.9020984012564,2499.377315560567,2369.4096951514175,2424.39599609375,2484,0.0,0.0
2021-01-18 00:00:00-03:00,2429.394268055736,2499.376818987383,2399.4017462278875,2401.901123046875,930,0.0,0.0
2021-01-19 00:00:00-03:00,2410.3991339778436,2499.376953523272,2409.399383196434,2451.388916015625,1990,0.0,0.0
2021-01-20 00:00:00-03:00,2459.3869516840023,2509.3744913523765,2373.908258851083,2384.905517578125,949,0.0,0.0
2021-01-21 00:00:00-03:00,2310.4240316620585,2419.3968656954485,2304.4255270363674,2350.4140625,2887,0.0,0.0
2021-01-22 00:00:00-03:00,2350.4141449329923,2350.4141449329923,2249.439313525833,2318.422119140625,541,0.0,0.0
2021-01-25 00:00:00-03:00,2318.4220678679862,2421.396398609859,2299.4268029738546,2356.41259765625,3518,0.0,0.0
2021-01-26 00:00:00-03:00,2392.404094289133,2399.402351146644,2289.4297433857564,2375.908203125,1115,0.0,0.0
2021-01-27 00:00:00-03:00,2349.41446751099,2452.3888037465786,2259.4368921595055,2259.936767578125,3300,0.0,0.0
2021-01-28 00:00:00-03:00,2161.4609969204694,2288.4293348524307,2158.4617448433364,2267.4345703125,633,0.0,0.0
2021-01-29 00:00:00-03:00,2264.4356919332704,2324.4207433752113,2199.451886204501,2293.428466796875,460,0.0,0.0
2021-02-01 00:00:00-03:00,2279.4321358188545,2376.407976684832,2274.433381135041,2330.41943359375,341,0.0,0.0
2021-02-02 00:00:00-03:00,2301.426160153808,2408.899362680539,2301.426160153808,2398.90185546875,1972,0.0,0.0
2021-02-03 00:00:00-03:00,2400.901273067045,2449.389181350931,2400.901273067045,2429.89404296875,3932,0.0,0.0
2021-02-04 00:00:00-03:00,2429.394465544349,2489.3795140763077,2399.901816682802,2488.879638671875,2298,0.0,0.0
2021-02-05 00:00:00-03:00,2489.3793044317335,2534.3680870419457,2409.3992464580233,2519.371826171875,2449,0.0,0.0
2021-02-08 00:00:00-03:00,2467.8850396603953,2607.3502869897957,2467.8850396603953,2547.365234375,3252,0.0,0.0
2021-02-09 00:00:00-03:00,2572.3588550308814,2572.3588550308814,2505.8754256256916,2541.866455078125,3415,0.0,0.0
2021-02-10 00:00:00-03:00,2629.344418774319,2629.344418774319,2548.3646096789885,2569.359375,5052,0.0,0.0
2021-02-11 00:00:00-03:00,2569.35944486661,2644.3407516234174,2459.386861623292,2487.3798828125,921,0.0,0.0
2021-02-12 00:00:00-03:00,2479.3819941382462,2519.3720263017663,2437.39246036655,2462.38623046875,409,0.0,0.0
2021-02-17 00:00:00-03:00,2439.3922964091457,2499.377352878223,2287.9300288247255,2481.3818359375,3144,0.0,0.0
2021-02-18 00:00:00-03:00,2482.381127398947,2498.377139496564,2355.4127813741115,2391.40380859375,343,0.0,0.0
2021-02-19 00:00:00-03:00,2391.4037329708412,2421.3962547054252,2305.4251706650334,2352.913330078125,535,0.0,0.0
2021-02-22 00:00:00-03:00,2349.4142574752454,2384.405533650409,2286.4299603599516,2315.922607421875,1057,0.0,0.0
2021-02-23 00:00:00-03:00,2316.4226701510265,2403.900867664283,2284.4306436318925,2377.407470703125,1600,0.0,0.0
2021-02-24 00:00:00-03:00,2472.384040552513,2472.384040552513,2376.407951634987,2424.39599609375,177,0.0,0.0
2021-02-25 00:00:00-03:00,2399.4019543912073,2523.870930775251,2399.4019543912073,2467.385009765625,2062,0.0,0.0
2021-02-26 00:00:00-03:00,2467.385008216953,2467.385008216953,2382.406189052269,2442.89111328125,1270,0.0,0.0
2021-03-01 00:00:00-03:00,2354.4130418157006,2554.363193986885,2354.4130418157006,2489.37939453125,478,0.0,0.0
2021-03-02 00:00:00-03:00,2479.3821497266654,2499.377167063171,2399.402080380644,2468.884765625,386,0.0,0.0
2021-03-03 00:00:00-03:00,2399.901888398201,2499.3770968529484,2399.4020129788305,2479.382080078125,3338,0.0,0.0
2021-03-04 00:00:00-03:00,2469.384487618077,2535.3680407285196,2304.4256048419707,2414.398193359375,2755,0.0,0.0
2021-03-05 00:00:00-03:00,2414.398009915091,2535.867723457403,2400.4014997126847,2521.371337890625,7058,0.0,0.0
2021-03-08 00:00:00-03:00,2548.864710804987,2649.3396680263645,2449.8893798107947,2541.866455078125,6414,0.0,0.0
2021-03-09 00:00:00-03:00,2541.3665079049824,2621.3465710963274,2449.3894352349357,2575.85791015625,1254,0.0,0.0
2021-03-10 00:00:00-03:00,2549.364789218305,2770.3097376172245,2514.3735077976617,2631.84423828125,5955,0.0,0.0
2021-03-11 00:00:00-03:00,2639.342191889045,2687.330231741573,2589.354650375995,2669.334716796875,979,0.0,0.0
2021-03-12 00:00:00-03:00,2669.3348709100796,2747.315440172621,2541.366757248473,2700.3271484375,1721,0.0,0.0
2021-03-15 00:00:00-03:00,2700.3269848084688,2778.3075493456995,2659.837076298753,2716.322998046875,8346,0.0,0.0
2021-03-16 00:00:00-03:00,2699.327423359875,2749.3149682369094,2654.3386329705436,2656.338134765625,3738,0.0,0.0
2021-03-17 00:00:00-03:00,2657.3374706754603,2699.327001814802,2639.3419573300284,2646.840087890625,416,0.0,0.0
2021-03-18 00:00:00-03:00,2599.3519691490906,2691.3290388266737,2540.3666744645534,2583.35595703125,2730,0.0,0.0
2021-03-19 00:00:00-03:00,2583.3560381610578,2697.327628079928,2579.35703500601,2599.35205078125,2164,0.0,0.0
2021-03-22 00:00:00-03:00,2600.3518858862703,2608.849767866291,2563.8609809132413,2591.85400390625,301,0.0,0.0
2021-03-23 00:00:00-03:00,2599.3521649172385,2693.328743187323,2390.404240891199,2476.3828125,7931,0.0,0.0
2021-03-25 00:00:00-03:00,2474.383537046371,2474.383537046371,2304.425879956317,2324.4208984375,3254,0.0,0.0
2021-03-26 00:00:00-03:00,2329.4197157212902,2414.3985465523247,2248.43988869407,2287.43017578125,2424,0.0,0.0
2021-03-29 00:00:00-03:00,2199.4516710069447,2254.437962782118,2164.4603944227433,2249.439208984375,887,0.0,0.0
2021-03-30 00:00:00-03:00,2249.439454347231,2399.4020846370463,2249.439454347231,2396.40283203125,592,0.0,0.0
2021-03-31 00:00:00-03:00,2349.4142076674984,2399.4017440008492,2309.924053964151,2353.9130859375,572,0.0,0.0
2021-04-05 00:00:00-03:00,2374.4081175172482,2419.396902901786,2271.9336619191354,2309.42431640625,879,0.0,0.0
2021-04-06 00:00:00-03:00,2374.408399903929,2464.3859813739728,2341.4166200315794,2463.38623046875,1163,0.0,0.0
2021-04-07 00:00:00-03:00,2509.374968835251,2564.3612729332344,2424.3961352292763,2427.895263671875,607,0.0,0.0
2021-04-08 00:00:00-03:00,2438.892234976685,2499.3771623044527,2438.892234976685,2492.37890625,2143,0.0,0.0
2021-04-09 00:00:00-03:00,2507.3747619002716,2549.3642914057787,2461.386229584716,2484.88037109375,1350,0.0,0.0
2021-04-12 00:00:00-03:00,2499.377023822842,2519.372040013425,2379.406926679346,2513.37353515625,3728,0.0,0.0
2021-04-13 00:00:00-03:00,2513.3734461893328,2513.3734461893328,2449.389396644338,2471.8837890625,2283,0.0,0.0
2021-04-14 00:00:00-03:00,2460.3870249965735,2648.3401987874536,2460.3870249965735,2621.346923828125,4073,0.0,0.0
2021-04-15 00:00:00-03:00,2660.336867404514,2719.322164351852,2559.362037037037,2699.3271484375,1044,0.0,0.0
2021-04-16 00:00:00-03:00,2689.329849032601,2749.3149014273804,2679.332340300138,2716.822998046875,977,0.0,0.0
2021-04-19 00:00:00-03:00,2716.822983295041,2749.3148864991217,2617.347771947164,2738.317626953125,1084,0.0,0.0
2021-04-20 00:00:00-03:00,2684.330587564188,2718.3221108331572,2634.3430533451155,2664.83544921875,3422,0.0,0.0
2021-04-21 00:00:00-03:00,2691.329370419474,2749.3149214909186,2690.3296195389316,2745.31591796875,440,0.0,0.0
2021-04-22 00:00:00-03:00,2699.327166842578,2739.3171989439497,2656.337882333604,2678.832275390625,337,0.0,0.0
2021-04-23 00:00:00-03:00,2639.3419788386736,2745.315558292045,2639.3419788386736,2698.8271484375,377,0.0,0.0
2021-04-26 00:00:00-03:00,2699.3271724584147,2834.2935310813355,2679.3321563661298,2824.7958984375,1051,0.0,0.0
2021-04-27 00:00:00-03:00,2899.2773940882735,2962.761571510551,2849.2898528108894,2909.27490234375,1102,0.0,0.0
2021-04-28 00:00:00-03:00,2919.272376302083,3023.2464609374997,2909.2748681640624,2999.25244140625,1476,0.0,0.0
2021-04-29 00:00:00-03:00,3009.2503259035416,3009.2503259035416,2919.272741408087,2976.258544921875,373,0.0,0.0
2021-04-30 00:00:00-03:00,2977.257964864376,3009.249991350494,2930.26967596289,2934.7685546875,381,0.0,0.0
2021-05-03 00:00:00-03:00,2934.2683946406614,3019.247206751209,2921.2716351414015,2998.25244140625,636,0.0,0.0
2021-05-04 00:00:00-03:00,3039.2424342943277,3039.2424342943277,2887.2803125796113,2943.266357421875,1741,0.0,0.0
2021-05-05 00:00:00-03:00,2959.2627298723455,2976.258495550667,2900.2774254593496,2966.260986328125,534,0.0,0.0
2021-05-06 00:00:00-03:00,3038.2426698537083,3039.2424206499745,2954.263602967327,2964.760986328125,919,0.0,0.0
2021-05-07 00:00:00-03:00,2969.2597406848563,3199.202414205906,2969.2597406848563,3131.71923828125,3211,0.0,0.0
2021-05-10 00:00:00-03:00,3228.195561629257,3232.194565112229,3132.2194780379255,3229.1953125,1280,0.0,0.0
2021-05-11 00:00:00-03:00,3199.2027185328807,3199.2027185328807,2999.252548624576,3093.72900390625,2030,0.0,0.0
2021-05-12 00:00:00-03:00,3083.231293255863,3198.7025041414186,3076.233038050678,3101.226806640625,2431,0.0,0.0
2021-05-13 00:00:00-03:00,3129.2197892201857,3129.2197892201857,2982.256431707289,3046.240478515625,3070,0.0,0.0
2021-05-14 00:00:00-03:00,3104.2261652310985,3249.1900280196683,3104.2261652310985,3218.19775390625,644,0.0,0.0
2021-05-17 00:00:00-03:00,3235.1933917291985,3429.145035114694,3235.1933917291985,3289.179931640625,6724,0.0,0.0
2021-05-18 00:00:00-03:00,3299.1774240388118,3493.129066542912,3299.1774240388118,3429.14501953125,2715,0.0,0.0
2021-05-19 00:00:00-03:00,3429.1450989763475,3519.122667171062,3413.1490868528426,3468.63525390625,2343,0.0,0.0
2021-05-20 00:00:00-03:00,3499.127590044288,3499.127590044288,3417.1480293632503,3456.63818359375,843,0.0,0.0
2021-05-21 00:00:00-03:00,3468.63567752438,3579.108149744136,3389.1554825789444,3431.14501953125,940,0.0,0.0
2021-05-26 00:00:00-03:00,3493.1295041025974,3504.126763560276,3459.137974869773,3490.630126953125,544,0.0,0.0
2021-05-27 00:00:00-03:00,3447.140616318158,3448.1403670769514,3359.1625495443773,3373.658935546875,1471,0.0,0.0
2021-05-28 00:00:00-03:00,3419.148048228009,3488.130859727346,3375.1590090110403,3463.636962890625,2474,0.0,0.0
2021-05-31 00:00:00-03:00,3411.1496076766307,3469.135152004076,3411.1496076766307,3449.14013671875,500,0.0,0.0
2021-06-01 00:00:00-03:00,3550.6149173204494,3699.077909076633,3539.117783278725,3680.58251953125,1471,0.0,0.0
2021-06-02 00:00:00-03:00,3649.090546185143,3771.0601480028386,3600.102755291151,3764.561767578125,1185,0.0,0.0
2021-06-03 00:00:00-03:00,3765.0614217665507,3847.540860772324,3699.0778705619327,3745.06640625,1187,0.0,0.0
2021-06-04 00:00:00-03:00,3745.066770160759,3799.0533173013573,3742.067517541837,3793.5546875,1441,0.0,0.0
2021-06-07 00:00:00-03:00,3882.532170736413,3882.532170736413,3799.0529802493547,3871.534912109375,1046,0.0,0.0
2021-06-08 00:00:00-03:00,3789.0558134861444,3819.048339714267,3730.5703873413054,3770.060546875,3177,0.0,0.0
2021-06-09 00:00:00-03:00,3776.0587227588444,3849.0405302148665,3774.559096578241,3825.54638671875,2169,0.0,0.0
2021-06-10 00:00:00-03:00,3892.529480826724,3892.529480826724,3735.0687403027205,3785.55615234375,1291,0.0,0.0
2021-06-11 00:00:00-03:00,3849.040631753299,3849.040631753299,3699.0780097369366,3845.54150390625,758,0.0,0.0
2021-06-14 00:00:00-03:00,3846.04136088045,3887.031144035142,3629.09543540318,3648.590576171875,1059,0.0,0.0
2021-06-15 00:00:00-03:00,3639.0928242722603,3664.0865936697346,3554.114008320848,3649.09033203125,1276,0.0,0.0
2021-06-16 00:00:00-03:00,3699.0781594747114,3744.066947900755,3654.589246475624,3681.58251953125,2366,0.0,0.0
2021-06-17 00:00:00-03:00,3689.0803266798503,3689.0803266798503,3539.1177117741654,3594.10400390625,3168,0.0,0.0
2021-06-18 00:00:00-03:00,3594.104397561961,3637.5935606478984,3552.1148607893315,3624.096923828125,1198,0.0,0.0
2021-06-22 00:00:00-03:00,3599.1028027447974,3759.0629273112327,3544.1165099250848,3747.06591796875,422,0.0,0.0
2021-06-23 00:00:00-03:00,3749.0652404131984,3837.0433047215615,3749.0652404131984,3783.556640625,253,0.0,0.0
2021-06-24 00:00:00-03:00,3785.0564998959826,3889.0305823020003,3784.056749103617,3829.54541015625,705,0.0,0.0
2021-06-25 00:00:00-03:00,3598.603092693296,3598.603092693296,3459.1378526792064,3514.6240234375,10372,0.0,0.0
2021-06-28 00:00:00-03:00,3488.1306887945457,3488.1306887945457,3299.1777795993125,3454.13916015625,3441,0.0,0.0
2021-06-29 00:00:00-03:00,3399.153091022627,3447.1411346605937,3389.155581931384,3402.15234375,2435,0.0,0.0
2021-06-30 00:00:00-03:00,3340.1673231273976,3514.6238325215104,3327.1705631152286,3453.13916015625,1114,0.0,0.0
2021-07-01 00:00:00-03:00,3449.140314737231,3527.1208783747684,3399.152773943938,3508.62548828125,1060,0.0,0.0
2021-07-02 00:00:00-03:00,3431.144823379298,3529.120404000269,3431.144823379298,3489.13037109375,1302,0.0,0.0
2021-07-05 00:00:00-03:00,3439.1428716168593,3549.115463441817,3439.1428716168593,3546.1162109375,359,0.0,0.0
2021-07-06 00:00:00-03:00,3448.6408558348894,3549.1158249641567,3399.1531844727133,3421.147705078125,355,0.0,0.0
2021-07-07 00:00:00-03:00,3399.152828728581,3399.152828728581,3209.200170652572,3325.671142578125,2434,0.0,0.0
2021-07-08 00:00:00-03:00,3289.1800798823883,3289.1800798823883,3149.214970100159,3222.19677734375,1061,0.0,0.0
2021-07-12 00:00:00-03:00,3334.168758395246,3334.168758395246,3250.189695215276,3273.683837890625,650,0.0,0.0
2021-07-13 00:00:00-03:00,3289.18046948982,3324.1717510801373,3199.2028882575755,3299.177978515625,730,0.0,0.0
2021-07-14 00:00:00-03:00,3299.1778431992648,3319.1728604307755,3225.1962794426754,3247.690673828125,529,0.0,0.0
2021-07-15 00:00:00-03:00,3252.1896763160203,3299.177968596024,3249.1904236172963,3297.178466796875,43317,0.0,0.0
2021-07-16 00:00:00-03:00,3342.167012394832,3447.140849158654,3219.1976607572115,3249.190185546875,712,0.0,0.0
2021-07-19 00:00:00-03:00,3114.7235040112078,3209.199951171875,3114.7235040112078,3209.199951171875,1342,0.0,0.0
2021-07-20 00:00:00-03:00,3180.707155704426,3301.677001953125,3180.707155704426,3301.677001953125,388,0.0,0.0
2021-07-21 00:00:00-03:00,3329.1702515779057,3373.6591633482412,3309.1752350519123,3346.166015625,748,0.0,0.0
2021-07-22 00:00:00-03:00,3369.160303769211,3369.160303769211,3299.1777455306815,3325.671142578125,1172,0.0,0.0
2021-07-23 00:00:00-03:00,3329.170218522175,3329.170218522175,3249.6900286205196,3291.1796875,469,0.0,0.0
2021-07-26 00:00:00-03:00,3254.1889956503624,3449.1404101363287,3254.1889956503624,3430.64501953125,1052,0.0,0.0
2021-07-27 00:00:00-03:00,3379.1575898970996,3379.1575898970996,3289.1800209353423,3330.669677734375,621,0.0,0.0
2021-07-28 00:00:00-03:00,3398.153066110148,3404.151571081216,3299.6776095017776,3396.153564453125,2587,0.0,0.0
2021-07-29 00:00:00-03:00,3399.152976668451,3529.120590482245,3399.152976668451,3501.62744140625,827,0.0,0.0
2021-07-30 00:00:00-03:00,3538.1179367700756,3539.1176875292645,3399.1525812427963,3469.635009765625,1176,0.0,0.0
2021-08-02 00:00:00-03:00,3469.135141170726,3469.135141170726,3381.1570741900277,3399.152587890625,435,0.0,0.0
2021-08-03 00:00:00-03:00,3339.1677585584516,3441.1423428018534,3339.1677585584516,3418.64794921875,619,0.0,0.0
2021-08-04 00:00:00-03:00,3424.1464189223416,3424.1464189223416,3309.1750793088904,3315.173583984375,891,0.0,0.0
2021-08-05 00:00:00-03:00,3315.173286409744,3449.139878803865,3315.173286409744,3375.658203125,912,0.0,0.0
2021-08-06 00:00:00-03:00,3379.157914724963,3474.1342466477063,3363.661776358621,3419.14794921875,1987,0.0,0.0
2021-08-09 00:00:00-03:00,3425.1467088245636,3489.1307687675794,3388.1559241700074,3421.147705078125,1014,0.0,0.0
2021-08-10 00:00:00-03:00,3349.165278583786,3569.110461057945,3349.165278583786,3566.611083984375,1098,0.0,0.0
2021-08-11 00:00:00-03:00,3564.111986273107,3564.111986273107,3499.1281772667253,3549.11572265625,713,0.0,0.0
2021-08-12 00:00:00-03:00,3544.116726149516,3628.0957966704073,3544.116726149516,3598.103271484375,1545,0.0,0.0
2021-08-13 00:00:00-03:00,3547.115781620204,3547.115781620204,3230.6946584852562,3270.184814453125,7099,0.0,0.0
2021-08-17 00:00:00-03:00,3224.196477286923,3276.683396684617,3149.2151638616456,3188.705322265625,1425,0.0,0.0
2021-08-18 00:00:00-03:00,3188.705221358788,3236.1933850253636,3161.212073972876,3168.710205078125,280,0.0,0.0
2021-08-19 00:00:00-03:00,3154.213752716369,3178.2077717544653,3100.2272098806534,3155.71337890625,1443,0.0,0.0
2021-08-20 00:00:00-03:00,3199.202556999362,3199.202556999362,3100.2272278921946,3135.218505859375,1518,0.0,0.0
2021-08-23 00:00:00-03:00,3164.211250482941,3239.1925597360914,3150.214739422353,3153.7138671875,1142,0.0,0.0
2021-08-24 00:00:00-03:00,3213.1987536990327,3298.6774386527563,3213.1987536990327,3288.679931640625,1291,0.0,0.0
2021-08-25 00:00:00-03:00,3220.197361548153,3255.688515331127,3209.200102629485,3239.192626953125,221,0.0,0.0
2021-08-26 00:00:00-03:00,3249.1901667725692,3279.1826913889313,3249.1901667725692,3269.68505859375,397,0.0,0.0
2021-08-27 00:00:00-03:00,3291.1793433499624,3354.6635135512756,3238.192555622882,3319.17236328125,2502,0.0,0.0
2021-08-30 00:00:00-03:00,3254.188801909178,3339.1676185488955,3254.188801909178,3270.184814453125,755,0.0,0.0
2021-08-31 00:00:00-03:00,3310.17523844401,3310.17523844401,3261.1874442175663,3299.177978515625,1431,0.0,0.0
2021-09-01 00:00:00-03:00,3275.683900914857,3319.173066087998,3275.683900914857,3313.174560546875,2362,0.0,0.0
2021-09-02 00:00:00-03:00,3305.676198896317,3324.17158969613,3261.6871613183835,3267.185791015625,551,0.0,0.0
2021-09-03 00:00:00-03:00,3261.1870527877195,3299.1775825258965,3208.7001367020803,3221.197021484375,488,0.0,0.0
2021-09-06 00:00:00-03:00,3187.205629376346,3267.185695358187,3149.215098034972,3248.1904296875,408,0.0,0.0
2021-09-07 00:00:00-03:00,3270.6847192933506,3350.164907336701,3270.6847192933506,3324.17138671875,674,0.0,0.0
2021-09-08 00:00:00-03:00,3306.176390932073,3309.1756437814215,3226.1963149494404,3281.1826171875,3067,0.0,0.0
2021-09-09 00:00:00-03:00,3228.19501421723,3319.1723280276256,3228.19501421723,3288.679931640625,705,0.0,0.0
2021-09-10 00:00:00-03:00,3399.1528219724837,3448.1406126420875,3362.661916677779,3397.1533203125,1097,0.0,0.0
2021-09-13 00:00:00-03:00,3449.1403940561654,3462.1371549613045,3339.6676772013393,3403.15185546875,2470,0.0,0.0
2021-09-14 00:00:00-03:00,3418.1483705621768,3499.128194491845,3378.158334053698,3478.63330078125,1466,0.0,0.0
2021-09-15 00:00:00-03:00,3549.115677092401,3590.1054637855805,3481.6324916828976,3589.105712890625,4222,0.0,0.0
2021-09-16 00:00:00-03:00,3619.09820324985,3774.059590405576,3601.1026873220885,3753.564697265625,3501,0.0,0.0
2021-09-17 00:00:00-03:00,3774.559522403539,3774.559522403539,3673.5846815181576,3691.080322265625,2957,0.0,0.0
2021-09-20 00:00:00-03:00,3498.128344441232,3499.128095325611,3279.182900762287,3336.168701171875,3547,0.0,0.0
2021-09-21 00:00:00-03:00,3298.1780941764314,3402.652059269319,3194.20400451461,3370.16015625,1041,0.0,0.0
2021-09-22 00:00:00-03:00,3399.152638582634,3473.1341960106092,3388.1553800460433,3457.13818359375,256,0.0,0.0
2021-09-23 00:00:00-03:00,3458.637975993794,3589.1054585395927,3458.637975993794,3490.130126953125,807,0.0,0.0
2021-09-24 00:00:00-03:00,3612.099784637573,3612.099784637573,3499.127939726406,3501.12744140625,314,0.0,0.0
2021-09-27 00:00:00-03:00,3537.117987852144,3559.112503322112,3499.1274611312897,3526.62060546875,404,0.0,0.0
2021-09-28 00:00:00-03:00,3521.6223235212055,3539.117963169643,3405.1513510044647,3499.1279296875,579,0.0,0.0
2021-09-29 00:00:00-03:00,3424.1466199536726,3476.133663526692,3424.1466199536726,3451.139892578125,1064,0.0,0.0
2021-09-30 00:00:00-03:00,3419.1479153690966,3498.1282327124177,3419.1479153690966,3461.137451171875,323,0.0,0.0
2021-10-01 00:00:00-03:00,3460.1377950459373,3523.122100474395,3368.6605895427,3431.14501953125,1397,0.0,0.0
2021-10-04 00:00:00-03:00,3429.145874569206,3458.1386531005496,3335.6691575802206,3354.16455078125,332,0.0,0.0
2021-10-05 00:00:00-03:00,3319.1726247432784,3379.157672178398,3249.190069402306,3346.665771484375,1156,0.0,0.0
2021-10-06 00:00:00-03:00,3288.1799674985514,3342.16650390625,3220.196921651819,3342.16650390625,774,0.0,0.0
2021-10-07 00:00:00-03:00,3389.1554379459685,3398.153195745825,3336.16864201348,3397.6533203125,210,0.0,0.0
2021-10-12 00:00:00-03:00,3399.1526133443463,3427.645510250321,3364.6612118265875,3404.1513671875,313,0.0,0.0
2021-10-13 00:00:00-03:00,3404.1514501586,3404.1514501586,3309.1751248237783,3324.17138671875,278,0.0,0.0
2021-10-14 00:00:00-03:00,3324.1718146506323,3351.165089536517,3250.1902464448735,3336.668701171875,841,0.0,0.0
2021-10-15 00:00:00-03:00,3339.1680532049095,3489.13069032489,3339.1680532049095,3479.633056640625,1509,0.0,0.0
2021-10-18 00:00:00-03:00,3744.066701104257,3945.016609494632,3710.575049705861,3754.064208984375,5177,0.0,0.0
2021-10-19 00:00:00-03:00,3754.0644726719397,3759.063226963114,3687.0811651702033,3733.569580078125,637,0.0,0.0
2021-10-20 00:00:00-03:00,3732.5698197349325,3760.0629682665276,3703.0771694919486,3756.06396484375,946,0.0,0.0
2021-10-21 00:00:00-03:00,3756.063547300767,3756.063547300767,3620.597321413289,3650.58984375,1083,0.0,0.0
2021-10-22 00:00:00-03:00,3599.1029360206594,3658.088234138776,3592.604555719511,3653.58935546875,1430,0.0,0.0
2021-10-25 00:00:00-03:00,3617.0984943386748,3675.084042340787,3617.0984943386748,3638.09326171875,623,0.0,0.0
2021-10-26 00:00:00-03:00,3647.090930451128,3790.055295323527,3647.090930451128,3789.555419921875,2988,0.0,0.0
2021-10-27 00:00:00-03:00,3771.5598805676054,3821.0475450044764,3657.088414344944,3664.086669921875,794,0.0,0.0
2021-10-28 00:00:00-03:00,3528.1207773874967,3664.0868940564396,3482.632113354872,3660.087890625,4768,0.0,0.0
2021-10-29 00:00:00-03:00,3611.0999943659854,3641.0925192361346,3602.1022369049406,3639.093017578125,519,0.0,0.0
2021-11-01 00:00:00-03:00,3667.0860085650143,3779.0581004295946,3609.1004609922848,3778.058349609375,1090,0.0,0.0
2021-11-02 00:00:00-03:00,3789.0557134661385,3789.0557134661385,3664.5867329050475,3774.559326171875,598,0.0,0.0
2021-11-03 00:00:00-03:00,3778.0584498619087,3865.0367735290124,3774.059446474915,3798.053466796875,3074,0.0,0.0
2021-11-04 00:00:00-03:00,3819.048384382704,3852.5400390625,3749.06582236522,3852.5400390625,655,0.0,0.0
2021-11-05 00:00:00-03:00,3929.020756983751,3953.5146522881028,3869.0357072588085,3930.0205078125,6964,0.0,0.0
2021-11-08 00:00:00-03:00,3979.008089914101,4010.000363981271,3913.5244140625,3913.5244140625,433,0.0,0.0
2021-11-09 00:00:00-03:00,3914.0242443873585,4013.9993208723486,3899.0279829146098,4000.502685546875,2792,0.0,0.0
2021-11-10 00:00:00-03:00,4013.999456049322,4098.978273923342,3934.019392167891,4003.002197265625,655,0.0,0.0
2021-11-11 00:00:00-03:00,4148.965810941388,4448.891050286548,4082.4823828865433,4219.4482421875,6468,0.0,0.0
2021-11-12 00:00:00-03:00,4223.947734352653,4398.904149385012,3930.520832569812,4368.91162109375,3827,0.0,0.0
2021-11-15 00:00:00-03:00,4367.411288688216,4444.891974249241,4237.943562492696,4277.93359375,1459,0.0,0.0
2021-11-16 00:00:00-03:00,4217.9485117594395,4226.446393330892,4113.974431355794,4222.947265625,10071,0.0,0.0
2021-11-17 00:00:00-03:00,4020.498216921214,4148.966206694775,3949.016028058882,3981.008056640625,548,0.0,0.0
2021-11-18 00:00:00-03:00,3979.508340381671,4210.450791487855,3900.0281461698028,3938.5185546875,845,0.0,0.0
2021-11-19 00:00:00-03:00,3889.0309519373686,3889.0309519373686,3753.064831252669,3804.552001953125,1315,0.0,0.0
2021-11-23 00:00:00-03:00,3744.0669496208075,3789.055738067519,3498.6281148726343,3535.618896484375,1942,0.0,0.0
2021-11-24 00:00:00-03:00,3552.114395908803,3699.077755379277,3461.1370781413666,3579.107666015625,1453,0.0,0.0
2021-11-25 00:00:00-03:00,3559.112946336562,3649.0905208225986,3559.112946336562,3638.09326171875,36,0.0,0.0
2021-11-26 00:00:00-03:00,3628.095787667411,3628.095787667411,3270.1849880022323,3499.1279296875,1639,0.0,0.0
2021-11-29 00:00:00-03:00,3378.158023109804,3389.1552821373884,3148.715209761565,3366.660888671875,1388,0.0,0.0
2021-11-30 00:00:00-03:00,3268.185758197681,3352.1648354961226,3197.2034428620937,3335.6689453125,692,0.0,0.0
2021-12-01 00:00:00-03:00,3339.167638927962,3539.1177969476007,3339.167638927962,3442.641845703125,402,0.0,0.0
2021-12-02 00:00:00-03:00,3442.6418947543684,3500.62744140625,3399.1527347654574,3500.62744140625,1803,0.0,0.0
2021-12-03 00:00:00-03:00,3561.112371827055,3586.6060173861765,3349.165200904165,3453.63916015625,17771,0.0,0.0
2021-12-06 00:00:00-03:00,3479.1326021934196,3519.122632103689,3454.1388334995013,3509.625,401,0.0,0.0
2021-12-07 00:00:00-03:00,3584.1070244080174,3599.1032881084693,3497.128694945396,3553.11474609375,430,0.0,0.0
2021-12-09 00:00:00-03:00,3629.095988772109,3629.095988772109,3270.1853937392752,3313.674560546875,4959,0.0,0.0
2021-12-10 00:00:00-03:00,3399.152650063082,3399.152650063082,3208.2002511918913,3219.197509765625,589,0.0,0.0
2021-12-13 00:00:00-03:00,3219.197623708593,3219.197623708593,3019.2474607453264,3048.240234375,905,0.0,0.0
2021-12-14 00:00:00-03:00,3045.240786925466,3045.240786925466,2904.775806438589,2962.261474609375,1242,0.0,0.0
2021-12-15 00:00:00-03:00,2962.2617617072947,2962.2617617072947,2849.7897913421007,2897.77783203125,562,0.0,0.0
2021-12-16 00:00:00-03:00,2869.2848619932574,3049.2400101322073,2869.2848619932574,2956.26318359375,244,0.0,0.0
2021-12-17 00:00:00-03:00,2879.2825303893233,2969.26010946399,2849.789879470405,2940.267333984375,358,0.0,0.0
2021-12-20 00:00:00-03:00,2949.26484717775,3059.237434699632,2809.2997357862637,2819.797119140625,884,0.0,0.0
2021-12-21 00:00:00-03:00,2940.266959138108,3010.24951171875,2794.3033494699125,3010.24951171875,378,0.0,0.0
2021-12-22 00:00:00-03:00,3009.250114584199,3019.247623270525,2987.255595474281,3007.75048828125,306,0.0,0.0
2021-12-23 00:00:00-03:00,3009.2498578711857,3031.2443751047954,2959.2623187038903,2981.2568359375,238,0.0,0.0
2021-12-27 00:00:00-03:00,2974.2586710611977,3023.746336344401,2915.773248453776,2999.25244140625,586,0.0,0.0
2021-12-28 00:00:00-03:00,2999.2524791138335,3064.7361582411518,2993.2539741556056,3055.238525390625,1288,0.0,0.0
2021-12-29 00:00:00-03:00,3192.20445592526,3290.679914399622,3025.2460644001994,3043.741455078125,546,0.0,0.0
2021-12-30 00:00:00-03:00,3013.7490233578064,3099.2277234729477,3013.7490233578064,3062.73681640625,255,0.0,0.0
2022-01-03 00:00:00-03:00,3172.2093933095875,3274.1839782820357,3149.2151241491333,3180.707275390625,949,0.0,0.0
2022-01-04 00:00:00-03:00,3299.177199590774,3299.177199590774,3149.214599609375,3149.214599609375,682,0.0,0.0
2022-01-05 00:00:00-03:00,3149.215151395412,3163.2116631793915,3099.2276093097703,3113.22412109375,326,0.0,0.0
2022-01-06 00:00:00-03:00,3000.7520427339396,3185.7059417530227,2899.2773359748207,3139.217529296875,2163,0.0,0.0
2022-01-07 00:00:00-03:00,3139.2177289087067,3229.1953071258354,3139.2177289087067,3179.207763671875,487,0.0,0.0
2022-01-10 00:00:00-03:00,3149.2151141897803,3179.2076390868256,3079.232556096674,3178.707763671875,369,0.0,0.0
2022-01-11 00:00:00-03:00,3199.2026769014965,3248.6903433098164,3189.205168536179,3207.20068359375,877,0.0,0.0
2022-01-12 00:00:00-03:00,3208.200266365527,3295.178584587341,3132.2192067694596,3222.19677734375,1314,0.0,0.0
2022-01-13 00:00:00-03:00,3199.2023567178203,3294.6785520511175,3157.712701154136,3192.2041015625,728,0.0,0.0
2022-01-14 00:00:00-03:00,3219.1979006326965,3219.1979006326965,3039.242738485527,3125.72119140625,209,0.0,0.0
2022-01-17 00:00:00-03:00,3126.2206726172,3149.214940436258,3049.239862962091,3120.22216796875,39,0.0,0.0
2022-01-18 00:00:00-03:00,3099.2275390625,3149.215080015121,3065.2360112147176,3099.2275390625,752,0.0,0.0
2022-01-19 00:00:00-03:00,3116.723097969344,3155.71337890625,3052.7390472010884,3155.71337890625,717,0.0,0.0
2022-01-20 00:00:00-03:00,3155.713126789335,3349.164889828694,3000.251890858481,3320.172119140625,1054,0.0,0.0
2022-01-21 00:00:00-03:00,3238.69251931605,3399.1525129416796,3190.2046084696763,3289.179931640625,1116,0.0,0.0
2022-01-24 00:00:00-03:00,3289.180473122668,3349.16552734375,3184.706503687617,3349.16552734375,821,0.0,0.0
2022-01-25 00:00:00-03:00,3383.6560274327626,3420.1469256455844,3264.1858264346192,3411.149169921875,325,0.0,0.0
2022-01-26 00:00:00-03:00,3399.1528508595757,3529.12045986303,3389.155342474695,3500.127685546875,1615,0.0,0.0
2022-01-27 00:00:00-03:00,3504.1266090652916,3645.091474080472,3504.1266090652916,3581.107421875,1509,0.0,0.0
2022-01-28 00:00:00-03:00,3694.0791601312385,3694.0791601312385,3393.6540484615666,3513.124267578125,1340,0.0,0.0
2022-01-31 00:00:00-03:00,3513.1245180459277,3599.1030919081786,3513.1245180459277,3587.60595703125,164,0.0,0.0
2022-02-01 00:00:00-03:00,3587.605766906111,3758.563154711864,3576.1086326384725,3646.591064453125,654,0.0,0.0
2022-02-02 00:00:00-03:00,3769.0604498956714,3769.0604498956714,3502.1269909773305,3533.619140625,326,0.0,0.0
2022-02-03 00:00:00-03:00,3535.118806286023,3535.118806286023,3410.649832478724,3469.13525390625,265,0.0,0.0
2022-02-04 00:00:00-03:00,3490.1299180536685,3490.1299180536685,3409.150106148098,3449.14013671875,51,0.0,0.0
2022-02-07 00:00:00-03:00,3649.0899537170235,3649.0899537170235,3430.644431830128,3529.119873046875,371,0.0,0.0
2022-02-08 00:00:00-03:00,3449.1404309575955,3558.613148983641,3436.1436699134074,3459.137939453125,8969,0.0,0.0
2022-02-09 00:00:00-03:00,3479.1329870810055,3557.1135540328214,3466.1362259223697,3489.63037109375,523,0.0,0.0
2022-02-10 00:00:00-03:00,3429.1453145431333,3539.1179048054496,3429.1453145431333,3536.11865234375,3221,0.0,0.0
2022-02-11 00:00:00-03:00,3539.11795705767,3573.109485458789,3470.1351494201053,3473.63427734375,766,0.0,0.0
2022-02-14 00:00:00-03:00,3473.6342219037033,3779.0580972214702,3426.1460579835925,3462.636962890625,6210,0.0,0.0
2022-02-15 00:00:00-03:00,3424.1462794020604,3552.6142493007947,3424.1462794020604,3527.12060546875,1434,0.0,0.0
2022-02-16 00:00:00-03:00,3527.1210839830187,3649.09069062869,3524.121831360584,3598.603271484375,10094,0.0,0.0
2022-02-17 00:00:00-03:00,3739.0677145727545,3739.0677145727545,3491.6294099319102,3494.628662109375,496,0.0,0.0
2022-02-18 00:00:00-03:00,3539.1178644401853,3638.093194547411,3429.1452754321567,3455.638671875,486,0.0,0.0
2022-02-21 00:00:00-03:00,3577.6084151251466,3578.108290549923,3250.190011896563,3459.137939453125,180,0.0,0.0
2022-02-22 00:00:00-03:00,3459.13818179091,3578.6084166822434,3364.1618444295987,3384.65673828125,762,0.0,0.0
2022-02-23 00:00:00-03:00,3399.1527428032805,3448.1405323319163,3341.1671960142835,3405.651123046875,12430,0.0,0.0
2022-02-24 00:00:00-03:00,3649.0906162168108,3729.070684517453,3252.1895272748725,3657.088623046875,4523,0.0,0.0
2022-02-25 00:00:00-03:00,3679.083134240144,3769.060710892756,3679.083134240144,3753.064697265625,3082,0.0,0.0
2022-03-02 00:00:00-03:00,3759.0631028907887,4260.4381417471,3759.0631028907887,4048.490966796875,3377,0.0,0.0
2022-03-03 00:00:00-03:00,4038.993514358703,4282.932726612051,4038.4936389237578,4255.939453125,1217,0.0,0.0
2022-03-04 00:00:00-03:00,4255.939386389522,4448.891301252847,4148.9660449886105,4169.4609375,2672,0.0,0.0
2022-03-07 00:00:00-03:00,4248.941445697804,4604.85277620802,4226.946925273015,4256.939453125,3149,0.0,0.0
2022-03-08 00:00:00-03:00,4298.928623129232,4298.928623129232,4087.9811953431226,4208.451171875,5163,0.0,0.0
2022-03-09 00:00:00-03:00,4017.9987357779423,4231.945421385427,4017.9987357779423,4155.96435546875,6687,0.0,0.0
2022-03-10 00:00:00-03:00,4228.44590711534,4418.898429944391,4151.964972750918,4393.40478515625,1104,0.0,0.0
2022-03-11 00:00:00-03:00,4476.384661641607,4698.829237234071,4399.903717673861,4652.3408203125,11785,0.0,0.0
2022-03-14 00:00:00-03:00,4496.879548568091,4496.879548568091,3959.0135643240637,4084.982177734375,4777,0.0,0.0
2022-03-15 00:00:00-03:00,3999.003284176309,4215.949212342874,3969.510634955509,4190.45556640625,1149,0.0,0.0
2022-03-16 00:00:00-03:00,4198.9535575259515,4333.919921875,4194.954554137832,4333.919921875,20300,0.0,0.0
2022-03-17 00:00:00-03:00,4333.919633327887,4514.8745245925575,4333.919633327887,4493.3798828125,2358,0.0,0.0
2022-03-18 00:00:00-03:00,4496.379232700268,4512.375245534777,4427.896302752526,4464.38720703125,1900,0.0,0.0
2022-03-21 00:00:00-03:00,4396.903862038504,4698.828592901538,4396.903862038504,4694.82958984375,4029,0.0,0.0
2022-03-22 00:00:00-03:00,4708.825891759582,4748.815920564334,4694.829381677919,4701.82763671875,1509,0.0,0.0
2022-03-23 00:00:00-03:00,4686.331801263564,4796.80426292535,4686.331801263564,4785.30712890625,601,0.0,0.0
2022-03-25 00:00:00-03:00,4988.756357828775,4998.7538655598955,4805.801966349283,4894.77978515625,1173,0.0,0.0
2022-03-28 00:00:00-03:00,4804.302884967874,4804.302884967874,4663.837885417778,4687.33203125,400,0.0,0.0
2022-03-29 00:00:00-03:00,4446.891865855021,4568.861471887914,4379.408682189281,4475.384765625,1529,0.0,0.0
2022-03-30 00:00:00-03:00,4568.361468635298,4663.83767396513,4567.861593214723,4596.3544921875,875,0.0,0.0
2022-03-31 00:00:00-03:00,4766.31186044256,4766.31186044256,4596.354227243769,4640.34326171875,1008,0.0,0.0
2022-04-01 00:00:00-03:00,4768.811596221515,4791.805865972688,4521.873134111092,4661.33837890625,1372,0.0,0.0
2022-04-04 00:00:00-03:00,4656.339392650851,4656.339392650851,4418.898575526949,4470.3857421875,705,0.0,0.0
2022-04-05 00:00:00-03:00,4478.884170607913,4598.854282320625,4331.9207837598415,4333.42041015625,418,0.0,0.0
2022-04-06 00:00:00-03:00,4348.9160530194795,4429.895869179152,4298.928512180175,4307.92626953125,748,0.0,0.0
2022-04-07 00:00:00-03:00,4298.9274642344235,4528.870096042311,4298.9274642344235,4524.87109375,1472,0.0,0.0
2022-04-08 00:00:00-03:00,4678.833916025981,4737.819215394685,4638.843882555673,4713.8251953125,2521,0.0,0.0
2022-04-11 00:00:00-03:00,4698.828682554805,4702.827685688893,4603.852358120186,4640.34326171875,1981,0.0,0.0
2022-04-12 00:00:00-03:00,4719.823315769096,4799.303500815408,4708.326182083151,4710.32568359375,2385,0.0,0.0
2022-04-13 00:00:00-03:00,4798.8034639316065,4943.767318571207,4798.8034639316065,4940.76806640625,1779,0.0,0.0
2022-04-18 00:00:00-03:00,4996.754011155326,5148.216242585904,4958.2636091086115,4969.7607421875,2410,0.0,0.0
2022-04-19 00:00:00-03:00,4838.793829615748,4843.292708176341,4693.330089489902,4767.8115234375,548,0.0,0.0
2022-04-20 00:00:00-03:00,4598.85395176725,5053.240717219036,4598.85395176725,5027.7470703125,756,0.0,0.0
2022-04-21 00:00:00-03:00,5027.747220605882,5082.233644054484,4873.785583705245,4959.76416015625,464,0.0,0.0
2022-04-22 00:00:00-03:00,5082.733087983404,5112.7256121060445,4899.7786908353,4924.7724609375,4345,0.0,0.0
2022-04-25 00:00:00-03:00,4898.7783203125,4899.278195651307,4670.335290477519,4898.7783203125,1262,0.0,0.0
2022-04-26 00:00:00-03:00,5098.729265204854,5098.729265204854,4766.811987548381,4907.77685546875,242,0.0,0.0
2022-04-27 00:00:00-03:00,4978.759544472587,5113.226042209848,4920.773991544994,5032.74609375,7011,0.0,0.0
2022-04-28 00:00:00-03:00,5098.729739512121,5098.729739512121,4727.822144735847,4752.81591796875,549,0.0,0.0
2022-04-29 00:00:00-03:00,4778.125565709604,4778.125565709604,4649.149169397293,4653.1484375,784,464.23053,0.0
2022-05-02 00:00:00-03:00,4778.125213249987,4788.123382769238,4673.144433297853,4784.6240234375,562,0.0,0.0
2022-05-03 00:00:00-03:00,4799.121974448015,4898.103865171005,4787.6240780509,4822.61767578125,681,0.0,0.0
2022-05-04 00:00:00-03:00,4844.613361701588,4844.613361701588,4639.650872970016,4687.64208984375,566,0.0,0.0
2022-05-05 00:00:00-03:00,4897.10360305624,4897.10360305624,4599.158140885812,4612.15576171875,204,0.0,0.0
2022-05-06 00:00:00-03:00,4537.169494346647,4647.149363094582,4533.170226392177,4540.1689453125,658,0.0,0.0
2022-05-09 00:00:00-03:00,4449.185147593754,4449.185147593754,4099.249237108852,4105.748046875,885,0.0,0.0
2022-05-10 00:00:00-03:00,4202.7307473575365,4251.221871717437,4089.251518185399,4164.23779296875,1695,0.0,0.0
2022-05-11 00:00:00-03:00,4175.734950723998,4281.215625284367,4115.246033085113,4120.2451171875,174,0.0,0.0
2022-05-12 00:00:00-03:00,3999.2677219571106,4254.221039231877,3989.7694611174625,4242.72314453125,1764,0.0,0.0
2022-05-13 00:00:00-03:00,4325.2082758427805,4399.194732711104,4280.216511530963,4398.69482421875,507,0.0,0.0
2022-05-16 00:00:00-03:00,4399.194827795902,4445.186410086496,4319.709375793681,4367.20068359375,681,0.0,0.0
2022-05-17 00:00:00-03:00,4499.6762613799965,4643.149996189024,4499.6762613799965,4611.65576171875,1164,0.0,0.0
2022-05-19 00:00:00-03:00,4386.196225003584,4386.196225003584,4248.721417404315,4359.201171875,229,0.0,0.0
2022-05-20 00:00:00-03:00,4359.201472532315,4359.201472532315,4199.2307762925975,4254.220703125,292,0.0,0.0
2022-05-23 00:00:00-03:00,4375.198641349683,4545.167509957875,4373.698916038435,4494.6767578125,542,0.0,0.0
2022-05-24 00:00:00-03:00,4538.669578650464,4582.16162109375,4459.184121771356,4582.16162109375,612,0.0,0.0
2022-05-26 00:00:00-03:00,4624.15328363695,4828.115936580071,4594.158775851197,4818.61767578125,2773,0.0,0.0
2022-05-27 00:00:00-03:00,4896.103678128778,4896.103678128778,4752.6299436359295,4755.62939453125,463,0.0,0.0
2022-05-30 00:00:00-03:00,4969.08980611476,4969.08980611476,4580.660955073395,4747.63037109375,275,0.0,0.0
2022-05-31 00:00:00-03:00,4799.121844310419,4857.1112332625025,4661.646999811943,4683.14306640625,805,0.0,0.0
2022-06-01 00:00:00-03:00,4525.671815526035,4560.665411802057,4399.194960414129,4514.673828125,1506,0.0,0.0
2022-06-02 00:00:00-03:00,4582.160646429125,4714.136471288092,4549.166690214384,4630.15185546875,573,0.0,0.0
2022-06-03 00:00:00-03:00,4647.647838712994,4667.64417232045,4515.672036903783,4559.1640625,257,0.0,0.0
2022-06-06 00:00:00-03:00,4499.175842407145,4520.671904765312,4426.1892120747625,4502.17529296875,181,0.0,0.0
2022-06-07 00:00:00-03:00,4535.669954891804,4535.669954891804,4409.69300915911,4517.17333984375,776,0.0,0.0
2022-06-08 00:00:00-03:00,4450.18508867122,4488.178131441273,4379.1980877061205,4471.68115234375,403,0.0,0.0
2022-06-09 00:00:00-03:00,4437.688469366215,4596.659397974806,4436.188743624624,4579.16259765625,149,0.0,0.0
2022-06-10 00:00:00-03:00,4488.6775040775365,4657.146634144819,4488.6775040775365,4628.65185546875,1994,0.0,0.0
2022-06-13 00:00:00-03:00,4654.148977642145,4678.644498577103,4453.1857242573815,4579.66259765625,321,0.0,0.0
2022-06-14 00:00:00-03:00,4541.168856573395,4594.6590665748645,4516.67333984375,4516.67333984375,1204,0.0,0.0
2022-06-15 00:00:00-03:00,4622.153137760698,4633.151122730494,4562.164128834537,4629.15185546875,1780,0.0,0.0
2022-06-16 00:00:00-03:00,4408.192627008449,4467.181822969777,4408.192627008449,4412.19189453125,642,0.0,0.0
2022-06-21 00:00:00-03:00,4412.191554061317,4472.180562274251,4345.203828223541,4359.701171875,222,0.0,0.0
2022-06-22 00:00:00-03:00,4253.221415569312,4253.221415569312,4120.245757771775,4123.7451171875,505,0.0,0.0
2022-06-23 00:00:00-03:00,4097.249951606178,4097.249951606178,3907.7846353959853,3934.27978515625,562,0.0,0.0
2022-06-24 00:00:00-03:00,3969.2727761495125,4104.248046875,3961.2742415880025,4104.248046875,465,0.0,0.0
2022-06-27 00:00:00-03:00,4161.737734269834,4271.717590310598,4091.2506447164346,4270.7177734375,1635,0.0,0.0
2022-06-28 00:00:00-03:00,4322.20807112069,4452.6841648706895,4227.7253825431035,4349.203125,757,0.0,0.0
2022-06-29 00:00:00-03:00,4370.199277339251,4450.184622154429,4284.215031662936,4341.20458984375,644,0.0,0.0
2022-06-30 00:00:00-03:00,4292.7134091749085,4349.203058090334,4217.227241155179,4290.2138671875,649,0.0,0.0
2022-07-01 00:00:00-03:00,4199.231261699251,4249.722018536349,4078.25340868363,4206.22998046875,487,0.0,0.0
2022-07-04 00:00:00-03:00,4314.210378750888,4507.17506081321,4314.210378750888,4399.19482421875,198,0.0,0.0
2022-07-05 00:00:00-03:00,4449.1856359212625,4583.161113497318,4195.232118724857,4473.68115234375,12231,0.0,0.0
2022-07-06 00:00:00-03:00,4560.164855957031,4560.164855957031,4255.220703125,4407.19287109375,601,0.0,0.0
2022-07-07 00:00:00-03:00,4498.675942058398,4757.1285992474395,4474.180429094639,4710.13720703125,812,0.0,0.0
2022-07-08 00:00:00-03:00,4782.124206542969,4819.117431640625,4669.644805908203,4807.11962890625,937,0.0,0.0
2022-07-11 00:00:00-03:00,4819.118078210851,4819.118078210851,4503.675805664063,4549.16748046875,510,0.0,0.0
2022-07-12 00:00:00-03:00,4432.689068813018,4519.173247103833,4359.702421238111,4369.20068359375,506,0.0,0.0
2022-07-13 00:00:00-03:00,4398.695047066076,4398.695047066076,4300.213069083122,4333.20703125,1273,0.0,0.0
2022-07-14 00:00:00-03:00,4177.734561367331,4255.220364527788,4107.247475911689,4218.72705078125,1899,0.0,0.0
2022-07-15 00:00:00-03:00,4206.2305943579695,4361.202246871752,4199.2318745670245,4329.7080078125,624,0.0,0.0
2022-07-18 00:00:00-03:00,4533.670290912829,4584.161050575658,4504.675597245066,4511.67431640625,1738,0.0,0.0
2022-07-19 00:00:00-03:00,4593.158392913341,4670.14428674319,4552.165903990954,4666.14501953125,869,0.0,0.0
2022-07-20 00:00:00-03:00,4659.645981675392,4817.617028795811,4659.645981675392,4774.125,1185,0.0,0.0
2022-07-21 00:00:00-03:00,4769.126124790737,5112.063286384704,4707.137483336433,5039.07666015625,2972,0.0,0.0
2022-07-22 00:00:00-03:00,5044.076264168137,5044.076264168137,4833.114898114722,4924.59814453125,727,0.0,0.0
2022-07-25 00:00:00-03:00,5088.068206428567,5169.05337536563,4952.593016416567,5148.55712890625,774,0.0,0.0
2022-07-26 00:00:00-03:00,5148.557718310836,5178.052320250863,4992.086355476455,5069.072265625,790,0.0,0.0
2022-07-27 00:00:00-03:00,5070.071323265209,5199.0476988718365,4999.084325838305,5195.54833984375,470,0.0,0.0
2022-07-28 00:00:00-03:00,5160.555272478205,5160.555272478205,4899.103135744106,5089.068359375,999,0.0,0.0
2022-07-29 00:00:00-03:00,5089.068058389539,5089.068058389539,4654.147703694166,4762.1279296875,1944,0.0,0.0
2022-08-01 00:00:00-03:00,4805.119352120781,4805.119352120781,4436.686875787757,4561.1640625,475,0.0,0.0
2022-08-02 00:00:00-03:00,4561.165237041098,4729.634404608267,4469.681979875543,4687.64208984375,289,0.0,0.0
2022-08-03 00:00:00-03:00,4782.623776751333,4803.120021639679,4679.142735485782,4746.63037109375,2759,0.0,0.0
2022-08-04 00:00:00-03:00,4754.129152069442,4822.1166983030325,4616.154425889508,4798.12109375,650,0.0,0.0
2022-08-05 00:00:00-03:00,4964.590789794922,4964.590789794922,4768.626678466797,4799.12109375,188,0.0,0.0
2022-08-08 00:00:00-03:00,4799.121360759494,5004.583744017009,4762.628042078718,4936.59619140625,1015,0.0,0.0
2022-08-09 00:00:00-03:00,4969.089904327362,5019.080748435283,4915.099792690807,4932.0966796875,790,0.0,0.0
2022-08-10 00:00:00-03:00,4999.084052386632,5103.564909081512,4999.084052386632,5082.06884765625,1200,0.0,0.0
2022-08-11 00:00:00-03:00,5099.066529039784,5124.561861684983,5049.575589199104,5089.068359375,242,0.0,0.0
2022-08-12 00:00:00-03:00,5089.068049907249,5513.990234820919,5089.068049907249,5473.99755859375,2719,0.0,0.0
2022-08-16 00:00:00-03:00,5399.011637485751,5413.50898354937,5211.0460471436545,5262.53662109375,676,0.0,0.0
2022-08-17 00:00:00-03:00,5224.0432125617845,5259.0368034593275,5049.075258074069,5196.04833984375,294,0.0,0.0
2022-08-18 00:00:00-03:00,5189.049916397602,5419.0078125,5166.054126787361,5419.0078125,345,0.0,0.0
2022-08-19 00:00:00-03:00,5385.513885277356,5419.007752381559,5266.035762323556,5392.0126953125,224,0.0,0.0
2022-08-22 00:00:00-03:00,5376.015593734096,5413.008819876584,5336.522825284683,5402.5107421875,176,0.0,0.0
2022-08-23 00:00:00-03:00,5402.511027973735,5670.461977450363,5402.511027973735,5641.46728515625,622,0.0,0.0
2022-08-24 00:00:00-03:00,5548.983946086636,5603.973877083891,5526.987973687735,5599.974609375,627,0.0,0.0
2022-08-25 00:00:00-03:00,5498.993214648266,5707.455048330841,5498.993214648266,5693.95751953125,1394,0.0,0.0
2022-08-26 00:00:00-03:00,5724.451786895798,5724.451786895798,5499.992887907395,5554.48291015625,2169,0.0,0.0
2022-08-29 00:00:00-03:00,5578.978040271767,5897.919616409167,5578.978040271767,5890.9208984375,1764,0.0,0.0
2022-08-30 00:00:00-03:00,5898.419769287109,5898.419769287109,5462.499603271484,5558.98193359375,3345,0.0,0.0
2022-08-31 00:00:00-03:00,5558.981065042276,5617.970252602977,5425.005622107804,5468.99755859375,181,0.0,0.0
2022-09-01 00:00:00-03:00,5299.029261853965,5450.00160497471,5207.046112402915,5213.544921875,192,0.0,0.0
2022-09-05 00:00:00-03:00,5250.038897010666,5399.011625187126,4799.121444610778,5009.0830078125,114,0.0,0.0
2022-09-06 00:00:00-03:00,4999.084594971193,5106.065005303576,4989.08642578125,4989.08642578125,2233,0.0,0.0
2022-09-07 00:00:00-03:00,4884.106245934247,5037.0782532275825,4844.613472809498,4995.0859375,1727,0.0,0.0
2022-09-08 00:00:00-03:00,4904.1021043377905,5079.569977795748,4903.6021958664,5059.07373046875,2366,0.0,0.0
2022-09-09 00:00:00-03:00,5069.071286150285,5157.5550748730275,5029.07861328125,5029.07861328125,92,0.0,0.0
2022-09-12 00:00:00-03:00,5098.566037923773,5149.056788961159,5025.079499285202,5048.5751953125,178,0.0,0.0
2022-09-13 00:00:00-03:00,5099.066038241768,5099.066038241768,5000.084168087663,5025.07958984375,393,0.0,0.0
2022-09-14 00:00:00-03:00,5047.576336930588,5047.576336930588,4957.092894622532,4963.091796875,187,0.0,0.0
2022-09-15 00:00:00-03:00,4825.115882295279,4977.587944468928,4808.118996675922,4900.60205078125,688,0.0,0.0
2022-09-16 00:00:00-03:00,4814.618135404684,4899.10266088318,4779.12463653502,4889.1044921875,1117,0.0,0.0
2022-09-19 00:00:00-03:00,4899.1021147878,5149.05630431779,4899.1021147878,5144.55712890625,1479,0.0,0.0
2022-09-20 00:00:00-03:00,5027.0795260467685,5106.564972013498,5007.083187438786,5104.0654296875,280,0.0,0.0
2022-09-21 00:00:00-03:00,5119.062166100049,5277.033225132042,5074.570317195467,5146.55712890625,826,0.0,0.0
2022-09-22 00:00:00-03:00,5099.066282062861,5197.048340031912,5090.067929800397,5189.0498046875,126,0.0,0.0
2022-09-23 00:00:00-03:00,4929.097258606563,4961.0913990275385,4740.131866745175,4785.62353515625,271,0.0,0.0
2022-09-26 00:00:00-03:00,4775.125989147068,4775.125989147068,4599.158197252202,4655.14794921875,320,0.0,0.0
2022-09-27 00:00:00-03:00,4806.119562312999,4809.119012840758,4640.149966443651,4699.13916015625,268,0.0,0.0
2022-09-28 00:00:00-03:00,4751.129762214137,4809.119140625,4669.144778943607,4809.119140625,549,0.0,0.0
2022-09-29 00:00:00-03:00,4710.6383112523845,4753.130538404719,4626.153765502448,4684.64306640625,1349,0.0,0.0
2022-09-30 00:00:00-03:00,4878.6065941054885,5221.043884500228,4878.6065941054885,5202.04736328125,474,0.0,0.0
2022-10-03 00:00:00-03:00,5132.060330236243,5229.042572985691,5039.577263696821,5205.546875,849,0.0,0.0
2022-10-04 00:00:00-03:00,5207.04647579986,5398.01150592232,5207.04647579986,5351.52001953125,553,0.0,0.0
2022-10-05 00:00:00-03:00,5347.020389134286,5397.01123046875,5276.033394439347,5397.01123046875,557,0.0,0.0
2022-10-06 00:00:00-03:00,5409.009743600754,5451.501964322201,5249.03903029648,5275.5341796875,322,0.0,0.0
2022-10-11 00:00:00-03:00,5149.0562683918,5217.043807469594,5101.065064336886,5107.06396484375,471,0.0,0.0
2022-10-12 00:00:00-03:00,5039.078354779412,5099.0673828125,4972.590515376072,5099.0673828125,124,0.0,0.0
2022-10-13 00:00:00-03:00,5011.082446320894,5394.512238452589,5011.082446320894,5368.01708984375,960,0.0,0.0
2022-10-14 00:00:00-03:00,5368.017033999545,5368.017033999545,5118.062804440989,5149.05712890625,359,0.0,0.0
2022-10-17 00:00:00-03:00,5224.043120501028,5264.035795107735,5186.050079624657,5195.54833984375,430,0.0,0.0
2022-10-18 00:00:00-03:00,5099.066623628546,5198.048505146041,5040.077421512059,5057.57421875,311,0.0,0.0
2022-10-19 00:00:00-03:00,5055.07421875,5349.0203857421875,5055.07421875,5319.02587890625,509,0.0,0.0
2022-10-20 00:00:00-03:00,5349.019763764881,5370.515824497768,5249.0380859375,5249.0380859375,148,0.0,0.0
2022-10-21 00:00:00-03:00,5215.54421266058,5444.502254393404,5205.046136511259,5411.50830078125,202,0.0,0.0
2022-10-24 00:00:00-03:00,5299.02886797806,5329.02337100435,5249.038029600908,5286.03125,183,0.0,0.0
2022-10-25 00:00:00-03:00,5335.523039122345,5428.506013476018,5329.024229086873,5384.01416015625,334,0.0,0.0
2022-10-26 00:00:00-03:00,5317.027173386857,5373.516837790083,5234.042356652913,5244.04052734375,286,0.0,0.0
2022-10-27 00:00:00-03:00,5224.543305278329,5361.518223051391,5162.554656359134,5189.0498046875,1222,0.0,0.0
2022-10-28 00:00:00-03:00,5112.0640253547945,5171.053224943282,5090.068052626884,5123.06201171875,113,0.0,0.0
2022-10-31 00:00:00-03:00,5347.020629470568,5399.011106795262,5129.060551455499,5329.02392578125,3285,0.0,0.0
2022-11-01 00:00:00-03:00,5489.324124711341,5554.316122544899,5199.359826684694,5222.85693359375,257,473.39395,0.0
2022-11-02 00:00:00-03:00,5063.877542189231,5079.375637145086,4964.389771343574,4965.3896484375,1534,0.0,0.0
2022-11-03 00:00:00-03:00,4888.398725859185,5139.367856599757,4888.398725859185,5136.8681640625,372,0.0,0.0
2022-11-04 00:00:00-03:00,5299.3480905293145,5357.84089492478,5158.365433781271,5175.86328125,383,0.0,0.0
2022-11-07 00:00:00-03:00,5129.369449899079,5380.338598422406,5128.8695113562035,5278.85107421875,373,0.0,0.0
2022-11-08 00:00:00-03:00,5399.336046309192,5413.834263470578,5237.355964919916,5384.337890625,1436,0.0,0.0
2022-11-09 00:00:00-03:00,5389.33677734375,5389.33677734375,5249.35400390625,5249.35400390625,1337,0.0,0.0
2022-11-10 00:00:00-03:00,5299.34755996919,5299.34755996919,4701.921113350022,4969.38818359375,2057,0.0,0.0
2022-11-11 00:00:00-03:00,4864.4016738891605,5097.872956695557,4766.913665008545,4799.40966796875,1739,0.0,0.0
2022-11-14 00:00:00-03:00,4824.407100440061,4829.406486036372,4649.928543128809,4819.40771484375,2249,0.0,0.0
2022-11-15 00:00:00-03:00,4657.427683743361,5159.366004318536,4657.427683743361,5129.86962890625,752,0.0,0.0
2022-11-16 00:00:00-03:00,5144.367824825454,5199.361066878981,5048.879559077965,5101.873046875,2131,0.0,0.0
2022-11-17 00:00:00-03:00,5274.350593415724,5274.350593415724,5085.873799698404,5222.85693359375,317,0.0,0.0
2022-11-18 00:00:00-03:00,5299.348285390434,5388.837280021084,5117.870603541686,5320.345703125,347,0.0,0.0
2022-11-22 00:00:00-03:00,5335.343682663346,5476.326339945117,5335.343682663346,5394.33642578125,695,0.0,0.0
2022-11-23 00:00:00-03:00,5432.332226653343,5499.323991642442,5356.841506404433,5374.33935546875,749,0.0,0.0
2022-11-24 00:00:00-03:00,5439.33177946593,5498.324532221167,5157.366418839204,5429.3330078125,260,0.0,0.0
2022-11-25 00:00:00-03:00,5469.327275078482,5485.32530732734,5380.338220694206,5474.32666015625,346,0.0,0.0
2022-11-28 00:00:00-03:00,5394.336351723168,5394.336351723168,5232.856218117368,5250.85400390625,2364,0.0,0.0
2022-11-29 00:00:00-03:00,5303.847297851563,5303.847297851563,5228.856526367188,5249.35400390625,270,0.0,0.0
2022-11-30 00:00:00-03:00,5199.360958259263,5358.341418329113,5199.360958259263,5343.34326171875,157,0.0,0.0
2022-12-01 00:00:00-03:00,5358.341033180311,5358.341033180311,5039.380258859632,5050.37890625,2809,0.0,0.0
2022-12-02 00:00:00-03:00,5069.377093645743,5235.3566986842425,5069.377093645743,5169.86474609375,3577,0.0,0.0
2022-12-05 00:00:00-03:00,5307.847885618012,5307.847885618012,5119.371041605768,5130.86962890625,447,0.0,0.0
2022-12-06 00:00:00-03:00,4989.386480076983,5283.850271336036,4989.386480076983,5134.36865234375,1659,0.0,0.0
2022-12-07 00:00:00-03:00,5199.360497318097,5407.334917210821,5199.360497318097,5359.3408203125,2030,0.0,0.0
2022-12-12 00:00:00-03:00,5199.360192551132,5199.360192551132,4921.394397641668,5035.38037109375,3605,0.0,0.0
2022-12-13 00:00:00-03:00,5057.379178538603,5256.354753178615,5057.379178538603,5099.3740234375,2122,0.0,0.0
2022-12-14 00:00:00-03:00,5038.880406483081,5038.880406483081,4604.43382713654,4800.90966796875,5283,0.0,0.0
2022-12-15 00:00:00-03:00,4749.4151845208835,4884.398563449371,4749.4151845208835,4829.9052734375,409,0.0,0.0
2022-12-16 00:00:00-03:00,4884.399727595793,4885.399604715055,4699.422460532287,4819.40771484375,468,0.0,0.0
2022-12-19 00:00:00-03:00,4849.404198838609,4999.385771998565,4770.4139036410315,4880.400390625,298,0.0,0.0
2022-12-20 00:00:00-03:00,4999.38599650564,5098.373839236451,4799.4105566454145,5096.8740234375,170,0.0,0.0
2022-12-21 00:00:00-03:00,5001.385357639048,5431.33251953125,5001.385357639048,5431.33251953125,3321,0.0,0.0
2022-12-22 00:00:00-03:00,5409.334384326216,5513.8215272397265,5226.856838089703,5444.330078125,4148,0.0,0.0
2022-12-23 00:00:00-03:00,5554.317214573876,5708.7982244121595,5552.317460401213,5644.30615234375,1940,0.0,0.0
2022-12-26 00:00:00-03:00,5357.840697724273,5595.311476059537,5357.840697724273,5420.3330078125,125,0.0,0.0
2022-12-27 00:00:00-03:00,5598.311154347134,5699.798666789755,5556.316321612257,5595.3115234375,1329,0.0,0.0
2022-12-28 00:00:00-03:00,5459.328766631077,5804.28635353359,5289.349665838535,5706.79833984375,1124,0.0,0.0
2022-12-29 00:00:00-03:00,5803.28551626023,5999.2613882772885,5549.316784156492,5619.80810546875,513,0.0,0.0
2022-12-30 00:00:00-03:00,5416.334325358145,5609.810546875,5416.334325358145,5609.810546875,228,0.0,0.0
2023-01-02 00:00:00-03:00,5669.3031730447865,5669.3031730447865,5499.3240655637255,5609.310546875,364,0.0,0.0
2023-01-03 00:00:00-03:00,5576.314159486989,5590.312437814553,5089.374049092483,5252.35400390625,8804,0.0,0.0
2023-01-04 00:00:00-03:00,5299.347742852976,5299.347742852976,5099.372356330222,5141.3671875,638,0.0,0.0
2023-01-05 00:00:00-03:00,5090.374299232154,5165.365081483659,5059.378109234865,5128.36962890625,1548,0.0,0.0
2023-01-06 00:00:00-03:00,5040.380556316305,5419.333984375,5040.380556316305,5419.333984375,1035,0.0,0.0
2023-01-09 00:00:00-03:00,5449.3299558248,5513.822025944194,5284.350241565884,5309.34716796875,452,0.0,0.0
2023-01-10 00:00:00-03:00,5474.3267554396125,5474.3267554396125,5247.354668958373,5308.34716796875,309,0.0,0.0
2023-01-11 00:00:00-03:00,5299.347993469803,5449.329540454798,5279.350453871804,5397.3359375,4094,0.0,0.0
2023-01-12 00:00:00-03:00,5449.329606381209,5729.295164140243,5449.329606381209,5727.29541015625,728,0.0,0.0
2023-01-13 00:00:00-03:00,5739.294073195684,5879.27685546875,5722.796102427787,5879.27685546875,1285,0.0,0.0
2023-01-16 00:00:00-03:00,5998.2617147590445,5998.2617147590445,5850.279928830667,5994.26220703125,239,0.0,0.0
2023-01-17 00:00:00-03:00,6197.237950819672,6199.237704918032,6051.755840163934,6099.25,1695,0.0,0.0
2023-01-18 00:00:00-03:00,6289.2266988802885,6289.2266988802885,5810.285587789086,5885.2763671875,823,0.0,0.0
2023-01-19 00:00:00-03:00,5915.27308448448,6007.76171875,5766.791331096051,6007.76171875,825,0.0,0.0
2023-01-20 00:00:00-03:00,6007.761397739722,6115.248183169867,5919.77221524807,5989.263671875,438,0.0,0.0
2023-01-23 00:00:00-03:00,5967.265915794284,6117.247465286432,5967.265915794284,6017.259765625,736,0.0,0.0
2023-01-24 00:00:00-03:00,6004.761494236759,6144.244339702754,5937.26979481773,6094.25048828125,2220,0.0,0.0
2023-01-25 00:00:00-03:00,6249.231554167502,6249.231554167502,6011.260816584803,6234.2333984375,1032,0.0,0.0
2023-01-26 00:00:00-03:00,6241.232113552078,6399.212676503253,6159.242201134381,6302.224609375,248,0.0,0.0
2023-01-27 00:00:00-03:00,6389.214498558823,6394.213883925458,6150.243878033696,6271.22900390625,274,0.0,0.0
2023-01-30 00:00:00-03:00,6239.23217071145,6301.22454163839,6169.74072265625,6169.74072265625,419,0.0,0.0
2023-01-31 00:00:00-03:00,6279.227712582635,6279.227712582635,6113.248126549399,6201.2373046875,1465,0.0,0.0
2023-02-01 00:00:00-03:00,6080.252777646414,6249.232011230075,6080.252777646414,6194.23876953125,336,0.0,0.0
2023-02-02 00:00:00-03:00,6296.225319831083,6482.20243742495,6106.248694331972,6401.21240234375,1959,0.0,0.0
2023-02-03 00:00:00-03:00,6400.713264763606,6524.698025340141,6162.742514624773,6189.2392578125,245,0.0,0.0
2023-02-06 00:00:00-03:00,5999.262579074413,6234.233696754828,5939.269953283669,6006.26171875,3092,0.0,0.0
2023-02-07 00:00:00-03:00,5784.28851726928,5945.268716280578,5749.292821832042,5855.27978515625,2899,0.0,0.0
2023-02-08 00:00:00-03:00,5980.2648096383655,5980.2648096383655,5689.300579642585,5739.29443359375,4258,0.0,0.0
2023-02-09 00:00:00-03:00,5770.290536875985,5794.287586414197,5599.311558916222,5710.7978515625,1478,0.0,0.0
2023-02-10 00:00:00-03:00,5980.264406047752,5980.264406047752,5709.297735919188,5716.296875,2141,0.0,0.0
2023-02-13 00:00:00-03:00,5701.2985713052485,5905.773414839434,5607.810073161257,5881.7763671875,282,0.0,0.0
2023-02-14 00:00:00-03:00,5999.26210114293,6049.255951985788,5770.290264282642,5883.2763671875,573,0.0,0.0
2023-02-15 00:00:00-03:00,5942.2686934707945,5983.263648280201,5806.785367210439,5959.2666015625,239,0.0,0.0
2023-02-16 00:00:00-03:00,6128.246380817337,6199.237650688121,6029.258553814414,6039.25732421875,3345,0.0,0.0
2023-02-17 00:00:00-03:00,6237.233171869769,6237.233171869769,5939.76974310554,5973.265625,305,0.0,0.0
2023-02-22 00:00:00-03:00,5769.290246766378,5962.766444816515,5706.297996238426,5925.77099609375,271,0.0,0.0
2023-02-23 00:00:00-03:00,6039.258156920645,6115.248822471302,5910.274000920188,6010.26171875,1192,0.0,0.0
2023-02-24 00:00:00-03:00,6136.744734516512,6211.235566731824,6020.259070716728,6058.25439453125,1055,0.0,0.0
2023-02-27 00:00:00-03:00,6093.250697556034,6278.227950435566,6058.754939586608,6122.7470703125,2677,0.0,0.0
2023-02-28 00:00:00-03:00,5899.2747213839475,6166.741837989067,5795.287505956162,5901.7744140625,3136,0.0,0.0
2023-03-01 00:00:00-03:00,6136.245219936304,6137.245096947863,5928.270801532075,5982.26416015625,290,0.0,0.0
2023-03-02 00:00:00-03:00,5999.2619908271145,6203.236898515236,5999.2619908271145,6029.25830078125,241,0.0,0.0
2023-03-03 00:00:00-03:00,6099.2498845491145,6099.2498845491145,5994.262796372449,6038.75732421875,564,0.0,0.0
2023-03-06 00:00:00-03:00,5907.773880966232,6179.240515252825,5907.773880966232,6149.744140625,264,0.0,0.0
2023-03-07 00:00:00-03:00,6294.226403185116,6294.226403185116,5749.293378604356,5951.2685546875,3073,0.0,0.0
2023-03-08 00:00:00-03:00,6243.232782204377,6243.232782204377,5887.276524923026,6007.76171875,1366,0.0,0.0
2023-03-09 00:00:00-03:00,5999.261860830842,6179.73965514417,5966.765859084675,6020.25927734375,4783,0.0,0.0
2023-03-10 00:00:00-03:00,5949.267884344712,6337.220143021308,5784.288186711624,6138.24462890625,3811,0.0,0.0
2023-03-13 00:00:00-03:00,6169.241327650778,6227.734134404031,6049.25608302872,6094.75048828125,242,0.0,0.0
2023-03-14 00:00:00-03:00,6211.736482599863,6311.224254031442,6152.243795160878,6177.24072265625,428,0.0,0.0
2023-03-15 00:00:00-03:00,6005.261794564464,6005.261794564464,5875.277773037094,5950.2685546875,812,0.0,0.0
2023-03-16 00:00:00-03:00,5943.768726000828,6098.7496583803595,5924.771063322046,6060.25439453125,213,0.0,0.0
2023-03-17 00:00:00-03:00,6011.761305964323,6019.760323086603,5945.7694147055045,5952.7685546875,287,0.0,0.0
2023-03-20 00:00:00-03:00,6144.744077114292,6144.744077114292,5854.279809861554,6076.75244140625,565,0.0,0.0
2023-03-21 00:00:00-03:00,6205.737418779361,6218.23588292739,6094.251118578943,6119.248046875,307,0.0,0.0
2023-03-22 00:00:00-03:00,6134.245988989288,6181.240212539818,6070.253854792823,6081.75244140625,314,0.0,0.0
2023-03-23 00:00:00-03:00,6199.236812636371,6199.236812636371,5921.271032972998,5957.2666015625,612,0.0,0.0
2023-03-27 00:00:00-03:00,5959.266633165452,6294.725350518977,5959.266633165452,6241.23193359375,4379,0.0,0.0
2023-03-28 00:00:00-03:00,6241.231900979986,6370.7159655709675,6232.732946933474,6332.220703125,323,0.0,0.0
2023-03-29 00:00:00-03:00,6307.224535463129,6512.199334095016,6307.224535463129,6433.708984375,997,0.0,0.0
2023-03-30 00:00:00-03:00,6429.209461709575,6581.690712551055,6429.209461709575,6556.19384765625,12521,0.0,0.0
2023-03-31 00:00:00-03:00,6542.196399913114,6657.682214400347,6509.2004529167625,6527.1982421875,1692,0.0,0.0
2023-04-03 00:00:00-03:00,6534.695787778048,6703.674991838103,6534.695787778048,6645.68212890625,497,0.0,0.0
2023-04-04 00:00:00-03:00,6534.6963500283355,6629.68466817579,6529.197026346114,6602.68798828125,1485,0.0,0.0
2023-04-05 00:00:00-03:00,6459.206420123568,6489.702673345513,6411.212316692309,6458.20654296875,1339,0.0,0.0
2023-04-10 00:00:00-03:00,6548.194625099107,6548.194625099107,6432.708828916644,6463.205078125,164,0.0,0.0
2023-04-11 00:00:00-03:00,6647.182161668624,6819.161002193144,6647.182161668624,6810.162109375,794,0.0,0.0
2023-04-12 00:00:00-03:00,6891.652852219473,7244.10952692493,6891.652852219473,7134.123046875,2779,0.0,0.0
2023-04-13 00:00:00-03:00,7129.623144449541,7296.60260803878,7129.623144449541,7170.1181640625,579,0.0,0.0
2023-04-14 00:00:00-03:00,7277.1051034278835,7299.102398326951,7211.613157251114,7278.10498046875,288,0.0,0.0
2023-04-17 00:00:00-03:00,6748.670439959253,7050.133383532512,6717.174311526226,7003.13916015625,3044,0.0,0.0
2023-04-18 00:00:00-03:00,7091.6285769907545,7396.591103036885,7023.636931839486,7291.60400390625,736,0.0,0.0
2023-04-19 00:00:00-03:00,7265.6071049837,7277.105691883488,7111.126089677848,7251.10888671875,600,0.0,0.0
2023-04-20 00:00:00-03:00,7099.127136490932,7099.127136490932,6881.153937088816,7029.1357421875,1140,0.0,0.0
2023-04-21 00:00:00-03:00,6919.64870688729,7349.095873942863,6919.64870688729,7271.10546875,403,0.0,0.0
2023-04-24 00:00:00-03:00,7001.138820792476,7506.076710609699,7001.138820792476,7494.578125,988,0.0,0.0
2023-04-25 00:00:00-03:00,7549.071981480687,7881.031173249109,7549.071981480687,7646.06005859375,3257,0.0,0.0
2023-04-26 00:00:00-03:00,7648.059421278107,7754.04638671875,7399.0900401958415,7754.04638671875,251,0.0,0.0
2023-04-27 00:00:00-03:00,7699.052987698606,7911.526852618859,7647.059383106355,7709.0517578125,1190,0.0,0.0
2023-04-28 00:00:00-03:00,7649.058793711281,7711.551104117419,7605.06420718536,7666.556640625,289,0.0,0.0
2023-05-02 00:00:00-03:00,7486.078635049287,7597.064975170893,7424.086264891272,7569.568359375,234,0.0,0.0
2023-05-03 00:00:00-03:00,7527.574475876829,7527.574475876829,7329.598817216589,7331.0986328125,304,0.0,0.0
2023-05-04 00:00:00-03:00,7399.090424516294,7413.588642240008,7330.098905693101,7364.0947265625,325,0.0,0.0
2023-05-05 00:00:00-03:00,7481.579790780596,7787.042219926399,7449.083787679979,7769.04443359375,972,0.0,0.0
2023-05-08 00:00:00-03:00,7899.359104787615,7937.356022000518,7777.369002156718,7841.86376953125,1454,480.49188,0.0
2023-05-09 00:00:00-03:00,7710.874677821568,7919.857730102539,7680.87711050851,7839.3642578125,519,0.0,0.0
2023-05-10 00:00:00-03:00,7753.871217143397,7856.862865265877,7602.38350170111,7749.37158203125,1996,0.0,0.0
2023-05-11 00:00:00-03:00,7684.376940073305,7780.869116353992,7591.884439493373,7593.88427734375,3946,0.0,0.0
2023-05-12 00:00:00-03:00,7806.366998788804,8180.336674406456,7789.36837716982,8165.337890625,897,0.0,0.0
2023-05-15 00:00:00-03:00,8109.341067024862,8412.816407819195,8082.843220135077,8400.8173828125,501,0.0,0.0
2023-05-16 00:00:00-03:00,8216.833188128965,8431.81574187983,8208.333877864396,8315.3251953125,367,0.0,0.0
2023-05-17 00:00:00-03:00,8266.829256379162,8501.810190790908,8266.829256379162,8461.3134765625,6433,0.0,0.0
2023-05-18 00:00:00-03:00,8446.315560313386,8659.298301445948,8331.324878481251,8652.798828125,355,0.0,0.0
2023-05-19 00:00:00-03:00,8649.798083540283,8818.284411160252,8649.798083540283,8700.7939453125,2483,0.0,0.0
2023-05-22 00:00:00-03:00,8780.287699194516,8792.786685214323,8599.3023816277,8703.2939453125,311,0.0,0.0
2023-05-23 00:00:00-03:00,8741.290093163558,8995.269466723788,8741.290093163558,8898.27734375,1435,0.0,0.0
2023-05-24 00:00:00-03:00,9115.760363374313,9197.253751145388,8920.776184044746,9002.76953125,485,0.0,0.0
2023-05-29 00:00:00-03:00,8999.270039013281,9524.227457955723,8749.290315707358,9523.2275390625,303,0.0,0.0
2023-05-30 00:00:00-03:00,8749.291218655439,8749.291218655439,8334.324835142066,8426.3173828125,7989,0.0,0.0
2023-05-31 00:00:00-03:00,8429.315127139686,8604.800869110388,8386.318620559969,8557.8046875,1275,0.0,0.0
2023-06-01 00:00:00-03:00,8599.303239305083,8725.293030950716,8599.303239305083,8665.7978515625,1348,0.0,0.0
2023-06-02 00:00:00-03:00,8742.790115198508,8999.269289962438,8742.790115198508,8984.2705078125,1188,0.0,0.0
2023-06-05 00:00:00-03:00,9124.760773725666,9242.751214939806,9050.766768218495,9149.2587890625,1334,0.0,0.0
2023-06-06 00:00:00-03:00,9304.246061812366,9539.227020923156,9281.747884876226,9508.7294921875,885,0.0,0.0
2023-06-07 00:00:00-03:00,9471.232409549853,9599.222036705933,9430.7356915825,9507.2294921875,452,0.0,0.0
2023-06-08 00:00:00-03:00,9409.735879354243,9444.733037398702,9239.249723737656,9416.2353515625,578,0.0,0.0
2023-06-09 00:00:00-03:00,9571.72392762382,9614.22048201651,9507.229156839621,9539.2265625,166,0.0,0.0
2023-06-12 00:00:00-03:00,9479.731619349759,9563.724811272694,9318.744668164134,9445.734375,501,0.0,0.0
2023-06-13 00:00:00-03:00,9569.223284544914,9723.710745094777,9506.228397718756,9673.21484375,2111,0.0,0.0
2023-06-14 00:00:00-03:00,9766.208185179512,9766.208185179512,9526.227642081009,9587.72265625,211,0.0,0.0
2023-06-15 00:00:00-03:00,9699.213097104448,9847.701050188985,9699.213097104448,9846.201171875,342,0.0,0.0
2023-06-16 00:00:00-03:00,9760.708001288349,9962.691612030574,9760.708001288349,9953.1923828125,3948,0.0,0.0
2023-06-21 00:00:00-03:00,9953.191747691208,10099.179892674421,9914.694873842893,10089.6806640625,1209,0.0,0.0
2023-06-22 00:00:00-03:00,10058.183999357238,10085.681768517426,9934.194058416757,10063.18359375,361,0.0,0.0
2023-06-23 00:00:00-03:00,10030.687423240472,10178.675434867804,10029.68750424299,10126.1796875,545,0.0,0.0
2023-06-26 00:00:00-03:00,10126.17901769973,10174.675085869812,9907.196771735846,9925.1953125,364,0.0,0.0
2023-06-27 00:00:00-03:00,9879.198062629868,9879.198062629868,9364.73982343725,9383.73828125,862,0.0,0.0
2023-06-28 00:00:00-03:00,9454.232759156972,9454.232759156972,9188.254344145258,9229.7509765625,356,0.0,0.0
2023-06-29 00:00:00-03:00,9259.249376713618,9522.22805771531,9259.249376713618,9299.74609375,823,0.0,0.0
2023-06-30 00:00:00-03:00,9549.225457650497,9635.718442162199,9375.739529179044,9571.7236328125,16346,0.0,0.0
2023-07-03 00:00:00-03:00,9717.21145921488,9912.695595896965,9577.222819135637,9747.708984375,451,0.0,0.0
2023-07-04 00:00:00-03:00,9928.194544750218,9965.691502694435,9289.246381380757,9750.208984375,321,0.0,0.0
2023-07-05 00:00:00-03:00,9638.718474146059,9903.696989177824,9557.725041249558,9876.19921875,10924,0.0,0.0
2023-07-06 00:00:00-03:00,9749.208192567567,9749.208192567567,9526.22630262474,9619.21875,346,0.0,0.0
2023-07-07 00:00:00-03:00,9865.199332346203,9954.192109619547,9829.702213321443,9902.6962890625,885,0.0,0.0
2023-07-10 00:00:00-03:00,10027.686860754004,10038.186009384199,9836.202388117577,9851.201171875,180,0.0,0.0
2023-07-11 00:00:00-03:00,9849.20124507211,10097.18113428814,9849.20124507211,10018.6875,680,0.0,0.0
2023-07-12 00:00:00-03:00,10099.180478451823,10354.15978756125,10008.687821689458,10024.6865234375,424,0.0,0.0
2023-07-13 00:00:00-03:00,10169.174061744174,10270.665818604255,10095.680030914458,10232.1689453125,536,0.0,0.0
2023-07-14 00:00:00-03:00,10118.678711695995,10299.1640625,10053.184027609224,10299.1640625,1266,0.0,0.0
2023-07-17 00:00:00-03:00,10893.116142569383,11245.08758393017,10820.12206524172,11169.09375,1890,0.0,0.0
2023-07-18 00:00:00-03:00,11499.068049095351,11499.068049095351,10976.610392082106,10977.1103515625,612,0.0,0.0
2023-07-19 00:00:00-03:00,11499.067515264,11499.067515264,11124.097922374955,11187.5927734375,349,0.0,0.0
2023-07-20 00:00:00-03:00,11269.08650642959,11471.070133252906,11269.08650642959,11396.576171875,403,0.0,0.0
2023-07-21 00:00:00-03:00,11404.074955244458,11513.066114395851,11305.082985006036,11389.076171875,695,0.0,0.0
2023-07-24 00:00:00-03:00,11200.09104886968,11586.059725314972,11200.09104886968,11443.5712890625,395,0.0,0.0
2023-07-25 00:00:00-03:00,11389.575486450804,11620.556737262457,11389.575486450804,11549.5625,303,0.0,0.0
2023-07-26 00:00:00-03:00,11595.05959065049,11653.054886981789,11354.579094656057,11523.0654296875,208,0.0,0.0
2023-07-27 00:00:00-03:00,11649.055505610282,11925.033129605858,11630.0570459874,11635.056640625,279,0.0,0.0
2023-07-28 00:00:00-03:00,11599.058836490676,11805.042122724908,11599.058836490676,11770.544921875,434,0.0,0.0
2023-07-31 00:00:00-03:00,12057.022376699331,12229.008431500482,11964.529876297549,12200.5107421875,495,0.0,0.0
2023-08-01 00:00:00-03:00,12321.001455163154,12332.000563749974,12069.021876628734,12230.5087890625,335,0.0,0.0
2023-08-02 00:00:00-03:00,12022.524985908925,12468.98877816645,12022.524985908925,12438.9912109375,480,0.0,0.0
2023-08-03 00:00:00-03:00,12498.985711016383,12717.46798124495,12489.98644130445,12527.4833984375,460,0.0,0.0
2023-08-04 00:00:00-03:00,12674.971317241992,12863.456020089903,12598.977484794028,12658.47265625,1031,0.0,0.0
2023-08-07 00:00:00-03:00,12598.977199562874,12840.45759588783,12598.977199562874,12666.9716796875,473,0.0,0.0
2023-08-08 00:00:00-03:00,12668.972247506557,12883.454847908306,12603.977520112088,12675.9716796875,764,0.0,0.0
2023-08-09 00:00:00-03:00,12675.972615323992,12675.972615323992,12014.526225402336,12073.021484375,2738,0.0,0.0
2023-08-10 00:00:00-03:00,12328.000227007426,12470.988630970605,12172.512836683825,12246.5068359375,1136,0.0,0.0
2023-08-11 00:00:00-03:00,12304.000995119508,12304.000995119508,11695.050437945369,11787.04296875,1807,0.0,0.0
2023-08-14 00:00:00-03:00,11999.027243460967,12784.963527907661,11769.045887961298,12443.4912109375,947,0.0,0.0
2023-08-15 00:00:00-03:00,12687.472004701067,13607.89742774771,12655.97455676411,13474.908203125,934,0.0,0.0
2023-08-16 00:00:00-03:00,13727.386610520689,13850.87659459756,13589.89776185211,13677.890625,980,0.0,0.0
2023-08-17 00:00:00-03:00,13874.874124825412,14044.36037188205,13724.386336140906,13960.3671875,800,0.0,0.0
2023-08-18 00:00:00-03:00,14668.810709898698,15516.242003466465,14668.810709898698,15453.7470703125,1748,0.0,0.0
2023-08-22 00:00:00-03:00,15590.73607860735,16636.151328106065,15590.73607860735,16503.162109375,1735,0.0,0.0
2023-08-23 00:00:00-03:00,16508.66053516639,17204.604068326644,16256.181020621902,16946.625,1484,0.0,0.0
2023-08-24 00:00:00-03:00,16998.619708689435,16998.619708689435,16361.171469613582,16789.13671875,821,0.0,0.0
2023-08-25 00:00:00-03:00,17143.107009375,17517.57658125,16922.624925,17498.578125,1110,0.0,0.0
2023-08-28 00:00:00-03:00,17498.58112349553,18038.537341020532,17498.58112349553,17945.044921875,929,0.0,0.0
2023-08-29 00:00:00-03:00,18208.023838040095,18483.00154503156,18089.033484832882,18357.51171875,510,0.0,0.0
2023-08-30 00:00:00-03:00,18398.5078125,18748.479428498642,18140.02877611243,18398.5078125,1118,0.0,0.0
2023-08-31 00:00:00-03:00,18483.500822172828,18545.49579382415,17826.05414699952,17867.55078125,1078,0.0,0.0
2023-09-01 00:00:00-03:00,18103.530627351094,18378.00834937307,17709.062644335903,17975.541015625,620,0.0,0.0
2023-09-04 00:00:00-03:00,17948.544811919983,18977.461391945923,17386.590372683266,18693.984375,450,0.0,0.0
2023-09-05 00:00:00-03:00,18598.49316564391,18598.49316564391,17333.095687088946,17598.07421875,712,0.0,0.0
2023-09-06 00:00:00-03:00,17549.076486654652,18111.03090308153,17274.09879178385,17288.09765625,511,0.0,0.0
2023-09-07 00:00:00-03:00,17289.096463404137,17777.056850561316,17048.615985717042,17154.107421875,3944,0.0,0.0
2023-09-08 00:00:00-03:00,17287.09780426221,17378.09042364433,16911.128300002,17192.60546875,847,0.0,0.0
2023-09-11 00:00:00-03:00,17279.59967372782,17505.58136033522,17174.10822267879,17328.595703125,1281,0.0,0.0
2023-09-12 00:00:00-03:00,17417.08641639992,17798.555456090857,17125.610072835287,17278.59765625,419,0.0,0.0
2023-09-13 00:00:00-03:00,17262.597592676313,17469.580777435578,17095.611158595162,17141.607421875,1169,0.0,0.0
2023-09-14 00:00:00-03:00,17098.61141021899,17740.55927719914,17098.61141021899,17556.57421875,604,0.0,0.0
2023-09-15 00:00:00-03:00,17698.56447171117,17783.557577931253,17252.100684331566,17337.59375,334,0.0,0.0
2023-09-18 00:00:00-03:00,17337.593059543797,17337.593059543797,17088.113304750776,17160.607421875,970,0.0,0.0
2023-09-19 00:00:00-03:00,17161.606788470304,17292.096195094753,17072.61401307126,17274.09765625,304,0.0,0.0
2023-09-20 00:00:00-03:00,17273.598392349544,17588.57283481496,17258.599609375,17258.599609375,415,0.0,0.0
2023-09-21 00:00:00-03:00,17498.581516645354,17498.581516645354,17146.61004842483,17203.10546875,401,0.0,0.0
2023-09-22 00:00:00-03:00,17398.589339108257,17398.589339108257,17043.11816036958,17055.1171875,310,0.0,0.0
2023-09-25 00:00:00-03:00,17173.60642527973,17534.577133840194,17173.60642527973,17426.0859375,622,0.0,0.0
2023-09-26 00:00:00-03:00,17498.57997065744,17979.540940136652,17498.57997065744,17954.54296875,1304,0.0,0.0
2023-09-27 00:00:00-03:00,17973.540698691046,18148.526491306955,17954.542241207033,18138.02734375,622,0.0,0.0
2023-09-28 00:00:00-03:00,18198.52539321192,18984.461709644038,18198.52539321192,18873.470703125,475,0.0,0.0
2023-09-29 00:00:00-03:00,19272.43303825626,19798.890234201153,18939.460110906493,19097.447265625,812,0.0,0.0
2023-10-02 00:00:00-03:00,18598.49066810928,18831.97172031377,18373.508926156344,18483.5,12027,0.0,0.0
2023-10-03 00:00:00-03:00,18451.502458790936,18985.959081791196,18246.019136009734,18914.96484375,6222,0.0,0.0
2023-10-04 00:00:00-03:00,19798.395929555692,19798.395929555692,18727.48269518427,19646.908203125,755,0.0,0.0
2023-10-05 00:00:00-03:00,19669.40302734375,20997.29521484375,17828.552487292924,19918.3828125,612,0.0,0.0
2023-10-06 00:00:00-03:00,19948.381500758598,21498.255752697234,18495.499379425153,18535.99609375,1003,0.0,0.0
2023-10-09 00:00:00-03:00,18608.489478001822,19449.921175784657,18598.490289674042,18911.96484375,1305,0.0,0.0
2023-10-10 00:00:00-03:00,19498.419595267336,21511.75640834789,19498.419595267336,20964.30078125,1507,0.0,0.0
2023-10-11 00:00:00-03:00,20998.295497115454,20998.295497115454,19548.413188981292,20018.875,1116,0.0,0.0
2023-10-12 00:00:00-03:00,20278.855231808906,20998.29687966209,19999.87785897911,20107.369140625,1108,0.0,0.0
2023-10-17 00:00:00-03:00,20998.29708940382,22125.705659322997,20764.316064693317,21241.77734375,1375,0.0,0.0
2023-10-18 00:00:00-03:00,21243.275699611004,22083.70748240804,20877.805364557684,21319.26953125,1272,0.0,0.0
2023-10-19 00:00:00-03:00,21323.26810772491,21734.734688092027,20261.854316571334,20584.328125,2531,0.0,0.0
2023-10-20 00:00:00-03:00,20399.34510387723,22367.685422341146,20399.34510387723,22221.697265625,2346,0.0,0.0
2023-10-23 00:00:00-03:00,21998.21639150943,21998.21639150943,18584.993134581367,21198.28125,460,0.0,0.0
2023-10-24 00:00:00-03:00,20317.85190546094,21410.263293866956,18102.531602473722,19503.41796875,581,0.0,0.0
2023-10-25 00:00:00-03:00,19997.378115875163,19997.378115875163,17498.58078042979,19048.455078125,498,0.0,0.0
2023-10-26 00:00:00-03:00,18998.45669161167,20218.357594967787,18320.011803966485,19090.44921875,3148,0.0,0.0
2023-10-27 00:00:00-03:00,18337.0129879822,19070.453510744966,18337.0129879822,18449.00390625,380,0.0,0.0
2023-10-30 00:00:00-03:00,18989.46221793246,18989.46221793246,17687.067686898972,18040.5390625,603,0.0,0.0
2023-10-31 00:00:00-03:00,17998.540439253367,18759.478732268468,17838.55341312667,18160.02734375,40,0.0,0.0
2023-11-01 00:00:00-03:00,18160.527281438175,18998.459329772344,18063.03518750908,18930.46484375,1159,0.0,0.0
2023-11-02 00:00:00-03:00,18767.97883300781,19982.8803637947,18767.97883300781,19398.427734375,593,0.0,0.0
2023-11-03 00:00:00-03:00,19998.376623376622,19998.376623376622,19197.941599025973,19248.4375,329,0.0,0.0
2023-11-07 00:00:00-03:00,19248.438413529,20398.345123947613,18449.003270068406,18705.982421875,413,0.0,0.0
2023-11-08 00:00:00-03:00,18444.546251331427,18494.326295267376,17698.876776850182,17726.875,611,487.17902,0.0
2023-11-09 00:00:00-03:00,17718.8772766323,18186.34765625,16728.940002147767,18186.34765625,236,0.0,0.0
2023-11-10 00:00:00-03:00,17998.853769479443,18629.313619571487,17376.893378111876,18094.84765625,1649,0.0,0.0
2023-11-13 00:00:00-03:00,17598.882329438995,18315.336828816442,17598.882329438995,18144.84765625,655,0.0,0.0
2023-11-14 00:00:00-03:00,18998.794220296684,19498.762489251858,17374.397314461316,17879.865234375,771,0.0,0.0
2023-11-15 00:00:00-03:00,17998.855457361515,18630.815271197764,17028.91713549259,18520.822265625,1178,0.0,0.0
2023-11-16 00:00:00-03:00,18598.822135860304,19398.771475037094,17590.386000160568,18195.84765625,528,0.0,0.0
2023-11-17 00:00:00-03:00,18196.846229728893,18977.296745296724,17798.871463302246,18174.34765625,527,0.0,0.0
2023-11-21 00:00:00-03:00,18098.85099357907,21598.628810017013,18098.85099357907,20274.212890625,1175,0.0,0.0
2023-11-22 00:00:00-03:00,20998.666084762168,23148.529517249724,20308.7099134057,22598.564453125,518,0.0,0.0
2023-11-23 00:00:00-03:00,22628.561511035983,24948.4140389018,21498.63334013582,23504.005859375,508,0.0,0.0
2023-11-24 00:00:00-03:00,22998.54141907346,23898.48434416764,21178.656837216342,22296.5859375,3101,0.0,0.0
2023-11-27 00:00:00-03:00,22288.585088016735,22298.5844532424,18802.806370348437,19629.25390625,1328,0.0,0.0
2023-11-28 00:00:00-03:00,19848.73968697798,19848.73968697798,17347.89848006957,18855.802734375,1175,0.0,0.0
2023-11-29 00:00:00-03:00,18998.794481465924,19997.73109657037,18599.81979735514,19638.25390625,590,0.0,0.0
2023-11-30 00:00:00-03:00,19638.254822052524,19857.740905376468,18078.853697024348,19406.26953125,682,0.0,0.0
2023-12-01 00:00:00-03:00,20294.2144949041,20498.201573663453,19406.270740304564,20381.208984375,974,0.0,0.0
2023-12-04 00:00:00-03:00,20380.707651300723,20890.17534575356,19348.773086677902,19651.25390625,1922,0.0,0.0
2023-12-05 00:00:00-03:00,20137.7224667173,22722.05851692987,19498.763002184187,22690.060546875,1860,0.0,0.0
2023-12-06 00:00:00-03:00,22748.556266153664,24498.445209703947,21825.61484049829,22342.58203125,1597,0.0,0.0
2023-12-07 00:00:00-03:00,22773.556546613032,24200.966073299754,22148.59615839643,24035.4765625,1863,0.0,0.0
2023-12-11 00:00:00-03:00,21498.63327676449,22368.577972149844,20591.190965198733,21874.609375,10986,0.0,0.0
2023-12-12 00:00:00-03:00,22098.598119111197,23463.01156406718,21498.636179225825,23029.5390625,3787,0.0,0.0
2023-12-13 00:00:00-03:00,23254.52487786632,24998.414256392243,21879.612093764747,23308.021484375,3326,0.0,0.0
2023-12-14 00:00:00-03:00,23308.019659276822,24230.46107310736,22323.582182944938,23187.02734375,1787,0.0,0.0
2023-12-15 00:00:00-03:00,23248.52467171689,23598.502462473916,21817.61547579315,22283.0859375,1688,0.0,0.0
2023-12-18 00:00:00-03:00,22298.583537831862,23196.52649823424,21179.154646773444,21430.638671875,1514,0.0,0.0
2023-12-19 00:00:00-03:00,21298.64933788651,22502.572990600842,20621.69226738185,21343.646484375,1759,0.0,0.0
2023-12-20 00:00:00-03:00,21438.137902652386,22885.54593987757,20621.68977664592,20995.666015625,1376,0.0,0.0
2023-12-21 00:00:00-03:00,21399.642190878785,21898.61053129505,20421.70424112506,20808.6796875,1308,0.0,0.0
2023-12-22 00:00:00-03:00,21808.614198994084,21808.614198994084,20798.67837409798,20993.166015625,662,0.0,0.0
2023-12-26 00:00:00-03:00,21832.61498556373,21832.61498556373,19998.731323224085,20227.716796875,10787,0.0,0.0
2023-12-27 00:00:00-03:00,20998.66639720355,20998.66639720355,19489.762226090206,19559.2578125,812,0.0,0.0
2023-12-28 00:00:00-03:00,19348.772528354893,21090.162055906836,19348.772528354893,20966.169921875,656,0.0,0.0
2023-12-29 00:00:00-03:00,20933.669592750615,21678.622248427673,19998.729011464642,21543.130859375,1058,0.0,0.0
2024-01-02 00:00:00-03:00,21613.627630338295,22775.553853167494,20995.66686811072,21839.61328125,1246,0.0,0.0
2024-01-03 00:00:00-03:00,22447.57515386858,22920.54513238788,20388.705839341634,22831.55078125,1543,0.0,0.0
2024-01-04 00:00:00-03:00,22998.538719583965,23898.481539045948,22078.597170800607,23362.015625,921,0.0,0.0
2024-01-05 00:00:00-03:00,23608.503507027468,24548.443926197557,22998.542171183046,24464.94921875,2595,0.0,0.0
2024-01-08 00:00:00-03:00,24548.44082424656,26368.325235657103,23498.507509971252,26261.33203125,1168,0.0,0.0
2024-01-09 00:00:00-03:00,26998.284716847265,27998.22118784161,25827.859077548386,26161.337890625,1455,0.0,0.0
2024-01-10 00:00:00-03:00,26178.336583569715,27996.721040300865,24898.417911798544,25204.8984375,1192,0.0,0.0
2024-01-11 00:00:00-03:00,25248.395609961117,25851.357295220783,24402.449364969947,25203.8984375,929,0.0,0.0
2024-01-12 00:00:00-03:00,25203.400868754245,25997.85046170109,23898.98363275782,24287.458984375,842,0.0,0.0
2024-01-15 00:00:00-03:00,24198.4648125,25988.351259375,23008.540303125,24998.4140625,411,0.0,0.0
2024-01-16 00:00:00-03:00,25998.35077956462,26438.322869680327,23645.0000657298,25493.3828125,1076,0.0,0.0
2024-01-17 00:00:00-03:00,25563.377130236848,26468.319680710712,24498.444736585283,25935.353515625,797,0.0,0.0
2024-01-18 00:00:00-03:00,25938.35313117636,26981.286913590277,25598.87468522284,26055.345703125,956,0.0,0.0
2024-01-19 00:00:00-03:00,26098.344910531625,26998.287838480992,25199.401919168868,26393.826171875,981,0.0,0.0
2024-01-22 00:00:00-03:00,26997.28648962909,27787.236351727945,24786.426812286598,26064.345703125,2422,0.0,0.0
2024-01-23 00:00:00-03:00,26059.34736399351,26658.30937892126,25403.888931964895,25500.3828125,8043,0.0,0.0
2024-01-24 00:00:00-03:00,12787.188597028888,13422.648274336665,12787.188597028888,13127.6669921875,1843,0.0,0.0
2024-01-25 00:00:00-03:00,13099.169249165538,13699.131199508998,12899.181932384385,12919.1806640625,3525,0.0,0.0
2024-01-26 00:00:00-03:00,12999.175084319933,13399.14970229901,12554.203321818213,12711.193359375,1674,0.0,0.0
2024-01-29 00:00:00-03:00,12713.193138233879,13078.66994270332,12549.203546077959,12986.67578125,1464,0.0,0.0
2024-01-30 00:00:00-03:00,13496.143549380908,13496.143549380908,12755.690537725239,13065.1708984375,15560,0.0,0.0
2024-01-31 00:00:00-03:00,13070.171152232555,13251.15967480574,12639.698450753242,12997.17578125,16830,0.0,0.0
2024-02-01 00:00:00-03:00,12999.172989991252,13599.134820298541,12650.19519202918,13431.1455078125,1985,0.0,0.0
2024-02-02 00:00:00-03:00,13763.12614622227,13763.12614622227,13104.667953306885,13658.1328125,2540,0.0,0.0
2024-02-05 00:00:00-03:00,13699.130813267233,13999.111779981115,13099.168879839472,13236.66015625,2244,0.0,0.0
2024-02-06 00:00:00-03:00,13494.143804785524,13499.143487558695,12810.687169693201,12990.17578125,1441,0.0,0.0
2024-02-07 00:00:00-03:00,12999.174761100938,13282.156796284906,12699.193805075533,13106.16796875,1287,0.0,0.0
2024-02-08 00:00:00-03:00,12994.17535864775,13299.156003848793,12177.727172396431,12202.7255859375,3198,0.0,0.0
2024-02-09 00:00:00-03:00,11719.256115661625,12686.194738856573,11719.256115661625,12200.2255859375,1301,0.0,0.0
2024-02-14 00:00:00-03:00,12201.225495765444,12209.224987977059,11224.287509421989,11338.2802734375,3073,0.0,0.0
2024-02-15 00:00:00-03:00,11299.282432490185,11885.745188831379,11133.792941996633,11333.2802734375,1451,0.0,0.0
2024-02-16 00:00:00-03:00,11334.280173241059,11795.25089753432,10411.838756406927,11763.2529296875,3069,0.0,0.0
2024-02-19 00:00:00-03:00,11999.23946496212,12999.176087042299,11699.258478338068,11879.2470703125,2181,0.0,0.0
2024-02-20 00:00:00-03:00,11559.267158232962,11595.264876026768,11090.296890308113,11290.7841796875,1428,0.0,0.0
2024-02-21 00:00:00-03:00,11449.272804148888,11705.756513691613,11049.298208370761,11131.79296875,1121,0.0,0.0
2024-02-22 00:00:00-03:00,10949.305065095303,11199.289199001589,10499.33362406399,11016.80078125,2360,0.0,0.0
2024-02-23 00:00:00-03:00,11049.29827281345,11236.786365677932,10599.326849938696,11009.80078125,1201,0.0,0.0
2024-02-26 00:00:00-03:00,11021.30088466303,11021.30088466303,10699.321308827293,10745.818359375,1035,0.0,0.0
2024-02-27 00:00:00-03:00,10799.314887351327,11102.795634417173,10560.830016922318,10929.306640625,1256,0.0,0.0
2024-02-28 00:00:00-03:00,10849.310800411775,11225.78688486846,10560.329157893893,10730.318359375,1722,0.0,0.0
2024-02-29 00:00:00-03:00,10699.32152979651,11199.289825581396,10641.325207485464,10749.318359375,2869,0.0,0.0
2024-03-01 00:00:00-03:00,10749.317362752518,11183.28980325806,10099.358638493062,11025.7998046875,2119,0.0,0.0
2024-03-04 00:00:00-03:00,11039.299779233728,11882.74627957645,10513.333141201396,10530.83203125,2180,0.0,0.0
2024-03-05 00:00:00-03:00,10499.333103223778,10684.821321380732,9999.364860213122,10439.3369140625,1201,0.0,0.0
2024-03-06 00:00:00-03:00,10001.364508666902,10627.824703096,10001.364508666902,10235.849609375,2299,0.0,0.0
2024-03-07 00:00:00-03:00,9832.376488717171,10849.312000669308,9832.376488717171,10317.845703125,1162,0.0,0.0
2024-03-08 00:00:00-03:00,9999.365306499261,10622.82573335949,9999.365306499261,10492.833984375,1327,0.0,0.0
2024-03-11 00:00:00-03:00,10504.833536239064,10617.826367574557,10331.344542993862,10343.84375,918,0.0,0.0
2024-03-12 00:00:00-03:00,10567.82912899806,11229.287138065782,10567.82912899806,10891.30859375,2570,0.0,0.0
2024-03-13 00:00:00-03:00,10799.315075345285,11233.287551521196,10799.315075345285,10932.306640625,6255,0.0,0.0
2024-03-14 00:00:00-03:00,10898.808815789005,11097.29622804958,10885.309671882114,10979.3037109375,1089,0.0,0.0
2024-03-15 00:00:00-03:00,10979.302987571287,11085.796226931609,10384.84072654113,10783.3154296875,1211,0.0,0.0
2024-03-18 00:00:00-03:00,10799.314123286607,11325.28071855038,10799.314123286607,11270.7841796875,2546,0.0,0.0
2024-03-19 00:00:00-03:00,11306.782116347353,11411.275481915189,11166.291036325527,11274.2841796875,2965,0.0,0.0
2024-03-20 00:00:00-03:00,11347.780325129768,11749.25486366258,11305.782988595825,11702.7578125,826,0.0,0.0
2024-03-21 00:00:00-03:00,11842.248850848337,11842.248850848337,11454.77342826084,11731.755859375,10915,0.0,0.0
2024-03-22 00:00:00-03:00,11899.245319042126,11935.743004264397,11627.762537183307,11702.2578125,1919,0.0,0.0
2024-03-25 00:00:00-03:00,11648.260688990853,11968.740348259595,11590.264369996821,11601.263671875,1141,0.0,0.0
2024-03-26 00:00:00-03:00,11788.251991757332,12132.730133343592,11747.754561469254,11804.2509765625,1592,0.0,0.0
2024-03-27 00:00:00-03:00,11849.248212268549,12068.234318469968,11782.252462882725,11867.2470703125,1975,0.0,0.0
2024-04-03 00:00:00-03:00,12013.236899451793,12013.236899451793,11729.754906693794,11776.251953125,2850,0.0,0.0
2024-04-04 00:00:00-03:00,11769.253864043809,12084.733863543028,11627.262865853985,11660.7607421875,6294,0.0,0.0
2024-04-05 00:00:00-03:00,11775.752081407274,11783.751573331976,11338.779835020403,11593.263671875,1379,0.0,0.0
2024-04-08 00:00:00-03:00,11589.263636768412,11753.253217133384,11399.2757082968,11404.275390625,3439,0.0,0.0
2024-04-09 00:00:00-03:00,11433.27333780014,12440.209340175927,11433.27333780014,12399.7119140625,5496,0.0,0.0
2024-04-10 00:00:00-03:00,12404.21176402655,12449.208904645751,12086.731938546627,12125.2294921875,2398,0.0,0.0
2024-04-11 00:00:00-03:00,12179.227242334206,12353.71617121658,12174.727527835807,12220.724609375,5,0.0,0.0
2024-04-12 00:00:00-03:00,12224.224708007561,12499.207267901393,11635.762029834765,11702.2578125,1643,0.0,0.0
2024-04-15 00:00:00-03:00,11701.25659591012,11868.745954978223,11481.270572059477,11543.7666015625,1525,0.0,0.0
2024-04-16 00:00:00-03:00,11543.266880751533,11597.26345139954,11397.27615270322,11409.275390625,2012,0.0,0.0
2024-04-17 00:00:00-03:00,11610.263917456426,11686.759067717852,11299.2836333871,11352.2802734375,934,0.0,0.0
2024-04-18 00:00:00-03:00,11375.777580474369,11503.769452341878,11299.782406553035,11471.771484375,920,0.0,0.0
2024-04-19 00:00:00-03:00,11574.264713331304,11777.751786261146,11554.765952043188,11759.7529296875,573,0.0,0.0
2024-04-22 00:00:00-03:00,11999.238207049388,11999.238207049388,11733.75506171842,11844.248046875,1204,0.0,0.0
2024-04-23 00:00:00-03:00,11899.244389382624,12004.237722230117,11739.254548853109,11764.7529296875,1234,0.0,0.0
2024-04-24 00:00:00-03:00,11766.75398919708,11803.251675248126,11594.264924983228,11737.255859375,1549,0.0,0.0
2024-04-25 00:00:00-03:00,11899.245465921738,11911.244705047036,11554.267341069384,11904.7451171875,6915,0.0,0.0
2024-04-26 00:00:00-03:00,11909.243426710658,12151.22805385289,11882.745110102107,11990.23828125,439,0.0,0.0
2024-04-29 00:00:00-03:00,11999.238979256286,12264.722141672331,11999.238979256286,12087.2333984375,1796,0.0,0.0
2024-04-30 00:00:00-03:00,12099.231646451315,12230.723296162749,11875.745838766863,11933.2421875,1045,0.0,0.0
2024-05-02 00:00:00-03:00,11899.244660378734,12057.73459976277,11859.747167598485,11999.73828125,3327,0.0,0.0
2024-05-03 00:00:00-03:00,12464.208174680065,12668.195215805996,12343.215861071058,12482.20703125,2783,0.0,0.0
2024-05-06 00:00:00-03:00,12399.212523908192,12658.196075818854,12352.715476943536,12547.203125,1672,0.0,0.0
2024-05-07 00:00:00-03:00,12547.203602709826,12619.199033009085,12323.217819556574,12354.7158203125,3661,0.0,0.0
2024-05-08 00:00:00-03:00,12449.210467548764,12449.210467548764,12116.731553455595,12226.224609375,5168,0.0,0.0
2024-05-09 00:00:00-03:00,12599.200896412818,12599.200896412818,12149.229435826646,12240.7236328125,1472,0.0,0.0
2024-05-10 00:00:00-03:00,12341.217289750022,12341.217289750022,11915.744274291535,12010.23828125,956,0.0,0.0
2024-05-13 00:00:00-03:00,12010.406550884829,12010.406550884829,11610.42631440544,11897.912109375,1978,248.5155,0.0
2024-05-14 00:00:00-03:00,11899.411212503745,11920.910148728015,11619.425066327185,11683.921875,850,0.0,0.0
2024-05-15 00:00:00-03:00,11684.422330624973,11898.911726424636,11594.4267799398,11871.4130859375,940,0.0,0.0
2024-05-16 00:00:00-03:00,11879.411359836255,11969.906875666657,11750.917726861595,11923.4091796875,1965,0.0,0.0
2024-05-17 00:00:00-03:00,11486.932248310524,11537.429752427144,11049.953846350854,11400.4365234375,1386,0.0,0.0
2024-05-20 00:00:00-03:00,11549.428884169673,11729.419983663225,11359.438279148699,11710.9208984375,1727,0.0,0.0
2024-05-21 00:00:00-03:00,11755.918224715891,12335.389547917768,11755.4182494586,12293.8916015625,8935,0.0,0.0
2024-05-22 00:00:00-03:00,12499.381288117278,12931.359905434612,12407.385841836734,12665.873046875,3814,0.0,0.0
2024-05-23 00:00:00-03:00,12600.376514342479,12899.861695363474,12212.895687478918,12413.8857421875,5699,0.0,0.0
2024-05-24 00:00:00-03:00,12349.389027046762,12686.872330417473,12159.89840189491,12218.3955078125,1029,0.0,0.0
2024-05-27 00:00:00-03:00,12079.40197010305,12348.38865304657,11706.420435761293,12032.404296875,1233,0.0,0.0
2024-05-28 00:00:00-03:00,12158.398906742761,12319.390947534404,12036.904913226086,12207.396484375,2356,0.0,0.0
2024-05-29 00:00:00-03:00,12298.391552049801,12394.386802801633,11650.423609474936,11803.916015625,1867,0.0,0.0
2024-05-30 00:00:00-03:00,11799.416436645637,11899.411491193481,11610.92575882295,11886.912109375,1106,0.0,0.0
2024-05-31 00:00:00-03:00,11899.410862343859,12363.387890926006,11750.418238941402,12327.8896484375,5300,0.0,0.0
2024-06-03 00:00:00-03:00,12294.392392267966,12478.3832991551,12074.403264468134,12310.3916015625,4053,0.0,0.0
2024-06-04 00:00:00-03:00,12308.391716683438,12649.374865224267,12053.40431821449,12172.3984375,1431,0.0,0.0
2024-06-05 00:00:00-03:00,12199.396992145708,12248.394570228917,12029.405394714171,12150.3994140625,3205,0.0,0.0
2024-06-06 00:00:00-03:00,12402.386437721309,12422.385448344095,11999.406373672151,12001.90625,2340,0.0,0.0
2024-06-07 00:00:00-03:00,11936.40921043397,12156.398322128322,11791.416386817238,11798.916015625,8948,0.0,0.0
2024-06-10 00:00:00-03:00,12088.902034311599,12088.902034311599,11871.412792203755,12062.9033203125,1592,0.0,0.0
2024-06-11 00:00:00-03:00,12062.902820797253,12062.902820797253,11841.913760955898,11973.9072265625,1078,0.0,0.0
2024-06-12 00:00:00-03:00,11799.416287694296,12121.900334540178,11779.917252303614,11804.916015625,2236,0.0,0.0
2024-06-13 00:00:00-03:00,11779.417873434753,11869.413425948262,11285.942260485683,11658.923828125,1457,0.0,0.0
2024-06-14 00:00:00-03:00,11679.42183744811,11679.42183744811,11311.940028778403,11441.93359375,994,0.0,0.0
2024-06-18 00:00:00-03:00,11509.430500046568,11947.408828371537,11336.439059863418,11407.435546875,1234,0.0,0.0
2024-06-19 00:00:00-03:00,11334.43912680062,11849.413643810089,10999.45570311485,11544.9287109375,711,0.0,0.0
2024-06-24 00:00:00-03:00,11554.428223383942,12463.38324329359,11554.428223383942,12412.8857421875,3865,0.0,0.0
2024-06-25 00:00:00-03:00,12429.3858952797,12555.879645541396,12269.893775384518,12313.8916015625,5480,0.0,0.0
2024-06-26 00:00:00-03:00,12287.391494756252,13079.352274691713,12287.391494756252,13014.85546875,4901,0.0,0.0
2024-06-27 00:00:00-03:00,12949.360554685705,13199.348210181568,12799.367961388187,13052.35546875,5578,0.0,0.0
2024-06-28 00:00:00-03:00,13299.342641202027,13299.342641202027,12920.361373456495,13118.8515625,1729,0.0,0.0
2024-07-01 00:00:00-03:00,13169.34883981903,14099.3028581206,13169.34883981903,14062.3046875,3481,0.0,0.0
2024-07-02 00:00:00-03:00,14136.79959222885,14425.785274432503,13999.306404329189,14112.80078125,2610,0.0,0.0
2024-07-03 00:00:00-03:00,14619.276965019828,14619.276965019828,12999.357082438972,13742.8203125,6518,0.0,0.0
2024-07-04 00:00:00-03:00,14148.299846211306,14634.77577208464,13468.833470813712,13616.326171875,1152,0.0,0.0
2024-07-05 00:00:00-03:00,13615.826605082108,13829.316046582127,13610.326877080935,13683.8232421875,2570,0.0,0.0
2024-07-08 00:00:00-03:00,13699.322848276923,13804.817633714383,13503.832511281438,13612.3271484375,2661,0.0,0.0
2024-07-10 00:00:00-03:00,13549.329428273537,13874.31334444984,13549.329428273537,13674.3232421875,1550,0.0,0.0
2024-07-11 00:00:00-03:00,13799.31705960854,14149.299738656582,13624.325720084518,14049.3046875,2455,0.0,0.0
2024-07-12 00:00:00-03:00,14099.302871128815,14099.302871128815,13774.318939702087,13924.3115234375,2392,0.0,0.0
2024-07-15 00:00:00-03:00,13624.326483751247,13624.326483751247,12374.388274232784,12524.380859375,3307,0.0,0.0
2024-07-16 00:00:00-03:00,12899.361118861607,12899.361118861607,12049.403215680803,12599.3759765625,2628,0.0,0.0
2024-07-17 00:00:00-03:00,12624.37552006287,12849.364390717456,12549.379229844675,12674.373046875,844,0.0,0.0
2024-07-18 00:00:00-03:00,12774.367771103087,12799.36653386454,12399.386329681274,12549.37890625,971,0.0,0.0
2024-07-19 00:00:00-03:00,12549.379623565368,12624.375916136476,12399.387038423152,12524.380859375,482,0.0,0.0
2024-07-22 00:00:00-03:00,12649.373569758858,12799.366141732284,12599.376045767716,12699.37109375,1101,0.0,0.0
2024-07-23 00:00:00-03:00,12774.369028019382,12774.369028019382,12549.380141028827,12574.37890625,686,0.0,0.0
2024-07-24 00:00:00-03:00,12549.378311649445,12574.377073226437,12349.388219033519,12399.3857421875,2306,0.0,0.0
2024-07-25 00:00:00-03:00,12299.391278635458,12649.373957295817,12299.391278635458,12549.37890625,500,0.0,0.0
2024-07-26 00:00:00-03:00,12374.386645159751,12374.386645159751,12149.397797065936,12274.3916015625,1120,0.0,0.0
2024-07-29 00:00:00-03:00,12274.393496534907,12474.383614604723,12174.3984375,12174.3984375,1426,0.0,0.0
2024-07-30 00:00:00-03:00,12199.397023026315,12224.395787417763,11874.4130859375,11874.4130859375,2731,0.0,0.0
2024-07-31 00:00:00-03:00,11949.409666982323,12474.383731849748,11774.418312026515,12374.388671875,77,0.0,0.0
2024-08-01 00:00:00-03:00,12199.396484375,12524.380407114499,12174.397721087347,12199.396484375,306,0.0,0.0
2024-08-02 00:00:00-03:00,12099.401431224385,12249.394010950307,11899.411324923156,12199.396484375,1273,0.0,0.0
2024-08-05 00:00:00-03:00,11524.42981461454,12124.400130342845,11524.42981461454,12099.4013671875,14189,0.0,0.0
2024-08-06 00:00:00-03:00,12199.39714350414,12274.393437419125,11949.40949712086,12074.4033203125,1249,0.0,0.0
2024-08-07 00:00:00-03:00,12199.396942515432,12199.396942515432,11949.409300250773,12149.3994140625,1588,0.0,0.0
2024-08-08 00:00:00-03:00,12224.394411148563,12499.380788495464,12224.394411148563,12399.3857421875,1151,0.0,0.0
2024-08-09 00:00:00-03:00,12424.385099712172,13374.338085203242,12424.385099712172,13299.341796875,2464,0.0,0.0
2024-08-12 00:00:00-03:00,13374.337577049884,13674.322718965022,13224.345006092317,13624.3251953125,5666,0.0,0.0
2024-08-13 00:00:00-03:00,14449.284319672568,15099.252126439846,14449.284319672568,14649.2744140625,9885,0.0,0.0
2024-08-14 00:00:00-03:00,14499.283282073813,14649.275867750439,14049.305525043937,14224.296875,5203,0.0,0.0
2024-08-15 00:00:00-03:00,14499.282424514358,14924.261392129434,14474.283661713473,14799.267578125,2831,0.0,0.0
2024-08-16 00:00:00-03:00,14874.263535455708,14899.26229770017,14574.278388522147,14674.2734375,1387,0.0,0.0
2024-08-19 00:00:00-03:00,14899.262032049914,14899.262032049914,14549.279366867533,14649.2744140625,1513,0.0,0.0
2024-08-20 00:00:00-03:00,14599.277604166668,14599.277604166668,14174.2986328125,14249.294921875,1192,0.0,0.0
2024-08-21 00:00:00-03:00,14449.285566511444,14474.284330467346,13899.312759481598,13924.3115234375,3418,0.0,0.0
2024-08-22 00:00:00-03:00,13899.31170132435,13899.31170132435,13424.335222322257,13449.333984375,1751,0.0,0.0
2024-08-23 00:00:00-03:00,13449.333743772646,13799.31640625,13324.339935745018,13799.31640625,517,0.0,0.0
2024-08-26 00:00:00-03:00,13999.307690118398,14074.303981315461,13674.323761597792,13724.3212890625,606,0.0,0.0
2024-08-27 00:00:00-03:00,13624.326163155692,14199.297726004464,13624.326163155692,13999.3076171875,1230,0.0,0.0
2024-08-28 00:00:00-03:00,14074.30397066157,14224.296552942154,13974.308915807846,14099.302734375,2624,0.0,0.0
2024-08-29 00:00:00-03:00,13749.319468946012,14024.305858324933,13749.319468946012,13949.3095703125,2590,0.0,0.0
2024-08-30 00:00:00-03:00,14074.30280499063,14399.286706349205,14049.304043347662,14174.2978515625,727,0.0,0.0
2024-09-02 00:00:00-03:00,14599.276942934783,14799.26703804348,13699.321514945652,14374.2880859375,703,0.0,0.0
2024-09-03 00:00:00-03:00,14149.299297009931,14549.279489151555,14149.299297009931,14474.283203125,1317,0.0,0.0
2024-09-04 00:00:00-03:00,14549.2802734375,14699.27285357603,14424.28645665539,14549.2802734375,2314,0.0,0.0
2024-09-05 00:00:00-03:00,14899.262157275476,14899.262157275476,14299.29186906304,14474.283203125,7502,0.0,0.0
2024-09-06 00:00:00-03:00,14824.267074584961,14824.267074584961,14224.296737670898,14399.2880859375,3252,0.0,0.0
2024-09-09 00:00:00-03:00,13974.30833298331,13974.30833298331,13674.32318093358,13949.3095703125,2626,0.0,0.0
2024-09-10 00:00:00-03:00,13949.309830612701,14049.304883161896,13574.32838355322,13974.30859375,1096,0.0,0.0
2024-09-11 00:00:00-03:00,13899.312110765124,14299.292315391458,13899.312110765124,14049.3046875,966,0.0,0.0
2024-09-12 00:00:00-03:00,14074.303580729167,14374.288736979168,14049.304817708333,14249.294921875,1597,0.0,0.0
2024-09-13 00:00:00-03:00,14849.264633257773,14849.264633257773,14324.290631071892,14474.283203125,1043,0.0,0.0
2024-09-16 00:00:00-03:00,14499.28261786803,14499.28261786803,14274.293749659733,14349.2900390625,2399,0.0,0.0
2024-09-17 00:00:00-03:00,13949.310026978417,13949.310026978417,13549.32981115108,13899.3125,2936,0.0,0.0
2024-09-18 00:00:00-03:00,13899.312759481598,14024.306579261109,13749.320175746185,13924.3115234375,880,0.0,0.0
2024-09-19 00:00:00-03:00,13999.307740977112,14224.296615385672,13974.308977153938,14199.2978515625,768,0.0,0.0
2024-09-20 00:00:00-03:00,13999.307161921708,14099.302213078292,13749.319534030248,14049.3046875,469,0.0,0.0
2024-09-23 00:00:00-03:00,14049.304043347662,14199.296613205466,14024.305281704696,14174.2978515625,813,0.0,0.0
2024-09-24 00:00:00-03:00,14299.291659777336,14399.286706349205,14024.305281704696,14174.2978515625,509,0.0,0.0
2024-09-25 00:00:00-03:00,13999.3076171875,14049.305144391741,13724.321217564175,13999.3076171875,497,0.0,0.0
2024-09-26 00:00:00-03:00,14374.288736979168,14899.262760416666,14249.294921875,14249.294921875,2667,0.0,0.0
2024-09-27 00:00:00-03:00,14249.294789813166,14299.292315391458,13949.309636343416,14049.3046875,1187,0.0,0.0
2024-09-30 00:00:00-03:00,13974.30919034091,13974.30919034091,13499.332670454545,13749.3203125,744,0.0,0.0
2024-10-01 00:00:00-03:00,13774.31848697463,14374.288802196754,13649.324671303353,14349.2900390625,1172,0.0,0.0
2024-10-02 00:00:00-03:00,14574.279987233569,14574.279987233569,14024.307157526642,14074.3046875,963,0.0,0.0
2024-10-03 00:00:00-03:00,13949.308975883152,13949.308975883152,13699.3213598279,13799.31640625,626,0.0,0.0
2024-10-04 00:00:00-03:00,13924.310870015426,13924.310870015426,13674.3232421875,13674.3232421875,977,0.0,0.0
2024-10-07 00:00:00-03:00,13674.322842849675,13874.312939271607,13424.335222322257,13449.333984375,1148,0.0,0.0
2024-10-08 00:00:00-03:00,13449.335991553275,13574.329820471057,13274.344631068381,13549.3310546875,507,0.0,0.0
2024-10-09 00:00:00-03:00,13449.335036912951,13449.335036912951,13049.354812766842,13174.3486328125,1144,0.0,0.0
2024-10-10 00:00:00-03:00,13024.355015012547,13299.341397287284,13024.355015012547,13074.3525390625,12307,0.0,0.0
2024-10-14 00:00:00-03:00,13099.35299928161,13124.351764547415,12599.377693965518,13049.35546875,1015,0.0,0.0
2024-10-15 00:00:00-03:00,12999.357090212265,13299.342253832547,12974.358326577241,13249.3447265625,1226,0.0,0.0
2024-10-16 00:00:00-03:00,13299.342831739737,13424.336655346315,13249.345302297108,13399.337890625,832,0.0,0.0
2024-10-17 00:00:00-03:00,13374.338023710865,13649.324412983426,13374.338023710865,13574.328125,993,0.0,0.0
2024-10-18 00:00:00-03:00,13599.326694139194,13749.319267971612,13474.33288261218,13649.32421875,1337,0.0,0.0
2024-10-21 00:00:00-03:00,13899.311575401376,13899.311575401376,13549.328909833715,13624.3251953125,4040,0.0,0.0
2024-10-22 00:00:00-03:00,13874.313871456627,13974.308926386044,13724.3212890625,13724.3212890625,1477,0.0,0.0
2024-10-23 00:00:00-03:00,13849.314713541668,13874.3134765625,13524.330794270834,13874.3134765625,633,0.0,0.0
2024-10-24 00:00:00-03:00,13874.31334444984,13874.31334444984,13599.326953839123,13674.3232421875,345,0.0,0.0
2024-10-25 00:00:00-03:00,13849.314581667048,13949.309632798218,13649.324479404708,13674.3232421875,629,0.0,0.0
2024-10-28 00:00:00-03:00,13999.306749535315,13999.306749535315,13449.333984375,13449.333984375,2583,0.0,0.0
2024-10-29 00:00:00-03:00,13749.319057964653,13749.319057964653,13249.343819493211,13349.3388671875,1242,0.0,0.0
2024-10-30 00:00:00-03:00,13649.324807960895,13649.324807960895,13124.350776885476,13424.3359375,549,0.0,0.0
2024-10-31 00:00:00-03:00,13724.321504237289,13724.321504237289,13174.348693502825,13274.34375,1047,0.0,0.0
2024-11-01 00:00:00-03:00,13349.339781102595,13574.328653817807,13224.345962927477,13249.3447265625,631,0.0,0.0
2024-11-04 00:00:00-03:00,13549.329362338858,13624.325650322284,12749.36895718232,13574.328125,888,0.0,0.0
2024-11-05 00:00:00-03:00,13899.312375410413,13899.312375410413,13249.34453051712,13324.3408203125,835,0.0,0.0
2024-11-06 00:00:00-03:00,13524.3304650993,13524.3304650993,13249.344078563085,13374.337890625,376,0.0,0.0
2024-11-07 00:00:00-03:00,12999.35620025749,13624.325248346793,12999.35620025749,13349.3388671875,2179,0.0,0.0
2024-11-08 00:00:00-03:00,13499.332362912735,13499.332362912735,13149.349672022407,13249.3447265625,738,0.0,0.0
2024-11-11 00:00:00-03:00,13174.349295079024,13674.324600395115,12949.360407686781,13049.35546875,700,0.0,0.0
2024-11-12 00:00:00-03:00,13099.527493414751,13249.522083034004,12774.539215906369,13049.529296875,4798,257.1101,0.0
2024-11-13 00:00:00-03:00,13049.529447115385,13174.524939903846,12599.545673076922,12999.53125,5070,0.0,0.0
2024-11-14 00:00:00-03:00,13449.514281728316,13449.514281728316,11999.566645408164,12249.5576171875,2399,0.0,0.0
2024-11-15 00:00:00-03:00,12449.54983717588,12949.531758347603,12099.562492355675,12774.5380859375,2376,0.0,0.0
2024-11-19 00:00:00-03:00,12999.530610940696,13199.523389570551,12074.564009777607,12224.55859375,6083,0.0,0.0
2024-11-20 00:00:00-03:00,11899.570472920945,12399.552425564681,11849.57227765657,12174.560546875,1121,0.0,0.0
2024-11-21 00:00:00-03:00,11999.56650152439,12499.548439087906,11674.578242108106,12299.5556640625,894,0.0,0.0
2024-11-22 00:00:00-03:00,12249.55732461412,12699.541063069333,12224.558228033275,12349.5537109375,928,0.0,0.0
2024-11-25 00:00:00-03:00,12399.551904099191,12399.551904099191,12099.56274512905,12349.5537109375,718,0.0,0.0
2024-11-26 00:00:00-03:00,12624.543517561982,12799.537190082645,11949.567923553719,12099.5625,859,0.0,0.0
2024-11-27 00:00:00-03:00,12399.551953125,12399.551953125,11949.568212890625,11999.56640625,5585,0.0,0.0
2024-11-28 00:00:00-03:00,11999.56655334728,12574.545784028505,11474.585516638337,11949.568359375,688,0.0,0.0
2024-11-29 00:00:00-03:00,11849.57235001929,12474.549794640561,11824.57325223444,12149.5615234375,794,0.0,0.0
2024-12-02 00:00:00-03:00,12599.544726562499,12599.544726562499,11749.575439453125,11999.56640625,1351,0.0,0.0
2024-12-03 00:00:00-03:00,12449.549845041322,12449.549845041322,11849.571539256198,12099.5625,1700,0.0,0.0
2024-12-04 00:00:00-03:00,12399.552647292994,12449.550843451432,11749.576097233281,11774.5751953125,1751,0.0,0.0
2024-12-05 00:00:00-03:00,12224.558250802997,12399.55192719486,11624.579931745182,11674.578125,1883,0.0,0.0
2024-12-06 00:00:00-03:00,11474.58462890625,12049.563815104168,11224.593678385418,11249.5927734375,5163,0.0,0.0
2024-12-09 00:00:00-03:00,11024.60182137325,11674.57834598936,10649.615364863956,11599.5810546875,3840,0.0,0.0
2024-12-10 00:00:00-03:00,11674.577906831782,11799.57338763298,11449.586041389628,11749.5751953125,1860,0.0,0.0
2024-12-11 00:00:00-03:00,11724.575954631224,11824.572338039592,11449.58590025821,11799.5732421875,636,0.0,0.0
2024-12-12 00:00:00-03:00,11824.57260259272,11849.57169900412,11199.595192307692,11374.5888671875,9679,0.0,0.0
2024-12-13 00:00:00-03:00,11349.59067040159,11924.569933439556,11249.59427682977,11399.5888671875,2424,0.0,0.0
2024-12-16 00:00:00-03:00,11399.58781797046,11824.572451535149,11399.58781797046,11424.5869140625,1512,0.0,0.0
2024-12-17 00:00:00-03:00,11374.589325875948,11699.577592329546,11374.589325875948,11549.5830078125,4186,0.0,0.0
2024-12-18 00:00:00-03:00,11974.567028087391,12149.560700731674,11349.589625786379,11424.5869140625,3077,0.0,0.0
2024-12-19 00:00:00-03:00,11424.586438802084,11749.574674479167,10999.601822916668,11249.5927734375,1412,0.0,0.0
2024-12-20 00:00:00-03:00,11249.594425419878,11399.58901775881,10874.60794457255,11349.5908203125,4274,0.0,0.0
2024-12-23 00:00:00-03:00,11324.589915047705,11324.589915047705,11124.597157166068,11299.5908203125,792,0.0,0.0
2024-12-24 00:00:00-03:00,11649.579229316796,11649.579229316796,10999.602705792684,11274.5927734375,459,0.0,0.0
2024-12-26 00:00:00-03:00,11199.59548226164,11599.581035199557,11074.599996968542,11274.5927734375,1085,0.0,0.0
2024-12-27 00:00:00-03:00,11199.596603563474,11574.583096986358,11099.600205317372,11224.595703125,4696,0.0,0.0
2024-12-30 00:00:00-03:00,11299.59169921875,11349.589892578124,10924.605249023438,10999.6025390625,14686,0.0,0.0
2025-01-02 00:00:00-03:00,10949.604369308774,11449.586303980408,10849.607982374448,11324.5908203125,3014,0.0,0.0
2025-01-03 00:00:00-03:00,11499.583578194137,11499.583578194137,11074.598967695658,11299.5908203125,3199,0.0,0.0
2025-01-06 00:00:00-03:00,11299.591433602298,11724.576067166987,11199.595049234136,11424.5869140625,4234,0.0,0.0
2025-01-07 00:00:00-03:00,11299.591889480065,11624.580151788121,11249.593695278825,11599.5810546875,2672,0.0,0.0
2025-01-08 00:00:00-03:00,11799.573831492458,11799.573831492458,11199.595501077587,11599.5810546875,1362,0.0,0.0
2025-01-09 00:00:00-03:00,11474.585729851973,11999.566776315789,11474.585729851973,11874.5712890625,915,0.0,0.0
2025-01-10 00:00:00-03:00,11699.577002992022,11974.567060754654,11549.582426030585,11749.5751953125,2172,0.0,0.0
2025-01-13 00:00:00-03:00,11774.575420673076,11874.571814903846,10999.603365384615,11699.578125,1406,0.0,0.0
2025-01-14 00:00:00-03:00,11949.567817300052,11949.567817300052,11549.582283666577,11799.5732421875,1069,0.0,0.0
2025-01-15 00:00:00-03:00,11524.583710610617,12024.565650333421,11499.584613624478,11949.568359375,2392,0.0,0.0
2025-01-16 00:00:00-03:00,12024.565705398034,12049.564802498653,11574.58195758688,11599.5810546875,3162,0.0,0.0
2025-01-17 00:00:00-03:00,11424.587965580455,11999.567228618422,11349.59067040159,11399.5888671875,9548,0.0,0.0
2025-01-20 00:00:00-03:00,11424.5870600103,11574.581638478709,11199.595192307692,11374.5888671875,331,0.0,0.0
2025-01-21 00:00:00-03:00,11549.582690914734,11574.581787648316,11124.598046443847,11324.5908203125,5459,0.0,0.0
2025-01-22 00:00:00-03:00,11474.58462890625,11599.580104166667,11149.596393229167,11249.5927734375,956,0.0,0.0
2025-01-23 00:00:00-03:00,11174.595847963483,11349.589518960674,10999.602176966293,11124.59765625,1157,0.0,0.0
2025-01-24 00:00:00-03:00,11299.592168274608,11824.573220340464,10699.613823056488,11174.5966796875,20725,0.0,0.0
2025-01-27 00:00:00-03:00,11174.597055288461,11174.597055288461,10874.607872596152,11049.6015625,12152,0.0,0.0
2025-01-28 00:00:00-03:00,11574.581995494851,11974.56755041476,10874.60727438501,10924.60546875,2704,0.0,0.0
2025-01-29 00:00:00-03:00,10999.602922712054,11374.589385986328,10974.603825160435,11199.595703125,2141,0.0,0.0
2025-01-30 00:00:00-03:00,11099.598806662087,11524.583445655906,11099.598806662087,11374.5888671875,4368,0.0,0.0
2025-01-31 00:00:00-03:00,10849.607703945569,11974.567028087391,10849.607703945569,11424.5869140625,13185,0.0,0.0
2025-02-03 00:00:00-03:00,11374.589768794545,11524.584359152275,10924.605997721354,11399.5888671875,2004,0.0,0.0
2025-02-04 00:00:00-03:00,11099.598246827754,11599.580149838013,10949.603675924676,11574.5810546875,818,0.0,0.0
2025-02-05 00:00:00-03:00,11724.575625590578,11724.575625590578,11374.588293483397,11574.5810546875,1130,0.0,0.0
2025-02-06 00:00:00-03:00,11324.591203735086,11799.57405775488,11299.592106155098,11524.583984375,1920,0.0,0.0
2025-02-07 00:00:00-03:00,11249.593623991936,11724.576465893817,11249.593623991936,11624.580078125,4558,0.0,0.0
2025-02-10 00:00:00-03:00,11599.5810546875,11699.577443089978,11474.585569184403,11599.5810546875,1097,0.0,0.0
2025-02-11 00:00:00-03:00,11849.572176846592,11899.570371685606,11349.59022845644,11549.5830078125,6891,0.0,0.0
2025-02-12 00:00:00-03:00,11774.5751123366,11899.57060185185,11349.590447984749,11474.5859375,1429,0.0,0.0
2025-02-13 00:00:00-03:00,11524.584435096152,11799.57451923077,11449.587139423076,11699.578125,4007,0.0,0.0
2025-02-14 00:00:00-03:00,11424.58715872591,11774.574511509636,11324.590772216274,11674.578125,4282,0.0,0.0
2025-02-17 00:00:00-03:00,11749.575050483316,12124.561488264697,11599.580475370762,11799.5732421875,1020,0.0,0.0
2025-02-18 00:00:00-03:00,12274.55642483029,13474.513061066245,12274.55642483029,13349.517578125,28807,0.0,0.0
2025-02-19 00:00:00-03:00,13649.507019161027,13649.507019161027,12874.53500891562,12924.533203125,4783,0.0,0.0
2025-02-20 00:00:00-03:00,12924.533276934957,13124.526054914608,12549.54681822311,12899.5341796875,6258,0.0,0.0
2025-02-21 00:00:00-03:00,12674.542606026786,13199.523660714285,12674.542606026786,13124.5263671875,6924,0.0,0.0
2025-02-24 00:00:00-03:00,12899.53410602031,13099.526882857834,12699.541329182786,12924.533203125,11046,0.0,0.0
2025-02-25 00:00:00-03:00,13099.52644000956,13324.518306345602,12949.531862452199,13074.52734375,3394,0.0,0.0
2025-02-26 00:00:00-03:00,13499.512591019417,13499.512591019417,12849.536058859223,12874.53515625,2446,0.0,0.0
2025-02-27 00:00:00-03:00,12374.553431919643,13299.520052083333,12374.553431919643,13124.5263671875,5351,0.0,0.0
2025-02-28 00:00:00-03:00,13099.527121382827,13199.523511622392,12899.534340903701,13174.5244140625,1397,0.0,0.0
2025-03-05 00:00:00-03:00,13174.52404693374,13399.515918703008,12774.53849712171,13299.51953125,1888,0.0,0.0
2025-03-06 00:00:00-03:00,13074.527877259568,13449.514336454395,13049.528779979913,13224.5224609375,3201,0.0,0.0
2025-03-07 00:00:00-03:00,13199.52321680791,13499.51238082627,13074.527731800259,13274.5205078125,1325,0.0,0.0
2025-03-10 00:00:00-03:00,13324.518701815561,13374.51689581862,13149.52502280485,13274.5205078125,5370,0.0,0.0
2025-03-11 00:00:00-03:00,13299.51960481403,13324.518701815561,13149.52502280485,13274.5205078125,1347,0.0,0.0
2025-03-12 00:00:00-03:00,13174.52419295401,13324.518775795992,12974.531415831369,13249.521484375,1013,0.0,0.0
2025-03-13 00:00:00-03:00,13249.521484375,13374.516970076651,13074.52780439269,13249.521484375,1464,0.0,0.0
2025-03-14 00:00:00-03:00,13174.523615386848,13474.512767919377,13174.523615386848,13449.513671875,6463,0.0,0.0
2025-03-17 00:00:00-03:00,13374.51667471325,13474.513061066245,13249.521191772004,13349.517578125,4087,0.0,0.0
2025-03-18 00:00:00-03:00,13574.509711274126,14049.49255568335,13574.509711274126,13924.4970703125,1966,0.0,0.0
2025-03-19 00:00:00-03:00,13924.49714408161,14324.482699387365,13849.49985246178,13899.498046875,1554,0.0,0.0
2025-03-20 00:00:00-03:00,13649.507002496634,13974.49526446084,13649.507002496634,13924.4970703125,590,0.0,0.0
2025-03-21 00:00:00-03:00,13949.496315456081,14149.489094172297,13874.4990234375,13874.4990234375,679,0.0,0.0
2025-03-25 00:00:00-03:00,14099.490768914475,14349.481739994519,14099.490768914475,14249.4853515625,1201,0.0,0.0
2025-03-26 00:00:00-03:00,14274.484684806035,14499.4765625,14274.484684806035,14499.4765625,3840,0.0,0.0
2025-03-27 00:00:00-03:00,14474.47747813027,14849.463941294265,14474.47747813027,14824.46484375,4877,0.0,0.0
2025-03-28 00:00:00-03:00,14874.462816891253,14949.460108404992,14724.46823386378,14899.4619140625,5106,0.0,0.0
2025-03-31 00:00:00-03:00,14624.47138787935,14849.463255385186,14499.475905931664,14724.4677734375,2938,0.0,0.0
2025-04-01 00:00:00-03:00,14699.468315972223,15149.452039930555,14699.468315972223,14849.462890625,3437,0.0,0.0
2025-04-03 00:00:00-03:00,14849.463427734374,15149.452587890624,14849.463427734374,14999.4580078125,1885,0.0,0.0
2025-04-04 00:00:00-03:00,14749.466869827036,14874.462351774724,14224.485845646752,14724.4677734375,3299,0.0,0.0
2025-04-07 00:00:00-03:00,14349.481739994519,14749.467293722588,14174.488060238487,14249.4853515625,4186,0.0,0.0
2025-04-08 00:00:00-03:00,14549.47421806947,14824.464280610302,14349.4814453125,14349.4814453125,3337,0.0,0.0
2025-04-09 00:00:00-03:00,14324.48325394611,14699.4697265625,13999.494977678572,14699.4697265625,5110,0.0,0.0
2025-04-10 00:00:00-03:00,14999.457572710397,15174.451244392018,14499.475653620051,15149.4521484375,3936,0.0,0.0
2025-04-11 00:00:00-03:00,15374.444458007812,15499.43994140625,14599.472460937499,14999.4580078125,3918,0.0,0.0
2025-04-14 00:00:00-03:00,14949.460148011864,15374.44480104899,13774.502577850395,14224.486328125,2668,0.0,0.0
2025-04-15 00:00:00-03:00,14024.493607474662,14024.493607474662,13749.503536739865,13874.4990234375,1410,0.0,0.0
2025-04-16 00:00:00-03:00,13849.49909770081,14049.49186445461,13124.525318218275,13149.5244140625,5280,0.0,0.0
2025-04-21 00:00:00-03:00,13124.526130157767,13124.526130157767,11874.571260618932,12874.53515625,5119,0.0,0.0
2025-04-22 00:00:00-03:00,12899.533768983643,13449.513890917055,12899.533768983643,13374.5166015625,2002,0.0,0.0
2025-04-23 00:00:00-03:00,13449.513703777224,13999.493818058076,13324.518223258847,13774.501953125,2793,0.0,0.0
2025-04-24 00:00:00-03:00,14174.488579595914,14299.484069715809,13999.494893428064,14074.4921875,4338,0.0,0.0
2025-04-25 00:00:00-03:00,13549.510400390625,13549.510400390625,11724.576342773436,11999.56640625,56678,0.0,0.0
2025-04-28 00:00:00-03:00,12074.563879313331,12074.563879313331,10599.617152854767,11274.5927734375,36651,0.0,0.0
2025-04-29 00:00:00-03:00,11349.590120852403,11349.590120852403,10849.608177202517,10924.60546875,6348,0.0,0.0
2025-04-30 00:00:00-03:00,10799.78328339041,11024.778768461045,10524.788801637415,10949.7802734375,9939,258.5625,0.0
2025-05-05 00:00:00-03:00,10399.791015625,10674.785489595854,10274.793527456432,10399.791015625,6163,0.0,0.0
2025-05-06 00:00:00-03:00,10399.791567695962,10599.787559382423,10324.793070813539,10524.7890625,13970,0.0,0.0
2025-05-07 00:00:00-03:00,10374.790826612903,10399.790322580646,9959.799193548388,10074.796875,15574,0.0,0.0
2025-05-08 00:00:00-03:00,10024.79930419922,10149.796801757813,9819.803408203124,9999.7998046875,19971,0.0,0.0
2025-05-09 00:00:00-03:00,10074.797518965126,10499.788977581522,9999.799026268116,10349.7919921875,13711,0.0,0.0
2025-05-12 00:00:00-03:00,10349.791426306541,10349.791426306541,10099.79646431846,10224.7939453125,4605,0.0,0.0
2025-05-13 00:00:00-03:00,10024.798551119291,10449.790010892428,9909.800862004207,10399.791015625,14404,0.0,0.0
2025-05-14 00:00:00-03:00,10324.792889569257,10374.791886613175,10149.79639991554,10174.7958984375,10403,0.0,0.0
2025-05-15 00:00:00-03:00,10199.794570593525,10424.7900390625,10124.796081103867,10424.7900390625,14963,0.0,0.0
2025-05-16 00:00:00-03:00,10449.790175963784,10699.78515625,10399.791179906542,10699.78515625,4602,0.0,0.0
2025-05-19 00:00:00-03:00,10849.782727191092,10924.781225305316,10624.787232848419,10874.7822265625,3734,0.0,0.0
2025-05-20 00:00:00-03:00,10949.780798256803,11049.778796414399,10824.783300559808,11024.779296875,14218,0.0,0.0
2025-05-21 00:00:00-03:00,10924.780775096318,11074.777765143406,10849.782280072774,10949.7802734375,9300,0.0,0.0
2025-05-22 00:00:00-03:00,10899.781329539028,11099.77731723699,10849.782332614537,11049.7783203125,7402,0.0,0.0
2025-05-23 00:00:00-03:00,10924.780359410272,11099.776841139954,10899.780862020316,11074.77734375,8163,0.0,0.0
2025-05-26 00:00:00-03:00,10849.782306463068,11374.77177290483,10849.782306463068,10999.779296875,1308,0.0,0.0
2025-05-27 00:00:00-03:00,10974.779410479587,11174.775390625,10949.779912961409,11174.775390625,6837,0.0,0.0
2025-05-28 00:00:00-03:00,11174.775390625,11249.77388317953,11099.77689807047,11174.775390625,33346,0.0,0.0
2025-05-29 00:00:00-03:00,10949.779912961409,11299.772878215883,10949.779912961409,11174.775390625,5111,0.0,0.0
2025-05-30 00:00:00-03:00,11174.774856154983,11349.771330412443,11049.777374542511,11099.7763671875,3685,0.0,0.0
2025-06-02 00:00:00-03:00,10899.7802734375,10999.778257597476,10799.782289277522,10899.7802734375,4529,0.0,0.0
2025-06-03 00:00:00-03:00,10899.78048611111,11274.772934027778,10899.78048611111,11249.7734375,19831,0.0,0.0
2025-06-04 00:00:00-03:00,11324.772776100852,11399.77127130682,10974.779798473011,10999.779296875,3539,0.0,0.0
2025-06-05 00:00:00-03:00,11024.778714087703,11049.778212305588,10774.783731908843,10849.7822265625,2841,0.0,0.0
2025-06-06 00:00:00-03:00,10849.781281357511,10924.779769477494,10799.782289277522,10899.7802734375,5752,0.0,0.0
2025-06-09 00:00:00-03:00,10924.780801669034,11049.778293678977,10849.782306463068,10999.779296875,2488,0.0,0.0
2025-06-10 00:00:00-03:00,11024.777878220017,11149.775359832489,10924.779892930039,11099.7763671875,6022,0.0,0.0
2025-06-11 00:00:00-03:00,11099.777795493197,11149.776794571995,10949.780798256803,11024.779296875,5287,0.0,0.0
2025-06-12 00:00:00-03:00,10999.77932338801,11149.776314161481,10999.77932338801,11049.7783203125,5011,0.0,0.0
2025-06-13 00:00:00-03:00,11074.777285912585,11199.774772209566,10924.780302356206,10974.779296875,2518,0.0,0.0
2025-06-17 00:00:00-03:00,11374.771370770413,11449.769863324944,11174.775390625,11174.775390625,4232,0.0,0.0
2025-06-18 00:00:00-03:00,11249.773345122467,11249.773345122467,10974.778885575028,11099.7763671875,3206,0.0,0.0
2025-06-19 00:00:00-03:00,11249.774169921875,11249.774169921875,10574.787719726562,10799.783203125,311,0.0,0.0
2025-06-23 00:00:00-03:00,11049.778293678977,11124.776788884943,10949.780300071023,10999.779296875,2372,0.0,0.0
2025-06-24 00:00:00-03:00,10974.779296875,11174.77527495017,10974.779296875,10974.779296875,1209,0.0,0.0
2025-06-25 00:00:00-03:00,10974.779179053075,10999.778676044083,10674.785215160964,10774.783203125,2794,0.0,0.0
2025-06-26 00:00:00-03:00,10849.782306463068,11074.777792080966,10849.782306463068,10999.779296875,2895,0.0,0.0
2025-06-27 00:00:00-03:00,11024.778714087703,11049.778212305588,10849.7822265625,10849.7822265625,497,0.0,0.0
2025-06-30 00:00:00-03:00,10849.782384213844,11174.775865768637,10824.782885632707,11149.7763671875,2218,0.0,0.0
2025-07-01 00:00:00-03:00,11024.77897637321,11449.770456188051,11024.77897637321,11349.7724609375,1449,0.0,0.0
2025-07-02 00:00:00-03:00,11374.771959750138,11499.769453813326,11324.772962124864,11349.7724609375,4363,0.0,0.0
2025-07-03 00:00:00-03:00,11574.76713385193,11699.764619098713,11299.772666309012,11649.765625,2099,0.0,0.0
2025-07-04 00:00:00-03:00,11974.75908664163,11974.75908664163,11174.775181062232,11649.765625,777,0.0,0.0
2025-07-07 00:00:00-03:00,11649.765740374472,11924.760210640823,11649.765740374472,11849.76171875,2923,0.0,0.0
2025-07-08 00:00:00-03:00,11899.761618589742,11974.760116185897,11699.765625,11699.765625,2437,0.0,0.0
2025-07-10 00:00:00-03:00,11599.76755275974,11674.7660498681,11474.770057579139,11549.7685546875,1461,0.0,0.0
2025-07-11 00:00:00-03:00,11749.763786283997,12124.75624754838,11749.763786283997,11949.759765625,2259,0.0,0.0
2025-07-14 00:00:00-03:00,11999.75892857143,12349.751897321428,11724.764453125,12249.75390625,3711,0.0,0.0
2025-07-15 00:00:00-03:00,12224.754750293581,12349.752242627872,11974.759765625,11974.759765625,2260,0.0,0.0
2025-07-16 00:00:00-03:00,11599.766312893082,12024.757751080975,11599.766312893082,11924.759765625,1449,0.0,0.0
2025-07-17 00:00:00-03:00,12049.75795144182,12299.7529296875,12049.75795144182,12299.7529296875,3941,0.0,0.0
2025-07-18 00:00:00-03:00,12474.749386160714,12574.747377232143,12249.75390625,12249.75390625,2727,0.0,0.0
2025-07-21 00:00:00-03:00,12324.75285148229,12399.751347535934,12124.756862005903,12174.755859375,1426,0.0,0.0
2025-07-22 00:00:00-03:00,12174.755271402995,12249.753763834635,11974.759291585287,11999.7587890625,3907,0.0,0.0
2025-07-23 00:00:00-03:00,12374.751280471992,12374.751280471992,12024.758314963692,12049.7578125,5014,0.0,0.0
2025-07-24 00:00:00-03:00,12099.75725795929,12099.75725795929,11924.760768691285,11974.759765625,710,0.0,0.0
2025-07-25 00:00:00-03:00,11974.759869898615,12199.755358059549,11899.761373844969,12174.755859375,1975,0.0,0.0
2025-07-28 00:00:00-03:00,12249.753763834635,12249.753763834635,11924.760296630859,11999.7587890625,3224,0.0,0.0
2025-07-29 00:00:00-03:00,11999.758760460252,12224.754237218882,11924.760268207376,11949.759765625,2956,0.0,0.0
2025-07-30 00:00:00-03:00,12049.757924107143,12299.752901785714,11899.7609375,12249.75390625,1110,0.0,0.0
2025-07-31 00:00:00-03:00,12349.752062064243,12699.745035483069,12174.755575354831,12549.748046875,2719,0.0,0.0
2025-08-01 00:00:00-03:00,12324.751832313144,12399.750322164948,12049.757369523195,12124.755859375,3857,0.0,0.0
2025-08-04 00:00:00-03:00,12074.757281494141,12174.755271402995,11499.768839518229,11999.7587890625,2660,0.0,0.0
2025-08-05 00:00:00-03:00,11949.759500190163,12349.751449987323,11949.759500190163,12324.751953125,1579,0.0,0.0
2025-08-06 00:00:00-03:00,12249.753821506973,12274.753319101885,11999.758845557852,12099.7568359375,2020,0.0,0.0
2025-08-07 00:00:00-03:00,12174.754852609536,12199.754349226803,11974.758879671392,12124.755859375,2192,0.0,0.0
2025-08-08 00:00:00-03:00,12124.756333532412,12324.752314291709,12099.7568359375,12099.7568359375,2046,0.0,0.0
2025-08-11 00:00:00-03:00,12049.757369523195,12249.75334246134,12049.757369523195,12124.755859375,1804,0.0,0.0
2025-08-12 00:00:00-03:00,12224.754352334105,12349.75184059928,12074.757366415895,12149.755859375,1307,0.0,0.0
2025-08-13 00:00:00-03:00,12174.755412946428,12249.75390625,11999.75892857143,12249.75390625,780,0.0,0.0
2025-08-14 00:00:00-03:00,12274.753747227298,12274.753747227298,11824.762774823852,11974.759765625,767,0.0,0.0
2025-08-18 00:00:00-03:00,11974.759765625,12149.756254893007,11849.762273290711,11974.759765625,1330,0.0,0.0
2025-08-19 00:00:00-03:00,11549.76770326802,11574.767200461241,10624.78630711885,10924.7802734375,44466,0.0,0.0
2025-08-20 00:00:00-03:00,10874.78136463036,11124.77633852991,10799.782872460497,11074.77734375,2500,0.0,0.0
2025-08-21 00:00:00-03:00,10999.778501797566,11324.771957532495,10949.779508607577,11299.7724609375,3149,0.0,0.0
2025-08-22 00:00:00-03:00,11374.77164748394,11724.764621252676,11374.77164748394,11674.765625,21780,0.0,0.0
2025-08-25 00:00:00-03:00,11824.762163397607,11849.761660571809,11674.765180352395,11749.763671875,2396,0.0,0.0
2025-08-26 00:00:00-03:00,11574.767976459705,11724.764969675165,11374.771985505757,11399.771484375,905,0.0,0.0
2025-08-27 00:00:00-03:00,11299.772991071428,11474.769475446428,11299.772991071428,11374.771484375,4850,0.0,0.0
2025-08-28 00:00:00-03:00,11499.769001299235,11499.769001299235,11274.773520839031,11424.7705078125,1249,0.0,0.0
2025-08-29 00:00:00-03:00,11499.769001299235,11499.769001299235,11274.773520839031,11424.7705078125,588,0.0,0.0
2025-09-01 00:00:00-03:00,11424.770034456877,11699.764499181221,10924.780098594432,11449.76953125,520,0.0,0.0
2025-09-02 00:00:00-03:00,11574.767494785969,11749.763979588348,11299.773018667944,11424.7705078125,1357,0.0,0.0
2025-09-03 00:00:00-03:00,11474.76998098273,11474.76998098273,11224.774992290297,11399.771484375,2682,0.0,0.0
2025-09-04 00:00:00-03:00,11249.77449115954,11399.771484375,11249.77449115954,11399.771484375,1050,0.0,0.0
2025-09-05 00:00:00-03:00,11399.771037581699,11599.767020697167,11274.773548134532,11474.76953125,10891,0.0,0.0
2025-09-08 00:00:00-03:00,11979.760145774762,11979.760145774762,11479.770156385164,11559.7685546875,8719,0.0,0.0
2025-09-09 00:00:00-03:00,11559.768046599427,11599.767243992505,11319.772862240961,11339.7724609375,6589,0.0,0.0
2025-09-10 00:00:00-03:00,11659.765423819743,11699.764619098713,11359.771459227468,11649.765625,2913,0.0,0.0
2025-09-11 00:00:00-03:00,11859.762294459986,11889.761693181217,11639.766703837626,11839.7626953125,976,0.0,0.0
2025-09-12 00:00:00-03:00,11899.76171875,11999.759716386556,11819.763320640757,11899.76171875,3082,0.0,0.0
2025-09-15 00:00:00-03:00,11609.766849347014,12099.75700922471,11609.766849347014,12059.7578125,2789,0.0,0.0
2025-09-16 00:00:00-03:00,11929.760252292097,12199.754826317148,11919.760453254132,12099.7568359375,9493,0.0,0.0
2025-09-17 00:00:00-03:00,12089.757291826627,12409.750867788953,12089.757291826627,12209.7548828125,6435,0.0,0.0
2025-09-18 00:00:00-03:00,12379.751261587919,12569.747444116329,12279.753270783493,12539.748046875,4230,0.0,0.0
2025-09-19 00:00:00-03:00,12579.747715541294,12579.747715541294,12319.7529296875,12319.7529296875,5775,0.0,0.0
2025-09-22 00:00:00-03:00,12689.745012998783,12689.745012998783,11569.767517761695,11809.7626953125,2694,0.0,0.0
2025-09-23 00:00:00-03:00,11519.768929503916,11609.767124265665,11249.774345218668,11489.76953125,1414,0.0,0.0
2025-09-24 00:00:00-03:00,11399.770537663755,11579.766914574235,11239.773758187772,11449.76953125,1528,0.0,0.0
2025-09-25 00:00:00-03:00,11449.770022994237,11469.769621287676,11169.77564688608,11279.7734375,4066,0.0,0.0
2025-09-26 00:00:00-03:00,11209.774724635949,11869.76146132281,11209.774724635949,11759.763671875,1224,0.0,0.0
2025-09-29 00:00:00-03:00,11869.760773319525,12049.757145619233,11619.765811792156,11919.759765625,3231,0.0,0.0
2025-09-30 00:00:00-03:00,11999.759190411814,12169.755778942648,11829.76260188098,12019.7587890625,1875,0.0,0.0
2025-10-01 00:00:00-03:00,12019.75918974512,12499.74957336223,12019.75918974512,12039.7587890625,5700,0.0,0.0
2025-10-02 00:00:00-03:00,12049.757582001928,12209.754363173739,11829.762007890691,11989.7587890625,1592,0.0,0.0
2025-10-03 00:00:00-03:00,12049.757697125528,12229.754077663501,11789.762925237343,11849.76171875,3153,0.0,0.0
2025-10-06 00:00:00-03:00,11899.76171875,12049.758715204833,11759.764522058824,11899.76171875,1887,0.0,0.0
2025-10-07 00:00:00-03:00,11959.760098071809,12269.753879878017,11689.765513918013,12219.7548828125,3210,0.0,0.0
2025-10-08 00:00:00-03:00,12219.754161996976,12289.752753759643,11989.7587890625,11989.7587890625,2155,0.0,0.0
2025-10-09 00:00:00-03:00,11989.758963232032,12159.75554569654,11209.774643688997,11269.7734375,6450,0.0,0.0
2025-10-13 00:00:00-03:00,11029.777777484516,11109.776165716497,10929.779792194538,11099.7763671875,1039,0.0,0.0
2025-10-14 00:00:00-03:00,11049.778398786271,11299.773385184151,10949.78040422712,11199.775390625,1616,0.0,0.0
2025-10-15 00:00:00-03:00,11259.774363309252,11409.77135749188,10969.780174556172,11159.7763671875,1549,0.0,0.0
2025-10-16 00:00:00-03:00,11009.778692130907,11419.77045087511,11009.778692130907,11319.7724609375,1648,0.0,0.0
2025-10-17 00:00:00-03:00,11469.769303523937,11809.762465093085,11289.772923869681,11749.763671875,5338,0.0,0.0
2025-10-20 00:00:00-03:00,11799.762184091862,12049.757145619233,11729.763594864198,11919.759765625,5898,0.0,0.0
2025-10-21 00:00:00-03:00,12009.758154665235,12089.756543705469,11769.762987544531,11929.759765625,4238,0.0,0.0
2025-10-22 00:00:00-03:00,11989.759667808396,12249.75445626796,11929.760870471573,12179.755859375,2314,0.0,0.0
2025-10-23 00:00:00-03:00,12229.75428006532,12449.749859919315,12099.756891969775,12199.7548828125,5757,0.0,0.0
2025-10-24 00:00:00-03:00,12279.753652680773,12369.751847203677,12099.757263634963,12169.755859375,2021,0.0,0.0
2025-10-27 00:00:00-03:00,12399.750984660033,12499.748976471807,11399.771066542287,12059.7578125,8996,0.0,0.0
2025-10-28 00:00:00-03:00,12219.754025764894,12579.746779388084,12039.7576489533,12419.75,10282,0.0,0.0
2025-10-29 00:00:00-03:00,12409.750634966564,12549.74782182356,12049.757868762861,12149.755859375,5874,0.0,0.0
2025-10-30 00:00:00-03:00,12279.753160807291,12279.753160807291,11889.76100016276,11999.7587890625,4451,0.0,0.0
2025-10-31 00:00:00-03:00,12139.756487507671,12389.75147283526,11939.760499245602,12219.7548828125,2038,0.0,0.0
2025-11-03 00:00:00-03:00,12239.92921835905,12549.92742568677,11799.931762797123,11989.9306640625,7877,258.34088,0.0
2025-11-04 00:00:00-03:00,11999.93053318299,12349.928507067492,11599.932848743556,11639.9326171875,4617,0.0,0.0
2025-11-05 00:00:00-03:00,11799.931419609178,12339.928281184513,11449.933453773314,11929.9306640625,8773,0.0,0.0
2025-11-06 00:00:00-03:00,12229.9293351237,12629.927023925782,11799.931819661459,11999.9306640625,3527,0.0,0.0
2025-11-07 00:00:00-03:00,12479.927777777779,12649.926793981482,11789.931770833333,12149.9296875,7619,0.0,0.0
2025-11-10 00:00:00-03:00,12149.929326204647,12599.92670865667,11479.933223442744,11919.9306640625,3075,0.0,0.0
2025-11-11 00:00:00-03:00,11999.930721794339,12619.92714242038,11619.932915604184,12009.9306640625,627,0.0,0.0
2025-11-12 00:00:00-03:00,12009.930415513489,12789.925896287887,11299.934529167562,11629.9326171875,31765,0.0,0.0
2025-11-13 00:00:00-03:00,11469.933409182288,11919.930796639308,11219.934860595053,11269.9345703125,30202,0.0,0.0
2025-11-14 00:00:00-03:00,11269.934808498476,11899.931164253048,11119.935676175957,11479.93359375,7733,0.0,0.0
2025-11-17 00:00:00-03:00,11619.933249080883,11619.933249080883,11339.934857536764,11389.9345703125,3234,0.0,0.0
2025-11-18 00:00:00-03:00,11599.932841107237,11699.932262151264,11199.935156931126,11469.93359375,2959,0.0,0.0
2025-11-19 00:00:00-03:00,11299.934529167562,11899.931052840177,11299.934529167562,11629.9326171875,3293,0.0,0.0
2025-11-20 00:00:00-03:00,11879.931409681165,11889.931351945206,11569.933199495883,11839.931640625,8183,0.0,0.0
2025-11-21 00:00:00-03:00,11839.931511324041,11839.931511324041,11459.93370944033,11479.93359375,2032,0.0,0.0
2025-11-25 00:00:00-03:00,11699.931943752623,12089.929675211042,11699.931943752623,11919.9306640625,2429,0.0,0.0
2025-11-26 00:00:00-03:00,11869.931426161113,12409.928306542493,11869.931426161113,12339.9287109375,3983,0.0,0.0
2025-11-27 00:00:00-03:00,12199.929398148148,12729.926331018518,12039.930324074074,12149.9296875,420,0.0,0.0
2025-11-28 00:00:00-03:00,12149.929419023814,13099.923900346665,12149.929419023814,12439.927734375,2101,0.0,0.0
2025-12-01 00:00:00-03:00,12169.92945563685,12169.92945563685,11789.931658336767,12129.9296875,2441,0.0,0.0
2025-12-02 00:00:00-03:00,12159.930032733224,12379.928766878069,12079.93049304419,12219.9296875,16536,0.0,0.0
2025-12-03 00:00:00-03:00,12249.928859179383,12849.925374731025,12189.929207624218,12779.92578125,1597,0.0,0.0
2025-12-04 00:00:00-03:00,13139.924517463236,13149.924460018383,12609.92756204044,12749.9267578125,32763,0.0,0.0
2025-12-05 00:00:00-03:00,13199.92405366261,13389.92296049563,12679.92704548802,12729.9267578125,8404,0.0,0.0
2025-12-09 00:00:00-03:00,12889.92542002352,12889.92542002352,12199.929412279824,12489.927734375,11150,0.0,0.0
2025-12-10 00:00:00-03:00,12489.927765770411,13249.923370412966,11239.934994976735,11819.931640625,68834,0.0,0.0
2025-12-11 00:00:00-03:00,11839.931685405645,11859.93157000937,11289.934858803186,11339.9345703125,117168,0.0,0.0
2025-12-12 00:00:00-03:00,11489.933197674418,11639.932325581394,10399.93953488372,10749.9375,118197,0.0,0.0
2025-12-15 00:00:00-03:00,10759.937496632543,11639.932384832973,10749.937554721175,11599.9326171875,74879,0.0,0.0
2025-12-16 00:00:00-03:00,11799.93144411636,11899.930863134296,11209.934871910542,11429.93359375,6216,0.0,0.0
2025-12-17 00:00:00-03:00,11449.93406175379,12099.930318534573,11439.934119341777,12039.9306640625,14162,0.0,0.0
2025-12-18 00:00:00-03:00,12139.92990854624,12339.92875382707,11829.931698360959,11839.931640625,26762,0.0,0.0
2025-12-19 00:00:00-03:00,11999.930711760926,12199.92955695694,11579.933136849293,11669.9326171875,15262,0.0,0.0
2025-12-22 00:00:00-03:00,11599.933145491803,12269.929284067623,11219.935335553278,12199.9296875,21817,0.0,0.0
2025-12-23 00:00:00-03:00,12009.930278368027,12379.928130407674,11799.931497480658,12279.9287109375,30672,0.0,0.0
2025-12-24 00:00:00-03:00,12389.928825827206,12569.927791819853,11909.931583180147,12069.9306640625,5359,0.0,0.0
2025-12-26 00:00:00-03:00,12089.930207050493,12389.928475215518,12069.930322506158,12179.9296875,9012,0.0,0.0
2025-12-29 00:00:00-03:00,12129.929639029446,12379.928188885782,12029.930219086911,12289.9287109375,11941,0.0,0.0
2025-12-30 00:00:00-03:00,12309.928702893329,12589.92708118822,11999.930498352553,12139.9296875,6898,0.0,0.0
2026-01-02 00:00:00-03:00,11909.931019614909,12469.927776204695,11859.931309205107,12139.9296875,19930,0.0,0.0
2026-01-05 00:00:00-03:00,12499.927374630704,12699.926212624796,11819.931325450794,12269.9287109375,28174,0.0,0.0
2026-01-06 00:00:00-03:00,12299.929342830883,12629.927447150736,11999.93106617647,12069.9306640625,28445,0.0,0.0
2026-01-07 00:00:00-03:00,11839.931928090833,12219.929743350505,11539.933652885828,11889.931640625,8037,0.0,0.0
2026-01-08 00:00:00-03:00,11759.931606699753,12089.9296875,11579.93265353598,12089.9296875,9037,0.0,0.0
2026-01-09 00:00:00-03:00,12189.9295881494,12979.925024953174,12019.930570103017,12679.9267578125,48550,0.0,0.0
2026-01-12 00:00:00-03:00,12999.924850162786,13069.924445509816,12629.926989042768,12669.9267578125,14940,0.0,0.0
2026-01-13 00:00:00-03:00,12889.925778946787,13149.924281858048,12459.928254901239,12719.9267578125,54162,0.0,0.0
2026-01-14 00:00:00-03:00,12729.926204873002,13289.922958583047,12619.9268425371,13139.923828125,30465,0.0,0.0
2026-01-15 00:00:00-03:00,13299.92342052948,13379.922959901087,12669.927047978084,12889.92578125,8428,0.0,0.0
2026-01-16 00:00:00-03:00,12919.925485085794,13089.924504626397,12459.928138093575,12529.927734375,9891,0.0,0.0
2026-01-19 00:00:00-03:00,12529.927906983976,12869.925950748904,12219.929690610072,12559.927734375,1596,0.0,0.0
2026-01-20 00:00:00-03:00,12539.927632446757,13099.924400721891,12449.92815183111,13029.9248046875,22269,0.0,0.0
2026-01-21 00:00:00-03:00,13289.923147205773,13579.921470207253,12709.926501202812,13509.921875,24385,0.0,0.0
2026-01-22 00:00:00-03:00,13569.921701901772,13629.921355705317,13319.923144387001,13539.921875,16073,0.0,0.0
2026-01-23 00:00:00-03:00,13499.921759087538,13919.919324925817,13289.922976168398,13479.921875,19386,0.0,0.0
2026-01-26 00:00:00-03:00,13459.922397446702,14029.919111157298,13449.922455100901,13719.9208984375,20057,0.0,0.0
2026-01-27 00:00:00-03:00,13709.920782876416,14059.918760557433,13539.921765145637,13689.9208984375,28532,0.0,0.0
2026-01-28 00:00:00-03:00,13659.921066013314,13949.919390255178,13469.922163923817,13519.921875,11833,0.0,0.0
2026-01-29 00:00:00-03:00,13519.921516412716,13979.918846113149,13209.923315962425,13289.9228515625,15895,0.0,0.0
2026-01-30 00:00:00-03:00,13249.923314568878,13389.922504307719,12999.924761463804,13329.9228515625,4412,0.0,0.0
2026-02-02 00:00:00-03:00,13309.92307074486,13539.921741388836,12889.925498264556,13009.9248046875,13897,0.0,0.0
2026-02-03 00:00:00-03:00,13589.921331462903,13599.921273575826,12679.926599186874,12989.9248046875,5510,0.0,0.0
2026-02-04 00:00:00-03:00,12949.925270774147,13249.923539595171,12939.925328480114,13199.923828125,11874,0.0,0.0
2026-02-05 00:00:00-03:00,13119.924103663288,13419.922368228761,12719.926417575994,12829.92578125,8382,0.0,0.0
2026-02-06 00:00:00-03:00,12769.926128336905,13099.924219358925,12739.926301880358,12829.92578125,9033,0.0,0.0
2026-02-09 00:00:00-03:00,12999.924977815617,13099.924400721891,12569.92745931864,13029.9248046875,10646,0.0,0.0
2026-02-10 00:00:00-03:00,12749.926201260923,13489.921918039989,12729.926317023652,13159.923828125,6830,0.0,0.0
2026-02-11 00:00:00-03:00,13199.92394336233,13599.921638615733,12839.926017634267,13219.923828125,10609,0.0,0.0
2026-02-12 00:00:00-03:00,12979.92514690171,13269.923474528943,12749.926473266318,12869.92578125,74235,0.0,0.0
2026-02-13 00:00:00-03:00,13039.924618932519,13049.92456112495,12579.927278080604,12669.9267578125,74143,0.0,0.0
2026-02-18 00:00:00-03:00,12729.926119409916,13079.924088128962,12619.9267578125,12619.9267578125,13214,0.0,0.0
2026-02-19 00:00:00-03:00,12649.927049946582,12989.925089233684,12619.92722295066,12869.92578125,4087,0.0,0.0
2026-02-20 00:00:00-03:00,12899.92578420034,13359.923137745469,12699.926934832893,13239.923828125,9741,0.0,0.0
2026-02-23 00:00:00-03:00,13399.92254429517,13589.92144604264,12819.92589685553,12839.92578125,8355,0.0,0.0
2026-02-24 00:00:00-03:00,12809.926022614196,13199.923770375284,12649.926946609647,13189.923828125,3579,0.0,0.0
2026-02-25 00:00:00-03:00,13199.924056761667,13299.923481434105,12899.925782744356,13069.9248046875,3951,0.0,0.0
2026-02-26 00:00:00-03:00,13099.924060002853,13499.921741224314,12879.92533533105,13139.923828125,1280,0.0,0.0
2026-02-27 00:00:00-03:00,13199.92335304054,13199.92335304054,12899.925095016892,12949.9248046875,4062,0.0,0.0
2026-03-02 00:00:00-03:00,13149.924237186578,13579.921759771387,13019.924986172568,13559.921875,106752,0.0,0.0
2026-03-03 00:00:00-03:00,13909.919627265568,13909.919627265568,13139.924076367332,13689.9208984375,13224,0.0,0.0
2026-03-04 00:00:00-03:00,13449.922572049227,14199.918254505505,13439.922629616478,14079.9189453125,40966,0.0,0.0
2026-03-05 00:00:00-03:00,14039.919232944465,14539.916356624823,13979.919578102821,14089.9189453125,20181,0.0,0.0
2026-03-06 00:00:00-03:00,14649.915226963009,15359.911118508657,14199.91783091295,15019.9130859375,69498,0.0,0.0
2026-03-09 00:00:00-03:00,15259.911570718139,15849.908151761632,14709.914757880984,14829.9140625,56870,0.0,0.0
2026-03-10 00:00:00-03:00,14599.915244179327,15199.911761063408,14359.916637425693,15139.912109375,184967,0.0,0.0
2026-03-11 00:00:00-03:00,14799.914581934185,15129.912677342176,14659.915389942915,14889.9140625,12575,0.0,0.0
2026-03-12 00:00:00-03:00,15229.91211381392,15509.910498046875,14429.916730291194,15399.9111328125,45257,0.0,0.0
2026-03-13 00:00:00-03:00,15509.910341969065,16039.907278219458,15509.910341969065,15879.908203125,30753,0.0,0.0
2026-03-16 00:00:00-03:00,15999.907168542839,16419.904731717088,15839.90809685741,15989.9072265625,67110,0.0,0.0
2026-03-17 00:00:00-03:00,16839.9022513071,18879.89041001651,16699.903063944686,18169.89453125,365120,0.0,0.0
2026-03-18 00:00:00-03:00,18339.89422430243,21159.87795999124,18339.89422430243,19979.884765625,304735,0.0,0.0
2026-03-19 00:00:00-03:00,20059.88375057951,21649.874536393138,19899.88467779323,21569.875,106688,0.0,0.0
2026-03-20 00:00:00-03:00,21019.877507669633,21719.8734284769,20159.882519249277,20779.87890625,106597,0.0,0.0
2026-03-23 00:00:00-03:00,20369.882255768105,20369.882255768105,19129.889423310942,19259.888671875,25926,0.0,0.0
2026-03-25 00:00:00-03:00,19899.88520239979,21499.875972441983,19679.88647151899,21329.876953125,74130,0.0,0.0
2026-03-26 00:00:00-03:00,21439.87677680798,21729.875110076373,19989.88511046602,20049.884765625,63826,0.0,0.0
2026-03-27 00:00:00-03:00,20109.883260052135,21279.876468120805,20069.883492254914,20859.87890625,40605,0.0,0.0
2026-03-30 00:00:00-03:00,21459.87645216949,22969.867758915803,21459.87645216949,22729.869140625,104217,0.0,0.0
2026-03-31 00:00:00-03:00,22309.870455025335,23499.86354518581,21879.872951858106,22199.87109375,72197,0.0,0.0
2026-04-01 00:00:00-03:00,22249.871135628135,22249.871135628135,21269.876811452155,21919.873046875,37351,0.0,0.0
2026-04-06 00:00:00-03:00,22539.869314563024,23409.864270360267,22329.870532129207,22569.869140625,20117,0.0,0.0
2026-04-07 00:00:00-03:00,22449.870110174485,22939.867275162702,21999.872713756733,22279.87109375,18421,0.0,0.0
2026-04-08 00:00:00-03:00,21499.87666908456,21499.87666908456,20329.883380580886,21109.87890625,53903,0.0,0.0
2026-04-09 00:00:00-03:00,21159.87844669118,21749.875057444853,20689.881146599266,20739.880859375,41810,0.0,0.0
2026-04-10 00:00:00-03:00,20829.880455790877,21219.878217565165,20539.88212011256,21099.87890625,19562,0.0,0.0
2026-04-13 00:00:00-03:00,21539.876204097323,21799.87470981066,20589.881663990895,20729.880859375,9168,0.0,0.0
2026-04-14 00:00:00-03:00,20499.881825678465,20629.88107628033,19839.88563031516,19989.884765625,25190,0.0,0.0
2026-04-15 00:00:00-03:00,19899.884852926843,19899.884852926843,18739.89156501754,19239.888671875,38482,0.0,0.0
2026-04-16 00:00:00-03:00,19519.88740284974,19609.886883703042,19019.890286998056,19299.888671875,99567,0.0,0.0
2026-04-17 00:00:00-03:00,18459.89325914885,18459.89325914885,17139.900891755755,18239.89453125,156532,0.0,0.0
2026-04-20 00:00:00-03:00,18669.89234748222,18889.891078946926,18249.894769231414,18629.892578125,25507,0.0,0.0
2026-04-21 00:00:00-03:00,18749.891533909074,20159.883377259037,18309.894079246675,19919.884765625,33794,0.0,0.0
2026-04-22 00:00:00-03:00,19899.883978544778,20999.87756529851,19899.883978544778,20099.8828125,26889,0.0,0.0
2026-04-23 00:00:00-03:00,20439.881197088253,20699.879685896616,19329.887648714084,19489.88671875,15170,0.0,0.0
2026-04-24 00:00:00-03:00,19759.886130136987,19759.886130136987,18679.892353793468,18979.890625,14296,0.0,0.0
2026-04-27 00:00:00-03:00,19149.890215792635,19989.88540019294,19069.890674421178,19759.88671875,11634,0.0,0.0
2026-04-28 00:00:00-03:00,19979.884613199833,20829.879704351977,19799.885652720553,20629.880859375,34898,0.0,0.0
2026-04-29 00:00:00-03:00,20759.879189944135,21699.873719739295,20759.879189944135,21479.875,63433,0.0,0.0
2026-04-30 00:00:00-03:00,21279.87769933555,21439.87677978168,20569.881779855838,21069.87890625,30548,0.0,0.0
2026-05-01 00:00:00-03:00,21069.87890625,21069.87890625,21069.87890625,21069.87890625,0,0.0,0.0
2026-05-04 00:00:00-03:00,20890.0,22800.0,20890.0,22670.0,58724,179.17346,0.0
2026-05-05 00:00:00-03:00,22550.0,22560.0,21110.0,21220.0,18594,0.0,0.0
2026-05-06 00:00:00-03:00,20490.0,20660.0,19700.0,20560.0,36109,0.0,0.0
2026-05-07 00:00:00-03:00,20110.0,20110.0,19190.0,19800.0,18022,0.0,0.0
2026-05-08 00:00:00-03:00,19800.0,19970.0,19430.0,19500.0,20913,0.0,0.0
2026-05-11 00:00:00-03:00,19660.0,20250.0,19540.0,20000.0,8548,0.0,0.0
2026-05-12 00:00:00-03:00,19430.0,19550.0,18250.0,19440.0,21850,0.0,0.0
2026-05-13 00:00:00-03:00,19430.0,20470.0,19010.0,20340.0,36920,0.0,0.0
2026-05-14 00:00:00-03:00,20520.0,20540.0,19280.0,19370.0,11287,0.0,0.0
2026-05-15 00:00:00-03:00,19510.0,19750.0,19250.0,19520.0,18082,0.0,0.0
2026-05-18 00:00:00-03:00,19480.0,20150.0,19010.0,19990.0,10995,0.0,0.0
2026-05-19 00:00:00-03:00,19990.0,20470.0,19610.0,19810.0,12140,0.0,0.0
2026-05-20 00:00:00-03:00,19710.0,20090.0,19550.0,19800.0,5272,0.0,0.0
2026-05-21 00:00:00-03:00,20190.0,20420.0,19860.0,20320.0,21309,0.0,0.0
2026-05-22 00:00:00-03:00,19790.0,19850.0,19030.0,19090.0,19091,0.0,0.0
2026-05-25 00:00:00-03:00,19090.0,19090.0,19090.0,19090.0,0,0.0,0.0
2026-05-26 00:00:00-03:00,19010.0,19470.0,18500.0,18620.0,10696,0.0,0.0
2026-05-27 00:00:00-03:00,18600.0,19010.0,18300.0,18740.0,17284,0.0,0.0
2026-05-28 00:00:00-03:00,18600.0,19040.0,18420.0,18700.0,10773,0.0,0.0
2026-05-29 00:00:00-03:00,18850.0,18850.0,17950.0,17990.0,17603,0.0,0.0
2026-06-01 00:00:00-03:00,18200.0,18950.0,18200.0,18820.0,10718,0.0,0.0
2026-06-02 00:00:00-03:00,18810.0,19500.0,18630.0,18780.0,9238,0.0,0.0
2026-06-03 00:00:00-03:00,19030.0,19130.0,18510.0,18560.0,5463,0.0,0.0
2026-06-04 00:00:00-03:00,18550.0,18680.0,18210.0,18280.0,20660,0.0,0.0
2026-06-05 00:00:00-03:00,18300.0,18570.0,17160.0,17250.0,28922,0.0,0.0
2026-06-08 00:00:00-03:00,17560.0,17780.0,17170.0,17310.0,5355,0.0,0.0
2026-06-09 00:00:00-03:00,17350.0,17440.0,16660.0,17010.0,9654,0.0,0.0
2026-06-10 00:00:00-03:00,17050.0,17550.0,16910.0,16920.0,8356,0.0,0.0
2026-06-11 00:00:00-03:00,17040.0,17690.0,17010.0,17460.0,142727,0.0,0.0
2026-06-12 00:00:00-03:00,17180.0,17800.0,17180.0,17440.0,77658,0.0,0.0
2026-06-15 00:00:00-03:00,17440.0,17440.0,17440.0,17440.0,0,0.0,0.0
2026-06-16 00:00:00-03:00,16770.0,16770.0,14700.0,14880.0,155197,0.0,0.0
2026-06-17 00:00:00-03:00,14960.0,15050.0,14370.0,14560.0,193500,0.0,0.0
2026-06-18 00:00:00-03:00,15050.0,15050.0,13760.0,13920.0,49865,0.0,0.0
2026-06-19 00:00:00-03:00,13960.0,14350.0,13960.0,14250.0,3708,0.0,0.0
2026-06-22 00:00:00-03:00,14390.0,14390.0,13700.0,14050.0,24410,0.0,0.0
2026-06-23 00:00:00-03:00,13980.0,14610.0,13900.0,14600.0,43736,0.0,0.0
2026-06-24 00:00:00-03:00,14500.0,14530.0,14000.0,14220.0,32183,0.0,0.0
2026-06-25 00:00:00-03:00,14190.0,14390.0,13790.0,14300.0,21377,0.0,0.0
2026-06-26 00:00:00-03:00,14060.0,14670.0,14060.0,14500.0,26648,0.0,0.0
2026-06-29 00:00:00-03:00,14680.0,15460.0,14660.0,15000.0,102162,0.0,0.0
2026-06-30 00:00:00-03:00,15010.0,15290.0,14860.0,14900.0,55210,0.0,0.0
2026-07-01 00:00:00-03:00,14840.0,15280.0,14660.0,14940.0,38653,0.0,0.0
2026-07-02 00:00:00-03:00,15160.0,15500.0,14960.0,15250.0,66864,0.0,0.0
2026-07-03 00:00:00-03:00,15240.0,16050.0,15000.0,16010.0,11971,0.0,0.0
2026-07-06 00:00:00-03:00,16010.0,16010.0,16010.0,16010.0,0,0.0,0.0
2026-07-07 00:00:00-03:00,14900.0,15420.0,14850.0,15140.0,17622,0.0,0.0
2026-07-08 00:00:00-03:00,15670.0,16180.0,15140.0,16160.0,71106,0.0,0.0
2026-07-09 00:00:00-03:00,16160.0,16160.0,16160.0,16160.0,0,0.0,0.0
2026-07-10 00:00:00-03:00,16140.0,16370.0,15790.0,16140.0,9002,0.0,0.0
2026-07-13 00:00:00-03:00,16490.0,16920.0,16210.0,16360.0,214847,0.0,0.0
2026-07-14 00:00:00-03:00,16380.0,16380.0,16010.0,16200.0,32485,0.0,0.0
2026-07-15 00:00:00-03:00,16200.0,16290.0,15760.0,16010.0,10766,0.0,0.0
2026-07-16 00:00:00-03:00,16080.0,16230.0,15680.0,15780.0,13780,0.0,0.0
2026-07-17 00:00:00-03:00,15810.0,16050.0,15620.0,15840.0,138779,0.0,0.0
2026-07-20 00:00:00-03:00,15870.0,16830.0,15650.0,16770.0,53537,0.0,0.0
2026-07-21 00:00:00-03:00,,,,,27485,0.0,0.0
