Date,Open,High,Low,Close,Volume,Dividends,Stock Splits
1994-07-22 00:00:00-04:00,0.11558712273836136,0.11636814889783889,0.11558712273836136,0.11558712273836136,10617758,0.0,0.0
1994-07-25 00:00:00-04:00,0.1155870890166539,0.11636811494827269,0.1155870890166539,0.1163681149482727,1039648,0.0,0.0
1994-07-26 00:00:00-04:00,0.11558712273836136,0.11636814889783889,0.11558712273836136,0.11558712273836136,536326,0.0,0.0
1994-07-27 00:00:00-04:00,0.11636814889783889,0.11636814889783889,0.11558712273836136,0.11558712273836136,279790,0.0,0.0
1994-07-28 00:00:00-04:00,0.11558712273836136,0.11636814889783889,0.11558712273836136,0.11558712273836136,626339,0.0,0.0
1994-07-29 00:00:00-04:00,0.11558712273836136,0.11636814889783889,0.11558712273836136,0.11558712273836136,149271,0.0,0.0
1994-08-01 00:00:00-04:00,0.11558712273836136,0.11636814889783889,0.11558712273836136,0.11558712273836136,162773,0.0,0.0
1994-08-02 00:00:00-04:00,0.11558712273836136,0.11636814889783889,0.11558712273836136,0.11558712273836136,450064,0.0,0.0
1994-08-03 00:00:00-04:00,0.1155870890166539,0.11636811494827269,0.1155870890166539,0.1163681149482727,281290,0.0,0.0
1994-08-04 00:00:00-04:00,0.11558712361063574,0.11558712361063574,0.11402516067028046,0.11402516067028046,4154090,0.0,0.0
1994-08-05 00:00:00-04:00,0.11402516067028046,0.1148061421404581,0.11402516067028046,0.11402516067028046,979639,0.0,0.0
1994-08-08 00:00:00-04:00,0.11402516067028046,0.1148061421404581,0.11402516067028046,0.11402516067028046,380304,0.0,0.0
1994-08-09 00:00:00-04:00,0.1148061454296112,0.1148061454296112,0.11402516393705873,0.1148061454296112,612837,0.0,0.0
1994-08-10 00:00:00-04:00,0.11402520687063808,0.11402520687063808,0.11246319860219955,0.11246319860219955,1005143,0.0,0.0
1994-08-11 00:00:00-04:00,0.11246315809528565,0.11402516580112115,0.11168217658996583,0.11168217658996582,507822,0.0,0.0
1994-08-12 00:00:00-04:00,0.11246319860219955,0.11246319860219955,0.11168221681558628,0.11246319860219955,642841,0.0,0.0
1994-08-15 00:00:00-04:00,0.11168221681558628,0.11324422508402482,0.11168221681558628,0.11246319860219955,181526,0.0,0.0
1994-08-16 00:00:00-04:00,0.1140251798643331,0.1140251798643331,0.11246317196584849,0.1132441982626915,824367,0.0,0.0
1994-08-17 00:00:00-04:00,0.11324422508402482,0.11324422508402482,0.11246319860219955,0.11246319860219955,696099,0.0,0.0
1994-08-18 00:00:00-04:00,0.11246317196584849,0.1132441982626915,0.11246317196584849,0.1132441982626915,336798,0.0,0.0
1994-08-19 00:00:00-04:00,0.11246319860219955,0.11324422508402482,0.11168221681558628,0.11246319860219955,405058,0.0,0.0
1994-08-22 00:00:00-04:00,0.11246319860219955,0.11246319860219955,0.11168221681558628,0.11246319860219955,270788,0.0,0.0
1994-08-23 00:00:00-04:00,0.11168217658996583,0.11246315809528565,0.11168217658996583,0.11168217658996582,204029,0.0,0.0
1994-08-24 00:00:00-04:00,0.11168221681558628,0.11324422508402482,0.11168221681558628,0.11246319860219955,483069,0.0,0.0
1994-08-25 00:00:00-04:00,0.1132441982626915,0.1140251798643331,0.11246317196584849,0.1132441982626915,384805,0.0,0.0
1994-08-26 00:00:00-04:00,0.11324417920010281,0.11402516067028046,0.11324417920010281,0.11402516067028046,356301,0.0,0.0
1994-08-29 00:00:00-04:00,0.11402516067028046,0.1148061421404581,0.11324417920010281,0.11402516067028046,339798,0.0,0.0
1994-08-30 00:00:00-04:00,0.11480614127407736,0.11558712273836136,0.11402515980979336,0.11558712273836136,272289,0.0,0.0
1994-08-31 00:00:00-04:00,0.11558712692216368,0.11558712692216368,0.1148061454296112,0.1148061454296112,198028,0.0,0.0
1994-09-01 00:00:00-04:00,0.11558712361063574,0.11558712361063574,0.11402516067028046,0.11402516067028046,261037,0.0,0.0
1994-09-02 00:00:00-04:00,0.1148061421404581,0.1148061421404581,0.11324417920010281,0.11402516067028046,267038,0.0,0.0
1994-09-06 00:00:00-04:00,0.11480618865725135,0.11480618865725135,0.11246319860219955,0.11246319860219955,87012,0.0,0.0
1994-09-07 00:00:00-04:00,0.11246319860219955,0.11324422508402482,0.11246319860219955,0.11246319860219955,249035,0.0,0.0
1994-09-08 00:00:00-04:00,0.11246317196584849,0.1132441982626915,0.11168219036420687,0.1132441982626915,429061,0.0,0.0
1994-09-09 00:00:00-04:00,0.11324417920010281,0.11402516067028046,0.11012017510280295,0.11402516067028046,248285,0.0,0.0
1994-09-12 00:00:00-04:00,0.11246319860219955,0.11402520687063808,0.11246319860219955,0.11246319860219955,258037,0.0,0.0
1994-09-13 00:00:00-04:00,0.1132441982626915,0.1140251798643331,0.11246317196584849,0.1132441982626915,339798,0.0,0.0
1994-09-14 00:00:00-04:00,0.11324423042707427,0.11402521225053555,0.11090125143527985,0.11090125143527985,271539,0.0,0.0
1994-09-15 00:00:00-04:00,0.11168221681558628,0.11324422508402482,0.11168221681558628,0.11246319860219955,870874,0.0,0.0
1994-09-16 00:00:00-04:00,0.1124632039083989,0.1124632039083989,0.11090125143527985,0.11090125143527985,192027,0.0,0.0
1994-09-19 00:00:00-04:00,0.11090125143527985,0.11168222208493761,0.10933924309314319,0.11090125143527985,537076,0.0,0.0
1994-09-20 00:00:00-04:00,0.1101201403960672,0.1101201403960672,0.10777715202878367,0.10855817794799805,544577,0.0,0.0
1994-09-21 00:00:00-04:00,0.10777718992799867,0.10933919762051844,0.10621522693067441,0.10699620842933655,933883,0.0,0.0
1994-09-22 00:00:00-04:00,0.10699625006692781,0.11012022197246552,0.10699625006692781,0.11012022197246552,628589,0.0,0.0
1994-09-23 00:00:00-04:00,0.11012015896421139,0.11090118501512013,0.10933917760848999,0.10933917760848999,328547,0.0,0.0
1994-09-26 00:00:00-04:00,0.11090125143527985,0.11090125143527985,0.10933924309314319,0.11090125143527985,276039,0.0,0.0
1994-09-27 00:00:00-04:00,0.11090124847025962,0.1140252092019941,0.11012022197246552,0.11012022197246552,456815,0.0,0.0
1994-09-28 00:00:00-04:00,0.11090118501512013,0.11090118501512013,0.10933917760848999,0.10933917760848999,271539,0.0,0.0
1994-09-29 00:00:00-04:00,0.10933924016988432,0.11090124847025962,0.10855825836730311,0.11012022197246552,198028,0.0,0.0
1994-09-30 00:00:00-04:00,0.10855817794799805,0.10933915917203262,0.10777715202878367,0.10855817794799805,211530,0.0,0.0
1994-10-03 00:00:00-04:00,0.10777718992799867,0.1085582161218563,0.10699620842933655,0.10699620842933655,183026,0.0,0.0
1994-10-04 00:00:00-04:00,0.10777714915351548,0.10855817505189372,0.10309121723913905,0.10465317964553833,455315,0.0,0.0
1994-10-05 00:00:00-04:00,0.10465321923815464,0.10699620842933655,0.10465321923815464,0.10699620842933655,171024,0.0,0.0
1994-10-06 00:00:00-04:00,0.10621526685710231,0.10777723044157028,0.10621526685710231,0.10777723044157028,246785,0.0,0.0
1994-10-07 00:00:00-04:00,0.10777715202878367,0.10933915917203262,0.10699617080474909,0.10855817794799805,139520,0.0,0.0
1994-10-10 00:00:00-04:00,0.11012022197246552,0.11090124847025962,0.11012022197246552,0.11012022197246552,90763,0.0,0.0
1994-10-11 00:00:00-04:00,0.11168217658996583,0.11246315809528565,0.11090120625844499,0.11168217658996582,235533,0.0,0.0
1994-10-12 00:00:00-04:00,0.11246315809528565,0.11246315809528565,0.11090120625844499,0.11168217658996582,107265,0.0,0.0
1994-10-13 00:00:00-04:00,0.11168217658996583,0.11324418429580134,0.11090120625844499,0.11168217658996582,107265,0.0,0.0
1994-10-14 00:00:00-04:00,0.11168222208493761,0.11168222208493761,0.11090125143527985,0.11090125143527985,82512,0.0,0.0
1994-10-17 00:00:00-04:00,0.11090120625844499,0.11168217658996583,0.11012018005792928,0.11168217658996582,54758,0.0,0.0
1994-10-18 00:00:00-04:00,0.11090125143527985,0.11168222208493761,0.11012022491660448,0.11090125143527985,78761,0.0,0.0
1994-10-19 00:00:00-04:00,0.11090124620277601,0.11324422508402482,0.11090124620277601,0.11246319860219955,330047,0.0,0.0
1994-10-20 00:00:00-04:00,0.11246319860219955,0.11324422508402482,0.11168221681558628,0.11246319860219955,521324,0.0,0.0
1994-10-21 00:00:00-04:00,0.11246319860219955,0.11246319860219955,0.11090124620277601,0.11246319860219955,295542,0.0,0.0
1994-10-24 00:00:00-04:00,0.1124632039083989,0.1124632039083989,0.11090125143527985,0.11090125143527985,58508,0.0,0.0
1994-10-25 00:00:00-04:00,0.11090120625844499,0.11246315809528565,0.11090120625844499,0.11168217658996582,36755,0.0,0.0
1994-10-26 00:00:00-04:00,0.11090125143527985,0.11168222208493761,0.11090125143527985,0.11090125143527985,96014,0.0,0.0
1994-10-27 00:00:00-04:00,0.11090124620277601,0.11324422508402482,0.11090124620277601,0.11246319860219955,920381,0.0,0.0
1994-10-28 00:00:00-04:00,0.11246319860219955,0.11324422508402482,0.11246319860219955,0.11246319860219955,99014,0.0,0.0
1994-10-31 00:00:00-05:00,0.11324417920010281,0.11402516067028046,0.11246315303473128,0.11402516067028046,504072,0.0,0.0
1994-11-01 00:00:00-05:00,0.11324422508402482,0.11402520687063808,0.11246319860219955,0.11246319860219955,267038,0.0,0.0
1994-11-02 00:00:00-05:00,0.11246317196584849,0.1140251798643331,0.11246317196584849,0.1132441982626915,276039,0.0,0.0
1994-11-03 00:00:00-05:00,0.1132441982626915,0.1140251798643331,0.11246317196584849,0.1132441982626915,381804,0.0,0.0
1994-11-04 00:00:00-05:00,0.11324422508402482,0.11402520687063808,0.11246319860219955,0.11246319860219955,160523,0.0,0.0
1994-11-07 00:00:00-05:00,0.11246315809528565,0.11246315809528565,0.11090120625844499,0.11168217658996582,187527,0.0,0.0
1994-11-08 00:00:00-05:00,0.11193618178367615,0.1127300879570292,0.11034846030150676,0.11193618178367615,211530,0.038661,0.0
1994-11-09 00:00:00-05:00,0.11273005157011066,0.11273005157011066,0.11114228516817093,0.11114228516817093,143270,0.0,0.0
1994-11-10 00:00:00-05:00,0.11114232104259146,0.11193618178367615,0.11114232104259146,0.11193618178367615,131269,0.0,0.0
1994-11-11 00:00:00-05:00,0.11114228516817093,0.11193614565301395,0.1103484246833279,0.11114228516817093,63759,0.0,0.0
1994-11-14 00:00:00-05:00,0.11114228516817093,0.11273005157011066,0.11114228516817093,0.11114228516817093,168024,0.0,0.0
1994-11-15 00:00:00-05:00,0.11114236303885384,0.11273013055324554,0.11034850199780075,0.11273013055324554,569331,0.0,0.0
1994-11-16 00:00:00-05:00,0.11193618178367615,0.1127300879570292,0.11114232104259146,0.11193618178367615,103515,0.0,0.0
1994-11-17 00:00:00-05:00,0.11193622407990694,0.11352398023622726,0.11193622407990694,0.11273013055324554,315795,0.0,0.0
1994-11-18 00:00:00-05:00,0.11273013055324554,0.11431784127728035,0.11273013055324554,0.11273013055324554,195778,0.0,0.0
1994-11-21 00:00:00-05:00,0.11431781351118088,0.11431781351118088,0.11273010317277735,0.1135239526629448,339048,0.0,0.0
1994-11-22 00:00:00-05:00,0.11273013129496605,0.11273013129496605,0.10955459624528885,0.10955459624528885,207780,0.0,0.0
1994-11-23 00:00:00-05:00,0.10876071813449498,0.11034848541021347,0.1063790899370566,0.11034848541021347,271539,0.0,0.0
1994-11-25 00:00:00-05:00,0.11034850272385105,0.11114236377012744,0.10955459624528885,0.10955459624528885,37505,0.0,0.0
1994-11-28 00:00:00-05:00,0.10955461295117942,0.10955461295117942,0.10876075178384781,0.10876075178384781,81012,0.0,0.0
1994-11-29 00:00:00-05:00,0.10796684541304054,0.10796684541304054,0.10479135664093255,0.10558521747589111,226532,0.0,0.0
1994-11-30 00:00:00-05:00,0.10558522119701151,0.10796684921809623,0.10558522119701151,0.10717298835515976,315045,0.0,0.0
1994-12-01 00:00:00-05:00,0.10717299426165504,0.10796685516834259,0.10717299426165504,0.10796685516834259,97514,0.0,0.0
1994-12-02 00:00:00-05:00,0.10717299426165504,0.10796685516834259,0.10637908792268964,0.10796685516834259,210030,0.0,0.0
1994-12-05 00:00:00-05:00,0.10796684921809623,0.10796684921809623,0.10717298835515976,0.10717298835515976,63759,0.0,0.0
1994-12-06 00:00:00-05:00,0.10717297846398863,0.10796683925365837,0.10479135066270828,0.10479135066270828,293292,0.0,0.0
1994-12-07 00:00:00-05:00,0.10558521145237802,0.10637907224204776,0.10399744444076742,0.10479135066270828,290291,0.0,0.0
1994-12-08 00:00:00-05:00,0.10479135066270828,0.10558521145237802,0.10479135066270828,0.10479135066270828,169524,0.0,0.0
1994-12-09 00:00:00-05:00,0.10399744444076742,0.10479135066270828,0.10320358365109768,0.10479135066270828,162023,0.0,0.0
1994-12-12 00:00:00-05:00,0.10479135066270828,0.10637907224204776,0.10479135066270828,0.10479135066270828,159023,0.0,0.0
1994-12-13 00:00:00-05:00,0.10479135664093255,0.10558521747589111,0.10399745037370024,0.10558521747589111,164273,0.0,0.0
1994-12-14 00:00:00-05:00,0.10399745977034916,0.10796685516834259,0.10399745977034916,0.10796685516834259,186026,0.0,0.0
1994-12-15 00:00:00-05:00,0.10955459624528885,0.11114236377012744,0.10796687415273606,0.10955459624528885,471067,0.0,0.0
1994-12-16 00:00:00-05:00,0.10876073519901246,0.11034850272385105,0.10876073519901246,0.10955459624528885,375803,0.0,0.0
1994-12-19 00:00:00-05:00,0.10955459624528885,0.11034850272385105,0.10955459624528885,0.10955459624528885,150771,0.0,0.0
1994-12-20 00:00:00-05:00,0.11034848541021347,0.11034848541021347,0.10955457905621488,0.11034848541021347,100514,0.0,0.0
1994-12-21 00:00:00-05:00,0.10955459624528885,0.11034850272385105,0.10876073519901246,0.10955459624528885,192027,0.0,0.0
1994-12-22 00:00:00-05:00,0.10955459624528885,0.10955459624528885,0.10796687415273606,0.10955459624528885,120017,0.0,0.0
1994-12-23 00:00:00-05:00,0.11034848541021347,0.11114234633193336,0.11034848541021347,0.11034848541021347,232533,0.0,0.0
1994-12-27 00:00:00-05:00,0.1103484246833279,0.11114228516817093,0.1103484246833279,0.11114228516817093,88513,0.0,0.0
1994-12-28 00:00:00-05:00,0.10955459624528885,0.11114236377012744,0.10955459624528885,0.10955459624528885,113266,0.0,0.0
1994-12-29 00:00:00-05:00,0.10955461295117942,0.11034851955080377,0.1079668906165162,0.10876075178384781,121517,0.0,0.0
1994-12-30 00:00:00-05:00,0.10796687415273606,0.10955459624528885,0.10479138453534469,0.10955459624528885,182276,0.0,0.0
1995-01-03 00:00:00-05:00,0.11034848541021347,0.11034848541021347,0.10955457905621488,0.11034848541021347,71260,0.0,0.0
1995-01-04 00:00:00-05:00,0.11034850272385105,0.11034850272385105,0.10955459624528885,0.10955459624528885,108765,0.0,0.0
1995-01-05 00:00:00-05:00,0.11034848541021347,0.11034848541021347,0.10955457905621488,0.11034848541021347,35255,0.0,0.0
1995-01-06 00:00:00-05:00,0.11034850272385105,0.11034850272385105,0.10955459624528885,0.10955459624528885,82512,0.0,0.0
1995-01-09 00:00:00-05:00,0.11034848541021347,0.11114234633193336,0.10955457905621488,0.11034848541021347,75011,0.0,0.0
1995-01-10 00:00:00-05:00,0.11034846030150676,0.11193618178367615,0.10955455412815371,0.11193618178367615,393056,0.0,0.0
1995-01-11 00:00:00-05:00,0.11193614565301395,0.11193614565301395,0.1103484246833279,0.11114228516817093,71260,0.0,0.0
1995-01-12 00:00:00-05:00,0.11114234633193336,0.11273011360765185,0.11034848541021347,0.11034848541021347,139520,0.0,0.0
1995-01-13 00:00:00-05:00,0.11114236377012744,0.11114236377012744,0.10876073519901246,0.10955459624528885,78761,0.0,0.0
1995-01-16 00:00:00-05:00,0.1103484246833279,0.11114228516817093,0.10955451876623118,0.11114228516817093,39756,0.0,0.0
1995-01-17 00:00:00-05:00,0.11034848541021347,0.11114234633193336,0.10955457905621488,0.11034848541021347,158272,0.0,0.0
1995-01-18 00:00:00-05:00,0.11034848541021347,0.11114234633193336,0.10955457905621488,0.11034848541021347,274539,0.0,0.0
1995-01-19 00:00:00-05:00,0.1103484246833279,0.11114228516817093,0.1103484246833279,0.11114228516817093,60759,0.0,0.0
1995-01-20 00:00:00-05:00,0.11114234633193336,0.11114234633193336,0.10955457905621488,0.11034848541021347,153772,0.0,0.0
1995-01-23 00:00:00-05:00,0.10955461295117942,0.10955461295117942,0.10876075178384781,0.10876075178384781,51757,0.0,0.0
1995-01-24 00:00:00-05:00,0.10955459624528885,0.10955459624528885,0.10876073519901246,0.10955459624528885,87762,0.0,0.0
1995-01-25 00:00:00-05:00,0.10876073519901246,0.10955459624528885,0.10876073519901246,0.10955459624528885,30754,0.0,0.0
1995-01-26 00:00:00-05:00,0.10955459624528885,0.10955459624528885,0.10876073519901246,0.10955459624528885,56258,0.0,0.0
1995-01-27 00:00:00-05:00,0.10955451876623118,0.11114228516817093,0.10955451876623118,0.11114228516817093,435062,0.0,0.0
1995-01-30 00:00:00-05:00,0.11193619689226678,0.11352395266294481,0.11114233604403069,0.1135239526629448,150021,0.0,0.0
1995-01-31 00:00:00-05:00,0.11431781351118088,0.11511171979169145,0.11352395266294481,0.1135239526629448,1306686,0.0,0.0
1995-02-01 00:00:00-05:00,0.11459674686193466,0.11540952306467926,0.11378401717131931,0.11459674686193466,196528,0.055325,0.0
1995-02-02 00:00:00-05:00,0.11378401717131931,0.11459674686193466,0.11378401717131931,0.11459674686193466,57758,0.0,0.0
1995-02-03 00:00:00-05:00,0.11459677663707044,0.11540955305099487,0.11378404673528733,0.11540955305099487,456815,0.0,0.0
1995-02-06 00:00:00-05:00,0.11459677663707044,0.11622227132474264,0.11459677663707044,0.11540955305099487,106515,0.0,0.0
1995-02-07 00:00:00-05:00,0.11703499408814903,0.11866050030471122,0.11622226423593719,0.11784777045249939,353300,0.0,0.0
1995-02-08 00:00:00-05:00,0.11866046694239829,0.12028592618981147,0.11866046694239829,0.11947319656610489,503321,0.0,0.0
1995-02-09 00:00:00-05:00,0.11947323950211779,0.11947323950211779,0.11784777967055067,0.11866050958633423,147021,0.0,0.0
1995-02-10 00:00:00-05:00,0.11947323013406919,0.11947323013406919,0.11622226421370518,0.11703499406576157,237784,0.0,0.0
1995-02-13 00:00:00-05:00,0.11703496971371319,0.11703496971371319,0.11622224003076553,0.11622224003076553,105015,0.0,0.0
1995-02-14 00:00:00-05:00,0.11703499408814903,0.11866050030471122,0.11703499408814903,0.11784777045249939,74261,0.0,0.0
1995-02-15 00:00:00-05:00,0.11784777042995644,0.1186605002820128,0.11622226421370518,0.11703499406576157,163523,0.0,0.0
1995-02-16 00:00:00-05:00,0.11703500122652573,0.11703500122652573,0.11540955305099487,0.11540955305099487,151522,0.0,0.0
1995-02-17 00:00:00-05:00,0.11540952197585007,0.11622224003076553,0.11540952197585007,0.11622224003076553,165774,0.0,0.0
1995-02-21 00:00:00-05:00,0.11622227132474264,0.11703500122652573,0.11459677663707044,0.11540955305099487,214530,0.0,0.0
1995-02-22 00:00:00-05:00,0.11703496971371319,0.11703496971371319,0.11622224003076553,0.11622224003076553,115516,0.0,0.0
1995-02-23 00:00:00-05:00,0.11703496971371319,0.11784774590878967,0.11540952197585007,0.11622224003076553,170274,0.0,0.0
1995-02-24 00:00:00-05:00,0.11540954601175998,0.11784777045249938,0.11540954601175998,0.11784777045249939,264037,0.0,0.0
1995-02-27 00:00:00-05:00,0.11703499406576157,0.11784777042995644,0.11703499406576157,0.11703499406576157,90013,0.0,0.0
1995-02-28 00:00:00-05:00,0.11784777042995644,0.11784777042995644,0.11703499406576157,0.11703499406576157,102765,0.0,0.0
1995-03-01 00:00:00-05:00,0.11866050030471122,0.11866050030471122,0.11784777045249938,0.11784777045249939,176275,0.0,0.0
1995-03-02 00:00:00-05:00,0.11784777042995644,0.1186605002820128,0.11703499406576157,0.11703499406576157,126018,0.0,0.0
1995-03-03 00:00:00-05:00,0.11703499406576157,0.1186605002820128,0.11703499406576157,0.11703499406576157,209280,0.0,0.0
1995-03-06 00:00:00-05:00,0.11784777045249938,0.11866050030471122,0.11703499408814903,0.11784777045249939,72010,0.0,0.0
1995-03-07 00:00:00-05:00,0.11703499406576157,0.11703499406576157,0.11622226421370518,0.11703499406576157,69010,0.0,0.0
1995-03-08 00:00:00-05:00,0.11784774590878967,0.11784774590878967,0.11540952197585007,0.11622224003076553,318795,0.0,0.0
1995-03-09 00:00:00-05:00,0.11703499406576157,0.11784777042995644,0.11703499406576157,0.11703499406576157,436562,0.0,0.0
1995-03-10 00:00:00-05:00,0.11703499406576157,0.1186605002820128,0.11703499406576157,0.11703499406576157,385555,0.0,0.0
1995-03-13 00:00:00-05:00,0.11784777045249938,0.11866050030471122,0.11703499408814903,0.11784777045249939,195778,0.0,0.0
1995-03-14 00:00:00-05:00,0.11784777967055067,0.11947323950211779,0.11784777967055067,0.11866050958633423,288791,0.0,0.0
1995-03-15 00:00:00-05:00,0.11947323950211779,0.12191147576161061,0.11866050958633423,0.11866050958633423,290291,0.0,0.0
1995-03-16 00:00:00-05:00,0.11866050958633423,0.11947323950211779,0.11866050958633423,0.11866050958633423,183026,0.0,0.0
1995-03-17 00:00:00-05:00,0.11947319656610489,0.12028592618981147,0.11866046694239829,0.11947319656610489,98264,0.0,0.0
1995-03-20 00:00:00-05:00,0.11947319656610489,0.12028592618981147,0.11947319656610489,0.11947319656610489,165774,0.0,0.0
1995-03-21 00:00:00-05:00,0.12028596941790135,0.12028596941790135,0.11866050958633423,0.11866050958633423,313545,0.0,0.0
1995-03-22 00:00:00-05:00,0.11947323015692306,0.11947323015692306,0.11784777045249938,0.11784777045249939,172524,0.0,0.0
1995-03-23 00:00:00-05:00,0.11947323950211779,0.11947323950211779,0.11866050958633423,0.11866050958633423,168024,0.0,0.0
1995-03-24 00:00:00-05:00,0.11866050958633423,0.12028596941790135,0.11703500324262496,0.11866050958633423,216781,0.0,0.0
1995-03-27 00:00:00-05:00,0.11866050958633423,0.11947323950211779,0.11784777967055067,0.11866050958633423,119267,0.0,0.0
1995-03-28 00:00:00-05:00,0.1194732430131748,0.12028597295284271,0.11866051307350689,0.12028597295284271,196528,0.0,0.0
1995-03-29 00:00:00-05:00,0.12028592618981147,0.12028592618981147,0.11866046694239829,0.11947319656610489,135019,0.0,0.0
1995-03-30 00:00:00-05:00,0.11947319656610489,0.11947319656610489,0.11866046694239829,0.11947319656610489,47257,0.0,0.0
1995-03-31 00:00:00-05:00,0.11866050958633423,0.11947323950211779,0.11866050958633423,0.11866050958633423,159773,0.0,0.0
1995-04-03 00:00:00-04:00,0.11947323015692306,0.11947323015692306,0.11784777045249938,0.11784777045249939,68260,0.0,0.0
1995-04-04 00:00:00-04:00,0.11784777042995644,0.1186605002820128,0.11703499406576157,0.11703499406576157,153022,0.0,0.0
1995-04-05 00:00:00-04:00,0.11703496971371319,0.11703496971371319,0.11622224003076553,0.11622224003076553,63009,0.0,0.0
1995-04-06 00:00:00-04:00,0.11622226421370518,0.11703499406576157,0.11622226421370518,0.11703499406576157,93763,0.0,0.0
1995-04-07 00:00:00-04:00,0.1186605002820128,0.11947323013406919,0.11703499406576157,0.11703499406576157,288791,0.0,0.0
1995-04-10 00:00:00-04:00,0.11784777967055067,0.11866050958633423,0.11703500324262496,0.11866050958633423,81012,0.0,0.0
1995-04-11 00:00:00-04:00,0.11947319656610489,0.11947319656610489,0.1178477373186917,0.11947319656610489,177775,0.0,0.0
1995-04-12 00:00:00-04:00,0.1194732430131748,0.12028597295284271,0.11703500668202754,0.12028597295284271,169524,0.0,0.0
1995-04-13 00:00:00-04:00,0.11866050030471122,0.11947323015692306,0.11784777045249938,0.11784777045249939,496571,0.0,0.0
1995-04-17 00:00:00-04:00,0.11866050958633423,0.11947323950211779,0.11784777967055067,0.11866050958633423,118517,0.0,0.0
1995-04-18 00:00:00-04:00,0.1186605002820128,0.1186605002820128,0.11703499406576157,0.11703499406576157,78761,0.0,0.0
1995-04-19 00:00:00-04:00,0.11784777967055067,0.11866050958633423,0.11703500324262496,0.11866050958633423,95264,0.0,0.0
1995-04-20 00:00:00-04:00,0.11784777967055067,0.11866050958633423,0.11784777967055067,0.11866050958633423,97514,0.0,0.0
1995-04-21 00:00:00-04:00,0.11866046694239829,0.11947319656610489,0.1178477373186917,0.11947319656610489,198778,0.0,0.0
1995-04-24 00:00:00-04:00,0.11947319656610489,0.11947319656610489,0.11866046694239829,0.11947319656610489,168774,0.0,0.0
1995-04-25 00:00:00-04:00,0.11947319656610489,0.11947319656610489,0.1178477373186917,0.11947319656610489,284290,0.0,0.0
1995-04-26 00:00:00-04:00,0.11866046694239829,0.11947319656610489,0.1178477373186917,0.11947319656610489,592584,0.0,0.0
1995-04-27 00:00:00-04:00,0.11866051307350689,0.12028597295284271,0.11866051307350689,0.12028597295284271,216031,0.0,0.0
1995-04-28 00:00:00-04:00,0.11866046190576393,0.12191142677472601,0.11866046190576393,0.12109869718551636,247535,0.0,0.0
1995-05-01 00:00:00-04:00,0.12109874940465414,0.12191147934432205,0.12028597295284271,0.12028597295284271,161273,0.0,0.0
1995-05-02 00:00:00-04:00,0.1205519981242053,0.12221475690603256,0.1205519981242053,0.12221475690603256,130519,0.055325,0.0
1995-05-03 00:00:00-04:00,0.12138337751511893,0.12221475690603256,0.12138337751511893,0.12221475690603256,132019,0.0,0.0
1995-05-04 00:00:00-04:00,0.12221472099300662,0.12304610013961792,0.12138334184639533,0.12304610013961792,108765,0.0,0.0
1995-05-05 00:00:00-04:00,0.12304610013961792,0.12387752686565787,0.12221472099300662,0.12304610013961792,144771,0.0,0.0
1995-05-08 00:00:00-04:00,0.12387760151318612,0.126371788035423,0.12387760151318612,0.1255403608083725,1267680,0.0,0.0
1995-05-09 00:00:00-04:00,0.125540330213107,0.12720313668251038,0.12470895076812817,0.12720313668251038,1434204,0.0,0.0
1995-05-10 00:00:00-04:00,0.12720313668251038,0.12969732259689257,0.12720313668251038,0.12720313668251038,448564,0.0,0.0
1995-05-11 00:00:00-04:00,0.12637180238844348,0.1280345618724823,0.12554037506696136,0.1280345618724823,152272,0.0,0.0
1995-05-12 00:00:00-04:00,0.1280345618724823,0.1280345618724823,0.1272031821304629,0.1280345618724823,128268,0.0,0.0
1995-05-15 00:00:00-04:00,0.12803454526672758,0.1288659724803757,0.12637178599834442,0.12637178599834442,192027,0.0,0.0
1995-05-16 00:00:00-04:00,0.12803454526672758,0.12803454526672758,0.1255403587846963,0.12637178599834442,285791,0.0,0.0
1995-05-17 00:00:00-04:00,0.12637180983511115,0.12637180983511115,0.12387762288261611,0.12470900267362595,482318,0.0,0.0
1995-05-18 00:00:00-04:00,0.12470900267362595,0.12554038246463578,0.12387762288261611,0.12470900267362595,180026,0.0,0.0
1995-05-19 00:00:00-04:00,0.12387762288261611,0.12470900267362595,0.12304619551214076,0.12470900267362595,126018,0.0,0.0
1995-05-22 00:00:00-04:00,0.12470900267362595,0.12470900267362595,0.12304619551214076,0.12470900267362595,213780,0.0,0.0
1995-05-23 00:00:00-04:00,0.12470890601226917,0.12470890601226917,0.12304610013961792,0.12304610013961792,190527,0.0,0.0
1995-05-24 00:00:00-04:00,0.12304610013961792,0.12304610013961792,0.12221472099300662,0.12304610013961792,268538,0.0,0.0
1995-05-25 00:00:00-04:00,0.12221475690603256,0.12221475690603256,0.12138337751511893,0.12221475690603256,157522,0.0,0.0
1995-05-26 00:00:00-04:00,0.12221475690603256,0.12221475690603256,0.12138337751511893,0.12221475690603256,186026,0.0,0.0
1995-05-30 00:00:00-04:00,0.12138337751511893,0.12304613629694618,0.12138337751511893,0.12221475690603256,71260,0.0,0.0
1995-05-31 00:00:00-04:00,0.12221475690603256,0.12221475690603256,0.12138337751511893,0.12221475690603256,157522,0.0,0.0
1995-06-01 00:00:00-04:00,0.12138337751511893,0.12221475690603256,0.1205519981242053,0.12221475690603256,293292,0.0,0.0
1995-06-02 00:00:00-04:00,0.12138334184639533,0.12304610013961792,0.12138334184639533,0.12304610013961792,419310,0.0,0.0
1995-06-05 00:00:00-04:00,0.12387762288261611,0.12554038246463578,0.12387762288261611,0.12470900267362595,266288,0.0,0.0
1995-06-06 00:00:00-04:00,0.1247089791505047,0.12803454526672758,0.1247089791505047,0.12637178599834442,578332,0.0,0.0
1995-06-07 00:00:00-04:00,0.1280345618724823,0.12886598919396441,0.1272031821304629,0.1280345618724823,194278,0.0,0.0
1995-06-08 00:00:00-04:00,0.1288659730101718,0.12969735264778137,0.1288659730101718,0.12969735264778137,414809,0.0,0.0
1995-06-09 00:00:00-04:00,0.12886592745780945,0.12969730680153765,0.1280345005346413,0.12886592745780945,208530,0.0,0.0
1995-06-12 00:00:00-04:00,0.1280345618724823,0.12886598919396441,0.1280345618724823,0.1280345618724823,107265,0.0,0.0
1995-06-13 00:00:00-04:00,0.12886595913689644,0.13052871823310852,0.12803453200933876,0.13052871823310852,231783,0.0,0.0
1995-06-14 00:00:00-04:00,0.1313600997008709,0.1330229065514041,0.13052873196019676,0.13219153881072998,580582,0.0,0.0
1995-06-15 00:00:00-04:00,0.13219155574150476,0.13219155574150476,0.1280345618724823,0.1280345618724823,194278,0.0,0.0
1995-06-16 00:00:00-04:00,0.1280345005346413,0.13052868614526586,0.1272031211909131,0.12886592745780945,290291,0.0,0.0
1995-06-19 00:00:00-04:00,0.12886598919396441,0.12969736893598383,0.1280345618724823,0.1280345618724823,188277,0.0,0.0
1995-06-20 00:00:00-04:00,0.12886595913689644,0.13052871823310852,0.12803453200933876,0.13052871823310852,229533,0.0,0.0
1995-06-21 00:00:00-04:00,0.12969732259689257,0.1305287020418714,0.12720313668251038,0.12720313668251038,150021,0.0,0.0
1995-06-22 00:00:00-04:00,0.1272031676830162,0.1280345473306094,0.1255403608083725,0.1255403608083725,598585,0.0,0.0
1995-06-23 00:00:00-04:00,0.126371788035423,0.126371788035423,0.1247089811607793,0.1255403608083725,220531,0.0,0.0
1995-06-26 00:00:00-04:00,0.1247089811607793,0.126371788035423,0.1247089811607793,0.1255403608083725,139520,0.0,0.0
1995-06-27 00:00:00-04:00,0.12637180983511115,0.12637180983511115,0.12470900267362595,0.12470900267362595,211530,0.0,0.0
1995-06-28 00:00:00-04:00,0.1255403587846963,0.12637178599834442,0.1255403587846963,0.12637178599834442,96014,0.0,0.0
1995-06-29 00:00:00-04:00,0.125540330213107,0.12720313668251038,0.12470895076812817,0.12720313668251038,129018,0.0,0.0
1995-06-30 00:00:00-04:00,0.12720313527906285,0.13468568104479217,0.12720313527906285,0.13302287459373474,317295,0.0,0.0
1995-07-03 00:00:00-04:00,0.13468566656058914,0.13468566656058914,0.1305286865645744,0.13136005401611328,179275,0.0,0.0
1995-07-05 00:00:00-04:00,0.13136005401611328,0.13385423963475013,0.13136005401611328,0.13136005401611328,207029,0.0,0.0
1995-07-06 00:00:00-04:00,0.1313600997008709,0.13219153881072998,0.13052873196019676,0.13219153881072998,222782,0.0,0.0
1995-07-07 00:00:00-04:00,0.13219159638676803,0.13385434448719025,0.13136015691477554,0.13385434448719025,266288,0.0,0.0
1995-07-10 00:00:00-04:00,0.13468563819705165,0.1363483965396881,0.13385421144630336,0.1363483965396881,474817,0.0,0.0
1995-07-11 00:00:00-04:00,0.13468563819705165,0.13884258163307286,0.13385421144630336,0.1363483965396881,381054,0.0,0.0
1995-07-12 00:00:00-04:00,0.1363483965396881,0.13801120246175463,0.13551701736836988,0.1363483965396881,275289,0.0,0.0
1995-07-13 00:00:00-04:00,0.13717992754712746,0.13801130735029402,0.1338543131755288,0.13551712036132812,198028,0.0,0.0
1995-07-14 00:00:00-04:00,0.13385425402954085,0.13551706048059828,0.13302287459373474,0.13302287459373474,92263,0.0,0.0
1995-07-17 00:00:00-04:00,0.13219159638676803,0.13385434448719025,0.13136015691477554,0.13385434448719025,117017,0.0,0.0
1995-07-18 00:00:00-04:00,0.13302296448954448,0.13551715206195916,0.13219159638676803,0.13385434448719025,133519,0.0,0.0
1995-07-19 00:00:00-04:00,0.1346857720643134,0.1346857720643134,0.13302296448954448,0.13385434448719025,224282,0.0,0.0
1995-07-20 00:00:00-04:00,0.1321914928368123,0.13302286028835122,0.1305286865645744,0.13136005401611328,225782,0.0,0.0
1995-07-21 00:00:00-04:00,0.13219153881072998,0.13385428618694242,0.13219153881072998,0.13219153881072998,138770,0.0,0.0
1995-07-24 00:00:00-04:00,0.13302296448954448,0.13385434448719025,0.13219159638676803,0.13385434448719025,78761,0.0,0.0
1995-07-25 00:00:00-04:00,0.13385425402954085,0.13468568104479217,0.13219150705278992,0.13302287459373474,129018,0.0,0.0
1995-07-26 00:00:00-04:00,0.1330229065514041,0.1330229065514041,0.1313600997008709,0.13219153881072998,61509,0.0,0.0
1995-07-27 00:00:00-04:00,0.1321914928368123,0.13302286028835122,0.13136005401611328,0.13136005401611328,163523,0.0,0.0
1995-07-28 00:00:00-04:00,0.1330229065514041,0.13385428618694242,0.13219153881072998,0.13219153881072998,76511,0.0,0.0
1995-07-31 00:00:00-04:00,0.13385425325972533,0.134685680270195,0.13136006738720624,0.134685680270195,132019,0.0,0.0
1995-08-01 00:00:00-04:00,0.13468563819705165,0.1363483965396881,0.13468563819705165,0.1363483965396881,96764,0.0,0.0
1995-08-02 00:00:00-04:00,0.13551705970121972,0.13634843913224445,0.134685680270195,0.134685680270195,101264,0.0,0.0
1995-08-03 00:00:00-04:00,0.134685680270195,0.13551705970121972,0.13385425325972533,0.134685680270195,52507,0.0,0.0
1995-08-04 00:00:00-04:00,0.134685680270195,0.13634843913224445,0.134685680270195,0.134685680270195,216031,0.0,0.0
1995-08-07 00:00:00-04:00,0.134685680270195,0.13551705970121972,0.13385425325972533,0.134685680270195,60009,0.0,0.0
1995-08-08 00:00:00-04:00,0.13468568104479217,0.13468568104479217,0.13302287459373474,0.13302287459373474,196528,0.0,0.0
1995-08-09 00:00:00-04:00,0.13302287459373474,0.13468568104479217,0.1313600681426773,0.13302287459373474,201029,0.0,0.0
1995-08-10 00:00:00-04:00,0.13329462398982866,0.1366906464099884,0.13244562749497518,0.1366906464099884,200278,0.055325,0.0
1995-08-11 00:00:00-04:00,0.1366905945875152,0.1366905945875152,0.13499261438846588,0.13499261438846588,96014,0.0,0.0
1995-08-14 00:00:00-04:00,0.1349926655671967,0.1383886879873564,0.1349926655671967,0.1366906464099884,444063,0.0,0.0
1995-08-15 00:00:00-04:00,0.13753961026668549,0.13923760225362106,0.13753961026668549,0.13753961026668549,204779,0.0,0.0
1995-08-16 00:00:00-04:00,0.13753958875178923,0.13753958875178923,0.13584154844284058,0.13584154844284058,91513,0.0,0.0
1995-08-17 00:00:00-04:00,0.1366906464099884,0.13753969149250292,0.13584164991513492,0.1366906464099884,114016,0.0,0.0
1995-08-18 00:00:00-04:00,0.13669062225307138,0.13923765987516268,0.13669062225307138,0.13838866353034973,260287,0.0,0.0
1995-08-21 00:00:00-04:00,0.14008669293801465,0.14093568921089172,0.13838865180461216,0.14093568921089172,109516,0.0,0.0
1995-08-22 00:00:00-04:00,0.140935601891772,0.14263359338550582,0.1400866061449051,0.1400866061449051,339798,0.0,0.0
1995-08-23 00:00:00-04:00,0.14008668780364994,0.14263367652893066,0.14008668780364994,0.14263367652893066,122267,0.0,0.0
1995-08-24 00:00:00-04:00,0.14008669293801465,0.1426336817566459,0.14008669293801465,0.14093568921089172,391556,0.0,0.0
1995-08-25 00:00:00-04:00,0.14178469749725398,0.14263369384206692,0.13838866353034973,0.13838866353034973,201029,0.0,0.0
1995-08-28 00:00:00-04:00,0.14008670480762808,0.14008670480762808,0.13753966718553678,0.13838866353034973,100514,0.0,0.0
1995-08-29 00:00:00-04:00,0.13753961026668549,0.13923760225362106,0.13753961026668549,0.13753961026668549,182276,0.0,0.0
1995-08-30 00:00:00-04:00,0.13669056568558535,0.13923760225362106,0.13669056568558535,0.13753961026668549,217531,0.0,0.0
1995-08-31 00:00:00-04:00,0.1375395614963977,0.14008659716127753,0.1375395614963977,0.13923755288124084,195778,0.0,0.0
1995-09-01 00:00:00-04:00,0.13923756181041996,0.140935601891772,0.13838856606355307,0.1400866061449051,39006,0.0,0.0
1995-09-05 00:00:00-04:00,0.14178468548376882,0.1426336817566459,0.14008669293801465,0.14093568921089172,146271,0.0,0.0
1995-09-06 00:00:00-04:00,0.14093568921089172,0.1426336817566459,0.14008669293801465,0.14093568921089172,268538,0.0,0.0
1995-09-07 00:00:00-04:00,0.1400866061449051,0.140935601891772,0.13838856606355307,0.1400866061449051,168024,0.0,0.0
1995-09-08 00:00:00-04:00,0.14093568921089172,0.1426336817566459,0.14093568921089172,0.14093568921089172,96764,0.0,0.0
1995-09-11 00:00:00-04:00,0.14263367652893066,0.1443317176000977,0.14263367652893066,0.14263367652893066,583583,0.0,0.0
1995-09-12 00:00:00-04:00,0.14263367652893066,0.14263367652893066,0.14093568404541018,0.14263367652893066,345049,0.0,0.0
1995-09-13 00:00:00-04:00,0.14178468028717042,0.14348272135833745,0.14178468028717042,0.14263367652893066,346549,0.0,0.0
1995-09-14 00:00:00-04:00,0.14178468028717042,0.14348272135833745,0.14093568404541018,0.14263367652893066,130519,0.0,0.0
1995-09-15 00:00:00-04:00,0.14348272661717132,0.1443317228900484,0.13923764807748923,0.14093568921089172,106515,0.0,0.0
1995-09-18 00:00:00-04:00,0.13923756181041996,0.140935601891772,0.13923756181041996,0.1400866061449051,156772,0.0,0.0
1995-09-19 00:00:00-04:00,0.1409355928536991,0.1409355928536991,0.13923755288124084,0.13923755288124084,134269,0.0,0.0
1995-09-20 00:00:00-04:00,0.1400866061449051,0.1417845976386389,0.13923756181041996,0.1400866061449051,75761,0.0,0.0
1995-09-21 00:00:00-04:00,0.1417845976386389,0.1417845976386389,0.13923756181041996,0.1400866061449051,88513,0.0,0.0
1995-09-22 00:00:00-04:00,0.13923764297424318,0.14263367652893066,0.13838864673248294,0.14263367652893066,266288,0.0,0.0
1995-09-25 00:00:00-04:00,0.14433162921615028,0.14433162921615028,0.1409355977410809,0.14178459346294403,151522,0.0,0.0
1995-09-26 00:00:00-04:00,0.14178468548376882,0.1426336817566459,0.14008669293801465,0.14093568921089172,148521,0.0,0.0
1995-09-27 00:00:00-04:00,0.14093568921089172,0.14178468548376882,0.14008669293801465,0.14093568921089172,90013,0.0,0.0
1995-09-28 00:00:00-04:00,0.1426335891848072,0.1426335891848072,0.14008660201921772,0.14178459346294403,71260,0.0,0.0
1995-09-29 00:00:00-04:00,0.14178468548376882,0.1426336817566459,0.14093568921089172,0.14093568921089172,169524,0.0,0.0
1995-10-02 00:00:00-04:00,0.14178468548376882,0.14178468548376882,0.14008669293801465,0.14093568921089172,39756,0.0,0.0
1995-10-03 00:00:00-04:00,0.14178468548376882,0.14178468548376882,0.13923764807748923,0.14093568921089172,144771,0.0,0.0
1995-10-04 00:00:00-04:00,0.1417845885461207,0.1417845885461207,0.13838855718881926,0.13923755288124084,80261,0.0,0.0
1995-10-05 00:00:00-04:00,0.13753958875178923,0.1383885846124512,0.13499256472908477,0.13584154844284058,96014,0.0,0.0
1995-10-06 00:00:00-04:00,0.13499253797842165,0.1409355928536991,0.13499253797842165,0.13923755288124084,127518,0.0,0.0
1995-10-09 00:00:00-04:00,0.1409357260595779,0.1409357260595779,0.13584164991513492,0.1366906464099884,111016,0.0,0.0
1995-10-10 00:00:00-04:00,0.13923763169409775,0.13923763169409775,0.13499261438846588,0.13499261438846588,139520,0.0,0.0
1995-10-11 00:00:00-04:00,0.13414355748093265,0.1375396393481378,0.13414355748093265,0.13499261438846588,271539,0.0,0.0
1995-10-12 00:00:00-04:00,0.13584154844284058,0.13584154844284058,0.13499256472908477,0.13584154844284058,137269,0.0,0.0
1995-10-13 00:00:00-04:00,0.13753961026668549,0.13838860626015326,0.13584156969211758,0.13753961026668549,182276,0.0,0.0
1995-10-16 00:00:00-04:00,0.13669056568558535,0.13753961026668549,0.13584156969211758,0.13753961026668549,32255,0.0,0.0
1995-10-17 00:00:00-04:00,0.13753966718553678,0.13838866353034973,0.13669062225307138,0.13838866353034973,52507,0.0,0.0
1995-10-18 00:00:00-04:00,0.13753957031668615,0.1400866061449051,0.13753957031668615,0.1400866061449051,57758,0.0,0.0
1995-10-19 00:00:00-04:00,0.14178459346294403,0.14178459346294403,0.13923755770973778,0.14178459346294403,55508,0.0,0.0
1995-10-20 00:00:00-04:00,0.14178468548376882,0.14178468548376882,0.14008669293801465,0.14093568921089172,135769,0.0,0.0
1995-10-23 00:00:00-04:00,0.14008670480762808,0.14093570115244103,0.13838866353034973,0.13838866353034973,91513,0.0,0.0
1995-10-24 00:00:00-04:00,0.13753959724902626,0.13838859316213944,0.13414351642131805,0.13414351642131805,178525,0.0,0.0
1995-10-25 00:00:00-04:00,0.13584154844284058,0.13753958875178923,0.13499256472908477,0.13584154844284058,170274,0.0,0.0
1995-10-26 00:00:00-04:00,0.13414351642131805,0.13584155683517216,0.1332945326551118,0.13414351642131805,168024,0.0,0.0
1995-10-27 00:00:00-04:00,0.13329455256462097,0.13329455256462097,0.13159656048477442,0.13329455256462097,66009,0.0,0.0
1995-10-30 00:00:00-05:00,0.13414360833776692,0.1366906464099884,0.13414360833776692,0.1366906464099884,123768,0.0,0.0
1995-10-31 00:00:00-05:00,0.1366906464099884,0.1383886879873564,0.13584164991513492,0.1366906464099884,114016,0.0,0.0
1995-11-01 00:00:00-05:00,0.13838856606355307,0.140935601891772,0.13753957031668615,0.1400866061449051,273039,0.0,0.0
1995-11-02 00:00:00-05:00,0.13923765987516268,0.14008670480762808,0.13753966718553678,0.13838866353034973,64509,0.0,0.0
1995-11-03 00:00:00-05:00,0.1395325773912756,0.1403992749437131,0.1369325839296542,0.13866592943668365,81012,0.055325,0.0
1995-11-06 00:00:00-05:00,0.13693251347407848,0.14039920270442963,0.13606587836485573,0.14039920270442963,260287,0.0,0.0
1995-11-07 00:00:00-05:00,0.1386659033776697,0.13953255116939545,0.137799267985403,0.13953255116939545,132019,0.0,0.0
1995-11-08 00:00:00-05:00,0.14039925364922143,0.14386589453964596,0.14039925364922143,0.14299924671649933,99014,0.0,0.0
1995-11-09 00:00:00-05:00,0.14299919482828297,0.14299919482828297,0.13866585808925405,0.14039920270442963,55508,0.0,0.0
1995-11-10 00:00:00-05:00,0.1403992586623025,0.1403992586623025,0.13779927790164948,0.13779927790164948,281290,0.0,0.0
1995-11-13 00:00:00-05:00,0.13866586678232726,0.13866586678232726,0.13693252205848694,0.13693252205848694,105015,0.0,0.0
1995-11-14 00:00:00-05:00,0.13519927601363582,0.13519927601363582,0.13173263522322362,0.1334659308195114,477818,0.0,0.0
1995-11-15 00:00:00-05:00,0.13519927601363582,0.1360659238117797,0.1325992830213675,0.1334659308195114,175525,0.0,0.0
1995-11-16 00:00:00-05:00,0.1351992266234481,0.1351992266234481,0.13259923458099365,0.13259923458099365,40506,0.0,0.0
1995-11-17 00:00:00-05:00,0.13259926049922463,0.13259926049922463,0.1308659155995109,0.13173261284828186,104265,0.0,0.0
1995-11-20 00:00:00-05:00,0.13173262224916113,0.13259926996195076,0.12479929175334895,0.12826593220233917,184526,0.0,0.0
1995-11-21 00:00:00-05:00,0.12739919522497778,0.12913253903388977,0.12739919522497778,0.12913253903388977,105015,0.0,0.0
1995-11-22 00:00:00-05:00,0.12913259505699387,0.13259923458099365,0.12913259505699387,0.13259923458099365,237034,0.0,0.0
1995-11-24 00:00:00-05:00,0.1325992830213675,0.1334659308195114,0.1325992830213675,0.1334659308195114,9001,0.0,0.0
1995-11-27 00:00:00-05:00,0.1325992830213675,0.1334659308195114,0.1325992830213675,0.1334659308195114,43506,0.0,0.0
1995-11-28 00:00:00-05:00,0.1334659308195114,0.1334659308195114,0.13173263522322362,0.1334659308195114,102765,0.0,0.0
1995-11-29 00:00:00-05:00,0.13259923458099365,0.13259923458099365,0.1308658900200845,0.13259923458099365,134269,0.0,0.0
1995-11-30 00:00:00-05:00,0.13173258709944832,0.13259923458099365,0.1308658900200845,0.13259923458099365,73510,0.0,0.0
1995-12-01 00:00:00-05:00,0.1308658900200845,0.13259923458099365,0.1308658900200845,0.13259923458099365,77261,0.0,0.0
1995-12-04 00:00:00-05:00,0.1317326232174312,0.13693254673076358,0.1317326232174312,0.13519926369190216,245285,0.0,0.0
1995-12-05 00:00:00-05:00,0.13346592239871008,0.13779926031169834,0.13346592239871008,0.13606591522693634,126018,0.0,0.0
1995-12-06 00:00:00-05:00,0.13519930041993172,0.13866592943668365,0.13519930041993172,0.13866592943668365,113266,0.0,0.0
1995-12-07 00:00:00-05:00,0.1395325394860748,0.1395325394860748,0.13519926369190216,0.13519926369190216,153772,0.0,0.0
1995-12-08 00:00:00-05:00,0.13693254673076358,0.13693254673076358,0.13433261597274243,0.13519926369190216,682597,0.0,0.0
1995-12-11 00:00:00-05:00,0.13433262705802917,0.1351992748487057,0.13346592966951648,0.13433262705802917,57008,0.0,0.0
1995-12-12 00:00:00-05:00,0.13346588206253898,0.1343325791419028,0.13259923458099365,0.13259923458099365,206279,0.0,0.0
1995-12-13 00:00:00-05:00,0.13346588206253898,0.13346588206253898,0.13259923458099365,0.13259923458099365,124518,0.0,0.0
1995-12-14 00:00:00-05:00,0.13259926049922463,0.13346590815016737,0.13173261284828186,0.13173261284828186,5018963,0.0,0.0
1995-12-15 00:00:00-05:00,0.13173261284828186,0.13259926049922463,0.13173261284828186,0.13173261284828186,1506214,0.0,0.0
1995-12-18 00:00:00-05:00,0.13173261284828186,0.13259926049922463,0.13173261284828186,0.13173261284828186,1021645,0.0,0.0
1995-12-19 00:00:00-05:00,0.13173258709944832,0.13259923458099365,0.13173258709944832,0.13259923458099365,768859,0.0,0.0
1995-12-20 00:00:00-05:00,0.1325992830213675,0.1343326282154919,0.13173263522322362,0.1334659308195114,704350,0.0,0.0
1995-12-21 00:00:00-05:00,0.13346592966951648,0.13433262705802917,0.13259928187883996,0.13433262705802917,593334,0.0,0.0
1995-12-22 00:00:00-05:00,0.13433261597274243,0.1386658917669151,0.13433261597274243,0.13519926369190216,321796,0.0,0.0
1995-12-26 00:00:00-05:00,0.13693252205848694,0.13693252205848694,0.13606588689493415,0.13693252205848694,273789,0.0,0.0
1995-12-27 00:00:00-05:00,0.13693252205848694,0.13779923161877447,0.13519923933192557,0.13693252205848694,303793,0.0,0.0
1995-12-28 00:00:00-05:00,0.1351992748487057,0.13693255803059967,0.13433262705802917,0.13433262705802917,550578,0.0,0.0
1995-12-29 00:00:00-05:00,0.13433262705802917,0.13606592263938222,0.13346592966951648,0.13433262705802917,320295,0.0,0.0
1996-01-02 00:00:00-05:00,0.13519926748347208,0.13606591522693634,0.13433261974000785,0.13606591522693634,291041,0.0,0.0
1996-01-03 00:00:00-05:00,0.13606592263938222,0.13606592263938222,0.13433262705802917,0.13433262705802917,671345,0.0,0.0
1996-01-04 00:00:00-05:00,0.13519926369190216,0.1395325394860748,0.13519926369190216,0.13519926369190216,619588,0.0,0.0
1996-01-05 00:00:00-05:00,0.13519923933192557,0.13693252205848694,0.13519923933192557,0.13693252205848694,196528,0.0,0.0
1996-01-08 00:00:00-05:00,0.13693252205848694,0.13866586678232726,0.13606588689493415,0.13693252205848694,73510,0.0,0.0
1996-01-09 00:00:00-05:00,0.13693252205848694,0.13693252205848694,0.13519923933192557,0.13693252205848694,228782,0.0,0.0
1996-01-10 00:00:00-05:00,0.13606588689493415,0.13693252205848694,0.13519923933192557,0.13693252205848694,335298,0.0,0.0
1996-01-11 00:00:00-05:00,0.1369325839296542,0.13866592943668365,0.13519930041993172,0.13866592943668365,199528,0.0,0.0
1996-01-12 00:00:00-05:00,0.13866592943668365,0.1403992749437131,0.13866592943668365,0.13866592943668365,307544,0.0,0.0
1996-01-15 00:00:00-05:00,0.13953256121037164,0.13953256121037164,0.13779927790164948,0.13779927790164948,241534,0.0,0.0
1996-01-16 00:00:00-05:00,0.1386659033776697,0.14039924855895744,0.137799267985403,0.13953255116939545,303043,0.0,0.0
1996-01-17 00:00:00-05:00,0.13779933191526328,0.1429993078742793,0.13693262172414547,0.14213261008262634,405058,0.0,0.0
1996-01-18 00:00:00-05:00,0.14213257673573207,0.14213257673573207,0.13953258316649753,0.14126592874526978,177025,0.0,0.0
1996-01-19 00:00:00-05:00,0.14126592874526978,0.14126592874526978,0.14039928075480745,0.14126592874526978,232533,0.0,0.0
1996-01-22 00:00:00-05:00,0.13953258316649753,0.14126592874526978,0.13866593517603523,0.14126592874526978,294042,0.0,0.0
1996-01-23 00:00:00-05:00,0.1412658502131074,0.14213249772178516,0.13866585808925405,0.14039920270442963,451564,0.0,0.0
1996-01-24 00:00:00-05:00,0.14213249772178516,0.14213249772178516,0.13953250559793182,0.14039920270442963,279040,0.0,0.0
1996-01-25 00:00:00-05:00,0.14126592874526978,0.14213257673573207,0.14039928075480745,0.14126592874526978,246785,0.0,0.0
1996-01-26 00:00:00-05:00,0.14126592874526978,0.142999274324042,0.14126592874526978,0.14126592874526978,199528,0.0,0.0
1996-01-29 00:00:00-05:00,0.14213257673573207,0.14213257673573207,0.14039928075480745,0.14126592874526978,326296,0.0,0.0
1996-01-30 00:00:00-05:00,0.14126583195786124,0.14473247114241175,0.14126583195786124,0.14386582374572754,449314,0.0,0.0
1996-01-31 00:00:00-05:00,0.14386587229509976,0.1464658649603667,0.14299922460595424,0.1447325199842453,764359,0.0,0.0
1996-02-01 00:00:00-05:00,0.14473247114241175,0.14473247114241175,0.14213247935454545,0.14386582374572754,583583,0.0,0.0
1996-02-02 00:00:00-05:00,0.14386589453964596,0.14473254236279257,0.14299924671649933,0.14299924671649933,332297,0.0,0.0
1996-02-05 00:00:00-05:00,0.14335321758692288,0.14600791383501827,0.1424682850766486,0.14423809945583344,322546,0.056659,0.0
1996-02-06 00:00:00-05:00,0.14512300120667299,0.14689281582832336,0.14512300120667299,0.14689281582832336,198778,0.0,0.0
1996-02-07 00:00:00-05:00,0.1468928671760914,0.14777774947555009,0.1460079848766327,0.1460079848766327,206279,0.0,0.0
1996-02-08 00:00:00-05:00,0.14512305193578562,0.1460079848766327,0.14423816963632693,0.1460079848766327,245285,0.0,0.0
1996-02-09 00:00:00-05:00,0.14600801252757137,0.14600801252757137,0.14512307941913605,0.14512307941913605,199528,0.0,0.0
1996-02-12 00:00:00-05:00,0.14512307941913605,0.14600801252757137,0.14423819695209866,0.14512307941913605,237784,0.0,0.0
1996-02-13 00:00:00-05:00,0.14512307941913605,0.14512307941913605,0.14335331448506128,0.14512307941913605,415559,0.0,0.0
1996-02-14 00:00:00-05:00,0.14335321758692288,0.14600791383501827,0.14335321758692288,0.14423809945583344,443313,0.0,0.0
1996-02-15 00:00:00-05:00,0.14512307941913605,0.14600801252757137,0.14423819695209866,0.14512307941913605,408808,0.0,0.0
1996-02-16 00:00:00-05:00,0.14423816963632693,0.1460079848766327,0.14423816963632693,0.1460079848766327,467316,0.0,0.0
1996-02-20 00:00:00-05:00,0.14512305193578562,0.1460079848766327,0.14512305193578562,0.1460079848766327,249785,0.0,0.0
1996-02-21 00:00:00-05:00,0.14512305193578562,0.1460079848766327,0.14512305193578562,0.1460079848766327,80261,0.0,0.0
1996-02-22 00:00:00-05:00,0.14512300120667299,0.14689281582832336,0.14512300120667299,0.14689281582832336,222032,0.0,0.0
1996-02-23 00:00:00-05:00,0.1460079848766327,0.1468928671760914,0.14512305193578562,0.1460079848766327,138020,0.0,0.0
1996-02-26 00:00:00-05:00,0.14512307941913605,0.14689289499460875,0.14512307941913605,0.14512307941913605,128268,0.0,0.0
1996-02-27 00:00:00-05:00,0.14600801252757137,0.14600801252757137,0.14512307941913605,0.14512307941913605,155272,0.0,0.0
1996-02-28 00:00:00-05:00,0.14512305193578562,0.1460079848766327,0.14512305193578562,0.1460079848766327,222032,0.0,0.0
1996-02-29 00:00:00-05:00,0.1460079848766327,0.1468928671760914,0.14512305193578562,0.1460079848766327,123768,0.0,0.0
1996-03-01 00:00:00-05:00,0.14512305193578562,0.1468928671760914,0.14512305193578562,0.1460079848766327,63009,0.0,0.0
1996-03-04 00:00:00-05:00,0.14512305193578562,0.1468928671760914,0.14512305193578562,0.1460079848766327,145521,0.0,0.0
1996-03-05 00:00:00-05:00,0.14512300120667299,0.14777769781846323,0.14512300120667299,0.14689281582832336,198028,0.0,0.0
1996-03-06 00:00:00-05:00,0.14689281582832336,0.14777769781846323,0.1460079338381835,0.14689281582832336,94513,0.0,0.0
1996-03-07 00:00:00-05:00,0.1460079848766327,0.1468928671760914,0.14423816963632693,0.1460079848766327,164273,0.0,0.0
1996-03-08 00:00:00-05:00,0.14423813313560113,0.14512301521113263,0.14246831834316254,0.14246831834316254,387805,0.0,0.0
1996-03-11 00:00:00-05:00,0.1433531641960144,0.14423804573535687,0.1415833504759846,0.1433531641960144,259537,0.0,0.0
1996-03-12 00:00:00-05:00,0.1433531641960144,0.14423804573535687,0.14246823201532707,0.1433531641960144,136519,0.0,0.0
1996-03-13 00:00:00-05:00,0.14246831834316254,0.14423813313560113,0.141583436267631,0.14246831834316254,263287,0.0,0.0
1996-03-14 00:00:00-05:00,0.1433531641960144,0.14423804573535687,0.14246823201532707,0.1433531641960144,201029,0.0,0.0
1996-03-15 00:00:00-05:00,0.1433531641960144,0.14423804573535687,0.14246823201532707,0.1433531641960144,149271,0.0,0.0
1996-03-18 00:00:00-05:00,0.14335331448506128,0.14512307941913605,0.14335331448506128,0.14512307941913605,173275,0.0,0.0
1996-03-19 00:00:00-05:00,0.14512305193578562,0.1460079848766327,0.14512305193578562,0.1460079848766327,106515,0.0,0.0
1996-03-20 00:00:00-05:00,0.14600791383501827,0.14689279570392882,0.14335321758692288,0.14423809945583344,151522,0.0,0.0
1996-03-21 00:00:00-05:00,0.14512307941913605,0.14600801252757137,0.14423819695209866,0.14512307941913605,99014,0.0,0.0
1996-03-22 00:00:00-05:00,0.1468928671760914,0.1468928671760914,0.14512305193578562,0.1460079848766327,370553,0.0,0.0
1996-03-25 00:00:00-05:00,0.14512300120667299,0.14689281582832336,0.14512300120667299,0.14689281582832336,99764,0.0,0.0
1996-03-26 00:00:00-05:00,0.14689281582832336,0.14777769781846323,0.1460079338381835,0.14689281582832336,354050,0.0,0.0
1996-03-27 00:00:00-05:00,0.14777769781846323,0.14777769781846323,0.14512300120667299,0.14689281582832336,263287,0.0,0.0
1996-03-28 00:00:00-05:00,0.1468928671760914,0.1468928671760914,0.1460079848766327,0.1460079848766327,84012,0.0,0.0
1996-03-29 00:00:00-05:00,0.14689276509548865,0.14777764678001404,0.14512295108508474,0.14777764678001404,304543,0.0,0.0
1996-04-01 00:00:00-05:00,0.1460079338381835,0.1486625798086031,0.1460079338381835,0.14689281582832336,220531,0.0,0.0
1996-04-02 00:00:00-05:00,0.14777774947555009,0.1486626317750088,0.14512305193578562,0.1460079848766327,312044,0.0,0.0
1996-04-03 00:00:00-05:00,0.145122981324744,0.14600791383501827,0.14335321758692288,0.14423809945583344,279790,0.0,0.0
1996-04-04 00:00:00-05:00,0.14423809945583344,0.145122981324744,0.14335321758692288,0.14423809945583344,111766,0.0,0.0
1996-04-08 00:00:00-04:00,0.1433532510600696,0.14423813313560113,0.14246831834316254,0.14246831834316254,267038,0.0,0.0
1996-04-09 00:00:00-04:00,0.1433531641960144,0.1433531641960144,0.1415833504759846,0.1433531641960144,78761,0.0,0.0
1996-04-10 00:00:00-04:00,0.1415833504759846,0.14423804573535687,0.1415833504759846,0.1433531641960144,183776,0.0,0.0
1996-04-11 00:00:00-04:00,0.1424682850766486,0.14423809945583344,0.1424682850766486,0.14423809945583344,343549,0.0,0.0
1996-04-12 00:00:00-04:00,0.14335321758692288,0.14423809945583344,0.14335321758692288,0.14423809945583344,188277,0.0,0.0
1996-04-15 00:00:00-04:00,0.14423811921653312,0.14689281582832336,0.14423811921653312,0.14689281582832336,360801,0.0,0.0
1996-04-16 00:00:00-04:00,0.1468928671760914,0.1468928671760914,0.14512305193578562,0.1460079848766327,214530,0.0,0.0
1996-04-17 00:00:00-04:00,0.1468928671760914,0.1468928671760914,0.1460079848766327,0.1460079848766327,84762,0.0,0.0
1996-04-18 00:00:00-04:00,0.14689276509548865,0.14777764678001404,0.14600788341096327,0.14777764678001404,179275,0.0,0.0
1996-04-19 00:00:00-04:00,0.14777769781846323,0.1486625798086031,0.14689281582832336,0.14689281582832336,80261,0.0,0.0
1996-04-22 00:00:00-04:00,0.14866256713867188,0.14866256713867188,0.14777768522394705,0.14866256713867188,96764,0.0,0.0
1996-04-23 00:00:00-04:00,0.14866252846453942,0.14866252846453942,0.14600788341096327,0.14777764678001404,104265,0.0,0.0
1996-04-24 00:00:00-04:00,0.1460079848766327,0.1468928671760914,0.1460079848766327,0.1460079848766327,110266,0.0,0.0
1996-04-25 00:00:00-04:00,0.14689281582832336,0.14777769781846323,0.14512300120667299,0.14689281582832336,114766,0.0,0.0
1996-04-26 00:00:00-04:00,0.14512305193578562,0.1460079848766327,0.14423816963632693,0.1460079848766327,93763,0.0,0.0
1996-04-29 00:00:00-04:00,0.14689276509548865,0.14777764678001404,0.14600788341096327,0.14777764678001404,71260,0.0,0.0
1996-04-30 00:00:00-04:00,0.14777768522394705,0.14866256713867188,0.14689280330922222,0.14866256713867188,260287,0.0,0.0
1996-05-01 00:00:00-04:00,0.1486625798086031,0.1486625798086031,0.14689281582832336,0.14689281582832336,189777,0.0,0.0
1996-05-02 00:00:00-04:00,0.14777764678001404,0.14777764678001404,0.14689276509548865,0.14777764678001404,67510,0.0,0.0
1996-05-03 00:00:00-04:00,0.14158347209656247,0.1468928671760914,0.14158347209656247,0.1460079848766327,453814,0.0,0.0
1996-05-06 00:00:00-04:00,0.14546583337842128,0.14727288484573364,0.14546583337842128,0.14727288484573364,96014,0.056659,0.0
1996-05-07 00:00:00-04:00,0.14727280763983747,0.14727280763983747,0.144562257713272,0.1463693082332611,124518,0.0,0.0
1996-05-08 00:00:00-04:00,0.1463693082332611,0.14727280763983747,0.14546575711984833,0.1463693082332611,156022,0.0,0.0
1996-05-09 00:00:00-04:00,0.14546579122543335,0.14727284216909958,0.14546579122543335,0.14546579122543335,321796,0.0,0.0
1996-05-10 00:00:00-04:00,0.14727288484573364,0.14727288484573364,0.14546583337842128,0.14727288484573364,478568,0.0,0.0
1996-05-13 00:00:00-04:00,0.14636941660368544,0.1481764167547226,0.14546586482129212,0.1481764167547226,634590,0.0,0.0
1996-05-14 00:00:00-04:00,0.14727291667920403,0.1481764167547226,0.14636941660368544,0.1481764167547226,162773,0.0,0.0
1996-05-15 00:00:00-04:00,0.1481764167547226,0.1481764167547226,0.14727291667920403,0.1481764167547226,246785,0.0,0.0
1996-05-16 00:00:00-04:00,0.14907985815982658,0.14907985815982658,0.1463693082332611,0.1463693082332611,298542,0.0,0.0
1996-05-17 00:00:00-04:00,0.14727291667920403,0.14907996853711591,0.14727291667920403,0.1481764167547226,207780,0.0,0.0
1996-05-20 00:00:00-04:00,0.1481763070464138,0.1481763070464138,0.1463693082332611,0.1463693082332611,368302,0.0,0.0
1996-05-21 00:00:00-04:00,0.14727288484573364,0.14817638472595804,0.14636938496550922,0.14727288484573364,238534,0.0,0.0
1996-05-22 00:00:00-04:00,0.14817638472595804,0.14817638472595804,0.14636938496550922,0.14727288484573364,99764,0.0,0.0
1996-05-23 00:00:00-04:00,0.14727288484573364,0.14817638472595804,0.14636938496550922,0.14727288484573364,159023,0.0,0.0
1996-05-24 00:00:00-04:00,0.1472728676056146,0.14907991886138916,0.14636936783115606,0.14907991886138916,125268,0.0,0.0
1996-05-28 00:00:00-04:00,0.149079936313046,0.149079936313046,0.14727288484573364,0.14727288484573364,51757,0.0,0.0
1996-05-29 00:00:00-04:00,0.1481764167547226,0.1499834686126345,0.14727291667920403,0.1481764167547226,357051,0.0,0.0
1996-05-30 00:00:00-04:00,0.14727284216909958,0.14727284216909958,0.1445622916070245,0.14546579122543335,528075,0.0,0.0
1996-05-31 00:00:00-04:00,0.145465848698792,0.145465848698792,0.14275529706578166,0.14456234872341156,296292,0.0,0.0
1996-06-03 00:00:00-04:00,0.14456234872341156,0.14456234872341156,0.14275529706578166,0.14456234872341156,75011,0.0,0.0
1996-06-04 00:00:00-04:00,0.14456228858607778,0.14456228858607778,0.1436588019132614,0.1436588019132614,99014,0.0,0.0
1996-06-05 00:00:00-04:00,0.14456234872341156,0.145465848698792,0.14365886167474837,0.14456234872341156,231783,0.0,0.0
1996-06-06 00:00:00-04:00,0.14456234872341156,0.14456234872341156,0.14275529706578166,0.14456234872341156,391556,0.0,0.0
1996-06-07 00:00:00-04:00,0.14365886167474837,0.14456234872341156,0.14275529706578166,0.14456234872341156,66759,0.0,0.0
1996-06-10 00:00:00-04:00,0.14456234872341156,0.14456234872341156,0.14365886167474837,0.14456234872341156,274539,0.0,0.0
1996-06-11 00:00:00-04:00,0.14456234872341156,0.14456234872341156,0.14365886167474837,0.14456234872341156,408058,0.0,0.0
1996-06-12 00:00:00-04:00,0.14365875946456647,0.1445622458704181,0.1427551954984665,0.1427551954984665,225032,0.0,0.0
1996-06-13 00:00:00-04:00,0.14365875865472594,0.14365875865472594,0.14185170829296112,0.14185170829296112,221281,0.0,0.0
1996-06-14 00:00:00-04:00,0.14275523715548122,0.14275523715548122,0.14094825088977814,0.14094825088977814,120767,0.0,0.0
1996-06-17 00:00:00-04:00,0.14185170909261485,0.1427551954984665,0.14185170909261485,0.1427551954984665,242284,0.0,0.0
1996-06-18 00:00:00-04:00,0.1418517676984946,0.1418517676984946,0.13643066604975063,0.13914121687412262,463566,0.0,0.0
1996-06-19 00:00:00-04:00,0.13733413815498352,0.1400446874140726,0.13733413815498352,0.13733413815498352,570831,0.0,0.0
1996-06-20 00:00:00-04:00,0.1382376202261201,0.1382376202261201,0.13462357223033905,0.13462357223033905,690848,0.0,0.0
1996-06-21 00:00:00-04:00,0.13552716614611846,0.13643066585063934,0.1346236664415976,0.13643066585063934,791362,0.0,0.0
1996-06-24 00:00:00-04:00,0.1355270892381668,0.1355270892381668,0.13281653995591397,0.1355270892381668,686347,0.0,0.0
1996-06-25 00:00:00-04:00,0.1355270892381668,0.1355270892381668,0.1337200391477235,0.1355270892381668,830368,0.0,0.0
1996-06-26 00:00:00-04:00,0.13552713573524564,0.13552713573524564,0.13281658552304865,0.13372008502483368,1374945,0.0,0.0
1996-06-27 00:00:00-04:00,0.13462357223033905,0.13462357223033905,0.1337200214512808,0.13462357223033905,504822,0.0,0.0
1996-06-28 00:00:00-04:00,0.13462359004635724,0.1355270892381668,0.1337200391477235,0.1355270892381668,810865,0.0,0.0
1996-07-01 00:00:00-04:00,0.13643060349954267,0.140044704079628,0.13643060349954267,0.140044704079628,343549,0.0,0.0
1996-07-02 00:00:00-04:00,0.13914121687412262,0.13914121687412262,0.13823771716828315,0.13914121687412262,261037,0.0,0.0
1996-07-03 00:00:00-04:00,0.13914115308119174,0.140044704079628,0.13823765378958533,0.140044704079628,270788,0.0,0.0
1996-07-05 00:00:00-04:00,0.14004476828681564,0.14004476828681564,0.13733421746244368,0.13914121687412262,109516,0.0,0.0
1996-07-08 00:00:00-04:00,0.1391411994590513,0.1391411994590513,0.1364306489739349,0.13823769986629486,180026,0.0,0.0
1996-07-09 00:00:00-04:00,0.13733413815498352,0.138237637339072,0.13643058726407134,0.13733413815498352,376553,0.0,0.0
1996-07-10 00:00:00-04:00,0.13733421726201372,0.13823771696653459,0.13643066585063934,0.13643066585063934,301543,0.0,0.0
1996-07-11 00:00:00-04:00,0.13733421726201372,0.13733421726201372,0.13552716614611846,0.13643066585063934,475568,0.0,0.0
1996-07-12 00:00:00-04:00,0.13643066585063934,0.13643066585063934,0.13552716614611846,0.13643066585063934,305293,0.0,0.0
1996-07-15 00:00:00-04:00,0.13552707130258,0.13552707130258,0.1337200214512808,0.13462357223033905,483819,0.0,0.0
1996-07-16 00:00:00-04:00,0.13462357223033905,0.13552707130258,0.13281652237903988,0.13462357223033905,284290,0.0,0.0
1996-07-17 00:00:00-04:00,0.1346236664415976,0.13643066585063934,0.1337201150302232,0.13643066585063934,772610,0.0,0.0
1996-07-18 00:00:00-04:00,0.13643058726407134,0.13733413815498352,0.1355270880799829,0.13733413815498352,238534,0.0,0.0
1996-07-19 00:00:00-04:00,0.13733413815498352,0.13733413815498352,0.13643058726407134,0.13733413815498352,465066,0.0,0.0
1996-07-22 00:00:00-04:00,0.13733413815498352,0.13733413815498352,0.13643058726407134,0.13733413815498352,151522,0.0,0.0
1996-07-23 00:00:00-04:00,0.13733420027353843,0.13823769986629486,0.1364306489739349,0.13823769986629486,155272,0.0,0.0
1996-07-24 00:00:00-04:00,0.13823771696653459,0.13823771696653459,0.13643066585063934,0.13643066585063934,216781,0.0,0.0
1996-07-25 00:00:00-04:00,0.13643058726407134,0.138237637339072,0.13643058726407134,0.13733413815498352,145521,0.0,0.0
1996-07-26 00:00:00-04:00,0.13823771716828315,0.13914121687412262,0.13823771716828315,0.13914121687412262,239284,0.0,0.0
1996-07-29 00:00:00-04:00,0.13914119999051594,0.14094825088977814,0.1382377003943085,0.14094825088977814,292542,0.0,0.0
1996-07-30 00:00:00-04:00,0.14094820976005515,0.14365875946456647,0.14094820976005515,0.1427551954984665,206279,0.0,0.0
1996-07-31 00:00:00-04:00,0.1436588019132614,0.1436588019132614,0.1427552376801738,0.1436588019132614,141020,0.0,0.0
1996-08-01 00:00:00-04:00,0.1436588019132614,0.1436588019132614,0.1427552376801738,0.1436588019132614,219781,0.0,0.0
1996-08-02 00:00:00-04:00,0.1436587712334048,0.1463693082332611,0.1436587712334048,0.1463693082332611,282790,0.0,0.0
1996-08-05 00:00:00-04:00,0.1448926813171937,0.14581553637981415,0.1448926813171937,0.14581553637981415,3473743,0.056659,0.0
1996-08-06 00:00:00-04:00,0.1448926813171937,0.14766132572801546,0.14396981305074652,0.14581553637981415,426811,0.0,0.0
1996-08-07 00:00:00-04:00,0.14673853246906882,0.14766138792037964,0.14581559779476416,0.14766138792037964,216031,0.0,0.0
1996-08-08 00:00:00-04:00,0.14673853246906882,0.14766138792037964,0.14673853246906882,0.14766138792037964,264037,0.0,0.0
1996-08-09 00:00:00-04:00,0.147661384636107,0.147661384636107,0.14673852920532227,0.14673852920532227,80261,0.0,0.0
1996-08-12 00:00:00-04:00,0.14766138792037964,0.14766138792037964,0.14581559779476416,0.14766138792037964,262537,0.0,0.0
1996-08-13 00:00:00-04:00,0.14766139285064145,0.14950718303788596,0.14673853736851744,0.1485842615365982,317295,0.0,0.0
1996-08-14 00:00:00-04:00,0.14766139285064145,0.1485842615365982,0.14766139285064145,0.1485842615365982,141020,0.0,0.0
1996-08-15 00:00:00-04:00,0.1485842287563029,0.15135288701868943,0.14766136027394716,0.14950715005397797,388555,0.0,0.0
1996-08-16 00:00:00-04:00,0.15043002367019653,0.15135289218404785,0.14950715515634522,0.15043002367019653,76511,0.0,0.0
1996-08-19 00:00:00-04:00,0.15043004536728788,0.153198704123497,0.15043004536728788,0.153198704123497,326296,0.0,0.0
1996-08-20 00:00:00-04:00,0.15227587861480343,0.1531987475232033,0.15043008798266,0.15135295689105988,172524,0.0,0.0
1996-08-21 00:00:00-04:00,0.15135295689105988,0.15135295689105988,0.14950721907426015,0.15135295689105988,122267,0.0,0.0
1996-08-22 00:00:00-04:00,0.15043002573772474,0.15227581560611725,0.15043002573772474,0.15227581560611725,233283,0.0,0.0
1996-08-23 00:00:00-04:00,0.15227587861480343,0.1531987475232033,0.15135295689105988,0.15135295689105988,208530,0.0,0.0
1996-08-26 00:00:00-04:00,0.15227583547653686,0.153198704123497,0.151352914014248,0.153198704123497,295542,0.0,0.0
1996-08-27 00:00:00-04:00,0.15227589028437385,0.1578131569744618,0.15227589028437385,0.15689028799533844,486819,0.0,0.0
1996-08-28 00:00:00-04:00,0.15781305948768518,0.15781305948768518,0.1531986646271975,0.154121533036232,248285,0.0,0.0
1996-08-29 00:00:00-04:00,0.153198704123497,0.15412157277045713,0.15227583547653686,0.153198704123497,117767,0.0,0.0
1996-08-30 00:00:00-04:00,0.1531987475232033,0.1531987475232033,0.15135295689105988,0.15135295689105988,221281,0.0,0.0
1996-09-03 00:00:00-04:00,0.15135289218404785,0.15135289218404785,0.14950715515634522,0.15043002367019653,240784,0.0,0.0
1996-09-04 00:00:00-04:00,0.15043008798266,0.15135295689105988,0.14950721907426015,0.15135295689105988,249035,0.0,0.0
1996-09-05 00:00:00-04:00,0.15043008798266,0.15135295689105988,0.15043008798266,0.15135295689105988,84012,0.0,0.0
1996-09-06 00:00:00-04:00,0.15227587861480343,0.15412161643160316,0.15135295689105988,0.15135295689105988,268538,0.0,0.0
1996-09-09 00:00:00-04:00,0.15135286553064475,0.15504439175128937,0.15135286553064475,0.15504439175128937,535576,0.0,0.0
1996-09-10 00:00:00-04:00,0.15504440144526652,0.15504440144526652,0.1531986646271975,0.154121533036232,291791,0.0,0.0
1996-09-11 00:00:00-04:00,0.15504439175128937,0.15504439175128937,0.15319865504862298,0.15504439175128937,427561,0.0,0.0
1996-09-12 00:00:00-04:00,0.15504439175128937,0.15504439175128937,0.1541215233999562,0.15504439175128937,171024,0.0,0.0
1996-09-13 00:00:00-04:00,0.15504439175128937,0.15596731291793442,0.1541215233999562,0.15504439175128937,341298,0.0,0.0
1996-09-16 00:00:00-04:00,0.1559673547744751,0.15689022337347608,0.15504443336014812,0.1559673547744751,195778,0.0,0.0
1996-09-17 00:00:00-04:00,0.15504446098968955,0.16242756954337473,0.15504446098968955,0.16150470077991486,878375,0.0,0.0
1996-09-18 00:00:00-04:00,0.16150469422105265,0.16150469422105265,0.15873603522777557,0.15873603522777557,704350,0.0,0.0
1996-09-19 00:00:00-04:00,0.1578131569744618,0.1578131569744618,0.15596741901621508,0.15689028799533844,188277,0.0,0.0
1996-09-20 00:00:00-04:00,0.15689020372118867,0.15781307220458984,0.1559673352377875,0.15781307220458984,196528,0.0,0.0
1996-09-23 00:00:00-04:00,0.15781309197247703,0.15873601338680401,0.15504443336014812,0.1559673547744751,147771,0.0,0.0
1996-09-24 00:00:00-04:00,0.15689020372118867,0.15873599350331039,0.15689020372118867,0.15781307220458984,168024,0.0,0.0
1996-09-25 00:00:00-04:00,0.15781309197247703,0.15781309197247703,0.15504443336014812,0.1559673547744751,210780,0.0,0.0
1996-09-26 00:00:00-04:00,0.15504439175128937,0.15596731291793442,0.15319865504862298,0.15504439175128937,295542,0.0,0.0
1996-09-27 00:00:00-04:00,0.15504443336014812,0.1559673547744751,0.15504443336014812,0.1559673547744751,78011,0.0,0.0
1996-09-30 00:00:00-04:00,0.15596731291793442,0.1568901812692676,0.1541215233999562,0.15504439175128937,255786,0.0,0.0
1996-10-01 00:00:00-04:00,0.15596741901621508,0.1578131569744618,0.15596741901621508,0.15689028799533844,290291,0.0,0.0
1996-10-02 00:00:00-04:00,0.15781307220458984,0.15873599350331039,0.15689020372118867,0.15781307220458984,178525,0.0,0.0
1996-10-03 00:00:00-04:00,0.15689028799533844,0.1578131569744618,0.15596741901621508,0.15689028799533844,126768,0.0,0.0
1996-10-04 00:00:00-04:00,0.15689024496047976,0.15873603522777557,0.1559673762344985,0.15873603522777557,182276,0.0,0.0
1996-10-07 00:00:00-04:00,0.15781311368646103,0.15873603522777557,0.15781311368646103,0.15873603522777557,95264,0.0,0.0
1996-10-08 00:00:00-04:00,0.15781311368646103,0.15873603522777557,0.15689024496047976,0.15873603522777557,147771,0.0,0.0
1996-10-09 00:00:00-04:00,0.15873599350331039,0.15873599350331039,0.15781307220458984,0.15781307220458984,92263,0.0,0.0
1996-10-10 00:00:00-04:00,0.15781307220458984,0.15781307220458984,0.1559673352377875,0.15781307220458984,123768,0.0,0.0
1996-10-11 00:00:00-04:00,0.15689020372118867,0.15781307220458984,0.15689020372118867,0.15781307220458984,129018,0.0,0.0
1996-10-14 00:00:00-04:00,0.15781307220458984,0.15873599350331039,0.15689020372118867,0.15781307220458984,406558,0.0,0.0
1996-10-15 00:00:00-04:00,0.1578131569744618,0.15873607876893295,0.15689028799533844,0.15689028799533844,87012,0.0,0.0
1996-10-16 00:00:00-04:00,0.15689020583763846,0.16058173263636122,0.15689020583763846,0.15965886414051056,450064,0.0,0.0
1996-10-17 00:00:00-04:00,0.1605817626404489,0.16611906707698723,0.1605817626404489,0.16427327692508698,763608,0.0,0.0
1996-10-18 00:00:00-04:00,0.16519615572767654,0.16796481383253556,0.16519615572767654,0.1661190241575241,498821,0.0,0.0
1996-10-21 00:00:00-04:00,0.16611904113099807,0.16888769951874913,0.16611904113099807,0.16796483099460602,407308,0.0,0.0
1996-10-22 00:00:00-04:00,0.16888772589717266,0.16888772589717266,0.16427327692508698,0.16427327692508698,286541,0.0,0.0
1996-10-23 00:00:00-04:00,0.16427322932511695,0.16519615054130554,0.16335036092424307,0.16519615054130554,609837,0.0,0.0
1996-10-24 00:00:00-04:00,0.16427322932511695,0.16519615054130554,0.16335036092424307,0.16519615054130554,175525,0.0,0.0
1996-10-25 00:00:00-04:00,0.1642732707143599,0.16888771951198578,0.1642732707143599,0.16888771951198578,489820,0.0,0.0
1996-10-28 00:00:00-05:00,0.16981062293052673,0.17073354456830614,0.1688877541080861,0.16981062293052673,360801,0.0,0.0
1996-10-29 00:00:00-05:00,0.16981058694996168,0.17442503571510315,0.16981058694996168,0.17442503571510315,650342,0.0,0.0
1996-10-30 00:00:00-05:00,0.1753478615686272,0.1753478615686272,0.1707334667444229,0.1707334667444229,400557,0.0,0.0
1996-10-31 00:00:00-05:00,0.16981066861315455,0.17257932864064277,0.16981066861315455,0.17165645956993103,669845,0.0,0.0
1996-11-01 00:00:00-05:00,0.1735020374918707,0.1735020374918707,0.1716563010548822,0.17257916927337646,623339,0.0,0.0
1996-11-04 00:00:00-05:00,0.1735021142728783,0.17442503571510315,0.17257924564598104,0.17442503571510315,439562,0.0,0.0
1996-11-05 00:00:00-05:00,0.17480097711086273,0.1757407519128712,0.17292137372398594,0.17480097711086273,647342,0.056659,0.0
1996-11-06 00:00:00-05:00,0.17480098785355097,0.17856014107546977,0.17386121299378707,0.17762036621570587,549828,0.0,0.0
1996-11-07 00:00:00-05:00,0.17762036290646327,0.17856013774871826,0.17668053428134614,0.17856013774871826,544577,0.0,0.0
1996-11-08 00:00:00-05:00,0.17856013774871826,0.18043974121609038,0.17668053428134614,0.17856013774871826,351800,0.0,0.0
1996-11-11 00:00:00-05:00,0.17762039717739056,0.17856017220097023,0.17480101832377906,0.1757407933473587,162773,0.0,0.0
1996-11-12 00:00:00-05:00,0.17668051881582195,0.17668051881582195,0.1710418164730072,0.1710418164730072,243785,0.0,0.0
1996-11-13 00:00:00-05:00,0.1729212999343872,0.17480090251919325,0.17198152553340265,0.1729212999343872,297792,0.0,0.0
1996-11-14 00:00:00-05:00,0.17292141449374718,0.17668056837093835,0.17198163947016754,0.1757407933473587,312044,0.0,0.0
1996-11-15 00:00:00-05:00,0.18043971159332206,0.18043971159332206,0.17668050527572632,0.17668050527572632,510823,0.0,0.0
1996-11-18 00:00:00-05:00,0.17856013774871826,0.17856013774871826,0.17668053428134614,0.17856013774871826,369052,0.0,0.0
1996-11-19 00:00:00-05:00,0.18137943440093737,0.18795796338844725,0.18137943440093737,0.18419881165027618,1194920,0.0,0.0
1996-11-20 00:00:00-05:00,0.1851386976487994,0.1888978516511222,0.18419892259393728,0.18795807659626007,728353,0.0,0.0
1996-11-21 00:00:00-05:00,0.187958020899947,0.1888977956763321,0.18513864278793335,0.18513864278793335,362301,0.0,0.0
1996-11-22 00:00:00-05:00,0.1851386126268595,0.18701821565628052,0.1841988380035738,0.18701821565628052,499571,0.0,0.0
1996-11-25 00:00:00-05:00,0.18607838116184583,0.1888977587223053,0.18607838116184583,0.1888977587223053,515323,0.0,0.0
1996-11-26 00:00:00-05:00,0.1888977587223053,0.18983758709769036,0.1879579841297681,0.1888977587223053,619588,0.0,0.0
1996-11-27 00:00:00-05:00,0.1888978516511222,0.18983768048885866,0.18701830154139798,0.18795807659626007,264788,0.0,0.0
1996-11-29 00:00:00-05:00,0.18701821291096254,0.1879579875204529,0.18607838451862335,0.18607838451862335,73510,0.0,0.0
1996-12-02 00:00:00-05:00,0.1879579875204529,0.1879579875204529,0.18513860990913303,0.18607838451862335,222032,0.0,0.0
1996-12-03 00:00:00-05:00,0.18607838451862335,0.18701821291096254,0.18419883529964268,0.18607838451862335,451564,0.0,0.0
1996-12-04 00:00:00-05:00,0.18701830154139798,0.18795807659626007,0.1860784727036615,0.18795807659626007,255036,0.0,0.0
1996-12-05 00:00:00-05:00,0.18701821565628052,0.1879579902795662,0.1860783872501452,0.18701821565628052,301543,0.0,0.0
1996-12-06 00:00:00-05:00,0.1851386126268595,0.18701821565628052,0.1851386126268595,0.18701821565628052,223532,0.0,0.0
1996-12-09 00:00:00-05:00,0.18701820953723092,0.18983758709769036,0.18701820953723092,0.1888977587223053,276039,0.0,0.0
1996-12-10 00:00:00-05:00,0.1888977587223053,0.19077736169022758,0.1879579841297681,0.1888977587223053,321046,0.0,0.0
1996-12-11 00:00:00-05:00,0.1879579902795662,0.1898375933089872,0.1860783872501452,0.18701821565628052,121517,0.0,0.0
1996-12-12 00:00:00-05:00,0.1851386126268595,0.1879579902795662,0.1851386126268595,0.18701821565628052,141770,0.0,0.0
1996-12-13 00:00:00-05:00,0.18701821291096254,0.18701821291096254,0.18513860990913303,0.18607838451862335,99764,0.0,0.0
1996-12-16 00:00:00-05:00,0.18607838116184583,0.1888977587223053,0.18607838116184583,0.1888977587223053,512323,0.0,0.0
1996-12-17 00:00:00-05:00,0.18795807659626007,0.1888978516511222,0.18795807659626007,0.18795807659626007,171774,0.0,0.0
1996-12-18 00:00:00-05:00,0.1879579902795662,0.18889776490285187,0.18701821565628052,0.18701821565628052,227282,0.0,0.0
1996-12-19 00:00:00-05:00,0.18701824156375718,0.19641615044704722,0.18701824156375718,0.19547630846500397,455315,0.0,0.0
1996-12-20 00:00:00-05:00,0.19547630846500397,0.19641615044704722,0.19453654715724636,0.19547630846500397,651843,0.0,0.0
1996-12-23 00:00:00-05:00,0.1954763046800047,0.1982956826686859,0.19453654339044366,0.1982956826686859,703600,0.0,0.0
1996-12-24 00:00:00-05:00,0.19641614983086406,0.1992355144195778,0.19641614983086406,0.19735591113567352,210780,0.0,0.0
1996-12-26 00:00:00-05:00,0.19829560828520873,0.2001752108335495,0.19641607296541283,0.2001752108335495,181526,0.0,0.0
1996-12-27 00:00:00-05:00,0.20299472705961613,0.20487427711486816,0.2020549520319901,0.20487427711486816,350300,0.0,0.0
1996-12-30 00:00:00-05:00,0.20393432241178253,0.21051284937492734,0.20393432241178253,0.20957307517528534,777860,0.0,0.0
1996-12-31 00:00:00-05:00,0.21051293583187847,0.21333229992582683,0.20769355829221825,0.21239253878593445,526575,0.0,0.0
1997-01-02 00:00:00-05:00,0.21051285621447283,0.21051285621447283,0.19923540410388912,0.2011149525642395,621838,0.0,0.0
1997-01-03 00:00:00-05:00,0.2020548819321701,0.2020548819321701,0.19547629767250777,0.19641613960266113,737355,0.0,0.0
1997-01-06 00:00:00-05:00,0.19641615044704722,0.19641615044704722,0.1926569976503026,0.19547630846500397,887376,0.0,0.0
1997-01-07 00:00:00-05:00,0.19453654715724636,0.1973559117548048,0.19453654715724636,0.19547630846500397,577582,0.0,0.0
1997-01-08 00:00:00-05:00,0.19547632813664387,0.19641617021326754,0.19453656673431396,0.19453656673431396,272289,0.0,0.0
1997-01-09 00:00:00-05:00,0.1935967724037745,0.19547630846500397,0.1926569976503026,0.19547630846500397,216781,0.0,0.0
1997-01-10 00:00:00-05:00,0.1935967918862684,0.19547632813664387,0.19171718840731483,0.19453656673431396,1044898,0.0,0.0
1997-01-13 00:00:00-05:00,0.19453656673431396,0.19641617021326754,0.19453656673431396,0.19453656673431396,381054,0.0,0.0
1997-01-14 00:00:00-05:00,0.19641616391660333,0.19923552870750427,0.19641616391660333,0.19923552870750427,627839,0.0,0.0
1997-01-15 00:00:00-05:00,0.1982955760908868,0.2011149525642395,0.1982955760908868,0.2011149525642395,793613,0.0,0.0
1997-01-16 00:00:00-05:00,0.20205482840538025,0.20299460285800824,0.2001752257172844,0.20205482840538025,239284,0.0,0.0
1997-01-17 00:00:00-05:00,0.20205486999580757,0.20299464464187622,0.20111504156688798,0.20299464464187622,271539,0.0,0.0
1997-01-20 00:00:00-05:00,0.20299465637565897,0.2039344310760498,0.20205488167526814,0.2039344310760498,368302,0.0,0.0
1997-01-21 00:00:00-05:00,0.2039344310760498,0.2039344310760498,0.20205488167526814,0.2039344310760498,231033,0.0,0.0
1997-01-22 00:00:00-05:00,0.20299464464187622,0.2039344192879449,0.20205486999580757,0.20299464464187622,629339,0.0,0.0
1997-01-23 00:00:00-05:00,0.20393432903759223,0.20487410326776742,0.2011149525642395,0.2011149525642395,228782,0.0,0.0
1997-01-24 00:00:00-05:00,0.2029945877646427,0.20487413653014758,0.19923543645079705,0.2001752108335495,437312,0.0,0.0
1997-01-27 00:00:00-05:00,0.2001751783340643,0.2011149525642395,0.19923540410388912,0.2011149525642395,304543,0.0,0.0
1997-01-28 00:00:00-05:00,0.20111498521630192,0.2029945877646427,0.2001752108335495,0.2001752108335495,352550,0.0,0.0
1997-01-29 00:00:00-05:00,0.2001752108335495,0.20205481338189024,0.2001752108335495,0.2001752108335495,280540,0.0,0.0
1997-01-30 00:00:00-05:00,0.20017530352542273,0.2020549069441204,0.19923552870750427,0.19923552870750427,211530,0.0,0.0
1997-01-31 00:00:00-05:00,0.20205482840538025,0.20205482840538025,0.2001752257172844,0.20205482840538025,262537,0.0,0.0
1997-02-03 00:00:00-05:00,0.2020549520319901,0.20487427711486816,0.20111512322149128,0.20487427711486816,445563,0.0,0.0
1997-02-04 00:00:00-05:00,0.20393450208724215,0.20487427711486816,0.20393450208724215,0.20487427711486816,352550,0.0,0.0
1997-02-05 00:00:00-05:00,0.2064955147918844,0.2064955147918844,0.20362751374225316,0.20458349585533142,227282,0.061591,0.0
1997-02-06 00:00:00-05:00,0.20362751185894012,0.20458349396317668,0.20362751185894012,0.20362751185894012,5126978,0.0,0.0
1997-02-07 00:00:00-05:00,0.20362751185894012,0.20458349396317668,0.2026715297547036,0.20362751185894012,1237676,0.0,0.0
1997-02-10 00:00:00-05:00,0.2026715874671936,0.2036275698436544,0.2007595680038604,0.2026715874671936,1191169,0.0,0.0
1997-02-11 00:00:00-05:00,0.20075963567327265,0.2017156183719635,0.1998036666521893,0.2017156183719635,1018645,0.0,0.0
1997-02-12 00:00:00-05:00,0.2026715297547036,0.2055395307778092,0.20171549294007105,0.20362751185894012,908379,0.0,0.0
1997-02-13 00:00:00-05:00,0.20458349585533142,0.20506148691187054,0.20267153162917492,0.20458349585533142,431311,0.0,0.0
1997-02-14 00:00:00-05:00,0.20458349396317668,0.2055395307778092,0.20362751185894012,0.20362751185894012,261787,0.0,0.0
1997-02-18 00:00:00-05:00,0.20553965858758694,0.20553965858758694,0.2017156183719635,0.2017156183719635,890376,0.0,0.0
1997-02-19 00:00:00-05:00,0.2017156183719635,0.20267165578108437,0.19884761556546093,0.2017156183719635,500321,0.0,0.0
1997-02-20 00:00:00-05:00,0.20075958166813196,0.20075958166813196,0.19884756207466125,0.19884756207466125,1748498,0.0,0.0
1997-02-21 00:00:00-05:00,0.1988474937063428,0.21605549999982693,0.19789152527110274,0.21223151683807373,10368722,0.0,0.0
1997-02-24 00:00:00-05:00,0.21223151683807373,0.2131874989509129,0.2103194979019989,0.21223151683807373,1861014,0.0,0.0
1997-02-25 00:00:00-05:00,0.2141435742378235,0.21605559400581995,0.21223160918024733,0.2141435742378235,1491212,0.0,0.0
1997-02-26 00:00:00-05:00,0.21701152784881916,0.21796751022338867,0.2160555591518525,0.21796751022338867,1403449,0.0,0.0
1997-02-27 00:00:00-05:00,0.2179675801312269,0.23326357658221797,0.2179675801312269,0.22561560571193695,4920699,0.0,0.0
1997-02-28 00:00:00-05:00,0.22657148668535532,0.22657148668535532,0.22083548375231718,0.22179152071475983,1784503,0.0,0.0
1997-03-03 00:00:00-05:00,0.22179158593665502,0.22179158593665502,0.21701156385000167,0.21892358362674713,542327,0.0,0.0
1997-03-04 00:00:00-05:00,0.21796759838358762,0.21796759838358762,0.21509966377750364,0.21605564653873444,756857,0.0,0.0
1997-03-05 00:00:00-05:00,0.21605564653873444,0.21796759838358762,0.21509966377750364,0.21605564653873444,421560,0.0,0.0
1997-03-06 00:00:00-05:00,0.21605560204373306,0.21892359076961027,0.21605560204373306,0.21701157093048096,597085,0.0,0.0
1997-03-07 00:00:00-05:00,0.21605559499444435,0.21892358362674713,0.21605559499444435,0.21892358362674713,246785,0.0,0.0
1997-03-10 00:00:00-05:00,0.21892351924824077,0.22274750296679804,0.21796748228579813,0.22179152071475983,629339,0.0,0.0
1997-03-11 00:00:00-05:00,0.22179152071475983,0.22274750296679804,0.22083548375231718,0.22179152071475983,277539,0.0,0.0
1997-03-12 00:00:00-05:00,0.2217915669632528,0.2227475494146347,0.22083552980145507,0.2227475494146347,474067,0.0,0.0
1997-03-13 00:00:00-05:00,0.2217915669632528,0.2227475494146347,0.2217915669632528,0.2227475494146347,210780,0.0,0.0
1997-03-14 00:00:00-05:00,0.2217915669632528,0.22370353186601658,0.2217915669632528,0.2227475494146347,660094,0.0,0.0
1997-03-17 00:00:00-05:00,0.2217915748455737,0.2256155594974189,0.21892357267908535,0.22465957701206207,594834,0.0,0.0
1997-03-18 00:00:00-05:00,0.2237035036087036,0.22561552298036477,0.2227475212780775,0.2237035036087036,484569,0.0,0.0
1997-03-19 00:00:00-05:00,0.22370348521883626,0.22370348521883626,0.22083548375231718,0.22179152071475983,386305,0.0,0.0
1997-03-20 00:00:00-05:00,0.22179154232039344,0.22274752466555786,0.21796750351891625,0.21987952291965485,529575,0.0,0.0
1997-03-21 00:00:00-05:00,0.21987952291965485,0.22274752466555786,0.21892354057449043,0.21987952291965485,632340,0.0,0.0
1997-03-24 00:00:00-05:00,0.22083549201488495,0.22083549201488495,0.21892352743927232,0.22083549201488495,257287,0.0,0.0
1997-03-25 00:00:00-05:00,0.21987951957579024,0.22465954064973867,0.21892353724516414,0.2237035036087036,692348,0.0,0.0
1997-03-26 00:00:00-05:00,0.2237035398162874,0.2256155594974189,0.22274755733093055,0.22465957701206207,810115,0.0,0.0
1997-03-27 00:00:00-05:00,0.22465957701206207,0.2256155594974189,0.22274755733093055,0.22465957701206207,426811,0.0,0.0
1997-03-31 00:00:00-05:00,0.22370353186601658,0.22370353186601658,0.2217915669632528,0.2227475494146347,1287183,0.0,0.0
1997-04-01 00:00:00-05:00,0.22179158593665502,0.22274756846981747,0.21605559499444435,0.21892358362674713,1046399,0.0,0.0
1997-04-02 00:00:00-05:00,0.21796759838358762,0.218923635855252,0.21509966377750364,0.21605564653873444,353300,0.0,0.0
1997-04-03 00:00:00-05:00,0.21414343805180613,0.21414343805180613,0.21223147421015676,0.21318745613098145,910629,0.0,0.0
1997-04-04 00:00:00-05:00,0.21127556264400482,0.21223159984114343,0.20840756047342474,0.21127556264400482,645842,0.0,0.0
1997-04-07 00:00:00-04:00,0.2112754800148381,0.2131874989509129,0.20840747896592407,0.21223151683807373,490570,0.0,0.0
1997-04-08 00:00:00-04:00,0.2122316170758968,0.21701157093048096,0.2122316170758968,0.21701157093048096,415559,0.0,0.0
1997-04-09 00:00:00-04:00,0.21509957016102546,0.21987952291965485,0.21509957016102546,0.21987952291965485,1039648,0.0,0.0
1997-04-10 00:00:00-04:00,0.21892351924824077,0.2246595221812789,0.21796748228579813,0.22179152071475983,453064,0.0,0.0
1997-04-11 00:00:00-04:00,0.22083548375231718,0.22370348521883626,0.21987950150027896,0.22179152071475983,1040398,0.0,0.0
1997-04-14 00:00:00-04:00,0.22083550190641635,0.2237035036087036,0.21987951957579024,0.2237035036087036,779361,0.0,0.0
1997-04-15 00:00:00-04:00,0.22465956902781434,0.22465956902781434,0.2227475494146347,0.2227475494146347,248285,0.0,0.0
1997-04-16 00:00:00-04:00,0.22465957701206207,0.2256155594974189,0.22274755733093055,0.22465957701206207,618838,0.0,0.0
1997-04-17 00:00:00-04:00,0.22657154198277576,0.22752752446813262,0.22465957701206207,0.22465957701206207,285040,0.0,0.0
1997-04-18 00:00:00-04:00,0.22465954064973867,0.22465954064973867,0.2217915389474514,0.2237035036087036,498821,0.0,0.0
1997-04-21 00:00:00-04:00,0.22274752466555786,0.22370350701072225,0.21892354057449043,0.21987952291965485,772610,0.0,0.0
1997-04-22 00:00:00-04:00,0.2189235826249994,0.21987956515378748,0.2131875917090354,0.2141435742378235,792112,0.0,0.0
1997-04-23 00:00:00-04:00,0.2122316357687404,0.21318761841729453,0.19884760513684732,0.20840759575366974,2120551,0.0,0.0
1997-04-24 00:00:00-04:00,0.20840747896592407,0.2141434810637521,0.20745149685308487,0.21223151683807373,2107799,0.0,0.0
1997-04-25 00:00:00-04:00,0.21223147421015676,0.21414343805180613,0.21031945565812188,0.21318745613098145,360801,0.0,0.0
1997-04-28 00:00:00-04:00,0.21223160918024733,0.21509961147703185,0.21127557194103896,0.2141435742378235,245285,0.0,0.0
1997-04-29 00:00:00-04:00,0.2141435063967197,0.2150995433330536,0.21318752417078876,0.2150995433330536,643591,0.0,0.0
1997-04-30 00:00:00-04:00,0.21223151683807373,0.2131874989509129,0.2112754800148381,0.21223151683807373,1228674,0.0,0.0
1997-05-01 00:00:00-04:00,0.21127557194103896,0.2141435742378235,0.21127557194103896,0.2141435742378235,594834,0.0,0.0
1997-05-02 00:00:00-04:00,0.2141435742378235,0.2141435742378235,0.21223160918024733,0.2141435742378235,279040,0.0,0.0
1997-05-05 00:00:00-04:00,0.2141435742378235,0.2141435742378235,0.21223160918024733,0.2141435742378235,666095,0.0,0.0
1997-05-06 00:00:00-04:00,0.21482005715370178,0.21579213344477968,0.21384803649089884,0.21482005715370178,817616,0.061591,0.0
1997-05-07 00:00:00-04:00,0.21579213344477968,0.21579213344477968,0.21384803649089884,0.21482005715370178,219031,0.0,0.0
1997-05-08 00:00:00-04:00,0.2128758967364278,0.21676403284072876,0.2128758967364278,0.21676403284072876,742605,0.0,0.0
1997-05-09 00:00:00-04:00,0.21773605295974302,0.21773605295974302,0.21481993697445634,0.21676403284072876,354800,0.0,0.0
1997-05-12 00:00:00-04:00,0.21579211950302124,0.2167641401030245,0.21579211950302124,0.21579211950302124,275289,0.0,0.0
1997-05-13 00:00:00-04:00,0.21676415716569025,0.21676415716569025,0.21190394252655778,0.2138480395078659,354050,0.0,0.0
1997-05-14 00:00:00-04:00,0.21579213648917406,0.21579213648917406,0.2128760188313497,0.2138480395078659,337548,0.0,0.0
1997-05-15 00:00:00-04:00,0.21482004327474663,0.2167641401030245,0.21384802267474337,0.21579211950302124,444063,0.0,0.0
1997-05-16 00:00:00-04:00,0.21773617477038554,0.21773617477038554,0.21482005715370178,0.21482005715370178,305293,0.0,0.0
1997-05-19 00:00:00-04:00,0.21579213344477968,0.21579213344477968,0.21287601582809593,0.21482005715370178,288791,0.0,0.0
1997-05-20 00:00:00-04:00,0.21384799764477896,0.21384799764477896,0.21190390104404902,0.21287597715854645,460565,0.0,0.0
1997-05-21 00:00:00-04:00,0.21287601582809593,0.21482005715370178,0.21287601582809593,0.21482005715370178,359301,0.0,0.0
1997-05-22 00:00:00-04:00,0.21384804614205352,0.21870826093196397,0.21384804614205352,0.21773618459701538,321796,0.0,0.0
1997-05-23 00:00:00-04:00,0.21968033909797668,0.21968033909797668,0.2187083181370649,0.21968033909797668,207029,0.0,0.0
1997-05-27 00:00:00-04:00,0.21968033909797668,0.21968033909797668,0.2187083181370649,0.21968033909797668,180026,0.0,0.0
1997-05-28 00:00:00-04:00,0.22065228843823678,0.22065228843823678,0.21482006684872462,0.21773618459701538,201779,0.0,0.0
1997-05-29 00:00:00-04:00,0.21676416389034428,0.21773618459701538,0.21676416389034428,0.21773618459701538,181526,0.0,0.0
1997-05-30 00:00:00-04:00,0.21481993697445634,0.21676403284072876,0.21384791685544208,0.21676403284072876,280540,0.0,0.0
1997-06-02 00:00:00-04:00,0.2157921431836732,0.21773618459701538,0.2157921431836732,0.21773618459701538,349550,0.0,0.0
1997-06-03 00:00:00-04:00,0.21676416389034428,0.21773618459701538,0.21676416389034428,0.21773618459701538,351800,0.0,0.0
1997-06-04 00:00:00-04:00,0.2167641401030245,0.21773616070302773,0.2128760020747401,0.21579211950302124,236284,0.0,0.0
1997-06-05 00:00:00-04:00,0.2167641541075826,0.2167641541075826,0.21482005715370178,0.21482005715370178,100514,0.0,0.0
1997-06-06 00:00:00-04:00,0.21482004327474663,0.21579211950302124,0.21384802267474337,0.21579211950302124,141770,0.0,0.0
1997-06-09 00:00:00-04:00,0.21579213344477968,0.21579213344477968,0.21384803649089884,0.21482005715370178,1287933,0.0,0.0
1997-06-10 00:00:00-04:00,0.21579211950302124,0.21579211950302124,0.21384802267474337,0.21579211950302124,214530,0.0,0.0
1997-06-11 00:00:00-04:00,0.21579201272171447,0.21773605295974302,0.21579201272171447,0.21676403284072876,292542,0.0,0.0
1997-06-12 00:00:00-04:00,0.21773618459701538,0.21773618459701538,0.2157921431836732,0.21773618459701538,383304,0.0,0.0
1997-06-13 00:00:00-04:00,0.21676416727877387,0.2235684096813202,0.21676416727877387,0.2235684096813202,837869,0.0,0.0
1997-06-16 00:00:00-04:00,0.22259638895945458,0.22454043040318578,0.22162431260931062,0.2235684096813202,332297,0.0,0.0
1997-06-17 00:00:00-04:00,0.22259635607952616,0.22356837665781362,0.21773615583861602,0.21870823204517365,384055,0.0,0.0
1997-06-18 00:00:00-04:00,0.21870823809132292,0.22259636223316193,0.21579212064757483,0.22259636223316193,425310,0.0,0.0
1997-06-19 00:00:00-04:00,0.22259638895945458,0.2235684096813202,0.22162431260931062,0.2235684096813202,196528,0.0,0.0
1997-06-20 00:00:00-04:00,0.22065234615181548,0.2216243671127273,0.21968033909797668,0.21968033909797668,231033,0.0,0.0
1997-06-23 00:00:00-04:00,0.21968033909797668,0.22259644370193113,0.2187083181370649,0.21968033909797668,714851,0.0,0.0
1997-06-24 00:00:00-04:00,0.21919432861752078,0.21968033909797668,0.21773624154786106,0.21968033909797668,339798,0.0,0.0
1997-06-25 00:00:00-04:00,0.2167640527625848,0.22016616521299126,0.21579203255423635,0.21919415891170502,313545,0.0,0.0
1997-06-26 00:00:00-04:00,0.21773624154786106,0.21968033909797668,0.21676422058694925,0.21968033909797668,229533,0.0,0.0
1997-06-27 00:00:00-04:00,0.21968027245880517,0.2230823865111972,0.2187082517927521,0.22162429988384247,357801,0.0,0.0
1997-06-30 00:00:00-04:00,0.22113835663227138,0.22113835663227138,0.2187083181370649,0.21968033909797668,512323,0.0,0.0
1997-07-01 00:00:00-04:00,0.21968016546711858,0.22065217175270282,0.21870814527447233,0.2201661616563797,229533,0.0,0.0
1997-07-02 00:00:00-04:00,0.22016628152651221,0.2235684096813202,0.219680285072649,0.2235684096813202,238534,0.0,0.0
1997-07-03 00:00:00-04:00,0.22454039752483368,0.22454039752483368,0.22259635636575892,0.22454039752483368,267788,0.0,0.0
1997-07-07 00:00:00-04:00,0.22551248967647552,0.22697052064886503,0.22454041339994169,0.22551248967647552,462816,0.0,0.0
1997-07-08 00:00:00-04:00,0.22648453488533365,0.22842863202095032,0.22599852450849953,0.22842863202095032,394556,0.0,0.0
1997-07-09 00:00:00-04:00,0.2284287266574236,0.2284287266574236,0.22745664987275033,0.22794266045093536,461315,0.0,0.0
1997-07-10 00:00:00-04:00,0.22745664987275033,0.22794266045093536,0.22745664987275033,0.22794266045093536,243035,0.0,0.0
1997-07-11 00:00:00-04:00,0.22745664987275033,0.22794266045093536,0.22745664987275033,0.22794266045093536,287291,0.0,0.0
1997-07-14 00:00:00-04:00,0.22745659694993053,0.22745659694993053,0.22551255508951493,0.22599856555461884,274539,0.0,0.0
1997-07-15 00:00:00-04:00,0.22599856555461884,0.22648457601972274,0.22502654462441102,0.22599856555461884,231783,0.0,0.0
1997-07-16 00:00:00-04:00,0.22599856555461884,0.22599856555461884,0.22551255508951493,0.22599856555461884,135769,0.0,0.0
1997-07-17 00:00:00-04:00,0.2259985919590039,0.2269706130027771,0.2255125814371173,0.2269706130027771,510072,0.0,0.0
1997-07-18 00:00:00-04:00,0.227942566015836,0.22940065277461857,0.22648453488533365,0.22842863202095032,362301,0.0,0.0
1997-07-21 00:00:00-04:00,0.22891466001297975,0.23134471208414514,0.22745657314199608,0.22988668084144592,202529,0.0,0.0
1997-07-22 00:00:00-04:00,0.23085858665739847,0.23231667280197144,0.22988656631318766,0.23231667280197144,713351,0.0,0.0
1997-07-23 00:00:00-04:00,0.23280279895512881,0.2332888093693619,0.22988668084144592,0.22988668084144592,543827,0.0,0.0
1997-07-24 00:00:00-04:00,0.23183073398850795,0.23328876495361328,0.23037264739512875,0.23328876495361328,702850,0.0,0.0
1997-07-25 00:00:00-04:00,0.23134464568695798,0.23717688024044037,0.23134464568695798,0.23717688024044037,1230175,0.0,0.0
1997-07-28 00:00:00-04:00,0.23717688024044037,0.23766287660811872,0.2366908560586278,0.23717688024044037,588834,0.0,0.0
1997-07-29 00:00:00-04:00,0.23717696046723286,0.23717696046723286,0.23328882132581005,0.23426084220409393,861122,0.0,0.0
1997-07-30 00:00:00-04:00,0.23717679942129202,0.24349502818948554,0.23717679942129202,0.24106493592262268,1114658,0.0,0.0
1997-07-31 00:00:00-04:00,0.24106512771357724,0.25029948011166425,0.2391210857303606,0.24884143471717834,1752999,0.0,0.0
1997-08-01 00:00:00-04:00,0.2507853486170751,0.25467354185428337,0.24689721100813214,0.24932733178138733,937633,0.0,0.0
1997-08-04 00:00:00-04:00,0.2488413689349043,0.2507854104042053,0.24689727183732418,0.2507854104042053,970638,0.0,0.0
1997-08-05 00:00:00-04:00,0.2504856118879094,0.2564026117324829,0.2504856118879094,0.2564026117324829,945134,0.061591,0.0
1997-08-06 00:00:00-04:00,0.2564026820858441,0.2603473309189951,0.2564026820858441,0.2573888301849365,371303,0.0,0.0
1997-08-07 00:00:00-04:00,0.25541648268699646,0.2568957186477296,0.25344413044817227,0.25541648268699646,425310,0.0,0.0
1997-08-08 00:00:00-04:00,0.2534441649913788,0.25393725311829035,0.25147186892051027,0.2534441649913788,207029,0.0,0.0
1997-08-11 00:00:00-04:00,0.2524579546952694,0.2529510427005766,0.24456863126550016,0.24703404307365417,204029,0.0,0.0
1997-08-12 00:00:00-04:00,0.24555479039736322,0.2475270574012314,0.2445685863494873,0.2445685863494873,143270,0.0,0.0
1997-08-13 00:00:00-04:00,0.2435824881336151,0.2475271075963974,0.24062398826355033,0.2475271075963974,414809,0.0,0.0
1997-08-14 00:00:00-04:00,0.2465410418622126,0.25147186665003124,0.24604795373975302,0.24802030622959137,221281,0.0,0.0
1997-08-15 00:00:00-04:00,0.2480202597648682,0.2480202597648682,0.24259634787071888,0.24308940768241882,186777,0.0,0.0
1997-08-18 00:00:00-04:00,0.24161013000259368,0.24358242511452594,0.24062392600987728,0.2411169856786728,203279,0.0,0.0
1997-08-19 00:00:00-04:00,0.2406239296266072,0.24210319331035335,0.24013084173202515,0.24013084173202515,372803,0.0,0.0
1997-08-20 00:00:00-04:00,0.2425962775585598,0.2425962775585598,0.24062392600987728,0.2411169856786728,690848,0.0,0.0
1997-08-21 00:00:00-04:00,0.2411169856786728,0.24358242511452594,0.24062392600987728,0.2411169856786728,861122,0.0,0.0
1997-08-22 00:00:00-04:00,0.24111704974710327,0.250485609219212,0.24111704974710327,0.24999254941940308,520574,0.0,0.0
1997-08-25 00:00:00-04:00,0.2490064565043413,0.254430313026813,0.24802030846890705,0.2534441649913788,590334,0.0,0.0
1997-08-26 00:00:00-04:00,0.2534441649913788,0.254430313026813,0.24851336837742974,0.2534441649913788,358551,0.0,0.0
1997-08-27 00:00:00-04:00,0.2524579082459225,0.25344405585671514,0.2514717606351298,0.2529509961605072,243035,0.0,0.0
1997-08-28 00:00:00-04:00,0.25245794653892517,0.2529510345283018,0.2519648867679295,0.25245794653892517,285040,0.0,0.0
1997-08-29 00:00:00-04:00,0.25147185544558953,0.25590959191322327,0.25048565102622256,0.25590959191322327,296292,0.0,0.0
1997-09-02 00:00:00-04:00,0.25640259956019024,0.2613334513421727,0.2544302475600446,0.26034724712371826,932382,0.0,0.0
1997-09-03 00:00:00-04:00,0.2603472830813422,0.26379884312154284,0.2593611351634501,0.26330578327178955,581333,0.0,0.0
1997-09-04 00:00:00-04:00,0.2672503521442844,0.26823655620655235,0.26527805689325706,0.26774346828460693,705100,0.0,0.0
1997-09-05 00:00:00-04:00,0.2667572785737474,0.2672503665222207,0.26478501143499017,0.26527807116508484,510072,0.0,0.0
1997-09-08 00:00:00-04:00,0.2642919090823825,0.2642919090823825,0.2613334655761719,0.2613334655761719,252786,0.0,0.0
1997-09-09 00:00:00-04:00,0.26034724712371826,0.2647850391240459,0.25837495156033585,0.26034724712371826,345049,0.0,0.0
1997-09-10 00:00:00-04:00,0.26034724712371826,0.26084033512375465,0.25640259956019024,0.26034724712371826,481568,0.0,0.0
1997-09-11 00:00:00-04:00,0.2593610938992072,0.26872965282976863,0.2588680341278995,0.2672503888607025,429811,0.0,0.0
1997-09-12 00:00:00-04:00,0.26823662690354044,0.2692227747889652,0.2667573345294418,0.26872968673706055,516073,0.0,0.0
1997-09-15 00:00:00-04:00,0.26823662690354044,0.2731674227674336,0.26823662690354044,0.26872968673706055,993141,0.0,0.0
1997-09-16 00:00:00-04:00,0.2687295455327016,0.27218113186400844,0.26823648595826044,0.2716880440711975,968387,0.0,0.0
1997-09-17 00:00:00-04:00,0.2716880440711975,0.27218113186400844,0.26922263332551255,0.2716880440711975,266288,0.0,0.0
1997-09-18 00:00:00-04:00,0.2697158245355994,0.27415356040000916,0.2697158245355994,0.27415356040000916,287291,0.0,0.0
1997-09-19 00:00:00-04:00,0.2721812315851373,0.27316737931369195,0.2692227319627132,0.27119508385658264,166524,0.0,0.0
1997-09-22 00:00:00-04:00,0.2697158245355994,0.2751397646853208,0.2682366168719742,0.27415356040000916,732104,0.0,0.0
1997-09-23 00:00:00-04:00,0.2741533897905373,0.27760500387679843,0.2741533897905373,0.27711188793182373,427561,0.0,0.0
1997-09-24 00:00:00-04:00,0.27513959346212075,0.27809809160340715,0.2731672425556858,0.27711188793182373,242284,0.0,0.0
1997-09-25 00:00:00-04:00,0.27513976638833654,0.280070533879963,0.27513976638833654,0.2790844142436981,379554,0.0,0.0
1997-09-26 00:00:00-04:00,0.2780981869546512,0.2815497457876129,0.2780981869546512,0.2800704538822174,229533,0.0,0.0
1997-09-29 00:00:00-04:00,0.28056368796628467,0.28352218866348267,0.27957753987947886,0.28352218866348267,323296,0.0,0.0
1997-09-30 00:00:00-04:00,0.2815498077381292,0.2854944553347205,0.28007051550723927,0.28500136733055115,491320,0.0,0.0
1997-10-01 00:00:00-04:00,0.2840150879885912,0.2840150879885912,0.27809817459535086,0.2825358808040619,243785,0.0,0.0
1997-10-02 00:00:00-04:00,0.2835220891170063,0.285987500795984,0.28302900113753476,0.28401514887809753,673596,0.0,0.0
1997-10-03 00:00:00-04:00,0.2854944553347205,0.287466807351398,0.28450830754476364,0.28500136733055115,810115,0.0,0.0
1997-10-06 00:00:00-04:00,0.28302903712558214,0.2899321850608008,0.28204288925962745,0.2869736850261688,513073,0.0,0.0
1997-10-07 00:00:00-04:00,0.28795996505784055,0.2899322613084328,0.2864807005423092,0.28943920135498047,331547,0.0,0.0
1997-10-08 00:00:00-04:00,0.2914113524686562,0.2914113524686562,0.2874667062592611,0.28894591331481934,226532,0.0,0.0
1997-10-09 00:00:00-04:00,0.28943899733990736,0.2909182608127594,0.28746670247951434,0.2909182608127594,160523,0.0,0.0
1997-10-10 00:00:00-04:00,0.2894391252370155,0.29141147740569284,0.2864806252023835,0.2869736850261688,138770,0.0,0.0
1997-10-13 00:00:00-04:00,0.28401516310383057,0.28500136733055115,0.2820428675239167,0.28500136733055115,90013,0.0,0.0
1997-10-14 00:00:00-04:00,0.283522131339337,0.2899321913719177,0.28105677572997756,0.2899321913719177,841619,0.0,0.0
1997-10-15 00:00:00-04:00,0.28894606160616226,0.29880771040916443,0.28894606160616226,0.29880771040916443,405808,0.0,0.0
1997-10-16 00:00:00-04:00,0.2963422099305802,0.2997937975994549,0.2943699426501477,0.2973284423351288,416309,0.0,0.0
1997-10-17 00:00:00-04:00,0.29190448544832065,0.2997937798500061,0.29190448544832065,0.2997937798500061,745606,0.0,0.0
1997-10-20 00:00:00-04:00,0.29831446451109184,0.29880755233406603,0.2919044074675418,0.2943698465824127,555829,0.0,0.0
1997-10-21 00:00:00-04:00,0.29436983101698855,0.29436983101698855,0.2869735422818416,0.2884528338909149,821367,0.0,0.0
1997-10-22 00:00:00-04:00,0.2879598893288915,0.28845297737106085,0.28401518499153683,0.2869736850261688,21110247,0.0,0.0
1997-10-23 00:00:00-04:00,0.2840151265082619,0.2840151265082619,0.280563567360576,0.28204283118247986,2259321,0.0,0.0
1997-10-24 00:00:00-04:00,0.2889459605304914,0.2889459605304914,0.2780981957912445,0.2780981957912445,1955528,0.0,0.0
1997-10-27 00:00:00-05:00,0.278098272641164,0.2790844205179828,0.2702089203163076,0.27218127250671387,2124302,0.0,0.0
1997-10-28 00:00:00-05:00,0.2652780484889447,0.271195046928078,0.2524579040164067,0.26823654770851135,1497213,0.0,0.0
1997-10-29 00:00:00-05:00,0.26823661236851243,0.2776051719735059,0.26725040809975825,0.2761259078979492,1272931,0.0,0.0
1997-10-30 00:00:00-05:00,0.2751397646853208,0.2751397646853208,0.2682366168719742,0.27415356040000916,1062901,0.0,0.0
1997-10-31 00:00:00-05:00,0.2771119042934245,0.2795773148536682,0.27464652195154854,0.2795773148536682,1131911,0.0,0.0
1997-11-03 00:00:00-05:00,0.2800705179293895,0.2869736653923161,0.27908439834928606,0.2864806056022644,1032147,0.0,0.0
1997-11-04 00:00:00-05:00,0.28302895198471106,0.2968352437019348,0.28007045284005583,0.2968352437019348,1777002,0.0,0.0
1997-11-05 00:00:00-05:00,0.2920389473438263,0.294035762126766,0.28704679610972733,0.2920389473438263,2546612,0.061591,0.0
1997-11-06 00:00:00-05:00,0.29004210491247523,0.29153975900573476,0.285050010309181,0.2910405695438385,2545111,0.0,0.0
1997-11-07 00:00:00-05:00,0.2890437520315893,0.29054134926942515,0.28455087461049466,0.287046879529953,1708743,0.0,0.0
1997-11-10 00:00:00-05:00,0.2870466699057614,0.2875458590974273,0.28155538881321224,0.28455066680908203,1001392,0.0,0.0
1997-11-11 00:00:00-05:00,0.2845508123903606,0.285549191284481,0.28155553286205237,0.28205472230911255,1022395,0.0,0.0
1997-11-12 00:00:00-05:00,0.2800577545627998,0.28055697240849237,0.27556487965910553,0.27656328678131104,1759000,0.0,0.0
1997-11-13 00:00:00-05:00,0.2780608427352717,0.2780608427352717,0.2615868595930801,0.2710718810558319,948135,0.0,0.0
1997-11-14 00:00:00-05:00,0.2710720111762565,0.2810562551021576,0.2710720111762565,0.2810562551021576,786862,0.0,0.0
1997-11-17 00:00:00-05:00,0.28405138428427534,0.28405138428427534,0.2785601033391446,0.28055691719055176,1131911,0.0,0.0
1997-11-18 00:00:00-05:00,0.28155538125460344,0.282553788180307,0.2795585102648482,0.28055691719055176,508572,0.0,0.0
1997-11-19 00:00:00-05:00,0.27955859899520874,0.2815554706187601,0.27756172737165746,0.27955859899520874,370553,0.0,0.0
1997-11-20 00:00:00-05:00,0.2795585384860822,0.28155540967742015,0.27856013145959013,0.2790593206882477,462816,0.0,0.0
1997-11-21 00:00:00-05:00,0.28055706785660833,0.2835523188114166,0.27856025293286235,0.2835523188114166,571581,0.0,0.0
1997-11-24 00:00:00-05:00,0.28305298566245624,0.2875458598136902,0.28205457870746253,0.2875458598136902,1666737,0.0,0.0
1997-11-25 00:00:00-05:00,0.2875458594574337,0.2875458594574337,0.28455066716533844,0.2860482633113861,666095,0.0,0.0
1997-11-26 00:00:00-05:00,0.2870466621997342,0.28754585137799893,0.2795585102648482,0.28055691719055176,651843,0.0,0.0
1997-11-28 00:00:00-05:00,0.2805570393498791,0.28255391120910645,0.2805570393498791,0.28255391120910645,348049,0.0,0.0
1997-12-01 00:00:00-05:00,0.28155529584317956,0.28305289149284363,0.27955842545918647,0.28305289149284363,1482961,0.0,0.0
1997-12-02 00:00:00-05:00,0.2820545704328682,0.28305297735857177,0.2795585102648482,0.28055691719055176,545327,0.0,0.0
1997-12-03 00:00:00-05:00,0.28005787785789915,0.28055709592337186,0.27456659341446893,0.2785602807998657,900878,0.0,0.0
1997-12-04 00:00:00-05:00,0.2780609130859375,0.2785601308827382,0.2765632596955354,0.2780609130859375,382554,0.0,0.0
1997-12-05 00:00:00-05:00,0.27756166729474424,0.2795585384860822,0.2765632602682522,0.2790593206882477,946634,0.0,0.0
1997-12-08 00:00:00-05:00,0.2795586883616188,0.2795586883616188,0.27656340853797506,0.2785602807998657,417059,0.0,0.0
1997-12-09 00:00:00-05:00,0.2780609403183888,0.2790593474405943,0.27656328678131104,0.27656328678131104,668345,0.0,0.0
1997-12-10 00:00:00-05:00,0.2765633453664734,0.27806099922080324,0.27506572008132935,0.27506572008132935,950385,0.0,0.0
1997-12-11 00:00:00-05:00,0.271571249323421,0.27556493576371094,0.2675775057447602,0.2735680639743805,1104157,0.0,0.0
1997-12-12 00:00:00-05:00,0.27256957235928747,0.2780609109434296,0.27256957235928747,0.27756166458129883,771109,0.0,0.0
1997-12-15 00:00:00-05:00,0.277561639275093,0.2835521665368365,0.27706242152765415,0.28055691719055176,592584,0.0,0.0
1997-12-16 00:00:00-05:00,0.2795585102648482,0.28155538125460344,0.2755648254236858,0.28055691719055176,931632,0.0,0.0
1997-12-17 00:00:00-05:00,0.28155553010311,0.28155553010311,0.2785602506041523,0.2800578474998474,427561,0.0,0.0
1997-12-18 00:00:00-05:00,0.2810562858838724,0.28355229000034715,0.28005782138507224,0.28255391120910645,840869,0.0,0.0
1997-12-19 00:00:00-05:00,0.28205472230911255,0.2845508123903606,0.28205472230911255,0.28205472230911255,1325438,0.0,0.0
1997-12-22 00:00:00-05:00,0.27955853790716273,0.2815554090943655,0.2755648526711109,0.2780609130859375,1055400,0.0,0.0
1997-12-23 00:00:00-05:00,0.27905947029614614,0.28055709592337186,0.27756181609972813,0.2785602807998657,616588,0.0,0.0
1997-12-24 00:00:00-05:00,0.2790594430539193,0.28554919156394754,0.2775617890037047,0.2840515375137329,991641,0.0,0.0
1997-12-26 00:00:00-05:00,0.28305310277855733,0.2875459787887644,0.28305310277855733,0.28654757142066956,235533,0.0,0.0
1997-12-29 00:00:00-05:00,0.2895428506633277,0.2895428506633277,0.28654757142066956,0.28654757142066956,494320,0.0,0.0
1997-12-30 00:00:00-05:00,0.28704662015082255,0.29253795742988586,0.28704662015082255,0.29253795742988586,772610,0.0,0.0
1997-12-31 00:00:00-05:00,0.2915396994656447,0.2950341964003916,0.2885444204600308,0.293536514043808,1059150,0.0,0.0
1998-01-02 00:00:00-05:00,0.2935365443576369,0.29503422686888775,0.28904366823900873,0.2930373549461365,975138,0.0,0.0
1998-01-05 00:00:00-05:00,0.29153963623849827,0.29253804331105215,0.2865474865990159,0.2905411720275879,1120659,0.0,0.0
1998-01-06 00:00:00-05:00,0.2885444500507133,0.2920389473438263,0.28754598552086863,0.2920389473438263,947385,0.0,0.0
1998-01-07 00:00:00-05:00,0.290541264833653,0.29253813675496754,0.2885444500507133,0.2920389473438263,1723745,0.0,0.0
1998-01-08 00:00:00-05:00,0.29203882720718477,0.2930372341879378,0.29054114531311614,0.29153960943222046,2177559,0.0,0.0
1998-01-09 00:00:00-05:00,0.29153975900573476,0.29203897703682125,0.288544479388406,0.2910405695438385,1695241,0.0,0.0
1998-01-12 00:00:00-05:00,0.2905410867326484,0.29253795742988586,0.28754580925596207,0.29253795742988586,2246569,0.0,0.0
1998-01-13 00:00:00-05:00,0.29253795742988586,0.29453482812712334,0.291539550650437,0.29253795742988586,1317187,0.0,0.0
1998-01-14 00:00:00-05:00,0.2940357353502328,0.29753026089430223,0.2925381101148164,0.2965317964553833,750107,0.0,0.0
1998-01-15 00:00:00-05:00,0.2965318291076195,0.2985287010669708,0.2965318291076195,0.2985287010669708,1721494,0.0,0.0
1998-01-16 00:00:00-05:00,0.29902783036231995,0.3000262089074912,0.2980294232479692,0.29902783036231995,661594,0.0,0.0
1998-01-20 00:00:00-05:00,0.2995270196349056,0.3000262089074912,0.29703095899525955,0.29902783036231995,1245177,0.0,0.0
1998-01-21 00:00:00-05:00,0.29902791905680864,0.3005255158879463,0.2975302936564831,0.2985287010669708,1081654,0.0,0.0
1998-01-22 00:00:00-05:00,0.29852852704085886,0.3015238046646118,0.29802933791120945,0.3015238046646118,895627,0.0,0.0
1998-01-23 00:00:00-05:00,0.3025224179546156,0.3045192901126975,0.29553345110890106,0.29753032326698303,1100406,0.0,0.0
1998-01-26 00:00:00-05:00,0.29703087394439676,0.3015238046646118,0.2955332494171059,0.3015238046646118,937633,0.0,0.0
1998-01-27 00:00:00-05:00,0.3015238910019659,0.30252229811631665,0.29902783036231995,0.29902783036231995,498821,0.0,0.0
1998-01-28 00:00:00-05:00,0.3005255160804082,0.3015239806299112,0.2985287012581539,0.299527108669281,1321688,0.0,0.0
1998-01-29 00:00:00-05:00,0.2995270196349056,0.30252229811631665,0.29852861252055485,0.29902783036231995,355550,0.0,0.0
1998-01-30 00:00:00-05:00,0.2985286681948516,0.2985286681948516,0.29353651741536574,0.2965317964553833,691598,0.0,0.0
1998-02-02 00:00:00-05:00,0.29753014541425876,0.29952695924033634,0.2965316813628726,0.298029363155365,629339,0.0,0.0
1998-02-03 00:00:00-05:00,0.2975303819935503,0.30152406995960707,0.2975303819935503,0.30002638697624207,1605228,0.0,0.0
1998-02-04 00:00:00-05:00,0.3020493316768906,0.3061036765575409,0.3010357019520616,0.3061036765575409,588834,0.074923,0.0
1998-02-05 00:00:00-05:00,0.30711752377460194,0.30813109640243,0.3020496026291876,0.30458351969718933,930882,0.0,0.0
1998-02-06 00:00:00-05:00,0.3061036639106109,0.30661043524742126,0.30052891817770877,0.30661043524742126,743356,0.0,0.0
1998-02-09 00:00:00-05:00,0.30711724136631674,0.3081308130621195,0.30407646827268786,0.3050900399684906,1734996,0.0,0.0
1998-02-10 00:00:00-05:00,0.30407646827268786,0.30559689832416775,0.30407646827268786,0.3050900399684906,846870,0.0,0.0
1998-02-11 00:00:00-05:00,0.30509018186528297,0.30509018186528297,0.29596791634787073,0.29799506068229675,2199312,0.0,0.0
1998-02-12 00:00:00-05:00,0.29647472500801086,0.29799506879867754,0.2954611528131916,0.29647472500801086,729104,0.0,0.0
1998-02-13 00:00:00-05:00,0.29647472594522245,0.29647472594522245,0.2914067489426068,0.2939407229423523,433562,0.0,0.0
1998-02-17 00:00:00-05:00,0.2959679244090389,0.2969814966038582,0.2949542942079705,0.29647472500801086,629339,0.0,0.0
1998-02-18 00:00:00-05:00,0.2969813048839569,0.2985016766962536,0.2939405322562577,0.2969813048839569,1566972,0.0,0.0
1998-02-19 00:00:00-05:00,0.2959679253446484,0.2985018703412692,0.2929271507443289,0.2939407229423523,308294,0.0,0.0
1998-02-20 00:00:00-05:00,0.2919135333807445,0.29394073587221314,0.28887284565604526,0.2934339642524719,387805,0.0,0.0
1998-02-23 00:00:00-05:00,0.29242030792757673,0.2954610817873123,0.29242030792757673,0.2944474518299103,321046,0.0,0.0
1998-02-24 00:00:00-05:00,0.2979949132818492,0.30002211461978623,0.29292699694633484,0.29292699694633484,639091,0.0,0.0
1998-02-25 00:00:00-05:00,0.295967769950131,0.2969813416159901,0.2919133672742569,0.29292699694633484,556579,0.0,0.0
1998-02-26 00:00:00-05:00,0.29242029786109924,0.294447441693649,0.2898862955626205,0.29242029786109924,419310,0.0,0.0
1998-02-27 00:00:00-05:00,0.2934340048562682,0.2954612076282501,0.2919135737741518,0.2954612076282501,336798,0.0,0.0
1998-03-02 00:00:00-05:00,0.2959677333434611,0.2979948764244527,0.2949541037967535,0.2969813048839569,274539,0.0,0.0
1998-03-03 00:00:00-05:00,0.2949541037967535,0.3000220775116561,0.2949541037967535,0.2969813048839569,689348,0.0,0.0
1998-03-04 00:00:00-05:00,0.29748818794496545,0.29900858918348666,0.29748818794496545,0.29850175976753235,386305,0.0,0.0
1998-03-05 00:00:00-05:00,0.29799499096903476,0.29850179143564176,0.29495421717250997,0.29596784710884094,344299,0.0,0.0
1998-03-06 00:00:00-05:00,0.2969814123404948,0.299515414616375,0.29343386716049524,0.29495421051979065,339798,0.0,0.0
1998-03-09 00:00:00-05:00,0.29394071669152516,0.2959679190507116,0.2868456244468689,0.2868456244468689,838619,0.0,0.0
1998-03-10 00:00:00-05:00,0.2868455601220727,0.2868455601220727,0.2777232385607763,0.28329798579216003,1245177,0.0,0.0
1998-03-11 00:00:00-05:00,0.28380486369132996,0.284818435917013,0.2817776612337129,0.28380486369132996,498821,0.0,0.0
1998-03-12 00:00:00-05:00,0.28481835313705617,0.2858319830743875,0.28177757933753034,0.2822844088077545,462066,0.0,0.0
1998-03-13 00:00:00-05:00,0.2827913478229317,0.2827913478229317,0.27924377181823345,0.28025734424591064,593334,0.0,0.0
1998-03-16 00:00:00-05:00,0.27975057253363766,0.2832981195352047,0.27975057253363766,0.28025734424591064,319545,0.0,0.0
1998-03-17 00:00:00-05:00,0.2802573318540355,0.29596797931811564,0.2802573318540355,0.2954612076282501,3871300,0.0,0.0
1998-03-18 00:00:00-05:00,0.2919134199619293,0.2939406216657576,0.2898862762643305,0.2919134199619293,4423378,0.0,0.0
1998-03-19 00:00:00-05:00,0.28887278750812084,0.2919134746207525,0.28887278750812084,0.2908999025821686,1164915,0.0,0.0
1998-03-20 00:00:00-05:00,0.2908998648846151,0.2959678404332591,0.2908998648846151,0.29495421051979065,2936667,0.0,0.0
1998-03-23 00:00:00-05:00,0.2939405322562577,0.29748810515575774,0.2939405322562577,0.2969813048839569,544577,0.0,0.0
1998-03-24 00:00:00-05:00,0.3081308386027743,0.3081308386027743,0.3015425205230713,0.3015425205230713,1518966,0.0,0.0
1998-03-25 00:00:00-05:00,0.3025561622766189,0.30407650550492427,0.3000221602190638,0.3035697340965271,1020895,0.0,0.0
1998-03-26 00:00:00-05:00,0.30407657373769026,0.3081309199333191,0.3030630016903432,0.3081309199333191,580582,0.0,0.0
1998-03-27 00:00:00-05:00,0.307117328547488,0.3131988764611103,0.3061037565639633,0.3126920759677887,594834,0.0,0.0
1998-03-30 00:00:00-05:00,0.31218536659084317,0.3126921381818749,0.307117389652407,0.3076241612434387,863373,0.0,0.0
1998-03-31 00:00:00-05:00,0.30711728250298126,0.31218525767326355,0.3050900808336227,0.31218525767326355,764359,0.0,0.0
1998-04-01 00:00:00-05:00,0.3111716940816009,0.3111716940816009,0.30762411940808543,0.3081309199333191,306043,0.0,0.0
1998-04-02 00:00:00-05:00,0.308637863407869,0.31218549806413065,0.30711751899137407,0.3096514940261841,1035147,0.0,0.0
1998-04-03 00:00:00-05:00,0.3091445830952023,0.3116784989833832,0.30813095293305837,0.3116784989833832,448564,0.0,0.0
1998-04-06 00:00:00-04:00,0.31117167448782385,0.3131988764611103,0.3106648739945022,0.3126920759677887,1180668,0.0,0.0
1998-04-07 00:00:00-04:00,0.3126920854305701,0.31928043403689255,0.31167845541013356,0.3172532320022583,1215923,0.0,0.0
1998-04-08 00:00:00-04:00,0.31725318524273094,0.31826675710753966,0.31319883977726587,0.3142124116420746,422310,0.0,0.0
1998-04-09 00:00:00-04:00,0.31522609833500853,0.31522609833500853,0.3126921532483833,0.3131989538669586,450064,0.0,0.0
1998-04-13 00:00:00-04:00,0.312692029087489,0.312692029087489,0.3106648274181304,0.31218525767326355,505572,0.0,0.0
1998-04-14 00:00:00-04:00,0.3121853575691404,0.3126921291455272,0.3111717274069964,0.3116784989833832,783861,0.0,0.0
1998-04-15 00:00:00-04:00,0.3116784223383019,0.3124386810268584,0.3096512785250043,0.31117165088653564,1006643,0.0,0.0
1998-04-16 00:00:00-04:00,0.3111716940816009,0.3111716940816009,0.3066105473607384,0.3081309199333191,492820,0.0,0.0
1998-04-17 00:00:00-04:00,0.31015804924053303,0.31117162104999596,0.30813084761538,0.3086376190185547,561830,0.0,0.0
1998-04-20 00:00:00-04:00,0.3086376914554324,0.3086376914554324,0.30711734788597206,0.3081309199333191,462816,0.0,0.0
1998-04-21 00:00:00-04:00,0.3086376914554324,0.3091445499869069,0.3066105473607384,0.3081309199333191,1722995,0.0,0.0
1998-04-22 00:00:00-04:00,0.3081309199333191,0.3081309199333191,0.30711734788597206,0.3081309199333191,572331,0.0,0.0
1998-04-23 00:00:00-04:00,0.3081308199947551,0.3081308199947551,0.3050900468327119,0.3061036765575409,555079,0.0,0.0
1998-04-24 00:00:00-04:00,0.30509010216899984,0.3055969606280132,0.3005289851033203,0.30255618691444397,467316,0.0,0.0
1998-04-27 00:00:00-04:00,0.3005290450072307,0.3005290450072307,0.29647469858307035,0.3000222444534302,788362,0.0,0.0
1998-04-28 00:00:00-04:00,0.29900867234895107,0.3010358165579093,0.297995042238228,0.3000222444534302,425310,0.0,0.0
1998-04-29 00:00:00-04:00,0.30052907963109454,0.30154265185234697,0.29951550740984206,0.3010358512401581,446313,0.0,0.0
1998-04-30 00:00:00-04:00,0.3010358622904447,0.3030630648136139,0.30002229003198655,0.3030630648136139,1047899,0.0,0.0
1998-05-01 00:00:00-04:00,0.30306303414732627,0.3121853575691404,0.30306303414732627,0.3116784989833832,1506214,0.0,0.0
1998-05-04 00:00:00-04:00,0.3116784989833832,0.3121853575691404,0.3111717274069964,0.3116784989833832,2339582,0.0,0.0
1998-05-05 00:00:00-04:00,0.31167442363160863,0.3121887147426605,0.31064581197602975,0.3121887147426605,661594,0.074923,0.0
1998-05-06 00:00:00-04:00,0.31167451422970305,0.3147604089604033,0.31167451422970305,0.3142460882663727,1021645,0.0,0.0
1998-05-07 00:00:00-04:00,0.3142461405396698,0.3147604613192552,0.31270317820091365,0.313731849193573,624839,0.0,0.0
1998-05-08 00:00:00-04:00,0.313731849193573,0.313731849193573,0.31218885742132824,0.313731849193573,735854,0.0,0.0
1998-05-11 00:00:00-04:00,0.31424603978671906,0.3157889721972947,0.3085885718921432,0.309102863073349,1435704,0.0,0.0
1998-05-12 00:00:00-04:00,0.3075598834566407,0.3075598834566407,0.3003594849457276,0.3060169219970703,888126,0.0,0.0
1998-05-13 00:00:00-04:00,0.3049883465120614,0.3080742403625331,0.30344541430356325,0.30447402596473694,317295,0.0,0.0
1998-05-14 00:00:00-04:00,0.3039596833529563,0.3055025858665752,0.30344536289276985,0.304988294839859,561830,0.0,0.0
1998-05-15 00:00:00-04:00,0.30653118030862064,0.30653118030862064,0.30293093797890763,0.30395960807800293,1365944,0.0,0.0
1998-05-18 00:00:00-04:00,0.30344541430356325,0.3049883465120614,0.30293106432276345,0.30447402596473694,1375695,0.0,0.0
1998-05-19 00:00:00-04:00,0.3049884674114142,0.3085886538028717,0.3044741466602098,0.3085886538028717,588083,0.0,0.0
1998-05-20 00:00:00-04:00,0.3075597902832544,0.31064568283407085,0.3075597902832544,0.3096170127391815,465066,0.0,0.0
1998-05-21 00:00:00-04:00,0.3106457682351031,0.31373166163427646,0.30961709785741737,0.31321728229522705,983390,0.0,0.0
1998-05-22 00:00:00-04:00,0.31321733434653004,0.31373171377106035,0.3116744315407461,0.31270304322242737,772610,0.0,0.0
1998-05-26 00:00:00-04:00,0.3116744315407461,0.31321733434653004,0.3116744315407461,0.31270304322242737,529575,0.0,0.0
1998-05-27 00:00:00-04:00,0.31321746954701046,0.313731849193573,0.3116745660752314,0.313731849193573,1347941,0.0,0.0
1998-05-28 00:00:00-04:00,0.31321730207355597,0.31836047768592834,0.31321730207355597,0.31836047768592834,471817,0.0,0.0
1998-05-29 00:00:00-04:00,0.31938915860485656,0.32196076168610516,0.31836054680583636,0.32093214988708496,1762750,0.0,0.0
1998-06-01 00:00:00-04:00,0.3209319682570955,0.3229891906908602,0.3183603666312332,0.31887468695640564,440313,0.0,0.0
1998-06-02 00:00:00-04:00,0.31733192721903136,0.3219607537847222,0.31733192721903136,0.3204178214073181,1260179,0.0,0.0
1998-06-03 00:00:00-04:00,0.3204177235983601,0.32093204404498904,0.3193890532716328,0.3199033737182617,1066651,0.0,0.0
1998-06-04 00:00:00-04:00,0.31887476225847344,0.3199033737182617,0.3168175393388969,0.3199033737182617,981139,0.0,0.0
1998-06-05 00:00:00-04:00,0.3204177235983601,0.3204177235983601,0.31836044181184453,0.3199033737182617,1011894,0.0,0.0
1998-06-08 00:00:00-04:00,0.3199033737182617,0.3204177235983601,0.31887476225847344,0.3199033737182617,323296,0.0,0.0
1998-06-09 00:00:00-04:00,0.31938915076658453,0.3204178214073181,0.3183605389928079,0.3204178214073181,203279,0.0,0.0
1998-06-10 00:00:00-04:00,0.32041775203639367,0.3214463635874743,0.3178461790084839,0.3178461790084839,1344191,0.0,0.0
1998-06-11 00:00:00-04:00,0.3178462589269183,0.3178462589269183,0.3152746558189392,0.3152746558189392,1630732,0.0,0.0
1998-06-12 00:00:00-04:00,0.3142460048951631,0.31578893713442285,0.31064581985906486,0.31270304322242737,1530967,0.0,0.0
1998-06-15 00:00:00-04:00,0.31064581985906486,0.31270304322242737,0.30550264371675506,0.31270304322242737,721602,0.0,0.0
1998-06-16 00:00:00-04:00,0.31167441606521606,0.3147603098239881,0.3106458044346083,0.31167441606521606,376553,0.0,0.0
1998-06-17 00:00:00-04:00,0.31167442363160863,0.31373170580971677,0.31064581197602975,0.3121887147426605,226532,0.0,0.0
1998-06-18 00:00:00-04:00,0.3127029912565907,0.3152745641836566,0.3127029912565907,0.31321728229522705,477068,0.0,0.0
1998-06-19 00:00:00-04:00,0.31115997373132115,0.3121885849592847,0.30858840151121797,0.3096170127391815,711101,0.0,0.0
1998-06-22 00:00:00-04:00,0.31064578129081116,0.3137316748196773,0.3096171108698928,0.3101314902305603,336048,0.0,0.0
1998-06-23 00:00:00-04:00,0.31013156733689917,0.3152746558189392,0.31013156733689917,0.3152746558189392,435062,0.0,0.0
1998-06-24 00:00:00-04:00,0.31424595267291283,0.3178461665441935,0.31321728229522705,0.31321728229522705,2254070,0.0,0.0
1998-06-25 00:00:00-04:00,0.31321728079475925,0.3147602716371607,0.30858848486838003,0.31116005778312683,573831,0.0,0.0
1998-06-26 00:00:00-04:00,0.31116019353567237,0.3152747002209503,0.3106459022751254,0.3142460882663727,896377,0.0,0.0
1998-06-29 00:00:00-04:00,0.3142459790769828,0.31681758165359497,0.3127030175310155,0.31681758165359497,1451456,0.0,0.0
1998-06-30 00:00:00-04:00,0.32093191701978374,0.3281322826887976,0.31990324710020507,0.3250464200973511,2186560,0.0,0.0
1998-07-01 00:00:00-04:00,0.325046611279582,0.325046611279582,0.31887482359972097,0.3219607174396515,622588,0.0,0.0
1998-07-02 00:00:00-04:00,0.32196068107418097,0.32453225407808456,0.3209320695327026,0.3235035836696625,424560,0.0,0.0
1998-07-06 00:00:00-04:00,0.3235037709158631,0.3250467627048545,0.3229894795641845,0.3240181505680084,651843,0.0,0.0
1998-07-07 00:00:00-04:00,0.3240178090446882,0.32710370106959263,0.3229891391251095,0.3250464200973511,597085,0.0,0.0
1998-07-08 00:00:00-04:00,0.32453223642868545,0.32813242077827454,0.3240179454026515,0.32813242077827454,415559,0.0,0.0
1998-07-09 00:00:00-04:00,0.3260752691959955,0.3373902050697786,0.3260752691959955,0.33481863141059875,1606728,0.0,0.0
1998-07-10 00:00:00-04:00,0.334818479824956,0.334818479824956,0.33173258694435076,0.3327611982822418,1909771,0.0,0.0
1998-07-13 00:00:00-04:00,0.33224687789656326,0.3337898096201329,0.3312182665586722,0.3327611982822418,780111,0.0,0.0
1998-07-14 00:00:00-04:00,0.3322467909973636,0.3322467909973636,0.3291608989238739,0.3291608989238739,864873,0.0,0.0
1998-07-15 00:00:00-04:00,0.32916098059870746,0.32916098059870746,0.32710378738399837,0.3286466896533966,897877,0.0,0.0
1998-07-16 00:00:00-04:00,0.32813237367806697,0.3327611982822418,0.32710379177364196,0.3327611982822418,1553471,0.0,0.0
1998-07-17 00:00:00-04:00,0.33173258249259,0.3322468734379009,0.3286466896533966,0.3286466896533966,651843,0.0,0.0
1998-07-20 00:00:00-04:00,0.3281324519263383,0.33018967509269714,0.32710386977663186,0.33018967509269714,1208422,0.0,0.0
1998-07-21 00:00:00-04:00,0.3307040544679695,0.3312183455428227,0.3291610635095177,0.33018967509269714,605336,0.0,0.0
1998-07-22 00:00:00-04:00,0.32916090169630824,0.32916090169630824,0.32298914693080416,0.32556071877479553,722353,0.0,0.0
1998-07-23 00:00:00-04:00,0.32504658469264874,0.3286467693501974,0.3245322641891496,0.3260751962661743,540077,0.0,0.0
1998-07-24 00:00:00-04:00,0.3271039030369559,0.3271039030369559,0.324018009106694,0.32453230023384094,327797,0.0,0.0
1998-07-27 00:00:00-04:00,0.3250467627048545,0.3250467627048545,0.3229894795641845,0.3240181505680084,664594,0.0,0.0
1998-07-28 00:00:00-04:00,0.32401798056768866,0.32401798056768866,0.31321730861286445,0.31681758165359497,835619,0.0,0.0
1998-07-29 00:00:00-04:00,0.3178460407026455,0.31836033153766397,0.3137315374217418,0.31476014852523804,867123,0.0,0.0
1998-07-30 00:00:00-04:00,0.31476032545274163,0.31476032545274163,0.3116744315407461,0.31270304322242737,867873,0.0,0.0
1998-07-31 00:00:00-04:00,0.31270304322242737,0.31373171377106035,0.31218872266484876,0.31270304322242737,405808,0.0,0.0
1998-08-03 00:00:00-04:00,0.31270298975858657,0.3137316601313445,0.3096170963741962,0.31116005778312683,659344,0.0,0.0
1998-08-04 00:00:00-04:00,0.31218859977685626,0.31218859977685626,0.3024166307633446,0.30293095111846924,1110158,0.0,0.0
1998-08-05 00:00:00-04:00,0.30344914173870724,0.3065828765094576,0.30240458340831405,0.3060605823993683,2162557,0.074923,0.0
1998-08-06 00:00:00-04:00,0.30501610465174755,0.3071052218644617,0.30397148626580384,0.3065829575061798,1143162,0.0,0.0
1998-08-07 00:00:00-04:00,0.30658295739282493,0.31441725155188294,0.30658295739282493,0.31389495730400085,556579,0.0,0.0
1998-08-10 00:00:00-04:00,0.3128503439580207,0.31755090124802193,0.3097166092082347,0.31546178460121155,261037,0.0,0.0
1998-08-11 00:00:00-04:00,0.3185955317179781,0.3185955317179781,0.3112835036111686,0.31285035610198975,1018645,0.0,0.0
1998-08-12 00:00:00-04:00,0.3138950160799164,0.31859566519103777,0.31285048716815383,0.31755104660987854,1143912,0.0,0.0
1998-08-13 00:00:00-04:00,0.31650636444316066,0.3170286286954782,0.31389489373263674,0.3159840703010559,401307,0.0,0.0
1998-08-14 00:00:00-04:00,0.31441721358630387,0.3196401255446697,0.31337265510646245,0.31807321310043335,3802290,0.0,0.0
1998-08-17 00:00:00-04:00,0.31807318768326415,0.32016236425558064,0.3159840708905222,0.3196401000022888,1290183,0.0,0.0
1998-08-18 00:00:00-04:00,0.31964010000228876,0.31964010000228876,0.31650636503360136,0.3196401000022888,2921665,0.0,0.0
1998-08-19 00:00:00-04:00,0.31911787390708923,0.31964016816154106,0.3175509911437338,0.31911787390708923,751607,0.0,0.0
1998-08-20 00:00:00-04:00,0.31859553767397614,0.32172927260398865,0.31755091951092274,0.32172927260398865,866373,0.0,0.0
1998-08-21 00:00:00-04:00,0.3217294013753198,0.3217294013753198,0.3170287522641984,0.31755104660987854,285791,0.0,0.0
1998-08-24 00:00:00-04:00,0.3175509450394864,0.32381841540336603,0.31702865086086485,0.3238184154033661,1173917,0.0,0.0
1998-08-25 00:00:00-04:00,0.3227738569359123,0.3248629738708198,0.3217292984684586,0.3238184154033661,682597,0.0,0.0
1998-08-26 00:00:00-04:00,0.3238183451658744,0.32407946230875845,0.315461759679664,0.31702858209609985,720102,0.0,0.0
1998-08-27 00:00:00-04:00,0.31546171327753914,0.31546171327753914,0.30710506924096465,0.3086719810962677,607586,0.0,0.0
1998-08-28 00:00:00-04:00,0.3076274557307507,0.30919433816742514,0.30188230979897324,0.3029268682003021,718602,0.0,0.0
1998-08-31 00:00:00-04:00,0.30397133316591024,0.3050159510257158,0.2789015506728137,0.28621357679367065,1098906,0.0,0.0
1998-09-01 00:00:00-04:00,0.28203543574922485,0.28621373008764167,0.2789017000505151,0.28412461280822754,1843762,0.0,0.0
1998-09-02 00:00:00-04:00,0.2851690187134215,0.2883027527337254,0.28255754878835304,0.28621357679367065,1248177,0.0,0.0
1998-09-03 00:00:00-04:00,0.2872583185842617,0.2903919941769591,0.2862137002737803,0.2877805829048157,546078,0.0,0.0
1998-09-04 00:00:00-04:00,0.2867358815665529,0.2930033504962921,0.2841245009403569,0.2930033504962921,1026896,0.0,0.0
1998-09-08 00:00:00-04:00,0.2924810432765129,0.2924810432765129,0.2909141912195952,0.291958749294281,887376,0.0,0.0
1998-09-09 00:00:00-04:00,0.29091432680732915,0.29143662103298906,0.2867359730020497,0.2872583270072937,644341,0.0,0.0
1998-09-10 00:00:00-04:00,0.2867359470159285,0.2872583009738329,0.27994621236706124,0.2815130949020386,703600,0.0,0.0
1998-09-11 00:00:00-04:00,0.2794239521163636,0.27994624635810633,0.26532218692806836,0.2757679522037506,1123660,0.0,0.0
1998-09-14 00:00:00-04:00,0.27576783630679796,0.27576783630679796,0.27106727977599543,0.273678719997406,1326188,0.0,0.0
1998-09-15 00:00:00-04:00,0.2715897011037807,0.2726342598630643,0.2585324924392537,0.2695005238056183,2272073,0.0,0.0
1998-09-16 00:00:00-04:00,0.2705449727086179,0.28569128939473737,0.26950035482473056,0.28203529119491577,2877409,0.0,0.0
1998-09-17 00:00:00-04:00,0.28203529119491577,0.28255755530219107,0.279946115206699,0.28203529119491577,1172416,0.0,0.0
1998-09-18 00:00:00-04:00,0.2836022804041939,0.2846468389034271,0.28255766212538025,0.2846468389034271,1545219,0.0,0.0
1998-09-21 00:00:00-04:00,0.28255756953674216,0.2961370646953583,0.2820353054031565,0.2961370646953583,1260929,0.0,0.0
1998-09-22 00:00:00-04:00,0.3029267159131327,0.31546164954582306,0.3029267159131327,0.310761034488678,2998926,0.0,0.0
1998-09-23 00:00:00-04:00,0.31232813433994117,0.31389495730400085,0.3118058699818524,0.31389495730400085,2752891,0.0,0.0
1998-09-24 00:00:00-04:00,0.31389481651871454,0.31441711053234195,0.30397134981891244,0.31337255239486694,2939667,0.0,0.0
1998-09-25 00:00:00-04:00,0.3138948498764444,0.3138948498764444,0.31023885117208755,0.3112834692001343,2326830,0.0,0.0
1998-09-28 00:00:00-04:00,0.3112835159854966,0.3112835159854966,0.3086720751371254,0.31023889780044556,1749248,0.0,0.0
1998-09-29 00:00:00-04:00,0.3091943988567624,0.3091943988567624,0.30397148626580384,0.3065829575061798,2266072,0.0,0.0
1998-09-30 00:00:00-04:00,0.30553831613504345,0.3154617846012115,0.30240458138525744,0.31546178460121155,3277965,0.0,0.0
1998-10-01 00:00:00-04:00,0.3102390049946018,0.3102390049946018,0.30136015086596757,0.30553844571113586,1928524,0.0,0.0
1998-10-02 00:00:00-04:00,0.30553832203750925,0.30553832203750925,0.30188229311049997,0.30397140979766846,1357693,0.0,0.0
1998-10-05 00:00:00-04:00,0.3029269809608967,0.3034492753008721,0.2893475074603284,0.2924812436103821,783111,0.0,0.0
1998-10-06 00:00:00-04:00,0.2924810432765129,0.2935256013511987,0.28986957336535324,0.291958749294281,3370229,0.0,0.0
1998-10-07 00:00:00-04:00,0.2909141994755005,0.2909141994755005,0.279946115206699,0.28203529119491577,5422520,0.0,0.0
1998-10-08 00:00:00-04:00,0.2799462934398539,0.2799462934398539,0.25383193563828604,0.2548764944076538,3560005,0.0,0.0
1998-10-09 00:00:00-04:00,0.25487648417839903,0.2757679875150691,0.25487648417839903,0.2663668394088745,4355868,0.0,0.0
1998-10-12 00:00:00-04:00,0.26845595686376506,0.27367887006017855,0.2653222209018357,0.2663668394088745,3202955,0.0,0.0
1998-10-13 00:00:00-04:00,0.26636677946329373,0.26636677946329373,0.25069813306965705,0.2627107799053192,9797891,0.0,0.0
1998-10-14 00:00:00-04:00,0.2627107547565387,0.2647998715412886,0.2611438723332956,0.2642775774002075,4560648,0.0,0.0
1998-10-15 00:00:00-04:00,0.26479980510360646,0.2684558033943176,0.26427751109356784,0.2684558033943176,2883409,0.0,0.0
1998-10-16 00:00:00-04:00,0.26845591822833953,0.2778571247611323,0.26845591822833953,0.2742011249065399,3381480,0.0,0.0
1998-10-19 00:00:00-04:00,0.2742011249065399,0.2762902420607706,0.2721119479727243,0.2742011249065399,1870016,0.0,0.0
1998-10-20 00:00:00-04:00,0.2757679521902274,0.2809908647176053,0.2752456878383032,0.27942395210266113,1395948,0.0,0.0
1998-10-21 00:00:00-04:00,0.2799461956534757,0.28412454883062244,0.2794239015063324,0.2825576364994049,1958528,0.0,0.0
1998-10-22 00:00:00-04:00,0.2825577001241813,0.28464687718318393,0.2825577001241813,0.28412461280822754,698349,0.0,0.0
1998-10-23 00:00:00-04:00,0.28412458321198203,0.2919588768079945,0.28412458321198203,0.2877805829048157,1115408,0.0,0.0
1998-10-26 00:00:00-05:00,0.286735862493515,0.28725821629744286,0.2841244820410223,0.286735862493515,449314,0.0,0.0
1998-10-27 00:00:00-05:00,0.2877806418788491,0.2935257897006083,0.2877806418788491,0.29143667221069336,1232425,0.0,0.0
1998-10-28 00:00:00-05:00,0.29143648520182713,0.2924810432765129,0.28986957336535324,0.291958749294281,1478460,0.0,0.0
1998-10-29 00:00:00-05:00,0.29091415639959534,0.29143645031931303,0.2898695386703854,0.29039183259010315,2735638,0.0,0.0
1998-10-30 00:00:00-05:00,0.28986957336535324,0.291958749294281,0.28986957336535324,0.291958749294281,816116,0.0,0.0
1998-11-02 00:00:00-05:00,0.29143645031931303,0.29143645031931303,0.2898695386703854,0.29039183259010315,504072,0.0,0.0
1998-11-03 00:00:00-05:00,0.2898697084662173,0.2898697084662173,0.28621370866618184,0.2872583270072937,1697491,0.0,0.0
1998-11-04 00:00:00-05:00,0.2930946052074433,0.29521844436779726,0.29150164987074434,0.29309460520744324,1885768,0.074923,0.0
1998-11-05 00:00:00-05:00,0.2952186116918218,0.2952186116918218,0.29203285114566524,0.292563796043396,1764250,0.0,0.0
1998-11-06 00:00:00-05:00,0.29150183665110185,0.292563817684892,0.28513028470088253,0.29097089171409607,985640,0.0,0.0
1998-11-09 00:00:00-05:00,0.2930945965632165,0.2930945965632165,0.29043972172464066,0.29150164127349854,481568,0.0,0.0
1998-11-10 00:00:00-05:00,0.2920328727478862,0.2936257379454964,0.28990897145349165,0.29097089171409607,2854905,0.0,0.0
1998-11-11 00:00:00-05:00,0.29097082668027247,0.29097082668027247,0.28778500583732464,0.288316011428833,1352442,0.0,0.0
1998-11-12 00:00:00-05:00,0.2867231497971283,0.2867231497971283,0.2824754079830266,0.2835373282432556,593334,0.0,0.0
1998-11-13 00:00:00-05:00,0.2835373117107327,0.2867231330788462,0.2824753915124223,0.2840682566165924,1227924,0.0,0.0
1998-11-16 00:00:00-05:00,0.2840681820671138,0.28459915722021806,0.2798204720020294,0.2798204720020294,1123660,0.0,0.0
1998-11-17 00:00:00-05:00,0.28035142183417683,0.2835372424237831,0.2771656012445705,0.2824753224849701,1188169,0.0,0.0
1998-11-18 00:00:00-05:00,0.2824752945191556,0.28884693506755854,0.2814133746854755,0.28619205951690674,1195670,0.0,0.0
1998-11-19 00:00:00-05:00,0.28566100884576945,0.28672292828559875,0.2845990286328014,0.28672292828559875,837869,0.0,0.0
1998-11-20 00:00:00-05:00,0.28672295990820373,0.2973423377971217,0.28672295990820373,0.29521843791007996,1864015,0.0,0.0
1998-11-23 00:00:00-05:00,0.29415652748703675,0.29681137204170227,0.2930946078971147,0.29681137204170227,627089,0.0,0.0
1998-11-24 00:00:00-05:00,0.2957495064188197,0.2973424012876538,0.29415658116340637,0.29415658116340637,2041790,0.0,0.0
1998-11-25 00:00:00-05:00,0.2946875129224932,0.2946875129224932,0.29256367344835643,0.2936255931854248,912880,0.0,0.0
1998-11-27 00:00:00-05:00,0.29415671361073265,0.2946876585483551,0.29309479334889493,0.2946876585483551,107265,0.0,0.0
1998-11-30 00:00:00-05:00,0.2936257379454964,0.2946876582061008,0.2877850701590971,0.29097089171409607,855121,0.0,0.0
1998-12-01 00:00:00-05:00,0.28884692147176616,0.29415658116340637,0.2883159463866284,0.29415658116340637,364552,0.0,0.0
1998-12-02 00:00:00-05:00,0.29415671326909504,0.29415671326909504,0.29097089171409607,0.29097089171409607,870874,0.0,0.0
1998-12-03 00:00:00-05:00,0.2915018319835454,0.2968115547479191,0.2915018319835454,0.29574963450431824,2062043,0.0,0.0
1998-12-04 00:00:00-05:00,0.2973423785994472,0.3015900877966976,0.29468750337633404,0.3005281984806061,2093547,0.0,0.0
1998-12-07 00:00:00-05:00,0.3079617917537689,0.3079617917537689,0.30530694636382916,0.3079617917537689,1143162,0.0,0.0
1998-12-08 00:00:00-05:00,0.3079617011165654,0.31592623494231714,0.307430756504108,0.31274041533470154,2415343,0.0,0.0
1998-12-09 00:00:00-05:00,0.31274049189270003,0.3132714974082946,0.31114759689224314,0.31220951676368713,670595,0.0,0.0
1998-12-10 00:00:00-05:00,0.31380249263052,0.31380249263052,0.31008569687602,0.310616672039032,744856,0.0,0.0
1998-12-11 00:00:00-05:00,0.3100857138633728,0.3108821766515232,0.3084927882870721,0.3100857138633728,886626,0.0,0.0
1998-12-14 00:00:00-05:00,0.30955480773440697,0.3116786479949952,0.3090237717027871,0.3116786479949951,840119,0.0,0.0
1998-12-15 00:00:00-05:00,0.3106167404562589,0.31114768534963444,0.3079618640564294,0.30849283933639526,567081,0.0,0.0
1998-12-16 00:00:00-05:00,0.30796169199659956,0.31008559192982904,0.3058377920633701,0.3063688278198242,1805506,0.0,0.0
1998-12-17 00:00:00-05:00,0.307430868289457,0.31061668905547307,0.30477599232895575,0.3100857138633728,523574,0.0,0.0
1998-12-18 00:00:00-05:00,0.3100856770207991,0.31274049189270003,0.309554732278368,0.31220951676368713,684847,0.0,0.0
1998-12-21 00:00:00-05:00,0.31274042956603654,0.31751917438820504,0.31274042956603654,0.3169882297515869,1452206,0.0,0.0
1998-12-22 00:00:00-05:00,0.31592628703320935,0.3169882675929495,0.3138024474600462,0.3148643672466278,834118,0.0,0.0
1998-12-23 00:00:00-05:00,0.31220952029582666,0.3138024760874687,0.3111476004123688,0.3111476004123688,658594,0.0,0.0
1998-12-24 00:00:00-05:00,0.3111476004123688,0.3143334208359066,0.3106166556639309,0.3111476004123688,761358,0.0,0.0
1998-12-28 00:00:00-05:00,0.3111476640838976,0.31433348515936416,0.3111476640838976,0.3138025403022766,3860048,0.0,0.0
1998-12-29 00:00:00-05:00,0.3159263040298273,0.3159263040298273,0.31380246434240305,0.31433340907096863,3889302,0.0,0.0
1998-12-30 00:00:00-05:00,0.31486427471646705,0.31645719950809054,0.3143332997859259,0.315926194190979,1278932,0.0,0.0
1998-12-31 00:00:00-05:00,0.315926194190979,0.31645719950809054,0.31486427471646705,0.315926194190979,508572,0.0,0.0
1999-01-04 00:00:00-05:00,0.31433341545253773,0.3207050561904908,0.31274049007475874,0.3207050561904907,1936025,0.0,0.0
1999-01-05 00:00:00-05:00,0.32070504273189493,0.3217669625526019,0.31858114231732043,0.32017409801483154,2362085,0.0,0.0
1999-01-06 00:00:00-05:00,0.32017407829979855,0.3217669427394867,0.317519202945057,0.3217669427394867,1488961,0.0,0.0
1999-01-07 00:00:00-05:00,0.32176696952327727,0.32176696952327727,0.3132714892272565,0.31433340907096863,1426703,0.0,0.0
1999-01-08 00:00:00-05:00,0.3148643252791009,0.31592624492414173,0.30902363049178794,0.30955466628074646,762858,0.0,0.0
1999-01-11 00:00:00-05:00,0.3090236207280544,0.3132714207203075,0.3090236207280544,0.31274041533470154,542327,0.0,0.0
1999-01-12 00:00:00-05:00,0.31061663398322026,0.31167855379255727,0.3090236783027649,0.3090236783027649,1132661,0.0,0.0
1999-01-13 00:00:00-05:00,0.3068998881968104,0.30796180817746893,0.3037140674816652,0.30743086338043213,514573,0.0,0.0
1999-01-14 00:00:00-05:00,0.3079617108467471,0.3100856109099792,0.30689979120170635,0.30955466628074646,196528,0.0,0.0
1999-01-15 00:00:00-05:00,0.30902371616341245,0.3111476168154602,0.3079617962239722,0.310616672039032,358551,0.0,0.0
1999-01-19 00:00:00-05:00,0.31167857554738876,0.31167857554738876,0.30796177998883095,0.3111476004123688,755357,0.0,0.0
1999-01-20 00:00:00-05:00,0.311147633860988,0.3122095538586031,0.3100857138633728,0.3100857138633728,703600,0.0,0.0
1999-01-21 00:00:00-05:00,0.3090237116777949,0.310616667530292,0.30689987182974293,0.3079617917537689,775610,0.0,0.0
1999-01-22 00:00:00-05:00,0.30796175051273406,0.32282887055081705,0.30796175051273406,0.3196430504322052,6861974,0.0,0.0
1999-01-25 00:00:00-05:00,0.31858120279589647,0.3244218692715918,0.31645736275129854,0.32389092445373535,2468600,0.0,0.0
1999-01-26 00:00:00-05:00,0.3233597880421221,0.32760758835831566,0.32176692369670273,0.32707664370536804,1603728,0.0,0.0
1999-01-27 00:00:00-05:00,0.3281387036305323,0.3281387036305323,0.3180502951145172,0.3180502951145172,3337224,0.0,0.0
1999-01-28 00:00:00-05:00,0.31911207534800673,0.31964305043220526,0.3159262856159741,0.3196430504322052,651843,0.0,0.0
1999-01-29 00:00:00-05:00,0.3196431863380606,0.32282900781121965,0.31539544463157654,0.31539544463157654,2638125,0.0,0.0
1999-02-01 00:00:00-05:00,0.3175192481377905,0.33132445001445854,0.31645732823132844,0.3297314941883087,2833152,0.0,0.0
1999-02-02 00:00:00-05:00,0.33132442848047344,0.34300569862526087,0.33132442848047344,0.33981987833976746,5306253,0.0,0.0
1999-02-03 00:00:00-05:00,0.34197733050355134,0.34952884961697267,0.3398197800730538,0.34791070222854614,3049183,0.083322,0.0
1999-02-04 00:00:00-05:00,0.3468320390870469,0.3592381278501689,0.34521379856902945,0.3586987555027008,3770035,0.0,0.0
1999-02-05 00:00:00-05:00,0.3576201248760848,0.3576201248760848,0.34521393847824106,0.34575334191322327,2422094,0.0,0.0
1999-02-08 00:00:00-05:00,0.3457533350658242,0.3462927076212087,0.34305641055107117,0.34305641055107117,1927024,0.0,0.0
1999-02-09 00:00:00-05:00,0.34413541918198237,0.34521419598773506,0.3408990578957854,0.3419778347015381,2803148,0.0,0.0
1999-02-10 00:00:00-05:00,0.3419776528914372,0.3419776528914372,0.32795331492108554,0.32903215289115906,2970422,0.0,0.0
1999-02-11 00:00:00-05:00,0.3284926330362159,0.3284926330362159,0.32363809449419983,0.3274138569831848,4754925,0.0,0.0
1999-02-12 00:00:00-05:00,0.3252563526890567,0.32741387403858974,0.32363811135292053,0.32363811135292053,2218815,0.0,0.0
1999-02-16 00:00:00-05:00,0.325795690416314,0.32687446641000245,0.32417744925349234,0.3252563178539276,1771001,0.0,0.0
1999-02-17 00:00:00-05:00,0.3252563178539276,0.325795690416314,0.3252563178539276,0.3252563178539276,1237676,0.0,0.0
1999-02-18 00:00:00-05:00,0.32525631620243123,0.3268744647502899,0.3247168510360371,0.3268744647502899,1373445,0.0,0.0
1999-02-19 00:00:00-05:00,0.326335072517395,0.32741384854261585,0.3257956999392429,0.326335072517395,917380,0.0,0.0
1999-02-22 00:00:00-05:00,0.32633499597044363,0.3301107883453369,0.3257956235188097,0.3301107883453369,1389947,0.0,0.0
1999-02-23 00:00:00-05:00,0.33011084998321377,0.3387411812477127,0.33011084998321377,0.33442601561546326,1830260,0.0,0.0
1999-02-24 00:00:00-05:00,0.33334723964185836,0.336583629300503,0.3322684636682535,0.33442601561546326,363052,0.0,0.0
1999-02-25 00:00:00-05:00,0.3355047142540688,0.3355047142540688,0.3311895496164798,0.3322683870792389,1431203,0.0,0.0
1999-02-26 00:00:00-05:00,0.3306500411102048,0.3376622200012207,0.3306500411102048,0.3376622200012207,596335,0.0,0.0
1999-03-01 00:00:00-05:00,0.33550471299138,0.3360441471551833,0.331728920796019,0.3338865339756012,1228674,0.0,0.0
1999-03-02 00:00:00-05:00,0.33280783622059845,0.33442601561546326,0.3322684636682535,0.33442601561546326,614337,0.0,0.0
1999-03-03 00:00:00-05:00,0.3322683870792389,0.3338865352321999,0.3311895496164798,0.3322683870792389,1261679,0.0,0.0
1999-03-04 00:00:00-05:00,0.331189639002204,0.33280784932972424,0.32525632461029463,0.3279532492160797,1247427,0.0,0.0
1999-03-05 00:00:00-05:00,0.3279532775276622,0.329032115374726,0.32363811135292053,0.32363811135292053,1252678,0.0,0.0
1999-03-08 00:00:00-05:00,0.32471685268479433,0.325795690416314,0.32040168697220933,0.3252563178539276,1316437,0.0,0.0
1999-03-09 00:00:00-05:00,0.3252564267508195,0.3257957994937897,0.3225594086913391,0.3257957994937897,1345691,0.0,0.0
1999-03-10 00:00:00-05:00,0.3247168874621465,0.32579572530921025,0.32363811135292053,0.32363811135292053,735104,0.0,0.0
1999-03-11 00:00:00-05:00,0.3236381483914532,0.3236381483914532,0.32040175795555115,0.32040175795555115,4284608,0.0,0.0
1999-03-12 00:00:00-05:00,0.3193229590032404,0.3204017351591719,0.313928954747902,0.317165344953537,4851689,0.0,0.0
1999-03-15 00:00:00-05:00,0.3160863500218228,0.31824396257815785,0.3139287374654878,0.31770452857017517,1266180,0.0,0.0
1999-03-16 00:00:00-05:00,0.3177047961346122,0.3177047961346122,0.31177144921444494,0.3133896291255951,1606728,0.0,0.0
1999-03-17 00:00:00-05:00,0.31285009795499835,0.3139288738328758,0.3117713220771209,0.31231072545051575,450064,0.0,0.0
1999-03-18 00:00:00-05:00,0.31285009795499835,0.3144683389440953,0.3117713220771209,0.31231072545051575,801114,0.0,0.0
1999-03-19 00:00:00-05:00,0.3123108261719426,0.31285019885037496,0.3106925846609566,0.311771422624588,805614,0.0,0.0
1999-03-22 00:00:00-05:00,0.3112318515777588,0.3117712239124139,0.30853483555997047,0.3112318515777588,1177667,0.0,0.0
1999-03-23 00:00:00-05:00,0.31123197516359086,0.31123197516359086,0.3020622096686335,0.303680419921875,1231675,0.0,0.0
1999-03-24 00:00:00-05:00,0.30421976126943884,0.3052985370159149,0.3020621480386696,0.3052985370159149,1119159,0.0,0.0
1999-03-25 00:00:00-05:00,0.3031408786773682,0.30583786394560614,0.3031408786773682,0.30314087867736816,2529359,0.0,0.0
1999-03-26 00:00:00-05:00,0.3020622096686335,0.30421982333962216,0.3020622096686335,0.303680419921875,567831,0.0,0.0
1999-03-29 00:00:00-05:00,0.3031408898752356,0.3117712492261787,0.30206211424943336,0.3085348606109619,1007393,0.0,0.0
1999-03-30 00:00:00-05:00,0.3079956595309505,0.31392897507616185,0.3069168215673191,0.311771422624588,1132661,0.0,0.0
1999-03-31 00:00:00-05:00,0.31177131203794783,0.31285008788108826,0.30961369861384436,0.31285008788108826,1179918,0.0,0.0
1999-04-01 00:00:00-05:00,0.31285019168428335,0.3155472093592789,0.3112320428171292,0.3150078058242798,2479852,0.0,0.0
1999-04-05 00:00:00-04:00,0.31500781303979325,0.31500781303979325,0.3106925846609566,0.311771422624588,434312,0.0,0.0
1999-04-06 00:00:00-04:00,0.3074561655521393,0.3096136862835863,0.3063772971452305,0.3074561655521393,1495712,0.0,0.0
1999-04-07 00:00:00-04:00,0.3074561048972718,0.31069240079044175,0.3074561048972718,0.3090742528438568,1097406,0.0,0.0
1999-04-08 00:00:00-04:00,0.30961363623676413,0.30961363623676413,0.3074561158540648,0.3085348606109619,2605120,0.0,0.0
1999-04-09 00:00:00-04:00,0.3079954225689392,0.30853479483239543,0.3047590346437093,0.30583781003952026,2236818,0.0,0.0
1999-04-12 00:00:00-04:00,0.30583787524309874,0.30907426385831555,0.304219727238848,0.3085348606109619,2091297,0.0,0.0
1999-04-13 00:00:00-04:00,0.31285008788108826,0.31662588050435797,0.3106924744569848,0.31285008788108826,1831010,0.0,0.0
1999-04-14 00:00:00-04:00,0.3117713942396257,0.31662596398599224,0.3117713942396257,0.3160865604877472,567831,0.0,0.0
1999-04-15 00:00:00-04:00,0.31662595860173565,0.32363811135292053,0.3160865551126632,0.32363811135292053,1714743,0.0,0.0
1999-04-16 00:00:00-04:00,0.3257955940226777,0.3387410873302301,0.3257955940226777,0.3360441327095032,1678738,0.0,0.0
1999-04-19 00:00:00-04:00,0.3365836442910776,0.34413516904938224,0.3365836442910776,0.3425169587135315,4511891,0.0,0.0
1999-04-20 00:00:00-04:00,0.34305641055107117,0.3452139316415245,0.3419775728335565,0.34305641055107117,1737997,0.0,0.0
1999-04-21 00:00:00-04:00,0.3452139598492129,0.34575336331758766,0.343056438582467,0.34467458724975586,1316437,0.0,0.0
1999-04-22 00:00:00-04:00,0.34467456865381135,0.3452139412241681,0.3414381788870907,0.3441351652145386,2593118,0.0,0.0
1999-04-23 00:00:00-04:00,0.3446745425874162,0.3468321561813354,0.3446745425874162,0.34683215618133545,1473959,0.0,0.0
1999-04-26 00:00:00-04:00,0.3484500744017239,0.34898947744379494,0.345753090060262,0.34791070222854614,747856,0.0,0.0
1999-04-27 00:00:00-04:00,0.3489897990968938,0.35168678592408503,0.3489897990968938,0.3511474132537842,756107,0.0,0.0
1999-04-28 00:00:00-04:00,0.3511473885207412,0.352226164654281,0.34898977451582214,0.3495291471481323,664594,0.0,0.0
1999-04-29 00:00:00-04:00,0.34521397697379197,0.346832218328108,0.34089884161949163,0.3408988416194916,887376,0.0,0.0
1999-04-30 00:00:00-04:00,0.34305641734505965,0.34737155221816995,0.34305641734505965,0.34575334191322327,1197920,0.0,0.0
1999-05-03 00:00:00-04:00,0.3462926953616652,0.3554624915122986,0.3462926953616652,0.3554624915122986,967637,0.0,0.0
1999-05-04 00:00:00-04:00,0.35546251777075183,0.35546251777075183,0.34952911074411797,0.3527655005455017,1379446,0.0,0.0
1999-05-05 00:00:00-04:00,0.35276570750955066,0.3555045425891876,0.35276570750955066,0.3555045425891876,1898520,0.083322,0.0
1999-05-06 00:00:00-04:00,0.35440874099731445,0.3560520783933078,0.3538609618653167,0.35440874099731445,286541,0.0,0.0
1999-05-07 00:00:00-04:00,0.35440899792053937,0.357695643746889,0.35440899792053937,0.3549567461013794,2431095,0.0,0.0
1999-05-10 00:00:00-04:00,0.3560522022138545,0.35824325680732727,0.3549566122206178,0.35824325680732727,1349442,0.0,0.0
1999-05-11 00:00:00-04:00,0.3582431769454332,0.360982072947327,0.35714764989291875,0.36043429374694824,2134803,0.0,0.0
1999-05-12 00:00:00-04:00,0.36098217742512434,0.3653643495999849,0.3593388706966147,0.3637210428714752,989390,0.0,0.0
1999-05-13 00:00:00-04:00,0.36262534785197703,0.3659119917060065,0.36043429374694824,0.36043429374694824,5219991,0.0,0.0
1999-05-14 00:00:00-04:00,0.35714770285418657,0.360434347195591,0.35550436500936045,0.35933881998062134,2983174,0.0,0.0
1999-05-17 00:00:00-04:00,0.36152992543579276,0.3681032150463357,0.3604343980662037,0.3637210428714752,3273465,0.0,0.0
1999-05-18 00:00:00-04:00,0.36262540162553025,0.3631732436036345,0.35933881998062134,0.35933881998062134,438812,0.0,0.0
1999-05-19 00:00:00-04:00,0.35879095757407214,0.3615298222386256,0.3571476513146373,0.35769543051719666,4228350,0.0,0.0
1999-05-20 00:00:00-04:00,0.35879086141021854,0.36262525210394625,0.35879086141021854,0.3620775043964386,1789754,0.0,0.0
1999-05-21 00:00:00-04:00,0.36207750439643865,0.36372084156366613,0.36152972534069616,0.3620775043964386,642091,0.0,0.0
1999-05-24 00:00:00-04:00,0.3626254935255264,0.37412876730983474,0.3626254935255264,0.3724854290485382,1020145,0.0,0.0
1999-05-25 00:00:00-04:00,0.37029429551548276,0.37029429551548276,0.3615298893442093,0.36536431312561035,1238426,0.0,0.0
1999-05-26 00:00:00-04:00,0.3653643495999849,0.3653643495999849,0.3631732948608068,0.3637210428714752,609086,0.0,0.0
1999-05-27 00:00:00-04:00,0.36207760810810347,0.36919864382776446,0.36152982889545787,0.36810311675071716,1071902,0.0,0.0
1999-05-28 00:00:00-04:00,0.36810311675071716,0.36919864382776446,0.36810311675071716,0.36810311675071716,614337,0.0,0.0
1999-06-01 00:00:00-04:00,0.3691985663283009,0.37358073641310474,0.36810303948121853,0.37303295731544495,1242926,0.0,0.0
1999-06-02 00:00:00-04:00,0.3724854359355049,0.3763198292529136,0.37084212899208063,0.3708421289920807,2916414,0.0,0.0
1999-06-03 00:00:00-04:00,0.37138990842264086,0.3724854359355049,0.3702943809097768,0.3708421289920807,1382446,0.0,0.0
1999-06-04 00:00:00-04:00,0.3730331771207147,0.37412876730983474,0.37193764962810605,0.3724854290485382,1650234,0.0,0.0
1999-06-07 00:00:00-04:00,0.37358074078109277,0.3741285512333949,0.3697463184008785,0.3713896870613098,261787,0.0,0.0
1999-06-08 00:00:00-04:00,0.370294374063321,0.37412876730983474,0.370294374063321,0.3724854290485382,468066,0.0,0.0
1999-06-09 00:00:00-04:00,0.37358074078109277,0.37358074078109277,0.3702941602014183,0.3713896870613098,182276,0.0,0.0
1999-06-10 00:00:00-04:00,0.37193748814631755,0.37193748814631755,0.3691986235815282,0.3702942132949829,1055400,0.0,0.0
1999-06-11 00:00:00-04:00,0.3697463714158924,0.37193748814631755,0.3691986235815282,0.3702942132949829,486069,0.0,0.0
1999-06-14 00:00:00-04:00,0.37084197041919476,0.37084197041919476,0.36043429108192426,0.3686508536338806,704350,0.0,0.0
1999-06-15 00:00:00-04:00,0.3670075622224921,0.37467637658119207,0.3670075622224921,0.374676376581192,2758142,0.0,0.0
1999-06-16 00:00:00-04:00,0.37248535888045065,0.38015417527709666,0.37248535888045065,0.3796063959598541,962387,0.0,0.0
1999-06-17 00:00:00-04:00,0.3796063814455514,0.3828930258750915,0.3790586334975019,0.38289302587509155,1671237,0.0,0.0
1999-06-18 00:00:00-04:00,0.3834408389076795,0.3867274522781372,0.3817975322224506,0.3867274522781372,1836261,0.0,0.0
1999-06-21 00:00:00-04:00,0.3861795545559717,0.3861795545559717,0.38124963641166687,0.38124963641166687,1212922,0.0,0.0
1999-06-22 00:00:00-04:00,0.381249716460557,0.38289299150544875,0.3790585994720459,0.3790585994720459,813866,0.0,0.0
1999-06-23 00:00:00-04:00,0.379606380665077,0.379606380665077,0.3746764610532758,0.3763197362422943,3005677,0.0,0.0
1999-06-24 00:00:00-04:00,0.37686750938174807,0.37741525731972453,0.37522420287132263,0.37522420287132263,1578974,0.0,0.0
1999-06-25 00:00:00-04:00,0.3757719035762969,0.37686743057140176,0.3735807868896042,0.374676376581192,1500963,0.0,0.0
1999-06-28 00:00:00-04:00,0.3746763592397036,0.376319633982183,0.37358076959882397,0.3741285800933838,1279682,0.0,0.0
1999-06-29 00:00:00-04:00,0.3730330140473259,0.3768674369658568,0.3730330140473259,0.3757719099521637,737355,0.0,0.0
1999-06-30 00:00:00-04:00,0.3735807868896042,0.37905854725809446,0.37138973289939453,0.374676376581192,2127302,0.0,0.0
1999-07-01 00:00:00-04:00,0.37248536085468886,0.3735808881467306,0.36645981968133434,0.3675554096698761,2128802,0.0,0.0
1999-07-02 00:00:00-04:00,0.3681031889900219,0.3681031889900219,0.36700766169798016,0.3675554096698761,755357,0.0,0.0
1999-07-06 00:00:00-04:00,0.36865093395698295,0.36919871327266374,0.3659120687268286,0.36645981669425964,581333,0.0,0.0
1999-07-07 00:00:00-04:00,0.3670076997154499,0.3670076997154499,0.3659121096134186,0.3659121096134186,206279,0.0,0.0
1999-07-08 00:00:00-04:00,0.3659119917060065,0.36645973955814215,0.36043429374694824,0.36043429374694824,1183668,0.0,0.0
1999-07-09 00:00:00-04:00,0.360434306307508,0.363173202404848,0.35988655843628425,0.3626253604888916,1244427,0.0,0.0
1999-07-12 00:00:00-04:00,0.36262525210394625,0.3631730938561585,0.36152972534069616,0.3620775043964386,225032,0.0,0.0
1999-07-13 00:00:00-04:00,0.3615298867225647,0.3626254139748428,0.36043435947028657,0.3615298867225647,424560,0.0,0.0
1999-07-14 00:00:00-04:00,0.3615299365129454,0.3631733059883117,0.3609821884854942,0.36317330598831177,635340,0.0,0.0
1999-07-15 00:00:00-04:00,0.363173255971604,0.363173255971604,0.3598866115182719,0.3615298867225647,1353192,0.0,0.0
1999-07-16 00:00:00-04:00,0.360434306307508,0.36262536048889155,0.35988655843628425,0.3626253604888916,1232425,0.0,0.0
1999-07-19 00:00:00-04:00,0.360982050752642,0.3620775777377988,0.35879093408584595,0.35879093408584595,914380,0.0,0.0
1999-07-20 00:00:00-04:00,0.35933894194959737,0.3615299971232377,0.3566000759601593,0.3566000759601593,2203063,0.0,0.0
1999-07-21 00:00:00-04:00,0.3576954821357952,0.35988659926223004,0.35714770285418657,0.35933881998062134,999892,0.0,0.0
1999-07-22 00:00:00-04:00,0.36043437409730034,0.36152990139403673,0.35824325680732727,0.35824325680732727,1957778,0.0,0.0
1999-07-23 00:00:00-04:00,0.35879100935076486,0.35988659926223004,0.3576954821357952,0.35933881998062134,1046399,0.0,0.0
1999-07-26 00:00:00-04:00,0.3582432145983799,0.3587909938563326,0.3560521602630615,0.3560521602630615,983390,0.0,0.0
1999-07-27 00:00:00-04:00,0.3560523534926838,0.35824340901708807,0.35495676303395485,0.3555045425891876,490570,0.0,0.0
1999-07-28 00:00:00-04:00,0.3555045425891876,0.3560523534926838,0.3544090148269855,0.3555045425891876,802614,0.0,0.0
1999-07-29 00:00:00-04:00,0.35495653450439996,0.3576954305171967,0.35495653450439996,0.35769543051719666,1578224,0.0,0.0
1999-07-30 00:00:00-04:00,0.35879095757407214,0.35879095757407214,0.35495653450439996,0.35769543051719666,1391448,0.0,0.0
1999-08-02 00:00:00-04:00,0.35824335166626037,0.35824335166626037,0.354956706209283,0.3566000759601593,344299,0.0,0.0
1999-08-03 00:00:00-04:00,0.35605229649262,0.3571478240794402,0.354956706209283,0.3566000759601593,624089,0.0,0.0
1999-08-04 00:00:00-04:00,0.3571561762519474,0.3571561762519474,0.3515930543544648,0.35437464714050293,1841511,0.083322,0.0
1999-08-05 00:00:00-04:00,0.3554872870445252,0.35715619824670913,0.35437466896396963,0.35548728704452515,372803,0.0,0.0
1999-08-06 00:00:00-04:00,0.355487178275391,0.355487178275391,0.352149261380436,0.35381826758384705,1010393,0.0,0.0
1999-08-09 00:00:00-04:00,0.35548746041229745,0.35548746041229745,0.3504806288520663,0.35270586609840393,323296,0.0,0.0
1999-08-10 00:00:00-04:00,0.35270565531945675,0.35270565531945675,0.3482551198118187,0.34936773777008057,460565,0.0,0.0
1999-08-11 00:00:00-04:00,0.350480419402933,0.3515930373611949,0.34853325042341277,0.34936773777008057,328547,0.0,0.0
1999-08-12 00:00:00-04:00,0.3493679138729883,0.3532621264457703,0.3493679138729883,0.35326212644577026,296292,0.0,0.0
1999-08-13 00:00:00-04:00,0.35381846270738326,0.3610505297624683,0.35381846270738326,0.3593815863132477,709601,0.0,0.0
1999-08-16 00:00:00-04:00,0.35993783287680864,0.360494126013638,0.35604358989520535,0.35771259665489197,489069,0.0,0.0
1999-08-17 00:00:00-04:00,0.35882522850704796,0.35993784666061396,0.35826890351161456,0.359937846660614,304543,0.0,0.0
1999-08-18 00:00:00-04:00,0.35882541521281286,0.36216333508491516,0.35882541521281286,0.36216333508491516,242284,0.0,0.0
1999-08-19 00:00:00-04:00,0.36105065267779113,0.362719628532501,0.36049432739288784,0.36216333508491516,677346,0.0,0.0
1999-08-20 00:00:00-04:00,0.36105046481417996,0.3627194398004803,0.35938152166518056,0.359937846660614,1342691,0.0,0.0
1999-08-23 00:00:00-04:00,0.3616067045548131,0.36383194014139014,0.3616067045548131,0.3632756471633911,765859,0.0,0.0
1999-08-24 00:00:00-04:00,0.36327587663844524,0.36383216996784506,0.3604942508048929,0.3610505759716034,995391,0.0,0.0
1999-08-25 00:00:00-04:00,0.3616068661212921,0.3627194844117001,0.36049418415627454,0.3616068661212921,469567,0.0,0.0
1999-08-26 00:00:00-04:00,0.36216325814233497,0.36216325814233497,0.35993795747549306,0.3610505759716034,232533,0.0,0.0
1999-08-27 00:00:00-04:00,0.36105050922013093,0.36383210270210814,0.36049418415627454,0.3616068661212921,108765,0.0,0.0
1999-08-30 00:00:00-04:00,0.36383216996784506,0.36383216996784506,0.36105057597160334,0.3610505759716034,195028,0.0,0.0
1999-08-31 00:00:00-04:00,0.36049430306378505,0.3649449050426483,0.35882539099634186,0.3649449050426483,740355,0.0,0.0
1999-09-01 00:00:00-04:00,0.36383216996784506,0.36383216996784506,0.3604942508048929,0.3610505759716034,2814400,0.0,0.0
1999-09-02 00:00:00-04:00,0.3599379052316561,0.3599379052316561,0.3543747498839576,0.35659998655319214,1192669,0.0,0.0
1999-09-03 00:00:00-04:00,0.35771259367238956,0.35882521177407123,0.3565999118961091,0.3582688868045807,201029,0.0,0.0
1999-09-07 00:00:00-04:00,0.35826893014010147,0.3604941666126251,0.3577126369406222,0.3604941666126251,270038,0.0,0.0
1999-09-08 00:00:00-04:00,0.3604942508048929,0.36105057597160334,0.3588253389793828,0.3610505759716034,282040,0.0,0.0
1999-09-09 00:00:00-04:00,0.36105058921525485,0.36105058921525485,0.3560437262058258,0.3560437262058258,929382,0.0,0.0
1999-09-10 00:00:00-04:00,0.3565999537031486,0.3571562469005584,0.35493101043631303,0.35715624690055847,429811,0.0,0.0
1999-09-13 00:00:00-04:00,0.3560434712268093,0.3565997960155166,0.3527055861691433,0.35381826758384705,258037,0.0,0.0
1999-09-14 00:00:00-04:00,0.3538183369523092,0.3538183369523092,0.3493677377700806,0.34936773777008057,367552,0.0,0.0
1999-09-15 00:00:00-04:00,0.3493679332471251,0.3493679332471251,0.343248451459497,0.3438047766685486,698349,0.0,0.0
1999-09-16 00:00:00-04:00,0.3438046923822346,0.3449173106902579,0.3426920740742113,0.3432483673095703,1050149,0.0,0.0
1999-09-17 00:00:00-04:00,0.3432484642003913,0.34603002667427063,0.34157948851128656,0.34603002667427063,1076403,0.0,0.0
1999-09-20 00:00:00-04:00,0.3449173867702484,0.34547368012831153,0.3432484430214343,0.3449173867702484,163523,0.0,0.0
1999-09-21 00:00:00-04:00,0.3426921580877585,0.3438047766685486,0.3426921580877585,0.3438047766685486,601585,0.0,0.0
1999-09-22 00:00:00-04:00,0.3438047766685486,0.34436107004028704,0.34213576920408073,0.3438047766685486,737355,0.0,0.0
1999-09-23 00:00:00-04:00,0.3426920175552368,0.34380463567975994,0.3415793357561136,0.3426920175552368,292542,0.0,0.0
1999-09-24 00:00:00-04:00,0.341579365762127,0.341579365762127,0.3337909108570886,0.3354599177837372,437312,0.0,0.0
1999-09-27 00:00:00-04:00,0.3371288745221919,0.3393541749404897,0.3349035741038941,0.33768516778945923,654843,0.0,0.0
1999-09-28 00:00:00-04:00,0.33768499197157176,0.33768499197157176,0.3315655463566104,0.3332344889640808,1041898,0.0,0.0
1999-09-29 00:00:00-04:00,0.33434730282448305,0.33935422957169714,0.3326783909167028,0.3382415473461151,605336,0.0,0.0
1999-09-30 00:00:00-04:00,0.3382413784770027,0.34046667814254755,0.33712876048152657,0.3404666781425476,1161165,0.0,0.0
1999-10-01 00:00:00-04:00,0.3404668481226547,0.3426921488991943,0.33712892879515755,0.3382415473461151,971388,0.0,0.0
1999-10-04 00:00:00-04:00,0.33824126160437235,0.33824126160437235,0.33545973349543273,0.3365723192691803,1193419,0.0,0.0
1999-10-05 00:00:00-04:00,0.3360163102442,0.3415794666736123,0.3360163102442,0.3382415473461151,555829,0.0,0.0
1999-10-06 00:00:00-04:00,0.34046667814254755,0.34102297122163744,0.33712876048152657,0.3404666781425476,1914272,0.0,0.0
1999-10-07 00:00:00-04:00,0.33935422957169714,0.33935422957169714,0.33712892879515755,0.3382415473461151,594834,0.0,0.0
1999-10-08 00:00:00-04:00,0.3376852221519802,0.3399105229285198,0.3376852221519802,0.3382415473461151,669845,0.0,0.0
1999-10-11 00:00:00-04:00,0.3382415473461151,0.3399105229285198,0.33712892879515755,0.3382415473461151,267038,0.0,0.0
1999-10-12 00:00:00-04:00,0.3382413784770027,0.34046667814254755,0.3382413784770027,0.3404666781425476,219031,0.0,0.0
1999-10-13 00:00:00-04:00,0.3387975496954742,0.3399102309653275,0.3337907227607711,0.3371286392211914,2620122,0.0,0.0
1999-10-14 00:00:00-04:00,0.33712892879515755,0.33935422957169714,0.3360163102442,0.3382415473461151,184526,0.0,0.0
1999-10-15 00:00:00-04:00,0.33712882452215803,0.3399104177951813,0.33712882452215803,0.3399104177951813,729104,0.0,0.0
1999-10-18 00:00:00-04:00,0.3382413784770027,0.3415792961380237,0.33490346081598166,0.3404666781425476,1140162,0.0,0.0
1999-10-19 00:00:00-04:00,0.3404667737835541,0.3438046923822346,0.3404667737835541,0.3432483673095703,598585,0.0,0.0
1999-10-20 00:00:00-04:00,0.3421356460772652,0.3421356460772652,0.33712881650958404,0.3410230278968811,2558613,0.0,0.0
1999-10-21 00:00:00-04:00,0.3399105229285198,0.3399105229285198,0.3382415473461151,0.3382415473461151,275289,0.0,0.0
1999-10-22 00:00:00-04:00,0.3382415473461151,0.3387978407029378,0.33712892879515755,0.3382415473461151,528075,0.0,0.0
1999-10-25 00:00:00-04:00,0.33824125681647493,0.33824125681647493,0.3371286392211914,0.3371286392211914,687848,0.0,0.0
1999-10-26 00:00:00-04:00,0.3371289369404929,0.3376852303107561,0.33379101753234863,0.33379101753234863,810865,0.0,0.0
1999-10-27 00:00:00-04:00,0.3332348180629397,0.33379111158995856,0.3248900331097933,0.3265589773654938,2177559,0.0,0.0
1999-10-28 00:00:00-04:00,0.3260024868254779,0.32934040548297766,0.3248898684978485,0.3248898684978485,1933024,0.0,0.0
1999-10-29 00:00:00-04:00,0.32711508310930487,0.33601622015434035,0.32711508310930487,0.3349035382270813,1266180,0.0,0.0
1999-11-01 00:00:00-05:00,0.33601626833891896,0.340466805662338,0.33601626833891896,0.33935418725013733,586583,0.0,0.0
1999-11-02 00:00:00-05:00,0.33879789693104506,0.3465864191042323,0.33879789693104506,0.34213581681251526,1128160,0.0,0.0
1999-11-03 00:00:00-05:00,0.3438048245092267,0.3438048245092267,0.34157952336336816,0.34213581681251526,596335,0.0,0.0
1999-11-04 00:00:00-05:00,0.34383237597885485,0.3506185602439397,0.3427013668437103,0.3477909564971924,1940526,0.083322,0.0
1999-11-05 00:00:00-05:00,0.34835638546745124,0.35061840272148304,0.34609430348633974,0.34948739409446716,436562,0.0,0.0
1999-11-08 00:00:00-05:00,0.3477908404743971,0.35061844327785807,0.34722535227724854,0.3483564257621765,680347,0.0,0.0
1999-11-09 00:00:00-05:00,0.35005309861126965,0.3528807028355405,0.34609451742441016,0.35174962878227234,570081,0.0,0.0
1999-11-10 00:00:00-05:00,0.35288048470259453,0.35288048470259453,0.34609430348633974,0.34948739409446716,938383,0.0,0.0
1999-11-11 00:00:00-05:00,0.3500528419964722,0.3534459322146496,0.3500528419964722,0.3506183624267578,782361,0.0,0.0
1999-11-12 00:00:00-05:00,0.35061844327785807,0.35118393147500665,0.34722535227724854,0.3483564257621765,537076,0.0,0.0
1999-11-15 00:00:00-05:00,0.3500527655994448,0.3506182859063088,0.3415700904506012,0.34213557839393616,1076403,0.0,0.0
1999-11-16 00:00:00-05:00,0.3432666847755261,0.3432666847755261,0.3415701880970061,0.3427011966705322,996141,0.0,0.0
1999-11-17 00:00:00-05:00,0.3427012033737495,0.3427012033737495,0.33817710426407743,0.33930811285972595,1719994,0.0,0.0
1999-11-18 00:00:00-05:00,0.33761166351127986,0.33761166351127986,0.3347840607166291,0.33478406071662903,1154414,0.0,0.0
1999-11-19 00:00:00-05:00,0.34157019477810097,0.34157019477810097,0.33704609566842886,0.33930811285972595,763608,0.0,0.0
1999-11-22 00:00:00-05:00,0.3376115234774271,0.3387425317626265,0.3325218405581445,0.33365291357040405,2077045,0.0,0.0
1999-11-23 00:00:00-05:00,0.3325219750404358,0.3342185690632158,0.3274323871533548,0.3325219750404358,1625481,0.0,0.0
1999-11-24 00:00:00-05:00,0.3325218405581445,0.3370460031530624,0.3313908322729451,0.33365291357040405,1413201,0.0,0.0
1999-11-26 00:00:00-05:00,0.33252207539674705,0.3336531492078101,0.33139106631278986,0.3313910663127899,195778,0.0,0.0
1999-11-29 00:00:00-05:00,0.33025995728589846,0.33252197476928336,0.3296944690968238,0.33082547783851624,680347,0.0,0.0
1999-11-30 00:00:00-05:00,0.33195639980270303,0.33704605108222224,0.3296943829106373,0.3364804983139038,1041148,0.0,0.0
1999-12-01 00:00:00-05:00,0.3364807306960005,0.3398737907409668,0.3364807306960005,0.3398737907409668,1526467,0.0,0.0
1999-12-02 00:00:00-05:00,0.3387426541539737,0.3398736304842769,0.33591505151050693,0.3376116454601288,1329189,0.0,0.0
1999-12-03 00:00:00-05:00,0.3387427031993866,0.34157027388870603,0.33704617373121354,0.3387427031993866,881375,0.0,0.0
1999-12-06 00:00:00-05:00,0.3387428143351582,0.3387428143351582,0.33817729353904724,0.33817729353904724,1550470,0.0,0.0
1999-12-07 00:00:00-05:00,0.33761180510649336,0.3387428143351582,0.33704628431038236,0.33817729353904724,836369,0.0,0.0
1999-12-08 00:00:00-05:00,0.33817700981940396,0.33817700981940396,0.33421843229486076,0.335349440574646,999892,0.0,0.0
1999-12-09 00:00:00-05:00,0.3347840656116614,0.3353495861788603,0.33308750391006475,0.3330875039100647,1866265,0.0,0.0
1999-12-10 00:00:00-05:00,0.33478405725275157,0.33478405725275157,0.33139096629782105,0.3325219750404358,1320938,0.0,0.0
1999-12-13 00:00:00-05:00,0.3330875743902679,0.3336531274406799,0.33139104469323527,0.33195656538009644,896377,0.0,0.0
1999-12-14 00:00:00-05:00,0.3313907821792614,0.3325217902934954,0.32856321334838867,0.32856321334838867,1446205,0.0,0.0
1999-12-15 00:00:00-05:00,0.32799782919982845,0.3285633496733494,0.32234275391877326,0.3240392506122589,558079,0.0,0.0
1999-12-16 00:00:00-05:00,0.32177721977712365,0.32290829326718057,0.312729020219193,0.3138600289821625,3094939,0.0,0.0
1999-12-17 00:00:00-05:00,0.3115978664408288,0.3257356473978165,0.30820477700395227,0.3178184926509857,5991101,0.0,0.0
1999-12-20 00:00:00-05:00,0.3200806720246895,0.32403925061225897,0.3195151515511685,0.3240392506122589,1863265,0.0,0.0
1999-12-21 00:00:00-05:00,0.3234737515449524,0.32460476020330137,0.3166876025042362,0.3234737515449524,1239176,0.0,0.0
1999-12-22 00:00:00-05:00,0.3234737562961418,0.3257357736460643,0.32177719473838806,0.32177719473838806,610587,0.0,0.0
1999-12-23 00:00:00-05:00,0.3240392738906083,0.3308254553332886,0.3240392738906083,0.32912886142730713,1087654,0.0,0.0
1999-12-27 00:00:00-05:00,0.32856340409956153,0.3347840656116614,0.32856340409956153,0.3330875039100647,827367,0.0,0.0
1999-12-28 00:00:00-05:00,0.33365297606294314,0.35288044414790015,0.33365297606294314,0.3506183624267578,2261571,0.0,0.0
1999-12-29 00:00:00-05:00,0.3506184469404901,0.35514254674620005,0.3506184469404901,0.3523150086402893,931632,0.0,0.0
1999-12-30 00:00:00-05:00,0.3523150609824178,0.36305975916284866,0.3523150609824178,0.3613632619380951,1198670,0.0,0.0
1999-12-31 00:00:00-05:00,0.36136318308741017,0.3636252651962842,0.35966668623283804,0.3602321743965149,616588,0.0,0.0
2000-01-03 00:00:00-05:00,0.35966685621277644,0.3602323446437053,0.34213587340150153,0.343832403421402,1361443,0.0,0.0
2000-01-04 00:00:00-05:00,0.34383221196939806,0.34383221196939806,0.3376116161480226,0.33930811285972595,1882017,0.0,0.0
2000-01-05 00:00:00-05:00,0.3393081062228773,0.3432666847755261,0.3381770976493512,0.3427011966705322,810865,0.0,0.0
2000-01-06 00:00:00-05:00,0.34213569238293445,0.35061840272148304,0.34213569238293445,0.34948739409446716,532576,0.0,0.0
2000-01-07 00:00:00-05:00,0.34948742765490404,0.35627360952281956,0.34948742765490404,0.35344600677490234,812365,0.0,0.0
2000-01-10 00:00:00-05:00,0.3528805200404227,0.35966670193625294,0.35174944657306023,0.3591011166572571,1831010,0.0,0.0
2000-01-11 00:00:00-05:00,0.35966661168840575,0.35966661168840575,0.3483563329423687,0.35740453004837036,2196312,0.0,0.0
2000-01-12 00:00:00-05:00,0.3585355385048531,0.3585355385048531,0.35627352159188763,0.35740453004837036,417059,0.0,0.0
2000-01-13 00:00:00-05:00,0.35627379554110566,0.3574048048672541,0.35118410793741817,0.35174962878227234,452314,0.0,0.0
2000-01-14 00:00:00-05:00,0.3523151511479236,0.35457716960219643,0.3393083023091771,0.3398737907409668,7830362,0.0,0.0
2000-01-18 00:00:00-05:00,0.3398736967942723,0.34552887082099915,0.338177199604286,0.34552887082099915,713351,0.0,0.0
2000-01-19 00:00:00-05:00,0.3443977494737876,0.35118393147500665,0.3443977494737876,0.3483564257621765,726853,0.0,0.0
2000-01-20 00:00:00-05:00,0.346659775223181,0.3477907837967071,0.342135676202,0.3427011966705322,489820,0.0,0.0
2000-01-21 00:00:00-05:00,0.34270129998940974,0.34552887082099915,0.3393082085187929,0.34552887082099915,1137161,0.0,0.0
2000-01-24 00:00:00-05:00,0.3443977339234031,0.34496331918564493,0.34100474016662613,0.3415702283382416,569331,0.0,0.0
2000-01-25 00:00:00-05:00,0.3421357343845163,0.34383226371508097,0.3364805934645756,0.33704614639282227,2235317,0.0,0.0
2000-01-26 00:00:00-05:00,0.337046162042908,0.337046162042908,0.33139098849683646,0.3342185914516449,1365194,0.0,0.0
2000-01-27 00:00:00-05:00,0.3347840466434349,0.3427012370450146,0.3347840466434349,0.3415702283382416,1698991,0.0,0.0
2000-01-28 00:00:00-05:00,0.342135716509857,0.34496331918564493,0.3381771374908383,0.3415702283382416,2010285,0.0,0.0
2000-01-31 00:00:00-05:00,0.3415701880970061,0.3427011966705322,0.34043911479640343,0.3427011966705322,1086154,0.0,0.0
2000-02-01 00:00:00-05:00,0.34270135638092014,0.3460944484098703,0.3387427759834394,0.3432668447494507,1236176,0.0,0.0
2000-02-02 00:00:00-05:00,0.34338197205972265,0.35144799098441554,0.34338197205972265,0.349143385887146,1071902,0.09332,0.0
2000-02-03 00:00:00-05:00,0.349143385887146,0.3497195041895466,0.3474149980080275,0.349143385887146,854371,0.0,0.0
2000-02-04 00:00:00-05:00,0.34914350036930475,0.3497196188606113,0.33646833303779156,0.3381967544555664,13398402,0.0,0.0
2000-02-07 00:00:00-05:00,0.3381967446749976,0.34050135046128555,0.3370444747537803,0.33877286314964294,975138,0.0,0.0
2000-02-08 00:00:00-05:00,0.3387727893710537,0.3422296643257141,0.3376205197007799,0.3422296643257141,1224174,0.0,0.0
2000-02-09 00:00:00-05:00,0.34453424811363215,0.34511039939878113,0.34222964297303643,0.3445342481136322,479318,0.0,0.0
2000-02-10 00:00:00-05:00,0.3433821065032288,0.34453437653109203,0.3410775005036429,0.3428059220314026,585083,0.0,0.0
2000-02-11 00:00:00-05:00,0.3410774689359309,0.3410774689359309,0.33473986896749236,0.33877286314964294,1357693,0.0,0.0
2000-02-14 00:00:00-05:00,0.3433818725530581,0.345686411038675,0.3387726636941953,0.3410772681236267,1356193,0.0,0.0
2000-02-15 00:00:00-05:00,0.33992518496319346,0.3433820605278015,0.33646830939858535,0.3433820605278015,1627731,0.0,0.0
2000-02-16 00:00:00-05:00,0.3410774612375303,0.35087187074855286,0.3410774612375303,0.350295752286911,1997534,0.0,0.0
2000-02-17 00:00:00-05:00,0.3491434430167342,0.35087183117866516,0.34799117325147283,0.35087183117866516,1029146,0.0,0.0
2000-02-18 00:00:00-05:00,0.3502956393426928,0.3508717576185795,0.34453422578041903,0.34568649530410767,698349,0.0,0.0
2000-02-22 00:00:00-05:00,0.3451105280309885,0.34741513403057445,0.3422297705315061,0.3428059220314026,483819,0.0,0.0
2000-02-23 00:00:00-05:00,0.3439582580031253,0.3456866465589553,0.34165365200353937,0.3428059220314026,402807,0.0,0.0
2000-02-24 00:00:00-05:00,0.3405011499881761,0.342805688473793,0.3405011499881761,0.3410772681236267,387055,0.0,0.0
2000-02-25 00:00:00-05:00,0.3428059220314026,0.3428059220314026,0.3410775005036429,0.3428059220314026,359301,0.0,0.0
2000-02-28 00:00:00-05:00,0.34165352275147626,0.34222964106148984,0.3353158916221547,0.33762049674987793,1110158,0.0,0.0
2000-02-29 00:00:00-05:00,0.33992499888081823,0.342805688473793,0.3370442763159362,0.3410772681236267,896377,0.0,0.0
2000-03-01 00:00:00-05:00,0.33992505073547363,0.34165347134930585,0.338772715373065,0.33992505073547363,850621,0.0,0.0
2000-03-02 00:00:00-05:00,0.3410773361033218,0.34222960557578763,0.3393488824367523,0.3393488824367523,467316,0.0,0.0
2000-03-03 00:00:00-05:00,0.3399252304757796,0.34626276508692205,0.3399252304757796,0.3428059220314026,1834010,0.0,0.0
2000-03-06 00:00:00-05:00,0.34338203541779916,0.34626269340515137,0.3422296996846279,0.34626269340515137,587333,0.0,0.0
2000-03-07 00:00:00-05:00,0.3474149820194289,0.3485672185712022,0.3428057720370131,0.34568649530410767,751607,0.0,0.0
2000-03-08 00:00:00-05:00,0.3439580576487161,0.3456864451977662,0.3422295711839345,0.34511032700538635,874624,0.0,0.0
2000-03-09 00:00:00-05:00,0.3422297337022498,0.3428058851401434,0.34107746379838877,0.34165361523628235,1095906,0.0,0.0
2000-03-10 00:00:00-05:00,0.3416535459765369,0.3422296643257141,0.3358921316813289,0.3422296643257141,674346,0.0,0.0
2000-03-13 00:00:00-05:00,0.3445342418149954,0.3445342418149954,0.3387727620407526,0.34050124883651733,270038,0.0,0.0
2000-03-14 00:00:00-05:00,0.33992499888081823,0.345686411038675,0.3393488148015531,0.3410772681236267,585083,0.0,0.0
2000-03-15 00:00:00-05:00,0.3410773909270192,0.36066630482673645,0.3399251212693412,0.36066630482673645,2563864,0.0,0.0
2000-03-16 00:00:00-05:00,0.360666362651763,0.3658516264005372,0.360666362651763,0.36354708671569824,1755249,0.0,0.0
2000-03-17 00:00:00-05:00,0.3658516711737668,0.36815627708449417,0.3635471312068964,0.36700400710105896,498821,0.0,0.0
2000-03-20 00:00:00-05:00,0.3681561814534207,0.3681561814534207,0.35951404342076115,0.36297091841697693,1613479,0.0,0.0
2000-03-21 00:00:00-05:00,0.36297079785545927,0.36297079785545927,0.35836158876223695,0.36181846261024475,951135,0.0,0.0
2000-03-22 00:00:00-05:00,0.36124227095348477,0.36124227095348477,0.3491432633004519,0.35490474104881287,1393698,0.0,0.0
2000-03-23 00:00:00-05:00,0.3572094944039835,0.3572094944039835,0.3514480791315326,0.3520241975784302,2680881,0.0,0.0
2000-03-24 00:00:00-05:00,0.3537526279163917,0.3537526279163917,0.3491434823917014,0.350295752286911,934633,0.0,0.0
2000-03-27 00:00:00-05:00,0.35260034899725273,0.3537526188629729,0.35029574332196234,0.3520241975784302,967637,0.0,0.0
2000-03-28 00:00:00-05:00,0.3531764149665833,0.35375256629979707,0.3520241452720759,0.35317641496658325,874624,0.0,0.0
2000-03-29 00:00:00-05:00,0.3508716505727213,0.3554808591489343,0.3508716505727213,0.35490474104881287,914380,0.0,0.0
2000-03-30 00:00:00-05:00,0.3543287463780336,0.36066637917535316,0.350295752286911,0.350295752286911,2806148,0.0,0.0
2000-03-31 00:00:00-05:00,0.3491434734562422,0.3520241975784301,0.34799120359052205,0.3520241975784302,843870,0.0,0.0
2000-04-03 00:00:00-04:00,0.35144808812597245,0.35144808812597245,0.34799121249649173,0.350295752286911,2065793,0.0,0.0
2000-04-04 00:00:00-04:00,0.35029567569113124,0.3526002809214765,0.348567254740291,0.3497195243835449,2000534,0.0,0.0
2000-04-05 00:00:00-04:00,0.35029569127243454,0.35375256629979707,0.34914342157792716,0.35317641496658325,1305185,0.0,0.0
2000-04-06 00:00:00-04:00,0.3549048284447664,0.3572093673565593,0.3549048284447664,0.3566332161426544,1096656,0.0,0.0
2000-04-07 00:00:00-04:00,0.3606661933088481,0.36181846261024475,0.35836158876223695,0.36181846261024475,825117,0.0,0.0
2000-04-10 00:00:00-04:00,0.35951410686237273,0.36700397653260586,0.35951410686237273,0.36585164070129395,654843,0.0,0.0
2000-04-11 00:00:00-04:00,0.366427878814385,0.3675801157951355,0.36239478560633753,0.3675801157951355,3334973,0.0,0.0
2000-04-12 00:00:00-04:00,0.36700388566136977,0.36873227357864374,0.36527543180026073,0.3687322735786438,2410842,0.0,0.0
2000-04-13 00:00:00-04:00,0.3687324073664073,0.3739177048872891,0.3687324073664073,0.3721892833709717,1850513,0.0,0.0
2000-04-14 00:00:00-04:00,0.3698845229047735,0.371036858387596,0.3664277472597163,0.3681561350822449,1149163,0.0,0.0
2000-04-17 00:00:00-04:00,0.36700400710105896,0.36988466557368277,0.3618186767738509,0.36700400710105896,949635,0.0,0.0
2000-04-18 00:00:00-04:00,0.36700388566136977,0.36873227357864374,0.36585155011537956,0.3687322735786438,343549,0.0,0.0
2000-04-19 00:00:00-04:00,0.36815615526352496,0.3693084248656801,0.3675800039764886,0.3687322735786438,2329831,0.0,0.0
2000-04-20 00:00:00-04:00,0.36815619228269564,0.36988458037376404,0.3670039225646764,0.36988458037376404,273039,0.0,0.0
2000-04-24 00:00:00-04:00,0.3675801373461722,0.3733415533912068,0.3675801373461722,0.3721892833709717,579832,0.0,0.0
2000-04-25 00:00:00-04:00,0.3727653370986142,0.37334145547166336,0.3670039225646764,0.36988458037376404,1512215,0.0,0.0
2000-04-26 00:00:00-04:00,0.36815603818099324,0.3687321563128925,0.36412304639816284,0.36412304639816284,1023895,0.0,0.0
2000-04-27 00:00:00-04:00,0.3652755320072174,0.3670039863424977,0.3635471106438637,0.3652755320072174,1413951,0.0,0.0
2000-04-28 00:00:00-04:00,0.3664277493953705,0.3664277493953705,0.3623946576117751,0.3664277493953705,1067402,0.0,0.0
2000-05-01 00:00:00-04:00,0.3693084488043979,0.37449377775192255,0.3693084488043979,0.3744937777519226,942134,0.0,0.0
2000-05-02 00:00:00-04:00,0.37679833997883083,0.3958111040341757,0.37679833997883083,0.38486436009407043,2519608,0.0,0.0
2000-05-03 00:00:00-04:00,0.38322356241778205,0.3914271255313278,0.382637619972229,0.382637619972229,1209922,0.09332,0.0
2000-05-04 00:00:00-04:00,0.3814657935295682,0.38322365482426335,0.3773639942166491,0.3820517361164093,655593,0.0,0.0
2000-05-05 00:00:00-04:00,0.3808799058059014,0.3843957298137852,0.3808799058059014,0.381465882062912,546828,0.0,0.0
2000-05-08 00:00:00-04:00,0.3802937296589759,0.38146571519450334,0.3750200127211754,0.3797077536582947,524324,0.0,0.0
2000-05-09 00:00:00-04:00,0.37794997230699867,0.38322365682107884,0.3773639961829324,0.38087981939315796,767359,0.0,0.0
2000-05-10 00:00:00-04:00,0.38087977279419455,0.38146574884656925,0.3756060218569903,0.3773639500141144,705850,0.0,0.0
2000-05-11 00:00:00-04:00,0.3767780917418849,0.3802938482397371,0.3767780917418849,0.37912192940711975,555829,0.0,0.0
2000-05-12 00:00:00-04:00,0.3785358351910974,0.3797077536582947,0.37736391672390013,0.3797077536582947,418559,0.0,0.0
2000-05-15 00:00:00-04:00,0.38205150902553847,0.38205150902553847,0.37619178483259197,0.3785356879234314,318795,0.0,0.0
2000-05-16 00:00:00-04:00,0.3761919311883727,0.3820516576610194,0.3756059887218566,0.3797077536582947,660844,0.0,0.0
2000-05-17 00:00:00-04:00,0.3797076360353844,0.3808796212078633,0.37677785754203796,0.37677785754203796,507822,0.0,0.0
2000-05-18 00:00:00-04:00,0.3767780074959078,0.37912184463707044,0.3732621847158276,0.3773639500141144,790612,0.0,0.0
2000-05-19 00:00:00-04:00,0.37736376991216375,0.3785356879234314,0.3756058425940342,0.3785356879234314,523574,0.0,0.0
2000-05-22 00:00:00-04:00,0.3808797391938221,0.3820516576610194,0.3779498927245813,0.3797077536582947,963137,0.0,0.0
2000-05-23 00:00:00-04:00,0.3785358429698503,0.384395569562912,0.3773639244785706,0.384395569562912,1084654,0.0,0.0
2000-05-24 00:00:00-04:00,0.38322374376558427,0.38322374376558427,0.37853600077785904,0.381465882062912,832618,0.0,0.0
2000-05-25 00:00:00-04:00,0.3867394065454714,0.3867394065454714,0.37794990049129334,0.384395569562912,1974280,0.0,0.0
2000-05-26 00:00:00-04:00,0.38439559557427466,0.38439559557427466,0.3750200458046156,0.3773639500141144,287291,0.0,0.0
2000-05-30 00:00:00-04:00,0.37853605722747824,0.3843957871372433,0.3756062090396881,0.3756062090396881,631590,0.0,0.0
2000-05-31 00:00:00-04:00,0.37619215184989835,0.37619215184989835,0.37150444169729274,0.3756062090396881,756107,0.0,0.0
2000-06-01 00:00:00-04:00,0.3756060678107335,0.38087981939315796,0.3756060678107335,0.38087981939315796,885126,0.0,0.0
2000-06-02 00:00:00-04:00,0.38322356447752653,0.38439554997742353,0.3805867731571197,0.38058677315711975,423810,0.0,0.0
2000-06-05 00:00:00-04:00,0.3785357139005502,0.3820515352439315,0.3773637958088593,0.3794146776199341,732104,0.0,0.0
2000-06-06 00:00:00-04:00,0.38439550705349024,0.38673934365490087,0.38263757930119174,0.385860413312912,822117,0.0,0.0
2000-06-07 00:00:00-04:00,0.3861534778434894,0.3902552430105534,0.38498155931039985,0.38937631249427795,354050,0.0,0.0
2000-06-08 00:00:00-04:00,0.3902551232222154,0.39259902663727014,0.38263753772575737,0.3911340534687042,519824,0.0,0.0
2000-06-09 00:00:00-04:00,0.3925991136480706,0.3937710320811708,0.3914271281466422,0.39172011613845825,607586,0.0,0.0
2000-06-12 00:00:00-04:00,0.3937710256043888,0.3937710256043888,0.3908411792685826,0.3923061192035675,711101,0.0,0.0
2000-06-13 00:00:00-04:00,0.3943570829370787,0.3961150449053926,0.3920131783582245,0.39406412839889526,903128,0.0,0.0
2000-06-14 00:00:00-04:00,0.39787277340435784,0.4008026531495127,0.3937710088294653,0.3975798189640045,1953277,0.0,0.0
2000-06-15 00:00:00-04:00,0.3967010225467478,0.40431864603235385,0.3967010225467478,0.4005098342895508,1752249,0.0,0.0
2000-06-16 00:00:00-04:00,0.40080282028742387,0.40080282028742387,0.3914272682615741,0.3934781849384308,552078,0.0,0.0
2000-06-19 00:00:00-04:00,0.3937709898427537,0.39611489352586005,0.39142708615964733,0.39523589611053467,498071,0.0,0.0
2000-06-20 00:00:00-04:00,0.3967011212102386,0.40666258489084006,0.39611517840222676,0.4063695967197418,1029896,0.0,0.0
2000-06-21 00:00:00-04:00,0.40783451202988763,0.4084204547530189,0.40256072571408813,0.4069554805755615,522074,0.0,0.0
2000-06-22 00:00:00-04:00,0.40783451202988763,0.4107642927139036,0.40607654972377466,0.4069554805755615,1725245,0.0,0.0
2000-06-23 00:00:00-04:00,0.40549042957837,0.40607637204512226,0.40314652557470065,0.4051974415779114,393806,0.0,0.0
2000-06-26 00:00:00-04:00,0.40607623689370664,0.40607623689370664,0.3967007581360622,0.40021657943725586,969138,0.0,0.0
2000-06-27 00:00:00-04:00,0.4008027624691865,0.41017824607421355,0.40021678636032954,0.4090063273906708,1330689,0.0,0.0
2000-06-28 00:00:00-04:00,0.40900634370815586,0.41310810956545413,0.40783442497785893,0.41252216696739197,1892519,0.0,0.0
2000-06-29 00:00:00-04:00,0.412522065238346,0.41896766696673543,0.41135004619455423,0.4183816909790039,931632,0.0,0.0
2000-06-30 00:00:00-04:00,0.41896769534602607,0.4242414460586695,0.40549044792028904,0.40842029452323914,2371837,0.0,0.0
2000-07-03 00:00:00-04:00,0.4095921394178562,0.4136939038041754,0.4095921394178562,0.4131079614162445,370553,0.0,0.0
2000-07-05 00:00:00-04:00,0.4195537193881094,0.4195537193881094,0.41486591100692755,0.4148659110069275,2281824,0.0,0.0
2000-07-06 00:00:00-04:00,0.41486585783880886,0.4213115600027019,0.41076409309928164,0.42072558403015137,4619156,0.0,0.0
2000-07-07 00:00:00-04:00,0.42189747773080716,0.42892912192124816,0.42189747773080716,0.427757203578949,3796289,0.0,0.0
2000-07-10 00:00:00-04:00,0.42541327807998924,0.4312730036285969,0.42306937444688225,0.425999253988266,1536218,0.0,0.0
2000-07-11 00:00:00-04:00,0.425999275764258,0.4318590016123998,0.4248273574219588,0.427757203578949,2551112,0.0,0.0
2000-07-12 00:00:00-04:00,0.4277571817130962,0.43068696065200057,0.42424135979759553,0.425999253988266,1123660,0.0,0.0
2000-07-13 00:00:00-04:00,0.42717126011848455,0.4301011067282318,0.4254133655663029,0.4271712601184845,612837,0.0,0.0
2000-07-14 00:00:00-04:00,0.42658519744873047,0.42717117335849947,0.4254132791633523,0.42658519744873047,560330,0.0,0.0
2000-07-17 00:00:00-04:00,0.42424144704290395,0.4283432457102168,0.42424144704290395,0.4271712601184845,366802,0.0,0.0
2000-07-18 00:00:00-04:00,0.427757269681434,0.427757269681434,0.42658528408970176,0.4271712601184845,1262429,0.0,0.0
2000-07-19 00:00:00-04:00,0.42717117335849947,0.42717117335849947,0.4259992550731213,0.42658519744873047,443313,0.0,0.0
2000-07-20 00:00:00-04:00,0.4265851765030486,0.4318589594320225,0.4265851765030486,0.4312729835510254,1011894,0.0,0.0
2000-07-21 00:00:00-04:00,0.43010114586997256,0.4330309927463532,0.42892922723992216,0.43303099274635315,959386,0.0,0.0
2000-07-24 00:00:00-04:00,0.43185924201945536,0.43830484679147713,0.43185924201945536,0.4365469515323639,958636,0.0,0.0
2000-07-25 00:00:00-04:00,0.4359607883084535,0.44064852898464757,0.43244496603422633,0.43918362259864807,2517357,0.0,0.0
2000-07-26 00:00:00-04:00,0.4394766977229034,0.46291543928551226,0.4394766977229034,0.44973111152648926,8714737,0.0,0.0
2000-07-27 00:00:00-04:00,0.44768006494081697,0.45764148631079765,0.44768006494081697,0.45588359236717224,3345475,0.0,0.0
2000-07-28 00:00:00-04:00,0.45588384002049,0.45588384002049,0.4523680166891561,0.45324698090553284,1272931,0.0,0.0
2000-07-31 00:00:00-04:00,0.45119616339658886,0.45412594372264237,0.45119616339658886,0.45353996753692627,681097,0.0,0.0
2000-08-01 00:00:00-04:00,0.45353997849047867,0.45353997849047867,0.44943821215975455,0.45061013102531433,1521216,0.0,0.0
2000-08-02 00:00:00-04:00,0.4519183348330095,0.4548914842353831,0.4471613094011309,0.44835054874420166,1197920,0.09332,0.0
2000-08-03 00:00:00-04:00,0.4495396901396058,0.4495396901396058,0.4435933595009383,0.4453772008419037,780861,0.0,0.0
2000-08-04 00:00:00-04:00,0.4453772772100129,0.4471612209462238,0.4388364110723042,0.4412148892879486,1304435,0.0,0.0
2000-08-07 00:00:00-04:00,0.4388362832129596,0.4424040675564986,0.43824168084718734,0.4406201243400574,745606,0.0,0.0
2000-08-08 00:00:00-04:00,0.4412147607356108,0.4429986699222708,0.4400255219742852,0.4406201243400574,661594,0.0,0.0
2000-08-09 00:00:00-04:00,0.4406203736544976,0.4406203736544976,0.43526874515577046,0.4382419288158417,846870,0.0,0.0
2000-08-10 00:00:00-04:00,0.43824181267911444,0.4406202568874682,0.43526862980695463,0.43913373351097107,1263179,0.0,0.0
2000-08-11 00:00:00-04:00,0.43764727841676,0.44299890674836373,0.4364579709600714,0.43972843885421753,488319,0.0,0.0
2000-08-14 00:00:00-04:00,0.44180966612916023,0.4489451705515607,0.44062035867576144,0.4432962238788605,255786,0.0,0.0
2000-08-15 00:00:00-04:00,0.44537739475409377,0.4459720995394371,0.44121500573349104,0.4429989159107208,1893269,0.0,0.0
2000-08-16 00:00:00-04:00,0.4435933595009383,0.4453772008419037,0.44299872303409304,0.4453772008419037,817616,0.0,0.0
2000-08-17 00:00:00-04:00,0.44299889514912516,0.4441881345150767,0.44299889514912516,0.4435935318470001,1050149,0.0,0.0
2000-08-18 00:00:00-04:00,0.4424041964553529,0.4435934355631751,0.44062025271914196,0.4412148892879486,607586,0.0,0.0
2000-08-21 00:00:00-04:00,0.44180963150727576,0.4429988708078828,0.4370525381856615,0.43794456124305725,475568,0.0,0.0
2000-08-22 00:00:00-04:00,0.43586325419453315,0.4400256420395927,0.43586325419453315,0.43764716386795044,439562,0.0,0.0
2000-08-23 00:00:00-04:00,0.43586333679332634,0.4382418834752987,0.4352687001228332,0.43526870012283325,1023145,0.0,0.0
2000-08-24 00:00:00-04:00,0.4364578291425875,0.4382417727330671,0.43586322665214533,0.4358632266521454,1660736,0.0,0.0
2000-08-25 00:00:00-04:00,0.43586324119370795,0.43586324119370795,0.42872767077245766,0.42991697788238525,15292421,0.0,0.0
2000-08-28 00:00:00-04:00,0.43170075876042696,0.4328899976436088,0.4281329740513122,0.429322212934494,414059,0.0,0.0
2000-08-29 00:00:00-04:00,0.4281331185417634,0.42932235782630107,0.4186191021760737,0.4204029440879822,765109,0.0,0.0
2000-08-30 00:00:00-04:00,0.4227814872941377,0.42813311507592877,0.4221868506417846,0.4257546365261078,564080,0.0,0.0
2000-08-31 00:00:00-04:00,0.42813302408123,0.428430342344215,0.42664650082588196,0.42664650082588196,1439454,0.0,0.0
2000-09-01 00:00:00-04:00,0.4281331466059375,0.4281331466059375,0.4239707577925165,0.42753854393959045,1096656,0.0,0.0
2000-09-05 00:00:00-04:00,0.4257544439831112,0.42991686463737633,0.42337589844937085,0.42813292145729065,654843,0.0,0.0
2000-09-06 00:00:00-04:00,0.42694390724344505,0.4293223859684299,0.4239707577925165,0.42753854393959045,906879,0.0,0.0
2000-09-07 00:00:00-04:00,0.42634930346705235,0.43170093162903234,0.42634930346705235,0.4311063289642334,3361227,0.0,0.0
2000-09-08 00:00:00-04:00,0.4287275533558208,0.44359329263728564,0.4287275533558208,0.4400255084037781,881375,0.0,0.0
2000-09-11 00:00:00-04:00,0.439431033668316,0.4441880583763123,0.43764719194005813,0.44418805837631226,1008893,0.0,0.0
2000-09-12 00:00:00-04:00,0.4441879086835964,0.4441879086835964,0.4388362832129596,0.4406201243400574,248285,0.0,0.0
2000-09-13 00:00:00-04:00,0.4424041964553529,0.4424041964553529,0.43943101361131975,0.4412148892879486,353300,0.0,0.0
2000-09-14 00:00:00-04:00,0.4412150103865118,0.4412150103865118,0.4370525872922124,0.4382419288158417,1056900,0.0,0.0
2000-09-15 00:00:00-04:00,0.43824190123980317,0.4388365039046021,0.4305116922696362,0.4311063289642334,476318,0.0,0.0
2000-09-18 00:00:00-04:00,0.42872770542817135,0.42991701263423526,0.41653779149055487,0.4165377914905548,841619,0.0,0.0
2000-09-19 00:00:00-04:00,0.41861890947123154,0.4322953421115558,0.41861890947123154,0.42813292145729065,604586,0.0,0.0
2000-09-20 00:00:00-04:00,0.42813308017244583,0.43407941218140794,0.42515993118286133,0.42515993118286133,746356,0.0,0.0
2000-09-21 00:00:00-04:00,0.4299169407607955,0.43170078216739644,0.423375973414611,0.42397060990333557,393806,0.0,0.0
2000-09-22 00:00:00-04:00,0.4239707356046058,0.42813312420019406,0.42337609893957984,0.4263492822647095,546828,0.0,0.0
2000-09-25 00:00:00-04:00,0.41861902626768543,0.4281330409081943,0.41861902626768543,0.42456525564193726,468066,0.0,0.0
2000-09-26 00:00:00-04:00,0.4227814872941377,0.4269438758010183,0.4227814872941377,0.4257546365261078,223532,0.0,0.0
2000-09-27 00:00:00-04:00,0.42753832316844204,0.4334845849699854,0.4233759024746028,0.43259263038635254,476318,0.0,0.0
2000-09-28 00:00:00-04:00,0.4305114457373403,0.43764701392672833,0.42813290032102513,0.43705230951309204,580582,0.0,0.0
2000-09-29 00:00:00-04:00,0.43586338188778473,0.4400257709522837,0.43586338188778473,0.4382419288158417,454565,0.0,0.0
2000-10-02 00:00:00-04:00,0.4376472334539878,0.438241870106341,0.42337608991669506,0.4257546365261078,687098,0.0,0.0
2000-10-03 00:00:00-04:00,0.4281330179969503,0.42932225700220134,0.42575453998644813,0.4269437789916992,460565,0.0,0.0
2000-10-04 00:00:00-04:00,0.4269437789916992,0.4269437789916992,0.4251598694391404,0.4269437789916992,707350,0.0,0.0
2000-10-05 00:00:00-04:00,0.426349304577098,0.4293223859684299,0.426349304577098,0.42753854393959045,1104907,0.0,0.0
2000-10-06 00:00:00-04:00,0.42813312420019406,0.42813312420019406,0.4257546455996835,0.4263492822647095,218281,0.0,0.0
2000-10-09 00:00:00-04:00,0.4269438848999388,0.42753852156496475,0.4257546455996835,0.4263492822647095,206279,0.0,0.0
2000-10-10 00:00:00-04:00,0.42515997490486107,0.42932236350044933,0.4239707356046058,0.4263492822647095,354800,0.0,0.0
2000-10-11 00:00:00-04:00,0.4239706626064679,0.4239706626064679,0.41980824069775774,0.421592116355896,488319,0.0,0.0
2000-10-12 00:00:00-04:00,0.4209976778929239,0.4209976778929239,0.41207826137542725,0.41207826137542725,592584,0.0,0.0
2000-10-13 00:00:00-04:00,0.4162405713275553,0.4162405713275553,0.4120781485993811,0.41445669531822205,1161165,0.0,0.0
2000-10-16 00:00:00-04:00,0.41683517397746817,0.41683517397746817,0.41445669531822205,0.41445669531822205,594834,0.0,0.0
2000-10-17 00:00:00-04:00,0.41207800946972645,0.41386195293634276,0.4085102246258515,0.41148340702056885,2574366,0.0,0.0
2000-10-18 00:00:00-04:00,0.4073210808001952,0.40969955921173096,0.4055371709468526,0.40969955921173096,1167166,0.0,0.0
2000-10-19 00:00:00-04:00,0.41029422719266245,0.41742969581887207,0.41029422719266245,0.41505125164985657,526575,0.0,0.0
2000-10-20 00:00:00-04:00,0.41505116725497354,0.4221867024898529,0.4126726214802298,0.4221867024898529,1301435,0.0,0.0
2000-10-23 00:00:00-04:00,0.4221868010529129,0.42337604018813874,0.41861904961744356,0.42278143763542175,842370,0.0,0.0
2000-10-24 00:00:00-04:00,0.4209974811766631,0.4251599030990511,0.41326730792627486,0.41505125164985657,1382446,0.0,0.0
2000-10-25 00:00:00-04:00,0.4150511683928166,0.41802431658961303,0.4096994403849718,0.41326722502708435,758358,0.0,0.0
2000-10-26 00:00:00-04:00,0.41445661372334297,0.42159211635589594,0.41445661372334297,0.421592116355896,621838,0.0,0.0
2000-10-27 00:00:00-04:00,0.4215921304406122,0.42337604018813874,0.41861904961744356,0.42278143763542175,953385,0.0,0.0
2000-10-30 00:00:00-05:00,0.4209973609550279,0.42218666777438957,0.41564573549125844,0.41861891746520996,453814,0.0,0.0
2000-10-31 00:00:00-05:00,0.4186189839468905,0.4346739649772644,0.41802434745766487,0.4346739649772644,1528717,0.0,0.0
2000-11-01 00:00:00-05:00,0.43177524212775203,0.43177524212775203,0.4221131579479364,0.4251326024532318,1484461,0.09332,0.0
2000-11-02 00:00:00-05:00,0.42573642730712885,0.4275480247662642,0.4239247261701535,0.4257364273071289,849871,0.0,0.0
2000-11-03 00:00:00-05:00,0.4257364567950085,0.4257364567950085,0.4239247555325488,0.4251326024532318,375053,0.0,0.0
2000-11-06 00:00:00-05:00,0.4251326064921459,0.4311713573229774,0.42392475955998793,0.43056750297546387,522824,0.0,0.0
2000-11-07 00:00:00-05:00,0.429963677902511,0.429963677902511,0.42513266960876167,0.4293598234653473,226532,0.0,0.0
2000-11-08 00:00:00-05:00,0.4317753519464343,0.4347947626604108,0.428755975791749,0.43237927556037903,276039,0.0,0.0
2000-11-09 00:00:00-05:00,0.43117151121390374,0.4317754003362361,0.42694435647616696,0.42996376752853394,213780,0.0,0.0
2000-11-10 00:00:00-05:00,0.42996358020319136,0.42996358020319136,0.4251325730071771,0.4257364273071289,380304,0.0,0.0
2000-11-13 00:00:00-05:00,0.4269443154335022,0.42875598262634174,0.42392487011210295,0.4269443154335022,380304,0.0,0.0
2000-11-14 00:00:00-05:00,0.4245286845026992,0.4287558374022941,0.4245286845026992,0.4263402819633484,370553,0.0,0.0
2000-11-15 00:00:00-05:00,0.4269442858242894,0.4341908849745017,0.4251326878756704,0.4275481402873993,1640483,0.0,0.0
2000-11-16 00:00:00-05:00,0.42875595289148716,0.42996369637699633,0.4269442858242894,0.4275481402873993,842370,0.0,0.0
2000-11-17 00:00:00-05:00,0.4263403111367851,0.42664225558731467,0.4239247555325488,0.4251326024532318,1218923,0.0,0.0
2000-11-20 00:00:00-05:00,0.4251326507918438,0.4251326507918438,0.41788605227374387,0.4239248037338257,2446097,0.0,0.0
2000-11-21 00:00:00-05:00,0.4239247139531885,0.4239247139531885,0.4203015191393336,0.42332085967063904,1436454,0.0,0.0
2000-11-22 00:00:00-05:00,0.4221131579479364,0.4251326024532318,0.420301560363324,0.4251326024532318,325546,0.0,0.0
2000-11-24 00:00:00-05:00,0.4251325607554035,0.42634026932050245,0.42271700538808954,0.42332085967063904,91513,0.0,0.0
2000-11-27 00:00:00-05:00,0.4245286841479453,0.42634028160708065,0.42332087187020173,0.4257364273071289,1122159,0.0,0.0
2000-11-28 00:00:00-05:00,0.4257365210243785,0.42634037545725656,0.4239248194885938,0.4245287775993347,951135,0.0,0.0
2000-11-29 00:00:00-05:00,0.4251326904477693,0.4323792550825348,0.42392484327708446,0.4317753314971924,1762750,0.0,0.0
2000-11-30 00:00:00-05:00,0.43177533903591264,0.4541189914749572,0.43177533903591264,0.44445690512657166,3727279,0.0,0.0
2000-12-01 00:00:00-05:00,0.4432490951497274,0.45109954899464766,0.4432490951497274,0.44928795099258423,1650984,0.0,0.0
2000-12-04 00:00:00-05:00,0.4504956675908152,0.4565345230727728,0.4498917785866906,0.4541189670562744,1253428,0.0,0.0
2000-12-05 00:00:00-05:00,0.4541188973309802,0.47525473275584385,0.4541188973309802,0.46680039167404175,3605762,0.0,0.0
2000-12-06 00:00:00-05:00,0.46559277162427426,0.46559277162427426,0.46136561724434705,0.46498891711235046,1292433,0.0,0.0
2000-12-07 00:00:00-05:00,0.46498893125733654,0.467404383937802,0.46378108395957757,0.4643849730491638,1741747,0.0,0.0
2000-12-08 00:00:00-05:00,0.4643849887914826,0.4661966561216556,0.4625733905798984,0.46559280157089233,2202313,0.0,0.0
2000-12-11 00:00:00-05:00,0.4655926484105175,0.4710275449353013,0.4655926484105175,0.46680039167404175,1422202,0.0,0.0
2000-12-12 00:00:00-05:00,0.466800511033027,0.4698199218028133,0.4655927674606876,0.4674043655395508,1605978,0.0,0.0
2000-12-13 00:00:00-05:00,0.4674043655395508,0.46861217823047385,0.4655927674606876,0.4674043655395508,1260929,0.0,0.0
2000-12-14 00:00:00-05:00,0.46740424602616243,0.4686120584082527,0.4637809471170235,0.46680039167404175,712601,0.0,0.0
2000-12-15 00:00:00-05:00,0.46921603279789076,0.46921603279789076,0.4655927332286865,0.46800822019577026,1940526,0.0,0.0
2000-12-18 00:00:00-05:00,0.4680082681126803,0.4758587225169819,0.4680082681126803,0.47404712438583374,1579724,0.0,0.0
2000-12-19 00:00:00-05:00,0.473443265161011,0.4806898654983787,0.4710277086756917,0.4746510088443756,1565472,0.0,0.0
2000-12-20 00:00:00-05:00,0.4734431801199966,0.4734431801199966,0.47042376961499643,0.4728393256664276,2712385,0.0,0.0
2000-12-21 00:00:00-05:00,0.47042372399307747,0.4758586209038523,0.47042372399307747,0.4716314673423767,921131,0.0,0.0
2000-12-22 00:00:00-05:00,0.471631544641511,0.471631544641511,0.45774230377209046,0.4583461582660675,1165666,0.0,0.0
2000-12-26 00:00:00-05:00,0.45895002032410226,0.46378102878821625,0.4583461313063546,0.4631771743297577,393806,0.0,0.0
2000-12-27 00:00:00-05:00,0.4607617042722578,0.47585868835449224,0.4607617042722578,0.4758586883544922,1281932,0.0,0.0
2000-12-28 00:00:00-05:00,0.471027488503166,0.4837089813269028,0.46861200226550825,0.48189738392829895,668345,0.0,0.0
2000-12-29 00:00:00-05:00,0.48068981458795285,0.48250144720077515,0.478274258358468,0.48250144720077515,684097,0.0,0.0
2001-01-02 00:00:00-05:00,0.4843131286305958,0.4843131286305958,0.4776704860931225,0.4788782298564911,1500963,0.0,0.0
2001-01-03 00:00:00-05:00,0.4782742923866531,0.4825014815297156,0.4782742923866531,0.4812937378883362,1705742,0.0,0.0
2001-01-04 00:00:00-05:00,0.48129371269619947,0.48250145627436253,0.47827426735256184,0.4806898236274719,1610479,0.0,0.0
2001-01-05 00:00:00-05:00,0.4794819393565202,0.4794819393565202,0.46076165749475495,0.4625732898712158,1769501,0.0,0.0
2001-01-08 00:00:00-05:00,0.4631772224850625,0.4674043769302039,0.458950068039921,0.4601578116416931,687848,0.0,0.0
2001-01-09 00:00:00-05:00,0.4595538492446008,0.4619694051813561,0.4595538492446008,0.46136555075645447,849871,0.0,0.0
2001-01-10 00:00:00-05:00,0.46136566344533214,0.46136566344533214,0.454722917556047,0.4577423632144928,973638,0.0,0.0
2001-01-11 00:00:00-05:00,0.45774235204582125,0.461365652188254,0.4541190519033885,0.45532679557800293,1697491,0.0,0.0
2001-01-12 00:00:00-05:00,0.45532679557800293,0.45774235204582125,0.4541190519033885,0.45532679557800293,1628481,0.0,0.0
2001-01-16 00:00:00-05:00,0.45532666875065597,0.4577422245456419,0.44928788294104655,0.45170336961746216,1970530,0.0,0.0
2001-01-17 00:00:00-05:00,0.4517034220244274,0.4517034220244274,0.44204133596062184,0.4480801224708557,3247961,0.0,0.0
2001-01-18 00:00:00-05:00,0.4492879350677652,0.4504956785460963,0.44687237899252463,0.4480801224708557,2098798,0.0,0.0
2001-01-19 00:00:00-05:00,0.4474762493126497,0.4504956945137233,0.4462685057915106,0.44928795099258423,2074795,0.0,0.0
2001-01-22 00:00:00-05:00,0.44928792414185437,0.45411896705627447,0.44868403513772975,0.4541189670562744,859622,0.0,0.0
2001-01-23 00:00:00-05:00,0.458950068039921,0.4601578116416931,0.45623256717752514,0.4601578116416931,2208314,0.0,0.0
2001-01-24 00:00:00-05:00,0.4613655763950929,0.46619658485920695,0.4613655763950929,0.4631771743297577,1026146,0.0,0.0
2001-01-25 00:00:00-05:00,0.46317720429078013,0.46498890602050374,0.4613656062389305,0.46378105878829956,513823,0.0,0.0
2001-01-26 00:00:00-05:00,0.4625732309382628,0.46438482852463486,0.4565344455996534,0.4571382999420166,3110692,0.0,0.0
2001-01-29 00:00:00-05:00,0.4526696812347802,0.45547167938074157,0.4481284868001152,0.44928795099258423,1984782,0.0,0.0
2001-01-30 00:00:00-05:00,0.44928811974087673,0.4531529211956782,0.4468725626727579,0.4524765610694885,2432595,0.0,0.0
2001-01-31 00:00:00-05:00,0.4578805149956755,0.45797877944976406,0.4511007245440739,0.45296764373779297,1719994,0.103985,0.0
2001-02-01 00:00:00-05:00,0.45542427771105704,0.45542427771105704,0.4510026568498361,0.45395034551620483,1171666,0.0,0.0
2001-02-02 00:00:00-05:00,0.4539500762271391,0.4554240075476362,0.4521814921921985,0.4544413983821869,769609,0.0,0.0
2001-02-05 00:00:00-05:00,0.4527713247432216,0.458372014196926,0.45247653126716614,0.45247653126716614,537826,0.0,0.0
2001-02-06 00:00:00-05:00,0.4500199876573668,0.4510025268331282,0.43233361474517856,0.44274887442588806,12457769,0.0,0.0
2001-02-07 00:00:00-05:00,0.4382289434629311,0.44314188482837275,0.4342003821515697,0.434495210647583,4019821,0.0,0.0
2001-02-08 00:00:00-05:00,0.43380745432117424,0.43528131584678487,0.4303684440947495,0.4311544895172119,3572757,0.0,0.0
2001-02-09 00:00:00-05:00,0.43135096439681714,0.43184228669514685,0.4174966596343019,0.42349040508270264,6765211,0.0,0.0
2001-02-12 00:00:00-05:00,0.4234904092971012,0.4243747191535819,0.41179774680759357,0.41897052526474,4435380,0.0,0.0
2001-02-13 00:00:00-05:00,0.41897039988112605,0.4234902825608398,0.4175948032777524,0.41906866431236267,4594402,0.0,0.0
2001-02-14 00:00:00-05:00,0.4195601076778038,0.42201657879556614,0.4190688204831832,0.4218200147151947,1497963,0.0,0.0
2001-02-15 00:00:00-05:00,0.42103393505785947,0.42231130274689826,0.4190687864390212,0.4200513958930969,2246569,0.0,0.0
2001-02-16 00:00:00-05:00,0.42103385871337246,0.4293857388290201,0.42103385871337246,0.4279118776321411,3108441,0.0,0.0
2001-02-20 00:00:00-05:00,0.43479001639724785,0.43479001639724785,0.42653639844861274,0.4284033179283142,2189561,0.0,0.0
2001-02-21 00:00:00-05:00,0.4274207211460423,0.4275189504573032,0.4205425958231226,0.4244729280471802,1981781,0.0,0.0
2001-02-22 00:00:00-05:00,0.42840334551635395,0.42840334551635395,0.413762922722001,0.41494202613830566,2674130,0.0,0.0
2001-02-23 00:00:00-05:00,0.41504024440460074,0.4269294724368387,0.41504024440460074,0.4225078523159027,4104583,0.0,0.0
2001-02-26 00:00:00-05:00,0.4226059545108254,0.4248659312725067,0.4190687157096481,0.4248659312725067,3588509,0.0,0.0
2001-02-27 00:00:00-05:00,0.4249644139874084,0.4269295632839203,0.4233922875212652,0.4269295632839203,2009535,0.0,0.0
2001-02-28 00:00:00-05:00,0.4323335587978363,0.4333160978464495,0.42801016908709316,0.4323335587978363,3591510,0.0,0.0
2001-03-01 00:00:00-05:00,0.44215926693297014,0.44215926693297014,0.4324317894189342,0.43822893500328064,1880517,0.0,0.0
2001-03-02 00:00:00-05:00,0.44510716822984564,0.4510026509190577,0.44382987046439415,0.44500890374183655,3041682,0.0,0.0
2001-03-05 00:00:00-05:00,0.44461579556606234,0.44471406002743685,0.4381307628512299,0.4392116367816925,2541361,0.0,0.0
2001-03-06 00:00:00-05:00,0.4421595060554887,0.4421595060554887,0.4363623573360094,0.4387204945087433,2092047,0.0,0.0
2001-03-07 00:00:00-05:00,0.4387202559094104,0.4387202559094104,0.4313509143152658,0.4323335587978363,3169200,0.0,0.0
2001-03-08 00:00:00-05:00,0.43429876093120257,0.43429876093120257,0.42250779886351447,0.4257503151893616,9715379,0.0,0.0
2001-03-09 00:00:00-05:00,0.4258485662190948,0.4258485662190948,0.4229991075896254,0.4230973720550537,2285575,0.0,0.0
2001-03-12 00:00:00-05:00,0.42309743077988465,0.42408004042589287,0.42250787905014514,0.42319566011428833,969888,0.0,0.0
2001-03-13 00:00:00-05:00,0.4231955488092661,0.4244729164118507,0.42103390656164114,0.42290082573890686,2344833,0.0,0.0
2001-03-14 00:00:00-05:00,0.4229009506873777,0.423981719413528,0.42083753713867394,0.4212305247783661,981889,0.0,0.0
2001-03-15 00:00:00-05:00,0.42054261275849325,0.4215252573572256,0.418086212129602,0.4200513958930969,2449848,0.0,0.0
2001-03-16 00:00:00-05:00,0.4201496811658312,0.422016600718098,0.41838102608652494,0.41916707158088684,600835,0.0,0.0
2001-03-19 00:00:00-05:00,0.4191670259605274,0.4200514061209203,0.38566119901991414,0.40285632014274597,16205301,0.0,0.0
2001-03-20 00:00:00-05:00,0.40089119588427413,0.41012735300645947,0.40089119588427413,0.4058040678501129,3823293,0.0,0.0
2001-03-21 00:00:00-05:00,0.4102256489078344,0.4102256489078344,0.4028563755390727,0.40531277656555176,1828010,0.0,0.0
2001-03-22 00:00:00-05:00,0.4054109852937139,0.4058040431427774,0.3979433781867119,0.40285632014274597,1854263,0.0,0.0
2001-03-23 00:00:00-05:00,0.40275800233650877,0.4097343219616018,0.40275800233650877,0.40776917338371277,4029572,0.0,0.0
2001-03-26 00:00:00-05:00,0.4077689760353907,0.4200511838476217,0.4077689760353907,0.41729995608329773,2062793,0.0,0.0
2001-03-27 00:00:00-05:00,0.41739839230267145,0.418086173168377,0.4112081536434019,0.41749662160873413,1646484,0.0,0.0
2001-03-28 00:00:00-05:00,0.4171034811215693,0.41955995132389945,0.413173255318568,0.41906866431236267,2620122,0.0,0.0
2001-03-29 00:00:00-05:00,0.4166122656892765,0.42093554923061044,0.41464708249239834,0.42064082622528076,1760500,0.0,0.0
2001-03-30 00:00:00-05:00,0.4208374904317498,0.43675521016120916,0.41975661639156714,0.4367552101612091,1583475,0.0,0.0
2001-04-02 00:00:00-04:00,0.43233355995355144,0.43233355995355144,0.42014957666411307,0.43184223771095276,2350834,0.0,0.0
2001-04-03 00:00:00-04:00,0.4318422929461729,0.4318422929461729,0.42545555985597183,0.4267329275608063,2506856,0.0,0.0
2001-04-04 00:00:00-04:00,0.42692938630188415,0.4293857867595633,0.42250776707303,0.4229990541934967,2491104,0.0,0.0
2001-04-05 00:00:00-04:00,0.42250783637110634,0.4318423283356338,0.42250783637110634,0.4284033179283142,1900020,0.0,0.0
2001-04-06 00:00:00-04:00,0.4284032902165694,0.42889457738583564,0.4240799701559584,0.42781373858451843,1266180,0.0,0.0
2001-04-09 00:00:00-04:00,0.4244729239597981,0.42643807248057625,0.42417820088419816,0.42565202713012695,1089905,0.0,0.0
2001-04-10 00:00:00-04:00,0.4254554805193805,0.4304666156538669,0.4239815490225629,0.4288944900035858,1912772,0.0,0.0
2001-04-11 00:00:00-04:00,0.428894621315183,0.428894621315183,0.4195601289983862,0.4225078523159027,2278824,0.0,0.0
2001-04-12 00:00:00-04:00,0.42250790082728185,0.42545565962791443,0.421525361419958,0.42545565962791443,540077,0.0,0.0
2001-04-16 00:00:00-04:00,0.42398154511083963,0.4303683472404534,0.42152518007694245,0.42496418952941895,823617,0.0,0.0
2001-04-17 00:00:00-04:00,0.424964296567259,0.4265363874543555,0.42349043500211175,0.4264381229877472,2963671,0.0,0.0
2001-04-18 00:00:00-04:00,0.4279119781110707,0.43027021984019126,0.4264381165681111,0.4298771619796753,3313220,0.0,0.0
2001-04-19 00:00:00-04:00,0.4318421980042983,0.4318421980042983,0.4286979116640377,0.42968055605888367,1443205,0.0,0.0
2001-04-20 00:00:00-04:00,0.42987708665203955,0.43125268348882345,0.42820673161617784,0.429484099149704,1527967,0.0,0.0
2001-04-23 00:00:00-04:00,0.4298771619796753,0.4298771619796753,0.42840330043671565,0.4298771619796753,593334,0.0,0.0
2001-04-24 00:00:00-04:00,0.4303684481252825,0.4303684481252825,0.42653638000707994,0.42702770233154297,831868,0.0,0.0
2001-04-25 00:00:00-04:00,0.42840330043671565,0.4298771619796753,0.4264381165681111,0.4298771619796753,1529467,0.0,0.0
2001-04-26 00:00:00-04:00,0.4298770776192983,0.43213694900583044,0.42968058387225927,0.43027013540267944,1990783,0.0,0.0
2001-04-27 00:00:00-04:00,0.43027015304825017,0.44117673380202627,0.4220165015731852,0.4385237693786621,1892519,0.0,0.0
2001-04-30 00:00:00-04:00,0.43852391972121013,0.43950645912285424,0.43675526445105456,0.4380325973033905,1341190,0.0,0.0
2001-05-01 00:00:00-04:00,0.4392116184944123,0.4392116184944123,0.4293858053699027,0.43744292855262756,1303685,0.0,0.0
2001-05-02 00:00:00-04:00,0.4425433551040116,0.4425433551040116,0.4359427498736498,0.4367428123950958,1498713,0.103985,0.0
2001-05-03 00:00:00-04:00,0.43674291205795185,0.4388431213702224,0.43254252920479164,0.43764299154281616,1857264,0.0,0.0
2001-05-04 00:00:00-04:00,0.43784289631015844,0.44354345719067884,0.43504264212720967,0.4400431215763092,2773144,0.0,0.0
2001-05-07 00:00:00-04:00,0.44254329379435614,0.44254329379435614,0.4351426270678317,0.4373428523540497,816116,0.0,0.0
2001-05-08 00:00:00-04:00,0.437442782687228,0.4375427994198175,0.43504259573326265,0.4351425766944885,538576,0.0,0.0
2001-05-09 00:00:00-04:00,0.4352427499897024,0.44304348559589124,0.4351427332211356,0.441143274307251,1263929,0.0,0.0
2001-05-10 00:00:00-04:00,0.44114327759651145,0.44114327759651145,0.43624281361396283,0.4392431378364563,816116,0.0,0.0
2001-05-11 00:00:00-04:00,0.4395431080007151,0.441643316858754,0.4395431080007151,0.44084325432777405,641341,0.0,0.0
2001-05-14 00:00:00-04:00,0.4425434611636309,0.4449437566173401,0.4418434152324363,0.4445436894893646,880625,0.0,0.0
2001-05-15 00:00:00-04:00,0.4446438619483177,0.4489443707974178,0.44384379889064957,0.4468441605567932,943634,0.0,0.0
2001-05-16 00:00:00-04:00,0.44684400151306075,0.4500442526046781,0.4445437226696549,0.44894421100616455,516073,0.0,0.0
2001-05-17 00:00:00-04:00,0.44954403763924744,0.4525443613529205,0.4493440399059163,0.45254436135292053,631590,0.0,0.0
2001-05-18 00:00:00-04:00,0.452544510634258,0.45564478058022995,0.4517444478942747,0.4555447995662689,891877,0.0,0.0
2001-05-21 00:00:00-04:00,0.45454486371217023,0.4563449874852293,0.451544502414372,0.4556449055671692,369052,0.0,0.0
2001-05-22 00:00:00-04:00,0.4560448835661989,0.460045304894691,0.4555448353715605,0.45854508876800537,1446955,0.0,0.0
2001-05-23 00:00:00-04:00,0.45804499332849863,0.4618453085422516,0.45754490949216486,0.4618453085422516,1296184,0.0,0.0
2001-05-24 00:00:00-04:00,0.45934498877344193,0.4605450823655011,0.45814485941001576,0.45954498648643494,2524858,0.0,0.0
2001-05-25 00:00:00-04:00,0.4595450515728919,0.45994504705553024,0.45054418738648283,0.45984506607055664,817616,0.0,0.0
2001-05-29 00:00:00-04:00,0.459945111571618,0.459945111571618,0.4565447917785114,0.4570448398590088,709601,0.0,0.0
2001-05-30 00:00:00-04:00,0.45204449734464053,0.45804511144286586,0.45204449734464053,0.4528445601463318,555079,0.0,0.0
2001-05-31 00:00:00-04:00,0.45304452290652075,0.4600452686222519,0.4529445061212019,0.4587451219558716,677346,0.0,0.0
2001-06-01 00:00:00-04:00,0.459045172734029,0.459045172734029,0.45304455862698345,0.45854508876800537,766609,0.0,0.0
2001-06-04 00:00:00-04:00,0.45854489429440803,0.4621453184658749,0.45704475034671943,0.460945188999176,708851,0.0,0.0
2001-06-05 00:00:00-04:00,0.46004534857129853,0.46154549329763706,0.4584451512708711,0.4605453610420227,772610,0.0,0.0
2001-06-06 00:00:00-04:00,0.4605450092508244,0.4612450547922135,0.4590448656703833,0.46064499020576477,618088,0.0,0.0
2001-06-07 00:00:00-04:00,0.4610453091662889,0.4639455811864598,0.46064524204236384,0.46304553747177124,357801,0.0,0.0
2001-06-08 00:00:00-04:00,0.4630456167782125,0.4645457256643334,0.45994523912231144,0.46214553713798523,429811,0.0,0.0
2001-06-11 00:00:00-04:00,0.4622454063057797,0.4699461613260332,0.4622454063057797,0.4680459499359131,535576,0.0,0.0
2001-06-12 00:00:00-04:00,0.46854598865304037,0.4725464088242097,0.46684577520320286,0.47004613280296326,2428845,0.0,0.0
2001-06-13 00:00:00-04:00,0.4685458899046509,0.4725463092327118,0.4685458899046509,0.4725463092327118,648842,0.0,0.0
2001-06-14 00:00:00-04:00,0.47204629132071074,0.4800470237780444,0.46854595522065184,0.47604671120643616,792863,0.0,0.0
2001-06-15 00:00:00-04:00,0.4755465342969047,0.4755465342969047,0.4700460072168096,0.4745464026927948,1379446,0.0,0.0
2001-06-18 00:00:00-04:00,0.4725463092327118,0.4745464294683238,0.46944596905063346,0.4725463092327118,945134,0.0,0.0
2001-06-19 00:00:00-04:00,0.4705461915941201,0.47254641961105154,0.4685459993485644,0.4707461893558502,936883,0.0,0.0
2001-06-20 00:00:00-04:00,0.4730464268214065,0.4770468473434449,0.4700461740297894,0.4770468473434448,2176059,0.0,0.0
2001-06-21 00:00:00-04:00,0.47704698134872003,0.4791471910870534,0.4748467905806373,0.47564685344696045,396056,0.0,0.0
2001-06-22 00:00:00-04:00,0.4800470595058573,0.4800470595058573,0.47624674439430237,0.47624674439430237,766609,0.0,0.0
2001-06-25 00:00:00-04:00,0.4770466787424713,0.4795469540993483,0.4753465372871427,0.478246808052063,417059,0.0,0.0
2001-06-26 00:00:00-04:00,0.4790470951225631,0.48404757663921494,0.4766468353774645,0.48254743218421936,1428953,0.0,0.0
2001-06-27 00:00:00-04:00,0.4815472735654831,0.48204735746096466,0.47624681352994114,0.47754696011543274,1358443,0.0,0.0
2001-06-28 00:00:00-04:00,0.47854701565336255,0.48304748449520735,0.47854701565336255,0.48024722933769226,1589476,0.0,0.0
2001-06-29 00:00:00-04:00,0.4802472260785161,0.4840475416767418,0.4781470168389428,0.48204734921455383,1771752,0.0,0.0
2001-07-02 00:00:00-04:00,0.4820471978947297,0.48754772543907166,0.48164720245351056,0.48754772543907166,756107,0.0,0.0
2001-07-03 00:00:00-04:00,0.4850476847087524,0.4900481659779287,0.4847476343697736,0.489048033952713,354800,0.0,0.0
2001-07-05 00:00:00-04:00,0.4865478226736227,0.48904802750386134,0.4761467931537852,0.48604777455329895,1394448,0.0,0.0
2001-07-06 00:00:00-04:00,0.48054724387790154,0.48754791806386205,0.4775469907124439,0.4865478575229645,1578974,0.0,0.0
2001-07-09 00:00:00-04:00,0.48804780139964027,0.48804780139964027,0.4730462913384208,0.4807470440864563,720852,0.0,0.0
2001-07-10 00:00:00-04:00,0.4807472619572271,0.48234745905003645,0.47754701085714446,0.47904711961746216,982640,0.0,0.0
2001-07-11 00:00:00-04:00,0.4791469956002431,0.4793469933495329,0.47004611429478527,0.4740464985370636,2013286,0.0,0.0
2001-07-12 00:00:00-04:00,0.47404642477469616,0.47684671477138557,0.4723462474277288,0.47554656863212585,945884,0.0,0.0
2001-07-13 00:00:00-04:00,0.47704677146365204,0.47704677146365204,0.47434649787791483,0.47604671120643616,2566864,0.0,0.0
2001-07-16 00:00:00-04:00,0.4770466743557125,0.47824680365426825,0.4760466143020695,0.4771466553211212,1464208,0.0,0.0
2001-07-17 00:00:00-04:00,0.4775468472339154,0.4815471597383803,0.47584663393393134,0.4810471832752228,698349,0.0,0.0
2001-07-18 00:00:00-04:00,0.4810471832752228,0.4828473060165461,0.48004701572067715,0.4810471832752228,1335190,0.0,0.0
2001-07-19 00:00:00-04:00,0.4818475152376445,0.4850478385736631,0.48104745228933576,0.4834476411342621,1335940,0.0,0.0
2001-07-20 00:00:00-04:00,0.4834476744378793,0.48504787198751437,0.4830476787075619,0.48454782366752625,1092155,0.0,0.0
2001-07-23 00:00:00-04:00,0.4855476458009842,0.4855476458009842,0.4825473573562438,0.48444756865501404,1077153,0.0,0.0
2001-07-24 00:00:00-04:00,0.4845476661708067,0.48484764498534294,0.48264745455537866,0.4827474355697632,624089,0.0,0.0
2001-07-25 00:00:00-04:00,0.4840476004016618,0.4840476004016618,0.4770469259346782,0.4795472025871277,1533968,0.0,0.0
2001-07-26 00:00:00-04:00,0.47954712360749896,0.4845476045460695,0.4785469916484068,0.48374754190444946,2902162,0.0,0.0
2001-07-27 00:00:00-04:00,0.4775468988663876,0.4775468988663876,0.46014519776245794,0.4645455777645111,5177985,0.0,0.0
2001-07-30 00:00:00-04:00,0.4650456662379079,0.4666457914286721,0.46104524594686946,0.4618453085422516,2175309,0.0,0.0
2001-07-31 00:00:00-04:00,0.46104527498028147,0.4634454986889531,0.45954513069093944,0.4622454047203064,1460457,0.0,0.0
2001-08-01 00:00:00-04:00,0.4625505553159602,0.46448334819284437,0.4625505553159602,0.4630591869354248,1008893,0.103985,0.0
2001-08-02 00:00:00-04:00,0.465398801335916,0.465398801335916,0.4612280154647517,0.46285560727119446,2458849,0.0,0.0
2001-08-03 00:00:00-04:00,0.4653988892444291,0.4653988892444291,0.4628556946993273,0.4633643627166748,2718386,0.0,0.0
2001-08-06 00:00:00-04:00,0.46336443855304477,0.4653989654137791,0.4623472115080925,0.46377137303352356,1172416,0.0,0.0
2001-08-07 00:00:00-04:00,0.4647885398144501,0.46590757310525915,0.46234715156061473,0.464381605386734,2202313,0.0,0.0
2001-08-08 00:00:00-04:00,0.46794244250020195,0.47302876271860855,0.4659079144128393,0.4728252589702606,1403449,0.0,0.0
2001-08-09 00:00:00-04:00,0.4727235252888052,0.4736391284219047,0.4694683385657239,0.4728252589702606,773360,0.0,0.0
2001-08-10 00:00:00-04:00,0.47404557555515975,0.48045435525350183,0.4715024540567953,0.47811466455459595,2605120,0.0,0.0
2001-08-13 00:00:00-04:00,0.4801494004555854,0.4806580686397873,0.4715026598763092,0.4763854742050171,2620872,0.0,0.0
2001-08-14 00:00:00-04:00,0.4776059371726075,0.4781146050714821,0.4745541844771633,0.47791117429733276,1906771,0.0,0.0
2001-08-15 00:00:00-04:00,0.4791318913226987,0.4791318913226987,0.4750628750940726,0.47811466455459595,1701992,0.0,0.0
2001-08-16 00:00:00-04:00,0.47811487655505874,0.4820822337212252,0.4773010802255699,0.48116663098335266,1836261,0.0,0.0
2001-08-17 00:00:00-04:00,0.48116651205240796,0.48503217101097107,0.48025101869708325,0.48503217101097107,1026896,0.0,0.0
2001-08-20 00:00:00-04:00,0.48503206841095386,0.4877786934375763,0.48208201258798444,0.4877786934375763,587333,0.0,0.0
2001-08-21 00:00:00-04:00,0.4879821999216941,0.4979514020510896,0.4872701010605194,0.4973410367965698,2024537,0.0,0.0
2001-08-22 00:00:00-04:00,0.49540818002562403,0.4981548053263436,0.49327191994566527,0.49642547965049744,762858,0.0,0.0
2001-08-23 00:00:00-04:00,0.49795140470406274,0.5004945993423462,0.49296678542010297,0.5004945993423462,985640,0.0,0.0
2001-08-24 00:00:00-04:00,0.49846004760683055,0.49846004760683055,0.49164436878110973,0.49439099431037903,978139,0.0,0.0
2001-08-27 00:00:00-04:00,0.49439096906006064,0.4973410252722359,0.4918477744942573,0.49723929166793823,1105657,0.0,0.0
2001-08-28 00:00:00-04:00,0.4946961684351092,0.4992738902053147,0.49337377693019435,0.4947979748249054,486069,0.0,0.0
2001-08-29 00:00:00-04:00,0.4898130927540379,0.4931700825691223,0.4898130927540379,0.4931700825691223,741105,0.0,0.0
2001-08-30 00:00:00-04:00,0.4906268217177731,0.49591656611274937,0.48869402979681276,0.49164408445358276,604586,0.0,0.0
2001-08-31 00:00:00-04:00,0.4917461440399087,0.49449277000503733,0.4881857218405136,0.48828741908073425,543827,0.0,0.0
2001-09-04 00:00:00-04:00,0.48828726780083964,0.48828726780083964,0.48574418264571184,0.4866596758365631,870124,0.0,0.0
2001-09-05 00:00:00-04:00,0.48665979091175315,0.48727015623538616,0.48533732664631263,0.48574429750442505,1018645,0.0,0.0
2001-09-06 00:00:00-04:00,0.48676154315991255,0.48686324039656514,0.48137006142986866,0.4815734922885895,676596,0.0,0.0
2001-09-07 00:00:00-04:00,0.48157354816928205,0.48157354816928205,0.47597859854587654,0.47872522473335266,797363,0.0,0.0
2001-09-10 00:00:00-04:00,0.48472703350367424,0.48513396803696923,0.4791320839104839,0.47964075207710266,846120,0.0,0.0
2001-09-17 00:00:00-04:00,0.4760801133625797,0.4760801133625797,0.46489018201828003,0.46489018201828003,474067,0.0,0.0
2001-09-18 00:00:00-04:00,0.4659076230004841,0.47964067900053453,0.4659076230004841,0.47404569387435913,1265430,0.0,0.0
2001-09-19 00:00:00-04:00,0.475571584971155,0.4769957464524264,0.4678403394775932,0.47099393606185913,2303577,0.0,0.0
2001-09-20 00:00:00-04:00,0.47201110077284597,0.4742490581236154,0.46387299465642856,0.4652971923351288,2871408,0.0,0.0
2001-09-21 00:00:00-04:00,0.4582781460600787,0.46183856825794184,0.44251056204097056,0.4511573016643524,1763500,0.0,0.0
2001-09-24 00:00:00-04:00,0.45268317749485815,0.45522637268847527,0.4414932423533648,0.4438329339027405,1571473,0.0,0.0
2001-09-25 00:00:00-04:00,0.44383270031632727,0.45349673508677935,0.4426120429474854,0.45166563987731934,1516715,0.0,0.0
2001-09-26 00:00:00-04:00,0.4521744892678333,0.4568539445530732,0.4501399260899225,0.45268312096595764,1682489,0.0,0.0
2001-09-27 00:00:00-04:00,0.4542089085406268,0.45522620808147535,0.4516657142666131,0.45471757650375366,2279574,0.0,0.0
2001-09-28 00:00:00-04:00,0.45522618175372215,0.46082109239967745,0.45522618175372215,0.46041423082351685,1888768,0.0,0.0
2001-10-01 00:00:00-04:00,0.4587866961956025,0.4613298180705852,0.45675216958728787,0.4587866961956024,4457133,0.0,0.0
2001-10-02 00:00:00-04:00,0.4603126306787818,0.460821225989123,0.4466812357388107,0.45125895738601685,1958528,0.0,0.0
2001-10-03 00:00:00-04:00,0.4501399342405382,0.4502416678590879,0.43203266001361346,0.43538957834243774,3635766,0.0,0.0
2001-10-04 00:00:00-04:00,0.43742405435408516,0.4476984564564657,0.4364068275276218,0.43894991278648376,4955954,0.0,0.0
2001-10-05 00:00:00-04:00,0.43905170327148607,0.43945856487902624,0.43589814376628894,0.43793267011642456,2008785,0.0,0.0
2001-10-08 00:00:00-04:00,0.4379327392351633,0.43854310451361883,0.43233779088924207,0.4364068806171417,2202313,0.0,0.0
2001-10-09 00:00:00-04:00,0.43793268401397184,0.43956031242281335,0.4374240524102968,0.43945857882499695,1641233,0.0,0.0
2001-10-10 00:00:00-04:00,0.4374241075673523,0.4394586342385963,0.4337619522820306,0.4364068806171417,4402375,0.0,0.0
2001-10-11 00:00:00-04:00,0.4364067340411497,0.4409843811285423,0.43488083955021906,0.4382377564907074,2135553,0.0,0.0
2001-10-12 00:00:00-04:00,0.4333550359663035,0.440475878417754,0.4323377363735465,0.43945857882499695,889626,0.0,0.0
2001-10-15 00:00:00-04:00,0.4389498866214161,0.44454487033860335,0.4379326598555879,0.4440362751483917,1413201,0.0,0.0
2001-10-16 00:00:00-04:00,0.44301919256824607,0.44312092621027166,0.43600004427897815,0.4374242424964905,1215923,0.0,0.0
2001-10-17 00:00:00-04:00,0.4375257333205251,0.4389498944806696,0.4364068093278635,0.43650850653648376,1620980,0.0,0.0
2001-10-18 00:00:00-04:00,0.4365085822537323,0.43742411198796216,0.4340671938860606,0.43498268723487854,1152164,0.0,0.0
2001-10-19 00:00:00-04:00,0.43589813634471647,0.43589813634471647,0.43243941250004936,0.4338636100292206,1852013,0.0,0.0
2001-10-22 00:00:00-04:00,0.433355254297452,0.4334569879465234,0.4201307895538022,0.4256240427494049,2784395,0.0,0.0
2001-10-23 00:00:00-04:00,0.4247083066903886,0.42898082752783234,0.42216518457385116,0.42877739667892456,2552612,0.0,0.0
2001-10-24 00:00:00-04:00,0.42776022979622996,0.428777456954594,0.42369113923567897,0.42470836639404297,2366586,0.0,0.0
2001-10-25 00:00:00-04:00,0.42470842381112267,0.42674295117374006,0.42338595919416705,0.4252170920372009,2787396,0.0,0.0
2001-10-26 00:00:00-04:00,0.42470840967936746,0.4267429369742879,0.422368717844378,0.42603087425231934,1160415,0.0,0.0
2001-10-29 00:00:00-05:00,0.4252169634476034,0.426844555737159,0.42216517332656733,0.4265393912792206,1298434,0.0,0.0
2001-10-30 00:00:00-05:00,0.4267426668122754,0.4267426668122754,0.4201304936752376,0.4219615161418915,1786754,0.0,0.0
2001-10-31 00:00:00-05:00,0.4219617818570932,0.4354396864494208,0.4219617818570932,0.4351285994052887,2503855,0.103985,0.0
2001-11-01 00:00:00-05:00,0.4325365618857578,0.4395865797996521,0.43243291569043846,0.4395865797996521,2901412,0.0,0.0
2001-11-02 00:00:00-05:00,0.43958664047445734,0.43958664047445734,0.43543956835959896,0.4357505440711975,855872,0.0,0.0
2001-11-05 00:00:00-05:00,0.4354394903038835,0.43854972893772975,0.4331586436947008,0.4338843524456024,594084,0.0,0.0
2001-11-06 00:00:00-05:00,0.43398813173376904,0.43958665892835724,0.4323293102347327,0.4354395866394043,1420702,0.0,0.0
2001-11-07 00:00:00-05:00,0.4380315625789282,0.4499542528532975,0.4369947665955834,0.44373366236686707,2084546,0.0,0.0
2001-11-08 00:00:00-05:00,0.4438373680708583,0.45047261684434364,0.4436299643991071,0.4503689706325531,1084654,0.0,0.0
2001-11-09 00:00:00-05:00,0.4503688882673916,0.4503688882673916,0.43170715948041266,0.44736218452453613,1879017,0.0,0.0
2001-11-12 00:00:00-05:00,0.4478806429745443,0.4535828528383776,0.4448740501974104,0.452857106924057,1037397,0.0,0.0
2001-11-13 00:00:00-05:00,0.45150927305946853,0.4577298619181806,0.4504725515128542,0.4561747610569,1341190,0.0,0.0
2001-11-14 00:00:00-05:00,0.46032177370406324,0.46135856953389964,0.45565639642477124,0.460632860660553,2002784,0.0,0.0
2001-11-15 00:00:00-05:00,0.4606328837998333,0.46643874049186707,0.45876665862892474,0.46643874049186707,1159665,0.0,0.0
2001-11-16 00:00:00-05:00,0.4638469702191101,0.4660241718828439,0.4604257168893635,0.4628102481365204,794363,0.0,0.0
2001-11-19 00:00:00-05:00,0.4649870632087735,0.4655054794845051,0.45928489208552775,0.4617730677127838,1947276,0.0,0.0
2001-11-20 00:00:00-05:00,0.46395059566963226,0.4644689380634599,0.45876672673860147,0.4611513316631317,1155914,0.0,0.0
2001-11-21 00:00:00-05:00,0.46115127729879474,0.46135860681533813,0.4581446099403008,0.46135860681533813,768109,0.0,0.0
2001-11-23 00:00:00-05:00,0.461358432600574,0.4660238455778719,0.46084005338087425,0.46395036578178406,606086,0.0,0.0
2001-11-26 00:00:00-05:00,0.4639505264665499,0.4663350568699433,0.4639505264665499,0.46498724818229675,1509214,0.0,0.0
2001-11-27 00:00:00-05:00,0.4675791116202401,0.4675791116202401,0.461462205967213,0.46156585216522217,573081,0.0,0.0
2001-11-28 00:00:00-05:00,0.4629136761965561,0.4643651309273358,0.45762623661176727,0.45928502082824707,585083,0.0,0.0
2001-11-29 00:00:00-05:00,0.4588703497270253,0.4613586005535761,0.4588703497270253,0.46125495433807373,1090655,0.0,0.0
2001-11-30 00:00:00-05:00,0.461254960598429,0.46135860681533813,0.4572115714917677,0.46135860681533813,1134911,0.0,0.0
2001-12-03 00:00:00-05:00,0.46084018203020605,0.46135856139461795,0.4575225763476029,0.45772990584373474,970638,0.0,0.0
2001-12-04 00:00:00-05:00,0.4577298532701729,0.46903058886528015,0.456693057577711,0.46903058886528015,1014894,0.0,0.0
2001-12-05 00:00:00-05:00,0.46654237641152224,0.47411077481100633,0.4634321371652892,0.4696526527404785,3263713,0.0,0.0
2001-12-06 00:00:00-05:00,0.4696524538334113,0.4752509785206257,0.46861573257888767,0.4748363196849823,961637,0.0,0.0
2001-12-07 00:00:00-05:00,0.47431790294780646,0.47576935720190183,0.47224438627546805,0.47411057353019714,1065901,0.0,0.0
2001-12-10 00:00:00-05:00,0.4810569332575657,0.4810569332575657,0.4712077640762375,0.47379958629608154,1083154,0.0,0.0
2001-12-11 00:00:00-05:00,0.46965267730242244,0.4722446114614958,0.46789020954014077,0.4694453477859497,2182060,0.0,0.0
2001-12-12 00:00:00-05:00,0.4712077560400047,0.4712077560400047,0.46094374269776245,0.4663349390029907,1301435,0.0,0.0
2001-12-13 00:00:00-05:00,0.46498698054189086,0.4665421178444806,0.4640539426595802,0.4657127261161804,927882,0.0,0.0
2001-12-14 00:00:00-05:00,0.46633491451075176,0.46747531917475643,0.4643650437288251,0.46654224395751953,1524216,0.0,0.0
2001-12-17 00:00:00-05:00,0.4665423129510102,0.47048205509748287,0.4643651124003456,0.46934157609939575,1608228,0.0,0.0
2001-12-18 00:00:00-05:00,0.4701709221130448,0.47172605991363525,0.4686158213951689,0.47172605991363525,1215923,0.0,0.0
2001-12-19 00:00:00-05:00,0.4717261571020131,0.47234821976695396,0.465505641700771,0.46726810932159424,900128,0.0,0.0
2001-12-20 00:00:00-05:00,0.46861596709578096,0.46861596709578096,0.46612775325775146,0.46612775325775146,538576,0.0,0.0
2001-12-21 00:00:00-05:00,0.46623128502829597,0.4737995703020136,0.4613584680726701,0.4708966612815857,1610479,0.0,0.0
2001-12-24 00:00:00-05:00,0.4706893278771435,0.4731775038028734,0.46861581085632154,0.47131139039993286,223532,0.0,0.0
2001-12-26 00:00:00-05:00,0.47068939167172474,0.4732812512163245,0.4701709752635423,0.4716224670410156,783861,0.0,0.0
2001-12-27 00:00:00-05:00,0.47120781060720673,0.47431804949395173,0.47120781060720673,0.47286659479141235,1297684,0.0,0.0
2001-12-28 00:00:00-05:00,0.47379958662939314,0.47587314082178683,0.4705856647755639,0.4745253324508667,1220423,0.0,0.0
2001-12-31 00:00:00-05:00,0.47659874903775423,0.4774281779563141,0.4741105735301971,0.47411057353019714,834118,0.0,0.0
2002-01-02 00:00:00-05:00,0.4737996590218497,0.4737996590218497,0.46757914382508936,0.4702746868133545,1047149,0.0,0.0
2002-01-03 00:00:00-05:00,0.471207743133807,0.4773245738319393,0.471207743133807,0.4767025113105774,2770143,0.0,0.0
2002-01-04 00:00:00-05:00,0.4774282570992852,0.4774282570992852,0.47172604822239567,0.4767025113105774,654093,0.0,0.0
2002-01-07 00:00:00-05:00,0.4741106883230198,0.4788797481579284,0.4727628799100407,0.47753193974494934,1111658,0.0,0.0
2002-01-08 00:00:00-05:00,0.47773927981842695,0.47898333062519866,0.47722090059379774,0.47794660925865173,1256428,0.0,0.0
2002-01-09 00:00:00-05:00,0.4781539913847736,0.479087140840807,0.4763915240764618,0.4763915240764618,746356,0.0,0.0
2002-01-10 00:00:00-05:00,0.47587312042919844,0.47680615858931186,0.4701709115392243,0.47131139039993286,1488211,0.0,0.0
2002-01-11 00:00:00-05:00,0.4713114430230455,0.4713114430230455,0.4649871709041611,0.4667496383190155,1229425,0.0,0.0
2002-01-14 00:00:00-05:00,0.4667495482233381,0.4691341519355774,0.4644687019356668,0.4691341519355774,2029038,0.0,0.0
2002-01-15 00:00:00-05:00,0.4665423619546706,0.46674969145387585,0.4645724906745272,0.4659202992916107,854371,0.0,0.0
2002-01-16 00:00:00-05:00,0.4660241007470023,0.4679939354438922,0.46322491076027916,0.46457260847091675,1611979,0.0,0.0
2002-01-17 00:00:00-05:00,0.4645723180020012,0.4645723180020012,0.46032160131417665,0.46073633432388306,3536752,0.0,0.0
2002-01-18 00:00:00-05:00,0.4605290996577351,0.4619805542422262,0.44580707601715597,0.4549305737018585,7375047,0.0,0.0
2002-01-22 00:00:00-05:00,0.4556563857324514,0.4586629786119863,0.4533755387919551,0.45576003193855286,1653985,0.0,0.0
2002-01-23 00:00:00-05:00,0.4551379562848989,0.45565637271420184,0.453582855327871,0.45410123467445374,839369,0.0,0.0
2002-01-24 00:00:00-05:00,0.45358285006363075,0.45399758320225975,0.44902111928319005,0.45389389991760254,1256428,0.0,0.0
2002-01-25 00:00:00-05:00,0.45306437014047257,0.45306437014047257,0.45026518142608973,0.45202764868736267,1404949,0.0,0.0
2002-01-28 00:00:00-05:00,0.4509909826982397,0.45358284227383966,0.4509909826982397,0.4524424374103546,834869,0.0,0.0
2002-01-29 00:00:00-05:00,0.4525461509590685,0.4551380109203928,0.4525461509590685,0.45461970567703247,2161807,0.0,0.0
2002-01-30 00:00:00-05:00,0.45513790511638585,0.4603216979994291,0.4530643879631685,0.4570041298866272,3037181,0.0,0.0
2002-01-31 00:00:00-05:00,0.45753250062463874,0.46154680903626905,0.45753250062463874,0.46059608459472656,952635,0.109318,0.0
2002-02-01 00:00:00-05:00,0.46144113246421326,0.4627088404436797,0.46080727847448005,0.46196937561035156,702850,0.0,0.0
2002-02-04 00:00:00-05:00,0.4627087601356207,0.46408211650595405,0.46059593906030116,0.46218055486679077,1020145,0.0,0.0
2002-02-05 00:00:00-05:00,0.4621805664356712,0.4632370147854012,0.4590113347433627,0.4594338536262512,1789754,0.0,0.0
2002-02-06 00:00:00-05:00,0.4605960376776556,0.4605960376776556,0.4562647459887607,0.4579549729824066,3161699,0.0,0.0
2002-02-07 00:00:00-05:00,0.45795492763324774,0.45795492763324774,0.4556308090686798,0.4556308090686798,723103,0.0,0.0
2002-02-08 00:00:00-05:00,0.4572153329796758,0.4577435759885416,0.45298976676497926,0.45425739884376526,2194812,0.0,0.0
2002-02-11 00:00:00-05:00,0.45425756117871785,0.45520836114883423,0.45351805848765764,0.45520836114883423,2939667,0.0,0.0
2002-02-12 00:00:00-05:00,0.45679294265107523,0.45848316961245683,0.4538350076830238,0.4543631374835968,7867867,0.0,0.0
2002-02-13 00:00:00-05:00,0.45637034409639715,0.4601734302972005,0.45584210094358657,0.45953965187072754,992391,0.0,0.0
2002-02-14 00:00:00-05:00,0.45953972298157775,0.46175819342414326,0.45784938241664774,0.46122995018959045,1283432,0.0,0.0
2002-02-15 00:00:00-05:00,0.46144125317096596,0.46355407516567365,0.4610187341147956,0.4633428156375885,1201671,0.0,0.0
2002-02-19 00:00:00-05:00,0.4633427153892157,0.46429347752399963,0.46323710454084427,0.4638708829879761,846120,0.0,0.0
2002-02-20 00:00:00-05:00,0.464821713576636,0.46851915121078497,0.46270885428577413,0.4685191512107849,2196312,0.0,0.0
2002-02-21 00:00:00-05:00,0.4701036788272057,0.4704205869045402,0.4642934203147888,0.4642934203147888,906129,0.0,0.0
2002-02-22 00:00:00-05:00,0.46534972519136947,0.4705261290073395,0.46439896331261976,0.4705261290073395,789112,0.0,0.0
2002-02-25 00:00:00-05:00,0.47020932970898993,0.47464626952678424,0.46936421630828146,0.4701036810874939,1006643,0.0,0.0
2002-02-26 00:00:00-05:00,0.471159982614838,0.47475180848814347,0.4710543717949608,0.47380104660987854,1360693,0.0,0.0
2002-02-27 00:00:00-05:00,0.47380093785058375,0.47792100580565006,0.47380093785058375,0.4773927628993988,2995925,0.0,0.0
2002-02-28 00:00:00-05:00,0.47475189842961,0.4790831897907381,0.47475189842961,0.4772873520851135,6117119,0.0,0.0
2002-03-01 00:00:00-05:00,0.47855503095359714,0.4814073551915694,0.4772873984667386,0.48087918758392334,4779679,0.0,0.0
2002-03-04 00:00:00-05:00,0.48066788028724056,0.48964744806289673,0.47950585858341865,0.48964744806289673,1391448,0.0,0.0
2002-03-05 00:00:00-05:00,0.4895414889856068,0.5004225373268127,0.4878512250137517,0.5004225373268127,3530001,0.0,0.0
2002-03-06 00:00:00-05:00,0.49968315043907985,0.49968315043907985,0.48806259711827277,0.49450674653053284,3648518,0.0,0.0
2002-03-07 00:00:00-05:00,0.4965142417737151,0.49852145311067153,0.495985998433216,0.4970424473285675,1330689,0.0,0.0
2002-03-08 00:00:00-05:00,0.4970421648763523,0.4989436886789907,0.49492934385758725,0.4959857165813446,1457457,0.0,0.0
2002-03-11 00:00:00-05:00,0.4965139983263695,0.4965139983263695,0.49017549699034463,0.4917600750923157,2150555,0.0,0.0
2002-03-12 00:00:00-05:00,0.4917601313299209,0.494612455368042,0.48996429357560856,0.494612455368042,1721494,0.0,0.0
2002-03-13 00:00:00-05:00,0.494929326475248,0.49735905544724357,0.4933447107668273,0.4967252016067505,2191811,0.0,0.0
2002-03-14 00:00:00-05:00,0.4965139546622195,0.5017960071563721,0.4964083060552114,0.5017960071563721,3257713,0.0,0.0
2002-03-15 00:00:00-05:00,0.5017960446147078,0.506021686925468,0.4991550559561105,0.5007396340370178,2684631,0.0,0.0
2002-03-18 00:00:00-05:00,0.5028523501829572,0.5084512717549088,0.5013733833512991,0.5079230666160583,2335832,0.0,0.0
2002-03-19 00:00:00-05:00,0.5081344872608244,0.5104585675923183,0.506866741813933,0.5096134543418884,841619,0.0,0.0
2002-03-20 00:00:00-05:00,0.5070779116259873,0.5100358830510237,0.5070779116259873,0.5095077157020569,4078329,0.0,0.0
2002-03-21 00:00:00-05:00,0.5097191664643619,0.5123602309145124,0.5084514585511399,0.5113037824630737,1049399,0.0,0.0
2002-03-22 00:00:00-05:00,0.5113037167517305,0.5113037167517305,0.5072894096374512,0.5072894096374512,10282460,0.0,0.0
2002-03-25 00:00:00-05:00,0.5054935267915558,0.5076063481356708,0.5047540242068631,0.5073950886726379,1994533,0.0,0.0
2002-03-26 00:00:00-05:00,0.5070779982701556,0.508662613944668,0.5066554794330334,0.5081344842910767,2236067,0.0,0.0
2002-03-27 00:00:00-05:00,0.5085571821742767,0.5091910362243652,0.5081346631883996,0.5091910362243652,1192669,0.0,0.0
2002-03-28 00:00:00-05:00,0.5107754103934565,0.5139446791419401,0.509402054304844,0.5109867453575134,2094297,0.0,0.0
2002-04-01 00:00:00-05:00,0.5102473832496542,0.5102473832496542,0.5073950594849254,0.5075007081031799,1987782,0.0,0.0
2002-04-02 00:00:00-05:00,0.5054935923484098,0.5083459166471321,0.5053879437103765,0.5070781707763672,1149163,0.0,0.0
2002-04-03 00:00:00-05:00,0.5070779889568777,0.5070779889568777,0.5054934110970917,0.5055990219116211,592584,0.0,0.0
2002-04-04 00:00:00-05:00,0.5057049988153123,0.5113040004019991,0.5044373659330345,0.5104588866233826,1462708,0.0,0.0
2002-04-05 00:00:00-05:00,0.5102473746890308,0.5197551078167356,0.5102473746890308,0.5181704163551331,2295326,0.0,0.0
2002-04-08 00:00:00-04:00,0.5186987444232135,0.5234526687907191,0.5185931335673625,0.523347020149231,2360585,0.0,0.0
2002-04-09 00:00:00-04:00,0.5233467062290462,0.5334882140159607,0.5222902582334936,0.5334882140159607,1209922,0.0,0.0
2002-04-10 00:00:00-04:00,0.5319040788167391,0.5436302880742864,0.5305307216328093,0.541411817073822,3167700,0.0,0.0
2002-04-11 00:00:00-04:00,0.541411662627931,0.5415172734856342,0.5303193107898706,0.5372917056083679,1357693,0.0,0.0
2002-04-12 00:00:00-04:00,0.5372916923548285,0.5429962277412415,0.5372916923548285,0.5429962277412415,1280432,0.0,0.0
2002-04-15 00:00:00-04:00,0.5403550947460121,0.540777613595777,0.5334883510464111,0.5361294150352478,1093655,0.0,0.0
2002-04-16 00:00:00-04:00,0.530847559392035,0.5324321757013142,0.5218679914015099,0.525565505027771,3181952,0.0,0.0
2002-04-17 00:00:00-04:00,0.5255654376867567,0.5255654376867567,0.515529497894928,0.5186986923217773,999892,0.0,0.0
2002-04-18 00:00:00-04:00,0.5150012909837188,0.5309531773708881,0.5150012909837188,0.5174310207366943,1623981,0.0,0.0
2002-04-19 00:00:00-04:00,0.5213397727266318,0.5221849240135811,0.5128884487853115,0.5165858864784241,925631,0.0,0.0
2002-04-22 00:00:00-04:00,0.5176421103407575,0.5184872234752342,0.509930254614162,0.5134164690971375,1174667,0.0,0.0
2002-04-23 00:00:00-04:00,0.5128883623173092,0.5128883623173092,0.5010565485798243,0.5028524994850159,3077687,0.0,0.0
2002-04-24 00:00:00-04:00,0.5044372580516553,0.5075008420760059,0.5017961930406041,0.5051767230033875,4201347,0.0,0.0
2002-04-25 00:00:00-04:00,0.5049651773708058,0.5103529537925187,0.5045426585336835,0.5081344842910767,1984032,0.0,0.0
2002-04-26 00:00:00-04:00,0.5091909973994021,0.5105643540341505,0.5091909973994021,0.5100361108779907,1340440,0.0,0.0
2002-04-29 00:00:00-04:00,0.507395121810993,0.511409467512739,0.507395121810993,0.5100361108779907,1790504,0.0,0.0
2002-04-30 00:00:00-04:00,0.5107756117905705,0.5186986923217773,0.5098248496839524,0.5186986923217773,1218173,0.0,0.0
2002-05-01 00:00:00-04:00,0.5202832904858963,0.5234525981603513,0.5139448640651466,0.5228187441825867,1191169,0.0,0.0
2002-05-02 00:00:00-04:00,0.5209924809203087,0.5360314465000056,0.5204553763789711,0.532916247844696,3580258,0.109318,0.0
2002-05-03 00:00:00-04:00,0.5330239620046218,0.5344204577142816,0.526363846274901,0.5309829711914062,1525717,0.0,0.0
2002-05-06 00:00:00-04:00,0.5336683758278057,0.5344202993665828,0.5217446051887473,0.5219594240188599,13938479,0.0,0.0
2002-05-07 00:00:00-04:00,0.5209922357504295,0.5255039271434394,0.5164805059351942,0.5179843902587891,1605978,0.0,0.0
2002-05-08 00:00:00-04:00,0.5206703351136839,0.5214222586203496,0.5134730785337843,0.5161586403846741,2272823,0.0,0.0
2002-05-09 00:00:00-04:00,0.5145471236234185,0.5145471236234185,0.5086389744079146,0.5088537931442261,1239176,0.0,0.0
2002-05-10 00:00:00-04:00,0.5088538215821058,0.5088538215821058,0.501441748686996,0.5020862817764282,1556471,0.0,0.0
2002-05-13 00:00:00-04:00,0.503805142792774,0.5088539416924354,0.5032680765840918,0.5053091049194336,942884,0.0,0.0
2002-05-14 00:00:00-04:00,0.50799458136594,0.509605895232454,0.503482887170801,0.5087465047836304,1981031,0.0,0.0
2002-05-15 00:00:00-04:00,0.5097131937055889,0.5128284691136948,0.5077796712048227,0.5127210021018982,1044898,0.0,0.0
2002-05-16 00:00:00-04:00,0.5116466986171032,0.5144396877410492,0.5084241104809574,0.5123986601829529,1632232,0.0,0.0
2002-05-17 00:00:00-04:00,0.512398873347413,0.5145472919467698,0.5073500742700237,0.5142250061035156,1971280,0.0,0.0
2002-05-20 00:00:00-04:00,0.5129359440793135,0.5133655816318909,0.5077797171146972,0.5092836022377014,870124,0.0,0.0
2002-05-21 00:00:00-04:00,0.5086391407932147,0.5090688552508825,0.5021938465729601,0.5038051605224609,1083904,0.0,0.0
2002-05-22 00:00:00-04:00,0.5043422469362622,0.5075649515632396,0.5036977136953166,0.5068129897117615,828868,0.0,0.0
2002-05-23 00:00:00-04:00,0.5075649795293716,0.5164808630943298,0.5068130176364615,0.5164808630943298,1606728,0.0,0.0
2002-05-24 00:00:00-04:00,0.5172325866327296,0.5199181473169323,0.5123986849834288,0.5166955590248108,850621,0.0,0.0
2002-05-28 00:00:00-04:00,0.5183071567430596,0.5194888333809153,0.5158365285145636,0.5177700519561768,1319437,0.0,0.0
2002-05-29 00:00:00-04:00,0.5199183109573607,0.5242151863511523,0.5179847112668171,0.5237854719161987,1879767,0.0,0.0
2002-05-30 00:00:00-04:00,0.5231408870496641,0.5261486572639636,0.5177698413653824,0.5186291933059692,3875800,0.0,0.0
2002-05-31 00:00:00-04:00,0.49897114650803076,0.5003676414489746,0.49596337627287523,0.5003676414489746,15079391,0.0,0.0
2002-06-03 00:00:00-04:00,0.5001529977013012,0.5011197785850501,0.49843421636223334,0.5005826354026794,2840653,0.0,0.0
2002-06-04 00:00:00-04:00,0.501012020124641,0.5021936190812143,0.49897099264204975,0.5014416575431824,3745282,0.0,0.0
2002-06-05 00:00:00-04:00,0.5014416997304952,0.501871414029657,0.5005823479766459,0.5013343095779419,2470851,0.0,0.0
2002-06-06 00:00:00-04:00,0.5011197328567505,0.5018716563989365,0.49746739008346935,0.5011197328567505,2141554,0.0,0.0
2002-06-07 00:00:00-04:00,0.4995084643047155,0.5011197785850501,0.49854160657644836,0.5005826354026794,2641875,0.0,0.0
2002-06-10 00:00:00-04:00,0.5005823237038634,0.5033753128240369,0.5000451808559567,0.5032678842544556,1311936,0.0,0.0
2002-06-11 00:00:00-04:00,0.5038050378626869,0.5044495709700151,0.5009047349353146,0.5041273236274719,2269822,0.0,0.0
2002-06-12 00:00:00-04:00,0.5048794283976511,0.5073500945166068,0.504020076292515,0.5069204568862915,2235317,0.0,0.0
2002-06-13 00:00:00-04:00,0.5069204208499792,0.5094984769821167,0.5059535633503651,0.5094984769821167,2164057,0.0,0.0
2002-06-14 00:00:00-04:00,0.5075647337856007,0.510250217363172,0.500904623857192,0.508101761341095,4294360,0.0,0.0
2002-06-17 00:00:00-04:00,0.5097131346450949,0.5113245248794556,0.5058459748249237,0.5113245248794556,2063543,0.0,0.0
2002-06-18 00:00:00-04:00,0.5140101080982512,0.5140101080982512,0.5049867206334747,0.5067054629325867,2214314,0.0,0.0
2002-06-19 00:00:00-04:00,0.5075647138483901,0.5135802905761063,0.5070275710472949,0.5129357576370239,2585617,0.0,0.0
2002-06-20 00:00:00-04:00,0.5129360368144879,0.5166957695128541,0.5115395416160287,0.5156214833259583,1585725,0.0,0.0
2002-06-21 00:00:00-04:00,0.5172327427954164,0.5228186845779419,0.5172327427954164,0.5228186845779419,1476210,0.0,0.0
2002-06-24 00:00:00-04:00,0.5215295555843488,0.522818621873577,0.517017861994294,0.5200256705284119,1179167,0.0,0.0
2002-06-25 00:00:00-04:00,0.5210998582319973,0.5234630949279725,0.5172326213860026,0.521529495716095,2296826,0.0,0.0
2002-06-26 00:00:00-04:00,0.519918259639095,0.5209925071981968,0.515728813267559,0.5186291933059692,2603620,0.0,0.0
2002-06-27 00:00:00-04:00,0.5199182489083513,0.5220667055599667,0.5183069352363231,0.5210999250411987,2068044,0.0,0.0
2002-06-28 00:00:00-04:00,0.5209926162920916,0.5290491480832762,0.5204555116111957,0.5285121202468872,3585509,0.0,0.0
2002-07-01 00:00:00-04:00,0.5274377751924031,0.5310901173527924,0.5205628437284482,0.5252893567085266,2986924,0.0,0.0
2002-07-02 00:00:00-04:00,0.5220667474501364,0.5269006504318443,0.5134729969986089,0.5224964618682861,1784503,0.0,0.0
2002-07-03 00:00:00-04:00,0.5209924727242831,0.5210999013153094,0.50756485940208,0.5137952566146851,2340332,0.0,0.0
2002-07-05 00:00:00-04:00,0.5142250158378514,0.5193812436272667,0.5121840642365283,0.5164808630943298,639091,0.0,0.0
2002-07-08 00:00:00-04:00,0.5161584939973634,0.5192736926066311,0.507564859885216,0.5091761350631714,1588726,0.0,0.0
2002-07-09 00:00:00-04:00,0.5118617302699652,0.5119691588843821,0.5027309512227937,0.5038051605224609,1903770,0.0,0.0
2002-07-10 00:00:00-04:00,0.5048793810102531,0.5059535518297263,0.48984041320389043,0.49467435479164124,2489603,0.0,0.0
2002-07-11 00:00:00-04:00,0.4898402707222933,0.4981116948465166,0.4790981045851834,0.4888734519481659,3755033,0.0,0.0
2002-07-12 00:00:00-04:00,0.48898095082032866,0.49897107914475536,0.4833950102329254,0.4833950102329254,1345691,0.0,0.0
2002-07-15 00:00:00-04:00,0.4782388498211997,0.48522128612227167,0.47587561275078144,0.48446932435035706,2961420,0.0,0.0
2002-07-16 00:00:00-04:00,0.48070961296255477,0.495211437071573,0.48070961296255477,0.4859732687473297,2192561,0.0,0.0
2002-07-17 00:00:00-04:00,0.49091439500015827,0.4933851367803763,0.4802797352863588,0.4832875430583954,1107907,0.0,0.0
2002-07-18 00:00:00-04:00,0.481783602337159,0.4825355638582193,0.4699673056602478,0.4699673056602478,3214206,0.0,0.0
2002-07-19 00:00:00-04:00,0.4645963750965035,0.4645963750965035,0.45675458754890363,0.46191081404685974,3442989,0.0,0.0
2002-07-22 00:00:00-04:00,0.46459661236980043,0.46459661236980043,0.4426827058007993,0.44902053475379944,3462492,0.0,0.0
2002-07-23 00:00:00-04:00,0.45170606769201543,0.4560028289653137,0.44021193351343185,0.4416084289550781,2523358,0.0,0.0
2002-07-24 00:00:00-04:00,0.43935248255729675,0.45084649888694667,0.4303291322214476,0.43935248255729675,5028714,0.0,0.0
2002-07-25 00:00:00-04:00,0.44203827357765224,0.46083698429701947,0.43559297608209124,0.4558955729007721,2844404,0.0,0.0
2002-07-26 00:00:00-04:00,0.45858088657693236,0.4765201966117395,0.45858088657693236,0.46405932307243347,3077687,0.0,0.0
2002-07-29 00:00:00-04:00,0.47480145897114023,0.48167639007391566,0.47265304060013247,0.4779166579246521,5123978,0.0,0.0
2002-07-30 00:00:00-04:00,0.47791648301104106,0.4837172412275286,0.47469377978951877,0.480709433555603,6164375,0.0,0.0
2002-07-31 00:00:00-04:00,0.48070971131547696,0.48339519642582973,0.4741570262114623,0.4829655587673187,2905913,0.0,0.0
2002-08-01 00:00:00-04:00,0.48296536797356376,0.48296536797356376,0.472330629825592,0.47233062982559204,2371837,0.0,0.0
2002-08-02 00:00:00-04:00,0.4750163318779855,0.4750163318779855,0.46567065710811484,0.467067152261734,1751499,0.0,0.0
2002-08-05 00:00:00-04:00,0.46835621665823063,0.46835621665823063,0.450631686314457,0.45224300026893616,2991425,0.0,0.0
2002-08-06 00:00:00-04:00,0.44150077782631014,0.4457976522010056,0.43344421041545633,0.43806329369544983,9780639,0.0,0.0
2002-08-07 00:00:00-04:00,0.43806333388133056,0.44139342815665883,0.43290710721203196,0.44042664766311646,6056360,0.0,0.0
2002-08-08 00:00:00-04:00,0.4404266225575898,0.44848315182602755,0.438278204506742,0.44526052474975586,3437738,0.0,0.0
2002-08-09 00:00:00-04:00,0.4452605686229141,0.44848319601672304,0.4426825128145611,0.44579771161079407,2360585,0.0,0.0
2002-08-12 00:00:00-04:00,0.4436494370199103,0.4549286365509033,0.44096387489979716,0.4549286365509033,3029680,0.0,0.0
2002-08-13 00:00:00-04:00,0.45439163478913075,0.4608369705141938,0.4511690437711385,0.45331746339797974,5083472,0.0,0.0
2002-08-14 00:00:00-04:00,0.4534267331984692,0.45506997736304355,0.4447723609520746,0.44970205426216125,3015428,0.109318,0.0
2002-08-15 00:00:00-04:00,0.4513452782911175,0.4549604388020818,0.44860657732264353,0.45178350806236267,2770143,0.0,0.0
2002-08-16 00:00:00-04:00,0.45189300804601157,0.4564941069889298,0.44948294031980507,0.4556177258491516,2908163,0.0,0.0
2002-08-19 00:00:00-04:00,0.4557273372271275,0.4557273372271275,0.4503594134859313,0.45244088768959045,2668879,0.0,0.0
2002-08-20 00:00:00-04:00,0.45244060705541783,0.45463159817720283,0.45244060705541783,0.4535360634326935,2965171,0.0,0.0
2002-08-21 00:00:00-04:00,0.4551795700980963,0.4568228535737011,0.452440868795127,0.4562751054763794,1107907,0.0,0.0
2002-08-22 00:00:00-04:00,0.4562749482867853,0.46186194560779986,0.45320753648834233,0.4606569707393646,1923273,0.0,0.0
2002-08-23 00:00:00-04:00,0.4612046524229826,0.46536759933188887,0.45901366073082317,0.46449121832847595,751607,0.0,0.0
2002-08-26 00:00:00-04:00,0.4672300974746497,0.4711738526821137,0.4625194400245134,0.47117385268211365,1976531,0.0,0.0
2002-08-27 00:00:00-04:00,0.47117372818870923,0.4721597450973342,0.46909233285532614,0.4710642099380493,1493462,0.0,0.0
2002-08-28 00:00:00-04:00,0.4710642341375072,0.4802663929690002,0.46821597580139374,0.47665131092071533,1722995,0.0,0.0
2002-08-29 00:00:00-04:00,0.4739123638045866,0.47818482816278124,0.47161181511562483,0.47270727157592773,1338940,0.0,0.0
2002-08-30 00:00:00-04:00,0.4727073805808243,0.47818493843078613,0.4727073805808243,0.47818493843078613,1696741,0.0,0.0
2002-09-03 00:00:00-04:00,0.47676084386853046,0.47708943780414204,0.47018782883097937,0.4710642099380493,3871300,0.0,0.0
2002-09-04 00:00:00-04:00,0.47215970078149866,0.47413153849551787,0.4710641657250381,0.4732551574707031,1937525,0.0,0.0
2002-09-05 00:00:00-04:00,0.47654176818357885,0.47654176818357885,0.47018782883097937,0.4710642099380493,2036539,0.0,0.0
2002-09-06 00:00:00-04:00,0.47215977955839583,0.47292664247077604,0.4705165354749821,0.4724883735179901,3143696,0.0,0.0
2002-09-09 00:00:00-04:00,0.47248838878906635,0.47270746449708806,0.4701878783448411,0.4718310832977295,1521216,0.0,0.0
2002-09-10 00:00:00-04:00,0.4723789720189888,0.47259804777407965,0.46701104785642145,0.4689829647541046,1547470,0.0,0.0
2002-09-11 00:00:00-04:00,0.4699687128685964,0.47183099317379434,0.4688731386195731,0.47029730677604675,780111,0.0,0.0
2002-09-12 00:00:00-04:00,0.470516561817512,0.470516561817512,0.45956152228081837,0.4625193774700165,4337866,0.0,0.0
2002-09-13 00:00:00-04:00,0.46251929012158444,0.46251929012158444,0.45517945185077313,0.4578086733818054,3085938,0.0,0.0
2002-09-16 00:00:00-04:00,0.4579182926534679,0.458575598124998,0.4486065761604224,0.4515644311904907,2405592,0.0,0.0
2002-09-17 00:00:00-04:00,0.45244085825317215,0.4535363152386518,0.4461965144157426,0.44751104712486267,1346441,0.0,0.0
2002-09-18 00:00:00-04:00,0.4486066297464583,0.44871614801843307,0.4442246058073697,0.44783976674079895,895627,0.0,0.0
2002-09-19 00:00:00-04:00,0.44751113126131686,0.4490448575333489,0.4458679258823395,0.4458679258823395,2234567,0.0,0.0
2002-09-20 00:00:00-04:00,0.44751088338836975,0.4479491522262116,0.4453198918517791,0.4468535780906677,1114658,0.0,0.0
2002-09-23 00:00:00-04:00,0.44794927867708156,0.4480587969379274,0.4449914235942664,0.4469633400440216,1138662,0.0,0.0
2002-09-24 00:00:00-04:00,0.4458676416007355,0.44597715982149894,0.4362272953200768,0.43819913268089294,8376439,0.0,0.0
2002-09-25 00:00:00-04:00,0.4392948273971193,0.4392948273971193,0.4305307812096072,0.43326956033706665,2234567,0.0,0.0
2002-09-26 00:00:00-04:00,0.4349129119506638,0.4357892932761531,0.43162634483733364,0.43458420038223267,2731138,0.0,0.0
2002-09-27 00:00:00-04:00,0.43567957899952947,0.43567957899952947,0.4256010023722325,0.42724424600601196,3028930,0.0,0.0
2002-09-30 00:00:00-04:00,0.42724430903504235,0.4277919786265158,0.42297180442639337,0.425601065158844,3228458,0.0,0.0
2002-10-01 00:00:00-04:00,0.4256012295165232,0.4256012295165232,0.4199045936887075,0.42341023683547974,1962279,0.0,0.0
2002-10-02 00:00:00-04:00,0.42395767198979933,0.42439590163037605,0.42012343692011456,0.42330044507980347,2131053,0.0,0.0
2002-10-03 00:00:00-04:00,0.4217669367790222,0.4239578508042381,0.4184803698230003,0.4217669367790222,2575116,0.0,0.0
2002-10-04 00:00:00-04:00,0.42067133589074746,0.42176687110003414,0.414098320553195,0.4151938557624817,2031288,0.0,0.0
2002-10-07 00:00:00-04:00,0.41628923743145313,0.41628923743145313,0.4032528057333782,0.40467697381973267,1831010,0.0,0.0
2002-10-08 00:00:00-04:00,0.3976657860453602,0.40215732652416747,0.3918595957898451,0.39876124262809753,3156448,0.0,0.0
2002-10-09 00:00:00-04:00,0.3976658582117391,0.3977753764613507,0.3834243714809418,0.3834243714809418,3987566,0.0,0.0
2002-10-10 00:00:00-04:00,0.3790425252854041,0.3955845690977505,0.3713740499513798,0.3933935761451721,3852547,0.0,0.0
2002-10-11 00:00:00-04:00,0.395475063653765,0.40971655749215896,0.395475063653765,0.4053345322608948,2387589,0.0,0.0
2002-10-14 00:00:00-04:00,0.40642986401498654,0.40642986401498654,0.39766593381119225,0.4000760018825531,2065793,0.0,0.0
2002-10-15 00:00:00-04:00,0.4053342791531558,0.4096067442285929,0.4012809681003617,0.40467697381973267,3065685,0.0,0.0
2002-10-16 00:00:00-04:00,0.40423891201870776,0.40522492920376674,0.39602272908149977,0.3993092179298401,2140804,0.0,0.0
2002-10-17 00:00:00-04:00,0.39985688182534324,0.4020479131129175,0.396570354485799,0.3994186520576477,2435596,0.0,0.0
2002-10-18 00:00:00-04:00,0.39974716305732727,0.3998566812606833,0.3939409742004058,0.39974716305732727,1892519,0.0,0.0
2002-10-21 00:00:00-04:00,0.3997474517830159,0.40040467902869226,0.39492719756007627,0.39766597747802734,1793505,0.0,0.0
2002-10-22 00:00:00-04:00,0.3982137602613057,0.3982137602613057,0.38923063589825396,0.3910929560661316,2548112,0.0,0.0
2002-10-23 00:00:00-04:00,0.39218844125809943,0.39218844125809943,0.3835339512153352,0.38671088218688965,2116801,0.0,0.0
2002-10-24 00:00:00-04:00,0.38714906637762897,0.3926265464362268,0.38441028716469705,0.3858344554901123,5655053,0.0,0.0
2002-10-25 00:00:00-04:00,0.3859439526913166,0.38780635066673314,0.38342436685889003,0.3876968324184418,5465276,0.0,0.0
2002-10-28 00:00:00-05:00,0.3904357975581654,0.39142177592964117,0.3878066133294305,0.38912126421928406,2871408,0.0,0.0
2002-10-29 00:00:00-05:00,0.38944956241917394,0.3897781955041589,0.38200016705111545,0.38254791498184204,2094297,0.0,0.0
2002-10-30 00:00:00-05:00,0.38331477625243415,0.3861631125013758,0.37805637262794006,0.3794805407524109,2917164,0.0,0.0
2002-10-31 00:00:00-05:00,0.3801379430364524,0.38550586626854955,0.3801379430364524,0.3849581182003021,3365728,0.0,0.0
2002-11-01 00:00:00-05:00,0.38506761795516214,0.38879233598709106,0.3834244130130534,0.38879233598709106,3575758,0.0,0.0
2002-11-04 00:00:00-05:00,0.3894497702628041,0.4020480577602927,0.3894497702628041,0.40084296464920044,3871300,0.0,0.0
2002-11-05 00:00:00-05:00,0.4008429126862704,0.4077445629122227,0.3989805924795037,0.4065394699573517,4053576,0.0,0.0
2002-11-06 00:00:00-05:00,0.40889193139668323,0.41606152057647705,0.40497105793143473,0.41606152057647705,4268856,0.109318,0.0
2002-11-07 00:00:00-05:00,0.41729414185747415,0.4198707016655031,0.4167340166758118,0.41807833313941956,4251604,0.0,0.0
2002-11-08 00:00:00-05:00,0.4188622240169028,0.4188622240169028,0.4069874893942641,0.4101242125034332,2157306,0.0,0.0
2002-11-11 00:00:00-05:00,0.4095641471848325,0.4095641471848325,0.4011622742829952,0.40474700927734375,1942776,0.0,0.0
2002-11-12 00:00:00-05:00,0.40754784457329235,0.41718200422178786,0.40609149528476507,0.4144934117794037,3355976,0.0,0.0
2002-11-13 00:00:00-05:00,0.412476718674321,0.41740588902118175,0.4092280028595736,0.4107963442802429,1823509,0.0,0.0
2002-11-14 00:00:00-05:00,0.4118047268538646,0.420094609260559,0.41057248385684647,0.4200946092605591,2159557,0.0,0.0
2002-11-15 00:00:00-05:00,0.4189742518278937,0.4256957096782771,0.4189742518278937,0.42323118448257446,2064293,0.0,0.0
2002-11-18 00:00:00-05:00,0.42345535940304585,0.42345535940304585,0.418526267207872,0.4200946092605591,2864657,0.0,0.0
2002-11-19 00:00:00-05:00,0.420094609260559,0.420094609260559,0.41718195112326373,0.4200946092605591,857372,0.0,0.0
2002-11-20 00:00:00-05:00,0.4200944993287773,0.42177487396029445,0.4147172764665084,0.4212147891521454,1637482,0.0,0.0
2002-11-21 00:00:00-05:00,0.42177484575099267,0.42547169373449045,0.42020650421360906,0.4249115288257599,2416093,0.0,0.0
2002-11-22 00:00:00-05:00,0.4249116771900452,0.4251357833008081,0.418526275829206,0.42233511805534363,5276999,0.0,0.0
2002-11-25 00:00:00-05:00,0.4223352284233906,0.4228953936740981,0.41662198362567027,0.41807833313941956,4022071,0.0,0.0
2002-11-26 00:00:00-05:00,0.4172938075893809,0.41785389225334924,0.4144931438554612,0.4156133532524109,3763284,0.0,0.0
2002-11-27 00:00:00-05:00,0.41561335325241083,0.4186380428381153,0.41079629657637656,0.4156133532524109,2710885,0.0,0.0
2002-11-29 00:00:00-05:00,0.417293785576038,0.41953420425174937,0.4148291807843163,0.4186380207538605,1054650,0.0,0.0
2002-12-02 00:00:00-05:00,0.4172939956188202,0.42043071957830697,0.4157255735355302,0.4172939956188202,4428629,0.0,0.0
2002-12-03 00:00:00-05:00,0.4172939322914889,0.4199825237994425,0.41449326772063216,0.417741984128952,6975990,0.0,0.0
2002-12-04 00:00:00-05:00,0.4156135259892387,0.41785406592138774,0.41449331612670864,0.41572555899620056,3565256,0.0,0.0
2002-12-05 00:00:00-05:00,0.41628562930532237,0.41886226792005465,0.41516541958987146,0.4178540110588074,1482210,0.0,0.0
2002-12-06 00:00:00-05:00,0.4161736442770813,0.4187502028026432,0.4144932695684909,0.4175179600715637,1620980,0.0,0.0
2002-12-09 00:00:00-05:00,0.4158376751076893,0.42121489937708845,0.4158376751076893,0.4200946092605591,3911055,0.0,0.0
2002-12-10 00:00:00-05:00,0.42009458047663567,0.42009458047663567,0.4134851537321151,0.4172939956188202,1689240,0.0,0.0
2002-12-11 00:00:00-05:00,0.41617363638209437,0.4178540110588073,0.41449326170538137,0.4178540110588074,2348583,0.0,0.0
2002-12-12 00:00:00-05:00,0.4172938968856826,0.4187501654064413,0.4144932325524515,0.4161736071109772,1292433,0.0,0.0
2002-12-13 00:00:00-05:00,0.41628560085931293,0.4184141073595885,0.41202870806582675,0.41281285881996155,4059576,0.0,0.0
2002-12-16 00:00:00-05:00,0.41337297785087446,0.417741984128952,0.41079641933679917,0.417741984128952,3157198,0.0,0.0
2002-12-17 00:00:00-05:00,0.41729389772068476,0.41740593070528165,0.4113565502272672,0.41281285881996155,1765001,0.0,0.0
2002-12-18 00:00:00-05:00,0.41057237933020485,0.4144932534982334,0.4090040376767981,0.4133729636669159,2783645,0.0,0.0
2002-12-19 00:00:00-05:00,0.4144933398315101,0.4144933398315101,0.40732374787330633,0.4073237478733063,3448240,0.0,0.0
2002-12-20 00:00:00-05:00,0.40777187928969394,0.40911619557415235,0.40553137886162305,0.4078839123249054,3917056,0.0,0.0
2002-12-23 00:00:00-05:00,0.41068450200497475,0.41281296900434017,0.4066515939662109,0.41169267892837524,4507390,0.0,0.0
2002-12-24 00:00:00-05:00,0.4116927055293345,0.4116927055293345,0.409004153421818,0.40990033745765686,1587225,0.0,0.0
2002-12-26 00:00:00-05:00,0.4088919699248877,0.41516537607420567,0.40833184509135967,0.4101242125034332,2570615,0.0,0.0
2002-12-27 00:00:00-05:00,0.41001211606649546,0.4121406221596952,0.4060912428386218,0.40945199131965637,2581116,0.0,0.0
2002-12-30 00:00:00-05:00,0.4088921650010043,0.4166219234466553,0.4086680588640472,0.4166219234466553,2540611,0.0,0.0
2002-12-31 00:00:00-05:00,0.41673375318511646,0.42401533587371343,0.41662172020581073,0.41987043619155884,5318255,0.0,0.0
2003-01-02 00:00:00-05:00,0.4209906756877899,0.42155084062411685,0.4172939076602131,0.4209906756877899,1804756,0.0,0.0
2003-01-03 00:00:00-05:00,0.42099067070357676,0.43252926687485094,0.42099067070357676,0.4307368993759155,3049183,0.0,0.0
2003-01-06 00:00:00-05:00,0.43241734501937323,0.43902677137864854,0.4317451870623021,0.43701037764549255,6433663,0.0,0.0
2003-01-07 00:00:00-05:00,0.4368983468738796,0.4368983468738796,0.4300647749596482,0.43140909075737,3554755,0.0,0.0
2003-01-08 00:00:00-05:00,0.4308487995223466,0.4328652724404623,0.4274880513944969,0.42894431948661804,5740565,0.0,0.0
2003-01-09 00:00:00-05:00,0.4291685577798359,0.43129706430561054,0.4256957355608376,0.4307368993759155,2608120,0.0,0.0
2003-01-10 00:00:00-05:00,0.4307368024950874,0.43129696729879075,0.4286082964480539,0.4305126965045929,2516607,0.0,0.0
2003-01-13 00:00:00-05:00,0.43163310983271075,0.43286543268526767,0.42793626148211383,0.428384393453598,2830902,0.0,0.0
2003-01-14 00:00:00-05:00,0.42950454267515953,0.4310729242163825,0.42681599163911177,0.4306248724460602,1823509,0.0,0.0
2003-01-15 00:00:00-05:00,0.4334257271682245,0.4334257271682245,0.4263681260317417,0.42748841643333435,2632124,0.0,0.0
2003-01-16 00:00:00-05:00,0.4302887477880069,0.4302887477880069,0.41897425817417805,0.4214387834072113,1984032,0.0,0.0
2003-01-17 00:00:00-05:00,0.42155101631949177,0.42155101631949177,0.4142693900096762,0.4166219234466553,2159557,0.0,0.0
2003-01-21 00:00:00-05:00,0.4165095367975758,0.4172938075893809,0.41202861907175115,0.4156133532524109,2572865,0.0,0.0
2003-01-22 00:00:00-05:00,0.41001224401975,0.4122527837753296,0.40833190932386165,0.4122527837753296,4077579,0.0,0.0
2003-01-23 00:00:00-05:00,0.41236468794959696,0.41516535202401716,0.4087799533331107,0.4100121557712555,3707776,0.0,0.0
2003-01-24 00:00:00-05:00,0.41012426961473325,0.41034837567598037,0.40609136223793035,0.4060913622379303,1924773,0.0,0.0
2003-01-27 00:00:00-05:00,0.40586739122883037,0.4064275562851743,0.4014983842725663,0.4039629101753235,1869265,0.0,0.0
2003-01-28 00:00:00-05:00,0.4046349305728159,0.40497102945904545,0.4019463398280476,0.4042988717556,1898520,0.0,0.0
2003-01-29 00:00:00-05:00,0.4032906976112672,0.41057240159917585,0.4032906976112672,0.4060913622379303,2301327,0.0,0.0
2003-01-30 00:00:00-05:00,0.40653948556978503,0.40934006999879036,0.40217047929763794,0.40217047929763794,1248927,0.0,0.0
2003-01-31 00:00:00-05:00,0.4027306223171528,0.40721166133880615,0.4021704573790512,0.40721166133880615,2695133,0.0,0.0
2003-02-03 00:00:00-05:00,0.40889211335882075,0.41270099561813295,0.4079959293384145,0.4085560142993927,1417701,0.0,0.0
2003-02-04 00:00:00-05:00,0.40855596494648494,0.4111326038837433,0.40642753817238925,0.4111326038837433,2033539,0.0,0.0
2003-02-05 00:00:00-05:00,0.41135649245806744,0.41561338465373326,0.41057230174503945,0.4142691493034363,1864015,0.0,0.0
2003-02-06 00:00:00-05:00,0.41449328346188274,0.41449328346188274,0.4119167248499572,0.4122527837753296,1752999,0.0,0.0
2003-02-07 00:00:00-05:00,0.4170650896686296,0.4170650896686296,0.40961751341819763,0.40961751341819763,2128052,0.109318,0.0
2003-02-10 00:00:00-05:00,0.40961751341819763,0.41064870808719767,0.4040031949027779,0.40961751341819763,2669629,0.0,0.0
2003-02-11 00:00:00-05:00,0.41076325714992934,0.41076325714992934,0.4032010952922954,0.40388861298561096,1644233,0.0,0.0
2003-02-12 00:00:00-05:00,0.4044613211171374,0.4054925974012866,0.4020551737162882,0.40297186374664307,2744640,0.0,0.0
2003-02-13 00:00:00-05:00,0.4015969739180279,0.4027427136898041,0.3968992646302232,0.4027427136898041,2872908,0.0,0.0
2003-02-14 00:00:00-05:00,0.40159711455465763,0.4036594632589613,0.3993055522441864,0.3993055522441864,1710993,0.0,0.0
2003-02-18 00:00:00-05:00,0.4004511886838946,0.40446142168840427,0.39873251739624765,0.4035448133945465,2179059,0.0,0.0
2003-02-19 00:00:00-05:00,0.40640932871448604,0.41534640350536456,0.402742772392191,0.41420066356658936,2640375,0.0,0.0
2003-02-20 00:00:00-05:00,0.4130546490561629,0.4145441881482182,0.4078986782981296,0.4120234549045563,1551970,0.0,0.0
2003-02-21 00:00:00-05:00,0.4124819747749281,0.41706514015840634,0.4089300861497399,0.4167214632034302,1467208,0.0,0.0
2003-02-24 00:00:00-05:00,0.41591915556304254,0.4163774185551284,0.41133599287354733,0.41362759470939636,1368194,0.0,0.0
2003-02-25 00:00:00-05:00,0.4142005721242795,0.41821080446243286,0.4113360794719585,0.41821080446243286,1219673,0.0,0.0
2003-02-26 00:00:00-05:00,0.41706499457359314,0.4178670574567269,0.41328397563751823,0.41706499457359314,1325438,0.0,0.0
2003-02-27 00:00:00-05:00,0.41752338479393974,0.4238252203096393,0.4166067765274109,0.4222210943698883,2379338,0.0,0.0
2003-02-28 00:00:00-05:00,0.4227940116827681,0.4280646534993122,0.4206170769457921,0.4213045537471771,1482961,0.0,0.0
2003-03-03 00:00:00-05:00,0.42245031421639656,0.42623145729810313,0.4179817352822622,0.41924214363098145,2595368,0.0,0.0
2003-03-04 00:00:00-05:00,0.4192420963940866,0.4192420963940866,0.41259658336639404,0.41259658336639404,2879659,0.0,0.0
2003-03-05 00:00:00-05:00,0.41248199343681335,0.41362785655342216,0.41156538490798383,0.41248199343681335,2803148,0.0,0.0
2003-03-06 00:00:00-05:00,0.41259643088506925,0.4140859701388776,0.41064854664103934,0.41190895438194275,1472459,0.0,0.0
2003-03-07 00:00:00-05:00,0.41190906665811655,0.41316935179592484,0.4090445736172656,0.41110700368881226,990891,0.0,0.0
2003-03-10 00:00:00-05:00,0.4099611941566128,0.4106486708677101,0.4021699416989768,0.40388861298561096,1960028,0.0,0.0
2003-03-11 00:00:00-05:00,0.40503431618,0.40778422277534926,0.40136784235655854,0.4027427136898041,1613479,0.0,0.0
2003-03-12 00:00:00-05:00,0.41420058228562456,0.4175233381080246,0.4101903498490905,0.4129401743412018,25058808,0.0,0.0
2003-03-13 00:00:00-05:00,0.4164921744425786,0.4194711304115119,0.4138568133345395,0.41821080446243286,86889337,0.0,0.0
2003-03-14 00:00:00-05:00,0.41809643583259526,0.4182109811620274,0.41133625326689083,0.41248199343681335,26490011,0.0,0.0
2003-03-17 00:00:00-05:00,0.4125967363635441,0.4153465624475553,0.40984678733282437,0.4123675227165222,11561391,0.0,0.0
2003-03-18 00:00:00-05:00,0.4096175121110508,0.41408613161504954,0.4085863584275633,0.41133618354797363,6210882,0.0,0.0
2003-03-19 00:00:00-05:00,0.4123671870612476,0.41442961641885084,0.4107631026601358,0.41362759470939636,7531819,0.0,0.0
2003-03-20 00:00:00-05:00,0.4136276817902576,0.41924199886723,0.40778419218679185,0.41821080446243286,4478886,0.0,0.0
2003-03-21 00:00:00-05:00,0.42222103272793743,0.43379342555999756,0.4193565401032467,0.43379342555999756,5619048,0.0,0.0
2003-03-24 00:00:00-05:00,0.4285228548520963,0.4285228548520963,0.4015969282320034,0.4130547344684601,4426378,0.0,0.0
2003-03-25 00:00:00-05:00,0.4130549028237702,0.42073169350624084,0.4130549028237702,0.42073169350624084,3724279,0.0,0.0
2003-03-26 00:00:00-05:00,0.4224501437433384,0.42267927527427673,0.4161483504360845,0.42267927527427673,2431845,0.0,0.0
2003-03-27 00:00:00-05:00,0.4222210830550216,0.42485636248733333,0.41695048320818207,0.4224502146244049,2470851,0.0,0.0
2003-03-28 00:00:00-05:00,0.42164825551023505,0.42336692695677136,0.4182109126171624,0.4229086637496948,2853405,0.0,0.0
2003-03-31 00:00:00-05:00,0.4170650758618651,0.42210658569402915,0.41328405618884867,0.41798168420791626,3849547,0.0,0.0
2003-04-01 00:00:00-05:00,0.4179816330822849,0.4292103913146157,0.4175233699475326,0.42852291464805603,3335724,0.0,0.0
2003-04-02 00:00:00-05:00,0.4331060394474611,0.4400953111116489,0.4302416281888021,0.4320748448371887,2818150,0.0,0.0
2003-04-03 00:00:00-05:00,0.43299116590876524,0.4340224417993135,0.4264602437216022,0.4274913966655731,2383838,0.0,0.0
2003-04-04 00:00:00-05:00,0.4274915827135004,0.4288665358682377,0.4199294633090761,0.42015859484672546,3424986,0.0,0.0
2003-04-07 00:00:00-04:00,0.42027331172212307,0.4270334523546331,0.41683596874920875,0.42462730407714844,5337008,0.0,0.0
2003-04-08 00:00:00-04:00,0.4269187426663942,0.42703328793560996,0.41935650087675347,0.4235959053039551,1746248,0.0,0.0
2003-04-09 00:00:00-04:00,0.4238252425076794,0.4260021360269298,0.41947120957586337,0.422564834356308,3054434,0.0,0.0
2003-04-10 00:00:00-04:00,0.4226792562747781,0.4239396640582242,0.4159192002095131,0.4235959053039551,3526251,0.0,0.0
2003-04-11 00:00:00-04:00,0.424512668364664,0.4320747885089581,0.4182108332740618,0.41992950439453125,2171558,0.0,0.0
2003-04-14 00:00:00-04:00,0.42164818446515506,0.42393974600775636,0.41935658194033865,0.4237106144428253,2355334,0.0,0.0
2003-04-15 00:00:00-04:00,0.4233669239098934,0.4269188940525055,0.4209607757056147,0.4269188940525055,3924557,0.0,0.0
2003-04-16 00:00:00-04:00,0.42565853093866624,0.4262314624596702,0.420387888803239,0.4219919741153717,3701776,0.0,0.0
2003-04-17 00:00:00-04:00,0.4227938859306152,0.4260020554065704,0.4199294752442197,0.42600205540657043,2836153,0.0,0.0
2003-04-21 00:00:00-04:00,0.4268042308908582,0.43104359507560724,0.4268042308908582,0.4310435950756073,3003426,0.0,0.0
2003-04-22 00:00:00-04:00,0.4313873816292388,0.4404391247622312,0.42863751558821617,0.4389495849609375,5571791,0.0,0.0
2003-04-23 00:00:00-04:00,0.4394077860920666,0.4438763638825731,0.4353975533955101,0.4429597556591034,3427237,0.0,0.0
2003-04-24 00:00:00-04:00,0.4429596713274177,0.4429596713274177,0.4372307685658759,0.4396369159221649,3136945,0.0,0.0
2003-04-25 00:00:00-04:00,0.43883492576065924,0.44273061306892825,0.43322060832173775,0.4361996054649353,3022929,0.0,0.0
2003-04-28 00:00:00-04:00,0.4371162076108601,0.43814744305006725,0.43196019434367877,0.43367886543273926,2817400,0.0,0.0
2003-04-29 00:00:00-04:00,0.4342517649889448,0.4451367220717173,0.43276222556480476,0.43768906593322754,2768643,0.0,0.0
2003-04-30 00:00:00-04:00,0.4371162909903543,0.4413557378604726,0.43264779448509216,0.43264779448509216,3608762,0.0,0.0
2003-05-01 00:00:00-04:00,0.43367887771004077,0.4394077815024256,0.4301269901445339,0.4381474554538727,3960562,0.0,0.0
2003-05-02 00:00:00-04:00,0.4381474739889452,0.44570959452902387,0.4381474739889452,0.44422009587287903,3064935,0.0,0.0
2003-05-05 00:00:00-04:00,0.44341803345615655,0.4494907373119327,0.44261597049742823,0.4492616057395935,2542861,0.0,0.0
2003-05-06 00:00:00-04:00,0.44926159304931707,0.45613623672298426,0.44891779324497844,0.4517822861671448,3383730,0.0,0.0
2003-05-07 00:00:00-04:00,0.42966875950691896,0.4382621584667482,0.41534645522868735,0.41924214363098145,17771523,0.0,0.0
2003-05-08 00:00:00-04:00,0.4182108611531195,0.4193566009942629,0.41454434612547925,0.4169504940509796,10847290,0.0,0.0
2003-05-09 00:00:00-04:00,0.417637942900572,0.4231377150754027,0.417637942900572,0.41992950439453125,4950703,0.0,0.0
2003-05-12 00:00:00-04:00,0.41992933768565405,0.41992933768565405,0.41076305436655025,0.41477328538894653,14104253,0.0,0.0
2003-05-13 00:00:00-04:00,0.4150079267361119,0.4168836733737999,0.4091462447008718,0.41160815954208374,5920591,0.109318,0.0
2003-05-14 00:00:00-04:00,0.41324953810311776,0.414656274952344,0.4083257075384482,0.4124288856983185,3174451,0.0,0.0
2003-05-15 00:00:00-04:00,0.4138356243572521,0.41442183460043147,0.40809118329472577,0.41090482473373413,3385981,0.0,0.0
2003-05-16 00:00:00-04:00,0.4091463119028134,0.41442182660102844,0.40621547040380507,0.41442182660102844,4117335,0.0,0.0
2003-05-19 00:00:00-04:00,0.4138355678469281,0.4138355678469281,0.40727047527249427,0.40797388553619385,2088296,0.0,0.0
2003-05-20 00:00:00-04:00,0.4083257198293028,0.41348399271342295,0.4082084777776506,0.4125460982322693,3710777,0.0,0.0
2003-05-21 00:00:00-04:00,0.4116082271483929,0.4145390267153389,0.4089117858780054,0.41442182660102844,2174559,0.0,0.0
2003-05-22 00:00:00-04:00,0.41500795212113756,0.4205179922761767,0.41407009971095515,0.4201662242412567,2940417,0.0,0.0
2003-05-23 00:00:00-04:00,0.41934571040119406,0.4205181311312003,0.4167665944555398,0.4185250997543335,1678738,0.0,0.0
2003-05-27 00:00:00-04:00,0.4173526249428463,0.42145580220490814,0.41453894219973564,0.4179387092590332,4377622,0.0,0.0
2003-05-28 00:00:00-04:00,0.4191111218457546,0.42016621627020795,0.41055304055395064,0.4114909768104553,3253962,0.0,0.0
2003-05-29 00:00:00-04:00,0.4109046960928053,0.41348385262709164,0.3947264306116497,0.40023642778396606,6142622,0.0,0.0
2003-05-30 00:00:00-04:00,0.4031674169651898,0.41313236370650125,0.400353858941884,0.4130150377750397,10166193,0.0,0.0
2003-06-02 00:00:00-04:00,0.41242881179983953,0.4150079267361119,0.41043578120298024,0.41160815954208374,4970206,0.0,0.0
2003-06-03 00:00:00-04:00,0.41266337771662476,0.4153597354888916,0.4093808096329216,0.4153597354888916,3067185,0.0,0.0
2003-06-04 00:00:00-04:00,0.41571139555394837,0.42696587696619687,0.413483964453051,0.42567625641822815,4586901,0.0,0.0
2003-06-05 00:00:00-04:00,0.4227452905734579,0.42637962548892755,0.4184076712616173,0.4239177107810974,3290717,0.0,0.0
2003-06-06 00:00:00-04:00,0.4255590536980516,0.43341368352486437,0.42532461154427187,0.4268485903739929,3407734,0.0,0.0
2003-06-09 00:00:00-04:00,0.4273175494072934,0.427786517568946,0.41618026841306793,0.41746988892555237,3608012,0.0,0.0
2003-06-10 00:00:00-04:00,0.41758700511596164,0.42297980189323425,0.41758700511596164,0.42297980189323425,1630732,0.0,0.0
2003-06-11 00:00:00-04:00,0.4249728534916713,0.4310690624785506,0.42028350712090795,0.4304828941822052,2085296,0.0,0.0
2003-06-12 00:00:00-04:00,0.4284897447951659,0.42919315494270455,0.4192282966600498,0.4208695590496063,3364228,0.0,0.0
2003-06-13 00:00:00-04:00,0.4216903495710269,0.4220419918620977,0.41207713030987697,0.4126633405685425,3811291,0.0,0.0
2003-06-16 00:00:00-04:00,0.41442175147501126,0.4211040437221527,0.41442175147501126,0.4211040437221527,4475135,0.0,0.0
2003-06-17 00:00:00-04:00,0.42098690932253496,0.421924761805728,0.415711394757436,0.4191111624240875,2024537,0.0,0.0
2003-06-18 00:00:00-04:00,0.4161802838399638,0.4161802838399638,0.4099669586524751,0.41031864285469055,4016070,0.0,0.0
2003-06-19 00:00:00-04:00,0.412077079494009,0.41324949986676135,0.4069188491744899,0.40738773345947266,3106941,0.0,0.0
2003-06-20 00:00:00-04:00,0.40855999657444836,0.41031850084102006,0.4068014923078766,0.4069187343120575,3344725,0.0,0.0
2003-06-23 00:00:00-04:00,0.4069189096520874,0.4069189096520874,0.39941596326812895,0.4012916684150696,2475351,0.0,0.0
2003-06-24 00:00:00-04:00,0.4015261654829102,0.40328467074761193,0.3974229865319395,0.4016433656215668,2932166,0.0,0.0
2003-06-25 00:00:00-04:00,0.40187780369286463,0.4062154658354399,0.4009399511965541,0.4022294878959656,2197812,0.0,0.0
2003-06-26 00:00:00-04:00,0.4015262054571271,0.4060983531461917,0.40035391042935503,0.4058639109134674,2427345,0.0,0.0
2003-06-27 00:00:00-04:00,0.4059811404831219,0.4079740461621185,0.4026985719374764,0.4031674563884735,1630732,0.0,0.0
2003-06-30 00:00:00-04:00,0.40457415290690746,0.4064498997937489,0.40035377482659046,0.4056292474269867,4446631,0.0,0.0
2003-07-01 00:00:00-04:00,0.4050430007689062,0.4072703892580979,0.39988468787923576,0.4071531891822815,3981565,0.0,0.0
2003-07-02 00:00:00-04:00,0.40656692329618654,0.4155940115451812,0.4052773871829506,0.4155940115451813,3108441,0.0,0.0
2003-07-03 00:00:00-04:00,0.41500808310747506,0.4155942934639334,0.4104359358515988,0.41383570432662964,1078653,0.0,0.0
2003-07-07 00:00:00-04:00,0.41653213369109904,0.4205181124031709,0.4137184917926789,0.41371849179267883,2674880,0.0,0.0
2003-07-08 00:00:00-04:00,0.4138356287677305,0.415242449502228,0.4110220711628628,0.41453903913497925,3029680,0.0,0.0
2003-07-09 00:00:00-04:00,0.41559409592051155,0.4164147480974032,0.40621536365621913,0.4100840985774994,2875158,0.0,0.0
2003-07-10 00:00:00-04:00,0.4093808672434057,0.4093808672434057,0.40047109823675925,0.4031674563884735,3253962,0.0,0.0
2003-07-11 00:00:00-04:00,0.4038707239335703,0.40750501742880696,0.40328455567925325,0.40738773345947266,4115084,0.0,0.0
2003-07-14 00:00:00-04:00,0.41031860767859574,0.42204193057617845,0.40914627119563163,0.4207524359226227,9800892,0.0,0.0
2003-07-15 00:00:00-04:00,0.42192482059715264,0.4279037882558537,0.4195801051983324,0.42520734667778015,4165341,0.0,0.0
2003-07-16 00:00:00-04:00,0.42614526652484597,0.42731756116505276,0.42145587830371173,0.42567625641822815,2707884,0.0,0.0
2003-07-17 00:00:00-04:00,0.425676111952218,0.4267312061227691,0.4236832075470124,0.4253244698047638,5523034,0.0,0.0
2003-07-18 00:00:00-04:00,0.4264966974512222,0.43142052538768605,0.42485543544974785,0.42860692739486694,3232959,0.0,0.0
2003-07-21 00:00:00-04:00,0.4302484302618564,0.4323585773170862,0.42555904219621016,0.4270831048488617,1886518,0.0,0.0
2003-07-22 00:00:00-04:00,0.42743463056805264,0.4337652796680514,0.42731743049231447,0.43165504932403564,2603620,0.0,0.0
2003-07-23 00:00:00-04:00,0.43165496087733235,0.4320066868286234,0.426145048892878,0.43013089895248413,1820508,0.0,0.0
2003-07-24 00:00:00-04:00,0.431420506341339,0.43974409989882424,0.4303654123821172,0.4388062059879303,4698667,0.0,0.0
2003-07-25 00:00:00-04:00,0.4419717207911924,0.4443164356156524,0.43939260576878303,0.4425579309463501,4373871,0.0,0.0
2003-07-28 00:00:00-04:00,0.44314398182615466,0.4450197701393365,0.44033038322048135,0.4412682354450226,4254604,0.0,0.0
2003-07-29 00:00:00-04:00,0.4419718487391524,0.45193671141662844,0.43915829077223023,0.45029544830322266,5649052,0.0,0.0
2003-07-30 00:00:00-04:00,0.4501780255086627,0.4595567570866193,0.44994358342674395,0.4590877890586853,6456917,0.0,0.0
2003-07-31 00:00:00-04:00,0.4607292862678632,0.4637774122753597,0.4583846126609302,0.4620189070701599,7761352,0.0,0.0
2003-08-01 00:00:00-04:00,0.461901557621152,0.46694271464276427,0.46002585237676447,0.4642462730407715,4073078,0.0,0.0
2003-08-04 00:00:00-04:00,0.4630738713231726,0.4671770489791231,0.4558053264848936,0.46635639667510986,5134479,0.0,0.0
2003-08-05 00:00:00-04:00,0.4648324157109397,0.4671771310009141,0.46096367951115036,0.4636601209640503,4737673,0.0,0.0
2003-08-06 00:00:00-04:00,0.461315336905296,0.46190142124000155,0.45639150726242134,0.4603774845600128,5958846,0.0,0.0
2003-08-07 00:00:00-04:00,0.45428144670325277,0.4566261203765312,0.4493576152165398,0.4555710256099701,12371507,0.0,0.0
2003-08-08 00:00:00-04:00,0.45568808117634085,0.4563914913768473,0.4524055142179953,0.4531089663505554,4657411,0.0,0.0
2003-08-11 00:00:00-04:00,0.4531089663505555,0.45686037560111337,0.4525227562400887,0.4531089663505554,5747316,0.0,0.0
2003-08-12 00:00:00-04:00,0.4539473399447208,0.4540670804469984,0.4461619795664031,0.45059362053871155,8137905,0.109318,0.0
2003-08-13 00:00:00-04:00,0.450593693856585,0.4509530011038157,0.444365344563138,0.4444851279258728,5755567,0.0,0.0
2003-08-14 00:00:00-04:00,0.4455632788382919,0.4491564806451847,0.44412592100176457,0.44783899188041687,3915556,0.0,0.0
2003-08-15 00:00:00-04:00,0.4479585225018908,0.4479585225018908,0.43837645649909973,0.43837645649909973,2175309,0.0,0.0
2003-08-18 00:00:00-04:00,0.43837658721337447,0.4454433769209062,0.43837658721337447,0.4430478811264038,2872908,0.0,0.0
2003-08-19 00:00:00-04:00,0.4449643005939173,0.4472400561635323,0.44196988762552797,0.4467609226703644,4056576,0.0,0.0
2003-08-20 00:00:00-04:00,0.4479585716999031,0.45083311470271653,0.4449641596798034,0.44927605986595154,1998284,0.0,0.0
2003-08-21 00:00:00-04:00,0.4503542808736757,0.4546661831071366,0.44795878439297343,0.4522706866264343,3851047,0.0,0.0
2003-08-22 00:00:00-04:00,0.4533487524507991,0.4533487524507991,0.44939615629915547,0.44975554943084717,3571257,0.0,0.0
2003-08-25 00:00:00-04:00,0.4485575314922346,0.45071354667174374,0.44400614857573273,0.45023441314697266,4019071,0.0,0.0
2003-08-26 00:00:00-04:00,0.4485575841848702,0.45586390004512745,0.44436546523753223,0.4549057185649872,2172308,0.0,0.0
2003-08-27 00:00:00-04:00,0.4509531101247448,0.4610141867302485,0.45059380279064914,0.4605351388454437,2160307,0.0,0.0
2003-08-28 00:00:00-04:00,0.45993623403612943,0.46089441542376725,0.4551451985749967,0.4596967101097107,2657627,0.0,0.0
2003-08-29 00:00:00-04:00,0.45933721956693313,0.46340959670198506,0.45694172376559533,0.4617327153682709,1875266,0.0,0.0
2003-09-02 00:00:00-04:00,0.4635294319330762,0.4650865302266938,0.46053510441053985,0.4647272229194641,2371837,0.0,0.0
2003-09-03 00:00:00-04:00,0.46592485904693604,0.46652377587169785,0.46436780382547904,0.46592485904693604,2380838,0.0,0.0
2003-09-04 00:00:00-04:00,0.46508648733735575,0.46700293560245293,0.4616130266041874,0.4618525505065918,2401841,0.0,0.0
2003-09-05 00:00:00-04:00,0.4599361906302791,0.4613735054170724,0.455983596387086,0.458139568567276,2134803,0.0,0.0
2003-09-08 00:00:00-04:00,0.45813961180357266,0.460295498505267,0.4551451985749967,0.4596967101097107,5135229,0.0,0.0
2003-09-09 00:00:00-04:00,0.46029535598338034,0.4622118038472261,0.45610323873875885,0.45933717489242554,2421344,0.0,0.0
2003-09-10 00:00:00-04:00,0.45885813058367325,0.45981631168171905,0.4532286988199911,0.45514506101608276,2795647,0.0,0.0
2003-09-11 00:00:00-04:00,0.45538483753504094,0.4607746617391292,0.45538483753504094,0.46029552817344666,1966029,0.0,0.0
2003-09-12 00:00:00-04:00,0.4606549130792318,0.4659249537991246,0.4551452198987485,0.4654459059238434,1714743,0.0,0.0
2003-09-15 00:00:00-04:00,0.463649323440391,0.46520629328642976,0.4595769452761022,0.46137356758117676,1528717,0.0,0.0
2003-09-16 00:00:00-04:00,0.4605350619409251,0.4642480465764978,0.4586186136758279,0.4618525505065918,1880517,0.0,0.0
2003-09-17 00:00:00-04:00,0.4605351340987495,0.4605351340987495,0.45574409836728874,0.45754072070121765,1356193,0.0,0.0
2003-09-18 00:00:00-04:00,0.4593372803709083,0.46460744894523076,0.4567022603452139,0.464128315448761,2522608,0.0,0.0
2003-09-19 00:00:00-04:00,0.46412826134835683,0.4687995125075948,0.46281077290956957,0.4671226739883423,4663412,0.0,0.0
2003-09-22 00:00:00-04:00,0.4672425475741218,0.4672425475741218,0.46317021205589365,0.4658052325248718,1600727,0.0,0.0
2003-09-23 00:00:00-04:00,0.46424813440655155,0.47011713516094583,0.4641283938531844,0.4695183038711548,2195562,0.0,0.0
2003-09-24 00:00:00-04:00,0.46951826651761147,0.4721532867788007,0.464847014396401,0.46676337718963623,1765751,0.0,0.0
2003-09-25 00:00:00-04:00,0.46592506665096495,0.46772168940285475,0.4613736823235685,0.4620923399925232,1759000,0.0,0.0
2003-09-26 00:00:00-04:00,0.46173272650050684,0.46388874131924723,0.45981636408601145,0.4629305601119995,1297684,0.0,0.0
2003-09-29 00:00:00-04:00,0.4624513918343284,0.4662842452526092,0.460055895933755,0.46628424525260925,1137161,0.0,0.0
2003-09-30 00:00:00-04:00,0.46472710728025973,0.4729916016998774,0.4614931709559771,0.47143450379371643,3783537,0.0,0.0
2003-10-01 00:00:00-04:00,0.46951807308560495,0.47335083993403415,0.46652366106260373,0.47263213992118835,2828652,0.0,0.0
2003-10-02 00:00:00-04:00,0.4743091324702733,0.47874085987916415,0.47311142735678063,0.476944237947464,2359835,0.0,0.0
2003-10-03 00:00:00-04:00,0.47969910445597325,0.4876042077266319,0.47969910445597325,0.48664602637290955,2835403,0.0,0.0
2003-10-06 00:00:00-04:00,0.486646019139458,0.49395233392715454,0.486646019139458,0.49395233392715454,2391340,0.0,0.0
2003-10-07 00:00:00-04:00,0.49227538880300614,0.4951499752915157,0.4871250897961337,0.49467092752456665,2595368,0.0,0.0
2003-10-08 00:00:00-04:00,0.49407207386322954,0.49550938871168143,0.491317270384839,0.49526986479759216,1469459,0.0,0.0
2003-10-09 00:00:00-04:00,0.49766570603255084,0.5018578276268045,0.49730639846087693,0.5006601214408875,2065043,0.0,0.0
2003-10-10 00:00:00-04:00,0.5006597513003508,0.5012586253710647,0.49754555472346157,0.49994105100631714,1653985,0.0,0.0
2003-10-13 00:00:00-04:00,0.5000610485211351,0.5030554629979316,0.4995820004686065,0.502456545829773,1854263,0.0,0.0
2003-10-14 00:00:00-04:00,0.5018574563609359,0.5032947712663546,0.5012586251314891,0.5028157234191895,1791254,0.0,0.0
2003-10-15 00:00:00-04:00,0.5028156078737626,0.5036540485160826,0.49898275472642994,0.4992222785949707,2161807,0.0,0.0
2003-10-16 00:00:00-04:00,0.49946188744892417,0.5023364737542012,0.4985036206122137,0.501857340335846,1410200,0.0,0.0
2003-10-17 00:00:00-04:00,0.5029355427551039,0.503055326156152,0.4964676675083824,0.49730610847473145,2929916,0.0,0.0
2003-10-20 00:00:00-04:00,0.49970148945868814,0.5025760762134829,0.498264174660802,0.5000607967376709,4097082,0.0,0.0
2003-10-21 00:00:00-04:00,0.5000606960406454,0.50173753440653,0.4976652004205335,0.4982640743255615,1314937,0.0,0.0
2003-10-22 00:00:00-04:00,0.4982641214536455,0.5004201362612223,0.4919161174372825,0.49215564131736755,3163949,0.0,0.0
2003-10-23 00:00:00-04:00,0.4925148246477418,0.4925148246477418,0.48556790497221525,0.4880831837654114,3328973,0.0,0.0
2003-10-24 00:00:00-04:00,0.48808342821195355,0.4897603101412268,0.4814958124186263,0.4868856370449066,2655377,0.0,0.0
2003-10-27 00:00:00-05:00,0.4870052090487592,0.49982108261516917,0.48688534003910244,0.4910775423049927,5136729,0.0,0.0
2003-10-28 00:00:00-05:00,0.4916765580481953,0.4934731801165475,0.47802223889691414,0.48987993597984314,2762642,0.0,0.0
2003-10-29 00:00:00-05:00,0.49011945569498633,0.4952698407924692,0.48940079830559285,0.4905985891819,2108549,0.0,0.0
2003-10-30 00:00:00-05:00,0.4905987330280182,0.49407219478071746,0.48999985883476005,0.4904789924621582,2565364,0.0,0.0
2003-10-31 00:00:00-05:00,0.49227543207097935,0.49574889283493145,0.48736465651595456,0.48987993597984314,1990783,0.0,0.0
2003-11-03 00:00:00-05:00,0.4884424336377049,0.49586848580517884,0.48688533607177087,0.4944312572479248,2565364,0.0,0.0
2003-11-04 00:00:00-05:00,0.493473081350068,0.493473081350068,0.4414907494626885,0.4443652927875519,35385524,0.0,0.0
2003-11-05 00:00:00-05:00,0.438736005071702,0.4407721509082074,0.43274717956301734,0.433944970369339,12574785,0.0,0.0
2003-11-06 00:00:00-05:00,0.4315495601518807,0.44029310489914475,0.4274771819880758,0.43765804171562195,6209382,0.0,0.0
2003-11-07 00:00:00-05:00,0.44005340028638,0.44340707674211155,0.4335855283716664,0.43418440222740173,6467418,0.0,0.0
2003-11-10 00:00:00-05:00,0.42819583791199683,0.4283156213000794,0.40555840552174527,0.41382285952568054,26922822,0.0,0.0
2003-11-11 00:00:00-05:00,0.4153798180589825,0.4252013691457131,0.413104148186979,0.4189731478691101,5975348,0.0,0.0
2003-11-12 00:00:00-05:00,0.4198115968941319,0.42328505807262873,0.41214601705583287,0.4132239818572998,8908265,0.0,0.0
2003-11-13 00:00:00-05:00,0.4132238940263305,0.4213686056816585,0.4115470554870191,0.4204104244709015,4074579,0.0,0.0
2003-11-14 00:00:00-05:00,0.4192127429203042,0.4250817007575159,0.4192127429203042,0.42160823941230774,4598903,0.0,0.0
2003-11-17 00:00:00-05:00,0.4222070463718009,0.4222070463718009,0.4186137168880553,0.4204104244709015,6936985,0.0,0.0
2003-11-18 00:00:00-05:00,0.42406617337393676,0.42528479553825266,0.4185826133577492,0.41870447993278503,5176485,0.079989,0.0
2003-11-19 00:00:00-05:00,0.42101972055653586,0.42101972055653586,0.4168765625992377,0.4173639416694641,3139196,0.0,0.0
2003-11-20 00:00:00-05:00,0.4162671693527259,0.4165108588524544,0.41090543374029487,0.4134644567966461,3234459,0.0,0.0
2003-11-21 00:00:00-05:00,0.4143175434427892,0.41577976784061815,0.40225353837013245,0.40225353837013245,6142622,0.0,0.0
2003-11-24 00:00:00-05:00,0.4023753113430232,0.4113927364678056,0.40213153471642854,0.4091993570327759,8082398,0.0,0.0
2003-11-25 00:00:00-05:00,0.4110274158877779,0.4165109759993509,0.40980879370226425,0.41565799713134766,3159449,0.0,0.0
2003-11-26 00:00:00-05:00,0.4161454508180636,0.41980114291955206,0.4134645605461244,0.4180951416492462,4271857,0.0,0.0
2003-11-28 00:00:00-05:00,0.41675463248611605,0.42028850068768164,0.414682988444324,0.414926677942276,1776252,0.0,0.0
2003-12-01 00:00:00-05:00,0.41675480577642876,0.41919191969947606,0.4156580500284963,0.41651102900505066,5491530,0.0,0.0
2003-12-02 00:00:00-05:00,0.4167546597893628,0.4173639053671723,0.4133426579062548,0.41504865884780884,3370229,0.0,0.0
2003-12-03 00:00:00-05:00,0.41748582230806297,0.4185826215047329,0.41456128596653696,0.4152924418449402,2584117,0.0,0.0
2003-12-04 00:00:00-05:00,0.41675480577642876,0.41736405156765394,0.41443947127394826,0.41651102900505066,3378480,0.0,0.0
2003-12-05 00:00:00-05:00,0.4166328040105077,0.4211416054316471,0.4143175571890791,0.4144393801689148,2144554,0.0,0.0
2003-12-08 00:00:00-05:00,0.4137082452172211,0.4167547351735309,0.4127333998131519,0.4143175780773163,1639733,0.0,0.0
2003-12-09 00:00:00-05:00,0.4168764990281074,0.4168764990281074,0.4105398311188322,0.414926677942276,1662986,0.0,0.0
2003-12-10 00:00:00-05:00,0.4138300098224458,0.4156578771942243,0.4120021424506673,0.414926677942276,1650234,0.0,0.0
2003-12-11 00:00:00-05:00,0.41480493148758407,0.42284760170993274,0.41480493148758407,0.4195574223995209,2455849,0.0,0.0
2003-12-12 00:00:00-05:00,0.4189480553214949,0.42455352397111046,0.4189480553214949,0.42394423484802246,3789538,0.0,0.0
2003-12-15 00:00:00-05:00,0.42589398374682347,0.4263814499811603,0.41919180247109616,0.4204104244709015,1871516,0.0,0.0
2003-12-16 00:00:00-05:00,0.42162899424691824,0.4241880178451538,0.418216948253924,0.4241880178451538,1858014,0.0,0.0
2003-12-17 00:00:00-05:00,0.4228477881605532,0.4228477881605532,0.42077614282322195,0.4215072989463806,2397340,0.0,0.0
2003-12-18 00:00:00-05:00,0.42345683000976136,0.42345683000976136,0.4215070958162947,0.4221164286136627,3435488,0.0,0.0
2003-12-19 00:00:00-05:00,0.42199480143366286,0.4255286281957322,0.4198012895174856,0.4234570264816284,5081221,0.0,0.0
2003-12-22 00:00:00-05:00,0.42406601277641776,0.42686881218266987,0.421019611070476,0.4246753454208374,2012536,0.0,0.0
2003-12-23 00:00:00-05:00,0.42345702648162836,0.4271128070318284,0.422360314109597,0.4234570264816284,1479960,0.0,0.0
2003-12-24 00:00:00-05:00,0.4234567784156921,0.42394424459419355,0.4217507339630005,0.4226037561893463,953385,0.0,0.0
2003-12-26 00:00:00-05:00,0.4226038725924399,0.426381518586192,0.420288625536999,0.42089787125587463,1011144,0.0,0.0
2003-12-29 00:00:00-05:00,0.4232130161178781,0.424553460706131,0.420288437480069,0.42223817110061646,3667271,0.0,0.0
2003-12-30 00:00:00-05:00,0.4222383393184122,0.4262596746852522,0.4212634503267351,0.4228476285934448,2779145,0.0,0.0
2003-12-31 00:00:00-05:00,0.4246754489190916,0.4265033165397445,0.41906993591251196,0.4204104244709015,4066327,0.0,0.0
2004-01-02 00:00:00-05:00,0.42284772092280304,0.4229695875216276,0.4180952286710027,0.4199230968952179,2548112,0.0,0.0
2004-01-05 00:00:00-05:00,0.42162916162134795,0.4250411653827674,0.4193139138274382,0.42126360535621643,3766285,0.0,0.0
2004-01-06 00:00:00-05:00,0.42528480607205305,0.4262596951104441,0.41931377960782684,0.4258940517902374,5006961,0.0,0.0
2004-01-07 00:00:00-05:00,0.4252848899739426,0.4252848899739426,0.4137083473236997,0.41468319296836853,6513175,0.0,0.0
2004-01-08 00:00:00-05:00,0.41614548243069815,0.421994686126709,0.4150487703583353,0.421994686126709,4215599,0.0,0.0
2004-01-09 00:00:00-05:00,0.4216288653682733,0.4216288653682733,0.4163889967908195,0.417973130941391,2784395,0.0,0.0
2004-01-12 00:00:00-05:00,0.4176077788788568,0.41858262433261806,0.41480497833767305,0.4169984459877014,3119693,0.0,0.0
2004-01-13 00:00:00-05:00,0.41699830667320387,0.4196791961544575,0.41419559424046254,0.4178513288497925,3090439,0.0,0.0
2004-01-14 00:00:00-05:00,0.4163890249876529,0.42016666978780975,0.41541417984221435,0.4198010265827179,2463350,0.0,0.0
2004-01-15 00:00:00-05:00,0.4191918093199813,0.4191918093199813,0.4144393621458441,0.4173639416694641,3286217,0.0,0.0
2004-01-16 00:00:00-05:00,0.4173639453245043,0.41955741267595653,0.4137082099914551,0.4137082099914551,2941918,0.0,0.0
2004-01-20 00:00:00-05:00,0.41005265828509285,0.4135865282633822,0.4095651918720438,0.41139301657676697,3615513,0.0,0.0
2004-01-21 00:00:00-05:00,0.4126114659041594,0.4128551553966445,0.4088338211173274,0.40944311022758484,2691382,0.0,0.0
2004-01-22 00:00:00-05:00,0.41127116258700286,0.4124897849417991,0.40456893577284575,0.4082246720790863,5754067,0.0,0.0
2004-01-23 00:00:00-05:00,0.41078358323640873,0.4124895839642286,0.4070059385906185,0.4090774953365326,4034823,0.0,0.0
2004-01-26 00:00:00-05:00,0.41005271548549543,0.4124898735465018,0.40676253466871337,0.4096870720386505,4379122,0.0,0.0
2004-01-27 00:00:00-05:00,0.41188039320302744,0.4143175501348751,0.40944319268514123,0.4124896824359894,5979099,0.0,0.0
2004-01-28 00:00:00-05:00,0.4179732727788645,0.42638149968281186,0.4176077602325789,0.4210197627544403,6630941,0.0,0.0
2004-01-29 00:00:00-05:00,0.42284771290094153,0.4229695794974542,0.4146831739671986,0.4194357097148895,2343333,0.0,0.0
2004-01-30 00:00:00-05:00,0.4198012060249446,0.4296717461682875,0.4191919166520998,0.4286969006061554,6339900,0.0,0.0
2004-02-02 00:00:00-05:00,0.4317432587970754,0.4369831294219173,0.4290623684021065,0.4368613064289093,4813433,0.0,0.0
2004-02-03 00:00:00-05:00,0.43686142823649715,0.4386892530877438,0.4341805370940306,0.43503355979919434,4656661,0.0,0.0
2004-02-04 00:00:00-05:00,0.4347897453696368,0.4349115683616475,0.4254066726501074,0.4258940517902374,3424236,0.0,0.0
2004-02-05 00:00:00-05:00,0.42284751830041606,0.4251628518104553,0.42089774082563025,0.4251628518104553,4171342,0.0,0.0
2004-02-06 00:00:00-05:00,0.4243099755405706,0.43259624934899793,0.4234569094641921,0.43198704719543457,3017678,0.0,0.0
2004-02-09 00:00:00-05:00,0.43381473613637084,0.43381473613637084,0.42747806874426153,0.42833104729652405,2688382,0.0,0.0
2004-02-10 00:00:00-05:00,0.43052459892599787,0.43223059977990747,0.425893931781033,0.4273562431335449,5147981,0.0,0.0
2004-02-11 00:00:00-05:00,0.4289406755138998,0.4289406755138998,0.42345702648162836,0.4234570264816284,5262747,0.0,0.0
2004-02-12 00:00:00-05:00,0.42345687251872166,0.4265033624672374,0.4193137577690062,0.41967931389808655,4959704,0.0,0.0
2004-02-13 00:00:00-05:00,0.3960388504794153,0.4021317438014244,0.3855591088343961,0.40091320872306824,20305383,0.0,0.0
2004-02-17 00:00:00-05:00,0.3978666875258584,0.4020098895313603,0.39372348552035646,0.4005475342273712,8550464,0.0,0.0
2004-02-18 00:00:00-05:00,0.3996788398657513,0.4017888700543045,0.39446563085065095,0.3978169858455658,5926591,0.079989,0.0
2004-02-19 00:00:00-05:00,0.39781687179449177,0.40091991654206266,0.3955826209729405,0.39769265055656433,3781287,0.0,0.0
2004-02-20 00:00:00-05:00,0.39781696580991316,0.3998029078142626,0.3953344939080264,0.3991822898387909,4457133,0.0,0.0
2004-02-23 00:00:00-05:00,0.39967884614180366,0.4001752872792392,0.39372088654578236,0.3948379456996918,3577258,0.0,0.0
2004-02-24 00:00:00-05:00,0.39483803915859184,0.39483803915859184,0.3867700474311753,0.39036962389945984,7061503,0.0,0.0
2004-02-25 00:00:00-05:00,0.39036945949826035,0.39856158028759375,0.39036945949826035,0.3966997265815735,7396800,0.0,0.0
2004-02-26 00:00:00-05:00,0.396699832076245,0.3990582162481934,0.39496211036780143,0.3985616862773895,2665879,0.0,0.0
2004-02-27 00:00:00-05:00,0.39843744440476025,0.40216124057769775,0.39781691530097435,0.40216124057769775,2839153,0.0,0.0
2004-03-01 00:00:00-05:00,0.40240941488293913,0.4107257558982955,0.4019128851054688,0.40948447585105896,4061077,0.0,0.0
2004-03-02 00:00:00-05:00,0.40960866771403753,0.4166837304753274,0.40960866771403753,0.41643550992012024,4373871,0.0,0.0
2004-03-03 00:00:00-05:00,0.41494601810730414,0.41978691891008413,0.4145737094247154,0.4159391224384308,4822435,0.0,0.0
2004-03-04 00:00:00-05:00,0.4158149568163732,0.42040759325027466,0.41519438306704437,0.42040759325027466,4152590,0.0,0.0
2004-03-05 00:00:00-05:00,0.4204073490557536,0.4204073490557536,0.41618715699497416,0.4176766574382782,9231561,0.0,0.0
2004-03-08 00:00:00-05:00,0.417055975437614,0.417055975437614,0.40985682722877376,0.4133323132991791,6492172,0.0,0.0
2004-03-09 00:00:00-05:00,0.413208357756579,0.4133325790597675,0.4081193688004372,0.40960878133773804,2389089,0.0,0.0
2004-03-10 00:00:00-05:00,0.40898808183756474,0.40960861094135065,0.40141649022239917,0.40216124057769775,3010927,0.0,0.0
2004-03-11 00:00:00-05:00,0.40029930153392373,0.40029930153392373,0.3959549762198764,0.3966997265815735,3572757,0.0,0.0
2004-03-12 00:00:00-05:00,0.3966995890509379,0.4009198248386383,0.3965755010307121,0.4009198248386383,2491104,0.0,0.0
2004-03-15 00:00:00-05:00,0.4009199842123112,0.40278183801297496,0.3949620254123189,0.39595499634742737,2530859,0.0,0.0
2004-03-16 00:00:00-05:00,0.39781685275499534,0.40054754443317,0.3947137193630611,0.3990580439567566,2562364,0.0,0.0
2004-03-17 00:00:00-05:00,0.3990581807207438,0.40005115178103573,0.39285200060278735,0.39458972215652466,6612939,0.0,0.0
2004-03-18 00:00:00-05:00,0.39458975757242193,0.395334552529168,0.3883836212938944,0.3897489011287689,4719670,0.0,0.0
2004-03-19 00:00:00-05:00,0.3885077412618495,0.3902454631141095,0.38664588690661517,0.38751477003097534,6758460,0.0,0.0
2004-03-22 00:00:00-05:00,0.383542764731429,0.3907419173869257,0.3795707908823166,0.3891284167766571,9143798,0.0,0.0
2004-03-23 00:00:00-05:00,0.38974886910509754,0.39099014953456135,0.3863975140573871,0.39012131094932556,2762642,0.0,0.0
2004-03-24 00:00:00-05:00,0.39036954943367724,0.391734962408397,0.3847839426323297,0.38627344369888306,3059684,0.0,0.0
2004-03-25 00:00:00-05:00,0.3861491790326654,0.3898728860279778,0.3855285612001133,0.38813516497612,5551538,0.0,0.0
2004-03-26 00:00:00-05:00,0.3903695743534729,0.3923555167070461,0.38292211294174194,0.38292211294174194,6020355,0.0,0.0
2004-03-29 00:00:00-05:00,0.38366675322518945,0.3909900800353813,0.38341853270058074,0.386521577835083,4172842,0.0,0.0
2004-03-30 00:00:00-05:00,0.3847838585450563,0.3847838585450563,0.37460575146935904,0.38143259286880493,9651620,0.0,0.0
2004-03-31 00:00:00-05:00,0.383046031511378,0.38614916495746854,0.3804394278303824,0.38590094447135925,5261997,0.0,0.0
2004-04-01 00:00:00-05:00,0.3818050056389208,0.3891283788812735,0.38118438756021494,0.3820532262325287,5340008,0.0,0.0
2004-04-02 00:00:00-05:00,0.38205307000419875,0.3870180570000312,0.3804394370215324,0.3837907910346985,4913948,0.0,0.0
2004-04-05 00:00:00-04:00,0.38478373271357197,0.38540435041998206,0.37373679081518957,0.37485384941101074,5615297,0.0,0.0
2004-04-06 00:00:00-04:00,0.3738610439215454,0.37448170629844624,0.35747668928085,0.3639310896396637,10764028,0.0,0.0
2004-04-07 00:00:00-04:00,0.37808127749221254,0.37832949804375615,0.36368286503226227,0.36765486001968384,8073396,0.0,0.0
2004-04-08 00:00:00-04:00,0.3685237014989934,0.3685237014989934,0.35971082959367157,0.35983502864837646,3818042,0.0,0.0
2004-04-12 00:00:00-04:00,0.35995911717056905,0.3602073376792079,0.3361273067529282,0.351270467042923,6716454,0.0,0.0
2004-04-13 00:00:00-04:00,0.3517669394563979,0.3630621945097598,0.3444436790584126,0.35375288128852844,7963131,0.0,0.0
2004-04-14 00:00:00-04:00,0.3506498385544818,0.3620692032310182,0.3494085361863183,0.3562353551387787,12634044,0.0,0.0
2004-04-15 00:00:00-04:00,0.35623529251174185,0.36057961695524166,0.3553664320626855,0.3588418960571289,6594936,0.0,0.0
2004-04-16 00:00:00-04:00,0.36107623652127513,0.36293809031738644,0.3552424102015475,0.3599591553211212,4838937,0.0,0.0
2004-04-19 00:00:00-04:00,0.35995910938950754,0.35995910938950754,0.35288398151383793,0.3558630049228668,5704560,0.0,0.0
2004-04-20 00:00:00-04:00,0.3579730905169158,0.36070389367998484,0.3542494052471985,0.35499417781829834,5225992,0.0,0.0
2004-04-21 00:00:00-04:00,0.3549941540821798,0.3559871249153255,0.3486638651288801,0.3554905951023102,3824043,0.0,0.0
2004-04-22 00:00:00-04:00,0.3528840007917568,0.36020734957077133,0.3525116700165068,0.3562353551387787,4523142,0.0,0.0
2004-04-23 00:00:00-04:00,0.35437346436020306,0.35524232481657364,0.3506497798612175,0.3533804714679718,2502355,0.0,0.0
2004-04-26 00:00:00-04:00,0.35226354719053354,0.3576008447381536,0.34928452279260913,0.3499051630496979,3999568,0.0,0.0
2004-04-27 00:00:00-04:00,0.3523875803071624,0.3559871553809226,0.3489121154990562,0.35263580083847046,2351584,0.0,0.0
2004-04-28 00:00:00-04:00,0.35275983857447846,0.35561475146732646,0.3500291247146409,0.3544975817203522,3326722,0.0,0.0
2004-04-29 00:00:00-04:00,0.3562353127276818,0.35673184249512224,0.3471743326166887,0.34953269362449646,8015638,0.0,0.0
2004-04-30 00:00:00-04:00,0.35127048326422194,0.3543735283423772,0.34680193674862114,0.3496568500995636,7102008,0.0,0.0
2004-05-03 00:00:00-04:00,0.35064982442426046,0.36231740914745875,0.34705024970545817,0.3614485263824463,5580792,0.0,0.0
2004-05-04 00:00:00-04:00,0.3674064870881045,0.3760951372138316,0.3659170752437161,0.37137848138809204,8817502,0.0,0.0
2004-05-05 00:00:00-04:00,0.373612781587912,0.3777087976458161,0.3679030435305206,0.37001311779022217,6412660,0.0,0.0
2004-05-06 00:00:00-04:00,0.36678597344244446,0.3702614382889011,0.35909029335449627,0.36566880345344543,7870117,0.0,0.0
2004-05-07 00:00:00-04:00,0.36579291504617834,0.3682753867743268,0.35561482979686143,0.3599591553211212,5123978,0.0,0.0
2004-05-10 00:00:00-04:00,0.35648371928793016,0.3580973526795759,0.3413405783666996,0.35002923011779785,5736064,0.0,0.0
2004-05-11 00:00:00-04:00,0.32830745766246777,0.35884188222281665,0.32830745766246777,0.35040152072906494,5823077,0.0,0.0
2004-05-12 00:00:00-04:00,0.3497809754260443,0.35499418372650243,0.3446918995892058,0.35375288128852844,3517999,0.0,0.0
2004-05-13 00:00:00-04:00,0.35375288276063344,0.357600767166626,0.3507739700000412,0.3515187203884125,4141338,0.0,0.0
2004-05-14 00:00:00-04:00,0.35443535222021133,0.3592540999794028,0.3515186444546928,0.3535476624965668,2899162,0.079989,0.0
2004-05-17 00:00:00-04:00,0.353547739433225,0.36140990257263184,0.3501238444482569,0.36140990257263184,4030322,0.0,0.0
2004-05-18 00:00:00-04:00,0.36191721403194405,0.3672432633207271,0.36052226936261,0.36546790599823,3941810,0.0,0.0
2004-05-19 00:00:00-04:00,0.36445327222451646,0.36901842604400725,0.35354760809015146,0.35633742809295654,5367012,0.0,0.0
2004-05-20 00:00:00-04:00,0.3550693001638624,0.36496056936987314,0.3550693001638624,0.3605221211910248,5738315,0.0,0.0
2004-05-21 00:00:00-04:00,0.3614098884439154,0.3657214504984416,0.3591273674721886,0.36001503467559814,7407302,0.0,0.0
2004-05-24 00:00:00-04:00,0.36039540506683626,0.36572143067734303,0.35773238092223086,0.35887375473976135,2697383,0.0,0.0
2004-05-25 00:00:00-04:00,0.36039544629453113,0.365087489270013,0.36039544629453113,0.36267808079719543,3870550,0.0,0.0
2004-05-26 00:00:00-04:00,0.36267802355660256,0.3672431784478907,0.35912733241090977,0.3645801544189453,4094081,0.0,0.0
2004-05-27 00:00:00-04:00,0.36775058121708276,0.36977953207959924,0.3615368639212684,0.36369261145591736,5770569,0.0,0.0
2004-05-28 00:00:00-04:00,0.3633120529521264,0.36775041067138325,0.3633120529521264,0.3662286698818207,3397982,0.0,0.0
2004-06-01 00:00:00-04:00,0.3666092051059452,0.36762375984452395,0.3583665601801437,0.36343899369239807,3402483,0.0,0.0
2004-06-02 00:00:00-04:00,0.36305843559386275,0.3678772747516632,0.3619171524710852,0.3678772747516632,3472993,0.0,0.0
2004-06-03 00:00:00-04:00,0.3658484320145989,0.3682577500982979,0.36280492649250673,0.3638193905353546,3745282,0.0,0.0
2004-06-04 00:00:00-04:00,0.36622874939732025,0.36762369387642285,0.36153677475398255,0.3630584478378296,2472351,0.0,0.0
2004-06-07 00:00:00-04:00,0.365214312476183,0.36686287313959987,0.3624245138539199,0.3648338317871094,1337440,0.0,0.0
2004-06-08 00:00:00-04:00,0.3652141170895136,0.36673588028071896,0.36217063606449523,0.36584821343421936,1856514,0.0,0.0
2004-06-09 00:00:00-04:00,0.3658483049221223,0.3690184926153717,0.3655945982847069,0.36711636185646057,3027430,0.0,0.0
2004-06-10 00:00:00-04:00,0.36711663634078484,0.3749788945709689,0.3657216683480001,0.3745984137058258,8417695,0.0,0.0
2004-06-14 00:00:00-04:00,0.37142783872811724,0.3718082285074096,0.36762355539735087,0.37054017186164856,3134695,0.0,0.0
2004-06-15 00:00:00-04:00,0.37409110449970506,0.3776417969459079,0.3732034370578322,0.37700772285461426,4244853,0.0,0.0
2004-06-16 00:00:00-04:00,0.3770075121950101,0.3797973096370697,0.374090895469812,0.3797973096370697,1975030,0.0,0.0
2004-06-17 00:00:00-04:00,0.3785293991752789,0.3794170664642257,0.37472511403389364,0.3772612512111664,3353726,0.0,0.0
2004-06-18 00:00:00-04:00,0.375993141867857,0.38347500562667847,0.37535906793540663,0.38347500562667847,3585509,0.0,0.0
2004-06-21 00:00:00-04:00,0.38347501942406576,0.3856307665499142,0.3806851303068335,0.38423579931259155,3337224,0.0,0.0
2004-06-22 00:00:00-04:00,0.38461634019534713,0.3888011062435788,0.38360187619679137,0.38613808155059814,4079829,0.0,0.0
2004-06-23 00:00:00-04:00,0.3871525274105224,0.39400022711607563,0.3841090448426117,0.3938734531402588,3022179,0.0,0.0
2004-06-24 00:00:00-04:00,0.3945072946861557,0.3971703178384181,0.38968857080222724,0.39019575715065,6895729,0.0,0.0
2004-06-25 00:00:00-04:00,0.3913370797118096,0.39577557355208376,0.3912103057757855,0.39539507031440735,4902696,0.0,0.0
2004-06-28 00:00:00-04:00,0.39590215715120514,0.399199139693368,0.3923514907867539,0.3983114957809448,3445989,0.0,0.0
2004-06-29 00:00:00-04:00,0.39945311590262267,0.39945311590262267,0.3931125578552229,0.39400020241737366,9263815,0.0,0.0
2004-06-30 00:00:00-04:00,0.39400009591235974,0.3974239899823803,0.3891813710709312,0.39476096630096436,6706702,0.0,0.0
2004-07-01 00:00:00-04:00,0.3929856062446744,0.4016087278148234,0.3912102723605664,0.4005942642688751,8807000,0.0,0.0
2004-07-02 00:00:00-04:00,0.40072133414976524,0.4087103643030338,0.40072133414976524,0.4059205651283264,4299610,0.0,0.0
2004-07-06 00:00:00-04:00,0.40706163927661704,0.40731536861302425,0.39843860650357693,0.4038914740085602,2971172,0.0,0.0
2004-07-07 00:00:00-04:00,0.404145159776981,0.41619218062672597,0.403891566454751,0.41593849658966064,6681949,0.0,0.0
2004-07-08 00:00:00-04:00,0.4163189758409991,0.4164457951872906,0.41137333883757105,0.4153045117855072,6289643,0.0,0.0
2004-07-09 00:00:00-04:00,0.4146704415792673,0.4182211109696558,0.412641468203009,0.41809433698654175,8605222,0.0,0.0
2004-07-12 00:00:00-04:00,0.41467030098003627,0.4206303997474319,0.4121340511015977,0.4194890260696411,5525284,0.0,0.0
2004-07-13 00:00:00-04:00,0.41948897695854853,0.41961588695602814,0.4146702524330892,0.41898179054260254,3427987,0.0,0.0
2004-07-14 00:00:00-04:00,0.4188553702809545,0.4207574796977025,0.41593866038864286,0.420123428106308,3127194,0.0,0.0
2004-07-15 00:00:00-04:00,0.4210110483197636,0.42456176423687614,0.4192357130399238,0.42025017738342285,6534178,0.0,0.0
2004-07-16 00:00:00-04:00,0.42342020964217253,0.4239273961320336,0.4178406139648544,0.418601393699646,4054326,0.0,0.0
2004-07-19 00:00:00-04:00,0.4191087211732399,0.4221521126218613,0.4179674380406545,0.421644926071167,2272073,0.0,0.0
2004-07-20 00:00:00-04:00,0.4239276922972396,0.42405460240187665,0.41898214431328495,0.420123428106308,5715061,0.0,0.0
2004-07-21 00:00:00-04:00,0.42329373142071614,0.42608353120839065,0.41898214431328495,0.420123428106308,5226742,0.0,0.0
2004-07-22 00:00:00-04:00,0.42101088053329916,0.4213913838859759,0.41264143964134276,0.41479718685150146,4295110,0.0,0.0
2004-07-23 00:00:00-04:00,0.4123877467383001,0.4159384611638617,0.40820307173986736,0.41251465678215027,4117335,0.0,0.0
2004-07-26 00:00:00-04:00,0.4108661021447114,0.4123877526852699,0.4066813363711033,0.4073154330253601,3935809,0.0,0.0
2004-07-27 00:00:00-04:00,0.40554008326372354,0.40896388794939886,0.39869229246270155,0.39945316314697266,6581434,0.0,0.0
2004-07-28 00:00:00-04:00,0.3981849353265163,0.40477913148326733,0.3923517457738246,0.40135523676872253,7711095,0.0,0.0
2004-07-29 00:00:00-04:00,0.40389158429827227,0.4070617504319988,0.4014821528074264,0.4019894301891327,3124944,0.0,0.0
2004-07-30 00:00:00-04:00,0.40211615019570757,0.40579363857488165,0.4009748215975039,0.4054131805896759,4218599,0.0,0.0
2004-08-02 00:00:00-04:00,0.4057935571867452,0.4092174515798144,0.4012284251391923,0.4076957106590271,4524642,0.0,0.0
2004-08-03 00:00:00-04:00,0.40756907595076636,0.41784076263907693,0.4057936958175255,0.4153045117855072,6447165,0.0,0.0
2004-08-04 00:00:00-04:00,0.4095979132175158,0.41695298009695064,0.40579360581704393,0.41314858198165894,2544361,0.0,0.0
2004-08-05 00:00:00-04:00,0.41188050295480344,0.4120073222662194,0.4033841533788262,0.40515953302383423,3855547,0.0,0.0
2004-08-06 00:00:00-04:00,0.4026233720970645,0.41150013621714904,0.4016089080957267,0.4064277708530426,4831436,0.0,0.0
2004-08-09 00:00:00-04:00,0.4076957630488775,0.40972469072744316,0.40465237153102906,0.4066812992095947,2567615,0.0,0.0
2004-08-10 00:00:00-04:00,0.40858340042238706,0.4103587345917026,0.40617396973823977,0.4076957106590271,2166308,0.0,0.0
2004-08-11 00:00:00-04:00,0.40858327414836965,0.41073911091772025,0.40769558465935307,0.41035860776901245,4204347,0.0,0.0
2004-08-12 00:00:00-04:00,0.4120074399694043,0.41238780729750124,0.40579370015153654,0.40794944763183594,1688490,0.0,0.0
2004-08-13 00:00:00-04:00,0.40769565852925144,0.4087101221084595,0.4057935053001873,0.4087101221084595,1701242,0.0,0.0
2004-08-16 00:00:00-04:00,0.4089636626604894,0.4158114496892191,0.40883688874746266,0.41340211033821106,2885660,0.0,0.0
2004-08-17 00:00:00-04:00,0.4139095600749387,0.4196161133731392,0.4139095600749387,0.4182211458683014,3346975,0.0,0.0
2004-08-18 00:00:00-04:00,0.4184793903654099,0.42674562335014343,0.4177044209173047,0.42674562335014343,2452098,0.079989,0.0
2004-08-19 00:00:00-04:00,0.42597080864454345,0.42609997796579774,0.4209335285009064,0.42261263728141785,3731780,0.0,0.0
2004-08-20 00:00:00-04:00,0.42429151590390735,0.42752056274365774,0.42416239283653434,0.4273914396762848,2291575,0.0,0.0
2004-08-23 00:00:00-04:00,0.4262290201095092,0.42803725166983,0.42480829643932844,0.427778959274292,3119693,0.0,0.0
2004-08-24 00:00:00-04:00,0.4285537388035965,0.4324285387992859,0.42790793880431494,0.4324285387992859,2398841,0.0,0.0
2004-08-25 00:00:00-04:00,0.4324286667977215,0.43772423759888746,0.43204120516261163,0.43656185269355774,3905805,0.0,0.0
2004-08-26 00:00:00-04:00,0.43591611877515646,0.4397908747196198,0.4339787177039779,0.43979087471961975,2862406,0.0,0.0
2004-08-27 00:00:00-04:00,0.439532362973286,0.4434071631821566,0.439532362973286,0.4423739016056061,2437096,0.0,0.0
2004-08-30 00:00:00-04:00,0.4427615953374618,0.4508987069129944,0.4427615953374618,0.4508987069129944,5237994,0.0,0.0
2004-08-31 00:00:00-04:00,0.4508987421748111,0.46032740890199764,0.4507695728639125,0.4585191309452057,8324682,0.0,0.0
2004-09-01 00:00:00-04:00,0.45942324200537915,0.4649771062554751,0.45722754864510695,0.46278145909309387,13897223,0.0,0.0
2004-09-02 00:00:00-04:00,0.46278122634224766,0.46639768782141844,0.4572273186875389,0.46601027250289917,9678624,0.0,0.0
2004-09-03 00:00:00-04:00,0.46355640223593486,0.4740184222169808,0.46329810984248065,0.47040191292762756,6643693,0.0,0.0
2004-09-07 00:00:00-04:00,0.4704019087231464,0.47724737315576565,0.46859367719357603,0.4755682647228241,6685699,0.0,0.0
2004-09-08 00:00:00-04:00,0.4740184406168564,0.4755682874335182,0.4696269615809009,0.47233933210372925,6353402,0.0,0.0
2004-09-09 00:00:00-04:00,0.47014358356187974,0.4702727528727783,0.4583900078322009,0.4585191309452057,8374939,0.0,0.0
2004-09-10 00:00:00-04:00,0.457227373805154,0.4573565430588099,0.4507693731010906,0.453998327255249,6561932,0.0,0.0
2004-09-13 00:00:00-04:00,0.44108254597358876,0.44676553339664415,0.43656194369817103,0.44624894857406616,7507066,0.0,0.0
2004-09-14 00:00:00-04:00,0.4462490383660029,0.44650733082926414,0.4399202031465407,0.4439241290092468,6126870,0.0,0.0
2004-09-15 00:00:00-04:00,0.4439239396373521,0.44947780270202675,0.44314897018235816,0.4481862485408783,3298968,0.0,0.0
2004-09-16 00:00:00-04:00,0.44818641320594343,0.45516109466552734,0.44624901195559197,0.45516109466552734,2749140,0.0,0.0
2004-09-17 00:00:00-04:00,0.4561941669316559,0.456452459272099,0.4498653347215568,0.45141518115997314,3460241,0.0,0.0
2004-09-20 00:00:00-04:00,0.44986555459723276,0.4538694805130243,0.4483156150055125,0.44947800040245056,3148197,0.0,0.0
2004-09-21 00:00:00-04:00,0.44844453886060276,0.45632335645241595,0.44844453886060276,0.45361098647117615,3019179,0.0,0.0
2004-09-22 00:00:00-04:00,0.45206104961796695,0.45541921979102,0.4480571254632802,0.4481862485408783,3686773,0.0,0.0
2004-09-23 00:00:00-04:00,0.4507695092447988,0.451931940483039,0.4452155530452728,0.4452155530452728,3172200,0.0,0.0
2004-09-24 00:00:00-04:00,0.44534472090441013,0.44844450608803466,0.4436656128492667,0.4449571669101715,2785145,0.0,0.0
2004-09-27 00:00:00-04:00,0.4436656161907316,0.44909035579762463,0.4436656161907316,0.44857367873191833,2366586,0.0,0.0
2004-09-28 00:00:00-04:00,0.44689470097772144,0.44689470097772144,0.44276160663201425,0.4466364085674286,3303469,0.0,0.0
2004-09-29 00:00:00-04:00,0.44547395783698057,0.44986543679762264,0.44547395783698057,0.4467655122280121,2766393,0.0,0.0
2004-09-30 00:00:00-04:00,0.44883192769158414,0.45089854335893487,0.44650706591209294,0.4492194354534149,4060326,0.0,0.0
2004-10-01 00:00:00-04:00,0.4492195373930874,0.461489787740449,0.44689462888814024,0.4580024480819702,2592368,0.0,0.0
2004-10-04 00:00:00-04:00,0.457873184721918,0.46303953868841113,0.457873184721918,0.4598105847835541,2950919,0.0,0.0
2004-10-05 00:00:00-04:00,0.458519004700466,0.47130597759457005,0.455935803985307,0.46136054396629333,4141338,0.0,0.0
2004-10-06 00:00:00-04:00,0.46265224626708984,0.4656229089683078,0.46252312317407857,0.46342721581459045,1730496,0.0,0.0
2004-10-07 00:00:00-04:00,0.46291040518515514,0.4636853745092174,0.453998327255249,0.453998327255249,1858014,0.0,0.0
2004-10-08 00:00:00-04:00,0.45529012937596747,0.46058570046746955,0.45529012937596747,0.4561942219734192,1662236,0.0,0.0
2004-10-11 00:00:00-04:00,0.45451528097659083,0.45709852902875847,0.4490905848013726,0.44947800040245056,1911271,0.0,0.0
2004-10-12 00:00:00-04:00,0.44689454557792946,0.453998346655966,0.44689454557792946,0.4538692235946655,4402375,0.0,0.0
2004-10-13 00:00:00-04:00,0.4546441830081363,0.45929395285163827,0.4546441830081363,0.4581315219402313,3852547,0.0,0.0
2004-10-14 00:00:00-04:00,0.45722758725856544,0.4585191418044578,0.45580681720082056,0.4578734338283539,3998818,0.0,0.0
2004-10-15 00:00:00-04:00,0.4604564476596907,0.4620063867107378,0.459035770291649,0.45968157052993774,4137587,0.0,0.0
2004-10-18 00:00:00-04:00,0.4611023211130993,0.4662687695200107,0.45851907381069956,0.465106338262558,2845904,0.0,0.0
2004-10-19 00:00:00-04:00,0.4632981845065066,0.4705311580529734,0.4632981845065066,0.4663979709148407,5018963,0.0,0.0
2004-10-20 00:00:00-04:00,0.4665269717425468,0.4665269717425468,0.4563233385914362,0.4621354937553406,3561506,0.0,0.0
2004-10-21 00:00:00-04:00,0.45955241446428596,0.47014355822079507,0.45877753723434245,0.4674311876296997,6822219,0.0,0.0
2004-10-22 00:00:00-04:00,0.46743104421688314,0.46781859820767735,0.46291044335132303,0.46355628967285156,3968813,0.0,0.0
2004-10-25 00:00:00-04:00,0.4617482486836931,0.46303984959201666,0.4574859379674848,0.45761510729789734,2638125,0.0,0.0
2004-10-26 00:00:00-04:00,0.4583898712337704,0.46626868867389204,0.4582607019613638,0.46562284231185913,6129870,0.0,0.0
2004-10-27 00:00:00-04:00,0.46368541729943896,0.46885186453733757,0.46342712496616445,0.4682060182094574,2861656,0.0,0.0
2004-10-28 00:00:00-04:00,0.4682060570974834,0.47169339656829834,0.4669145029280824,0.47169339656829834,2579616,0.0,0.0
2004-10-29 00:00:00-04:00,0.4719516524666224,0.4755681609343808,0.47040180606221327,0.4738890528678894,2164807,0.0,0.0
2004-11-01 00:00:00-05:00,0.47595575519860067,0.4837053120136261,0.4753099549475247,0.4837053120136261,2155806,0.0,0.0
2004-11-02 00:00:00-05:00,0.4862884346211823,0.4862884346211823,0.4778930335082266,0.47840961813926697,3400983,0.0,0.0
2004-11-03 00:00:00-05:00,0.4759556030291131,0.48435100360897687,0.474276541392289,0.48176780343055725,2268322,0.0,0.0
2004-11-04 00:00:00-05:00,0.48499688001322644,0.49455466583032837,0.48499688001322644,0.49390891194343567,4200596,0.0,0.0
2004-11-05 00:00:00-05:00,0.4940382371123425,0.4945548219057347,0.4786681532859802,0.4786681532859802,9704878,0.0,0.0
2004-11-08 00:00:00-05:00,0.4791848994228725,0.4817681476448458,0.47673095913539676,0.4800890386104584,7966131,0.0,0.0
2004-11-09 00:00:00-05:00,0.4811222209214254,0.4816388057036302,0.47647235730904014,0.47853901982307434,4852439,0.0,0.0
2004-11-10 00:00:00-05:00,0.4793139510637451,0.48280129141905165,0.4784098120981788,0.48034730553627014,2446847,0.0,0.0
2004-11-11 00:00:00-05:00,0.4837051781213874,0.4842219013354115,0.48073456246576124,0.48267191648483276,3761784,0.0,0.0
2004-11-12 00:00:00-05:00,0.48499699573358335,0.4957173074173076,0.4842220262073803,0.4936506450176239,5613047,0.0,0.0
2004-11-15 00:00:00-05:00,0.48951760670792094,0.4945547932292497,0.48874263716699107,0.4927465617656708,4826185,0.0,0.0
2004-11-16 00:00:00-05:00,0.49352161266065636,0.4981714306727301,0.49093836503242855,0.4915842115879059,4349868,0.0,0.0
2004-11-17 00:00:00-05:00,0.49066553171953287,0.49394620495068864,0.47662398368326775,0.47832998633384705,5107475,0.079989,0.0
2004-11-18 00:00:00-05:00,0.47964224219803236,0.48646620607214125,0.4747868043614674,0.4833166301250458,4654411,0.0,0.0
2004-11-19 00:00:00-05:00,0.4827917349871692,0.4859412168223051,0.4754429127466283,0.4760991036891937,2197062,0.0,0.0
2004-11-22 00:00:00-05:00,0.47701784954263265,0.48581010641813316,0.47557427602711605,0.4831855297088623,4415877,0.0,0.0
2004-11-23 00:00:00-05:00,0.48331670593495535,0.48554766178131104,0.47859250555574195,0.48554766178131104,3331973,0.0,0.0
2004-11-24 00:00:00-05:00,0.4873846664079549,0.4886969542111351,0.48462889957153915,0.4860723316669464,4027322,0.0,0.0
2004-11-26 00:00:00-05:00,0.48554762185633144,0.48554762185633144,0.483054236714957,0.4842352867126465,850621,0.0,0.0
2004-11-29 00:00:00-05:00,0.48410413229096855,0.4855477058926532,0.47544306618366705,0.4771490693092346,3705526,0.0,0.0
2004-11-30 00:00:00-05:00,0.47714908050308436,0.4776739395631633,0.4707188764182646,0.47728031873703003,5674556,0.0,0.0
2004-12-01 00:00:00-05:00,0.48134851576905796,0.49027210808710275,0.4789864146207357,0.4879099130630493,4424128,0.0,0.0
2004-12-02 00:00:00-05:00,0.4879095415288036,0.4879095415288036,0.4822667225614569,0.48462891578674316,4192345,0.0,0.0
2004-12-03 00:00:00-05:00,0.4823979761877365,0.48961555957794184,0.4823979761877365,0.4896155595779419,5559039,0.0,0.0
2004-12-06 00:00:00-05:00,0.48961567167868736,0.4940774890735511,0.4879096688695212,0.49276524782180786,2826401,0.0,0.0
2004-12-07 00:00:00-05:00,0.4946024240322694,0.4946024240322694,0.4851538836956024,0.4851538836956024,4666413,0.0,0.0
2004-12-08 00:00:00-05:00,0.4848914777534103,0.49132168057446884,0.4822668544038831,0.4842352867126465,3069436,0.0,0.0
2004-12-09 00:00:00-05:00,0.4847601452357547,0.48830334147734133,0.47754256150779456,0.48502257466316223,8374939,0.0,0.0
2004-12-10 00:00:00-05:00,0.48567898081781136,0.4911905644899765,0.48423540710706103,0.48948460817337036,4497639,0.0,0.0
2004-12-13 00:00:00-05:00,0.4894845584982813,0.4917155144894634,0.4872536963827985,0.49079689383506775,3803790,0.0,0.0
2004-12-14 00:00:00-05:00,0.48751595282926025,0.4921089605949983,0.48384151845397005,0.4841039478778839,7849865,0.0,0.0
2004-12-15 00:00:00-05:00,0.4868599841712885,0.49197799393467,0.48567898081781136,0.48948460817337036,11334109,0.0,0.0
2004-12-16 00:00:00-05:00,0.48961568310395825,0.4914528772246805,0.4844978153705597,0.4844978153705597,4655161,0.0,0.0
2004-12-17 00:00:00-05:00,0.4789862513067867,0.49105932335214536,0.47885506001717265,0.49079689383506775,5111976,0.0,0.0
2004-12-20 00:00:00-05:00,0.49079681902640393,0.49512730436984104,0.4888283867280328,0.4921090602874756,4046825,0.0,0.0
2004-12-21 00:00:00-05:00,0.49210919481925064,0.49867063760757446,0.49210919481925064,0.49867063760757446,3722779,0.0,0.0
2004-12-22 00:00:00-05:00,0.4986703913349399,0.5019511580467224,0.49709572094397503,0.5019511580467224,3014678,0.0,0.0
2004-12-23 00:00:00-05:00,0.504313375454671,0.5048383283404005,0.49814569536367204,0.4995891749858856,3099440,0.0,0.0
2004-12-27 00:00:00-05:00,0.49853915315641545,0.5027385401800369,0.4965707682298773,0.5019511580467224,2581867,0.0,0.0
2004-12-28 00:00:00-05:00,0.5028699015812915,0.5052320957183838,0.49998289536601237,0.5052320957183838,3052183,0.0,0.0
2004-12-29 00:00:00-05:00,0.5032635782668919,0.5091689229011536,0.5014263839266888,0.5091689229011536,3260713,0.0,0.0
2004-12-30 00:00:00-05:00,0.5091688842671657,0.5131057490993918,0.5064130694970385,0.5095625519752502,2749140,0.0,0.0
2004-12-31 00:00:00-05:00,0.5098250645146014,0.5150741705748955,0.5057569146156311,0.5057569146156311,2710135,0.0,0.0
2005-01-03 00:00:00-05:00,0.5065442259425441,0.5132368575266822,0.5006388827096403,0.503788411617279,3781287,0.0,0.0
2005-01-04 00:00:00-05:00,0.5022137344149868,0.5058881228618141,0.49460248108748206,0.4967021048069,3791038,0.0,0.0
2005-01-05 00:00:00-05:00,0.49735826435699126,0.4984080761501379,0.4716373591086268,0.47570541501045227,7086256,0.0,0.0
2005-01-06 00:00:00-05:00,0.47924863258838557,0.4816108265692808,0.4708499970680667,0.4717686176300049,10783531,0.0,0.0
2005-01-07 00:00:00-05:00,0.4730809770097624,0.47767398708988507,0.46927534947380356,0.47189992666244507,5594294,0.0,0.0
2005-01-10 00:00:00-05:00,0.4717686615485069,0.47242471186731977,0.46520721960339323,0.4677005112171173,5606296,0.0,0.0
2005-01-11 00:00:00-05:00,0.46586326874890516,0.4687503219726237,0.46061420908173273,0.46166402101516724,6869475,0.0,0.0
2005-01-12 00:00:00-05:00,0.4607453541509187,0.46455098070017337,0.4484098070123187,0.46127021312713623,5718062,0.0,0.0
2005-01-13 00:00:00-05:00,0.4586456245458436,0.47544298885641656,0.4586456245458436,0.46520715951919556,4478136,0.0,0.0
2005-01-14 00:00:00-05:00,0.4678315600400601,0.4720309473191099,0.46665055717500176,0.47045618295669556,2220315,0.0,0.0
2005-01-18 00:00:00-05:00,0.47176854464577445,0.48029837012290955,0.4666505836465207,0.48029837012290955,3138446,0.0,0.0
2005-01-19 00:00:00-05:00,0.48095465681286015,0.48672871605535767,0.4754430270726575,0.48121708631515503,4069328,0.0,0.0
2005-01-20 00:00:00-05:00,0.4802985847382834,0.4802985847382834,0.47242480589909513,0.4741308093070984,2961420,0.0,0.0
2005-01-21 00:00:00-05:00,0.4753117575730952,0.4788549542427063,0.47071874919136775,0.4788549542427063,3728779,0.0,0.0
2005-01-24 00:00:00-05:00,0.47833003836900456,0.4837104294190276,0.47478684142590966,0.47570541501045227,3304219,0.0,0.0
2005-01-25 00:00:00-05:00,0.47741137357848745,0.47911737625646467,0.46271372821022133,0.4629761576652527,4367870,0.0,0.0
2005-01-26 00:00:00-05:00,0.46520727376260285,0.46966895154143823,0.4607454551702034,0.468487948179245,4398625,0.0,0.0
2005-01-27 00:00:00-05:00,0.46625686674693834,0.4711123039075207,0.4620574796732964,0.466519296169281,4777428,0.0,0.0
2005-01-28 00:00:00-05:00,0.46888144117230823,0.47229335221722185,0.46481329229111806,0.4707186818122864,7755351,0.0,0.0
2005-01-31 00:00:00-05:00,0.47242473120520523,0.47636169040912446,0.4686191041088324,0.4711124897003174,6389407,0.0,0.0
2005-02-01 00:00:00-05:00,0.4730809823076723,0.47570555952570576,0.4712437876426203,0.47465574741363525,3106941,0.0,0.0
2005-02-02 00:00:00-05:00,0.4770178236700441,0.4818732621561361,0.47242467386440024,0.47452443838119507,12323500,0.0,0.0
2005-02-03 00:00:00-05:00,0.4763616501044489,0.4775427002154158,0.47085002033614043,0.4726872146129608,4221599,0.0,0.0
2005-02-04 00:00:00-05:00,0.47373706814778527,0.47846126853886756,0.47203106517291965,0.4724246859550476,6534928,0.0,0.0
2005-02-07 00:00:00-05:00,0.4724247910653069,0.47937999579366686,0.46980030772298764,0.47465574741363525,4716670,0.0,0.0
2005-02-08 00:00:00-05:00,0.47308092945929525,0.4802985160026029,0.47308092945929525,0.47373712062835693,4281608,0.0,0.0
2005-02-09 00:00:00-05:00,0.4737369930670815,0.48239805703663896,0.4737369930670815,0.4788549542427063,4083580,0.0,0.0
2005-02-10 00:00:00-05:00,0.4822669879987174,0.4868599979914946,0.4822669879987174,0.4847603738307953,4449632,0.0,0.0
2005-02-11 00:00:00-05:00,0.48476037383079534,0.4888285247212534,0.48147960546952734,0.4847603738307953,5057218,0.0,0.0
2005-02-14 00:00:00-05:00,0.4867287434729441,0.492109135296155,0.4867287434729441,0.49079689383506775,8064395,0.0,0.0
2005-02-15 00:00:00-05:00,0.4934213963595081,0.5005076963216653,0.4909280112265712,0.4993266463279724,9380082,0.0,0.0
2005-02-16 00:00:00-05:00,0.4994601304680614,0.5059933549172513,0.49706013834865853,0.5038599967956543,5760818,0.079989,0.0
2005-02-17 00:00:00-05:00,0.5079933562776767,0.5139932177268004,0.5069267248400239,0.5075933337211609,7366046,0.0,0.0
2005-02-18 00:00:00-05:00,0.5075932099088726,0.5179931261834739,0.49666007342523066,0.5089265704154968,7662338,0.0,0.0
2005-02-22 00:00:00-05:00,0.5090598442514064,0.5090598442514064,0.4946599900722504,0.49465999007225037,4194596,0.0,0.0
2005-02-23 00:00:00-05:00,0.4973267316818237,0.5039932964297443,0.49692675687289023,0.49732673168182373,5790822,0.0,0.0
2005-02-24 00:00:00-05:00,0.4939935281222933,0.4966601541894751,0.4917268291993884,0.49426016211509705,2583367,0.0,0.0
2005-02-25 00:00:00-05:00,0.49426024805771535,0.5126599997345571,0.49426024805771535,0.5109266638755798,5120977,0.0,0.0
2005-02-28 00:00:00-05:00,0.511059988665795,0.5158599258083414,0.5046600565791118,0.5101266503334045,6617440,0.0,0.0
2005-03-01 00:00:00-05:00,0.5101264290417433,0.514926364102089,0.5086597755941594,0.5099931359291077,5820076,0.0,0.0
2005-03-02 00:00:00-05:00,0.5102598506910746,0.5103931438248296,0.5025266552001378,0.5073265433311462,4408376,0.0,0.0
2005-03-03 00:00:00-05:00,0.5075932249783583,0.5090598786583225,0.5021265850394686,0.5073265433311462,4331115,0.0,0.0
2005-03-04 00:00:00-05:00,0.5113264017328636,0.5165263592092756,0.5093264327618878,0.5133264660835266,2616371,0.0,0.0
2005-03-07 00:00:00-05:00,0.5146597306064635,0.5251928909734074,0.5127931024397642,0.5227929949760437,2800898,0.0,0.0
2005-03-08 00:00:00-05:00,0.5229262924821617,0.5229262924821617,0.5157263659803627,0.5193263292312622,1708743,0.0,0.0
2005-03-09 00:00:00-05:00,0.5159931171337799,0.5159931171337799,0.504793297804998,0.5069266557693481,4311612,0.0,0.0
2005-03-10 00:00:00-05:00,0.5070598290339399,0.5154597273120057,0.5069265359213042,0.5099931359291077,4142838,0.0,0.0
2005-03-11 00:00:00-05:00,0.4959933698204696,0.5007932573522439,0.4903934374469394,0.49706000089645386,7500315,0.0,0.0
2005-03-14 00:00:00-05:00,0.4979936251066405,0.5067934566090544,0.4959937024205368,0.5066601634025574,4224600,0.0,0.0
2005-03-15 00:00:00-05:00,0.5079931667465297,0.5130597357198466,0.5029265023935259,0.5035932064056396,3194704,0.0,0.0
2005-03-16 00:00:00-05:00,0.5015933659027514,0.5015933659027514,0.4953267757925261,0.4965267479419708,4823185,0.0,0.0
2005-03-17 00:00:00-05:00,0.49599344314908966,0.5062599237652511,0.49599344314908966,0.5039932727813721,2875908,0.0,0.0
2005-03-18 00:00:00-05:00,0.5041265336764112,0.5041265336764112,0.4910599466978304,0.4951932728290558,6413411,0.0,0.0
2005-03-21 00:00:00-05:00,0.4946601264573188,0.49706016640203493,0.49119359815104635,0.49452683329582214,3388981,0.0,0.0
2005-03-22 00:00:00-05:00,0.49386028617711764,0.4986603199039793,0.48172712326049805,0.48172712326049805,5406018,0.0,0.0
2005-03-23 00:00:00-05:00,0.48186023755888147,0.4861267617901192,0.4726603420034369,0.48066017031669617,7159767,0.0,0.0
2005-03-24 00:00:00-05:00,0.4819935582443128,0.4899933870151716,0.48146019499505477,0.4823935329914093,3325222,0.0,0.0
2005-03-28 00:00:00-05:00,0.4833268605953045,0.48639346106594644,0.48079352803537767,0.4826602041721344,2842904,0.0,0.0
2005-03-29 00:00:00-05:00,0.48279368431971736,0.49266019171734526,0.4813270303723995,0.4875936210155487,3882551,0.0,0.0
2005-03-30 00:00:00-05:00,0.48866019750952683,0.4973267316818237,0.48866019750952683,0.49732673168182373,4360369,0.0,0.0
2005-03-31 00:00:00-05:00,0.4985266304269361,0.503993174040861,0.49479327877093454,0.49599334597587585,3992817,0.0,0.0
2005-04-01 00:00:00-05:00,0.5026599723495089,0.5053266458794821,0.49266012544905946,0.4963933825492859,5601045,0.0,0.0
2005-04-04 00:00:00-04:00,0.491993508893697,0.4958602028920329,0.4913269000048373,0.4950602054595947,4710669,0.0,0.0
2005-04-05 00:00:00-04:00,0.49465999847624886,0.5007932945329747,0.49132676419386523,0.491860032081604,3452740,0.0,0.0
2005-04-06 00:00:00-04:00,0.49199359877842713,0.4965269024938343,0.49106026032175615,0.49172696471214294,3641017,0.0,0.0
2005-04-07 00:00:00-04:00,0.49199334599338257,0.4961266726407345,0.49092671489653733,0.4955933094024658,4270356,0.0,0.0
2005-04-08 00:00:00-04:00,0.49599337133122684,0.49599337133122684,0.49132672921250736,0.49199333786964417,2950169,0.0,0.0
2005-04-11 00:00:00-04:00,0.4926599689070827,0.493193332057514,0.4883933975324997,0.4927932620048523,2374837,0.0,0.0
2005-04-12 00:00:00-04:00,0.4914600685229237,0.4970600008964539,0.4877267643772885,0.49706000089645386,4749674,0.0,0.0
2005-04-13 00:00:00-04:00,0.4966601079048912,0.49852673643999273,0.49346011877059937,0.49346011877059937,4208848,0.0,0.0
2005-04-14 00:00:00-04:00,0.49186019151777044,0.4941268907594256,0.487193595243971,0.4881269335746765,2898412,0.0,0.0
2005-04-15 00:00:00-04:00,0.4886602562886081,0.4925268547695296,0.48532692582383974,0.4871935546398163,4964955,0.0,0.0
2005-04-18 00:00:00-04:00,0.48719374872786386,0.49132707824321636,0.4839938532170111,0.4866604804992676,3994317,0.0,0.0
2005-04-19 00:00:00-04:00,0.4893268543517222,0.4893268543517222,0.4854601613301354,0.48639345169067383,1940526,0.0,0.0
2005-04-20 00:00:00-04:00,0.4863934605645796,0.4903934944791782,0.48319356696448257,0.4869268238544464,5305503,0.0,0.0
2005-04-21 00:00:00-04:00,0.49026009589769515,0.49292667358361847,0.48532677218674064,0.4873267412185669,2827151,0.0,0.0
2005-04-22 00:00:00-04:00,0.4879935481040998,0.4999934136867523,0.48652698953672824,0.4999934136867523,7118511,0.0,0.0
2005-04-25 00:00:00-04:00,0.5006601632757739,0.5065266842158054,0.5006601632757739,0.504126787185669,2971922,0.0,0.0
2005-04-26 00:00:00-04:00,0.5013266952559309,0.5058599018490371,0.5013266952559309,0.505193293094635,4292859,0.0,0.0
2005-04-27 00:00:00-04:00,0.5038599325162744,0.5067931922570816,0.5006600388116766,0.505193293094635,4454132,0.0,0.0
2005-04-28 00:00:00-04:00,0.5045265682955086,0.505059931530532,0.49786000475617365,0.49825993180274963,2554113,0.0,0.0
2005-04-29 00:00:00-04:00,0.5009267303388442,0.5085265860627591,0.49772678857667696,0.5082599520683289,4491638,0.0,0.0
2005-05-02 00:00:00-04:00,0.5089266137741578,0.5089266137741578,0.5029266102077947,0.5081266164779663,4436880,0.0,0.0
2005-05-03 00:00:00-04:00,0.5089265101404542,0.5119931101799011,0.5057264739174642,0.5119931101799011,4270356,0.0,0.0
2005-05-04 00:00:00-04:00,0.511993196475561,0.517993152141571,0.5087932550929138,0.517993152141571,5029464,0.0,0.0
2005-05-05 00:00:00-04:00,0.5186596792174742,0.5231929808765107,0.5110598248929139,0.5139930844306946,9260815,0.0,0.0
2005-05-06 00:00:00-04:00,0.5139931726762806,0.5166598464164064,0.5043933475092277,0.5126599073410034,4982957,0.0,0.0
2005-05-09 00:00:00-04:00,0.5126598529173563,0.5186597132036623,0.5102598611129819,0.517993152141571,7624082,0.0,0.0
2005-05-10 00:00:00-04:00,0.517326462806793,0.5219930580328369,0.5143932029929059,0.5185264348983765,5812575,0.0,0.0
2005-05-11 00:00:00-04:00,0.518526530850761,0.5186598240157165,0.5101266292755834,0.5106599926948547,8532461,0.0,0.0
2005-05-12 00:00:00-04:00,0.5078599284728532,0.5078599284728532,0.4999932971789036,0.503726601600647,7382548,0.0,0.0
2005-05-13 00:00:00-04:00,0.5066599223289127,0.5066599223289127,0.4961267595651689,0.49732673168182373,5096974,0.0,0.0
2005-05-16 00:00:00-04:00,0.5026599764823914,0.5037266554411216,0.4999933506203465,0.5026599764823914,6456167,0.0,0.0
2005-05-17 00:00:00-04:00,0.5013268674594452,0.507993434191923,0.4995935791849484,0.5053268074989319,6158374,0.0,0.0
2005-05-18 00:00:00-04:00,0.5133197278741022,0.5133197278741022,0.5062749065588416,0.510745644569397,3290717,0.079989,0.0
2005-05-19 00:00:00-04:00,0.512913222189811,0.5186031857690533,0.5121003564050687,0.5180613398551941,3061935,0.0,0.0
2005-05-20 00:00:00-04:00,0.5207710838582581,0.5207710838582581,0.51481004994532,0.5205000638961792,3992817,0.0,0.0
2005-05-23 00:00:00-04:00,0.5202290463298433,0.5248352218804753,0.5196870549611506,0.5215838551521301,4091081,0.0,0.0
2005-05-24 00:00:00-04:00,0.5202289103019773,0.5203643475375065,0.5103391816039983,0.512913167476654,4906447,0.0,0.0
2005-05-25 00:00:00-04:00,0.5129132834612872,0.5129132834612872,0.5070877850222139,0.5080361366271973,5229743,0.0,0.0
2005-05-26 00:00:00-04:00,0.5104748092693921,0.511558646756746,0.5019398373985521,0.5026171207427979,3902054,0.0,0.0
2005-05-27 00:00:00-04:00,0.503565474712097,0.5053266924654579,0.5018042569587362,0.5037009119987488,2665128,0.0,0.0
2005-05-31 00:00:00-04:00,0.5042429012023235,0.5069524222352239,0.5026171207427979,0.5026171207427979,4296610,0.0,0.0
2005-06-01 00:00:00-04:00,0.5027526375960437,0.5152165029584312,0.5018042857930489,0.5122360587120056,5314505,0.0,0.0
2005-06-02 00:00:00-04:00,0.5138617946905261,0.51819709730155,0.5134554342705271,0.5173842310905457,3560005,0.0,0.0
2005-06-03 00:00:00-04:00,0.5177903175354004,0.5209063434096556,0.5144034656194499,0.5177903175354004,3670271,0.0,0.0
2005-06-06 00:00:00-04:00,0.519687121143004,0.5265965064913186,0.5188743520428883,0.5263255834579468,4562898,0.0,0.0
2005-06-07 00:00:00-04:00,0.5251062597910547,0.5386539633227628,0.5249708224904734,0.5324220061302185,8360687,0.0,0.0
2005-06-08 00:00:00-04:00,0.5351314041340927,0.5390601991006926,0.5340475668783891,0.537163496017456,4655911,0.0,0.0
2005-06-09 00:00:00-04:00,0.535808894325028,0.5359443800669478,0.5322865073200597,0.5351315140724182,3528501,0.0,0.0
2005-06-10 00:00:00-04:00,0.5347250083896696,0.5351315140724182,0.5324219446049901,0.5351315140724182,5924341,0.0,0.0
2005-06-13 00:00:00-04:00,0.5337769006379608,0.5377057951215409,0.5318802447551068,0.5360800623893738,4904196,0.0,0.0
2005-06-14 00:00:00-04:00,0.5352669084203315,0.5451567368462926,0.5352669084203315,0.5433955192565918,4415877,0.0,0.0
2005-06-15 00:00:00-04:00,0.545156836433209,0.5454277594878181,0.5409570202883301,0.5436665415763855,3460991,0.0,0.0
2005-06-16 00:00:00-04:00,0.5436663850640927,0.5465113912889209,0.538518363938607,0.544479250907898,2672629,0.0,0.0
2005-06-17 00:00:00-04:00,0.5446147890916501,0.5547755404326088,0.5438019231695351,0.5546400547027588,3656019,0.0,0.0
2005-06-20 00:00:00-04:00,0.55193054699602,0.5595172150203347,0.55193054699602,0.5542336106300354,2868407,0.0,0.0
2005-06-21 00:00:00-04:00,0.5475952251575916,0.5505757173444094,0.543801915517082,0.5484080910682678,4465384,0.0,0.0
2005-06-22 00:00:00-04:00,0.5493564780876681,0.5522014847297724,0.5452921967295156,0.5488145351409912,2748390,0.0,0.0
2005-06-23 00:00:00-04:00,0.5485434683580545,0.5489499254615346,0.5394666047779753,0.5419051051139832,3695025,0.0,0.0
2005-06-24 00:00:00-04:00,0.5414987198994987,0.5436662971899882,0.5366214771680077,0.5400084257125854,2704884,0.0,0.0
2005-06-27 00:00:00-04:00,0.5393312860218981,0.5446148912785228,0.5354024898609929,0.5425827503204346,3367228,0.0,0.0
2005-06-28 00:00:00-04:00,0.5419052226302492,0.5447502291436732,0.536892638256107,0.5446147918701172,4529893,0.0,0.0
2005-06-29 00:00:00-04:00,0.5446147817465651,0.551253097849835,0.543530992836352,0.5507111549377441,3244961,0.0,0.0
2005-06-30 00:00:00-04:00,0.5520659094564148,0.5543689727783203,0.544885651147348,0.5543689727783203,4349868,0.0,0.0
2005-07-01 00:00:00-04:00,0.5551820617252812,0.5569432798101596,0.5508469047686545,0.5559949278831482,2698883,0.0,0.0
2005-07-05 00:00:00-04:00,0.5452922905936316,0.5624977706876118,0.5377056210610814,0.5568077564239502,6002352,0.0,0.0
2005-07-06 00:00:00-04:00,0.5554529337705574,0.5578914831376294,0.5532852589556263,0.5542336106300354,3431737,0.0,0.0
2005-07-07 00:00:00-04:00,0.5484081579603451,0.5596526994394518,0.542582707061078,0.558433473110199,3298968,0.0,0.0
2005-07-08 00:00:00-04:00,0.5566721858586804,0.5662909941174549,0.5555883969521921,0.5645297765731812,2542861,0.0,0.0
2005-07-11 00:00:00-04:00,0.5648008605008202,0.5702199519482836,0.5641235285840099,0.5673749446868896,3470743,0.0,0.0
2005-07-12 00:00:00-04:00,0.567374809733055,0.5679167526687952,0.5604655218722315,0.5652071833610535,3286217,0.0,0.0
2005-07-13 00:00:00-04:00,0.5653428083047315,0.5665620832964079,0.5620914406315936,0.5649363994598389,1693740,0.0,0.0
2005-07-14 00:00:00-04:00,0.566291075928093,0.5668330189166144,0.5570786266071224,0.5615493655204773,3635766,0.0,0.0
2005-07-15 00:00:00-04:00,0.562497780888595,0.5692715844410382,0.562497780888595,0.5690006613731384,3890052,0.0,0.0
2005-07-18 00:00:00-04:00,0.5696780371733977,0.5786194182649758,0.5679168193394565,0.5737422704696655,4551646,0.0,0.0
2005-07-19 00:00:00-04:00,0.5755034731055546,0.5828192188338199,0.5755034731055546,0.581464409828186,2378588,0.0,0.0
2005-07-20 00:00:00-04:00,0.5814643769167654,0.585257686855465,0.5746905745569535,0.5844448208808899,3375479,0.0,0.0
2005-07-21 00:00:00-04:00,0.5832254542072619,0.5839028827934406,0.5753678640913539,0.5778064131736755,4869691,0.0,0.0
2005-07-22 00:00:00-04:00,0.5778065391459807,0.5829546583244593,0.5764517785922216,0.582548201084137,1633732,0.0,0.0
2005-07-25 00:00:00-04:00,0.5839030963105497,0.585935237441242,0.5805161459690643,0.583225667476654,2423594,0.0,0.0
2005-07-26 00:00:00-04:00,0.5828192848358378,0.592302609750289,0.5828192848358378,0.5862061381340027,2023787,0.0,0.0
2005-07-27 00:00:00-04:00,0.5874252624403793,0.5881025941048529,0.5798384984747442,0.5864768624305725,3323722,0.0,0.0
2005-07-28 00:00:00-04:00,0.5864769537191807,0.5947410021786576,0.5856641846694879,0.5923025012016296,2121301,0.0,0.0
2005-07-29 00:00:00-04:00,0.5916250729723245,0.5962312972843176,0.5886446290459032,0.596095860004425,3067185,0.0,0.0
2005-08-01 00:00:00-04:00,0.597585993394928,0.597992499051748,0.5899993253582103,0.5947409868240356,3259963,0.0,0.0
2005-08-02 00:00:00-04:00,0.5932507192951642,0.5963666482543281,0.591624939276986,0.5962311625480652,6567933,0.0,0.0
2005-08-03 00:00:00-04:00,0.5920315249604498,0.5927089536943202,0.581193488987369,0.582548201084137,7015746,0.0,0.0
2005-08-04 00:00:00-04:00,0.5805159748793465,0.5805159748793465,0.5729293072026388,0.5730647444725037,5856832,0.0,0.0
2005-08-05 00:00:00-04:00,0.5730648093743833,0.5730648093743833,0.5478662057780919,0.5511177182197571,8412444,0.0,0.0
2005-08-08 00:00:00-04:00,0.5507111030734917,0.5507111030734917,0.5290348907977691,0.5297123193740845,6466668,0.0,0.0
2005-08-09 00:00:00-04:00,0.5305252871347204,0.5429891031078734,0.5284931463862925,0.5325574278831482,4088080,0.0,0.0
2005-08-10 00:00:00-04:00,0.5351315182402351,0.5431245471348954,0.5326928717806643,0.5335057377815247,4782679,0.0,0.0
2005-08-11 00:00:00-04:00,0.5362154409193719,0.5382475337425286,0.5303899401753834,0.5307963490486145,6670697,0.0,0.0
2005-08-12 00:00:00-04:00,0.531067154772334,0.5351314356927045,0.5244288389604587,0.5303897261619568,8623974,0.0,0.0
2005-08-15 00:00:00-04:00,0.5303897836632268,0.5381119376319072,0.5251061791283468,0.531609058380127,6332399,0.0,0.0
2005-08-16 00:00:00-04:00,0.5317446209075732,0.5469179595626293,0.5317446209075732,0.5447503328323364,4780429,0.0,0.0
2005-08-17 00:00:00-04:00,0.545437903091024,0.5458505171828172,0.5369111354859425,0.5384239554405212,3909555,0.079989,0.0
2005-08-18 00:00:00-04:00,0.5377364177497407,0.5378739066157449,0.5297598007351566,0.5308600068092346,7068254,0.0,0.0
2005-08-19 00:00:00-04:00,0.5309974924514324,0.5311350305076089,0.523983592687505,0.5285219550132751,3551754,0.0,0.0
2005-08-22 00:00:00-04:00,0.528384463447573,0.5322352338547934,0.5270091812748504,0.5296222567558289,2962171,0.0,0.0
2005-08-23 00:00:00-04:00,0.5287970541708409,0.5333355146542261,0.5287970541708409,0.530722439289093,2389089,0.0,0.0
2005-08-24 00:00:00-04:00,0.5297597759661762,0.5370487023549074,0.5297597759661762,0.5325103402137756,3226208,0.0,0.0
2005-08-25 00:00:00-04:00,0.5329228706683086,0.5358109727794874,0.5298972305154541,0.5338855385780334,2668129,0.0,0.0
2005-08-26 00:00:00-04:00,0.5340229504424239,0.5363609982164779,0.5298971053130108,0.5329227447509766,3796289,0.0,0.0
2005-08-29 00:00:00-04:00,0.5309975192110317,0.5342982851525905,0.5248087982812766,0.5327854156494141,4055076,0.0,0.0
2005-08-30 00:00:00-04:00,0.5314100214580072,0.5353983289327473,0.5271465887494649,0.5337479710578918,3626765,0.0,0.0
2005-08-31 00:00:00-04:00,0.5344355118867713,0.548876017609904,0.5338853599041867,0.5487384796142578,4069328,0.0,0.0
2005-09-01 00:00:00-04:00,0.5488764207013097,0.560428784572814,0.5458507793390249,0.5528647303581238,5325006,0.0,0.0
2005-09-02 00:00:00-04:00,0.552864552035067,0.5552025021599941,0.5477760376283394,0.5495638847351074,5111976,0.0,0.0
2005-09-06 00:00:00-04:00,0.550801568564556,0.5629041287860358,0.5488761836161389,0.5627664923667908,6882977,0.0,0.0
2005-09-07 00:00:00-04:00,0.5624916473297836,0.5626291854114922,0.5538273384743441,0.5558902621269226,5186986,0.0,0.0
2005-09-08 00:00:00-04:00,0.5524519976582684,0.5572654852436816,0.5512142043549281,0.5525895357131958,2802398,0.0,0.0
2005-09-09 00:00:00-04:00,0.553552103452197,0.5567152321875649,0.5510765664849109,0.5560275912284851,2950169,0.0,0.0
2005-09-12 00:00:00-04:00,0.5560277156580701,0.5563028409706674,0.5510766898065401,0.5514893531799316,3284716,0.0,0.0
2005-09-13 00:00:00-04:00,0.5501138617591561,0.5517642689652261,0.5408994530251737,0.5419997572898865,6864225,0.0,0.0
2005-09-14 00:00:00-04:00,0.5422749003186248,0.5431000795029112,0.5363612063480903,0.5396618247032166,3939559,0.0,0.0
2005-09-15 00:00:00-04:00,0.5415871001185756,0.5443377132384374,0.5391116614499988,0.5432375073432922,3340224,0.0,0.0
2005-09-16 00:00:00-04:00,0.545437992128183,0.545437992128183,0.5397993254812067,0.5421373248100281,8337434,0.0,0.0
2005-09-19 00:00:00-04:00,0.5418621993507123,0.543650095657807,0.5369112229704651,0.5391117334365845,2947919,0.0,0.0
2005-09-20 00:00:00-04:00,0.5399367446921143,0.5457129486470171,0.5363611001111263,0.5388365387916565,3065685,0.0,0.0
2005-09-21 00:00:00-04:00,0.5363610357173352,0.5363610357173352,0.529071963440156,0.5301721692085266,4076079,0.0,0.0
2005-09-22 00:00:00-04:00,0.527009070048945,0.5308598888344526,0.5166944559304374,0.5303097367286682,4190095,0.0,0.0
2005-09-23 00:00:00-04:00,0.52879711950733,0.5330604552277223,0.5237085061977071,0.5289346575737,2893911,0.0,0.0
2005-09-26 00:00:00-04:00,0.5289346795606259,0.5323729345987536,0.5283845272722771,0.5314102172851562,3060435,0.0,0.0
2005-09-27 00:00:00-04:00,0.5315476675853501,0.5333355146542261,0.5245336205952031,0.530722439289093,3869799,0.0,0.0
2005-09-28 00:00:00-04:00,0.5338856127290841,0.5342982761024274,0.5246712021400632,0.5261840224266052,3052933,0.0,0.0
2005-09-29 00:00:00-04:00,0.5259089779009558,0.531547693867146,0.5201328222606036,0.5285219550132751,3974064,0.0,0.0
2005-09-30 00:00:00-04:00,0.5281094644731952,0.5349858265096724,0.5272842360966853,0.5333355665206909,3659020,0.0,0.0
2005-10-03 00:00:00-04:00,0.5363612321285031,0.5410371821428642,0.5281094890800262,0.5347108244895935,8303679,0.0,0.0
2005-10-04 00:00:00-04:00,0.5345731510893721,0.5345731510893721,0.5228832554930402,0.5230207443237305,5141980,0.0,0.0
2005-10-05 00:00:00-04:00,0.5220582110706814,0.5220582110706814,0.5085804161016588,0.508717954158783,6364654,0.0,0.0
2005-10-06 00:00:00-04:00,0.5095432916580468,0.5111935520923472,0.5006038562680091,0.5059674978256226,6237136,0.0,0.0
2005-10-07 00:00:00-04:00,0.5059672850174485,0.509405440921884,0.49441492573497847,0.500741183757782,4741423,0.0,0.0
2005-10-10 00:00:00-04:00,0.50156630500531,0.5022539459451357,0.4909766148555931,0.49317702651023865,5251496,0.0,0.0
2005-10-11 00:00:00-04:00,0.4940023749574673,0.5039045259465592,0.49358985911944186,0.49634042382240295,8011888,0.0,0.0
2005-10-12 00:00:00-04:00,0.49235199412321695,0.49441491714463676,0.4838252259582813,0.48712584376335144,6204881,0.0,0.0
2005-10-13 00:00:00-04:00,0.4836877327760308,0.4949650168243843,0.4803870162828484,0.488776296377182,7975882,0.0,0.0
2005-10-14 00:00:00-04:00,0.501841339038853,0.5040417502935733,0.49125155243183943,0.5006034970283508,7072754,0.0,0.0
2005-10-17 00:00:00-04:00,0.500466245177777,0.5044545539540674,0.49455250185547495,0.5011538863182068,6754709,0.0,0.0
2005-10-18 00:00:00-04:00,0.5008787721440239,0.5029416952060362,0.493452209767978,0.4938647747039795,4437630,0.0,0.0
2005-10-19 00:00:00-04:00,0.4938648419466069,0.5011538672727622,0.4875385830478801,0.50101637840271,7477062,0.0,0.0
2005-10-20 00:00:00-04:00,0.50032851661215,0.5012912335186029,0.48740077955046845,0.4913891851902008,6820718,0.0,0.0
2005-10-21 00:00:00-04:00,0.4923520553794188,0.4981282602344438,0.4891888276474186,0.4964779019355774,3825543,0.0,0.0
2005-10-24 00:00:00-04:00,0.5019791407937756,0.5147692482471663,0.5019791407937756,0.5143567323684692,5815576,0.0,0.0
2005-10-25 00:00:00-04:00,0.5094052772650521,0.5147689148435587,0.5051419436691941,0.5088552236557007,5379014,0.0,0.0
2005-10-26 00:00:00-04:00,0.5088553957803429,0.5132563672446706,0.5047295987867301,0.5078927278518677,4670913,0.0,0.0
2005-10-27 00:00:00-04:00,0.5074800172504963,0.5102305811173284,0.5032166826097052,0.5037668347358704,3217957,0.0,0.0
2005-10-28 00:00:00-04:00,0.5058297618242086,0.5191700163651997,0.5052796096934883,0.5190324783325195,4514891,0.0,0.0
2005-10-31 00:00:00-05:00,0.5205453302011543,0.530584968667629,0.5190325591790348,0.5281094312667847,4930450,0.0,0.0
2005-11-01 00:00:00-05:00,0.5226082421515467,0.5226082421515467,0.5058298296884833,0.5092679858207703,9297570,0.0,0.0
2005-11-02 00:00:00-05:00,0.5092679355779494,0.5197200885677816,0.5048670627129151,0.5194450616836548,4868941,0.0,0.0
2005-11-03 00:00:00-05:00,0.5191699459004955,0.5219205094167798,0.5107806681466377,0.515731692314148,4376871,0.0,0.0
2005-11-04 00:00:00-05:00,0.5173821616680039,0.5199952369247481,0.5067924701703636,0.515319287776947,3193203,0.0,0.0
2005-11-07 00:00:00-05:00,0.5144941674280891,0.5183449875035634,0.5120186296957815,0.5155944228172302,4284608,0.0,0.0
2005-11-08 00:00:00-05:00,0.5100930669096707,0.5191699862480164,0.5063797861977108,0.5191699862480164,4553146,0.0,0.0
2005-11-09 00:00:00-05:00,0.5190326054692159,0.5341606613766602,0.5176572739965273,0.5289346575737,5305503,0.0,0.0
2005-11-10 00:00:00-05:00,0.5287969747582368,0.5415870768003647,0.5235708740038103,0.5410370230674744,4958954,0.0,0.0
2005-11-11 00:00:00-05:00,0.541862163074798,0.5473633404897981,0.5374613392012045,0.5443377494812012,5022713,0.0,0.0
2005-11-14 00:00:00-05:00,0.5435124259500074,0.5468131413599157,0.5402117597310889,0.542962372303009,4344617,0.0,0.0
2005-11-15 00:00:00-05:00,0.5429626437475753,0.5436501865545533,0.5400745409155445,0.5417248010635376,5768319,0.0,0.0
2005-11-16 00:00:00-05:00,0.5417247447497586,0.5442384734521396,0.5332057005443738,0.5368368029594421,4052075,0.079989,0.0
2005-11-17 00:00:00-05:00,0.5362782669083358,0.547171376901899,0.5355799393939827,0.5446576476097107,5598045,0.0,0.0
2005-11-18 00:00:00-05:00,0.547869704416252,0.547869704416252,0.5414454908993761,0.5446576476097107,4962705,0.0,0.0
2005-11-21 00:00:00-05:00,0.5446575541362424,0.5453557316750853,0.5383729572488953,0.5442385077476501,4388123,0.0,0.0
2005-11-22 00:00:00-05:00,0.5432610518551616,0.5513612023383802,0.5418645465297752,0.5499645471572876,6262639,0.0,0.0
2005-11-23 00:00:00-05:00,0.5495454663014638,0.5528971379012076,0.5474506340877099,0.5519195795059204,4796181,0.0,0.0
2005-11-25 00:00:00-05:00,0.5530369281768799,0.5533163091344013,0.5502437679763209,0.5530369281768799,867123,0.0,0.0
2005-11-28 00:00:00-05:00,0.5530367336715872,0.5530367336715872,0.5410263538360596,0.5410263538360596,4514891,0.0,0.0
2005-11-29 00:00:00-05:00,0.5415851459287974,0.543260931968689,0.5397696444497269,0.543260931968689,4231351,0.0,0.0
2005-11-30 00:00:00-05:00,0.5432608826716515,0.545355714935207,0.540467772986911,0.5408868193626404,5130728,0.0,0.0
2005-12-01 00:00:00-05:00,0.5436800124061998,0.5528972358175496,0.5435403968620657,0.5520592927932739,4286109,0.0,0.0
2005-12-02 00:00:00-05:00,0.5502436763292087,0.5512212847341713,0.5468920045313351,0.5509420037269592,2696633,0.0,0.0
2005-12-05 00:00:00-05:00,0.5454954859179934,0.5478695992032825,0.5403281630154935,0.5420040488243103,6132121,0.0,0.0
2005-12-06 00:00:00-05:00,0.5432606422482504,0.543400307661055,0.5387917486534207,0.5401882529258728,3794789,0.0,0.0
2005-12-07 00:00:00-05:00,0.540188593967608,0.5410265370215962,0.5341834269925012,0.5361385941505432,3795539,0.0,0.0
2005-12-08 00:00:00-05:00,0.5358591946206249,0.54437813892224,0.531110868348524,0.5368368029594421,5298752,0.0,0.0
2005-12-09 00:00:00-05:00,0.5357196124722081,0.5432610509180791,0.5348817692207039,0.5372558832168579,5144230,0.0,0.0
2005-12-12 00:00:00-05:00,0.5386523697938734,0.5410264832670779,0.5320885414670032,0.5348816514015198,3244211,0.0,0.0
2005-12-13 00:00:00-05:00,0.5340436606735169,0.5410264348853683,0.532367774881918,0.5408868193626404,3894553,0.0,0.0
2005-12-14 00:00:00-05:00,0.5362782109523377,0.5410264878912211,0.53613854546404,0.5383729934692383,3698775,0.0,0.0
2005-12-15 00:00:00-05:00,0.5378142433197924,0.5432607458914724,0.5299935281812124,0.5312504172325134,6123869,0.0,0.0
2005-12-16 00:00:00-05:00,0.5364176082496129,0.5424227722362188,0.5355796656126312,0.5407469868659973,6555181,0.0,0.0
2005-12-19 00:00:00-05:00,0.5394904244941625,0.5411663610449624,0.5263628625944744,0.5266421437263489,3496997,0.0,0.0
2005-12-20 00:00:00-05:00,0.5397695165912452,0.5397695165912452,0.5292953068522115,0.5354400873184204,6782463,0.0,0.0
2005-12-21 00:00:00-05:00,0.5382332655592919,0.5390712083622393,0.5348815442993828,0.5378143191337585,4182594,0.0,0.0
2005-12-22 00:00:00-05:00,0.537674780432149,0.5425627225370464,0.5336246813461211,0.5418643951416016,3700275,0.0,0.0
2005-12-23 00:00:00-05:00,0.5445182139470619,0.5499647213109133,0.543261223886036,0.5495458245277405,3345475,0.0,0.0
2005-12-27 00:00:00-05:00,0.5496851789862851,0.5508024030503531,0.5424230227622664,0.5436800122261047,2047041,0.0,0.0
2005-12-28 00:00:00-05:00,0.5516232308072349,0.5524742907737121,0.5433964361768866,0.5455240607261658,2113050,0.079989,0.0
2005-12-29 00:00:00-05:00,0.5475099305801421,0.5482191896228338,0.5404178474915964,0.543396532535553,4160841,0.0,0.0
2005-12-30 00:00:00-05:00,0.5432543005194901,0.5439634575981896,0.5361621716606774,0.537155032157898,5135979,0.0,0.0
2006-01-03 00:00:00-05:00,0.5378643048567329,0.5510556516904329,0.5355948803840564,0.5492116808891296,3496997,0.0,0.0
2006-01-04 00:00:00-05:00,0.5519068038281144,0.5544599833583271,0.5480771613673471,0.5541763305664062,5163733,0.0,0.0
2006-01-05 00:00:00-05:00,0.5541762729321766,0.5646725412856972,0.5531834121629796,0.5633959770202637,7633834,0.0,0.0
2006-01-06 00:00:00-05:00,0.5652399861222828,0.5707718495325583,0.5639634217713803,0.5704880952835083,7114010,0.0,0.0
2006-01-09 00:00:00-05:00,0.5709136461133401,0.5780057266007377,0.5707718450906468,0.5765872597694397,6702952,0.0,0.0
2006-01-10 00:00:00-05:00,0.5758781704797178,0.5866581432910066,0.572615732183447,0.5859488844871521,9163301,0.0,0.0
2006-01-11 00:00:00-05:00,0.5859487301617706,0.5875090483854788,0.5789985030527258,0.5850976705551147,7210774,0.0,0.0
2006-01-12 00:00:00-05:00,0.5853814048066556,0.5873671770095825,0.5824027211353584,0.5873671770095825,4559897,0.0,0.0
2006-01-13 00:00:00-05:00,0.5873671215673801,0.5873671215673801,0.5763034983855132,0.578289270401001,5304753,0.0,0.0
2006-01-17 00:00:00-05:00,0.5784313144327099,0.5791405225835783,0.5720484918087203,0.5768710970878601,3229208,0.0,0.0
2006-01-18 00:00:00-05:00,0.5770126457210323,0.5812678416568746,0.5726154966151773,0.5754523277282715,2657627,0.0,0.0
2006-01-19 00:00:00-05:00,0.5780058179090186,0.5822610668736641,0.5757363923816022,0.5815519094467163,3256212,0.0,0.0
2006-01-20 00:00:00-05:00,0.5815517469225228,0.5815517469225228,0.5724737936807079,0.5730412006378174,4047575,0.0,0.0
2006-01-23 00:00:00-05:00,0.5758779567328524,0.5808424113804526,0.5744594396516499,0.5787147879600525,2200062,0.0,0.0
2006-01-24 00:00:00-05:00,0.5811262076482773,0.5902040596715243,0.5798496434273823,0.5873671770095825,3566006,0.0,0.0
2006-01-25 00:00:00-05:00,0.5855234089101407,0.5934665491460661,0.5855234089101407,0.593040943145752,3637266,0.0,0.0
2006-01-26 00:00:00-05:00,0.5944593679339322,0.5977217044106377,0.5931827529585292,0.5948848724365234,5252996,0.0,0.0
2006-01-27 00:00:00-05:00,0.5957358682866807,0.6062321860522921,0.5943174017179305,0.6039626598358154,3648518,0.0,0.0
2006-01-30 00:00:00-05:00,0.6039626679773182,0.6039626679773182,0.5971542414375369,0.5992819666862488,2269072,0.0,0.0
2006-01-31 00:00:00-05:00,0.5991400889901979,0.6099201117201377,0.5964452101422534,0.6031116843223572,4400875,0.0,0.0
2006-02-01 00:00:00-05:00,0.6070830821990967,0.6148844192279213,0.6028278858628894,0.6070830821990967,8357687,0.0,0.0
2006-02-02 00:00:00-05:00,0.6077926045231439,0.6106294371341652,0.6043884662705095,0.6072252988815308,6726955,0.0,0.0
2006-02-03 00:00:00-05:00,0.6048138403402413,0.6085017831286009,0.5928991550926503,0.6009840965270996,3773036,0.0,0.0
2006-02-06 00:00:00-05:00,0.6007005706322672,0.6059486809385461,0.5985729460052767,0.6056650280952454,3417485,0.0,0.0
2006-02-07 00:00:00-05:00,0.6056647221028588,0.6079341466380319,0.5968705244607477,0.5978634357452393,4022071,0.0,0.0
2006-02-08 00:00:00-05:00,0.5974378399639302,0.6113383421520264,0.5872251774484218,0.6015512347221375,8827253,0.0,0.0
2006-02-09 00:00:00-05:00,0.602828039007322,0.6049556630828363,0.5960196115253862,0.6014096736907959,4827685,0.0,0.0
2006-02-10 00:00:00-05:00,0.616303182028377,0.6168704876966278,0.6015516111713495,0.6096366047859192,4776678,0.0,0.0
2006-02-13 00:00:00-05:00,0.6059487742424514,0.6100621723412477,0.6052396673919264,0.6093530654907227,6255138,0.0,0.0
2006-02-14 00:00:00-05:00,0.6099202098040639,0.6117641306497201,0.6004168512962462,0.6083599925041199,6122369,0.0,0.0
2006-02-15 00:00:00-05:00,0.6083594881480584,0.6178628387771915,0.6069410223292907,0.6167281270027161,5993351,0.0,0.0
2006-02-16 00:00:00-05:00,0.6167286872690576,0.6167286872690576,0.6130407438172495,0.61417555809021,5219991,0.0,0.0
2006-02-17 00:00:00-05:00,0.6164448120932656,0.6209837631450134,0.6120476113068544,0.6189979910850525,9584861,0.0,0.0
2006-02-21 00:00:00-05:00,0.6191398734669377,0.6253808939330832,0.616303041370161,0.6212674975395203,4342367,0.0,0.0
2006-02-22 00:00:00-05:00,0.6212675858637773,0.6253809828421328,0.616586781798346,0.6236788630485535,6465918,0.0,0.0
2006-02-23 00:00:00-05:00,0.6236788764682147,0.6248135891991339,0.6167286468402285,0.6222605109214783,6252888,0.0,0.0
2006-02-24 00:00:00-05:00,0.6216931674228597,0.6238207413275327,0.6189982370946853,0.6226860284805298,3827043,0.0,0.0
2006-02-27 00:00:00-05:00,0.6283597479348938,0.6304873725836154,0.6225442304149551,0.628785252571106,5709811,0.0,0.0
2006-02-28 00:00:00-05:00,0.6273666519994681,0.6303453357801674,0.6241043661896417,0.6285014152526855,8627725,0.0,0.0
2006-03-01 00:00:00-05:00,0.6272246997652752,0.632189154624939,0.6256643816431026,0.632189154624939,6102116,0.0,0.0
2006-03-02 00:00:00-05:00,0.6307708244271257,0.6317636851731773,0.6248134570155595,0.6311963796615601,3941810,0.0,0.0
2006-03-03 00:00:00-05:00,0.6290686120700933,0.629777718373625,0.6206998690499349,0.6232530474662781,6702202,0.0,0.0
2006-03-06 00:00:00-05:00,0.6248135473256734,0.6418346430193494,0.6225441220159263,0.6380048990249634,5491530,0.0,0.0
2006-03-07 00:00:00-05:00,0.6380047607742781,0.6380047607742781,0.625239017870991,0.6286431550979614,3567507,0.0,0.0
2006-03-08 00:00:00-05:00,0.6276501912739874,0.6286431025992926,0.6202745104976919,0.6269410848617554,5348259,0.0,0.0
2006-03-09 00:00:00-05:00,0.6276500832034935,0.633607448661957,0.6256643116286049,0.6334656476974487,6180127,0.0,0.0
2006-03-10 00:00:00-05:00,0.6321893291356844,0.6414090335629419,0.6319056763628284,0.6382884979248047,5061719,0.0,0.0
2006-03-13 00:00:00-05:00,0.6382887419665627,0.6435368529760304,0.6334661356459741,0.6385723948478699,4947702,0.0,0.0
2006-03-14 00:00:00-05:00,0.6385719465677857,0.6466570373190891,0.6368699290070927,0.6450967192649841,4089581,0.0,0.0
2006-03-15 00:00:00-05:00,0.6467987706340601,0.6629686967761852,0.6460895629020915,0.6598482131958008,5583043,0.0,0.0
2006-03-16 00:00:00-05:00,0.6638201454079902,0.6743165173161221,0.6616925716984551,0.6696357131004333,3383730,0.0,0.0
2006-03-17 00:00:00-05:00,0.6652383629127985,0.6738907098770142,0.6635362943070283,0.6738907098770142,3575758,0.0,0.0
2006-03-20 00:00:00-05:00,0.6723305386905579,0.6731816491519922,0.6551676445960176,0.6659476161003113,3641767,0.0,0.0
2006-03-21 00:00:00-05:00,0.6673658210492647,0.6694934441669167,0.6560184470213271,0.6636779308319092,6208632,0.0,0.0
2006-03-22 00:00:00-05:00,0.6612669947371017,0.6686428308260415,0.6564444907343355,0.6673662662506104,4110584,0.0,0.0
2006-03-23 00:00:00-05:00,0.6694938033231645,0.6694938033231645,0.6625435742237445,0.6666569709777832,8381690,0.0,0.0
2006-03-24 00:00:00-05:00,0.6667987053569134,0.6719050132149537,0.6648129330604022,0.6693519353866577,4382872,0.0,0.0
2006-03-27 00:00:00-05:00,0.6679333415732562,0.6685007992416544,0.6595647488276201,0.6645292043685913,3849547,0.0,0.0
2006-03-28 00:00:00-05:00,0.6645294065048583,0.6778625095809334,0.6608415139773075,0.6730398535728455,4090331,0.0,0.0
2006-03-29 00:00:00-05:00,0.6736071719034465,0.6862311158994514,0.6736071719034465,0.6828268766403198,3329723,0.0,0.0
2006-03-30 00:00:00-05:00,0.6787133307159221,0.6812665095984756,0.6633944603558328,0.6670822501182556,4079079,0.0,0.0
2006-03-31 00:00:00-05:00,0.6646711940567053,0.6679334802048205,0.6577209142697463,0.6652384996414185,3869799,0.0,0.0
2006-04-03 00:00:00-04:00,0.6666568646635861,0.6699192010469894,0.6493521190890611,0.6519052982330322,5170484,0.0,0.0
2006-04-04 00:00:00-04:00,0.6503449798113167,0.6526145569400906,0.6429692473298529,0.6519052982330322,4816434,0.0,0.0
2006-04-05 00:00:00-04:00,0.6533237550697517,0.6622598072261492,0.6533237550697517,0.6587138175964355,3556255,0.0,0.0
2006-04-06 00:00:00-04:00,0.6588554544736336,0.665947533433748,0.6509123158915439,0.653181791305542,3362727,0.0,0.0
2006-04-07 00:00:00-04:00,0.6524727113407436,0.655167640783869,0.6398487687110901,0.6398487687110901,3770785,0.0,0.0
2006-04-10 00:00:00-04:00,0.6389975803013314,0.6391393812817077,0.63048703552239,0.632189154624939,3406984,0.0,0.0
2006-04-11 00:00:00-04:00,0.6333240972107032,0.6354517214958044,0.6275085806846619,0.6275085806846619,3641767,0.0,0.0
2006-04-12 00:00:00-04:00,0.6283592284233023,0.6347421478260608,0.6283592284233023,0.6319053173065186,3628265,0.0,0.0
2006-04-13 00:00:00-04:00,0.630487256234802,0.6306290572648181,0.62126755112506,0.6228277683258057,3827043,0.0,0.0
2006-04-17 00:00:00-04:00,0.6226858277793077,0.6263737701779624,0.6192816903355047,0.6204164028167725,3208206,0.0,0.0
2006-04-18 00:00:00-04:00,0.6239627260988618,0.6439624088576772,0.6222606060085586,0.6402744650840759,4858440,0.0,0.0
2006-04-19 00:00:00-04:00,0.6399906791026845,0.6567280714635697,0.6397070263025241,0.6548840999603271,5251496,0.0,0.0
2006-04-20 00:00:00-04:00,0.6557351889913643,0.6572954062961904,0.6458062751339093,0.6554515361785889,3650018,0.0,0.0
2006-04-21 00:00:00-04:00,0.6589973061995974,0.6597065140956088,0.6500612562695686,0.653181791305542,3393482,0.0,0.0
2006-04-24 00:00:00-04:00,0.6510541610709262,0.6537491916357162,0.6473662191681812,0.6500612497329712,3333473,0.0,0.0
2006-04-25 00:00:00-04:00,0.649068444821463,0.6499195045079048,0.6314799963472251,0.6333239674568176,5533536,0.0,0.0
2006-04-26 00:00:00-04:00,0.6368702826077703,0.6375794400738611,0.62807608063523,0.6358773708343506,5823077,0.0,0.0
2006-04-27 00:00:00-04:00,0.6344589037006811,0.6414091846469612,0.6285015852616503,0.6358773708343506,5131479,0.0,0.0
2006-04-28 00:00:00-04:00,0.636586213411839,0.643820194353316,0.6324728180337675,0.6338912844657898,3565256,0.0,0.0
2006-05-01 00:00:00-04:00,0.6328985966023358,0.6394232192735204,0.6241043965803837,0.6260901689529419,3909555,0.0,0.0
2006-05-02 00:00:00-04:00,0.6262315283656315,0.6266570325976142,0.6136075935222352,0.6167281270027161,5838829,0.0,0.0
2006-05-03 00:00:00-04:00,0.6167285265852851,0.623678754858057,0.6127569313338331,0.6148845553398132,4898946,0.0,0.0
2006-05-04 00:00:00-04:00,0.617012307672643,0.6441040139410691,0.617012307672643,0.6382884979248047,10768529,0.0,0.0
2006-05-05 00:00:00-04:00,0.6439620723518137,0.6499194388209881,0.6438202206294417,0.645380437374115,2234567,0.0,0.0
2006-05-08 00:00:00-04:00,0.6455224245789786,0.6506287832532579,0.6446714662675659,0.6502032279968262,2559363,0.0,0.0
2006-05-09 00:00:00-04:00,0.6487848596034754,0.6490685123726027,0.639706956315071,0.6439622044563293,2989174,0.0,0.0
2006-05-10 00:00:00-04:00,0.6432530105138903,0.6527564700142903,0.6397070207726937,0.6517635583877563,3097940,0.0,0.0
2006-05-11 00:00:00-04:00,0.6510542532897428,0.6510542532897428,0.632472943088559,0.6370119452476501,3665020,0.0,0.0
2006-05-12 00:00:00-04:00,0.6334659007382655,0.6334659007382655,0.6198490454699497,0.6290688514709473,5319755,0.0,0.0
2006-05-15 00:00:00-04:00,0.6255228436053332,0.6375793819039899,0.622685960330648,0.6357355117797852,4039324,0.0,0.0
2006-05-16 00:00:00-04:00,0.6372956855659773,0.642685697465795,0.6267993145607609,0.6302036046981812,6606188,0.0,0.0
2006-05-17 00:00:00-04:00,0.6254586040036362,0.6340855493597013,0.6146748065948486,0.6146748065948486,5692558,0.079989,0.0
2006-05-18 00:00:00-04:00,0.6166877358617987,0.624020641672384,0.606910442400499,0.6076293587684631,3602762,0.0,0.0
2006-05-19 00:00:00-04:00,0.6161125754612439,0.6172628211044937,0.5988585822426188,0.6126618385314941,9871402,0.0,0.0
2006-05-22 00:00:00-04:00,0.6096423816490187,0.6130931185913141,0.5988585844198592,0.6084921360015869,5023463,0.0,0.0
2006-05-23 00:00:00-04:00,0.6115119178155808,0.6139562041689036,0.6018784117682386,0.6027411222457886,3869049,0.0,0.0
2006-05-24 00:00:00-04:00,0.6013029888837937,0.6125181690328029,0.5954078116260703,0.602165699005127,4084330,0.0,0.0
2006-05-25 00:00:00-04:00,0.6074856075905637,0.6215763990498019,0.606766639804995,0.6204259991645813,3680773,0.0,0.0
2006-05-26 00:00:00-04:00,0.6220079653743433,0.6323603348636723,0.6217204295550572,0.6312100887298584,4673914,0.0,0.0
2006-05-30 00:00:00-04:00,0.6313538204739502,0.6317852013031012,0.6244522929191589,0.6244522929191589,5376013,0.0,0.0
2006-05-31 00:00:00-04:00,0.6273278942813232,0.6300598187453006,0.6140998585298687,0.6218641996383667,6342150,0.0,0.0
2006-06-01 00:00:00-04:00,0.6225830293698611,0.6359548568725586,0.6211451448152959,0.6359548568725586,5051967,0.0,0.0
2006-06-02 00:00:00-04:00,0.635954905506711,0.6427127937164968,0.6297722431623969,0.6392619013786316,5671555,0.0,0.0
2006-06-05 00:00:00-04:00,0.6389744851575054,0.652921490729801,0.6333668933443451,0.6467388272285461,6686449,0.0,0.0
2006-06-06 00:00:00-04:00,0.6476013139181123,0.648895353340176,0.6358110626763733,0.6406996846199036,5063969,0.0,0.0
2006-06-07 00:00:00-04:00,0.644007024210588,0.6517713677499019,0.6369616489882003,0.6464514136314392,4641659,0.0,0.0
2006-06-08 00:00:00-04:00,0.6464511480117564,0.6500456795493404,0.6376803552892661,0.6465949416160583,4532894,0.0,0.0
2006-06-09 00:00:00-04:00,0.6457320835950756,0.6524899185952909,0.644150405738165,0.6493265628814697,4739173,0.0,0.0
2006-06-12 00:00:00-04:00,0.6493267254178451,0.6494706218818808,0.6432878567629301,0.6461635231971741,2841403,0.0,0.0
2006-06-13 00:00:00-04:00,0.6461635897550471,0.6503332962285343,0.6385431449190194,0.6417063474655151,5632550,0.0,0.0
2006-06-14 00:00:00-04:00,0.6430001545451968,0.6430001545451968,0.629196897519605,0.6309223175048828,5262747,0.0,0.0
2006-06-15 00:00:00-04:00,0.6326477817680546,0.6360985188429777,0.6299158582508559,0.6339417695999146,6820718,0.0,0.0
2006-06-16 00:00:00-04:00,0.6345169745628843,0.6369612596329197,0.6302034244398153,0.6326478123664856,3997318,0.0,0.0
2006-06-19 00:00:00-04:00,0.6319290478171217,0.6327917581193192,0.6233019962234803,0.6235896348953247,4109834,0.0,0.0
2006-06-20 00:00:00-04:00,0.6224391641472241,0.6267527148143083,0.6194197043944271,0.6199948787689209,5403017,0.0,0.0
2006-06-21 00:00:00-04:00,0.6211451950011503,0.6304912139334765,0.618413270697907,0.6297722458839417,3303469,0.0,0.0
2006-06-22 00:00:00-04:00,0.6274718884142724,0.6299161745936044,0.6230145426928264,0.6276156306266785,3368728,0.0,0.0
2006-06-23 00:00:00-04:00,0.6254585552586569,0.626177368744707,0.6171190433983932,0.6184130311012268,7537820,0.0,0.0
2006-06-26 00:00:00-04:00,0.6182695876782979,0.6225831392466203,0.6168318057266365,0.620570182800293,3667271,0.0,0.0
2006-06-27 00:00:00-04:00,0.6201385640491344,0.6218640355860151,0.6148186129996548,0.6158251166343689,2839903,0.0,0.0
2006-06-28 00:00:00-04:00,0.616831605341929,0.6189883032829606,0.6145310623956258,0.6179818511009216,3844296,0.0,0.0
2006-06-29 00:00:00-04:00,0.6182696523633051,0.6248837483172723,0.6166880766225086,0.6231582760810852,7134263,0.0,0.0
2006-06-30 00:00:00-04:00,0.6233017626612034,0.6260336861658509,0.6212888069959221,0.6247396469116211,14590322,0.0,0.0
2006-07-03 00:00:00-04:00,0.6290531885084156,0.6427126526832581,0.6279028913148752,0.6427126526832581,3168450,0.0,0.0
2006-07-05 00:00:00-04:00,0.6418501136979141,0.6539279031647441,0.639549570126058,0.6510522365570068,6433663,0.0,0.0
2006-07-06 00:00:00-04:00,0.6510522512390793,0.6549344218184052,0.6499020051413775,0.6527776718139648,5436772,0.0,0.0
2006-07-07 00:00:00-04:00,0.6527777125789443,0.6555096372311733,0.6474577597594349,0.6499020457267761,4916198,0.0,0.0
2006-07-10 00:00:00-04:00,0.6501895409516365,0.6552219576286641,0.6501895409516365,0.6527776718139648,2622372,0.0,0.0
2006-07-11 00:00:00-04:00,0.6803840193171851,0.6803840193171851,0.6566597221830532,0.6605418920516968,7732848,0.0,0.0
2006-07-12 00:00:00-04:00,0.6614050282533047,0.6661498084513646,0.6599671428256269,0.6642805933952332,5360261,0.0,0.0
2006-07-13 00:00:00-04:00,0.6641365675031442,0.6642803096990025,0.6591041506547304,0.6606857776641846,4643159,0.0,0.0
2006-07-14 00:00:00-04:00,0.660541869491483,0.660541869491483,0.6484640309474657,0.6501893997192383,3327472,0.0,0.0
2006-07-17 00:00:00-04:00,0.6500459444400748,0.6526340760871797,0.6465952051006324,0.6481767296791077,2812149,0.0,0.0
2006-07-18 00:00:00-04:00,0.6481764807737741,0.6576662931689892,0.6473137705560273,0.6575224995613098,5146481,0.0,0.0
2006-07-19 00:00:00-04:00,0.6603981011564485,0.675495399913777,0.6572347963830988,0.675063967704773,4642409,0.0,0.0
2006-07-20 00:00:00-04:00,0.6757829097679612,0.6766456198679276,0.6678747767085372,0.669600248336792,4433129,0.0,0.0
2006-07-21 00:00:00-04:00,0.6757831009467465,0.6763582754616554,0.6580976674650371,0.6588166356086731,4939451,0.0,0.0
2006-07-24 00:00:00-04:00,0.6614043502711389,0.6746324300765991,0.659966466317385,0.6746324300765991,3145947,0.0,0.0
2006-07-25 00:00:00-04:00,0.6729074668679749,0.6858480207911458,0.6727637246495956,0.6845539808273315,4866691,0.0,0.0
2006-07-26 00:00:00-04:00,0.6836909916984759,0.6934682871218408,0.6836909916984759,0.6882920265197754,4744424,0.0,0.0
2006-07-27 00:00:00-04:00,0.6915991520826016,0.6943310760796685,0.687285549982152,0.6881482601165771,2404091,0.0,0.0
2006-07-28 00:00:00-04:00,0.6915992877700057,0.6973506212234497,0.6908803196599911,0.6973506212234497,3944060,0.0,0.0
2006-07-31 00:00:00-04:00,0.694475003603462,0.6954815076003189,0.6858479513849379,0.6914555430412292,2634374,0.0,0.0
2006-08-01 00:00:00-04:00,0.6914553433082066,0.6931806606825303,0.6834034679442208,0.6903049945831299,2681631,0.0,0.0
2006-08-02 00:00:00-04:00,0.6937558885476905,0.6972066778474322,0.6890110082607598,0.6915991902351379,2670379,0.0,0.0
2006-08-03 00:00:00-04:00,0.6908802994210518,0.7177678545279152,0.6908802994210518,0.7167613506317139,10740775,0.0,0.0
2006-08-04 00:00:00-04:00,0.7440801295095081,0.7440801295095081,0.7186304627658902,0.7399104237556458,5902588,0.0,0.0
2006-08-07 00:00:00-04:00,0.7304207529395615,0.7383288869236951,0.7252444917344952,0.7325775027275085,7534820,0.0,0.0
2006-08-08 00:00:00-04:00,0.7311396539844831,0.7311396539844831,0.7167613213592868,0.7193495035171509,5100724,0.0,0.0
2006-08-09 00:00:00-04:00,0.7258195486066535,0.7259632907599085,0.7147482142502095,0.7153233885765076,6699201,0.0,0.0
2006-08-10 00:00:00-04:00,0.7138856053352356,0.7164737358853148,0.7049710191543965,0.7138856053352356,3880301,0.0,0.0
2006-08-11 00:00:00-04:00,0.7117288207231456,0.7131666023872052,0.7022390605994222,0.7062649726867676,4344617,0.0,0.0
2006-08-14 00:00:00-04:00,0.7098598434801341,0.7217938929821698,0.7094285654083051,0.7140295505523682,4883943,0.0,0.0
2006-08-15 00:00:00-04:00,0.7225127102834851,0.7297018766403198,0.7203559603764347,0.7297018766403198,6186128,0.0,0.0
2006-08-16 00:00:00-04:00,0.730138562529622,0.7314480845375414,0.7257734024304947,0.7278104424476624,6865725,0.079989,0.0
2006-08-17 00:00:00-04:00,0.7241723776589316,0.7286829444002306,0.7224263148894225,0.726500391960144,5903338,0.0,0.0
2006-08-18 00:00:00-04:00,0.7282468524644544,0.7307203298009269,0.7234452035908115,0.7295563220977783,4196846,0.0,0.0
2006-08-21 00:00:00-04:00,0.7275193987728883,0.7333395943489305,0.7275193987728883,0.730429470539093,3672521,0.0,0.0
2006-08-22 00:00:00-04:00,0.7318843416432018,0.7419240765675005,0.7314478517939971,0.7409055829048157,7528819,0.0,0.0
2006-08-23 00:00:00-04:00,0.7413421016367197,0.7419240533883974,0.7352309316770513,0.7359583973884583,4579400,0.0,0.0
2006-08-24 00:00:00-04:00,0.7384320486951321,0.7433791591417035,0.7362494953766194,0.742651641368866,5249245,0.0,0.0
2006-08-25 00:00:00-04:00,0.7426516438759173,0.7468712365638956,0.7395960588109602,0.7417786121368408,5231993,0.0,0.0
2006-08-28 00:00:00-04:00,0.7429426489080064,0.7451253064067617,0.7401781437057752,0.7420697212219238,7647336,0.0,0.0
2006-08-29 00:00:00-04:00,0.7420696974590157,0.7493448752644116,0.7406146098543154,0.748908281326294,3762534,0.0,0.0
2006-08-30 00:00:00-04:00,0.7490540142484841,0.7509455402133539,0.7413423443380005,0.7457074522972107,6813967,0.0,0.0
2006-08-31 00:00:00-04:00,0.7457074713704035,0.7505091214745299,0.742360909333534,0.745561957359314,3478244,0.0,0.0
2006-09-01 00:00:00-04:00,0.745707269674683,0.7480352850478921,0.743088226358011,0.7432337403297424,3298968,0.0,0.0
2006-09-05 00:00:00-04:00,0.7432338930849662,0.7471625109110381,0.7378501872861422,0.7467259168624878,6843222,0.0,0.0
2006-09-06 00:00:00-04:00,0.7468713495566092,0.7512365089123877,0.7417787243591011,0.7477443814277649,7101258,0.0,0.0
2006-09-07 00:00:00-04:00,0.7468712074530935,0.7491993266956347,0.7409055515194858,0.7454162240028381,4628157,0.0,0.0
2006-09-08 00:00:00-04:00,0.7471623409817797,0.7595301435664368,0.7406146287462799,0.7589480876922607,4845688,0.0,0.0
2006-09-11 00:00:00-04:00,0.7589481231067596,0.7622947884085681,0.7513819688692629,0.7608397006988525,3985316,0.0,0.0
2006-09-12 00:00:00-04:00,0.760548477204211,0.7791729068497584,0.753418763126461,0.7769903540611267,6226634,0.0,0.0
2006-09-13 00:00:00-04:00,0.7756810556153744,0.7831017476370788,0.7729164983643614,0.7809191942214966,4191595,0.0,0.0
2006-09-14 00:00:00-04:00,0.7772816380344189,0.7788822398329861,0.7732075586978739,0.7774272561073303,3566756,0.0,0.0
2006-09-15 00:00:00-04:00,0.7826651763114214,0.7836837219501318,0.7769904963866311,0.7793185114860535,3809041,0.0,0.0
2006-09-18 00:00:00-04:00,0.7769905733552871,0.7775726292314186,0.7678238178296872,0.7695699334144592,5254496,0.0,0.0
2006-09-19 00:00:00-04:00,0.7768450453710382,0.7893583088585958,0.7697153298873044,0.7886308431625366,6601687,0.0,0.0
2006-09-20 00:00:00-04:00,0.789503907439082,0.7996893136885709,0.789503907439082,0.7940146327018738,5445773,0.0,0.0
2006-09-21 00:00:00-04:00,0.7976522154860729,0.7989616850956464,0.7877578899706458,0.7897949814796448,4266606,0.0,0.0
2006-09-22 00:00:00-04:00,0.7886308373205374,0.7937235135041725,0.7813556079340378,0.793286919593811,2455849,0.0,0.0
2006-09-25 00:00:00-04:00,0.7995439831900433,0.7995439831900433,0.7826656042720652,0.7877582311630249,4251604,0.0,0.0
2006-09-26 00:00:00-04:00,0.7841202010375671,0.7918319726460675,0.7817921858154949,0.7883397936820984,6845472,0.0,0.0
2006-09-27 00:00:00-04:00,0.7889218925669386,0.792850509544827,0.7842657577815614,0.7915410399436951,7090007,0.0,0.0
2006-09-28 00:00:00-04:00,0.7908134269536957,0.7921229485270164,0.7855753406604129,0.7883397936820984,5018212,0.0,0.0
2006-09-29 00:00:00-04:00,0.7791732242811981,0.7935781722331685,0.778736734363091,0.7916865944862366,4062577,0.0,0.0
2006-10-02 00:00:00-04:00,0.7943055746122626,0.7943055746122626,0.7787366721372669,0.7879034280776978,3605012,0.0,0.0
2006-10-03 00:00:00-04:00,0.7900857588802964,0.8094377070048917,0.7900857588802964,0.8081282377243042,6307646,0.0,0.0
2006-10-04 00:00:00-04:00,0.808273916258304,0.8202052814395019,0.808273916258304,0.8180227279663086,5985850,0.0,0.0
2006-10-05 00:00:00-04:00,0.8155490592728596,0.8236972689628601,0.813948613806843,0.8236972689628601,4175093,0.0,0.0
2006-10-06 00:00:00-04:00,0.8236973872975853,0.8279170847815511,0.8196233078891022,0.8203508257865906,6868725,0.0,0.0
2006-10-09 00:00:00-04:00,0.8212238532621534,0.8258799365548972,0.8129301805015025,0.8254434466362,3937309,0.0,0.0
2006-10-10 00:00:00-04:00,0.8254434943132963,0.8292266500307877,0.809147071738349,0.820932924747467,6422412,0.0,0.0
2006-10-11 00:00:00-04:00,0.8209328106944436,0.8283535030153505,0.8151126680182224,0.8191867470741272,3692774,0.0,0.0
2006-10-12 00:00:00-04:00,0.82282455294722,0.8273352274468803,0.8190415526506294,0.8261712193489075,2869157,0.0,0.0
2006-10-13 00:00:00-04:00,0.8250067574126158,0.837374557835497,0.8250067574126158,0.8369379639625549,6645944,0.0,0.0
2006-10-16 00:00:00-04:00,0.8382477619424396,0.8456684020882728,0.8354831525853065,0.845522940158844,3283216,0.0,0.0
2006-10-17 00:00:00-04:00,0.845522889524164,0.8529435292256073,0.8418852485901801,0.847559928894043,7622582,0.0,0.0
2006-10-18 00:00:00-04:00,0.8541076775350138,0.8578908330564682,0.8511977100306584,0.8567268252372742,4749674,0.0,0.0
2006-10-19 00:00:00-04:00,0.8583270431691691,0.8609460857715784,0.8402845646419607,0.8413031101226807,6137371,0.0,0.0
2006-10-20 00:00:00-04:00,0.8424672484397888,0.844213311808532,0.831699944405235,0.8424672484397888,6745708,0.0,0.0
2006-10-23 00:00:00-04:00,0.8344645400058766,0.8373746631030624,0.8220967900718411,0.836647093296051,6451666,0.0,0.0
2006-10-24 00:00:00-04:00,0.8366470801681206,0.8392662273450245,0.8245702542591489,0.8308269381523132,5316755,0.0,0.0
2006-10-25 00:00:00-04:00,0.8334460463633004,0.8370836872238778,0.8296628915413207,0.836647093296051,3807541,0.0,0.0
2006-10-26 00:00:00-04:00,0.8388293293635164,0.8439219517813639,0.8341732486647874,0.8410118818283081,4577150,0.0,0.0
2006-10-27 00:00:00-04:00,0.8381022662523547,0.8386842180700133,0.8296629760674262,0.8305360078811646,3179701,0.0,0.0
2006-10-30 00:00:00-05:00,0.8341739154200973,0.8372295017218564,0.8279172808375389,0.8337373733520508,4658911,0.0,0.0
2006-10-31 00:00:00-05:00,0.8344645029822234,0.8356285625781745,0.8290809029981587,0.8340280652046204,4418877,0.0,0.0
2006-11-01 00:00:00-05:00,0.8338824554048441,0.8366470644452936,0.8251522945888151,0.8271893858909607,6493672,0.0,0.0
2006-11-02 00:00:00-05:00,0.8257344505190386,0.8260255305474054,0.7873214628027329,0.7922685742378235,28864848,0.0,0.0
2006-11-03 00:00:00-05:00,0.7928504541510643,0.7928504541510643,0.7657867311509854,0.7796096205711365,9386833,0.0,0.0
2006-11-06 00:00:00-05:00,0.7857207811558076,0.7922683888438855,0.7822286543306741,0.7893583178520203,6025606,0.0,0.0
2006-11-07 00:00:00-05:00,0.7924140282677795,0.7924140282677795,0.7797552486750298,0.7800462245941162,5756317,0.0,0.0
2006-11-08 00:00:00-05:00,0.7801916028460584,0.7844111955910349,0.7711703614931114,0.7819377183914185,4280108,0.0,0.0
2006-11-09 00:00:00-05:00,0.7822288142130011,0.7883399333188187,0.7768452130038497,0.7865939736366272,5012962,0.0,0.0
2006-11-10 00:00:00-05:00,0.7857207811558076,0.7908134053915717,0.7835382279119085,0.7893583178520203,4102332,0.0,0.0
2006-11-13 00:00:00-05:00,0.7871759290241869,0.7932871002009811,0.7865939771566052,0.7890675067901611,3319221,0.0,0.0
2006-11-14 00:00:00-05:00,0.7927050590515137,0.7938690667428351,0.7863028085747507,0.7927050590515137,9488847,0.0,0.0
2006-11-15 00:00:00-05:00,0.7965302428815054,0.7965302428815054,0.7797580271923006,0.7806407809257507,8411694,0.079989,0.0
2006-11-16 00:00:00-05:00,0.7801995960121666,0.798884351021337,0.7800524615980824,0.79682457447052,6801216,0.0,0.0
2006-11-17 00:00:00-05:00,0.7944706769586078,0.7963833191979475,0.7874086983123427,0.7935879230499268,4687416,0.0,0.0
2006-11-20 00:00:00-05:00,0.8533200016835968,0.8542027552955496,0.8113896524127496,0.8177160620689392,16148293,0.0,0.0
2006-11-21 00:00:00-05:00,0.8168332890375761,0.833458262404253,0.8135964381654252,0.8316927552223206,4508140,0.0,0.0
2006-11-22 00:00:00-05:00,0.8327227714881404,0.8371365401230446,0.8236010706812936,0.8308101296424866,5000960,0.0,0.0
2006-11-24 00:00:00-05:00,0.8308101871781104,0.8431685823421717,0.8308101871781104,0.8411088585853577,1603728,0.0,0.0
2006-11-27 00:00:00-05:00,0.841108834437651,0.841108834437651,0.8178632835493572,0.8187460899353027,5486279,0.0,0.0
2006-11-28 00:00:00-05:00,0.8194813565695229,0.8224238331413419,0.8100654420643341,0.8206583261489868,4684415,0.0,0.0
2006-11-29 00:00:00-05:00,0.8206587960791223,0.8397849573712322,0.8197761473238361,0.8396378755569458,7279784,0.0,0.0
2006-11-30 00:00:00-05:00,0.8378725288475217,0.8486126607493073,0.8343415647843261,0.8480240702629089,6256638,0.0,0.0
2006-12-01 00:00:00-05:00,0.8466997083785777,0.8492007828899574,0.8315459164055724,0.8372837901115417,4944702,0.0,0.0
2006-12-04 00:00:00-05:00,0.8409620141671053,0.8549388390736299,0.8386080209421162,0.8525848984718323,3995817,0.0,0.0
2006-12-05 00:00:00-05:00,0.8527321100525023,0.8530263263609023,0.8452287259055125,0.8480240702629089,5099224,0.0,0.0
2006-12-06 00:00:00-05:00,0.847582454847591,0.8477295366351361,0.8343412524764123,0.841991662979126,3789538,0.0,0.0
2006-12-07 00:00:00-05:00,0.8433157649620208,0.8459639209009296,0.8328698546129327,0.8341940641403198,2516607,0.0,0.0
2006-12-08 00:00:00-05:00,0.83316421131122,0.841991591099795,0.83316421131122,0.8356652855873108,2578866,0.0,0.0
2006-12-11 00:00:00-05:00,0.835223818796815,0.8422857953174652,0.832722692245574,0.8384605646133423,2203813,0.0,0.0
2006-12-12 00:00:00-05:00,0.8384605305656649,0.8433156490933023,0.8327226584308965,0.8414030075073242,3518750,0.0,0.0
2006-12-13 00:00:00-05:00,0.8415503599523636,0.8443457558698515,0.8261022993823868,0.831987202167511,2881159,0.0,0.0
2006-12-14 00:00:00-05:00,0.8319872903576964,0.8415504491562384,0.8311046416746136,0.8361068964004517,3139196,0.0,0.0
2006-12-15 00:00:00-05:00,0.837430884182235,0.842874436520848,0.8291919358440525,0.8305160403251648,5977599,0.0,0.0
2006-12-18 00:00:00-05:00,0.8327227303194884,0.8349295355930796,0.8224240075114306,0.8237481117248535,3803790,0.0,0.0
2006-12-19 00:00:00-05:00,0.8349295322694006,0.8349295322694006,0.8049162755175536,0.8112425804138184,4602653,0.0,0.0
2006-12-20 00:00:00-05:00,0.8144794849721734,0.8219829195082343,0.8077118804156179,0.8185989856719971,3884051,0.0,0.0
2006-12-21 00:00:00-05:00,0.8174217750974337,0.8216883563410475,0.8085943964759522,0.8105068802833557,3129444,0.0,0.0
2006-12-22 00:00:00-05:00,0.807711884582618,0.8110957131899449,0.7974131590915193,0.8035923838615417,3298218,0.0,0.0
2006-12-26 00:00:00-05:00,0.8035922753177935,0.8177162307767014,0.8035922753177935,0.8152150511741638,3332723,0.0,0.0
2006-12-27 00:00:00-05:00,0.8226518156903109,0.8266676664352417,0.8195283821330576,0.8266676664352417,4561398,0.079989,0.0
2006-12-28 00:00:00-05:00,0.8244364839013962,0.8344017641086865,0.82369291823058,0.8306833505630493,2529359,0.0,0.0
2006-12-29 00:00:00-05:00,0.8308323753119895,0.8455571288573032,0.8296424145579689,0.83321213722229,4076829,0.0,0.0
2007-01-03 00:00:00-05:00,0.8369305090068768,0.8419874702011679,0.8198260454502221,0.8299400210380554,5840329,0.0,0.0
2007-01-04 00:00:00-05:00,0.8308324445549191,0.8373767504542233,0.8268165926716464,0.8329147696495056,5664054,0.0,0.0
2007-01-05 00:00:00-05:00,0.8317246602326192,0.8317246602326192,0.8109018372682809,0.8129841089248657,7095257,0.0,0.0
2007-01-08 00:00:00-05:00,0.8129838322412564,0.8239902735352146,0.8052496754062227,0.8229491114616394,6884477,0.0,0.0
2007-01-09 00:00:00-05:00,0.8244369966652396,0.8430288631598262,0.8230983967478296,0.838120698928833,3779037,0.0,0.0
2007-01-10 00:00:00-05:00,0.8366331107246385,0.8620667693775379,0.8311299139589113,0.8605793714523315,4943952,0.0,0.0
2007-01-11 00:00:00-05:00,0.8605790437710394,0.8808069881809418,0.8605790437710394,0.8702468872070312,5150981,0.0,0.0
2007-01-12 00:00:00-05:00,0.8656362408440192,0.8753040869333095,0.862810296805021,0.8696520924568176,3587759,0.0,0.0
2007-01-16 00:00:00-05:00,0.8754526004150315,0.8962754720546615,0.8742627463552737,0.8937469124794006,7207023,0.0,0.0
2007-01-17 00:00:00-05:00,0.8938961602526492,0.900440520859484,0.8834847983764654,0.8955322504043579,5837329,0.0,0.0
2007-01-18 00:00:00-05:00,0.9038612832598147,0.9038612832598147,0.885418163722595,0.8952347040176392,5566540,0.0,0.0
2007-01-19 00:00:00-05:00,0.8996966407192991,0.9034150558072315,0.8864592298362024,0.9032663106918335,3585509,0.0,0.0
2007-01-22 00:00:00-05:00,0.9013323140805021,0.9013323140805021,0.8900284885226185,0.8910696506500244,3283216,0.0,0.0
2007-01-23 00:00:00-05:00,0.893003183226288,0.8986550691104781,0.8904746239635286,0.8944904208183289,2945668,0.0,0.0
2007-01-24 00:00:00-05:00,0.8927057485212568,0.9068355721907149,0.8927057485212568,0.906538188457489,3646268,0.0,0.0
2007-01-25 00:00:00-05:00,0.9135288928648971,0.9260225223404659,0.9089180080556755,0.914718747138977,5845580,0.0,0.0
2007-01-26 00:00:00-05:00,0.9145698186406557,0.9199242149994502,0.9098102961003576,0.9166521430015564,4097082,0.0,0.0
2007-01-29 00:00:00-05:00,0.9211141538620313,0.9246837162971338,0.9150160316704472,0.9234938621520996,3353726,0.0,0.0
2007-01-30 00:00:00-05:00,0.9242376318246355,0.9258738276504437,0.91843699949069,0.9233452677726746,3743782,0.0,0.0
2007-01-31 00:00:00-05:00,0.9233451293147951,0.9370286101848827,0.9206679311618851,0.931525468826294,4391874,0.0,0.0
2007-02-01 00:00:00-05:00,0.931525654405688,0.9334592340784277,0.9218579688389602,0.9309306740760803,6435914,0.0,0.0
2007-02-02 00:00:00-05:00,0.9310793400664517,0.9350951372958166,0.9231963842620262,0.931525468826294,11613899,0.0,0.0
2007-02-05 00:00:00-05:00,0.9324182255710313,0.9377726235216607,0.929592281497255,0.931079626083374,17312458,0.0,0.0
2007-02-06 00:00:00-05:00,0.9347981998561063,0.9389627446003775,0.9258742362032549,0.9371780157089233,4003318,0.0,0.0
2007-02-07 00:00:00-05:00,0.9370288348397396,0.9505636803005335,0.9288484933669847,0.9492251873016357,5185486,0.0,0.0
2007-02-08 00:00:00-05:00,0.9492248867699559,0.9743610963806113,0.948332416521934,0.9571078419685364,11559891,0.0,0.0
2007-02-09 00:00:00-05:00,0.9600825299983642,0.9785256383426791,0.9246835509261925,0.9571078419685364,31223183,0.0,0.0
2007-02-12 00:00:00-05:00,0.9541332465058331,0.9545793752746703,0.9248324920904393,0.9279559254646301,10980809,0.0,0.0
2007-02-13 00:00:00-05:00,0.9279558018809517,0.9304842546953361,0.9101075679489463,0.9252786040306091,20730693,0.0,0.0
2007-02-14 00:00:00-05:00,0.9249814163488868,0.9251301614334718,0.90802554069105,0.9084718823432922,11274851,0.0,0.0
2007-02-15 00:00:00-05:00,0.9086205441498635,0.9165033945194657,0.898803901459406,0.903414785861969,14595572,0.0,0.0
2007-02-16 00:00:00-05:00,0.9028196083372759,0.9179905382752012,0.8974652125466923,0.9162057042121887,7715595,0.0,0.0
2007-02-20 00:00:00-05:00,0.9162058687097829,0.9264686398150914,0.9029685154966625,0.9220066070556641,7228776,0.0,0.0
2007-02-21 00:00:00-05:00,0.9166521831165299,0.9193292750146183,0.9084717367676358,0.9172470569610596,3295968,0.0,0.0
2007-02-22 00:00:00-05:00,0.9200732412808698,0.9209657118791025,0.9121902829889688,0.915611207485199,4298860,0.0,0.0
2007-02-23 00:00:00-05:00,0.913380052847236,0.913380052847236,0.8964242834336847,0.9002914428710938,3637266,0.0,0.0
2007-02-26 00:00:00-05:00,0.9002910306988912,0.9038605919317162,0.8763447852017947,0.896721363067627,6114118,0.0,0.0
2007-02-27 00:00:00-05:00,0.8938956879008794,0.8938956879008794,0.8565632308191595,0.8695032000541687,8724489,0.0,0.0
2007-02-28 00:00:00-05:00,0.87099079506533,0.881104771243652,0.8632566343164113,0.8754529356956482,8428947,0.0,0.0
2007-03-01 00:00:00-05:00,0.8711395601076694,0.8772375771938559,0.8437722705778339,0.8687596917152405,10321465,0.0,0.0
2007-03-02 00:00:00-05:00,0.862215295802807,0.8644462591266346,0.8483829614402438,0.8494241237640381,7085506,0.0,0.0
2007-03-05 00:00:00-05:00,0.8445154431008752,0.8445154431008752,0.8162558078765869,0.8162558078765869,5216241,0.0,0.0
2007-03-06 00:00:00-05:00,0.8247340900073832,0.8488290881664925,0.8245852917431179,0.8445158004760742,6490672,0.0,0.0
2007-03-07 00:00:00-05:00,0.8522500514893708,0.8611741711714782,0.8302373222454249,0.830832302570343,6938485,0.0,0.0
2007-03-08 00:00:00-05:00,0.8308325970923087,0.8495732071887777,0.8277092152754917,0.8427313566207886,12434515,0.0,0.0
2007-03-09 00:00:00-05:00,0.8507625156472477,0.8553732394449038,0.8427308155627037,0.8538859486579895,4118085,0.0,0.0
2007-03-12 00:00:00-04:00,0.8504653543600494,0.8626614938797629,0.8474906122245848,0.853142499923706,10313964,0.0,0.0
2007-03-13 00:00:00-04:00,0.8497214539322209,0.8497214539322209,0.81328146876885,0.8149175047874451,15632970,0.0,0.0
2007-03-14 00:00:00-04:00,0.8181896333803896,0.8283036588409047,0.8043573538985834,0.8222054839134216,13169620,0.0,0.0
2007-03-15 00:00:00-04:00,0.8196769801455379,0.8306832617551417,0.81923069183291,0.8275598287582397,11031066,0.0,0.0
2007-03-16 00:00:00-04:00,0.8274115087227016,0.8354432128971648,0.816553966573891,0.8186362385749817,11061821,0.0,0.0
2007-03-19 00:00:00-04:00,0.8254779399110547,0.8358893525869824,0.8217596314403318,0.8329147696495056,15912759,0.0,0.0
2007-03-20 00:00:00-04:00,0.8294934235409639,0.8480852236370106,0.8271136624888245,0.8451105356216431,12444267,0.0,0.0
2007-03-21 00:00:00-04:00,0.8448134640090472,0.8672724320746599,0.8407976121722885,0.8656362891197205,9121295,0.0,0.0
2007-03-22 00:00:00-04:00,0.8705444125761622,0.8751551373800951,0.8657848363028294,0.8727753758430481,7408802,0.0,0.0
2007-03-23 00:00:00-04:00,0.8727755337171481,0.8901775397796562,0.8700983879524709,0.8834845423698425,8496456,0.0,0.0
2007-03-26 00:00:00-04:00,0.8834842610825612,0.8848228069391041,0.8663796974622824,0.8698005676269531,9487347,0.0,0.0
2007-03-27 00:00:00-04:00,0.8650413571615335,0.8675698109789335,0.8549273822941923,0.8556711077690125,7402051,0.0,0.0
2007-03-28 00:00:00-04:00,0.8498701109251497,0.8559682319964986,0.8397560865541361,0.8451105356216431,9318573,0.0,0.0
2007-03-29 00:00:00-04:00,0.8537372703045034,0.8559682864579787,0.8430283182888985,0.8486802577972412,4659662,0.0,0.0
2007-03-30 00:00:00-04:00,0.84957316817048,0.8593896017712281,0.8457060076622176,0.8580510020256042,10071680,0.0,0.0
2007-04-02 00:00:00-04:00,0.8638514976990177,0.8705445481396504,0.8528451055261353,0.8689084053039551,5890586,0.0,0.0
2007-04-03 00:00:00-04:00,0.876047662340584,0.8772375166558136,0.8692059202291459,0.8753040432929993,6899480,0.0,0.0
2007-04-04 00:00:00-04:00,0.8754525445279283,0.876047418320598,0.8642974107334603,0.8742626905441284,5870333,0.0,0.0
2007-04-05 00:00:00-04:00,0.8741141008474743,0.8767913529115607,0.8703957927348611,0.8757502436637878,4010069,0.0,0.0
2007-04-09 00:00:00-04:00,0.875749997251164,0.876344977453047,0.86890815052336,0.8698005676269531,6404409,0.0,0.0
2007-04-10 00:00:00-04:00,0.870841732870201,0.8744114012972366,0.8660822636328726,0.8700981140136719,5616047,0.0,0.0
2007-04-11 00:00:00-04:00,0.8699492598626671,0.8702468563622026,0.8504651478208642,0.8535885810852051,6570933,0.0,0.0
2007-04-12 00:00:00-04:00,0.8535889490437388,0.8535889490437388,0.8406489752567017,0.8424338102340698,5742065,0.0,0.0
2007-04-13 00:00:00-04:00,0.8425820940808001,0.855819498486924,0.8403511312384428,0.8553732633590698,5557539,0.0,0.0
2007-04-16 00:00:00-04:00,0.856711971154205,0.8587942954875687,0.846746744241903,0.8526961207389832,4596653,0.0,0.0
2007-04-17 00:00:00-04:00,0.8513578920234985,0.8666775760446555,0.8491268747271488,0.8642978668212891,7962380,0.0,0.0
2007-04-18 00:00:00-04:00,0.8642976899948361,0.8660825247464604,0.8559685498193353,0.8567122220993042,5604046,0.0,0.0
2007-04-19 00:00:00-04:00,0.8541837020941977,0.8541837020941977,0.8460032539395389,0.8483830690383911,8322432,0.0,0.0
2007-04-20 00:00:00-04:00,0.8552245130768583,0.8568606553364047,0.8473416642571372,0.849721372127533,4745174,0.0,0.0
2007-04-23 00:00:00-04:00,0.8497215132272338,0.8680159328127816,0.8497215132272338,0.8640000820159912,5640051,0.0,0.0
2007-04-24 00:00:00-04:00,0.8657851132516533,0.8680162368299503,0.8523989569736816,0.8577535152435303,4735422,0.0,0.0
2007-04-25 00:00:00-04:00,0.8589429767443679,0.8642974261655321,0.8436233005338365,0.8500188589096069,6327148,0.0,0.0
2007-04-26 00:00:00-04:00,0.8510602362843372,0.8538862333596273,0.8430285335218735,0.8455570936203003,4035573,0.0,0.0
2007-04-27 00:00:00-04:00,0.8433258047850198,0.8473416548704752,0.8375251206173115,0.8407972455024719,5639301,0.0,0.0
2007-04-30 00:00:00-04:00,0.8433260110199613,0.8452595906151291,0.8225030303001404,0.8225030303001404,6492172,0.0,0.0
2007-05-01 00:00:00-04:00,0.825775274918978,0.825775274918978,0.8101581066472102,0.8189334273338318,10752777,0.0,0.0
2007-05-02 00:00:00-04:00,0.8144714702024772,0.824882934418343,0.8144714702024772,0.8180410861968994,7840863,0.0,0.0
2007-05-03 00:00:00-04:00,0.8162559117904385,0.8280060236619454,0.8106040265854361,0.8263698816299438,7362295,0.0,0.0
2007-05-04 00:00:00-04:00,0.8299400216572851,0.8300887667629563,0.8143229027460787,0.8239906430244446,12447267,0.0,0.0
2007-05-07 00:00:00-04:00,0.822502841794421,0.8269649802678374,0.817148445863852,0.8187845349311829,5490029,0.0,0.0
2007-05-08 00:00:00-04:00,0.8150662157876724,0.8186359376184578,0.8086706570214067,0.8107529282569885,7248279,0.0,0.0
2007-05-09 00:00:00-04:00,0.8106041408853447,0.8232465650679663,0.8101579589585904,0.812835156917572,11103827,0.0,0.0
2007-05-10 00:00:00-04:00,0.811347854825952,0.811347854825952,0.7917148395361282,0.793350875377655,10433231,0.0,0.0
2007-05-11 00:00:00-04:00,0.8019779685745416,0.8329148248373649,0.8009368059582623,0.8312786817550659,15619468,0.0,0.0
2007-05-14 00:00:00-04:00,0.8314270835379316,0.847936668524446,0.831278391672569,0.8402025103569031,9050035,0.0,0.0
2007-05-15 00:00:00-04:00,0.8407974639801236,0.8473418750486642,0.8171486456417508,0.8195284605026245,8881261,0.0,0.0
2007-05-16 00:00:00-04:00,0.8217838503342022,0.8259942407368077,0.8049421811539579,0.8132126331329346,6063861,0.079989,0.0
2007-05-17 00:00:00-04:00,0.8133630899316646,0.8133630899316646,0.7956191772510205,0.7968221306800842,8770995,0.0,0.0
2007-05-18 00:00:00-04:00,0.7962208923082901,0.7963712211830812,0.7697553191002976,0.7813339233398438,12922085,0.0,0.0
2007-05-21 00:00:00-04:00,0.7808828486397905,0.7933637482895823,0.7790783643722534,0.7790783643722534,9840647,0.0,0.0
2007-05-22 00:00:00-04:00,0.7856949641690539,0.8049425487785274,0.7834392777565913,0.7977246642112732,13579178,0.0,0.0
2007-05-23 00:00:00-04:00,0.8022355749489194,0.8100549883527184,0.7944163228998883,0.7996793389320374,12101468,0.0,0.0
2007-05-24 00:00:00-04:00,0.7983259500466069,0.7983259500466069,0.7661462716170987,0.7775745987892151,15236913,0.0,0.0
2007-05-25 00:00:00-04:00,0.7819352742168418,0.802837005481898,0.7759203461190874,0.7825368046760559,8500207,0.0,0.0
2007-05-29 00:00:00-04:00,0.8088519620891843,0.8362196645110332,0.8052429941063646,0.8219342827796936,16524096,0.0,0.0
2007-05-30 00:00:00-04:00,0.8293028008161065,0.8547157519460601,0.8219345337553987,0.8487008213996887,12193731,0.0,0.0
2007-05-31 00:00:00-04:00,0.8464451339535326,0.8494525717570787,0.8240395717193278,0.8250921964645386,11140582,0.0,0.0
2007-06-01 00:00:00-04:00,0.8291526166530708,0.8401298554267227,0.8132131786621078,0.826445996761322,9279568,0.0,0.0
2007-06-04 00:00:00-04:00,0.8264458252575289,0.8471970754474828,0.8232880041000623,0.8384755253791809,6615939,0.0,0.0
2007-06-05 00:00:00-04:00,0.831859057694546,0.831859057694546,0.8159195176218852,0.816821813583374,7483813,0.0,0.0
2007-06-06 00:00:00-04:00,0.8112577667578662,0.8213327562856769,0.8044910871054326,0.8132126331329346,7490564,0.0,0.0
2007-06-07 00:00:00-04:00,0.8070474641333499,0.8071978467608517,0.7796797621850472,0.7816346287727356,9338826,0.0,0.0
2007-06-08 00:00:00-04:00,0.780130890985408,0.7924614610654108,0.7646425542942786,0.7920103669166565,6876226,0.0,0.0
2007-06-11 00:00:00-04:00,0.7888526044130597,0.7935140902420295,0.7774243293617114,0.7856948375701904,6561932,0.0,0.0
2007-06-12 00:00:00-04:00,0.7856948769548683,0.7858452058330724,0.7656952735963991,0.7735146880149841,9284068,0.0,0.0
2007-06-13 00:00:00-04:00,0.7799803393622846,0.7909575700759888,0.7799803393622846,0.7909575700759888,9980167,0.0,0.0
2007-06-14 00:00:00-04:00,0.7894539454966459,0.7894539454966459,0.7690034124369993,0.7733641862869263,9693626,0.0,0.0
2007-06-15 00:00:00-04:00,0.7781761673592583,0.7819355187654257,0.7681012820052974,0.7744169235229492,8182912,0.0,0.0
2007-06-18 00:00:00-04:00,0.7691536550445187,0.772762515037509,0.7556201342537918,0.7684017419815063,9812893,0.0,0.0
2007-06-19 00:00:00-04:00,0.7646425179839952,0.7766723222036251,0.7557706415803014,0.7753190398216248,9016280,0.0,0.0
2007-06-20 00:00:00-04:00,0.7738153984888674,0.7750183522224182,0.7520114183425903,0.7520114183425903,8393692,0.0,0.0
2007-06-21 00:00:00-04:00,0.7521617791859694,0.7521617791859694,0.729605992336344,0.7491544485092163,8560965,0.0,0.0
2007-06-22 00:00:00-04:00,0.7438914728774143,0.7465980921507324,0.7342675193561238,0.7428387403488159,8878261,0.0,0.0
2007-06-25 00:00:00-04:00,0.7429891640392169,0.7467483541495799,0.730207390571669,0.7365230321884155,10420479,0.0,0.0
2007-06-26 00:00:00-04:00,0.7366735224224703,0.7422372507182423,0.7293052559412894,0.7365230321884155,8542963,0.0,0.0
2007-06-27 00:00:00-04:00,0.7082528621137572,0.7667476127231273,0.7082528621137572,0.7646424174308777,11162335,0.0,0.0
2007-06-28 00:00:00-04:00,0.7578757961251654,0.777273703109211,0.7517105386041215,0.7652440071105957,16491842,0.0,0.0
2007-06-29 00:00:00-04:00,0.7709582358953332,0.7804316438000125,0.755921046341921,0.7581766247749329,20724692,0.0,0.0
2007-07-02 00:00:00-04:00,0.7539660383030375,0.769003332611648,0.7521615543804178,0.7676498889923096,6623440,0.0,0.0
2007-07-03 00:00:00-04:00,0.7668984890746428,0.7705073510057798,0.7511092744001597,0.7548686265945435,5307754,0.0,0.0
2007-07-05 00:00:00-04:00,0.7593795727940681,0.7714093781325168,0.758176619152686,0.7661463618278503,8551964,0.0,0.0
2007-07-06 00:00:00-04:00,0.7646425310172298,0.7762211875219626,0.7548683586224287,0.7733641862869263,6624191,0.0,0.0
2007-07-09 00:00:00-04:00,0.7757702253093149,0.7757702253093149,0.7541166274475505,0.7578759789466858,6369904,0.0,0.0
2007-07-10 00:00:00-04:00,0.7526129672219903,0.7614848453454242,0.7431395046473521,0.7438914179801941,10434732,0.0,0.0
2007-07-11 00:00:00-04:00,0.7380270441009528,0.739981911798831,0.7276513898997287,0.730809211730957,10912549,0.0,0.0
2007-07-12 00:00:00-04:00,0.7398312009298709,0.7541164755821228,0.7308088344477903,0.7541164755821228,6800466,0.0,0.0
2007-07-13 00:00:00-04:00,0.7500564543974042,0.7650937506186836,0.745996499517393,0.7638907432556152,5104475,0.0,0.0
2007-07-16 00:00:00-04:00,0.762086278702396,0.774116029932918,0.7601314656414057,0.7613344192504883,8038141,0.0,0.0
2007-07-17 00:00:00-04:00,0.7586278306984418,0.7637405185651975,0.7431394920040242,0.7449439764022827,7357795,0.0,0.0
2007-07-18 00:00:00-04:00,0.7417863167321223,0.7417863167321223,0.7199824361003662,0.7333654761314392,10244204,0.0,0.0
2007-07-19 00:00:00-04:00,0.7393800670552703,0.7449439023610568,0.7333651375872191,0.739831268787384,8341184,0.0,0.0
2007-07-20 00:00:00-04:00,0.739831077934719,0.7434399378717155,0.7186285282944408,0.7262975573539734,8635226,0.0,0.0
2007-07-23 00:00:00-04:00,0.731109486400712,0.7318613457309199,0.7103580828311132,0.7109596133232117,5514033,0.0,0.0
2007-07-24 00:00:00-04:00,0.709756747158081,0.7109597007203244,0.6858475744904263,0.6859979033470154,7417803,0.0,0.0
2007-07-25 00:00:00-04:00,0.6932157360688898,0.6956216430198223,0.669757605448118,0.6783289313316345,10951555,0.0,0.0
2007-07-26 00:00:00-04:00,0.6706599640719944,0.6726148310407172,0.6458486543852698,0.6560738682746887,13261883,0.0,0.0
2007-07-27 00:00:00-04:00,0.6429916756874592,0.6678031517618194,0.6326160232516628,0.6411871910095215,16043278,0.0,0.0
2007-07-30 00:00:00-04:00,0.6378785847160354,0.642690504559949,0.6285555101877903,0.638931155204773,9332825,0.0,0.0
2007-07-31 00:00:00-04:00,0.6464500866085737,0.6578784156994695,0.6323151923662202,0.635322630405426,12784065,0.0,0.0
2007-08-01 00:00:00-04:00,0.631563151056153,0.648254439547473,0.6079546919348289,0.6423898935317993,18535132,0.0,0.0
2007-08-02 00:00:00-04:00,0.6423899773349387,0.6787800502793818,0.626300217258481,0.6329165697097778,19330995,0.0,0.0
2007-08-03 00:00:00-04:00,0.6351719903379751,0.6375780585285841,0.6016390318403818,0.6023909449577332,14539314,0.0,0.0
2007-08-06 00:00:00-04:00,0.6047970388916674,0.6222402453422546,0.5811886808207214,0.6222402453422546,25109065,0.0,0.0
2007-08-07 00:00:00-04:00,0.6287058573856713,0.6472016781886657,0.6088567546796451,0.6360740661621094,19788560,0.0,0.0
2007-08-08 00:00:00-04:00,0.6372774320393412,0.6694570642180652,0.632164744006132,0.6643444299697876,16645613,0.0,0.0
2007-08-09 00:00:00-04:00,0.6484048470714168,0.6699081115746142,0.630961644768046,0.6405855417251587,15263917,0.0,0.0
2007-08-10 00:00:00-04:00,0.6010377949975616,0.6462998053652182,0.6010377949975616,0.6220898628234863,14304531,0.0,0.0
2007-08-13 00:00:00-04:00,0.629006793924285,0.6411869808303283,0.6228416436145535,0.6240445971488953,10485739,0.0,0.0
2007-08-14 00:00:00-04:00,0.6270519056017377,0.6345704981049021,0.613217620097042,0.6177288293838501,15548208,0.0,0.0
2007-08-15 00:00:00-04:00,0.6233750755274321,0.6404663761775934,0.6087255062175606,0.6119301319122314,11649904,0.079989,0.0
2007-08-16 00:00:00-04:00,0.6087255978510838,0.6476387831589462,0.6039949098249021,0.6462653875350952,16610358,0.0,0.0
2007-08-17 00:00:00-04:00,0.6592365777813116,0.6856365959764233,0.6435186671189662,0.6734285354614258,17709264,0.0,0.0
2007-08-20 00:00:00-04:00,0.67617510790608,0.7054745200529022,0.6693080760939286,0.6935716867446899,12311498,0.0,0.0
2007-08-21 00:00:00-04:00,0.6973867277724807,0.7045590387763763,0.6914353645696119,0.6996757388114929,8709487,0.0,0.0
2007-08-22 00:00:00-04:00,0.6978445734710155,0.7063902250628918,0.6751069669974263,0.6856364607810974,10606506,0.0,0.0
2007-08-23 00:00:00-04:00,0.6870098331190467,0.6960133746315683,0.6799902430529717,0.686552107334137,8342684,0.0,0.0
2007-08-24 00:00:00-04:00,0.6806008473359452,0.6906726197633344,0.6696136229798082,0.6867049336433411,7063753,0.0,0.0
2007-08-27 00:00:00-04:00,0.6867049336433411,0.6911303457277083,0.6778541094746066,0.6867049336433411,7966131,0.0,0.0
2007-08-28 00:00:00-04:00,0.6835000707261745,0.6873151438229871,0.6540480404614637,0.6561844944953918,10937303,0.0,0.0
2007-08-29 00:00:00-04:00,0.6638145024821064,0.6683924691644408,0.6522167831135873,0.659999430179596,10287711,0.0,0.0
2007-08-30 00:00:00-04:00,0.6558793341599747,0.6706816280192653,0.6513013118837576,0.6645775437355042,8219667,0.0,0.0
2007-08-31 00:00:00-04:00,0.6712918618618869,0.6863993196680527,0.6662560062050843,0.682126522064209,8715487,0.0,0.0
2007-09-04 00:00:00-04:00,0.6793795936174544,0.6899090847371362,0.6729703974816902,0.6822790503501892,7786105,0.0,0.0
2007-09-05 00:00:00-04:00,0.6734282902209179,0.6773958647777168,0.6604571214831206,0.66350919008255,8102650,0.0,0.0
2007-09-06 00:00:00-04:00,0.6670192928937583,0.6697660299153103,0.6529798932209339,0.667782187461853,6198130,0.0,0.0
2007-09-07 00:00:00-04:00,0.6519116269897218,0.6633567368697468,0.6500805054734781,0.6555741429328918,8044142,0.0,0.0
2007-09-10 00:00:00-04:00,0.6540480260022736,0.6708341616778861,0.6467232124488842,0.6548110842704773,6801966,0.0,0.0
2007-09-11 00:00:00-04:00,0.6596945950226172,0.6624413327549417,0.6516066660351144,0.659389317035675,8002136,0.0,0.0
2007-09-12 00:00:00-04:00,0.6580155869174104,0.6610676010876958,0.6479439838211696,0.6500803828239441,8370438,0.0,0.0
2007-09-13 00:00:00-04:00,0.6563372467342545,0.6625938898751818,0.6516066660351144,0.659389317035675,10228452,0.0,0.0
2007-09-14 00:00:00-04:00,0.6529797734426142,0.6529797734426142,0.6432133383761406,0.6497751474380493,14993879,0.0,0.0
2007-09-17 00:00:00-04:00,0.6409244946946603,0.6513013790061318,0.6387880949953451,0.64473956823349,5039966,0.0,0.0
2007-09-18 00:00:00-04:00,0.6479441754953177,0.6694608926773071,0.6422978711950293,0.6694608926773071,14028492,0.0,0.0
2007-09-19 00:00:00-04:00,0.6825844793709936,0.7120365106714578,0.6786168490597726,0.7027278542518616,14093751,0.0,0.0
2007-09-20 00:00:00-04:00,0.7019649249607202,0.7050168308018417,0.6827371103459647,0.6860944032669067,4665662,0.0,0.0
2007-09-21 00:00:00-04:00,0.6925038913166469,0.6981500882409859,0.6860946358001977,0.6905200481414795,6088614,0.0,0.0
2007-09-24 00:00:00-04:00,0.6882307078757033,0.7048641764432422,0.6882307078757033,0.6995231509208679,5418019,0.0,0.0
2007-09-25 00:00:00-04:00,0.6914352712931899,0.6950976775451143,0.6839578471575677,0.687772810459137,5673806,0.0,0.0
2007-09-26 00:00:00-04:00,0.6906725001023449,0.7018122796558889,0.688383488601958,0.6992181539535522,5860582,0.0,0.0
2007-09-27 00:00:00-04:00,0.7018118284909538,0.7095945826697918,0.6969286944273891,0.7008963227272034,8082398,0.0,0.0
2007-09-28 00:00:00-04:00,0.7008966907002372,0.7012018594483685,0.6841105537602297,0.6886885762214661,5538036,0.0,0.0
2007-10-01 00:00:00-04:00,0.6876202840057698,0.7063902616500854,0.6847208263892884,0.7063902616500854,4712169,0.0,0.0
2007-10-02 00:00:00-04:00,0.7111207453773952,0.7271438203249095,0.7082212881497616,0.7224132418632507,6609938,0.0,0.0
2007-10-03 00:00:00-04:00,0.7225659214388722,0.7282121156306033,0.7163092806688928,0.7172248959541321,6410410,0.0,0.0
2007-10-04 00:00:00-04:00,0.7178352966634879,0.7240918278694153,0.7108155981192492,0.7240918278694153,4690416,0.0,0.0
2007-10-05 00:00:00-04:00,0.7286699854138725,0.7497289180755615,0.7286699854138725,0.7497289180755615,7789856,0.0,0.0
2007-10-08 00:00:00-04:00,0.7456084259856951,0.7500338345773225,0.737978392351126,0.739809513092041,5361011,0.0,0.0
2007-10-09 00:00:00-04:00,0.746066542708384,0.746066542708384,0.7279070108009741,0.7370631098747253,4563648,0.0,0.0
2007-10-10 00:00:00-04:00,0.7395043552837749,0.7448453789058879,0.7305008717979503,0.7372153997421265,5308504,0.0,0.0
2007-10-11 00:00:00-04:00,0.7434722149717022,0.7477450130517208,0.7318744954239325,0.7346212863922119,4449632,0.0,0.0
2007-10-12 00:00:00-04:00,0.7363000439661938,0.7401151170470279,0.7176826772775609,0.7216503620147705,3821793,0.0,0.0
2007-10-15 00:00:00-04:00,0.7201244180919502,0.7233289900047264,0.7021174978064088,0.7050167918205261,4399375,0.0,0.0
2007-10-16 00:00:00-04:00,0.7050167055910826,0.708831778252423,0.692503533622688,0.6941820979118347,5586793,0.0,0.0
2007-10-17 00:00:00-04:00,0.6983023742710014,0.6999809932264164,0.6679347305905553,0.6799902319908142,4904946,0.0,0.0
2007-10-18 00:00:00-04:00,0.6737335601049753,0.6874676798285909,0.6619832825399642,0.6790745854377747,4649160,0.0,0.0
2007-10-19 00:00:00-04:00,0.6789220368827407,0.6854838462552238,0.6638145759543237,0.6668664813041687,17896041,0.0,0.0
2007-10-22 00:00:00-04:00,0.6589313659991659,0.6717498723687676,0.6563370768940973,0.667782187461853,7636084,0.0,0.0
2007-10-23 00:00:00-04:00,0.6715971608882819,0.6790745854377747,0.6682399777140872,0.6790745854377747,5319755,0.0,0.0
2007-10-24 00:00:00-04:00,0.6773961878664978,0.6790748072930699,0.6627465572618858,0.6758701801300049,7831862,0.0,0.0
2007-10-25 00:00:00-04:00,0.6775486160283157,0.6825844733496443,0.664119826917857,0.6744967103004456,6275391,0.0,0.0
2007-10-26 00:00:00-04:00,0.682126402111279,0.6917402223203833,0.6732754760746142,0.6813633441925049,4771427,0.0,0.0
2007-10-29 00:00:00-04:00,0.6851787076239415,0.6867046603658344,0.6749543821379673,0.6802954077720642,4640909,0.0,0.0
2007-10-30 00:00:00-04:00,0.6802953695279828,0.6987600680271172,0.6802953695279828,0.696013331413269,6689450,0.0,0.0
2007-10-31 00:00:00-04:00,0.6998285514693957,0.713104784488678,0.6943348041741008,0.713104784488678,9939661,0.0,0.0
2007-11-01 00:00:00-04:00,0.7042538625936725,0.7105105036171238,0.6751070022583008,0.6751070022583008,7132763,0.0,0.0
2007-11-02 00:00:00-04:00,0.6790746708703885,0.6790746708703885,0.6198654952578507,0.6303949356079102,12541781,0.0,0.0
2007-11-05 00:00:00-05:00,0.6241383985769039,0.6294794254745965,0.6068945335686411,0.6099465489387512,10172944,0.0,0.0
2007-11-06 00:00:00-05:00,0.6134561477034377,0.6151348211162871,0.6006376436013123,0.6096410751342773,11871936,0.0,0.0
2007-11-07 00:00:00-05:00,0.5971278606539894,0.6039948931659755,0.575458481645627,0.5768318772315979,11089574,0.0,0.0
2007-11-08 00:00:00-05:00,0.5836987812340194,0.5840039498339941,0.5627924123959044,0.5731692910194397,19136717,0.0,0.0
2007-11-09 00:00:00-05:00,0.5620295611853228,0.5847671683158546,0.5620295611853228,0.5777475237846375,19054955,0.0,0.0
2007-11-12 00:00:00-05:00,0.5733220754010465,0.5969751870960784,0.5733220754010465,0.5765267014503479,8993027,0.0,0.0
2007-11-13 00:00:00-05:00,0.5850725751032584,0.610404372215271,0.5803419941905728,0.610404372215271,9753635,0.0,0.0
2007-11-14 00:00:00-05:00,0.6122631495392531,0.6192348106895803,0.5939819613897933,0.5949115753173828,10195448,0.079989,0.0
2007-11-15 00:00:00-05:00,0.5885597542161128,0.5987849005284145,0.5856161976676264,0.5958412885665894,9092791,0.0,0.0
2007-11-16 00:00:00-05:00,0.6021932121528406,0.6021932121528406,0.5770954026747096,0.5839120745658875,13279135,0.0,0.0
2007-11-19 00:00:00-05:00,0.5752363337058649,0.5927427942919073,0.5739969588622551,0.5789544582366943,11397118,0.0,0.0
2007-11-20 00:00:00-05:00,0.5772502997546392,0.5927427046091138,0.5603634183187229,0.5726024508476257,10579502,0.0,0.0
2007-11-21 00:00:00-05:00,0.5674899934888077,0.5870105037160723,0.5605183312381182,0.5831373333930969,8834754,0.0,0.0
2007-11-23 00:00:00-05:00,0.5857711964986216,0.5992496046867609,0.5857711964986216,0.5969257354736328,3922307,0.0,0.0
2007-11-26 00:00:00-05:00,0.6011085399171383,0.6048267184478183,0.5606731059627063,0.5626871585845947,16946406,0.0,0.0
2007-11-27 00:00:00-05:00,0.5645465723492542,0.5695041278586661,0.5502935379196742,0.5665606260299683,13261133,0.0,0.0
2007-11-28 00:00:00-05:00,0.5696589702452881,0.5955314573955617,0.5670251743269918,0.5939821004867554,10776030,0.0,0.0
2007-11-29 00:00:00-05:00,0.5908836323755186,0.6048269030956293,0.5817431466148648,0.6026579141616821,9682375,0.0,0.0
2007-11-30 00:00:00-05:00,0.6087001354066107,0.6393751900171708,0.5911936189481163,0.6161365509033203,11248597,0.0,0.0
2007-12-03 00:00:00-05:00,0.6176858175702113,0.6176858175702113,0.601418673992157,0.601418673992157,10959806,0.0,0.0
2007-12-04 00:00:00-05:00,0.5966156993882871,0.6011085004601716,0.586700427992896,0.5925876498222351,10671015,0.0,0.0
2007-12-05 00:00:00-05:00,0.5977002497784575,0.608080162831215,0.5919679630486422,0.6076154112815857,17330461,0.0,0.0
2007-12-06 00:00:00-05:00,0.6066860360708087,0.6314740304379655,0.6042072865060999,0.6294599771499634,12417263,0.0,0.0
2007-12-07 00:00:00-05:00,0.6339528200130828,0.6358119377172892,0.6158267271704657,0.6184603571891785,9068788,0.0,0.0
2007-12-10 00:00:00-05:00,0.6214041610740775,0.6268265247344971,0.612883303893418,0.6268265247344971,12619042,0.0,0.0
2007-12-11 00:00:00-05:00,0.626516051405645,0.6303892203414323,0.5806583762168884,0.5806583762168884,12343753,0.0,0.0
2007-12-12 00:00:00-05:00,0.5949118023912724,0.6038974088278262,0.5546313429004803,0.5696590542793274,18196083,0.0,0.0
2007-12-13 00:00:00-05:00,0.5633070449293315,0.5684194793736242,0.5458004202911728,0.5586591958999634,13020349,0.0,0.0
2007-12-14 00:00:00-05:00,0.562687091423429,0.5637715854298739,0.5459552623257838,0.5473495721817017,12403761,0.0,0.0
2007-12-17 00:00:00-05:00,0.5473497397173067,0.5541663554519658,0.5358852198581091,0.5423920750617981,11735416,0.0,0.0
2007-12-18 00:00:00-05:00,0.5473498044353626,0.5541664209760111,0.5282939881942771,0.5458004474639893,10569751,0.0,0.0
2007-12-19 00:00:00-05:00,0.5470397400368406,0.5597434639930725,0.5411525186991192,0.5597434639930725,11367114,0.0,0.0
2007-12-20 00:00:00-05:00,0.5626873266754658,0.5657858189455284,0.54796943297933,0.5577296614646912,10767029,0.0,0.0
2007-12-21 00:00:00-05:00,0.5597434913469796,0.5673347832969906,0.5519972637626182,0.559588611125946,10050677,0.0,0.0
2007-12-24 00:00:00-05:00,0.5735322144274546,0.5896444231923583,0.5616029935944692,0.5893346071243286,8443199,0.0,0.0
2007-12-26 00:00:00-05:00,0.5902638046187306,0.594601725634366,0.5800387169561589,0.5885595679283142,7699093,0.0,0.0
2007-12-27 00:00:00-05:00,0.6044847668938405,0.6087978380533443,0.5815926545866965,0.5824220776557922,10145190,0.334619,0.0
2007-12-28 00:00:00-05:00,0.5927068747816984,0.5956927737309775,0.5635110557951485,0.5742936730384827,15816746,0.0,0.0
2007-12-31 00:00:00-05:00,0.5736300811529805,0.5850761654494296,0.5704782264432353,0.5761183500289917,8527211,0.0,0.0
2008-01-02 00:00:00-05:00,0.5761185230693451,0.5784408961844602,0.5562123660823327,0.5638430714607239,13851467,0.0,0.0
2008-01-03 00:00:00-05:00,0.5668290263172623,0.5825881281291153,0.5514017768876718,0.5515676140785217,11750418,0.0,0.0
2008-01-04 00:00:00-05:00,0.548415438943896,0.548415438943896,0.5323246127815174,0.5376330018043518,12391009,0.0,0.0
2008-01-07 00:00:00-05:00,0.5419461599257175,0.5500744937688219,0.5233669416171859,0.5391260385513306,16580354,0.0,0.0
2008-01-08 00:00:00-05:00,0.5407850004745798,0.5588664125870291,0.5081055872127572,0.509764552116394,16953157,0.0,0.0
2008-01-09 00:00:00-05:00,0.5097644850225178,0.5338176929541693,0.49616186460566836,0.5286753177642822,22704224,0.0,0.0
2008-01-10 00:00:00-05:00,0.5215424545341261,0.5603596331441368,0.5054516179366747,0.5459275245666504,17222445,0.0,0.0
2008-01-11 00:00:00-05:00,0.5354763247133204,0.565501493503649,0.5304997892011386,0.5520647764205933,15012631,0.0,0.0
2008-01-14 00:00:00-05:00,0.557539374745311,0.5651701388449366,0.5275141858321899,0.5484156608581543,15240664,0.0,0.0
2008-01-15 00:00:00-05:00,0.5396237995513594,0.5479180300557351,0.5300023972326774,0.5354766249656677,12258240,0.0,0.0
2008-01-16 00:00:00-05:00,0.5338178389561875,0.5684878963546202,0.5338178389561875,0.5583688616752625,15155152,0.0,0.0
2008-01-17 00:00:00-05:00,0.555714200196111,0.5688191838451035,0.5457611885052178,0.5520647764205933,13697695,0.0,0.0
2008-01-18 00:00:00-05:00,0.5540556238850062,0.5673264496028977,0.5417800581791501,0.5547192096710205,18280095,0.0,0.0
2008-01-22 00:00:00-05:00,0.5354765603647781,0.5887255849790133,0.5341495073775776,0.5779430866241455,12553782,0.0,0.0
2008-01-23 00:00:00-05:00,0.5598619583732086,0.6597248032285227,0.5520653541779597,0.6471174955368042,27568664,0.0,0.0
2008-01-24 00:00:00-05:00,0.6411453509553283,0.6442970278574378,0.6182531809616225,0.636998176574707,18128574,0.0,0.0
2008-01-25 00:00:00-05:00,0.6365005894210638,0.6587291157057765,0.6365005894210638,0.6436336040496826,19279237,0.0,0.0
2008-01-28 00:00:00-05:00,0.6452924404986584,0.6690140962600708,0.6348417328045088,0.6690140962600708,12729307,0.0,0.0
2008-01-29 00:00:00-05:00,0.6739900617469992,0.6751512769757515,0.6565721893164984,0.6610510945320129,9502349,0.0,0.0
2008-01-30 00:00:00-05:00,0.6593925551716956,0.6728290978367306,0.6459558345062012,0.6509323120117188,12272492,0.0,0.0
2008-01-31 00:00:00-05:00,0.6394863772462626,0.6620468133179693,0.6393205401135185,0.6547477841377258,14453052,0.0,0.0
2008-02-01 00:00:00-05:00,0.6552455694348446,0.6819530033185192,0.648112495656296,0.6749858260154724,13366148,0.0,0.0
2008-02-04 00:00:00-05:00,0.6751518250364924,0.6802943198905984,0.6539185562848344,0.6545820236206055,15236913,0.0,0.0
2008-02-05 00:00:00-05:00,0.6441313402539032,0.6464537133527166,0.616594418748278,0.6179215908050537,17097928,0.0,0.0
2008-02-06 00:00:00-05:00,0.6237272805187861,0.6376616316864524,0.6087976694107056,0.6087976694107056,9994419,0.0,0.0
2008-02-07 00:00:00-05:00,0.6010011723058515,0.629367452860407,0.6001717492448031,0.6283722519874573,10052177,0.0,0.0
2008-02-08 00:00:00-05:00,0.5938682166324639,0.6174238576366172,0.5893893079250441,0.5971857905387878,21272270,0.0,0.0
2008-02-11 00:00:00-05:00,0.5951951764035481,0.6013328710996951,0.5839149878265598,0.5845785737037659,12910833,0.0,0.0
2008-02-12 00:00:00-05:00,0.5845786020736848,0.6147696249457066,0.5845786020736848,0.6054800748825073,19318993,0.0,0.0
2008-02-13 00:00:00-05:00,0.6107882296650495,0.6180872579339728,0.5991763091467643,0.6131106019020081,15919510,0.0,0.0
2008-02-14 00:00:00-05:00,0.6109540169060599,0.6134424040524126,0.5983468967441613,0.6029917001724243,8541463,0.0,0.0
2008-02-15 00:00:00-05:00,0.6019965061194628,0.6076366305351257,0.5920433698173835,0.6076366305351257,7492064,0.0,0.0
2008-02-19 00:00:00-05:00,0.6134425091211372,0.6142718727561595,0.590716236716785,0.5925409197807312,10154942,0.0,0.0
2008-02-20 00:00:00-05:00,0.5855736807291311,0.6033234727649299,0.5854078436198925,0.6008352041244507,10911049,0.0,0.0
2008-02-21 00:00:00-05:00,0.6054797919246757,0.6111199135178504,0.5810947418212891,0.5810947418212891,11117328,0.0,0.0
2008-02-22 00:00:00-05:00,0.5824219719693311,0.5970197916030884,0.5737958905491201,0.5970197916030884,11967949,0.0,0.0
2008-02-25 00:00:00-05:00,0.5961905183308683,0.6190826892852783,0.5888914887413201,0.6190826892852783,11597397,0.0,0.0
2008-02-26 00:00:00-05:00,0.6146038416857125,0.6257180166401813,0.60630949175893,0.6137743592262268,10101684,0.0,0.0
2008-02-27 00:00:00-05:00,0.6079684625525402,0.6147697447817256,0.6001718605987276,0.6043190360069275,8279676,0.0,0.0
2008-02-28 00:00:00-05:00,0.5988445007870815,0.6006692427930093,0.5878959894180298,0.5878959894180298,6126120,0.0,0.0
2008-02-29 00:00:00-05:00,0.5827538481380596,0.5895551889349834,0.5698148711752776,0.5714736580848694,7549822,0.0,0.0
2008-03-03 00:00:00-05:00,0.5709758755593138,0.5800995265132911,0.5668287021558371,0.5771135687828064,8641227,0.0,0.0
2008-03-04 00:00:00-05:00,0.5719713263429159,0.5809290235939715,0.5608569750124195,0.5746254324913025,10240454,0.0,0.0
2008-03-05 00:00:00-05:00,0.5754548363048236,0.5907161819095342,0.5734641382981768,0.578938364982605,11049069,0.0,0.0
2008-03-06 00:00:00-05:00,0.5714736508482872,0.5756208257370321,0.5436049987169909,0.5462591052055359,11567392,0.0,0.0
2008-03-07 00:00:00-05:00,0.5392919287969313,0.5635110929070556,0.5364719261221133,0.5527286529541016,11135331,0.0,0.0
2008-03-10 00:00:00-04:00,0.5550510343411421,0.5595299424644784,0.5446002684978585,0.5467568039894104,8362937,0.0,0.0
2008-03-11 00:00:00-04:00,0.5603593359273858,0.592043243377278,0.5590321050145781,0.590052604675293,14539314,0.0,0.0
2008-03-12 00:00:00-04:00,0.5900525113701052,0.6101246729963655,0.5847443005601831,0.5850760340690613,7489813,0.0,0.0
2008-03-13 00:00:00-04:00,0.5797679032794517,0.5995083401821472,0.5625158544684241,0.5960246324539185,8737241,0.0,0.0
2008-03-14 00:00:00-04:00,0.5968539630960599,0.6041529924108187,0.5664971045534245,0.5845785737037659,12510276,0.0,0.0
2008-03-17 00:00:00-04:00,0.5681559869805933,0.5923751549080275,0.5653359838612998,0.5888915657997131,12286744,0.0,0.0
2008-03-18 00:00:00-04:00,0.6033238080461556,0.628040611743927,0.5996743216119506,0.628040611743927,11643153,0.0,0.0
2008-03-19 00:00:00-04:00,0.6298651460203406,0.639984178625151,0.6189166903495789,0.6189166903495789,11709162,0.0,0.0
2008-03-20 00:00:00-04:00,0.624722516251229,0.6472829492833709,0.6185848224951258,0.6308603286743164,19966335,0.0,0.0
2008-03-24 00:00:00-04:00,0.6365005521751854,0.657402024065654,0.6335145937145462,0.6469513177871704,17043920,0.0,0.0
2008-03-25 00:00:00-04:00,0.6459559965672746,0.6469513160514841,0.6331828584091733,0.6457901000976562,11529137,0.0,0.0
2008-03-26 00:00:00-04:00,0.6399840974529034,0.6444630051743605,0.6232296824455261,0.6232296824455261,12592038,0.0,0.0
2008-03-27 00:00:00-04:00,0.6232299077650574,0.6368324729725868,0.611617922782898,0.611617922782898,7509316,0.0,0.0
2008-03-28 00:00:00-04:00,0.5918772592950722,0.6059774451547023,0.5844123363494873,0.5844123363494873,10554749,0.0,0.0
2008-03-31 00:00:00-04:00,0.5878962614510062,0.6058118969506379,0.5844126722520236,0.5940341353416443,12002454,0.0,0.0
2008-04-01 00:00:00-04:00,0.6038211055500045,0.6374957135491828,0.602659889664913,0.6373298764228821,15676476,0.0,0.0
2008-04-02 00:00:00-04:00,0.6401499426860844,0.6514301900287709,0.6308603935413111,0.6461217999458313,18946190,0.0,0.0
2008-04-03 00:00:00-04:00,0.6419749092668607,0.6695118352737135,0.6378278519126406,0.6673552989959717,14213768,0.0,0.0
2008-04-04 00:00:00-04:00,0.6574019200626169,0.661051404492649,0.6413110923486013,0.6414769887924194,12784065,0.0,0.0
2008-04-07 00:00:00-04:00,0.650103218853952,0.6577339844397276,0.6467856443098874,0.6570703983306885,9572109,0.0,0.0
2008-04-08 00:00:00-04:00,0.6549138125916582,0.656738436423456,0.6421406744335567,0.6457901000976562,9073288,0.0,0.0
2008-04-09 00:00:00-04:00,0.6457904608251376,0.6484445684875667,0.619414746761322,0.619414746761322,10947804,0.0,0.0
2008-04-10 00:00:00-04:00,0.6179212356595649,0.6280401454410227,0.6076363701328773,0.6243906617164612,11790924,0.0,0.0
2008-04-11 00:00:00-04:00,0.6170921736576029,0.6268792963366576,0.6142720516763147,0.6160967946052551,8397442,0.0,0.0
2008-04-14 00:00:00-04:00,0.6169262462160138,0.6170921427164203,0.6041531056873952,0.6046507358551025,8759744,0.0,0.0
2008-04-15 00:00:00-04:00,0.6096270674462132,0.6146037239154641,0.5955268770064903,0.603157639503479,10460235,0.0,0.0
2008-04-16 00:00:00-04:00,0.6096270958395836,0.6230638197316851,0.6073047232903996,0.6228979825973511,15427440,0.0,0.0
2008-04-17 00:00:00-04:00,0.6268790009985138,0.6268790009985138,0.6146036144723726,0.6207413077354431,9026032,0.0,0.0
2008-04-18 00:00:00-04:00,0.6260495974567845,0.6351731885523619,0.6101246684775449,0.6122812032699585,8680983,0.0,0.0
2008-04-21 00:00:00-04:00,0.6076364442671996,0.6122812476954627,0.5976833110162038,0.6029917001724243,9308822,0.0,0.0
2008-04-22 00:00:00-04:00,0.5965221631798415,0.6063093417786465,0.5938680573000599,0.5981809496879578,8511458,0.0,0.0
2008-04-23 00:00:00-04:00,0.5975174862669179,0.6117835724601776,0.5958585810814973,0.6005033850669861,9863150,0.0,0.0
2008-04-24 00:00:00-04:00,0.5981810387034198,0.6219026920355653,0.5981810387034198,0.6190826892852783,12175729,0.0,0.0
2008-04-25 00:00:00-04:00,0.620741224326117,0.6235612259328771,0.6119492486888483,0.6215707063674927,9809893,0.0,0.0
2008-04-28 00:00:00-04:00,0.6185849212699708,0.6333486984645407,0.6141060132371348,0.6298651099205017,9264565,0.0,0.0
2008-04-29 00:00:00-04:00,0.6330168167353253,0.6330168167353253,0.6190825251532075,0.6230636835098267,4281608,0.0,0.0
2008-04-30 00:00:00-04:00,0.6189165286980907,0.6373297871531529,0.6134424209594727,0.6134424209594727,9483596,0.0,0.0
2008-05-01 00:00:00-04:00,0.6127787016985606,0.6365002849541052,0.6086315290220803,0.6336801648139954,10109935,0.0,0.0
2008-05-02 00:00:00-04:00,0.6255522088165022,0.6701752818869079,0.6255522088165022,0.6510984897613525,12041460,0.0,0.0
2008-05-05 00:00:00-04:00,0.6504350105972816,0.6557432238222752,0.6437995660655067,0.6482784748077393,7576076,0.0,0.0
2008-05-06 00:00:00-04:00,0.6439651845963613,0.6598901748657227,0.6401498631361018,0.6598901748657227,11718164,0.0,0.0
2008-05-07 00:00:00-04:00,0.6564066689522571,0.6643691650816285,0.6404816766935143,0.640813410282135,12177979,0.0,0.0
2008-05-08 00:00:00-04:00,0.6499370265112029,0.6499370265112029,0.6287038252961039,0.6399840116500854,9477596,0.0,0.0
2008-05-09 00:00:00-04:00,0.632021645368479,0.6388229259861739,0.6257179354949303,0.6298651099205017,13152367,0.0,0.0
2008-05-12 00:00:00-04:00,0.6340121677472932,0.6559090185717543,0.6330169669222528,0.6557431221008301,9767137,0.0,0.0
2008-05-13 00:00:00-04:00,0.6552455249924612,0.6630421248107048,0.6507666171252151,0.6607197523117065,9791890,0.0,0.0
2008-05-14 00:00:00-04:00,0.6632459594173671,0.676214454484389,0.6615618026491628,0.668467104434967,8441699,0.079989,0.0
2008-05-15 00:00:00-04:00,0.6657725344429386,0.6844674225402146,0.6644251844270407,0.6831200122833252,8461951,0.0,0.0
2008-05-16 00:00:00-04:00,0.6800882777566902,0.686825085827455,0.6743619517399088,0.6810986995697021,5417269,0.0,0.0
2008-05-19 00:00:00-04:00,0.6794144747789526,0.6945724872052538,0.6748670650269657,0.6787407398223877,8243670,0.0,0.0
2008-05-20 00:00:00-04:00,0.6768881894808334,0.6773934304871978,0.6649302969084783,0.668467104434967,6735206,0.0,0.0
2008-05-21 00:00:00-04:00,0.6711618050544079,0.6789092749088248,0.6440458412868397,0.6497722268104553,8488955,0.0,0.0
2008-05-22 00:00:00-04:00,0.6475825127634336,0.6605510027725875,0.6475825127634336,0.6516246199607849,7764352,0.0,0.0
2008-05-23 00:00:00-04:00,0.6406774982809053,0.6443827397574076,0.6366353290469433,0.6393301486968994,6972990,0.0,0.0
2008-05-27 00:00:00-04:00,0.6413510979035726,0.6773934514489452,0.6396669410832524,0.652298629283905,7022497,0.0,0.0
2008-05-28 00:00:00-04:00,0.6576878366660952,0.6634142212057481,0.6536457891809636,0.6630774140357971,9349327,0.0,0.0
2008-05-29 00:00:00-04:00,0.6630775342218641,0.6743618716410595,0.6615617510799583,0.6730144619941711,8017138,0.0,0.0
2008-05-30 00:00:00-04:00,0.6713302474931756,0.6762144648464281,0.6659407288848468,0.6664460301399231,7740349,0.0,0.0
2008-06-02 00:00:00-04:00,0.650446127923463,0.6603831202223956,0.640003954680638,0.6539829969406128,9329075,0.0,0.0
2008-06-03 00:00:00-04:00,0.6544881090645042,0.6615618450528198,0.6458985294779976,0.6560038924217224,7243028,0.0,0.0
2008-06-04 00:00:00-04:00,0.655161457617917,0.6659404909838664,0.6521299523752847,0.6620668172836304,7320289,0.0,0.0
2008-06-05 00:00:00-04:00,0.6664458397096209,0.6816038489341736,0.6629089728985904,0.6816038489341736,6495172,0.0,0.0
2008-06-06 00:00:00-04:00,0.6731828725007672,0.6741934146408219,0.6398352228428105,0.6428669095039368,9182804,0.0,0.0
2008-06-09 00:00:00-04:00,0.6438776654493201,0.6521303185583701,0.6150774157377484,0.6169301271438599,11829180,0.0,0.0
2008-06-10 00:00:00-04:00,0.6133930981718045,0.6255194239846901,0.6069929774198182,0.6194562911987305,8667481,0.0,0.0
2008-06-11 00:00:00-04:00,0.6170985350077769,0.6216459458365294,0.6056457609258938,0.6064879298210144,7723097,0.0,0.0
2008-06-12 00:00:00-04:00,0.6162562010611387,0.6273721046078079,0.6049718637805568,0.6155824661254883,6245387,0.0,0.0
2008-06-13 00:00:00-04:00,0.6176036634737674,0.626530110836029,0.6081720352992454,0.626530110836029,5781821,0.0,0.0
2008-06-16 00:00:00-04:00,0.6337723509518204,0.6410144621568074,0.6255196369504795,0.6400039196014404,9019281,0.0,0.0
2008-06-17 00:00:00-04:00,0.6426984167723203,0.6477510667677848,0.6194561906486097,0.6197929978370667,5988100,0.0,0.0
2008-06-18 00:00:00-04:00,0.6147405529187406,0.6258563384242177,0.6093510336959217,0.6103615760803223,7734348,0.0,0.0
2008-06-19 00:00:00-04:00,0.6127195565554071,0.6219828128814697,0.6066563616151595,0.6219828128814697,6324898,0.0,0.0
2008-06-20 00:00:00-04:00,0.6177720173111217,0.6204668367163001,0.5965508114833171,0.5985719561576843,10796283,0.0,0.0
2008-06-23 00:00:00-04:00,0.6053087009316201,0.6061507489932808,0.5825716562791022,0.5842559933662415,7189021,0.0,0.0
2008-06-24 00:00:00-04:00,0.5797085120223073,0.5963822422831221,0.5763400189916627,0.5894769430160522,5468276,0.0,0.0
2008-06-25 00:00:00-04:00,0.5936878484155446,0.6120457442357885,0.5920035106758442,0.5984036326408386,9930660,0.0,0.0
2008-06-26 00:00:00-04:00,0.5877929217862846,0.5936877413664616,0.5684243665736275,0.5699401497840881,8454450,0.0,0.0
2008-06-27 00:00:00-04:00,0.5739823135665612,0.5760033979898619,0.5613506262823813,0.5709506869316101,12826821,0.0,0.0
2008-06-30 00:00:00-04:00,0.5736455917358398,0.5867824617203994,0.5664033614338583,0.5736455917358398,7111760,0.0,0.0
2008-07-01 00:00:00-04:00,0.5648876573304765,0.5812245904625284,0.5562981966488453,0.577350914478302,10282460,0.0,0.0
2008-07-02 00:00:00-04:00,0.575666497264681,0.5797087265418381,0.5615190863609314,0.5615190863609314,7996135,0.0,0.0
2008-07-03 00:00:00-04:00,0.5682560266748891,0.5729718710696373,0.5579822895102693,0.5650560259819031,7303787,0.0,0.0
2008-07-07 00:00:00-04:00,0.5694349648200773,0.5744876161793798,0.5456874913831607,0.5488874316215515,11841931,0.0,0.0
2008-07-08 00:00:00-04:00,0.5488874136548557,0.6046351310245146,0.5470348230765305,0.6004245281219482,16897649,0.0,0.0
2008-07-09 00:00:00-04:00,0.5970562803691069,0.5995826062448837,0.5448453648801208,0.5463611483573914,12051211,0.0,0.0
2008-07-10 00:00:00-04:00,0.5433294371755275,0.5751611794240253,0.5381082933745946,0.5645505785942078,14444051,0.0,0.0
2008-07-11 00:00:00-04:00,0.541140287351537,0.5776878368791759,0.5399613108218728,0.561687707901001,17367966,0.0,0.0
2008-07-14 00:00:00-04:00,0.5717929883339559,0.5744877483939598,0.53221381666956,0.5323821902275085,15481448,0.0,0.0
2008-07-15 00:00:00-04:00,0.5313715289321227,0.5586559910329193,0.5281715886723601,0.540129542350769,21174006,0.0,0.0
2008-07-16 00:00:00-04:00,0.5414768459122311,0.589308716799238,0.5337293754792308,0.5856034755706787,18715157,0.0,0.0
2008-07-17 00:00:00-04:00,0.5862772211824657,0.6113721683461342,0.5771825197037599,0.6046352386474609,17905792,0.0,0.0
2008-07-18 00:00:00-04:00,0.6064879952700227,0.6150774562764054,0.5920035923255639,0.6110354065895081,11795425,0.0,0.0
2008-07-21 00:00:00-04:00,0.6088456638691266,0.631582591625475,0.6064877722981425,0.62669837474823,11600397,0.0,0.0
2008-07-22 00:00:00-04:00,0.624846038750706,0.6726779350110075,0.615751334481346,0.6671199798583984,23326812,0.0,0.0
2008-07-23 00:00:00-04:00,0.6693093193705855,0.712088550490253,0.665604077172303,0.680425226688385,26682788,0.0,0.0
2008-07-24 00:00:00-04:00,0.6893397761477743,0.7051677754008431,0.6049233896925891,0.6112909913063049,28589559,0.399943,0.0
2008-07-25 00:00:00-04:00,0.6162031525597597,0.627301050340051,0.603467949633906,0.6171128749847412,20651182,0.0,0.0
2008-07-28 00:00:00-04:00,0.6167488418537745,0.6214790724914304,0.590732670956357,0.5912783741950989,15335177,0.0,0.0
2008-07-29 00:00:00-04:00,0.5934616663486749,0.6396723128666426,0.5934616663486749,0.6383987665176392,39459352,0.0,0.0
2008-07-30 00:00:00-04:00,0.6458578260805872,0.6582292676902598,0.6081979281990354,0.6280285716056824,30470826,0.0,0.0
2008-07-31 00:00:00-04:00,0.6176584896016838,0.6336685608122581,0.6138379162579104,0.6216610074043274,24920788,0.0,0.0
2008-08-01 00:00:00-04:00,0.6616861450675603,0.6944338745482964,0.6342143500980656,0.6478592753410339,55385614,0.0,0.0
2008-08-04 00:00:00-04:00,0.6540449404979246,0.6580473934226618,0.6371252112408669,0.6427651643753052,29569948,0.0,0.0
2008-08-05 00:00:00-04:00,0.6467676477997364,0.6951614946992157,0.6467676477997364,0.6924325227737427,37632093,0.0,0.0
2008-08-06 00:00:00-04:00,0.6922506757307679,0.69552554661928,0.6807890180598212,0.6860650181770325,26997833,0.0,0.0
2008-08-07 00:00:00-04:00,0.6771501945816948,0.6949794492073771,0.6702368260712764,0.6756947040557861,25812665,0.0,0.0
2008-08-08 00:00:00-04:00,0.677150246350418,0.7209958036865061,0.6747850984674199,0.7104436755180359,31220933,0.0,0.0
2008-08-11 00:00:00-04:00,0.7071690141517049,0.7195403919768855,0.6902492849367401,0.6977084875106812,38052903,0.0,0.0
2008-08-12 00:00:00-04:00,0.6904314181330292,0.7048039924531553,0.678969760591532,0.6878843903541565,22442436,0.0,0.0
2008-08-13 00:00:00-04:00,0.6893397241078864,0.7017111024958999,0.6796973176340202,0.6920686960220337,24416717,0.0,0.0
2008-08-14 00:00:00-04:00,0.6818805771197788,0.6978904558934603,0.6811527991578115,0.6917049288749695,21359283,0.0,0.0
2008-08-15 00:00:00-04:00,0.6880661265241745,0.6977084012205823,0.6793333788323537,0.6909769773483276,17001914,0.0,0.0
2008-08-18 00:00:00-04:00,0.6920688599739889,0.6964351379832435,0.6520437989382459,0.661504328250885,23056774,0.0,0.0
2008-08-19 00:00:00-04:00,0.655863937171653,0.655863937171653,0.6409454726634313,0.6514976620674133,18401613,0.0,0.0
2008-08-20 00:00:00-04:00,0.6531355152436824,0.6569560905116263,0.6374894552172161,0.6493149399757385,16595356,0.0,0.0
2008-08-21 00:00:00-04:00,0.6449484001473911,0.6529533714709626,0.6402181040416068,0.6454941034317017,16008773,0.0,0.0
2008-08-22 00:00:00-04:00,0.6485872067656573,0.6640515185338407,0.6394906293410351,0.6584115624427795,20729193,0.0,0.0
2008-08-25 00:00:00-04:00,0.6524075496054396,0.6542269295146114,0.6327589754055473,0.6342144012451172,14585821,0.0,0.0
2008-08-26 00:00:00-04:00,0.6354879900952655,0.6484051393082844,0.6278468412444249,0.6440387964248657,19096211,0.0,0.0
2008-08-27 00:00:00-04:00,0.6474955724906369,0.6480413409702032,0.6347603672847243,0.6424015164375305,13654189,0.0,0.0
2008-08-28 00:00:00-04:00,0.6482233827125701,0.660776711617079,0.6418557785153345,0.6584115624427795,15178405,0.0,0.0
2008-08-29 00:00:00-04:00,0.6498603906708403,0.6578654914651488,0.6433108455685671,0.6447662711143494,16543599,0.0,0.0
2008-09-02 00:00:00-04:00,0.6585932817330427,0.6718743843472297,0.6309396047187467,0.6453123092651367,18107571,0.0,0.0
2008-09-03 00:00:00-04:00,0.6480410904494838,0.6616860129683759,0.634214223483357,0.6595027446746826,26946076,0.0,0.0
2008-09-04 00:00:00-04:00,0.6573197399919225,0.6611403142453345,0.6391265912358096,0.6416736841201782,23677862,0.0,0.0
2008-09-05 00:00:00-04:00,0.6354880128971165,0.6469497365846336,0.6265733823000341,0.6449485421180725,31502973,0.0,0.0
2008-09-08 00:00:00-04:00,0.6756947090601231,0.6933421495128718,0.6451301886671432,0.6695090532302856,35662313,0.0,0.0
2008-09-09 00:00:00-04:00,0.6680536551096357,0.6769682828533692,0.650770037778812,0.6524074077606201,39583120,0.0,0.0
2008-09-10 00:00:00-04:00,0.656228156561142,0.6602306095627077,0.6285744840538761,0.6394903063774109,28166499,0.0,0.0
2008-09-11 00:00:00-04:00,0.6252994438250752,0.6414913894375915,0.6160209950829345,0.6405816674232483,27639174,0.0,0.0
2008-09-12 00:00:00-04:00,0.6329409301937886,0.6545907640799156,0.6258455501593984,0.6496785879135132,24157930,0.0,0.0
2008-09-15 00:00:00-04:00,0.6158391779575713,0.6533170646968656,0.598919451236725,0.5989194512367249,50830217,0.0,0.0
2008-09-16 00:00:00-04:00,0.5930980421960964,0.6185685222425222,0.5876400310572379,0.6140201687812805,47012925,0.0,0.0
2008-09-17 00:00:00-04:00,0.601284739121189,0.6125645161850453,0.5499799088850551,0.5583488345146179,54200445,0.0,0.0
2008-09-18 00:00:00-04:00,0.565080070388948,0.6265730552527099,0.5321504075765557,0.6234802603721619,81704600,0.0,0.0
2008-09-19 00:00:00-04:00,0.673147609378611,0.7641135130902799,0.6276646900593343,0.6598665118217468,59908006,0.0,0.0
2008-09-22 00:00:00-04:00,0.6505886067232012,0.6540453586007133,0.5861847140168898,0.5878220200538635,27936216,0.0,0.0
2008-09-23 00:00:00-04:00,0.5885495324345698,0.6162032095925902,0.5885495324345698,0.599829375743866,20489909,0.0,0.0
2008-09-24 00:00:00-04:00,0.5991014759831941,0.6072885222792724,0.5894591991758076,0.6001931428909302,19857569,0.0,0.0
2008-09-25 00:00:00-04:00,0.604195827629511,0.6223891117444543,0.599465724729356,0.6063790321350098,24085170,0.0,0.0
2008-09-26 00:00:00-04:00,0.5874576863486748,0.6427650176789319,0.5874576863486748,0.6400360465049744,16941905,0.0,0.0
2008-09-29 00:00:00-04:00,0.6333047299551874,0.6382169059341339,0.5494341746902958,0.5769059062004089,19442760,0.0,0.0
2008-09-30 00:00:00-04:00,0.5921882111353417,0.663869397349288,0.580908433206168,0.6371253132820129,27456148,0.0,0.0
2008-10-01 00:00:00-04:00,0.6293023147887231,0.6447664930975261,0.6132924330537824,0.6303939819335938,14733592,0.0,0.0
2008-10-02 00:00:00-04:00,0.6404000324305368,0.6453122078166452,0.5850927521698537,0.5860024094581604,16269060,0.0,0.0
2008-10-03 00:00:00-04:00,0.5956448127759129,0.6158392152836397,0.5412470658724822,0.5632609128952026,25932682,0.0,0.0
2008-10-06 00:00:00-04:00,0.5383361127305314,0.7944960697891601,0.5092270540614285,0.6367612481117249,28307519,0.0,0.0
2008-10-07 00:00:00-04:00,0.6351240039185502,0.6356697722371435,0.4639261066913605,0.4639261066913605,19175723,0.0,0.0
2008-10-08 00:00:00-04:00,0.4508270650524466,0.4903062495311471,0.417533602130121,0.42735782265663147,27733688,0.0,0.0
2008-10-09 00:00:00-04:00,0.4311783287297093,0.43336156458825875,0.36058879294430257,0.3775085210800171,23408574,0.0,0.0
2008-10-10 00:00:00-04:00,0.35749617180826193,0.4091648433954171,0.3358463002433523,0.39133554697036743,38857767,0.0,0.0
2008-10-13 00:00:00-04:00,0.41225746112563777,0.4229915013106312,0.393882404129226,0.41480448842048645,27465900,0.0,0.0
2008-10-14 00:00:00-04:00,0.4319060756382037,0.4380917632474985,0.38533152294437184,0.4015234708786011,29737222,0.0,0.0
2008-10-15 00:00:00-04:00,0.39843069085216015,0.39934038079172274,0.3480356772336449,0.35967931151390076,23976404,0.0,0.0
2008-10-16 00:00:00-04:00,0.3647733007808182,0.3749614739523444,0.34057638136430335,0.3702312111854553,23844385,0.0,0.0
2008-10-17 00:00:00-04:00,0.3605887788231321,0.3858773001988397,0.34567047282075153,0.3620443344116211,14405045,0.0,0.0
2008-10-20 00:00:00-04:00,0.3671384925021455,0.3795097413145099,0.3576779649943581,0.37878209352493286,8488955,0.0,0.0
2008-10-21 00:00:00-04:00,0.37587117626508115,0.38787859908035016,0.35585865306901227,0.3571321666240692,14114754,0.0,0.0
2008-10-22 00:00:00-04:00,0.35531274000539836,0.35531274000539836,0.3034621895971298,0.3183806240558624,21645823,0.0,0.0
2008-10-23 00:00:00-04:00,0.32831735385937266,0.3388625259496847,0.26322171706373754,0.27417242527008057,33298728,0.239966,0.0
2008-10-24 00:00:00-04:00,0.25308220391547787,0.2672775070538306,0.2315863270481178,0.24780961871147156,26922072,0.0,0.0
2008-10-27 00:00:00-04:00,0.25125702676521344,0.2542990010108276,0.21049618574962256,0.21292971074581146,23164039,0.0,0.0
2008-10-28 00:00:00-04:00,0.21921637647808376,0.25267667502415414,0.20279030689302124,0.2520683705806732,33725538,0.0,0.0
2008-10-29 00:00:00-04:00,0.24273990838437215,0.2664663890456379,0.24273990838437215,0.25044602155685425,26038447,0.0,0.0
2008-10-30 00:00:00-04:00,0.2628162978149874,0.2701167308875082,0.24780976843948985,0.2646413743495941,20381894,0.0,0.0
2008-10-31 00:00:00-04:00,0.27214454881222905,0.3054022232820954,0.2658581198808163,0.2966822683811188,22933006,0.0,0.0
2008-11-03 00:00:00-05:00,0.3068217333970163,0.3165556918287872,0.2983045651028185,0.3086468279361725,16006523,0.0,0.0
2008-11-04 00:00:00-05:00,0.3177724264059006,0.3376458783305462,0.30884957731820667,0.3339955806732178,21262519,0.0,0.0
2008-11-05 00:00:00-05:00,0.3305481355461993,0.3356178091240435,0.3017518579516928,0.3056049048900604,30179035,0.0,0.0
2008-11-06 00:00:00-05:00,0.3056048453097611,0.308241156294063,0.2719416506512442,0.27376672625541687,18892182,0.0,0.0
2008-11-07 00:00:00-05:00,0.27538922683476996,0.2942486529635005,0.26869710045320067,0.2887732982635498,17465480,0.0,0.0
2008-11-10 00:00:00-05:00,0.2934374538300427,0.3062132218132443,0.2626134578498608,0.2701166570186615,22478441,0.0,0.0
2008-11-11 00:00:00-05:00,0.2668720174180808,0.28816496676226017,0.25855760211465595,0.2859342098236084,26975330,0.0,0.0
2008-11-12 00:00:00-05:00,0.28045893503440505,0.28086447127107234,0.262613491010236,0.265249639749527,30690607,0.0,0.0
2008-11-13 00:00:00-05:00,0.2674803419172178,0.3167583700969463,0.2504459738946638,0.3094579577445984,26261979,0.0,0.0
2008-11-14 00:00:00-05:00,0.29647950351777713,0.2991156525907148,0.2413204211138428,0.24517346918582916,26406749,0.0,0.0
2008-11-17 00:00:00-05:00,0.24091487567414016,0.24679576816367335,0.2139437759295361,0.2167828381061554,26493011,0.0,0.0
2008-11-18 00:00:00-05:00,0.21678281195673554,0.22164971811019826,0.19832891910143063,0.20603486895561218,26510264,0.0,0.0
2008-11-19 00:00:00-05:00,0.20542654280427713,0.21313250997354138,0.17683317752085423,0.18048331141471863,37727357,0.0,0.0
2008-11-20 00:00:00-05:00,0.1814972693172906,0.19224520954161192,0.15817633126613306,0.16060985624790192,50998241,0.0,0.0
2008-11-21 00:00:00-05:00,0.16730198859430334,0.19650382123154633,0.14215598014935044,0.18251129984855652,51339539,0.0,0.0
2008-11-24 00:00:00-05:00,0.1839307934470133,0.23827849022682684,0.1839307934470133,0.2328031361103058,43689203,0.0,0.0
2008-11-25 00:00:00-05:00,0.23280315093237172,0.2670747992905395,0.19609812251625192,0.2244887351989746,65171503,0.0,0.0
2008-11-26 00:00:00-05:00,0.21982459918209502,0.24253708944141847,0.21029342990521815,0.2407120317220688,74133776,0.0,0.0
2008-11-28 00:00:00-05:00,0.23726465805200556,0.24557891033959872,0.23057253215455653,0.2326003760099411,12258991,0.0,0.0
2008-12-01 00:00:00-05:00,0.22509718748187632,0.22915302043365796,0.18494464798040106,0.199951171875,37374806,0.0,0.0
2008-12-02 00:00:00-05:00,0.20644058033119467,0.23016691693716476,0.20238474639028006,0.22225818037986755,46193058,0.0,0.0
2008-12-03 00:00:00-05:00,0.22023020389242293,0.2445651545759158,0.20765720134627955,0.2419288605451584,32421853,0.0,0.0
2008-12-04 00:00:00-05:00,0.23584518478865238,0.2530823248146432,0.21941911725278596,0.22266371548175812,27060842,0.0,0.0
2008-12-05 00:00:00-05:00,0.2159715847158447,0.23685900224099446,0.21394374048786127,0.23503394424915314,44677843,0.0,0.0
2008-12-08 00:00:00-05:00,0.2386841927655133,0.2516627459457031,0.22509719028788655,0.24497061967849731,38166919,0.0,0.0
2008-12-09 00:00:00-05:00,0.23625068018577364,0.2453761689272921,0.2206358510408058,0.2248944342136383,27173358,0.0,0.0
2008-12-10 00:00:00-05:00,0.23097808134145434,0.2613966838302284,0.22874732422705257,0.25957146286964417,32185570,0.0,0.0
2008-12-11 00:00:00-05:00,0.2536906073091555,0.2536906073091555,0.2031958003200074,0.2058320939540863,37295295,0.0,0.0
2008-12-12 00:00:00-05:00,0.20299294844378893,0.23645337118971865,0.20279018042241875,0.23361431062221527,39641628,0.0,0.0
2008-12-15 00:00:00-05:00,0.2364534231483297,0.23787296281072837,0.2179995344711895,0.22550271451473236,34392383,0.0,0.0
2008-12-16 00:00:00-05:00,0.23320884614787613,0.27599753581302283,0.22408321251328628,0.27518630027770996,47832791,0.0,0.0
2008-12-17 00:00:00-05:00,0.2664663394156094,0.308443973546718,0.25693516991650817,0.2857314646244049,33710536,0.0,0.0
2008-12-18 00:00:00-05:00,0.29323474944455635,0.29323474944455635,0.24841805891963292,0.25166282057762146,34530403,0.0,0.0
2008-12-19 00:00:00-05:00,0.25815193094445876,0.283906395165499,0.2514599500037277,0.27092769742012024,43153627,0.0,0.0
2008-12-22 00:00:00-05:00,0.27498353085074695,0.2820811934797161,0.2559213364077936,0.26930540800094604,34138097,0.0,0.0
2008-12-23 00:00:00-05:00,0.2697110235489971,0.27883650923559006,0.2595713894961262,0.2607881426811218,20696939,0.0,0.0
2008-12-24 00:00:00-05:00,0.2639332238809777,0.2707069409233627,0.25836914088699453,0.26804593205451965,10547247,0.277294,0.0
2008-12-26 00:00:00-05:00,0.2709488855497879,0.2782065614508508,0.2632075982173649,0.27675503492355347,9026032,0.0,0.0
2008-12-29 00:00:00-05:00,0.27941590938818495,0.27941590938818495,0.2540144866790182,0.2607882022857666,17033418,0.0,0.0
2008-12-30 00:00:00-05:00,0.26296569972401357,0.2743357382076442,0.26006262510611283,0.27288419008255005,15767989,0.0,0.0
2008-12-31 00:00:00-05:00,0.2721584637334586,0.29514079649754765,0.26635251024704026,0.27941596508026123,21219763,0.0,0.0
2009-01-02 00:00:00-05:00,0.28957646890922695,0.29272143441499876,0.27675490944148673,0.28159329295158386,14315032,0.0,0.0
2009-01-05 00:00:00-05:00,0.282319059539527,0.2898186483129881,0.2702231726134134,0.27578723430633545,18992697,0.0,0.0
2009-01-06 00:00:00-05:00,0.28691551511269153,0.31183315517729393,0.27409375949097736,0.3072366416454315,25999441,0.0,0.0
2009-01-07 00:00:00-05:00,0.2992533322262375,0.30626894139366634,0.28425437205107157,0.28715744614601135,19448761,0.0,0.0
2009-01-08 00:00:00-05:00,0.28062567861661664,0.2929634594092326,0.27409385250772955,0.28812524676322937,17940297,0.0,0.0
2009-01-09 00:00:00-05:00,0.288608919216443,0.30457546686494186,0.28304485893750914,0.29223766922950745,29639708,0.0,0.0
2009-01-12 00:00:00-05:00,0.2895764730439954,0.2900604520117242,0.2515953620459867,0.25474032759666443,22064383,0.0,0.0
2009-01-13 00:00:00-05:00,0.24941801436263472,0.25715949451674475,0.24216051327194185,0.2501438856124878,23780626,0.0,0.0
2009-01-14 00:00:00-05:00,0.2436120410275267,0.2445797827518706,0.23151613476446933,0.2349029928445816,26333989,0.0,0.0
2009-01-15 00:00:00-05:00,0.23296769426274283,0.25546604644077,0.21772684294585415,0.24119293689727783,34416386,0.0,0.0
2009-01-16 00:00:00-05:00,0.24869233068489793,0.26127219501471755,0.23054840541924468,0.25498226284980774,26166715,0.0,0.0
2009-01-20 00:00:00-05:00,0.2523211709746196,0.2537727192591093,0.20780823499183668,0.20950165390968323,39435349,0.0,0.0
2009-01-21 00:00:00-05:00,0.2182106273034239,0.24216050561241734,0.21046914739417646,0.24119293689727783,40189956,0.0,0.0
2009-01-22 00:00:00-05:00,0.22014591099225725,0.23998327373047082,0.2167590531527757,0.22522620856761932,31507473,0.0,0.0
2009-01-23 00:00:00-05:00,0.21796876378409052,0.24022522670970636,0.2128884649222938,0.2380480021238327,22942757,0.0,0.0
2009-01-26 00:00:00-05:00,0.24046710303856053,0.24699892779077964,0.22933895883985478,0.237322136759758,24994299,0.0,0.0
2009-01-27 00:00:00-05:00,0.24216049333785394,0.24699889910763898,0.22788738451783316,0.2349029928445816,18180331,0.0,0.0
2009-01-28 00:00:00-05:00,0.24699896475512972,0.25401457494649005,0.23708028004512455,0.25280511379241943,35225001,0.0,0.0
2009-01-29 00:00:00-05:00,0.24433772564544443,0.24796664907090318,0.22691965033310366,0.22909687459468842,39415096,0.0,0.0
2009-01-30 00:00:00-05:00,0.2319999274720583,0.2361126568907295,0.2116787998901305,0.21506565809249878,28873850,0.0,0.0
2009-02-02 00:00:00-05:00,0.208775781286029,0.2196622083579999,0.2082919968074954,0.21627534925937653,31521725,0.0,0.0
2009-02-03 00:00:00-05:00,0.20587289167330083,0.22038789786732657,0.20587289167330083,0.21579140424728394,27651176,0.0,0.0
2009-02-04 00:00:00-05:00,0.21288851337766626,0.22595216671830481,0.2090176963200705,0.20950165390968323,25499870,0.0,0.0
2009-02-05 00:00:00-05:00,0.20635661212331796,0.20635661212331796,0.18458393653257713,0.187003031373024,42949598,0.0,0.0
2009-02-06 00:00:00-05:00,0.22183941297445592,0.22183941297445592,0.1524088077834263,0.17539095878601074,68758512,0.0,0.0
2009-02-09 00:00:00-05:00,0.17660056393455034,0.17805210078501552,0.16958495571929025,0.17756831645965576,26212472,0.0,0.0
2009-02-10 00:00:00-05:00,0.1751490483301426,0.17756833799917962,0.1514410392702657,0.15410222113132477,50284139,0.0,0.0
2009-02-11 00:00:00-05:00,0.1553116772133605,0.16087593295273694,0.1499894975328111,0.15773096680641174,34675923,0.0,0.0
2009-02-12 00:00:00-05:00,0.15579562896539648,0.1577309501103392,0.14273198139405435,0.15652130544185638,41138091,0.0,0.0
2009-02-13 00:00:00-05:00,0.15458600369976555,0.1572471855295692,0.14176424667792142,0.14200632274150848,33740540,0.0,0.0
2009-02-17 00:00:00-05:00,0.1381354923852587,0.1381354923852587,0.12724924091775,0.12870077788829803,41907700,0.0,0.0
2009-02-18 00:00:00-05:00,0.13547448612429686,0.13547448612429686,0.12458805145554117,0.13136176764965057,38706996,0.0,0.0
2009-02-19 00:00:00-05:00,0.13305521808049334,0.13837739824909737,0.1226527499498919,0.12362050265073776,28473293,0.0,0.0
2009-02-20 00:00:00-05:00,0.11999158187278372,0.13765172521795038,0.11854021777916349,0.13499054312705994,42242248,0.0,0.0
2009-02-23 00:00:00-05:00,0.13571641692441822,0.13716795421839928,0.12482997915678111,0.12603962421417236,40294971,0.0,0.0
2009-02-24 00:00:00-05:00,0.1238623903740983,0.13886136151059036,0.1238623903740983,0.13692604005336761,44585580,0.0,0.0
2009-02-25 00:00:00-05:00,0.1352325973988687,0.13910323992991735,0.1257976993707439,0.132329523563385,34690925,0.0,0.0
2009-02-26 00:00:00-05:00,0.1357163650601714,0.13692600965529486,0.12337839471353024,0.12507182359695435,39238071,0.0,0.0
2009-02-27 00:00:00-05:00,0.12313650439112245,0.13063608034259408,0.11854018583552237,0.1262814700603485,59424937,0.0,0.0
2009-03-02 00:00:00-05:00,0.12482998700587218,0.12991027591702461,0.11902402133932095,0.12071745097637177,38546473,0.0,0.0
2009-03-03 00:00:00-05:00,0.1241042638432474,0.13474862218882777,0.11854019250911015,0.12337840348482132,39002538,0.0,0.0
2009-03-04 00:00:00-05:00,0.13039417251074145,0.13547445862510507,0.12458802616612455,0.13087795674800873,38031900,0.0,0.0
2009-03-05 00:00:00-05:00,0.1270073239791694,0.1270073239791694,0.11878207199890616,0.12047550082206726,43065114,0.0,0.0
2009-03-06 00:00:00-05:00,0.12265275620698075,0.12410429339508958,0.11055686895478825,0.1195077896118164,47111189,0.0,0.0
2009-03-09 00:00:00-04:00,0.12071742680774378,0.12555582249840974,0.1132178599473078,0.12386239320039749,34169601,0.0,0.0
2009-03-10 00:00:00-04:00,0.12628151847338576,0.14055481553077698,0.12337844383892568,0.14055481553077698,59923758,0.0,0.0
2009-03-11 00:00:00-04:00,0.14079665486922255,0.14176422346753131,0.1287007602697316,0.1320876181125641,43956241,0.0,0.0
2009-03-12 00:00:00-04:00,0.1316036340628416,0.1497475657104469,0.12870074474373358,0.1451510637998581,51494061,0.0,0.0
2009-03-13 00:00:00-04:00,0.1463607585202069,0.1463607585202069,0.1323295397256373,0.1415223628282547,25967187,0.0,0.0
2009-03-16 00:00:00-04:00,0.1461188465162752,0.1475703834146055,0.12071741048147547,0.12120119482278824,36281151,0.0,0.0
2009-03-17 00:00:00-04:00,0.1216850154177848,0.13716794550418854,0.11902400629376345,0.13716794550418854,43011107,0.0,0.0
2009-03-18 00:00:00-04:00,0.13329706277996867,0.14732846063213126,0.12579767155027183,0.1451510637998581,45866012,0.0,0.0
2009-03-19 00:00:00-04:00,0.14829605449499808,0.1519248046707191,0.13184554874897003,0.13184554874897003,37090516,0.0,0.0
2009-03-20 00:00:00-04:00,0.13184557317304083,0.1335391863681259,0.12289464215649856,0.12362050265073776,38445959,0.0,0.0
2009-03-23 00:00:00-04:00,0.12918458591482673,0.14902195502168092,0.1279749409054141,0.14878006279468536,50858721,0.0,0.0
2009-03-24 00:00:00-04:00,0.14490921818491606,0.14757040011202993,0.13305521336074222,0.13402296602725983,39072297,0.0,0.0
2009-03-25 00:00:00-04:00,0.13547445990809484,0.1449091719959187,0.12337838286703973,0.1352325677871704,46811146,0.0,0.0
2009-03-26 00:00:00-04:00,0.13571642104795628,0.13958706469988144,0.12821684211359768,0.13886138796806335,33893562,0.0,0.0
2009-03-27 00:00:00-04:00,0.13668394360805977,0.13668394360805977,0.12942644325661776,0.13184554874897003,28220507,0.0,0.0
2009-03-30 00:00:00-04:00,0.12797495402817421,0.1284587385317734,0.12071745097637177,0.12071745097637177,31795514,0.0,0.0
2009-03-31 00:00:00-04:00,0.12386240443220209,0.13837740894599934,0.12144311443028023,0.13257144391536713,51378545,0.0,0.0
2009-04-01 00:00:00-04:00,0.12870083230851612,0.13620022864061201,0.12531397256992852,0.13353922963142395,30083021,0.0,0.0
2009-04-02 00:00:00-04:00,0.13886136471605193,0.14297389992328205,0.1366839671363025,0.1415223628282547,43254891,0.0,0.0
2009-04-03 00:00:00-04:00,0.1410386064504108,0.15555379641091477,0.13402299565889256,0.15506982803344727,50731953,0.0,0.0
2009-04-06 00:00:00-04:00,0.1519248041978478,0.15966627272317283,0.1478122697113338,0.15482787787914276,34100592,0.0,0.0
2009-04-07 00:00:00-04:00,0.1511991813287453,0.15724722299696656,0.14611889252224136,0.14636078476905823,37237537,0.0,0.0
2009-04-08 00:00:00-04:00,0.15119912140791938,0.15482787142098384,0.1436997292308364,0.14611883461475372,34450891,0.0,0.0
2009-04-09 00:00:00-04:00,0.1541022717898907,0.1712784618139267,0.1514410890540119,0.1712784618139267,66037876,0.0,0.0
2009-04-13 00:00:00-04:00,0.16547245825912194,0.17055274643618337,0.15845666459843294,0.16184352338314056,58034240,0.0,0.0
2009-04-14 00:00:00-04:00,0.16111786263525535,0.16571436683230759,0.14829610288143158,0.14829610288143158,52612470,0.0,0.0
2009-04-15 00:00:00-04:00,0.14781230517470031,0.1637790303782004,0.14515112301597405,0.16305316984653473,61697010,0.0,0.0
2009-04-16 00:00:00-04:00,0.16329503099522164,0.17490714242255992,0.15386031687415502,0.16910117864608765,65319274,0.0,0.0
2009-04-17 00:00:00-04:00,0.16426278016440174,0.1734556019222805,0.15845663263362364,0.16668188571929932,62765161,0.0,0.0
2009-04-20 00:00:00-04:00,0.15845668875166788,0.16256940868823624,0.1422482528824775,0.14297392964363098,66172895,0.0,0.0
2009-04-21 00:00:00-04:00,0.14297389463659096,0.16764965659079598,0.1410385732062551,0.16474658250808716,64884212,0.0,0.0
2009-04-22 00:00:00-04:00,0.16015008239683048,0.17563302189841165,0.16015008239683048,0.1642628014087677,61222192,0.0,0.0
2009-04-23 00:00:00-04:00,0.16353696314646865,0.17031068114545075,0.15918253521823086,0.16958500444889069,36854983,0.0,0.0
2009-04-24 00:00:00-04:00,0.17127841188620896,0.18143898757589508,0.16474658696078,0.17781023681163788,48624154,0.0,0.0
2009-04-27 00:00:00-04:00,0.17297180495440515,0.1746652338814828,0.157972836761092,0.16329501569271088,34351127,0.0,0.0
2009-04-28 00:00:00-04:00,0.16281127564752623,0.17272995975571687,0.1596663090888876,0.16619813442230225,21100496,0.0,0.0
2009-04-29 00:00:00-04:00,0.17079463410281664,0.17539095384930514,0.16934309696598054,0.17393960058689117,25273338,0.0,0.0
2009-04-30 00:00:00-04:00,0.1766006201505661,0.1848258756718984,0.1729718688064816,0.1766006201505661,28569306,0.0,0.0
2009-05-01 00:00:00-04:00,0.17660064020419042,0.1824067792974449,0.16885935215761144,0.1758749634027481,39083549,0.0,0.0
2009-05-04 00:00:00-04:00,0.17611680604322683,0.20393734010113593,0.17466526897489495,0.20345355570316315,53316070,0.0,0.0
2009-05-05 00:00:00-04:00,0.20006675499882826,0.20417948600978497,0.19353492824048432,0.1978895515203476,38152667,0.0,0.0
2009-05-06 00:00:00-04:00,0.20417942662882665,0.22038784798576955,0.2022439212915387,0.21724288165569305,47133692,0.0,0.0
2009-05-07 00:00:00-04:00,0.21845248330687328,0.22667772457932325,0.19619600536098128,0.1990990787744522,42443276,0.0,0.0
2009-05-08 00:00:00-04:00,0.20684042325610252,0.2293389729845693,0.20466322031202677,0.22861312329769135,43952490,0.0,0.0
2009-05-11 00:00:00-04:00,0.21143694948944058,0.22256526805449486,0.21143694948944058,0.21337226033210754,40215460,0.0,0.0
2009-05-12 00:00:00-04:00,0.21603338743620165,0.21845250374026515,0.20103442937894037,0.20877571403980255,27686431,0.0,0.0
2009-05-13 00:00:00-04:00,0.20461488604352487,0.20632815693238327,0.18601350292245147,0.18846115469932556,32046050,0.013331,0.0
2009-05-14 00:00:00-04:00,0.18552395055092896,0.198496014547916,0.1794052072920256,0.19604836404323578,33730039,0.0,0.0
2009-05-15 00:00:00-04:00,0.19360096362917162,0.19849606900872116,0.18503454562937002,0.190174400806427,34928709,0.0,0.0
2009-05-18 00:00:00-04:00,0.19458006320653642,0.21734218982305048,0.1926218677242994,0.21660780906677246,39509610,0.0,0.0
2009-05-19 00:00:00-04:00,0.21464984990911418,0.22346097613160565,0.2077967225548845,0.21562893688678741,34387132,0.0,0.0
2009-05-20 00:00:00-04:00,0.22003435826864629,0.23349588168941257,0.21905544661912535,0.2195449024438858,33795298,0.0,0.0
2009-05-21 00:00:00-04:00,0.2131812118592097,0.23202749163849554,0.21244702819350622,0.22639800608158112,30091272,0.0,0.0
2009-05-22 00:00:00-04:00,0.22786650260943844,0.23006922803839633,0.2163629821156654,0.21807627379894257,21386286,0.0,0.0
2009-05-26 00:00:00-04:00,0.21587359265997688,0.23202749375225037,0.2136708665557752,0.22737711668014526,45832257,0.0,0.0
2009-05-27 00:00:00-04:00,0.22541903469068902,0.2263979459851121,0.21293642744748145,0.2141602635383606,32502115,0.0,0.0
2009-05-28 00:00:00-04:00,0.22027925194133502,0.22248197792768198,0.21048902065346886,0.22125816345214844,23145286,0.0,0.0
2009-05-29 00:00:00-04:00,0.21758687729351858,0.23178258270528218,0.21440504276399389,0.23129312694072723,34641418,0.0,0.0
2009-06-01 00:00:00-04:00,0.2361882137717229,0.2582161289480558,0.23227219589316864,0.2479364424943924,45108404,0.0,0.0
2009-06-02 00:00:00-04:00,0.24818121174820199,0.2503839598614444,0.239614815884436,0.24255192279815674,31396458,0.0,0.0
2009-06-03 00:00:00-04:00,0.23961478702552255,0.24940501820548433,0.2317825758185009,0.24867063760757446,25556128,0.0,0.0
2009-06-04 00:00:00-04:00,0.25087363865114987,0.2665379127410712,0.24818125912791397,0.2645798921585083,32006294,0.0,0.0
2009-06-05 00:00:00-04:00,0.27045382619139235,0.27167764055558774,0.2606635957942054,0.2621321380138397,29835486,0.0,0.0
2009-06-08 00:00:00-04:00,0.2596846247709818,0.2699643085197069,0.25650279132067705,0.26580336689949036,22952509,0.0,0.0
2009-06-09 00:00:00-04:00,0.268006361542551,0.2684958172732959,0.2599294227784681,0.265313982963562,19687295,0.0,0.0
2009-06-10 00:00:00-04:00,0.26947496007756344,0.27118823044069584,0.25087358266442045,0.2579714357852936,21888108,0.0,0.0
2009-06-11 00:00:00-04:00,0.2577266614683275,0.2643350576057588,0.2525868294188112,0.2530762851238251,15404187,0.0,0.0
2009-06-12 00:00:00-04:00,0.25209721120445633,0.267272025346756,0.25062866880165563,0.267272025346756,16730375,0.0,0.0
2009-06-15 00:00:00-04:00,0.2618873863427339,0.2618873863427339,0.2386356596572536,0.23937001824378967,30689857,0.0,0.0
2009-06-16 00:00:00-04:00,0.242307186674873,0.24597847717750979,0.2295798478337648,0.23569878935813904,24499228,0.0,0.0
2009-06-17 00:00:00-04:00,0.23471967186585932,0.2386357120014899,0.2197896074404182,0.22346089780330658,30785121,0.0,0.0
2009-06-18 00:00:00-04:00,0.225174377425298,0.22664274482704436,0.21954489159871365,0.22297145426273346,20494410,0.0,0.0
2009-06-19 00:00:00-04:00,0.22566390611830894,0.22713244908144706,0.21734223561348026,0.22248207032680511,21294773,0.0,0.0
2009-06-22 00:00:00-04:00,0.21832106056635942,0.22150289509043353,0.20559389755708277,0.20730718970298767,27495904,0.0,0.0
2009-06-23 00:00:00-04:00,0.20804135537066767,0.2151393825380343,0.20559387979068666,0.20877571403980255,21710332,0.0,0.0
2009-06-24 00:00:00-04:00,0.21073377974681334,0.21783163337142508,0.20412538195011057,0.20681776106357574,22151395,0.0,0.0
2009-06-25 00:00:00-04:00,0.20461481664057965,0.21367086470127106,0.19825132250224572,0.21367086470127106,29548195,0.0,0.0
2009-06-26 00:00:00-04:00,0.2131812039983216,0.22566381409470318,0.20902045798616556,0.22419527173042297,23885641,0.0,0.0
2009-06-29 00:00:00-04:00,0.22566382276765032,0.22566382276765032,0.21660777469674228,0.21978960931301117,18539632,0.0,0.0
2009-06-30 00:00:00-04:00,0.22052402494419393,0.22444004384868121,0.21587362528342863,0.21660780906677246,16105537,0.0,0.0
2009-07-01 00:00:00-04:00,0.21832106689229044,0.22248198815138143,0.21832106689229044,0.21978960931301117,11505133,0.0,0.0
2009-07-02 00:00:00-04:00,0.2163630603965733,0.22027927589855276,0.20363591810506668,0.20608337223529816,22687721,0.0,0.0
2009-07-06 00:00:00-04:00,0.2068177948941701,0.21122327012595027,0.20241212268943468,0.20975470542907715,20609176,0.0,0.0
2009-07-07 00:00:00-04:00,0.20804131248044413,0.20950985442895162,0.19629326140870806,0.19702744483947754,18361857,0.0,0.0
2009-07-08 00:00:00-04:00,0.19825134109709383,0.19996463345140622,0.1820974495728201,0.190174400806427,30382314,0.0,0.0
2009-07-09 00:00:00-04:00,0.19360088953919455,0.19409034517513724,0.18381066064088117,0.1847897469997406,16118288,0.0,0.0
2009-07-10 00:00:00-04:00,0.18258685310836534,0.18650305666285577,0.18013938866299567,0.18332122266292572,13166619,0.0,0.0
2009-07-13 00:00:00-04:00,0.1855239661139963,0.19286654618412458,0.1823421427518932,0.19237709045410156,20982729,0.0,0.0
2009-07-14 00:00:00-04:00,0.19311150294951523,0.19409041457140666,0.18478981307061626,0.1933562308549881,13854467,0.0,0.0
2009-07-15 00:00:00-04:00,0.19580363115522104,0.20534913302372565,0.1950694476406862,0.20290148258209229,19814813,0.0,0.0
2009-07-16 00:00:00-04:00,0.200454028522652,0.20779660776606548,0.1958036305782552,0.2053491324186325,14384792,0.0,0.0
2009-07-17 00:00:00-04:00,0.2065729745084097,0.20779661373081973,0.19506945266530773,0.19604836404323578,12774314,0.0,0.0
2009-07-20 00:00:00-04:00,0.1972722412410421,0.2085310156938953,0.1972722412410421,0.20804138481616974,13594930,0.0,0.0
2009-07-21 00:00:00-04:00,0.21146789801089527,0.21146789801089527,0.19898546511138926,0.20290148258209229,12270992,0.0,0.0
2009-07-22 00:00:00-04:00,0.20118827492269092,0.20999959600494988,0.19971990743896398,0.20681776106357574,11577894,0.0,0.0
2009-07-23 00:00:00-04:00,0.20681770176054337,0.21734211522270708,0.20681770176054337,0.2146497368812561,21541558,0.0,0.0
2009-07-24 00:00:00-04:00,0.21367088284710878,0.22076873634126684,0.21171286259853686,0.2190554440021515,12891330,0.0,0.0
2009-07-27 00:00:00-04:00,0.21783169157216314,0.22370590719648797,0.21562894278511455,0.22248207032680511,14866361,0.0,0.0
2009-07-28 00:00:00-04:00,0.2202792368129424,0.22443998250805736,0.21905540053558267,0.22321614623069763,11922193,0.0,0.0
2009-07-29 00:00:00-04:00,0.22027926400434028,0.22444001021306012,0.21416032260684761,0.21611832082271576,11337110,0.0,0.0
2009-07-30 00:00:00-04:00,0.22223725172117817,0.2288456485886845,0.21709741910382932,0.22419527173042297,21885107,0.0,0.0
2009-07-31 00:00:00-04:00,0.2244400179929709,0.23300641368548472,0.2244400179929709,0.2295798510313034,20891216,0.0,0.0
2009-08-03 00:00:00-04:00,0.23300640829851776,0.23300640829851776,0.2254190994668039,0.22860093414783478,16689120,0.0,0.0
2009-08-04 00:00:00-04:00,0.22762180008125651,0.25307627525552445,0.22713232250945423,0.24818114936351776,41303864,0.0,0.0
2009-08-05 00:00:00-04:00,0.24744698205460114,0.2689852660064123,0.24744698205460114,0.2680063545703888,31551730,0.0,0.0
2009-08-06 00:00:00-04:00,0.27143292215336795,0.28171260861944425,0.26874054358989535,0.2689852714538574,26400748,0.0,0.0
2009-08-07 00:00:00-04:00,0.27265668873223164,0.3042301434317395,0.27069868981965695,0.29590845108032227,37853374,0.0,0.0
2009-08-10 00:00:00-04:00,0.29395025725505863,0.29468444070279315,0.27657272202625804,0.27706217765808105,25307843,0.0,0.0
2009-08-11 00:00:00-04:00,0.27730696306502417,0.27730696306502417,0.2633559864214665,0.26751673221588135,20864962,0.0,0.0
2009-08-12 00:00:00-04:00,0.2682511879751609,0.2812230827589033,0.2667826451563112,0.27804142236709595,23277305,0.0,0.0
2009-08-13 00:00:00-04:00,0.28318129675899995,0.28807640332832174,0.27730708133227205,0.281468003988266,14864861,0.0,0.0
2009-08-14 00:00:00-04:00,0.2790202387249389,0.27999934718409025,0.2714329305866027,0.27632805705070496,19421757,0.0,0.0
2009-08-17 00:00:00-04:00,0.26898523594486795,0.26898523594486795,0.2567475530955959,0.25772663950920105,22717725,0.0,0.0
2009-08-18 00:00:00-04:00,0.2594399419079932,0.2640901429593573,0.25723701927321235,0.26017412543296814,14225020,0.0,0.0
2009-08-19 00:00:00-04:00,0.25547974403817236,0.26659821201391576,0.25498563998502577,0.2641274929046631,20228122,0.013331,0.0
2009-08-20 00:00:00-04:00,0.26437435332929665,0.27821075916290283,0.2619036581043733,0.27821075916290283,18680652,0.0,0.0
2009-08-21 00:00:00-04:00,0.2831524780427335,0.2979772736440322,0.28191701949271386,0.2952593266963959,27048090,0.0,0.0
2009-08-24 00:00:00-04:00,0.29945973497020356,0.30711909507978913,0.2967417884687985,0.2997067868709564,27701433,0.0,0.0
2009-08-25 00:00:00-04:00,0.30069498656290694,0.30884862700918736,0.298718372565469,0.30390703678131104,21041237,0.0,0.0
2009-08-26 00:00:00-04:00,0.30316586411808266,0.3118136078685048,0.30044791784041824,0.30786022543907166,18434617,0.0,0.0
2009-08-27 00:00:00-04:00,0.3063779205912166,0.3120606888064205,0.29945973820291977,0.3100840747356415,17742269,0.0,0.0
2009-08-28 00:00:00-04:00,0.3132961723810448,0.31428440223766035,0.30489547846030113,0.31033119559288025,16997413,0.0,0.0
2009-08-31 00:00:00-04:00,0.30440115627716074,0.30909569485302596,0.29871838797957717,0.30069500207901,22230156,0.0,0.0
2009-09-01 00:00:00-04:00,0.29945977430452264,0.3034129808289492,0.28414085322977845,0.2848820090293884,30591593,0.0,0.0
2009-09-02 00:00:00-04:00,0.2821640408036811,0.28562314319975524,0.27944629299452145,0.2806817293167114,25799913,0.0,0.0
2009-09-03 00:00:00-04:00,0.28315247313490716,0.28784701228141785,0.27425765337196384,0.28784701228141785,23202294,0.0,0.0
2009-09-04 00:00:00-04:00,0.28636447564264234,0.28809401566008014,0.2826583216186632,0.28735285997390747,27605419,0.0,0.0
2009-09-08 00:00:00-04:00,0.2895765618259387,0.3041541278362274,0.28932950989987705,0.3041541278362274,18376109,0.0,0.0
2009-09-09 00:00:00-04:00,0.3004478736622366,0.31329604983329773,0.3004478736622366,0.31329604983329773,17343962,0.0,0.0
2009-09-10 00:00:00-04:00,0.3108252728583485,0.3308387098086903,0.30810750289964867,0.33009737730026245,19046704,0.0,0.0
2009-09-11 00:00:00-04:00,0.33157993055848,0.3394865435641774,0.3209555691551074,0.3229321837425232,26599527,0.0,0.0
2009-09-14 00:00:00-04:00,0.31972014753167444,0.33503904938697815,0.3170023769130596,0.33503904938697815,16763380,0.0,0.0
2009-09-15 00:00:00-04:00,0.33528602198450247,0.3560408357563876,0.33256827410305956,0.3510992228984833,34341376,0.0,0.0
2009-09-16 00:00:00-04:00,0.3533228607097279,0.3839606768043946,0.34936965469640396,0.38198408484458923,43079366,0.0,0.0
2009-09-17 00:00:00-04:00,0.38297223146231907,0.39310246248652797,0.3604880596258137,0.3656767010688782,44928379,0.0,0.0
2009-09-18 00:00:00-04:00,0.3669123278624668,0.376795533660994,0.3565350181129989,0.37037143111228943,24206687,0.0,0.0
2009-09-21 00:00:00-04:00,0.36419432494824255,0.37012432264084844,0.3582645040053686,0.3590056598186493,22978763,0.0,0.0
2009-09-22 00:00:00-04:00,0.3641942513839134,0.37852494000177467,0.3619705855497858,0.3772895038127899,19137467,0.0,0.0
2009-09-23 00:00:00-04:00,0.37852501109670117,0.37877206303096045,0.3609822690486908,0.3609822690486908,22020126,0.0,0.0
2009-09-24 00:00:00-04:00,0.36592382432124954,0.36790043844562803,0.33948646403683147,0.34269851446151733,24668002,0.0,0.0
2009-09-25 00:00:00-04:00,0.3409690260887146,0.3449222330998781,0.33503902777535954,0.3409690260887146,22398180,0.0,0.0
2009-09-28 00:00:00-04:00,0.3409688383207562,0.3545581912093028,0.3409688383207562,0.35282865166664124,20593424,0.0,0.0
2009-09-29 00:00:00-04:00,0.35406395484057984,0.36468848827630246,0.351099133697604,0.36271169781684875,26983581,0.0,0.0
2009-09-30 00:00:00-04:00,0.36518257809064714,0.36839462771931675,0.35554642920463836,0.36444124579429626,43225637,0.0,0.0
2009-10-01 00:00:00-04:00,0.36246486543553175,0.3632062203027136,0.3439339101273893,0.3446752429008484,35444032,0.0,0.0
2009-10-02 00:00:00-04:00,0.33849818398256587,0.35875870173849456,0.3335565915916415,0.3481343388557434,29316412,0.0,0.0
2009-10-05 00:00:00-04:00,0.34047480384318696,0.35801755098680543,0.33849818895152395,0.35480549931526184,23719868,0.0,0.0
2009-10-06 00:00:00-04:00,0.35826453231023647,0.37185389233340393,0.353322940821707,0.359499990940094,23048522,0.0,0.0
2009-10-07 00:00:00-04:00,0.3557935702407179,0.3629590256842895,0.35060492777058344,0.3587585687637329,17911793,0.0,0.0
2009-10-08 00:00:00-04:00,0.36370019316869584,0.3785249874193653,0.3634531412498901,0.3743245303630829,21774091,0.0,0.0
2009-10-09 00:00:00-04:00,0.37061831997187317,0.3829722389313975,0.3696299136615287,0.38025444746017456,18383610,0.0,0.0
2009-10-12 00:00:00-04:00,0.3849488638130425,0.38717268430483226,0.37926609595151467,0.38223111629486084,8164909,0.0,0.0
2009-10-13 00:00:00-04:00,0.3805013201552466,0.38346633884671155,0.3723476844564661,0.3780304491519928,14658581,0.0,0.0
2009-10-14 00:00:00-04:00,0.37506604174176716,0.39656177576840224,0.37506604174176716,0.39433813095092773,24991298,0.0,0.0
2009-10-15 00:00:00-04:00,0.39334958034464307,0.39334958034464307,0.38519611634716194,0.38741976022720337,19150969,0.0,0.0
2009-10-16 00:00:00-04:00,0.3807486443966888,0.3834666132829214,0.37210089900814985,0.37234795093536377,23024519,0.0,0.0
2009-10-19 00:00:00-04:00,0.3790190848938856,0.3834665937943076,0.37605410841855685,0.3767954409122467,25630389,0.0,0.0
2009-10-20 00:00:00-04:00,0.3775364125184629,0.3775364125184629,0.3644411650560111,0.3661707043647766,15686227,0.0,0.0
2009-10-21 00:00:00-04:00,0.364441422638918,0.3772896273881673,0.3597470596389511,0.3614766001701355,18350605,0.0,0.0
2009-10-22 00:00:00-04:00,0.36147659693990514,0.3679005225073702,0.35258179820725455,0.367159366607666,15191157,0.0,0.0
2009-10-23 00:00:00-04:00,0.3644412603577736,0.3691357980170756,0.354805287836369,0.35604074597358704,15796493,0.0,0.0
2009-10-26 00:00:00-04:00,0.3597470606360524,0.36592391221554815,0.3498638550779466,0.3506050109863281,17802278,0.0,0.0
2009-10-27 00:00:00-04:00,0.35208741975102853,0.35356993007524945,0.33923941672168584,0.3399805724620819,19267986,0.0,0.0
2009-10-28 00:00:00-04:00,0.33553316820289025,0.3387450189257096,0.31156651017501125,0.31329604983329773,53060283,0.0,0.0
2009-10-29 00:00:00-04:00,0.31527275876835653,0.32935622051243063,0.3140373003309349,0.32565006613731384,45997281,0.0,0.0
2009-10-30 00:00:00-04:00,0.3174964530867671,0.31947306759372773,0.2967418571545114,0.3051425516605377,69874671,0.0,0.0
2009-11-02 00:00:00-05:00,0.3066249737614913,0.3115665638370753,0.2915531074606761,0.30365997552871704,39512610,0.0,0.0
2009-11-03 00:00:00-05:00,0.29921249318744775,0.31156659096759026,0.29674179735621675,0.31082525849342346,29737972,0.0,0.0
2009-11-04 00:00:00-05:00,0.31379022401249995,0.3189788883403769,0.309837018025978,0.312060683965683,44136266,0.0,0.0
2009-11-05 00:00:00-05:00,0.31453145500997676,0.31996732681294504,0.3088486859216482,0.3155198395252228,26332489,0.0,0.0
2009-11-06 00:00:00-05:00,0.309095690372255,0.31601389485426523,0.3051424843244103,0.3100840747356415,20710440,0.0,0.0
2009-11-09 00:00:00-05:00,0.3160137547477776,0.3308385415025314,0.31304875762816037,0.3296031057834625,25965687,0.0,0.0
2009-11-10 00:00:00-05:00,0.32836782156655586,0.3305916644801723,0.32293212688478007,0.32663828134536743,25484118,0.0,0.0
2009-11-11 00:00:00-05:00,0.3283677499314503,0.3360273079495861,0.3258970544757713,0.3335564136505127,17882539,0.0,0.0
2009-11-12 00:00:00-05:00,0.33059166289649594,0.3377569198588508,0.3271325603769743,0.32812076807022095,15488949,0.0,0.0
2009-11-13 00:00:00-05:00,0.3308387144018593,0.33627443114444405,0.32540301975298974,0.33306238055229187,15247415,0.0,0.0
2009-11-16 00:00:00-05:00,0.3387451032197556,0.35406402258077807,0.3355332516976923,0.34615761041641235,17980803,0.0,0.0
2009-11-17 00:00:00-05:00,0.3422041675642952,0.34813416382691326,0.33948642015457153,0.33948642015457153,15674225,0.0,0.0
2009-11-18 00:00:00-05:00,0.3407307745032504,0.34346864678195077,0.33351298835273807,0.3427218794822693,15687727,0.013331,0.0
2009-11-19 00:00:00-05:00,0.3392374125512493,0.3392374125512493,0.32480184047993127,0.3262951970100403,18627395,0.0,0.0
2009-11-20 00:00:00-05:00,0.32928185004826105,0.3342594887665636,0.3243040332845151,0.33301517367362976,17347713,0.0,0.0
2009-11-23 00:00:00-05:00,0.3407307896807269,0.3459574933407244,0.3350063820847856,0.3384908437728882,14689336,0.0,0.0
2009-11-24 00:00:00-05:00,0.3352552249122645,0.3352552249122645,0.3195751371359216,0.3262951970100403,19879322,0.0,0.0
2009-11-25 00:00:00-05:00,0.3262951980982156,0.3345086367855206,0.3260463350166155,0.33077511191368103,7251280,0.0,0.0
2009-11-27 00:00:00-05:00,0.318579427586747,0.32654397893067305,0.31559287105861783,0.3198239207267761,6357153,0.0,0.0
2009-11-30 00:00:00-05:00,0.31932626107961753,0.3369974308295578,0.31932626107961753,0.33625084161758423,19664792,0.0,0.0
2009-12-01 00:00:00-05:00,0.3402329651408169,0.3472018865025746,0.33649964143605926,0.344961941242218,20915970,0.0,0.0
2009-12-02 00:00:00-05:00,0.3427218450279179,0.356161963638866,0.3427218450279179,0.35417085886001587,20542417,0.0,0.0
2009-12-03 00:00:00-05:00,0.35466860428165464,0.36561991484601924,0.35068641676291495,0.35217979550361633,23806880,0.0,0.0
2009-12-04 00:00:00-05:00,0.35865094339218595,0.3686063997091144,0.35865094339218595,0.367859810590744,27471150,0.0,0.0
2009-12-07 00:00:00-05:00,0.3656200724610807,0.3693533985159633,0.36039336702171615,0.36337992548942566,20425400,0.0,0.0
2009-12-08 00:00:00-05:00,0.3581530518360796,0.3691043619779348,0.35740646264511683,0.36487311124801636,17977802,0.0,0.0
2009-12-09 00:00:00-05:00,0.36686424548176744,0.36935325466457014,0.361886405161652,0.3661176562309265,13570177,0.0,0.0
2009-12-10 00:00:00-05:00,0.3681087044471985,0.3686064305677803,0.3608909190055011,0.36387765407562256,18085068,0.0,0.0
2009-12-11 00:00:00-05:00,0.3646242736930484,0.3705975662864312,0.3633797802422381,0.36960211396217346,9557857,0.0,0.0
2009-12-14 00:00:00-05:00,0.3710954986784099,0.3830422405623217,0.36537089068582473,0.3820466101169586,15468696,0.0,0.0
2009-12-15 00:00:00-05:00,0.37657096335512563,0.3830421592743099,0.37433101788529,0.37806436419487,20513162,0.0,0.0
2009-12-16 00:00:00-05:00,0.37930871988933973,0.3852821903513754,0.37806440452085366,0.3800554871559143,15356930,0.0,0.0
2009-12-17 00:00:00-05:00,0.377317455771706,0.380553075157534,0.3750775108760776,0.3768197298049927,13676692,0.0,0.0
2009-12-18 00:00:00-05:00,0.3783133018281528,0.3852822252155958,0.37358432435216066,0.3837888240814209,21023235,0.0,0.0
2009-12-21 00:00:00-05:00,0.38403761025180805,0.396233234864795,0.3827932950199701,0.3887665867805481,15761238,0.0,0.0
2009-12-22 00:00:00-05:00,0.38777101961236093,0.3962332993037521,0.38777101961236093,0.3949889838695526,17106179,0.0,0.0
2009-12-23 00:00:00-05:00,0.393993287147545,0.4074334049609272,0.393993287147545,0.4046955108642578,12078215,0.0,0.0
2009-12-24 00:00:00-05:00,0.40743348820973946,0.4151490008726763,0.40693553946128114,0.4146512746810913,3949311,0.0,0.0
2009-12-28 00:00:00-05:00,0.41490016174136657,0.4253535251528007,0.41490016174136657,0.416393518447876,11017564,0.0,0.0
2009-12-29 00:00:00-05:00,0.4198990315041181,0.4216517277961944,0.40036869924145774,0.4013703167438507,15642721,0.013331,0.0
2009-12-30 00:00:00-05:00,0.4003685221586742,0.4013701392180525,0.39210589788308053,0.39911672472953796,15015632,0.0,0.0
2009-12-31 00:00:00-05:00,0.40137011973740233,0.4088816651909385,0.39786472887381774,0.3986158072948456,12790816,0.0,0.0
2010-01-04 00:00:00-05:00,0.40437496641350945,0.4093825157287587,0.39586180121276715,0.3996175527572632,14542315,0.0,0.0
2010-01-05 00:00:00-05:00,0.4023717911357277,0.4098835192285534,0.39786491548456243,0.40963315963745117,15532455,0.0,0.0
2010-01-06 00:00:00-05:00,0.40963309856790114,0.42290345350997566,0.40963309856790114,0.4168942868709564,28483794,0.0,0.0
2010-01-07 00:00:00-05:00,0.41539181609841963,0.43467160219714246,0.4113857058694213,0.43216782808303833,29273656,0.0,0.0
2010-01-08 00:00:00-05:00,0.42816155133999545,0.4309159092181327,0.41564223130147115,0.4221523404121399,28693074,0.0,0.0
2010-01-11 00:00:00-05:00,0.4271601354109871,0.4284119331428323,0.42215236235624015,0.42540743947029114,9856399,0.0,0.0
2010-01-12 00:00:00-05:00,0.42190190148121587,0.43091582812423607,0.4126374810149036,0.4143901765346527,16653865,0.0,0.0
2010-01-13 00:00:00-05:00,0.4153919124066432,0.4266592567645935,0.4153919124066432,0.4259081780910492,12075965,0.0,0.0
2010-01-14 00:00:00-05:00,0.4234044128458575,0.42841196234681833,0.4193980777034829,0.4211507737636566,15999772,0.0,0.0
2010-01-15 00:00:00-05:00,0.41639345707722586,0.42090028607945046,0.40637791333369333,0.4113856852054596,17108429,0.0,0.0
2010-01-19 00:00:00-05:00,0.4148911559612899,0.42490652251275046,0.4138895387038967,0.42415544390678406,15230162,0.0,0.0
2010-01-20 00:00:00-05:00,0.4206500384098582,0.4224027344024202,0.4123872327755741,0.4168942868709564,13533421,0.0,0.0
2010-01-21 00:00:00-05:00,0.413639234657968,0.41639359292724193,0.39511056672332034,0.3956114649772644,31339450,0.0,0.0
2010-01-22 00:00:00-05:00,0.3956114868833668,0.40387411435839143,0.3820905469265668,0.38384324312210083,21691580,0.0,0.0
2010-01-25 00:00:00-05:00,0.39035327343643267,0.39185543062488853,0.380588132235833,0.3891012966632843,13994737,0.0,0.0
2010-01-26 00:00:00-05:00,0.38885098471392765,0.3953609154544934,0.38509518827197786,0.38609662652015686,12785565,0.0,0.0
2010-01-27 00:00:00-05:00,0.3850950721084846,0.39035320345271723,0.3758306516316571,0.3896019458770752,19257484,0.0,0.0
2010-01-28 00:00:00-05:00,0.39260653864732,0.3936079763911421,0.38183996342602233,0.38759881258010864,13355646,0.0,0.0
2010-01-29 00:00:00-05:00,0.38985236397875267,0.39460977706522465,0.38108884027342826,0.38459423184394836,17683761,0.0,0.0
2010-02-01 00:00:00-05:00,0.38634698356852104,0.3941090703010559,0.3840935684086559,0.3941090703010559,9675624,0.0,0.0
2010-02-02 00:00:00-05:00,0.39335766668917393,0.4098833170490125,0.3883499399888131,0.4071289598941803,19646039,0.0,0.0
2010-02-03 00:00:00-05:00,0.40036848268581776,0.4028724803083737,0.39210585922484703,0.3988661468029022,17674009,0.0,0.0
2010-02-04 00:00:00-05:00,0.3938585531489374,0.3946096763086743,0.3805880240487246,0.38209035992622375,27254370,0.0,0.0
2010-02-05 00:00:00-05:00,0.3863469652321907,0.3951105345694937,0.3783346984356311,0.39285707473754883,26417251,0.0,0.0
2010-02-08 00:00:00-05:00,0.39135470314053605,0.39586175673624774,0.37933610252075267,0.3808384835720062,13561175,0.0,0.0
2010-02-09 00:00:00-05:00,0.38609643206933353,0.3896018671837865,0.3780839897595803,0.38759881258010864,19790060,0.0,0.0
2010-02-10 00:00:00-05:00,0.3878493570105955,0.39210600680025665,0.3780841700963594,0.38659733533859253,12589037,0.0,0.0
2010-02-11 00:00:00-05:00,0.3850950724360474,0.3896019462084716,0.3795864024845352,0.3888508677482605,12302497,0.0,0.0
2010-02-12 00:00:00-05:00,0.3908540885024148,0.39811527794024043,0.38434397784330016,0.39736419916152954,19033202,0.0,0.0
2010-02-16 00:00:00-05:00,0.4026220011961242,0.41689400872641813,0.4026220011961242,0.4166436493396759,16858644,0.0,0.0
2010-02-17 00:00:00-05:00,0.4168941370320891,0.42715999452298853,0.41413977991923173,0.4183964729309082,15402687,0.0,0.0
2010-02-18 00:00:00-05:00,0.4188972782595235,0.42540738690416563,0.4148911230013922,0.4229033887386322,16188798,0.0,0.0
2010-02-19 00:00:00-05:00,0.4206500384098582,0.42265309395619793,0.41539190565314266,0.4168942868709564,22791236,0.0,0.0
2010-02-22 00:00:00-05:00,0.41664384815176114,0.4201492394708349,0.4126375139251675,0.4163934886455536,24719760,0.0,0.0
2010-02-23 00:00:00-05:00,0.41313845772071545,0.4181462305256831,0.4118864809352041,0.41489115357398987,20393145,0.0,0.0
2010-02-24 00:00:00-05:00,0.4158925835994151,0.42265305212582494,0.4143902473093185,0.4188973009586334,15581212,0.0,0.0
2010-02-25 00:00:00-05:00,0.41163607235157723,0.42240265050120707,0.40913207429990006,0.42165157198905945,11098576,0.0,0.0
2010-02-26 00:00:00-05:00,0.42014935853916635,0.4241555147850018,0.4171446853809977,0.41789576411247253,16279561,0.0,0.0
2010-03-01 00:00:00-05:00,0.41964833947984315,0.42140103513160115,0.4153918248820171,0.4193979799747467,7900122,0.0,0.0
2010-03-02 00:00:00-05:00,0.42064982990600724,0.42640867891578477,0.41914749421188696,0.42490634322166443,9229310,0.0,0.0
2010-03-03 00:00:00-05:00,0.4246561390714985,0.4281615306008823,0.42215231996409847,0.42315375804901123,10088182,0.0,0.0
2010-03-04 00:00:00-05:00,0.42365472483613986,0.42615849930546573,0.420900366936361,0.42415544390678406,7342042,0.0,0.0
2010-03-05 00:00:00-05:00,0.4284118722710923,0.4419328083408294,0.42440576186617834,0.4406808316707611,11570393,0.0,0.0
2010-03-08 00:00:00-05:00,0.4406807039868559,0.45094656043059156,0.43392041702681655,0.4484427869319916,8662980,0.0,0.0
2010-03-09 00:00:00-05:00,0.4444368946509059,0.45770724994801343,0.44218325559534755,0.4479422867298126,16167796,0.0,0.0
2010-03-10 00:00:00-05:00,0.4466902693804814,0.45069638021773867,0.44493757349966806,0.4491940438747406,16137791,0.0,0.0
2010-03-11 00:00:00-05:00,0.4471908819950552,0.4476917800675453,0.4411816723907327,0.44493746757507324,9301321,0.0,0.0
2010-03-12 00:00:00-05:00,0.44869319812773634,0.4496948151123356,0.44043039535295997,0.4444367289543152,13734450,0.0,0.0
2010-03-15 00:00:00-04:00,0.4439357861249736,0.44944445564519975,0.43567316246625315,0.4444367289543152,12217735,0.0,0.0
2010-03-16 00:00:00-04:00,0.4446872831999384,0.44919411381454255,0.44143220569028274,0.4486933946609497,19664042,0.0,0.0
2010-03-17 00:00:00-04:00,0.44919402576705636,0.4617135246400451,0.44844294718388766,0.45945993065834045,13156118,0.0,0.0
2010-03-18 00:00:00-04:00,0.4589592484251991,0.46121266347159595,0.4544521944372633,0.456956148147583,14685585,0.0,0.0
2010-03-19 00:00:00-04:00,0.4494444727897644,0.45845839908880864,0.4484428557669573,0.4494444727897644,23335813,0.0,0.0
2010-03-22 00:00:00-04:00,0.4446872444030174,0.454702746076907,0.44293450362319314,0.4534507691860199,12652046,0.0,0.0
2010-03-23 00:00:00-04:00,0.4544521546210087,0.4589592082140646,0.4491940224503298,0.4574568271636963,12948338,0.0,0.0
2010-03-24 00:00:00-04:00,0.45520332498898586,0.4662203062686058,0.45370098900584865,0.46321558952331543,21439544,0.0,0.0
2010-03-25 00:00:00-04:00,0.46471799519718243,0.4799916272388554,0.46471799519718243,0.46997612714767456,21266269,0.0,0.0
2010-03-26 00:00:00-04:00,0.4704770371430915,0.4734815752985559,0.46021117727798366,0.4672220051288605,18658899,0.0,0.0
2010-03-29 00:00:00-04:00,0.4707273767404536,0.4707273767404536,0.4592095406382854,0.4602111577987671,17568244,0.0,0.0
2010-03-30 00:00:00-04:00,0.460461495896023,0.4642172466200146,0.4589591597832105,0.46271491050720215,13672941,0.0,0.0
2010-03-31 00:00:00-04:00,0.4604615466757737,0.46672111697972596,0.45795754839389896,0.4609622657299042,15825747,0.0,0.0
2010-04-01 00:00:00-04:00,0.46622041893631505,0.4674723957441617,0.46046156742696454,0.46571969985961914,12171228,0.0,0.0
2010-04-05 00:00:00-04:00,0.46847377904257126,0.48675208303694095,0.4654692858180938,0.4865017235279083,13006847,0.0,0.0
2010-04-06 00:00:00-04:00,0.4897568209042602,0.5050304532051086,0.4802419949033822,0.5050304532051086,22060632,0.0,0.0
2010-04-07 00:00:00-04:00,0.503027252450055,0.506532644191567,0.4837474635346598,0.48825451731681824,16927653,0.0,0.0
2010-04-08 00:00:00-04:00,0.4857505087505133,0.48900558566637986,0.4827460152608997,0.4887552261352539,14623326,0.0,0.0
2010-04-09 00:00:00-04:00,0.489255873929074,0.502025730643217,0.48650169559275386,0.49877065420150757,12585287,0.0,0.0
2010-04-12 00:00:00-04:00,0.5010240063816631,0.5017753086671756,0.49226048480051504,0.4945138990879059,10503741,0.0,0.0
2010-04-13 00:00:00-04:00,0.4937629222442182,0.513042709511015,0.49326220321427694,0.5112900137901306,11295854,0.0,0.0
2010-04-14 00:00:00-04:00,0.5142947264903891,0.5150458050941383,0.5082853364169521,0.5107893347740173,15159652,0.0,0.0
2010-04-15 00:00:00-04:00,0.5065327115805702,0.5110397659623462,0.4930119514465332,0.4930119514465332,15848250,0.0,0.0
2010-04-16 00:00:00-04:00,0.4922605483332093,0.495515624789705,0.47873961307367663,0.48049235343933105,24748264,0.0,0.0
2010-04-19 00:00:00-04:00,0.47673660352783875,0.48650174427202736,0.46396692465203965,0.48550012707710266,13294888,0.0,0.0
2010-04-20 00:00:00-04:00,0.48875509627231944,0.5007736491647572,0.48324660592383106,0.4995216727256775,11818678,0.0,0.0
2010-04-21 00:00:00-04:00,0.4977690563172175,0.5223069297026967,0.4965172587956225,0.5137939453125,16444585,0.0,0.0
2010-04-22 00:00:00-04:00,0.5092869087861399,0.5370798572054505,0.5052807539268935,0.534826397895813,15272918,0.0,0.0
2010-04-23 00:00:00-04:00,0.5345758910467311,0.5556085523446507,0.5283163212850037,0.553605318069458,28784587,0.0,0.0
2010-04-26 00:00:00-04:00,0.5375805496529674,0.5596146465758803,0.5375805496529674,0.5543565154075623,18301848,0.0,0.0
2010-04-27 00:00:00-04:00,0.5508512022406841,0.5578619850827439,0.5418372746165753,0.5425883531570435,24358208,0.0,0.0
2010-04-28 00:00:00-04:00,0.5470955179961009,0.5546070661746157,0.5413364867690816,0.5465946197509766,21834850,0.0,0.0
2010-04-29 00:00:00-04:00,0.5508511531691503,0.5834014693448722,0.5435899666814278,0.5791447758674622,29331414,0.0,0.0
2010-04-30 00:00:00-04:00,0.553355026655266,0.5776425436278027,0.5465945579348128,0.5611171126365662,31546479,0.0,0.0
2010-05-03 00:00:00-04:00,0.5651232364923306,0.6019301192735567,0.563620900124435,0.5929161906242371,36070371,0.0,0.0
2010-05-04 00:00:00-04:00,0.5841523665276398,0.6019298103824727,0.5811476953337493,0.5969220399856567,31745257,0.0,0.0
2010-05-05 00:00:00-04:00,0.584152480052353,0.6061865755666594,0.5736362631670184,0.58390212059021,22998265,0.0,0.0
2010-05-06 00:00:00-04:00,0.5801464706129702,0.5889099936606468,0.5077845581139239,0.553605318069458,32334091,0.0,0.0
2010-05-07 00:00:00-04:00,0.5516023766276859,0.5661249325363601,0.5235590612705454,0.5315715074539185,25855421,0.0,0.0
2010-05-10 00:00:00-04:00,0.5631203273237196,0.568879180412248,0.5493490264513424,0.5613676309585571,30604345,0.0,0.0
2010-05-11 00:00:00-04:00,0.5541061675932935,0.5738866713971232,0.550851136076722,0.5596146583557129,28549053,0.0,0.0
2010-05-12 00:00:00-04:00,0.5641214486385456,0.5806470989096152,0.562619291840957,0.5753889679908752,20442652,0.0,0.0
2010-05-13 00:00:00-04:00,0.5728852803977728,0.5753890545531468,0.5551076510048345,0.5581123232841492,16954657,0.0,0.0
2010-05-14 00:00:00-04:00,0.5508512945453954,0.5513520136562784,0.5270644500366656,0.5353272557258606,15864752,0.0,0.0
2010-05-17 00:00:00-04:00,0.5375805500230963,0.5493487440956236,0.5150456893493557,0.5368294715881348,17658257,0.0,0.0
2010-05-18 00:00:00-04:00,0.548847947407836,0.5513517657315152,0.5160472780719991,0.5185510516166687,20927221,0.0,0.0
2010-05-19 00:00:00-04:00,0.5180480031372824,0.5318858886294832,0.4986744954869057,0.5140222311019897,16932154,0.013331,0.0
2010-05-20 00:00:00-04:00,0.4979197282274915,0.5044614215881695,0.478294828130555,0.4793011248111725,24375461,0.0,0.0
2010-05-21 00:00:00-04:00,0.47225632934253947,0.5042098967785189,0.4639536159779724,0.5029518008232117,23702615,0.0,0.0
2010-05-24 00:00:00-04:00,0.49414579132514513,0.5011906341754488,0.48181730508804327,0.4818173050880432,13760704,0.0,0.0
2010-05-25 00:00:00-04:00,0.4631987278365176,0.4916296724795006,0.4564054594290454,0.48936527967453003,19621286,0.0,0.0
2010-05-26 00:00:00-04:00,0.4979199770153814,0.5094936995173003,0.48785583527748044,0.4918816089630127,19538024,0.0,0.0
2010-05-27 00:00:00-04:00,0.5054678239412673,0.5271056818932177,0.5001841803118666,0.5260992050170898,20087102,0.0,0.0
2010-05-28 00:00:00-04:00,0.5243378915712874,0.5386791502569446,0.5165383267542392,0.5190542936325073,19119465,0.0,0.0
2010-06-01 00:00:00-04:00,0.5122610220781401,0.529873105079764,0.5117578737021982,0.5147771239280701,19382752,0.0,0.0
2010-06-02 00:00:00-04:00,0.5172930977746225,0.5303764867372722,0.5084870553889093,0.5293700098991394,14097502,0.0,0.0
2010-06-03 00:00:00-04:00,0.5323893228175538,0.5432081392478492,0.5273572534364691,0.5356601476669312,16287813,0.0,0.0
2010-06-04 00:00:00-04:00,0.5180481799559471,0.528363670300559,0.49464907226887755,0.49741679430007935,23616353,0.0,0.0
2010-06-07 00:00:00-04:00,0.5014421860833559,0.5120094723869375,0.4918814215612023,0.49263614416122437,18367108,0.0,0.0
2010-06-08 00:00:00-04:00,0.49515208421014545,0.5084870471705208,0.4848365967116488,0.5067258477210999,18942439,0.0,0.0
2010-06-09 00:00:00-04:00,0.5120094575750395,0.5389309559440366,0.5107513616299995,0.5140222311019897,19430009,0.0,0.0
2010-06-10 00:00:00-04:00,0.5248409785348711,0.5487432235349021,0.5215703344665411,0.5474851727485657,21819848,0.0,0.0
2010-06-11 00:00:00-04:00,0.5396858179712093,0.5550335575519835,0.5366665219117952,0.5540270805358887,15218911,0.0,0.0
2010-06-14 00:00:00-04:00,0.5628330521727902,0.5630846263982048,0.5444661988773096,0.5505045652389526,26751798,0.0,0.0
2010-06-15 00:00:00-04:00,0.5567945356682895,0.5645940994897737,0.5522656158803827,0.5620781779289246,23433327,0.0,0.0
2010-06-16 00:00:00-04:00,0.5578010561433895,0.5653492288214574,0.5522658375039028,0.5603171586990356,21570063,0.0,0.0
2010-06-17 00:00:00-04:00,0.5603171018709603,0.5668586168811279,0.5550335030221656,0.5645942687988281,16191049,0.0,0.0
2010-06-18 00:00:00-04:00,0.5671103350854034,0.5676134835194864,0.5557881904263371,0.5598137378692627,13431407,0.0,0.0
2010-06-21 00:00:00-04:00,0.5673619281856622,0.5716390949842668,0.5492465141267431,0.5505045652389526,13448659,0.0,0.0
2010-06-22 00:00:00-04:00,0.5502530535703871,0.5532723045888859,0.5223252516270097,0.5228284001350403,17420473,0.0,0.0
2010-06-23 00:00:00-04:00,0.5228282493194135,0.5346535857356647,0.5157834073022285,0.5283634662628174,11988202,0.0,0.0
2010-06-24 00:00:00-04:00,0.5233316011399445,0.5273571931901235,0.512261031767769,0.5140222311019897,14989378,0.0,0.0
2010-06-25 00:00:00-04:00,0.5177962162177862,0.5356600991494543,0.5125126180900778,0.5331439971923828,20774950,0.0,0.0
2010-06-28 00:00:00-04:00,0.5371695422746092,0.5371695422746092,0.5225767089336116,0.5271056294441223,7655587,0.0,0.0
2010-06-29 00:00:00-04:00,0.5175445881640568,0.5190542581804612,0.4941457153259723,0.4991777837276459,15642721,0.0,0.0
2010-06-30 00:00:00-04:00,0.49968109807102146,0.5107514902457937,0.4858429841127593,0.4873526096343994,20555168,0.0,0.0
2010-07-01 00:00:00-04:00,0.48735258146417226,0.49137817429537356,0.46873401776111007,0.4855913817882538,18730909,0.0,0.0
2010-07-02 00:00:00-04:00,0.4893652148836876,0.4893652148836876,0.4662179165119926,0.47150155901908875,17514987,0.0,0.0
2010-07-06 00:00:00-04:00,0.4820687498635948,0.4898683132533035,0.45590220415909183,0.46345019340515137,24778268,0.0,0.0
2010-07-07 00:00:00-04:00,0.46571484636536514,0.4918814441285462,0.46345031849116547,0.4916296899318695,20470406,0.0,0.0
2010-07-08 00:00:00-04:00,0.49791993909702276,0.5047132095048111,0.488359126664108,0.5009391903877258,14766597,0.0,0.0
2010-07-09 00:00:00-04:00,0.5011905855761856,0.5107513495965009,0.49641009107533446,0.5104997754096985,8135655,0.0,0.0
2010-07-12 00:00:00-04:00,0.5087385881030492,0.5157834304362104,0.5004356948211264,0.5140222311019897,10980809,0.0,0.0
2010-07-13 00:00:00-04:00,0.5215704929336883,0.5338989804198038,0.521318738711859,0.5318859815597534,11345361,0.0,0.0
2010-07-14 00:00:00-04:00,0.5293699758821158,0.5346536189725326,0.5198092114710186,0.5288668274879456,9244313,0.0,0.0
2010-07-15 00:00:00-04:00,0.5303766358493637,0.5303766358493637,0.5125127918572489,0.5253446102142334,9329825,0.0,0.0
2010-07-16 00:00:00-04:00,0.5190543426977926,0.5248410895629594,0.5032034123942585,0.5059711337089539,18758663,0.0,0.0
2010-07-19 00:00:00-04:00,0.5089901694861194,0.5213186549923817,0.4961585355872902,0.515028715133667,11524636,0.0,0.0
2010-07-20 00:00:00-04:00,0.5052161994475087,0.5283635004327,0.4971650601838633,0.5271056294441223,12175729,0.0,0.0
2010-07-21 00:00:00-04:00,0.5333955649448203,0.5333955649448203,0.5142738112508266,0.5167899131774902,11623650,0.0,0.0
2010-07-22 00:00:00-04:00,0.5255962660151423,0.5522659790198737,0.5235834464496546,0.5449695587158203,18052813,0.0,0.0
2010-07-23 00:00:00-04:00,0.5422015774050822,0.5422015774050822,0.5245894498221002,0.5344020128250122,27230366,0.0,0.0
2010-07-26 00:00:00-04:00,0.5344021696324515,0.5517626831311372,0.529118525307571,0.5515111088752747,10258456,0.0,0.0
2010-07-27 00:00:00-04:00,0.5570461070022563,0.5595620285503525,0.5404403228429797,0.5464788675308228,14374291,0.0,0.0
2010-07-28 00:00:00-04:00,0.5464789598163023,0.5593105488464387,0.5414468908889705,0.5487433075904846,13399152,0.0,0.0
2010-07-29 00:00:00-04:00,0.5567946062306984,0.5578009029885302,0.531131159144203,0.5364148020744324,17345463,0.0,0.0
2010-07-30 00:00:00-04:00,0.5263509121667209,0.5593107433732484,0.5263509121667209,0.5401890277862549,23414574,0.0,0.0
2010-08-02 00:00:00-04:00,0.551762716427009,0.5686201274275122,0.5479887423910139,0.5640912055969238,16133291,0.0,0.0
2010-08-03 00:00:00-04:00,0.5610717382621905,0.563839459366204,0.5479885752655382,0.5494982004165649,17620002,0.0,0.0
2010-08-04 00:00:00-04:00,0.5505046453381197,0.5522658451574152,0.5424535040165719,0.5472338199615479,13297888,0.0,0.0
2010-08-05 00:00:00-04:00,0.5422018089758917,0.5482403568606764,0.5379246410879021,0.5411955118179321,10977809,0.0,0.0
2010-08-06 00:00:00-04:00,0.5354083083393084,0.5454724005051708,0.5260991187029731,0.5361632108688354,14473305,0.0,0.0
2010-08-09 00:00:00-04:00,0.5404406809462466,0.5459760809893185,0.5323895376732011,0.5449695587158203,13073606,0.0,0.0
2010-08-10 00:00:00-04:00,0.5369180255953651,0.5452209199313083,0.532389329581105,0.5384276509284973,12483272,0.0,0.0
2010-08-11 00:00:00-04:00,0.5263506582294898,0.5306279589882437,0.5152802250703338,0.5182995200157166,18694904,0.0,0.0
2010-08-12 00:00:00-04:00,0.5089900568463435,0.5152801752981679,0.5049645106264309,0.5099965333938599,14688585,0.0,0.0
2010-08-13 00:00:00-04:00,0.5092418534696986,0.5162866949312649,0.5049645527671468,0.5097450017929077,12551532,0.0,0.0
2010-08-16 00:00:00-04:00,0.5054678136358507,0.5165383841032943,0.5024486980430072,0.5069774389266968,12212484,0.0,0.0
2010-08-17 00:00:00-04:00,0.5150287248958623,0.5208155164716968,0.5104998043252877,0.5142738223075867,15776240,0.0,0.0
2010-08-18 00:00:00-04:00,0.5130095688715556,0.5180663769493131,0.50744718398626,0.5140210390090942,16070282,0.013331,0.0
2010-08-19 00:00:00-04:00,0.5094698252281381,0.5107340610918916,0.49682791876552496,0.5016319155693054,16318567,0.0,0.0
2010-08-20 00:00:00-04:00,0.4968281486825467,0.5008735334921692,0.4894958576280657,0.49834519624710083,7413303,0.0,0.0
2010-08-23 00:00:00-04:00,0.501379135639079,0.5034018046244404,0.49531090259552,0.49531090259552,13729949,0.0,0.0
2010-08-24 00:00:00-04:00,0.486461598826338,0.49960930981718027,0.4806463572929804,0.4955637454986572,16251807,0.0,0.0
2010-08-25 00:00:00-04:00,0.49278277827203393,0.50744735946388,0.4920241188846638,0.5046660304069519,12355754,0.0,0.0
2010-08-26 00:00:00-04:00,0.5084587343261177,0.5152854020453795,0.5018848776817322,0.5018848776817322,19277737,0.0,0.0
2010-08-27 00:00:00-04:00,0.5056772841187966,0.5107340922296307,0.4907598968879393,0.5079528093338013,13639937,0.0,0.0
2010-08-30 00:00:00-04:00,0.504665917371596,0.5160437708457681,0.5044131063282812,0.505677342414856,12363255,0.0,0.0
2010-08-31 00:00:00-04:00,0.5056773304369698,0.5261573305528732,0.5039074723056877,0.516802191734314,25012301,0.0,0.0
2010-09-01 00:00:00-04:00,0.5274213692914429,0.54056908021737,0.5269157472325581,0.5382936000823975,21992372,0.0,0.0
2010-09-02 00:00:00-04:00,0.537534853939021,0.54916551495821,0.5339950934398096,0.5489127039909363,13654189,0.0,0.0
2010-09-03 00:00:00-04:00,0.5544753815358919,0.5597850024879883,0.5506828532783367,0.5587735772132874,10163193,0.0,0.0
2010-09-07 00:00:00-04:00,0.5534639109677121,0.5600377677576936,0.5463844320167793,0.5476486682891846,12715055,0.0,0.0
2010-09-08 00:00:00-04:00,0.549418519218018,0.5577622336406958,0.54790142679321,0.5509355664253235,11912441,0.0,0.0
2010-09-09 00:00:00-04:00,0.5572562755990228,0.5590261333700729,0.5461314165660027,0.5501767992973328,14504809,0.0,0.0
2010-09-10 00:00:00-04:00,0.5499238893697095,0.5605430793029056,0.546131318306605,0.5592790246009827,10996561,0.0,0.0
2010-09-13 00:00:00-04:00,0.5645889051915006,0.5724268166919234,0.5620603876524027,0.5688870549201965,15224162,0.0,0.0
2010-09-14 00:00:00-04:00,0.5668641817404105,0.5696452832500667,0.5607959498292264,0.5653471350669861,8725989,0.0,0.0
2010-09-15 00:00:00-04:00,0.5547278987879884,0.567875425609396,0.5532108521145641,0.5653471350669861,12364756,0.0,0.0
2010-09-16 00:00:00-04:00,0.5635774073950963,0.5709096964217313,0.5587734549142832,0.5625659823417664,11602647,0.0,0.0
2010-09-17 00:00:00-04:00,0.5661057014108856,0.5673699374150687,0.5570035548772454,0.5607960820198059,14848358,0.0,0.0
2010-09-20 00:00:00-04:00,0.5615547784111924,0.5759665464516789,0.5587734949676718,0.5731854438781738,15698979,0.0,0.0
2010-09-21 00:00:00-04:00,0.5734381283951926,0.5769778442494257,0.5597847965595986,0.5656000375747681,16511344,0.0,0.0
2010-09-22 00:00:00-04:00,0.5620601360661637,0.5671169427933456,0.5564977526664734,0.5564977526664734,15225662,0.0,0.0
2010-09-23 00:00:00-04:00,0.5506827905898348,0.5532110821837093,0.5370294552858462,0.5385465025901794,11184088,0.0,0.0
2010-09-24 00:00:00-04:00,0.5468901833993752,0.5562451872786347,0.5441089000367538,0.5552337169647217,10993561,0.0,0.0
2010-09-27 00:00:00-04:00,0.5549806838266332,0.5549806838266332,0.5420860137923954,0.5430972576141357,7855865,0.0,0.0
2010-09-28 00:00:00-04:00,0.5430974610256157,0.5479014135879657,0.5337424573860412,0.5466371774673462,11397868,0.0,0.0
2010-09-29 00:00:00-04:00,0.5428445818156771,0.5438560067591789,0.536776529547119,0.5390520095825195,9949413,0.0,0.0
2010-09-30 00:00:00-04:00,0.5438561971624319,0.5501770626622954,0.532225529720213,0.5405692458152771,18406113,0.0,0.0
2010-10-01 00:00:00-04:00,0.5453731953591893,0.5458788175272461,0.5365238578505372,0.5443617701530457,12389509,0.0,0.0
2010-10-04 00:00:00-04:00,0.5413274690843473,0.5496712271592897,0.5400634140403964,0.5468900799751282,11532887,0.0,0.0
2010-10-05 00:00:00-04:00,0.5537167321867031,0.5656002097118468,0.5506828182954179,0.5623132586479187,18562886,0.0,0.0
2010-10-06 00:00:00-04:00,0.561301837945549,0.567875511920408,0.5587733661488923,0.5628188848495483,13660940,0.0,0.0
2010-10-07 00:00:00-04:00,0.567622738504782,0.5693925965316586,0.5638301662111191,0.5658528804779053,11331109,0.0,0.0
2010-10-08 00:00:00-04:00,0.5676228012929653,0.5734382241491824,0.5633246064790273,0.5706568956375122,10932802,0.0,0.0
2010-10-11 00:00:00-04:00,0.570656824807093,0.5744493970495379,0.5683813447661202,0.5714154839515686,5688058,0.0,0.0
2010-10-12 00:00:00-04:00,0.5706568207729247,0.5835515391755824,0.5666114827575747,0.5812760591506958,11007063,0.0,0.0
2010-10-13 00:00:00-04:00,0.5858272262782378,0.5961936080849195,0.577989090214119,0.5787477493286133,18445869,0.0,0.0
2010-10-14 00:00:00-04:00,0.5764721231140558,0.58127612077784,0.571668351537773,0.5752080678939819,11815678,0.0,0.0
2010-10-15 00:00:00-04:00,0.5800118315174909,0.584310161481713,0.5709096399823603,0.5719211101531982,10148191,0.0,0.0
2010-10-18 00:00:00-04:00,0.5711626419116265,0.5805178284645081,0.5711626419116265,0.5805178284645081,7888870,0.0,0.0
2010-10-19 00:00:00-04:00,0.5709096717942107,0.5850686271450373,0.567875577635106,0.5721739530563354,14846858,0.0,0.0
2010-10-20 00:00:00-04:00,0.5734380956012929,0.594676525164585,0.5731852846075877,0.5883554816246033,17505985,0.0,0.0
2010-10-21 00:00:00-04:00,0.5903782762413821,0.5972049432233931,0.5875971738480654,0.5893670320510864,16857143,0.0,0.0
2010-10-22 00:00:00-04:00,0.5911368922365521,0.598216370289879,0.585574506561261,0.5959407091140747,16113038,0.0,0.0
2010-10-25 00:00:00-04:00,0.6020087365902996,0.6106052588570617,0.5989745980919066,0.6027671694755554,19201976,0.0,0.0
2010-10-26 00:00:00-04:00,0.5969520082152718,0.6027672489294151,0.5903781536459336,0.5992274880409241,13079607,0.0,0.0
2010-10-27 00:00:00-04:00,0.5936651737570992,0.5977105118967272,0.5827931240281128,0.5860800743103027,14945122,0.0,0.0
2010-10-28 00:00:00-04:00,0.5906311113391084,0.5921481585563287,0.5782420129784825,0.5820347666740417,17905042,0.0,0.0
2010-10-29 00:00:00-04:00,0.5784950265678854,0.5921481344444031,0.560543316967595,0.5893670320510864,16696621,0.0,0.0
2010-11-01 00:00:00-04:00,0.6020089387893677,0.618696186134256,0.5979635550852282,0.6020089387893677,12192981,0.0,0.0
2010-11-02 00:00:00-04:00,0.6093412100401576,0.6108582571458322,0.5944238213276889,0.5972049236297607,17583997,0.0,0.0
2010-11-03 00:00:00-04:00,0.5999862059937929,0.6040315440519378,0.59518220878851,0.6015032529830933,12458519,0.0,0.0
2010-11-04 00:00:00-04:00,0.6108579828799945,0.6288095029613553,0.6060539874631122,0.6277982592582703,13659439,0.0,0.0
2010-11-05 00:00:00-04:00,0.6277986043996348,0.6452444670030892,0.6227417952769273,0.6432216167449951,15128148,0.0,0.0
2010-11-08 00:00:00-05:00,0.6401875413315531,0.6465084046273097,0.6351307783469545,0.6437273025512695,9950913,0.0,0.0
2010-11-09 00:00:00-05:00,0.6467611626605468,0.6475197765245783,0.6207189620323429,0.6255227327346802,23947900,0.0,0.0
2010-11-10 00:00:00-05:00,0.6283042120411542,0.6384177848358573,0.6272927417179265,0.6323495507240295,13006847,0.0,0.0
2010-11-11 00:00:00-05:00,0.6270397817458008,0.6320965895509826,0.6209717751625545,0.6260285377502441,6855973,0.0,0.0
2010-11-12 00:00:00-05:00,0.6242586267436149,0.6328549686713892,0.6174319616574083,0.6227415800094604,8834004,0.0,0.0
2010-11-15 00:00:00-05:00,0.6252700867553063,0.6326023763303898,0.6166735609864971,0.616926372051239,8901514,0.0,0.0
2010-11-16 00:00:00-05:00,0.612122305546756,0.6149034522136786,0.5886082182702878,0.5966991186141968,13395402,0.0,0.0
2010-11-17 00:00:00-05:00,0.598476478684575,0.6050783068598384,0.5895894878750023,0.5964452028274536,8968273,0.013331,0.0
2010-11-18 00:00:00-05:00,0.6066017929193928,0.6111723451151475,0.6005079201013016,0.6025392413139343,8704986,0.0,0.0
2010-11-19 00:00:00-05:00,0.600507900517797,0.6081252753494241,0.5961912806431069,0.607109546661377,9106293,0.0,0.0
2010-11-22 00:00:00-05:00,0.6040628729763764,0.6111724760386364,0.6025393703880659,0.6068558096885681,7879119,0.0,0.0
2010-11-23 00:00:00-05:00,0.5977147653264258,0.6040627061613405,0.5959373764041742,0.601269543170929,10414479,0.0,0.0
2010-11-24 00:00:00-05:00,0.6071094544073767,0.6215827232246077,0.6063477942367863,0.6203131079673767,6108867,0.0,0.0
2010-11-26 00:00:00-05:00,0.6144731693844568,0.6192974261847708,0.6106643233252319,0.6165044903755188,3388981,0.0,0.0
2010-11-29 00:00:00-05:00,0.6106644713956263,0.61523497879117,0.6020313210328724,0.6137114763259888,8864009,0.0,0.0
2010-11-30 00:00:00-05:00,0.6053322944782578,0.6190437266673234,0.6050784076587754,0.612441897392273,12874078,0.0,0.0
2010-12-01 00:00:00-05:00,0.620059282351731,0.6218366712311869,0.6083791296213935,0.6198053956031799,11676908,0.0,0.0
2010-12-02 00:00:00-05:00,0.6200594401231673,0.6375795374468876,0.6172663218992118,0.6363099217414856,11634902,0.0,0.0
2010-12-03 00:00:00-05:00,0.6319932996136624,0.6429117494426662,0.6276768151103485,0.6393569707870483,10941804,0.0,0.0
2010-12-06 00:00:00-05:00,0.6368175514271047,0.6474819758266633,0.630723724369931,0.6444351077079773,9406336,0.0,0.0
2010-12-07 00:00:00-05:00,0.6525603206914625,0.6563690310954359,0.6434194429678696,0.6439272165298462,9122795,0.0,0.0
2010-12-08 00:00:00-05:00,0.6444353055686561,0.6459586719808663,0.6213289245155353,0.6289464831352234,10649262,0.0,0.0
2010-12-09 00:00:00-05:00,0.6319932803945043,0.6370715614109037,0.6231062432058957,0.6251377463340759,10159442,0.0,0.0
2010-12-10 00:00:00-05:00,0.6258994271544962,0.6434195244782165,0.6258994271544962,0.6363099217414856,6920483,0.0,0.0
2010-12-13 00:00:00-05:00,0.6380876823411908,0.6439276269449468,0.6332632400987257,0.6370719075202942,7246029,0.0,0.0
2010-12-14 00:00:00-05:00,0.6368175710970262,0.6464664487715572,0.6281844675264352,0.6309776306152344,8137905,0.0,0.0
2010-12-15 00:00:00-05:00,0.6286926007473661,0.6383412995149278,0.6185359920790364,0.6195515394210815,8597721,0.0,0.0
2010-12-16 00:00:00-05:00,0.6213286476071257,0.6274227008689138,0.6137112740219425,0.6218366026878357,7408802,0.0,0.0
2010-12-17 00:00:00-05:00,0.6208209016811064,0.6269149552129862,0.6187896261869741,0.6225982904434204,12730808,0.0,0.0
2010-12-20 00:00:00-05:00,0.6233602679775233,0.6358020365257173,0.6231061541594156,0.6347863078117371,6861974,0.0,0.0
2010-12-21 00:00:00-05:00,0.6370716210853642,0.6454508400391957,0.6327551817189053,0.6434195637702942,6853723,0.0,0.0
2010-12-22 00:00:00-05:00,0.642403826955953,0.6528143220513096,0.6416421664793049,0.6449430584907532,7177769,0.0,0.0
2010-12-23 00:00:00-05:00,0.6434195543584889,0.6520526600146929,0.6434195543584889,0.6479901075363159,5178735,0.0,0.0
2010-12-27 00:00:00-05:00,0.646212461444008,0.6540837218592385,0.6454505742222405,0.6525601744651794,3193953,0.0,0.0
2010-12-28 00:00:00-05:00,0.6556073211849892,0.6556073211849892,0.6446890097704348,0.6538299322128296,3818792,0.0,0.0
2010-12-29 00:00:00-05:00,0.6543377181641131,0.6586543381154041,0.6487516189698438,0.6576386094093323,3594510,0.0,0.0
2010-12-30 00:00:00-05:00,0.6576385772976178,0.6609395137915589,0.6538299127051409,0.6584002375602722,5446523,0.0,0.0
2010-12-31 00:00:00-05:00,0.6573846704561268,0.6662716601901202,0.65459155296587,0.6561150550842285,5522284,0.0,0.0
2011-01-03 00:00:00-05:00,0.6611937100116265,0.6675416538064888,0.6589085011045885,0.6672877669334412,7787606,0.0,0.0
2011-01-04 00:00:00-05:00,0.667033325725772,0.6685568732661268,0.649005459368183,0.6515446901321411,8624725,0.0,0.0
2011-01-05 00:00:00-05:00,0.6482437991227545,0.6584002226696918,0.6482437991227545,0.6515446901321411,8041142,0.0,0.0
2011-01-06 00:00:00-05:00,0.6505289254268246,0.6520524274728017,0.642403596318246,0.6464663743972778,8212166,0.0,0.0
2011-01-07 00:00:00-05:00,0.6469743977237332,0.6563691641325055,0.6342786938039093,0.6413882970809937,8236919,0.0,0.0
2011-01-10 00:00:00-05:00,0.6436733635874063,0.6459585717859638,0.6312315937776458,0.6426578164100647,9247313,0.0,0.0
2011-01-11 00:00:00-05:00,0.641134285662364,0.6462126116533802,0.6203132535419809,0.6241219639778137,16533097,0.0,0.0
2011-01-12 00:00:00-05:00,0.6304699729007412,0.6391030780571705,0.6276768092988583,0.631993293762207,9813643,0.0,0.0
2011-01-13 00:00:00-05:00,0.6325010355266574,0.642911526480461,0.625899208720219,0.6297078728675842,11139082,0.0,0.0
2011-01-14 00:00:00-05:00,0.6297079697476873,0.6309776306152344,0.6248835763203241,0.6309776306152344,7818360,0.0,0.0
2011-01-18 00:00:00-05:00,0.6307238830994742,0.6431656541502185,0.6289464483123003,0.6421499252319336,7702844,0.0,0.0
2011-01-19 00:00:00-05:00,0.6426578809231395,0.6439273150222484,0.6225985062516896,0.6238681674003601,5962597,0.0,0.0
2011-01-20 00:00:00-05:00,0.6215829991489085,0.6358022059150173,0.6215829991489085,0.627930760383606,7914374,0.0,0.0
2011-01-21 00:00:00-05:00,0.6319933001297607,0.6319933001297607,0.6228523758508343,0.6274229288101196,5388015,0.0,0.0
2011-01-24 00:00:00-05:00,0.6266611809883479,0.6388491121333807,0.6218369221302864,0.6355481743812561,5124728,0.0,0.0
2011-01-25 00:00:00-05:00,0.6340247086035014,0.6446890891596083,0.6274228800155761,0.6436733603477478,7631584,0.0,0.0
2011-01-26 00:00:00-05:00,0.6472280257922778,0.6520524185989515,0.6388488100633346,0.6484976410865784,7686341,0.0,0.0
2011-01-27 00:00:00-05:00,0.6500211255846271,0.6545914953074328,0.642911525341688,0.6525601744651794,6143372,0.0,0.0
2011-01-28 00:00:00-05:00,0.6523065044597293,0.6561152152756282,0.6319932892884476,0.6325012445449829,8710987,0.0,0.0
2011-01-31 00:00:00-05:00,0.6368176046719146,0.6507829213432779,0.6352941023703391,0.6490055322647095,12207233,0.0,0.0
2011-02-01 00:00:00-05:00,0.6535760454510365,0.6563689814703685,0.6411342318261156,0.6538299322128296,7129012,0.0,0.0
2011-02-02 00:00:00-05:00,0.6535762080139107,0.6573848736673458,0.6457047628325325,0.6479901075363159,6676698,0.0,0.0
2011-02-03 00:00:00-05:00,0.6454508420283258,0.6548456537356468,0.6439273394120406,0.6517987847328186,7505566,0.0,0.0
2011-02-04 00:00:00-05:00,0.6500213213132465,0.6500213213132465,0.6109185309077462,0.6182820200920105,25933432,0.0,0.0
2011-02-07 00:00:00-05:00,0.6180281103577752,0.6203132731175208,0.6114262818201263,0.6170123815536499,11655155,0.0,0.0
2011-02-08 00:00:00-05:00,0.6165046896878098,0.6182820791008965,0.603554917687171,0.6068558096885681,11688910,0.0,0.0
2011-02-09 00:00:00-05:00,0.6045704899588705,0.6104104757442355,0.6033008745243418,0.6086330413818359,8950271,0.0,0.0
2011-02-10 00:00:00-05:00,0.6050783324383887,0.6126958896840401,0.6045705588625478,0.6091411113739014,12418013,0.0,0.0
2011-02-11 00:00:00-05:00,0.6071097316556013,0.6192976622477511,0.6048245684606866,0.617520272731781,9482846,0.0,0.0
2011-02-14 00:00:00-05:00,0.6172664578148356,0.6233605146408081,0.6139655198278339,0.6233605146408081,5808825,0.0,0.0
2011-02-15 00:00:00-05:00,0.6225984178243932,0.6261532414862196,0.6177740240140372,0.6236141920089722,7873868,0.0,0.0
2011-02-16 00:00:00-05:00,0.6284621786279216,0.6307585611955614,0.6223382027727499,0.6292275786399841,8635976,0.015998,0.0
2011-02-17 00:00:00-05:00,0.6251450640927156,0.6312688577058634,0.6231038147659548,0.6241243481636047,6809467,0.0,0.0
2011-02-18 00:00:00-05:00,0.6248900823909178,0.6274416446685791,0.6215729829806437,0.6274416446685791,8196414,0.0,0.0
2011-02-22 00:00:00-05:00,0.6190213476547868,0.6284624719985117,0.6149388472884766,0.6185110807418823,8815252,0.0,0.0
2011-02-23 00:00:00-05:00,0.6192765371386815,0.6259105527570294,0.6090700152626521,0.6149386763572693,7008245,0.0,0.0
2011-02-24 00:00:00-05:00,0.6141733830367814,0.618766149838286,0.599629043482208,0.6067735552787781,11682909,0.0,0.0
2011-02-25 00:00:00-05:00,0.6103457218441397,0.6320343818138338,0.6072837568715411,0.6312687993049622,8509958,0.0,0.0
2011-02-28 00:00:00-05:00,0.6361171020124373,0.6555093392597988,0.6345861191018501,0.6544886231422424,12028708,0.0,0.0
2011-03-01 00:00:00-05:00,0.6562748141463336,0.6570404425873917,0.618511005838029,0.6205523014068604,16206801,0.0,0.0
2011-03-02 00:00:00-05:00,0.6208074921588322,0.6254004418374828,0.6123873125790549,0.6151939630508423,15154402,0.0,0.0
2011-03-03 00:00:00-05:00,0.6231039454403449,0.6320345728328405,0.6228488120374269,0.6282072067260742,11127080,0.0,0.0
2011-03-04 00:00:00-05:00,0.626165694978051,0.6292277063435122,0.6159594011223644,0.6225934624671936,12538030,0.0,0.0
2011-03-07 00:00:00-05:00,0.6246349413520361,0.6274416370067523,0.6065183702566653,0.6126423478126526,7894871,0.0,0.0
2011-03-08 00:00:00-05:00,0.6131527305617737,0.6236143430984231,0.6121321967359649,0.6185110807418823,7917374,0.0,0.0
2011-03-09 00:00:00-05:00,0.6154491056878267,0.6284624633049427,0.6136629889858314,0.6264212131500244,10569001,0.0,0.0
2011-03-10 00:00:00-05:00,0.6177455527649214,0.6228488140672822,0.6126423370954354,0.6180006861686707,8335183,0.0,0.0
2011-03-11 00:00:00-05:00,0.6123870367337096,0.6266760549657376,0.6123870367337096,0.6256552934646606,6857474,0.0,0.0
2011-03-14 00:00:00-04:00,0.6208074074249079,0.6241245068737051,0.6146836122545257,0.617745578289032,6032356,0.0,0.0
2011-03-15 00:00:00-04:00,0.5965672095254408,0.6187661450324817,0.5965672095254408,0.6139182448387146,9032032,0.0,0.0
2011-03-16 00:00:00-04:00,0.6126421899197326,0.6164695551195201,0.601414953865645,0.6070286631584167,12085716,0.0,0.0
2011-03-17 00:00:00-04:00,0.616979954972119,0.6231039322715941,0.610856160204139,0.6200419664382935,10154942,0.0,0.0
2011-03-18 00:00:00-04:00,0.6279518176993134,0.6322896326385014,0.6236141396587338,0.6271864175796509,9647870,0.0,0.0
2011-03-21 00:00:00-04:00,0.6371377154310768,0.6371377154310768,0.625910478807883,0.6322895884513855,8260923,0.0,0.0
2011-03-22 00:00:00-04:00,0.6330550327581639,0.6338206610421738,0.6243795397783963,0.6271864175796509,5506532,0.0,0.0
2011-03-23 00:00:00-04:00,0.6241243888989944,0.6248899715286608,0.6113663516097205,0.6208072900772095,10902798,0.0,0.0
2011-03-24 00:00:00-04:00,0.6241243227042383,0.6264209334510541,0.6144282975319155,0.6243794560432434,9497098,0.0,0.0
2011-03-25 00:00:00-04:00,0.6251451310119875,0.6348412032506228,0.6231038814667191,0.627696692943573,8349435,0.0,0.0
2011-03-28 00:00:00-04:00,0.6299931811648,0.6325446971507194,0.6256553210649769,0.626676082611084,6310646,0.0,0.0
2011-03-29 00:00:00-04:00,0.6256553265447121,0.6310137200732506,0.6149385851204999,0.6289724707603455,6789214,0.0,0.0
2011-03-30 00:00:00-04:00,0.6322897699969853,0.6401996820439599,0.6259106585218864,0.6376481652259827,11708412,0.0,0.0
2011-03-31 00:00:00-04:00,0.6470890281770151,0.6549991223618987,0.6419858122634806,0.6498959064483643,12013706,0.0,0.0
2011-04-01 00:00:00-04:00,0.6544883961391887,0.6549988452866697,0.6437716563806978,0.6483646035194397,7582077,0.0,0.0
2011-04-04 00:00:00-04:00,0.6486200112042263,0.6555093891937996,0.6465787613451142,0.6498959064483643,7344293,0.0,0.0
2011-04-05 00:00:00-04:00,0.6483647842992719,0.6519370623033786,0.6463235347344917,0.649640679359436,9222559,0.0,0.0
2011-04-06 00:00:00-04:00,0.6519371015984406,0.6537232178917156,0.6465787070857425,0.652192234992981,6905480,0.0,0.0
2011-04-07 00:00:00-04:00,0.650406337488797,0.650406337488797,0.6394344113780326,0.6435169577598572,7777104,0.0,0.0
2011-04-08 00:00:00-04:00,0.6463236773075909,0.6488752398264176,0.6386687159538269,0.6386687159538269,6416411,0.0,0.0
2011-04-11 00:00:00-04:00,0.6404550986016763,0.6442825113284596,0.6312691529055819,0.6330552697181702,10834538,0.0,0.0
2011-04-12 00:00:00-04:00,0.631013815775011,0.6407100252790614,0.6302484156158857,0.6333101987838745,11817928,0.0,0.0
2011-04-13 00:00:00-04:00,0.6345861213277082,0.6379032205570331,0.6312689764655095,0.6343309879302979,8773246,0.0,0.0
2011-04-14 00:00:00-04:00,0.6307587868935919,0.6407101314327693,0.6289726703615526,0.6376481652259827,11723414,0.0,0.0
2011-04-15 00:00:00-04:00,0.6394342063038991,0.6419857684536678,0.6353517068642691,0.6407100558280945,12374507,0.0,0.0
2011-04-18 00:00:00-04:00,0.6310138921100145,0.6361171536822023,0.630248491858297,0.6325448751449585,10553248,0.0,0.0
2011-04-19 00:00:00-04:00,0.6335656894209462,0.6468339515690881,0.6335656894209462,0.6445375680923462,8185162,0.0,0.0
2011-04-20 00:00:00-04:00,0.6537231383457007,0.6629088977217522,0.6473440284995681,0.6601022481918335,12388759,0.0,0.0
2011-04-21 00:00:00-04:00,0.6631639003753662,0.6649500617321185,0.6562745251601417,0.6631639003753662,12635544,0.0,0.0
2011-04-25 00:00:00-04:00,0.6641850705607746,0.672094983896936,0.6623989081047404,0.6710744500160217,9203057,0.0,0.0
2011-04-26 00:00:00-04:00,0.6733705715164856,0.692762852446667,0.6687775776137136,0.6825563311576843,21753089,0.0,0.0
2011-04-27 00:00:00-04:00,0.6840872190384673,0.6868940964244602,0.6800047206079604,0.6853631138801575,9421338,0.0,0.0
2011-04-28 00:00:00-04:00,0.6845976619792873,0.7022038288734085,0.6830668615722857,0.6983764171600342,15836999,0.0,0.0
2011-04-29 00:00:00-04:00,0.6876596553285629,0.7060314044724981,0.6820461274237714,0.6879147887229919,18752663,0.0,0.0
2011-05-02 00:00:00-04:00,0.7027143250254272,0.7037348586980878,0.6738809632055845,0.6789842247962952,14867111,0.0,0.0
2011-05-03 00:00:00-04:00,0.6728603550016783,0.6858735268729861,0.6672468271964354,0.6749016046524048,12174979,0.0,0.0
2011-05-04 00:00:00-04:00,0.6756668207949604,0.6782185646948559,0.6639295472343458,0.6695430278778076,9533104,0.0,0.0
2011-05-05 00:00:00-04:00,0.6649500805160079,0.6789839646561024,0.6649500805160079,0.6695430278778076,12434515,0.0,0.0
2011-05-06 00:00:00-04:00,0.6807702255070802,0.6807702255070802,0.6598469614982605,0.6598469614982605,12532779,0.0,0.0
2011-05-09 00:00:00-04:00,0.6606125235557556,0.664439934754034,0.6547438628913567,0.6606125235557556,10444483,0.0,0.0
2011-05-10 00:00:00-04:00,0.6641850727140164,0.6815360653270561,0.6626540437232474,0.6805153489112854,9109293,0.0,0.0
2011-05-11 00:00:00-04:00,0.6774529654229284,0.6792391269062122,0.6654605580311258,0.6675018072128296,9961414,0.0,0.0
2011-05-12 00:00:00-04:00,0.6652056044416887,0.6736259672498547,0.6593369413989031,0.6710744500160217,9433339,0.0,0.0
2011-05-13 00:00:00-04:00,0.6705638897197604,0.672605139120138,0.6616330357137402,0.6662260293960571,7179269,0.0,0.0
2011-05-16 00:00:00-04:00,0.6623988663040087,0.6733707912865101,0.6608678830477028,0.661888599395752,6082614,0.0,0.0
2011-05-17 00:00:00-04:00,0.6595917696678204,0.667246728523256,0.6585712362591196,0.6669914126396179,8938269,0.0,0.0
2011-05-18 00:00:00-04:00,0.6690424241520254,0.679295972659756,0.6651973606528753,0.6775016188621521,6455417,0.015998,0.0
2011-05-19 00:00:00-04:00,0.6795523953527004,0.6882679474113275,0.6736567128614859,0.6805776357650757,8266924,0.0,0.0
2011-05-20 00:00:00-04:00,0.6636592713880018,0.6741691750786818,0.6636592713880018,0.6698113083839417,11257598,0.0,0.0
2011-05-23 00:00:00-04:00,0.6595579385757446,0.6644281961001994,0.6559691854126575,0.6595579385757446,10851791,0.0,0.0
2011-05-24 00:00:00-04:00,0.6626339189368396,0.6659663166003633,0.6546875274138193,0.6575071215629578,6834970,0.0,0.0
2011-05-25 00:00:00-04:00,0.6554564647865534,0.6659663238763378,0.6523805605332812,0.6618649959564209,7866367,0.0,0.0
2011-05-26 00:00:00-04:00,0.6605830615360081,0.674425359963865,0.657763422369318,0.6713492274284363,6336900,0.0,0.0
2011-05-27 00:00:00-04:00,0.6749379439180492,0.6762196772002056,0.6680167950736593,0.6739127039909363,4440630,0.0,0.0
2011-05-31 00:00:00-04:00,0.680321322233441,0.685191810131073,0.6736567094665319,0.685191810131073,11480380,0.0,0.0
2011-06-01 00:00:00-04:00,0.6841662030169644,0.6841662030169644,0.6585324491054674,0.660070538520813,10856291,0.0,0.0
2011-06-02 00:00:00-04:00,0.6613522568183468,0.667247983407459,0.6490480002123985,0.6498169302940369,14610574,0.0,0.0
2011-06-03 00:00:00-04:00,0.6400764503332238,0.6613525293695578,0.6395636466941678,0.6564820408821106,10409978,0.0,0.0
2011-06-06 00:00:00-04:00,0.6557127633629396,0.6595580103587712,0.6464846381749297,0.6472537517547607,10554749,0.0,0.0
2011-06-07 00:00:00-04:00,0.6518677570132934,0.668017033679629,0.6493044270633452,0.6618649959564209,11022815,0.0,0.0
2011-06-08 00:00:00-04:00,0.6590451016360058,0.6690423853465983,0.6580198614530244,0.6664788722991943,16882647,0.0,0.0
2011-06-09 00:00:00-04:00,0.6690423571873296,0.6690423571873296,0.6590450738975121,0.661352276802063,14838607,0.0,0.0
2011-06-10 00:00:00-04:00,0.6580199160802371,0.6598143157660604,0.6431521901462666,0.6459720134735107,19451012,0.0,0.0
2011-06-13 00:00:00-04:00,0.6464847820791598,0.6523806943113947,0.641870787223101,0.6467410922050476,8855757,0.0,0.0
2011-06-14 00:00:00-04:00,0.6546873249904331,0.6610956707355533,0.6516111925052176,0.6551999449729919,7642835,0.0,0.0
2011-06-15 00:00:00-04:00,0.6482789958855445,0.653662103326397,0.6367438966360954,0.6398198008537292,10036425,0.0,0.0
2011-06-16 00:00:00-04:00,0.6444339421879581,0.6505861170272019,0.6280283107088503,0.6434086561203003,12355004,0.0,0.0
2011-06-17 00:00:00-04:00,0.6505860090255737,0.6544310718184653,0.6441775251940992,0.6505860090255737,13083358,0.0,0.0
2011-06-20 00:00:00-04:00,0.6487916308156286,0.6677605423565224,0.6482788274348307,0.6662224531173706,10994311,0.0,0.0
2011-06-21 00:00:00-04:00,0.6692986689604066,0.6749380857073544,0.6634029421778355,0.6687860488891602,10608006,0.0,0.0
2011-06-22 00:00:00-04:00,0.6664788614954196,0.6690423745012684,0.6572507372882922,0.6577635407447815,10116686,0.0,0.0
2011-06-23 00:00:00-04:00,0.6482788879971835,0.6498169315366993,0.6331550376896748,0.6454592943191528,13236379,0.0,0.0
2011-06-24 00:00:00-04:00,0.6459718962304931,0.6503295333256423,0.6362309235249473,0.6413577198982239,12812569,0.0,0.0
2011-06-27 00:00:00-04:00,0.640588797854244,0.6482788779020988,0.6400761778068207,0.645715594291687,9289319,0.0,0.0
2011-06-28 00:00:00-04:00,0.6490480073829692,0.6564817775907832,0.6436649007888108,0.6557126641273499,10977059,0.0,0.0
2011-06-29 00:00:00-04:00,0.660070678873456,0.6618650328601341,0.654943881157706,0.6593015193939209,8942020,0.0,0.0
2011-06-30 00:00:00-04:00,0.661095941944487,0.666222693993098,0.65417497337754,0.6544312834739685,9346327,0.0,0.0
2011-07-01 00:00:00-04:00,0.6564818260280739,0.66904239372676,0.6513550290856888,0.6680169701576233,9493348,0.0,0.0
2011-07-05 00:00:00-04:00,0.6672480703544215,0.6775016188621521,0.6636593169158831,0.6775016188621521,8105651,0.0,0.0
2011-07-06 00:00:00-04:00,0.6757073879599481,0.687242488868703,0.6731438742976135,0.6862172484397888,9260065,0.0,0.0
2011-07-07 00:00:00-04:00,0.6959579592133003,0.7051860846982831,0.6939072493799707,0.7033917307853699,15699729,0.0,0.0
2011-07-08 00:00:00-04:00,0.6941635388015762,0.6990340260845582,0.6905748310825349,0.6964705586433411,8381690,0.0,0.0
2011-07-11 00:00:00-04:00,0.6887804572475308,0.6936508985459319,0.6854480138512584,0.6880115270614624,7723847,0.0,0.0
2011-07-12 00:00:00-04:00,0.6862170206386408,0.7051859335400761,0.6857042172210621,0.6951888799667358,10487239,0.0,0.0
2011-07-13 00:00:00-04:00,0.6987775819915393,0.700059132093022,0.6816028852120949,0.6818591952323914,11403869,0.0,0.0
2011-07-14 00:00:00-04:00,0.685191574560246,0.6864733080019443,0.67314362861753,0.6762197613716125,8546713,0.0,0.0
2011-07-15 00:00:00-04:00,0.6803213354462596,0.6882679573098923,0.6744256528702544,0.6877551078796387,7804858,0.0,0.0
2011-07-18 00:00:00-04:00,0.6851916172383389,0.6885240602136693,0.6733999805748467,0.682628333568573,9821895,0.0,0.0
2011-07-19 00:00:00-04:00,0.6846790160120079,0.6982648232567212,0.6839099025286128,0.695701539516449,13131364,0.0,0.0
2011-07-20 00:00:00-04:00,0.7008282264646983,0.713901412443929,0.6946760068084264,0.7090309262275696,10154942,0.0,0.0
2011-07-21 00:00:00-04:00,0.7128762824512979,0.7208226734276841,0.712107168919292,0.7169776558876038,10734774,0.0,0.0
2011-07-22 00:00:00-04:00,0.7172339659405003,0.7192846297369887,0.712107168919292,0.7169776558876038,8158908,0.0,0.0
2011-07-25 00:00:00-04:00,0.7098001435260417,0.7149268943316295,0.7041607268085603,0.7108253836631775,6377405,0.0,0.0
2011-07-26 00:00:00-04:00,0.7090306977671943,0.7121068295258153,0.7046730621981906,0.7087743878364563,9794891,0.0,0.0
2011-07-27 00:00:00-04:00,0.7056988787656099,0.7082621628754098,0.6864734686054528,0.6869860887527466,12541781,0.0,0.0
2011-07-28 00:00:00-04:00,0.6846792356138163,0.6992904710649819,0.6798087473911929,0.6900623440742493,9141548,0.0,0.0
2011-07-29 00:00:00-04:00,0.6805774099249131,0.7056987256655831,0.6757071528355533,0.699802815914154,22520447,0.0,0.0
2011-08-01 00:00:00-04:00,0.7098002092268852,0.7139015369016632,0.6936508876824723,0.7000592350959778,16122039,0.0,0.0
2011-08-02 00:00:00-04:00,0.6941633162821101,0.7121069866553296,0.6759633817649141,0.676476001739502,19351998,0.0,0.0
2011-08-03 00:00:00-04:00,0.6785267348680388,0.6785267348680388,0.6575069757366894,0.6762197613716125,20701439,0.0,0.0
2011-08-04 00:00:00-04:00,0.6662225821597421,0.6731437329382393,0.6349494549247843,0.636231005191803,18745912,0.0,0.0
2011-08-05 00:00:00-04:00,0.6485353180270175,0.6493044316257379,0.607008593209411,0.6200817823410034,34406635,0.0,0.0
2011-08-08 00:00:00-04:00,0.601881702389629,0.6129041791543521,0.5636873841285706,0.5636873841285706,42708814,0.0,0.0
2011-08-09 00:00:00-04:00,0.5772732868887228,0.6108536178949923,0.5618931246903707,0.6093155741691589,43255641,0.0,0.0
2011-08-10 00:00:00-04:00,0.5934225396815627,0.6298226925160264,0.5898338322512121,0.5977804064750671,29617955,0.0,0.0
2011-08-11 00:00:00-04:00,0.6026508645730997,0.6503295741450074,0.5952169108020952,0.6403325200080872,23708616,0.0,0.0
2011-08-12 00:00:00-04:00,0.6480225835427842,0.6552000437167136,0.630847886119345,0.6318733096122742,17088926,0.0,0.0
2011-08-15 00:00:00-04:00,0.6382819424779089,0.663915654352566,0.635205809033752,0.6634030342102051,15654723,0.0,0.0
2011-08-16 00:00:00-04:00,0.6567379504471326,0.6746816200653019,0.6480224485362144,0.6682730913162231,21020985,0.0,0.0
2011-08-17 00:00:00-04:00,0.6723939147330928,0.6814072198363943,0.6623503978741184,0.6726514101028442,12780315,0.015998,0.0
2011-08-18 00:00:00-04:00,0.6484443006922482,0.6579725963644448,0.6373706183312124,0.6435512900352478,20849960,0.0,0.0
2011-08-19 00:00:00-04:00,0.6329927903430088,0.6468991050996677,0.6193439709358951,0.6208891272544861,22120641,0.0,0.0
2011-08-22 00:00:00-04:00,0.6347954482106328,0.638400751582115,0.6126484991116286,0.6242369413375854,14059246,0.0,0.0
2011-08-23 00:00:00-04:00,0.6273273722174155,0.6376283388679217,0.6190865528416749,0.6363406777381897,19021201,0.0,0.0
2011-08-24 00:00:00-04:00,0.6353104648887423,0.6528220838686379,0.6304176385015919,0.6523070931434631,12205733,0.0,0.0
2011-08-25 00:00:00-04:00,0.6577148491515413,0.664925499555086,0.6250094500967056,0.6306748986244202,13462161,0.0,0.0
2011-08-26 00:00:00-04:00,0.6268120416448107,0.6471563303690306,0.6118755675021462,0.644323468208313,14729091,0.0,0.0
2011-08-29 00:00:00-04:00,0.6546246894138683,0.6685310038931457,0.6515343768383272,0.6682735085487366,8881261,0.0,0.0
2011-08-30 00:00:00-04:00,0.6662132891873311,0.6731662614502056,0.653079462168286,0.6693034172058105,11824679,0.0,0.0
2011-08-31 00:00:00-04:00,0.6757415655152406,0.6865575659630289,0.6672432531317939,0.68423992395401,13388651,0.0,0.0
2011-09-01 00:00:00-04:00,0.6875877631377202,0.6891327350674658,0.6718787984162927,0.6731662750244141,12112720,0.0,0.0
2011-09-02 00:00:00-04:00,0.6559123610471267,0.6729088029642165,0.6553973703860757,0.6623502969741821,11953697,0.0,0.0
2011-09-06 00:00:00-04:00,0.6386583403614066,0.6618354584804765,0.6386583403614066,0.6564275026321411,13666190,0.0,0.0
2011-09-07 00:00:00-04:00,0.667243350856273,0.695055980144393,0.6590027167969416,0.6940258145332336,16547349,0.0,0.0
2011-09-08 00:00:00-04:00,0.6875879601281403,0.7009791023488434,0.6837249304778141,0.6932534575462341,10560749,0.0,0.0
2011-09-09 00:00:00-04:00,0.6842399875865524,0.692995796094014,0.6654406636265241,0.6711061596870422,15830248,0.0,0.0
2011-09-12 00:00:00-04:00,0.6610626524475866,0.6814069429931027,0.6608051571824508,0.6796042919158936,20401397,0.0,0.0
2011-09-13 00:00:00-04:00,0.6814069462933238,0.6896477619791893,0.6736813053614839,0.6878451108932495,21201760,0.0,0.0
2011-09-14 00:00:00-04:00,0.692223148865711,0.692223148865711,0.672908833596717,0.6819221377372742,26588275,0.0,0.0
2011-09-15 00:00:00-04:00,0.6888752249462119,0.6929957487228998,0.6821797480086009,0.6917080879211426,16533097,0.0,0.0
2011-09-16 00:00:00-04:00,0.692480556806418,0.7014938598093597,0.6803770798098921,0.68423992395401,17295206,0.0,0.0
2011-09-19 00:00:00-04:00,0.6726510975101583,0.677029115480726,0.6662131175388801,0.6687882542610168,14177013,0.0,0.0
2011-09-20 00:00:00-04:00,0.6721362166958068,0.6796043631074147,0.6644105749920894,0.6656980514526367,10548748,0.0,0.0
2011-09-21 00:00:00-04:00,0.6664709000855153,0.667758376890954,0.6216618253910641,0.6229493021965027,18377609,0.0,0.0
2011-09-22 00:00:00-04:00,0.605437731880473,0.6167686766127253,0.5899862635747806,0.5984845757484436,22747730,0.0,0.0
2011-09-23 00:00:00-04:00,0.5953943549099756,0.6082705047084704,0.5907588857161187,0.605695366859436,17606500,0.0,0.0
2011-09-26 00:00:00-04:00,0.6082705451832798,0.6126485653610154,0.5959093852878046,0.6116183996200562,11781173,0.0,0.0
2011-09-27 00:00:00-04:00,0.6265544347099625,0.6301597369589621,0.5989994930774198,0.6041499972343445,19544775,0.0,0.0
2011-09-28 00:00:00-04:00,0.6067253055477985,0.611875811159515,0.5822607147656161,0.583290696144104,18126324,0.0,0.0
2011-09-29 00:00:00-04:00,0.5966821115817008,0.5987422588763819,0.5763376274103609,0.5889562368392944,17396470,0.0,0.0
2011-09-30 00:00:00-04:00,0.5807156397956823,0.588441284769481,0.5693845065423982,0.569642186164856,14467304,0.0,0.0
2011-10-03 00:00:00-04:00,0.5634613662039166,0.5727321653805649,0.532816105504845,0.5333310961723328,18061814,0.0,0.0
2011-10-04 00:00:00-04:00,0.5240602576211274,0.5724746270347161,0.5171071011918983,0.5706719756126404,24003408,0.0,0.0
2011-10-05 00:00:00-04:00,0.5701570952259576,0.571444756268213,0.5384816652259236,0.562688946723938,17621502,0.0,0.0
2011-10-06 00:00:00-04:00,0.5601134812390464,0.578140086440791,0.5534180047650894,0.5776250958442688,14878362,0.0,0.0
2011-10-07 00:00:00-04:00,0.5802004138679966,0.5822607913940897,0.5541906633737513,0.556250810623169,20230372,0.0,0.0
2011-10-10 00:00:00-04:00,0.5683544130783409,0.5822607278823853,0.5657790450761438,0.5822607278823853,13375149,0.0,0.0
2011-10-11 00:00:00-04:00,0.5763374175662036,0.5809728854574727,0.5639762619667914,0.5701569318771362,13995487,0.0,0.0
2011-10-12 00:00:00-04:00,0.5765949881196745,0.5966819722151457,0.5735048139547587,0.5861234664916992,13916726,0.0,0.0
2011-10-13 00:00:00-04:00,0.5783976610705952,0.5897288374078588,0.5665517243428101,0.5848358273506165,13927227,0.0,0.0
2011-10-14 00:00:00-04:00,0.5941066341184315,0.6033774334076739,0.5861234957348553,0.601317286491394,10612507,0.0,0.0
2011-10-17 00:00:00-04:00,0.5956517606424226,0.5961667512904708,0.5822606681887352,0.5861234664916992,14804852,0.0,0.0
2011-10-18 00:00:00-04:00,0.5866384905554426,0.6152236049124851,0.5830331873711398,0.6093006134033203,15459695,0.0,0.0
2011-10-19 00:00:00-04:00,0.6067253384142957,0.6165113134232649,0.602604998179183,0.6064678430557251,16794134,0.0,0.0
2011-10-20 00:00:00-04:00,0.605695391163669,0.6180565507326287,0.5971970766892588,0.6162538528442383,18881681,0.0,0.0
2011-10-21 00:00:00-04:00,0.6201166204572344,0.6353104114532471,0.619343950213132,0.6353104114532471,14136507,0.0,0.0
2011-10-24 00:00:00-04:00,0.6345379912581084,0.659517759184084,0.6317051277160428,0.6561699509620667,17770023,0.0,0.0
2011-10-25 00:00:00-04:00,0.6507619242006644,0.6561699254300583,0.6407184538700773,0.6494742631912231,18718158,0.0,0.0
2011-10-26 00:00:00-04:00,0.6582300821297384,0.6646682491050182,0.6417486288984551,0.6608054041862488,14866361,0.0,0.0
2011-10-27 00:00:00-04:00,0.6870727628366781,0.6996914184620171,0.6785746321234467,0.6901630759239197,21279771,0.0,0.0
2011-10-28 00:00:00-04:00,0.6932532336857897,0.7020090414639694,0.6324777080289959,0.644581139087677,32330340,0.0,0.0
2011-10-31 00:00:00-04:00,0.6170262618681235,0.6425210639398589,0.6136784539934114,0.6353104114532471,30563839,0.0,0.0
2011-11-01 00:00:00-04:00,0.6149661668683728,0.6226918106894643,0.5966820617940358,0.5974545478820801,39809652,0.0,0.0
2011-11-02 00:00:00-04:00,0.6077554063195,0.6175411955332125,0.594364083946398,0.6051800847053528,27200362,0.0,0.0
2011-11-03 00:00:00-04:00,0.6131635151082737,0.6134210104709551,0.5858660591227767,0.5974545478820801,33616773,0.0,0.0
2011-11-04 00:00:00-04:00,0.5938490389505511,0.5946217090525828,0.5688692782090244,0.5868958830833435,43788967,0.0,0.0
2011-11-07 00:00:00-05:00,0.5879261247610474,0.5961667581653788,0.5786553258274386,0.5943641066551208,15009631,0.0,0.0
2011-11-08 00:00:00-05:00,0.598999694716543,0.6085279901456156,0.5858660497694989,0.6064678430557251,23967403,0.0,0.0
2011-11-09 00:00:00-05:00,0.5915316440807467,0.5943642777142154,0.5680970295368927,0.569642186164856,22762732,0.0,0.0
2011-11-10 00:00:00-05:00,0.5778827416419768,0.5886986983687861,0.5753076037674338,0.5876687169075012,19448761,0.0,0.0
2011-11-11 00:00:00-05:00,0.5956518502727461,0.6134210106832008,0.59178905138853,0.605695366859436,17415973,0.0,0.0
2011-11-14 00:00:00-05:00,0.5979693012605644,0.6013171080892645,0.5807153226514251,0.5838056802749634,11769171,0.0,0.0
2011-11-15 00:00:00-05:00,0.5809730208536218,0.5881836736060666,0.5722172117773209,0.5822607278823853,11022815,0.0,0.0
2011-11-16 00:00:00-05:00,0.5757880902887766,0.5871797263492633,0.5737169510793272,0.5822606086730957,17693512,0.015998,0.0
2011-11-17 00:00:00-05:00,0.5799306449136494,0.5814838605372644,0.5618078513266239,0.5669856071472168,16193299,0.0,0.0
2011-11-18 00:00:00-05:00,0.5708691460233707,0.5711280152476759,0.5561118407977108,0.5571475028991699,23618603,0.0,0.0
2011-11-21 00:00:00-05:00,0.5480862633521159,0.5519696732278417,0.5416137437886394,0.546273946762085,18856927,0.0,0.0
2011-11-22 00:00:00-05:00,0.5457559628992137,0.5498982865122274,0.5400600537889547,0.5421314239501953,11428623,0.0,0.0
2011-11-23 00:00:00-05:00,0.5364356348979551,0.5377301662992462,0.5273742391963538,0.5304810404777527,13945230,0.0,0.0
2011-11-25 00:00:00-05:00,0.528151100531204,0.5434259618709967,0.5258210918704692,0.5322933793067932,3722028,0.0,0.0
2011-11-28 00:00:00-05:00,0.5483450122545898,0.5506750206275874,0.5234907870575296,0.5281510353088379,19802812,0.0,0.0
2011-11-29 00:00:00-05:00,0.5302223638401851,0.5333292125512007,0.5221966273851394,0.5253032445907593,13137365,0.0,0.0
2011-11-30 00:00:00-05:00,0.5517107678285261,0.5698336084354474,0.5462739110163427,0.5638790130615234,38283185,0.0,0.0
2011-12-01 00:00:00-05:00,0.5633609953592268,0.5664677966201924,0.5545586541591755,0.563102126121521,16881897,0.0,0.0
2011-12-02 00:00:00-05:00,0.5687978237445926,0.5755292112652572,0.5654323383390463,0.5667266845703125,14064497,0.0,0.0
2011-12-05 00:00:00-05:00,0.5765650295087333,0.5765650295087333,0.5623256891756604,0.5675036311149597,11829930,0.0,0.0
2011-12-06 00:00:00-05:00,0.5656912989443252,0.5656912989443252,0.5555942391831871,0.560772180557251,9628367,0.0,0.0
2011-12-07 00:00:00-05:00,0.5594775306198152,0.5685389261085354,0.5517106665019734,0.5654323101043701,7423054,0.0,0.0
2011-12-08 00:00:00-05:00,0.5607722016758956,0.5618079103724978,0.5442028071753173,0.546273946762085,10627509,0.0,0.0
2011-12-09 00:00:00-05:00,0.549121843648489,0.5695748833704949,0.549121843648489,0.567244827747345,14150759,0.0,0.0
2011-12-12 00:00:00-05:00,0.5592187708866583,0.5612899103630649,0.5480862341472267,0.5542996525764465,9318573,0.0,0.0
2011-12-13 00:00:00-05:00,0.5576651490742595,0.5625842654358958,0.5379889151329739,0.5421314239501953,10406978,0.0,0.0
2011-12-14 00:00:00-05:00,0.5410960483576681,0.5519697172599107,0.5366948532341554,0.5493808388710022,14175513,0.0,0.0
2011-12-15 00:00:00-05:00,0.5574065094038952,0.5685390463172758,0.5537819226614079,0.560772180557251,11094825,0.0,0.0
2011-12-16 00:00:00-05:00,0.564655489017159,0.5708691374249061,0.5589597642544597,0.5643966197967529,13539422,0.0,0.0
2011-12-19 00:00:00-05:00,0.5651733751639201,0.567762438453094,0.558183302472361,0.560772180557251,9584111,0.0,0.0
2011-12-20 00:00:00-05:00,0.5706100790083045,0.5835550678729894,0.5693156866142708,0.58277827501297,12361755,0.0,0.0
2011-12-21 00:00:00-05:00,0.5838141031426055,0.5897686987776856,0.5788950309774924,0.587956428527832,8301429,0.0,0.0
2011-12-22 00:00:00-05:00,0.590804350824888,0.5990889551494724,0.5895098191821077,0.595205545425415,6595686,0.0,0.0
2011-12-23 00:00:00-05:00,0.5957231898076958,0.5970177212457906,0.5866617938484776,0.5941699743270874,5681307,0.0,0.0
2011-12-27 00:00:00-05:00,0.5931343310585805,0.6006423265724641,0.5892508755235927,0.593652069568634,5443523,0.0,0.0
2011-12-28 00:00:00-05:00,0.5941700404711193,0.5949466482978768,0.581742926210936,0.5845906734466553,5796073,0.0,0.0
2011-12-29 00:00:00-05:00,0.5871797549463451,0.5962411514827237,0.5858852234257959,0.5928754806518555,4471385,0.0,0.0
2011-12-30 00:00:00-05:00,0.5939110707710215,0.5972767422426312,0.5920987540778717,0.5931344628334045,6436664,0.0,0.0
2012-01-03 00:00:00-05:00,0.6053024593046643,0.610998184175397,0.5967588025469758,0.6009011268615723,8963773,0.0,0.0
2012-01-04 00:00:00-05:00,0.5983123577435776,0.5988300963280252,0.587956428527832,0.587956428527832,9047785,0.0,0.0
2012-01-05 00:00:00-05:00,0.5864032226091762,0.5985714261219461,0.5838142973204974,0.5983125567436218,7139514,0.0,0.0
2012-01-06 00:00:00-05:00,0.5967588519990225,0.6016779696014427,0.5918397343966022,0.5941699743270874,6099866,0.0,0.0
2012-01-09 00:00:00-05:00,0.59313437522931,0.5965000462038207,0.5861441177049154,0.5871797800064087,6298644,0.0,0.0
2012-01-10 00:00:00-05:00,0.5936520350348227,0.5967588363229368,0.5908042418898638,0.5926165580749512,11862934,0.0,0.0
2012-01-11 00:00:00-05:00,0.5908042762580138,0.5949466010480283,0.588992006268566,0.593652069568634,9956164,0.0,0.0
2012-01-12 00:00:00-05:00,0.6001245813194314,0.6034902520054839,0.5794126797956862,0.5799306035041809,16089034,0.0,0.0
2012-01-13 00:00:00-05:00,0.5744937352629167,0.5858851859451968,0.5744937352629167,0.5851085782051086,17932796,0.0,0.0
2012-01-17 00:00:00-05:00,0.5926166851696758,0.6014192135387171,0.5900275755051653,0.5988301038742065,13557425,0.0,0.0
2012-01-18 00:00:00-05:00,0.59960677548847,0.6107393096061503,0.5988299363140198,0.6102213859558105,12204233,0.0,0.0
2012-01-19 00:00:00-05:00,0.6099625704582533,0.6213542063076567,0.6089270934748442,0.6151405572891235,15494950,0.0,0.0
2012-01-20 00:00:00-05:00,0.6135871320541223,0.6172117183340798,0.6091859843101501,0.6164351105690002,16009523,0.0,0.0
2012-01-23 00:00:00-05:00,0.6159174406391035,0.6275677159391413,0.615399516867121,0.6182474493980408,11020565,0.0,0.0
2012-01-24 00:00:00-05:00,0.6135872381160947,0.6226486822317773,0.611516098513614,0.6169529557228088,11550890,0.0,0.0
2012-01-25 00:00:00-05:00,0.615658210586207,0.6330043923026138,0.6143638645360568,0.6319689154624939,9281068,0.0,0.0
2012-01-26 00:00:00-05:00,0.6363703595036231,0.6454317577475065,0.6361114901915859,0.6407715082168579,14176263,0.0,0.0
2012-01-27 00:00:00-05:00,0.6405125358020783,0.6415481980878187,0.6317100082871673,0.6379236578941345,10460985,0.0,0.0
2012-01-30 00:00:00-05:00,0.6317098474268299,0.6324866402443984,0.6234252457665385,0.6278263926506042,11625151,0.0,0.0
2012-01-31 00:00:00-05:00,0.6319691191902513,0.6368880524760506,0.6249788611480231,0.635852575302124,17953799,0.0,0.0
2012-02-01 00:00:00-05:00,0.6402534821412385,0.6428425908088684,0.6358523354039654,0.6428425908088684,11644653,0.0,0.0
2012-02-02 00:00:00-05:00,0.6425837913311183,0.6436195001051548,0.6361115027891078,0.6402537822723389,8701986,0.0,0.0
2012-02-03 00:00:00-05:00,0.6467259873545947,0.6498327880561126,0.6397357320772332,0.6477614641189575,13453160,0.0,0.0
2012-02-06 00:00:00-05:00,0.6443959129177645,0.6480204526690686,0.639476980671539,0.643360435962677,25218581,0.0,0.0
2012-02-07 00:00:00-05:00,0.6399949712452602,0.6462084373370993,0.6387004393372315,0.6449140906333923,18390361,0.0,0.0
2012-02-08 00:00:00-05:00,0.6462083496673531,0.6601888664074154,0.6425837626789898,0.6596711277961731,18226088,0.0,0.0
2012-02-09 00:00:00-05:00,0.6578588500707341,0.6604477747854783,0.6500919833243476,0.6534577012062073,14957874,0.0,0.0
2012-02-10 00:00:00-05:00,0.6487972077797931,0.6547518018383403,0.6472438072334403,0.649056077003479,8074896,0.0,0.0
2012-02-13 00:00:00-05:00,0.6537164611990465,0.6573410014945941,0.6495739508428682,0.6511273980140686,8410944,0.0,0.0
2012-02-14 00:00:00-05:00,0.6490560600497043,0.6490560600497043,0.6353344173167518,0.638441264629364,9074038,0.0,0.0
2012-02-15 00:00:00-05:00,0.6384415332335721,0.6436195216642853,0.6340403379846754,0.6415483355522156,12135223,0.0,0.0
2012-02-16 00:00:00-05:00,0.6441563182170887,0.6519800160994185,0.6425915506567021,0.6506760120391846,9902906,0.023997,0.0
2012-02-17 00:00:00-05:00,0.6540661209978601,0.6639763437665119,0.6532838307242461,0.6605859994888306,13515419,0.0,0.0
2012-02-21 00:00:00-05:00,0.6616290693543274,0.6642371234221243,0.6478072549602979,0.6511975526809692,18863678,0.0,0.0
2012-02-22 00:00:00-05:00,0.6509366458278448,0.6553702307652436,0.637114783877993,0.6378970742225647,12144224,0.0,0.0
2012-02-23 00:00:00-05:00,0.6376364571016934,0.6488505005836487,0.6376364571016934,0.6488505005836487,9563108,0.0,0.0
2012-02-24 00:00:00-05:00,0.6514583406968374,0.6647586753708349,0.6483288062889725,0.6644979119300842,10532995,0.0,0.0
2012-02-27 00:00:00-05:00,0.6587606413964173,0.6676275795886775,0.6538055287150292,0.6629332304000854,10038675,0.0,0.0
2012-02-28 00:00:00-05:00,0.6650195017996604,0.667366746107595,0.6467640537041724,0.6472855806350708,12643045,0.0,0.0
2012-02-29 00:00:00-05:00,0.6493721868419199,0.6530232489197252,0.6438955470853449,0.6478074193000793,11202841,0.0,0.0
2012-03-01 00:00:00-05:00,0.6465034879199398,0.6525016557775293,0.6376365479463337,0.6402446031570435,14071248,0.0,0.0
2012-03-02 00:00:00-05:00,0.6405050961123294,0.6457209244909985,0.6373755151333872,0.6412873864173889,11712163,0.0,0.0
2012-03-05 00:00:00-05:00,0.641287533353358,0.6584998828824259,0.6394619556906508,0.6551095843315125,9881903,0.0,0.0
2012-03-06 00:00:00-05:00,0.6496329294526739,0.6605861619738,0.6412875183777926,0.6420699954032898,15147651,0.0,0.0
2012-03-07 00:00:00-05:00,0.6457211972843914,0.6459819608295743,0.6355502530253683,0.6402446031570435,9895405,0.0,0.0
2012-03-08 00:00:00-05:00,0.6431129280870597,0.644416931844019,0.6326811778705256,0.6342459917068481,14468054,0.0,0.0
2012-03-09 00:00:00-05:00,0.6347676632766116,0.6511975311963766,0.6347676632766116,0.6475464701652527,9044034,0.0,0.0
2012-03-12 00:00:00-04:00,0.6498935849620329,0.6624115828948351,0.6467640038590811,0.660325288772583,11672407,0.0,0.0
2012-03-13 00:00:00-04:00,0.6772767836197509,0.682753423087489,0.6673667918168354,0.67910236120224,15606716,0.0,0.0
2012-03-14 00:00:00-04:00,0.6798845785725733,0.6832748766100958,0.6723216454918276,0.6762334704399109,9322324,0.0,0.0
2012-03-15 00:00:00-04:00,0.6759726849799561,0.6783199757598061,0.6715393332656292,0.672843337059021,12011455,0.0,0.0
2012-03-16 00:00:00-04:00,0.6731038458254254,0.6783197191059034,0.6720606058735531,0.6772764325141907,13096859,0.0,0.0
2012-03-19 00:00:00-04:00,0.6767553760141689,0.6874478933522018,0.6733650770142738,0.6817103028297424,6328649,0.0,0.0
2012-03-20 00:00:00-04:00,0.6764943081601982,0.6845787668095279,0.6762333581887955,0.6788414120674133,7297036,0.0,0.0
2012-03-21 00:00:00-04:00,0.6793630240298486,0.6819710315954527,0.674407912262888,0.6751903891563416,5243995,0.0,0.0
2012-03-22 00:00:00-04:00,0.6691922462304472,0.6712785870576512,0.6551094806267143,0.66110759973526,7137263,0.0,0.0
2012-03-23 00:00:00-04:00,0.6613685086697599,0.6718002617403087,0.6603254546263659,0.6673668622970581,7102758,0.0,0.0
2012-03-26 00:00:00-04:00,0.6749295783192333,0.6764943454368342,0.6665841692386466,0.6731040477752686,5159233,0.0,0.0
2012-03-27 00:00:00-04:00,0.6746688888307105,0.6843181161005877,0.6723216446173627,0.6764944195747375,8365188,0.0,0.0
2012-03-28 00:00:00-04:00,0.6764943246328099,0.6764943246328099,0.6644978548332177,0.6699744462966919,8362937,0.0,0.0
2012-03-29 00:00:00-04:00,0.6655411676712604,0.6757119215331642,0.660846819310851,0.672843337059021,8515209,0.0,0.0
2012-03-30 00:00:00-04:00,0.677798182259993,0.6895339359829459,0.6757118882290536,0.6887514591217041,9662872,0.0,0.0
2012-04-02 00:00:00-04:00,0.685883001922926,0.699444055557251,0.6832749473414043,0.699444055557251,10197698,0.0,0.0
2012-04-03 00:00:00-04:00,0.697096903483864,0.7004872480541936,0.6913595013306821,0.695271372795105,8280426,0.0,0.0
2012-04-04 00:00:00-04:00,0.6879690530903132,0.6981399912994032,0.6864042861904766,0.6965752243995667,9476095,0.0,0.0
2012-04-05 00:00:00-04:00,0.6942282373740112,0.6976185358168966,0.6858830129296228,0.6869260668754578,6319647,0.0,0.0
2012-04-09 00:00:00-04:00,0.6780591266225187,0.6819711854936037,0.6746690145172877,0.6767553091049194,7146265,0.0,0.0
2012-04-10 00:00:00-04:00,0.6751904997636391,0.6783200813711262,0.656413569797101,0.6595429182052612,10544997,0.0,0.0
2012-04-11 00:00:00-04:00,0.6673667499417135,0.6681490403425555,0.661107633857328,0.6676275134086609,5114976,0.0,0.0
2012-04-12 00:00:00-04:00,0.6678882672410368,0.6830141338610842,0.6634547286885468,0.6822318434715271,8642727,0.0,0.0
2012-04-13 00:00:00-04:00,0.6780592266541099,0.6809280453748688,0.6723218690518429,0.6757121682167053,7579076,0.0,0.0
2012-04-16 00:00:00-04:00,0.6811886434998852,0.6910988216858125,0.6791023491110969,0.6861437559127808,7494314,0.0,0.0
2012-04-17 00:00:00-04:00,0.6916204018469182,0.6921419288443706,0.684318231004839,0.6858830451965332,8292427,0.0,0.0
2012-04-18 00:00:00-04:00,0.6830140735951791,0.6861436546360178,0.6793630123138428,0.6793630123138428,9781389,0.0,0.0
2012-04-19 00:00:00-04:00,0.6806671086031366,0.68588298443386,0.6746689423455381,0.6759727597236633,20386394,0.0,0.0
2012-04-20 00:00:00-04:00,0.6785809275007334,0.6864046259530149,0.6785809275007334,0.683275043964386,24496978,0.0,0.0
2012-04-23 00:00:00-04:00,0.6775376666020717,0.6819712529185349,0.6746690812202699,0.6817103028297424,13945230,0.0,0.0
2012-04-24 00:00:00-04:00,0.6918810564591019,0.7028343343183544,0.6861437007116479,0.7012695670127869,14328534,0.0,0.0
2012-04-25 00:00:00-04:00,0.7077896066995994,0.709093610842933,0.7010089623857731,0.7080503702163696,9162551,0.0,0.0
2012-04-26 00:00:00-04:00,0.7070068060540569,0.7111796270064328,0.6963145266167757,0.7088323831558228,12155476,0.0,0.0
2012-04-27 00:00:00-04:00,0.7096149724275486,0.7109189762668496,0.7023128027827055,0.70857173204422,8791998,0.0,0.0
2012-04-30 00:00:00-04:00,0.7059640288828548,0.709093610842933,0.7010089623857731,0.7080503702163696,7560323,0.0,0.0
2012-05-01 00:00:00-04:00,0.709354454259242,0.7197861621018123,0.7067463990389408,0.7143093347549438,11255348,0.0,0.0
2012-05-02 00:00:00-04:00,0.7090935048043182,0.7098757952376443,0.7038776289305836,0.7064854502677917,8527961,0.0,0.0
2012-05-03 00:00:00-04:00,0.7075288107231779,0.7111798729094242,0.7043992289066769,0.7070070505142212,12903332,0.0,0.0
2012-05-04 00:00:00-04:00,0.7046600315085703,0.7148310213969487,0.697097096571783,0.708311140537262,21770341,0.0,0.0
2012-05-07 00:00:00-04:00,0.705963834003361,0.7195249323280247,0.705963834003361,0.7174386382102966,6221383,0.0,0.0
2012-05-08 00:00:00-04:00,0.7140483054000086,0.7184818903523774,0.7109189574517218,0.7132660150527954,9786640,0.0,0.0
2012-05-09 00:00:00-04:00,0.7023127359369938,0.7286525942349202,0.7015302590841133,0.7231760025024414,14537814,0.0,0.0
2012-05-10 00:00:00-04:00,0.7286525542001614,0.7296958410667286,0.7197858051505865,0.7242192029953003,7640585,0.0,0.0
2012-05-11 00:00:00-04:00,0.7088327327581948,0.7190036769419952,0.7041385692207398,0.7163958549499512,48466631,0.0,0.0
2012-05-14 00:00:00-04:00,0.7093541759702894,0.7210896969395698,0.7093541759702894,0.7098757028579712,14907617,0.0,0.0
2012-05-15 00:00:00-04:00,0.7119620024589981,0.7153523470137956,0.7038775427600013,0.7075286507606506,11023565,0.0,0.0
2012-05-16 00:00:00-04:00,0.7140921300640395,0.7140921300640395,0.7004402660133316,0.7009654641151428,11866685,0.023997,0.0
2012-05-17 00:00:00-04:00,0.698864826473743,0.7014902527366269,0.6778622145438274,0.6783872246742249,12912333,0.0,0.0
2012-05-18 00:00:00-04:00,0.6783874692178576,0.687051125471075,0.6731367556534104,0.6760247349739075,10147441,0.0,0.0
2012-05-21 00:00:00-04:00,0.6791751770116434,0.6888888539686504,0.6749744840586134,0.6865261197090149,9983167,0.0,0.0
2012-05-22 00:00:00-04:00,0.6873135633344949,0.6970272392759287,0.6849508293218853,0.6891512870788574,10788782,0.0,0.0
2012-05-23 00:00:00-04:00,0.6852134167431605,0.6996527972007078,0.6789124945941539,0.6972900629043579,12001704,0.0,0.0
2012-05-24 00:00:00-04:00,0.699915283764188,0.7033282264379407,0.691776825671949,0.7022780179977417,7557323,0.0,0.0
2012-05-25 00:00:00-04:00,0.7035904578664928,0.7075284562768978,0.6983397933192863,0.7012277245521545,9514351,0.0,0.0
2012-05-29 00:00:00-04:00,0.7054283690678831,0.7224929853069747,0.7041156087658771,0.7180299758911133,22125891,0.0,0.0
2012-05-30 00:00:00-04:00,0.7109416935100287,0.7117292090074172,0.7035907506942749,0.7035907506942749,13501167,0.0,0.0
2012-05-31 00:00:00-04:00,0.7051660608289104,0.715929947088531,0.695977346517348,0.7106792330741882,23738620,0.0,0.0
2012-06-01 00:00:00-04:00,0.6954519803708465,0.7017527118911107,0.6867883278074866,0.6886260509490967,15834748,0.0,0.0
2012-06-04 00:00:00-04:00,0.6896762449246119,0.6904639950239774,0.6775998358884999,0.6823253035545349,14358539,0.0,0.0
2012-06-05 00:00:00-04:00,0.6789124971737039,0.6996527998590614,0.6778624765071234,0.697027325630188,8276675,0.0,0.0
2012-06-06 00:00:00-04:00,0.7049035217018776,0.7125169697959894,0.6996528079403838,0.7122544646263123,12079715,0.0,0.0
2012-06-07 00:00:00-04:00,0.7196051196710729,0.7211803378644895,0.7059532599623703,0.7072659730911255,14354038,0.0,0.0
2012-06-08 00:00:00-04:00,0.7043781339478105,0.7146170542274309,0.7020154000937173,0.713304340839386,16329819,0.0,0.0
2012-06-11 00:00:00-04:00,0.7198678536912786,0.7217055775338488,0.6999152557170281,0.7009654641151428,10995811,0.0,0.0
2012-06-12 00:00:00-04:00,0.703328153187044,0.7117291155630024,0.6946644978742587,0.7114666104316711,11622150,0.0,0.0
2012-06-13 00:00:00-04:00,0.7088411693650598,0.7133041778885528,0.6978147832061982,0.7012277245521545,10005671,0.0,0.0
2012-06-14 00:00:00-04:00,0.7038533648585367,0.7201305187623954,0.7022781458143016,0.7172425389289856,7245279,0.0,0.0
2012-06-15 00:00:00-04:00,0.7198680197197249,0.7217057439861428,0.7125170757026652,0.7190802693367004,11604148,0.0,0.0
2012-06-18 00:00:00-04:00,0.7185550573112192,0.7322069206801951,0.7138295892694468,0.7266937494277954,7681841,0.0,0.0
2012-06-19 00:00:00-04:00,0.7301065789986186,0.7335193330324336,0.7235431534631714,0.7285313606262207,7355544,0.0,0.0
2012-06-20 00:00:00-04:00,0.7298439332764172,0.7343071305389952,0.723018190010729,0.7290564179420471,7991635,0.0,0.0
2012-06-21 00:00:00-04:00,0.7154046971699621,0.7159298953021406,0.6978150670744259,0.6996527910232544,96570211,0.0,0.0
2012-06-22 00:00:00-04:00,0.707266171974986,0.7088413906113554,0.6867885644590589,0.6978150010108948,29954003,0.0,0.0
2012-06-25 00:00:00-04:00,0.6899389388637076,0.699127603226736,0.6870509602377591,0.6951894164085388,14610574,0.0,0.0
2012-06-26 00:00:00-04:00,0.6975523633106305,0.7009653050732573,0.6891511675456271,0.6957145929336548,12166727,0.0,0.0
2012-06-27 00:00:00-04:00,0.6980775809284809,0.6999153049001883,0.6904641329236735,0.6949270963668823,10272709,0.0,0.0
2012-06-28 00:00:00-04:00,0.6915137732285987,0.7009651278119944,0.6844253394559221,0.7004399299621582,12133723,0.0,0.0
2012-06-29 00:00:00-04:00,0.7114668427674754,0.7130421088267499,0.7056911645756007,0.7096291184425354,19051955,0.0,0.0
2012-07-02 00:00:00-04:00,0.7133043205121108,0.7185549861091759,0.7054283690678831,0.7180299758911133,20625678,0.0,0.0
2012-07-03 00:00:00-04:00,0.7196054584308446,0.7232809066772461,0.7151422598628094,0.7232809066772461,10694268,0.0,0.0
2012-07-05 00:00:00-04:00,0.7214433113789294,0.7264315212141622,0.7156675858383599,0.7185553312301636,10639511,0.0,0.0
2012-07-06 00:00:00-04:00,0.7109418812382392,0.7209181131031352,0.7098916724922207,0.7185553312301636,11685909,0.0,0.0
2012-07-09 00:00:00-04:00,0.7209177535827321,0.7251183986663818,0.7164547442489881,0.7251183986663818,10602005,0.0,0.0
2012-07-10 00:00:00-04:00,0.7280063711538903,0.7287940744684449,0.7096289903671135,0.7122544646263123,11083574,0.0,0.0
2012-07-11 00:00:00-04:00,0.711466548824768,0.71776746960447,0.7067410812589979,0.713829517364502,14486057,0.0,0.0
2012-07-12 00:00:00-04:00,0.7114664837642602,0.7269561148586613,0.7075285318844007,0.7227556109428406,14715589,0.0,0.0
2012-07-13 00:00:00-04:00,0.7235434276228829,0.736670095862168,0.7232809224289283,0.735882580280304,9531603,0.0,0.0
2012-07-16 00:00:00-04:00,0.7332570931557973,0.7385078073125092,0.7280064259504698,0.7364075779914856,9411586,0.0,0.0
2012-07-17 00:00:00-04:00,0.7390325459742793,0.7429707327358748,0.7282688511857852,0.7421830296516418,10969557,0.0,0.0
2012-07-18 00:00:00-04:00,0.7387702525931046,0.7398204610712207,0.7324695181895927,0.7343072891235352,11615399,0.0,0.0
2012-07-19 00:00:00-04:00,0.7379825573133182,0.7379825573133182,0.7151420309225053,0.7251183986663818,15255666,0.0,0.0
2012-07-20 00:00:00-04:00,0.7206554729360355,0.7266938903866832,0.7156674518403049,0.7193429470062256,14223519,0.0,0.0
2012-07-23 00:00:00-04:00,0.7125168916374225,0.7180300630124531,0.7088413971026932,0.7151421308517456,9425838,0.0,0.0
2012-07-24 00:00:00-04:00,0.7156672830480887,0.715929788172138,0.7028031234284914,0.7080536484718323,11418121,0.0,0.0
2012-07-25 00:00:00-04:00,0.7112041520326007,0.7138296260807951,0.7009654652590571,0.7098914384841919,6284392,0.0,0.0
2012-07-26 00:00:00-04:00,0.7203926892314604,0.7203926892314604,0.7033280276375176,0.7075285315513611,8743241,0.0,0.0
2012-07-27 00:00:00-04:00,0.7112040374884463,0.7211804522635262,0.7112040374884463,0.7140920162200928,9664372,0.0,0.0
2012-07-30 00:00:00-04:00,0.7143547380165824,0.7274814058545673,0.7133045294673299,0.7256436347961426,7525819,0.0,0.0
2012-07-31 00:00:00-04:00,0.7243309020486856,0.7290566056393636,0.7180301673837719,0.720130443572998,11937945,0.0,0.0
2012-08-01 00:00:00-04:00,0.7227556917850605,0.7290564248878633,0.7106790480018872,0.7109415531158447,12281494,0.0,0.0
2012-08-02 00:00:00-04:00,0.7091039823904467,0.7143546961694357,0.7004403257832363,0.7056910395622253,15425190,0.0,0.0
2012-08-03 00:00:00-04:00,0.7109416457238259,0.7148796455084948,0.6986025421707615,0.7009654641151428,10048427,0.0,0.0
2012-08-06 00:00:00-04:00,0.7038532748189704,0.7070037594558061,0.6933518941197583,0.7028032541275024,11707662,0.0,0.0
2012-08-07 00:00:00-04:00,0.7035905654814837,0.7054283359151835,0.6904639490570966,0.6951894164085388,7970632,0.0,0.0
2012-08-08 00:00:00-04:00,0.6930892926008634,0.6936144906791151,0.6836381217124474,0.6867885589599609,7632334,0.0,0.0
2012-08-09 00:00:00-04:00,0.684950935123374,0.6899391438100962,0.6810129349408649,0.6854759454727173,7387049,0.0,0.0
2012-08-10 00:00:00-04:00,0.6828506995483363,0.6881011786038264,0.6810129285858763,0.6836382150650024,8711737,0.0,0.0
2012-08-13 00:00:00-04:00,0.6841630678375591,0.685213276090095,0.6783873450109452,0.6825878024101257,4718170,0.0,0.0
2012-08-14 00:00:00-04:00,0.6839004879569619,0.6852132011777463,0.6818002125356182,0.6833754777908325,10622258,0.0,0.0
2012-08-15 00:00:00-04:00,0.6836400979212717,0.6876085417714964,0.6751740875284532,0.6852275133132935,6150123,0.026663,0.0
2012-08-16 00:00:00-04:00,0.6849631004981552,0.6934291124343872,0.6786133904575566,0.6934291124343872,18642397,0.0,0.0
2012-08-17 00:00:00-04:00,0.6931644069087934,0.6989850400665306,0.6918417185441949,0.6979267001152039,10446733,0.0,0.0
2012-08-20 00:00:00-04:00,0.6950163141221553,0.6976621165113726,0.691312408425832,0.6952810883522034,7270032,0.0,0.0
2012-08-21 00:00:00-04:00,0.695545530086988,0.6989848976534941,0.6923706528246016,0.69713294506073,6148623,0.0,0.0
2012-08-22 00:00:00-04:00,0.6947519368434659,0.7058637511273093,0.691312568008701,0.7050701379776001,10364222,0.0,0.0
2012-08-23 00:00:00-04:00,0.7024243226906628,0.70850949441896,0.6995142185996208,0.7063930034637451,9751385,0.0,0.0
2012-08-24 00:00:00-04:00,0.7053345186697482,0.7127423774381697,0.7008369526550509,0.7106258869171143,5811825,0.0,0.0
2012-08-27 00:00:00-04:00,0.7116840375478235,0.7145943303015477,0.7045409056967162,0.7106258869171143,6450166,0.0,0.0
2012-08-28 00:00:00-04:00,0.707980084506158,0.7156526701918939,0.7055990563274254,0.7106258869171143,6075113,0.0,0.0
2012-08-29 00:00:00-04:00,0.7111547831095126,0.7116838582916057,0.7053343410128227,0.7058634161949158,4666413,0.0,0.0
2012-08-30 00:00:00-04:00,0.7011017078242938,0.7050701997548314,0.7008371700845456,0.7026891708374023,3844296,0.0,0.0
2012-08-31 00:00:00-04:00,0.7066574229840848,0.7066574229840848,0.6952811204003256,0.7005722522735596,9055286,0.0,0.0
2012-09-04 00:00:00-04:00,0.6995142411307549,0.7066575639369057,0.6968684854067604,0.7061282992362976,6743457,0.0,0.0
2012-09-05 00:00:00-04:00,0.7201503463606855,0.7381408970607622,0.7037472111091205,0.7071865797042847,8007387,0.0,0.0
2012-09-06 00:00:00-04:00,0.7114194984594483,0.7135359889762474,0.707980083082377,0.7130069136619568,11619900,0.0,0.0
2012-09-07 00:00:00-04:00,0.7143298600766735,0.7206793795541441,0.7130069824037703,0.7198857665061951,8128154,0.0,0.0
2012-09-10 00:00:00-04:00,0.7169753844134072,0.717769233989699,0.7053345441818237,0.7053345441818237,9882653,0.0,0.0
2012-09-11 00:00:00-04:00,0.7040118471913536,0.7093031696726209,0.701895308735862,0.7029536962509155,7977383,0.0,0.0
2012-09-12 00:00:00-04:00,0.7040118698397196,0.707451239026174,0.6997788401074813,0.7037473320960999,10007921,0.0,0.0
2012-09-13 00:00:00-04:00,0.7053345184431659,0.7122133018940231,0.7032180279227904,0.7093029618263245,12031708,0.0,0.0
2012-09-14 00:00:00-04:00,0.7122135658442033,0.7291457801718321,0.7116843010732332,0.7254418730735779,8565466,0.0,0.0
2012-09-17 00:00:00-04:00,0.7264999993938777,0.7315267843590769,0.7251773106606941,0.7259709239006042,6342150,0.0,0.0
2012-09-18 00:00:00-04:00,0.7233251224757246,0.7278226888377399,0.7138007724507436,0.7190919518470764,7219775,0.0,0.0
2012-09-19 00:00:00-04:00,0.7182985420810181,0.7230607894135261,0.7151236632110864,0.7185630798339844,11519386,0.0,0.0
2012-09-20 00:00:00-04:00,0.7140652598020835,0.7145943351210063,0.6926352963253201,0.6950163245201111,16135541,0.0,0.0
2012-09-21 00:00:00-04:00,0.6984558907097203,0.7050701379776001,0.6910480302921314,0.7050701379776001,30361311,0.0,0.0
2012-09-24 00:00:00-04:00,0.7003075857486046,0.704805340365711,0.6947516806554099,0.69713294506073,11549390,0.0,0.0
2012-09-25 00:00:00-04:00,0.6995141572116595,0.7005723079665679,0.6846984379358393,0.6852275133132935,12431515,0.0,0.0
2012-09-26 00:00:00-04:00,0.6860212928478292,0.6931646165303949,0.6849631418361524,0.6865505576133728,7479312,0.0,0.0
2012-09-27 00:00:00-04:00,0.6894606597035069,0.69872047400074,0.6860212433294843,0.6899899244308472,9808393,0.0,0.0
2012-09-28 00:00:00-04:00,0.6881378520088454,0.6931644466014533,0.6844338985416623,0.687608540058136,11433123,0.0,0.0
2012-10-01 00:00:00-04:00,0.6907833890233104,0.6907833890233104,0.6696181510692877,0.6741157174110413,10289961,0.0,0.0
2012-10-02 00:00:00-04:00,0.6746447911622339,0.6767612818321694,0.6698826871548788,0.6764967441558838,11282352,0.0,0.0
2012-10-03 00:00:00-04:00,0.6786131762350271,0.6820525915639982,0.670147166971319,0.6730573177337646,14118505,0.0,0.0
2012-10-04 00:00:00-04:00,0.6770260365908217,0.6788779896605786,0.6659142708573661,0.6688243746757507,8551964,0.0,0.0
2012-10-05 00:00:00-04:00,0.6719991794211652,0.6767612834398328,0.6688243487788947,0.6741157174110413,8011888,0.0,0.0
2012-10-08 00:00:00-04:00,0.6725281841879499,0.6725281841879499,0.6645912976749623,0.6706762313842773,10550998,0.0,0.0
2012-10-09 00:00:00-04:00,0.6735865945546641,0.6746447451876977,0.6698826415048623,0.6727927923202515,16691370,0.0,0.0
2012-10-10 00:00:00-04:00,0.6709408125329934,0.6839045776290051,0.6706762748666937,0.6828464269638062,19921328,0.0,0.0
2012-10-11 00:00:00-04:00,0.686550311941697,0.686550311941697,0.6725282073470837,0.6727927923202515,19779558,0.0,0.0
2012-10-12 00:00:00-04:00,0.6714702001970464,0.6764968426122575,0.6696182469338658,0.6733222007751465,8956272,0.0,0.0
2012-10-15 00:00:00-04:00,0.6757031052900297,0.6812590113734499,0.6675014440256187,0.6804651618003845,8826503,0.0,0.0
2012-10-16 00:00:00-04:00,0.6817882980326173,0.687344158523219,0.6804653727171577,0.686815083026886,8778496,0.0,0.0
2012-10-17 00:00:00-04:00,0.6862860198604536,0.6873441708721304,0.6807301592700348,0.6865505576133728,9629867,0.0,0.0
2012-10-18 00:00:00-04:00,0.6846983716895108,0.7024241930859694,0.6836400317773402,0.7018951177597046,9086040,0.0,0.0
2012-10-19 00:00:00-04:00,0.7013660279704055,0.7143297926438704,0.6989849997916728,0.7106258869171143,22278913,0.0,0.0
2012-10-22 00:00:00-04:00,0.7103611703363729,0.7111547831095126,0.7018949264951412,0.7058634161949158,14771847,0.0,0.0
2012-10-23 00:00:00-04:00,0.6987202645046742,0.7050699725663261,0.6963392363544629,0.7011014819145203,11420371,0.0,0.0
2012-10-24 00:00:00-04:00,0.7024242040079227,0.706657421777696,0.697662147478213,0.7053345441818237,14439550,0.0,0.0
2012-10-25 00:00:00-04:00,0.7093031924912111,0.7106261177839331,0.698191424386064,0.7037473320960999,13887472,0.0,0.0
2012-10-26 00:00:00-04:00,0.7032179731866954,0.7032179731866954,0.6928997751560885,0.6973975300788879,5766069,0.0,0.0
2012-10-31 00:00:00-04:00,0.7011016567132151,0.707715714818758,0.6966039476862973,0.7061282992362976,9875902,0.0,0.0
2012-11-01 00:00:00-04:00,0.706657288744204,0.7143296840034292,0.7016304589190319,0.712742269039154,11481130,0.0,0.0
2012-11-02 00:00:00-04:00,0.7151234988314153,0.7177693015872452,0.6894605511119726,0.692106306552887,31816517,0.0,0.0
2012-11-05 00:00:00-05:00,0.6884023914704951,0.693164448387304,0.6809945318319582,0.6862858533859253,12628043,0.0,0.0
2012-11-06 00:00:00-05:00,0.6905187954593207,0.6958101636632108,0.6849628895999268,0.6952810883522034,14660832,0.0,0.0
2012-11-07 00:00:00-05:00,0.6907836075335961,0.6955459023183348,0.6876087285721278,0.6910481452941895,8671231,0.0,0.0
2012-11-08 00:00:00-05:00,0.6891960913838604,0.6905189692539657,0.6799362301826477,0.6799362301826477,9557107,0.0,0.0
2012-11-09 00:00:00-05:00,0.6778196250027909,0.6815235783225218,0.6714701056480408,0.6714701056480408,8443199,0.0,0.0
2012-11-12 00:00:00-05:00,0.6730574986046547,0.6730574986046547,0.6656496379640136,0.6704118847846985,6058610,0.0,0.0
2012-11-13 00:00:00-05:00,0.6661787263845665,0.6712053203399342,0.6616809711637183,0.6680306792259216,6557431,0.0,0.0
2012-11-14 00:00:00-05:00,0.6736310547204133,0.6736310547204133,0.6466963735992942,0.6496299505233765,6540929,0.026663,0.0
2012-11-15 00:00:00-05:00,0.649363363288182,0.6530968422492193,0.6413628672713075,0.6480299234390259,9296070,0.0,0.0
2012-11-16 00:00:00-05:00,0.6496300679338504,0.6536301970481873,0.641896411850672,0.6536301970481873,6810217,0.0,0.0
2012-11-19 00:00:00-05:00,0.6605636695655458,0.663763704953409,0.6522965259644461,0.6568301916122437,6771211,0.0,0.0
2012-11-20 00:00:00-05:00,0.657096848194292,0.661363625679413,0.6520298830063479,0.6600301861763,6565682,0.0,0.0
2012-11-21 00:00:00-05:00,0.6600303313965035,0.6613637711930006,0.6517633766611693,0.6533634662628174,8438698,0.0,0.0
2012-11-23 00:00:00-05:00,0.6565636582031156,0.6597636464653006,0.6530967816865607,0.6584303975105286,2753641,0.0,0.0
2012-11-26 00:00:00-05:00,0.6552301112681538,0.66483050371803,0.6552301112681538,0.662430465221405,10213450,0.0,0.0
2012-11-27 00:00:00-05:00,0.6597635257869826,0.6794978482640783,0.654429910938594,0.6717641949653625,14771097,0.0,0.0
2012-11-28 00:00:00-05:00,0.6698976068928232,0.6725642956859992,0.6621639518521132,0.6682974696159363,12309248,0.0,0.0
2012-11-29 00:00:00-05:00,0.6784310775631154,0.6824313961201829,0.6677640383376922,0.673630952835083,26279231,0.0,0.0
2012-11-30 00:00:00-05:00,0.6754974250927089,0.6784308096439678,0.667230284571714,0.668563723564148,10977809,0.0,0.0
2012-12-03 00:00:00-05:00,0.6704307942227518,0.6738976226128219,0.6661639688672383,0.6674972176551819,8100400,0.0,0.0
2012-12-04 00:00:00-05:00,0.6682973378370201,0.6776310806214478,0.6666972485683336,0.673630952835083,9668873,0.0,0.0
2012-12-05 00:00:00-05:00,0.6741642697232695,0.675231059520144,0.6674972150342193,0.6690973043441772,8809251,0.0,0.0
2012-12-06 00:00:00-05:00,0.6738976113765976,0.6794978761973871,0.671230923074465,0.6792312264442444,9514351,0.0,0.0
2012-12-07 00:00:00-05:00,0.6810980467099915,0.6832314357602519,0.6789646576597311,0.6794979572296143,6525176,0.0,0.0
2012-12-10 00:00:00-05:00,0.6794978594544774,0.6837646369410377,0.6770977732719495,0.6797645092010498,6492172,0.0,0.0
2012-12-11 00:00:00-05:00,0.6829647066112534,0.6864315826467624,0.6789645787605099,0.6816312670707703,7888120,0.0,0.0
2012-12-12 00:00:00-05:00,0.6834978890714222,0.6888315032419537,0.6792311121974008,0.6840311884880066,7264031,0.0,0.0
2012-12-13 00:00:00-05:00,0.6845649785345526,0.6861651159485536,0.6792314097204316,0.6800313591957092,6520676,0.0,0.0
2012-12-14 00:00:00-05:00,0.6781644387279377,0.684564795905692,0.6781644387279377,0.6816312670707703,3943310,0.0,0.0
2012-12-17 00:00:00-05:00,0.6845649659449657,0.6904318819940646,0.6832315260732692,0.6877650022506714,9113044,0.0,0.0
2012-12-18 00:00:00-05:00,0.688031641747069,0.6957652950478872,0.688031641747069,0.6954986453056335,6914482,0.0,0.0
2012-12-19 00:00:00-05:00,0.6962989109740501,0.6986989505157575,0.6930986833785548,0.6973657011985779,7789856,0.0,0.0
2012-12-20 00:00:00-05:00,0.6976321353888821,0.7120328451141041,0.694965256037421,0.7117660045623779,12135973,0.0,0.0
2012-12-21 00:00:00-05:00,0.7082994398123996,0.7181664842751019,0.7066993024976781,0.7128328680992126,14827355,0.0,0.0
2012-12-24 00:00:00-05:00,0.712299562224103,0.7186997775779559,0.7088327332019421,0.7173663377761841,3628265,0.0,0.0
2012-12-26 00:00:00-05:00,0.7181664842751019,0.7224332627533664,0.7117660780942741,0.7128328680992126,7489813,0.0,0.0
2012-12-27 00:00:00-05:00,0.7133662102587652,0.7210998659435411,0.7114994707168562,0.7197666168212891,9188055,0.0,0.0
2012-12-28 00:00:00-05:00,0.7170994592271349,0.7218997265198619,0.7136325836181641,0.7136325836181641,5118727,0.0,0.0
2012-12-31 00:00:00-05:00,0.7130994607458274,0.72163325548172,0.7101661223161858,0.72163325548172,8300679,0.0,0.0
2013-01-02 00:00:00-05:00,0.732833758072533,0.736833886266142,0.7240333138914797,0.7299001812934875,11806676,0.0,0.0
2013-01-03 00:00:00-05:00,0.7296332483050316,0.737900437416183,0.728033159494528,0.7322999835014343,8245921,0.0,0.0
2013-01-04 00:00:00-05:00,0.7341674889694744,0.7347007887346548,0.7285670306591889,0.732033908367157,9051535,0.0,0.0
2013-01-07 00:00:00-05:00,0.7293669613018773,0.7363006670308856,0.7293669613018773,0.7341672778129578,5088722,0.0,0.0
2013-01-08 00:00:00-05:00,0.7325672965531751,0.7384342131555621,0.7299003688655851,0.731500506401062,4781929,0.0,0.0
2013-01-09 00:00:00-05:00,0.7341673587630284,0.7395007847032314,0.7315004788685084,0.7344340085983276,6616689,0.0,0.0
2013-01-10 00:00:00-05:00,0.7352340884998353,0.7387009662078033,0.727500431128828,0.732033908367157,8083898,0.0,0.0
2013-01-11 00:00:00-05:00,0.7333669428586974,0.7344337325697173,0.7240332005846959,0.7266998887062073,9186554,0.0,0.0
2013-01-14 00:00:00-05:00,0.7256334670450276,0.7344339119988976,0.7235000778724728,0.7307004332542419,7807859,0.0,0.0
2013-01-15 00:00:00-05:00,0.7299002062086272,0.7357671215035827,0.7275001673646809,0.7349671721458435,6880727,0.0,0.0
2013-01-16 00:00:00-05:00,0.7344339018141357,0.7416342570960539,0.7325671624676949,0.74083411693573,7086256,0.0,0.0
2013-01-17 00:00:00-05:00,0.7413672568376164,0.7445674352481183,0.737900619458717,0.7387005686759949,10926051,0.0,0.0
2013-01-18 00:00:00-05:00,0.740834032037009,0.740834032037009,0.7336336775802431,0.7357670664787292,7163517,0.0,0.0
2013-01-22 00:00:00-05:00,0.7333669423107233,0.7360338212009343,0.7331002925758406,0.7347003817558289,9387583,0.0,0.0
2013-01-23 00:00:00-05:00,0.7357671496371823,0.745901081899107,0.7336337604975746,0.7448342442512512,9925409,0.0,0.0
2013-01-24 00:00:00-05:00,0.7461677299959042,0.7480344693351516,0.741367413671983,0.7424342036247253,8758243,0.0,0.0
2013-01-25 00:00:00-05:00,0.7445676629416433,0.7480345398441047,0.7413674835525063,0.7464344501495361,5227492,0.0,0.0
2013-01-28 00:00:00-05:00,0.7456344304049007,0.7477678195396499,0.7371005877098007,0.7424342036247253,5790072,0.0,0.0
2013-01-29 00:00:00-05:00,0.7437676086754306,0.7520345627259475,0.7429674685555173,0.7475011348724365,6937735,0.0,0.0
2013-01-30 00:00:00-05:00,0.7456343574106556,0.7456343574106556,0.7352337763944782,0.7360339164733887,6621190,0.0,0.0
2013-01-31 00:00:00-05:00,0.7336336454155689,0.7352337347119594,0.7253666922573648,0.7275000810623169,13479414,0.0,0.0
2013-02-01 00:00:00-05:00,0.7296334551988879,0.7435008636937013,0.7291001557010477,0.7304334044456482,20173364,0.0,0.0
2013-02-04 00:00:00-05:00,0.7280334218451883,0.73790070332257,0.7251000836110946,0.7360339164733887,13328642,0.0,0.0
2013-02-05 00:00:00-05:00,0.738167355483214,0.738167355483214,0.7237666463379842,0.7240332961082458,25230582,0.0,0.0
2013-02-06 00:00:00-05:00,0.7210996237259293,0.7443007737577388,0.7210996237259293,0.7347003817558289,12735308,0.0,0.0
2013-02-07 00:00:00-05:00,0.7355003738677174,0.7379006508557449,0.7269667710782013,0.735233724117279,13380400,0.0,0.0
2013-02-08 00:00:00-05:00,0.7307005223313493,0.7645686757329628,0.7272336452716012,0.7619017958641052,13516169,0.0,0.0
2013-02-11 00:00:00-05:00,0.7619017682967899,0.7736357436005203,0.7619017682967899,0.7712357044219971,19169722,0.0,0.0
2013-02-12 00:00:00-05:00,0.7699020991706603,0.7776357531547546,0.7675020128149561,0.7776357531547546,11693410,0.0,0.0
2013-02-13 00:00:00-05:00,0.7805932999214096,0.7827443926982462,0.7719888807256077,0.7770977020263672,5794573,0.031995,0.0
2013-02-14 00:00:00-05:00,0.7749468823659239,0.7805936234667549,0.7733335140261222,0.7789802551269531,7429805,0.0,0.0
2013-02-15 00:00:00-05:00,0.7803246444242677,0.7830134630203247,0.7762913203532464,0.7830134630203247,6636192,0.0,0.0
2013-02-19 00:00:00-05:00,0.785433691543484,0.7964582617988325,0.7832825981079261,0.7953826189041138,10839789,0.0,0.0
2013-02-20 00:00:00-05:00,0.7937691050488719,0.808289319693105,0.7937691050488719,0.7986092567443848,12815570,0.0,0.0
2013-02-21 00:00:00-05:00,0.7956514815393235,0.8018359472992572,0.7889292905089703,0.7953826189041138,10822537,0.0,0.0
2013-02-22 00:00:00-05:00,0.7967270132427597,0.8023737529442144,0.7959202330958451,0.8021048903465271,7467310,0.0,0.0
2013-02-25 00:00:00-05:00,0.8056007960163941,0.8099029836708004,0.7913494387475836,0.7918871641159058,10274959,0.0,0.0
2013-02-26 00:00:00-05:00,0.7943068183923142,0.8031802934513101,0.7889291339590021,0.7932313680648804,8874510,0.0,0.0
2013-02-27 00:00:00-05:00,0.7913494031860067,0.7967272336893033,0.7897359867111505,0.793769359588623,10711521,0.0,0.0
2013-02-28 00:00:00-05:00,0.7945758946371124,0.8010292219247662,0.7940379771051281,0.7964581251144409,15155152,0.0,0.0
2013-03-01 00:00:00-05:00,0.7937694703624231,0.8018361691546327,0.7886604537297445,0.8002229928970337,9400335,0.0,0.0
2013-03-04 00:00:00-05:00,0.798609148967325,0.8090957501699414,0.7969957332275868,0.805331289768219,6831970,0.0,0.0
2013-03-05 00:00:00-05:00,0.8069449203346676,0.8182384013963353,0.8039872389718377,0.8163561224937439,6886728,0.0,0.0
2013-03-06 00:00:00-05:00,0.8190452456474304,0.8220028789791961,0.8120539513526623,0.8190452456474304,4616155,0.0,0.0
2013-03-07 00:00:00-05:00,0.8187762701287526,0.8236161820166731,0.8101717044835269,0.8125916123390198,9366580,0.0,0.0
2013-03-08 00:00:00-05:00,0.8147425246805209,0.8182381707748039,0.8072136035460726,0.8177004456520081,8900764,0.0,0.0
2013-03-11 00:00:00-04:00,0.8174318127577446,0.8182383525326408,0.8090959654682379,0.8125916123390198,7294036,0.0,0.0
2013-03-12 00:00:00-04:00,0.8104404446445234,0.8120538125770661,0.8053314301619836,0.8085581660270691,8863258,0.0,0.0
2013-03-13 00:00:00-04:00,0.8107093553294348,0.8120538125770661,0.8037180622294408,0.8085581660270691,10464736,0.0,0.0
2013-03-14 00:00:00-04:00,0.8077517155546011,0.8295318484306335,0.8077517155546011,0.8295318484306335,8017138,0.0,0.0
2013-03-15 00:00:00-04:00,0.8263054513714386,0.8284565451166809,0.8198518816048509,0.8265742659568787,9653871,0.0,0.0
2013-03-18 00:00:00-04:00,0.820927445976759,0.8238851755487601,0.815549615952111,0.8179696202278137,11107577,0.0,0.0
2013-03-19 00:00:00-04:00,0.817431643720716,0.8225405614386846,0.8069447052769686,0.8142048120498657,7556573,0.0,0.0
2013-03-20 00:00:00-04:00,0.8174316483758423,0.8209271983667497,0.8131293664183994,0.8166248202323914,5768319,0.0,0.0
2013-03-21 00:00:00-04:00,0.8125916033255486,0.8228096331149647,0.8093650595540144,0.8096339702606201,5512533,0.0,0.0
2013-03-22 00:00:00-04:00,0.8101714888989792,0.817162684603269,0.8018356919160741,0.805331289768219,7794357,0.0,0.0
2013-03-25 00:00:00-04:00,0.8061382583936438,0.8128604484548746,0.8053314301619836,0.8085581660270691,8118403,0.0,0.0
2013-03-26 00:00:00-04:00,0.8117850001452156,0.822809568839373,0.8093649963286752,0.821465015411377,6685699,0.0,0.0
2013-03-27 00:00:00-04:00,0.8166248732287221,0.8236160698411586,0.814742594694901,0.8193138837814331,7717846,0.0,0.0
2013-03-28 00:00:00-04:00,0.8209273088746165,0.8260361311324803,0.8163560194693893,0.8244229555130005,8628475,0.0,0.0
2013-04-01 00:00:00-04:00,0.8222717715149652,0.8298006947509835,0.8158183950016724,0.8289941549301147,6327898,0.0,0.0
2013-04-02 00:00:00-04:00,0.8308762568446981,0.8351785394941265,0.8233473343408969,0.8257673382759094,9098792,0.0,0.0
2013-04-03 00:00:00-04:00,0.8273807123388649,0.8327585416457239,0.824691893862367,0.8303385376930237,9671123,0.0,0.0
2013-04-04 00:00:00-04:00,0.8311452102967528,0.8459342415432556,0.8279184740994687,0.8451277017593384,7063003,0.0,0.0
2013-04-05 00:00:00-04:00,0.8357167176367215,0.8556145767183029,0.8335654313758614,0.8496990203857422,8845256,0.0,0.0
2013-04-08 00:00:00-04:00,0.8486234116084934,0.8529255986213684,0.8435143962210542,0.8529255986213684,9163301,0.0,0.0
2013-04-09 00:00:00-04:00,0.8523879823736393,0.8561524445799394,0.8435145041263371,0.8513123393058777,8762744,0.0,0.0
2013-04-10 00:00:00-04:00,0.8521186194040989,0.8540008980217366,0.8462030652201005,0.848085343837738,7798107,0.0,0.0
2013-04-11 00:00:00-04:00,0.8483541503130492,0.8580344539945162,0.8483541503130492,0.8521186113357544,6323398,0.0,0.0
2013-04-12 00:00:00-04:00,0.8505054966851291,0.8531943151708409,0.8456653925862113,0.8507744073867798,6915232,0.0,0.0
2013-04-15 00:00:00-04:00,0.8496988687599025,0.8572277922676369,0.8424387598098456,0.8427075743675232,12009205,0.0,0.0
2013-04-16 00:00:00-04:00,0.8464718671721105,0.8472786953918815,0.8389429451670911,0.8443207740783691,11649154,0.0,0.0
2013-04-17 00:00:00-04:00,0.8330276432169492,0.8419011213125935,0.8246920828229474,0.8341032862663269,10538246,0.0,0.0
2013-04-18 00:00:00-04:00,0.834103170172706,0.8378676317907151,0.8263053362117713,0.8289941549301147,8408694,0.0,0.0
2013-04-19 00:00:00-04:00,0.8314140661988065,0.8394810032703169,0.8306075263747605,0.8367919921875,8086898,0.0,0.0
2013-04-22 00:00:00-04:00,0.8384051940204739,0.8386740085161741,0.8303384509033476,0.8332961797714233,5808075,0.0,0.0
2013-04-23 00:00:00-04:00,0.8370609199443011,0.8375988376459436,0.8268431765677955,0.8341032862663269,7235527,0.0,0.0
2013-04-24 00:00:00-04:00,0.83652314342524,0.8410944337515556,0.8322209561987147,0.8370608687400818,4270356,0.0,0.0
2013-04-25 00:00:00-04:00,0.8375987275235273,0.8397499171625036,0.8260362395015582,0.8316829800605774,3936559,0.0,0.0
2013-04-26 00:00:00-04:00,0.8322210072593316,0.8349098263524075,0.8252298083218639,0.8265742659568787,4791680,0.0,0.0
2013-04-29 00:00:00-04:00,0.8292630872461144,0.8351787393266276,0.8254986250934941,0.8343721032142639,6498173,0.0,0.0
2013-04-30 00:00:00-04:00,0.8341034452619788,0.8392124621895357,0.8308766116757047,0.8365233540534973,7831112,0.0,0.0
2013-05-01 00:00:00-04:00,0.8365230846155686,0.8405564569895907,0.8306075295065007,0.8316829800605774,12215484,0.0,0.0
2013-05-02 00:00:00-04:00,0.8349097164305715,0.8440521040865744,0.8316829800605774,0.8316829800605774,8540713,0.0,0.0
2013-05-03 00:00:00-04:00,0.8298007131126801,0.8298007131126801,0.8090960294900695,0.8190452456474304,14917368,0.0,0.0
2013-05-06 00:00:00-04:00,0.8198517183407966,0.8384053069508297,0.819045178568136,0.8359853029251099,10734774,0.0,0.0
2013-05-07 00:00:00-04:00,0.837598899145816,0.8432456408618408,0.8343721621146701,0.8419011831283569,7690842,0.0,0.0
2013-05-08 00:00:00-04:00,0.8410945316323185,0.8453967193595027,0.8365232407740277,0.8432456254959106,6546179,0.0,0.0
2013-05-09 00:00:00-04:00,0.8413630901247396,0.8491609223364512,0.8373295263327495,0.8456652760505676,7848364,0.0,0.0
2013-05-10 00:00:00-04:00,0.8480854766213576,0.8599167791956179,0.8445898295237112,0.8574966788291931,6951237,0.0,0.0
2013-05-13 00:00:00-04:00,0.8572275831791664,0.8669076940258281,0.854807579511731,0.8655633330345154,7690842,0.0,0.0
2013-05-14 00:00:00-04:00,0.8674456969910782,0.8811590845163959,0.8658323289948849,0.880083441734314,9281818,0.0,0.0
2013-05-15 00:00:00-04:00,0.8781873206059646,0.8938981890678406,0.8727697663932666,0.8938981890678406,9691376,0.031995,0.0
2013-05-16 00:00:00-04:00,0.8909187169976195,0.9006703351098281,0.8879390424511971,0.8922730088233948,8317181,0.0,0.0
2013-05-17 00:00:00-04:00,0.8920019505233701,0.8982322924979156,0.8917311503395764,0.8960651159286499,7137263,0.0,0.0
2013-05-20 00:00:00-04:00,0.8944400241637941,0.8982322924979156,0.8922728475945283,0.8960651159286499,6082614,0.0,0.0
2013-05-21 00:00:00-04:00,0.8993156552314758,0.9041916085653082,0.897961266810905,0.8993156552314758,5565040,0.0,0.0
2013-05-22 00:00:00-04:00,0.899044794704028,0.9058168332396332,0.8703317427379741,0.8760201930999756,8999778,0.0,0.0
2013-05-23 00:00:00-04:00,0.8733114755052205,0.8733114755052205,0.8516412583610518,0.8632890582084656,14759846,0.0,0.0
2013-05-24 00:00:00-04:00,0.8613928678131484,0.861663668015151,0.8508285595391704,0.8562461137771606,6808717,0.0,0.0
2013-05-28 00:00:00-04:00,0.8649143015018875,0.8678937818159845,0.8424313941837676,0.8456819653511047,11307855,0.0,0.0
2013-05-29 00:00:00-04:00,0.8397223136824409,0.8421602899017925,0.81398893841574,0.8185938000679016,14689336,0.0,0.0
2013-05-30 00:00:00-04:00,0.8199484487752806,0.8294291678709962,0.817510568956712,0.8215737342834473,14203267,0.0,0.0
2013-05-31 00:00:00-04:00,0.8177816244790239,0.8269914482933474,0.8158854415375243,0.8196777105331421,14658581,0.0,0.0
2013-06-03 00:00:00-04:00,0.8237406848756627,0.8418896249354847,0.8188648285415256,0.8394515514373779,18252341,0.0,0.0
2013-06-04 00:00:00-04:00,0.8397226367915711,0.8443275971029761,0.8215738864368031,0.8223863840103149,17204443,0.0,0.0
2013-06-05 00:00:00-04:00,0.8204902209714707,0.8288875463453204,0.8074880326057516,0.8115513920783997,9569109,0.0,0.0
2013-06-06 00:00:00-04:00,0.8107385731647647,0.8148017387085392,0.8015287021993324,0.8131764531135559,7663838,0.0,0.0
2013-06-07 00:00:00-04:00,0.814260314831033,0.8191361732531004,0.8017998200482164,0.8069465756416321,11540389,0.0,0.0
2013-06-10 00:00:00-04:00,0.8077588317398999,0.8096549659272919,0.7977364150984966,0.7996325492858887,6417161,0.0,0.0
2013-06-11 00:00:00-04:00,0.7925897451078134,0.797736499396779,0.7822964787483215,0.7822964787483215,62290344,0.0,0.0
2013-06-12 00:00:00-04:00,0.7863592489666051,0.7866300975060134,0.7638763495687265,0.7652308344841003,15116896,0.0,0.0
2013-06-13 00:00:00-04:00,0.7633350334605407,0.792318942037376,0.7617097476382659,0.7898811101913452,9939661,0.0,0.0
2013-06-14 00:00:00-04:00,0.790151932436778,0.7982782159452704,0.7774205918463867,0.7836509346961975,8942770,0.0,0.0
2013-06-17 00:00:00-04:00,0.7879848619870303,0.7931316161458578,0.7738991334334311,0.780400276184082,7071254,0.0,0.0
2013-06-18 00:00:00-04:00,0.7801294472578724,0.7915063504718085,0.7782333128701123,0.7822964787483215,7779355,0.0,0.0
2013-06-19 00:00:00-04:00,0.7839216784717571,0.7871722495726493,0.7600843346920501,0.7622513175010681,11089574,0.0,0.0
2013-06-20 00:00:00-04:00,0.7562919344997177,0.7584589655134802,0.7432897968608196,0.746540367603302,13696195,0.0,0.0
2013-06-21 00:00:00-04:00,0.7492489948920878,0.7679396300211697,0.7489781463116371,0.7554793357849121,22320919,0.0,0.0
2013-06-24 00:00:00-04:00,0.7481657854777175,0.7785041281560814,0.7397684600912119,0.7603552341461182,13576178,0.0,0.0
2013-06-25 00:00:00-04:00,0.7660437418475528,0.7904227863083566,0.7630641642886973,0.7833800911903381,15555709,0.0,0.0
2013-06-26 00:00:00-04:00,0.7906935928544124,0.7988200697582777,0.785276183803603,0.7969239354133606,10448984,0.0,0.0
2013-06-27 00:00:00-04:00,0.8007161765250833,0.8188649249468476,0.7980073025400732,0.8120930790901184,8972024,0.0,0.0
2013-06-28 00:00:00-04:00,0.8110092778505077,0.8204900442135331,0.8042374818105693,0.8137181997299194,9381582,0.0,0.0
2013-07-01 00:00:00-04:00,0.8210321120401781,0.8248243806474153,0.808029923674459,0.8115513920783997,6804966,0.0,0.0
2013-07-02 00:00:00-04:00,0.8101969955212358,0.8269914543369082,0.809384255716371,0.8199486136436462,10928302,0.0,0.0
2013-07-03 00:00:00-04:00,0.8177815252006796,0.8207610055919735,0.8039665489378732,0.8123639225959778,6905480,0.0,0.0
2013-07-05 00:00:00-04:00,0.8137184098378129,0.8137184098378129,0.7885265779696786,0.8099260926246643,8146907,0.0,0.0
2013-07-08 00:00:00-04:00,0.8099261827386803,0.8183233640749701,0.8080300481429822,0.8091134428977966,10605006,0.0,0.0
2013-07-09 00:00:00-04:00,0.8126347060043891,0.8348467150364597,0.8115513115239977,0.8242824077606201,11909441,0.0,0.0
2013-07-10 00:00:00-04:00,0.8237407105204244,0.8267204813346292,0.8153435797548151,0.8242824077606201,5772070,0.0,0.0
2013-07-11 00:00:00-04:00,0.8321378865247441,0.8464945596992555,0.8321378865247441,0.8456819653511047,5337008,0.0,0.0
2013-07-12 00:00:00-04:00,0.8467655352602663,0.8467655352602663,0.8326799500217917,0.8367431163787842,4495388,0.0,0.0
2013-07-15 00:00:00-04:00,0.8359302397668158,0.8473073368940691,0.8326798620444622,0.8421605825424194,5643801,0.0,0.0
2013-07-16 00:00:00-04:00,0.8416187898365809,0.8516414026056339,0.8356595372450244,0.8432440757751465,8983275,0.0,0.0
2013-07-17 00:00:00-04:00,0.8445983314487181,0.8535373532327157,0.837555395337184,0.8473072052001953,7638334,0.0,0.0
2013-07-18 00:00:00-04:00,0.8481199747085991,0.8603093762278352,0.8462237917570613,0.8521830439567566,5512533,0.0,0.0
2013-07-19 00:00:00-04:00,0.8421602226013953,0.8437855076552989,0.8261783659399018,0.8334921002388,10387475,0.0,0.0
2013-07-22 00:00:00-04:00,0.8337633716516215,0.8440568817741737,0.8302419025629909,0.8399937152862549,4670913,0.0,0.0
2013-07-23 00:00:00-04:00,0.8405352468275752,0.8481198809074925,0.8340341042198257,0.8445984125137329,6944486,0.0,0.0
2013-07-24 00:00:00-04:00,0.8443274340571841,0.8459528164398569,0.8166978712989853,0.8242824077606201,7294786,0.0,0.0
2013-07-25 00:00:00-04:00,0.8218448545101054,0.8297002911567688,0.8188651793993295,0.8297002911567688,6514675,0.0,0.0
2013-07-26 00:00:00-04:00,0.8275330008872515,0.8329506516456604,0.8207609616610813,0.8329506516456604,5432271,0.0,0.0
2013-07-29 00:00:00-04:00,0.8305129670981226,0.8324091501538713,0.8218447432235804,0.8229284286499023,6845472,0.0,0.0
2013-07-30 00:00:00-04:00,0.8288875631235578,0.8334924262086384,0.8164270717995795,0.8183232545852661,5467526,0.0,0.0
2013-07-31 00:00:00-04:00,0.8196777309481088,0.8231991998004025,0.7931317019865547,0.7958403825759888,14936871,0.0,0.0
2013-08-01 00:00:00-04:00,0.7980073300248862,0.8058627645011228,0.7952986012776381,0.7969239354133606,11643153,0.0,0.0
2013-08-02 00:00:00-04:00,0.7985490800956164,0.8101967812049073,0.7844633055477328,0.7858177423477173,6758460,0.0,0.0
2013-08-05 00:00:00-04:00,0.7855469074201551,0.7928606434264938,0.7828380337730207,0.7904226183891296,5209490,0.0,0.0
2013-08-06 00:00:00-04:00,0.790422815988774,0.7990909909856571,0.7874432383180352,0.7917772531509399,5637800,0.0,0.0
2013-08-07 00:00:00-04:00,0.7909645007459281,0.7931314833751419,0.7814837821902427,0.7855468988418579,5880835,0.0,0.0
2013-08-08 00:00:00-04:00,0.7871723939845858,0.7909647114834581,0.7776916729029424,0.7847343683242798,3585509,0.0,0.0
2013-08-09 00:00:00-04:00,0.7833802488726277,0.7939443663415824,0.7804004769392329,0.7912356853485107,7222025,0.0,0.0
2013-08-12 00:00:00-04:00,0.7871721791477017,0.7871721791477017,0.7795875946636512,0.7858177423477173,4943952,0.0,0.0
2013-08-13 00:00:00-04:00,0.7863594368810163,0.7863594368810163,0.7741700386031103,0.7790457010269165,6214632,0.0,0.0
2013-08-14 00:00:00-04:00,0.7804115200240999,0.7856015354366385,0.7752216511655868,0.7850552797317505,7817610,0.031995,0.0
2013-08-15 00:00:00-04:00,0.7757675888045473,0.7774065506526019,0.7634756192007469,0.7716702818870544,9183554,0.0,0.0
2013-08-16 00:00:00-04:00,0.7689387877827113,0.7713973778216536,0.7544615478007788,0.755007803440094,11453376,0.0,0.0
2013-08-19 00:00:00-04:00,0.7550080434589456,0.7574664388740736,0.7446281571341105,0.7498180270195007,12659547,0.0,0.0
2013-08-20 00:00:00-04:00,0.7503642681721944,0.7713974070968468,0.7503642681721944,0.7675731778144836,6983492,0.0,0.0
2013-08-21 00:00:00-04:00,0.763202623038572,0.7768606777324082,0.7522764821618476,0.7697585225105286,9296070,0.0,0.0
2013-08-22 00:00:00-04:00,0.7700314705243603,0.7741288273538505,0.7596515878220539,0.7722167372703552,6064611,0.0,0.0
2013-08-23 00:00:00-04:00,0.7727630080021035,0.7771336392822191,0.7656610497055961,0.776587188243866,9357579,0.0,0.0
2013-08-26 00:00:00-04:00,0.7763142404614264,0.7790459100706645,0.7659343551489814,0.7681195735931396,5108225,0.0,0.0
2013-08-27 00:00:00-04:00,0.7612905447229572,0.7700316627402362,0.7588321984034772,0.7673001885414124,8380940,0.0,0.0
2013-08-28 00:00:00-04:00,0.7673001855549889,0.7744021454577904,0.7555542212485259,0.7582859396934509,6993243,0.0,0.0
2013-08-29 00:00:00-04:00,0.755553956665923,0.7596515084727419,0.7500908147972546,0.7563735842704773,4696417,0.0,0.0
2013-08-30 00:00:00-04:00,0.7582858278475462,0.7604710459568613,0.7500909668295785,0.7520032525062561,7080255,0.0,0.0
2013-09-03 00:00:00-04:00,0.7582858052911158,0.7607441511652983,0.7361599596534059,0.7440814971923828,7541571,0.0,0.0
2013-09-04 00:00:00-04:00,0.7451742157828771,0.7588320730339972,0.7429889977037688,0.7552809715270996,5392516,0.0,0.0
2013-09-05 00:00:00-04:00,0.7566467536126854,0.7580125880062016,0.745993499370185,0.7465399503707886,3784287,0.0,0.0
2013-09-06 00:00:00-04:00,0.7536421651035321,0.7648416787593739,0.7528227814312802,0.7571932673454285,6425412,0.0,0.0
2013-09-09 00:00:00-04:00,0.7601979239096862,0.7724899468479063,0.7563737433379146,0.7703046798706055,6715703,0.0,0.0
2013-09-10 00:00:00-04:00,0.7733095257734909,0.7746751649738673,0.7640221533327974,0.7703046798706055,5702310,0.0,0.0
2013-09-11 00:00:00-04:00,0.7716707570827422,0.7782264131066534,0.7648417288934177,0.776860773563385,3481994,0.0,0.0
2013-09-12 00:00:00-04:00,0.777679979801178,0.7823235928506562,0.7738557991419954,0.777679979801178,7714845,0.0,0.0
2013-09-13 00:00:00-04:00,0.7763139659333969,0.782323412232404,0.774948327017096,0.7801381945610046,4334865,0.0,0.0
2013-09-16 00:00:00-04:00,0.7929767186573594,0.7992592935445375,0.7823235124621083,0.7856014370918274,3761784,0.0,0.0
2013-09-17 00:00:00-04:00,0.7839624156902466,0.791610824497576,0.7774067134789148,0.7779529690742493,3570507,0.0,0.0
2013-09-18 00:00:00-04:00,0.7768607317677884,0.8131906986236572,0.7708510876277476,0.8131906986236572,8929268,0.0,0.0
2013-09-19 00:00:00-04:00,0.8159221495454742,0.8263022793530175,0.8088199940334824,0.809639573097229,7131262,0.0,0.0
2013-09-20 00:00:00-04:00,0.8107318805674217,0.8120977639109381,0.791884204818298,0.7924304604530334,8723739,0.0,0.0
2013-09-23 00:00:00-04:00,0.7894256655733667,0.7946156803320166,0.7763140647677258,0.7771336436271667,6431413,0.0,0.0
2013-09-24 00:00:00-04:00,0.7768606509473291,0.7784994181405958,0.7667536986385793,0.767846405506134,6355652,0.0,0.0
2013-09-25 00:00:00-04:00,0.7678462552221084,0.7793188446131478,0.7634758194180319,0.7705777287483215,4880193,0.0,0.0
2013-09-26 00:00:00-04:00,0.770304861032032,0.7763143099944153,0.7662075516565738,0.7733097076416016,4708419,0.0,0.0
2013-09-27 00:00:00-04:00,0.7703046992351861,0.7757678912414462,0.7618369055072066,0.7700315713882446,4141338,0.0,0.0
2013-09-30 00:00:00-04:00,0.7675731687183597,0.7768605407071777,0.7588320523831144,0.7632024884223938,6125370,0.0,0.0
2013-10-01 00:00:00-04:00,0.7615638733839636,0.7823236929685469,0.7591053316417407,0.7719438076019287,5991851,0.0,0.0
2013-10-02 00:00:00-04:00,0.7662075771096126,0.7694855028810321,0.7558276905226464,0.767026960849762,9126546,0.0,0.0
2013-10-03 00:00:00-04:00,0.7653879503320657,0.7681194240039697,0.7503642589205474,0.7547346949577332,10020673,0.0,0.0
2013-10-04 00:00:00-04:00,0.7533690028168947,0.7593784512065735,0.7492716938319128,0.7582859396934509,10633510,0.0,0.0
2013-10-07 00:00:00-04:00,0.753915658731911,0.765388302870519,0.7520035676592629,0.7610176205635071,5919840,0.0,0.0
2013-10-08 00:00:00-04:00,0.7599247812175036,0.7621099993007565,0.7476325631141663,0.7476325631141663,6212382,0.0,0.0
2013-10-09 00:00:00-04:00,0.7492717241856715,0.7588322261910765,0.7484523405176354,0.7533690333366394,6570933,0.0,0.0
2013-10-10 00:00:00-04:00,0.7593782127601038,0.7716704289633445,0.756373611637082,0.7711241245269775,7495064,0.0,0.0
2013-10-11 00:00:00-04:00,0.7678464608146851,0.7842359902789818,0.7653881144423318,0.7839626669883728,5814075,0.0,0.0
2013-10-14 00:00:00-04:00,0.7815040603663205,0.7834161503314901,0.7730362682715202,0.7825967669487,5034715,0.0,0.0
2013-10-15 00:00:00-04:00,0.7795919215498194,0.7853282402966598,0.7705776784611664,0.7825967669487,8665230,0.0,0.0
2013-10-16 00:00:00-04:00,0.7850552849992942,0.7959816693052568,0.7828700667597123,0.7948889136314392,7437306,0.0,0.0
2013-10-17 00:00:00-04:00,0.7913378941003809,0.8060884597992567,0.7907916383687821,0.8036301136016846,5911589,0.0,0.0
2013-10-18 00:00:00-04:00,0.807181088600107,0.8077273442788739,0.7973472650988128,0.8014447689056396,4632658,0.0,0.0
2013-10-21 00:00:00-04:00,0.8025370791727517,0.8039029622841198,0.7921571979989188,0.7957082986831665,9140798,0.0,0.0
2013-10-22 00:00:00-04:00,0.7965278757737978,0.8090931729826814,0.7957084922616209,0.8000789284706116,7370546,0.0,0.0
2013-10-23 00:00:00-04:00,0.8000790116841933,0.8069078433966551,0.7962548307522467,0.8036301136016846,8212166,0.0,0.0
2013-10-24 00:00:00-04:00,0.8033569509466734,0.8033569509466734,0.7858746676847713,0.7888795137405396,5028714,0.0,0.0
2013-10-25 00:00:00-04:00,0.7886061695034463,0.8039029860742507,0.7880599139453882,0.8022639751434326,5625049,0.0,0.0
2013-10-28 00:00:00-04:00,0.8030834043510192,0.8030834043510192,0.7883330867524083,0.798712968826294,5558289,0.0,0.0
2013-10-29 00:00:00-04:00,0.7946156111795762,0.7973471333788675,0.7774067037903863,0.7825967669487,7552072,0.0,0.0
2013-10-30 00:00:00-04:00,0.7795920719093533,0.7850552639156135,0.7694853156943617,0.7700315713882446,8978775,0.0,0.0
2013-10-31 00:00:00-04:00,0.7703045585214646,0.7735825317480332,0.7539152297532739,0.7642951607704163,10255456,0.0,0.0
2013-11-01 00:00:00-04:00,0.7640221369515646,0.7640221369515646,0.7282384337104173,0.7552809715270996,12028708,0.0,0.0
2013-11-04 00:00:00-05:00,0.7582858278615612,0.7642952753649676,0.7522763803581548,0.7604710459709167,7658587,0.0,0.0
2013-11-05 00:00:00-05:00,0.7566469658479938,0.7585590563731163,0.7498179385189041,0.7522764801979065,9384582,0.0,0.0
2013-11-06 00:00:00-05:00,0.7552810180844153,0.7577396084059892,0.7503643259546836,0.7517299652099609,5731564,0.0,0.0
2013-11-07 00:00:00-05:00,0.7446280440977778,0.7511837479258305,0.7257801696546596,0.7260532975196838,17307207,0.0,0.0
2013-11-08 00:00:00-05:00,0.7222292877520821,0.7263266466376749,0.7080249734982217,0.7238682508468628,10303463,0.0,0.0
2013-11-11 00:00:00-05:00,0.7263264031302779,0.7276922378189262,0.7200438273597456,0.7233215570449829,4263605,0.0,0.0
2013-11-12 00:00:00-05:00,0.7194973690293514,0.7238680009081441,0.7143075001428313,0.7211363315582275,7252030,0.0,0.0
2013-11-13 00:00:00-05:00,0.7205849324532534,0.7294062431882433,0.7183796663939039,0.7285793423652649,6344401,0.031995,0.0
2013-11-14 00:00:00-05:00,0.7305091382897879,0.7385033527926654,0.7244446059699416,0.7247202396392822,5630299,0.0,0.0
2013-11-15 00:00:00-05:00,0.7249955126872858,0.7302331413938519,0.7203091017456891,0.7233414649963379,6234135,0.0,0.0
2013-11-18 00:00:00-05:00,0.7219632039087902,0.727200882667701,0.7134177250895654,0.7139689922332764,6253638,0.0,0.0
2013-11-19 00:00:00-05:00,0.7142444759275911,0.7183794223333518,0.7079042642116926,0.7123148441314697,6629441,0.0,0.0
2013-11-20 00:00:00-05:00,0.7120395554445391,0.7211365011020909,0.6999103931668545,0.7029426097869873,8035891,0.0,0.0
2013-11-21 00:00:00-05:00,0.7054234721332552,0.7095584191647222,0.7018398415127486,0.7090069055557251,4521642,0.0,0.0
2013-11-22 00:00:00-05:00,0.7101095467002495,0.7123148119106343,0.701288239361213,0.7056989669799805,4544145,0.0,0.0
2013-11-25 00:00:00-05:00,0.7068014103427901,0.7076285079393624,0.6993584686640095,0.7040448784828186,5776570,0.0,0.0
2013-11-26 00:00:00-05:00,0.7059747187289874,0.7062503522767031,0.6919159288102553,0.6935697793960571,9161801,0.0,0.0
2013-11-27 00:00:00-05:00,0.6941211781607917,0.7012882906183866,0.6927428133543073,0.6982560753822327,7919624,0.0,0.0
2013-11-29 00:00:00-05:00,0.7018399205300627,0.7018399205300627,0.6883323957934742,0.6921916604042053,4907947,0.0,0.0
2013-12-02 00:00:00-05:00,0.6894348480505514,0.6963265249906727,0.6866783153131276,0.6891592144966125,8075647,0.0,0.0
2013-12-03 00:00:00-05:00,0.6883323138347961,0.693018527947336,0.6830946354163432,0.6891592144966125,7072004,0.0,0.0
2013-12-04 00:00:00-05:00,0.6858510815436565,0.7249954261023374,0.6836457670516111,0.7120391726493835,26805806,0.0,0.0
2013-12-05 00:00:00-05:00,0.7120395819142771,0.712315215572024,0.7018401012875626,0.7101099491119385,11372365,0.0,0.0
2013-12-06 00:00:00-05:00,0.7147959604085067,0.7197580060638606,0.7095585276528676,0.7125906944274902,8182912,0.0,0.0
2013-12-09 00:00:00-05:00,0.7109364195966874,0.7189308261206274,0.7092826186516202,0.717828094959259,7586577,0.0,0.0
2013-12-10 00:00:00-05:00,0.717277080186192,0.727200924635461,0.7145203006129311,0.7189310789108276,7069754,0.0,0.0
2013-12-11 00:00:00-05:00,0.7186550970626877,0.7216874602867892,0.7015641420304384,0.7034937739372253,10451984,0.0,0.0
2013-12-12 00:00:00-05:00,0.7015643119812012,0.712039423941661,0.6957753655589899,0.7015643119812012,11568142,0.0,0.0
2013-12-13 00:00:00-05:00,0.7048718189307187,0.7123147610323912,0.7007368730073432,0.7076285481452942,9983918,0.0,0.0
2013-12-16 00:00:00-05:00,0.7098340527204478,0.7103853198318991,0.7029423757356511,0.7090069055557251,8608222,0.0,0.0
2013-12-17 00:00:00-05:00,0.7092828640177972,0.7128662978364035,0.7043208185725794,0.7109366655349731,9661372,0.0,0.0
2013-12-18 00:00:00-05:00,0.7098341962944161,0.7197580415974691,0.6957754031235448,0.7183796763420105,16905900,0.0,0.0
2013-12-19 00:00:00-05:00,0.717001407140526,0.717001407140526,0.691088893345954,0.7084556818008423,9281818,0.0,0.0
2013-12-20 00:00:00-05:00,0.7087312758277106,0.714520221422833,0.6985317989210843,0.7136933207511902,12913834,0.0,0.0
2013-12-23 00:00:00-05:00,0.71589858530068,0.7170013660253801,0.7095584219004357,0.7103853225708008,5010711,0.0,0.0
2013-12-24 00:00:00-05:00,0.7095587033590541,0.7142448700793792,0.7081802885307937,0.7131423354148865,2061293,0.0,0.0
2013-12-26 00:00:00-05:00,0.713142129369421,0.7211363414692467,0.7068017187885077,0.7142446637153625,3973314,0.0,0.0
2013-12-27 00:00:00-05:00,0.7136934612512391,0.7189311407630399,0.7073532472935328,0.7183796763420105,7591828,0.0,0.0
2013-12-30 00:00:00-05:00,0.7186549829783315,0.7216873457210544,0.716174035106235,0.7200333476066589,3836045,0.0,0.0
2013-12-31 00:00:00-05:00,0.7192067091657902,0.7227903401862177,0.7125906649983916,0.7142446637153625,6531177,0.0,0.0
2014-01-02 00:00:00-05:00,0.7139690301288772,0.7205848770982173,0.7073531831595372,0.7142446637153625,6337650,0.0,0.0
2014-01-03 00:00:00-05:00,0.713142129369421,0.7194823427522756,0.7106610326949352,0.7142446637153625,9047785,0.0,0.0
2014-01-06 00:00:00-05:00,0.7136935294326946,0.7186553786089639,0.7065262167577658,0.7153475284576416,16992163,0.0,0.0
2014-01-07 00:00:00-05:00,0.7167253747517451,0.7194821535874242,0.7123148441314697,0.7123148441314697,6422412,0.0,0.0
2014-01-08 00:00:00-05:00,0.7109366331104173,0.7112124638820916,0.703493885728886,0.709834098815918,11832180,0.0,0.0
2014-01-09 00:00:00-05:00,0.7125905854757408,0.7139689504524057,0.7054234721332552,0.7090069055557251,13234879,0.0,0.0
2014-01-10 00:00:00-05:00,0.7109364902611585,0.7329896859951025,0.710109589706434,0.7280276417732239,12044460,0.0,0.0
2014-01-13 00:00:00-05:00,0.7258227743166445,0.7294064064143078,0.7236174584642726,0.7247202396392822,9109293,0.0,0.0
2014-01-14 00:00:00-05:00,0.7272006689407354,0.7404325554862596,0.7272006689407354,0.7357461452484131,12434515,0.0,0.0
2014-01-15 00:00:00-05:00,0.734643766072771,0.7398814443958759,0.734643766072771,0.7365733981132507,9728881,0.0,0.0
2014-01-16 00:00:00-05:00,0.7371249245293103,0.7415355065592488,0.7349196581641038,0.7412598729133606,9718380,0.0,0.0
2014-01-17 00:00:00-05:00,0.7431892197841395,0.7503565299124413,0.738503005910744,0.7478756308555603,11414371,0.0,0.0
2014-01-21 00:00:00-05:00,0.7500811677496764,0.7561457487146086,0.7464974867392073,0.7489784359931946,6670697,0.0,0.0
2014-01-22 00:00:00-05:00,0.7514591902838509,0.7564210372284016,0.7498051920028324,0.7533888220787048,6513175,0.0,0.0
2014-01-23 00:00:00-05:00,0.7503566524514959,0.752286284743755,0.7431893411527165,0.7456704378128052,7150015,0.0,0.0
2014-01-24 00:00:00-05:00,0.7445677679121383,0.7451190351275453,0.7362979215892194,0.7368491888046265,12355004,0.0,0.0
2014-01-27 00:00:00-05:00,0.7374003356891797,0.7409840157001975,0.7291304907157551,0.7335410714149475,10904298,0.0,0.0
2014-01-28 00:00:00-05:00,0.7346440324740178,0.7464975118637085,0.7329900333826757,0.7464975118637085,8779997,0.0,0.0
2014-01-29 00:00:00-05:00,0.7418109840322377,0.7539400911615969,0.7409838862904704,0.7528373599052429,17916294,0.0,0.0
2014-01-30 00:00:00-05:00,0.7561454646259441,0.7735122507776157,0.753388882768026,0.7671720385551453,17592248,0.0,0.0
2014-01-31 00:00:00-05:00,0.7594536063985351,0.7746151299574959,0.7580752412572522,0.7710314989089966,16554850,0.0,0.0
2014-02-03 00:00:00-05:00,0.7718585301540137,0.7732368955283028,0.7624859019663696,0.7641399502754211,14300030,0.0,0.0
2014-02-04 00:00:00-05:00,0.7674478108797942,0.774615122204572,0.7608319639248461,0.7724098563194275,17663508,0.0,0.0
2014-02-05 00:00:00-05:00,0.7704800804586608,0.7817820906639099,0.7663449365471752,0.7817820906639099,15433441,0.0,0.0
2014-02-06 00:00:00-05:00,0.7817822171819112,0.79308442641425,0.7812309500236426,0.7925331592559814,16460337,0.0,0.0
2014-02-07 00:00:00-05:00,0.7853657382720615,0.8154131465624247,0.7715826315570512,0.8137591481208801,23833134,0.0,0.0
2014-02-10 00:00:00-05:00,0.8151375895328291,0.8360880576606704,0.8129323238031194,0.8314016461372375,25148071,0.0,0.0
2014-02-11 00:00:00-05:00,0.8316775560379028,0.8479415639262757,0.8269911443463437,0.8316775560379028,24670253,0.0,0.0
2014-02-12 00:00:00-05:00,0.8277845657635159,0.8344578720276858,0.8211110108590637,0.827228307723999,17368716,0.034662,0.0
2014-02-13 00:00:00-05:00,0.8236138117969483,0.836960724914412,0.8216674056153425,0.8339020013809204,14197266,0.0,0.0
2014-02-14 00:00:00-05:00,0.8311212729194037,0.8336239870068879,0.8247259453098227,0.8269504308700562,14136507,0.0,0.0
2014-02-18 00:00:00-05:00,0.8272283658797506,0.829731029952954,0.8238917622411523,0.8280626535415649,15662974,0.0,0.0
2014-02-19 00:00:00-05:00,0.8250040662598336,0.8350143767092755,0.8233356894729384,0.8275067806243896,23008767,0.0,0.0
2014-02-20 00:00:00-05:00,0.8250037082889796,0.8311210043065022,0.8113788194441316,0.8141595125198364,13568676,0.0,0.0
2014-02-21 00:00:00-05:00,0.8149940056742999,0.8244480585109669,0.8083206472937292,0.8194429278373718,11393368,0.0,0.0
2014-02-24 00:00:00-05:00,0.8216673061543506,0.8291747511779136,0.8191646421436143,0.8222233653068542,8507708,0.0,0.0
2014-02-25 00:00:00-05:00,0.825003932515702,0.8325115771115698,0.8208330906807555,0.8286187648773193,9446091,0.0,0.0
2014-02-26 00:00:00-05:00,0.8286188992074633,0.8352924560831151,0.8258384038374945,0.8275067806243896,11132331,0.0,0.0
2014-02-27 00:00:00-05:00,0.8272284439763004,0.8311212563329721,0.8238918400227018,0.8288968205451965,10986060,0.0,0.0
2014-02-28 00:00:00-05:00,0.8288967706297474,0.8355702765034596,0.8266723349759256,0.8311212062835693,14013490,0.0,0.0
2014-03-03 00:00:00-05:00,0.8252819448007318,0.8455804424446204,0.8252819448007318,0.8453024625778198,18088818,0.0,0.0
2014-03-04 00:00:00-05:00,0.853087967870174,0.8667128582314583,0.853087967870174,0.864488422870636,17401721,0.0,0.0
2014-03-05 00:00:00-05:00,0.8633764467971792,0.8697719744902972,0.8530883048690726,0.8642107844352722,10112936,0.0,0.0
2014-03-06 00:00:00-05:00,0.8636542390879582,0.8636542390879582,0.8497512685721379,0.8530880212783813,10000420,0.0,0.0
2014-03-07 00:00:00-05:00,0.8525318777971077,0.8544783332592215,0.8405751652065001,0.8519756197929382,9338076,0.0,0.0
2014-03-10 00:00:00-04:00,0.8514196141241253,0.8514196141241253,0.840853396696794,0.8450242877006531,7532569,0.0,0.0
2014-03-11 00:00:00-04:00,0.8455807924987538,0.8500296656828,0.844468474746577,0.8458588719367981,5389515,0.0,0.0
2014-03-12 00:00:00-04:00,0.8430778659372112,0.8489171334680838,0.840853430428363,0.842521607875824,6886728,0.0,0.0
2014-03-13 00:00:00-04:00,0.8461366368253355,0.8475270336621087,0.8341801191343452,0.8383510112762451,7699093,0.0,0.0
2014-03-14 00:00:00-04:00,0.8386292043723098,0.8483612885107001,0.8386292043723098,0.8458588719367981,6720954,0.0,0.0
2014-03-17 00:00:00-04:00,0.8486393683271961,0.8558687358319232,0.8428000993189894,0.8472489714622498,4808933,0.0,0.0
2014-03-18 00:00:00-04:00,0.8489172182707526,0.8494732774754539,0.8414095736302086,0.8436340093612671,4097082,0.0,0.0
2014-03-19 00:00:00-04:00,0.8444681931035221,0.8539222941069462,0.8199990506555226,0.825003981590271,12343002,0.0,0.0
2014-03-20 00:00:00-04:00,0.8244479105282448,0.8397412300109863,0.8197210092785432,0.8397412300109863,8101150,0.0,0.0
2014-03-21 00:00:00-04:00,0.8450245092374823,0.8519758966102198,0.8402973589552519,0.8433561325073242,9587861,0.0,0.0
2014-03-24 00:00:00-04:00,0.8450245234040427,0.8458586620550363,0.8286188849198788,0.8336240649223328,4198346,0.0,0.0
2014-03-25 00:00:00-04:00,0.8394632128374987,0.8503074115617668,0.8389071536357068,0.8483609557151794,6456167,0.0,0.0
2014-03-26 00:00:00-04:00,0.8503074017594721,0.8514197190624856,0.8300091028213501,0.8300091028213501,5360261,0.0,0.0
2014-03-27 00:00:00-04:00,0.8291748486280041,0.8325116017596531,0.8225014915488996,0.8297311067581177,7420053,0.0,0.0
2014-03-28 00:00:00-04:00,0.8330677662786264,0.8405752108927689,0.8322334289550781,0.8322334289550781,6189129,0.0,0.0
2014-03-31 00:00:00-04:00,0.8372388068394773,0.8419656583189504,0.8302871714651637,0.840297281742096,13480914,0.0,0.0
2014-04-01 00:00:00-04:00,0.8341800136313282,0.8433560348566533,0.8275066566676,0.8344579935073853,10758027,0.0,0.0
2014-04-02 00:00:00-04:00,0.8344577041383735,0.836404159332556,0.8250036565873541,0.8352920413017273,13657939,0.0,0.0
2014-04-03 00:00:00-04:00,0.8377949085882636,0.841687721161107,0.8313995310231059,0.8386289477348328,8554965,0.0,0.0
2014-04-04 00:00:00-04:00,0.8428000033092783,0.8444681809887533,0.8355703382597109,0.8397412300109863,12168228,0.0,0.0
2014-04-07 00:00:00-04:00,0.8386288851217711,0.8422437175279153,0.8333459248189656,0.8344579935073853,12468270,0.0,0.0
2014-04-08 00:00:00-04:00,0.8352923941035494,0.8416877219466081,0.831677561424144,0.8400193452835083,9776138,0.0,0.0
2014-04-09 00:00:00-04:00,0.8411316166155951,0.8411316166155951,0.8316775158613431,0.8339020013809204,10469236,0.0,0.0
2014-04-10 00:00:00-04:00,0.8364044450816612,0.8386288808154604,0.8208330965766867,0.8230575323104858,16675618,0.0,0.0
2014-04-11 00:00:00-04:00,0.8197213162666204,0.8227798420700129,0.8088768643590551,0.8094329237937927,13819212,0.0,0.0
2014-04-14 00:00:00-04:00,0.813047272457305,0.8149936782296351,0.8049835700884859,0.8113788962364197,9626867,0.0,0.0
2014-04-15 00:00:00-04:00,0.8113790660339858,0.8158281365248108,0.8105449772051017,0.8127694129943848,15163403,0.0,0.0
2014-04-16 00:00:00-04:00,0.8163841181179617,0.8291747718743311,0.8091545035779626,0.8280626535415649,17076174,0.0,0.0
2014-04-17 00:00:00-04:00,0.8236137293366917,0.8263942737976943,0.8177745113764971,0.8238917589187622,8693734,0.0,0.0
2014-04-21 00:00:00-04:00,0.8255603091470491,0.8350143109197317,0.8236138531396728,0.8308432698249817,4854689,0.0,0.0
2014-04-22 00:00:00-04:00,0.8311212118377587,0.8450243823196119,0.8205550429553703,0.8439120650291443,9175303,0.0,0.0
2014-04-23 00:00:00-04:00,0.8444679973685547,0.8453023346672015,0.8322334041163165,0.8355701565742493,11655905,0.0,0.0
2014-04-24 00:00:00-04:00,0.8375167410022271,0.8486392177553721,0.8347360472218475,0.848082959651947,7905372,0.0,0.0
2014-04-25 00:00:00-04:00,0.8472488276753471,0.8508636599984493,0.8436339953522451,0.8461365103721619,4315363,0.0,0.0
2014-04-28 00:00:00-04:00,0.8489172919775408,0.8553126198516998,0.8464146772426535,0.8528102040290833,6135871,0.0,0.0
2014-04-29 00:00:00-04:00,0.8555905809258215,0.8580929964024936,0.8500292929718818,0.8542001843452454,5273999,0.0,0.0
2014-04-30 00:00:00-04:00,0.8533662227001896,0.8583713524758096,0.8497513901751088,0.8572590351104736,9582611,0.0,0.0
2014-05-01 00:00:00-04:00,0.858093151104461,0.8667131141774815,0.847248950926007,0.866157054901123,10262207,0.0,0.0
2014-05-02 00:00:00-04:00,0.8625421993470321,0.8758890124752872,0.857536970375717,0.8722742795944214,11115828,0.0,0.0
2014-05-05 00:00:00-04:00,0.8694935879419394,0.8770012325053121,0.864766637197997,0.8750547766685486,5705310,0.0,0.0
2014-05-06 00:00:00-04:00,0.8728304430019365,0.8742207403461267,0.8678255118014435,0.8733865022659302,6734456,0.0,0.0
2014-05-07 00:00:00-04:00,0.8747766566046342,0.887011251342212,0.8739426175730581,0.8839526772499084,6607688,0.0,0.0
2014-05-08 00:00:00-04:00,0.8825624234782673,0.8947970188167226,0.8808940469648129,0.8836747407913208,7867117,0.0,0.0
2014-05-09 00:00:00-04:00,0.8825624698296424,0.8856212431450576,0.8711620124211096,0.8758890628814697,9206057,0.0,0.0
2014-05-12 00:00:00-04:00,0.878947674106849,0.8814503882975073,0.8736646636516917,0.8775575757026672,9120545,0.0,0.0
2014-05-13 00:00:00-04:00,0.8775574538833828,0.8847868199043386,0.865878719351655,0.8689374923706055,10382974,0.0,0.0
2014-05-14 00:00:00-04:00,0.8694985158495524,0.8737044011634575,0.8624886067024815,0.8675358295440674,8374189,0.034662,0.0
2014-05-15 00:00:00-04:00,0.8672552430483819,0.8700592669672208,0.859684809716948,0.8669748306274414,7790606,0.0,0.0
2014-05-16 00:00:00-04:00,0.8669747473038334,0.8779102289261255,0.8630492746596347,0.877629816532135,8850507,0.0,0.0
2014-05-19 00:00:00-04:00,0.8711806027716208,0.8815552592537861,0.8680964677046337,0.8737043142318726,9766387,0.0,0.0
2014-05-20 00:00:00-04:00,0.873704332339504,0.8801533158632637,0.8706198963369345,0.8751063942909241,7384798,0.0,0.0
2014-05-21 00:00:00-04:00,0.8759472984166967,0.8784708089665293,0.8703394526212735,0.8717414140701294,5191487,0.0,0.0
2014-05-22 00:00:00-04:00,0.8703393426335407,0.8753864633859234,0.8664137708404009,0.8706196546554565,8230919,0.0,0.0
2014-05-23 00:00:00-04:00,0.8711806058568968,0.8784709267167888,0.8692179197397438,0.8759474158287048,7552822,0.0,0.0
2014-05-27 00:00:00-04:00,0.8767885495635194,0.8843591824912893,0.8767885495635194,0.8815552592277527,6052609,0.0,0.0
2014-05-28 00:00:00-04:00,0.8798730980640606,0.8807142351303824,0.8697790521058919,0.8784711360931396,7584327,0.0,0.0
2014-05-29 00:00:00-04:00,0.8801532748075349,0.8837984351300855,0.8767885268621882,0.8807139992713928,4752675,0.0,0.0
2014-05-30 00:00:00-04:00,0.8812749000388029,0.8860415091577578,0.8795925261124761,0.8826766610145569,6268640,0.0,0.0
2014-06-02 00:00:00-04:00,0.8826768635121376,0.8866024370043273,0.8804337646228035,0.8821161389350891,4655161,0.0,0.0
2014-06-03 00:00:00-04:00,0.8804336401352745,0.885761174752662,0.8779102294594948,0.8840788006782532,2863157,0.0,0.0
2014-06-04 00:00:00-04:00,0.8829572273914746,0.8885648727419839,0.8804335161992827,0.8860414624214172,4348367,0.0,0.0
2014-06-05 00:00:00-04:00,0.8837983241740175,0.8961354643166285,0.8829571874385558,0.8952944278717041,10802284,0.0,0.0
2014-06-06 00:00:00-04:00,0.8972570917566141,0.8972570917566141,0.8877237743953716,0.8916492462158203,6810967,0.0,0.0
2014-06-09 00:00:00-04:00,0.8913689730462147,0.8941728962543758,0.8759473954013285,0.8787512183189392,8624725,0.0,0.0
2014-06-10 00:00:00-04:00,0.8773493149662911,0.8829571604728699,0.8714610571262765,0.8829571604728699,9262315,0.0,0.0
2014-06-11 00:00:00-04:00,0.882115936938639,0.8868827466407008,0.8762277786298288,0.884920060634613,8791998,0.0,0.0
2014-06-12 00:00:00-04:00,0.8840788281290537,0.8868828518671712,0.8790319063302309,0.8843592405319214,5898087,0.0,0.0
2014-06-13 00:00:00-04:00,0.8857611573411044,0.899500361479351,0.8781905243003593,0.8992200493812561,11260599,0.0,0.0
2014-06-16 00:00:00-04:00,0.8989396725658592,0.8995003970747919,0.8877239789005104,0.8933318257331848,7467310,0.0,0.0
2014-06-17 00:00:00-04:00,0.8910886076085971,0.8930513938530186,0.8823963258350418,0.8854807615280151,6711203,0.0,0.0
2014-06-18 00:00:00-04:00,0.8854806404042813,0.8927708593699273,0.8823962051332238,0.8910884857177734,10538246,0.0,0.0
2014-06-19 00:00:00-04:00,0.8922100191990374,0.8978178650453205,0.8891257842160138,0.8969768285751343,9560107,0.0,0.0
2014-06-20 00:00:00-04:00,0.8995000357880802,0.9003411723589134,0.89501384035628,0.898939311504364,12907083,0.0,0.0
2014-06-23 00:00:00-04:00,0.8992200729893187,0.9039866825592731,0.8966965620063362,0.898659348487854,5880085,0.0,0.0
2014-06-24 00:00:00-04:00,0.8980982572910371,0.9006219683883414,0.8966963961513884,0.8997806310653687,5045216,0.0,0.0
2014-06-25 00:00:00-04:00,0.8983786353660611,0.9065101927816963,0.8983786353660611,0.904266893863678,5954345,0.0,0.0
2014-06-26 00:00:00-04:00,0.9045476771589201,0.9045476771589201,0.9000611787685067,0.9039867520332336,3552504,0.0,0.0
2014-06-27 00:00:00-04:00,0.9037061756130439,0.9185671284317711,0.9006220407418307,0.9123984575271606,5285250,0.0,0.0
2014-06-30 00:00:00-04:00,0.9126788179381808,0.9138002667599385,0.9023041627051686,0.9048277735710144,8821252,0.0,0.0
2014-07-01 00:00:00-04:00,0.9051081859217239,0.9087533458998678,0.9000609641900322,0.9048277735710144,7294036,0.0,0.0
2014-07-02 00:00:00-04:00,0.9039866625386651,0.9084730601943615,0.8961356170770278,0.9079121351242065,5292751,0.0,0.0
2014-07-03 00:00:00-04:00,0.9079119849741738,0.9079119849741738,0.8980982549880326,0.9053884744644165,2953919,0.0,0.0
2014-07-07 00:00:00-04:00,0.9045474362943271,0.9135198289425831,0.9045474362943271,0.9095943570137024,6429163,0.0,0.0
2014-07-08 00:00:00-04:00,0.9180064090826187,0.9258573536497336,0.9168847596097052,0.9196885824203491,8888012,0.0,0.0
2014-07-09 00:00:00-04:00,0.9202495569779959,0.9224926554634602,0.9140808857071413,0.9222122430801392,4567398,0.0,0.0
2014-07-10 00:00:00-04:00,0.9180063653070363,0.9292218565958893,0.9166043035327525,0.9266984462738037,5059468,0.0,0.0
2014-07-11 00:00:00-04:00,0.9266983392749985,0.9309041229500731,0.922212042986914,0.9292217493057251,4477386,0.0,0.0
2014-07-14 00:00:00-04:00,0.9297826821346441,0.9365120764786352,0.926417934817383,0.9359513521194458,8518960,0.0,0.0
2014-07-15 00:00:00-04:00,0.9348299771185193,0.9454849465558812,0.9311848164068321,0.9429613351821899,14993879,0.0,0.0
2014-07-16 00:00:00-04:00,0.9435219058432145,0.9502511993432606,0.9409981951270209,0.9466060400009155,7214524,0.0,0.0
2014-07-17 00:00:00-04:00,0.9424003632583788,0.9491298581008398,0.9424003632583788,0.9440827369689941,8913516,0.0,0.0
2014-07-18 00:00:00-04:00,0.9449236837910089,0.9541766881767575,0.9418395495768087,0.9522140026092529,7138764,0.0,0.0
2014-07-21 00:00:00-04:00,0.9494103101712255,0.9516534083522395,0.9452044258639203,0.9468865990638733,5801324,0.0,0.0
2014-07-22 00:00:00-04:00,0.9480081980718561,0.9544571802175043,0.9477278860320277,0.9494102597236633,3997318,0.0,0.0
2014-07-23 00:00:00-04:00,0.9480080681402027,0.9530551885233638,0.9477277561387932,0.9524942636489868,6188379,0.0,0.0
2014-07-24 00:00:00-04:00,0.9533360658050278,0.9552988525153597,0.9474478059646004,0.951373279094696,10493990,0.0,0.0
2014-07-25 00:00:00-04:00,0.9496905824773554,0.9530553298985859,0.9426806753013696,0.9440827369689941,5832078,0.0,0.0
2014-07-28 00:00:00-04:00,0.944923985021454,0.9519338937674368,0.9446436729156823,0.9502515196800232,5793072,0.0,0.0
2014-07-29 00:00:00-04:00,0.9499712075742515,0.9547377168590506,0.9443632605193539,0.9502515196800232,3980815,0.0,0.0
2014-07-30 00:00:00-04:00,0.9499710282077801,0.9667946656148452,0.9499710282077801,0.9623081684112549,6732956,0.0,0.0
2014-07-31 00:00:00-04:00,0.9597849665508582,0.9625887897217533,0.9435222505906457,0.9583829045295715,18098570,0.0,0.0
2014-08-01 00:00:00-04:00,0.9544571362110513,0.9645512776049291,0.9395964868734599,0.9407179355621338,17413722,0.0,0.0
2014-08-04 00:00:00-04:00,0.9407179003490637,0.9544571004836937,0.935951292293246,0.9522140026092529,6446415,0.0,0.0
2014-08-05 00:00:00-04:00,0.9502511552277921,0.9508118795148363,0.9390353657101739,0.9415590763092041,7805608,0.0,0.0
2014-08-06 00:00:00-04:00,0.9390354865307845,0.9429610584977661,0.9337082541016257,0.9359513521194458,7268532,0.0,0.0
2014-08-07 00:00:00-04:00,0.9379140120035945,0.9409982466205946,0.9252962600563367,0.9300630688667297,7754601,0.0,0.0
2014-08-08 00:00:00-04:00,0.9314650628818995,0.9362318728862198,0.9255769041997269,0.9320260882377625,13983485,0.0,0.0
2014-08-11 00:00:00-04:00,0.9325866819023179,0.9390355641640687,0.9317455451487284,0.9351100921630859,6803466,0.0,0.0
2014-08-12 00:00:00-04:00,0.9348298002786148,0.9362317617585435,0.9297827790670883,0.9323062896728516,6386407,0.0,0.0
2014-08-13 00:00:00-04:00,0.9362626311343882,0.9472841938253194,0.9351323440390904,0.9450234174728394,13357146,0.034662,0.0
2014-08-14 00:00:00-04:00,0.9455887405181115,0.94926262913947,0.9371106759655384,0.9399366974830627,3958312,0.0,0.0
2014-08-15 00:00:00-04:00,0.9407841883573228,0.9441754539832711,0.935414869764633,0.9419146776199341,7620332,0.0,0.0
2014-08-18 00:00:00-04:00,0.9464365093051145,0.9529365212381543,0.9436105885584852,0.9520886540412903,8162659,0.0,0.0
2014-08-19 00:00:00-04:00,0.9526537297298975,0.9614143140460204,0.9503927511795156,0.9577404260635376,7912873,0.0,0.0
2014-08-20 00:00:00-04:00,0.9566103076176237,0.9687621597400192,0.9506756422002597,0.9653708934783936,4181844,0.0,0.0
2014-08-21 00:00:00-04:00,0.965088225352972,0.9710228898673794,0.9616968585263798,0.9648056030273438,2931416,0.0,0.0
2014-08-22 00:00:00-04:00,0.9636751733458516,0.9656534286666943,0.9535014765604297,0.9614143967628479,3768535,0.0,0.0
2014-08-25 00:00:00-04:00,0.9639579482933123,0.9653709591516217,0.952653962507805,0.955762505531311,3659020,0.0,0.0
2014-08-26 00:00:00-04:00,0.9549147605164207,0.9667840924204735,0.9549147605164207,0.9645233154296875,4046825,0.0,0.0
2014-08-27 00:00:00-04:00,0.9642403169511263,0.9698923594895883,0.9580231308073898,0.9614143967628479,4066327,0.0,0.0
2014-08-28 00:00:00-04:00,0.960849335383815,0.964805745283124,0.956892925484506,0.9633927345275879,2932166,0.0,0.0
2014-08-29 00:00:00-04:00,0.9633927339657585,0.969044776984607,0.9611318561096425,0.9684796333312988,4834436,0.0,0.0
2014-09-02 00:00:00-04:00,0.968762258948951,0.9755446910858154,0.963110215321402,0.9755446910858154,6220633,0.0,0.0
2014-09-03 00:00:00-04:00,0.9763921921990892,0.9826094782907303,0.9707401506906643,0.9814789891242981,7238528,0.0,0.0
2014-09-04 00:00:00-04:00,0.9803490696825928,0.9837401341295671,0.9718708020793254,0.9755446910858154,5559789,0.0,0.0
2014-09-05 00:00:00-04:00,0.9744141293967207,0.9845877241980489,0.9707402414242913,0.984305202960968,6490672,0.0,0.0
2014-09-08 00:00:00-04:00,0.9848704061407931,0.9854355497301125,0.9789357414267674,0.9792183637619019,5527535,0.0,0.0
2014-09-09 00:00:00-04:00,0.9775226712900281,0.9795009266390841,0.9721532510181027,0.9758270382881165,3867549,0.0,0.0
2014-09-10 00:00:00-04:00,0.9718707962965477,0.9727187645651897,0.9563276764132719,0.9580233097076416,7131262,0.0,0.0
2014-09-11 00:00:00-04:00,0.9574579048256836,0.9619794576026721,0.9529362509677514,0.9577404260635376,3469243,0.0,0.0
2014-09-12 00:00:00-04:00,0.955762368757971,0.955762368757971,0.922415155544435,0.9306105971336365,8578968,0.0,0.0
2014-09-15 00:00:00-04:00,0.9297631719348295,0.934567348755462,0.92071975989116,0.9241111278533936,4899696,0.0,0.0
2014-09-16 00:00:00-04:00,0.9246761643023549,0.9385236504786472,0.921567621283102,0.9368280172348022,5483279,0.0,0.0
2014-09-17 00:00:00-04:00,0.9396539741039851,0.9464363037198016,0.9308931870442749,0.9331541657447815,4910197,0.0,0.0
2014-09-18 00:00:00-04:00,0.9328715169461675,0.9368279267456736,0.9167631543070149,0.9190239310264587,5757817,0.0,0.0
2014-09-19 00:00:00-04:00,0.9221325793636557,0.9269367546597349,0.9176110263981572,0.924393355846405,13441158,0.0,0.0
2014-09-22 00:00:00-04:00,0.9212848454148899,0.9229802762143492,0.9161979465308029,0.9170457124710083,3148947,0.0,0.0
2014-09-23 00:00:00-04:00,0.9176110073584357,0.9215674166616284,0.9094153642654419,0.9094153642654419,5219991,0.0,0.0
2014-09-24 00:00:00-04:00,0.9077202512229097,0.9142199604803307,0.9012202387225448,0.9026332497596741,8352436,0.0,0.0
2014-09-25 00:00:00-04:00,0.8975461947585415,0.902067950595577,0.8904812418709446,0.899524450302124,8259423,0.0,0.0
2014-09-26 00:00:00-04:00,0.8992418363637367,0.9074372788279628,0.8921768834098575,0.9037635922431946,7904622,0.0,0.0
2014-09-29 00:00:00-04:00,0.8992417452374886,0.9057417560203987,0.8958506813739465,0.9043286442756653,7711095,0.0,0.0
2014-09-30 00:00:00-04:00,0.9054589317456297,0.9088502988529197,0.8972634901097662,0.8992417454719543,8074146,0.0,0.0
2014-10-01 00:00:00-04:00,0.8989591505912953,0.9080025606315025,0.8958507089809087,0.9015025496482849,12580036,0.0,0.0
2014-10-02 00:00:00-04:00,0.9023505173217978,0.9096981932121565,0.8935897296439109,0.9017853736877441,8770245,0.0,0.0
2014-10-03 00:00:00-04:00,0.904328657722088,0.9133718654561632,0.8981114713575906,0.9105459451675415,4080579,0.0,0.0
2014-10-06 00:00:00-04:00,0.9113934593519365,0.9207193889779286,0.9102631722881633,0.9161978363990784,4044574,0.0,0.0
2014-10-07 00:00:00-04:00,0.9156327011990132,0.9212847430549462,0.9085675477981567,0.9085675477981567,5172734,0.0,0.0
2014-10-08 00:00:00-04:00,0.9094153427532076,0.9311759471893309,0.9094153427532076,0.931175947189331,5558289,0.0,0.0
2014-10-09 00:00:00-04:00,0.9306106246237147,0.9385235451802051,0.9221326615176184,0.926371693611145,6645944,0.0,0.0
2014-10-10 00:00:00-04:00,0.9277846537047149,0.9405017492916645,0.9255238771438599,0.9255238771438599,8022389,0.0,0.0
2014-10-13 00:00:00-04:00,0.932871365524726,0.9549144909065883,0.9286323340531194,0.9450234174728394,12261991,0.0,0.0
2014-10-14 00:00:00-04:00,0.9498277657345403,0.9780878796187715,0.9450235898390341,0.9696099162101746,9730382,0.0,0.0
2014-10-15 00:00:00-04:00,0.9648056947182903,0.9814792005435773,0.9518058751515163,0.9625449180603027,12848574,0.0,0.0
2014-10-16 00:00:00-04:00,0.9532187906432136,0.9605664648901978,0.9444580049247564,0.9540664553642273,9910407,0.0,0.0
2014-10-17 00:00:00-04:00,0.9591534853453366,0.963109894349891,0.9399364827674549,0.9470016360282898,10905048,0.0,0.0
2014-10-20 00:00:00-04:00,0.9447406354452021,0.9616968631744385,0.9447406354452021,0.9616968631744385,7271532,0.0,0.0
2014-10-21 00:00:00-04:00,0.9656534785760864,0.9724360108375549,0.9608493028186634,0.9724360108375549,4772178,0.0,0.0
2014-10-22 00:00:00-04:00,0.9724358593187362,0.9803487786971891,0.958588376757621,0.9679141044616699,37705603,0.0,0.0
2014-10-23 00:00:00-04:00,0.9744143485583434,0.9820444452945288,0.968762204169428,0.9775227904319763,8888762,0.0,0.0
2014-10-24 00:00:00-04:00,0.9758270106824486,0.9809140106252289,0.9667839044772885,0.9718706011772156,6423162,0.0,0.0
2014-10-27 00:00:00-04:00,0.9730011819007189,0.9843053689615097,0.970740405137137,0.9746968150138855,9266816,0.0,0.0
2014-10-28 00:00:00-04:00,0.9752620141357341,0.9772402697271089,0.9670665715504049,0.9710230827331543,8722238,0.0,0.0
2014-10-29 00:00:00-04:00,0.9710230324735883,0.9766750754924369,0.9648057447204706,0.9684796333312988,13441908,0.0,0.0
2014-10-30 00:00:00-04:00,0.967631660195531,0.9814792463855916,0.9625449630179522,0.9746968150138855,11397868,0.0,0.0
2014-10-31 00:00:00-04:00,0.9823271508974911,1.0125656224776431,0.974696852138099,1.0114350318908691,14358539,0.0,0.0
2014-11-03 00:00:00-05:00,1.0148264645169158,1.0298044406213904,1.0131308312302432,1.029239296913147,11143582,0.0,0.0
2014-11-04 00:00:00-05:00,1.0303693733435242,1.0354563732428608,1.0196306342761312,1.0247173309326172,15652472,0.0,0.0
2014-11-05 00:00:00-05:00,1.0286738598710192,1.029521828060656,1.0187827845032138,1.026413083076477,8251922,0.0,0.0
2014-11-06 00:00:00-05:00,1.025282746051946,1.0326302197375037,1.01426118174026,1.01539146900177,6823719,0.0,0.0
2014-11-07 00:00:00-05:00,1.0151085579485635,1.0213260458472257,1.0077610863526303,1.016239047050476,11608648,0.0,0.0
2014-11-10 00:00:00-05:00,1.0168048869086301,1.0396957906859294,1.0148267317873434,1.0388479232788086,10597505,0.0,0.0
2014-11-11 00:00:00-05:00,1.0385649623868833,1.0385649623868833,1.0235871893803201,1.0320651531219482,9051535,0.0,0.0
2014-11-12 00:00:00-05:00,1.0300725404479505,1.035196016253551,1.0215337873930057,1.0277955532073975,7416303,0.034662,0.0
2014-11-13 00:00:00-05:00,1.030926721216455,1.0474351353448568,1.0286497336834879,1.0451581478118896,10491740,0.0,0.0
2014-11-14 00:00:00-05:00,1.0445890324166471,1.0480044121738228,1.0283649605124272,1.0306421518325806,8254922,0.0,0.0
2014-11-17 00:00:00-05:00,1.0306418134308075,1.04515788527293,1.0303570628035201,1.0431654453277588,10869793,0.0,0.0
2014-11-18 00:00:00-05:00,1.0443042087028607,1.0559740000945117,1.0408888288514535,1.0522738695144653,11586145,0.0,0.0
2014-11-19 00:00:00-05:00,1.0511354625042477,1.0593896703157166,1.0377577777653761,1.0397502183914185,10039425,0.0,0.0
2014-11-20 00:00:00-05:00,1.0386116184101422,1.0448733843420388,1.0363344275153714,1.0437347888946533,5002460,0.0,0.0
2014-11-21 00:00:00-05:00,1.050850654381505,1.0545508861541748,1.0462964759817195,1.0545508861541748,28612812,0.0,0.0
2014-11-24 00:00:00-05:00,1.0554045363798905,1.06280499927459,1.0482887223358703,1.0517044067382812,12854575,0.0,0.0
2014-11-25 00:00:00-05:00,1.0519892608339088,1.0573972851580675,1.048289028306549,1.0525586605072021,8309680,0.0,0.0
2014-11-26 00:00:00-05:00,1.055974054197356,1.066790102986082,1.0517047273585916,1.0633745193481445,8197164,0.0,0.0
2014-11-28 00:00:00-05:00,1.0628048847080116,1.0756130635504983,1.058820106645268,1.0602432489395142,4025071,0.0,0.0
2014-12-01 00:00:00-05:00,1.0602434905169273,1.0730516722777694,1.0551201160068375,1.0554046630859375,8025389,0.0,0.0
2014-12-02 00:00:00-05:00,1.0548357235329326,1.0602437482424651,1.0485739555728184,1.0588206052780151,8078647,0.0,0.0
2014-12-03 00:00:00-05:00,1.0619510481576544,1.064512888048351,1.049712062709409,1.0514198541641235,7237028,0.0,0.0
2014-12-04 00:00:00-05:00,1.0485737288786627,1.0579663278853324,1.0457273417593536,1.0559738874435425,6217633,0.0,0.0
2014-12-05 00:00:00-05:00,1.0502812578293086,1.0531276447887556,1.0420270512447363,1.049712061882019,6574683,0.0,0.0
2014-12-08 00:00:00-05:00,1.0494274701467279,1.0693515691132243,1.0494274701467279,1.0642282962799072,6003852,0.0,0.0
2014-12-09 00:00:00-05:00,1.0619510618466603,1.0776057322118802,1.061381865891585,1.0687823295593262,8055394,0.0,0.0
2014-12-10 00:00:00-05:00,1.0639436620159959,1.0670746983650958,1.0519892216890017,1.0556894540786743,12568034,0.0,0.0
2014-12-11 00:00:00-05:00,1.0494274374769763,1.0568279012160597,1.046581254062659,1.0534123182296753,10594504,0.0,0.0
2014-12-12 00:00:00-05:00,1.051989056295798,1.0562584840548064,1.0380422793108546,1.039180874824524,13221377,0.0,0.0
2014-12-15 00:00:00-05:00,1.042311927613488,1.0451584172779775,1.0215341819552268,1.0229573249816895,9252564,0.0,0.0
2014-12-16 00:00:00-05:00,1.024664614504224,1.026087858921358,1.0124256287686408,1.0149874687194824,17205193,0.0,0.0
2014-12-17 00:00:00-05:00,1.017833814610678,1.0343422308156023,1.0152721778624336,1.0280804634094238,29933750,0.0,0.0
2014-12-18 00:00:00-05:00,1.0329190885597235,1.0474351644515991,1.0286497622682103,1.0474351644515991,7231777,0.0,0.0
2014-12-19 00:00:00-05:00,1.0468660368031544,1.0684978276027781,1.0462966371582811,1.0676438808441162,21824349,0.0,0.0
2014-12-22 00:00:00-05:00,1.0719129964904943,1.0909832486789113,1.0665052789176546,1.0906985998153687,9701127,0.0,0.0
2014-12-23 00:00:00-05:00,1.0921217158854692,1.096675689944399,1.0813056711754443,1.085290551185608,5859832,0.0,0.0
2014-12-24 00:00:00-05:00,1.0850062055362988,1.0906987765063565,1.0747596592348043,1.0758980512619019,2613371,0.0,0.0
2014-12-26 00:00:00-05:00,1.077036502553563,1.08585990493001,1.0693514920516436,1.0821598768234253,3450490,0.0,0.0
2014-12-29 00:00:00-05:00,1.0795978855196964,1.0912676731682633,1.0781749467790394,1.0855751037597656,4482636,0.0,0.0
2014-12-30 00:00:00-05:00,1.082729048933558,1.0892754638053896,1.0781750743126726,1.0801674127578735,3267464,0.0,0.0
2014-12-31 00:00:00-05:00,1.0838676619197347,1.0889910371221487,1.0548356096624552,1.0573972463607788,6654195,0.0,0.0
2015-01-02 00:00:00-05:00,1.0625205213461044,1.0801675312581174,1.0599587830836377,1.0784597396850586,4528393,0.0,0.0
2015-01-05 00:00:00-05:00,1.0750439406876005,1.0918368987326958,1.0704899664814833,1.087852120399475,5570291,0.0,0.0
2015-01-06 00:00:00-05:00,1.0895601765220713,1.1057842480558546,1.088706433408034,1.096675992012024,15789742,0.0,0.0
2015-01-07 00:00:00-05:00,1.0943989581560871,1.1123306169667335,1.0901295301258034,1.1077766418457031,8889512,0.0,0.0
2015-01-08 00:00:00-05:00,1.1094840821169858,1.119730830192566,1.1012298760516914,1.119730830192566,10240454,0.0,0.0
2015-01-09 00:00:00-05:00,1.1217239183213703,1.1325397667500812,1.1151772962090936,1.1257086992263794,8821252,0.0,0.0
2015-01-12 00:00:00-05:00,1.1385163509457874,1.1493323978915764,1.1348162208066266,1.1473400592803955,6712703,0.0,0.0
2015-01-13 00:00:00-05:00,1.1026531472637109,1.1174537697762073,1.1000916126543954,1.106068730354309,59112143,0.0,0.0
2015-01-14 00:00:00-05:00,1.1006608205240795,1.124000401015237,1.0935450053741602,1.1217234134674072,17490233,0.0,0.0
2015-01-15 00:00:00-05:00,1.1254234987548244,1.1311160697178453,1.1203002256104102,1.1228618621826172,12421764,0.0,0.0
2015-01-16 00:00:00-05:00,1.124000648668159,1.146201638471226,1.1228620528376192,1.145063042640686,9700377,0.0,0.0
2015-01-20 00:00:00-05:00,1.1530321976085942,1.1530321976085942,1.126561790493445,1.1288387775421143,9668873,0.0,0.0
2015-01-21 00:00:00-05:00,1.1271313402127303,1.1393705312132925,1.1205849240382753,1.1353857517242432,8417695,0.0,0.0
2015-01-22 00:00:00-05:00,1.1416473601253196,1.1527477502822876,1.1339623493326474,1.1527477502822876,9347077,0.0,0.0
2015-01-23 00:00:00-05:00,1.154171109199524,1.1610020722173218,1.1450628530918407,1.154171109199524,11603397,0.0,0.0
2015-01-26 00:00:00-05:00,1.1536018769868845,1.166979459109493,1.149901644877813,1.164133071899414,15596214,0.0,0.0
2015-01-27 00:00:00-05:00,1.1570170226737013,1.173525637570497,1.1570170226737013,1.1692562103271484,11698661,0.0,0.0
2015-01-28 00:00:00-05:00,1.1755183153224535,1.1826339270274953,1.164133071899414,1.164133071899414,10477488,0.0,0.0
2015-01-29 00:00:00-05:00,1.1618559691259234,1.1706793715600636,1.1541709585737543,1.1610019207000732,6958738,0.0,0.0
2015-01-30 00:00:00-05:00,1.155878616502447,1.1570170082529323,1.1333929869955475,1.1345313787460327,12551532,0.0,0.0
2015-02-02 00:00:00-05:00,1.1342470929417239,1.1370932765849202,1.1035070472037751,1.134816288948059,11388867,0.0,0.0
2015-02-03 00:00:00-05:00,1.1353855945892564,1.1410779614044877,1.1163153411316402,1.1402242183685303,9490347,0.0,0.0
2015-02-04 00:00:00-05:00,1.1353858324294281,1.1464862249199654,1.1268467713890622,1.1419322490692139,8834004,0.0,0.0
2015-02-05 00:00:00-05:00,1.1456318694149046,1.1555939671152686,1.1390852520806931,1.1536015272140503,12015956,0.0,0.0
2015-02-06 00:00:00-05:00,1.145347743320191,1.1476247310677519,1.1066380353597727,1.1114766597747803,17830032,0.0,0.0
2015-02-09 00:00:00-05:00,1.1114766379592762,1.1166001148051399,1.0921220388733626,1.0952528715133667,10565250,0.0,0.0
2015-02-10 00:00:00-05:00,1.0909833908081055,1.0935450273022194,1.073620927733283,1.0909833908081055,13549174,0.0,0.0
2015-02-11 00:00:00-05:00,1.0927037826341346,1.0975779102283842,1.0823817326786644,1.0901232957839966,12962590,0.037328,0.0
2015-02-12 00:00:00-05:00,1.0918436661157125,1.1202294373204091,1.0904101531855093,1.1196558475494385,10394976,0.0,0.0
2015-02-13 00:00:00-05:00,1.1202292419921402,1.1202292419921402,1.0978646802356138,1.1053194999694824,10343969,0.0,0.0
2015-02-17 00:00:00-05:00,1.105319492958719,1.1170752608784547,1.097577929715935,1.0984382629394531,7405801,0.0,0.0
2015-02-18 00:00:00-05:00,1.0964309886403283,1.1144945991888133,1.090123144167843,1.1122008562088013,8731990,0.0,0.0
2015-02-19 00:00:00-05:00,1.1093334723142294,1.1093334723142294,1.0792274561266526,1.0820947885513306,6003102,0.0,0.0
2015-02-20 00:00:00-05:00,1.0826680004382798,1.0992977858804633,1.0800875147221674,1.0964306592941284,10908049,0.0,0.0
2015-02-23 00:00:00-05:00,1.1013057705027505,1.1147817992955922,1.0981518979620455,1.1144951581954956,6867975,0.0,0.0
2015-02-24 00:00:00-05:00,1.110194010756032,1.1110541389335902,1.072059781377282,1.0809481143951416,14131256,0.0,0.0
2015-02-25 00:00:00-05:00,1.0838154131279254,1.0901234645642073,1.0711996179201635,1.0743536949157715,9149049,0.0,0.0
2015-02-26 00:00:00-05:00,1.0737798515289905,1.0737798515289905,1.0560029817682517,1.0637445449829102,7744100,0.0,0.0
2015-02-27 00:00:00-05:00,1.0637446159529418,1.0826685637517828,1.05743677009323,1.0803747177124023,11387367,0.0,0.0
2015-03-02 00:00:00-05:00,1.0792275419227304,1.101018613731268,1.0780807729495323,1.0878292322158813,7254280,0.0,0.0
2015-03-03 00:00:00-05:00,1.0826685184348535,1.0852489028306629,1.0700527246885587,1.080661416053772,5870333,0.0,0.0
2015-03-04 00:00:00-05:00,1.0780806701282497,1.0826682583580398,1.0677585196950488,1.0723462104797363,6301645,0.0,0.0
2015-03-05 00:00:00-05:00,1.0769337869327702,1.090409809264672,1.0769337869327702,1.0823816061019897,5558289,0.0,0.0
2015-03-06 00:00:00-05:00,1.0643181275627533,1.0643181275627533,1.0491217447897596,1.0568633079528809,9800892,0.0,0.0
2015-03-09 00:00:00-04:00,1.062884511596213,1.0674719982252576,1.0580100763042861,1.0617375373840332,5931092,0.0,0.0
2015-03-10 00:00:00-04:00,1.0594438768791816,1.0823818245919048,1.0560030565286147,1.0789411067962646,12097718,0.0,0.0
2015-03-11 00:00:00-04:00,1.0789410269572206,1.0949975378905201,1.073493207091428,1.0898363590240479,13471163,0.0,0.0
2015-03-12 00:00:00-04:00,1.0952841123774864,1.1076131614668159,1.0952841123774864,1.1038860082626343,7662338,0.0,0.0
2015-03-13 00:00:00-04:00,1.1047462526417442,1.1093338424751507,1.0972914319818257,1.1004455089569092,4753425,0.0,0.0
2015-03-16 00:00:00-04:00,1.1070397795010896,1.1242433662012337,1.1070397795010896,1.122809648513794,7426054,0.0,0.0
2015-03-17 00:00:00-04:00,1.1210891830378138,1.1259636176008958,1.1153546204991254,1.1185086965560913,4714419,0.0,0.0
2015-03-18 00:00:00-04:00,1.1185086174070145,1.148327889256516,1.1104804150197771,1.1480412483215332,8611223,0.0,0.0
2015-03-19 00:00:00-04:00,1.1425938426401983,1.1540627659413447,1.1391530220729476,1.1483283042907715,6589686,0.0,0.0
2015-03-20 00:00:00-04:00,1.1497617335207166,1.1818747517214152,1.1463209138175532,1.1810144186019897,13747952,0.0,0.0
2015-03-23 00:00:00-04:00,1.181014505650694,1.1850286075829206,1.1695454818294655,1.1712658405303955,9616365,0.0,0.0
2015-03-24 00:00:00-04:00,1.1678252552356514,1.1749932280241,1.1563563346862793,1.1563563346862793,4796181,0.0,0.0
2015-03-25 00:00:00-04:00,1.1575032975830595,1.1603706307556536,1.1294043759969539,1.13112473487854,6259639,0.0,0.0
2015-03-26 00:00:00-04:00,1.1271103950108856,1.133704983019887,1.1216625759413839,1.1262502670288086,5173485,0.0,0.0
2015-03-27 00:00:00-04:00,1.1256768903814136,1.135999146003217,1.1245301212249919,1.1291176080703735,6643693,0.0,0.0
2015-03-30 00:00:00-04:00,1.1339918252023857,1.1440271302151255,1.125390032636562,1.1431668996810913,4706918,0.0,0.0
2015-03-31 00:00:00-04:00,1.1403001000574002,1.1457478181195007,1.1259639459176973,1.1285443305969238,7370546,0.0,0.0
2015-04-01 00:00:00-04:00,1.128257352349274,1.130551095304109,1.1119141004926418,1.1165016889572144,8350936,0.0,0.0
2015-04-02 00:00:00-04:00,1.116788461307426,1.1239566396331964,1.1122009748580102,1.1170752048492432,18565886,0.0,0.0
2015-04-06 00:00:00-04:00,1.1190821508877344,1.1268237133711243,1.1156414336606921,1.1259636878967285,13614433,0.0,0.0
2015-04-07 00:00:00-04:00,1.1233830962271714,1.1251034549939607,1.110193918309932,1.1119142770767212,6178627,0.0,0.0
2015-04-08 00:00:00-04:00,1.1150682303953625,1.1193690763507416,1.1035992052927583,1.1142081022262573,7089257,0.0,0.0
2015-04-09 00:00:00-04:00,1.1099071248340031,1.1124875087973194,1.080087850452631,1.0858221054077148,6024105,0.0,0.0
2015-04-10 00:00:00-04:00,1.0906967552278837,1.0978647291682957,1.0812348327210834,1.0846755504608154,7110260,0.0,0.0
2015-04-13 00:00:00-04:00,1.0855354028621256,1.092416836593514,1.079800840567669,1.0820947885513306,4840437,0.0,0.0
2015-04-14 00:00:00-04:00,1.0820949398040307,1.0975778601991237,1.0820949398040307,1.090983271598816,5679806,0.0,0.0
2015-04-15 00:00:00-04:00,1.0929902032656909,1.09471056167057,1.070625851666955,1.0714858770370483,4972456,0.0,0.0
2015-04-16 00:00:00-04:00,1.0671852168949982,1.0838151101257931,1.0631710127900635,1.0795142650604248,5052717,0.0,0.0
2015-04-17 00:00:00-04:00,1.0749270055374653,1.082095082156831,1.0657517238877798,1.0740668773651123,6237886,0.0,0.0
2015-04-20 00:00:00-04:00,1.0766472773549478,1.083241866289405,1.069479098760437,1.0780808925628662,4918448,0.0,0.0
2015-04-21 00:00:00-04:00,1.083241672366309,1.0898361575652957,1.0777938535075586,1.0875424146652222,8369688,0.0,0.0
2015-04-22 00:00:00-04:00,1.0872558352836017,1.1093335478052644,1.0843887077736118,1.1076130867004395,12164477,0.0,0.0
2015-04-23 00:00:00-04:00,1.106466424943414,1.111340654993047,1.099298246531759,1.1079001426696777,5703810,0.0,0.0
2015-04-24 00:00:00-04:00,1.1090469360351562,1.1187956014578042,1.1041727058787505,1.1090469360351562,6250637,0.0,0.0
2015-04-27 00:00:00-04:00,1.1116274374321047,1.1279707945341764,1.1116274374321047,1.1245300769805908,15055388,0.0,0.0
2015-04-28 00:00:00-04:00,1.122522979543497,1.1242434408827118,1.1084735708224434,1.1173619031906128,7514567,0.0,0.0
2015-04-29 00:00:00-04:00,1.1053194307181784,1.1156414802756824,1.0967178424009916,1.0987248420715332,10651512,0.0,0.0
2015-04-30 00:00:00-04:00,1.095857497979222,1.1047460348550675,1.0743534761294917,1.081808090209961,9110043,0.0,0.0
2015-05-01 00:00:00-04:00,1.0904097804804709,1.1167883374127923,1.0884027810202335,1.097291111946106,12706054,0.0,0.0
2015-05-04 00:00:00-04:00,1.103599047029059,1.1165017881547077,1.1018786883826335,1.1081868410110474,10052177,0.0,0.0
2015-05-05 00:00:00-04:00,1.103599209294975,1.107900260375805,1.068905800506375,1.0732065439224243,9908907,0.0,0.0
2015-05-06 00:00:00-04:00,1.073206541831045,1.0884030283200972,1.072633157235655,1.083815336227417,11905690,0.0,0.0
2015-05-07 00:00:00-04:00,1.0855357769630762,1.1076133930358951,1.083528674340577,1.1010189056396484,8293928,0.0,0.0
2015-05-08 00:00:00-04:00,1.1173618782144803,1.1371458499592633,1.1170752372192718,1.1210893392562866,8179911,0.0,0.0
2015-05-11 00:00:00-04:00,1.1162150747736848,1.1202291766871706,1.0901232585036555,1.0924170017242432,10160943,0.0,0.0
2015-05-12 00:00:00-04:00,1.0823815328069146,1.0964309386676852,1.0755000990707093,1.0927035808563232,6726205,0.0,0.0
2015-05-13 00:00:00-04:00,1.1002174356152843,1.1083093370728727,1.0753635906118209,1.0773866176605225,8100400,0.039994,0.0
2015-05-14 00:00:00-04:00,1.083166769836245,1.0984835195878604,1.0820106951060455,1.0953047275543213,9519602,0.0,0.0
2015-05-15 00:00:00-04:00,1.0984834926163254,1.1114886094313587,1.0976166433272148,1.1083095073699951,24089670,0.0,0.0
2015-05-18 00:00:00-04:00,1.1039743772469068,1.1062863195780097,1.0915475063221618,1.0927035808563232,10295962,0.0,0.0
2015-05-19 00:00:00-04:00,1.0866346056367282,1.101951456196451,1.0857675497340245,1.095015525817871,4956704,0.0,0.0
2015-05-20 00:00:00-04:00,1.0953048561591465,1.1048418535913118,1.0915478195821215,1.0970388650894165,5978349,0.0,0.0
2015-05-21 00:00:00-04:00,1.098483500272719,1.1007957530610883,1.0892357295427497,1.09183669090271,6487671,0.0,0.0
2015-05-22 00:00:00-04:00,1.0903917447161817,1.1005066762126772,1.082588962951566,1.0970388650894165,6065361,0.0,0.0
2015-05-26 00:00:00-04:00,1.0976165100335398,1.0976165100335398,1.0849006201754174,1.0872125625610352,6480920,0.0,0.0
2015-05-27 00:00:00-04:00,1.0892358970898726,1.105130789740693,1.08432278555443,1.1028188467025757,6382656,0.0,0.0
2015-05-28 00:00:00-04:00,1.1010846021103418,1.1074424957889117,1.0976165849266712,1.1051305532455444,8867009,0.0,0.0
2015-05-29 00:00:00-04:00,1.1033964313750222,1.108020315987052,1.0921254283695248,1.0961713790893555,20888966,0.0,0.0
2015-06-01 00:00:00-04:00,1.0981946080365457,1.1172686007266606,1.0875017436945833,1.11582350730896,10397976,0.0,0.0
2015-06-02 00:00:00-04:00,1.1114888821703806,1.1117777975481038,1.0961718189304424,1.099928855895996,10880295,0.0,0.0
2015-06-03 00:00:00-04:00,1.0993504002651147,1.1065752452852462,1.07565252820263,1.0759414434432983,11117328,0.0,0.0
2015-06-04 00:00:00-04:00,1.0744965478462645,1.0796986770318566,1.069872662722672,1.0750747919082642,5994851,0.0,0.0
2015-06-05 00:00:00-04:00,1.0612030275970488,1.0802768157691136,1.0554229633596282,1.0716068744659424,6800466,0.0,0.0
2015-06-08 00:00:00-04:00,1.073918449058725,1.0785426435784295,1.0675605563053225,1.069872498512268,4390373,0.0,0.0
2015-06-09 00:00:00-04:00,1.0695838074580506,1.0759417015441297,1.061491801300369,1.0635148286819458,6717204,0.0,0.0
2015-06-10 00:00:00-04:00,1.0623587658024183,1.0808548243840086,1.0571568430041645,1.0675607919692993,7437306,0.0,0.0
2015-06-11 00:00:00-04:00,1.075941421253786,1.0883682908786825,1.0655374751148543,1.0837444067001343,16134041,0.0,0.0
2015-06-12 00:00:00-04:00,1.0820103390250413,1.0860562891433676,1.0736294202009526,1.0744962692260742,6210132,0.0,0.0
2015-06-15 00:00:00-04:00,1.0736294183623707,1.0747854927101357,1.064959480965693,1.0669825077056885,4424128,0.0,0.0
2015-06-16 00:00:00-04:00,1.0678496406076954,1.0863454895067688,1.064959660986946,1.0860564708709717,8149157,0.0,0.0
2015-06-17 00:00:00-04:00,1.0860564649996487,1.0964604122518238,1.0750746872162251,1.095015525817871,5676056,0.0,0.0
2015-06-18 00:00:00-04:00,1.0961716864986395,1.1198696703084803,1.0953048371015466,1.111777663230896,7797357,0.0,0.0
2015-06-19 00:00:00-04:00,1.1091765251282961,1.1117773827693855,1.0999284455378453,1.1025294065475464,9379332,0.0,0.0
2015-06-22 00:00:00-04:00,1.1054194783474232,1.1129334460303448,1.0981944259315055,1.0996394157409668,12955839,0.0,0.0
2015-06-23 00:00:00-04:00,1.0958827034443999,1.09761671223736,1.079698793657826,1.0802767276763916,7413303,0.0,0.0
2015-06-24 00:00:00-04:00,1.0808544714124835,1.0880793158868274,1.0733404016135164,1.0744962692260742,5344509,0.0,0.0
2015-06-25 00:00:00-04:00,1.0744964741622582,1.0820105453943665,1.0692946554392437,1.0730516910552979,4844938,0.0,0.0
2015-06-26 00:00:00-04:00,1.071606784942882,1.0831668090833482,1.0658268245569649,1.0779647827148438,15029884,0.0,0.0
2015-06-29 00:00:00-04:00,1.0776756737799829,1.0857676796638418,1.066115650607524,1.0672718286514282,8997527,0.0,0.0
2015-06-30 00:00:00-04:00,1.075652749835485,1.0796987010931032,1.0655377166385056,1.0672718286514282,8286427,0.0,0.0
2015-07-01 00:00:00-04:00,1.0704506453594362,1.0929927582581236,1.0632257986831055,1.0924146175384521,9143048,0.0,0.0
2015-07-02 00:00:00-04:00,1.1028185246558317,1.1152453957519208,1.0941484823731271,1.0990614891052246,7012746,0.0,0.0
2015-07-06 00:00:00-04:00,1.093859496821661,1.1103324226041407,1.0915475543887512,1.1077314615249634,9206057,0.0,0.0
2015-07-07 00:00:00-04:00,1.1149565530483487,1.1299843861230083,1.108309434058481,1.129406452178955,9739383,0.0,0.0
2015-07-08 00:00:00-04:00,1.1236264079944636,1.1285393117600582,1.116401354939422,1.1169795989990234,8149157,0.0,0.0
2015-07-09 00:00:00-04:00,1.122470173069839,1.1331633451635297,1.1117773110819635,1.116401195526123,7402801,0.0,0.0
2015-07-10 00:00:00-04:00,1.1184244889885364,1.1305624469681297,1.1152455935178793,1.1204475164413452,6357153,0.0,0.0
2015-07-13 00:00:00-04:00,1.1302733689428395,1.1377874409820508,1.1123554516028722,1.1172685623168945,6565682,0.0,0.0
2015-07-14 00:00:00-04:00,1.119002522800512,1.1262273691177356,1.1080204338882382,1.1244933605194092,3951561,0.0,0.0
2015-07-15 00:00:00-04:00,1.1224703145327513,1.130273301410726,1.1164013362241731,1.129406452178955,6495922,0.0,0.0
2015-07-16 00:00:00-04:00,1.1328745741009685,1.147613389882533,1.128539397223576,1.1389435529708862,6661696,0.0,0.0
2015-07-17 00:00:00-04:00,1.138654312845693,1.1429894896671,1.1337415121401202,1.1400994062423706,7432055,0.0,0.0
2015-07-20 00:00:00-04:00,1.1363424082632705,1.1484803662534824,1.134897624924011,1.1470354795455933,5727063,0.0,0.0
2015-07-21 00:00:00-04:00,1.1447231753933034,1.1571503571310235,1.1447231753933034,1.1507923603057861,11581644,0.0,0.0
2015-07-22 00:00:00-04:00,1.1499253728863177,1.1594623686925367,1.1455904029840243,1.1557053327560425,7263281,0.0,0.0
2015-07-23 00:00:00-04:00,1.1525260895138218,1.1591732079390265,1.1435672355087827,1.1499252319335938,10214200,0.0,0.0
2015-07-24 00:00:00-04:00,1.1476134379576044,1.1617744237035108,1.1427004302455186,1.1562833786010742,9669623,0.0,0.0
2015-07-27 00:00:00-04:00,1.1554163140888318,1.1684212237957126,1.1490584202533078,1.1557053327560425,13903974,0.0,0.0
2015-07-28 00:00:00-04:00,1.156861405056679,1.1585952069505274,1.1490584179010752,1.1533933877944946,19707548,0.0,0.0
2015-07-29 00:00:00-04:00,1.153103968829438,1.1533929873957245,1.1395210265312412,1.1453009843826294,13312890,0.0,0.0
2015-07-30 00:00:00-04:00,1.1418332388458017,1.1467461421622878,1.1369203355293154,1.1392322778701782,10346969,0.0,0.0
2015-07-31 00:00:00-04:00,1.1507923855871467,1.1594623250655105,1.128250377553612,1.129406452178955,15158902,0.0,0.0
2015-08-03 00:00:00-04:00,1.1346083687634683,1.1395214796066284,1.1288286153512135,1.1395214796066284,7771853,0.0,0.0
2015-08-04 00:00:00-04:00,1.1398103852948935,1.150214334149886,1.1351864999092312,1.1377874612808228,7527319,0.0,0.0
2015-08-05 00:00:00-04:00,1.1386540274683845,1.1392321680507844,1.1218921886914057,1.1273832321166992,9563858,0.0,0.0
2015-08-06 00:00:00-04:00,1.1268056194806217,1.132296457733942,1.111199643945375,1.1311405897140503,7225776,0.0,0.0
2015-08-07 00:00:00-04:00,1.1311405316194447,1.1374984256140914,1.1175575842381942,1.1366313695907593,6587435,0.0,0.0
2015-08-10 00:00:00-04:00,1.1389434598899586,1.1412554024283024,1.12767245575183,1.1334524154663086,7393800,0.0,0.0
2015-08-11 00:00:00-04:00,1.1317183108607416,1.1551272697606545,1.1296952837848644,1.1539711952209473,11403119,0.0,0.0
2015-08-12 00:00:00-04:00,1.1516418118676859,1.1644539615358815,1.147856335366119,1.1641627550125122,12505776,0.039994,0.0
2015-08-13 00:00:00-04:00,1.1589211105610073,1.1641625144451984,1.146691272315657,1.153388500213623,11602647,0.0,0.0
2015-08-14 00:00:00-04:00,1.1525154246554041,1.1603774806950053,1.14523567756062,1.1600862741470337,5167484,0.0,0.0
2015-08-17 00:00:00-04:00,1.1606685559739844,1.1694041273022762,1.149312229926306,1.1691129207611084,4696417,0.0,0.0
2015-08-18 00:00:00-04:00,1.1673659145791262,1.1752279713032565,1.1662012965880917,1.1746456623077393,3456491,0.0,0.0
2015-08-19 00:00:00-04:00,1.167948231514079,1.1723160169112674,1.1606684850343147,1.1641627550125122,5293502,0.0,0.0
2015-08-20 00:00:00-04:00,1.156883056715601,1.1586302959285875,1.1461092481111566,1.1484386920928955,5393266,0.0,0.0
2015-08-21 00:00:00-04:00,1.142323677465982,1.143779605739817,1.1207757515412358,1.1210671663284302,10997311,0.0,0.0
2015-08-24 00:00:00-04:00,1.0881631232908995,1.1210673793240398,1.0572974171910878,1.0602092742919922,15363681,0.0,0.0
2015-08-25 00:00:00-04:00,1.0776804462420653,1.0776804462420653,1.0342937992804693,1.0348761081695557,15268418,0.0,0.0
2015-08-26 00:00:00-04:00,1.0570062827413178,1.063994614590174,1.0386615210713699,1.0613740682601929,13255882,0.0,0.0
2015-08-27 00:00:00-04:00,1.076224700786325,1.08845454468466,1.0540945616208894,1.0820484161376953,12541031,0.0,0.0
2015-08-28 00:00:00-04:00,1.0814657789802635,1.0922396907719885,1.071274280207431,1.0896190404891968,11950697,0.0,0.0
2015-08-31 00:00:00-04:00,1.0890368564746105,1.0890368564746105,1.04768823532173,1.0491442680358887,20966977,0.0,0.0
2015-09-01 00:00:00-04:00,1.028761201772263,1.0471058588223543,1.0246845187379159,1.0316729545593262,10995061,0.0,0.0
2015-09-02 00:00:00-04:00,1.043029442029274,1.0476883305334757,1.0258492959521464,1.0398262739181519,10168444,0.0,0.0
2015-09-03 00:00:00-04:00,1.043320652535334,1.0468149230778037,1.028179056537278,1.0380791425704956,8132655,0.0,0.0
2015-09-04 00:00:00-04:00,1.0296347247652948,1.0322555837660516,1.0107077567645186,1.014784336090088,6718704,0.0,0.0
2015-09-08 00:00:00-04:00,1.0275961881897822,1.032546385741966,1.014784040829604,1.0249755382537842,9530103,0.0,0.0
2015-09-09 00:00:00-04:00,1.0409908289800798,1.0459409227639014,1.0171135629368255,1.0188606977462769,10211950,0.0,0.0
2015-09-10 00:00:00-04:00,1.0136195366839877,1.0404087699423883,1.0136195366839877,1.0261406898498535,10121187,0.0,0.0
2015-09-11 00:00:00-04:00,1.0217726097818696,1.0523474216461182,1.0188608568462418,1.0523474216461182,9638118,0.0,0.0
2015-09-14 00:00:00-04:00,1.0549680214330397,1.0549680214330397,1.041573353174758,1.048270583152771,5807325,0.0,0.0
2015-09-15 00:00:00-04:00,1.0302172078432577,1.0485619704262998,1.0139107869309285,1.04390287399292,24299700,0.0,0.0
2015-09-16 00:00:00-04:00,1.0441940732045203,1.0564241243627583,1.0409911133551744,1.0506004095077515,14410296,0.0,0.0
2015-09-17 00:00:00-04:00,1.051473702989279,1.0785539323672408,1.045067679857963,1.0602092742919922,13003096,0.0,0.0
2015-09-18 00:00:00-04:00,1.0488527731531205,1.0730212431460193,1.0453585039019968,1.0558412075042725,15180655,0.0,0.0
2015-09-21 00:00:00-04:00,1.055259140389906,1.069236116444109,1.0398261316883826,1.0648683309555054,11519386,0.0,0.0
2015-09-22 00:00:00-04:00,1.0605005165618153,1.0663240220856556,1.0523473588657595,1.0572973489761353,8254922,0.0,0.0
2015-09-23 00:00:00-04:00,1.0625386776488592,1.0671975645977743,1.0520557654094054,1.0654504299163818,9296820,0.0,0.0
2015-09-24 00:00:00-04:00,1.063412390204522,1.0669067647089434,1.0444854222694242,1.0535120964050293,7530319,0.0,0.0
2015-09-25 00:00:00-04:00,1.0564238517042817,1.0712742374308204,1.0491441058632596,1.0631210803985596,6717954,0.0,0.0
2015-09-28 00:00:00-04:00,1.058462313411767,1.064868336336753,1.0366232817072676,1.044776439666748,8027640,0.0,0.0
2015-09-29 00:00:00-04:00,1.0465234768261067,1.0712742590718096,1.0427381047313256,1.0671976804733276,10795533,0.0,0.0
2015-09-30 00:00:00-04:00,1.0759331022832002,1.0800096803194337,1.0695269766897648,1.077971339225769,12757811,0.0,0.0
2015-10-01 00:00:00-04:00,1.0835042315033707,1.0948605574785242,1.0762244846251614,1.0931134223937988,9122045,0.0,0.0
2015-10-02 00:00:00-04:00,1.058462172650848,1.1035959502589938,1.058462172650848,1.1033047437667847,7999886,0.0,0.0
2015-10-05 00:00:00-04:00,1.1065078103093002,1.1172818266619224,1.098645755010783,1.116117000579834,9054536,0.0,0.0
2015-10-06 00:00:00-04:00,1.1178642483959607,1.1280557485852154,1.107672748206706,1.108837366104126,14059996,0.0,0.0
2015-10-07 00:00:00-04:00,1.1097110095682392,1.1257262229919434,1.1044695003514182,1.1257262229919434,13771205,0.0,0.0
2015-10-08 00:00:00-04:00,1.124561449986766,1.1379561177368938,1.1172819113287709,1.1356266736984253,8069646,0.0,0.0
2015-10-09 00:00:00-04:00,1.1335881305627358,1.1437796286840232,1.128929035011678,1.1434885263442993,6405159,0.0,0.0
2015-10-12 00:00:00-04:00,1.1449442026550247,1.1536799804421318,1.137664665568706,1.1504768133163452,6714953,0.0,0.0
2015-10-13 00:00:00-04:00,1.1446529471224056,1.1504766593328775,1.135335070076303,1.1408674716949463,4367870,0.0,0.0
2015-10-14 00:00:00-04:00,1.1420326938711207,1.143197311736163,1.1239791380916175,1.1265997886657715,7159016,0.0,0.0
2015-10-15 00:00:00-04:00,1.1300937137405451,1.1472735404968262,1.1251436206457925,1.1472735404968262,4930450,0.0,0.0
2015-10-16 00:00:00-04:00,1.1516417767752902,1.1571741797951403,1.1472737832089674,1.1525152921676636,5621298,0.0,0.0
2015-10-19 00:00:00-04:00,1.1501859361260591,1.1743544122557124,1.1469827683732818,1.1740632057189941,6340650,0.0,0.0
2015-10-20 00:00:00-04:00,1.184836755280601,1.185710270548622,1.1723158142997703,1.1795953512191772,7398300,0.0,0.0
2015-10-21 00:00:00-04:00,1.182507577896061,1.1865841569826698,1.1705689430236816,1.1705689430236816,7520568,0.0,0.0
2015-10-22 00:00:00-04:00,1.1734807311682496,1.1825076133791657,1.167657225128846,1.1714423894882202,11530637,0.0,0.0
2015-10-23 00:00:00-04:00,1.1702778170841683,1.1889136828715234,1.1545537044296805,1.1644541025161743,7035249,0.0,0.0
2015-10-26 00:00:00-04:00,1.1670746119439712,1.1723160169112674,1.1574656298817207,1.1641627550125122,8720738,0.0,0.0
2015-10-27 00:00:00-04:00,1.163580541768787,1.1737721460178088,1.1595039625598536,1.1714423894882202,9239812,0.0,0.0
2015-10-28 00:00:00-04:00,1.1708601377253343,1.1790134006925026,1.142032771156542,1.1592127084732056,7950379,0.0,0.0
2015-10-29 00:00:00-04:00,1.1516420196484465,1.1679484422368658,1.1472740251609446,1.1635806560516357,8677232,0.0,0.0
2015-10-30 00:00:00-04:00,1.1656188291260667,1.1696954081450144,1.1402855271089303,1.141158938407898,13232629,0.0,0.0
2015-11-02 00:00:00-05:00,1.1405766380861027,1.1656188379093233,1.1356266477308878,1.1650363206863403,11397868,0.0,0.0
2015-11-03 00:00:00-05:00,1.1589214660696947,1.164745180515649,1.1411590120281814,1.155135989189148,8277425,0.0,0.0
2015-11-04 00:00:00-05:00,1.1321325585258724,1.14436240290551,1.0986460897864982,1.1140789985656738,22734978,0.0,0.0
2015-11-05 00:00:00-05:00,1.112331765715487,1.1196115137052485,1.1065080506445886,1.1143701076507568,11553140,0.0,0.0
2015-11-06 00:00:00-05:00,1.102431156362907,1.1035959823656318,1.0701094219605796,1.0800098180770874,10647762,0.0,0.0
2015-11-09 00:00:00-05:00,1.0654508197830808,1.0773894562981992,1.0453589198217446,1.0546770095825195,12552282,0.0,0.0
2015-11-10 00:00:00-05:00,1.0546768670641689,1.0721479054568916,1.0543856605248803,1.0619564056396484,13683443,0.0,0.0
2015-11-11 00:00:00-05:00,1.0631212311361413,1.0805922695180068,1.0607917871255252,1.0727304220199585,4955204,0.0,0.0
2015-11-12 00:00:00-05:00,1.0706921429444107,1.0765157533111513,1.0637036022020647,1.0645772218704224,6987242,0.0,0.0
2015-11-13 00:00:00-05:00,1.060209188801282,1.0727303399673163,1.0514736182029674,1.0584622621536255,11063321,0.0,0.0
2015-11-16 00:00:00-05:00,1.0616919570231775,1.0728489476543108,1.0534708452132302,1.072555422782898,8176911,0.039994,0.0
2015-11-17 00:00:00-05:00,1.0687383105056094,1.0881166205571795,1.0649213324586648,1.0781339406967163,8131154,0.0,0.0
2015-11-18 00:00:00-05:00,1.0822444657231274,1.08547407911331,1.0669766582407711,1.0810699462890625,6390157,0.0,0.0
2015-11-19 00:00:00-05:00,1.0843001779813328,1.095163646694148,1.0801895684500211,1.085768222808838,7312038,0.0,0.0
2015-11-20 00:00:00-05:00,1.0931079948163736,1.10543960945871,1.0916398454372018,1.1027971506118774,9453592,0.0,0.0
2015-11-23 00:00:00-05:00,1.101035379466405,1.1145415124233282,1.1004482247842533,1.105733036994934,4444381,0.0,0.0
2015-11-24 00:00:00-05:00,1.1004483371506304,1.1048524702967029,1.0878231974723587,1.0972185134887695,7253530,0.0,0.0
2015-11-25 00:00:00-05:00,1.0992738084912508,1.1133670974522132,1.0963378247694524,1.1113117933273315,5588293,0.0,0.0
2015-11-27 00:00:00-05:00,1.1104312747226106,1.130396744057475,1.1104312747226106,1.1280477046966553,4301861,0.0,0.0
2015-11-30 00:00:00-05:00,1.1292220281040397,1.1386175538071333,1.1171839385971891,1.1189457178115845,11447375,0.0,0.0
2015-12-01 00:00:00-05:00,1.1239368658937376,1.1389111486123962,1.1207073575047835,1.1383237838745117,6408910,0.0,0.0
2015-12-02 00:00:00-05:00,1.1348006805627842,1.1421406921645805,1.1157158942696954,1.1189457178115845,8120653,0.0,0.0
2015-12-03 00:00:00-05:00,1.1139543977057682,1.119533051054092,1.0992739520898689,1.1007421016693115,12212484,0.0,0.0
2015-12-04 00:00:00-05:00,1.1048523745399408,1.1394982819636783,1.0989800925029511,1.137149453163147,9461843,0.0,0.0
2015-12-07 00:00:00-05:00,1.1321581873590658,1.1383239954945328,1.1242307047537725,1.1268733739852905,7829612,0.0,0.0
2015-12-08 00:00:00-05:00,1.1212946896575409,1.1318645261485412,1.1174777109088136,1.128928542137146,8119903,0.0,0.0
2015-12-09 00:00:00-05:00,1.1215880941778757,1.1342132336415627,1.1133670877854056,1.123643398284912,8341934,0.0,0.0
2015-12-10 00:00:00-05:00,1.1230563686727653,1.127460502234648,1.1045589447021484,1.1045589447021484,7390049,0.0,0.0
2015-12-11 00:00:00-05:00,1.0969250921913152,1.1136607367157594,1.091346438998651,1.1045589447021484,11102326,0.0,0.0
2015-12-14 00:00:00-05:00,1.1016226374758251,1.1127799427149891,1.0963378247694524,1.1113117933273315,7756851,0.0,0.0
2015-12-15 00:00:00-05:00,1.128928682321702,1.144783649062689,1.1227628735910804,1.1301029920578003,11679908,0.0,0.0
2015-12-16 00:00:00-05:00,1.1436088078232012,1.172676063647788,1.1406728242725335,1.1679784059524536,10878795,0.0,0.0
2015-12-17 00:00:00-05:00,1.1676847756994384,1.1712081236707086,1.154765798132173,1.1606379747390747,11043818,0.0,0.0
2015-12-18 00:00:00-05:00,1.1588762285059837,1.1706206860054291,1.1559402454033934,1.1565274000167847,19893574,0.0,0.0
2015-12-21 00:00:00-05:00,1.1638679491065216,1.1691529717500686,1.1503618151345136,1.1603446006774902,9025281,0.0,0.0
2015-12-22 00:00:00-05:00,1.1615191201657253,1.1723825852892042,1.1588764513171963,1.1603446006774902,8234669,0.0,0.0
2015-12-23 00:00:00-05:00,1.1618126470127972,1.1670977746832467,1.159463818067972,1.1656296253204346,6088614,0.0,0.0
2015-12-24 00:00:00-05:00,1.165923198597707,1.1670978231545777,1.1579957167984667,1.1632808446884155,2068794,0.0,0.0
2015-12-28 00:00:00-05:00,1.1632805604747327,1.1706206756932738,1.158876218297287,1.1691527366638184,7679590,0.0,0.0
2015-12-29 00:00:00-05:00,1.1744378695566062,1.1850078105926514,1.169740211334226,1.1850078105926514,6327148,0.0,0.0
2015-12-30 00:00:00-05:00,1.1838335010549008,1.194403442090946,1.1788420029034714,1.1850078105926514,5320505,0.0,0.0
2015-12-31 00:00:00-05:00,1.1867696983237426,1.1888250029289744,1.1747317106742352,1.1753190755844116,6423912,0.0,0.0
2016-01-04 00:00:00-05:00,1.15887642120411,1.164455073574756,1.150068155378249,1.1641614437103271,8551214,0.0,0.0
2016-01-05 00:00:00-05:00,1.1679783202527625,1.199100877798834,1.1626932982065474,1.193816065788269,12694802,0.0,0.0
2016-01-06 00:00:00-05:00,1.1853011787141674,1.1946967031196312,1.174731240012476,1.1803098917007446,7567824,0.0,0.0
2016-01-07 00:00:00-05:00,1.1673911175748832,1.177373901578951,1.1647484491337383,1.173556923866272,11853183,0.0,0.0
2016-01-08 00:00:00-05:00,1.1750248607315719,1.1794292035009275,1.1486000643293977,1.151242733001709,6373655,0.0,0.0
2016-01-11 00:00:00-05:00,1.1535915052196777,1.1656294884383978,1.1397917429724722,1.1585826873779297,8757493,0.0,0.0
2016-01-12 00:00:00-05:00,1.1647484687192498,1.1662166178779065,1.1409662376519938,1.1503616571426392,9651620,0.0,0.0
2016-01-13 00:00:00-05:00,1.1509491039848512,1.1594637396059453,1.127460291036924,1.1286348104476929,12700803,0.0,0.0
2016-01-14 00:00:00-05:00,1.1321579011502432,1.1392045972481488,1.1086692992225844,1.1101373434066772,13943730,0.0,0.0
2016-01-15 00:00:00-05:00,1.092814338020122,1.1139541112603626,1.0866485314433674,1.1101373434066772,13354146,0.0,0.0
2016-01-19 00:00:00-05:00,1.1204134940709634,1.1814842915115458,1.1151284727457695,1.1227623224258423,13541673,0.0,0.0
2016-01-20 00:00:00-05:00,1.1163034153614193,1.129515711141378,1.0751978533813502,1.085180640220642,17122681,0.0,0.0
2016-01-21 00:00:00-05:00,1.0910526103806029,1.100154715790022,1.0719681401060954,1.084886908531189,12028708,0.0,0.0
2016-01-22 00:00:00-05:00,1.0945759940594426,1.1145414576457437,1.084886839592939,1.1086692810058594,6629441,0.0,0.0
2016-01-25 00:00:00-05:00,1.107494841472252,1.122762650308903,1.1007419842343746,1.1060270071029663,9082290,0.0,0.0
2016-01-26 00:00:00-05:00,1.1092565073043104,1.137149453163147,1.1083757227585687,1.137149453163147,7877618,0.0,0.0
2016-01-27 00:00:00-05:00,1.1359747182121107,1.1359747182121107,1.1154219975267714,1.1227623224258423,10292961,0.0,0.0
2016-01-28 00:00:00-05:00,1.1186520879425186,1.1409663827239886,1.1025036003400888,1.1189457178115845,14553566,0.0,0.0
2016-01-29 00:00:00-05:00,1.1309837409690178,1.151829992135729,1.1230562593223767,1.1494810581207275,15050137,0.0,0.0
2016-02-01 00:00:00-05:00,1.1412600628081913,1.1759059734721529,1.1356814101039876,1.1629869937896729,12448767,0.0,0.0
2016-02-02 00:00:00-05:00,1.1621062141756529,1.1653359325638828,1.144489577968746,1.149187445640564,11545639,0.0,0.0
2016-02-03 00:00:00-05:00,1.1541788433501459,1.1641615243070045,1.1409664436966396,1.1632808446884155,11556891,0.0,0.0
2016-02-04 00:00:00-05:00,1.1559404900653587,1.1735571275342889,1.1459577043288025,1.1650422811508179,10787282,0.0,0.0
2016-02-05 00:00:00-05:00,1.1359749333674078,1.1556467683821836,1.081363456068155,1.0866485834121704,25499870,0.0,0.0
2016-02-08 00:00:00-05:00,1.0848867711557897,1.088997273540844,1.0267521630775047,1.045249581336975,21854353,0.0,0.0
2016-02-09 00:00:00-05:00,1.034679706876957,1.051708977101769,1.0276330109046536,1.040845513343811,15877504,0.0,0.0
2016-02-10 00:00:00-05:00,1.0475987310877475,1.0854742586368362,1.0455434267560448,1.0663896799087524,12358005,0.0,0.0
2016-02-11 00:00:00-05:00,1.042606904985882,1.0581682349912553,1.0414325957623798,1.0502407550811768,10931302,0.0,0.0
2016-02-12 00:00:00-05:00,1.0572878334122537,1.06051744717009,1.0402583498580242,1.058462142944336,12571785,0.0,0.0
2016-02-16 00:00:00-05:00,1.06756429198422,1.076078929919747,1.0520029557399797,1.0751979351043701,11421122,0.0,0.0
2016-02-17 00:00:00-05:00,1.0820123262391454,1.0897157021125028,1.0674946864109012,1.0740127563476562,15375683,0.043994,0.0
2016-02-18 00:00:00-05:00,1.0734202094959249,1.0814197789936089,1.0666056279580631,1.076975703239441,11449626,0.0,0.0
2016-02-19 00:00:00-05:00,1.0749017662849973,1.0811236422267259,1.0660131904148444,1.0719388723373413,15984019,0.0,0.0
2016-02-22 00:00:00-05:00,1.0790498969201234,1.0926786399668547,1.0751982080815272,1.0802348852157593,12741309,0.0,0.0
2016-02-23 00:00:00-05:00,1.0746053194342773,1.0953449424871398,1.0674947550313638,1.0716426372528076,12024207,0.0,0.0
2016-02-24 00:00:00-05:00,1.0701610403467243,1.079345809051614,1.0506066210400091,1.0677907466888428,13639937,0.0,0.0
2016-02-25 00:00:00-05:00,1.0740129883640843,1.0894196374662455,1.0740129883640843,1.084975242614746,10785781,0.0,0.0
2016-02-26 00:00:00-05:00,1.085864083349338,1.0897157715313834,1.0781608129580693,1.0805310010910034,8275175,0.0,0.0
2016-02-29 00:00:00-05:00,1.0784566564007372,1.1006776662940945,1.0778641625465277,1.0846785306930542,11941695,0.0,0.0
2016-03-01 00:00:00-05:00,1.0935673019790328,1.122602579297173,1.0885304144842112,1.1220098733901978,8560965,0.0,0.0
2016-03-02 00:00:00-05:00,1.1169729186396444,1.1356385402265776,1.1018627897961777,1.1353422403335571,7090757,0.0,0.0
2016-03-03 00:00:00-05:00,1.13771305805589,1.1433423347275793,1.1243805104779174,1.1430461406707764,5319005,0.0,0.0
2016-03-04 00:00:00-05:00,1.1418606042861938,1.144230791879595,1.1308983542007156,1.1418606042861938,4988208,0.0,0.0
2016-03-07 00:00:00-05:00,1.1338611738623146,1.1445271253050198,1.13208347996426,1.143342137336731,5669305,0.0,0.0
2016-03-08 00:00:00-05:00,1.143934500193406,1.1537118684983458,1.1332685499733224,1.1350462436676025,6448666,0.0,0.0
2016-03-09 00:00:00-05:00,1.1365275028496395,1.15163795326618,1.1273429457540136,1.1403791904449463,4994959,0.0,0.0
2016-03-10 00:00:00-05:00,1.1483787835942563,1.1528229652388797,1.1273429692818098,1.139786720275879,5050467,0.0,0.0
2016-03-11 00:00:00-05:00,1.1531193473141073,1.1643777911841882,1.143638279177881,1.1634891033172607,5885336,0.0,0.0
2016-03-14 00:00:00-04:00,1.1605261390656987,1.1720812011413897,1.1519340764547477,1.159637451171875,4063327,0.0,0.0
2016-03-15 00:00:00-04:00,1.1540080351810347,1.1649702850864052,1.1528228354310088,1.1634891033172607,3578758,0.0,0.0
2016-03-16 00:00:00-04:00,1.1584524259514954,1.176525453736218,1.1522305500291725,1.175044059753418,4065577,0.0,0.0
2016-03-17 00:00:00-04:00,1.179191690498136,1.205264388597446,1.1717848281348942,1.2008202075958252,5620548,0.0,0.0
2016-03-18 00:00:00-04:00,1.2014129706392758,1.2105975286554,1.1922284126231517,1.1928209066390991,12145724,0.0,0.0
2016-03-21 00:00:00-04:00,1.1907469126512422,1.2008204766233284,1.1883767246418198,1.1928209066390991,7507816,0.0,0.0
2016-03-22 00:00:00-04:00,1.1889690609050558,1.2046720047684782,1.1839323855600963,1.1987463235855103,9740883,0.0,0.0
2016-03-23 00:00:00-04:00,1.1963761607021224,1.206153211639738,1.1928207731131673,1.1954872608184814,6714953,0.0,0.0
2016-03-24 00:00:00-04:00,1.192820749397407,1.1981536187292023,1.1833396806910952,1.1960797309875488,6373655,0.0,0.0
2016-03-28 00:00:00-04:00,1.1990427547459017,1.205857124594134,1.191043184947704,1.2043756246566772,4944702,0.0,0.0
2016-03-29 00:00:00-04:00,1.2052645110539248,1.2319295997728577,1.2052645110539248,1.2274854183197021,9008779,0.0,0.0
2016-03-30 00:00:00-04:00,1.2310407455486283,1.2417069085990935,1.2245225701198352,1.2345961332321167,7956380,0.0,0.0
2016-03-31 00:00:00-04:00,1.2345964304864538,1.2428921957815589,1.228670747596308,1.2390406131744385,9521102,0.0,0.0
2016-04-01 00:00:00-04:00,1.2340035822368893,1.2485212203233833,1.233114576397892,1.2452620267868042,6316647,0.0,0.0
2016-04-04 00:00:00-04:00,1.2449660180755673,1.2500029061213056,1.2396331479487908,1.248225212097168,7932376,0.0,0.0
2016-04-05 00:00:00-04:00,1.2399292109195477,1.2491137681233182,1.2325221356064051,1.2366700172424316,7526569,0.0,0.0
2016-04-06 00:00:00-04:00,1.2345961536316519,1.2458549168063322,1.233411165681319,1.24496591091156,7612081,0.0,0.0
2016-04-07 00:00:00-04:00,1.2402254754009245,1.2482250444487166,1.230448212567756,1.2405216693878174,6761460,0.0,0.0
2016-04-08 00:00:00-04:00,1.246743786017405,1.2571135448047284,1.2422996036799807,1.2500029802322388,7413303,0.0,0.0
2016-04-11 00:00:00-04:00,1.2461511110968169,1.2517804926854639,1.2227448967656769,1.224522590637207,9329825,0.0,0.0
2016-04-12 00:00:00-04:00,1.2271892604736039,1.2393364993855707,1.22274486694396,1.2325221300125122,7427555,0.0,0.0
2016-04-13 00:00:00-04:00,1.2265966225313967,1.2295595163910609,1.1996352315664813,1.2034869194030762,10740025,0.0,0.0
2016-04-14 00:00:00-04:00,1.20082038751326,1.2011165815128457,1.1688221099508602,1.1732662916183472,13326392,0.0,0.0
2016-04-15 00:00:00-04:00,1.1735626270337112,1.2031907203327972,1.1700074508278118,1.1993390321731567,9851899,0.0,0.0
2016-04-18 00:00:00-04:00,1.1978575312259065,1.211782676608674,1.191931849511119,1.210893988609314,15570711,0.0,0.0
2016-04-19 00:00:00-04:00,1.209412386945379,1.2165229500701182,1.204375499626549,1.2117825746536255,5120977,0.0,0.0
2016-04-20 00:00:00-04:00,1.2120788500996962,1.2120788500996962,1.1857098500486711,1.186302661895752,5090223,0.0,0.0
2016-04-21 00:00:00-04:00,1.1857100264030023,1.1913394083859306,1.1688221983726668,1.172377586364746,6285142,0.0,0.0
2016-04-22 00:00:00-04:00,1.1794882258395671,1.19430237741397,1.17089616204944,1.189265489578247,6547680,0.0,0.0
2016-04-25 00:00:00-04:00,1.1860065416195842,1.2058571577072144,1.1830436476361228,1.2058571577072144,5763068,0.0,0.0
2016-04-26 00:00:00-04:00,1.2097085932621978,1.2168194743778404,1.1960797488688288,1.2028943300247192,7765853,0.0,0.0
2016-04-27 00:00:00-04:00,1.1954873375475887,1.1975612254635823,1.1759329164988968,1.1919318437576294,10207449,0.0,0.0
2016-04-28 00:00:00-04:00,1.1818585755976887,1.2028943901726923,1.1818585755976887,1.1868952512741089,7250529,0.0,0.0
2016-04-29 00:00:00-04:00,1.1800808817230894,1.1951910147251594,1.1676371305737043,1.1868952512741089,11677658,0.0,0.0
2016-05-02 00:00:00-04:00,1.190154398788477,1.2209674782340327,1.1883767048246465,1.218004584312439,9201556,0.0,0.0
2016-05-03 00:00:00-04:00,1.2183006655867972,1.2325221100085653,1.2144490839989377,1.2310407161712646,8554965,0.0,0.0
2016-05-04 00:00:00-04:00,1.2185970731211655,1.2517805523407195,1.2011166454924853,1.2494101524353027,7271532,0.0,0.0
2016-05-05 00:00:00-04:00,1.247929107078013,1.2636318438035667,1.2422997241265552,1.2535582780838013,8203165,0.0,0.0
2016-05-06 00:00:00-04:00,1.2538544612497042,1.2740012694871952,1.2449658860984638,1.268668293952942,6849222,0.0,0.0
2016-05-09 00:00:00-04:00,1.27133479668923,1.276964178230655,1.2639277212911872,1.2748901844024658,6144122,0.0,0.0
2016-05-10 00:00:00-04:00,1.279926869441145,1.2923706205561798,1.2683721242201695,1.2769641876220703,7922625,0.0,0.0
2016-05-11 00:00:00-04:00,1.278445425099747,1.278445425099747,1.2461511639329335,1.2568172216415405,7084006,0.0,0.0
2016-05-12 00:00:00-04:00,1.2574095278456978,1.2594834154966685,1.241410390685879,1.2591872215270996,8834754,0.0,0.0
2016-05-13 00:00:00-04:00,1.257113540624525,1.2609652288878463,1.2485214759953072,1.2520768642425537,3873550,0.0,0.0
2016-05-16 00:00:00-04:00,1.2553359519289193,1.2728165946171706,1.2479290867419421,1.2642245292663574,3802290,0.0,0.0
2016-05-17 00:00:00-04:00,1.2609649947478079,1.2609649947478079,1.2372624814825386,1.2446695566177368,5823077,0.0,0.0
2016-05-18 00:00:00-04:00,1.24466972724687,1.2542258638337518,1.2276481894006759,1.243176817893982,7305287,0.043994,0.0
2016-05-19 00:00:00-04:00,1.2300370130063891,1.2369055488694178,1.225259105437382,1.229738473892212,5110476,0.0,0.0
2016-05-20 00:00:00-04:00,1.2360094384449005,1.2437738048605962,1.2276479938326532,1.2401902675628662,6292643,0.0,0.0
2016-05-23 00:00:00-04:00,1.2434751058598121,1.2464612443979701,1.2345162629979884,1.2419819831848145,3508248,0.0,0.0
2016-05-24 00:00:00-04:00,1.2455655751862578,1.2596009716741126,1.2300369491458036,1.2572118043899536,8207665,0.0,0.0
2016-05-25 00:00:00-04:00,1.2619899249963762,1.2706500155280787,1.250642128082557,1.2646775245666504,8230169,0.0,0.0
2016-05-26 00:00:00-04:00,1.2607954470296643,1.274830951502002,1.2548229555676447,1.273337721824646,9320073,0.0,0.0
2016-05-27 00:00:00-04:00,1.273935091905359,1.2834912291690799,1.2664695833054225,1.277518630027771,6120869,0.0,0.0
2016-05-31 00:00:00-04:00,1.2802060174785375,1.2831923699588752,1.2655734350653105,1.2736363410949707,9107793,0.0,0.0
2016-06-01 00:00:00-04:00,1.2616914387206273,1.2721432983407115,1.2452669810772197,1.25064218044281,13461411,0.0,0.0
2016-06-02 00:00:00-04:00,1.243774002997509,1.2497464949039334,1.2261549596122108,1.243176817893982,15858002,0.0,0.0
2016-06-03 00:00:00-04:00,1.2485516700122996,1.2548228066656337,1.2154043249691093,1.2210782766342163,10408478,0.0,0.0
2016-06-06 00:00:00-04:00,1.2189877650500756,1.2219739033770336,1.1864375007759926,1.188826560974121,13977485,0.0,0.0
2016-06-07 00:00:00-04:00,1.1891252754168231,1.201070148775967,1.1867361084837067,1.196590781211853,7872368,0.0,0.0
2016-06-08 00:00:00-04:00,1.1933061815859343,1.207938870006882,1.1852432759993647,1.2058484554290771,7339792,0.0,0.0
2016-06-09 00:00:00-04:00,1.2049524804737648,1.2231685988502314,1.197785512846979,1.2219740152359009,10665764,0.0,0.0
2016-06-10 00:00:00-04:00,1.2142102328186404,1.2204813709068867,1.168819143170946,1.2192866802215576,7261031,0.0,0.0
2016-06-13 00:00:00-04:00,1.221974186026919,1.233322091078079,1.2163004471250483,1.2228702306747437,7251280,0.0,0.0
2016-06-14 00:00:00-04:00,1.223467323151441,1.2351137664545708,1.216599000988128,1.2225714921951294,8852757,0.0,0.0
2016-06-15 00:00:00-04:00,1.2252589473418738,1.2431765256611305,1.2195849959150562,1.2351136207580566,12014456,0.0,0.0
2016-06-16 00:00:00-04:00,1.2321276112452741,1.2437740564124555,1.2267524110233932,1.2413851022720337,9434089,0.0,0.0
2016-06-17 00:00:00-04:00,1.2425794334045537,1.244669741508638,1.2318289264874356,1.2416836023330688,11205091,0.0,0.0
2016-06-20 00:00:00-04:00,1.249447702759476,1.259899561479339,1.2372039686562886,1.2395930290222168,8395942,0.0,0.0
2016-06-21 00:00:00-04:00,1.2407874273103268,1.2500449162762983,1.2407874273103268,1.246461272239685,8880511,0.0,0.0
2016-06-22 00:00:00-04:00,1.2494476643463412,1.2566145247882754,1.241384759428456,1.2497462034225464,7833362,0.0,0.0
2016-06-23 00:00:00-04:00,1.2584062278637917,1.2646773639391589,1.251537906855236,1.257809042930603,4216349,0.0,0.0
2016-06-24 00:00:00-04:00,1.2237658364380937,1.2646775498793088,1.2204811586048807,1.2473573684692383,10151941,0.0,0.0
2016-06-27 00:00:00-04:00,1.2425793269690115,1.2527325410942063,1.233620589774101,1.2452670335769653,11554641,0.0,0.0
2016-06-28 00:00:00-04:00,1.2521352504912826,1.2721432447433472,1.2440723449707531,1.2721432447433472,11997953,0.0,0.0
2016-06-29 00:00:00-04:00,1.2834908322457321,1.29991518107242,1.2742335574474295,1.2963316440582275,8231669,0.0,0.0
2016-06-30 00:00:00-04:00,1.296929136269162,1.3187286853790283,1.287970186275095,1.3187286853790283,11013064,0.0,0.0
2016-07-01 00:00:00-04:00,1.3264929986014797,1.3357502744426377,1.3193259237657056,1.3291805982589722,8776246,0.0,0.0
2016-07-05 00:00:00-04:00,1.3312709196436576,1.3491886069156986,1.326194473008914,1.347396731376648,8748492,0.0,0.0
2016-07-06 00:00:00-04:00,1.3467993873898438,1.35635530812071,1.3372433598471436,1.3515774011611938,12008455,0.0,0.0
2016-07-07 00:00:00-04:00,1.3485910734225983,1.3485910734225983,1.3294791232905339,1.3405284881591797,6803466,0.0,0.0
2016-07-08 00:00:00-04:00,1.3515778897630433,1.3638215210995608,1.3426191507575729,1.3599393367767334,5829078,0.0,0.0
2016-07-11 00:00:00-04:00,1.3644183999882185,1.3700923522007982,1.3494871716642687,1.3656129837036133,5987350,0.0,0.0
2016-07-12 00:00:00-04:00,1.3656129448678598,1.370092313237659,1.350382964236328,1.3671059608459473,8368188,0.0,0.0
2016-07-13 00:00:00-04:00,1.3727798324992857,1.3805441993305483,1.3656129711439227,1.376662015914917,8376439,0.0,0.0
2016-07-14 00:00:00-04:00,1.3721826600790419,1.3808427511445631,1.3635225690135209,1.3656129837036133,10004170,0.0,0.0
2016-07-15 00:00:00-04:00,1.364716966853988,1.3665088424635146,1.3482926153636872,1.3590431213378906,9718380,0.0,0.0
2016-07-18 00:00:00-04:00,1.3557582831663182,1.358445882851201,1.3426188238532326,1.347396731376648,7999136,0.0,0.0
2016-07-19 00:00:00-04:00,1.3467995066473464,1.353966474533081,1.3378406632753739,1.353966474533081,6185378,0.0,0.0
2016-07-20 00:00:00-04:00,1.3536675893686598,1.3551608186766082,1.3408267786267238,1.3465005159378052,6135871,0.0,0.0
2016-07-21 00:00:00-04:00,1.3435147480153777,1.3456050559989226,1.3330628876620918,1.3378407955169678,10671765,0.0,0.0
2016-07-22 00:00:00-04:00,1.3378407027061239,1.3506815160960344,1.3378407027061239,1.347396731376648,12657297,0.0,0.0
2016-07-25 00:00:00-04:00,1.350084196954153,1.353966379946109,1.3384379684137933,1.339035153388977,6254388,0.0,0.0
2016-07-26 00:00:00-04:00,1.3357503673085296,1.3363477660021714,1.3249999679311553,1.3282848596572876,5091723,0.0,0.0
2016-07-27 00:00:00-04:00,1.322909259632755,1.3238050904448204,1.297526176090171,1.3079780340194702,10448233,0.0,0.0
2016-07-28 00:00:00-04:00,1.3043949317434684,1.3357505159783625,1.3032005614706628,1.3217151165008545,7459059,0.0,0.0
2016-07-29 00:00:00-04:00,1.3306734142641268,1.3862178041883646,1.3244023854463638,1.3727794885635376,16714623,0.0,0.0
2016-08-01 00:00:00-04:00,1.3653142174301724,1.3862182589474248,1.365015678292776,1.3754675388336182,11791674,0.0,0.0
2016-08-02 00:00:00-04:00,1.3683006641124034,1.369495247898229,1.345007882466627,1.3488900661468506,14907617,0.0,0.0
2016-08-03 00:00:00-04:00,1.3509803484750607,1.3521747185200494,1.335153076171681,1.345306396484375,13891972,0.0,0.0
2016-08-04 00:00:00-04:00,1.3453063974420814,1.3491885807443587,1.335750262145079,1.3402296304702759,7415553,0.0,0.0
2016-08-05 00:00:00-04:00,1.3426186010172707,1.3545634746551514,1.3351528814243734,1.3545634746551514,6825969,0.0,0.0
2016-08-08 00:00:00-04:00,1.3551610453002942,1.3760647637417596,1.3497857393282404,1.3700922727584839,9113794,0.0,0.0
2016-08-09 00:00:00-04:00,1.3700922077144104,1.3778564669864353,1.3638210711173198,1.3730783462524414,6957238,0.0,0.0
2016-08-10 00:00:00-04:00,1.3751691480238302,1.3778568550451455,1.3500845945706699,1.355758547782898,8873010,0.0,0.0
2016-08-11 00:00:00-04:00,1.3581472375922292,1.359043068550346,1.3312709202947173,1.3399310111999512,6369154,0.0,0.0
2016-08-12 00:00:00-04:00,1.339930983599014,1.3560567950077187,1.3357502611941754,1.345306396484375,4579400,0.0,0.0
2016-08-15 00:00:00-04:00,1.3467998742644178,1.3656132902630294,1.3467998742644178,1.3599393367767334,9530853,0.0,0.0
2016-08-16 00:00:00-04:00,1.352771996909963,1.3542651197870201,1.3291806768148324,1.3321670293807983,8408694,0.0,0.0
2016-08-17 00:00:00-04:00,1.3351754781464629,1.3369806003859204,1.3123108475317287,1.3303619623184204,11415871,0.043994,0.0
2016-08-18 00:00:00-04:00,1.3303617101760148,1.3375819825496258,1.318026836086738,1.3297600746154785,7085506,0.0,0.0
2016-08-19 00:00:00-04:00,1.326751693824348,1.3291584516948052,1.3074973080370471,1.3159210681915283,6486171,0.0,0.0
2016-08-22 00:00:00-04:00,1.3165226562752987,1.325849138607929,1.308700747282942,1.3252472877502441,5997101,0.0,0.0
2016-08-23 00:00:00-04:00,1.331866226535683,1.3363789783765305,1.3252473731847358,1.3309636116027832,8110902,0.0,0.0
2016-08-24 00:00:00-04:00,1.3294588997995982,1.3309632576210007,1.3126112758863033,1.3237429857254028,5192237,0.0,0.0
2016-08-25 00:00:00-04:00,1.325548272174435,1.3613494101828076,1.325548272174435,1.349916934967041,8157408,0.0,0.0
2016-08-26 00:00:00-04:00,1.3514212381274022,1.3634553484502059,1.3225395024821114,1.3339719772338867,7710345,0.0,0.0
2016-08-29 00:00:00-04:00,1.3387856033779177,1.3595443458708445,1.3387856033779177,1.358340859413147,9224810,0.0,0.0
2016-08-30 00:00:00-04:00,1.3568367650901185,1.3568367650901185,1.3279551336218935,1.3493154048919678,12066963,0.0,0.0
2016-08-31 00:00:00-04:00,1.3463067761851237,1.3646585432119607,1.343298168066917,1.359243392944336,14260275,0.0,0.0
2016-09-01 00:00:00-04:00,1.356836615298554,1.3655612458185171,1.3429974905386826,1.3652604818344116,8360687,0.0,0.0
2016-09-02 00:00:00-04:00,1.370374844174107,1.391735112707409,1.3652604576327254,1.378497838973999,10843540,0.0,0.0
2016-09-06 00:00:00-04:00,1.3833117089081273,1.4070790638414665,1.3721803182089634,1.4064772129058838,20882965,0.0,0.0
2016-09-07 00:00:00-04:00,1.4040703310978762,1.4124940912959907,1.392938941379502,1.4094856977462769,9746884,0.0,0.0
2016-09-08 00:00:00-04:00,1.4037694206406959,1.4040702922697115,1.3700741655642827,1.3703750371932983,19231230,0.0,0.0
2016-09-09 00:00:00-04:00,1.3520229300225144,1.3574382960345552,1.318327677973825,1.3186285495758057,9905906,0.0,0.0
2016-09-12 00:00:00-04:00,1.3117090480773037,1.3475101863235708,1.3117090480773037,1.3396880626678467,10188697,0.0,0.0
2016-09-13 00:00:00-04:00,1.3306627291957396,1.330963600837606,1.302683711051941,1.302683711051941,7654837,0.0,0.0
2016-09-14 00:00:00-04:00,1.308399643942407,1.3204337555316576,1.3002766482118289,1.3141158819198608,7075005,0.0,0.0
2016-09-15 00:00:00-04:00,1.3132135295958496,1.3270525497208416,1.3108067715587786,1.3189295530319214,5633300,0.0,0.0
2016-09-16 00:00:00-04:00,1.314416403460499,1.3207342759068272,1.3111072466702434,1.3171242475509644,10490990,0.0,0.0
2016-09-19 00:00:00-04:00,1.320133264829778,1.3312646571597433,1.320133264829778,1.3288578987121582,13374399,0.0,0.0
2016-09-20 00:00:00-04:00,1.3396881898271655,1.3466079145444592,1.3354763097998021,1.342997670173645,8927768,0.0,0.0
2016-09-21 00:00:00-04:00,1.3448026124826424,1.368268874930524,1.3312641440990105,1.3652604818344116,7089257,0.0,0.0
2016-09-22 00:00:00-04:00,1.3833113082132242,1.404070048102946,1.3676671699115843,1.401362419128418,9806142,0.0,0.0
2016-09-23 00:00:00-04:00,1.3968498043428452,1.424828819150986,1.388125173416168,1.4124939441680908,13047352,0.0,0.0
2016-09-26 00:00:00-04:00,1.4073798527486765,1.4386683541832994,1.4073798527486765,1.431748628616333,11629651,0.0,0.0
2016-09-27 00:00:00-04:00,1.4386681534036125,1.4413757828323777,1.4164051595033966,1.4188119173049927,7149265,0.0,0.0
2016-09-28 00:00:00-04:00,1.4230235404842537,1.4311465349126737,1.411892153150627,1.4254302978515625,9164801,0.0,0.0
2016-09-29 00:00:00-04:00,1.4206170566469671,1.4281384169856752,1.4013626711776213,1.4019643068313599,8568467,0.0,0.0
2016-09-30 00:00:00-04:00,1.4118922986134046,1.412794805817163,1.3803030399716771,1.381205439567566,13341394,0.0,0.0
2016-10-03 00:00:00-04:00,1.3745865240104234,1.3745865240104234,1.3445015218714882,1.345404028892517,9208307,0.0,0.0
2016-10-04 00:00:00-04:00,1.345103687049012,1.3466080453562204,1.3129127866483405,1.322840690612793,12162977,0.0,0.0
2016-10-05 00:00:00-04:00,1.3285567970968626,1.3318661698274878,1.2686874315298802,1.2704925537109375,22201652,0.0,0.0
2016-10-06 00:00:00-04:00,1.2617678103090293,1.2798189229132044,1.2452209481212129,1.2638736963272095,17857035,0.0,0.0
2016-10-07 00:00:00-04:00,1.2725983953690874,1.2831282564553503,1.257255126386881,1.2623695135116577,10076181,0.0,0.0
2016-10-10 00:00:00-04:00,1.2638739478829015,1.2807215774209688,1.2617680614455755,1.2744038105010986,8050893,0.0,0.0
2016-10-11 00:00:00-04:00,1.2744036018423595,1.2852341191362175,1.2695899788184928,1.2719967365264893,17024417,0.0,0.0
2016-10-12 00:00:00-04:00,1.2747044317840883,1.2924547819361007,1.2719968023205717,1.2840309143066406,13957982,0.0,0.0
2016-10-13 00:00:00-04:00,1.2783146379276489,1.3035861324527016,1.2710943646460284,1.2969673871994019,10040176,0.0,0.0
2016-10-14 00:00:00-04:00,1.2957640440957692,1.3065948856482061,1.284031018008895,1.2873402833938599,9552606,0.0,0.0
2016-10-17 00:00:00-04:00,1.2912508870009562,1.3029841236448774,1.2873397722503674,1.2963653802871704,5566540,0.0,0.0
2016-10-18 00:00:00-04:00,1.3093022962086167,1.3105055674127835,1.2903486763895222,1.291551947593689,5612297,0.0,0.0
2016-10-19 00:00:00-04:00,1.2906497321936847,1.3050904952148275,1.2876410157145184,1.3035862445831299,5598045,0.0,0.0
2016-10-20 00:00:00-04:00,1.2906494971829492,1.307196251118671,1.285534895315441,1.3038867712020874,11157084,0.0,0.0
2016-10-21 00:00:00-04:00,1.2933570688572695,1.3099039310425873,1.2912511828394073,1.305090308189392,7360795,0.0,0.0
2016-10-24 00:00:00-04:00,1.3126115314499525,1.324645643109207,1.2918528959829005,1.2936580181121826,7462810,0.0,0.0
2016-10-25 00:00:00-04:00,1.2852339546312903,1.2960645781467446,1.2747042026927937,1.2912510633468628,10629759,0.0,0.0
2016-10-26 00:00:00-04:00,1.2819250032678295,1.3008785167531007,1.2656790115857373,1.2975690364837646,8993027,0.0,0.0
2016-10-27 00:00:00-04:00,1.2948614107312753,1.299975797517612,1.2557506851839166,1.2668821811676025,8908265,0.0,0.0
2016-10-28 00:00:00-04:00,1.2894462337278885,1.3153195832513787,1.2777132070590018,1.2891454696655273,14737342,0.0,0.0
2016-10-31 00:00:00-04:00,1.303886710658029,1.3327684453160107,1.2969672023766252,1.325848937034607,14170262,0.0,0.0
2016-11-01 00:00:00-04:00,1.3234426610641847,1.3339724169103573,1.3026839134525532,1.3126118183135986,12143474,0.0,0.0
2016-11-02 00:00:00-04:00,1.3162216689104884,1.3336709288994393,1.3144164394673927,1.3216370344161987,13406653,0.0,0.0
2016-11-03 00:00:00-04:00,1.3219380831413687,1.3357771024409144,1.3156203167689162,1.3162219524383545,8900014,0.0,0.0
2016-11-04 00:00:00-04:00,1.3234424373755618,1.340891701071065,1.3162219485008468,1.33367121219635,8410944,0.0,0.0
2016-11-07 00:00:00-05:00,1.3511204505835634,1.3511204505835634,1.3222387154419424,1.3297600746154785,9868401,0.0,0.0
2016-11-08 00:00:00-05:00,1.3345735480563476,1.3544295654863647,1.3252470672753187,1.3496160507202148,7568575,0.0,0.0
2016-11-09 00:00:00-05:00,1.3213362144285226,1.330361716349211,1.2611660940160694,1.309602975845337,10514993,0.0,0.0
2016-11-10 00:00:00-05:00,1.305992861701151,1.3120098635790158,1.2629713413175656,1.2719967365264893,13843215,0.0,0.0
2016-11-11 00:00:00-05:00,1.2750051413894945,1.2939586528334088,1.257555880301696,1.2626701593399048,18109821,0.0,0.0
2016-11-14 00:00:00-05:00,1.2608650487146327,1.300577402345296,1.2319834250260262,1.2876405715942383,26775802,0.0,0.0
2016-11-15 00:00:00-05:00,1.2924544889226424,1.2924544889226424,1.2217545140134725,1.2343902587890625,28472543,0.0,0.0
2016-11-16 00:00:00-05:00,1.23560395154561,1.2480388422054103,1.2255953333890122,1.2362104654312134,10195448,0.043994,0.0
2016-11-17 00:00:00-05:00,1.2349969251439787,1.2437925134244396,1.2231687681612449,1.2252917289733887,10098684,0.0,0.0
2016-11-18 00:00:00-05:00,1.2246851212162357,1.2283244203403183,1.2070941629664744,1.2268081903457642,14588821,0.0,0.0
2016-11-21 00:00:00-05:00,1.2301442032723422,1.240152926948238,1.2077009180566138,1.2095204591751099,11659655,0.0,0.0
2016-11-22 00:00:00-05:00,1.2134633939521418,1.2340871398768498,1.2028482641098335,1.2331774234771729,11309356,0.0,0.0
2016-11-23 00:00:00-05:00,1.223472084129642,1.2334807008181767,1.2137666700992378,1.232570767402649,9073288,0.0,0.0
2016-11-25 00:00:00-05:00,1.2371198991616277,1.2556206838101633,1.2328738690116476,1.245308756828308,3856298,0.0,0.0
2016-11-28 00:00:00-05:00,1.2437925379310086,1.2692688275412762,1.2437925379310086,1.2647194862365723,10714521,0.0,0.0
2016-11-29 00:00:00-05:00,1.2680555745400057,1.2859498454827223,1.2677523719060297,1.2753347158432007,12416513,0.0,0.0
2016-11-30 00:00:00-05:00,1.2562275276267718,1.283523686146624,1.2404563246203228,1.2768510580062866,14992379,0.0,0.0
2016-12-01 00:00:00-05:00,1.2762444170393787,1.2762444170393787,1.2459154755730601,1.2544076442718506,11160085,0.0,0.0
2016-12-02 00:00:00-05:00,1.2616866501939084,1.285343293191109,1.2553175498300317,1.2668427228927612,9931410,0.0,0.0
2016-12-05 00:00:00-05:00,1.2662359898286617,1.2765479182471045,1.2565307922024127,1.2707853317260742,7941378,0.0,0.0
2016-12-06 00:00:00-05:00,1.2735150259327013,1.287466254325478,1.2647196532780074,1.2668427228927612,10570501,0.0,0.0
2016-12-07 00:00:00-05:00,1.2695720863716244,1.2853430704901967,1.2632029871112698,1.2844332456588745,7832612,0.0,0.0
2016-12-08 00:00:00-05:00,1.2780641099819836,1.3017207482063309,1.2713918082882163,1.292015552520752,5727813,0.0,0.0
2016-12-09 00:00:00-05:00,1.291712473081236,1.305360717745199,1.2807941377030276,1.2832204103469849,6759960,0.0,0.0
2016-12-12 00:00:00-05:00,1.2807937011551105,1.2908023164809825,1.2756378464239315,1.2862529754638672,11522386,0.0,0.0
2016-12-13 00:00:00-05:00,1.2947450594442094,1.3056633903897736,1.2774575213131376,1.2965648174285889,8767245,0.0,0.0
2016-12-14 00:00:00-05:00,1.2965649934908672,1.3059668788062024,1.2780642085377252,1.292925477027893,12215484,0.0,0.0
2016-12-15 00:00:00-05:00,1.2895892002733385,1.3296234485953802,1.2829167893928735,1.3096064329147339,14376541,0.0,0.0
2016-12-16 00:00:00-05:00,1.3220416440131035,1.3499443218948997,1.3214351300907,1.3396323919296265,22695222,0.0,0.0
2016-12-19 00:00:00-05:00,1.3481240898931381,1.357222880338973,1.3375089609334212,1.3517636060714722,11226094,0.0,0.0
2016-12-20 00:00:00-05:00,1.3496405235552895,1.3660182377156458,1.3484272791875875,1.359952449798584,8963773,0.0,0.0
2016-12-21 00:00:00-05:00,1.3605592764548844,1.372994166241179,1.3278040575606131,1.333566427230835,12467520,0.0,0.0
2016-12-22 00:00:00-05:00,1.3314430416581766,1.3514602718156004,1.3132457865194556,1.3511570692062378,8381690,0.0,0.0
2016-12-23 00:00:00-05:00,1.3505500717215404,1.362075239971871,1.349033733533224,1.3569191694259644,5973848,0.0,0.0
2016-12-27 00:00:00-05:00,1.356313278492407,1.3629855818093592,1.3417553187019495,1.3438783884048462,9845898,0.0,0.0
2016-12-28 00:00:00-05:00,1.345394591628019,1.348124174693285,1.3344762593669548,1.3414517641067505,6133621,0.0,0.0
2016-12-29 00:00:00-05:00,1.3453947634313352,1.3599527224390495,1.3420584492316596,1.3557066917419434,4899696,0.0,0.0
2016-12-30 00:00:00-05:00,1.3566163921452026,1.3826995237650197,1.346911303215963,1.3784534931182861,10385224,0.0,0.0
2017-01-03 00:00:00-05:00,1.3857320668047464,1.3869453111885217,1.3547963961453784,1.3629852533340454,5776570,0.0,0.0
2017-01-04 00:00:00-05:00,1.3678380433959316,1.380576241857273,1.3587392527232838,1.3757234811782837,8171660,0.0,0.0
2017-01-05 00:00:00-05:00,1.3678382537808786,1.3845190652186785,1.3541901199128927,1.3784534931182861,6251388,0.0,0.0
2017-01-06 00:00:00-05:00,1.3739039343616535,1.3817894818372343,1.3641987369520314,1.3784534931182861,9746134,0.0,0.0
2017-01-09 00:00:00-05:00,1.3811827709937436,1.383305840254446,1.3623787841943908,1.3635920286178589,5233493,0.0,0.0
2017-01-10 00:00:00-05:00,1.3608620468403594,1.3641983600787653,1.3417548599684164,1.3420580625534058,9315573,0.0,0.0
2017-01-11 00:00:00-05:00,1.3417552861945963,1.3475178728255919,1.3323533995448391,1.333566427230835,8986276,0.0,0.0
2017-01-12 00:00:00-05:00,1.323557871335285,1.3435748869313129,1.314762282600468,1.3411486148834229,6414161,0.0,0.0
2017-01-13 00:00:00-05:00,1.3369023981283321,1.3469110130110185,1.3335660846870776,1.3399351835250854,3367978,0.0,0.0
2017-01-17 00:00:00-05:00,1.3435746053072013,1.354189733132358,1.340845022705374,1.3502469062805176,9153550,0.0,0.0
2017-01-18 00:00:00-05:00,1.3523702425252198,1.3596492755425496,1.344788115346185,1.348427414894104,5083472,0.0,0.0
2017-01-19 00:00:00-05:00,1.3408455091698428,1.344788337452158,1.3329599610856027,1.3356895446777344,4749674,0.0,0.0
2017-01-20 00:00:00-05:00,1.3393289460509923,1.358132935359226,1.33629616002878,1.357526421546936,8315681,0.0,0.0
2017-01-23 00:00:00-05:00,1.3563129134373217,1.3699610445276167,1.3526732888688349,1.3696575164794922,7378048,0.0,0.0
2017-01-24 00:00:00-05:00,1.3678381902833854,1.3778465898971517,1.3629854290832748,1.3739038705825806,10051427,0.0,0.0
2017-01-25 00:00:00-05:00,1.371780449391835,1.371780449391835,1.3493371668383478,1.3496403694152832,6803466,0.0,0.0
2017-01-26 00:00:00-05:00,1.35146041763824,1.358739342175197,1.3417551126020488,1.348427414894104,4325114,0.0,0.0
2017-01-27 00:00:00-05:00,1.3532801750770795,1.3538866887926242,1.333566146994051,1.3435747623443604,5805824,0.0,0.0
2017-01-30 00:00:00-05:00,1.345697801646371,1.347214248622081,1.3296232901352647,1.330836534500122,7998386,0.0,0.0
2017-01-31 00:00:00-05:00,1.3347793535012942,1.3487305788075814,1.332049770657906,1.3365991115570068,5541037,0.0,0.0
2017-02-01 00:00:00-05:00,1.329927001986103,1.3423616736407746,1.3099097689638683,1.311123013496399,5899588,0.0,0.0
2017-02-02 00:00:00-05:00,1.314155805335651,1.346911238254724,1.312336047008994,1.3432716131210327,10994311,0.0,0.0
2017-02-03 00:00:00-05:00,1.3711740855769383,1.391797829481188,1.3453944870568972,1.34782075881958,10854791,0.0,0.0
2017-02-06 00:00:00-05:00,1.3466078386703413,1.351460600324792,1.3299271349255404,1.3423618078231812,7264031,0.0,0.0
2017-02-07 00:00:00-05:00,1.3441813247421972,1.3602557287123054,1.336295995272349,1.355403184890747,6279892,0.0,0.0
2017-02-08 00:00:00-05:00,1.3614691988491363,1.382395931481831,1.3529770294695085,1.3739038705825806,11762420,0.0,0.0
2017-02-09 00:00:00-05:00,1.3687479922975796,1.3760268085347782,1.356616306461122,1.3684446811676025,8098150,0.0,0.0
2017-02-10 00:00:00-05:00,1.3641984560700926,1.3881582962323704,1.3620754954240246,1.3866417407989502,5349009,0.0,0.0
2017-02-13 00:00:00-05:00,1.3866420636195267,1.3908884198216864,1.363288840193813,1.380576491355896,5617548,0.0,0.0
2017-02-14 00:00:00-05:00,1.375420170075801,1.380576241857273,1.3569194945887542,1.3757234811782837,4954453,0.0,0.0
2017-02-15 00:00:00-05:00,1.3683864893465123,1.3751121698808626,1.3561577506468843,1.3671635389328003,5834328,0.047993,0.0
2017-02-16 00:00:00-05:00,1.3723608899964501,1.3891750370319276,1.3714435678175652,1.3809208869934082,3039432,0.0,0.0
2017-02-17 00:00:00-05:00,1.380309370926156,1.3821436873303126,1.3641065889588049,1.376029372215271,5568791,0.0,0.0
2017-02-21 00:00:00-05:00,1.3702205365833255,1.4047663639788974,1.3641062231081311,1.3995691537857056,6121619,0.0,0.0
2017-02-22 00:00:00-05:00,1.4041554116779462,1.4041554116779462,1.367469301328587,1.3888694047927856,6363904,0.0,0.0
2017-02-23 00:00:00-05:00,1.39651246251975,1.4102696724243537,1.3842838314934356,1.405072569847107,7807859,0.0,0.0
2017-02-24 00:00:00-05:00,1.4105754671731143,1.4105754671731143,1.3959010448761102,1.4090468883514404,3659020,0.0,0.0
2017-02-27 00:00:00-05:00,1.4121036938334868,1.4246380598855573,1.4047665386207302,1.4203580617904663,3986066,0.0,0.0
2017-02-28 00:00:00-05:00,1.4194411779235114,1.4325870211715175,1.4154669167951737,1.4224982261657715,12072214,0.0,0.0
2017-03-01 00:00:00-05:00,1.413632524434515,1.4203583150318295,1.404766789082218,1.4069068431854248,10049177,0.0,0.0
2017-03-02 00:00:00-05:00,1.4029325899843443,1.4108813317903264,1.3873411720785784,1.3922325372695923,8435698,0.0,0.0
2017-03-03 00:00:00-05:00,1.3903979756728013,1.3922322919703578,1.372666506608922,1.3876465559005737,6202631,0.0,0.0
2017-03-06 00:00:00-05:00,1.3806148272826233,1.3907036209232908,1.368997783098163,1.3833664655685425,7411802,0.0,0.0
2017-03-07 00:00:00-05:00,1.3827550895173002,1.3897867270412663,1.3757236706897817,1.3888694047927856,5874084,0.0,0.0
2017-03-08 00:00:00-05:00,1.3803090575429218,1.3925377943448323,1.3644119074620107,1.366246223449707,4488637,0.0,0.0
2017-03-09 00:00:00-05:00,1.3659407984459473,1.375723526907132,1.3368976945745854,1.3378146886825562,7630833,0.0,0.0
2017-03-10 00:00:00-05:00,1.3378145910435162,1.3616603726460361,1.3154973879885477,1.327726125717163,7064503,0.0,0.0
2017-03-13 00:00:00-04:00,1.3323120083903504,1.3378147386813166,1.3164146366539369,1.3179432153701782,17070174,0.0,0.0
2017-03-14 00:00:00-04:00,1.3200832693122027,1.3222233232542273,1.309688846563188,1.3179432153701782,15572211,0.0,0.0
2017-03-15 00:00:00-04:00,1.3225288817610699,1.3634947673259181,1.3170259330639282,1.3555463552474976,22586457,0.0,0.0
2017-03-16 00:00:00-04:00,1.3540175836026274,1.3674690528952704,1.3436232713923213,1.3491262197494507,6441165,0.0,0.0
2017-03-17 00:00:00-04:00,1.351877774351592,1.361660503035566,1.342706302188044,1.351572036743164,12237988,0.0,0.0
2017-03-20 00:00:00-04:00,1.3509604188213913,1.3586034214505152,1.3448463228930863,1.3479033708572388,8203165,0.0,0.0
2017-03-21 00:00:00-04:00,1.353406315058817,1.3638007373643308,1.3488204697575412,1.3592147827148438,12739059,0.0,0.0
2017-03-22 00:00:00-04:00,1.3686923936136137,1.3686923936136137,1.349432342240419,1.360743761062622,5213240,0.0,0.0
2017-03-23 00:00:00-04:00,1.3592151202317613,1.3748068669099476,1.3518780721027954,1.3668581247329712,5328757,0.0,0.0
2017-03-24 00:00:00-04:00,1.3717491047933963,1.3781691567879852,1.3647177963154689,1.3677748441696167,4160091,0.0,0.0
2017-03-27 00:00:00-04:00,1.3546293478718394,1.3741951355050097,1.3479035571159557,1.3518779277801514,6005353,0.0,0.0
2017-03-28 00:00:00-04:00,1.3531002507001189,1.3582975703660034,1.3344516816326046,1.3558518886566162,6469669,0.0,0.0
2017-03-29 00:00:00-04:00,1.354017842630496,1.360132267313083,1.3451522166135403,1.3573806285858154,4844938,0.0,0.0
2017-03-30 00:00:00-04:00,1.3527944006353656,1.359214451273784,1.34240009021269,1.3549344539642334,4877943,0.0,0.0
2017-03-31 00:00:00-04:00,1.352794513149397,1.3631889337847778,1.3475975215280946,1.3558518886566162,10806784,0.0,0.0
2017-04-03 00:00:00-04:00,1.3549344539642334,1.3586030855713824,1.3457630936427307,1.3549344539642334,11322858,0.0,0.0
2017-04-04 00:00:00-04:00,1.3546290976867714,1.3790864643965122,1.3494319961063697,1.3586033582687378,8578968,0.0,0.0
2017-04-05 00:00:00-04:00,1.3589090360926144,1.3671634038284002,1.3472918830960736,1.364717721939087,8965273,0.0,0.0
2017-04-06 00:00:00-04:00,1.362577775821765,1.373277826291409,1.3561577236703366,1.371443510055542,9089040,0.0,0.0
2017-04-07 00:00:00-04:00,1.3732777833938599,1.3784748849935595,1.3680806817941602,1.3732777833938599,4787930,0.0,0.0
2017-04-10 00:00:00-04:00,1.371749086877473,1.378780723308187,1.3644120409054952,1.3754178285598755,5302503,0.0,0.0
2017-04-11 00:00:00-04:00,1.375723695640561,1.3793923286116778,1.3671636978389228,1.3699150085449219,6903230,0.0,0.0
2017-04-12 00:00:00-04:00,1.371443653861416,1.3738893362002123,1.348514862531146,1.3524892330169678,20656433,0.0,0.0
2017-04-13 00:00:00-04:00,1.3534061249212759,1.3573802757681137,1.3359801776602762,1.3448461294174194,10911049,0.0,0.0
2017-04-17 00:00:00-04:00,1.350654852998765,1.3644121708885095,1.3482091707751136,1.3631892204284668,15286420,0.0,0.0
2017-04-18 00:00:00-04:00,1.361660480767523,1.371137799732725,1.3601321207950219,1.3671635389328003,11577144,0.0,0.0
2017-04-19 00:00:00-04:00,1.3674692398674524,1.3717492384982821,1.352489189985439,1.3543235063552856,7378048,0.0,0.0
2017-04-20 00:00:00-04:00,1.3561578415656017,1.3561578415656017,1.3390377374562226,1.3466805219650269,16011773,0.0,0.0
2017-04-21 00:00:00-04:00,1.344540442592564,1.3564635536114917,1.344540442592564,1.3497377634048462,12385759,0.0,0.0
2017-04-24 00:00:00-04:00,1.367163339784864,1.367163339784864,1.319471670391713,1.3393431901931763,18531381,0.0,0.0
2017-04-25 00:00:00-04:00,1.34148310406883,1.3668575713118782,1.334146058910529,1.3650232553482056,13525920,0.0,0.0
2017-04-26 00:00:00-04:00,1.364106405496378,1.374500717924345,1.3515719299784739,1.370832085609436,12941587,0.0,0.0
2017-04-27 00:00:00-04:00,1.370832130839178,1.3741949163325569,1.347903342136786,1.3589091300964355,21677328,0.0,0.0
2017-04-28 00:00:00-04:00,1.35462922468886,1.3573805351821309,1.3283376486906258,1.3372033834457397,17133183,0.0,0.0
2017-05-01 00:00:00-04:00,1.333229059466273,1.3350633758737378,1.3154975893399616,1.3252804279327393,14544565,0.0,0.0
2017-05-02 00:00:00-04:00,1.3261977629854864,1.3307834997524954,1.3154977105291321,1.3185547590255737,11418121,0.0,0.0
2017-05-03 00:00:00-04:00,1.3216118923922588,1.3216118923922588,1.3023517359057202,1.3093831539154053,9154300,0.0,0.0
2017-05-04 00:00:00-04:00,1.3041861004393611,1.321612162950822,1.2931803101008508,1.3197778463363647,7359295,0.0,0.0
2017-05-05 00:00:00-04:00,1.3185546970354214,1.3445405374934483,1.313663332192491,1.3439291715621948,8967523,0.0,0.0
2017-05-08 00:00:00-04:00,1.3457632976088703,1.3463746634039313,1.3142744053466708,1.3173316717147827,11118829,0.0,0.0
2017-05-09 00:00:00-04:00,1.315803077780193,1.321611763528491,1.3069373443960226,1.3115230798721313,10400977,0.0,0.0
2017-05-10 00:00:00-04:00,1.310911962343631,1.3368978016294237,1.3084659519878288,1.3252804279327393,6687199,0.0,0.0
2017-05-11 00:00:00-04:00,1.3176375178494246,1.323751832393017,1.306937467398138,1.3206945657730103,5595044,0.0,0.0
2017-05-12 00:00:00-04:00,1.321917932581496,1.3277266207062888,1.316414982149836,1.3213063478469849,4718920,0.0,0.0
2017-05-15 00:00:00-04:00,1.3216119396611548,1.332311990531416,1.31427456509476,1.3167202472686768,6162125,0.0,0.0
2017-05-16 00:00:00-04:00,1.3161091704187042,1.3219178582167284,1.2999061670766061,1.303574800491333,8751493,0.0,0.0
2017-05-17 00:00:00-04:00,1.301724698596979,1.3322483514078332,1.301724698596979,1.321765422821045,11545639,0.047993,0.0
2017-05-18 00:00:00-04:00,1.3189904033517985,1.3325564082322414,1.3097409498108696,1.3192987442016602,10181946,0.0,0.0
2017-05-19 00:00:00-04:00,1.3202238779222695,1.3307068060246459,1.31189922567139,1.3270069360733032,8762744,0.0,0.0
2017-05-22 00:00:00-04:00,1.3310152234974526,1.3365648081852666,1.3233071422753584,1.3303983211517334,7895621,0.0,0.0
2017-05-23 00:00:00-04:00,1.3322484484744048,1.3424230369124315,1.3291652599076023,1.3344066143035889,5634800,0.0,0.0
2017-05-24 00:00:00-04:00,1.3356398139656476,1.342114531216835,1.3297816681845407,1.334098219871521,6735206,0.0,0.0
2017-05-25 00:00:00-04:00,1.340881114378966,1.3467392599270405,1.3248486026053807,1.3316316604614258,3865299,0.0,0.0
2017-05-26 00:00:00-04:00,1.331323266029358,1.342114423824766,1.32669848411704,1.331323266029358,5039966,0.0,0.0
2017-05-30 00:00:00-04:00,1.3325563714297037,1.3371813737706197,1.3220737753373846,1.323306918144226,15270668,0.0,0.0
2017-05-31 00:00:00-04:00,1.3205320711306556,1.338414516577461,1.3205320711306556,1.323306918144226,10504491,0.0,0.0
2017-06-01 00:00:00-04:00,1.3205322631962784,1.3276235521822741,1.3088159711966805,1.3273152112960815,8491206,0.0,0.0
2017-06-02 00:00:00-04:00,1.337489772042266,1.3470475673675537,1.3285485481977117,1.3470475673675537,7115510,0.0,0.0
2017-06-05 00:00:00-04:00,1.3408812230800327,1.3649302683881877,1.3331733625704432,1.3578388690948486,6418661,0.0,0.0
2017-06-06 00:00:00-04:00,1.3606138025348211,1.3757215132349931,1.349822643622861,1.359072208404541,10578752,0.0,0.0
2017-06-07 00:00:00-04:00,1.3606138101756555,1.375413180077024,1.3547556642242655,1.3633886575698853,7958630,0.0,0.0
2017-06-08 00:00:00-04:00,1.3633885751043986,1.3643133771408233,1.3399563235540124,1.3593803644180298,7010495,0.0,0.0
2017-06-09 00:00:00-04:00,1.3569138294337206,1.3738713635786368,1.3507474533810238,1.36770498752594,6904730,0.0,0.0
2017-06-12 00:00:00-04:00,1.3664716075871977,1.3717131815596681,1.3562972416141257,1.3612302541732788,7621832,0.0,0.0
2017-06-13 00:00:00-04:00,1.3599965752574232,1.367396423217337,1.3547552230594115,1.366471290588379,4625157,0.0,0.0
2017-06-14 00:00:00-04:00,1.3791125603465086,1.3800376930961331,1.3683214034804945,1.3717130422592163,3470743,0.0,0.0
2017-06-15 00:00:00-04:00,1.3640049332987714,1.3874371811856259,1.3640049332987714,1.370171308517456,7647336,0.0,0.0
2017-06-16 00:00:00-04:00,1.3695551027992727,1.377262963601168,1.3640052974532433,1.3723299503326416,11138331,0.0,0.0
2017-06-19 00:00:00-04:00,1.3738712037333733,1.3862040646831573,1.3695547630545442,1.378804326057434,5600295,0.0,0.0
2017-06-20 00:00:00-04:00,1.381579352123569,1.3840461895006686,1.3532140858051867,1.3698633909225464,5679056,0.0,0.0
2017-06-21 00:00:00-04:00,1.3698630189848136,1.3698630189848136,1.3519805757324657,1.3562970161437988,7753851,0.0,0.0
2017-06-22 00:00:00-04:00,1.3522889198118073,1.3612301421887982,1.3458142035114806,1.3513638973236084,11210342,0.0,0.0
2017-06-23 00:00:00-04:00,1.3525972488823679,1.3633884058626768,1.3473556753866744,1.3498224020004272,12915334,0.0,0.0
2017-06-26 00:00:00-04:00,1.3522890306129443,1.3532139428976602,1.3402645092359824,1.349205732345581,6551430,0.0,0.0
2017-06-27 00:00:00-04:00,1.3418060133667213,1.3495138719079671,1.3143655561423155,1.3260815143585205,13443409,0.0,0.0
2017-06-28 00:00:00-04:00,1.3273150917828944,1.3313233023839202,1.31344085594635,1.3152905702590942,12990344,0.0,0.0
2017-06-29 00:00:00-04:00,1.305732470863066,1.317756989580512,1.3007994593966024,1.3162153959274292,13801960,0.0,0.0
2017-06-30 00:00:00-04:00,1.3239236292643293,1.3337898755529767,1.3174489120298594,1.3248486518859863,12684301,0.0,0.0
2017-07-03 00:00:00-04:00,1.3303981332000558,1.3340981131208938,1.321765251075439,1.331323266029358,5422520,0.0,0.0
2017-07-05 00:00:00-04:00,1.3381062335326108,1.3593803188738354,1.3350231558237988,1.349205732345581,13837215,0.0,0.0
2017-07-06 00:00:00-04:00,1.343039423674106,1.3458143812258685,1.3100492664365995,1.3183739185333252,17856285,0.0,0.0
2017-07-07 00:00:00-04:00,1.318065712725458,1.3251570014750542,1.3109742034172955,1.3149824142456055,12508026,0.0,0.0
2017-07-10 00:00:00-04:00,1.3180655098384428,1.3257733688741287,1.3112824527295786,1.3131321668624878,10824787,0.0,0.0
2017-07-11 00:00:00-04:00,1.3146739585192195,1.3149822993681963,1.2909333673371106,1.3078910112380981,13841715,0.0,0.0
2017-07-12 00:00:00-04:00,1.3131323603540246,1.3282400706608815,1.3112826459485578,1.3248486518859863,9706378,0.0,0.0
2017-07-13 00:00:00-04:00,1.3257732183262656,1.3257732183262656,1.3137489198954764,1.3199152946472168,7954879,0.0,0.0
2017-07-14 00:00:00-04:00,1.3229989037035095,1.3362565706387755,1.3229989037035095,1.3337900638580322,6226634,0.0,0.0
2017-07-17 00:00:00-04:00,1.33378994690255,1.347972745625725,1.3285485928832428,1.3451976776123047,9549606,0.0,0.0
2017-07-18 00:00:00-04:00,1.349205741365746,1.349205741365746,1.3334815707447953,1.3350231647491455,7580576,0.0,0.0
2017-07-19 00:00:00-04:00,1.334714799274879,1.3482810258865356,1.3322482928213295,1.3482810258865356,4545645,0.0,0.0
2017-07-20 00:00:00-04:00,1.350130873206586,1.3599968983802142,1.3467392340644175,1.3535221815109253,7347293,0.0,0.0
2017-07-21 00:00:00-04:00,1.3538303308284831,1.3649299384162794,1.3476641762466248,1.363696575164795,5394766,0.0,0.0
2017-07-24 00:00:00-04:00,1.3640050470434608,1.3640050470434608,1.3458142606872594,1.3467391729354858,13135115,0.0,0.0
2017-07-25 00:00:00-04:00,1.347047308869378,1.348897353794409,1.3362561520948755,1.3390312194824219,5699309,0.0,0.0
2017-07-26 00:00:00-04:00,1.340572996971065,1.3581471042611126,1.33563987359377,1.3529057502746582,6356402,0.0,0.0
2017-07-27 00:00:00-04:00,1.3488974942278746,1.3596886521258427,1.3331732135206948,1.3569138050079346,8254922,0.0,0.0
2017-07-28 00:00:00-04:00,1.3874373893695706,1.396686953585488,1.3677050077648027,1.3954538106918335,9606614,0.0,0.0
2017-07-31 00:00:00-04:00,1.3939119386294254,1.4053196669553192,1.3899037284506528,1.4043948650360107,8369688,0.0,0.0
2017-08-01 00:00:00-04:00,1.4065532894733161,1.4114864127597897,1.3936039649105199,1.4059367179870605,9464094,0.0,0.0
2017-08-02 00:00:00-04:00,1.4019281655746183,1.4053194730750969,1.3914452406142748,1.4025447368621826,6544679,0.0,0.0
2017-08-03 00:00:00-04:00,1.4013119275044768,1.4148778224077205,1.3917538020630316,1.4037784337997437,8580468,0.0,0.0
2017-08-04 00:00:00-04:00,1.4022367615367044,1.4136444912619086,1.4016201900884462,1.4068615436553955,5451024,0.0,0.0
2017-08-07 00:00:00-04:00,1.4068616303560868,1.410869841273534,1.398228637034937,1.4059367179870605,5714311,0.0,0.0
2017-08-08 00:00:00-04:00,1.403161608639017,1.421969077103503,1.4006949921227798,1.421352505683899,19985087,0.0,0.0
2017-08-09 00:00:00-04:00,1.4262853658936883,1.4302935759499467,1.4151859787330023,1.4182692766189575,7426804,0.0,0.0
2017-08-10 00:00:00-04:00,1.4148777193400344,1.4232023704688788,1.4096361457160462,1.4102530479431152,4410626,0.0,0.0
2017-08-11 00:00:00-04:00,1.4071696016317323,1.4142611097907034,1.3985367201808252,1.4043948650360107,5008461,0.0,0.0
2017-08-14 00:00:00-04:00,1.4096362677243337,1.4275190451461641,1.4096362677243337,1.4238190650939941,6135871,0.0,0.0
2017-08-15 00:00:00-04:00,1.418269658535345,1.4201193730947865,1.406245135407828,1.4170362949371338,9135547,0.0,0.0
2017-08-16 00:00:00-04:00,1.4229400686727511,1.4344380798296017,1.4077132011242566,1.4114422798156738,9156550,0.047993,0.0
2017-08-17 00:00:00-04:00,1.4105103004976434,1.42014355161247,1.4077134354385983,1.411131739616394,6567933,0.0,0.0
2017-08-18 00:00:00-04:00,1.406159612207201,1.4098884687690807,1.397147801299723,1.4030519723892212,6806466,0.0,0.0
2017-08-21 00:00:00-04:00,1.405848884078321,1.4133068191613822,1.399633715875997,1.4114422798156738,7825111,0.0,0.0
2017-08-22 00:00:00-04:00,1.4120639595451419,1.4192114542136949,1.40149849413477,1.4101996421813965,6068362,0.0,0.0
2017-08-23 00:00:00-04:00,1.4105100439113278,1.4313304180251794,1.4049164259606794,1.4263584613800049,8380940,0.0,0.0
2017-08-24 00:00:00-04:00,1.4279125708925369,1.43443840450465,1.4216975124333646,1.4244942665100098,7318789,0.0,0.0
2017-08-25 00:00:00-04:00,1.4272907575768432,1.4297768469987386,1.420764703375691,1.4216971397399902,4094831,0.0,0.0
2017-08-28 00:00:00-04:00,1.4223187653359932,1.4248047439341573,1.4008767275397649,1.4142391681671143,4082080,0.0,0.0
2017-08-29 00:00:00-04:00,1.4164142778066455,1.4238725465566717,1.3968368919810112,1.397458553314209,4222349,0.0,0.0
2017-08-30 00:00:00-04:00,1.3949726496143637,1.4105101823806763,1.3909327955062123,1.4105101823806763,4673914,0.0,0.0
2017-08-31 00:00:00-04:00,1.411753166959746,1.4164144604860682,1.4058491063561935,1.408645749092102,5841829,0.0,0.0
2017-09-01 00:00:00-04:00,1.4092672854651738,1.4185898731612092,1.4049167667703395,1.405227541923523,3407734,0.0,0.0
2017-09-05 00:00:00-04:00,1.404606010390404,1.4123749441094062,1.3955941984402314,1.4083350896835327,8758994,0.0,0.0
2017-09-06 00:00:00-04:00,1.4086457525774563,1.4195221041657857,1.4061597738172285,1.408956527709961,8518960,0.0,0.0
2017-09-07 00:00:00-04:00,1.4120640384417535,1.4294664466572415,1.4061598662854338,1.4244942665100098,6798965,0.0,0.0
2017-09-08 00:00:00-04:00,1.4235618125685254,1.4518403460275284,1.4235618125685254,1.4434499740600586,12323500,0.0,0.0
2017-09-11 00:00:00-04:00,1.4440713738102937,1.4512188674805182,1.4322629206568693,1.4378563165664673,6483170,0.0,0.0
2017-09-12 00:00:00-04:00,1.4307093916028077,1.4375458895363522,1.406470706943112,1.4161039590835571,6778712,0.0,0.0
2017-09-13 00:00:00-04:00,1.4161037989143275,1.417657563425746,1.4077134260927062,1.4095779657363892,5420270,0.0,0.0
2017-09-14 00:00:00-04:00,1.4080240404556656,1.4229400212748256,1.4036735228938517,1.4220079183578491,5378264,0.0,0.0
2017-09-15 00:00:00-04:00,1.4198328148442552,1.4248047721390062,1.407091924189182,1.4167253971099854,10686017,0.0,0.0
2017-09-18 00:00:00-04:00,1.4167256411961888,1.422319038541515,1.4083352673034037,1.420143723487854,5069220,0.0,0.0
2017-09-19 00:00:00-04:00,1.4201434341259755,1.4201434341259755,1.4027412506922325,1.4120638370513916,7298536,0.0,0.0
2017-09-20 00:00:00-04:00,1.4139285793131915,1.4185898731612092,1.3993233697625944,1.405227541923523,4514891,0.0,0.0
2017-09-21 00:00:00-04:00,1.4058490329930509,1.4111316542073669,1.394661684583892,1.3949726819992065,4438380,0.0,0.0
2017-09-22 00:00:00-04:00,1.399944726121718,1.40398458057435,1.3884469353332383,1.3906221389770508,3002676,0.0,0.0
2017-09-25 00:00:00-04:00,1.3927972764281484,1.3971477943117343,1.3698014754793968,1.3840959072113037,9614115,0.0,0.0
2017-09-26 00:00:00-04:00,1.382853114989292,1.3884468447510057,1.3766380572983175,1.3775702714920044,6057860,0.0,0.0
2017-09-27 00:00:00-04:00,1.3666937879606602,1.37135530345562,1.3511562551266647,1.355817437171936,7400551,0.0,0.0
2017-09-28 00:00:00-04:00,1.354264291769233,1.363586769740445,1.3517783124635667,1.362343668937683,3480494,0.0,0.0
2017-09-29 00:00:00-04:00,1.3567498112378793,1.363275643640893,1.3542638327747745,1.3629648685455322,4874942,0.0,0.0
2017-10-02 00:00:00-04:00,1.3642077566413273,1.3688690496562839,1.3570604851450174,1.3666937351226807,5572541,0.0,0.0
2017-10-03 00:00:00-04:00,1.3642078648759466,1.3679370551936298,1.351777971483007,1.36358642578125,7486063,0.0,0.0
2017-10-04 00:00:00-04:00,1.3645187492483513,1.382231821138564,1.3583039132041916,1.3812994956970215,5535786,0.0,0.0
2017-10-05 00:00:00-04:00,1.385028389745392,1.3983907189361267,1.383163850261828,1.3903111219406128,6027106,0.0,0.0
2017-10-06 00:00:00-04:00,1.3831641375384516,1.3856501165995998,1.3707339087829573,1.3797457218170166,7595578,0.0,0.0
2017-10-09 00:00:00-04:00,1.3819208798021798,1.3921757923512568,1.3772595862298462,1.3906221389770508,3956062,0.0,0.0
2017-10-10 00:00:00-04:00,1.3924863239333625,1.3983907174834973,1.3865822638329113,1.3887574672698975,7372047,0.0,0.0
2017-10-11 00:00:00-04:00,1.3887574064973462,1.4018090711476954,1.3878250812223842,1.397458553314209,5857582,0.0,0.0
2017-10-12 00:00:00-04:00,1.3987016046156238,1.4108210566419417,1.3968370649846593,1.4058490991592407,5904838,0.0,0.0
2017-10-13 00:00:00-04:00,1.4142391256141074,1.415171450922789,1.3868929172575328,1.3878251314163208,6744958,0.0,0.0
2017-10-16 00:00:00-04:00,1.3878251632197893,1.3912434671301686,1.372908958288106,1.3750841617584229,5655803,0.0,0.0
2017-10-17 00:00:00-04:00,1.372597949681111,1.3791237812817239,1.3688688712950814,1.3747732639312744,6018855,0.0,0.0
2017-10-18 00:00:00-04:00,1.373219609260559,1.3775702384598376,1.3642077980547158,1.373219609260559,3790288,0.0,0.0
2017-10-19 00:00:00-04:00,1.3744629517682303,1.3750843909419397,1.3657619141369801,1.3713555335998535,3779037,0.0,0.0
2017-10-20 00:00:00-04:00,1.3713555209056882,1.3713555209056882,1.3638973616908945,1.3694909811019897,3875800,0.0,0.0
2017-10-23 00:00:00-04:00,1.3707337379455566,1.3729090527153855,1.3626543625787333,1.3707337379455566,4424878,0.0,0.0
2017-10-24 00:00:00-04:00,1.3679370337982832,1.3741520915474466,1.3492916382509952,1.3595466613769531,7983383,0.0,0.0
2017-10-25 00:00:00-04:00,1.3589250854867119,1.3685583351082007,1.3530206922994927,1.3579926490783691,5455525,0.0,0.0
2017-10-26 00:00:00-04:00,1.3660724192029026,1.36949083443518,1.3421445129260794,1.347116470336914,7659337,0.0,0.0
2017-10-27 00:00:00-04:00,1.3468055442478102,1.3844068849392035,1.3468055442478102,1.3788132667541504,12000204,0.0,0.0
2017-10-30 00:00:00-04:00,1.3769490580859138,1.3800566985906213,1.3685586843680109,1.3735308647155762,7163517,0.0,0.0
2017-10-31 00:00:00-04:00,1.3753948821072013,1.3781918579859804,1.3586143606332282,1.3666937351226807,9468594,0.0,0.0
2017-11-01 00:00:00-04:00,1.369801572023105,1.3828531265937372,1.3611004244927847,1.3778811693191528,7609830,0.0,0.0
2017-11-02 00:00:00-04:00,1.380677895546631,1.3828530990234194,1.3486701709678237,1.3548853397369385,7361545,0.0,0.0
2017-11-03 00:00:00-04:00,1.3458735298949926,1.385960518203034,1.3458735298949926,1.3741520643234253,7961630,0.0,0.0
2017-11-06 00:00:00-05:00,1.3937294258021642,1.3965261794525627,1.379745435250382,1.3903111219406128,9980917,0.0,0.0
2017-11-07 00:00:00-05:00,1.3903111618755226,1.399633859561125,1.3850284295285622,1.3952833414077759,6467418,0.0,0.0
2017-11-08 00:00:00-05:00,1.39341888150758,1.41237494192677,1.39341888150758,1.4095779657363892,4934201,0.0,0.0
2017-11-09 00:00:00-05:00,1.4018092262856066,1.4136177918761914,1.4018092262856066,1.4049166440963745,5208740,0.0,0.0
2017-11-10 00:00:00-05:00,1.3965263783840385,1.411131810077584,1.3943510634850302,1.402430772781372,5733814,0.0,0.0
2017-11-13 00:00:00-05:00,1.406159684234318,1.4170360351297422,1.4052273588962003,1.4129962921142578,7519818,0.0,0.0
2017-11-14 00:00:00-05:00,1.411131820621375,1.4182790933716733,1.405227537329836,1.4055382013320923,4577150,0.0,0.0
2017-11-15 00:00:00-05:00,1.4083350609414786,1.4117531427322958,1.3844070434570312,1.3844070434570312,6359403,0.0,0.0
2017-11-16 00:00:00-05:00,1.3856600424460388,1.4032039961276273,1.3778278182163048,1.4000712633132935,7237028,0.047993,0.0
2017-11-17 00:00:00-05:00,1.394745140168995,1.4019508619864596,1.3731285349935483,1.3844066858291626,26240226,0.0,0.0
2017-11-20 00:00:00-05:00,1.3837801471337854,1.3881662190696393,1.378454490782671,1.3862863779067993,5658803,0.0,0.0
2017-11-21 00:00:00-05:00,1.3903592978152453,1.413542439296581,1.3903592978152453,1.4072767496109009,8833254,0.0,0.0
2017-11-22 00:00:00-05:00,1.4016374666143145,1.409469690245704,1.3894195070222273,1.3985047340393066,4550146,0.0,0.0
2017-11-24 00:00:00-05:00,1.405397234016362,1.4069637687314078,1.4006979660374725,1.4019511938095093,1663736,0.0,0.0
2017-11-27 00:00:00-05:00,1.404770686383806,1.4053971881939815,1.3906727708513782,1.3909859657287598,4340866,0.0,0.0
2017-11-28 00:00:00-05:00,1.390359351734829,1.3953718140334426,1.3778278598220854,1.3825273513793945,5068470,0.0,0.0
2017-11-29 00:00:00-05:00,1.3775144778218225,1.3931787005153677,1.369055752745153,1.3875396251678467,5605546,0.0,0.0
2017-11-30 00:00:00-05:00,1.3878531008610293,1.3934922889499288,1.3753216091263862,1.3812741041183472,7052501,0.0,0.0
2017-12-01 00:00:00-05:00,1.385659856994269,1.3934920801757664,1.3731284791924894,1.378141164779663,7498065,0.0,0.0
2017-12-04 00:00:00-05:00,1.3828406759885368,1.3856601020260457,1.3750084514220362,1.3765748739242554,7416303,0.0,0.0
2017-12-05 00:00:00-05:00,1.3775145796394141,1.3812740381858968,1.3558978610802337,1.3593441247940063,6329399,0.0,0.0
2017-12-06 00:00:00-05:00,1.3615369682100429,1.3665494294885712,1.3587174307270253,1.3659229278564453,4923699,0.0,0.0
2017-12-07 00:00:00-05:00,1.3671764580625407,1.3765748810692326,1.3455597377753927,1.3737554550170898,6201130,0.0,0.0
2017-12-08 00:00:00-05:00,1.3765748563028353,1.3862865860479514,1.3721888957638468,1.3825273513793945,5632550,0.0,0.0
2017-12-11 00:00:00-05:00,1.3819005120682901,1.386913198066217,1.3743818192375818,1.3865997791290283,7344293,0.0,0.0
2017-12-12 00:00:00-05:00,1.367489564378423,1.3822138677891003,1.3656098350766308,1.374695062637329,9777638,0.0,0.0
2017-12-13 00:00:00-05:00,1.378454608354028,1.3803343376218078,1.3693693809577212,1.3750083446502686,5757067,0.0,0.0
2017-12-14 00:00:00-05:00,1.372502227364486,1.3768881879823835,1.368429461604334,1.3737554550170898,3251712,0.0,0.0
2017-12-15 00:00:00-05:00,1.3768881986014054,1.3797077367306987,1.3699960067359556,1.3734419345855713,17683761,0.0,0.0
2017-12-18 00:00:00-05:00,1.3797075826025251,1.3912992648511626,1.3793942757219575,1.38534677028656,7029998,0.0,0.0
2017-12-19 00:00:00-05:00,1.38628665999243,1.3887930033308282,1.3483793235463222,1.354645013809204,6640693,0.0,0.0
2017-12-20 00:00:00-05:00,1.3537047979829115,1.3587174835671427,1.3511984551907958,1.3552712202072144,10295962,0.0,0.0
2017-12-21 00:00:00-05:00,1.3587174059725344,1.3587174059725344,1.3439929930828252,1.3518248796463013,11855433,0.0,0.0
2017-12-22 00:00:00-05:00,1.3521387950185555,1.3637302548787342,1.3493190326744704,1.3530786037445068,9764136,0.0,0.0
2017-12-26 00:00:00-05:00,1.3549579636752427,1.3605971506590449,1.3515117004723252,1.3574641942977905,3430237,0.0,0.0
2017-12-27 00:00:00-05:00,1.363730406514648,1.3649836343624793,1.3558981806873942,1.3584046363830566,4670913,0.0,0.0
2017-12-28 00:00:00-05:00,1.3624768083401904,1.3665495736278024,1.3530783864239442,1.3656097650527954,4670913,0.0,0.0
2017-12-29 00:00:00-05:00,1.3674896653399589,1.3759483917948314,1.3627905098216373,1.3693695068359375,3424236,0.0,0.0
2018-01-02 00:00:00-05:00,1.3718756985859362,1.3728153951960789,1.35339171162797,1.3612239360809326,5023463,0.0,0.0
2018-01-03 00:00:00-05:00,1.3618505196646282,1.3659232855893084,1.350259059853023,1.3631037473678589,5225242,0.0,0.0
2018-01-04 00:00:00-05:00,1.3577776572216238,1.3602838883391088,1.3371009703638683,1.341486930847168,5698559,0.0,0.0
2018-01-05 00:00:00-05:00,1.3380405073154722,1.3424264669081554,1.3236295132331393,1.3333412408828735,7496564,0.0,0.0
2018-01-08 00:00:00-05:00,1.3349078659460076,1.3443062873955514,1.3311482956664942,1.3436797857284546,6165875,0.0,0.0
2018-01-09 00:00:00-05:00,1.3402335282002922,1.3439930984963284,1.3145441583517607,1.3151708841323853,7522818,0.0,0.0
2018-01-10 00:00:00-05:00,1.3082782827874768,1.3142307766722037,1.2894813288204723,1.298879861831665,7067503,0.0,0.0
2018-01-11 00:00:00-05:00,1.2998199286821155,1.30545889175993,1.2803962484581946,1.282902479171753,7806358,0.0,0.0
2018-01-12 00:00:00-05:00,1.2794563640329966,1.2854088587640498,1.2650453676778484,1.272564172744751,6465168,0.0,0.0
2018-01-16 00:00:00-05:00,1.2769501260900469,1.2982535377284685,1.2747570899320606,1.2753835916519165,5961846,0.0,0.0
2018-01-17 00:00:00-05:00,1.2825891403403256,1.2932409007458312,1.2744437226412721,1.2832156419754028,9074788,0.0,0.0
2018-01-18 00:00:00-05:00,1.2750701376878961,1.2829023600652247,1.2653584105329703,1.271310567855835,9761886,0.0,0.0
2018-01-19 00:00:00-05:00,1.2735038069226086,1.2753835361111097,1.2644185799094763,1.271937608718872,7201022,0.0,0.0
2018-01-22 00:00:00-05:00,1.2844690467970412,1.29794023450442,1.278516552081533,1.2966870069503784,8684733,0.0,0.0
2018-01-23 00:00:00-05:00,1.3026395199316814,1.3267624698542904,1.3001332888992483,1.3264492750167847,7891870,0.0,0.0
2018-01-24 00:00:00-05:00,1.3251959902302484,1.3320882939377596,1.3154842605361223,1.3186171054840088,6135871,0.0,0.0
2018-01-25 00:00:00-05:00,1.3167370342452356,1.326135791559382,1.3107848764049375,1.3242560625076294,5912339,0.0,0.0
2018-01-26 00:00:00-05:00,1.3277021811597083,1.330835137803707,1.3092184204979929,1.3189301490783691,7492814,0.0,0.0
2018-01-29 00:00:00-05:00,1.3126642591016229,1.313917486389671,1.2960602301440853,1.298566460609436,9763386,0.0,0.0
2018-01-30 00:00:00-05:00,1.2844689013815729,1.2995063977183072,1.2822759775210553,1.282902479171753,8113152,0.0,0.0
2018-01-31 00:00:00-05:00,1.2829027632173076,1.3120381779486332,1.2813362286052596,1.310785174369812,8255672,0.0,0.0
2018-02-01 00:00:00-05:00,1.312977845437996,1.3201833429864078,1.277576523198331,1.2782032489776611,11130080,0.0,0.0
2018-02-02 00:00:00-05:00,1.2666117399093113,1.2819626576825998,1.2390427492983196,1.2703711986541748,13720948,0.0,0.0
2018-02-05 00:00:00-05:00,1.2659852788560173,1.2816495040375393,1.2424888290283285,1.2428020238876343,13953481,0.0,0.0
2018-02-06 00:00:00-05:00,1.2312105910316278,1.2496945788440716,1.2171129001197156,1.2412358522415161,17252450,0.0,0.0
2018-02-07 00:00:00-05:00,1.2393557675949878,1.2619121786452652,1.2283908128738403,1.2283908128738403,7816860,0.0,0.0
2018-02-08 00:00:00-05:00,1.2283908006009034,1.2462479451637059,1.1964356331410135,1.1970621347427368,9913408,0.0,0.0
2018-02-09 00:00:00-05:00,1.2061479598253473,1.2409223392848698,1.2001954643970019,1.2324638366699219,10866043,0.0,0.0
2018-02-12 00:00:00-05:00,1.2355962803789269,1.2355962803789269,1.197375421629247,1.2302706241607666,10717522,0.0,0.0
2018-02-13 00:00:00-05:00,1.2271375237302302,1.2352830534658656,1.2186787992054695,1.2305837869644165,6291143,0.0,0.0
2018-02-14 00:00:00-05:00,1.2193059584996537,1.2243184211118643,1.2020751980623914,1.2124134302139282,7980383,0.0,0.0
2018-02-15 00:00:00-05:00,1.2177920686791397,1.2469003303446895,1.2171593541863706,1.24563467502594,12821570,0.050659,0.0
2018-02-16 00:00:00-05:00,1.2487983558915283,1.260504987484801,1.246267271826266,1.2557591199874878,11187838,0.0,0.0
2018-02-20 00:00:00-05:00,1.2446853385292116,1.265883477240388,1.2370918605531498,1.23740816116333,7215274,0.0,0.0
2018-02-21 00:00:00-05:00,1.2361428808924524,1.2456346163362244,1.2013397377653536,1.2022888660430908,9209058,0.0,0.0
2018-02-22 00:00:00-05:00,1.2070343886425954,1.2260179672688438,1.2070343886425954,1.211147427558899,8407194,0.0,0.0
2018-02-23 00:00:00-05:00,1.2174753861970566,1.231080158107498,1.2108311505237785,1.2301310300827026,7073504,0.0,0.0
2018-02-26 00:00:00-05:00,1.2339279268339036,1.2377244390720084,1.223486952346244,1.2342442274093628,5552288,0.0,0.0
2018-02-27 00:00:00-05:00,1.2313967485872497,1.2386735850952861,1.2101983874991749,1.215893268585205,8837755,0.0,0.0
2018-02-28 00:00:00-05:00,1.2200066135733214,1.2386737810391772,1.218108470466468,1.2231706380844116,25242584,0.0,0.0
2018-03-01 00:00:00-05:00,1.217791714847303,1.236775294280167,1.2124131339717974,1.217475414276123,10355970,0.0,0.0
2018-03-02 00:00:00-05:00,1.2171589941355165,1.2285490964686883,1.2098820440383475,1.215260624885559,8495706,0.0,0.0
2018-03-05 00:00:00-05:00,1.2130459795381792,1.229498477182407,1.2076675112472703,1.2263344526290894,9793390,0.0,0.0
2018-03-06 00:00:00-05:00,1.225069017594349,1.2272838008203424,1.2083002194306764,1.221904993057251,10824037,0.0,0.0
2018-03-07 00:00:00-05:00,1.2212720861288737,1.2358262119384331,1.2212720861288737,1.2282326221466064,8371939,0.0,0.0
2018-03-08 00:00:00-05:00,1.2282326253047393,1.238673599108035,1.2244358869823468,1.233927845954895,8352436,0.0,0.0
2018-03-09 00:00:00-05:00,1.2348769991807653,1.265566983420986,1.2317132011129546,1.2652506828308105,14796601,0.0,0.0
2018-03-12 00:00:00-04:00,1.2655668220709255,1.2693636735013363,1.253544119346255,1.2668325901031494,10547247,0.0,0.0
2018-03-13 00:00:00-04:00,1.2741092682020998,1.2794878480462994,1.262086566971921,1.267148733139038,6485421,0.0,0.0
2018-03-14 00:00:00-04:00,1.2674656135006472,1.2791720185306268,1.2658835445327117,1.2750588655471802,16437084,0.0,0.0
2018-03-15 00:00:00-04:00,1.2734770451394888,1.2829687801132117,1.2646181377639856,1.2737934589385986,6486171,0.0,0.0
2018-03-16 00:00:00-04:00,1.274742223379983,1.2899290642520629,1.2699964699927628,1.2873979806900024,10844290,0.0,0.0
2018-03-19 00:00:00-04:00,1.2848669547947484,1.2848669547947484,1.2703128275766857,1.280121088027954,6131371,0.0,0.0
2018-03-20 00:00:00-04:00,1.2804373619138785,1.2867651835784017,1.2624030249033615,1.2690472602844238,11410620,0.0,0.0
2018-03-21 00:00:00-04:00,1.2658834717579608,1.2693639101207381,1.2503803284293868,1.2589229345321655,6780213,0.0,0.0
2018-03-22 00:00:00-04:00,1.2551260878298294,1.2722113001093815,1.2370918605531498,1.23740816116333,8809251,0.0,0.0
2018-03-23 00:00:00-04:00,1.2383574906171397,1.2450017271285352,1.2149444559420717,1.221904993057251,10094933,0.0,0.0
2018-03-26 00:00:00-04:00,1.2253856122286548,1.240256043131542,1.2247528977611157,1.2370920181274414,5783321,0.0,0.0
2018-03-27 00:00:00-04:00,1.2370918269710347,1.2649343147387457,1.225385422881131,1.2513295412063599,7552072,0.0,0.0
2018-03-28 00:00:00-04:00,1.257340716131457,1.2902454815279305,1.257340716131457,1.2839175462722778,9769387,0.0,0.0
2018-03-29 00:00:00-04:00,1.284550753866991,1.2984718283297059,1.2823359706040305,1.2892965078353882,10890046,0.0,0.0
2018-04-02 00:00:00-04:00,1.2892963367033206,1.2946749175091021,1.272527540485531,1.2807537317276,11829180,0.0,0.0
2018-04-03 00:00:00-04:00,1.2807536437333518,1.3085962397165714,1.2718947387992035,1.3019520044326782,7374297,0.0,0.0
2018-04-04 00:00:00-04:00,1.2949917600401475,1.3114439187633402,1.29087860719276,1.3047997951507568,6560431,0.0,0.0
2018-04-05 00:00:00-04:00,1.304167129213366,1.3066982132392053,1.2848671325583212,1.3054325580596924,3874300,0.0,0.0
2018-04-06 00:00:00-04:00,1.3070142030688325,1.3139748522345873,1.295940515047492,1.299420952796936,6604688,0.0,0.0
2018-04-09 00:00:00-04:00,1.3003699068270809,1.3089125110250672,1.2940420853964427,1.2987879514694214,6445665,0.0,0.0
2018-04-10 00:00:00-04:00,1.3038506184704701,1.3092291999171013,1.2975227957097852,1.3041670322418213,4771427,0.0,0.0
2018-04-11 00:00:00-04:00,1.3022685980523825,1.3139751158617146,1.3000539279037178,1.3047997951507568,4333365,0.0,0.0
2018-04-12 00:00:00-04:00,1.306381527321335,1.306381527321335,1.2864489335617364,1.2877143621444702,5830578,0.0,0.0
2018-04-13 00:00:00-04:00,1.2902457187533687,1.298788325410905,1.2832850679089618,1.2930934429168701,6710453,0.0,0.0
2018-04-16 00:00:00-04:00,1.2972061986594712,1.304166847979406,1.2836012005796784,1.2911946773529053,11531387,0.0,0.0
2018-04-17 00:00:00-04:00,1.2911947005049997,1.30448317192985,1.2823357949994802,1.296573281288147,11516385,0.0,0.0
2018-04-18 00:00:00-04:00,1.2972062829913587,1.2994210660552952,1.2826521559520276,1.2836012840270996,7411802,0.0,0.0
2018-04-19 00:00:00-04:00,1.2779064242515574,1.2788554391762734,1.2576574152491296,1.2620868682861328,7118511,0.0,0.0
2018-04-20 00:00:00-04:00,1.2652505006375976,1.2661995154380472,1.2434194257306643,1.2465832233428955,7660838,0.0,0.0
2018-04-23 00:00:00-04:00,1.2475327574195791,1.2522786242716772,1.23930645240938,1.2450016736984253,7165767,0.0,0.0
2018-04-24 00:00:00-04:00,1.2481655039990533,1.2535443116702112,1.2361426862632274,1.242470622062683,10531495,0.0,0.0
2018-04-25 00:00:00-04:00,1.2386737380623813,1.254493294236042,1.2317132012459184,1.2450016736984253,8212166,0.0,0.0
2018-04-26 00:00:00-04:00,1.2494311015092634,1.2813865138001195,1.2459506634215953,1.2722111940383911,8892513,0.0,0.0
2018-04-27 00:00:00-04:00,1.272843777802378,1.2991043057253295,1.2703126943920875,1.2949914932250977,5694058,0.0,0.0
2018-04-30 00:00:00-04:00,1.2962570703820446,1.3010028240288076,1.282968598038056,1.284550666809082,7438806,0.0,0.0
2018-05-01 00:00:00-04:00,1.2854996213140386,1.3032175458843385,1.2813864690358658,1.2997373342514038,6321147,0.0,0.0
2018-05-02 00:00:00-04:00,1.2949915384110329,1.2978389224720386,1.2791717572951737,1.2877143621444702,4719670,0.0,0.0
2018-05-03 00:00:00-04:00,1.2845507053295984,1.3003701486818786,1.28107026709555,1.2864490747451782,4249353,0.0,0.0
2018-05-04 00:00:00-04:00,1.2851832607092684,1.3022683570028444,1.2832847783619545,1.2991043329238892,4147339,0.0,0.0
2018-05-07 00:00:00-04:00,1.3019522812787787,1.305432493350147,1.2915113055649106,1.3038506507873535,4751925,0.0,0.0
2018-05-08 00:00:00-04:00,1.3019522953498313,1.3032177241471072,1.2858162109358453,1.2968899011611938,6735206,0.0,0.0
2018-05-09 00:00:00-04:00,1.2953080124769116,1.3076471310603452,1.2930933424106228,1.3041670322418213,14473305,0.0,0.0
2018-05-10 00:00:00-04:00,1.3098617817440226,1.3152405889795244,1.2930932115582932,1.2997373342514038,9627617,0.0,0.0
2018-05-11 00:00:00-04:00,1.3022686508331083,1.3070145182724966,1.2908786595118515,1.2930934429168701,3245711,0.0,0.0
2018-05-14 00:00:00-04:00,1.295308111384129,1.2972064809906072,1.2788556125168484,1.2851835489273071,8948020,0.0,0.0
2018-05-15 00:00:00-04:00,1.274742091570289,1.2794879576333538,1.2541767851302348,1.2570241689682007,6805716,0.0,0.0
2018-05-16 00:00:00-04:00,1.2595554642465607,1.2608211191625835,1.240255697942622,1.243735909461975,7387799,0.0,0.0
2018-05-17 00:00:00-04:00,1.2459724367914184,1.2539593084724794,1.2312762455137995,1.2351100444793701,6292643,0.050659,0.0
2018-05-18 00:00:00-04:00,1.2354293522718967,1.2411800498148917,1.2335123388197102,1.2395825386047363,10592254,0.0,0.0
2018-05-21 00:00:00-04:00,1.243416588737934,1.2555566468368988,1.2338319775018647,1.2494864463806152,7387799,0.0,0.0
2018-05-22 00:00:00-04:00,1.2498060921420586,1.256515183652104,1.2408605987049268,1.2526816129684448,6819218,0.0,0.0
2018-05-23 00:00:00-04:00,1.2558761380845203,1.2747255153001495,1.2526814581525558,1.2718501091003418,6792964,0.0,0.0
2018-05-24 00:00:00-04:00,1.2731281937823515,1.274725590978769,1.2514034090771455,1.2622658014297485,5582293,0.0,0.0
2018-05-25 00:00:00-04:00,1.265780088848984,1.2785590366307025,1.265780088848984,1.267377257347107,3577258,0.0,0.0
2018-05-29 00:00:00-04:00,1.2664189562731958,1.2756838360869212,1.2568345742028881,1.2712111473083496,4510390,0.0,0.0
2018-05-30 00:00:00-04:00,1.2692941007489689,1.3053953408373595,1.2667383113051847,1.3041175603866577,7036749,0.0,0.0
2018-05-31 00:00:00-04:00,1.297408562675993,1.3066734429086633,1.291018974340193,1.3044370412826538,7680340,0.0,0.0
2018-06-01 00:00:00-04:00,1.3047566490545397,1.3121048590687936,1.2967697772601805,1.3114657402038574,7584327,0.0,0.0
2018-06-04 00:00:00-04:00,1.3152990621648684,1.3306341384114495,1.3092288635397322,1.3303146362304688,7806358,0.0,0.0
2018-06-05 00:00:00-04:00,1.334787937452618,1.334787937452618,1.3181748462685676,1.3197722434997559,7028498,0.0,0.0
2018-06-06 00:00:00-04:00,1.316577653714753,1.329356718170557,1.3149801421026588,1.328717827796936,6819968,0.0,0.0
2018-06-07 00:00:00-04:00,1.3299957437802528,1.3299957437802528,1.3172164516785514,1.3232866525650024,13949731,0.0,0.0
2018-06-08 00:00:00-04:00,1.3283980806143951,1.3386213531488524,1.327759190358539,1.332231879234314,4799931,0.0,0.0
2018-06-11 00:00:00-04:00,1.331912220349968,1.3341485075811523,1.3220084503939378,1.324244737625122,3098690,0.0,0.0
2018-06-12 00:00:00-04:00,1.3216890301534212,1.3360656040062933,1.3172163411423232,1.3299956321716309,3859298,0.0,0.0
2018-06-13 00:00:00-04:00,1.333190439389401,1.335746229276582,1.2999644852287857,1.3025202751159668,4590652,0.0,0.0
2018-06-14 00:00:00-04:00,1.3082711315495241,1.3322320910557583,1.3082711315495241,1.3223280906677246,7666839,0.0,0.0
2018-06-15 00:00:00-04:00,1.325523049076767,1.331912409423966,1.3159384371999265,1.3181748390197754,9367330,0.0,0.0
2018-06-18 00:00:00-04:00,1.3149801471026978,1.3223281291901878,1.300922959032551,1.3082711696624756,4157840,0.0,0.0
2018-06-19 00:00:00-04:00,1.3034789441103622,1.3162580082862188,1.2999645329119607,1.3018814325332642,5508032,0.0,0.0
2018-06-20 00:00:00-04:00,1.301561791703951,1.3303149376255177,1.301561791703951,1.324244737625122,13196624,0.0,0.0
2018-06-21 00:00:00-04:00,1.3290371565795784,1.3466086408168465,1.3229669555379715,1.3430942296981812,8079397,0.0,0.0
2018-06-22 00:00:00-04:00,1.347247591197295,1.356832089513455,1.33574630748912,1.3542762994766235,6507924,0.0,0.0
2018-06-25 00:00:00-04:00,1.3574707647922335,1.3638604674142805,1.3462889851782491,1.3555538654327393,5553038,0.0,0.0
2018-06-26 00:00:00-04:00,1.357470826669291,1.3635410272962512,1.349483726595459,1.35299813747406,13016598,0.0,0.0
2018-06-27 00:00:00-04:00,1.3577904409330679,1.358429331287245,1.3341487553193845,1.3360657691955566,7859616,0.0,0.0
2018-06-28 00:00:00-04:00,1.3344683210285675,1.350761679976314,1.333829202211057,1.3469278812408447,6941486,0.0,0.0
2018-06-29 00:00:00-04:00,1.3418164635436176,1.3568320437493937,1.334468481732152,1.3514007329940796,8306679,0.0,0.0
2018-07-02 00:00:00-04:00,1.3501227459191918,1.3561927175563149,1.327759187320295,1.3424551486968994,6338400,0.0,0.0
2018-07-03 00:00:00-04:00,1.3440525984534744,1.353636865999991,1.3363848873111663,1.3450108766555786,4691166,0.0,0.0
2018-07-05 00:00:00-04:00,1.3446915660133905,1.3507616519927979,1.336384964168227,1.3507616519927979,7123011,0.0,0.0
2018-07-06 00:00:00-04:00,1.355554073069491,1.3568320823523787,1.3462891913958543,1.352678894996643,6609938,0.0,0.0
2018-07-09 00:00:00-04:00,1.3549148749926374,1.3593875636533292,1.3376628963038129,1.3450108766555786,8653979,0.0,0.0
2018-07-10 00:00:00-04:00,1.3450110277338463,1.35235923745338,1.3398994482738638,1.3498034477233887,7453058,0.0,0.0
2018-07-11 00:00:00-04:00,1.3498031769735916,1.3731251249631475,1.3498031769735916,1.368971824645996,9902906,0.0,0.0
2018-07-12 00:00:00-04:00,1.3737642526882696,1.3779174394524252,1.3638604820550986,1.3724864721298218,9030532,0.0,0.0
2018-07-13 00:00:00-04:00,1.376320108070708,1.3788761263944607,1.360665524278571,1.3629019260406494,3532252,0.0,0.0
2018-07-16 00:00:00-04:00,1.3577903986655877,1.36194370005891,1.345969727633539,1.3571515083312988,5108225,0.0,0.0
2018-07-17 00:00:00-04:00,1.3597071015392608,1.3629017812910382,1.3402187208737066,1.342774510383606,6597187,0.0,0.0
2018-07-18 00:00:00-04:00,1.341496972906055,1.3478866763806565,1.3325515937297985,1.337663173675537,4523892,0.0,0.0
2018-07-19 00:00:00-04:00,1.3351072568267277,1.3587488260495613,1.3344683665298316,1.3498034477233887,5429271,0.0,0.0
2018-07-20 00:00:00-04:00,1.343733367615392,1.3469280479287056,1.3319124676729437,1.3360657691955566,4923699,0.0,0.0
2018-07-23 00:00:00-04:00,1.3357460414143456,1.3360655436731101,1.320091573446817,1.3290369510650635,3077687,0.0,0.0
2018-07-24 00:00:00-04:00,1.3277594257450054,1.3290372064832434,1.3156191374771506,1.3255231380462646,3586259,0.0,0.0
2018-07-25 00:00:00-04:00,1.329037027233466,1.3469278977664965,1.3280787489446404,1.3434138298034668,5062469,0.0,0.0
2018-07-26 00:00:00-04:00,1.349164183451978,1.3539563743825436,1.3402186918188745,1.3501226902008057,4103833,0.0,0.0
2018-07-27 00:00:00-04:00,1.3558735002114994,1.3568320071205189,1.3335098245267718,1.3383020162582397,4115084,0.0,0.0
2018-07-30 00:00:00-04:00,1.3383018154824022,1.341816226017022,1.32935643796749,1.3344682455062866,3889302,0.0,0.0
2018-07-31 00:00:00-04:00,1.339899383864353,1.3740836126479514,1.3386213747895885,1.3625824451446533,6608438,0.0,0.0
2018-08-01 00:00:00-04:00,1.3533176553841244,1.3670552254147597,1.3482059615571886,1.366416335105896,4016070,0.0,0.0
2018-08-02 00:00:00-04:00,1.3667357682546348,1.3740837498120335,1.3616241885301188,1.3673746585845947,10649262,0.0,0.0
2018-08-03 00:00:00-04:00,1.344372220676436,1.400920357504819,1.3188139789804243,1.3996423482894897,7861116,0.0,0.0
2018-08-06 00:00:00-04:00,1.3999614677509544,1.4028367593914237,1.3823901013944122,1.3846263885498047,6576934,0.0,0.0
2018-08-07 00:00:00-04:00,1.3843072034678392,1.3900579018628105,1.3728059209491017,1.3868629932403564,5662554,0.0,0.0
2018-08-08 00:00:00-04:00,1.3890994494352462,1.3890994494352462,1.3772786641638717,1.3775981664657593,4236602,0.0,0.0
2018-08-09 00:00:00-04:00,1.3769591667737937,1.3830291386715277,1.3753616553912316,1.3807927370071411,3351476,0.0,0.0
2018-08-10 00:00:00-04:00,1.380792887168964,1.3859046956066736,1.3692916038621503,1.3702502250671387,4136087,0.0,0.0
2018-08-13 00:00:00-04:00,1.368972053233427,1.373125354244086,1.3597071729345713,1.3657773733139038,5272499,0.0,0.0
2018-08-14 00:00:00-04:00,1.368013505239423,1.3849458668177752,1.3622628077868457,1.3833485841751099,7014246,0.0,0.0
2018-08-15 00:00:00-04:00,1.378876127533006,1.3977253914317813,1.3782370086803346,1.397086501121521,7066003,0.0,0.0
2018-08-16 00:00:00-04:00,1.397730968026557,1.4038541482976246,1.3903183452864645,1.4019206762313843,4617656,0.050659,0.0
2018-08-17 00:00:00-04:00,1.400953541305882,1.4151338338851929,1.3983753482088705,1.4151338338851929,5102975,0.0,0.0
2018-08-20 00:00:00-04:00,1.4209350872901982,1.42866978264899,1.413522694919874,1.4173898696899414,5153982,0.0,0.0
2018-08-21 00:00:00-04:00,1.4154564081705951,1.4157787111614746,1.396441799710456,1.4003092050552368,4236602,0.0,0.0
2018-08-22 00:00:00-04:00,1.3990197487057319,1.4028871533749403,1.3954747622439685,1.4012757539749146,3947811,0.0,0.0
2018-08-23 00:00:00-04:00,1.4009536957641093,1.4061100825266353,1.399987017337244,1.4003092050552368,4466884,0.0,0.0
2018-08-24 00:00:00-04:00,1.39901987219387,1.4109443901886225,1.39901987219387,1.4093329906463623,7308288,0.0,0.0
2018-08-27 00:00:00-04:00,1.4109443627978546,1.4161007490146844,1.4012758504591127,1.414167046546936,7734348,0.0,0.0
2018-08-28 00:00:00-04:00,1.413844730471341,1.4280250218256552,1.4090105323774025,1.4251245260238647,5825327,0.0,0.0
2018-08-29 00:00:00-04:00,1.4264137092153977,1.4325371198866217,1.4206128320630853,1.4238355159759521,4291359,0.0,0.0
2018-08-30 00:00:00-04:00,1.4280253658990814,1.4280253658990814,1.4109445746274714,1.4119113683700562,4035573,0.0,0.0
2018-08-31 00:00:00-04:00,1.414489522871798,1.4209351217057198,1.4051434276171888,1.4115890264511108,5289751,0.0,0.0
2018-09-04 00:00:00-04:00,1.4064325251717382,1.4148115954828973,1.3938635162499229,1.4015980958938599,6510924,0.0,0.0
2018-09-05 00:00:00-04:00,1.3961194555914953,1.4180346750510662,1.39289654105053,1.4090107679367065,11788674,0.0,0.0
2018-09-06 00:00:00-04:00,1.4132002942513031,1.4225463878711981,1.4086883989113057,1.413522481918335,8680232,0.0,0.0
2018-09-07 00:00:00-04:00,1.40675468221502,1.4122333714949786,1.3957971883822264,1.4093329906463623,6960988,0.0,0.0
2018-09-10 00:00:00-04:00,1.4170675308505873,1.4283473273338114,1.4109443510871422,1.4241576194763184,6741207,0.0,0.0
2018-09-11 00:00:00-04:00,1.4177124219281068,1.4364046122312004,1.4177124219281068,1.4306035041809082,8386191,0.0,0.0
2018-09-12 00:00:00-04:00,1.4312480757980677,1.4347929472558083,1.4248023624362542,1.4283473491668701,5141230,0.0,0.0
2018-09-13 00:00:00-04:00,1.4360822376005855,1.4383382431641967,1.4251247433049339,1.4370490312576294,6456917,0.0,0.0
2018-09-14 00:00:00-04:00,1.433181542392,1.4364044566973324,1.4148115417978424,1.4222241640090942,9479846,0.0,0.0
2018-09-17 00:00:00-04:00,1.425447066883041,1.4331817626953125,1.4180347893510261,1.4331817626953125,6183878,0.0,0.0
2018-09-18 00:00:00-04:00,1.430280814676281,1.4341482189980348,1.421901515494386,1.429314136505127,6176377,0.0,0.0
2018-09-19 00:00:00-04:00,1.4351154222444473,1.4364046342350751,1.4151340196643856,1.4186792373657227,9368830,0.0,0.0
2018-09-20 00:00:00-04:00,1.4183568205650243,1.4331816045388743,1.411588919248813,1.4328593015670776,6451666,0.0,0.0
2018-09-21 00:00:00-04:00,1.4309256568915885,1.4470398839502217,1.4277029728619,1.438338279724121,10055928,0.0,0.0
2018-09-24 00:00:00-04:00,1.4315704267522085,1.4376938378533637,1.3941858152452695,1.4044989347457886,8900014,0.0,0.0
2018-09-25 00:00:00-04:00,1.4077213917569287,1.4183566972643922,1.4032094963626427,1.4096550941467285,4479636,0.0,0.0
2018-09-26 00:00:00-04:00,1.409977265983168,1.4161005602540984,1.3945077635760788,1.3954746723175049,3989816,0.0,0.0
2018-09-27 00:00:00-04:00,1.3948301295101135,1.4083659314374128,1.3945079418279804,1.3990198373794556,5165983,0.0,0.0
2018-09-28 00:00:00-04:00,1.3996645707818915,1.4231909576096815,1.3990198495933754,1.4222241640090942,9509850,0.0,0.0
2018-10-01 00:00:00-04:00,1.4222241696353979,1.4277028588485243,1.412555657226902,1.4132003784179688,7555073,0.0,0.0
2018-10-02 00:00:00-04:00,1.419001206893728,1.429314324868479,1.4154562202832737,1.4219017028808594,5341508,0.0,0.0
2018-10-03 00:00:00-04:00,1.4206128008881065,1.4328592761431675,1.3970861829118293,1.4054654836654663,7945128,0.0,0.0
2018-10-04 00:00:00-04:00,1.3980534102399842,1.4073995067477063,1.387418101574311,1.397086501121521,8446199,0.0,0.0
2018-10-05 00:00:00-04:00,1.3993419730112222,1.4164229915353725,1.3993419730112222,1.4025650024414062,13141866,0.0,0.0
2018-10-08 00:00:00-04:00,1.4077211724676484,1.43189227566556,1.4044984893504922,1.4228683710098267,16737876,0.0,0.0
2018-10-09 00:00:00-04:00,1.421901707704741,1.4312480321397798,1.414489316237717,1.4299588203430176,7920375,0.0,0.0
2018-10-10 00:00:00-04:00,1.4264135385061698,1.4293142649173758,1.4003089604440457,1.4012757539749146,10602755,0.0,0.0
2018-10-11 00:00:00-04:00,1.4067546498434587,1.4067546498434587,1.3561565439988021,1.3577680587768555,11406119,0.0,0.0
2018-10-12 00:00:00-04:00,1.3658249426423579,1.3758157579137138,1.3448767490502944,1.3487441539764404,13129114,0.0,0.0
2018-10-15 00:00:00-04:00,1.353900689750942,1.3819393209265884,1.3503555873891473,1.3671143054962158,8567716,0.0,0.0
2018-10-16 00:00:00-04:00,1.3684036902219192,1.3912855916937112,1.3593797816823765,1.3877403736114502,7473311,0.0,0.0
2018-10-17 00:00:00-04:00,1.382905810429057,1.3957971214215794,1.3735597165868842,1.3806498050689697,4814934,0.0,0.0
2018-10-18 00:00:00-04:00,1.3806498526225695,1.392896442868898,1.3774271688545292,1.3790384531021118,6461417,0.0,0.0
2018-10-19 00:00:00-04:00,1.3803275644334312,1.3954747649319972,1.3803275644334312,1.3932188749313354,5894337,0.0,0.0
2018-10-22 00:00:00-04:00,1.3945079300709857,1.399986849714163,1.3680808170763321,1.3687255382537842,5048967,0.0,0.0
2018-10-23 00:00:00-04:00,1.3667919485372553,1.3783940488664383,1.3529339579017394,1.3696924448013306,6358653,0.0,0.0
2018-10-24 00:00:00-04:00,1.3722708135632147,1.3986978168438327,1.3677589171007156,1.3742045164108276,18867429,0.0,0.0
2018-10-25 00:00:00-04:00,1.3748487080655576,1.4022427297194753,1.3651804264767213,1.3948301076889038,8999028,0.0,0.0
2018-10-26 00:00:00-04:00,1.3916074736548854,1.3932189884622013,1.3561565686243358,1.3690478801727295,9337326,0.0,0.0
2018-10-29 00:00:00-04:00,1.3816169171521082,1.400953830462323,1.3816169171521082,1.3974088430404663,8263173,0.0,0.0
2018-10-30 00:00:00-04:00,1.4028871934188645,1.4254467856631647,1.3980529950808,1.4096550941467285,8551964,0.0,0.0
2018-10-31 00:00:00-04:00,1.4070770917196962,1.4109444970231049,1.3829059814827191,1.3870956897735596,10217951,0.0,0.0
2018-11-01 00:00:00-04:00,1.3883845151617433,1.399342008592904,1.3754934345690453,1.3858063220977783,8494956,0.0,0.0
2018-11-02 00:00:00-04:00,1.3751712119236226,1.4161006885923542,1.3751712119236226,1.4025650024414062,14142508,0.0,0.0
2018-11-05 00:00:00-05:00,1.4086886453033123,1.4228688244104741,1.404176633901256,1.4115890264511108,9855649,0.0,0.0
2018-11-06 00:00:00-05:00,1.4157785786252646,1.4451060731378884,1.4132003854853559,1.4434945583343506,12305497,0.0,0.0
2018-11-07 00:00:00-05:00,1.449940219535045,1.4621866941452026,1.4418831068988984,1.4621866941452026,6190629,0.0,0.0
2018-11-08 00:00:00-05:00,1.4599312090251169,1.4708887054241533,1.4499406217416122,1.469599723815918,6942986,0.0,0.0
2018-11-09 00:00:00-05:00,1.4634759843736456,1.4754003872195054,1.4586419009694793,1.470888376235962,6035357,0.0,0.0
2018-11-12 00:00:00-05:00,1.4747556264654667,1.4937702299977118,1.4747556264654667,1.4776560068130493,8002886,0.0,0.0
2018-11-13 00:00:00-05:00,1.480879172693812,1.4947372778859944,1.4747558775032552,1.4837796688079834,8813751,0.0,0.0
2018-11-14 00:00:00-05:00,1.487969423912848,1.487969423912848,1.4641205025008381,1.4660543203353882,7953379,0.0,0.0
2018-11-15 00:00:00-05:00,1.4647542279536014,1.4683293095428018,1.4413546767046563,1.4511044025421143,11945446,0.050659,0.0
2018-11-16 00:00:00-05:00,1.4475290482887333,1.48685365967949,1.4475290482887333,1.483603596687317,9603614,0.0,0.0
2018-11-19 00:00:00-05:00,1.485554123314891,1.5011539430744767,1.4806792014357582,1.4940040111541748,7444057,0.0,0.0
2018-11-20 00:00:00-05:00,1.4943286280146448,1.5063535948296887,1.486203876641265,1.4914036989212036,10750526,0.0,0.0
2018-11-21 00:00:00-05:00,1.49042895994156,1.516428421510249,1.4839289492445007,1.4995287656784058,6312896,0.0,0.0
2018-11-23 00:00:00-05:00,1.4992036828473825,1.5076535691748738,1.488803921112243,1.495628833770752,2301327,0.0,0.0
2018-11-26 00:00:00-05:00,1.5047287560634017,1.5076535691748738,1.4910789307463839,1.495628833770752,6111868,0.0,0.0
2018-11-27 00:00:00-05:00,1.5001784125121571,1.5044034128845711,1.493028599660507,1.497578501701355,11114328,0.0,0.0
2018-11-28 00:00:00-05:00,1.4949791234325416,1.5079787983611894,1.4949791234325416,1.5044039487838745,14936121,0.0,0.0
2018-11-29 00:00:00-05:00,1.505703352585393,1.505703352585393,1.4940035206677815,1.4998536109924316,9220309,0.0,0.0
2018-11-30 00:00:00-05:00,1.507328487645598,1.5330030453043366,1.5057033979265388,1.5304030179977417,16023025,0.0,0.0
2018-12-03 00:00:00-05:00,1.5326781650148134,1.5424282392292519,1.528128262124507,1.5310534238815308,13075106,0.0,0.0
2018-12-04 00:00:00-05:00,1.5274780572450217,1.532677878866626,1.4940034209096973,1.497578501701355,14027742,0.0,0.0
2018-12-06 00:00:00-05:00,1.492053917135881,1.5395032930078534,1.4829541100812649,1.5369033813476562,20153861,0.0,0.0
2018-12-07 00:00:00-05:00,1.5365781865395853,1.54730308245279,1.5242283169647355,1.5300782918930054,11793174,0.0,0.0
2018-12-10 00:00:00-05:00,1.534952873209953,1.5378779181487647,1.5034282284086151,1.5278029441833496,9957664,0.0,0.0
2018-12-11 00:00:00-05:00,1.533653345858933,1.5489279120134254,1.533653345858933,1.5388531684875488,12685051,0.0,0.0
2018-12-12 00:00:00-05:00,1.545678116965932,1.5476281086190018,1.5021287296083918,1.5027786493301392,14731342,0.0,0.0
2018-12-13 00:00:00-05:00,1.5037535649162077,1.5388531816673596,1.5037535649162077,1.5258532762527466,11529887,0.0,0.0
2018-12-14 00:00:00-05:00,1.5183779758758982,1.5395026267657617,1.5157780653408501,1.5330027341842651,12835072,0.0,0.0
2018-12-17 00:00:00-05:00,1.5365781104052632,1.5456780322059405,1.4621542273943446,1.4667041301727295,15990020,0.0,0.0
2018-12-18 00:00:00-05:00,1.4761286973953247,1.488478680457852,1.4657289380281346,1.4761286973953247,20255126,0.0,0.0
2018-12-19 00:00:00-05:00,1.4810039194979474,1.4985537277032455,1.4676789962345704,1.4764539003372192,16005772,0.0,0.0
2018-12-20 00:00:00-05:00,1.479053992732139,1.491403862612228,1.4579293346086377,1.469629168510437,12455518,0.0,0.0
2018-12-21 00:00:00-05:00,1.4693041593051914,1.5027786875089015,1.4420046242003997,1.4423295259475708,32411352,0.0,0.0
2018-12-24 00:00:00-05:00,1.4410296770969722,1.4491544293578147,1.3718056114461656,1.3721305131912231,7360795,0.0,0.0
2018-12-26 00:00:00-05:00,1.3757056161986951,1.4114551544189453,1.3679056493178157,1.4114551544189453,21591065,0.0,0.0
2018-12-27 00:00:00-05:00,1.4026801213322284,1.4150298740226774,1.374405418344521,1.4143799543380737,18516379,0.0,0.0
2018-12-28 00:00:00-05:00,1.4283545351866738,1.4384292773455434,1.4004049692526435,1.4130797386169434,12156976,0.0,0.0
2018-12-31 00:00:00-05:00,1.4143799144200087,1.426404648806828,1.3971550089957743,1.4260796308517456,11476629,0.0,0.0
2019-01-02 00:00:00-05:00,1.4127546195220033,1.4127546195220033,1.3669303493380673,1.3763551712036133,10416729,0.0,0.0
2019-01-03 00:00:00-05:00,1.3731053681580168,1.4036548434734315,1.3731053681580168,1.3883799314498901,11452626,0.0,0.0
2019-01-04 00:00:00-05:00,1.392930215761104,1.4039801304180872,1.3867555711572872,1.3932552337646484,13070606,0.0,0.0
2019-01-07 00:00:00-05:00,1.3984554900925819,1.4117804164433505,1.3913056742077994,1.394230604171753,8818252,0.0,0.0
2019-01-08 00:00:00-05:00,1.3952050129825513,1.4348545297641802,1.3952050129825513,1.4325796365737915,8644227,0.0,0.0
2019-01-09 00:00:00-05:00,1.436154412582691,1.4377795024020423,1.4160049262374323,1.435179591178894,6918232,0.0,0.0
2019-01-10 00:00:00-05:00,1.4335543710808314,1.4699538223604338,1.429654620844418,1.468979001045227,9519602,0.0,0.0
2019-01-11 00:00:00-05:00,1.4670287771746604,1.4767786169685875,1.4644288663938345,1.4761286973953247,7447057,0.0,0.0
2019-01-14 00:00:00-05:00,1.4735291518923421,1.4813288861683203,1.4663792211068214,1.469629168510437,5681307,0.0,0.0
2019-01-15 00:00:00-05:00,1.4719043090949957,1.4930292032534234,1.4719043090949957,1.4910792112350464,5403767,0.0,0.0
2019-01-16 00:00:00-05:00,1.4914038336384652,1.508303490062604,1.4806789376685385,1.5027786493301392,5482528,0.0,0.0
2019-01-17 00:00:00-05:00,1.4988783236747234,1.5206531286239624,1.4988783236747234,1.5206531286239624,6246887,0.0,0.0
2019-01-18 00:00:00-05:00,1.5206532406707174,1.5297530453185664,1.5083032566974313,1.5271531343460083,6877726,0.0,0.0
2019-01-22 00:00:00-05:00,1.5235785692165373,1.5343034663402881,1.5115537162655241,1.5297534465789795,8581218,0.0,0.0
2019-01-23 00:00:00-05:00,1.5287782127329486,1.5401530265808105,1.5242280779547928,1.5401530265808105,12060962,0.0,0.0
2019-01-24 00:00:00-05:00,1.5395030556626148,1.5505528528807946,1.5235783376501875,1.5440529584884644,7386299,0.0,0.0
2019-01-25 00:00:00-05:00,1.5469780038157452,1.5619276667982265,1.5434029226762478,1.5612777471542358,6724705,0.0,0.0
2019-01-28 00:00:00-05:00,1.5599776855026362,1.5853275760131664,1.5567278545316268,1.5827274322509766,11130830,0.0,0.0
2019-01-29 00:00:00-05:00,1.5814273031259443,1.602551839908801,1.5814273031259443,1.6002769470214844,15212910,0.0,0.0
2019-01-30 00:00:00-05:00,1.5970274755939118,1.6155521057423219,1.5957272874148833,1.6038522720336914,10781281,0.0,0.0
2019-01-31 00:00:00-05:00,1.5976774280627046,1.6123023076811718,1.5817525927263938,1.609377145767212,12413512,0.0,0.0
2019-02-01 00:00:00-05:00,1.6136018373972703,1.6223767402350782,1.572652484560657,1.5947521924972534,6904730,0.0,0.0
2019-02-04 00:00:00-05:00,1.587602570116884,1.6080771908741303,1.5794775859147183,1.605802297592163,8263923,0.0,0.0
2019-02-05 00:00:00-05:00,1.5957272874148833,1.6123022746362783,1.5837025519663885,1.6038522720336914,14371290,0.0,0.0
2019-02-06 00:00:00-05:00,1.6048271889688184,1.6110021818489424,1.5967024369430023,1.5989774465560913,9596863,0.0,0.0
2019-02-07 00:00:00-05:00,1.593776937538598,1.6087268314809597,1.5889021338532372,1.6002769470214844,17242698,0.0,0.0
2019-02-08 00:00:00-05:00,1.5989772897473042,1.614902006745482,1.5983271376080075,1.6006020307540894,11896689,0.0,0.0
2019-02-11 00:00:00-05:00,1.6022271204925782,1.6119768452162024,1.596377029921821,1.6006020307540894,12922835,0.0,0.0
2019-02-12 00:00:00-05:00,1.6002771689863975,1.6045020536801997,1.5775274232505334,1.5889023542404175,12186980,0.0,0.0
2019-02-13 00:00:00-05:00,1.5840275699501671,1.6077523715951203,1.581102640583988,1.6038522720336914,9154300,0.0,0.0
2019-02-14 00:00:00-05:00,1.6061272621154785,1.612952174716053,1.5970274561439877,1.6061272621154785,7294036,0.0,0.0
2019-02-15 00:00:00-05:00,1.6132770055136905,1.6142519431663689,1.6035272802551823,1.6123021841049194,7490564,0.0,0.0
2019-02-19 00:00:00-05:00,1.6123023789959603,1.6230270432035174,1.607427225167641,1.620427131652832,9452092,0.0,0.0
2019-02-20 00:00:00-05:00,1.6178270029396542,1.6178270029396542,1.5885773625790838,1.5973522663116455,17067923,0.0,0.0
2019-02-21 00:00:00-05:00,1.6012836517035796,1.6248703633296269,1.5940766497513235,1.6242152452468872,8443949,0.051993,0.0
2019-02-22 00:00:00-05:00,1.6307669997303598,1.6409223244537519,1.6176631167988487,1.6356807947158813,9629867,0.0,0.0
2019-02-25 00:00:00-05:00,1.6288013690263736,1.6304393397034596,1.6065247803401392,1.6120940446853638,8846756,0.0,0.0
2019-02-26 00:00:00-05:00,1.6166804425734833,1.6215943549191083,1.6065248831174501,1.6160250902175903,8571467,0.0,0.0
2019-02-27 00:00:00-05:00,1.6075076914153916,1.615697427327543,1.5970245154224245,1.6025937795639038,11319857,0.0,0.0
2019-02-28 00:00:00-05:00,1.5983353119162689,1.6225772585639457,1.5966973409647545,1.602921724319458,26006942,0.0,0.0
2019-03-01 00:00:00-05:00,1.6035767975520743,1.6091457111535925,1.5865419704369115,1.6071803569793701,10655263,0.0,0.0
2019-03-04 00:00:00-05:00,1.6114386855705243,1.6265081563445154,1.5966970667126321,1.623559832572937,8852007,0.0,0.0
2019-03-05 00:00:00-05:00,1.6206119955634293,1.633388029096017,1.6189739073460168,1.6196290254592896,7796607,0.0,0.0
2019-03-06 00:00:00-05:00,1.6199562738418944,1.6225769800449934,1.6081628615806187,1.6134042739868164,12353504,0.0,0.0
2019-03-07 00:00:00-05:00,1.615042861760332,1.6324054265447812,1.6081633593805957,1.615697979927063,6965489,0.0,0.0
2019-03-08 00:00:00-05:00,1.614715056333715,1.6314223838350308,1.6094736429145233,1.6189738512039185,7175519,0.0,0.0
2019-03-11 00:00:00-04:00,1.6232323345421624,1.6346981292500746,1.6153698644012815,1.6324049234390259,10627509,0.0,0.0
2019-03-12 00:00:00-04:00,1.6415779956656997,1.6487849979282907,1.6350259943403658,1.6474745273590088,11553890,0.0,0.0
2019-03-13 00:00:00-04:00,1.6520606136565923,1.6595954669548705,1.64747431876587,1.6484572887420654,6977491,0.0,0.0
2019-03-14 00:00:00-04:00,1.6533710041888436,1.6638541810409018,1.6461640031869151,1.6631988286972046,8311180,0.0,0.0
2019-03-15 00:00:00-04:00,1.6609055903340286,1.665491884913614,1.6533709718942577,1.6635262966156006,13728449,0.0,0.0
2019-03-18 00:00:00-04:00,1.661561019190158,1.667130049588404,1.6225771033603889,1.6310945749282837,9289319,0.0,0.0
2019-03-19 00:00:00-04:00,1.6343706757341676,1.6376466174081148,1.621266909038379,1.6281464099884033,8189663,0.0,0.0
2019-03-20 00:00:00-04:00,1.6291288060399365,1.6402670999497069,1.6124215995226037,1.622904658317566,14947372,0.0,0.0
2019-03-21 00:00:00-04:00,1.6209394902838123,1.6500952341501889,1.6209394902838123,1.6474745273590088,11598897,0.0,0.0
2019-03-22 00:00:00-04:00,1.6481298863889975,1.66287150861528,1.636664089077906,1.6373192071914673,8318681,0.0,0.0
2019-03-25 00:00:00-04:00,1.6415777299876422,1.646491642306091,1.6288014642207376,1.6389570236206055,9992919,0.0,0.0
2019-03-26 00:00:00-04:00,1.6405950130287086,1.651733309740342,1.6376468057914282,1.651405692100525,6598687,0.0,0.0
2019-03-27 00:00:00-04:00,1.652060810206468,1.6566472228165245,1.636336218058469,1.651405692100525,7406552,0.0,0.0
2019-03-28 00:00:00-04:00,1.6569744116232121,1.6586124995141902,1.6432154107283476,1.6546812057495117,8529461,0.0,0.0
2019-03-29 00:00:00-04:00,1.6536989110420222,1.6579577060448045,1.6435435843459305,1.6474745273590088,11625151,0.0,0.0
2019-04-01 00:00:00-04:00,1.6474742352968008,1.649112323218005,1.6258531151683013,1.6455086469650269,6074362,0.0,0.0
2019-04-02 00:00:00-04:00,1.6481297626033495,1.6684406488984185,1.6363361141870292,1.665164589881897,8596220,0.0,0.0
2019-04-03 00:00:00-04:00,1.6645091655918165,1.674009371753523,1.650750165513716,1.668440341949463,8659980,0.0,0.0
2019-04-04 00:00:00-04:00,1.669750617579179,1.669750617579179,1.6484571161850468,1.6553364992141724,5003210,0.0,0.0
2019-04-05 00:00:00-04:00,1.6540261221851984,1.6654919174449527,1.6497674451010438,1.6631988286972046,4562148,0.0,0.0
2019-04-08 00:00:00-04:00,1.6654919294210062,1.6664748993567846,1.6497674569640273,1.6592676639556885,4921449,0.0,0.0
2019-04-09 00:00:00-04:00,1.6592676241846713,1.6612332124880984,1.6500949178265676,1.653370976448059,6207881,0.0,0.0
2019-04-10 00:00:00-04:00,1.661233443226354,1.6717165041849054,1.656974648448455,1.6648370027542114,12153226,0.0,0.0
2019-04-11 00:00:00-04:00,1.6641819859806506,1.6756479005122222,1.6530438062677355,1.6612335443496704,10240454,0.0,0.0
2019-04-12 00:00:00-04:00,1.6592678347879404,1.6733545722794119,1.6474744206441627,1.6713889837265015,8512959,0.0,0.0
2019-04-15 00:00:00-04:00,1.6736817567196176,1.6789232861464993,1.6602503741800028,1.6671298742294312,8667481,0.0,0.0
2019-04-16 00:00:00-04:00,1.6674579234849087,1.672044218980675,1.6153702332901003,1.6183185577392578,8353936,0.0,0.0
2019-04-17 00:00:00-04:00,1.6215943755225082,1.6215943755225082,1.5819555758364354,1.5829381942749023,9681625,0.0,0.0
2019-04-18 00:00:00-04:00,1.58228319640804,1.5973524351980917,1.5796622554468416,1.5917834043502808,10487989,0.0,0.0
2019-04-22 00:00:00-04:00,1.5888349795231835,1.5911281855453596,1.5577134167056466,1.567541241645813,10683017,0.0,0.0
2019-04-23 00:00:00-04:00,1.5760585288909905,1.6019384414362252,1.5721273525055812,1.597352147102356,7380298,0.0,0.0
2019-04-24 00:00:00-04:00,1.6045593990548868,1.6186462533463317,1.59899036833868,1.6124218702316284,4862940,0.0,0.0
2019-04-25 00:00:00-04:00,1.6052149592754101,1.6196290815243697,1.6012837817649228,1.6114391088485718,4061827,0.0,0.0
2019-04-26 00:00:00-04:00,1.6173358418366124,1.6268360505888382,1.6084907512068574,1.621922254562378,4108333,0.0,0.0
2019-04-29 00:00:00-04:00,1.619628793185842,1.6258531759982846,1.5983351726712285,1.5993179082870483,5378264,0.0,0.0
2019-04-30 00:00:00-04:00,1.598990176031288,1.6186460586749654,1.590800205400811,1.6170079708099365,9764886,0.0,0.0
2019-05-01 00:00:00-04:00,1.6232325360868012,1.6356809507007433,1.6107837699518184,1.6163530349731445,7105759,0.0,0.0
2019-05-02 00:00:00-04:00,1.6156977119501104,1.6307671848910505,1.6022663270885613,1.6071803569793701,7910623,0.0,0.0
2019-05-03 00:00:00-04:00,1.6071803985739321,1.6412502880333664,1.604559457579075,1.6396123170852661,14978877,0.0,0.0
2019-05-06 00:00:00-04:00,1.631749669178155,1.6399396402067479,1.6265082564499445,1.6301119327545166,7360795,0.0,0.0
2019-05-07 00:00:00-04:00,1.6261805883157048,1.6337152067585694,1.5993178216370527,1.607835292816162,7783105,0.0,0.0
2019-05-08 00:00:00-04:00,1.612094112865611,1.6225770553381162,1.6032490239657955,1.6088180541992188,6855973,0.0,0.0
2019-05-09 00:00:00-04:00,1.6058697618813844,1.6206117332359775,1.6012834671360867,1.6186461448669434,9251063,0.0,0.0
2019-05-10 00:00:00-04:00,1.618318359421447,1.6389570967311324,1.6130769464535646,1.6343706846237183,5589044,0.0,0.0
2019-05-13 00:00:00-04:00,1.6206119207981657,1.6360086604209163,1.6173357445144836,1.633060336112976,7090007,0.0,0.0
2019-05-14 00:00:00-04:00,1.63207746069499,1.6392844615163131,1.6238874899695896,1.6294565200805664,7518317,0.0,0.0
2019-05-15 00:00:00-04:00,1.6288016943112233,1.6435435505227305,1.6238877812986174,1.6402674913406372,4803682,0.0,0.0
2019-05-16 00:00:00-04:00,1.6389463683562557,1.6610676430181233,1.6353145208175464,1.6597468852996826,6651194,0.051993,0.0
2019-05-17 00:00:00-04:00,1.6524835871967198,1.6663504827390792,1.643238872074959,1.6643694639205933,5970848,0.0,0.0
2019-05-20 00:00:00-04:00,1.6653597812665366,1.6653597812665366,1.6306922499458192,1.6386164426803589,3897553,0.0,0.0
2019-05-21 00:00:00-04:00,1.641588120464597,1.6640394713145532,1.6409278595561883,1.6617282629013062,5822327,0.0,0.0
2019-05-22 00:00:00-04:00,1.6617283244184171,1.6670108842553535,1.654794817015524,1.6666808128356934,3089689,0.0,0.0
2019-05-23 00:00:00-04:00,1.6637094078510841,1.6838496699070842,1.6600775592523551,1.6835192441940308,7303037,0.0,0.0
2019-05-24 00:00:00-04:00,1.6888016624332416,1.6950745530230302,1.6802172096535264,1.6851696968078613,11679158,0.0,0.0
2019-05-28 00:00:00-04:00,1.698706664601283,1.698706664601283,1.6600772142410278,1.6600772142410278,12550032,0.0,0.0
2019-05-29 00:00:00-04:00,1.6623886500183618,1.6633793366900047,1.6254100211601474,1.6283814907073975,12075965,0.0,0.0
2019-05-30 00:00:00-04:00,1.6280511268990376,1.6472009364237714,1.6227685674221053,1.6372958421707153,5409018,0.0,0.0
2019-05-31 00:00:00-04:00,1.6323434765444047,1.6580963692536845,1.6260702300312821,1.649181842803955,7742599,0.0,0.0
2019-06-03 00:00:00-04:00,1.6554548320538724,1.657766040209383,1.639276729245839,1.6508325338363647,5961096,0.0,0.0
2019-06-04 00:00:00-04:00,1.652153610282782,1.6551250798460693,1.6283814994958752,1.6501725912094116,8008137,0.0,0.0
2019-06-05 00:00:00-04:00,1.6590870739451957,1.6888021230697632,1.6524837559382994,1.6888021230697632,4501389,0.0,0.0
2019-06-06 00:00:00-04:00,1.690783342792032,1.7072916397688618,1.6845100954659988,1.7039897441864014,5146481,0.0,0.0
2019-06-07 00:00:00-04:00,1.7122434055273417,1.7168658215217678,1.6921032667160034,1.6921032667160034,4817934,0.0,0.0
2019-06-10 00:00:00-04:00,1.6927635275055604,1.6960653038273672,1.6759250469225233,1.6921032667160034,4289109,0.0,0.0
2019-06-11 00:00:00-04:00,1.6957349906705825,1.6957349906705825,1.671962887830241,1.6881409883499146,4050575,0.0,0.0
2019-06-12 00:00:00-04:00,1.6897923786548084,1.7000276628126412,1.6848398903746797,1.69540536403656,5457025,0.0,0.0
2019-06-13 00:00:00-04:00,1.6973862052668904,1.7023389299047302,1.6891321759424625,1.696395754814148,4288359,0.0,0.0
2019-06-14 00:00:00-04:00,1.6957349906705825,1.7016779278105454,1.6845093771320436,1.6881409883499146,8365188,0.0,0.0
2019-06-17 00:00:00-04:00,1.694744766896366,1.7092722775622204,1.6878112600947561,1.6957353353500366,7738849,0.0,0.0
2019-06-18 00:00:00-04:00,1.7053103367085156,1.7122438443837409,1.6736143859742976,1.6855002641677856,7329291,0.0,0.0
2019-06-19 00:00:00-04:00,1.680547641663355,1.6957352947476305,1.6676709606350808,1.69309401512146,6885978,0.0,0.0
2019-06-20 00:00:00-04:00,1.6993670096235767,1.711583311590095,1.6940844504181332,1.7066305875778198,11424872,0.0,0.0
2019-06-21 00:00:00-04:00,1.7026688193633561,1.7026688193633561,1.6686616647795676,1.6894621849060059,21625570,0.0,0.0
2019-06-24 00:00:00-04:00,1.6921034622515432,1.6957353103410635,1.6746047188568354,1.6874810457229614,5660304,0.0,0.0
2019-06-25 00:00:00-04:00,1.6914432748129806,1.7033291518495426,1.6689919244353675,1.6709729433059692,6445665,0.0,0.0
2019-06-26 00:00:00-04:00,1.670972886251156,1.670972886251156,1.6273908268665844,1.6366355419158936,12150225,0.0,0.0
2019-06-27 00:00:00-04:00,1.6462102901528208,1.6663504310107649,1.635975243079824,1.6419180631637573,6168876,0.0,0.0
2019-06-28 00:00:00-04:00,1.6415879399456617,1.661067819331837,1.6409276791098593,1.6547945737838745,13473413,0.0,0.0
2019-07-01 00:00:00-04:00,1.6663506154624765,1.6663506154624765,1.6300322491468966,1.648851752281189,6469669,0.0,0.0
2019-07-02 00:00:00-04:00,1.6538042723424227,1.6831891318504806,1.6505027314434577,1.6749351024627686,6987992,0.0,0.0
2019-07-03 00:00:00-04:00,1.681208199515611,1.7033293631432778,1.681208199515611,1.702008605003357,3823293,0.0,0.0
2019-07-05 00:00:00-04:00,1.6884716928280241,1.6884716928280241,1.660077287734274,1.6868207454681396,4451132,0.0,0.0
2019-07-08 00:00:00-04:00,1.686160568988268,1.7010180331290046,1.686160568988268,1.6960655450820923,5340008,0.0,0.0
2019-07-09 00:00:00-04:00,1.6944145666640598,1.7162057734778582,1.6901224576726086,1.7152150869369507,6120119,0.0,0.0
2019-07-10 00:00:00-04:00,1.721158229893049,1.7330442252047693,1.7063006471832538,1.728421926498413,10002670,0.0,0.0
2019-07-11 00:00:00-04:00,1.7264412170245653,1.7310635165593684,1.6940848840938507,1.7039897441864014,7096758,0.0,0.0
2019-07-12 00:00:00-04:00,1.7039896468318023,1.714555121624299,1.6996975371004681,1.7082818746566772,7818360,0.0,0.0
2019-07-15 00:00:00-04:00,1.7112532443754742,1.723139358537727,1.7020085282804553,1.7046500444412231,6552180,0.0,0.0
2019-07-16 00:00:00-04:00,1.703328945245237,1.7053099638755522,1.6881411751106565,1.6990368366241455,5433021,0.0,0.0
2019-07-17 00:00:00-04:00,1.7046499768608583,1.7086118966643398,1.6755953078343493,1.683849573135376,5256746,0.0,0.0
2019-07-18 00:00:00-04:00,1.6845095349302306,1.6878110751334319,1.664369277608094,1.6848396062850952,6922733,0.0,0.0
2019-07-19 00:00:00-04:00,1.685169951543093,1.6881413025726506,1.6343243145978112,1.6382863521575928,8077897,0.0,0.0
2019-07-22 00:00:00-04:00,1.6399369603711567,1.6412577182038148,1.627390705708996,1.6326733827590942,12482522,0.0,0.0
2019-07-23 00:00:00-04:00,1.6336640549988357,1.6475310683752926,1.6257399798731351,1.642248272895813,7711845,0.0,0.0
2019-07-24 00:00:00-04:00,1.6481911887523724,1.6481911887523724,1.6283811207202008,1.637956142425537,5014462,0.0,0.0
2019-07-25 00:00:00-04:00,1.636305630899684,1.6435693283821688,1.6273911038160471,1.6392771005630493,5435272,0.0,0.0
2019-07-26 00:00:00-04:00,1.640928070888105,1.6551251584163909,1.6343246342988875,1.6455503702163696,9216559,0.0,0.0
2019-07-29 00:00:00-04:00,1.6514929386160082,1.67856658753954,1.646870639995619,1.6590869426727295,7918124,0.0,0.0
2019-07-30 00:00:00-04:00,1.6557850835860328,1.674274395242659,1.6465403687109608,1.6518232822418213,7876868,0.0,0.0
2019-07-31 00:00:00-04:00,1.6514929478586733,1.6670107912713164,1.6257400567627174,1.6356451511383057,7936877,0.0,0.0
2019-08-01 00:00:00-04:00,1.6379561602475758,1.6488514675014758,1.6174858311841571,1.6363052129745483,10472237,0.0,0.0
2019-08-02 00:00:00-04:00,1.6346544150071949,1.6706425862826402,1.6125331382483639,1.658426284790039,15752237,0.0,0.0
2019-08-05 00:00:00-04:00,1.6518234222941937,1.6518234222941937,1.5854599375334135,1.6108826398849487,12294996,0.0,0.0
2019-08-06 00:00:00-04:00,1.6247494380951926,1.6580960936495786,1.617485860430089,1.6524834632873535,9482096,0.0,0.0
2019-08-07 00:00:00-04:00,1.6452198092620416,1.672953835157715,1.6267304980294313,1.657105803489685,5878585,0.0,0.0
2019-08-08 00:00:00-04:00,1.657766309419995,1.675925433868318,1.642908962055809,1.6729540824890137,4559897,0.0,0.0
2019-08-09 00:00:00-04:00,1.667340999264519,1.6792272307406222,1.6544646716672082,1.67724609375,7045750,0.0,0.0
2019-08-12 00:00:00-04:00,1.6739443984129532,1.6930942093200114,1.6732841374774374,1.6825288534164429,5930342,0.0,0.0
2019-08-13 00:00:00-04:00,1.6812075455562312,1.6854996535608044,1.654794282528721,1.6637088060379028,8471703,0.0,0.0
2019-08-14 00:00:00-04:00,1.6594168141570582,1.6663502017121743,1.6283810153596032,1.6303620338439941,6928734,0.0,0.0
2019-08-15 00:00:00-04:00,1.6346884350081352,1.6706304030662222,1.6323589467687802,1.6666368246078491,9882653,0.051993,0.0
2019-08-16 00:00:00-04:00,1.6706305140094084,1.6935934131195203,1.6323590551704366,1.6859391927719116,9114544,0.0,0.0
2019-08-19 00:00:00-04:00,1.6929280076521662,1.6999167113624385,1.6796161173736728,1.6969213485717773,7315039,0.0,0.0
2019-08-20 00:00:00-04:00,1.700582112493726,1.704575691208204,1.677286514404437,1.6802815198898315,10364972,0.0,0.0
2019-08-21 00:00:00-04:00,1.6826111648816235,1.694924719365142,1.6729601549787299,1.683942437171936,6464418,0.0,0.0
2019-08-22 00:00:00-04:00,1.683942265064977,1.6995836415747172,1.677286380428259,1.6882686614990234,8866259,0.0,0.0
2019-08-23 00:00:00-04:00,1.689267066323776,1.6995838315039515,1.6719619547882691,1.6759552955627441,10642511,0.0,0.0
2019-08-26 00:00:00-04:00,1.6862722348986903,1.6925954218901473,1.6666371567377218,1.6856064796447754,5436772,0.0,0.0
2019-08-27 00:00:00-04:00,1.6952574763586001,1.706572457183067,1.676287918207917,1.676953673362732,6271640,0.0,0.0
2019-08-28 00:00:00-04:00,1.6822785562949691,1.6856063800987438,1.671628972568092,1.6832767724990845,3958312,0.0,0.0
2019-08-29 00:00:00-04:00,1.6922623374243777,1.7019135863221238,1.6826113265939455,1.6989182233810425,8728989,0.0,0.0
2019-08-30 00:00:00-04:00,1.7075709469033575,1.7079036459604198,1.6892671422505985,1.6972544193267822,6009103,0.0,0.0
2019-09-03 00:00:00-04:00,1.6912638956597574,1.7105659161053373,1.6912638956597574,1.7075709104537964,6936985,0.0,0.0
2019-09-04 00:00:00-04:00,1.7182200533877818,1.7215479955338064,1.7022459787003155,1.7112314701080322,7766603,0.0,0.0
2019-09-05 00:00:00-04:00,1.708569023323203,1.720216822309681,1.693926218866287,1.6995837688446045,11711413,0.0,0.0
2019-09-06 00:00:00-04:00,1.7158905119006356,1.7345270111450586,1.7145592398567586,1.7238774299621582,11900440,0.0,0.0
2019-09-09 00:00:00-04:00,1.7202167190055155,1.7202167190055155,1.7035771262005894,1.7138938903808594,6003102,0.0,0.0
2019-09-10 00:00:00-04:00,1.7049086852134412,1.7059069014446087,1.6593157004579961,1.6899327039718628,7420804,0.0,0.0
2019-09-11 00:00:00-04:00,1.6882689115232015,1.6975871037811308,1.6762880555288113,1.6969213485717773,7661588,0.0,0.0
2019-09-12 00:00:00-04:00,1.7079036829025742,1.7188859659317777,1.6856064177799084,1.700914978981018,8096650,0.0,0.0
2019-09-13 00:00:00-04:00,1.6912637236413048,1.7075707367767574,1.677286436854165,1.6895997524261475,9530103,0.0,0.0
2019-09-16 00:00:00-04:00,1.6889341843895014,1.7188856653584217,1.6849406059801917,1.7162233591079712,6524426,0.0,0.0
2019-09-17 00:00:00-04:00,1.7175544285116895,1.740184627273954,1.7175544285116895,1.736523985862732,11027316,0.0,0.0
2019-09-18 00:00:00-04:00,1.7428470890018208,1.7448438784255973,1.7145595760936536,1.7262073755264282,11927443,0.0,0.0
2019-09-19 00:00:00-04:00,1.7285366939584312,1.7338614255534979,1.7128953172167296,1.7138938903808594,9947162,0.0,0.0
2019-09-20 00:00:00-04:00,1.716888950136762,1.7235449541169716,1.700582055824391,1.7012475728988647,14601573,0.0,0.0
2019-09-23 00:00:00-04:00,1.6905982569538451,1.7099002760114004,1.6905982569538451,1.7019133567810059,6938485,0.0,0.0
2019-09-24 00:00:00-04:00,1.7039100305677373,1.7172219206765864,1.6982525992809672,1.7075709104537964,5728563,0.0,0.0
2019-09-25 00:00:00-04:00,1.7039100230839777,1.7232122815120785,1.7039100230839777,1.7185531854629517,6495172,0.0,0.0
2019-09-26 00:00:00-04:00,1.7258745838267882,1.7415160813798118,1.7182203631245865,1.735192894935608,4733172,0.0,0.0
2019-09-27 00:00:00-04:00,1.7348598586904365,1.7395190731757604,1.709900172200997,1.7245430946350098,3762534,0.0,0.0
2019-09-30 00:00:00-04:00,1.721548305870526,1.7395192919255185,1.7205499706602037,1.735192894935608,6697701,0.0,0.0
2019-10-01 00:00:00-04:00,1.7338615763115885,1.7421815519879205,1.711564431929376,1.72853684425354,7330041,0.0,0.0
2019-10-02 00:00:00-04:00,1.726207355813775,1.731531968838178,1.7092348244559654,1.72853684425354,7674340,0.0,0.0
2019-10-03 00:00:00-04:00,1.720882792960963,1.754827618598938,1.7205499748788233,1.754827618598938,7789106,0.0,0.0
2019-10-04 00:00:00-04:00,1.754827505437279,1.7751280977685613,1.754827505437279,1.7744625806808472,5703060,0.0,0.0
2019-10-07 00:00:00-04:00,1.7651444735344552,1.7851122501057972,1.760818195348085,1.7764595746994019,9365830,0.0,0.0
2019-10-08 00:00:00-04:00,1.7761265088803548,1.7847789444327926,1.7574900085533807,1.7734640836715698,6696951,0.0,0.0
2019-10-09 00:00:00-04:00,1.781784210467818,1.7907697040857915,1.763480524162333,1.7658100128173828,13209375,0.0,0.0
2019-10-10 00:00:00-04:00,1.7604855151129628,1.7804532932479846,1.7558264184627121,1.77413010597229,4613905,0.0,0.0
2019-10-11 00:00:00-04:00,1.7791217653251423,1.7947631436557585,1.7661426935456899,1.7821168899536133,10257706,0.0,0.0
2019-10-14 00:00:00-04:00,1.7824497536835653,1.7901042130679108,1.7747955323665363,1.7887729406356812,3833794,0.0,0.0
2019-10-15 00:00:00-04:00,1.7864431193429786,1.7921006690256456,1.7708016234457122,1.7837806940078735,6802716,0.0,0.0
2019-10-16 00:00:00-04:00,1.7801199273095227,1.7964268211743701,1.7664752207031489,1.7947629690170288,3888552,0.0,0.0
2019-10-17 00:00:00-04:00,1.7950962864203632,1.8047472982060133,1.7921011612501503,1.7980914115905762,5335508,0.0,0.0
2019-10-18 00:00:00-04:00,1.7977581617916873,1.817393236853234,1.7940972821918117,1.813066840171814,5093223,0.0,0.0
2019-10-21 00:00:00-04:00,1.811070266453388,1.8243821571062753,1.804747079707329,1.8237162828445435,3709277,0.0,0.0
2019-10-22 00:00:00-04:00,1.8273768761350908,1.8323687897089909,1.8203881733249037,1.8253800868988037,4544145,0.0,0.0
2019-10-23 00:00:00-04:00,1.8260458677650149,1.8263786858580844,1.798423870578688,1.8203884363174438,6579184,0.0,0.0
2019-10-24 00:00:00-04:00,1.818391481413656,1.8220523610708184,1.8020845866728554,1.813732385635376,5676056,0.0,0.0
2019-10-25 00:00:00-04:00,1.8107376782696354,1.816062411400153,1.801419484566482,1.80674409866333,4418877,0.0,0.0
2019-10-28 00:00:00-04:00,1.8024176902771427,1.8057455145511927,1.7901043714587854,1.7980914115905762,4947702,0.0,0.0
2019-10-29 00:00:00-04:00,1.7914349785100576,1.8047468675984204,1.7867758827976328,1.7964268922805786,4049825,0.0,0.0
2019-10-30 00:00:00-04:00,1.8014190923829352,1.8173932882967756,1.793764633942563,1.8170602321624756,5382014,0.0,0.0
2019-10-31 00:00:00-04:00,1.8200555168643908,1.8280424359289933,1.8100714514159035,1.8263784646987915,7654087,0.0,0.0
2019-11-01 00:00:00-04:00,1.8233834802378894,1.8466790792486776,1.808407857050316,1.8380264043807983,11421872,0.0,0.0
2019-11-04 00:00:00-05:00,1.8293739099087554,1.8333672508478593,1.8084079177092485,1.8227180242538452,8990777,0.0,0.0
2019-11-05 00:00:00-05:00,1.8114029726027059,1.8157293698160728,1.7711349585239309,1.7847793102264404,6810967,0.0,0.0
2019-11-06 00:00:00-05:00,1.7824495889972733,1.8010860919563605,1.7771249758949461,1.7821168899536133,5246245,0.0,0.0
2019-11-07 00:00:00-05:00,1.7721330570952012,1.7817840671094085,1.7441783622481828,1.7624820470809937,6680448,0.0,0.0
2019-11-08 00:00:00-05:00,1.7631477431068936,1.7764596342787977,1.7591541638519566,1.7694709300994873,4829936,0.0,0.0
2019-11-11 00:00:00-05:00,1.7708017917270882,1.7841136816003866,1.7618162987968649,1.7737971544265747,5175735,0.0,0.0
2019-11-12 00:00:00-05:00,1.7737971871398543,1.7874417763088668,1.7541621105286838,1.7578229904174805,5389515,0.0,0.0
2019-11-13 00:00:00-05:00,1.761816187784764,1.789771238080795,1.761816187784764,1.7851120233535767,5499781,0.0,0.0
2019-11-14 00:00:00-05:00,1.7961750208278706,1.8058967156224235,1.7921521926826616,1.8042205572128296,5549288,0.051993,0.0
2019-11-15 00:00:00-05:00,1.8092490221476631,1.8193060924534645,1.8001977188251712,1.8176298141479492,4979957,0.0,0.0
2019-11-18 00:00:00-05:00,1.8226581196597986,1.8434425298476758,1.8209819614157907,1.8303683996200562,3567507,0.0,0.0
2019-11-19 00:00:00-05:00,1.8313742920677687,1.8421015130138139,1.8193059286925728,1.833385705947876,8598471,0.0,0.0
2019-11-20 00:00:00-05:00,1.8370729514875022,1.8478005316431454,1.8229932948027345,1.8300331830978394,6205631,0.0,0.0
2019-11-21 00:00:00-05:00,1.8233285052173958,1.8233285052173958,1.7924872655689688,1.7934930324554443,3812791,0.0,0.0
2019-11-22 00:00:00-05:00,1.7951690501795574,1.800868155993264,1.77706644548529,1.7844417095184326,4748174,0.0,0.0
2019-11-25 00:00:00-05:00,1.7901406128698738,1.7968452458875008,1.7787426408155496,1.7831007242202759,4859940,0.0,0.0
2019-11-26 00:00:00-05:00,1.7891351979448245,1.7988568924487423,1.7867885282793643,1.7975157499313354,9914158,0.0,0.0
2019-11-27 00:00:00-05:00,1.7961747373619192,1.803549881162397,1.7887997134668816,1.8015384674072266,8191163,0.0,0.0
2019-11-29 00:00:00-05:00,1.8038851395054543,1.8105898924469956,1.7991919203612785,1.802544116973877,3750533,0.0,0.0
2019-12-02 00:00:00-05:00,1.798857080167563,1.8052264586171853,1.7539359355212965,1.7549415826797485,6083364,0.0,0.0
2019-12-03 00:00:00-05:00,1.7599695827675985,1.7774017958707444,1.750583144833724,1.7733789682388306,15734984,0.0,0.0
2019-12-04 00:00:00-05:00,1.77069703602033,1.7894700304463482,1.757958042798288,1.7703619003295898,11067821,0.0,0.0
2019-12-05 00:00:00-05:00,1.76801522240779,1.7733788322985973,1.756282115937139,1.7663389444351196,15785241,0.0,0.0
2019-12-06 00:00:00-05:00,1.7670095280606044,1.7797485226069523,1.7629867002991733,1.7636573314666748,6889728,0.0,0.0
2019-12-09 00:00:00-05:00,1.764327806167267,1.7673448671781378,1.7485718699137318,1.764998197555542,7501815,0.0,0.0
2019-12-10 00:00:00-05:00,1.7629868226231606,1.7680155375320357,1.746225238963282,1.747231125831604,6587435,0.0,0.0
2019-12-11 00:00:00-05:00,1.7532648025144915,1.7582932766787083,1.7147132871609294,1.7274519205093384,9646370,0.0,0.0
2019-12-12 00:00:00-05:00,1.729798867181355,1.7361683647352795,1.702645198263899,1.7096850872039795,10336468,0.0,0.0
2019-12-13 00:00:00-05:00,1.712366427640611,1.7173949012460539,1.6939285711818999,1.7147130966186523,12021957,0.0,0.0
2019-12-16 00:00:00-05:00,1.7180662231745165,1.7277879200971362,1.6952703918707863,1.7220890522003174,11472129,0.0,0.0
2019-12-17 00:00:00-05:00,1.7227590588542894,1.732145497943314,1.6875597324122589,1.6915825605392456,10122687,0.0,0.0
2019-12-18 00:00:00-05:00,1.691917735450069,1.7009690389925276,1.6801846263645281,1.6912473440170288,6999244,0.0,0.0
2019-12-19 00:00:00-05:00,1.6885652390935926,1.701304234642938,1.6842075150743736,1.6999632120132446,9200806,0.0,0.0
2019-12-20 00:00:00-05:00,1.707003101197307,1.7090145152363903,1.6932584585811485,1.6999632120132446,21775592,0.0,0.0
2019-12-23 00:00:00-05:00,1.706332571500182,1.7086791211010584,1.6905765161218715,1.6919175386428833,7390799,0.0,0.0
2019-12-24 00:00:00-05:00,1.6949346613962333,1.705662242428818,1.6905765778547004,1.7016392946243286,1962279,0.0,0.0
2019-12-26 00:00:00-05:00,1.7016392599449468,1.7113609539464667,1.6949346268534917,1.7039859294891357,6187629,0.0,0.0
2019-12-27 00:00:00-05:00,1.7086787060013073,1.7180652618408203,1.7063321569704926,1.7180652618408203,5763068,0.0,0.0
2019-12-30 00:00:00-05:00,1.716389650500329,1.7251058185317754,1.7083442336377586,1.7143784761428833,8574467,0.0,0.0
2019-12-31 00:00:00-05:00,1.710355213552428,1.7321451484767907,1.710355213552428,1.731474757194519,10506742,0.0,0.0
2020-01-02 00:00:00-05:00,1.7328155340535825,1.735832834388324,1.6878945220719186,1.6956048011779785,6604688,0.0,0.0
2020-01-03 00:00:00-05:00,1.6899060372203456,1.7301338330359435,1.6858832096766094,1.7224235534667969,8263173,0.0,0.0
2020-01-06 00:00:00-05:00,1.7197418117619132,1.738179672095764,1.7083439598418062,1.7331511974334717,16151293,0.0,0.0
2020-01-07 00:00:00-05:00,1.7251055309007306,1.733486441855834,1.705997279345331,1.7106904983520508,11877936,0.0,0.0
2020-01-08 00:00:00-05:00,1.7120314596978918,1.728122410070914,1.709684910231063,1.7184007167816162,9504599,0.0,0.0
2020-01-09 00:00:00-05:00,1.7167248597565166,1.7267816891106624,1.707338301837632,1.7106904983520508,6985742,0.0,0.0
2020-01-10 00:00:00-05:00,1.7167248574424874,1.7291283562359965,1.7080086908760577,1.7271169424057007,5659554,0.0,0.0
2020-01-13 00:00:00-05:00,1.7311399584975913,1.744549345524001,1.724770460690773,1.7398557662963867,8804000,0.0,0.0
2020-01-14 00:00:00-05:00,1.7338215215186565,1.7338215215186565,1.7083438935703021,1.721418023109436,7534820,0.0,0.0
2020-01-15 00:00:00-05:00,1.7281226738563562,1.7536004255128905,1.727787538099539,1.7479015588760376,7526569,0.0,0.0
2020-01-16 00:00:00-05:00,1.751253633930263,1.764663020150057,1.741531939833454,1.7643277645111084,4115834,0.0,0.0
2020-01-17 00:00:00-05:00,1.7633223650790701,1.7733791956375458,1.757623258615198,1.7683507204055786,5445773,0.0,0.0
2020-01-21 00:00:00-05:00,1.7720381729584405,1.787458974222796,1.7676800891475246,1.7867885828018188,7372047,0.0,0.0
2020-01-22 00:00:00-05:00,1.793492954934176,1.7975155426844203,1.7730438013250887,1.7767311334609985,7760602,0.0,0.0
2020-01-23 00:00:00-05:00,1.7810892784765686,1.8048907492445112,1.7700265622520877,1.8038851022720337,5941594,0.0,0.0
2020-01-24 00:00:00-05:00,1.8069021791299538,1.8146126988794533,1.799527154820297,1.810925006866455,6580684,0.0,0.0
2020-01-27 00:00:00-05:00,1.8038851639763918,1.814947880579288,1.7934930785538297,1.7961748838424683,10431731,0.0,0.0
2020-01-28 00:00:00-05:00,1.7851123418334303,1.800533143420416,1.7820954005177254,1.785447597503662,7632334,0.0,0.0
2020-01-29 00:00:00-05:00,1.793157983322733,1.7978512032642335,1.7770667893591285,1.7784078121185303,5088722,0.0,0.0
2020-01-30 00:00:00-05:00,1.7753905214293475,1.7911465775736772,1.7686858881201153,1.7824304103851318,13835714,0.0,0.0
2020-01-31 00:00:00-05:00,1.778072212883646,1.797180464553022,1.757623058619415,1.7670094966888428,10986060,0.0,0.0
2020-02-03 00:00:00-05:00,1.7720382146790896,1.7790781041505777,1.7586290669837976,1.7690211534500122,9126546,0.0,0.0
2020-02-04 00:00:00-05:00,1.7737144056496519,1.7951692087727589,1.7686859305471054,1.784106731414795,6462167,0.0,0.0
2020-02-05 00:00:00-05:00,1.7831005785242582,1.8001974153033253,1.7757255547507456,1.7884641885757446,4799181,0.0,0.0
2020-02-06 00:00:00-05:00,1.794498838567446,1.799527313729394,1.787794085112725,1.7931578159332275,6723955,0.0,0.0
2020-02-07 00:00:00-05:00,1.796510122885695,1.8008682063212897,1.782765601121117,1.7891350984573364,3175201,0.0,0.0
2020-02-10 00:00:00-05:00,1.8008678939118914,1.808242917060852,1.790810706248012,1.808242917060852,2836153,0.0,0.0
2020-02-11 00:00:00-05:00,1.8079078744322445,1.8179648234698436,1.8058964606436363,1.814612627029419,3985316,0.0,0.0
2020-02-12 00:00:00-05:00,1.8109250913338955,1.8256752605466515,1.8005330056898654,1.8132717609405518,4185594,0.0,0.0
2020-02-13 00:00:00-05:00,1.8129341495475337,1.8342151275787006,1.8058404902038114,1.8284727334976196,6434414,0.054659,0.0
2020-02-14 00:00:00-05:00,1.8362415526637932,1.8514420757418715,1.830498918040941,1.8511042594909668,6919732,0.0,0.0
2020-02-18 00:00:00-05:00,1.8568470561503514,1.857522567889846,1.8365794083613243,1.8534690141677856,6737457,0.0,0.0
2020-02-19 00:00:00-05:00,1.8544826230639386,1.8561713420377648,1.8332016468048096,1.8332016468048096,8465702,0.0,0.0
2020-02-20 00:00:00-05:00,1.8348906401800704,1.8639409101988087,1.825770203759739,1.8632651567459106,4547146,0.0,0.0
2020-02-21 00:00:00-05:00,1.8609003734885994,1.8808303258748362,1.8609003734885994,1.874412178993225,7252030,0.0,0.0
2020-02-24 00:00:00-05:00,1.857184852890402,1.8774525004661833,1.8470510895131473,1.8514422178268433,9272066,0.0,0.0
2020-02-25 00:00:00-05:00,1.8558334994564023,1.8558334994564023,1.8068535246428894,1.8102315664291382,19234981,0.0,0.0
2020-02-26 00:00:00-05:00,1.8139471612645843,1.8244188611170344,1.7852348334036414,1.7855725288391113,9061287,0.0,0.0
2020-02-27 00:00:00-05:00,1.769358717829856,1.7723990646249048,1.6697100346701321,1.6730878353118896,17722016,0.0,0.0
2020-02-28 00:00:00-05:00,1.6335661312539655,1.6342416430143398,1.5643185036645006,1.616000771522522,20285880,0.0,0.0
2020-03-02 00:00:00-05:00,1.6197164019768628,1.6727496858928883,1.6082313746326027,1.671736478805542,18136825,0.0,0.0
2020-03-03 00:00:00-05:00,1.671398995401653,1.723081266278958,1.6592382123278784,1.6730878353118896,18635646,0.0,0.0
2020-03-04 00:00:00-05:00,1.698084449345152,1.7359172157994514,1.6893018299016955,1.732539415359497,8035141,0.0,0.0
2020-03-05 00:00:00-05:00,1.7021378752084237,1.7146361104425074,1.6781547327139261,1.7028133869171143,7818360,0.0,0.0
2020-03-06 00:00:00-05:00,1.6578868880468003,1.692341849870723,1.6278232958211645,1.6825456619262695,19780308,0.0,0.0
2020-03-09 00:00:00-04:00,1.5974218890946839,1.6264719095857714,1.5656694596319523,1.5940440893173218,14232521,0.0,0.0
2020-03-10 00:00:00-04:00,1.628499080663256,1.6622785364760275,1.574114521684967,1.660589575767517,17322960,0.0,0.0
2020-03-11 00:00:00-04:00,1.613636601639903,1.6156633789435428,1.5437133283601774,1.554185152053833,15043386,0.0,0.0
2020-03-12 00:00:00-04:00,1.4514955805181868,1.5302012111602776,1.3815724476906823,1.4609538316726685,21852853,0.0,0.0
2020-03-13 00:00:00-04:00,1.535943664021111,1.5592512916557315,1.4160272428336937,1.5555355548858643,15532455,0.0,0.0
2020-03-16 00:00:00-04:00,1.4062316753871587,1.4140008464132505,1.1971376363410713,1.1995022296905518,17883289,0.0,0.0
2020-03-17 00:00:00-04:00,1.233957045052204,1.2825992046939727,1.1738298572153532,1.2616560459136963,15193407,0.0,0.0
2020-03-18 00:00:00-04:00,1.0599939246657617,1.2576027007540642,1.013378534087224,1.0539135932922363,17247949,0.0,0.0
2020-03-19 00:00:00-04:00,1.040739703754734,1.15795373663974,0.9812879653834082,1.0535756349563599,11655905,0.0,0.0
2020-03-20 00:00:00-04:00,1.0664120647461997,1.0755325013306958,0.9400775199040212,0.9562916159629822,14315783,0.0,0.0
2020-03-23 00:00:00-04:00,0.953927009722449,0.953927009722449,0.8370506059362859,0.8542779684066772,13741951,0.0,0.0
2020-03-24 00:00:00-04:00,0.8975156376331734,0.9144051842337253,0.8286057027279169,0.8894084692001343,16601357,0.0,0.0
2020-03-25 00:00:00-04:00,0.8890707269981399,1.0674253543290033,0.8829903354770612,1.0306057929992676,13656439,0.0,0.0
2020-03-26 00:00:00-04:00,1.0353348034824046,1.1272146729152095,1.0275657537030363,1.1150540113449097,14363789,0.0,0.0
2020-03-27 00:00:00-04:00,1.0775589659226392,1.2038935628659129,1.0660742991254841,1.1815993785858154,14723090,0.0,0.0
2020-03-30 00:00:00-04:00,1.1822747859611182,1.193421997938074,1.1086360344515598,1.1748433113098145,12439766,0.0,0.0
2020-03-31 00:00:00-04:00,1.1636961229829208,1.1934220221922625,1.13734838654059,1.187341570854187,23152787,0.0,0.0
2020-04-01 00:00:00-04:00,1.1245120943278184,1.1255256639804323,1.0279034050644835,1.091746211051941,16668867,0.0,0.0
2020-04-02 00:00:00-04:00,1.0934352463583041,1.1370106493740741,1.0268902680690517,1.0545892715454102,16016274,0.0,0.0
2020-04-03 00:00:00-04:00,1.0525624653297168,1.0762079141893999,1.0120274101416882,1.0349971055984497,12592038,0.0,0.0
2020-04-06 00:00:00-04:00,1.089043938429081,1.21368944737823,1.0799235029197771,1.1998401880264282,27002334,0.0,0.0
2020-04-07 00:00:00-04:00,1.2565892629454465,1.267398416770151,1.159304703740299,1.1640338897705078,21598567,0.0,0.0
2020-04-08 00:00:00-04:00,1.1772079292623336,1.2454419843607283,1.1481577834039696,1.2342947721481323,16548850,0.0,0.0
2020-04-09 00:00:00-04:00,1.2636828131486366,1.3903550928563044,1.253886866369187,1.3501578569412231,14386293,0.0,0.0
2020-04-13 00:00:00-04:00,1.349820106199505,1.360629381479681,1.2920575090523252,1.2954353094100952,9487347,0.0,0.0
2020-04-14 00:00:00-04:00,1.3302278666386471,1.3481310408098732,1.2910438390222705,1.3339437246322632,10347719,0.0,0.0
2020-04-15 00:00:00-04:00,1.2842884698180357,1.3075962249906,1.2315926282369525,1.2660475969314575,9591612,0.0,0.0
2020-04-16 00:00:00-04:00,1.2660474980211214,1.280234815642008,1.2153784374772252,1.221121072769165,13338394,0.0,0.0
2020-04-17 00:00:00-04:00,1.2619937470711013,1.3329300824535133,1.2579401938636032,1.3224586248397827,12974592,0.0,0.0
2020-04-20 00:00:00-04:00,1.2920574243135468,1.302191066364796,1.2403751611709595,1.2403751611709595,13590430,0.0,0.0
2020-04-21 00:00:00-04:00,1.1937596763404044,1.2349704817826737,1.1934219808966606,1.2076091766357422,8885011,0.0,0.0
2020-04-22 00:00:00-04:00,1.2322680849800598,1.2609806582934142,1.216053989896726,1.2478066682815552,9436340,0.0,0.0
2020-04-23 00:00:00-04:00,1.2498334530618744,1.2501712693655402,1.1721411401764197,1.1870039701461792,19865070,0.0,0.0
2020-04-24 00:00:00-04:00,1.1978133720841988,1.2069338082159677,1.1623451972937584,1.1853148937225342,10190197,0.0,0.0
2020-04-27 00:00:00-04:00,1.2028802191731591,1.2383485137521602,1.1954488647833559,1.2353084087371826,9474595,0.0,0.0
2020-04-28 00:00:00-04:00,1.272465595574726,1.2944219620899509,1.2299035235464095,1.2569270133972168,13814711,0.0,0.0
2020-04-29 00:00:00-04:00,1.2927330692068515,1.3102984291454676,1.2565893837303033,1.2839503288269043,12885329,0.0,0.0
2020-04-30 00:00:00-04:00,1.2613182563579441,1.278207860300827,1.2339569529849623,1.272465467453003,7051001,0.0,0.0
2020-05-01 00:00:00-04:00,1.2299034791216312,1.2380105861946764,1.2109870973199723,1.2319302558898926,7770353,0.0,0.0
2020-05-04 00:00:00-04:00,1.2170675262214938,1.2339571326231478,1.1924085075610351,1.2299035787582397,12392509,0.0,0.0
2020-05-05 00:00:00-04:00,1.2400372826364314,1.2545622936957526,1.2315923598455056,1.2359837293624878,6555931,0.0,0.0
2020-05-06 00:00:00-04:00,1.2447663599421934,1.255575634078002,1.216391849206462,1.2170673608779907,5802824,0.0,0.0
2020-05-07 00:00:00-04:00,1.2332816410529626,1.2778702510119104,1.2309170477895033,1.254562497138977,17282454,0.0,0.0
2020-05-08 00:00:00-04:00,1.2721276845109175,1.2954354396465828,1.2559135887286597,1.2782081365585327,8513709,0.0,0.0
2020-05-11 00:00:00-04:00,1.2576024712858993,1.2792211414196688,1.238010577906823,1.2474688291549683,7522818,0.0,0.0
2020-05-12 00:00:00-04:00,1.2528733140193087,1.2528733140193087,1.1859904109561699,1.1957863569259644,9551106,0.0,0.0
2020-05-13 00:00:00-04:00,1.1826123935029698,1.1863282513736817,1.146468713385152,1.1579536199569702,12144974,0.0,0.0
2020-05-14 00:00:00-04:00,1.1350475828843696,1.148722950731761,1.0823979119214344,1.147013545036316,12294246,0.054659,0.0
2020-05-15 00:00:00-04:00,1.1353892945606288,1.1541927539989725,1.095731187026808,1.1490646600723267,32126311,0.0,0.0
2020-05-18 00:00:00-04:00,1.2013725730901823,1.2646208193926074,1.1935093569231665,1.24752676486969,11406119,0.0,0.0
2020-05-19 00:00:00-04:00,1.2352189699414637,1.2379542147473912,1.203082166864668,1.2041077613830566,11005563,0.0,0.0
2020-05-20 00:00:00-04:00,1.2235947942708152,1.2341933777281342,1.2075265777201971,1.2263301610946655,9410836,0.0,0.0
2020-05-21 00:00:00-04:00,1.2188086026671459,1.254706489665578,1.213680385503299,1.2232531309127808,4969456,0.0,0.0
2020-05-22 00:00:00-04:00,1.2235948793923255,1.2283813131027062,1.2099198785790841,1.227355718612671,5230493,0.0,0.0
2020-05-26 00:00:00-04:00,1.278638148184726,1.296415894015737,1.262227780167063,1.2844500541687012,8593220,0.0,0.0
2020-05-27 00:00:00-04:00,1.328552640079417,1.3302619232580029,1.2564154605416646,1.2762447595596313,11007063,0.0,0.0
2020-05-28 00:00:00-04:00,1.295048299250236,1.295048299250236,1.2519708917091585,1.2711162567138672,7765102,0.0,0.0
2020-05-29 00:00:00-04:00,1.2519709244976538,1.281031184013296,1.240689019719483,1.2605180740356445,10602005,0.0,0.0
2020-06-01 00:00:00-04:00,1.2625696769572485,1.302228035485735,1.2601764600909984,1.2974416017532349,5961846,0.0,0.0
2020-06-02 00:00:00-04:00,1.312826347955875,1.3141939704263967,1.2782963262520106,1.2885527610778809,8683233,0.0,0.0
2020-06-03 00:00:00-04:00,1.3090653662051959,1.3794931467147364,1.2916295267228344,1.3723136186599731,8984026,0.0,0.0
2020-06-04 00:00:00-04:00,1.3688948718138314,1.3688948718138314,1.328210921985374,1.3675271272659302,7207023,0.0,0.0
2020-06-05 00:00:00-04:00,1.432142800036575,1.4731687790124008,1.4129974328559953,1.4430831670761108,11626651,0.0,0.0
2020-06-08 00:00:00-04:00,1.4649635128928045,1.4991518689675942,1.451630296145608,1.4981260299682617,10716772,0.0,0.0
2020-06-09 00:00:00-04:00,1.4471858283314842,1.4659894127245054,1.4229119991297392,1.4612029790878296,8410944,0.0,0.0
2020-06-10 00:00:00-04:00,1.4458180673029093,1.4526556892321978,1.404792335727178,1.4136812686920166,7145515,0.0,0.0
2020-06-11 00:00:00-04:00,1.3340229032119855,1.3623991102615498,1.3124843187357385,1.3333392143249512,11187088,0.0,0.0
2020-06-12 00:00:00-04:00,1.3579545124683567,1.3791511902704219,1.3049629402470164,1.348039984703064,13514669,0.0,0.0
2020-06-15 00:00:00-04:00,1.2967575835118905,1.3593221452666304,1.2929971113714898,1.338125467300415,7564824,0.0,0.0
2020-06-16 00:00:00-04:00,1.3952195907546208,1.4071854291231463,1.3562449256719813,1.384963035583496,6834220,0.0,0.0
2020-06-17 00:00:00-04:00,1.393168364951287,1.3962452705489539,1.3309459527148015,1.3377835750579834,6426162,0.0,0.0
2020-06-18 00:00:00-04:00,1.3316296103310972,1.3408604491913139,1.3165868659858515,1.3323132991790771,7334541,0.0,0.0
2020-06-19 00:00:00-04:00,1.3518006642377305,1.3637667484477174,1.3029117111840438,1.304279088973999,26910071,0.0,0.0
2020-06-22 00:00:00-04:00,1.3035952754052282,1.3118005196308653,1.271116326343203,1.3012020587921143,5858332,0.0,0.0
2020-06-23 00:00:00-04:00,1.3128262620334001,1.3165869790135207,1.276586836897039,1.2844500541687012,5201989,0.0,0.0
2020-06-24 00:00:00-04:00,1.2639370240107168,1.2728259577898888,1.214706166066463,1.2376121282577515,7177769,0.0,0.0
2020-06-25 00:00:00-04:00,1.223594871558103,1.2707746634742736,1.223594871558103,1.2690653800964355,6835721,0.0,0.0
2020-06-26 00:00:00-04:00,1.263253450221013,1.271116545679115,1.2355611741744474,1.2441080808639526,7735098,0.0,0.0
2020-06-29 00:00:00-04:00,1.257099352494982,1.2711162567138672,1.2328255267044497,1.2711162567138672,6837221,0.0,0.0
2020-06-30 00:00:00-04:00,1.2728257933527927,1.2947061582475208,1.258124955670785,1.286842942237854,7848364,0.0,0.0
2020-07-01 00:00:00-04:00,1.2964158625149915,1.3357323147694748,1.2923132400393047,1.3268433809280396,6435914,0.0,0.0
2020-07-02 00:00:00-04:00,1.3535100969744216,1.3627409366538161,1.3206893608440928,1.335390567779541,7215274,0.0,0.0
2020-07-06 00:00:00-04:00,1.3654759196359196,1.3658178252278506,1.318638277488634,1.3200056552886963,6672947,0.0,0.0
2020-07-07 00:00:00-04:00,1.298809038147811,1.312142623168198,1.2878690369531458,1.2991509437561035,7315039,0.0,0.0
2020-07-08 00:00:00-04:00,1.2977834683635676,1.2994926294250777,1.2683814225174967,1.2793217897415161,5406018,0.0,0.0
2020-07-09 00:00:00-04:00,1.272484055729124,1.272484055729124,1.2352187961676238,1.256757378578186,4282358,0.0,0.0
2020-07-10 00:00:00-04:00,1.2557319466085792,1.2779542207146248,1.2557319466085792,1.271458625793457,5210990,0.0,0.0
2020-07-13 00:00:00-04:00,1.2762450381225268,1.2926554075137253,1.2653047918617277,1.2752193212509155,7812359,0.0,0.0
2020-07-14 00:00:00-04:00,1.2741936090312613,1.2988089774198366,1.2629114581881453,1.29436457157135,9268316,0.0,0.0
2020-07-15 00:00:00-04:00,1.317270725278653,1.3234247816935147,1.2981253562329744,1.3053048849105835,8484455,0.0,0.0
2020-07-16 00:00:00-04:00,1.3001765331345263,1.3097492778091888,1.2823986660843139,1.2865012884140015,10964307,0.0,0.0
2020-07-17 00:00:00-04:00,1.2841079334540726,1.2858174611439512,1.2550480415509397,1.2711162567138672,10286961,0.0,0.0
2020-07-20 00:00:00-04:00,1.2605182566016946,1.2666723127701223,1.2054753686559525,1.2300907373428345,10088932,0.0,0.0
2020-07-21 00:00:00-04:00,1.2352188687146965,1.2506036412165746,1.2205180296420859,1.229065179824829,7382548,0.0,0.0
2020-07-22 00:00:00-04:00,1.2225692689904526,1.2588086896102135,1.2129965249355972,1.256757378578186,8976524,0.0,0.0
2020-07-23 00:00:00-04:00,1.2509455172224622,1.264620883821331,1.2201760952297838,1.2362446784973145,5249245,0.0,0.0
2020-07-24 00:00:00-04:00,1.240005210385456,1.241372832709986,1.2112872203953913,1.2188085317611694,4878693,0.0,0.0
2020-07-27 00:00:00-04:00,1.21470612963821,1.2242788742994029,1.1959026681739466,1.2225693464279175,6537928,0.0,0.0
2020-07-28 00:00:00-04:00,1.2170994424481938,1.2728260200912582,1.2116290751114536,1.2646210193634033,5727063,0.0,0.0
2020-07-29 00:00:00-04:00,1.272825981527015,1.2970995665091873,1.2355610846441012,1.2912876605987549,11686659,0.0,0.0
2020-07-30 00:00:00-04:00,1.2694072142554413,1.319321881224199,1.260860064144222,1.309407353401184,8378690,0.0,0.0
2020-07-31 00:00:00-04:00,1.3022280028485544,1.3319715875737215,1.272142267971431,1.3271851539611816,22386178,0.0,0.0
2020-08-03 00:00:00-04:00,1.3196637817233954,1.3196637817233954,1.2639369648487804,1.2776122093200684,14156010,0.0,0.0
2020-08-04 00:00:00-04:00,1.2738517072968023,1.2984670733969645,1.2280392969987615,1.2495778799057007,15380184,0.0,0.0
2020-08-05 00:00:00-04:00,1.2444497811285518,1.2632533658986074,1.2362447806024337,1.2526551485061646,8312680,0.0,0.0
2020-08-06 00:00:00-04:00,1.2386377788406249,1.268381361998642,1.2386377788406249,1.2649626731872559,5832828,0.0,0.0
2020-08-07 00:00:00-04:00,1.259150604995735,1.2728259725495368,1.2533388214101249,1.2659883499145508,6153124,0.0,0.0
2020-08-10 00:00:00-04:00,1.2683814167754515,1.2947063122589595,1.261543794289743,1.2858176231384277,4973956,0.0,0.0
2020-08-11 00:00:00-04:00,1.297783308940388,1.308723307969025,1.2618857951376554,1.2738516330718994,7783855,0.0,0.0
2020-08-12 00:00:00-04:00,1.2755610356356053,1.2865014035888234,1.2670141292039354,1.2803473472595215,5675306,0.0,0.0
2020-08-13 00:00:00-04:00,1.2761995369250465,1.2896803416349945,1.2471636627221108,1.2520029544830322,3854047,0.054659,0.0
2020-08-14 00:00:00-04:00,1.2495832248617218,1.27861922219267,1.2395587040499914,1.2654837369918823,5718812,0.0,0.0
2020-08-17 00:00:00-04:00,1.2641011951468915,1.2737797782816438,1.2520029044097498,1.2696317434310913,3428737,0.0,0.0
2020-08-18 00:00:00-04:00,1.2651380498005826,1.2651380498005826,1.228497610140135,1.2305716276168823,8746992,0.0,0.0
2020-08-19 00:00:00-04:00,1.2250406673801906,1.2309171530659357,1.1901285561764827,1.2157078981399536,10470737,0.0,0.0
2020-08-20 00:00:00-04:00,1.2132882580830777,1.2433610763700722,1.2125967541293574,1.2309170961380005,4430879,0.0,0.0
2020-08-21 00:00:00-04:00,1.2326456039366849,1.2357564445918297,1.196004794587425,1.2157078981399536,3870550,0.0,0.0
2020-08-24 00:00:00-04:00,1.2153622536560862,1.2388675814868877,1.1894374651813535,1.2378307580947876,4681415,0.0,0.0
2020-08-25 00:00:00-04:00,1.2374849218182529,1.2478548854391978,1.2264234541968793,1.2464720010757446,4724171,0.0,0.0
2020-08-26 00:00:00-04:00,1.2409415061674074,1.2409415061674074,1.207757596423701,1.2195101976394653,6546179,0.0,0.0
2020-08-27 00:00:00-04:00,1.2264234358673347,1.2551137423056,1.2260778693283911,1.2485461235046387,7594828,0.0,0.0
2020-08-28 00:00:00-04:00,1.2506201221794797,1.2578791212243257,1.2326455932903473,1.2575334310531616,6666196,0.0,0.0
2020-08-31 00:00:00-04:00,1.2516571707348307,1.2526941175927315,1.2336823948862339,1.245435118675232,7540071,0.0,0.0
2020-09-01 00:00:00-04:00,1.2350651099951575,1.245435072741294,1.2222753161825717,1.2443978786468506,8882761,0.0,0.0
2020-09-02 00:00:00-04:00,1.2526941917233467,1.2761995170549183,1.2419784141581223,1.267903447151184,11027316,0.0,0.0
2020-09-03 00:00:00-04:00,1.2755079656503394,1.3166424998175486,1.2713601781274089,1.281038761138916,9203057,0.0,0.0
2020-09-04 00:00:00-04:00,1.278273583524678,1.3045441840727936,1.265829354554707,1.2945196628570557,9079289,0.0,0.0
2020-09-08 00:00:00-04:00,1.2879523333697547,1.2879523333697547,1.2665210239860751,1.2720515727996826,9590112,0.0,0.0
2020-09-09 00:00:00-04:00,1.265138042521432,1.2844953327973576,1.2378306198447622,1.246817946434021,12700803,0.0,0.0
2020-09-10 00:00:00-04:00,1.2475092103417431,1.248546157261414,1.2219298675242005,1.2305716276168823,8134155,0.0,0.0
2020-09-11 00:00:00-04:00,1.231954000265703,1.231954000265703,1.202918006185024,1.2091401815414429,8781497,0.0,0.0
2020-09-14 00:00:00-04:00,1.226077879512236,1.3083463312079546,1.225386622791205,1.2955567836761475,24746764,0.0,0.0
2020-09-15 00:00:00-04:00,1.2934827097665111,1.3128399989461197,1.2630639535219004,1.2641011476516724,12575535,0.0,0.0
2020-09-16 00:00:00-04:00,1.2634097730847567,1.2983221341265276,1.25615077344426,1.2851866483688354,10788782,0.0,0.0
2020-09-17 00:00:00-04:00,1.2723970948749945,1.2862238373377162,1.2530398037920762,1.2571879625320435,12822321,0.0,0.0
2020-09-18 00:00:00-04:00,1.2443978927502115,1.2499288116131013,1.2036095452454851,1.207411766052246,30645601,0.0,0.0
2020-09-21 00:00:00-04:00,1.1794127446028626,1.1884001943193059,1.1355131846998694,1.1448462009429932,16023025,0.0,0.0
2020-09-22 00:00:00-04:00,1.147611603301643,1.2132884145112766,1.147611603301643,1.2011898756027222,28104240,0.0,0.0
2020-09-23 00:00:00-04:00,1.1991159547476067,1.2098314842250588,1.154524891491565,1.1562532186508179,10499991,0.0,0.0
2020-09-24 00:00:00-04:00,1.154179260604806,1.1700800196513885,1.1431179167625756,1.1503769159317017,7022497,0.0,0.0
2020-09-25 00:00:00-04:00,1.1441549900024175,1.1718082260360554,1.1375872475345064,1.1714625358581543,5535036,0.0,0.0
2020-09-28 00:00:00-04:00,1.1925482317401384,1.2143251048406885,1.1856347993549594,1.193930745124817,8364438,0.0,0.0
2020-09-29 00:00:00-04:00,1.1880545733150996,1.1970420235547268,1.1455375243185912,1.1531422138214111,8061395,0.0,0.0
2020-09-30 00:00:00-04:00,1.1655863523483276,1.1742278653789398,1.154525007958298,1.1655863523483276,9783639,0.0,0.0
2020-10-01 00:00:00-04:00,1.1711168783842223,1.2170903302654945,1.1666231536952378,1.216399073600769,7321790,0.0,0.0
2020-10-02 00:00:00-04:00,1.197733246174063,1.2613359109466067,1.1880545394790887,1.2530397176742554,9809143,0.0,0.0
2020-10-05 00:00:00-04:00,1.260644367002173,1.2661751623417656,1.2271146466256024,1.2616814374923706,15434191,0.0,0.0
2020-10-06 00:00:00-04:00,1.2748166436321318,1.285878110405194,1.2526940809981912,1.2703229188919067,11022065,0.0,0.0
2020-10-07 00:00:00-04:00,1.2772364908739862,1.2772364908739862,1.2513114573349187,1.2544225454330444,15977268,0.0,0.0
2020-10-08 00:00:00-04:00,1.255459451839633,1.2761995027287427,1.2502744700267066,1.2699774503707886,13625685,0.0,0.0
2020-10-09 00:00:00-04:00,1.2806932660592265,1.2806932660592265,1.2516572681298548,1.2706687450408936,6808717,0.0,0.0
2020-10-12 00:00:00-04:00,1.2661752267623454,1.2737797925570467,1.2547681926141876,1.2675577402114868,9006529,0.0,0.0
2020-10-13 00:00:00-04:00,1.2520029113353013,1.2644467686809877,1.2163991720063532,1.2278063297271729,4581651,0.0,0.0
2020-10-14 00:00:00-04:00,1.228843083128107,1.2378305327222043,1.2112142450114727,1.224003791809082,3714527,0.0,0.0
2020-10-15 00:00:00-04:00,1.2181276082992554,1.2340281199697825,1.2136338833006008,1.2181276082992554,4666413,0.0,0.0
2020-10-16 00:00:00-04:00,1.2132883762562872,1.2215841990358132,1.183906564511668,1.1887458562850952,4356619,0.0,0.0
2020-10-19 00:00:00-04:00,1.1949679301773268,1.198078894684587,1.1413897822456536,1.1424267292022705,6619690,0.0,0.0
2020-10-20 00:00:00-04:00,1.1552162647092945,1.1832153158785712,1.153142247181488,1.1655863523483276,7309788,0.0,0.0
2020-10-21 00:00:00-04:00,1.1579815364569161,1.1828696230987852,1.1493400234451934,1.1749193668365479,22649466,0.0,0.0
2020-10-22 00:00:00-04:00,1.176647351492296,1.1890913306780397,1.16282085906494,1.1776845455169678,11301105,0.0,0.0
2020-10-23 00:00:00-04:00,1.1890915425665918,1.1942766481522078,1.1666232874576876,1.1700800657272339,10938803,0.0,0.0
2020-10-26 00:00:00-04:00,1.1607470850948953,1.1648948729634294,1.129291502230442,1.1496857404708862,16206051,0.0,0.0
2020-10-27 00:00:00-04:00,1.1469202631749758,1.1655862963917216,1.1033663917315728,1.1037120819091797,13316641,0.0,0.0
2020-10-28 00:00:00-04:00,1.0784783614728708,1.079515555696222,1.0259370372699816,1.0439118146896362,33416494,0.0,0.0
2020-10-29 00:00:00-04:00,1.0449486999952162,1.0698367853033353,1.0262829141982803,1.0660343170166016,18442118,0.0,0.0
2020-10-30 00:00:00-04:00,1.0687995549947817,1.1168471494740604,1.0649974577488384,1.1026748418807983,24157180,0.0,0.0
2020-11-02 00:00:00-05:00,1.1113167410621654,1.1320567934508454,1.0988727590839225,1.11027991771698,62922684,0.0,0.0
2020-11-03 00:00:00-05:00,1.1488049621688505,1.2592762111083904,1.1436993877572141,1.25138521194458,26677538,1.093178,0.0
2020-11-04 00:00:00-05:00,1.2532420151889674,1.2574193637801443,1.2151805197577266,1.2383886575698853,13662440,0.0,0.0
2020-11-05 00:00:00-05:00,1.239781408567621,1.243030531469113,1.2193579471347087,1.2323545217514038,13572427,0.0,0.0
2020-11-06 00:00:00-05:00,1.2286412022218558,1.2411736630055197,1.1896514810262664,1.2003271579742432,13209375,0.0,0.0
2020-11-09 00:00:00-05:00,1.307549305348313,1.4375150528845004,1.3056925213666506,1.3358633518218994,19733802,0.0,0.0
2020-11-10 00:00:00-05:00,1.3330783698965185,1.4073445010484094,1.326115678851093,1.3836719989776611,17052921,0.0,0.0
2020-11-11 00:00:00-05:00,1.3924911060294278,1.4143068222154223,1.3623205265500233,1.4133785963058472,17442226,0.0,0.0
2020-11-12 00:00:00-05:00,1.3989894022292269,1.4110578336844957,1.354429659320578,1.3850646018981934,14696837,0.0,0.0
2020-11-13 00:00:00-05:00,1.392026969340881,1.4514398183664157,1.392026969340881,1.443084955215454,13128364,0.0,0.0
2020-11-16 00:00:00-05:00,1.4973922198649916,1.5117811323050758,1.454688848392046,1.4946072101593018,11936445,0.0,0.0
2020-11-17 00:00:00-05:00,1.474183815618655,1.5113170033038261,1.4672213740567075,1.4987845420837402,7616581,0.0,0.0
2020-11-18 00:00:00-05:00,1.4936787761780432,1.5103888357988238,1.4537607431411743,1.4537607431411743,7155266,0.0,0.0
2020-11-19 00:00:00-05:00,1.4440132264844063,1.469542344739977,1.4156992644386364,1.4314807653427124,8969774,0.0,0.0
2020-11-20 00:00:00-05:00,1.4319450321497524,1.441228287966835,1.4129143245204419,1.4221975803375244,12181730,0.0,0.0
2020-11-23 00:00:00-05:00,1.4375148442581223,1.4560815192299617,1.4254465802360716,1.436586618423462,15144650,0.0,0.0
2020-11-24 00:00:00-05:00,1.4635080696688687,1.4922862265173034,1.4556174025482247,1.4713990688323975,13593430,0.0,0.0
2020-11-25 00:00:00-05:00,1.465829047007585,1.472327292278953,1.4444773613618407,1.4621156454086304,11115828,0.0,0.0
2020-11-27 00:00:00-05:00,1.4676854819346599,1.4713990495124472,1.424982443176031,1.4286956787109375,3809791,0.0,0.0
2020-11-30 00:00:00-05:00,1.4235901455475348,1.4402998709850694,1.4027024906863104,1.4087367057800293,12165977,0.0,0.0
2020-12-01 00:00:00-05:00,1.417036474881104,1.4747219518458694,1.3998057738689955,1.4683538675308228,15448290,0.0,0.807
2020-12-02 00:00:00-05:00,1.6017046120223837,1.6073229435242158,1.507684845138014,1.520795226097107,49360168,0.0,0.0
2020-12-03 00:00:00-05:00,1.5073102656079185,1.5541327979215889,1.5031901112098347,1.544019103050232,15188960,0.0,0.0
2020-12-04 00:00:00-05:00,1.5627480947854056,1.573236166553907,1.518547711533963,1.5462663173675537,14596868,0.0,0.0
2020-12-07 00:00:00-05:00,1.5402735731203205,1.6125674525480265,1.532407310248746,1.5781060457229614,17963517,0.0,0.0
2020-12-08 00:00:00-05:00,1.5721127108087345,1.57997897304899,1.5440190593976353,1.5503871440887451,12499916,0.0,0.0
2020-12-09 00:00:00-05:00,1.5616245296811548,1.5664941049605996,1.5148019969568705,1.5357786417007446,9146280,0.0,0.0
2020-12-10 00:00:00-05:00,1.5170493455233856,1.536152769141066,1.5050627631986944,1.5275375843048096,14616388,0.0,0.0
2020-12-11 00:00:00-05:00,1.5110563852180574,1.5342801303212217,1.509183165150008,1.5200461149215698,7607028,0.0,0.0
2020-12-14 00:00:00-05:00,1.4769694449144242,1.5170493461104633,1.475470935349132,1.5110563039779663,37340804,0.0,0.0
2020-12-15 00:00:00-05:00,1.967173016102676,2.256155923310158,1.699080421534373,1.7547879219055176,97911500,0.0,9.295
2020-12-16 00:00:00-05:00,1.7304156662618306,1.7721964541518727,1.6050738006560041,1.6085554361343384,39657400,0.0,0.0
2020-12-17 00:00:00-05:00,1.6050740357168718,1.6294459856987487,1.5319578537283263,1.6190009117126465,21873600,0.0,0.0
2020-12-18 00:00:00-05:00,1.6190006397474834,1.6224822751508414,1.5563295422727415,1.5737382173538208,39961300,0.0,0.0
2020-12-21 00:00:00-05:00,1.5807016471558566,1.6990802387295805,1.5528478999670814,1.6851533651351929,16641700,0.0,0.0
2020-12-22 00:00:00-05:00,1.7373793509060511,1.7896052186974072,1.7234524749645503,1.7687149047851562,14384600,0.0,0.0
2020-12-23 00:00:00-05:00,1.772196731765325,1.8070139221099224,1.7304159373303492,1.740861177444458,11468500,0.0,0.0
2020-12-24 00:00:00-05:00,1.7478244323253211,1.7513062340055858,1.702562006610533,1.7373791933059692,3520100,0.0,0.0
2020-12-28 00:00:00-05:00,1.7408611529021547,1.768714904785156,1.706043963048403,1.7687149047851562,12700700,0.0,0.0
2020-12-29 00:00:00-05:00,1.7513062999001676,1.7687148108921766,1.7304158210754397,1.7304158210754395,5740400,0.0,0.0
2020-12-30 00:00:00-05:00,1.7373793509060511,1.7721967067812598,1.7373793509060511,1.7687149047851562,5989000,0.0,0.0
2020-12-31 00:00:00-05:00,1.7756782382755305,1.8418309781159798,1.7582697273836947,1.8383493423461914,6381300,0.0,0.0
2021-01-04 00:00:00-05:00,1.8348675928298717,1.8522762702391233,1.7513063397169475,1.761751413345337,8887700,0.0,0.0
2021-01-05 00:00:00-05:00,1.761751368758943,1.7791600457276162,1.740861056009404,1.7513062953948975,4820300,0.0,0.0
2021-01-06 00:00:00-05:00,1.7513062839895854,1.793086909216569,1.747824482209947,1.7652331590652466,5598200,0.0,0.0
2021-01-07 00:00:00-05:00,1.768714887657521,1.7826417634641585,1.7199708223342896,1.7199708223342896,10336800,0.0,0.0
2021-01-08 00:00:00-05:00,1.7373793492898468,1.7408611512827115,1.6886352835399387,1.6955987215042114,8214100,0.0,0.0
2021-01-11 00:00:00-05:00,1.6990804247931992,1.7095254981220989,1.6712266745542037,1.6781901121139526,5804500,0.0,0.0
2021-01-12 00:00:00-05:00,1.6781898832451982,1.6781898832451982,1.6398908988790077,1.6642630100250244,6595300,0.0,0.0
2021-01-13 00:00:00-05:00,1.6642631617894128,1.7025619836266537,1.6538179229110672,1.6990803480148315,8606300,0.0,0.0
2021-01-14 00:00:00-05:00,1.7408610816372339,1.7478245193229247,1.6955986536695178,1.7130073308944702,8422900,0.0,0.0
2021-01-15 00:00:00-05:00,1.7095255314301643,1.713007333288601,1.6677449052576254,1.7025620937347412,3740600,0.0,0.0
2021-01-19 00:00:00-05:00,1.6955986678081472,1.7025621055519022,1.6572998432282202,1.688635230064392,2867100,0.0,0.0
2021-01-20 00:00:00-05:00,1.719970862674023,1.719970862674023,1.6503363159861901,1.6677449941635132,5645000,0.0,0.0
2021-01-21 00:00:00-05:00,1.6712267424986968,1.6712267424986968,1.639891189195142,1.6607815027236938,4864800,0.0,0.0
2021-01-22 00:00:00-05:00,1.6538180530153705,1.6781901683012148,1.6224824999366356,1.674708366394043,4036800,0.0,0.0
2021-01-25 00:00:00-05:00,1.6747080819294424,1.685153319855285,1.6294456609531651,1.6642630100250244,8148300,0.0,0.0
2021-01-26 00:00:00-05:00,1.6747083906279667,1.692117068372833,1.6433728370957894,1.6468546390533447,4984200,0.0,0.0
2021-01-27 00:00:00-05:00,1.63292754856841,1.636409184046744,1.587665125200034,1.6085554361343384,5523800,0.0,0.0
2021-01-28 00:00:00-05:00,1.6015921483631852,1.678190128279728,1.6015921483631852,1.6433727741241455,5191900,0.0,0.0
2021-01-29 00:00:00-05:00,1.6468546213335924,1.6468546213335924,1.566775003407464,1.598110556602478,4147600,0.0,0.0
2021-02-01 00:00:00-05:00,1.6155190236168386,1.6503362117509723,1.5876652731095318,1.6433727741241455,5646300,0.0,0.0
2021-02-02 00:00:00-05:00,1.6538179229110672,1.7199706597500828,1.6294458095425544,1.6990803480148315,5681900,0.0,0.0
2021-02-03 00:00:00-05:00,1.6921171104074735,1.7025621844967,1.6433728779195527,1.6677449941635132,9640800,0.0,0.0
2021-02-04 00:00:00-05:00,1.6781901121139524,1.7130072999126968,1.6677448727636055,1.6781901121139526,6024200,0.0,0.0
2021-02-05 00:00:00-05:00,1.6955986136673953,1.7025620511888067,1.6607814260603386,1.6816717386245728,4566200,0.0,0.0
2021-02-08 00:00:00-05:00,1.6990804019883643,1.7164889126433582,1.6886351627782121,1.7060438394546509,3425600,0.0,0.0
2021-02-09 00:00:00-05:00,1.7060439371925955,1.7234524488449097,1.6921170614621626,1.7234524488449097,2888500,0.0,0.0
2021-02-10 00:00:00-05:00,1.7095255290408995,1.7408610816372339,1.7025620913552086,1.7130073308944702,5425900,0.0,0.0
2021-02-11 00:00:00-05:00,1.7130072769209375,1.7234523501096448,1.6955986002444987,1.7060438394546509,3139600,0.0,0.0
2021-02-12 00:00:00-05:00,1.6886351627782121,1.7130072769209375,1.6851535270557914,1.7060438394546509,5238800,0.0,0.0
2021-02-16 00:00:00-05:00,1.713007333288601,1.7234524068210106,1.6747083429530485,1.7025620937347412,3800000,0.0,0.0
2021-02-17 00:00:00-05:00,1.7025621445652648,1.733897698140927,1.6816718308553087,1.7199708223342896,9450600,0.0,0.0
2021-02-18 00:00:00-05:00,1.706043629685546,1.7199705029057197,1.6642630100250242,1.6642630100250244,3598600,0.0,0.0
2021-02-19 00:00:00-05:00,1.6712266745542037,1.6921169872334503,1.6572997994347058,1.6781901121139526,2826200,0.0,0.0
2021-02-22 00:00:00-05:00,1.6851535942032403,1.7025621055519022,1.681671792320637,1.688635230064392,3882200,0.0,0.0
2021-02-23 00:00:00-05:00,1.6851536210225877,1.7547879995683746,1.6816718190845712,1.7338976860046387,5156100,0.0,0.0
2021-02-24 00:00:00-05:00,1.740861056009404,1.7687148063421227,1.7304158166239105,1.7513062953948975,3885700,0.0,0.0
2021-02-25 00:00:00-05:00,1.7443428285299494,1.7582697034625223,1.6886351627782121,1.7060438394546509,5092700,0.0,0.0
2021-02-26 00:00:00-05:00,1.6747081469852516,1.7025618945076078,1.6572996377944946,1.6572996377944946,4871900,0.0,0.0
2021-03-01 00:00:00-05:00,1.688635230064392,1.7304158565269225,1.674708354576882,1.688635230064392,4120000,0.0,0.0
2021-03-02 00:00:00-05:00,1.6990803700151287,1.702562005672032,1.6607813816605392,1.6712266206741333,3047300,0.0,0.0
2021-03-03 00:00:00-05:00,1.6781901121139524,1.6921169872334503,1.6538179976441079,1.6781901121139526,3096000,0.0,0.0
2021-03-04 00:00:00-05:00,1.681671816252246,1.6990804938700996,1.629445949420139,1.6607815027236938,3599700,0.0,0.0
2021-03-05 00:00:00-05:00,1.6677448727636055,1.6781901121139524,1.6015921329352676,1.6781901121139526,2734000,0.0,0.0
2021-03-08 00:00:00-05:00,1.6712266521232182,1.7269341518535104,1.660781412913066,1.7060438394546509,3919700,0.0,0.0
2021-03-09 00:00:00-05:00,1.7164889667265906,1.7513063211764954,1.7060438932087791,1.7130073308944702,3129100,0.0,0.0
2021-03-10 00:00:00-05:00,1.7199708632376995,1.7478246155133774,1.7095256231235907,1.740861177444458,2664900,0.0,0.0
2021-03-11 00:00:00-05:00,1.74434301684223,1.7756784058126398,1.7338977765044514,1.7721967697143555,2320800,0.0,0.0
2021-03-12 00:00:00-05:00,1.761751300781354,1.8453127145767212,1.730415749855411,1.8453127145767212,4547500,0.0,0.0
2021-03-15 00:00:00-04:00,1.8696849170145897,2.0159172865726407,1.8696849170145897,1.9671732187271118,7331500,0.0,0.0
2021-03-16 00:00:00-04:00,1.9845815243919318,2.043770826470466,1.9636912117797634,1.9915449619293213,4090800,0.0,0.0
2021-03-17 00:00:00-04:00,1.9915450274653277,2.008953704892394,1.928874087566502,1.9845815896987915,4922100,0.0,0.0
2021-03-18 00:00:00-04:00,1.9880634035603038,2.0228805926025735,1.9706547260284426,1.9706547260284424,3899400,0.0,0.0
2021-03-19 00:00:00-04:00,1.9636913247065895,1.9845816385201063,1.9010203832660393,1.928874135017395,5850200,0.0,0.0
2021-03-22 00:00:00-04:00,2.047252841769784,2.068143156560725,1.9567279783209093,1.9671732187271118,4411400,0.0,0.0
2021-03-23 00:00:00-04:00,1.9671732187271116,2.019399088715196,1.9532463421998176,1.9671732187271118,6065700,0.0,0.0
2021-03-24 00:00:00-04:00,1.9810999116450272,2.0437708502094747,1.9532461611719394,1.963691234588623,3579100,0.0,0.0
2021-03-25 00:00:00-04:00,1.9741365427534856,2.0333258475801124,1.9184290398679333,2.029844045639038,3803600,0.0,0.0
2021-03-26 00:00:00-04:00,2.0368075219259767,2.095996827869264,2.026362447948607,2.0611796379089355,5905200,0.0,0.0
2021-03-29 00:00:00-04:00,2.0611795748800277,2.0785880863171275,2.012435510426115,2.0576977729797363,3035400,0.0,0.0
2021-03-30 00:00:00-04:00,2.054215889807796,2.190002993165078,2.0472524528669465,2.1691126823425293,4876700,0.0,0.0
2021-03-31 00:00:00-04:00,2.155186245805313,2.2004486781164996,2.1203690540357334,2.13777756690979,8442700,0.0,0.0
2021-04-01 00:00:00-04:00,2.179558092661327,2.186521530151367,2.1238504267195615,2.186521530151367,3128800,0.0,0.0
2021-04-05 00:00:00-04:00,2.2108933802485806,2.2526740033348283,2.200448307487738,2.2352654933929443,3601200,0.0,0.0
2021-04-06 00:00:00-04:00,2.221338802615164,2.2631194291544046,2.2039301252130876,2.228302240371704,4446400,0.0,0.0
2021-04-07 00:00:00-04:00,2.2143751818498205,2.238747128972746,2.200448307487738,2.2352654933929443,2107000,0.0,0.0
2021-04-08 00:00:00-04:00,2.2143752843775415,2.2213387218809966,2.1621494200909046,2.165631055831909,3163100,0.0,0.0
2021-04-09 00:00:00-04:00,2.158667443920539,2.1725943178022376,2.1517040069796893,2.1691126823425293,1973500,0.0,0.0
2021-04-12 00:00:00-04:00,2.1691127997243123,2.1830396743596654,2.127332175818252,2.179558038711548,2149400,0.0,0.0
2021-04-13 00:00:00-04:00,2.1656308808613884,2.1830395562242284,2.0890330745120433,2.1691126823425293,5561400,0.0,0.0
2021-04-14 00:00:00-04:00,2.1203687420907418,2.1900031153854127,2.1134053047612746,2.15866756439209,2012300,0.0,0.0
2021-04-15 00:00:00-04:00,2.1760764504573724,2.210893640460399,2.1551861364555567,2.207412004470825,1841000,0.0,0.0
2021-04-16 00:00:00-04:00,2.21785670908216,2.235265384195028,2.1969663985595766,2.2213385105133057,1659200,0.0,0.0
2021-04-19 00:00:00-04:00,2.224820321392747,2.2283021230984996,2.1969665718325,2.2178568840026855,2069700,0.0,0.0
2021-04-20 00:00:00-04:00,2.217857000726168,2.235265678128244,2.2004484893455434,2.228302240371704,4289700,0.0,0.0
2021-04-21 00:00:00-04:00,2.221338945966141,2.280528253727156,2.20393026744062,2.2735648155212402,2030100,0.0,0.0
2021-04-22 00:00:00-04:00,2.2805280685424805,2.318826892554324,2.273564630902013,2.2805280685424805,5779300,0.0,0.0
2021-04-23 00:00:00-04:00,2.2805279172727873,2.3536440906585456,2.2805279172727873,2.3223085403442383,3580300,0.0,0.0
2021-04-26 00:00:00-04:00,2.3571258357299962,2.378016148236116,2.3153452107177577,2.336235523223877,3964700,0.0,0.0
2021-04-27 00:00:00-04:00,2.339717149734497,2.3640892639062168,2.311863399836215,2.339717149734497,5725800,0.0,0.0
2021-04-28 00:00:00-04:00,2.339717226946724,2.353644268376912,2.3014184025834217,2.318826913833618,4704700,0.0,0.0
2021-04-29 00:00:00-04:00,2.3431987019469678,2.3745342502562243,2.3292718284809486,2.364089012145996,2448600,0.0,0.0
2021-04-30 00:00:00-04:00,2.360607580074022,2.4476506297430705,2.357125778396968,2.4163150787353516,7044000,0.0,0.0
2021-05-03 00:00:00-04:00,2.4546142699885363,2.468541145805146,2.3745346510323038,2.384979724884033,2476000,0.0,0.0
2021-05-04 00:00:00-04:00,2.3954251342917336,2.409352011094008,2.3536445038849108,2.402388572692871,3087200,0.0,0.0
2021-05-05 00:00:00-04:00,2.3884613455316237,2.405869855970111,2.297936493574296,2.3048999309539795,4171600,0.0,0.0
2021-05-06 00:00:00-04:00,2.3153452190209514,2.402388271119322,2.3118634172467223,2.3989064693450928,2448300,0.0,0.0
2021-05-07 00:00:00-04:00,2.4058698843007438,2.426760196685791,2.3884613736572606,2.426760196685791,1513100,0.0,0.0
2021-05-10 00:00:00-04:00,2.437205577175542,2.4406873791189483,2.4023883878487537,2.4093518257141113,2439800,0.0,0.0
2021-05-11 00:00:00-04:00,2.3780160801628796,2.3919429547682873,2.3048999054737664,2.3536441326141357,2018300,0.0,0.0
2021-05-12 00:00:00-04:00,2.350162435378933,2.3536442371957156,2.2770462574409835,2.2840096950531006,2383900,0.0,0.0
2021-05-13 00:00:00-04:00,2.287491173597295,2.353643904574298,2.287491173597295,2.3292717933654785,4306300,0.0,0.0
2021-05-14 00:00:00-04:00,2.3397172035396117,2.3501624430023935,2.3049000153660884,2.3466806411743164,3644500,0.0,0.0
2021-05-17 00:00:00-04:00,2.3431988427441413,2.3466804783091355,2.2840095439463046,2.3257901668548584,2448600,0.0,0.0
2021-05-18 00:00:00-04:00,2.3153450941384386,2.3362354055927157,2.2491923581891764,2.3257901668548584,3118500,0.0,0.0
2021-05-19 00:00:00-04:00,2.2909730561946127,2.315345170034226,2.2248203180768984,2.3048999309539795,4403900,0.0,0.0
2021-05-20 00:00:00-04:00,2.3014180815489107,2.3675708135232147,2.294454644815901,2.364089012145996,2248400,0.0,0.0
2021-05-21 00:00:00-04:00,2.374534422716078,2.412833244518518,2.3675709854773213,2.381497859954834,2130500,0.0,0.0
2021-05-24 00:00:00-04:00,2.388461540900458,2.454614284429264,2.3710528630165517,2.444169044494629,2616200,0.0,0.0
2021-05-25 00:00:00-04:00,2.447650553319818,2.4511321888667226,2.4232784404057384,2.4372053146362305,2685000,0.0,0.0
2021-05-26 00:00:00-04:00,2.440687116204572,2.478985937327707,2.4372053146362305,2.4372053146362305,1784400,0.0,0.0
2021-05-27 00:00:00-04:00,2.440687116204572,2.454613990435064,2.4232784404057384,2.4372053146362305,2145700,0.0,0.0
2021-05-28 00:00:00-04:00,2.437205722153962,2.461577839143229,2.4023885307560557,2.4546144008636475,1774600,0.0,0.0
2021-06-01 00:00:00-04:00,2.4546144800585004,2.503358549588232,2.4441692392913943,2.4963951110839844,3845100,0.0,0.0
2021-06-02 00:00:00-04:00,2.5033583546455795,2.531212106493529,2.4859496767298825,2.5068399906158447,3347800,0.0,0.0
2021-06-03 00:00:00-04:00,2.503358147893458,2.5068397835761753,2.461577523572192,2.4755043983459473,2367900,0.0,0.0
2021-06-04 00:00:00-04:00,2.489431142807007,2.503358016851741,2.458095593195638,2.489431142807007,1486600,0.0,0.0
2021-06-07 00:00:00-04:00,2.5033584019434048,2.5660293447853797,2.496394963849852,2.534693956375122,1927800,0.0,0.0
2021-06-08 00:00:00-04:00,2.545138693740444,2.632181741403338,2.545138693740444,2.58343768119812,2442100,0.0,0.0
2021-06-09 00:00:00-04:00,2.6008464368319126,2.6530723035679573,2.5938829990018704,2.646108865737915,2486500,0.0,0.0
2021-06-10 00:00:00-04:00,2.6739626806410657,2.6878895566323115,2.6356638546758684,2.6495907306671143,2636600,0.0,0.0
2021-06-11 00:00:00-04:00,2.6530722797758255,2.680926030846209,2.628700330599966,2.6739625930786133,1627100,0.0,0.0
2021-06-14 00:00:00-04:00,2.6669992180997815,2.687889531894387,2.649590706281672,2.6774444580078125,1761900,0.0,0.0
2021-06-15 00:00:00-04:00,2.6809261885167617,2.6948530648710203,2.6287004851990217,2.6321821212768555,1286700,0.0,0.0
2021-06-16 00:00:00-04:00,2.6321816533880256,2.677444076504383,2.614773144050418,2.628700017929077,1768300,0.0,0.0
2021-06-17 00:00:00-04:00,2.62870048261376,2.6391455568584505,2.545139058548925,2.5695111751556396,3533000,0.0,0.0
2021-06-18 00:00:00-04:00,2.541657213894844,2.5938829128753484,2.5172850992882134,2.5207667350769043,2821600,0.0,0.0
2021-06-21 00:00:00-04:00,2.541657449731537,2.6287005108042414,2.5346940114865797,2.6043283939361572,1865700,0.0,0.0
2021-06-22 00:00:00-04:00,2.604328178856395,2.6112916165262736,2.562547552837122,2.57647442817688,1829600,0.0,0.0
2021-06-23 00:00:00-04:00,2.590401303516637,2.6078098146806092,2.569510990507001,2.57647442817688,1863000,0.0,0.0
2021-06-24 00:00:00-04:00,2.5834374340478714,2.586919069290161,2.5451384502541523,2.586919069290161,2545600,0.0,0.0
2021-06-25 00:00:00-04:00,2.5834379977924016,2.60084650984549,2.5590658816923275,2.5625476837158203,22143100,0.0,0.0
2021-06-28 00:00:00-04:00,2.5451389371719197,2.548620739101745,2.3536443136107876,2.4128334522247314,6125200,0.0,0.0
2021-06-29 00:00:00-04:00,2.388461087714451,2.3954245243424817,2.3257899920407508,2.3292717933654785,4699900,0.0,0.0
2021-06-30 00:00:00-04:00,2.329272085721837,2.364089273232036,2.3014183357136777,2.336235523223877,4328400,0.0,0.0
2021-07-01 00:00:00-04:00,2.3397171456453094,2.4128333220112355,2.332753708182909,2.360607624053955,2945600,0.0,0.0
2021-07-02 00:00:00-04:00,2.371052805033376,2.395424920270543,2.3397172520172256,2.3745346069335938,1775600,0.0,0.0
2021-07-06 00:00:00-04:00,2.3745349061554273,2.45113273137655,2.3466809855080912,2.440687656402588,2692600,0.0,0.0
2021-07-07 00:00:00-04:00,2.4302420076633173,2.451132320127756,2.4023882577107316,2.423278570175171,1454400,0.0,0.0
2021-07-08 00:00:00-04:00,2.395424940639967,2.447650807437168,2.3640893873573554,2.4128334522247314,1596100,0.0,0.0
2021-07-09 00:00:00-04:00,2.451132496182241,2.510321802093525,2.4372056202056394,2.5033583641052246,1576500,0.0,0.0
2021-07-12 00:00:00-04:00,2.475504407747256,2.538175344467163,2.46157753292061,2.538175344467163,1835600,0.0,0.0
2021-07-13 00:00:00-04:00,2.527730330746411,2.527730330746411,2.4232786010710505,2.4580957889556885,1772800,0.0,0.0
2021-07-14 00:00:00-04:00,2.461577394717539,2.503358016851741,2.458095593195638,2.489431142807007,954800,0.0,0.0
2021-07-15 00:00:00-04:00,2.485949407834306,2.5033580838669733,2.4511322217904103,2.472022533416748,5231300,0.0,0.0
2021-07-16 00:00:00-04:00,2.5068401049497755,2.5068401049497755,2.4546144008636475,2.4546144008636475,1782100,0.0,0.0
2021-07-19 00:00:00-04:00,2.398906441955361,2.405869879402867,2.256155891270763,2.2770462036132812,3088100,0.0,0.0
2021-07-20 00:00:00-04:00,2.284009572590805,2.416315046148616,2.2805279369821467,2.381497859954834,2207100,0.0,0.0
2021-07-21 00:00:00-04:00,2.39194304104681,2.4441689057116225,2.3884614052805944,2.3954248428344727,1728900,0.0,0.0
2021-07-22 00:00:00-04:00,2.3954245918892987,2.4023880287136863,2.297936310326445,2.3118631839752197,1978400,0.0,0.0
2021-07-23 00:00:00-04:00,2.346680596466214,2.3571258357299962,2.304899971453975,2.336235523223877,1228700,0.0,0.0
2021-07-26 00:00:00-04:00,2.336235567732984,2.360607682465175,2.308381817194165,2.3466806411743164,1070000,0.0,0.0
2021-07-27 00:00:00-04:00,2.332754022660032,2.4163154494951455,2.3188271458577576,2.402388572692871,1305400,0.0,0.0
2021-07-28 00:00:00-04:00,2.4128333537084456,2.4372054681577437,2.378016165939053,2.3954248428344727,1351600,0.0,0.0
2021-07-29 00:00:00-04:00,2.378016455278157,2.437205764698557,2.367571380687185,2.402388572692871,1072300,0.0,0.0
2021-07-30 00:00:00-04:00,2.4128333309322287,2.4615775593706983,2.3919430184677895,2.423278570175171,1678500,0.0,0.0
2021-08-02 00:00:00-04:00,2.4406872469062595,2.5138032575210736,2.4058698934440823,2.423278570175171,1736100,0.0,0.0
2021-08-03 00:00:00-04:00,2.416314870654281,2.416314870654281,2.3327534638367395,2.364089012145996,1131600,0.0,0.0
2021-08-04 00:00:00-04:00,2.343198851879964,2.3745344021942714,2.3188267387442316,2.3223085403442383,953500,0.0,0.0
2021-08-05 00:00:00-04:00,2.339717114619098,2.3954247796010253,2.339717114619098,2.3919429779052734,882400,0.0,0.0
2021-08-06 00:00:00-04:00,2.405869916154567,2.4232785930499867,2.3814979677267156,2.3954248428344727,844200,0.0,0.0
2021-08-09 00:00:00-04:00,2.378016193541212,2.384979631175917,2.3397172035396117,2.3466806411743164,721300,0.0,0.0
2021-08-10 00:00:00-04:00,2.3466808076884833,2.357126047892431,2.3014185428619385,2.3014185428619385,887800,0.0,0.0
2021-08-11 00:00:00-04:00,2.301418046853356,2.3466803019248426,2.280527736969264,2.3292717933654785,925800,0.0,0.0
2021-08-12 00:00:00-04:00,2.34319866662154,2.3466803019248426,2.297936245528628,2.3292717933654785,1111500,0.0,0.0
2021-08-13 00:00:00-04:00,2.3327537522273514,2.3710527420043945,2.3083818036595085,2.3710527420043945,989900,0.0,0.0
2021-08-16 00:00:00-04:00,2.2979369261752582,2.353644601721486,2.2700831714128813,2.2944552898406982,1385800,0.0,0.0
2021-08-17 00:00:00-04:00,2.2666011978991865,2.277046271370534,2.179558144204529,2.2596375942230225,1998900,0.0,0.0
2021-08-18 00:00:00-04:00,2.2422290693804006,2.318826883113684,2.210893517115151,2.2840096950531006,1529700,0.0,0.0
2021-08-19 00:00:00-04:00,2.2526740578463627,2.3153451600137243,2.2283021101336704,2.2422289848327637,1516400,0.0,0.0
2021-08-20 00:00:00-04:00,2.2491925598385607,2.3083818639429627,2.203930131285612,2.29097318649292,1240600,0.0,0.0
2021-08-23 00:00:00-04:00,2.297936766231214,2.3223088829626506,2.2631195752016353,2.2735648155212402,1150800,0.0,0.0
2021-08-24 00:00:00-04:00,2.3153451975376305,2.374534498978756,2.2909730834085065,2.360607624053955,3336300,0.0,0.0
2021-08-25 00:00:00-04:00,2.360607548238565,2.4093516089098594,2.3257901960233434,2.381497859954834,1603000,0.0,0.0
2021-08-26 00:00:00-04:00,2.3536441553806617,2.3954247796010253,2.339717114619098,2.3919429779052734,1108400,0.0,0.0
2021-08-27 00:00:00-04:00,2.3989065389584985,2.4824679577289395,2.3954249031046833,2.465059280395508,1200300,0.0,0.0
2021-08-30 00:00:00-04:00,2.4685409518256183,2.482467826547845,2.447650639742278,2.4789860248565674,1146900,0.0,0.0
2021-08-31 00:00:00-04:00,2.489431425467216,2.541657292075624,2.472022747923929,2.4998764991760254,2418000,0.0,0.0
2021-09-01 00:00:00-04:00,2.4998763556831647,2.5590656567071317,2.4720226060298724,2.538175344467163,1897100,0.0,0.0
2021-09-02 00:00:00-04:00,2.541657360237974,2.5695111122370546,2.520766880217206,2.5660293102264404,1046000,0.0,0.0
2021-09-03 00:00:00-04:00,2.57647418077902,2.579955816268921,2.5312117572602655,2.579955816268921,1120500,0.0,0.0
2021-09-07 00:00:00-04:00,2.545138927971409,2.57995611703653,2.4929130613630015,2.4998764991760254,1626700,0.0,0.0
2021-09-08 00:00:00-04:00,2.489431295573904,2.555584034356649,2.478986056388652,2.513803243637085,1262900,0.0,0.0
2021-09-09 00:00:00-04:00,2.4894314741756207,2.4929131101395283,2.444169044494629,2.444169044494629,921300,0.0,0.0
2021-09-10 00:00:00-04:00,2.4406873941719267,2.4441690301153516,2.3675712131239988,2.384979724884033,1826300,0.0,0.0
2021-09-13 00:00:00-04:00,2.3989064152753343,2.4232785290812675,2.3571257910549708,2.3919429779052734,1286500,0.0,0.0
2021-09-14 00:00:00-04:00,2.3919431627923378,2.4058700386089473,2.353644337307389,2.384979724884033,1036300,0.0,0.0
2021-09-15 00:00:00-04:00,2.384979540535213,2.409351654341146,2.364089228425031,2.3919429779052734,866400,0.0,0.0
2021-09-16 00:00:00-04:00,2.3954251342917336,2.433723962487255,2.3606079422860478,2.402388572692871,998300,0.0,0.0
2021-09-17 00:00:00-04:00,2.405869898244275,2.4232785750100976,2.336235523223877,2.336235523223877,4658500,0.0,0.0
2021-09-20 00:00:00-04:00,2.318826717655611,2.3640891419154286,2.27356445941723,2.3501622676849365,1425100,0.0,0.0
2021-09-21 00:00:00-04:00,2.353644069253278,2.391942890376413,2.3501622676849365,2.3501622676849365,1063000,0.0,0.0
2021-09-22 00:00:00-04:00,2.371052665795092,2.4232785290812675,2.371052665795092,2.3919429779052734,849800,0.0,0.0
2021-09-23 00:00:00-04:00,2.402388311044048,2.4511323745431968,2.3954248734013124,2.4302420616149902,878700,0.0,0.0
2021-09-24 00:00:00-04:00,2.4093518405738275,2.430242154298742,2.384979724884033,2.384979724884033,535900,0.0,0.0
2021-09-27 00:00:00-04:00,2.398906370041005,2.4441687951036415,2.381497859954834,2.381497859954834,1201800,0.0,0.0
2021-09-28 00:00:00-04:00,2.3780160903949668,2.430241953400684,2.3536441427413557,2.4163150787353516,1197500,0.0,0.0
2021-09-29 00:00:00-04:00,2.4302422838743807,2.4859497901110315,2.4232788455947993,2.4546144008636475,904800,0.0,0.0
2021-09-30 00:00:00-04:00,2.475504583713451,2.4789862196568753,2.3814980889406083,2.384979724884033,1394900,0.0,0.0
2021-10-01 00:00:00-04:00,2.4337236910508846,2.552102296688764,2.4337236910508846,2.517285108566284,1598300,0.0,0.0
2021-10-04 00:00:00-04:00,2.4824679733683923,2.559065788870863,2.4824679733683923,2.5242486000061035,2228900,0.0,0.0
2021-10-05 00:00:00-04:00,2.524248584103434,2.524248584103434,2.461577644541692,2.465059280395508,1105900,0.0,0.0
2021-10-06 00:00:00-04:00,2.437205282128537,2.503358016851741,2.381497785949601,2.489431142807007,836400,0.0,0.0
2021-10-07 00:00:00-04:00,2.496394926116924,2.5277304800750056,2.4789862481354437,2.5033583641052246,836300,0.0,0.0
2021-10-08 00:00:00-04:00,2.506839588412075,2.527730064967772,2.482467642466145,2.4859492778778076,382700,0.0,0.0
2021-10-11 00:00:00-04:00,2.489431425467216,2.503358301093264,2.4580958722978803,2.4998764991760254,374900,0.0,0.0
2021-10-12 00:00:00-04:00,2.513803293028891,2.5555840845693742,2.503358219659856,2.5416572093963623,689300,0.0,0.0
2021-10-13 00:00:00-04:00,2.548620754396017,2.562547630155985,2.5207668368546257,2.555584192276001,968600,0.0,0.0
2021-10-14 00:00:00-04:00,2.5590656091747115,2.618254909099289,2.538175297322762,2.6147732734680176,1510600,0.0,0.0
2021-10-15 00:00:00-04:00,2.6461089050796662,2.6704810208579004,2.5869195996335654,2.5938830375671387,1005600,0.0,0.0
2021-10-18 00:00:00-04:00,2.5799556327841597,2.618254616577879,2.5555836880238654,2.586919069290161,862800,0.0,0.0
2021-10-19 00:00:00-04:00,2.597364998107497,2.597364998107497,2.552102565765381,2.552102565765381,620600,0.0,0.0
2021-10-20 00:00:00-04:00,2.548620251517864,2.590400870553873,2.52772994199986,2.586919069290161,637700,0.0,0.0
2021-10-21 00:00:00-04:00,2.5834378658467587,2.6182550541961525,2.569510990507001,2.57647442817688,970700,0.0,0.0
2021-10-22 00:00:00-04:00,2.57647453513859,2.6356638408005137,2.5729927331483795,2.5904014110565186,1545900,0.0,0.0
2021-10-25 00:00:00-04:00,2.5904014358179284,2.5973648738434556,2.5590658816923275,2.5625476837158203,1466800,0.0,0.0
2021-10-26 00:00:00-04:00,2.569511073140494,2.6287003782486704,2.552102395395223,2.618255138397217,1763200,0.0,0.0
2021-10-27 00:00:00-04:00,2.6182549631832033,2.656553952046953,2.607809724030746,2.621736764907837,2236400,0.0,0.0
2021-10-28 00:00:00-04:00,2.625218514727514,2.701816495784677,2.62173687887298,2.6983346939086914,2371100,0.0,0.0
2021-10-29 00:00:00-04:00,2.687889438118239,2.743597105648425,2.6391453742980957,2.6391453742980957,2264500,0.0,0.0
2021-11-01 00:00:00-04:00,2.6600356732915724,2.677444350431681,2.559065744330422,2.663517475128174,2730400,0.0,0.0
2021-11-02 00:00:00-04:00,2.6739626560313168,2.733151961460093,2.670481020076277,2.6774444580078125,2292500,0.0,0.0
2021-11-03 00:00:00-04:00,2.677444566653582,2.774932701650963,2.663517690225385,2.754042387008667,1504000,0.0,0.0
2021-11-04 00:00:00-04:00,2.7540423686287414,2.7853779233937894,2.6844079869524813,2.7157435417175293,869300,0.0,0.0
2021-11-05 00:00:00-04:00,2.750560468137863,2.820195009141454,2.7261883538833893,2.7435970306396484,3555700,0.0,0.0
2021-11-08 00:00:00-05:00,2.764487627340546,2.785377941982842,2.733152072366371,2.754042387008667,3907600,0.0,0.0
2021-11-09 00:00:00-05:00,2.767969107522974,2.795822858810425,2.7505605959790436,2.795822858810425,1255500,0.0,0.0
2021-11-10 00:00:00-05:00,2.7679689788726765,2.8097496038619636,2.7401152288798185,2.7435970306396484,1251900,0.0,0.0
2021-11-11 00:00:00-05:00,2.7575240338009066,2.802786462653741,2.726188480591797,2.795822858810425,1088100,0.0,0.0
2021-11-12 00:00:00-05:00,2.7993045037096205,2.8097495768457885,2.7679689522582285,2.7923412322998047,837600,0.0,0.0
2021-11-15 00:00:00-05:00,2.792341316670183,2.8376034123087974,2.7610055982505406,2.8341219425201416,1179500,0.0,0.0
2021-11-16 00:00:00-05:00,2.8306399910113074,2.8410850639107625,2.7679688895288144,2.7888593673706055,1223100,0.0,0.0
2021-11-17 00:00:00-05:00,2.781895875930786,2.7958227510376616,2.6844077501826584,2.781895875930786,1393400,0.0,0.0
2021-11-18 00:00:00-05:00,2.7853776777182286,2.8132314279319792,2.7644873650579154,2.781895875930786,844600,0.0,0.0
2021-11-19 00:00:00-05:00,2.7575241707232854,2.7818961212992455,2.7018166653822773,2.7157435417175293,1870000,0.0,0.0
2021-11-22 00:00:00-05:00,2.722706664477912,2.799304475448457,2.7087797897559946,2.736633539199829,1333700,0.0,0.0
2021-11-23 00:00:00-05:00,2.7470789487945684,2.7714510655546447,2.729670436270053,2.754042387008667,1652400,0.0,0.0
2021-11-24 00:00:00-05:00,2.7540422318792483,2.8097497344541504,2.736633720335318,2.795822858810425,977600,0.0,0.0
2021-11-26 00:00:00-05:00,2.719225045964087,2.719225045964087,2.607809874661955,2.646108865737915,1860600,0.0,0.0
2021-11-29 00:00:00-05:00,2.7018165889944434,2.715743464935944,2.6147735313493357,2.6530723571777344,2211100,0.0,0.0
2021-11-30 00:00:00-05:00,2.604327928783966,2.646108550791385,2.569510743777783,2.579955816268921,2505600,0.0,0.0
2021-12-01 00:00:00-05:00,2.625218408853515,2.6704808352872003,2.513803243637085,2.513803243637085,3283800,0.0,0.0
2021-12-02 00:00:00-05:00,2.531211839162448,2.656553875261819,2.5138031630853486,2.642627000808716,1583600,0.0,0.0
2021-12-03 00:00:00-05:00,2.6391453341610247,2.6565540111284722,2.5764743959168195,2.6078097820281982,2327500,0.0,0.0
2021-12-06 00:00:00-05:00,2.646108722033034,2.715743262573199,2.646108722033034,2.6844077110290527,2263900,0.0,0.0
2021-12-07 00:00:00-05:00,2.7192249298095703,2.7435970441843653,2.6983346172117946,2.7192249298095703,1467000,0.0,0.0
2021-12-08 00:00:00-05:00,2.722706948605458,2.81671344579915,2.7122617084632874,2.8097498416900635,1363000,0.0,0.0
2021-12-09 00:00:00-05:00,2.7784143174082083,2.7958228287650577,2.740115326788817,2.7610056400299072,1687300,0.0,0.0
2021-12-10 00:00:00-05:00,2.7853777244575446,2.7853777244575446,2.712261545908818,2.7261884212493896,2388100,0.0,0.0
2021-12-13 00:00:00-05:00,2.7052980547443863,2.747078679939938,2.687889377902183,2.7192249298095703,1441700,0.0,0.0
2021-12-14 00:00:00-05:00,2.7157430626814114,2.7192246981403603,2.614773144050418,2.628700017929077,1440500,0.0,0.0
2021-12-15 00:00:00-05:00,2.6217369975349256,2.6913713779918265,2.614773559489236,2.687889575958252,1512100,0.0,0.0
2021-12-16 00:00:00-05:00,2.7018163002451256,2.7192248103007857,2.6078096486545173,2.642627000808716,915500,0.0,0.0
2021-12-17 00:00:00-05:00,2.6112914718153055,2.6635173344559,2.6043280345313224,2.6147732734680176,1219100,0.0,0.0
2021-12-20 00:00:00-05:00,2.569510990507001,2.5799560640010943,2.503358249632428,2.57647442817688,1544300,0.0,0.0
2021-12-21 00:00:00-05:00,2.597364734425791,2.6669991109433258,2.5938829325891897,2.663517475128174,1460700,0.0,0.0
2021-12-22 00:00:00-05:00,2.6600357801682466,2.6774444580078125,2.639145466373641,2.6774444580078125,860800,0.0,0.0
2021-12-23 00:00:00-05:00,2.687889575958252,2.6913713779918265,2.642627311671996,2.687889575958252,1262600,0.0,0.0
2021-12-27 00:00:00-05:00,2.684407818447653,2.6983346939086914,2.656554067525576,2.6983346939086914,735600,0.0,0.0
2021-12-28 00:00:00-05:00,2.6809260845184326,2.708780002167905,2.6739626466114284,2.6809260845184326,565700,0.0,0.0
2021-12-29 00:00:00-05:00,2.6878893914119013,2.7052980683416026,2.653072203573945,2.694852828979492,916900,0.0,0.0
2021-12-30 00:00:00-05:00,2.687889575958252,2.715743494162471,2.6844079399461367,2.687889575958252,905500,0.0,0.0
2021-12-31 00:00:00-05:00,2.680926137912562,2.715743494162471,2.680926137912562,2.687889575958252,1039400,0.0,0.0
2022-01-03 00:00:00-05:00,2.7018165588378906,2.7470788221318405,2.6669992033512986,2.7018165588378906,1352700,0.0,0.0
2022-01-04 00:00:00-05:00,2.7122614608365407,2.754042085547773,2.677444273577181,2.6844077110290527,1575200,0.0,0.0
2022-01-05 00:00:00-05:00,2.684407459793127,2.684407459793127,2.590400979980277,2.6008460521698,1472600,0.0,0.0
2022-01-06 00:00:00-05:00,2.572992531533778,2.586919406360424,2.5346937087712234,2.538175344467163,2486300,0.0,0.0
2022-01-07 00:00:00-05:00,2.5555839664644946,2.5660290393508163,2.4859494277961094,2.5312118530273438,2323900,0.0,0.0
2022-01-10 00:00:00-05:00,2.5068399369890497,2.5138033748020736,2.4650593101109046,2.4998764991760254,1935000,0.0,0.0
2022-01-11 00:00:00-05:00,2.489431525756299,2.534693956375122,2.4580959713245814,2.534693956375122,1872000,0.0,0.0
2022-01-12 00:00:00-05:00,2.55210248436447,2.562547724580057,2.506840053466028,2.510321855545044,1042700,0.0,0.0
2022-01-13 00:00:00-05:00,2.513803491602599,2.5764746008531993,2.506840053466028,2.510321855545044,1013900,0.0,0.0
2022-01-14 00:00:00-05:00,2.4859494277961094,2.5416570919351056,2.4720225532667204,2.5312118530273438,1512200,0.0,0.0
2022-01-18 00:00:00-05:00,2.513803243637085,2.5486205969069626,2.4824678581242177,2.513803243637085,1277400,0.0,0.0
2022-01-19 00:00:00-05:00,2.5172851559289917,2.5381754691955303,2.4615776538848877,2.4615776538848877,1197400,0.0,0.0
2022-01-20 00:00:00-05:00,2.468541020160921,2.4929129685887723,2.3954248428344727,2.3954248428344727,1621300,0.0,0.0
2022-01-21 00:00:00-05:00,2.3884612971935906,2.4302419206261288,2.3675709854773213,2.381497859954834,2537900,0.0,0.0
2022-01-24 00:00:00-05:00,2.3431991367617515,2.3431991367617515,2.231783962337461,2.332753896713257,2514300,0.0,0.0
2022-01-25 00:00:00-05:00,2.2805277713498824,2.388461123722243,2.2770459699726637,2.364089012145996,1977000,0.0,0.0
2022-01-26 00:00:00-05:00,2.398906382779148,2.444168808082127,2.3257902083732414,2.357125759124756,1537100,0.0,0.0
2022-01-27 00:00:00-05:00,2.384979937821136,2.4128336919412092,2.2840099961251346,2.287491798400879,1393400,0.0,0.0
2022-01-28 00:00:00-05:00,2.2874913133314285,2.3780159950256348,2.2596373990963916,2.3780159950256348,1961300,0.0,0.0
2022-01-31 00:00:00-05:00,2.3640894858622485,2.4511325454772694,2.343199171477219,2.447650909423828,1631100,0.0,0.0
2022-02-01 00:00:00-05:00,2.4372051808533097,2.4511320543193285,2.339716900569749,2.364089012145996,2086500,0.0,0.0
2022-02-02 00:00:00-05:00,2.36757107027,2.426760205908521,2.364089268515204,2.423278570175171,2426800,0.0,0.0
2022-02-03 00:00:00-05:00,2.416315233607493,2.430242109165459,2.3745346069335938,2.3745346069335938,1226900,0.0,0.0
2022-02-04 00:00:00-05:00,2.3431987019469678,2.388461123722243,2.336235265213958,2.364089012145996,1339600,0.0,0.0
2022-02-07 00:00:00-05:00,2.357125606344453,2.3745342814161363,2.297936310326445,2.3118631839752197,1583400,0.0,0.0
2022-02-08 00:00:00-05:00,2.3083821672218865,2.332754119628229,2.2805284124595095,2.2944552898406982,1933100,0.0,0.0
2022-02-09 00:00:00-05:00,2.322308498598431,2.388461233616453,2.318826697061013,2.3780159950256348,1958900,0.0,0.0
2022-02-10 00:00:00-05:00,2.3292720190439513,2.416315068338472,2.3048999054737664,2.3536441326141357,3057200,0.0,0.0
2022-02-11 00:00:00-05:00,2.3675711062181803,2.4128333675676514,2.329272116441137,2.3710527420043945,3028800,0.0,0.0
2022-02-14 00:00:00-05:00,2.3814977274129934,2.3849793628278824,2.287491246910977,2.3083815574645996,1416800,0.0,0.0
2022-02-15 00:00:00-05:00,2.3362355406157818,2.4023882803883514,2.3362355406157818,2.3954248428344727,1627100,0.0,0.0
2022-02-16 00:00:00-05:00,2.412833423574845,2.465059289751918,2.398906548063819,2.4615776538848877,1252500,0.0,0.0
2022-02-17 00:00:00-05:00,2.4337239200034393,2.482468153981973,2.4232788455947993,2.4546144008636475,1146600,0.0,0.0
2022-02-18 00:00:00-05:00,2.4476507387325537,2.4998764380423455,2.4302420616149902,2.4302420616149902,1428500,0.0,0.0
2022-02-22 00:00:00-05:00,2.4197967143909636,2.4650591400640147,2.391942965060299,2.4163150787353516,2537900,0.0,0.0
2022-02-23 00:00:00-05:00,2.4372054361403594,2.4580957485275605,2.3571258223120326,2.360607624053955,1763200,0.0,0.0
2022-02-24 00:00:00-05:00,2.297936580381566,2.444168936900461,2.2770462674533594,2.4302420616149902,1999400,0.0,0.0
2022-02-25 00:00:00-05:00,2.4337238549864164,2.534693956375122,2.4197969787993108,2.534693956375122,1478600,0.0,0.0
2022-02-28 00:00:00-05:00,2.4859492778778076,2.534693501812528,2.458095530498785,2.4859492778778076,1562200,0.0,0.0
2022-03-01 00:00:00-05:00,2.482467926946231,2.5033582398744376,2.3954248734013124,2.4302420616149902,1358300,0.0,0.0
2022-03-02 00:00:00-05:00,2.454614438045688,2.607810082517056,2.454614438045688,2.5486209392547607,2013600,0.0,0.0
2022-03-03 00:00:00-05:00,2.566029094120455,2.572992531533778,2.496394719987225,2.538175344467163,766100,0.0,0.0
2022-03-04 00:00:00-05:00,2.489431629970999,2.555584377639823,2.4755047532008745,2.5486209392547607,992500,0.0,0.0
2022-03-07 00:00:00-05:00,2.5381753900937563,2.5695109420277236,2.4824678897857666,2.4824678897857666,1001400,0.0,0.0
2022-03-08 00:00:00-05:00,2.4789860880057937,2.53469375433523,2.4650592129287965,2.4824678897857666,852900,0.0,0.0
2022-03-09 00:00:00-05:00,2.534693722007589,2.57995598241983,2.513803243637085,2.513803243637085,975600,0.0,0.0
2022-03-10 00:00:00-05:00,2.4580959248819334,2.510321792607567,2.447650850949681,2.5068399906158447,1468100,0.0,0.0
2022-03-11 00:00:00-05:00,2.5277305858099837,2.5486209006487277,2.4406875243044848,2.4546144008636475,505100,0.0,0.0
2022-03-14 00:00:00-04:00,2.475504237332201,2.4789858727884626,2.4128331389051625,2.4337234497070312,809400,0.0,0.0
2022-03-15 00:00:00-04:00,2.4650591160020254,2.5312118530273438,2.4511322414726364,2.5312118530273438,2193200,0.0,0.0
2022-03-16 00:00:00-04:00,2.559065934889487,2.5799562494003303,2.51032186769752,2.5695111751556396,1662000,0.0,0.0
2022-03-17 00:00:00-04:00,2.5207668932778393,2.6356638699015393,2.5207668932778393,2.625218629837036,1845300,0.0,0.0
2022-03-18 00:00:00-04:00,2.6391454767692677,2.6635175926363703,2.57647453513859,2.5904014110565186,2621800,0.0,0.0
2022-03-21 00:00:00-04:00,2.5764743959168195,2.611291583830267,2.555584083168751,2.6078097820281982,2097800,0.0,0.0
2022-03-22 00:00:00-04:00,2.621736764907837,2.6426270771913063,2.5869194117472762,2.621736764907837,1602000,0.0,0.0
2022-03-23 00:00:00-04:00,2.6008464554851707,2.60432825743589,2.548620754396017,2.555584192276001,1337000,0.0,0.0
2022-03-24 00:00:00-04:00,2.559066004124055,2.5695112446727997,2.5207670101406134,2.552102565765381,1006600,0.0,0.0
2022-03-25 00:00:00-04:00,2.5590655052652114,2.5904010547814926,2.5451386312627386,2.579955816268921,862600,0.0,0.0
2022-03-28 00:00:00-04:00,2.579955816268921,2.5869192532701577,2.5486204327740736,2.579955816268921,1123300,0.0,0.0
2022-03-29 00:00:00-04:00,2.618254909099289,2.6356635853199673,2.6043280345313224,2.6147732734680176,1018000,0.0,0.0
2022-03-30 00:00:00-04:00,2.6043277435658756,2.6043277435658756,2.548620251517864,2.586919069290161,985900,0.0,0.0
2022-03-31 00:00:00-04:00,2.597365007950196,2.6356640020787716,2.5381756986664343,2.5486209392547607,1031200,0.0,0.0
2022-04-01 00:00:00-04:00,2.5625474900096754,2.5764743650079796,2.53817537575192,2.5729925632476807,553600,0.0,0.0
2022-04-04 00:00:00-04:00,2.5590658035974574,2.5625476055146965,2.4929130613630015,2.4998764991760254,1391800,0.0,0.0
2022-04-05 00:00:00-04:00,2.4859494714155423,2.534693699145129,2.465059159254909,2.4755043983459473,928700,0.0,0.0
2022-04-06 00:00:00-04:00,2.4546140861853143,2.49291290880242,2.4372054097073983,2.4755043983459473,1040800,0.0,0.0
2022-04-07 00:00:00-04:00,2.4615775500156474,2.4789860606591305,2.4093516860423074,2.426760196685791,1282500,0.0,0.0
2022-04-08 00:00:00-04:00,2.4058698397256313,2.440687192410404,2.4023882040700193,2.4163150787353516,987400,0.0,0.0
2022-04-11 00:00:00-04:00,2.416315068338472,2.43024194294388,2.3362354563466554,2.3536441326141357,771500,0.0,0.0
2022-04-12 00:00:00-04:00,2.3501623889570755,2.4023882530270773,2.329272076533364,2.339717149734497,885100,0.0,0.0
2022-04-13 00:00:00-04:00,2.3536439400571956,2.3710524488790057,2.3048997169047016,2.364089012145996,3271700,0.0,0.0
2022-04-14 00:00:00-04:00,2.374534636387323,2.4302421393101845,2.3675711985219654,2.4093518257141113,1436300,0.0,0.0
2022-04-18 00:00:00-04:00,2.395424691944754,2.4163150032904923,2.3223085192239523,2.3501622676849365,964000,0.0,0.0
2022-04-19 00:00:00-04:00,2.3675711062181803,2.3919430547860228,2.34319899162889,2.3710527420043945,1248100,0.0,0.0
2022-04-20 00:00:00-04:00,2.3814979361955784,2.444168873350719,2.3814979361955784,2.426760196685791,879700,0.0,0.0
2022-04-21 00:00:00-04:00,2.4511323745431968,2.4755044893034954,2.4267602597828977,2.4302420616149902,2102100,0.0,0.0
2022-04-22 00:00:00-04:00,2.4093518810116623,2.416315319036839,2.3292722607113974,2.332753896713257,971300,0.0,0.0
2022-04-25 00:00:00-04:00,2.3223085192239523,2.360607506368524,2.2840095320793807,2.3501622676849365,1242500,0.0,0.0
2022-04-26 00:00:00-04:00,2.3362354147013886,2.3745344021942714,2.3153451031656633,2.3223085403442383,1882900,0.0,0.0
2022-04-27 00:00:00-04:00,2.322308763878097,2.3397172754894724,2.2631194591522217,2.2631194591522217,1064000,0.0,0.0
2022-04-28 00:00:00-04:00,2.290973302657991,2.3153454191195615,2.2352657976274983,2.3014185428619385,1071900,0.0,0.0
2022-04-29 00:00:00-04:00,2.297936586510822,2.297936586510822,2.190003219749807,2.1934850215911865,1287100,0.0,0.0
2022-05-02 00:00:00-04:00,2.2108934367535453,2.2248203114715643,2.0785879609109226,2.1551859378814697,2494400,0.0,0.0
2022-05-03 00:00:00-04:00,2.1656311095954006,2.2108935375022574,2.1412591607389775,2.1725945472717285,947100,0.0,0.0
2022-05-04 00:00:00-04:00,2.1691128975745966,2.207411887560235,2.123850469957156,2.1969666481018066,1712400,0.0,0.0
2022-05-05 00:00:00-04:00,2.1725943037198787,2.1865213435327377,2.078587822617027,2.1064417362213135,1115100,0.0,0.0
2022-05-06 00:00:00-04:00,2.085551388412715,2.0994784290863513,2.0333256914777063,2.092514991760254,1678300,0.0,0.0
2022-05-09 00:00:00-04:00,2.0611794359698496,2.0681428732796894,1.9741363865861328,1.998508334159851,2463100,0.0,0.0
2022-05-10 00:00:00-04:00,1.9810997811966322,1.9845814167657907,1.8174587589102498,1.8905749320983887,4470300,0.0,0.0
2022-05-11 00:00:00-04:00,1.921910712179417,1.953246266156614,1.862721406232026,1.904502034187317,3662700,0.0,0.0
2022-05-12 00:00:00-04:00,1.9010201366592892,1.9671728714979306,1.8801298255557342,1.953245997428894,3086700,0.0,0.0
2022-05-13 00:00:00-04:00,1.9462828003478758,2.0333258570214454,1.9462828003478758,2.026362419128418,1855300,0.0,0.0
2022-05-16 00:00:00-04:00,2.01243553399803,2.057697797081814,2.01243553399803,2.029844045639038,2206200,0.0,0.0
2022-05-17 00:00:00-04:00,2.0576977222761497,2.134295701980591,2.04377084706106,2.134295701980591,3344700,0.0,0.0
2022-05-18 00:00:00-04:00,2.1273321264264275,2.1482224378944323,2.047252516121692,2.0646610260009766,3301700,0.0,0.0
2022-05-19 00:00:00-04:00,2.0507341065384757,2.0890330930639838,2.0159169215250294,2.054215908050537,2073100,0.0,0.0
2022-05-20 00:00:00-04:00,2.075106219058605,2.099478331578734,2.012435286034402,2.054215908050537,1789000,0.0,0.0
2022-05-23 00:00:00-04:00,2.085551509664561,2.099478551147901,2.029844007817005,2.0820698738098145,1089900,0.0,0.0
2022-05-24 00:00:00-04:00,2.0785880487007815,2.127332278294019,2.029843985128993,2.1099236011505127,1891500,0.0,0.0
2022-05-25 00:00:00-04:00,2.0994787389739855,2.162149684159229,2.0925153006200694,2.13777756690979,1006000,0.0,0.0
2022-05-26 00:00:00-04:00,2.165631055831909,2.1969666076081804,2.158667618328454,2.165631055831909,1083200,0.0,0.0
2022-05-27 00:00:00-04:00,2.1795581760759233,2.235265678128244,2.1656311345413912,2.228302240371704,906900,0.0,0.0
2022-05-31 00:00:00-04:00,2.1830397283956247,2.2213387176015673,2.1725944891498417,2.186521530151367,2108900,0.0,0.0
2022-06-01 00:00:00-04:00,2.2004485817740647,2.210893655836888,2.1238505972132193,2.183039903640747,1322400,0.0,0.0
2022-06-02 00:00:00-04:00,2.1725945864227456,2.207411941453258,2.1412591993253187,2.203930139541626,1659400,0.0,0.0
2022-06-03 00:00:00-04:00,2.2039299863126955,2.2108934236303726,2.1551859250889587,2.179558038711548,1227600,0.0,0.0
2022-06-06 00:00:00-04:00,2.207411791719801,2.207411791719801,2.1482224914086103,2.15866756439209,1099800,0.0,0.0
2022-06-07 00:00:00-04:00,2.134295709415584,2.1969666481018066,2.120368834151979,2.1969666481018066,894700,0.0,0.0
2022-06-08 00:00:00-04:00,2.1760764122009277,2.2074119656634865,2.162149536444558,2.1760764122009277,1283500,0.0,0.0
2022-06-09 00:00:00-04:00,2.1830397867969453,2.221338777027474,2.1586676719190727,2.1725945472717285,1777100,0.0,0.0
2022-06-10 00:00:00-04:00,2.1308138150742217,2.1795580424019327,2.1099235030858203,2.15866756439209,3028800,0.0,0.0
2022-06-13 00:00:00-04:00,2.1099237746744937,2.148222767927117,2.0333259541907105,2.0437710285186768,3038800,0.0,0.0
2022-06-14 00:00:00-04:00,2.047252840266591,2.1134055867333967,2.036807599868058,2.0402894020080566,3146500,0.0,0.0
2022-06-15 00:00:00-04:00,2.064661166089762,2.1238504689425315,2.015917102690431,2.047252655029297,4444100,0.0,0.0
2022-06-16 00:00:00-04:00,2.00895357131958,2.036807320533764,1.9602095101947583,2.00895357131958,2313700,0.0,0.0
2022-06-17 00:00:00-04:00,2.01591716991765,2.057697797081814,1.9985084922551877,2.029844045639038,2257600,0.0,0.0
2022-06-21 00:00:00-04:00,2.0472528306423077,2.120369015023923,2.040289392416509,2.0437710285186768,2906400,0.0,0.0
2022-06-22 00:00:00-04:00,2.0193989629697384,2.151704281740544,2.012435525139696,2.116887092590332,4815600,0.0,0.0
2022-06-23 00:00:00-04:00,2.1238505840301514,2.1447408980475875,2.0681430799836553,2.1238505840301514,3172000,0.0,0.0
2022-06-24 00:00:00-04:00,2.127332179420209,2.1691128033970113,2.1238503777447546,2.15866756439209,3252500,0.0,0.0
2022-06-27 00:00:00-04:00,2.1656309980547532,2.2039299863126955,2.1412590504536055,2.179558038711548,1608700,0.0,0.0
2022-06-28 00:00:00-04:00,2.196966725835482,2.231783915226406,2.165631172372923,2.1760764122009277,1011200,0.0,0.0
2022-06-29 00:00:00-04:00,2.1656310109092627,2.1691128125994887,2.120368751086422,2.1551859378814697,1108400,0.0,0.0
2022-06-30 00:00:00-04:00,2.1308139457586908,2.2596376272654086,2.1134054343780666,2.228302240371704,1636000,0.0,0.0
2022-07-01 00:00:00-04:00,2.21785694891767,2.3710527420043945,2.21785694891767,2.3710527420043945,4571200,0.0,0.0
2022-07-05 00:00:00-04:00,2.3397171989876964,2.374534553114932,2.3049000108819095,2.3675711154937744,2213200,0.0,0.0
2022-07-06 00:00:00-04:00,2.374534444522248,2.39542475643036,2.332753654684583,2.3536441326141357,1655200,0.0,0.0
2022-07-07 00:00:00-04:00,2.374534567154907,2.3919430783000077,2.325790337497146,2.3431990146636963,1400200,0.0,0.0
2022-07-08 00:00:00-04:00,2.34668055523208,2.3571257943123265,2.301418295274859,2.3048999309539795,1427000,0.0,0.0
2022-07-11 00:00:00-04:00,2.2840100487940695,2.315345605912481,2.2666015350783213,2.2944552898406982,1400900,0.0,0.0
2022-07-12 00:00:00-04:00,2.273564334616873,2.388461123722243,2.273564334616873,2.364089012145996,1135100,0.0,0.0
2022-07-13 00:00:00-04:00,2.3606079422860478,2.402388572692871,2.3223089480690597,2.402388572692871,1042700,0.0,0.0
2022-07-14 00:00:00-04:00,2.353644337307389,2.4093518405738275,2.353644337307389,2.384979724884033,953700,0.0,0.0
2022-07-15 00:00:00-04:00,2.437205669220583,2.4615777856805146,2.38846160232218,2.447650909423828,997700,0.0,0.0
2022-07-18 00:00:00-04:00,2.46854127742281,2.4859497901110315,2.4406875243044848,2.4546144008636475,1120800,0.0,0.0
2022-07-19 00:00:00-04:00,2.4755046495691935,2.5451390305047212,2.4755046495691935,2.534693956375122,1061900,0.0,0.0
2022-07-20 00:00:00-04:00,2.5451389430779106,2.5904013721419465,2.5312120673692,2.559065818786621,773100,0.0,0.0
2022-07-21 00:00:00-04:00,2.559065718949372,2.611291583830267,2.5346937704206827,2.6078097820281982,612000,0.0,0.0
2022-07-22 00:00:00-04:00,2.6043283157294885,2.656554184009087,2.6043283157294885,2.625218629837036,712200,0.0,0.0
2022-07-25 00:00:00-04:00,2.6356637153259497,2.6948528521486326,2.6217368400710304,2.666999101638794,807500,0.0,0.0
2022-07-26 00:00:00-04:00,2.6669992087044245,2.691371324389667,2.6495906969476417,2.6809260845184326,585100,0.0,0.0
2022-07-27 00:00:00-04:00,2.687889311651676,2.740115174869587,2.6809258742907174,2.736633539199829,548800,0.0,0.0
2022-07-28 00:00:00-04:00,2.7401153940937006,2.83412205501985,2.7157434443911783,2.8271584510803223,927800,0.0,0.0
2022-07-29 00:00:00-04:00,2.851530223557686,2.959463753611812,2.837603348587111,2.8967926502227783,1540400,0.0,0.0
2022-08-01 00:00:00-04:00,2.8828658211178264,2.9107195715021223,2.834121923966756,2.841085195541382,1351200,0.0,0.0
2022-08-02 00:00:00-04:00,2.848048781720615,2.848048781720615,2.771450802611353,2.781895875930786,1825000,0.0,0.0
2022-08-03 00:00:00-04:00,2.7853781502849695,2.820195509980712,2.646109209566426,2.660036087036133,3105200,0.0,0.0
2022-08-04 00:00:00-04:00,2.673962310296423,2.7505602836608887,2.635663489635625,2.7505602836608887,3235100,0.0,0.0
2022-08-05 00:00:00-04:00,2.959463887588976,2.983835836880097,2.7366337119506365,2.8828659057617188,1550000,0.0,0.0
2022-08-08 00:00:00-04:00,2.896792623907286,2.973390601571052,2.8828657490632272,2.9455368518829346,2049500,0.0,0.0
2022-08-09 00:00:00-04:00,2.9629455285798523,3.0221348296804424,2.935091778890502,3.0116894245147705,1227600,0.0,0.0
2022-08-10 00:00:00-04:00,3.0604335616103944,3.154440213052508,3.0430248855607944,3.1439948081970215,1614800,0.0,0.0
2022-08-11 00:00:00-04:00,3.192738817287785,3.2519281125996473,3.1753301424237916,3.203183889389038,1704500,0.0,0.0
2022-08-12 00:00:00-04:00,3.248446588290245,3.4086058130224095,3.2380015152980928,3.3424532413482666,2277000,0.0,0.0
2022-08-15 00:00:00-04:00,3.3424535791185117,3.349416851135989,3.2763006687164307,3.2763006687164307,3519100,0.0,0.0
2022-08-16 00:00:00-04:00,3.272818715013588,3.311117871485022,3.244964964148673,3.2519285678863525,2256700,0.0,0.0
2022-08-17 00:00:00-04:00,3.213629541400501,3.25541050143074,3.1857757894089516,3.238001823425293,2012800,0.0,0.0
2022-08-18 00:00:00-04:00,3.255410438104841,3.2797823876126224,3.217111280829289,3.2345199584960938,1511800,0.0,0.0
2022-08-19 00:00:00-04:00,3.2275569508930113,3.234520223304066,3.171849111389892,3.2066664695739746,1897300,0.0,0.0
2022-08-22 00:00:00-04:00,3.1822940671297313,3.2171110883371963,3.1544403173466042,3.178812265396118,1016500,0.0,0.0
2022-08-23 00:00:00-04:00,3.1753306337273113,3.2171112606396948,3.1161413292573745,3.196221113204956,1441000,0.0,0.0
2022-08-24 00:00:00-04:00,3.192739349938226,3.231038175394188,3.1822942760944017,3.2275567054748535,828000,0.0,0.0
2022-08-25 00:00:00-04:00,3.22755681820274,3.244965164536159,3.185775857282352,3.220593214035034,865000,0.0,0.0
2022-08-26 00:00:00-04:00,3.2136291340611933,3.234519611428368,3.133549690246582,3.133549690246582,898300,0.0,0.0
2022-08-29 00:00:00-04:00,3.116140860165557,3.147476408643439,3.0952507158755402,3.109177589416504,872200,0.0,0.0
2022-08-30 00:00:00-04:00,3.1161411480110646,3.1335498245560647,3.0743605235287967,3.0987324714660645,1060900,0.0,0.0
2022-08-31 00:00:00-04:00,3.1126597378290235,3.1300684165638284,3.049988959243828,3.0778427124023438,2097200,0.0,0.0
2022-09-01 00:00:00-04:00,3.0465065318531557,3.070878477854265,2.9490184158058557,3.0534701347351074,1881900,0.0,0.0
2022-09-02 00:00:00-04:00,3.0813240589047814,3.1196228808235413,3.039543103302469,3.0499885082244873,1554800,0.0,0.0
2022-09-06 00:00:00-04:00,3.053470649789861,3.1509587822813097,3.053470649789861,3.130068302154541,1582300,0.0,0.0
2022-09-07 00:00:00-04:00,3.116141506653705,3.171849012374878,3.109178234460021,3.171849012374878,1352000,0.0,0.0
2022-09-08 00:00:00-04:00,3.1509582361324293,3.2101475321823836,3.102214012313979,3.1474764347076416,2117200,0.0,0.0
2022-09-09 00:00:00-04:00,3.1579217870373286,3.1857755368204557,3.1335498389878143,3.178812265396118,1706000,0.0,0.0
2022-09-12 00:00:00-04:00,3.189257379042019,3.2449648793154857,3.178812305751467,3.2101478576660156,1237800,0.0,0.0
2022-09-13 00:00:00-04:00,3.1647867008279174,3.224104672018349,3.147340512754608,3.168276071548462,1529400,0.02,0.0
2022-09-14 00:00:00-04:00,3.1647868436318425,3.1752549562658268,3.0950010898955576,3.1264047622680664,1319400,0.0,0.0
2022-09-15 00:00:00-04:00,3.122915164618561,3.1752547256936623,3.11244738550942,3.115936756134033,1052700,0.0,0.0
2022-09-16 00:00:00-04:00,3.0950014725697765,3.1054692537333026,3.0147479290414676,3.08453369140625,3701300,0.0,0.0
2022-09-19 00:00:00-04:00,3.0426621202783077,3.091511985725677,3.007769074017543,3.0880229473114014,1597400,0.0,0.0
2022-09-20 00:00:00-04:00,3.049640241078453,3.053129611927045,2.8926222133037203,2.9379830360412598,1850400,0.0,0.0
2022-09-21 00:00:00-04:00,2.9693867277903268,2.9693867277903268,2.875175710843491,2.892622232437134,1387700,0.0,0.0
2022-09-22 00:00:00-04:00,2.8856441035292257,2.9030902940514136,2.7984118198592696,2.819347381591797,2039700,0.0,0.0
2022-09-23 00:00:00-04:00,2.784454250460431,2.8019006057927,2.711179125470759,2.7425827980041504,1510700,0.0,0.0
2022-09-26 00:00:00-04:00,2.718157977698251,2.718157977698251,2.4843754281019836,2.57509708404541,3326800,0.0,0.0
2022-09-27 00:00:00-04:00,2.5960327242489405,2.613479080765505,2.5053110713862625,2.5157790184020996,1632300,0.0,0.0
2022-09-28 00:00:00-04:00,2.5367147740706484,2.5785862298317412,2.505311099058641,2.564629077911377,1001200,0.0,0.0
2022-09-29 00:00:00-04:00,2.526246739423344,2.526246739423344,2.4285466793653816,2.5053110122680664,1760500,0.0,0.0
2022-09-30 00:00:00-04:00,2.522757462461309,2.568118286522369,2.508800311424424,2.547182559967041,1423400,0.0,0.0
2022-10-03 00:00:00-04:00,2.5855644239842044,2.6344146148741956,2.543692974406227,2.6065001487731934,1318600,0.0,0.0
2022-10-04 00:00:00-04:00,2.6274363644469836,2.690243546570973,2.6274363644469836,2.683264970779419,802600,0.0,0.0
2022-10-05 00:00:00-04:00,2.644882580010655,2.6623291017524644,2.5855646057473387,2.620457649230957,975400,0.0,0.0
2022-10-06 00:00:00-04:00,2.609989787698284,2.6518612415800393,2.5576503871549057,2.5681183338165283,900100,0.0,0.0
2022-10-07 00:00:00-04:00,2.5436930347863647,2.557650184976994,2.4634393379990676,2.4773964881896973,1689200,0.0,0.0
2022-10-10 00:00:00-04:00,2.491353891012017,2.5088004137106177,2.4564610119971877,2.4669289588928223,1345400,0.0,0.0
2022-10-11 00:00:00-04:00,2.4669290230670247,2.505311107790615,2.4355253479455636,2.4599504470825195,3357400,0.0,0.0
2022-10-12 00:00:00-04:00,2.459950194873476,2.459950194873476,2.355271399455829,2.365739345550537,2569500,0.0,0.0
2022-10-13 00:00:00-04:00,2.3134001633672523,2.4041216503164757,2.2575713896315097,2.3936538696289062,2415500,0.0,0.0
2022-10-14 00:00:00-04:00,2.4285465300971487,2.4459930515120645,2.3308463096618652,2.3308463096618652,1576200,0.0,0.0
2022-10-17 00:00:00-04:00,2.3901642163070855,2.484375063285012,2.372717861759976,2.4773964881896973,1083900,0.0,0.0
2022-10-18 00:00:00-04:00,2.515778827770102,2.564628855250216,2.5122894569017706,2.536714553833008,1863700,0.0,0.0
2022-10-19 00:00:00-04:00,2.4983326234700285,2.5436934522247907,2.4878648423003953,2.501821994781494,1565400,0.0,0.0
2022-10-20 00:00:00-04:00,2.5157789500384267,2.599521858360005,2.4948432229580324,2.5402040481567383,3845000,0.0,0.0
2022-10-21 00:00:00-04:00,2.5576505062412234,2.6623293122019116,2.519268255204654,2.6588399410247803,1855100,0.0,0.0
2022-10-24 00:00:00-04:00,2.6693078416931426,2.71117929679536,2.6344149624412943,2.637904167175293,7901200,0.0,0.0
2022-10-25 00:00:00-04:00,2.655350583929007,2.7670077930749657,2.655350583929007,2.7356042861938477,1099500,0.0,0.0
2022-10-26 00:00:00-04:00,2.749561410213394,2.773986341281944,2.6588397622948814,2.6693077087402344,1212300,0.0,0.0
2022-10-27 00:00:00-04:00,2.6937326398087844,2.7286256837050518,2.6483719822318927,2.6693077087402344,1263600,0.0,0.0
2022-10-28 00:00:00-04:00,2.6658184890020427,2.7286258384718454,2.6483721324467213,2.721647262573242,1076800,0.0,0.0
2022-10-31 00:00:00-04:00,2.7007111635902405,2.7914328097713423,2.6937325882211063,2.7704970836639404,1464400,0.0,0.0
2022-11-01 00:00:00-04:00,2.7984115515228374,2.7984115515228374,2.760029137419059,2.7704970836639404,895100,0.0,0.0
2022-11-02 00:00:00-04:00,2.7390935565470396,2.7530507080253597,2.5995218753814697,2.5995218753814697,1247600,0.0,0.0
2022-11-03 00:00:00-04:00,2.554161170077816,2.609989774981473,2.5157789210153685,2.5785861015319824,1069900,0.0,0.0
2022-11-04 00:00:00-04:00,2.5960325520688965,2.627436224651208,2.5402039487068864,2.620457649230957,859500,0.0,0.0
2022-11-07 00:00:00-05:00,2.6309255018203443,2.6623291752698353,2.554161170077816,2.5785861015319824,1168800,0.0,0.0
2022-11-08 00:00:00-05:00,2.6344148413490043,2.6832648700561736,2.47041806682996,2.529736042022705,1138100,0.0,0.0
2022-11-09 00:00:00-05:00,2.5053111353699444,2.536714810837108,2.4704182550633056,2.508800506591797,1217900,0.0,0.0
2022-11-10 00:00:00-05:00,2.6134789187392347,2.7181577168784057,2.5541611106015587,2.7146685123443604,1137300,0.0,0.0
2022-11-11 00:00:00-05:00,2.7216471434671523,2.756540021433169,2.683264894513351,2.700711250305176,1699600,0.0,0.0
2022-11-14 00:00:00-05:00,2.686754128582814,2.7390935292969973,2.6553506212601983,2.6623291969299316,885500,0.0,0.0
2022-11-15 00:00:00-05:00,2.7111790815065433,2.780964834468705,2.679775409482391,2.704200506210327,1143800,0.0,0.0
2022-11-16 00:00:00-05:00,2.690243399242619,2.7635185242322904,2.676286248423859,2.7425827980041504,1227500,0.0,0.0
2022-11-17 00:00:00-05:00,2.7111791292217444,2.7251362800598145,2.6727968812258704,2.7251362800598145,677400,0.0,0.0
2022-11-18 00:00:00-05:00,2.7844542222399005,2.8088793191163623,2.7670077007020906,2.7809648513793945,818900,0.0,0.0
2022-11-21 00:00:00-05:00,2.7809647880100647,2.7984114755326805,2.7425827077132645,2.7879433631896973,583100,0.0,0.0
2022-11-22 00:00:00-05:00,2.7949224356602755,2.829815149307251,2.784454488460282,2.829815149307251,629100,0.0,0.0
2022-11-23 00:00:00-05:00,2.822836399078369,2.83679354940603,2.7949220984230463,2.822836399078369,473900,0.0,0.0
2022-11-25 00:00:00-05:00,2.8367938812749802,2.864708185195923,2.8193473581332036,2.864708185195923,230000,0.0,0.0
2022-11-28 00:00:00-05:00,2.8437720779756153,2.857729228891193,2.79143284523338,2.801900625228882,507300,0.0,0.0
2022-11-29 00:00:00-05:00,2.7914329553930934,2.857729341667194,2.7844543796599055,2.8158578872680664,811300,0.0,0.0
2022-11-30 00:00:00-05:00,2.8019006895330056,2.931004421656236,2.7914329092972663,2.9240260124206543,1382700,0.0,0.0
2022-12-01 00:00:00-05:00,2.9379830640725744,2.962407994716319,2.882154461021317,2.8996009826660156,633300,0.0,0.0
2022-12-02 00:00:00-05:00,2.87168622892447,2.9100686414991896,2.85772907874222,2.878664970397949,485800,0.0,0.0
2022-12-05 00:00:00-05:00,2.8647082169461853,2.931004606302015,2.8158580181607413,2.8263261318206787,3316900,0.0,0.0
2022-12-06 00:00:00-05:00,2.826326021351128,2.864708104976435,2.787943604961079,2.812368869781494,795500,0.0,0.0
2022-12-07 00:00:00-05:00,2.7984118275903556,2.8542404360510023,2.791433085150397,2.8263261318206787,780200,0.0,0.0
2022-12-08 00:00:00-05:00,2.8507509150010257,2.896111740182412,2.8333043925828405,2.8437721729278564,856800,0.0,0.0
2022-12-09 00:00:00-05:00,2.829814947960757,2.8402830607983014,2.7914328658506133,2.7984116077423096,886900,0.0,0.0
2022-12-12 00:00:00-05:00,2.808879477917248,2.833304409792221,2.7635186524603417,2.8158578872680664,1131900,0.0,0.0
2022-12-13 00:00:00-05:00,2.903090170735742,2.9275154354058412,2.815857890771185,2.840283155441284,1146700,0.0,0.0
2022-12-14 00:00:00-05:00,2.8298148110437435,2.8891327831942224,2.7949221015676877,2.805389881134033,958900,0.0,0.0
2022-12-15 00:00:00-05:00,2.773986288157327,2.79492218064709,2.7390934113116576,2.7704970836639404,1256300,0.0,0.0
2022-12-16 00:00:00-05:00,2.7181579015361996,2.7251364774607425,2.655350718215315,2.6867542266845703,1724100,0.0,0.0
2022-12-19 00:00:00-05:00,2.6762864357358582,2.6797756404935753,2.5890541538220813,2.609989881515503,1138100,0.0,0.0
2022-12-20 00:00:00-05:00,2.60650022388316,2.620457540527036,2.5646287730985975,2.5890538692474365,1159600,0.0,0.0
2022-12-21 00:00:00-05:00,2.61347879901392,2.65186104542428,2.5785859233601185,2.5890538692474365,960000,0.0,0.0
2022-12-22 00:00:00-05:00,2.5716076669942174,2.5750970381833023,2.519268263834581,2.554161310195923,1295100,0.0,0.0
2022-12-23 00:00:00-05:00,2.543693363011045,2.5646290909984244,2.5332255822085434,2.554161310195923,899800,0.0,0.0
2022-12-27 00:00:00-05:00,2.5576501198254293,2.5576501198254293,2.477396425082452,2.484375,1250500,0.0,0.0
2022-12-28 00:00:00-05:00,2.484375510199525,2.51228981560229,2.4076111703419194,2.445993423461914,1209100,0.0,0.0
2022-12-29 00:00:00-05:00,2.4773968311246333,2.508800506591797,2.4494825268793226,2.508800506591797,1051500,0.0,0.0
2022-12-30 00:00:00-05:00,2.484375,2.5088000954025933,2.463439275247356,2.484375,929300,0.0,0.0
2023-01-03 00:00:00-05:00,2.5053107885709562,2.5332252553345698,2.445992983451958,2.4773964881896973,1247900,0.0,0.0
2023-01-04 00:00:00-05:00,2.505311099058641,2.589054176963202,2.505311099058641,2.564629077911377,1218800,0.0,0.0
2023-01-05 00:00:00-05:00,2.5471825979300418,2.5471825979300418,2.4669288950806743,2.473907470703125,1460200,0.0,0.0
2023-01-06 00:00:00-05:00,2.4983324732357453,2.6030112769316314,2.4948432685164805,2.5611398220062256,1341900,0.0,0.0
2023-01-09 00:00:00-05:00,2.5541612461853247,2.585564754188193,2.5297361476209854,2.5611398220062256,1239900,0.0,0.0
2023-01-10 00:00:00-05:00,2.5471826068756505,2.5855646897427427,2.5471826068756505,2.5681183338165283,816300,0.0,0.0
2023-01-11 00:00:00-05:00,2.5716075468410318,2.669307772599665,2.5716075468410318,2.6623291969299316,735300,0.0,0.0
2023-01-12 00:00:00-05:00,2.6797755359601605,2.721647156096038,2.6623291800873816,2.6902434825897217,651400,0.0,0.0
2023-01-13 00:00:00-05:00,2.6553503981012985,2.683264698434279,2.6344146728515625,2.6344146728515625,516500,0.0,0.0
2023-01-17 00:00:00-05:00,2.644882580010655,2.67279688169166,2.6169682783296504,2.620457649230957,505400,0.0,0.0
2023-01-18 00:00:00-05:00,2.6448827008771945,2.6623292234162794,2.5820755192247544,2.5995218753814697,1039700,0.0,0.0
2023-01-19 00:00:00-05:00,2.5750968926719566,2.62045771727259,2.568118317070503,2.5960326194763184,990500,0.0,0.0
2023-01-20 00:00:00-05:00,2.6030111190966294,2.6204576407821882,2.5646288712178165,2.613478899002075,641400,0.0,0.0
2023-01-23 00:00:00-05:00,2.6099897540222754,2.6448826318068583,2.603011178465359,2.6239469051361084,491700,0.0,0.0
2023-01-24 00:00:00-05:00,2.6065007084239826,2.6832652155149983,2.603011503401147,2.665818691253662,530900,0.0,0.0
2023-01-25 00:00:00-05:00,2.651861254666994,2.6658184060297914,2.6239469519413996,2.6448826789855957,612800,0.0,0.0
2023-01-26 00:00:00-05:00,2.651861027368499,2.6727967526182344,2.6274360977683173,2.6344146728515625,534400,0.0,0.0
2023-01-27 00:00:00-05:00,2.6134790637118765,2.676286412632319,2.6134790637118765,2.655350685119629,635000,0.0,0.0
2023-01-30 00:00:00-05:00,2.6274364279353914,2.65535073177612,2.5576505019511946,2.564629077911377,854500,0.0,0.0
2023-01-31 00:00:00-05:00,2.564628879486585,2.6309254291701527,2.5506717286460825,2.620457649230957,1437800,0.0,0.0
2023-02-01 00:00:00-05:00,2.6169682624984105,2.6797754409007224,2.5785860147280393,2.648371934890747,688100,0.0,0.0
2023-02-02 00:00:00-05:00,2.676286436041134,2.7356044143704485,2.669307860142531,2.721647262573242,803600,0.0,0.0
2023-02-03 00:00:00-05:00,2.6832649069641366,2.697222058215307,2.63790408220665,2.6902434825897217,602500,0.0,0.0
2023-02-06 00:00:00-05:00,2.665818516996668,2.6693078881737993,2.6204578563705865,2.6588399410247803,519400,0.0,0.0
2023-02-07 00:00:00-05:00,2.6483719822318927,2.704200586254138,2.6379040357865398,2.6693077087402344,594300,0.0,0.0
2023-02-08 00:00:00-05:00,2.6483721422907722,2.6867542266845703,2.637904195212771,2.6867542266845703,527200,0.0,0.0
2023-02-09 00:00:00-05:00,2.693732704252547,2.707690021974382,2.6483720455904654,2.6623291969299316,504000,0.0,0.0
2023-02-10 00:00:00-05:00,2.6553506087444685,2.6832649112918303,2.6309255108243437,2.6727969646453857,348500,0.0,0.0
2023-02-13 00:00:00-05:00,2.679775235681247,2.714668276281643,2.672796660837638,2.6972217559814453,426900,0.0,0.0
2023-02-14 00:00:00-05:00,2.683264795887236,2.7042005218973317,2.6483719192037425,2.676286220550537,406900,0.0,0.0
2023-02-15 00:00:00-05:00,2.651861314009661,2.665818465684788,2.6413935334445022,2.655350685119629,455500,0.0,0.0
2023-02-16 00:00:00-05:00,2.616968485193455,2.6867542449123305,2.5995219620725485,2.6588399410247803,568100,0.0,0.0
2023-02-17 00:00:00-05:00,2.6693078367947556,2.6832649884698827,2.6065004878743134,2.655350685119629,777400,0.0,0.0
2023-02-21 00:00:00-05:00,2.616968363345243,2.6483720369477437,2.5611397581695687,2.5681183338165283,761600,0.0,0.0
2023-02-22 00:00:00-05:00,2.5471826576615206,2.5995218928660737,2.5053110365625586,2.5716075897216797,1000400,0.0,0.0
2023-02-23 00:00:00-05:00,2.5960327120730753,2.637904167175293,2.578586189255965,2.637904167175293,1128600,0.0,0.0
2023-02-24 00:00:00-05:00,2.6030113512840423,2.634415026566297,2.5820756232233313,2.6309256553649902,1408700,0.0,0.0
2023-02-27 00:00:00-05:00,2.65883984768725,2.6832649459226103,2.5995218708173526,2.6169683933258057,1150600,0.0,0.0
2023-02-28 00:00:00-05:00,2.6204577643804443,2.707690044157971,2.6134790222711675,2.6169683933258057,1560500,0.0,0.0
2023-03-01 00:00:00-05:00,2.5960326194763184,2.6169683462806796,2.568118317070503,2.5960326194763184,1202100,0.0,0.0
2023-03-02 00:00:00-05:00,2.571607242414127,2.711178905668664,2.547182313652668,2.6972217559814453,1482100,0.0,0.0
2023-03-03 00:00:00-05:00,2.714668563649523,2.7635185927259283,2.7042006170848243,2.7181577682495117,969300,0.0,0.0
2023-03-06 00:00:00-05:00,2.721647075541478,2.7460720063169197,2.7111791292217444,2.7251362800598145,1043700,0.0,0.0
2023-03-07 00:00:00-05:00,2.739093629309828,2.739093629309828,2.6483721422907722,2.6867542266845703,1728800,0.0,0.0
2023-03-08 00:00:00-05:00,2.690243402964639,2.728625650960513,2.669307676707534,2.7251362800598145,1074700,0.0,0.0
2023-03-09 00:00:00-05:00,2.742582966280357,2.7704972696306105,2.6379041623345345,2.655350685119629,1162300,0.0,0.0
2023-03-10 00:00:00-05:00,2.6309256987120295,2.655350798376474,2.543693413830643,2.557650566101074,1555200,0.0,0.0
2023-03-13 00:00:00-04:00,2.529735945910483,2.568118193056185,2.4634393977069458,2.4878644943237305,2074800,0.0,0.0
2023-03-14 00:00:00-04:00,2.5402038612445037,2.606500242263042,2.5227573401034,2.5436930656433105,1275300,0.0,0.0
2023-03-15 00:00:00-04:00,2.491353698764781,2.5157787953815656,2.4250571505612437,2.4878644943237305,2000400,0.0,0.0
2023-03-16 00:00:00-04:00,2.4494823728333635,2.4843752509456176,2.369228669983996,2.473907470703125,1865300,0.0,0.0
2023-03-17 00:00:00-04:00,2.456460974370312,2.456460974370312,2.3866752174095973,2.411100149154663,3253500,0.0,0.0
2023-03-20 00:00:00-04:00,2.4285466793653816,2.5506718376290194,2.4215681036469556,2.5053110122680664,2088100,0.0,0.0
2023-03-21 00:00:00-04:00,2.5402039283641265,2.5576502835838575,2.4843751590668486,2.519268035888672,1091500,0.0,0.0
2023-03-22 00:00:00-04:00,2.5053108068110377,2.5053108068110377,2.421567905057565,2.4320356845855713,1108100,0.0,0.0
2023-03-23 00:00:00-04:00,2.4390144519389487,2.4634395500663833,2.390164422066449,2.411100149154663,1228700,0.0,0.0
2023-03-24 00:00:00-04:00,2.3866750697979,2.4983322740292393,2.376207123710033,2.4878644943237305,1237400,0.0,0.0
2023-03-27 00:00:00-04:00,2.5157787953815656,2.529735945910483,2.4878644943237305,2.4878644943237305,967700,0.0,0.0
2023-03-28 00:00:00-04:00,2.4669287685303547,2.505310849293698,2.459950193265896,2.4878644943237305,620400,0.0,0.0
2023-03-29 00:00:00-04:00,2.5192680322560728,2.54369312918731,2.5053108815474685,2.536714553833008,710800,0.0,0.0
2023-03-30 00:00:00-04:00,2.571607653871559,2.5750970250428376,2.5367147740706484,2.564629077911377,631300,0.0,0.0
2023-03-31 00:00:00-04:00,2.5855647433152864,2.693732751275565,2.5820755386106944,2.683264970779419,1447700,0.0,0.0
2023-04-03 00:00:00-04:00,2.676286327077738,2.7181577807645865,2.6623291758487886,2.7076900005340576,792800,0.0,0.0
2023-04-04 00:00:00-04:00,2.71117929679536,2.714668667911731,2.616968439624184,2.637904167175293,784200,0.0,0.0
2023-04-05 00:00:00-04:00,2.620457810740555,2.6483721141420338,2.613479068507813,2.637904167175293,573300,0.0,0.0
2023-04-06 00:00:00-04:00,2.662329294139858,2.690243597838029,2.6518613470618564,2.6867542266845703,676800,0.0,0.0
2023-04-10 00:00:00-04:00,2.6693078065315046,2.707690056394131,2.658839859702654,2.693732738494873,1716200,0.0,0.0
2023-04-11 00:00:00-04:00,2.686754162736429,2.7181578368406116,2.6832649580483925,2.693732738494873,829300,0.0,0.0
2023-04-12 00:00:00-04:00,2.7181577894760323,2.732114940749713,2.669307760018149,2.6727969646453857,633000,0.0,0.0
2023-04-13 00:00:00-04:00,2.679775599692456,2.707690069241045,2.665818448109347,2.683264970779419,624000,0.0,0.0
2023-04-14 00:00:00-04:00,2.6972220148236405,2.6972220148236405,2.6239468887426307,2.6518611907958984,787100,0.0,0.0
2023-04-17 00:00:00-04:00,2.651861229235893,2.7076900005340576,2.630925502392469,2.7076900005340576,1408600,0.0,0.0
2023-04-18 00:00:00-04:00,2.732114981868748,2.875175867768263,2.7286257771889977,2.840283155441284,2047400,0.0,0.0
2023-04-19 00:00:00-04:00,2.829815149307251,2.843772301318992,2.798411806854399,2.829815149307251,2011300,0.0,0.0
2023-04-20 00:00:00-04:00,2.8193471470645357,2.8228365179846118,2.7809648988555153,2.801900625228882,1397700,0.0,0.0
2023-04-21 00:00:00-04:00,2.8158578573724706,2.8158578573724706,2.7530506764405946,2.767007827758789,1434900,0.0,0.0
2023-04-24 00:00:00-04:00,2.7670077450315826,2.7670077450315826,2.693732619610636,2.7146685123443604,1210400,0.0,0.0
2023-04-25 00:00:00-04:00,2.6797754764556885,2.700711202867565,2.672796900985063,2.6797754764556885,760800,0.0,0.0
2023-04-26 00:00:00-04:00,2.6518611393885836,2.690243387158955,2.6379039886325146,2.648371934890747,1007000,0.0,0.0
2023-04-27 00:00:00-04:00,2.6518612965262385,2.7007113270671192,2.6518612965262385,2.683264970779419,1242000,0.0,0.0
2023-04-28 00:00:00-04:00,2.6797753942547318,2.770497038972381,2.6797753942547318,2.732114791870117,895500,0.0,0.0
2023-05-01 00:00:00-04:00,2.7321148240088307,2.7949221684390584,2.7321148240088307,2.7809648513793945,1344300,0.0,0.0
2023-05-02 00:00:00-04:00,2.7635185884803377,2.7704971640519602,2.686754090810125,2.7356042861938477,2248900,0.0,0.0
2023-05-03 00:00:00-04:00,2.7425825756560807,2.7565397253432997,2.6937323853684663,2.6972217559814453,1293200,0.0,0.0
2023-05-04 00:00:00-04:00,2.6972221401450094,2.714668662930104,2.648372109282066,2.655350685119629,1535800,0.0,0.0
2023-05-05 00:00:00-04:00,2.6902433106748425,2.8402829266104757,2.6797753647142155,2.7879433631896973,1559000,0.0,0.0
2023-05-08 00:00:00-04:00,2.7914327129664454,2.850750684738159,2.7495612622037138,2.850750684738159,2431800,0.0,0.0
2023-05-09 00:00:00-04:00,2.8437721150830813,2.9868333297904215,2.8367937059165964,2.9624080657958984,5329700,0.0,0.0
2023-05-10 00:00:00-04:00,3.00776888589705,3.0217260369754575,2.958918690740258,2.9798545837402344,1653200,0.0,0.0
2023-05-11 00:00:00-04:00,2.937983138676457,2.993811743145364,2.903090094501024,2.986833333969116,1853800,0.0,0.0
2023-05-12 00:00:00-04:00,2.979854356927064,3.004279286263978,2.955429427590149,2.969386577606201,1112400,0.0,0.0
2023-05-15 00:00:00-04:00,2.965897337300558,3.0007903802570404,2.9240258854116106,2.9379830360412598,1716600,0.0,0.0
2023-05-16 00:00:00-04:00,2.9379831723851195,2.944961581641434,2.8821545672756685,2.8891329765319824,1267500,0.0,0.0
2023-05-17 00:00:00-04:00,2.896111488342285,2.9100686385101997,2.8751755967080594,2.896111488342285,1482400,0.0,0.0
2023-05-18 00:00:00-04:00,2.875175593790276,2.927515156440372,2.8716862230606615,2.913558006286621,1454800,0.0,0.0
2023-05-19 00:00:00-04:00,2.941472497447212,3.0042795108318754,2.941472497447212,2.9973011016845703,1389800,0.0,0.0
2023-05-22 00:00:00-04:00,3.004279519088999,3.011258261020214,2.9589186948302904,2.9624080657958984,978400,0.0,0.0
2023-05-23 00:00:00-04:00,2.9484509313124563,2.9798546046504213,2.9344937801361084,2.9344937801361084,1104300,0.0,0.0
2023-05-24 00:00:00-04:00,2.9310044653191087,2.9310044653191087,2.829815034160264,2.8333044052124023,1016800,0.0,0.0
2023-05-25 00:00:00-04:00,2.829814814267492,2.8402829266104757,2.7774755836114267,2.7879433631896973,1032100,0.0,0.0
2023-05-26 00:00:00-04:00,2.7844543796599055,2.819347258325845,2.760029281402563,2.8158578872680664,1275800,0.0,0.0
2023-05-30 00:00:00-04:00,2.840283155441284,2.8507509358629037,2.8088794814116853,2.840283155441284,878300,0.0,0.0
2023-05-31 00:00:00-04:00,2.843772301318992,2.8577294533307325,2.80190084528377,2.829815149307251,2431300,0.0,0.0
2023-06-01 00:00:00-04:00,2.8402828876706274,2.899600859075441,2.801900475135331,2.896111488342285,914500,0.0,0.0
2023-06-02 00:00:00-04:00,2.9449616317258274,3.0321939118840713,2.9310044802110977,3.021726131439209,1304200,0.0,0.0
2023-06-05 00:00:00-04:00,2.9903225022506206,3.014747767341788,2.931004524230957,2.931004524230957,832300,0.0,0.0
2023-06-06 00:00:00-04:00,2.9449616317258274,3.039172654023806,2.9310044802110977,3.021726131439209,1029300,0.0,0.0
2023-06-07 00:00:00-04:00,3.042661669471251,3.0915115276809244,3.0182364076017127,3.0252151489257812,1246200,0.0,0.0
2023-06-08 00:00:00-04:00,3.0252153953893557,3.039172546409877,2.9554296402867495,2.9903223514556885,754200,0.0,0.0
2023-06-09 00:00:00-04:00,2.9763652210576477,2.9903223721748744,2.9589186989699314,2.986833333969116,545100,0.0,0.0
2023-06-12 00:00:00-04:00,2.9763648621670016,2.9833436032664826,2.9519399338482,2.9658970832824707,582500,0.0,0.0
2023-06-13 00:00:00-04:00,2.948450803756714,2.9658973251635605,2.927515244280272,2.948450803756714,700700,0.0,0.0
2023-06-14 00:00:00-04:00,2.962408219921639,2.969386962215939,2.9030902414790836,2.9275155067443848,1117500,0.0,0.0
2023-06-15 00:00:00-04:00,2.9100689758672402,2.931004537163765,2.8926224529436384,2.920536756515503,995200,0.0,0.0
2023-06-16 00:00:00-04:00,2.9519403448986337,2.962408125240777,2.8681974366320135,2.88564395904541,1180700,0.0,0.0
2023-06-20 00:00:00-04:00,2.861218708100033,2.861218708100033,2.8088794733769102,2.8333044052124023,1010400,0.0,0.0
2023-06-21 00:00:00-04:00,2.822836752802136,2.8507510569553416,2.791433077438591,2.819347381591797,947500,0.0,0.0
2023-06-22 00:00:00-04:00,2.8228364821236256,2.8367936328618932,2.756539932925673,2.7704970836639404,868400,0.0,0.0
2023-06-23 00:00:00-04:00,2.7460719746861346,2.8088793191163623,2.7251362486701787,2.7809648513793945,2545100,0.0,0.0
2023-06-26 00:00:00-04:00,2.7844542428741814,2.8926222446160494,2.7844542428741814,2.8821544647216797,1161900,0.0,0.0
2023-06-27 00:00:00-04:00,2.896111824081308,2.9414726505767748,2.8891330818059684,2.920536756515503,2520000,0.0,0.0
2023-06-28 00:00:00-04:00,2.917047270420339,2.9240260124206543,2.878665187712806,2.9240260124206543,1571400,0.0,0.0
2023-06-29 00:00:00-04:00,2.9205366084658193,2.993811734818642,2.9205366084658193,2.9798545837402344,1434600,0.0,0.0
2023-06-30 00:00:00-04:00,3.0147477654959167,3.018236803851308,2.9379832646766335,2.9728763103485107,1613500,0.0,0.0
2023-07-03 00:00:00-04:00,2.965897641001345,3.0705764478249313,2.965897641001345,3.0426621437072754,785000,0.0,0.0
2023-07-05 00:00:00-04:00,3.021726045379818,3.06010846052574,2.9833439629986267,2.986833333969116,1381600,0.0,0.0
2023-07-06 00:00:00-04:00,2.9658973251635605,2.9658973251635605,2.8891328306322652,2.948450803756714,1296600,0.0,0.0
2023-07-07 00:00:00-04:00,2.9240261178004574,2.9868334670078927,2.9240261178004574,2.955429792404175,844600,0.0,0.0
2023-07-10 00:00:00-04:00,2.9344936651926674,2.951940186670909,2.9100687347819614,2.9379830360412598,937300,0.0,0.0
2023-07-11 00:00:00-04:00,2.9344938953532305,2.941472637597777,2.9100689630268084,2.931004524230957,1037100,0.0,0.0
2023-07-12 00:00:00-04:00,2.9833437304185932,2.9903221390508077,2.9519400596618652,2.9519400596618652,1006300,0.0,0.0
2023-07-13 00:00:00-04:00,2.9484510027956947,3.025215502509077,2.937983222350833,3.021726131439209,1256800,0.0,0.0
2023-07-14 00:00:00-04:00,3.018236629349641,3.0566190439225465,2.9973010693687163,3.0531296730041504,1914700,0.0,0.0
2023-07-17 00:00:00-04:00,3.0356831511768956,3.0601084148409425,3.0252153711864334,3.0531296730041504,1671800,0.0,0.0
2023-07-18 00:00:00-04:00,3.0496405323757396,3.0984907306279723,3.0391727515948155,3.0461511611938477,2327300,0.0,0.0
2023-07-19 00:00:00-04:00,3.0775544881024715,3.0775544881024715,3.039172407738518,3.0566189289093018,1019700,0.0,0.0
2023-07-20 00:00:00-04:00,3.063597334503326,3.0740654468536377,3.018236512612783,3.0740654468536377,566300,0.0,0.0
2023-07-21 00:00:00-04:00,3.088022582212236,3.1054687705151918,3.060108281609853,3.1019797325134277,1056300,0.0,0.0
2023-07-24 00:00:00-04:00,3.1054687705151918,3.1159368828146192,3.08453321144576,3.1019797325134277,937600,0.0,0.0
2023-07-25 00:00:00-04:00,3.088022463966358,3.1159367634998527,3.056618793800001,3.0635972023010254,1341400,0.0,0.0
2023-07-26 00:00:00-04:00,3.0531295462951378,3.0880225885015387,3.03917239596552,3.067086696624756,858100,0.0,0.0
2023-07-27 00:00:00-04:00,3.084533524074926,3.088022895195063,2.9693869392283743,2.9728763103485107,962300,0.0,0.0
2023-07-28 00:00:00-04:00,3.000790485085179,3.0042795232909363,2.920536616587608,2.9449615478515625,1959600,0.0,0.0
2023-07-31 00:00:00-04:00,2.9275153877434437,2.97287621251827,2.892622343219813,2.9065794944763184,1732900,0.0,0.0
2023-08-01 00:00:00-04:00,2.8891331048084323,2.9170474086025426,2.8612188010143216,2.875175952911377,1178300,0.0,0.0
2023-08-02 00:00:00-04:00,2.8437722908728404,2.8821547083377,2.840283252456286,2.864708185195923,1014200,0.0,0.0
2023-08-03 00:00:00-04:00,2.8367939127158617,2.8367939127158617,2.7949224563703763,2.8263261318206787,877800,0.0,0.0
2023-08-04 00:00:00-04:00,2.8158576311229635,2.9065792737842626,2.8158576311229635,2.8612184524536133,700000,0.0,0.0
2023-08-07 00:00:00-04:00,2.8716864749029027,2.8961117393875533,2.8612186945607596,2.88564395904541,1070400,0.0,0.0
2023-08-08 00:00:00-04:00,2.8751758459385295,2.94496160282738,2.8542402852542432,2.88564395904541,854800,0.0,0.0
2023-08-09 00:00:00-04:00,2.8647078231939807,2.892622123587502,2.840282893540827,2.8612184524536133,858500,0.0,0.0
2023-08-10 00:00:00-04:00,2.861218669701492,2.9275153877434437,2.840283109199101,2.9065794944763184,1185400,0.0,0.0
2023-08-11 00:00:00-04:00,2.8821545672756685,2.892622347542507,2.857729302966732,2.8891329765319824,657400,0.0,0.0
2023-08-14 00:00:00-04:00,2.871686258842827,2.8751756296159208,2.8123686195238013,2.822836399078369,485800,0.0,0.0
2023-08-15 00:00:00-04:00,2.7914327426267644,2.8088792638211246,2.784454167425492,2.794922113418579,704600,0.0,0.0
2023-08-16 00:00:00-04:00,2.801900658229152,2.8123687711126717,2.7460720539093018,2.7460720539093018,604900,0.0,0.0
2023-08-17 00:00:00-04:00,2.742582801798583,2.7704971034747237,2.7251362800598145,2.7251362800598145,680800,0.0,0.0
2023-08-18 00:00:00-04:00,2.70071133828275,2.7670078917690217,2.6937327624622145,2.7600293159484863,539800,0.0,0.0
2023-08-21 00:00:00-04:00,2.7635185242322904,2.7635185242322904,2.718157700880139,2.7425827980041504,556000,0.0,0.0
2023-08-22 00:00:00-04:00,2.756539888459259,2.770497038972381,2.714668436919894,2.732114791870117,465300,0.0,0.0
2023-08-23 00:00:00-04:00,2.7530507353719575,2.7879436144143557,2.7356043790419444,2.7774758338928223,434900,0.0,0.0
2023-08-24 00:00:00-04:00,2.763518640248408,2.8053900944625063,2.7356043374390087,2.739093542098999,766100,0.0,0.0
2023-08-25 00:00:00-04:00,2.746072018680221,2.7635185404975373,2.711179141427952,2.7146685123443604,434300,0.0,0.0
2023-08-28 00:00:00-04:00,2.7181576380074484,2.7809648152390993,2.7181576380074484,2.749561309814453,622700,0.0,0.0
2023-08-29 00:00:00-04:00,2.753050581735955,2.753050581735955,2.7181577046407797,2.7251362800598145,966200,0.0,0.0
2023-08-30 00:00:00-04:00,2.7146686229141554,2.7425829258529344,2.7146686229141554,2.728625774383545,502400,0.0,0.0
2023-08-31 00:00:00-04:00,2.7251364434952627,2.732115019332826,2.644882738172098,2.655350685119629,1480500,0.0,0.0
2023-09-01 00:00:00-04:00,2.6693077557129663,2.7042006338408915,2.6623291800873816,2.6902434825897217,773000,0.0,0.0
2023-09-05 00:00:00-04:00,2.6727970415223514,2.6972221401450094,2.644882738172098,2.655350685119629,474100,0.0,0.0
2023-09-06 00:00:00-04:00,2.655350561743739,2.679775492849166,2.6344148352037884,2.6518611907958984,603400,0.0,0.0
2023-09-07 00:00:00-04:00,2.6553505783334157,2.665818358477608,2.6204577005488328,2.6239469051361084,725800,0.0,0.0
2023-09-08 00:00:00-04:00,2.616968169770478,2.620457540527036,2.5890538692474365,2.5890538692474365,497500,0.0,0.0
2023-09-11 00:00:00-04:00,2.5855648650343412,2.6030113885257324,2.5506719844339387,2.57509708404541,777100,0.0,0.0
2023-09-12 00:00:00-04:00,2.571607392648496,2.630925365475731,2.571607392648496,2.6274361610412598,675000,0.0,0.0
2023-09-13 00:00:00-04:00,2.6134789923305797,2.6518612415800393,2.564628962801865,2.5681183338165283,950300,0.0,0.0
2023-09-14 00:00:00-04:00,2.5855647412938767,2.609989839736407,2.5471826576615206,2.5716075897216797,1673100,0.0,0.0
2023-09-15 00:00:00-04:00,2.5541612461853247,2.578586178367292,2.526246776519349,2.5611398220062256,3184000,0.0,0.0
2023-09-18 00:00:00-04:00,2.5785859448061608,2.5785859448061608,2.5192679725101734,2.5262465476989746,584700,0.0,0.0
2023-09-19 00:00:00-04:00,2.51926787458774,2.5471823406402825,2.470417850164904,2.484375,1257100,0.0,0.0
2023-09-20 00:00:00-04:00,2.5088000954025933,2.5332251908051866,2.484375,2.484375,613700,0.0,0.0
2023-09-21 00:00:00-04:00,2.456460905409785,2.4669288518512085,2.418078656967717,2.4355251789093018,783700,0.0,0.0
2023-09-22 00:00:00-04:00,2.43552528458829,2.48786468630172,2.43552528458829,2.4669289588928223,967800,0.0,0.0
2023-09-25 00:00:00-04:00,2.449482563997488,2.4704182924987204,2.439014616555682,2.452971935272217,929200,0.0,0.0
2023-09-26 00:00:00-04:00,2.4390143683018697,2.4494823146782014,2.3482928873639026,2.3587608337402344,994400,0.0,0.0
2023-09-27 00:00:00-04:00,2.3727179242745136,2.4041214298396483,2.3448034567754314,2.348292827606201,1022900,0.0,0.0
2023-09-28 00:00:00-04:00,2.358760758372705,2.4110999894349217,2.358760758372705,2.376207113265991,889800,0.0,0.0
2023-09-29 00:00:00-04:00,2.404121603614463,2.4250573309652825,2.3517822020462282,2.372718095779419,1028100,0.0,0.0
2023-10-02 00:00:00-04:00,2.3517820477207363,2.3796965154057674,2.3133999666207434,2.320378541946411,1085400,0.0,0.0
2023-10-03 00:00:00-04:00,2.3064212972617506,2.323867651673448,2.254081901261951,2.2610604763031006,888300,0.0,0.0
2023-10-04 00:00:00-04:00,2.2610605912871495,2.2819963174752647,2.240124865099034,2.257571220397949,1164100,0.0,0.0
2023-10-05 00:00:00-04:00,2.2505925786056946,2.2959534005329054,2.2505925786056946,2.281996250152588,911800,0.0,0.0
2023-10-06 00:00:00-04:00,2.2785069685681134,2.3448033474377663,2.2540818730387375,2.3168890476226807,1324000,0.0,0.0
2023-10-09 00:00:00-04:00,2.2889748253427467,2.323867701293541,2.278507045748687,2.281996250152588,846000,0.0,0.0
2023-10-10 00:00:00-04:00,2.2680391029994746,2.320378500191319,2.2505925818080743,2.264549732208252,1767200,0.0,0.0
2023-10-11 00:00:00-04:00,2.285485709807065,2.292464285268577,2.1040425814253916,2.107531785964966,5639200,0.0,0.0
2023-10-12 00:00:00-04:00,2.1110213131435454,2.1494033978317,2.0307676062046407,2.1424248218536377,4139000,0.0,0.0
2023-10-13 00:00:00-04:00,2.156382011199851,2.320378799101463,2.128467706803588,2.2924644947052,3540200,0.0,0.0
2023-10-16 00:00:00-04:00,2.3168892387804143,2.344803540898603,2.275017785603131,2.2959535121917725,1164500,0.0,0.0
2023-10-17 00:00:00-04:00,2.2889752968015884,2.3308467565667805,2.285486091679018,2.299443244934082,1395000,0.0,0.0
2023-10-18 00:00:00-04:00,2.2785070489907864,2.2924641993909636,2.2505925818080743,2.264549732208252,994000,0.0,0.0
2023-10-19 00:00:00-04:00,2.2471035336389265,2.2680392606948407,2.2087212841785657,2.2122106552124023,1054300,0.0,0.0
2023-10-20 00:00:00-04:00,2.2191890552494247,2.2750176563130426,2.2017425342258665,2.2052319049835205,1180100,0.0,0.0
2023-10-23 00:00:00-04:00,2.1877856254577637,2.2296570808774403,2.152892745941367,2.1877856254577637,770400,0.0,0.0
2023-10-24 00:00:00-04:00,2.2087209833109074,2.2226781327803016,2.1633601643442044,2.219188928604126,1907500,0.0,0.0
2023-10-25 00:00:00-04:00,2.2087212133480705,2.2087212133480705,2.107531785964966,2.107531785964966,1137000,0.0,0.0
2023-10-26 00:00:00-04:00,2.1214888273299284,2.166849648678411,2.0691494308803215,2.0761280059814453,1158900,0.0,0.0
2023-10-27 00:00:00-04:00,2.072638897135854,2.086596047981292,2.0063423474288435,2.0133209228515625,1280000,0.0,0.0
2023-10-30 00:00:00-04:00,2.0412353594925414,2.055192511260714,1.964471024767592,1.981917381286621,1217000,0.0,0.0
2023-10-31 00:00:00-04:00,1.992385301224615,2.051703278624321,1.9888959301388107,2.044724702835083,1096300,0.0,0.0
2023-11-01 00:00:00-04:00,2.048213925308123,2.0621710770076858,1.9888959473937948,2.016810417175293,1061500,0.0,0.0
2023-11-02 00:00:00-04:00,2.0586817697951525,2.100553222809528,2.0342566723455846,2.0970640182495117,1179800,0.0,0.0
2023-11-03 00:00:00-04:00,2.1459139832267997,2.208721160888672,2.1459139832267997,2.208721160888672,1154300,0.0,0.0
2023-11-06 00:00:00-05:00,2.19476410698108,2.19476410698108,2.1319569265524203,2.145914077758789,1029700,0.0,0.0
2023-11-07 00:00:00-05:00,2.2261679041713927,2.257571412940713,2.180807077037248,2.236635684967041,3363400,0.0,0.0
2023-11-08 00:00:00-05:00,2.240125056153841,2.29246445927921,2.2122107521889443,2.236635684967041,2465400,0.0,0.0
2023-11-09 00:00:00-05:00,2.250592874731228,2.2645500269479815,2.180807113647461,2.180807113647461,1012900,0.0,0.0
2023-11-10 00:00:00-05:00,2.2052319049835205,2.2191890552494247,2.1633602878034517,2.2052319049835205,712000,0.0,0.0
2023-11-13 00:00:00-05:00,2.177317551647739,2.212210595515029,2.1668497715934434,2.201742649078369,1595000,0.0,0.0
2023-11-14 00:00:00-05:00,2.264550010905303,2.355271666053883,2.254082230008084,2.3029322624206543,1079800,0.0,0.0
2023-11-15 00:00:00-05:00,2.3064213465093224,2.337824851673859,2.264549728986012,2.281996250152588,929900,0.0,0.0
2023-11-16 00:00:00-05:00,2.285485624190875,2.306421349791141,2.2436140066079857,2.264549732208252,998800,0.0,0.0
2023-11-17 00:00:00-05:00,2.2854858727739535,2.3064216006513143,2.2645499785142174,2.271528720855713,1076000,0.0,0.0
2023-11-20 00:00:00-05:00,2.278507215485699,2.3099107229896347,2.2645498976832763,2.3064215183258057,843200,0.0,0.0
2023-11-21 00:00:00-05:00,2.302931897715138,2.320378418290742,2.285485543521885,2.3168890476226807,738600,0.0,0.0
2023-11-22 00:00:00-05:00,2.337824818497514,2.3831856397810043,2.337824818497514,2.355271339416504,771300,0.0,0.0
2023-11-24 00:00:00-05:00,2.369228648626549,2.4041215264242606,2.35178212653651,2.390164375305176,750100,0.0,0.0
2023-11-27 00:00:00-05:00,2.376207236600538,2.390164387792541,2.3587608808017166,2.3796966075897217,1149500,0.0,0.0
2023-11-28 00:00:00-05:00,2.372717893764455,2.4076107697116824,2.3517820018137616,2.4041213989257812,572800,0.0,0.0
2023-11-29 00:00:00-05:00,2.435525070469464,2.4599501668237016,2.3866750441433457,2.4041213989257812,597900,0.0,0.0
2023-11-30 00:00:00-05:00,2.411099974115227,2.4250571244941175,2.3831856733574446,2.4041213989257812,1231900,0.0,0.0
2023-12-01 00:00:00-05:00,2.4076107694893567,2.533225289270132,2.3901642483261756,2.5262465476989746,959800,0.0,0.0
2023-12-04 00:00:00-05:00,2.5122895200075335,2.5576503441410874,2.491353793418747,2.529736042022705,1620300,0.0,0.0
2023-12-05 00:00:00-05:00,2.508800208076814,2.529735933769715,2.4739073319219793,2.4983322620391846,722100,0.0,0.0
2023-12-06 00:00:00-05:00,2.5262466397014296,2.5402039569696946,2.4808859825134277,2.4808859825134277,702300,0.0,0.0
2023-12-07 00:00:00-05:00,2.484375123500322,2.529735945910483,2.4704179729714046,2.4878644943237305,816600,0.0,0.0
2023-12-08 00:00:00-05:00,2.4773963623287485,2.505310661291857,2.4599500086679784,2.4913535118103027,672000,0.0,0.0
2023-12-11 00:00:00-05:00,2.4773968947483804,2.508800571022044,2.4773968947483804,2.501821994781494,778400,0.0,0.0
2023-12-12 00:00:00-05:00,2.515778606594196,2.515778606594196,2.470417787587971,2.4913535118103027,568700,0.0,0.0
2023-12-13 00:00:00-05:00,2.4948431900640546,2.637904073085041,2.4773966678692365,2.5960326194763184,1930400,0.0,0.0
2023-12-14 00:00:00-05:00,2.634414898654682,2.67279698171119,2.6169683762600013,2.6448826789855957,2253900,0.0,0.0
2023-12-15 00:00:00-05:00,2.6274363401073515,2.655350643014981,2.5995218708173526,2.6169683933258057,2617700,0.0,0.0
2023-12-18 00:00:00-05:00,2.634415026566297,2.641393602586534,2.5890541992435683,2.6309256553649902,1320400,0.0,0.0
2023-12-19 00:00:00-05:00,2.651861174573186,2.6937326273969395,2.6379040236319344,2.6797754764556885,1501700,0.0,0.0
2023-12-20 00:00:00-05:00,2.6797754764556885,2.763518548485559,2.6588397500438115,2.6797754764556885,1638100,0.0,0.0
2023-12-21 00:00:00-05:00,2.704200506210327,2.7181576568027594,2.679775409482391,2.704200506210327,780300,0.0,0.0
2023-12-22 00:00:00-05:00,2.725136339645231,2.7635185884803377,2.7146685594789806,2.7356042861938477,746600,0.0,0.0
2023-12-26 00:00:00-05:00,2.7600291410980407,2.7739862918549125,2.7251362642058607,2.7530505657196045,614500,0.0,0.0
2023-12-27 00:00:00-05:00,2.7739864627973967,2.794922356605207,2.7600293111804373,2.7774758338928223,892900,0.0,0.0
2023-12-28 00:00:00-05:00,2.7670078233917326,2.805390072647375,2.7670078233917326,2.784454345703125,781200,0.0,0.0
2023-12-29 00:00:00-05:00,2.770497038972381,2.780964818666043,2.732114791870117,2.732114791870117,854300,0.0,0.0
2024-01-02 00:00:00-05:00,2.7007111200244145,2.7530505176397995,2.7007111200244145,2.732114791870117,740000,0.0,0.0
2024-01-03 00:00:00-05:00,2.7146688926324494,2.7146688926324494,2.662329486230827,2.665818691253662,946600,0.0,0.0
2024-01-04 00:00:00-05:00,2.683264894513351,2.711179196886164,2.6658183723391593,2.700711250305176,772600,0.0,0.0
2024-01-05 00:00:00-05:00,2.672797074835485,2.7146686967651155,2.6588399229863993,2.6867542266845703,611000,0.0,0.0
2024-01-08 00:00:00-05:00,2.68326487404947,2.753050629449283,2.6727969275483154,2.7460720539093018,485700,0.0,0.0
2024-01-09 00:00:00-05:00,2.7007111829020105,2.7356042263795484,2.683264827545604,2.7251362800598145,460500,0.0,0.0
2024-01-10 00:00:00-05:00,2.714668436919894,2.7495613132026984,2.7007111200244145,2.732114791870117,571100,0.0,0.0
2024-01-11 00:00:00-05:00,2.7111791885019865,2.739093490788476,2.6937326663817474,2.7356042861938477,820200,0.0,0.0
2024-01-12 00:00:00-05:00,2.7844541894855026,2.8019005444357252,2.732114791870117,2.732114791870117,586800,0.0,0.0
2024-01-16 00:00:00-05:00,2.711178905668664,2.7321146301994923,2.6832646062942263,2.6972217559814453,959200,0.0,0.0
2024-01-17 00:00:00-05:00,2.655350517770944,2.683264819361949,2.5820753929033757,2.613478899002075,1250400,0.0,0.0
2024-01-18 00:00:00-05:00,2.6134790222711675,2.6309255447796205,2.5890540904181765,2.6169683933258057,533000,0.0,0.0
2024-01-19 00:00:00-05:00,2.634414940238538,2.7460721529034084,2.630925569151575,2.683264970779419,2745200,0.0,0.0
2024-01-22 00:00:00-05:00,2.7042003308250546,2.7216468511252523,2.6832646062942263,2.6972217559814453,938400,0.0,0.0
2024-01-23 00:00:00-05:00,2.725136055355883,2.728625425968862,2.662328881763398,2.6972217559814453,781600,0.0,0.0
2024-01-24 00:00:00-05:00,2.7216471604856363,2.7216471604856363,2.6658183890085456,2.6727969646453857,1113900,0.0,0.0
2024-01-25 00:00:00-05:00,2.7216471604856363,2.7216471604856363,2.6658183890085456,2.6727969646453857,772700,0.0,0.0
2024-01-26 00:00:00-05:00,2.697222062565511,2.697222062565511,2.6553506087444685,2.6727969646453857,661100,0.0,0.0
2024-01-29 00:00:00-05:00,2.662329294139858,2.693732802609113,2.662329294139858,2.6867542266845703,661900,0.0,0.0
2024-01-30 00:00:00-05:00,2.662329486230827,2.686754420537834,2.6379043855414332,2.665818691253662,749600,0.0,0.0
2024-01-31 00:00:00-05:00,2.672796578143714,2.6797751527714126,2.592542886734009,2.592542886734009,890600,0.0,0.0
2024-02-01 00:00:00-05:00,2.589054131471591,2.655350685119629,2.543693305336243,2.655350685119629,813100,0.0,0.0
2024-02-02 00:00:00-05:00,2.61347908627322,2.6309256092089246,2.5646290549885693,2.609989881515503,618100,0.0,0.0
2024-02-05 00:00:00-05:00,2.568118385019816,2.59603268816421,2.554161233447619,2.5716075897216797,549800,0.0,0.0
2024-02-06 00:00:00-05:00,2.568118363237454,2.6169683933258057,2.550671840729001,2.6169683933258057,599500,0.0,0.0
2024-02-07 00:00:00-05:00,2.6239467449012386,2.6239467449012386,2.5785859233601185,2.5890538692474365,571600,0.0,0.0
2024-02-08 00:00:00-05:00,2.5890539766486453,2.6344148000714593,2.5890539766486453,2.620457649230957,1011000,0.0,0.0
2024-02-09 00:00:00-05:00,2.6169682783296504,2.644882580010655,2.5890539766486453,2.620457649230957,859000,0.0,0.0
2024-02-12 00:00:00-05:00,2.6344147841346777,2.669307661024851,2.6239468378764452,2.648371934890747,1190600,0.0,0.0
2024-02-13 00:00:00-05:00,2.5681183978271265,2.5750969736480274,2.519268200698448,2.5611398220062256,1095000,0.0,0.0
2024-02-14 00:00:00-05:00,2.582075404995325,2.6239468575779177,2.5716074586584954,2.603011131286621,557400,0.0,0.0
2024-02-15 00:00:00-05:00,2.6239468726906834,2.6797754764556885,2.6239468726906834,2.6797754764556885,1163900,0.0,0.0
2024-02-16 00:00:00-05:00,2.6518612377348645,2.6902434869286704,2.6309255108243437,2.6727969646453857,490200,0.0,0.0
2024-02-20 00:00:00-05:00,2.6483719192037425,2.679775425027706,2.6274361931936463,2.676286220550537,1113100,0.0,0.0
2024-02-21 00:00:00-05:00,2.6797755152385023,2.7600292175033436,2.6762863106438743,2.7356042861938477,1838400,0.0,0.0
2024-02-22 00:00:00-05:00,2.7251363127624795,2.7809649167847246,2.6623291332374537,2.6693077087402344,1652700,0.0,0.0
2024-02-23 00:00:00-05:00,2.620457686101871,2.620457686101871,2.4634394873633645,2.547182559967041,3260500,0.0,0.0
2024-02-26 00:00:00-05:00,2.536714875984241,2.5541613997768056,2.4634397422672816,2.501821994781494,1673100,0.0,0.0
2024-02-27 00:00:00-05:00,2.5192679811201963,2.5471824483531593,2.501821626279746,2.5332252979278564,1182400,0.0,0.0
2024-02-28 00:00:00-05:00,2.501821677061498,2.5820753768271514,2.501821677061498,2.536714553833008,693000,0.0,0.0
2024-02-29 00:00:00-05:00,2.57509708404541,2.5995220172745026,2.540204203445007,2.57509708404541,1276600,0.0,0.0
2024-03-01 00:00:00-05:00,2.5716076581849983,2.665818516996668,2.5436933542974485,2.6588399410247803,916600,0.0,0.0
2024-03-04 00:00:00-05:00,2.655350718215315,2.711179325611657,2.637904195212771,2.6867542266845703,1408700,0.0,0.0
2024-03-05 00:00:00-05:00,2.686754133073987,2.7076900265005515,2.637904103304197,2.6448826789855957,1166700,0.0,0.0
2024-03-06 00:00:00-05:00,2.6727970415223514,2.6797756173599145,2.644882738172098,2.655350685119629,681000,0.0,0.0
2024-03-07 00:00:00-05:00,2.686753810524857,2.7007109602120756,2.6658180859940286,2.6972217559814453,870500,0.0,0.0
2024-03-08 00:00:00-05:00,2.7146685761485325,2.732114931993536,2.686754107308267,2.7076900005340576,653800,0.0,0.0
2024-03-11 00:00:00-04:00,2.7076899922807454,2.7181577724793673,2.683264894513351,2.700711250305176,1061000,0.0,0.0
2024-03-12 00:00:00-04:00,2.686754133073987,2.704200655468668,2.627436322973283,2.6448826789855957,1099800,0.0,0.0
2024-03-13 00:00:00-04:00,2.6344147841346777,2.6727968655226877,2.627436208756643,2.648371934890747,1058200,0.0,0.0
2024-03-14 00:00:00-04:00,2.6379037690942253,2.641393139684022,2.557650075734722,2.585564374923706,665500,0.0,0.0
2024-03-15 00:00:00-04:00,2.550671794875685,2.62045771727259,2.550671794875685,2.5960326194763184,1987000,0.0,0.0
2024-03-18 00:00:00-04:00,2.592543073621639,2.6274361156577966,2.582075294116676,2.5890538692474365,756000,0.0,0.0
2024-03-19 00:00:00-04:00,2.589053913967927,2.630925365475731,2.5855645431510976,2.6274361610412598,713400,0.0,0.0
2024-03-20 00:00:00-04:00,2.6065005203611418,2.707690120840573,2.6065005203611418,2.6867542266845703,867400,0.0,0.0
2024-03-21 00:00:00-04:00,2.690243402964639,2.742582801798583,2.6867540320639405,2.7251362800598145,983300,0.0,0.0
2024-03-22 00:00:00-04:00,2.735604132533632,2.843771964626757,2.7286255573539995,2.7879433631896973,2663400,0.0,0.0
2024-03-25 00:00:00-04:00,2.801900522237495,2.8123686346129393,2.7530504958285866,2.794922113418579,882600,0.0,0.0
2024-03-26 00:00:00-04:00,2.8123688191164735,2.8123688191164735,2.7635186231204245,2.767007827758789,1017800,0.0,0.0
2024-03-27 00:00:00-04:00,2.7774757994371413,2.8367937762645408,2.763518647993326,2.8333044052124023,818800,0.0,0.0
2024-03-28 00:00:00-04:00,2.8333040295329925,2.8647076993088203,2.8158575093503444,2.857728958129883,1373700,0.0,0.0
2024-04-01 00:00:00-04:00,2.871686265345287,2.871686265345287,2.784454158791059,2.7879433631896973,857400,0.0,0.0
2024-04-02 00:00:00-04:00,2.746072117801349,2.7600292692060484,2.71815781499195,2.739093542098999,865400,0.0,0.0
2024-04-03 00:00:00-04:00,2.721647340441864,2.780965154085937,2.721647340441864,2.773986577987671,412900,0.0,0.0
2024-04-04 00:00:00-04:00,2.8088794001514983,2.8333043313502504,2.735604273790512,2.7460720539093018,682100,0.0,0.0
2024-04-05 00:00:00-04:00,2.739093490788476,2.753050641931721,2.718157764073609,2.7356042861938477,553500,0.0,0.0
2024-04-08 00:00:00-04:00,2.7844543419517613,2.9100688698303943,2.7739863953025554,2.8891329765319824,1960000,0.0,0.0
2024-04-09 00:00:00-04:00,2.8891330896552323,2.944961696950638,2.8751759378313806,2.9275155067443848,1881400,0.0,0.0
2024-04-10 00:00:00-04:00,2.85075067299722,2.882154344131109,2.819347001863331,2.8612184524536133,663700,0.0,0.0
2024-04-11 00:00:00-04:00,2.8612186783049753,2.8751758296034486,2.812368815142685,2.8716864585876465,746700,0.0,0.0
2024-04-12 00:00:00-04:00,2.861218824524856,2.8751759765365965,2.805390216477893,2.829815149307251,491000,0.0,0.0
2024-04-15 00:00:00-04:00,2.8263258406541727,2.857729180104566,2.7739862760407425,2.7809648513793945,890800,0.0,0.0
2024-04-16 00:00:00-04:00,2.7600291571549898,2.767007732574025,2.721647075541478,2.7251362800598145,442200,0.0,0.0
2024-04-17 00:00:00-04:00,2.728625727377482,2.7600292344514346,2.700711258537216,2.7076900005340576,631800,0.0,0.0
2024-04-18 00:00:00-04:00,2.7146685761485325,2.732114931993536,2.6937326829227413,2.7076900005340576,769200,0.0,0.0
2024-04-19 00:00:00-04:00,2.711179066100435,2.756539888459259,2.6937325447678533,2.732114791870117,868000,0.0,0.0
2024-04-22 00:00:00-04:00,2.7425827015031388,2.8298148078598437,2.7321147555662146,2.822836399078369,637700,0.0,0.0
2024-04-23 00:00:00-04:00,2.8298150596699796,2.854240324490395,2.8053901276143063,2.812368869781494,799200,0.0,0.0
2024-04-24 00:00:00-04:00,2.787943360013649,2.826325773031437,2.753050484155237,2.805389881134033,666900,0.0,0.0
2024-04-25 00:00:00-04:00,2.787943550335983,2.801900701632149,2.7670078233917326,2.784454345703125,926400,0.0,0.0
2024-04-26 00:00:00-04:00,2.7809646711116884,2.843771845088269,2.7809646711116884,2.8088791370391846,750300,0.0,0.0
2024-04-29 00:00:00-04:00,2.8298150596699796,2.850750953406801,2.7949223471282663,2.812368869781494,794800,0.0,0.0
2024-04-30 00:00:00-04:00,2.794922228448854,2.8123687503612587,2.739093458158578,2.7914328575134277,5302100,0.0,0.0
2024-05-01 00:00:00-04:00,2.7984117325349884,2.812368884176059,2.7460721643074155,2.7600293159484863,877200,0.0,0.0
2024-05-02 00:00:00-04:00,2.7809651172661587,2.843772301318992,2.7565401844368007,2.829815149307251,1268000,0.0,0.0
2024-05-03 00:00:00-04:00,2.8891327528471344,2.91006864452463,2.8333041520600917,2.8612184524536133,756800,0.0,0.0
2024-05-06 00:00:00-04:00,2.8681974159983055,2.892622347542507,2.8612186739772567,2.8891329765319824,746300,0.0,0.0
2024-05-07 00:00:00-04:00,2.9135582408409184,2.9205366500972323,2.871686454244095,2.8891329765319824,976000,0.0,0.0
2024-05-08 00:00:00-04:00,2.8786653240768283,2.8821546952422796,2.8577294298488707,2.875175952911377,458400,0.0,0.0
2024-05-09 00:00:00-04:00,2.8996010025431715,2.903090040684251,2.8158577646274914,2.8542401790618896,978100,0.0,0.0
2024-05-10 00:00:00-04:00,2.847261215722587,2.864707736129479,2.8053897664048666,2.8088791370391846,1048900,0.0,0.0
2024-05-13 00:00:00-04:00,2.8367937762645408,2.850750927708356,2.826325995872864,2.8333044052124023,1212100,0.0,0.0
2024-05-14 00:00:00-04:00,2.8681972057471414,2.882154356001385,2.833304163729177,2.850750684738159,721600,0.0,0.0
2024-05-15 00:00:00-04:00,2.868197301864867,2.9030900122874304,2.868197301864867,2.892622232437134,559000,0.0,0.0
2024-05-16 00:00:00-04:00,2.899601072769665,2.9170472621917725,2.8821545505828245,2.9170472621917725,683000,0.0,0.0
2024-05-17 00:00:00-04:00,2.9205366711074667,2.9240260421430935,2.8786652169741567,2.88564395904541,546800,0.0,0.0
2024-05-20 00:00:00-04:00,2.8821544405395048,2.9240258925303917,2.8821544405395048,2.903090000152588,1011300,0.0,0.0
2024-05-21 00:00:00-04:00,2.9065795919045354,2.9344938953532305,2.899601182424734,2.931004524230957,770100,0.0,0.0
2024-05-22 00:00:00-04:00,2.9275155220988966,2.9589188642937083,2.8716865817459256,2.875175952911377,634400,0.0,0.0
2024-05-23 00:00:00-04:00,2.8681974548405305,2.8681974548405305,2.7914329553930934,2.8158578872680664,902300,0.0,0.0
2024-05-24 00:00:00-04:00,2.840282905238654,2.8681972057471414,2.8263257549844103,2.850750684738159,578800,0.0,0.0
2024-05-28 00:00:00-04:00,2.871686524116111,2.885644008497813,2.7774758338928223,2.7774758338928223,700100,0.0,0.0
2024-05-29 00:00:00-04:00,2.721647203250133,2.753050710918166,2.679775582388806,2.711179256439209,1474900,0.0,0.0
2024-05-30 00:00:00-04:00,2.7390935076080103,2.7530506588369597,2.704200629535637,2.7076900005340576,742000,0.0,0.0
2024-05-31 00:00:00-04:00,2.7146684843293873,2.763518511978439,2.7146684843293873,2.7530505657196045,824800,0.0,0.0
2024-06-03 00:00:00-04:00,2.7844545253262596,2.8123689961017027,2.7530508496928725,2.773986577987671,994800,0.0,0.0
2024-06-04 00:00:00-04:00,2.7704970715625965,2.8053899482558564,2.7670077007020906,2.7809648513793945,727200,0.0,0.0
2024-06-05 00:00:00-04:00,2.784454155618986,2.812368622688072,2.7670076344986017,2.805389881134033,943500,0.0,0.0
2024-06-06 00:00:00-04:00,2.7984117182118604,2.8228366502675337,2.7914329760446726,2.812368869781494,354600,0.0,0.0
2024-06-07 00:00:00-04:00,2.7739862128304322,2.7984114755326805,2.7565398580725295,2.7879433631896973,678100,0.0,0.0
2024-06-10 00:00:00-04:00,2.833304163729177,2.8716862437371695,2.787943342211707,2.850750684738159,766900,0.0,0.0
2024-06-11 00:00:00-04:00,2.8472613354077514,2.8472613354077514,2.7879433631896973,2.7879433631896973,539700,0.0,0.0
2024-06-12 00:00:00-04:00,2.8751758854624745,2.8926224081157024,2.8088794986979,2.812368869781494,766700,0.0,0.0
2024-06-13 00:00:00-04:00,2.8193471470645357,2.8298149270600375,2.787943474313304,2.801900625228882,706300,0.0,0.0
2024-06-14 00:00:00-04:00,2.7879435843353146,2.826326000441403,2.7879435843353146,2.8158578872680664,734600,0.0,0.0
2024-06-17 00:00:00-04:00,2.7949222367964617,2.812368758760974,2.780964919395433,2.7984116077423096,843800,0.0,0.0
2024-06-18 00:00:00-04:00,2.8019006459234292,2.812368758760974,2.787943494904765,2.7984116077423096,588100,0.0,0.0
2024-06-20 00:00:00-04:00,2.7774756469012485,2.7984115392995648,2.7704970715625965,2.7809648513793945,749000,0.0,0.0
2024-06-21 00:00:00-04:00,2.7809648513793945,2.8053899482558564,2.7774756469012485,2.7809648513793945,2882800,0.0,0.0
2024-06-24 00:00:00-04:00,2.7774757065364497,2.808879379425832,2.7774757065364497,2.7914328575134277,1381700,0.0,0.0
2024-06-25 00:00:00-04:00,2.794922228448854,2.8019006375549793,2.7635185555594717,2.7914328575134277,1222000,0.0,0.0
2024-06-26 00:00:00-04:00,2.7600291253634386,2.8367936204709703,2.7600291253634386,2.7809648513793945,3881800,0.0,0.0
2024-06-27 00:00:00-04:00,2.7984118198592696,2.819347381591797,2.78445450140029,2.819347381591797,908600,0.0,0.0
2024-06-28 00:00:00-04:00,2.8437720385278795,2.9310043137313695,2.822836478827286,2.892622232437134,3876700,0.0,0.0
2024-07-01 00:00:00-04:00,2.9135580092433555,2.9205364179449584,2.8437719256390745,2.896111488342285,688300,0.0,0.0
2024-07-02 00:00:00-04:00,2.913558093707738,2.951940174591027,2.910068722873425,2.948450803756714,548100,0.0,0.0
2024-07-03 00:00:00-04:00,2.9519403236624826,2.9763652552066837,2.8821545672756685,2.8891329765319824,391200,0.0,0.0
2024-07-05 00:00:00-04:00,2.8891330018179815,2.917047304617016,2.868197441101074,2.868197441101074,601500,0.0,0.0
2024-07-08 00:00:00-04:00,2.8751756026503736,2.9030899030438952,2.8472613022568525,2.8612184524536133,839000,0.0,0.0
2024-07-09 00:00:00-04:00,2.8647079190187883,2.9065793710096752,2.8228364670279014,2.903090000152588,1028900,0.0,0.0
2024-07-10 00:00:00-04:00,2.9275152841916445,2.9344936931906904,2.8751757192575482,2.8996009826660156,671800,0.0,0.0
2024-07-11 00:00:00-04:00,2.9624080494146456,3.0042795024762095,2.9484508983941247,2.9903223514556885,882400,0.0,0.0
2024-07-12 00:00:00-04:00,3.018236670186699,3.035683192250007,2.9589186948302904,2.9624080657958984,1021700,0.0,0.0
2024-07-15 00:00:00-04:00,2.986833173855988,3.0775544848723615,2.9833438030725508,3.0740654468536377,1138100,0.0,0.0
2024-07-16 00:00:00-04:00,3.1019801456041898,3.18223368733223,3.095001403141879,3.178744316101074,1030100,0.0,0.0
2024-07-17 00:00:00-04:00,3.1612975507027468,3.1892118499472337,3.1264045102647904,3.1543188095092773,1090100,0.0,0.0
2024-07-18 00:00:00-04:00,3.1298940064431617,3.1857226071721625,3.1264046357064217,3.140361785888672,714900,0.0,0.0
2024-07-19 00:00:00-04:00,3.150829928143296,3.157808670420358,3.115937215052228,3.1438515186309814,651100,0.0,0.0
2024-07-22 00:00:00-04:00,3.1647865862651487,3.178743735877383,3.126404508022679,3.1717653274536133,872000,0.0,0.0
2024-07-23 00:00:00-04:00,3.1717655780016236,3.210147659276018,3.150829685547131,3.1612977981567383,853000,0.0,0.0
2024-07-24 00:00:00-04:00,3.1508298171560374,3.192701271049255,3.126404885576178,3.129894256591797,883500,0.0,0.0
2024-07-25 00:00:00-04:00,3.143851387055855,3.1892122116640937,3.1019799334401115,3.133383274078369,1354700,0.0,0.0
2024-07-26 00:00:00-04:00,3.1612981519305228,3.1857230852235023,3.150830038149453,3.157808780670166,597900,0.0,0.0
2024-07-29 00:00:00-04:00,3.18223360286058,3.18223360286058,3.1264049957030737,3.1438515186309814,752100,0.0,0.0
2024-07-30 00:00:00-04:00,3.1682763394693954,3.1822334907671346,3.105468992247202,3.129894256591797,582900,0.0,0.0
2024-07-31 00:00:00-04:00,3.122915639667127,3.154319314536281,3.0915119647979736,3.0915119647979736,1022500,0.0,0.0
2024-08-01 00:00:00-04:00,3.0915119498472587,3.147340889769512,3.0775547980578826,3.1438515186309814,959900,0.0,0.0
2024-08-02 00:00:00-04:00,3.0810439427961667,3.17176558914311,3.0705761629145107,3.1089582443237305,860200,0.0,0.0
2024-08-05 00:00:00-04:00,3.0112581101679625,3.133383092963673,2.9903222181878535,3.039172410964966,1206100,0.0,0.0
2024-08-06 00:00:00-04:00,3.0426621202783077,3.1229156608074153,3.0356833779202543,3.0880229473114014,739000,0.0,0.0
2024-08-07 00:00:00-04:00,3.0950011257307257,3.129894169385235,3.0496403020857543,3.0531296730041504,758000,0.0,0.0
2024-08-08 00:00:00-04:00,2.9868330725205374,3.0810437511240254,2.965897181294928,3.0077686309814453,1367300,0.0,0.0
2024-08-09 00:00:00-04:00,3.0042798324660946,3.032194137573242,3.0007907939012752,3.032194137573242,870400,0.0,0.0
2024-08-12 00:00:00-04:00,3.0287046465821827,3.0496402059028185,3.000790345644858,3.011258125305176,838300,0.0,0.0
2024-08-13 00:00:00-04:00,3.0112582202775746,3.0601084148409425,3.0112582202775746,3.0531296730041504,650000,0.0,0.0
2024-08-14 00:00:00-04:00,3.0705764478249313,3.0705764478249313,3.0287049916484476,3.0426621437072754,606300,0.0,0.0
2024-08-15 00:00:00-04:00,3.067086827836096,3.0740655696818147,3.035683155059815,3.0356831550598145,803100,0.0,0.0
2024-08-16 00:00:00-04:00,3.0321937841369553,3.0705761987589555,3.0321937841369553,3.0356831550598145,734600,0.0,0.0
2024-08-19 00:00:00-04:00,3.0461511821484173,3.0740658190308268,3.0287049916484476,3.0426621437072754,808700,0.0,0.0
2024-08-20 00:00:00-04:00,3.0461513113264798,3.056619425388087,3.0077692247282233,3.02870512008667,586100,0.0,0.0
2024-08-21 00:00:00-04:00,3.042661893013688,3.0566190439225465,3.0077688493591785,3.0531296730041504,833000,0.0,0.0
2024-08-22 00:00:00-04:00,3.0566190400572775,3.07406556186247,3.0287047382748593,3.0705761909484863,714100,0.0,0.0
2024-08-23 00:00:00-04:00,3.0950010935599486,3.1647868473788576,3.0880226845604186,3.1089582443237305,1206900,0.0,0.0
2024-08-26 00:00:00-04:00,3.1368726792179946,3.140362050248474,3.067086922432087,3.077554702758789,822500,0.0,0.0
2024-08-27 00:00:00-04:00,3.1438514960541943,3.210147883386455,3.101980040986754,3.1892123222351074,1732400,0.0,0.0
2024-08-28 00:00:00-04:00,3.1892122749214233,3.279933593172605,3.1752551234393382,3.2555086612701416,1120300,0.0,0.0
2024-08-29 00:00:00-04:00,3.2589975641014877,3.311336791448381,3.2415510440642925,3.2624869346618652,957800,0.0,0.0
2024-08-30 00:00:00-04:00,3.279933606014141,3.3078479090876,3.2206156287918546,3.2450408935546875,871800,0.0,0.0
2024-09-03 00:00:00-04:00,3.213637030145887,3.234572922600379,3.161297798156738,3.1612977981567383,1271700,0.0,0.0
2024-09-04 00:00:00-04:00,3.150829553604126,3.1892119660359537,3.115936844660755,3.150829553604126,870600,0.0,0.0
2024-09-05 00:00:00-04:00,3.164786593150224,3.1961902630372436,3.115936735783478,3.1194257736206055,655000,0.0,0.0
2024-09-06 00:00:00-04:00,3.1054687768400266,3.1089581476136092,3.049640175521555,3.067086696624756,837000,0.0,0.0
2024-09-09 00:00:00-04:00,3.0740655657498013,3.0880227166586596,3.0496403020857543,3.0531296730041504,684800,0.0,0.0
2024-09-10 00:00:00-04:00,3.060108630513555,3.0984907150268555,3.0426621074566915,3.0984907150268555,734400,0.0,0.0
2024-09-11 00:00:00-04:00,3.0601083830328553,3.119426024205386,3.035683119622695,3.1089582443237305,712300,0.0,0.0
2024-09-12 00:00:00-04:00,3.129894358907475,3.1647870719100917,3.0810441613861164,3.1368727684020996,761700,0.0,0.0
2024-09-13 00:00:00-04:00,3.1647868052355648,3.227594149218582,3.154319025493301,3.2171263694763184,963500,0.0,0.0
2024-09-16 00:00:00-04:00,3.241551192856366,3.2450405635769104,3.1612976628720797,3.168276071548462,1153100,0.0,0.0
2024-09-17 00:00:00-04:00,3.1892119485636923,3.1996797279128844,3.1578082777514096,3.196190357208252,817600,0.0,0.0
2024-09-18 00:00:00-04:00,3.1822332016112767,3.25899769315595,3.1822332016112767,3.231083393096924,1171000,0.0,0.0
2024-09-19 00:00:00-04:00,3.2764444431284687,3.2764444431284687,3.210147726276142,3.241551399230957,982200,0.0,0.0
2024-09-20 00:00:00-04:00,3.231083384246034,3.2764442049088705,3.2136368635657577,3.224104642868042,2362000,0.0,0.0
2024-09-23 00:00:00-04:00,3.2345731130933255,3.2729551966281467,3.2345731130933255,3.2450408935546875,833600,0.0,0.0
2024-09-24 00:00:00-04:00,3.234572986135883,3.2834228482147023,3.224104873320655,3.258997917175293,715700,0.0,0.0
2024-09-25 00:00:00-04:00,3.2555086566952043,3.2834229596201463,3.2450408762895355,3.2729551792144775,1237600,0.0,0.0
2024-09-26 00:00:00-04:00,3.283422622516421,3.283422622516421,3.213636872368857,3.231083393096924,991900,0.0,0.0
2024-09-27 00:00:00-04:00,3.2380620615302314,3.265976363828918,3.185722827911377,3.185722827911377,707300,0.0,0.0
2024-09-30 00:00:00-04:00,3.168275959131521,3.2066580374015166,3.136872289290299,3.1543188095092773,921500,0.0,0.0
2024-10-01 00:00:00-04:00,3.1438515186309814,3.157808670420358,3.1124478439136976,3.1438515186309814,889300,0.0,0.0
2024-10-02 00:00:00-04:00,3.1194261228731217,3.161297909253598,3.1194261228731217,3.133383274078369,596800,0.0,0.0
2024-10-03 00:00:00-04:00,3.1159368891607744,3.1159368891607744,3.049640175521555,3.067086696624756,638600,0.0,0.0
2024-10-04 00:00:00-04:00,3.0670865933619567,3.0775543725655625,3.0217257731267306,3.060108184814453,573900,0.0,0.0
2024-10-07 00:00:00-04:00,3.0391723014375085,3.049640080667962,3.0042792603163933,3.0077686309814453,871700,0.0,0.0
2024-10-08 00:00:00-04:00,3.0252150515692957,3.0252150515692957,2.9275150055293984,2.9658970832824707,1491600,0.0,0.0
2024-10-09 00:00:00-04:00,2.9693864538322114,2.979854232716742,2.9519399338482,2.9658970832824707,652700,0.0,0.0
2024-10-10 00:00:00-04:00,2.9449615356384995,3.032193812950555,2.941472497447212,2.9973011016845703,1469600,0.0,0.0
2024-10-11 00:00:00-04:00,3.011258350994347,3.028704873578944,3.00776897992448,3.021726131439209,654500,0.0,0.0
2024-10-14 00:00:00-04:00,3.0217260080428527,3.046150939005018,3.014747598952831,3.0182366371154785,474500,0.0,0.0
2024-10-15 00:00:00-04:00,3.014747946454849,3.0740659279987295,3.014747946454849,3.032194137573242,1031800,0.0,0.0
2024-10-16 00:00:00-04:00,3.0566190439225465,3.0740655657498013,3.0356831511768956,3.0531296730041504,830400,0.0,0.0
2024-10-17 00:00:00-04:00,3.056618793800001,3.067086572933887,3.0356829027675305,3.0635972023010254,571700,0.0,0.0
2024-10-18 00:00:00-04:00,3.067086570489736,3.091511499370905,3.056618791364192,3.0810437202453613,780900,0.0,0.0
2024-10-21 00:00:00-04:00,3.063597498731498,3.0775546498487247,2.979854592028137,2.986833333969116,1342600,0.0,0.0
2024-10-22 00:00:00-04:00,2.9798547069588928,2.9973012297195085,2.9554297747528775,2.983344078063965,621700,0.0,0.0
2024-10-23 00:00:00-04:00,2.9763649605253817,3.0217257808769507,2.9763649605253817,3.0077686309814453,727300,0.0,0.0
2024-10-24 00:00:00-04:00,3.004279375076294,3.018236525504946,2.9903222246476413,3.004279375076294,564600,0.0,0.0
2024-10-25 00:00:00-04:00,3.018236633210244,3.0426618969055337,3.0147475950521114,3.0356831550598145,1434400,0.0,0.0
2024-10-28 00:00:00-04:00,3.0601083029450753,3.077554491369667,3.025215260566464,3.039172410964966,537600,0.0,0.0
2024-10-29 00:00:00-04:00,3.021726045379818,3.032193825526555,2.9763652210576477,2.986833333969116,866200,0.0,0.0
2024-10-30 00:00:00-04:00,2.9728761622535833,3.014747615315147,2.9728761622535833,2.9903223514556885,598100,0.0,0.0
2024-10-31 00:00:00-04:00,2.9938117431442026,2.9938117431442026,2.9449615478515625,2.9449615478515625,1044500,0.0,0.0
2024-11-01 00:00:00-04:00,2.944961577240525,2.9693868415129603,2.9065794944763184,2.9065794944763184,619900,0.0,0.0
2024-11-04 00:00:00-05:00,2.9065793639333695,2.962407966451966,2.903089993084777,2.9379830360412598,1125200,0.0,0.0
2024-11-05 00:00:00-05:00,2.9240259672993947,2.993811722402001,2.9240259672993947,2.9903223514556885,658300,0.0,0.0
2024-11-06 00:00:00-05:00,3.098490883340213,3.098490883340213,2.9519406141253888,3.02870512008667,1295300,0.0,0.0
2024-11-07 00:00:00-05:00,3.035683508902827,3.063597814009975,3.0042798324660946,3.032194137573242,893500,0.0,0.0
2024-11-08 00:00:00-05:00,2.941472501465796,3.0147476278186187,2.8193471799561816,2.9798545837402344,2042600,0.0,0.0
2024-11-11 00:00:00-05:00,2.9903224573398828,3.042662025093674,2.9833440479648887,3.021726131439209,770300,0.0,0.0
2024-11-12 00:00:00-05:00,3.014747487471319,3.0566189387572757,2.979854445017331,3.004279375076294,901800,0.0,0.0
2024-11-13 00:00:00-05:00,3.0321936759335983,3.07406545998427,2.9903222246476413,3.004279375076294,1169600,0.0,0.0
2024-11-14 00:00:00-05:00,2.9973008804477272,3.0112580304768617,2.9310041682358112,2.9519400596618652,1204400,0.0,0.0
2024-11-15 00:00:00-05:00,2.983343824367851,3.0461508350944744,2.9693866738991885,3.011258125305176,1071800,0.0,0.0
2024-11-18 00:00:00-05:00,3.000790536676659,3.105469005473152,3.000790536676659,3.077554702758789,1112600,0.0,0.0
2024-11-19 00:00:00-05:00,3.0810440737892684,3.09500122514645,3.0356832486872443,3.077554702758789,428900,0.0,0.0
2024-11-20 00:00:00-05:00,3.063597329024495,3.07755447936857,3.028704619546664,3.04964017868042,540900,0.0,0.0
2024-11-21 00:00:00-05:00,3.067086572933887,3.098490243100244,3.060108164432863,3.0635972023010254,425200,0.0,0.0
2024-11-22 00:00:00-05:00,3.08453369140625,3.0984908438792065,3.0705765389332935,3.08453369140625,474100,0.0,0.0
2024-11-25 00:00:00-05:00,3.098490707108785,3.157808685691687,3.0880229264073167,3.0915119647979736,886600,0.0,0.0
2024-11-26 00:00:00-05:00,3.1019799583506464,3.122915518944275,3.0845334360127983,3.112447738647461,386300,0.0,0.0
2024-11-27 00:00:00-05:00,3.136872441884051,3.1508295921852425,3.098490361746952,3.1019797325134277,385900,0.0,0.0
2024-11-29 00:00:00-05:00,3.119426406206259,3.1368729299886455,3.08104432009682,3.08453369140625,380100,0.0,0.0
2024-12-02 00:00:00-05:00,3.0845335631343147,3.1019800861911784,3.0461511458562645,3.0984907150268555,514600,0.0,0.0
2024-12-03 00:00:00-05:00,3.0950013594460803,3.105469140227005,3.0356833804129235,3.0461511611938477,555900,0.0,0.0
2024-12-04 00:00:00-05:00,3.0635974529946126,3.0705761948314048,3.0287047421048294,3.0531296730041504,388700,0.0,0.0
2024-12-05 00:00:00-05:00,3.0391725507585856,3.0566190727503835,2.969386795556124,3.0147476196289062,833100,0.0,0.0
2024-12-06 00:00:00-05:00,3.021726377378932,3.0321941586757712,2.997301443431384,3.02870512008667,450000,0.0,0.0
2024-12-09 00:00:00-05:00,3.0321941586757712,3.060108796741956,3.0147479674359614,3.02870512008667,545200,0.0,0.0
2024-12-10 00:00:00-05:00,3.0321940092310316,3.0635976843385557,3.0182368572682154,3.0461511611938477,677600,0.0,0.0
2024-12-11 00:00:00-05:00,3.067087076619036,3.0705764478249313,3.035683401295485,3.0426621437072754,513500,0.0,0.0
2024-12-12 00:00:00-05:00,3.0496401841342906,3.091511635241397,3.0426617753321294,3.0740654468536377,560900,0.0,0.0
2024-12-13 00:00:00-05:00,3.0531294513330143,3.0670866012285196,2.965897181294928,3.0077686309814453,957300,0.0,0.0
2024-12-16 00:00:00-05:00,3.014747598952831,3.0984905046214504,2.990322335225939,3.0182366371154785,838100,0.0,0.0
2024-12-17 00:00:00-05:00,3.0217260328472326,3.032193812950555,2.983343950625231,2.9973011016845703,630900,0.0,0.0
2024-12-18 00:00:00-05:00,2.9798547720609987,3.063597683823826,2.861218814014617,2.864708185195923,983800,0.0,0.0
2024-12-19 00:00:00-05:00,2.889132901642425,2.910068794398155,2.798411587073532,2.801900625228882,864900,0.0,0.0
2024-12-20 00:00:00-05:00,2.784454361983024,2.93100445144961,2.784454361983024,2.88564395904541,2355800,0.0,0.0
2024-12-23 00:00:00-05:00,2.8716862319100063,2.8786649733907415,2.843771931516485,2.8612184524536133,981000,0.0,0.0
2024-12-24 00:00:00-05:00,2.8612186945607596,2.88564395904541,2.857729323525133,2.88564395904541,708300,0.0,0.0
2024-12-26 00:00:00-05:00,2.87168643761188,2.9275153751627165,2.87168643761188,2.9170472621917725,593500,0.0,0.0
2024-12-27 00:00:00-05:00,2.892622220346046,2.927515263387479,2.8681972898758756,2.903090000152588,994200,0.0,0.0
2024-12-30 00:00:00-05:00,2.899601203096682,2.937983287421086,2.843772263036528,2.9275155067443848,842000,0.0,0.0
2024-12-31 00:00:00-05:00,3.070575909573743,3.196190256083849,3.0321934985665777,3.1717653274536133,2565700,0.0,0.0
2025-01-02 00:00:00-05:00,3.171765932946834,3.171765932946834,3.112447952579805,3.157808780670166,1211400,0.0,0.0
2025-01-03 00:00:00-05:00,3.168276443039777,3.189212337053144,3.122915616648104,3.1368727684020996,983100,0.0,0.0
2025-01-06 00:00:00-05:00,3.1438512053360848,3.1543189849437825,3.039172410964966,3.039172410964966,792500,0.0,0.0
2025-01-07 00:00:00-05:00,3.0356831589876228,3.0635974608771623,2.990322335225939,3.0182366371154785,936600,0.0,0.0
2025-01-08 00:00:00-05:00,2.993811595445983,3.018236525504946,2.965897294588679,3.004279375076294,682200,0.0,0.0
2025-01-10 00:00:00-05:00,3.1578081847112727,3.1961902630372436,3.0601081372130854,3.1194257736206055,3103200,0.0,0.0
2025-01-13 00:00:00-05:00,3.1019797060786614,3.1473405273621515,3.0566188847951707,3.140361785888672,1868400,0.0,0.0
2025-01-14 00:00:00-05:00,3.211393895987709,3.360934793604403,3.200178417799863,3.323549747467041,2732000,0.6,0.0
2025-01-15 00:00:00-05:00,3.3908431823682053,3.42822858734615,3.345980910314858,3.4095358848571777,1799400,0.0,0.0
2025-01-16 00:00:00-05:00,3.4095354049423254,3.4132740162206145,3.3534576619023695,3.379627227783203,1449700,0.0,0.0
2025-01-17 00:00:00-05:00,3.402058808930118,3.431966988462959,3.3534579280558448,3.3684120178222656,970200,0.0,0.0
2025-01-21 00:00:00-05:00,3.3945815260905707,3.4394437946009853,3.3796274365870995,3.390842914581299,1279300,0.0,0.0
2025-01-22 00:00:00-05:00,3.3758891533188655,3.387104988937209,3.3347654923192294,3.3721508979797363,1129400,0.0,0.0
2025-01-23 00:00:00-05:00,3.3684122576664497,3.3833663484976606,3.323549985172818,3.3385040760040283,1222900,0.0,0.0
2025-01-24 00:00:00-05:00,3.323549985172818,3.3684122576664497,3.3048572825003926,3.3385040760040283,558700,0.0,0.0
2025-01-27 00:00:00-05:00,3.3571961827448527,3.4057970636140245,3.3235497481741554,3.3534579277038574,1189600,0.0,0.0
2025-01-28 00:00:00-05:00,3.3385036333698674,3.402058600109515,3.3385036333698674,3.3871045112609863,2356900,0.0,0.0
2025-01-29 00:00:00-05:00,3.3833663770644278,3.4132745589793725,3.3347654923192294,3.3721508979797363,1591000,0.0,0.0
2025-01-30 00:00:00-05:00,3.405797004699707,3.4730905857442873,3.3908429151935353,3.405797004699707,2670600,0.0,0.0
2025-01-31 00:00:00-05:00,3.4170126274989037,3.435704970823159,3.3497190506240804,3.379627227783203,1091700,0.0,0.0
2025-02-03 00:00:00-05:00,3.338503985699313,3.3758890334992704,3.293641714419181,3.3422422409057617,1207100,0.0,0.0
2025-02-04 00:00:00-05:00,3.323549688250043,3.3609347337213005,3.2973797642331837,3.345980644226074,870000,0.0,0.0
2025-02-05 00:00:00-05:00,3.3459806448464833,3.387104658366194,3.338503778364292,3.3609347343444824,976000,0.0,0.0
2025-02-06 00:00:00-05:00,3.3571963618776812,3.383366287762759,3.3048572231748095,3.331026792526245,1179500,0.0,0.0
2025-02-07 00:00:00-05:00,3.316072463989258,3.3422420314626637,3.297379762993846,3.316072463989258,544700,0.0,0.0
2025-02-10 00:00:00-05:00,3.3198113441467285,3.3272882112297792,3.2674718484307896,3.3198113441467285,660600,0.0,0.0
2025-02-11 00:00:00-05:00,3.297379969931161,3.3422422412154495,3.293641714724366,3.3272881507873535,740400,0.0,0.0
2025-02-12 00:00:00-05:00,3.263733237196547,3.323549956539704,3.263733237196547,3.3048572540283203,912500,0.0,0.0
2025-02-13 00:00:00-05:00,3.3085958349489126,3.3459808830890148,3.3048572231748095,3.331026792526245,775800,0.0,0.0
2025-02-14 00:00:00-05:00,3.3497192544742753,3.368411955469687,3.312333852483452,3.316072463989258,618900,0.0,0.0
2025-02-18 00:00:00-05:00,3.3048571934120283,3.331026762527787,3.293641714724366,3.3272881507873535,1221900,0.0,0.0
2025-02-19 00:00:00-05:00,3.2973797642331837,3.353457867240496,3.2973797642331837,3.345980644226074,1207400,0.0,0.0
2025-02-20 00:00:00-05:00,3.3347653736529836,3.3721507779831463,3.331026761913239,3.35719633102417,733000,0.0,0.0
2025-02-21 00:00:00-05:00,3.375889093965608,3.38710492938676,3.319811342994431,3.349719524383545,932200,0.0,0.0
2025-02-24 00:00:00-05:00,3.3310268523215987,3.3908432156464414,3.2599950100067603,3.3385040760040283,943000,0.0,0.0
2025-02-25 00:00:00-05:00,3.357196331332472,3.402058959146243,3.3048571931058044,3.3422422409057617,807600,0.0,0.0
2025-02-26 00:00:00-05:00,3.331026854484278,3.3684122598534016,3.2936418056488037,3.2936418056488037,583500,0.0,0.0
2025-02-27 00:00:00-05:00,3.289902956369879,3.3459807038427334,3.289902956369879,3.323549747467041,641700,0.0,0.0
2025-02-28 00:00:00-05:00,3.3385040738939757,3.3945818253421605,3.331026850216272,3.383366346359253,1770100,0.0,0.0
2025-03-03 00:00:00-05:00,3.3758888551409836,3.4057970344142663,3.3534578989528314,3.3945815563201904,1122800,0.0,0.0
2025-03-04 00:00:00-05:00,3.390843124240172,3.4132744381491364,3.3235498955805585,3.3272881507873535,1093600,0.0,0.0
2025-03-05 00:00:00-05:00,3.297379998324522,3.38710489819935,3.297379998324522,3.3758890628814697,858200,0.0,0.0
2025-03-06 00:00:00-05:00,3.3422420314626637,3.364673343963881,3.2899028965158514,3.316072463989258,793400,0.0,0.0
2025-03-07 00:00:00-05:00,3.323549926859931,3.342242272670744,3.245040862240133,3.2861645221710205,1135500,0.0,0.0
2025-03-10 00:00:00-04:00,3.2749490144354207,3.28616449312952,3.1366235887627316,3.2375636100769043,2472000,0.0,0.0
2025-03-11 00:00:00-04:00,3.241302249149629,3.338504016074451,3.22634815858686,3.331026792526245,1424300,0.0,0.0
2025-03-12 00:00:00-04:00,3.3347654043003483,3.360934973651784,3.2899031326120403,3.331026792526245,1072600,0.0,0.0
2025-03-13 00:00:00-04:00,3.338504048432687,3.3459809155197195,3.2450408923760823,3.274949073791504,936500,0.0,0.0
2025-03-14 00:00:00-04:00,3.2824258807474864,3.29364171597304,3.2413022211880405,3.2674717903137207,484700,0.0,0.0
2025-03-17 00:00:00-04:00,3.2487791476527756,3.286164552688876,3.2487791476527756,3.274949073791504,484500,0.0,0.0
2025-03-18 00:00:00-04:00,3.271210193634033,3.2786874166413327,3.230086536694736,3.271210193634033,627400,0.0,0.0
2025-03-19 00:00:00-04:00,3.256256103515625,3.286164282471735,3.2300865360624327,3.256256103515625,880000,0.0,0.0
2025-03-20 00:00:00-04:00,3.237563402534652,3.274948804496598,3.233824791031734,3.256256103515625,451300,0.0,0.0
2025-03-21 00:00:00-04:00,3.2338247289921926,3.24877881818336,3.1927010728498852,3.2188706398010254,1622200,0.0,0.0
2025-03-24 00:00:00-04:00,3.226348338049963,3.2674720002516393,3.226348338049963,3.248779296875,667000,0.0,0.0
2025-03-25 00:00:00-04:00,3.248779089742586,3.256256313229981,3.166531770583075,3.1927013397216797,720200,0.0,0.0
2025-03-26 00:00:00-04:00,3.207655489095613,3.233825058715019,3.1702700840390508,3.2300868034362793,600100,0.0,0.0
2025-03-27 00:00:00-04:00,3.2375635800459137,3.2824258509398168,3.2151326228657804,3.2338249683380127,695500,0.0,0.0
2025-03-28 00:00:00-04:00,3.2487788811457516,3.274948805137683,3.2151324472137537,3.271210193634033,453400,0.0,0.0
2025-03-31 00:00:00-04:00,3.278687685014549,3.308595866424614,3.2450408917948153,3.289903163909912,1000500,0.0,0.0
2025-04-01 00:00:00-04:00,3.2786874778285187,3.32354974710869,3.245040686734985,3.308595657348633,747700,0.0,0.0
2025-04-02 00:00:00-04:00,3.289903163325943,3.3160727329216924,3.259994981921187,3.3048572540283203,499400,0.0,0.0
2025-04-03 00:00:00-04:00,3.2599949570022724,3.301118616986057,3.132885008736847,3.1515777111053467,902700,0.0,0.0
2025-04-04 00:00:00-04:00,3.076807033185219,3.0805456451254978,2.9272661209106445,2.9272661209106445,1532300,0.0,0.0
2025-04-07 00:00:00-04:00,2.8637109102715885,2.987082241959681,2.773986370231817,2.8524954319000244,1739100,0.0,0.0
2025-04-08 00:00:00-04:00,2.9272657831740476,2.9272657831740476,2.69921565086662,2.706692695617676,1281100,0.0,0.0
2025-04-09 00:00:00-04:00,2.7403395785296625,2.889880656859825,2.575844410193165,2.8450183868408203,1323600,0.0,0.0
2025-04-10 00:00:00-04:00,2.7852018183671436,2.826325654572338,2.6954772793014246,2.803894519805908,1327800,0.0,0.0
2025-04-11 00:00:00-04:00,2.7814636488323075,2.8524956714627216,2.732862763095683,2.8375415802001953,1035200,0.0,0.0
2025-04-14 00:00:00-04:00,2.8524954022913938,2.9048347167713167,2.8338027008437296,2.878664970397949,891200,0.0,0.0
2025-04-15 00:00:00-04:00,2.871187955552544,2.9123117922081567,2.8599724771798956,2.889880657196045,749900,0.0,0.0
2025-04-16 00:00:00-04:00,2.8861420453940396,2.916050403675277,2.8450183870076153,2.8674495220184326,576100,0.0,0.0
2025-04-17 00:00:00-04:00,2.863711144060536,2.9571743033655595,2.863711144060536,2.9272661209106445,844300,0.0,0.0
2025-04-21 00:00:00-04:00,2.9010965256970414,2.9160506167971842,2.822587458287875,2.848757028579712,661200,0.0,0.0
2025-04-22 00:00:00-04:00,2.8824036123014896,2.923527448958664,2.8749265672971682,2.904834747314453,865800,0.0,0.0
2025-04-23 00:00:00-04:00,2.9384815389673062,2.9609126739802702,2.8824036123014896,2.904834747314453,772500,0.0,0.0
2025-04-24 00:00:00-04:00,2.9048347472594287,2.9160504038991055,2.8824036122468897,2.897357702255249,662400,0.0,0.0
2025-04-25 00:00:00-04:00,2.8749267746935763,2.9048349568684295,2.85997268360615,2.8861422538757324,829500,0.0,0.0
2025-04-28 00:00:00-04:00,2.8786650006659213,2.927265882327417,2.867449522292847,2.904834747314453,585700,0.0,0.0
2025-04-29 00:00:00-04:00,2.8861420457787434,2.9272658824374638,2.8861420457787434,2.9197888374328613,663400,0.0,0.0
2025-04-30 00:00:00-04:00,2.9048349818906183,2.9796054379718218,2.882403845066257,2.957174301147461,1202200,0.0,0.0
2025-05-01 00:00:00-04:00,2.9534356592135573,3.039421766776995,2.919788867216224,3.0207290649414062,1019100,0.0,0.0
2025-05-02 00:00:00-04:00,3.0356829498621556,3.110453395615685,3.0356829498621556,3.0842838287353516,953100,0.0,0.0
2025-05-05 00:00:00-04:00,3.07680687535713,3.07680687535713,3.0057750348037757,3.0132522583007812,701500,0.0,0.0
2025-05-06 00:00:00-04:00,3.0020363330841064,3.0095135563570192,2.972128153059713,3.0020363330841064,500100,0.0,0.0
2025-05-07 00:00:00-04:00,3.0095136462124263,3.0319446036336304,2.990820944005663,3.0282063484191895,827600,0.0,0.0
2025-05-08 00:00:00-04:00,3.054375826285005,3.0581144379213288,2.9758667645903567,2.9870822429656982,579300,0.0,0.0
2025-05-09 00:00:00-04:00,3.00577494428654,3.0543758259525684,2.931004494236353,2.9422199726104736,936600,0.0,0.0
2025-05-12 00:00:00-04:00,2.987082302828045,3.028206318584487,2.938481598449563,3.0095136165618896,744200,0.0,0.0
2025-05-13 00:00:00-04:00,3.03194454351717,3.0394217668650754,2.9683897494613234,2.99082088470459,710600,0.0,0.0
2025-05-14 00:00:00-04:00,2.99082109386447,2.99082109386447,2.945958820240542,2.9796054363250732,776000,0.0,0.0
2025-05-15 00:00:00-04:00,2.979605286365163,3.0618527838696146,2.979605286365163,3.058114528656006,610000,0.0,0.0
2025-05-16 00:00:00-04:00,3.0655911281635673,3.0880224401564305,3.058114261855019,3.0842838287353516,937200,0.0,0.0
2025-05-19 00:00:00-04:00,3.0543759159137496,3.1104536659696524,3.046898692421688,3.1029767990112305,480400,0.0,0.0
2025-05-20 00:00:00-04:00,3.0954997863917693,3.1029770103931966,3.054376123984911,3.0693302154541016,407400,0.0,0.0
2025-05-21 00:00:00-04:00,3.0394217361091873,3.050637214483923,2.9571740627826575,2.964651107788086,751200,0.0,0.0
2025-05-22 00:00:00-04:00,2.9534356594755633,2.9534356594755633,2.9085733889863508,2.931004524230957,830300,0.0,0.0
2025-05-23 00:00:00-04:00,2.916050434112549,2.9347429576832655,2.904834777356666,2.916050434112549,809200,0.0,0.0
2025-05-27 00:00:00-04:00,2.957174092771688,2.9945594964447753,2.916050433958198,2.9683897495269775,872900,0.0,0.0
2025-05-28 00:00:00-04:00,2.960912674418779,2.9833438094350653,2.9534356294133506,2.964651107788086,458000,0.0,0.0
2025-05-29 00:00:00-04:00,2.964651107948201,3.005774944613687,2.964651107948201,2.9870822429656982,391800,0.0,0.0
2025-05-30 00:00:00-04:00,2.9683897494830984,2.99829810807449,2.953435659320811,2.9833438396453857,863500,0.0,0.0
2025-06-02 00:00:00-04:00,2.972127976075532,3.020728854854495,2.957173886953821,2.9945592880249023,648000,0.0,0.0
2025-06-03 00:00:00-04:00,2.987082332257582,3.0319446036336304,2.9683898083176388,3.0282063484191895,789000,0.0,0.0
2025-06-04 00:00:00-04:00,3.0244677359980474,3.0655913956168632,3.0207291242507988,3.058114528656006,1002800,0.0,0.0
2025-06-05 00:00:00-04:00,3.0543758568092065,3.0805454254577413,3.0356831549744108,3.065591335296631,702900,0.0,0.0
2025-06-06 00:00:00-04:00,3.0917615269015606,3.1291465772590574,3.080545690914014,3.114192485809326,1041800,0.0,0.0
2025-06-09 00:00:00-04:00,3.114192070121104,3.185224262426066,3.0992379806674726,3.1366233825683594,1229400,0.0,0.0
2025-06-10 00:00:00-04:00,3.1553159062214733,3.1553159062214733,3.099238156718288,3.1441004276275635,1718500,0.0,0.0
2025-06-11 00:00:00-04:00,3.162793432424102,3.1740089120917054,3.106715677552415,3.1216697692871094,1141600,0.0,0.0
2025-06-12 00:00:00-04:00,3.102977060733785,3.1814861313541294,3.095499836611052,3.166532039642334,1037300,0.0,0.0
2025-06-13 00:00:00-04:00,3.1366233514762096,3.174008396472897,3.0954993384861575,3.1179306507110596,1304900,0.0,0.0
2025-06-16 00:00:00-04:00,3.1291465733029002,3.1889629390262013,3.1216697058543192,3.159054756164551,907300,0.0,0.0
2025-06-17 00:00:00-04:00,3.147839009235535,3.1777471895557214,3.1254076957285784,3.140361785888672,1213800,0.0,0.0
2025-06-18 00:00:00-04:00,3.1328850372791432,3.2113941027151873,3.1328850372791432,3.1852245330810547,1097700,0.0,0.0
2025-06-20 00:00:00-04:00,3.203916999067191,3.2263483142604934,3.140362021975437,3.1702702045440674,2068500,0.0,0.0
2025-06-23 00:00:00-04:00,3.1702700840390508,3.2375636705274045,3.151577738044416,3.2300868034362793,927200,0.0,0.0
2025-06-24 00:00:00-04:00,3.245040593008663,3.245040593008663,3.185224235696107,3.207655191421509,803500,0.0,0.0
2025-06-25 00:00:00-04:00,3.1964402279605824,3.2263484114299716,3.1216697692871094,3.1216697692871094,1235000,0.0,0.0
2025-06-26 00:00:00-04:00,3.1328847749446607,3.2375634012494934,3.0954993729975553,3.2263479232788086,996400,0.0,0.0
2025-06-27 00:00:00-04:00,3.2450405953740202,3.2824256404548118,3.222609283098655,3.2525174617767334,1663400,0.0,0.0
2025-06-30 00:00:00-04:00,3.2562562820517824,3.278687595765552,3.1964399208599117,3.2338249683380127,981000,0.0,0.0
2025-07-01 00:00:00-04:00,3.2338250569450646,3.2973800315862474,3.2300868016683713,3.274949073791504,1262400,0.0,0.0
2025-07-02 00:00:00-04:00,3.271210253966611,3.286164343723399,3.2151325065120613,3.2786874771118164,1491600,0.0,0.0
2025-07-03 00:00:00-04:00,3.2712104911205997,3.3160727636433585,3.2712104911205997,3.2936418056488037,493900,0.0,0.0
2025-07-07 00:00:00-04:00,3.2674718519591957,3.297380033390987,3.2151327127203837,3.2300868034362793,874500,0.0,0.0
2025-07-08 00:00:00-04:00,3.2375636103966516,3.2712104030159117,3.2039168177773916,3.222609519958496,1138800,0.0,0.0
2025-07-09 00:00:00-04:00,3.2188706692842097,3.245040593008663,3.203916579956071,3.207655191421509,985900,0.0,0.0
2025-07-10 00:00:00-04:00,3.1927013387668675,3.2899031048720997,3.1927013387668675,3.2375636100769043,1013100,0.0,0.0
2025-07-11 00:00:00-04:00,3.207655193759616,3.2599946847130594,3.2001783273569027,3.2525174617767334,1034900,0.0,0.0
2025-07-14 00:00:00-04:00,3.237563372437694,3.2674715511157726,3.230086506034981,3.2525174617767334,807200,0.0,0.0
2025-07-15 00:00:00-04:00,3.2562561321927053,3.2637329987307715,3.1852242956797876,3.215132474899292,818200,0.0,0.0
2025-07-16 00:00:00-04:00,3.2300867424961264,3.289903104231189,3.203916816836807,3.2674717903137207,628900,0.0,0.0
2025-07-17 00:00:00-04:00,3.274948984057651,3.29364168606352,3.230086713163748,3.2338249683380127,454300,0.0,0.0
2025-07-18 00:00:00-04:00,3.2413021917538147,3.2562562820517824,3.2151326228657804,3.2338249683380127,863200,0.0,0.0
2025-07-21 00:00:00-04:00,3.245040624899396,3.2824256703203396,3.2338247903928585,3.241302013397217,498700,0.0,0.0
2025-07-22 00:00:00-04:00,3.2338250569450646,3.2786876856018434,3.2300868016683713,3.274949073791504,489800,0.0,0.0
2025-07-23 00:00:00-04:00,3.28616449312952,3.28616449312952,3.2151326526887054,3.2375636100769043,577000,0.0,0.0
2025-07-24 00:00:00-04:00,3.237563401895038,3.2712101923474184,3.2263479239221162,3.241302013397217,626400,0.0,0.0
2025-07-25 00:00:00-04:00,3.252517700513583,3.252517700513583,3.2226095196402254,3.2375636100769043,557100,0.0,0.0
2025-07-28 00:00:00-04:00,3.230086564509044,3.23756343104711,3.2001783852895396,3.215132474899292,607500,0.0,0.0
2025-07-29 00:00:00-04:00,3.241302013397217,3.245040624899396,3.215132445949195,3.241302013397217,1839900,0.0,0.0
2025-07-30 00:00:00-04:00,3.245041017499302,3.245041017499302,3.1478392458844247,3.1702702045440674,1341500,0.0,0.0
2025-07-31 00:00:00-04:00,3.1366235607428354,3.181485831652111,3.106715380136652,3.1441004276275635,2129600,0.0,0.0
2025-08-01 00:00:00-04:00,3.1665315614756224,3.17400842793563,3.1104534586242925,3.1366233825683594,932800,0.0,0.0
2025-08-04 00:00:00-04:00,3.2338252740785793,3.2338252740785793,3.1366238562187427,3.166532039642334,927700,0.0,0.0
2025-08-05 00:00:00-04:00,3.17027008345533,3.2450408935546875,3.159054604553885,3.2450408935546875,653800,0.0,0.0
2025-08-06 00:00:00-04:00,3.237563610076904,3.28616449312952,3.226348131382805,3.2375636100769043,1049200,0.0,0.0
2025-08-07 00:00:00-04:00,3.289902855989936,3.2973797223758283,3.08054524918076,3.1179306507110596,3269900,0.0,0.0
2025-08-08 00:00:00-04:00,3.1328849194664734,3.1328849194664734,2.983343839580058,3.005774974822998,4207600,0.0,0.0
2025-08-11 00:00:00-04:00,3.031944757228665,3.0842842547523364,2.9422202099312202,2.957174301147461,3400100,0.0,0.0
2025-08-12 00:00:00-04:00,2.871187955218499,2.9160504035043178,2.8001559385550014,2.8450183868408203,6118400,0.0,0.0
2025-08-13 00:00:00-04:00,2.8599727082418958,2.964651346755581,2.8338029594800602,2.957174301147461,2486700,0.0,0.0
2025-08-14 00:00:00-04:00,2.938481569357499,2.9496970478465654,2.8973577322750157,2.916050434112549,1190400,0.0,0.0
2025-08-15 00:00:00-04:00,2.9123118223495577,2.9534356594307876,2.8973577321867134,2.9459586143493652,1673300,0.0,0.0
2025-08-18 00:00:00-04:00,2.9384817519402824,2.9609128885789926,2.871188163757324,2.871188163757324,1126600,0.0,0.0
2025-08-19 00:00:00-04:00,2.8898808652971195,2.9123120019245037,2.8637111167650913,2.8936192989349365,1905900,0.0,0.0
2025-08-20 00:00:00-04:00,2.90483495834283,2.94969723162788,2.86371111869812,2.86371111869812,1700500,0.0,0.0
2025-08-21 00:00:00-04:00,2.852495639997936,2.8861422558340624,2.837541548900363,2.856234073638916,1455300,0.0,0.0
2025-08-22 00:00:00-04:00,2.8786650006659213,2.949697017340381,2.867449522292847,2.904834747314453,2592600,0.0,0.0
2025-08-25 00:00:00-04:00,2.901096522744225,2.9272660930094263,2.8637111167650913,2.8936192989349365,1938400,0.0,0.0
2025-08-26 00:00:00-04:00,2.901096314000371,2.938481539022682,2.886142045724632,2.9123117923736572,1762200,0.0,0.0
2025-08-27 00:00:00-04:00,2.916050404279883,2.953435629305663,2.908573359274727,2.9496970176696777,936500,0.0,0.0
2025-08-28 00:00:00-04:00,2.957174092882923,2.960912704557099,2.901096343904815,2.931004524230957,839900,0.0,0.0
2025-08-29 00:00:00-04:00,2.9272661209106445,2.942220212138102,2.916050641623466,2.9272661209106445,903000,0.0,0.0
2025-09-02 00:00:00-04:00,2.8973576718456138,2.9160503732932783,2.859972447217097,2.878664970397949,1392500,0.0,0.0
2025-09-03 00:00:00-04:00,2.8711879854002613,2.904834777401615,2.84501841674749,2.9010963439941406,968200,0.0,0.0
2025-09-04 00:00:00-04:00,2.9123117923736572,2.9347429273870436,2.87866500072017,2.9123117923736572,927700,0.0,0.0
2025-09-05 00:00:00-04:00,2.934743166524373,2.9496972577518306,2.889880892842001,2.9272661209106445,1193300,0.0,0.0
2025-09-08 00:00:00-04:00,2.9085735993670925,2.9235276906118113,2.8674497593107007,2.88240385055542,1200100,0.0,0.0
2025-09-09 00:00:00-04:00,2.871187955442354,2.8973577020888874,2.867449522073886,2.8749265670776367,1183900,0.0,0.0
2025-09-10 00:00:00-04:00,2.8674494599086855,2.889880594433638,2.7964174447795966,2.8001558780670166,1943900,0.0,0.0
2025-09-11 00:00:00-04:00,2.796417740094834,2.8524956714627216,2.796417740094834,2.8375415802001953,1160400,0.0,0.0
2025-09-12 00:00:00-04:00,2.8412797749222882,2.8412797749222882,2.800155938275564,2.8076331615448,1305700,0.0,0.0
2025-09-15 00:00:00-04:00,2.803894760240881,2.8076333721559465,2.7665095324243683,2.773986577987671,1654000,0.0,0.0
2025-09-16 00:00:00-04:00,2.9384817779094208,2.9833440515833165,2.8524956642343735,2.9347431659698486,4744000,0.0,0.0
2025-09-17 00:00:00-04:00,2.938481569357499,2.9571740929282155,2.901096343949249,2.916050434112549,3673000,0.0,0.0
2025-09-18 00:00:00-04:00,2.919788867409015,2.9758667946526667,2.908573388920374,2.9534356594085693,3658700,0.0,0.0
2025-09-19 00:00:00-04:00,2.964651348419112,2.9683899603586847,2.931004732297105,2.9347431659698486,2065600,0.0,0.0
2025-09-22 00:00:00-04:00,2.949697047869329,2.949697047869329,2.893619120623113,2.9085733890533447,2107100,0.0,0.0
2025-09-23 00:00:00-04:00,2.901096522744225,2.945958795998993,2.878665207850014,2.8936192989349365,1774200,0.0,0.0
2025-09-24 00:00:00-04:00,2.8973577020888874,2.9085733587279203,2.871187955442354,2.8749265670776367,1789700,0.0,0.0
2025-09-25 00:00:00-04:00,2.8861422548497977,2.916050615301572,2.8637111182110875,2.871188163757324,1599400,0.0,0.0
2025-09-26 00:00:00-04:00,2.871188162307553,3.002036548434039,2.871188162307553,2.8936192989349365,2196900,0.0,0.0
2025-09-29 00:00:00-04:00,2.897357910839581,2.9235276593716093,2.8637111167650913,2.8936192989349365,7606600,0.0,0.0
2025-09-30 00:00:00-04:00,2.8936190911031066,2.968389719424208,2.8898806577337997,2.964651107788086,3502500,0.0,0.0
2025-10-01 00:00:00-04:00,2.9384815692679433,2.990820884837898,2.9384815692679433,2.9459586143493652,1049300,0.0,0.0
2025-10-02 00:00:00-04:00,2.9422199413998333,2.9571740312512396,2.8674494921428004,2.878664970397949,1934500,0.0,0.0
2025-10-03 00:00:00-04:00,2.8824036123558083,2.9459585840271445,2.8824036123558083,2.9123117923736572,1153600,0.0,0.0
2025-10-06 00:00:00-04:00,2.919789078667217,2.9347431699119357,2.8599727136883413,2.88240385055542,1883400,0.0,0.0
2025-10-07 00:00:00-04:00,2.8786650003344723,2.88988065697307,2.8450183869523076,2.8599724769592285,1356500,0.0,0.0
2025-10-08 00:00:00-04:00,2.8524956409809668,2.863711120174598,2.826325892417781,2.841279983520508,991600,0.0,0.0
2025-10-09 00:00:00-04:00,2.8524956409809668,2.8524956409809668,2.818848846866418,2.841279983520508,1140300,0.0,0.0
2025-10-10 00:00:00-04:00,2.841280010499028,2.886142284233185,2.8001561704426368,2.88240385055542,1881300,0.0,0.0
2025-10-13 00:00:00-04:00,2.882403581994207,2.8898806269199104,2.8412797457694325,2.878664970397949,1325200,0.0,0.0
2025-10-14 00:00:00-04:00,2.8711881875206617,2.9758670043011763,2.8674497538500163,2.957174301147461,2433400,0.0,0.0
2025-10-15 00:00:00-04:00,2.964651348419112,2.994559709135205,2.9197890747452164,2.9347431659698486,2991600,0.0,0.0
2025-10-16 00:00:00-04:00,2.9347431260647867,3.0339604522630395,2.877301712741534,2.8981895446777344,5707400,2.23,0.0
2025-10-17 00:00:00-04:00,2.898189295471673,2.924298958645538,2.866857301258912,2.8877453804016113,2999900,0.0,0.0
2025-10-20 00:00:00-04:00,2.9086332743501715,2.960852850846051,2.8981893590509955,2.950408935546875,1525100,0.0,0.0
2025-10-21 00:00:00-04:00,2.9556307687080348,2.9921845967566005,2.939965020260494,2.9451868534088135,1686200,0.0,0.0
2025-10-22 00:00:00-04:00,2.9556310172329967,2.9765188495877974,2.9138553525233943,2.960853099822998,1962100,0.0,0.0
2025-10-23 00:00:00-04:00,2.955630789700571,3.013072448755562,2.950408956515163,2.971296787261963,7212000,0.0,0.0
2025-10-24 00:00:00-04:00,2.981740723530463,3.002628554423638,2.9712968080838755,2.992184638977051,1205900,0.0,0.0
2025-10-27 00:00:00-04:00,2.992184819103048,3.002628735178347,2.9242992401123047,2.9242992401123047,1374800,0.0,0.0
2025-10-28 00:00:00-04:00,2.898189295471673,2.9138550435754764,2.866857301258912,2.8877453804016113,1198000,0.0,0.0
2025-10-29 00:00:00-04:00,2.86685746759744,2.86685746759744,2.7989721402045404,2.8041939735412598,1810100,0.0,0.0
2025-10-30 00:00:00-04:00,2.8094160456419632,2.840747792555868,2.793750047683716,2.793750047683716,1003500,0.0,0.0
2025-10-31 00:00:00-04:00,2.7833061113856172,2.8041939425065063,2.746752531425356,2.7780842781066895,2759700,0.0,0.0
2025-11-03 00:00:00-05:00,2.7571964264962494,2.7780842574619147,2.736308346527998,2.75197434425354,2500200,0.0,0.0
2025-11-04 00:00:00-05:00,2.8094160249333684,2.8146378582125666,2.736308367003887,2.772862195968628,1504800,0.0,0.0
2025-11-05 00:00:00-05:00,2.788528193667134,2.8041939425065063,2.7571964469858004,2.7780842781066895,2111900,0.0,0.0
2025-11-06 00:00:00-05:00,2.7676403418740376,2.8094160038037823,2.7467525109091655,2.7571964263916016,2096000,0.0,0.0
2025-11-07 00:00:00-05:00,2.767640392978194,2.8303038870298853,2.751974394963976,2.8094160556793213,2254300,0.0,0.0
2025-11-10 00:00:00-05:00,2.819859971354603,2.8303038870298853,2.778084308653476,2.8094160556793213,1658700,0.0,0.0
2025-11-11 00:00:00-05:00,3.0444042055802383,3.0914019494270786,2.9504089668891416,2.981740713119507,5733300,0.0,0.0
2025-11-12 00:00:00-05:00,2.981740702685557,2.9974064512446286,2.95040895656483,2.9660747051239014,2626200,0.0,0.0
2025-11-13 00:00:00-05:00,2.950409183645598,2.966074933410397,2.919077435113396,2.960853099822998,3088100,0.0,0.0
2025-11-14 00:00:00-05:00,2.9608528614359138,2.9712967767724434,2.9295211154263243,2.9556307792663574,1389400,0.0,0.0
2025-11-17 00:00:00-05:00,2.9347431659698486,2.955630998190071,2.9190774163059827,2.9347431659698486,2761700,0.0,0.0
2025-11-18 00:00:00-05:00,2.929521125768363,2.9712967872619624,2.929521125768363,2.971296787261963,1738300,0.0,0.0
2025-11-19 00:00:00-05:00,2.971296996433786,2.981740912542411,2.9295213319992848,2.93996524810791,2122800,0.0,0.0
2025-11-20 00:00:00-05:00,2.9608528508589367,2.986962514605699,2.934742938109592,2.9451868534088135,1342100,0.0,0.0
2025-11-21 00:00:00-05:00,2.9504091646363158,2.966074914300182,2.9347431659698486,2.9347431659698486,1087600,0.0,0.0
2025-11-24 00:00:00-05:00,2.939965030762854,2.9608528614359138,2.913855117920238,2.9556307792663574,1277700,0.0,0.0
2025-11-25 00:00:00-05:00,2.955630789700571,2.9921846180087623,2.955630789700571,2.971296787261963,1302500,0.0,0.0
2025-11-26 00:00:00-05:00,2.966074715503032,2.9974064617333975,2.966074715503032,2.981740713119507,824900,0.0,0.0
2025-11-28 00:00:00-05:00,2.9765186309131537,2.9921846285296287,2.966074715503032,2.981740713119507,436800,0.0,0.0
2025-12-01 00:00:00-05:00,2.966074914300182,2.9869627465204043,2.9242992498597373,2.9347431659698486,1599600,0.0,0.0
2025-12-02 00:00:00-05:00,2.9451870722629026,2.9451870722629026,2.913855324037006,2.9242992401123047,1394400,0.0,0.0
2025-12-03 00:00:00-05:00,2.9347429062075636,2.9347429062075636,2.913855075836181,2.9138550758361816,1408800,0.0,0.0
2025-12-04 00:00:00-05:00,2.9086332427446253,2.9295210731160077,2.8981893275589345,2.9138550758361816,1491600,0.0,0.0
2025-12-05 00:00:00-05:00,2.8981895545316685,2.934743136043004,2.8981895545316685,2.9086334705352783,984100,0.0,0.0
2025-12-08 00:00:00-05:00,2.908633460645835,2.9242992100966863,2.8981895446777344,2.8981895446777344,1579600,0.0,0.0
2025-12-09 00:00:00-05:00,2.913855075836181,2.9347429062075636,2.9034111606504904,2.9138550758361816,1214900,0.0,0.0
2025-12-10 00:00:00-05:00,2.9138551075111496,2.971296766158158,2.9138551075111496,2.9451868534088135,2515900,0.0,0.0
2025-12-11 00:00:00-05:00,2.950408987523588,2.997406482696533,2.950408987523588,2.997406482696533,1600300,0.0,0.0
2025-12-12 00:00:00-05:00,3.0026288222122117,3.0287387376585784,2.9974067395218955,3.0235166549682617,1726200,0.0,0.0
2025-12-15 00:00:00-05:00,3.033960279553435,3.039182361741515,2.9399650411912543,2.9660747051239014,4112500,0.0,0.0
2025-12-16 00:00:00-05:00,2.976518651730205,3.0182945626654476,2.976518651730205,2.997406482696533,2170200,0.0,0.0
2025-12-17 00:00:00-05:00,2.997406711538089,3.033960543021214,2.981740961618611,2.9869627952575684,1479100,0.0,0.0
2025-12-18 00:00:00-05:00,3.013072680710001,3.013072680710001,2.9556310172329967,2.960853099822998,2139000,0.0,0.0
2025-12-19 00:00:00-05:00,2.9504091646363158,2.976518830410293,2.9242992498597373,2.9347431659698486,1623900,0.0,0.0
2025-12-22 00:00:00-05:00,2.9295213324160936,2.966074914300182,2.9242992498597373,2.9347431659698486,1106500,0.0,0.0
2025-12-23 00:00:00-05:00,2.929521407566036,3.060070486792654,2.8877457420539354,3.0235166549682617,6007000,0.0,0.0
2025-12-24 00:00:00-05:00,3.107067823131501,3.127955654792689,3.07051424222572,3.1122899055480957,4152200,0.0,0.0
2025-12-26 00:00:00-05:00,3.1122899254683034,3.148843755610642,3.1018460095708633,3.1331777572631836,2226000,0.0,0.0
2025-12-29 00:00:00-05:00,3.143621412098176,3.1488434941145256,3.1018457519776805,3.107067584991455,3018200,0.0,0.0
2025-12-30 00:00:00-05:00,3.107067843018285,3.1436216731606237,3.1018460095708633,3.1331777572631836,2262000,0.0,0.0
2025-12-31 00:00:00-05:00,3.1279556446813372,3.133177727081051,3.0914020638937183,3.1018459796905518,1487000,0.0,0.0
2026-01-02 00:00:00-05:00,3.101845719397739,3.1122896343181665,3.0757358075953847,3.0809578895568848,1856200,0.0,0.0
2026-01-05 00:00:00-05:00,3.086179981754775,3.1175117291479215,3.086179981754775,3.0966238975524902,2078400,0.0,0.0
2026-01-06 00:00:00-05:00,3.0966241266840275,3.1175119598250327,3.075736293543023,3.0861802101135254,1737000,0.0,0.0
2026-01-07 00:00:00-05:00,3.0861799305875,3.1018459285256363,3.0444042680892567,3.049626350402832,1663800,0.0,0.0
2026-01-08 00:00:00-05:00,3.039182485166352,3.1070678133502057,3.039182485166352,3.0966238975524902,2167600,0.0,0.0
2026-01-09 00:00:00-05:00,3.086179981754775,3.1070678133502057,3.054848234361628,3.0966238975524902,2258600,0.0,0.0
2026-01-12 00:00:00-05:00,3.0705142124739995,3.1070677930255948,3.0705142124739995,3.0757360458374023,1381500,0.0,0.0
2026-01-13 00:00:00-05:00,3.075736035463711,3.0966238668520565,3.065292119769538,3.07051420211792,1742100,0.0,0.0
2026-01-14 00:00:00-05:00,3.0652921501593435,3.101845979952645,3.0600703167617826,3.0966238975524902,1385900,0.0,0.0
2026-01-15 00:00:00-05:00,3.1070678133502057,3.1122898957503606,3.0914020641549294,3.0966238975524902,1045600,0.0,0.0
2026-01-16 00:00:00-05:00,3.107067813087671,3.1122898954873848,3.0914020638937183,3.1018459796905518,1393400,0.0,0.0
2026-01-20 00:00:00-05:00,3.075736045837402,3.1018459596621923,3.054848214378607,3.0757360458374023,1597600,0.0,0.0
2026-01-21 00:00:00-05:00,3.080958148357214,3.1122898957503606,3.080958148357214,3.0966238975524902,1623700,0.0,0.0
2026-01-22 00:00:00-05:00,3.10706804325453,3.1122901260410876,3.0809583763295803,3.0861802101135254,1624400,0.0,0.0
2026-01-23 00:00:00-05:00,3.075736045837402,3.096623877296197,3.075736045837402,3.0757360458374023,1642600,0.0,0.0
2026-01-26 00:00:00-05:00,3.0705141816519537,3.0809580972765147,3.049626350402832,3.049626350402832,2534500,0.0,0.0
2026-01-27 00:00:00-05:00,3.0391824451333913,3.0600702764536822,3.0391824451333913,3.0548481941223145,2136300,0.0,0.0
2026-01-28 00:00:00-05:00,3.060070266027393,3.0757360149629394,3.0444042680892567,3.049626350402832,1840500,0.0,0.0
2026-01-29 00:00:00-05:00,3.060070514678955,3.0809583476253555,3.04440451546785,3.060070514678955,1490700,0.0,0.0
2026-01-30 00:00:00-05:00,3.0548482040753653,3.0914020335062657,3.0391824550354016,3.07051420211792,2026200,0.0,0.0
2026-02-02 00:00:00-05:00,3.075736004766985,3.0966238359468643,3.033960342407227,3.0339603424072266,1619300,0.0,0.0
2026-02-03 00:00:00-05:00,3.033960342407227,3.054848173587106,3.033960342407227,3.0339603424072266,1298600,0.0,0.0
2026-02-04 00:00:00-05:00,3.060070326395126,3.1122899055480953,3.0496264105645325,3.1122899055480957,2683200,0.0,0.0
2026-02-05 00:00:00-05:00,3.0914020641549294,3.1175117291479215,3.080958148357214,3.0966238975524902,2443000,0.0,0.0
2026-02-06 00:00:00-05:00,3.1018459796905518,3.122733811284218,3.086179981494005,3.1018459796905518,1228100,0.0,0.0
2026-02-09 00:00:00-05:00,3.10706804325453,3.10706804325453,3.0809583763295803,3.0861802101135254,1184400,0.0,0.0
2026-02-10 00:00:00-05:00,3.0861797549312073,3.1540653271282997,3.0861797549312073,3.107067584991455,2528500,0.0,0.0
2026-02-11 00:00:00-05:00,3.10706804325453,3.12273404261159,3.0809583763295803,3.0861802101135254,1105900,0.0,0.0
2026-02-12 00:00:00-05:00,3.1122895666518535,3.1122895666518535,3.0182943344116206,3.018294334411621,1563300,0.0,0.0
2026-02-13 00:00:00-05:00,3.0548481734280872,3.075736004606879,3.033960342249295,3.039182424545288,1316100,0.0,0.0
2026-02-17 00:00:00-05:00,3.0548481837138177,3.0757360149629394,3.023516436840135,3.049626350402832,2376000,0.0,0.0
2026-02-18 00:00:00-05:00,3.049626340134684,3.0600702557240798,3.028738508955892,3.039182424545288,1207000,0.0,0.0
2026-02-19 00:00:00-05:00,3.0339603726870195,3.0809581178120933,3.0339603726870195,3.07051420211792,1631000,0.0,0.0
2026-02-20 00:00:00-05:00,3.0861801532364126,3.0914022359267292,3.0182948212805534,3.0235166549682617,1850800,0.0,0.0
2026-02-23 00:00:00-05:00,3.0339602795023617,3.049626277063753,2.9608528718885627,2.971296787261963,4314500,0.0,0.0
2026-02-24 00:00:00-05:00,2.9765185669503276,2.981740649044463,2.8720794150934172,2.9138550758361816,9229500,0.0,0.0
2026-02-25 00:00:00-05:00,2.913855158729506,3.007850647077287,2.8564134990728154,3.0026285648345947,9412600,0.0,0.0
2026-02-26 00:00:00-05:00,3.0078506675797674,3.0287384986877446,2.986962587469202,3.028738498687744,51179800,0.0,0.0
2026-02-27 00:00:00-05:00,3.0148130813107685,3.0844391842964836,3.000887860713626,3.070513963699341,7211700,1.45,0.0
2026-03-02 00:00:00-05:00,3.0287384456522632,3.0774768860571204,3.014813224394227,3.056588888168335,4544900,0.0,0.0
2026-03-03 00:00:00-05:00,3.035701088400035,3.0844391946519414,2.9591122088568906,3.000887870788574,4661600,0.0,0.0
2026-03-04 00:00:00-05:00,2.9869626500060598,3.0287383119358045,2.9660749850429116,3.0078506469726562,1891700,0.0,0.0
2026-03-05 00:00:00-05:00,3.0008878194577635,3.042663480674866,2.9869625990520627,3.028738260269165,1715500,0.0,0.0
2026-03-06 00:00:00-05:00,3.0078506469726562,3.0217758676159048,2.9869626500060598,3.0078506469726562,1805300,0.0,0.0
2026-03-09 00:00:00-04:00,2.993925478639537,3.0078506995260876,2.959112260421432,2.9730374813079834,3071700,0.0,0.0
2026-03-10 00:00:00-04:00,2.9730375340949857,2.993925531797411,2.931261870693596,2.9451870918273926,2925800,0.0,0.0
2026-03-11 00:00:00-04:00,2.9521494839764295,2.9730374813079834,2.924299042203328,2.9730374813079834,2357900,0.0,0.0
2026-03-12 00:00:00-04:00,2.938224222222516,2.9591122192635413,2.9242990015296493,2.9312617778778076,2496800,0.0,0.0
2026-03-13 00:00:00-04:00,2.9451869985706742,2.9939254369974333,2.9173365571849406,2.9312617778778076,2345100,0.0,0.0
2026-03-16 00:00:00-04:00,2.9451869044236783,2.9591121246714063,2.910373687802639,2.9173364639282227,1792100,0.0,0.0
2026-03-17 00:00:00-04:00,2.924298950276705,2.959112167400441,2.9173365060540246,2.9521493911743164,2251700,0.0,0.0
2026-03-18 00:00:00-04:00,2.9312616841759507,2.9451869044236783,2.910373687802639,2.9173364639282227,2254900,0.0,0.0
2026-03-19 00:00:00-04:00,2.903411243622136,2.9242989079915884,2.8964484674966924,2.9103736877441406,2422900,0.0,0.0
2026-03-20 00:00:00-04:00,2.924298969590978,2.924298969590978,2.8198599815368652,2.8198599815368652,4281200,0.0,0.0
2026-03-23 00:00:00-04:00,2.847710371017456,2.882523255736863,2.8268223745830596,2.847710371017456,2451400,0.0,0.0
2026-03-24 00:00:00-04:00,2.8407477931552,2.8546730144156287,2.7989721293739134,2.8059349060058594,2724100,0.0,0.0
2026-03-25 00:00:00-04:00,2.8198600748034197,2.8477105168061265,2.8128972983010145,2.826822519302368,1326200,0.0,0.0
2026-03-26 00:00:00-04:00,2.8198601277174946,2.8337853489801517,2.7920096851921805,2.7989721298217773,1711600,0.0,0.0
2026-03-27 00:00:00-04:00,2.7920094768803274,2.8059346971040235,2.7432710400956712,2.7502336502075195,2251200,0.0,0.0
2026-03-30 00:00:00-04:00,2.7571962815914763,2.8059347187521557,2.7571962815914763,2.7711215019226074,1154100,0.0,0.0
2026-03-31 00:00:00-04:00,2.7989720769852493,2.8477105164862393,2.78504685598546,2.83378529548645,2386100,0.0,0.0
2026-04-01 00:00:00-04:00,2.8337853489801517,2.8337853489801517,2.7920096851921805,2.7989721298217773,1366300,0.0,0.0
2026-04-02 00:00:00-04:00,2.7850467641831966,2.8337852020776433,2.7780841539128076,2.8198599815368652,1396500,0.0,0.0
2026-04-06 00:00:00-04:00,2.8198599816251133,2.8198599816251133,2.7989719848115695,2.812897205352783,1172700,0.0,0.0
2026-04-07 00:00:00-04:00,2.812897205352783,2.833785202166327,2.805934761083899,2.812897205352783,1295900,0.0,0.0
2026-04-08 00:00:00-04:00,2.8477103709792257,2.8546728151216376,2.812897154256846,2.840747594833374,1606000,0.0,0.0
2026-04-09 00:00:00-04:00,2.8477105164862393,2.8477105164862393,2.8128972979850384,2.83378529548645,1399500,0.0,0.0
2026-04-10 00:00:00-04:00,2.82682237454511,2.840747594833374,2.812897154256846,2.840747594833374,872200,0.0,0.0
2026-04-13 00:00:00-04:00,2.8337851506909617,2.8477103709792257,2.812897154256846,2.840747594833374,1373200,0.0,0.0
2026-04-14 00:00:00-04:00,2.8477104644121103,2.861635685157258,2.8268224672926627,2.854672908782959,3025800,0.0,0.0
2026-04-15 00:00:00-04:00,2.854672908593204,2.8755609057112634,2.8059348019901513,2.861635684967041,1450000,0.0,0.0
2026-04-16 00:00:00-04:00,2.8546728067543485,2.917336463869584,2.8546728067543485,2.9103736877441406,1507300,0.0,0.0
2026-04-17 00:00:00-04:00,2.924298950276705,2.9660749436265657,2.924298950276705,2.9521493911743164,2000100,0.0,0.0
2026-04-20 00:00:00-04:00,2.9521493911323726,2.980000164033032,2.9382241706837653,2.9591121673583984,1357000,0.0,0.0
2026-04-21 00:00:00-04:00,2.9660750486370997,2.9660750486370997,2.903411388397217,2.903411388397217,1472800,0.0,0.0
2026-04-22 00:00:00-04:00,2.9173365571849406,2.938224222222516,2.910373780836782,2.9312617778778076,1576500,0.0,0.0
2026-04-23 00:00:00-04:00,2.93126172650283,2.9730373878492466,2.9173365060540246,2.9521493911743164,1338700,0.0,0.0
2026-04-24 00:00:00-04:00,2.931261870693596,2.966075089529818,2.931261870693596,2.9451870918273926,843300,0.0,0.0
2026-04-27 00:00:00-04:00,2.9382243152587644,2.9730375340949857,2.9382243152587644,2.9451870918273926,1268800,0.0,0.0
2026-04-28 00:00:00-04:00,2.973037387764964,2.973037387764964,2.945186946868142,2.9660749435424805,1388400,0.0,0.0
2026-04-29 00:00:00-04:00,2.9660749956116996,2.9730374399564083,2.9173365571849406,2.9312617778778076,1087900,0.0,0.0
2026-04-30 00:00:00-04:00,2.9173365060125755,2.9660749435844243,2.9173365060125755,2.9591121673583984,1066800,0.0,0.0
2026-05-01 00:00:00-04:00,2.9660749435424805,2.9939253844393017,2.9591121673165532,2.9660749435424805,1477100,0.0,0.0
2026-05-04 00:00:00-04:00,2.9591121673583984,2.980000164033032,2.9521493911323726,2.9591121673583984,916200,0.0,0.0
2026-05-05 00:00:00-04:00,2.9660749435844243,2.973037387807006,2.9521493911323726,2.9591121673583984,1188700,0.0,0.0
2026-05-06 00:00:00-04:00,2.9660749436265657,2.980000164075371,2.9451869469516354,2.9521493911743164,847700,0.0,0.0
2026-05-07 00:00:00-04:00,2.9382242118893247,3.007850647112246,2.9382242118893247,3.000887870788574,2522200,0.0,0.0
2026-05-08 00:00:00-04:00,3.0008878287468574,3.014813049195663,2.9451869469516354,2.9521493911743164,1476600,0.0,0.0
2026-05-11 00:00:00-04:00,2.9521494323962147,3.0078506469726562,2.945186988076315,3.0078506469726562,2269300,0.0,0.0
2026-05-12 00:00:00-04:00,3.007850699262729,3.007850699262729,2.9800002574920654,2.9800002574920654,1028400,0.0,0.0
2026-05-13 00:00:00-04:00,2.980000163990891,2.9869626082133744,2.945186946868142,2.9660749435424805,1005000,0.0,0.0
2026-05-14 00:00:00-04:00,2.966075089529818,2.9800003106636144,2.9451870918273926,2.9451870918273926,1109100,0.0,0.0
2026-05-15 00:00:00-04:00,2.9312616841759507,2.9451869044236783,2.889486023432767,2.9173364639282227,1270400,0.0,0.0
2026-05-18 00:00:00-04:00,2.924299094124968,2.966075089529818,2.924299094124968,2.9451870918273926,996700,0.0,0.0
2026-05-19 00:00:00-04:00,2.9382243156433105,2.966075089918009,2.9312618710772314,2.9382243156433105,997600,0.0,0.0
2026-05-20 00:00:00-04:00,2.945186946909791,2.973037387807006,2.9382241706837653,2.9591121673583984,691000,0.0,0.0
2026-05-21 00:00:00-04:00,2.9451870922128505,2.9591123133484696,2.9242990945076914,2.9382243156433105,577000,0.0,0.0
2026-05-22 00:00:00-04:00,2.9451869469516354,2.980000164075371,2.9382241707255106,2.9521493911743164,626900,0.0,0.0
2026-05-26 00:00:00-04:00,2.9800002163045667,2.9800002163045667,2.9034113364920735,2.9312617778778076,1101100,0.0,0.0
2026-05-27 00:00:00-04:00,2.9451870918273926,2.959112312961189,2.924299094124968,2.9451870918273926,943800,0.0,0.0
2026-05-28 00:00:00-04:00,2.9382243152587644,2.959112312961189,2.924299094124968,2.9451870918273926,755800,0.0,0.0
2026-05-29 00:00:00-04:00,2.938224222387374,2.945186998735923,2.9173365573486265,2.9242990016937256,1507400,0.0,0.0
2026-06-01 00:00:00-04:00,2.9242990419472847,2.9869627019330043,2.9242990419472847,2.9800002574920654,847100,0.0,0.0
2026-06-02 00:00:00-04:00,2.9660751292786847,2.9869627952575684,2.9382243546343982,2.9869627952575684,1127900,0.0,0.0
2026-06-03 00:00:00-04:00,2.966075036606734,2.993925478377397,2.9591122601623407,2.9800002574920654,989200,0.0,0.0
2026-06-04 00:00:00-04:00,2.9800000190734863,3.069999933242798,2.9800000190734863,3.059999942779541,3637000,1.3,0.0
2026-06-05 00:00:00-04:00,3.069999933242798,3.0999999046325684,3.0199999809265137,3.0299999713897705,2074400,0.0,0.0
2026-06-08 00:00:00-04:00,3.0399999618530273,3.059999942779541,2.950000047683716,2.950000047683716,1534700,0.0,0.0
2026-06-09 00:00:00-04:00,2.9800000190734863,3.0,2.890000104904175,2.9200000762939453,2273300,0.0,0.0
2026-06-10 00:00:00-04:00,2.930000066757202,2.940000057220459,2.890000104904175,2.890000104904175,1750900,0.0,0.0
2026-06-11 00:00:00-04:00,2.890000104904175,2.9200000762939453,2.859999895095825,2.869999885559082,1983200,0.0,0.0
2026-06-12 00:00:00-04:00,2.880000114440918,2.9000000953674316,2.869999885559082,2.880000114440918,758000,0.0,0.0
2026-06-15 00:00:00-04:00,2.880000114440918,2.890000104904175,2.8499999046325684,2.869999885559082,1201900,0.0,0.0
2026-06-16 00:00:00-04:00,2.890000104904175,2.930000066757202,2.880000114440918,2.9100000858306885,2545000,0.0,0.0
2026-06-17 00:00:00-04:00,2.9000000953674316,2.9100000858306885,2.859999895095825,2.9000000953674316,3061400,0.0,0.0
2026-06-18 00:00:00-04:00,2.890000104904175,2.930000066757202,2.890000104904175,2.9000000953674316,2420800,0.0,0.0
2026-06-22 00:00:00-04:00,2.9000000953674316,2.9200000762939453,2.890000104904175,2.9000000953674316,1729600,0.0,0.0
2026-06-23 00:00:00-04:00,2.9100000858306885,2.940000057220459,2.9000000953674316,2.9200000762939453,1771100,0.0,0.0
2026-06-24 00:00:00-04:00,2.940000057220459,2.950000047683716,2.9100000858306885,2.9200000762939453,1192500,0.0,0.0
2026-06-25 00:00:00-04:00,2.9000000953674316,2.9100000858306885,2.859999895095825,2.9000000953674316,1766100,0.0,0.0
2026-06-26 00:00:00-04:00,2.9100000858306885,3.0,2.9100000858306885,2.9700000286102295,2792000,0.0,0.0
2026-06-29 00:00:00-04:00,2.9600000381469727,3.0,2.950000047683716,3.0,1340800,0.0,0.0
2026-06-30 00:00:00-04:00,2.9800000190734863,3.0,2.950000047683716,2.9700000286102295,1138400,0.0,0.0
2026-07-01 00:00:00-04:00,2.9700000286102295,3.0,2.950000047683716,2.9700000286102295,1592600,0.0,0.0
2026-07-02 00:00:00-04:00,2.950000047683716,3.009999990463257,2.950000047683716,2.9600000381469727,1328300,0.0,0.0
2026-07-06 00:00:00-04:00,2.9600000381469727,2.9700000286102295,2.930000066757202,2.940000057220459,854000,0.0,0.0
2026-07-07 00:00:00-04:00,2.9600000381469727,2.990000009536743,2.940000057220459,2.940000057220459,912900,0.0,0.0
2026-07-08 00:00:00-04:00,2.940000057220459,2.950000047683716,2.8299999237060547,2.8499999046325684,1502800,0.0,0.0
2026-07-09 00:00:00-04:00,2.859999895095825,2.859999895095825,2.7899999618530273,2.7899999618530273,1679200,0.0,0.0
2026-07-10 00:00:00-04:00,2.809999942779541,2.8299999237060547,2.7799999713897705,2.799999952316284,1136100,0.0,0.0
2026-07-13 00:00:00-04:00,2.819999933242798,2.8399999141693115,2.7899999618530273,2.799999952316284,1078500,0.0,0.0
2026-07-14 00:00:00-04:00,2.7899999618530273,2.819999933242798,2.7699999809265137,2.7799999713897705,1044100,0.0,0.0
2026-07-15 00:00:00-04:00,2.7699999809265137,2.809999942779541,2.7300000190734863,2.75,1217400,0.0,0.0
2026-07-16 00:00:00-04:00,2.740000009536743,2.799999952316284,2.740000009536743,2.7799999713897705,872300,0.0,0.0
2026-07-17 00:00:00-04:00,2.75,2.7799999713897705,2.7100000381469727,2.7300000190734863,1387900,0.0,0.0
2026-07-20 00:00:00-04:00,2.7200000286102295,2.759999990463257,2.6700000762939453,2.6700000762939453,1561700,0.0,0.0
2026-07-21 00:00:00-04:00,2.6700000762939453,2.7100000381469727,2.630000114440918,2.700000047683716,1304200,0.0,0.0
