Date,Open,High,Low,Close,Volume,Dividends,Stock Splits
2015-05-18 00:00:00-04:00,9.670051574707031,9.670051574707031,9.148943608731013,9.670051574707031,2197500,0.0,0.0
2015-05-19 00:00:00-04:00,9.627080302017866,10.287867373119445,9.627080302017866,10.099838256835938,1978700,0.0,0.0
2015-05-20 00:00:00-04:00,10.046113994988774,10.121325212649493,9.863457302376178,9.997763633728027,717600,0.0,0.0
2015-05-21 00:00:00-04:00,9.992391367964284,10.024624600935743,9.680800716770847,9.804362297058105,793000,0.0,0.0
2015-05-22 00:00:00-04:00,9.804362659579414,9.884946257325682,9.696917179467032,9.782873153686523,536200,0.0,0.0
2015-05-26 00:00:00-04:00,9.804367397074541,9.911812929104876,9.729156139459228,9.798995018005371,681400,0.0,0.0
2015-05-27 00:00:00-04:00,9.831404146094837,10.101497655269695,9.723366330294905,10.074487686157227,652700,0.1,0.0
2015-05-28 00:00:00-04:00,9.955646014504714,10.101496743573582,9.896225118145201,10.004262924194336,949800,0.0,0.0
2015-05-29 00:00:00-04:00,9.901627797040536,9.99345962944301,9.782787026418195,9.966450691223145,565500,0.0,0.0
2015-06-01 00:00:00-04:00,9.90162673523769,9.993458557792561,9.858411820525095,9.982654571533203,1014500,0.0,0.0
2015-06-02 00:00:00-04:00,9.901625381465989,10.101494978638165,9.901625381465989,10.085289001464844,922000,0.0,0.0
2015-06-03 00:00:00-04:00,10.101499549843254,10.236546329759205,9.998863708616085,10.22574234008789,1165000,0.0,0.0
2015-06-04 00:00:00-04:00,10.214938163757324,10.225742153231216,10.117704319142582,10.214938163757324,928000,0.0,0.0
2015-06-05 00:00:00-04:00,10.198722565664507,10.209526544953968,10.063675915518756,10.187919616699219,711900,0.0,0.0
2015-06-08 00:00:00-04:00,10.101492303371483,10.20952903160722,10.063678366648327,10.193324089050293,787200,0.0,0.0
2015-06-09 00:00:00-04:00,10.209535598754885,10.225741582060518,10.16632067359828,10.209535598754883,959300,0.0,0.0
2015-06-10 00:00:00-04:00,10.209526544953968,10.231134503532893,10.182517627054489,10.187919616699219,1091800,0.0,0.0
2015-06-11 00:00:00-04:00,10.187919616699219,10.209526544953968,10.171713647765026,10.187919616699219,860800,0.0,0.0
2015-06-12 00:00:00-04:00,10.144707477182326,10.187922375719149,10.079884614214867,10.106893539428711,911600,0.0,0.0
2015-06-15 00:00:00-04:00,10.090690014327627,10.185222296183776,10.036671125985,10.155511856079102,776300,0.0,0.0
2015-06-16 00:00:00-04:00,10.150107564064319,10.231135354828966,10.058275793111248,10.20412540435791,1251100,0.0,0.0
2015-06-17 00:00:00-04:00,10.166315823970983,10.285157584204498,10.160913832112678,10.279755592346191,1459800,0.0,0.0
2015-06-18 00:00:00-04:00,10.258151690024825,10.371591503354091,10.236544744353777,10.317572593688965,998200,0.0,0.0
2015-06-19 00:00:00-04:00,10.30677129926045,10.31757529008199,10.171724504967035,10.182528495788574,440600,0.0,0.0
2015-06-22 00:00:00-04:00,10.18252684439734,10.258152707232643,10.096096992492676,10.096096992492676,646200,0.0,0.0
2015-06-23 00:00:00-04:00,9.966454341476693,10.263556892010008,9.923239406302294,10.133912086486816,972200,0.0,0.0
2015-06-24 00:00:00-04:00,10.1231020453979,10.393195486407421,10.056118575294022,10.263550758361816,742700,0.0,0.0
2015-06-25 00:00:00-04:00,10.263552592192372,10.339178439483506,10.2149356816981,10.236543655395508,1194200,0.0,0.0
2015-06-26 00:00:00-04:00,10.339722418488849,10.562373910611774,10.29084759965302,10.404888153076172,8790200,0.1,0.0
2015-06-29 00:00:00-04:00,10.328858375836342,10.410316040344245,10.24197006225586,10.24197006225586,722900,0.0,0.0
2015-06-30 00:00:00-04:00,10.372302099900796,10.41031560603256,10.236538986121442,10.247400283813477,490900,0.0,0.0
2015-07-01 00:00:00-04:00,10.24740384677165,10.290848016854696,10.203959676688605,10.263694763183594,652200,0.0,0.0
2015-07-02 00:00:00-04:00,10.263697170997498,10.293565239147256,10.220252990722656,10.220252990722656,341500,0.0,0.0
2015-07-06 00:00:00-04:00,10.176806816709393,10.25826450929247,10.127931994001393,10.209389686584473,422500,0.0,0.0
2015-07-07 00:00:00-04:00,10.171377586646173,10.296279468440995,10.10078118608981,10.117072105407715,448500,0.0,0.0
2015-07-08 00:00:00-04:00,10.12249536650189,10.193092751304786,10.019316166851729,10.100773811340332,423000,0.0,0.0
2015-07-09 00:00:00-04:00,10.171375430162904,10.171375430162904,10.030181623194467,10.1442232131958,353900,0.0,0.0
2015-07-10 00:00:00-04:00,10.127929246264912,10.312567185115487,10.089915735758701,10.307136535644531,700700,0.0,0.0
2015-07-13 00:00:00-04:00,10.25826423548987,10.290848140286013,10.12793172367749,10.187667846679688,340900,0.0,0.0
2015-07-14 00:00:00-04:00,10.214821598851492,10.312571256337584,10.160516118493565,10.290849685668945,463100,0.0,0.0
2015-07-15 00:00:00-04:00,10.24740550854078,10.301709953107821,10.198530679797734,10.290849685668945,510500,0.0,0.0
2015-07-16 00:00:00-04:00,10.24740550854078,10.318001907952464,10.241974856925898,10.290849685668945,781300,0.0,0.0
2015-07-17 00:00:00-04:00,10.263695382020114,10.290848637328386,10.203960291923472,10.279987335205078,513000,0.0,0.0
2015-07-20 00:00:00-04:00,10.274557897420154,10.274557897420154,10.106211837792745,10.117072105407715,373800,0.0,0.0
2015-07-21 00:00:00-04:00,10.062763019630994,10.122498089235334,9.785806125242203,9.95415210723877,739000,0.0,0.0
2015-07-22 00:00:00-04:00,9.94872375627622,9.99216792411098,9.834683204131471,9.899848937988281,386800,0.0,0.0
2015-07-23 00:00:00-04:00,9.927002736477942,9.954154954447194,9.628323159862573,9.682628631591797,704800,0.0,0.0
2015-07-24 00:00:00-04:00,9.715208917199469,9.753222426565545,9.416530455788491,9.530570983886719,590200,0.0,0.0
2015-07-27 00:00:00-04:00,9.476266659889765,9.639181997646482,9.449113413070009,9.54143238067627,655500,0.0,0.0
2015-07-28 00:00:00-04:00,9.50342082074991,9.7369336123577,9.438254050802586,9.726072311401367,734800,0.0,0.0
2015-07-29 00:00:00-04:00,9.573169517112095,9.900829920864707,9.573169517112095,9.813453674316406,656800,0.1,0.0
2015-07-30 00:00:00-04:00,9.747911494913534,9.911741520062643,9.6550742029008,9.84074878692627,1000400,0.0,0.0
2015-07-31 00:00:00-04:00,9.884439854719403,9.966354892086542,9.824368341233933,9.906283378601074,316200,0.0,0.0
2015-08-03 00:00:00-04:00,9.939052839127559,9.966357511557725,9.87352016704608,9.922669410705566,308200,0.0,0.0
2015-08-04 00:00:00-04:00,9.884436863073091,9.966351875647646,9.83528764720718,9.84074878692627,341700,0.0,0.0
2015-08-05 00:00:00-04:00,9.906283394545637,9.966354908127794,9.840751781188935,9.878978729248047,485100,0.0,0.0
2015-08-06 00:00:00-04:00,9.824365471376773,9.91720276436857,9.704223521107467,9.786138534545898,814600,0.0,0.0
2015-08-07 00:00:00-04:00,9.720608754024623,9.92266681868792,9.720608754024623,9.878978729248047,384400,0.0,0.0
2015-08-10 00:00:00-04:00,9.862602713141257,9.92267427184459,9.742460637341589,9.802532196044922,445500,0.0,0.0
2015-08-11 00:00:00-04:00,9.7369997189884,9.857141797590558,9.567708371501949,9.813453674316406,521400,0.0,0.0
2015-08-12 00:00:00-04:00,9.742453454556474,9.96089390478294,9.584083477138392,9.797063827514648,1342900,0.0,0.0
2015-08-13 00:00:00-04:00,9.704222832305877,9.7642932823738,9.649612480021172,9.715145111083984,539300,0.0,0.0
2015-08-14 00:00:00-04:00,9.666006909270541,9.829837111146846,9.611396494776098,9.813453674316406,781100,0.0,0.0
2015-08-17 00:00:00-04:00,9.747919707251395,9.93905559202236,9.74245856293145,9.884445190429688,681500,0.0,0.0
2015-08-18 00:00:00-04:00,9.835298256756992,9.911752212084998,9.775226696652403,9.813453674316406,515500,0.0,0.0
2015-08-19 00:00:00-04:00,9.840748890706822,9.840748890706822,9.726067038608292,9.786138534545898,550700,0.0,0.0
2015-08-20 00:00:00-04:00,9.76976096392704,9.829832495826738,9.726072861165404,9.731534004211426,781900,0.0,0.0
2015-08-21 00:00:00-04:00,9.687846510298797,9.764300434534901,9.414795590476599,9.458483695983887,615900,0.0,0.0
2015-08-24 00:00:00-04:00,9.130822639610706,9.283731533972164,7.547127468607369,9.070752143859863,914300,0.0,0.0
2015-08-25 00:00:00-04:00,9.201811135799218,9.327414239720001,8.94514274597168,8.94514274597168,557900,0.0,0.0
2015-08-26 00:00:00-04:00,9.048906283173169,9.283730214068406,8.885076166626318,9.261885643005371,600100,0.0,0.0
2015-08-27 00:00:00-04:00,9.272874642749699,9.591492347295034,9.130046919836872,9.580506324768066,662600,0.1,0.0
2015-08-28 00:00:00-04:00,9.613460648579986,9.855170809695247,9.607967116760996,9.772769927978516,1125100,0.0,0.0
2015-08-31 00:00:00-04:00,9.761786773265468,9.761786773265468,9.56402373972756,9.728825569152832,959500,0.0,0.0
2015-09-01 00:00:00-04:00,9.695866614671425,9.701360149371146,9.48162400030533,9.564024925231934,1126600,0.0,0.0
2015-09-02 00:00:00-04:00,9.629938759390917,9.844181206133968,9.613458168186149,9.8277006149292,554500,0.0,0.0
2015-09-03 00:00:00-04:00,9.756289871482709,9.88813149906954,9.742556565068602,9.838690757751465,973200,0.0,0.0
2015-09-04 00:00:00-04:00,9.7562940763046,9.888135760713295,9.701359779188168,9.860669136047363,1274600,0.0,0.0
2015-09-08 00:00:00-04:00,9.888131836907508,10.426485429893166,9.882638304597352,10.420991897583008,3744200,0.0,0.0
2015-09-09 00:00:00-04:00,10.377045689960472,10.420992904905646,10.300138325752481,10.360566139221191,1586900,0.0,0.0
2015-09-10 00:00:00-04:00,10.294648717718518,10.431983947753906,10.294648717718518,10.431983947753906,2551100,0.0,0.0
2015-09-11 00:00:00-04:00,10.421001750704843,10.574817657470703,10.37705449845533,10.574817657470703,2604900,0.0,0.0
2015-09-14 00:00:00-04:00,10.5088878833913,10.681930509676874,10.5088878833913,10.646223068237305,1755300,0.0,0.0
2015-09-15 00:00:00-04:00,10.63524184761422,10.668202013466887,10.420998150109927,10.558333396911621,1964700,0.0,0.0
2015-09-16 00:00:00-04:00,10.591288574418996,10.657208868555394,10.426485743509637,10.635235786437988,1859600,0.0,0.0
2015-09-17 00:00:00-04:00,10.574813227930376,10.898924470427382,10.574813227930376,10.86047077178955,3381800,0.0,0.0
2015-09-18 00:00:00-04:00,10.838492135174645,10.849479201023653,10.344085697596245,10.388032913208008,19763600,0.0,0.0
2015-09-21 00:00:00-04:00,10.442967627936879,10.475927779067117,10.256191691891676,10.41000747680664,1737400,0.0,0.0
2015-09-22 00:00:00-04:00,10.31112998526138,10.333103078631316,10.08315298581304,10.173794746398926,1414600,0.0,0.0
2015-09-23 00:00:00-04:00,10.24520116264378,10.410003958159203,10.179280882664775,10.377042770385742,1210000,0.0,0.0
2015-09-24 00:00:00-04:00,10.338588879436035,10.404510205798362,10.08589273191231,10.217734336853027,811800,0.0,0.0
2015-09-25 00:00:00-04:00,10.305631219235913,10.371551513671873,10.08589515814239,10.371551513671875,1017400,0.0,0.0
2015-09-28 00:00:00-04:00,10.244529499814165,10.360505857991328,10.158928980555402,10.266620635986328,1616900,0.1,0.0
2015-09-29 00:00:00-04:00,10.239007193333528,10.354982491625352,10.073326841449548,10.095417976379395,1395000,0.0,0.0
2015-09-30 00:00:00-04:00,10.178263041755097,10.33289685509549,10.029150961722133,10.255579948425293,1460400,0.0,0.0
2015-10-01 00:00:00-04:00,10.239012041858885,10.32737451669437,10.106467276241865,10.32185173034668,884000,0.0,0.0
2015-10-02 00:00:00-04:00,10.23900954325315,10.299758071525833,10.056760798344506,10.288712501525879,454800,0.0,0.0
2015-10-05 00:00:00-04:00,10.327370768814841,10.454391648623558,10.29975684709768,10.437823295593262,1415300,0.0,0.0
2015-10-06 00:00:00-04:00,10.382601560777623,10.426782803673378,10.294239074986114,10.399169921875,592600,0.0,0.0
2015-10-07 00:00:00-04:00,10.393645450701774,10.487530708312988,10.33289585655224,10.487530708312988,1005800,0.0,0.0
2015-10-08 00:00:00-04:00,10.448873461090677,10.487531915138447,10.399169433496724,10.45439624786377,706000,0.0,0.0
2015-10-09 00:00:00-04:00,10.4543924899881,10.487528145352027,10.332893331381213,10.448869705200195,690600,0.0,0.0
2015-10-12 00:00:00-04:00,10.421255995926371,10.48200451697731,10.366029205855458,10.437823295593262,533600,0.0,0.0
2015-10-13 00:00:00-04:00,10.388116671592451,10.443343447743729,10.349458244295498,10.404685020446777,730400,0.0,0.0
2015-10-14 00:00:00-04:00,10.393647134842542,10.470964046569133,10.371557040076624,10.399169921875,806600,0.0,0.0
2015-10-15 00:00:00-04:00,10.36603270511,10.465440750122069,10.294237537772945,10.46544075012207,701300,0.0,0.0
2015-10-16 00:00:00-04:00,10.459917889037552,10.49305355268312,10.39364550838266,10.48200798034668,945500,0.0,0.0
2015-10-19 00:00:00-04:00,10.410210232107223,10.70843320751872,10.388119095147577,10.702910423278809,1261900,0.0,0.0
2015-10-20 00:00:00-04:00,10.564846332262348,10.76366239576146,10.520665101858505,10.758139610290527,984700,0.0,0.0
2015-10-21 00:00:00-04:00,10.752617662194377,10.769186019897461,10.653210676066989,10.769186019897461,974800,0.0,0.0
2015-10-22 00:00:00-04:00,10.752617656618947,10.879639625549315,10.730527566389995,10.879639625549316,1554700,0.0,0.0
2015-10-23 00:00:00-04:00,10.87412070222661,10.879643490086513,10.509625130385636,10.653214454650879,1234300,0.0,0.0
2015-10-26 00:00:00-04:00,10.752619879952801,10.8188922710703,10.592463269245055,10.73052978515625,1063700,0.0,0.0
2015-10-27 00:00:00-04:00,10.747093158046109,10.818888309917144,10.65044705363918,10.741571426391602,888100,0.0,0.0
2015-10-28 00:00:00-04:00,10.763777775586753,11.019133557349035,10.74712485118992,11.013582229614258,1308800,0.1,0.0
2015-10-29 00:00:00-04:00,10.908110094419278,11.04689012376,10.902558766188738,11.030237197875977,1043700,0.0,0.0
2015-10-30 00:00:00-04:00,11.00247550826789,11.035782403560761,10.94141198455837,10.9469633102417,689200,0.0,0.0
2015-11-02 00:00:00-05:00,10.98582606912309,11.09684944152832,10.924762526075375,11.09684944152832,1377600,0.0,0.0
2015-11-03 00:00:00-05:00,11.074648988801702,11.096853247375082,11.041341012729918,11.091301918029785,1071200,0.0,0.0
2015-11-04 00:00:00-05:00,11.080192374686481,11.080192374686481,10.99137327796489,11.04133415222168,974300,0.0,0.0
2015-11-05 00:00:00-05:00,11.06354140102976,11.06354140102976,10.952516981203557,11.057990074157715,1251700,0.0,0.0
2015-11-06 00:00:00-05:00,11.002476063949471,11.296689987182615,10.885901395133251,11.296689987182617,2896500,0.0,0.0
2015-11-09 00:00:00-05:00,11.202318987583116,11.379957174061772,11.174562359191382,11.368854522705078,2329100,0.0,0.0
2015-11-10 00:00:00-05:00,11.324444976085415,11.368854522705078,11.196767661904769,11.368854522705078,1380400,0.0,0.0
2015-11-11 00:00:00-05:00,11.280039022790517,11.307795660024295,11.027459447404091,11.102400779724121,1779900,0.0,0.0
2015-11-12 00:00:00-05:00,11.091294392801482,11.130152613046203,10.880349314841379,10.90255355834961,1182900,0.0,0.0
2015-11-13 00:00:00-05:00,10.941410834663554,11.191215170124503,10.869245725978724,10.908103942871094,2157200,0.0,0.0
2015-11-16 00:00:00-05:00,10.847046632800922,11.046889137215423,10.847046632800922,11.013582229614258,1498800,0.0,0.0
2015-11-17 00:00:00-05:00,11.057991206041365,11.09684943931582,10.874801635742188,10.874801635742188,1798300,0.0,0.0
2015-11-18 00:00:00-05:00,10.85814474789083,10.92753473411499,10.83038917692403,10.852593421936035,1463600,0.0,0.0
2015-11-19 00:00:00-05:00,10.819291134558872,10.874803358950544,10.802637149599088,10.83039379119873,1013800,0.0,0.0
2015-11-20 00:00:00-05:00,10.869253425976607,10.952521243849855,10.658308216777195,10.708269119262695,1277700,0.0,0.0
2015-11-23 00:00:00-05:00,10.75267273117126,10.88590137766479,10.666073952129391,10.852593421936035,885900,0.0,0.0
2015-11-24 00:00:00-05:00,10.802635268767935,10.880352792908033,10.7637770361016,10.8414945602417,821800,0.0,0.0
2015-11-25 00:00:00-05:00,11.08142564056385,11.08142564056385,10.780117493164617,10.819175720214844,931200,0.1,0.0
2015-11-27 00:00:00-05:00,10.847079181786473,10.936355466059839,10.808020940449031,10.835919380187988,613100,0.0,0.0
2015-11-30 00:00:00-05:00,10.869389637547824,11.020043654319569,10.796853109615022,10.880549430847168,14059800,0.0,0.0
2015-12-01 00:00:00-05:00,10.89728774176516,10.99214384429279,10.869388262047428,10.925186157226562,1576000,0.0,0.0
2015-12-02 00:00:00-05:00,10.96982947970896,10.975409378307292,10.662942506598508,10.796856880187988,1650800,0.0,0.0
2015-12-03 00:00:00-05:00,10.813596401391337,10.82475619950615,10.545767632177348,10.623885154724121,1680000,0.0,0.0
2015-12-04 00:00:00-05:00,10.662939689796982,11.30461295950036,10.640620101299758,11.287873268127441,4096400,0.0,0.0
2015-12-07 00:00:00-05:00,11.243234199024114,11.243234199024114,10.852651011855274,10.880549430847168,1877200,0.0,0.0
2015-12-08 00:00:00-05:00,10.874973643539539,10.900082655822809,10.763378861147016,10.819175720214844,1262400,0.0,0.0
2015-12-09 00:00:00-05:00,10.78011716940477,10.819175395281958,10.685261021878668,10.713160514831543,1315100,0.0,0.0
2015-12-10 00:00:00-05:00,10.713160529726668,10.874973332050974,10.690840935333336,10.796856880187988,1068800,0.0,0.0
2015-12-11 00:00:00-05:00,10.763377529151493,10.835914075517206,10.612723474095702,10.707579612731934,1172900,0.0,0.0
2015-12-14 00:00:00-05:00,10.774536585802055,11.326933740067215,10.718738667700604,11.232077598571777,3703200,0.0,0.0
2015-12-15 00:00:00-05:00,11.243241529910692,11.438533782958986,11.193023491576641,11.438533782958984,3163900,0.0,0.0
2015-12-16 00:00:00-05:00,11.427374982729471,11.561289408590685,11.321360060750127,11.444114685058594,3656000,0.0,0.0
2015-12-17 00:00:00-05:00,11.444107195267451,11.578021533486142,11.388309288278858,11.538963317871094,1528100,0.0,0.0
2015-12-18 00:00:00-05:00,11.49990643861227,11.70077743715441,11.410630202758723,11.488746643066406,9042400,0.0,0.0
2015-12-21 00:00:00-05:00,11.52780414266313,11.533384040087284,11.153959529297683,11.181859016418457,1289400,0.0,0.0
2015-12-22 00:00:00-05:00,11.276714107382464,11.299033697133558,11.070263223467926,11.092581748962402,1061700,0.0,0.0
2015-12-23 00:00:00-05:00,11.187436934806584,11.282293054747745,11.059102497314578,11.265554428100586,566800,0.0,0.0
2015-12-24 00:00:00-05:00,11.276712484274794,11.315771760717233,11.109319842261627,11.126059532165527,623900,0.0,0.0
2015-12-28 00:00:00-05:00,11.137223944886072,11.377154301337717,11.087006978059849,11.371574401855469,629900,0.0,0.0
2015-12-29 00:00:00-05:00,11.410631249547732,11.505487391876128,11.354833330956303,11.499907493591309,586400,0.0,0.0
2015-12-30 00:00:00-05:00,11.483084777432015,11.567189190257482,11.443836122743173,11.505513191223145,525500,0.1,0.0
2015-12-31 00:00:00-05:00,11.511118674430461,11.511118674430461,11.197127342224121,11.197127342224121,770000,0.0,0.0
2016-01-04 00:00:00-05:00,11.04574324691486,11.141061882548186,10.8831404281215,11.079384803771973,799600,0.0,0.0
2016-01-05 00:00:00-05:00,11.01209409157979,11.213945451937114,10.984059655728018,11.152268409729004,739000,0.0,0.0
2016-01-06 00:00:00-05:00,11.045737897765635,11.264409515608884,11.000882153863294,11.25880241394043,734100,0.0,0.0
2016-01-07 00:00:00-05:00,10.961640039255613,11.169098666988472,10.944819792038107,11.000889778137207,800500,0.0,0.0
2016-01-08 00:00:00-05:00,10.978459239408377,11.07826313236728,10.698110432406686,10.748573303222656,1092800,0.0,0.0
2016-01-11 00:00:00-05:00,10.754181463417073,10.871927460582723,10.720539902719164,10.83267879486084,487000,0.0,0.0
2016-01-12 00:00:00-05:00,10.927994604760993,11.07377608920553,10.726143154076915,10.843890190124512,923100,0.0,0.0
2016-01-13 00:00:00-05:00,10.877530739290377,10.877530739290377,10.60839620948689,10.698107719421387,908700,0.0,0.0
2016-01-14 00:00:00-05:00,10.731754021487724,10.776609796322047,10.36730071727809,10.479440689086914,814300,0.0,0.0
2016-01-15 00:00:00-05:00,10.305618755684412,10.311225858569692,10.086947090386099,10.249549865722656,625400,0.0,0.0
2016-01-19 00:00:00-05:00,10.154230096617692,10.185629013635149,9.587925603185452,9.677637100219727,1462200,0.0,0.0
2016-01-20 00:00:00-05:00,9.498219071027846,9.957991001020273,9.167407351751157,9.868279457092285,1208600,0.0,0.0
2016-01-21 00:00:00-05:00,9.929950635742077,10.154230455704434,9.700064782781556,9.99162769317627,899200,0.0,0.0
2016-01-22 00:00:00-05:00,10.143016240082556,10.187871990138468,9.744920522571585,9.857060432434082,645000,0.0,0.0
2016-01-25 00:00:00-05:00,9.868271551270183,10.06451579743667,9.711275940447972,9.761738777160645,487800,0.0,0.0
2016-01-26 00:00:00-05:00,9.784172043865322,9.997236628559275,9.67203211332389,9.918739318847656,625500,0.0,0.0
2016-01-27 00:00:00-05:00,9.845850537435526,9.969204706169842,9.744924788269598,9.862671852111816,530000,0.0,0.0
2016-01-28 00:00:00-05:00,9.952381586602286,10.047700213589826,9.845848751864278,9.94677448272705,323000,0.0,0.0
2016-01-29 00:00:00-05:00,9.958052785368789,10.335849851256867,9.958052785368789,10.313295364379883,754300,0.1,0.0
2016-02-01 00:00:00-05:00,10.29637736014607,10.459900864245116,10.149769450138631,10.380958557128906,679700,0.0,0.0
2016-02-02 00:00:00-05:00,10.352766619493565,10.448625609507706,10.161048639465282,10.3414888381958,672800,0.0,0.0
2016-02-03 00:00:00-05:00,10.426066586076411,10.473996602927768,10.211794190086751,10.431705474853516,440500,0.0,0.0
2016-02-04 00:00:00-05:00,10.437343041309163,10.668532074340478,10.397871900378147,10.634699821472168,404800,0.0,0.0
2016-02-05 00:00:00-05:00,10.612144485632122,10.713642321814797,10.527563313982544,10.691086769104004,545400,0.0,0.0
2016-02-08 00:00:00-05:00,10.679813198607365,10.708006572251643,10.245628361232578,10.674174308776855,610200,0.0,0.0
2016-02-09 00:00:00-05:00,10.572676323023042,11.057610087868339,10.414790636082927,10.882807731628418,1092300,0.0,0.0
2016-02-10 00:00:00-05:00,10.927918039457131,10.973028083176452,10.83769795201849,10.94483470916748,693300,0.0,0.0
2016-02-11 00:00:00-05:00,10.882807664818149,10.939195486629753,10.459900614493481,10.668535232543945,541600,0.0,0.0
2016-02-12 00:00:00-05:00,10.724925182566427,10.96175322076377,10.623427298266357,10.888448715209961,571500,0.0,0.0
2016-02-16 00:00:00-05:00,10.911004278613735,10.98994659951003,10.783568356806091,10.888448715209961,498600,0.0,0.0
2016-02-17 00:00:00-05:00,10.911006687351987,11.187305946993922,10.77567650357892,11.147834777832031,796700,0.0,0.0
2016-02-18 00:00:00-05:00,11.209850954211465,11.22676761618416,10.995578613429597,11.20421314239502,897700,0.0,0.0
2016-02-19 00:00:00-05:00,11.21549715950015,11.576378655166899,11.051973622431621,11.085805892944336,622400,0.0,0.0
2016-02-22 00:00:00-05:00,11.164746194927698,11.232411799212747,11.01250046742585,11.057610511779785,462800,0.0,0.0
2016-02-23 00:00:00-05:00,11.051976019912313,11.226777376907181,10.995588173153372,11.046337127685547,493500,0.0,0.0
2016-02-24 00:00:00-05:00,10.978661951456901,11.260599864621764,10.894080792609,11.20421314239502,544800,0.0,0.0
2016-02-25 00:00:00-05:00,11.221137873792163,11.277525717481304,11.111182170128107,11.271886825561523,915200,0.0,0.0
2016-02-26 00:00:00-05:00,11.153470674506025,11.249329663372919,10.67981462075295,10.71364688873291,910500,0.0,0.0
2016-02-29 00:00:00-05:00,10.753319412227805,11.067926463965422,10.713639438350665,10.775994300842285,1027300,0.1,0.0
2016-03-01 00:00:00-05:00,10.866696467848673,10.940387725830078,10.72498159533171,10.940387725830078,528600,0.0,0.0
2016-03-02 00:00:00-05:00,10.963063593369904,11.212482093780046,10.923383598549858,11.17280101776123,1131100,0.0,0.0
2016-03-03 00:00:00-05:00,11.144458365350081,11.280504523929883,11.09910964582348,11.252161979675293,575000,0.0,0.0
2016-03-04 00:00:00-05:00,11.240821959548486,11.320181930276586,11.206810697979087,11.314513206481934,802800,0.0,0.0
2016-03-07 00:00:00-05:00,11.25782660108839,11.320180391959179,11.201140452043555,11.280500411987305,511500,0.0,0.0
2016-03-08 00:00:00-05:00,11.178467959442685,11.30317773035037,11.133119246712234,11.155794143676758,498700,0.0,0.0
2016-03-09 00:00:00-05:00,11.110445089976201,11.2691650390625,11.07643382677179,11.2691650390625,521100,0.0,0.0
2016-03-10 00:00:00-05:00,11.280504924892552,11.30884855135337,11.116116216215003,11.297511100769043,893500,0.0,0.0
2016-03-11 00:00:00-05:00,11.297511839862718,11.325854386978934,11.240825664431421,11.320185661315918,549500,0.0,0.0
2016-03-14 00:00:00-04:00,11.308849291188752,11.331523112641952,11.235156938768403,11.320185661315918,543900,0.0,0.0
2016-03-15 00:00:00-04:00,11.308846124373789,11.308846124373789,11.096273836932166,11.104776382446289,371900,0.0,0.0
2016-03-16 00:00:00-04:00,11.104778478412227,11.212482093780046,11.06509848359218,11.17280101776123,497300,0.0,0.0
2016-03-17 00:00:00-04:00,11.206812880636903,11.32018413501478,11.172800531244691,11.286172866821289,997000,0.0,0.0
2016-03-18 00:00:00-04:00,11.26917209671526,11.331527019307103,10.974405829006647,11.087777137756348,1764000,0.0,0.0
2016-03-21 00:00:00-04:00,11.065098211082889,11.235155636466022,10.866697160670071,11.11044692993164,810700,0.0,0.0
2016-03-22 00:00:00-04:00,11.031085713637179,11.073600610014202,10.934720633420222,11.048091888427734,660500,0.0,0.0
2016-03-23 00:00:00-04:00,11.048089529991923,11.087769514834003,10.883700866903528,10.923380851745605,521400,0.0,0.0
2016-03-24 00:00:00-04:00,10.900712312447489,10.99140978245232,10.810014842442657,10.951729774475098,489200,0.0,0.0
2016-03-28 00:00:00-04:00,10.968734051312342,11.048094053489413,10.946059147148071,11.031087875366211,418700,0.0,0.0
2016-03-29 00:00:00-04:00,10.974400648050107,11.150126796432264,10.974400648050107,11.12745189666748,677800,0.0,0.0
2016-03-30 00:00:00-04:00,11.184432909109743,11.312629637518263,11.101818205677844,11.230013847351074,552200,0.1,0.0
2016-03-31 00:00:00-04:00,11.195828290246473,11.28699016571045,11.150247352514485,11.28699016571045,599700,0.0,0.0
2016-04-01 00:00:00-04:00,11.207221498399154,11.269895682455454,11.121757393517418,11.178733825683594,596300,0.0,0.0
2016-04-04 00:00:00-04:00,11.19582513663519,11.20152288808867,11.03059469142415,11.1559419631958,574000,0.0,0.0
2016-04-05 00:00:00-04:00,11.087573117306183,11.127457388577263,10.876761688549701,10.985016822814941,869900,0.0,0.0
2016-04-06 00:00:00-04:00,11.00780411892026,11.00780411892026,10.791294988840232,10.836875915527344,373200,0.0,0.0
2016-04-07 00:00:00-04:00,10.802686707023376,10.836873208550417,10.631758546327145,10.700130462646484,346200,0.0,0.0
2016-04-08 00:00:00-04:00,10.757108991968096,10.882457361388969,10.700133645942318,10.796993255615234,275900,0.0,0.0
2016-04-11 00:00:00-04:00,10.734312481721958,10.87675293282046,10.734312481721958,10.81977653503418,311100,0.0,0.0
2016-04-12 00:00:00-04:00,10.82547811325122,10.916639947266132,10.711525277365189,10.751409530639648,367900,0.0,0.0
2016-04-13 00:00:00-04:00,10.814083383614165,10.962221646137834,10.648852955202864,10.956523895263672,437500,0.0,0.0
2016-04-14 00:00:00-04:00,10.836870078925916,10.979310533948386,10.705825121121503,10.973612785339355,624600,0.0,0.0
2016-04-15 00:00:00-04:00,10.99641124215712,11.07048094492528,10.945132551543862,10.985016822814941,411000,0.0,0.0
2016-04-18 00:00:00-04:00,11.002104367842414,11.053383036888476,10.876757113915824,10.916640281677246,435400,0.0,0.0
2016-04-19 00:00:00-04:00,10.928036669068002,11.047686182054122,10.882455746968304,10.996407508850098,713900,0.0,0.0
2016-04-20 00:00:00-04:00,10.985019848265548,11.04199522087419,10.819788224840886,10.950833320617676,678600,0.0,0.0
2016-04-21 00:00:00-04:00,10.90524850918778,10.951969428389042,10.55199654245621,10.648856163024902,745400,0.0,0.0
2016-04-22 00:00:00-04:00,10.654549946156957,10.762803944840424,10.626061193818057,10.751409530639648,451300,0.0,0.0
2016-04-25 00:00:00-04:00,10.69443455953508,10.774200903405935,10.626062631406542,10.745713233947754,511800,0.0,0.0
2016-04-26 00:00:00-04:00,10.751412876373086,10.882457917707596,10.711528610687038,10.779900550842285,461700,0.0,0.0
2016-04-27 00:00:00-04:00,10.796994259841888,10.802690925586258,10.626064945661245,10.785598754882812,301100,0.0,0.0
2016-04-28 00:00:00-04:00,10.774143071516155,10.894429131871421,10.71113712800294,10.82569408416748,447600,0.1,0.0
2016-04-29 00:00:00-04:00,10.814234478044957,10.854330546550571,10.596575568688126,10.842874526977539,591600,0.0,0.0
2016-05-02 00:00:00-04:00,10.842877086116868,10.940251090457574,10.625217032881684,10.705408096313477,609500,0.0,0.0
2016-05-03 00:00:00-04:00,10.653856363444357,10.808509376136987,10.625216309701457,10.774141311645508,437100,0.0,0.0
2016-05-04 00:00:00-04:00,10.756959280592481,10.87151622772217,10.71113628323932,10.871516227722168,702700,0.0,0.0
2016-05-05 00:00:00-04:00,10.854327931403814,10.86578285571084,10.699674981947076,10.814231872558594,562500,0.0,0.0
2016-05-06 00:00:00-04:00,10.567934527854185,10.928790333180656,10.567934527854185,10.923062324523926,505300,0.0,0.0
2016-05-09 00:00:00-04:00,10.865785927343639,11.0147109104933,10.831418959695627,11.003254890441895,711700,0.0,0.0
2016-05-10 00:00:00-04:00,11.014709338338672,11.169362309440064,10.963158347971543,11.163634300231934,747200,0.0,0.0
2016-05-11 00:00:00-04:00,11.140726156684769,11.140726156684769,10.934522143376544,10.945978164672852,420100,0.0,0.0
2016-05-12 00:00:00-04:00,10.963158966441977,11.017574510735969,10.831418024741138,10.854330062866211,498200,0.0,0.0
2016-05-13 00:00:00-04:00,10.8715170851346,10.8715170851346,10.73404808223324,10.82569408416748,306500,0.0,0.0
2016-05-16 00:00:00-04:00,10.819965199791552,10.923067216778438,10.768414191298108,10.894428253173828,462600,0.0,0.0
2016-05-17 00:00:00-04:00,10.882972587109169,10.945979620110291,10.59371511220727,10.671040534973145,456900,0.0,0.0
2016-05-18 00:00:00-04:00,10.636667484678274,10.69967448169763,10.487742550590788,10.653851509094238,500200,0.0,0.0
2016-05-19 00:00:00-04:00,10.579390896044375,10.653853926235175,10.344547971607717,10.373188018798828,600900,0.0,0.0
2016-05-20 00:00:00-04:00,10.378915901531885,10.510656839484438,10.327364909723306,10.424738883972168,621300,0.0,0.0
2016-05-23 00:00:00-04:00,10.447650071026837,10.545024047532,10.287269082516541,10.419011116027832,796300,0.0,0.0
2016-05-24 00:00:00-04:00,10.453381830260412,10.64240184157308,10.384646784098308,10.590850830078125,762400,0.0,0.0
2016-05-25 00:00:00-04:00,10.608033851119574,10.711135864257812,10.545026822533673,10.711135864257812,438500,0.0,0.0
2016-05-26 00:00:00-04:00,10.693950586955662,10.693950586955662,10.476291656494142,10.47629165649414,631700,0.0,0.0
2016-05-27 00:00:00-04:00,10.482016187960836,10.60803020178173,10.482016187960836,10.562207221984863,356900,0.0,0.0
2016-05-31 00:00:00-04:00,10.487340919539546,10.596764339404288,10.475823532024796,10.498859405517578,762200,0.1,0.0
2016-06-01 00:00:00-04:00,10.521894692870788,10.662992278889835,10.481581096865346,10.625558853149414,713700,0.0,0.0
2016-06-02 00:00:00-04:00,10.579486504280794,10.786813735961914,10.556449534947806,10.786813735961914,867700,0.0,0.0
2016-06-03 00:00:00-04:00,10.861682787830972,10.870321102099265,10.671632184686437,10.786813735961914,468200,0.0,0.0
2016-06-06 00:00:00-04:00,10.781057004016152,10.878961949552375,10.602524843966593,10.677393913269043,484500,0.0,0.0
2016-06-07 00:00:00-04:00,10.688911306638992,10.723466768699273,10.596765604738405,10.671634674072266,505600,0.0,0.0
2016-06-08 00:00:00-04:00,10.671628953418994,10.717701779671403,10.596759924219564,10.66586971282959,399100,0.0,0.0
2016-06-09 00:00:00-04:00,10.688908318959491,10.688908318959491,10.556449046809295,10.625558853149414,366200,0.0,0.0
2016-06-10 00:00:00-04:00,10.579486381341667,10.579486381341667,10.36063956907401,10.366398811340332,521900,0.0,0.0
2016-06-13 00:00:00-04:00,10.36639786020714,10.464302772825395,10.320325024766964,10.360638618469238,479900,0.0,0.0
2016-06-14 00:00:00-04:00,10.331845279979563,10.38367736604597,10.196505822088033,10.337604522705078,719200,0.0,0.0
2016-06-15 00:00:00-04:00,10.343358306318082,10.527650700449172,10.320322443590927,10.464300155639648,828400,0.0,0.0
2016-06-16 00:00:00-04:00,10.475818772942365,10.51613235708805,10.297285616778927,10.504613876342773,636500,0.0,0.0
2016-06-17 00:00:00-04:00,10.539169439731037,10.723461857593826,10.498855850920178,10.591001510620117,1147200,0.0,0.0
2016-06-20 00:00:00-04:00,10.654353271601417,10.775294051746528,10.631316304832994,10.688907623291016,791500,0.0,0.0
2016-06-21 00:00:00-04:00,10.72922025146287,10.74880145176188,10.533411543861577,10.711943626403809,718700,0.0,0.0
2016-06-22 00:00:00-04:00,10.792573684931364,10.798332927641694,10.694668755782217,10.717705726623535,593400,0.0,0.0
2016-06-23 00:00:00-04:00,10.775295251295418,10.81560994762815,10.648595215353449,10.786813735961914,567500,0.0,0.0
2016-06-24 00:00:00-04:00,10.60252486625733,10.82712987771006,10.504619920515271,10.648597717285156,1158500,0.0,0.0
2016-06-27 00:00:00-04:00,10.567969735146187,10.579488221682514,10.251217946177208,10.308809280395508,757000,0.0,0.0
2016-06-28 00:00:00-04:00,10.418230423690073,10.67163157967089,10.418230423690073,10.556448936462402,722800,0.0,0.0
2016-06-29 00:00:00-04:00,10.67805657563411,10.82282414974443,10.591196252065707,10.793869972229004,1023600,0.1,0.0
2016-06-30 00:00:00-04:00,10.770704987758576,10.898100022868972,10.649099682185723,10.892309188842773,705300,0.0,0.0
2016-07-01 00:00:00-04:00,10.880733232943461,10.979174139609638,10.857569887029685,10.950221061706543,863500,0.0,0.0
2016-07-05 00:00:00-04:00,10.898095042218124,11.063129870830211,10.898095042218124,11.008118629455566,1081400,0.0,0.0
2016-07-06 00:00:00-04:00,10.967584502065595,11.04865393674939,10.958897702286466,11.025491714477539,723400,0.0,0.0
2016-07-07 00:00:00-04:00,11.054453598060157,11.094988347778731,10.956011589676864,11.066035270690918,632300,0.0,0.0
2016-07-08 00:00:00-04:00,11.112358433191144,11.23396265582577,11.02549811638229,11.19921875,686300,0.0,0.0
2016-07-11 00:00:00-04:00,11.22816931261518,11.286076545715334,11.152890682727005,11.286076545715332,626500,0.0,0.0
2016-07-12 00:00:00-04:00,11.28608438826381,11.329515119390507,11.205014868282639,11.326619148254395,859000,0.0,0.0
2016-07-13 00:00:00-04:00,11.315030337074683,11.407681465148926,11.205006708303307,11.407681465148926,1094500,0.0,0.0
2016-07-14 00:00:00-04:00,11.384518035757667,11.436634432925018,11.297657741974936,11.419261932373047,826700,0.0,0.0
2016-07-15 00:00:00-04:00,11.42505584340361,11.517706995660669,11.320823020992208,11.511916160583496,826900,0.0,0.0
2016-07-18 00:00:00-04:00,11.482965918815951,11.662477432480257,11.471384245808157,11.506129264831543,1428300,0.0,0.0
2016-07-19 00:00:00-04:00,11.517700433544913,11.616142364792656,11.459794324742427,11.604561805725098,1051300,0.0,0.0
2016-07-20 00:00:00-04:00,11.581410367052104,11.668270723907124,11.564037853885356,11.633526802062988,1073400,0.0,0.0
2016-07-21 00:00:00-04:00,11.627722776455805,11.731955528259277,11.59297889401735,11.731955528259277,1502600,0.0,0.0
2016-07-22 00:00:00-04:00,11.720382296471616,11.83040595857001,11.66826588308232,11.789871215820312,1001800,0.0,0.0
2016-07-25 00:00:00-04:00,11.813032871554222,11.85935844734507,11.737754225077417,11.77249813079834,796500,0.0,0.0
2016-07-26 00:00:00-04:00,11.766707806978026,11.773077394446561,11.581405495764026,11.639312744140625,853600,0.0,0.0
2016-07-27 00:00:00-04:00,11.639312238460763,11.798556336211243,11.581404992599992,11.77249813079834,1017700,0.0,0.0
2016-07-28 00:00:00-04:00,11.755129459854048,11.95780433422861,11.708803868953224,11.923060417175293,2282100,0.0,0.0
2016-07-29 00:00:00-04:00,11.85322570800781,11.987061563410176,11.83576842300272,11.853225708007812,915100,0.1,0.0
2016-08-01 00:00:00-04:00,11.812497428101205,11.917238966123756,11.725213183042209,11.911419868469238,658400,0.0,0.0
2016-08-02 00:00:00-04:00,11.806676020621182,11.8997793363681,11.725209786933325,11.760123252868652,854400,0.0,0.0
2016-08-03 00:00:00-04:00,11.760118745248068,11.777576026463938,11.579731278865308,11.632102012634277,529700,0.0,0.0
2016-08-04 00:00:00-04:00,11.63792798621628,11.707756042480469,11.527367359581019,11.707756042480469,732200,0.0,0.0
2016-08-05 00:00:00-04:00,11.742666194483542,11.748485290016347,11.620467408052633,11.696114540100098,642200,0.0,0.0
2016-08-08 00:00:00-04:00,11.684479430599309,11.812496236446094,11.661204152208656,11.701936721801758,806700,0.0,0.0
2016-08-09 00:00:00-04:00,11.783397281169892,11.870681483499084,11.57391430767675,11.637923240661621,800900,0.0,0.0
2016-08-10 00:00:00-04:00,11.608830730809375,11.667019468404186,11.504089227332269,11.591373443603516,632600,0.0,0.0
2016-08-11 00:00:00-04:00,11.579734598115348,11.614648060676146,11.335338140431833,11.39352798461914,760100,0.0,0.0
2016-08-12 00:00:00-04:00,11.445900187911516,11.591374261926722,11.431353002485817,11.451719284057617,465500,0.0,0.0
2016-08-15 00:00:00-04:00,11.56228207908527,11.605923643620962,11.454630444829405,11.5040922164917,813900,0.0,0.0
2016-08-16 00:00:00-04:00,11.504087899350427,11.562277740107085,11.47499242403265,11.515726089477539,641700,0.0,0.0
2016-08-17 00:00:00-04:00,11.515730410986276,11.539005690096115,11.381893394057272,11.5040922164917,550400,0.0,0.0
2016-08-18 00:00:00-04:00,11.47499096412602,11.603008819479363,11.47499096412602,11.568094253540039,589700,0.0,0.0
2016-08-19 00:00:00-04:00,11.486633427903213,11.626288414001465,11.42262447640349,11.626288414001465,679900,0.0,0.0
2016-08-22 00:00:00-04:00,11.620466006452029,11.637923290944833,11.495358242284064,11.614646911621094,634700,0.0,0.0
2016-08-23 00:00:00-04:00,11.579736566814821,11.678658985787596,11.486633244237993,11.509909629821777,599100,0.0,0.0
2016-08-24 00:00:00-04:00,11.451712152024013,11.50990196736577,11.422616689413928,11.44007396697998,350300,0.0,0.0
2016-08-25 00:00:00-04:00,11.434257687275911,11.512813790830258,11.416801515294068,11.463353157043457,355300,0.0,0.0
2016-08-26 00:00:00-04:00,11.474994558762916,11.521546218052617,11.32370138860161,11.451719284057617,463400,0.0,0.0
2016-08-29 00:00:00-04:00,11.463360754633767,11.521549512977346,11.376075397359555,11.41680908203125,811700,0.0,0.0
2016-08-30 00:00:00-04:00,11.451718507035087,11.451718507035087,11.306244442890595,11.410985946655273,643200,0.0,0.0
2016-08-31 00:00:00-04:00,11.405137723300498,11.551357437701787,11.299859350440709,11.475323677062988,2345400,0.1,0.0
2016-09-01 00:00:00-04:00,11.229675809255358,11.253070386166298,10.972328769826918,11.077607154846191,2306000,0.0,0.0
2016-09-02 00:00:00-04:00,11.089305302591754,11.171189121163811,10.878749621214855,10.96063232421875,1619700,0.0,0.0
2016-09-06 00:00:00-04:00,10.966479454765354,11.024967568304366,10.831957574523214,10.943083763122559,1438300,0.0,0.0
2016-09-07 00:00:00-04:00,10.919686413448346,10.960627747856165,10.831954823207635,10.878745079040527,1185200,0.0,0.0
2016-09-08 00:00:00-04:00,10.831954896654796,10.902139723096182,10.73837438435448,10.867047309875488,1371100,0.0,0.0
2016-09-09 00:00:00-04:00,10.796861016425442,10.814407780248489,10.592154349661577,10.668188095092773,1393100,0.0,0.0
2016-09-12 00:00:00-04:00,10.697434964584751,10.878747100176792,10.615551164988425,10.861200332641602,1876800,0.0,0.0
2016-09-13 00:00:00-04:00,10.831955499121747,10.849501148924121,10.603852011581004,10.644794464111328,1224500,0.0,0.0
2016-09-14 00:00:00-04:00,10.685734712228793,10.796860868212946,10.63309553704992,10.691583633422852,1132800,0.0,0.0
2016-09-15 00:00:00-04:00,10.720831686510126,10.81441223430675,10.662343565245203,10.796865463256836,957100,0.0,0.0
2016-09-16 00:00:00-04:00,10.767619158997444,10.814409420722336,10.668189713386067,10.738375663757324,844600,0.0,0.0
2016-09-19 00:00:00-04:00,10.761771970961442,10.849503586386495,10.732528471009097,10.814411163330078,853000,0.0,0.0
2016-09-20 00:00:00-04:00,10.820260962591751,10.834882713751902,10.750074995227676,10.826109886169434,1087700,0.0,0.0
2016-09-21 00:00:00-04:00,10.802712837924036,10.937235832214355,10.770545435630577,10.937235832214355,1079200,0.0,0.0
2016-09-22 00:00:00-04:00,10.937235773693594,11.048361960442877,10.937235773693594,10.995722770690918,1177200,0.0,0.0
2016-09-23 00:00:00-04:00,10.954775481342883,11.048355964433462,10.902136320158515,11.036659240722656,1349300,0.0,0.0
2016-09-26 00:00:00-04:00,10.989876175827924,11.042514255818856,10.86705101433419,10.907992362976074,1448000,0.0,0.0
2016-09-27 00:00:00-04:00,10.902138823027375,10.91968558597293,10.791012671075018,10.831954002380371,944100,0.0,0.0
2016-09-28 00:00:00-04:00,10.849505270955806,10.937238015570866,10.791018261970017,10.896295547485352,689600,0.0,0.0
2016-09-29 00:00:00-04:00,10.890444945200255,10.913839519679275,10.83195683565085,10.861200332641602,744900,0.0,0.0
2016-09-30 00:00:00-04:00,10.914121668261116,10.937644021249778,10.755350272017745,10.884719848632812,1042300,0.1,0.0
2016-10-03 00:00:00-04:00,10.855318367931472,10.878840724084961,10.770052630894261,10.843558311462402,1204500,0.0,0.0
2016-10-04 00:00:00-04:00,10.831797907255842,10.861199732940623,10.661264177782408,10.74359130859375,1116500,0.0,0.0
2016-10-05 00:00:00-04:00,10.76123413917688,10.790637092436258,10.620103328355803,10.684788703918457,1530600,0.0,0.0
2016-10-06 00:00:00-04:00,10.625982178088297,10.7788741451639,10.537775575977546,10.761232376098633,1342400,0.0,0.0
2016-10-07 00:00:00-04:00,10.755353660116425,10.84944085849491,10.63774410133938,10.714189529418945,861600,0.0,0.0
2016-10-10 00:00:00-04:00,10.72006841554464,10.840617689406045,10.714187826379732,10.837677955627441,650100,0.0,0.0
2016-10-11 00:00:00-04:00,10.79651525746659,10.840617995035252,10.593638851184458,10.749471664428711,1092000,0.0,0.0
2016-10-12 00:00:00-04:00,10.749467123247115,10.849434856421562,10.705363282702674,10.796510696411133,728600,0.0,0.0
2016-10-13 00:00:00-04:00,10.790630072595476,10.902358979079953,10.731825325940108,10.878836631774902,1044900,0.0,0.0
2016-10-14 00:00:00-04:00,10.867077842707012,10.902361371406919,10.796513028522192,10.814153671264648,641600,0.0,0.0
2016-10-17 00:00:00-04:00,10.802396503917594,10.837678920440334,10.725949959575892,10.761232376098633,601600,0.0,0.0
2016-10-18 00:00:00-04:00,10.778873650218086,10.849439601631108,10.731830056478655,10.82591724395752,901200,0.0,0.0
2016-10-19 00:00:00-04:00,10.820036188132711,10.878840958174111,10.767112007256221,10.837677955627441,846000,0.0,0.0
2016-10-20 00:00:00-04:00,10.861199713507983,10.867080302955967,10.620101154179343,10.72006893157959,574300,0.0,0.0
2016-10-21 00:00:00-04:00,10.678908361942396,10.702430725097656,10.631864757239883,10.702430725097656,647900,0.0,0.0
2016-10-24 00:00:00-04:00,10.73182776027434,10.825914927622119,10.702425941080975,10.755350112915039,695700,0.0,0.0
2016-10-25 00:00:00-04:00,10.743590356293002,10.772992179371634,10.643622587574935,10.667143821716309,513300,0.0,0.0
2016-10-26 00:00:00-04:00,10.649508515959653,10.684790945665437,10.537779513348415,10.5730619430542,640000,0.0,0.0
2016-10-27 00:00:00-04:00,10.537770506262849,10.561291732092696,10.37899802588416,10.478965759277344,775600,0.0,0.0
2016-10-28 00:00:00-04:00,10.496609198059875,10.543652778848186,10.437804441672625,10.484848022460938,520000,0.0,0.0
2016-10-31 00:00:00-04:00,10.532159659627375,10.668173812441184,10.467110589603863,10.662260055541992,841300,0.1,0.0
2016-11-01 00:00:00-04:00,10.632691310282947,10.680000237717262,10.41388794387442,10.514419555664062,657300,0.0,0.0
2016-11-02 00:00:00-04:00,10.508506831303368,10.567643278390427,10.422759039423827,10.449370384216309,655000,0.0,0.0
2016-11-03 00:00:00-04:00,10.467106919202248,10.490760810570729,10.325179059257751,10.337006568908691,690100,0.0,0.0
2016-11-04 00:00:00-04:00,10.331095539179474,10.496677334168975,10.325181782794095,10.467109680175781,459800,0.0,0.0
2016-11-07 00:00:00-05:00,10.555813831723825,10.662259191414767,10.508504908298262,10.59129524230957,806500,0.0,0.0
2016-11-08 00:00:00-05:00,10.573553061385732,10.573553061385732,10.39023113990962,10.532157897949219,959700,0.0,0.0
2016-11-09 00:00:00-05:00,10.384320120898538,10.478937984529155,10.289702257267919,10.41980266571045,1246700,0.0,0.0
2016-11-10 00:00:00-05:00,10.40797615605045,10.4286737452229,10.242394314736828,10.3192720413208,1398300,0.0,0.0
2016-11-11 00:00:00-05:00,10.283786640453592,10.425713410238647,10.2601327427896,10.366578102111816,1239700,0.0,0.0
2016-11-14 00:00:00-05:00,10.508504882055544,10.762790767808061,10.378404497009864,10.7391357421875,2784700,0.0,0.0
2016-11-15 00:00:00-05:00,10.76278778106124,10.792355426948015,10.366575235338141,10.520329475402832,1780100,0.0,0.0
2016-11-16 00:00:00-05:00,10.54398446929934,10.626774788787895,10.467107905193329,10.478934288024902,1260500,0.0,0.0
2016-11-17 00:00:00-05:00,10.508503913879395,10.632689403144695,10.449367483210091,10.508503913879395,1269600,0.0,0.0
2016-11-18 00:00:00-05:00,10.538069611761541,10.579464767176383,10.490760701582667,10.520329475402832,1059400,0.0,0.0
2016-11-21 00:00:00-05:00,10.502588324004417,10.609033655034429,10.496674569176816,10.538069725036621,1410900,0.0,0.0
2016-11-22 00:00:00-05:00,10.496675545897077,10.739133876722553,10.496675545897077,10.727306365966797,894100,0.0,0.0
2016-11-23 00:00:00-05:00,10.750966977723126,10.762794494628908,10.620866547627715,10.762794494628906,967900,0.0,0.0
2016-11-25 00:00:00-05:00,10.762787861841103,10.872189505963352,10.750960352224265,10.851491928100586,470700,0.0,0.0
2016-11-28 00:00:00-05:00,10.88106438830204,10.940200834616476,10.792360282797334,10.798274040222168,1030200,0.0,0.0
2016-11-29 00:00:00-05:00,10.93428784555048,11.123523584707264,10.851497491652882,11.11169719696045,2172300,0.0,0.0
2016-11-30 00:00:00-05:00,11.11169382066201,11.194927116991686,10.86318119681273,10.963062286376953,2776800,0.1,0.0
2016-12-01 00:00:00-05:00,10.963060318570012,11.266268730163574,10.879825903211826,11.266268730163574,2468800,0.0,0.0
2016-12-02 00:00:00-05:00,11.058185845185534,11.391120148443122,11.052240448024149,11.385174751281738,3715100,0.0,0.0
2016-12-05 00:00:00-05:00,11.39112197802244,11.57542478375281,11.343559927060772,11.551644325256348,3835200,0.0,0.0
2016-12-06 00:00:00-05:00,11.533802981606563,11.70621604809874,11.486240951879106,11.634872436523438,3172200,0.0,0.0
2016-12-07 00:00:00-05:00,11.62893176145532,11.763889911890509,11.611096701798097,11.735946655273438,1836900,0.0,0.0
2016-12-08 00:00:00-05:00,11.724052247005282,11.765670019308795,11.628928178248236,11.694326400756836,1248000,0.0,0.0
2016-12-09 00:00:00-05:00,11.712166389635525,11.762700571450546,11.653307743483728,11.730001449584961,1727100,0.0,0.0
2016-12-12 00:00:00-05:00,11.694330195717374,11.771618101425263,11.646768145904353,11.730001449584961,1572900,0.0,0.0
2016-12-13 00:00:00-05:00,11.724053775970066,11.753780760063636,11.646765885263779,11.706218719482422,1664700,0.0,0.0
2016-12-14 00:00:00-05:00,11.70027584698641,11.795399948671767,11.605151745301052,11.617042541503906,1658700,0.0,0.0
2016-12-15 00:00:00-05:00,11.622985489302716,11.658657873871288,11.468409692046682,11.563533782958984,1418400,0.0,0.0
2016-12-16 00:00:00-05:00,11.563533182910737,11.700273914755424,11.557587785791156,11.622984886169434,4697900,0.0,0.0
2016-12-19 00:00:00-05:00,11.622983161901248,11.741888818716106,11.622983161901248,11.712162971496582,1169100,0.0,0.0
2016-12-20 00:00:00-05:00,11.688384625372501,11.801344917250832,11.599205925034324,11.700275421142578,1091300,0.0,0.0
2016-12-21 00:00:00-05:00,11.688379287719727,11.765668290961482,11.658653445837931,11.688379287719727,1146500,0.0,0.0
2016-12-22 00:00:00-05:00,11.69433002325754,11.7656736639093,11.622986382605779,11.700275421142578,1635300,0.0,0.0
2016-12-23 00:00:00-05:00,11.682440148083598,11.777564253802757,11.63487809522402,11.765674591064453,1003800,0.0,0.0
2016-12-27 00:00:00-05:00,11.765678566361613,11.834048969574674,11.747842365274616,11.795404434204102,769200,0.0,0.0
2016-12-28 00:00:00-05:00,11.77161885544921,11.798372581055773,11.718111404236087,11.765674591064453,911500,0.0,0.0
2016-12-29 00:00:00-05:00,11.765676769111641,11.909087620053613,11.765676769111641,11.885185241699219,1000200,0.1,0.0
2016-12-30 00:00:00-05:00,11.897133968990504,11.950913169431177,11.843354768549833,11.93896198272705,1522300,0.0,0.0
2017-01-03 00:00:00-05:00,11.938956060354338,12.076391220092773,11.885176886591067,12.076391220092773,2407400,0.0,0.0
2017-01-04 00:00:00-05:00,12.07041987772086,12.166027069091797,11.980787138548937,12.166027069091797,1997000,0.0,0.0
2017-01-05 00:00:00-05:00,12.04652048131073,12.154078883064416,11.956888859758624,12.022619247436523,1989400,0.0,0.0
2017-01-06 00:00:00-05:00,11.992740631103516,12.028593049837596,11.915060200558365,11.992740631103516,1523200,0.0,0.0
2017-01-09 00:00:00-05:00,11.998716224180502,12.010667410334477,11.879206642096442,11.992740631103516,1489400,0.0,0.0
2017-01-10 00:00:00-05:00,12.010658879856638,12.170203568540504,11.95687972008783,12.106266021728516,1972600,0.0,0.0
2017-01-11 00:00:00-05:00,12.130176782113258,12.154079156252624,12.01664392413506,12.070423126220703,1526500,0.0,0.0
2017-01-12 00:00:00-05:00,12.070427128088731,12.094328370424462,11.938966306193139,12.034573554992676,855400,0.0,0.0
2017-01-13 00:00:00-05:00,12.03457151888245,12.094326324204415,11.9867679025705,12.028595924377441,544200,0.0,0.0
2017-01-17 00:00:00-05:00,12.03457151888245,12.115240335107886,11.96884225878359,12.028595924377441,1284900,0.0,0.0
2017-01-18 00:00:00-05:00,12.022619517669902,12.0883487670973,11.956889128514575,12.070423126220703,1061300,0.0,0.0
2017-01-19 00:00:00-05:00,12.070422899858396,12.070422899858396,11.950913310858645,11.980790138244629,742200,0.0,0.0
2017-01-20 00:00:00-05:00,11.98078405334192,12.100293581644152,11.968834012293561,12.076391220092773,1322400,0.0,0.0
2017-01-23 00:00:00-05:00,12.076391910380643,12.166024631594398,12.070417459378628,12.142122268676758,1394700,0.0,0.0
2017-01-24 00:00:00-05:00,12.136147870856115,12.210841052724529,12.076393097415883,12.1182222366333,1246600,0.0,0.0
2017-01-25 00:00:00-05:00,12.082367922365147,12.20187746166529,12.064442289279329,12.195901870727539,950800,0.0,0.0
2017-01-26 00:00:00-05:00,12.183951420580357,12.357240148999976,12.160050195121359,12.333337783813477,1849200,0.0,0.0
2017-01-27 00:00:00-05:00,12.33931758995045,12.351268776625965,12.154078755391561,12.201882362365723,963800,0.0,0.0
2017-01-30 00:00:00-05:00,12.148100154266217,12.166026929840939,11.992738185134794,12.046517372131348,1330200,0.0,0.0
2017-01-31 00:00:00-05:00,12.046520906900506,12.06444768773542,11.927011314123625,11.962864875793457,1185300,0.0,0.0
2017-02-01 00:00:00-05:00,12.016905081748892,12.082965395512469,11.776687320947664,11.82473087310791,1292500,0.1,0.0
2017-02-02 00:00:00-05:00,11.842751293072004,11.914817223269,11.782697687598455,11.884790420532227,1239500,0.0,0.0
2017-02-03 00:00:00-05:00,11.950853084612616,12.082973804082894,11.926831864540386,11.974875450134277,1197400,0.0,0.0
2017-02-06 00:00:00-05:00,11.968868585058859,12.06675753778863,11.908813823095004,11.920825004577637,862100,0.0,0.0
2017-02-07 00:00:00-05:00,11.974878958861854,12.106998571594717,11.90881857977054,11.980884552001953,942900,0.0,0.0
2017-02-08 00:00:00-05:00,11.98088006044465,12.04693926932101,11.902808524341667,12.016912460327148,791200,0.0,0.0
2017-02-09 00:00:00-05:00,12.004903722411541,12.088979721069336,11.956860130971432,12.088979721069336,850200,0.0,0.0
2017-02-10 00:00:00-05:00,12.08897281919079,12.221093479307479,12.052940432544839,12.215087890625,1483600,0.0,0.0
2017-02-13 00:00:00-05:00,12.167049048564376,12.269141804890188,12.143026684511543,12.25713062286377,1013300,0.0,0.0
2017-02-14 00:00:00-05:00,12.179063338562763,12.308180714672758,12.113002966008908,12.293166160583496,1143200,0.0,0.0
2017-02-15 00:00:00-05:00,12.251124054234126,12.314181036666938,12.131015679902474,12.29916763305664,1144200,0.0,0.0
2017-02-16 00:00:00-05:00,12.287157432480448,12.386247966024337,12.227103813247094,12.25713062286377,1524900,0.0,0.0
2017-02-17 00:00:00-05:00,12.239110022239366,12.257126789644538,12.149028476111527,12.155034065246582,1542400,0.0,0.0
2017-02-21 00:00:00-05:00,12.155036553372508,12.329195237592277,12.125009746999767,12.287156105041504,1126100,0.0,0.0
2017-02-22 00:00:00-05:00,12.263135216102189,12.317184385374055,12.191069275256611,12.239112854003906,743500,0.0,0.0
2017-02-23 00:00:00-05:00,12.25111959081716,12.305168740482069,12.100983318514379,12.106988906860352,1302500,0.0,0.0
2017-02-24 00:00:00-05:00,12.070964167542733,12.149034574589638,12.040936206794248,12.12501335144043,894200,0.0,0.0
2017-02-27 00:00:00-05:00,12.125016438388439,12.191075677954188,12.07697283440886,12.14303207397461,1147600,0.0,0.0
2017-02-28 00:00:00-05:00,12.046935352677146,12.097982285909774,11.681203806423833,11.794706344604492,6599800,0.0,0.0
2017-03-01 00:00:00-05:00,11.794709195742213,11.945613861083984,11.758491247116103,11.945613861083984,1508300,0.1,0.0
2017-03-02 00:00:00-05:00,11.885257906165196,11.930528638373776,11.812823122794912,11.861112594604492,925800,0.0,0.0
2017-03-03 00:00:00-05:00,11.71623923972663,11.768150716647321,11.45064668108919,11.504972457885742,1788600,0.0,0.0
2017-03-06 00:00:00-05:00,11.468754248516186,11.559296814952758,11.414428478392002,11.474790573120117,1381200,0.0,0.0
2017-03-07 00:00:00-05:00,11.480830999417183,11.601554080692283,11.4566856923752,11.553264617919922,1391200,0.0,0.0
2017-03-08 00:00:00-05:00,11.498936506463133,11.559298610567863,11.33596032208515,11.372177124023438,1311900,0.0,0.0
2017-03-09 00:00:00-05:00,11.402361255113808,11.447029848176664,11.263529177092327,11.305782318115234,1111300,0.0,0.0
2017-03-10 00:00:00-05:00,11.396315279727968,11.42649689155867,11.185049753466911,11.281628608703613,708700,0.0,0.0
2017-03-13 00:00:00-04:00,11.287673874453992,11.378216479062747,11.251455911561145,11.323890686035156,874300,0.0,0.0
2017-03-14 00:00:00-04:00,11.323888257580766,11.366141387249382,11.26352615034927,11.329924583435059,480700,0.0,0.0
2017-03-15 00:00:00-04:00,11.390291913916261,11.544214264194931,11.366146599426765,11.498942375183105,959400,0.0,0.0
2017-03-16 00:00:00-04:00,11.49893613254042,11.571370885372936,11.474791982470474,11.504972457885742,727900,0.0,0.0
2017-03-17 00:00:00-04:00,11.504972457885742,11.541190409957668,11.474791982470474,11.504972457885742,1255200,0.0,0.0
2017-03-20 00:00:00-04:00,11.541190977926625,11.55929880354238,11.381231226681967,11.438575744628906,765900,0.0,0.0
2017-03-21 00:00:00-04:00,11.511009382010156,11.511009382010156,11.275598437853725,11.287671089172363,973000,0.0,0.0
2017-03-22 00:00:00-04:00,11.323885801662328,11.323885801662328,11.179017466512569,11.245414733886719,1133000,0.0,0.0
2017-03-23 00:00:00-04:00,11.239379560652765,11.432537340852443,11.239379560652765,11.245414733886719,1083500,0.0,0.0
2017-03-24 00:00:00-04:00,11.251451058431856,11.293704178936638,11.191090115602846,11.245414733886719,855000,0.0,0.0
2017-03-27 00:00:00-04:00,11.245414880555224,11.291894465027879,11.13676449125922,11.197125434875488,1335700,0.0,0.0
2017-03-28 00:00:00-04:00,11.19712569581841,11.257487792152586,11.148836249013318,11.227307319641113,956600,0.0,0.0
2017-03-29 00:00:00-04:00,11.227305996822864,11.335957527160645,11.185052879760635,11.335957527160645,971300,0.0,0.0
2017-03-30 00:00:00-04:00,11.354067691905954,11.52308134635658,11.31181456612113,11.517045021057129,972100,0.0,0.0
2017-03-31 00:00:00-04:00,11.517049266657644,11.59593381577839,11.492777898958897,11.589865684509277,1212400,0.1,0.0
2017-04-03 00:00:00-04:00,11.577721628298809,11.583789755483092,11.474565780919825,11.535245895385742,904200,0.0,0.0
2017-04-04 00:00:00-04:00,11.523112542213404,11.553453185773744,11.444229183710938,11.492773056030273,712000,0.0,0.0
2017-04-05 00:00:00-04:00,11.559521163521092,11.583793680482616,11.43816205084541,11.450298309326172,1402500,0.0,0.0
2017-04-06 00:00:00-04:00,11.438162755084791,11.577726264074439,11.401755134778227,11.57165813446045,864500,0.0,0.0
2017-04-07 00:00:00-04:00,11.571657931551986,11.586827676632272,11.462433915170148,11.468502044677734,980900,0.0,0.0
2017-04-10 00:00:00-04:00,11.456367776768914,11.577728073258234,11.456367776768914,11.565591812133789,836000,0.0,0.0
2017-04-11 00:00:00-04:00,11.565589955511394,11.64083337355106,11.541318594536344,11.614133834838867,610600,0.0,0.0
2017-04-12 00:00:00-04:00,11.626270143608986,11.65054266206495,11.541318643767875,11.57165813446045,883500,0.0,0.0
2017-04-13 00:00:00-04:00,11.559519361296449,11.586825359932275,11.517043620613414,11.547384262084961,524500,0.0,0.0
2017-04-17 00:00:00-04:00,11.589859517397159,11.614130872180807,11.541315650452779,11.608062744140625,749600,0.0,0.0
2017-04-18 00:00:00-04:00,11.601999992196191,11.632339486052068,11.498844092757706,11.541319847106934,752900,0.0,0.0
2017-04-19 00:00:00-04:00,11.57772736371856,11.65964538522188,11.517047219192676,11.62627124786377,806500,0.0,0.0
2017-04-20 00:00:00-04:00,11.656609985553152,11.656609985553152,11.535250861748532,11.638406753540039,719100,0.0,0.0
2017-04-21 00:00:00-04:00,11.64447151238172,11.650539640421902,11.577723261316793,11.608062744140625,651000,0.0,0.0
2017-04-24 00:00:00-04:00,11.656606266862998,11.656606266862998,11.474567060541501,11.644471168518066,1001700,0.0,0.0
2017-04-25 00:00:00-04:00,11.668749940903105,11.765837733647661,11.650546703124615,11.72336196899414,796700,0.0,0.0
2017-04-26 00:00:00-04:00,11.705154370494427,11.820445358066152,11.668745593745864,11.74763011932373,786100,0.0,0.0
2017-04-27 00:00:00-04:00,11.790105363953069,11.832581110965911,11.699085740728792,11.717288970947266,788500,0.0,0.0
2017-04-28 00:00:00-04:00,11.741690316738007,11.741690316738007,11.410483602861753,11.424511909484863,1379600,0.1,0.0
2017-05-01 00:00:00-04:00,11.467207942151266,11.583100267767081,11.412311638617583,11.528203964233398,737600,0.0,0.0
2017-05-02 00:00:00-04:00,11.528206843542742,11.60140232100323,11.485509966441896,11.589202880859375,821500,0.0,0.0
2017-05-03 00:00:00-04:00,11.59529593734451,11.607495370477592,11.4977027990838,11.583096504211426,968400,0.0,0.0
2017-05-04 00:00:00-04:00,11.583096504211426,11.589196220777968,11.467204216251092,11.583096504211426,961600,0.0,0.0
2017-05-05 00:00:00-04:00,11.595299874570442,11.759988787581845,11.58920015593272,11.686793327331543,973100,0.0,0.0
2017-05-08 00:00:00-04:00,11.680691280705188,11.680691280705188,11.406210977126445,11.455007553100586,1026700,0.0,0.0
2017-05-09 00:00:00-04:00,11.485506783668965,11.509905657195453,11.290320449066359,11.345216751098633,956500,0.0,0.0
2017-05-10 00:00:00-04:00,11.339119873230043,11.400115908923787,11.284223557445936,11.351319313049316,853000,0.0,0.0
2017-05-11 00:00:00-04:00,11.320821645181585,11.357419967651367,11.156133847678406,11.357419967651367,1354000,0.0,0.0
2017-05-12 00:00:00-04:00,11.33911610719689,11.351315542964393,11.229323512093822,11.259820938110352,684200,0.0,0.0
2017-05-15 00:00:00-04:00,11.284218992913734,11.430608721321654,11.272019558029204,11.363512992858887,882300,0.0,0.0
2017-05-16 00:00:00-04:00,11.363510834973443,11.418407118127096,11.284216850085903,11.296416282653809,1115300,0.0,0.0
2017-05-17 00:00:00-04:00,11.265922413451472,11.284221569957351,11.137831808117545,11.168329238891602,1572100,0.0,0.0
2017-05-18 00:00:00-04:00,11.22932260173277,11.448907774137139,11.180526026020924,11.400111198425293,1889000,0.0,0.0
2017-05-19 00:00:00-04:00,11.42450896599041,11.531252275772816,11.375712390016268,11.455007553100586,669900,0.0,0.0
2017-05-22 00:00:00-04:00,11.473308545141498,11.583101160672436,11.455010551487971,11.479408264160156,803600,0.0,0.0
2017-05-23 00:00:00-04:00,11.54040526839239,11.558704426998261,11.458060799769783,11.473309516906738,787900,0.0,0.0
2017-05-24 00:00:00-04:00,11.522105345191715,11.619698524475098,11.491607912941584,11.619698524475098,1131700,0.0,0.0
2017-05-25 00:00:00-04:00,11.631899720862183,11.668496877774382,11.436713332793595,11.46721076965332,813800,0.0,0.0
2017-05-26 00:00:00-04:00,11.467207838368335,11.50990586782104,11.430610690811216,11.491606712341309,427000,0.0,0.0
2017-05-30 00:00:00-04:00,11.509906703136219,11.534304415477477,11.437320862180444,11.46111011505127,721500,0.0,0.0
2017-05-31 00:00:00-04:00,11.497897828159498,11.516294885750147,11.396715765850901,11.479500770568848,1263400,0.1,0.0
2017-06-01 00:00:00-04:00,11.5101624371955,11.608277737607127,11.442707729552515,11.565352439880371,794800,0.0,0.0
2017-06-02 00:00:00-04:00,11.565357437526442,11.620547464060142,11.528563306752545,11.559225082397461,590100,0.0,0.0
2017-06-05 00:00:00-04:00,11.559225045743325,11.608282716992479,11.504035019384633,11.534695625305176,764600,0.0,0.0
2017-06-06 00:00:00-04:00,11.534693877915815,11.534693877915815,11.381388532283022,11.473371505737305,671100,0.0,0.0
2017-06-07 00:00:00-04:00,11.473373656083838,11.497903077403349,11.421250390220658,11.46111011505127,821900,0.0,0.0
2017-06-08 00:00:00-04:00,11.46110859338582,11.62054630191289,11.424314466291628,11.596016883850098,718200,0.0,0.0
2017-06-09 00:00:00-04:00,11.626678540410149,11.761588012726941,11.583753224537402,11.675737380981445,1055200,0.0,0.0
2017-06-12 00:00:00-04:00,11.681868854931665,11.77998419924313,11.681868854931665,11.7247953414917,930900,0.0,0.0
2017-06-13 00:00:00-04:00,11.73705738739894,11.89036273956299,11.651206764467718,11.890362739562988,1158900,0.0,0.0
2017-06-14 00:00:00-04:00,11.890358698362625,11.933283995239128,11.829037514039973,11.896491050720215,1015500,0.0,0.0
2017-06-15 00:00:00-04:00,11.835172692578515,11.902627421659535,11.835172692578515,11.859702110290527,623000,0.0,0.0
2017-06-16 00:00:00-04:00,11.878103256225586,11.878103256225586,11.798383790887996,11.878103256225586,1280900,0.0,0.0
2017-06-19 00:00:00-04:00,11.871968409493524,12.01914142659958,11.841306633246115,12.013009071350098,1086000,0.0,0.0
2017-06-20 00:00:00-04:00,11.982344310915723,12.00687255378349,11.844369289700895,11.939417839050293,816200,0.0,0.0
2017-06-21 00:00:00-04:00,11.945550000777166,11.976211765904054,11.737054676421309,11.79837703704834,500000,0.0,0.0
2017-06-22 00:00:00-04:00,11.792248909688853,11.81064597535744,11.70026592060025,11.7247953414917,921000,0.0,0.0
2017-06-23 00:00:00-04:00,11.724793165159035,11.786114366751008,11.6941313947361,11.706396102905273,2990900,0.0,0.0
2017-06-26 00:00:00-04:00,11.74932101340302,11.810643382542247,11.712528059770245,11.77998161315918,588100,0.0,0.0
2017-06-27 00:00:00-04:00,11.773853185642102,11.804513792577144,11.657340773960016,11.663473129272461,627900,0.0,0.0
2017-06-28 00:00:00-04:00,11.712530712138136,11.914893757384997,11.678803342992465,11.810646057128906,1210000,0.0,0.0
2017-06-29 00:00:00-04:00,11.829134007210682,11.829134007210682,11.536949516654746,11.613386154174805,858600,0.1,0.0
2017-06-30 00:00:00-04:00,11.638045444175582,11.662702885563782,11.502433043735039,11.53325366973877,797200,0.0,0.0
2017-07-03 00:00:00-04:00,11.58256392756269,11.755161245435389,11.551742138134673,11.730504989624023,437000,0.0,0.0
2017-07-05 00:00:00-04:00,11.693520805313849,11.728040274683208,11.520923458467054,11.53941535949707,866800,0.0,0.0
2017-07-06 00:00:00-04:00,11.508596354241998,11.5948950397653,11.385311510010357,11.428462028503418,824000,0.0,0.0
2017-07-07 00:00:00-04:00,11.459284782409668,11.517844447655875,11.410587154067613,11.459284782409668,562900,0.0,0.0
2017-07-10 00:00:00-04:00,11.471615370618332,11.493190049520745,11.292852401733398,11.292852401733398,871600,0.0,0.0
2017-07-11 00:00:00-04:00,11.317510814849808,11.360660176335266,11.274361453364351,11.348331451416016,669800,0.0,0.0
2017-07-12 00:00:00-04:00,11.40997025618623,11.53510336452929,11.345246234629476,11.3544921875,802400,0.0,0.0
2017-07-13 00:00:00-04:00,11.372982826443387,11.422296524047852,11.348325389775509,11.422296524047852,636100,0.0,0.0
2017-07-14 00:00:00-04:00,11.4592876528974,11.542504782712678,11.446958927947302,11.514765739440918,1118500,0.0,0.0
2017-07-17 00:00:00-04:00,11.533251237497005,11.748999101218716,11.440788203253778,11.631879806518555,1031500,0.0,0.0
2017-07-18 00:00:00-04:00,11.601060011739477,11.613388731959512,11.471611976623535,11.471611976623535,888300,0.0,0.0
2017-07-19 00:00:00-04:00,11.490102734415668,11.508595812899959,11.431543082812448,11.465446472167969,769700,0.0,0.0
2017-07-20 00:00:00-04:00,11.47161399535346,11.47161399535346,11.225044250488281,11.225044250488281,1122400,0.0,0.0
2017-07-21 00:00:00-04:00,11.249695403321269,11.305173447313939,11.206546074822754,11.2681884765625,706200,0.0,0.0
2017-07-24 00:00:00-04:00,11.268190528022402,11.311339864376581,11.169563137575349,11.188055038452148,616200,0.0,0.0
2017-07-25 00:00:00-04:00,11.22504100988921,11.249698447549951,11.188056029129438,11.243534088134766,885900,0.0,0.0
2017-07-26 00:00:00-04:00,11.255862697675786,11.28668331872112,11.101757240986466,11.107921600341797,747300,0.0,0.0
2017-07-27 00:00:00-04:00,11.11408362053516,11.277434994011534,11.040112499571075,11.255860328674316,629200,0.0,0.0
2017-07-28 00:00:00-04:00,11.280521389637299,11.342779904088381,11.262029483318742,11.3113431930542,674100,0.0,0.0
2017-07-31 00:00:00-04:00,11.348329758656117,11.403807836785505,11.231209240857215,11.379150390625,748800,0.0,0.0
2017-08-01 00:00:00-04:00,11.441128723451188,11.44732666015625,11.323371472461675,11.44732666015625,649900,0.1,0.0
2017-08-02 00:00:00-04:00,11.453525981009877,11.465921855918031,11.26759258593035,11.323372840881348,506800,0.0,0.0
2017-08-03 00:00:00-04:00,11.32336866764972,11.348159226193763,11.196313952006443,11.218006134033203,545300,0.0,0.0
2017-08-04 00:00:00-04:00,11.236596085913177,11.320266417610362,11.196311290089888,11.267585754394531,595600,0.0,0.0
2017-08-07 00:00:00-04:00,11.292377466973244,11.335763007303607,11.230400487914356,11.298575401306152,505700,0.0,0.0
2017-08-08 00:00:00-04:00,11.341961910950426,11.453522385834416,10.988687861908002,11.100248336791992,1526200,0.0,0.0
2017-08-09 00:00:00-04:00,11.100244121765071,11.118837921230336,10.963893138757753,11.007277488708496,1001900,0.0,0.0
2017-08-10 00:00:00-04:00,10.963895621028685,10.988686177126848,10.864731032365754,10.901917457580566,1234300,0.0,0.0
2017-08-11 00:00:00-04:00,10.846140776416807,11.10644820233623,10.839942839831162,11.081656455993652,2966400,0.0,0.0
2017-08-14 00:00:00-04:00,11.168426550143778,11.211810924745164,11.087854555482162,11.137436866760254,899400,0.0,0.0
2017-08-15 00:00:00-04:00,11.162225899640031,11.248994627747072,11.007281066800166,11.218006134033203,1456100,0.0,0.0
2017-08-16 00:00:00-04:00,11.267590515833055,11.29238107895911,11.239700393481566,11.273788452148438,831800,0.0,0.0
2017-08-17 00:00:00-04:00,11.273785216672762,11.341960132305433,11.1684226938203,11.174620628356934,730700,0.0,0.0
2017-08-18 00:00:00-04:00,11.156023778421437,11.236594541126273,11.075453015716603,11.106441497802734,962900,0.0,0.0
2017-08-21 00:00:00-04:00,11.094045632114355,11.143627912733058,11.0258707350979,11.106441497802734,710000,0.0,0.0
2017-08-22 00:00:00-04:00,11.1312379499604,11.198794626293127,11.106447387571977,11.162227630615234,620400,0.0,0.0
2017-08-23 00:00:00-04:00,11.143633647263819,11.199413889431309,11.1064472131973,11.112645149230957,548600,0.0,0.0
2017-08-24 00:00:00-04:00,11.156030498398732,11.19321693572878,11.066162191226882,11.0940523147583,919400,0.0,0.0
2017-08-25 00:00:00-04:00,11.125034349882883,11.143626964698885,11.050660344214723,11.087846755981445,510500,0.0,0.0
2017-08-28 00:00:00-04:00,11.118841780574243,11.131236469051734,10.982489568104272,11.001083374023438,688700,0.0,0.0
2017-08-29 00:00:00-04:00,10.970094123567666,11.063060782485655,10.957698253809212,11.03826904296875,762200,0.0,0.0
2017-08-30 00:00:00-04:00,11.10644170123552,11.168419848677834,11.03826562083549,11.149826049804688,650700,0.0,0.0
2017-08-31 00:00:00-04:00,11.212153589648066,11.33680280035701,11.149828984293595,11.330570220947266,1949200,0.1,0.0
2017-09-01 00:00:00-04:00,11.29940764084504,11.37419740711684,11.27136162708599,11.343035697937012,650400,0.0,0.0
2017-09-05 00:00:00-04:00,11.343037384649778,11.380431678974716,11.199690410375009,11.249549865722656,1320400,0.0,0.0
2017-09-06 00:00:00-04:00,11.268248368880599,11.386665029113766,11.249550626082751,11.374199867248535,1027600,0.0,0.0
2017-09-07 00:00:00-04:00,11.367969927811524,11.386667674954035,11.277599266404696,11.336808204650879,812300,0.0,0.0
2017-09-08 00:00:00-04:00,11.311872635594094,11.489496990571936,11.293176085855157,11.430289268493652,808700,0.0,0.0
2017-09-11 00:00:00-04:00,11.498849679428089,11.639078596774048,11.483891722195676,11.586103439331055,1226100,0.0,0.0
2017-09-12 00:00:00-04:00,11.598563190630559,11.667119174823124,11.536238596029598,11.579865455627441,1278300,0.0,0.0
2017-09-13 00:00:00-04:00,11.598564859829388,11.741910615921157,11.586099701366727,11.729445457458496,1831800,0.0,0.0
2017-09-14 00:00:00-04:00,11.72321423512271,11.72321423512271,11.592333622344913,11.679587364196777,975700,0.0,0.0
2017-09-15 00:00:00-04:00,11.685822167396681,11.745029905097235,11.651543565506723,11.692054748535156,4277800,0.0,0.0
2017-09-18 00:00:00-04:00,11.735683644048425,11.77307794856062,11.623499541768334,11.648429870605469,1066500,0.0,0.0
2017-09-19 00:00:00-04:00,11.660892036749791,11.679589780476135,11.536243978137456,11.586103439331055,1116600,0.0,0.0
2017-09-20 00:00:00-04:00,11.61102606154277,11.673350650255282,11.567399206066808,11.667118072509766,629900,0.0,0.0
2017-09-21 00:00:00-04:00,11.660888754267416,11.704516810681142,11.611029307109005,11.61726188659668,832700,0.0,0.0
2017-09-22 00:00:00-04:00,11.635960261585947,11.667121971985983,11.594203284351563,11.623495101928711,552000,0.0,0.0
2017-09-25 00:00:00-04:00,11.635960261585947,11.754376900843582,11.62349510192871,11.623495101928711,1375400,0.0,0.0
2017-09-26 00:00:00-04:00,11.642192756116856,11.769957669809811,11.604798466162174,11.685819625854492,1039800,0.0,0.0
2017-09-27 00:00:00-04:00,11.69205029961946,11.72944458347819,11.64219085822687,11.70451545715332,1032200,0.0,0.0
2017-09-28 00:00:00-04:00,11.692052668811385,11.779306411743164,11.642193217315642,11.779306411743164,894400,0.0,0.0
2017-09-29 00:00:00-04:00,11.748142481678192,11.810467081463528,11.723212166266912,11.785536766052246,930700,0.0,0.0
2017-10-02 00:00:00-04:00,11.779312347131299,11.841636990091041,11.760615786363958,11.816706657409668,1015000,0.0,0.0
2017-10-03 00:00:00-04:00,11.848023657542159,11.851157067051433,11.697652267327586,11.760307312011719,989200,0.1,0.0
2017-10-04 00:00:00-04:00,11.747784034642953,11.841766067910818,11.691394575672955,11.816704750061035,938300,0.0,0.0
2017-10-05 00:00:00-04:00,11.841766381159879,11.904421470011329,11.785376920698216,11.854297637939453,964900,0.0,0.0
2017-10-06 00:00:00-04:00,11.816699043075925,11.854291599218117,11.77910529188792,11.822964668273926,1160800,0.0,0.0
2017-10-09 00:00:00-04:00,11.822964668273926,11.841760348822115,11.760309611339729,11.822964668273926,674300,0.0,0.0
2017-10-10 00:00:00-04:00,11.841763563199029,11.88562175644427,11.83549793630026,11.873091697692871,642700,0.0,0.0
2017-10-11 00:00:00-04:00,11.86056073777577,11.90441893210773,11.854295110721754,11.898153305053711,726600,0.0,0.0
2017-10-12 00:00:00-04:00,11.860556145173591,12.061051353082455,11.860556145173591,12.05478572845459,1119600,0.0,0.0
2017-10-13 00:00:00-04:00,12.06105609758639,12.079852978864185,11.929481513780338,12.042259216308594,960300,0.0,0.0
2017-10-16 00:00:00-04:00,12.048524225460854,12.061055479003354,11.954542213984338,11.979604721069336,688000,0.0,0.0
2017-10-17 00:00:00-04:00,11.973339956266024,12.007800308465661,11.904419251866749,11.935746192932129,747500,0.0,0.0
2017-10-18 00:00:00-04:00,11.954546340674852,12.054794013527959,11.938882865862778,12.023467063903809,541300,0.0,0.0
2017-10-19 00:00:00-04:00,11.954543761248017,12.04539356862056,11.929482445965473,12.035994529724121,596000,0.0,0.0
2017-10-20 00:00:00-04:00,12.054790720063732,12.054790720063732,11.860561056356737,11.935746192932129,771000,0.0,0.0
2017-10-23 00:00:00-04:00,11.973335397762282,11.998396702063975,11.819830576873596,11.835494041442871,844600,0.0,0.0
2017-10-24 00:00:00-04:00,11.854293281002045,11.954540908300695,11.835496402741306,11.929479598999023,756200,0.0,0.0
2017-10-25 00:00:00-04:00,11.923215464057673,11.942011149623063,11.766578377433381,11.848029136657715,891400,0.0,0.0
2017-10-26 00:00:00-04:00,11.848025291116588,11.860556540790308,11.76030893349205,11.835494041442871,704700,0.0,0.0
2017-10-27 00:00:00-04:00,11.816697425711322,11.860555601048597,11.757174592000176,11.841758728027344,574700,0.0,0.0
2017-10-30 00:00:00-04:00,11.854289281515129,11.854289281515129,11.71018351527353,11.760307312011719,872800,0.0,0.0
2017-10-31 00:00:00-04:00,11.77284404415064,11.8824895271403,11.698283920671534,11.866826057434082,1047500,0.0,0.0
2017-11-01 00:00:00-04:00,11.89188392600581,11.9232120513916,11.819831030187178,11.923212051391602,1091600,0.0,0.0
2017-11-02 00:00:00-04:00,11.967307369130125,11.972345870177575,11.82936849174171,11.916918754577637,798300,0.1,0.0
2017-11-03 00:00:00-04:00,11.86652272275102,11.948403719708631,11.853925276647209,11.885418891906738,543800,0.0,0.0
2017-11-06 00:00:00-05:00,11.91691750837375,11.954708664996298,11.85393144643003,11.910618782043457,805000,0.0,0.0
2017-11-07 00:00:00-05:00,11.885427080212787,12.219251222437398,11.872829625430127,12.005099296569824,1714200,0.0,0.0
2017-11-08 00:00:00-05:00,12.030286585061361,12.17515361921181,12.017689138259067,12.137362480163574,1551700,0.0,0.0
2017-11-09 00:00:00-05:00,12.118470852532225,12.156262005746362,12.08067969931809,12.11217212677002,1246900,0.0,0.0
2017-11-10 00:00:00-05:00,12.00509682523927,12.099575313941362,12.00509682523927,12.049186706542969,665300,0.0,0.0
2017-11-13 00:00:00-05:00,12.074378414973316,12.156259429813058,12.074378414973316,12.118468284606934,1040600,0.0,0.0
2017-11-14 00:00:00-05:00,12.055484504391577,12.127918046864593,12.03658952892153,12.105873107910156,728000,0.0,0.0
2017-11-15 00:00:00-05:00,12.09957362045291,12.131067246518452,12.023991320613604,12.074379920959473,834700,0.0,0.0
2017-11-16 00:00:00-05:00,12.068081225075813,12.143664726457809,12.055483774618981,12.131067276000977,1155700,0.0,0.0
2017-11-17 00:00:00-05:00,12.09957375140217,12.168858528137209,12.093276227479901,12.168858528137207,862200,0.0,0.0
2017-11-20 00:00:00-05:00,12.194050788879393,12.250107389434485,12.137363474981436,12.194050788879395,1360500,0.0,0.0
2017-11-21 00:00:00-05:00,12.194044018311288,12.28222370147705,12.124759295047857,12.28222370147705,1221300,0.0,0.0
2017-11-22 00:00:00-05:00,12.28223063144927,12.28223063144927,12.188381686545805,12.231842041015625,740400,0.0,0.0
2017-11-24 00:00:00-05:00,12.250743744061431,12.275937449973654,12.200355130877684,12.26333999633789,384900,0.0,0.0
2017-11-27 00:00:00-05:00,12.26333666629513,12.26333666629513,12.206649341686639,12.238142967224121,804800,0.0,0.0
2017-11-28 00:00:00-05:00,12.269633073170837,12.269633073170837,12.11216857931179,12.194050788879395,835300,0.0,0.0
2017-11-29 00:00:00-05:00,12.194057632832212,12.26334123209188,12.168862723021844,12.212952613830566,861100,0.0,0.0
2017-11-30 00:00:00-05:00,12.257037750481498,12.269635200500488,12.162559278056985,12.269635200500488,1610000,0.0,0.0
2017-12-01 00:00:00-05:00,12.307621866564467,12.313953092504564,12.098696240772753,12.256973266601562,1051600,0.1,0.0
2017-12-04 00:00:00-05:00,12.288628448709096,12.402588102925906,12.256973525896827,12.332945823669434,1420500,0.0,0.0
2017-12-05 00:00:00-05:00,12.339279617995512,12.339279617995512,12.250644849626726,12.275968551635742,931300,0.0,0.0
2017-12-06 00:00:00-05:00,12.275967463189822,12.364603431257873,12.225318856104384,12.320284843444824,1413800,0.0,0.0
2017-12-07 00:00:00-05:00,12.313957215673128,12.484895543060736,12.294963531493048,12.459571838378906,2131900,0.0,0.0
2017-12-08 00:00:00-05:00,12.446909024609086,12.522882551588104,12.421585320654911,12.497557640075684,3112600,0.0,0.0
2017-12-11 00:00:00-05:00,12.465901164955824,12.535542247876874,12.358272719469003,12.383596420288086,2050000,0.0,0.0
2017-12-12 00:00:00-05:00,12.408925429667034,12.491228993977021,12.377269283733582,12.440580368041992,992100,0.0,0.0
2017-12-13 00:00:00-05:00,12.44057160853294,12.472227732177053,12.402585467717646,12.415247917175293,1187400,0.0,0.0
2017-12-14 00:00:00-05:00,12.421581312520564,12.510216059097326,12.351939035891476,12.491222381591797,1486200,0.0,0.0
2017-12-15 00:00:00-05:00,12.510211320585993,12.605177257027544,12.503880097148905,12.567191123962402,2144800,0.0,0.0
2017-12-18 00:00:00-05:00,12.598850478610125,12.757127497707131,12.584922506669017,12.68115520477295,2020400,0.0,0.0
2017-12-19 00:00:00-05:00,12.687484542726455,12.687484542726455,12.370930551631176,12.415247917175293,1328200,0.0,0.0
2017-12-20 00:00:00-05:00,12.465903355397256,12.497558288872868,12.37093734741211,12.37093734741211,1092300,0.0,0.0
2017-12-21 00:00:00-05:00,12.402589884435274,12.412086121131415,12.332947595175375,12.377264976501465,950500,0.0,0.0
2017-12-22 00:00:00-05:00,12.402594200480344,12.48489776479033,12.351945574545315,12.440580368041992,792700,0.0,0.0
2017-12-26 00:00:00-05:00,12.408925429667034,12.497560223163712,12.408925429667034,12.440580368041992,673800,0.0,0.0
2017-12-27 00:00:00-05:00,12.440570974526786,12.484888337812366,12.415247284459705,12.472227096557617,688700,0.0,0.0
2017-12-28 00:00:00-05:00,12.453231370108435,12.535534858703613,12.427906476659222,12.535534858703613,1108700,0.0,0.0
2017-12-29 00:00:00-05:00,12.535537564349994,12.554531238536462,12.40891669244647,12.415247917175293,922200,0.0,0.0
2018-01-02 00:00:00-05:00,12.47252368927002,12.51706822166514,12.370707268439038,12.47252368927002,1140800,0.1,0.0
2018-01-03 00:00:00-05:00,12.466160515654456,12.510705049851934,12.370707768981644,12.434343338012695,868800,0.0,0.0
2018-01-04 00:00:00-05:00,12.440707408196971,12.459798445494519,12.262529248410583,12.28161907196045,1500100,0.0,0.0
2018-01-05 00:00:00-05:00,12.300701624611545,12.326156323450405,12.217976280878936,12.262520790100098,1358600,0.0,0.0
2018-01-08 00:00:00-05:00,12.243431734684789,12.396156311035156,12.23070438321883,12.396156311035156,1236000,0.0,0.0
2018-01-09 00:00:00-05:00,12.43433836543303,12.466155530350882,12.365611153015674,12.396156311035156,1184100,0.0,0.0
2018-01-10 00:00:00-05:00,12.377066497583261,12.453428178884925,12.300703602534556,12.396156311035156,1180100,0.0,0.0
2018-01-11 00:00:00-05:00,12.408882140497026,12.542515673257716,12.408882140497026,12.517062187194824,1217900,0.0,0.0
2018-01-12 00:00:00-05:00,12.536155411970793,12.561608902500414,12.415247994150553,12.440701484680176,989800,0.0,0.0
2018-01-16 00:00:00-05:00,12.440707579736907,12.587069773540875,12.418435309456505,12.48525333404541,1471100,0.0,0.0
2018-01-17 00:00:00-05:00,12.529788305619133,12.72069368044196,12.485243799076926,12.669785499572754,1543300,0.0,0.0
2018-01-18 00:00:00-05:00,12.682518343632376,12.682518343632376,12.459794500667087,12.49797534942627,1416300,0.0,0.0
2018-01-19 00:00:00-05:00,12.478889394984044,12.593433190467978,12.440707320657616,12.587069511413574,1173100,0.0,0.0
2018-01-22 00:00:00-05:00,12.59342727278249,12.596608503940987,12.50433702163225,12.580699920654297,1149700,0.0,0.0
2018-01-23 00:00:00-05:00,12.567974628153078,12.695245742797852,12.525975330244924,12.695245742797852,1239200,0.0,0.0
2018-01-24 00:00:00-05:00,12.688881083639314,12.809787298072324,12.676153730410407,12.803424835205078,1720200,0.0,0.0
2018-01-25 00:00:00-05:00,12.822515910109269,12.847970619066018,12.663427620371568,12.727063179016113,1403100,0.0,0.0
2018-01-26 00:00:00-05:00,12.752512052076945,12.758874512657169,12.587060160815335,12.669785499572754,943200,0.0,0.0
2018-01-29 00:00:00-05:00,12.644338725613727,12.651338406963708,12.510703921328249,12.561612129211426,1437300,0.0,0.0
2018-01-30 00:00:00-05:00,12.529792426621638,12.555245918554414,12.389793972876271,12.40888500213623,1092700,0.0,0.0
2018-01-31 00:00:00-05:00,12.440701020993453,12.599789275552178,12.326158497258701,12.402520179748535,2226900,0.0,0.0
2018-02-01 00:00:00-05:00,12.402521579982674,12.440900556284637,12.242612838745117,12.242612838745117,1504400,0.1,0.0
2018-02-02 00:00:00-05:00,12.21703420682439,12.229827205346421,11.941990838638175,11.980368614196777,1820300,0.0,0.0
2018-02-05 00:00:00-05:00,11.967575732747475,12.0123512280126,11.532624758810925,11.622173309326172,1761400,0.0,0.0
2018-02-06 00:00:00-05:00,11.513432552229148,11.75009809149481,11.295956506419797,11.724512100219727,2561900,0.0,0.0
2018-02-07 00:00:00-05:00,11.70532152004025,11.88441978231669,11.577395235563166,11.583791732788086,1651800,0.0,0.0
2018-02-08 00:00:00-05:00,11.628566551577745,11.628566551577745,11.315145492553711,11.315145492553711,1947200,0.0,0.0
2018-02-09 00:00:00-05:00,11.385504785164713,11.577396055480838,11.187218237177852,11.519828796386719,1762600,0.0,0.0
2018-02-12 00:00:00-05:00,11.577393731067227,11.580591369260599,11.23135096221249,11.53261947631836,1931600,0.0,0.0
2018-02-13 00:00:00-05:00,11.500633967843486,11.654146180872882,11.417481976621714,11.615768432617188,1290100,0.0,0.0
2018-02-14 00:00:00-05:00,11.539020503579192,11.654153823852539,11.48145323343881,11.654153823852539,1169400,0.0,0.0
2018-02-15 00:00:00-05:00,11.686132837597563,11.805104265779262,11.583791325610425,11.71171760559082,1152100,0.0,0.0
2018-02-16 00:00:00-05:00,11.718111934673873,11.814056931910565,11.680373463360182,11.750094413757324,873800,0.0,0.0
2018-02-20 00:00:00-05:00,11.737299392101276,11.77567714035697,11.602975443196417,11.615768432617188,1267100,0.0,0.0
2018-02-21 00:00:00-05:00,11.519824835368704,11.64775108491898,11.49423885345459,11.49423885345459,1357800,0.0,0.0
2018-02-22 00:00:00-05:00,11.526219200863641,11.577389935229027,11.420678874981354,11.462255477905273,1095700,0.0,0.0
2018-02-23 00:00:00-05:00,11.43027747297905,11.45266459937213,11.311944124893477,11.372710227966309,1412300,0.0,0.0
2018-02-26 00:00:00-05:00,11.366318053045765,11.366318053045765,11.161634979632531,11.21280574798584,1879800,0.0,0.0
2018-02-27 00:00:00-05:00,11.193612402207927,11.2319901602707,10.912172663064759,10.93136215209961,2172300,0.0,0.0
2018-02-28 00:00:00-05:00,10.924970301975602,11.001727070751546,10.841818254141828,10.867403030395508,3153200,0.0,0.0
2018-03-01 00:00:00-05:00,10.841659385675896,10.996080496191999,10.82879065299208,10.886698722839355,1579000,0.1,0.0
2018-03-02 00:00:00-05:00,10.854532693961785,11.00895386957234,10.758018385378577,10.931742668151855,3432400,0.0,0.0
2018-03-05 00:00:00-05:00,10.918869327319,10.98964612985009,10.835225019333988,10.886698722839355,1809100,0.0,0.0
2018-03-06 00:00:00-05:00,10.89957124288946,10.983215579939078,10.867399400000899,10.944610595703125,1904700,0.0,0.0
2018-03-07 00:00:00-05:00,10.89957072385034,11.099031231339799,10.889918557828247,11.079728126525879,3394200,0.0,0.0
2018-03-08 00:00:00-05:00,11.131200465576718,11.131200465576718,11.02181867298464,11.066859245300293,1235000,0.0,0.0
2018-03-09 00:00:00-05:00,11.086162293774274,11.195544097942568,11.021819839458177,11.1826753616333,1602000,0.0,0.0
2018-03-12 00:00:00-04:00,11.214846416230825,11.253451395222127,11.06685964073904,11.137635231018066,1543600,0.0,0.0
2018-03-13 00:00:00-04:00,11.16337348439964,11.221924639207495,11.10224760054574,11.1826753616333,1147300,0.0,0.0
2018-03-14 00:00:00-04:00,11.189105987548828,11.230928752951044,11.131197920754937,11.189105987548828,1016900,0.0,0.0
2018-03-15 00:00:00-04:00,11.221281788310158,11.221281788310158,11.099031245460324,11.20197868347168,1199000,0.0,0.0
2018-03-16 00:00:00-04:00,11.234147658017536,11.31135883887223,11.201333979980616,11.285622596740723,1560200,0.0,0.0
2018-03-19 00:00:00-04:00,11.29849473657008,11.321014417879493,11.160158850109067,11.272758483886719,1156900,0.0,0.0
2018-03-20 00:00:00-04:00,11.279192872259353,11.311363494973667,11.099034194259662,11.150507926940918,1104400,0.0,0.0
2018-03-21 00:00:00-04:00,11.14407362749429,11.214850470590507,11.079731154427781,11.156942367553711,1137100,0.0,0.0
2018-03-22 00:00:00-04:00,11.099031872997326,11.285624881961756,11.002518797808634,11.015387535095215,1632900,0.0,0.0
2018-03-23 00:00:00-04:00,11.041124852623854,11.09903294879601,10.777321848830908,10.84166431427002,1741800,0.0,0.0
2018-03-26 00:00:00-04:00,10.925310229408513,11.002521444470867,10.860967754728325,10.996087074279785,1542800,0.0,0.0
2018-03-27 00:00:00-04:00,10.989650619338672,11.115117746186929,10.893137539242352,11.04112434387207,1381400,0.0,0.0
2018-03-28 00:00:00-04:00,11.105465398238177,11.330663374729397,11.079727925619641,11.1826753616333,1624800,0.0,0.0
2018-03-29 00:00:00-04:00,11.195545058698425,11.337098715787443,11.153722275719364,11.304926872253418,1747300,0.0,0.0
2018-04-02 00:00:00-04:00,11.32433902230674,11.369636180915165,11.110794392970584,11.220802307128906,1672700,0.1,0.0
2018-04-03 00:00:00-04:00,11.25315258778315,11.4861107213178,11.214326643612212,11.434342384338379,1555000,0.0,0.0
2018-04-04 00:00:00-04:00,11.36316726405701,11.48611760086905,11.330812496911593,11.408464431762695,2022400,0.0,0.0
2018-04-05 00:00:00-04:00,11.440820433163365,11.459586049997077,11.36316726405701,11.408464431762695,1235800,0.0,0.0
2018-04-06 00:00:00-04:00,11.350222233757734,11.440816538327782,11.291982685318466,11.330808639526367,1172200,0.0,0.0
2018-04-09 00:00:00-04:00,11.337279539682266,11.356691899148684,11.169032096862793,11.169032096862793,1098600,0.0,0.0
2018-04-10 00:00:00-04:00,11.214329018724609,11.214329018724609,11.068730154428684,11.084907531738281,1049600,0.0,0.0
2018-04-11 00:00:00-04:00,11.065497400050354,11.259628435351845,11.052555001895584,11.194917678833008,962900,0.0,0.0
2018-04-12 00:00:00-04:00,11.233747642702996,11.512003100352555,11.13668086686779,11.44729232788086,2418600,0.0,0.0
2018-04-13 00:00:00-04:00,11.44728772349267,11.463465101539812,11.350222220954986,11.421402931213379,1608800,0.0,0.0
2018-04-16 00:00:00-04:00,11.479647636413574,11.58318438353131,11.427879262854706,11.479647636413574,1102700,0.0,0.0
2018-04-17 00:00:00-04:00,11.524940811954638,11.570237968826918,11.466701257617434,11.505528450012207,1474500,0.0,0.0
2018-04-18 00:00:00-04:00,11.57024366757268,11.693194035536864,11.562478965822313,11.634954452514648,1527500,0.0,0.0
2018-04-19 00:00:00-04:00,11.628475989773973,11.63494718765311,11.49905573495561,11.563766479492188,924100,0.0,0.0
2018-04-20 00:00:00-04:00,11.589646730468862,11.628472672412657,11.544349592492026,11.557291984558105,1025800,0.0,0.0
2018-04-23 00:00:00-04:00,11.589655859918079,11.631718050139009,11.512003914862193,11.550829887390137,599100,0.0,0.0
2018-04-24 00:00:00-04:00,11.615537813305306,11.615537813305306,11.537884653054652,11.589653015136719,1158500,0.0,0.0
2018-04-25 00:00:00-04:00,11.563770942464346,11.647894078850392,11.521708757143688,11.62200927734375,1132000,0.0,0.0
2018-04-26 00:00:00-04:00,11.647896856354155,11.673781664033168,11.583186071412186,11.634954452514648,1328300,0.0,0.0
2018-04-27 00:00:00-04:00,11.634952994340928,11.706134972281628,11.583184619726442,11.68025016784668,1140900,0.0,0.0
2018-04-30 00:00:00-04:00,11.712605197412138,11.719076397981649,11.6220096236943,11.641423225402832,1404000,0.0,0.0
2018-05-01 00:00:00-04:00,11.654439065320846,11.71951155902699,11.556830945338922,11.680468559265137,1033000,0.1,0.0
2018-05-02 00:00:00-04:00,11.673958177098976,11.74228371936161,11.576350082273175,11.6414213180542,1445800,0.0,0.0
2018-05-03 00:00:00-04:00,11.66094350219425,11.817116703066649,11.65443613034695,11.758551597595215,1102300,0.0,0.0
2018-05-04 00:00:00-04:00,11.778075271303232,11.940755865544562,11.739032276208555,11.8952054977417,1113500,0.0,0.0
2018-05-07 00:00:00-04:00,11.921234696829506,12.14898779513656,11.901713818304739,12.103437423706055,1288000,0.0,0.0
2018-05-08 00:00:00-04:00,12.103437452284288,12.103437452284288,11.869176980197674,11.953771591186523,1085700,0.0,0.0
2018-05-09 00:00:00-04:00,11.947262324711348,12.096928162092185,11.882189843759663,12.05788516998291,1183800,0.0,0.0
2018-05-10 00:00:00-04:00,12.103433506698668,12.188026848956484,12.038361036648121,12.077404022216797,1298800,0.0,0.0
2018-05-11 00:00:00-04:00,12.116451548736928,12.158747610807689,12.005828691870184,12.012334823608398,1051500,0.0,0.0
2018-05-14 00:00:00-04:00,12.031857587779035,12.064394453988031,11.90821997849393,11.953771591186523,907300,0.0,0.0
2018-05-15 00:00:00-04:00,11.90170945314657,11.983049726912238,11.856157857268368,11.875679969787598,1840000,0.0,0.0
2018-05-16 00:00:00-04:00,11.94075432356812,12.012332931805943,11.914724836096712,11.966782569885254,940900,0.0,0.0
2018-05-17 00:00:00-04:00,11.992813606055611,12.01233448302573,11.882190752325329,11.8952054977417,1107000,0.0,0.0
2018-05-18 00:00:00-04:00,11.927739579832416,11.966782569885254,11.869174474176022,11.966782569885254,1069700,0.0,0.0
2018-05-21 00:00:00-04:00,12.031862341064976,12.148992623381561,12.012340213627201,12.116456985473633,1140300,0.0,0.0
2018-05-22 00:00:00-04:00,12.109943773458834,12.178269324830046,12.07089953740006,12.135972023010254,934500,0.0,0.0
2018-05-23 00:00:00-04:00,12.14248034485344,12.357218695344885,12.14248034485344,12.34420394897461,1718300,0.0,0.0
2018-05-24 00:00:00-04:00,12.357213465406225,12.415778558131459,12.331185224836123,12.396256446838379,1119300,0.0,0.0
2018-05-25 00:00:00-04:00,12.370233463915563,12.428798581532382,12.359171053596429,12.402769088745117,729200,0.0,0.0
2018-05-29 00:00:00-04:00,12.363722389506346,12.448315733431983,12.337692904511286,12.428794860839844,1064700,0.0,0.0
2018-05-30 00:00:00-04:00,12.454826331964808,12.5439759759037,12.435305454314436,12.50037670135498,1144300,0.0,0.0
2018-05-31 00:00:00-04:00,12.526399099807652,12.526399099807652,12.370225961267984,12.383240699768066,2245500,0.0,0.0
2018-06-01 00:00:00-04:00,12.42903737376523,12.461744867769719,12.324371895697764,12.396329879760742,1458900,0.1,0.0
2018-06-04 00:00:00-04:00,12.429039001464844,12.461746499752687,12.396331503177,12.429039001464844,1199100,0.0,0.0
2018-06-05 00:00:00-04:00,12.448658822889568,12.509494693279114,12.363617368071678,12.3832426071167,1334400,0.0,0.0
2018-06-06 00:00:00-04:00,12.383245648287035,12.455203628080225,12.311287668493847,12.422494888305664,1047500,0.0,0.0
2018-06-07 00:00:00-04:00,12.44211967334982,12.448661421063496,12.265496228212962,12.415952682495117,1497300,0.0,0.0
2018-06-08 00:00:00-04:00,12.409412348990731,12.455204588205067,12.272039374480544,12.285122871398926,929800,0.0,0.0
2018-06-11 00:00:00-04:00,12.298205697018743,12.363621936965746,12.219707207251137,12.25241470336914,937700,0.0,0.0
2018-06-12 00:00:00-04:00,12.265494877515506,12.324369352744434,12.219703896273154,12.245869636535645,1110300,0.0,0.0
2018-06-13 00:00:00-04:00,12.265492149365224,12.285117385979946,12.062703028521293,12.147743225097656,1122700,0.0,0.0
2018-06-14 00:00:00-04:00,12.167368292617619,12.285117215248782,12.147743056275635,12.258950233459473,853400,0.0,0.0
2018-06-15 00:00:00-04:00,12.252409654668234,12.26549314680868,12.128120222465457,12.134660720825195,1832200,0.0,0.0
2018-06-18 00:00:00-04:00,12.121581428586966,12.19026790748706,12.003832466066354,12.06270694732666,1570000,0.0,0.0
2018-06-19 00:00:00-04:00,12.003832566410185,12.069248795880782,11.882813352901602,11.886083602905273,1809000,0.0,0.0
2018-06-20 00:00:00-04:00,11.91879165661307,12.02999887765126,11.90897965842792,11.95804214477539,2922800,0.0,0.0
2018-06-21 00:00:00-04:00,11.958041099039338,12.039811070660395,11.93187410921944,12.029997825622559,1087800,0.0,0.0
2018-06-22 00:00:00-04:00,12.08233140124993,12.128123636632381,12.023456917754755,12.069249153137207,1397800,0.0,0.0
2018-06-25 00:00:00-04:00,12.062707022249452,12.121581503875433,12.023456536024934,12.036540031433105,1046500,0.0,0.0
2018-06-26 00:00:00-04:00,12.049624302230896,12.049624302230896,11.984208068691315,11.997291564941406,977500,0.0,0.0
2018-06-27 00:00:00-04:00,12.023455783394441,12.062706267162003,11.918790322102378,11.925332069396973,1000300,0.0,0.0
2018-06-28 00:00:00-04:00,11.938414918176214,12.003831139872734,11.872998696479693,11.87954044342041,1321000,0.0,0.0
2018-06-29 00:00:00-04:00,11.675632561322915,11.813766203492884,11.609854098785863,11.761143684387207,2809800,0.1,0.0
2018-07-02 00:00:00-04:00,11.741410729316028,11.780877304000276,11.623009750643496,11.7479887008667,1445000,0.0,0.0
2018-07-03 00:00:00-04:00,11.79403011455283,11.984786220377485,11.754563550351085,11.925585746765137,1350700,0.0,0.0
2018-07-05 00:00:00-04:00,11.951897913912408,11.997942449026946,11.899275408835864,11.991364479064941,1208800,0.0,0.0
2018-07-06 00:00:00-04:00,12.00452022651738,12.08345461017636,11.984786316947769,12.076876640319824,1004600,0.0,0.0
2018-07-09 00:00:00-04:00,12.076878272500732,12.103188900863277,11.955187695637605,11.997943878173828,973000,0.0,0.0
2018-07-10 00:00:00-04:00,11.997942451760624,12.07029886673966,11.958475886599096,11.978208541870117,969700,0.0,0.0
2018-07-11 00:00:00-04:00,11.96505490263133,12.050566010393865,11.833498001098633,11.833498001098633,1401600,0.0,0.0
2018-07-12 00:00:00-04:00,11.846651851152119,11.905852320930542,11.761139503863564,11.87954044342041,1192000,0.0,0.0
2018-07-13 00:00:00-04:00,11.899275122170458,11.978208250573951,11.866386527772246,11.925585746765137,1055100,0.0,0.0
2018-07-16 00:00:00-04:00,11.925584974443767,11.938740913198833,11.853229820529652,11.87954044342041,660200,0.0,0.0
2018-07-17 00:00:00-04:00,11.905854908826704,11.96505539147314,11.794031914341174,11.813764572143555,923300,0.0,0.0
2018-07-18 00:00:00-04:00,11.813770272653427,11.853238116541938,11.728259120135489,11.840082168579102,979200,0.0,0.0
2018-07-19 00:00:00-04:00,11.84007511180521,12.030832479712767,11.807843936740458,11.97163200378418,804600,0.0,0.0
2018-07-20 00:00:00-04:00,11.95847673397605,11.978209390645326,11.85323171634133,11.905854225158691,888300,0.0,0.0
2018-07-23 00:00:00-04:00,11.932161631667629,11.984784126281738,11.892695074361855,11.984784126281738,773400,0.0,0.0
2018-07-24 00:00:00-04:00,11.997936254929844,11.997936254929844,11.853224754333496,11.853224754333496,744300,0.0,0.0
2018-07-25 00:00:00-04:00,11.853231912714417,11.905854422403575,11.741408922797502,11.833498001098633,988100,0.0,0.0
2018-07-26 00:00:00-04:00,11.840076633970781,11.945321659236503,11.797320450387936,11.807188034057617,568300,0.0,0.0
2018-07-27 00:00:00-04:00,11.859808341646527,11.859808341646527,11.7085175481637,11.728251457214355,721300,0.0,0.0
2018-07-30 00:00:00-04:00,11.741410066630374,11.82034321154388,11.69536552299421,11.774298667907715,769500,0.0,0.0
2018-07-31 00:00:00-04:00,11.77429752087088,11.932165049938357,11.76114157979369,11.833498001098633,1249700,0.0,0.0
2018-08-01 00:00:00-04:00,11.820269313085372,11.97240453431888,11.78058087670334,11.965789794921875,1012900,0.1,0.0
2018-08-02 00:00:00-04:00,11.939327088817278,12.015395937183705,11.912869401168551,11.91948413848877,890200,0.0,0.0
2018-08-03 00:00:00-04:00,11.939330202890032,11.959174420026546,11.780580250695328,11.813653945922852,849800,0.0,0.0
2018-08-06 00:00:00-04:00,11.826881154156373,11.859954846564412,11.760736292605023,11.820267677307129,822400,0.0,0.0
2018-08-07 00:00:00-04:00,11.85995127708344,11.879794224923781,11.727659070531903,11.787190437316895,945100,0.0,0.0
2018-08-08 00:00:00-04:00,11.886412105952566,11.886412105952566,11.598677931459978,11.601985931396484,1605800,0.0,0.0
2018-08-09 00:00:00-04:00,11.58875968681494,11.628446865694858,11.476311628627949,11.482926368713379,1494300,0.0,0.0
2018-08-10 00:00:00-04:00,11.463081544007368,11.502768720794576,11.390320668536985,11.403550148010254,1154500,0.0,0.0
2018-08-13 00:00:00-04:00,11.410167667581085,11.469699078081705,11.330792033035953,11.377095222473145,1225100,0.0,0.0
2018-08-14 00:00:00-04:00,11.482926237063712,11.575530073932724,11.476311497054118,11.535842895507812,1563700,0.0,0.0
2018-08-15 00:00:00-04:00,11.608601244757134,11.707821072434175,11.575528809953132,11.648289680480957,1776600,0.0,0.0
2018-08-16 00:00:00-04:00,11.628442494297833,11.813651362167656,11.628442494297833,11.701203346252441,1405500,0.0,0.0
2018-08-17 00:00:00-04:00,11.740891680642184,11.773964110300923,11.654902606550067,11.674745559692383,1582100,0.0,0.0
2018-08-20 00:00:00-04:00,11.701208225220638,11.70782296557754,11.61521786221365,11.687978744506836,1194800,0.0,0.0
2018-08-21 00:00:00-04:00,11.687981345783632,11.787199949953791,11.681366603954555,11.754127502441406,1125500,0.0,0.0
2018-08-22 00:00:00-04:00,11.780577674173655,11.800421886970057,11.68797387105484,11.701203346252441,949200,0.0,0.0
2018-08-23 00:00:00-04:00,11.70120644222088,11.73427887733317,11.621830831665843,11.63506031036377,880700,0.0,0.0
2018-08-24 00:00:00-04:00,11.635061918420421,11.72105101857626,11.601989478737261,11.707822799682617,679800,0.0,0.0
2018-08-27 00:00:00-04:00,11.767353386343123,11.767353386343123,11.654905332913843,11.727664947509766,1090400,0.0,0.0
2018-08-28 00:00:00-04:00,11.7408920771602,11.820267677307129,11.707819646384525,11.820267677307129,867700,0.0,0.0
2018-08-29 00:00:00-04:00,11.846726255788028,11.899642905966923,11.82688203885877,11.866570472717285,870500,0.0,0.0
2018-08-30 00:00:00-04:00,11.886418431547554,11.899647915069282,11.813658795444024,11.840116500854492,933600,0.0,0.0
2018-08-31 00:00:00-04:00,11.813506061191028,11.860068099953992,11.727032616013751,11.740336418151855,1719400,0.1,0.0
2018-09-04 00:00:00-04:00,11.740336194597944,11.780246331531906,11.600650080968892,11.620604515075684,1012700,0.0,0.0
2018-09-05 00:00:00-04:00,11.620602891323092,11.773594054179771,11.58734465997871,11.727030754089355,1000800,0.0,0.0
2018-09-06 00:00:00-04:00,11.76693981210314,11.783568924465511,11.66051197052002,11.66051197052002,728500,0.0,0.0
2018-09-07 00:00:00-04:00,11.64721300526944,11.64721300526944,11.560739555157593,11.6405611038208,1021600,0.0,0.0
2018-09-10 00:00:00-04:00,11.687119294301334,11.7270294211222,11.640557268223649,11.647209167480469,632900,0.0,0.0
2018-09-11 00:00:00-04:00,11.640558098747885,11.670491013179186,11.560736570691034,11.5873441696167,744600,0.0,0.0
2018-09-12 00:00:00-04:00,11.593995472009633,11.687119526011289,11.534129646231401,11.673815727233887,1229700,0.0,0.0
2018-09-13 00:00:00-04:00,11.72037836621816,11.8401087423456,11.673815073106365,11.780242919921875,982100,0.0,0.0
2018-09-14 00:00:00-04:00,11.793551092431413,11.806854895398015,11.667168770410123,11.713730812072754,921100,0.0,0.0
2018-09-17 00:00:00-04:00,11.72702839953318,11.766939791597258,11.627252456812876,11.667163848876953,981000,0.0,0.0
2018-09-18 00:00:00-04:00,11.647209167480469,11.66716486525093,11.601311950712448,11.647209167480469,843000,0.0,0.0
2018-09-19 00:00:00-04:00,11.660514660650277,11.660514660650277,11.474265260551316,11.520827293395996,1078700,0.0,0.0
2018-09-20 00:00:00-04:00,11.520826441022683,11.587344169616701,11.454308712428665,11.5873441696167,1195800,0.0,0.0
2018-09-21 00:00:00-04:00,11.587344148254479,11.64055807728756,11.540782118940552,11.593996047973633,1790000,0.0,0.0
2018-09-24 00:00:00-04:00,11.593998869724379,11.600650771062474,11.467615281741486,11.514177322387695,858600,0.0,0.0
2018-09-25 00:00:00-04:00,11.547435760498047,11.620604131005306,11.534131959052969,11.547435760498047,853400,0.0,0.0
2018-09-26 00:00:00-04:00,11.540783857833414,11.590671210163558,11.450985101174751,11.454310417175293,954600,0.0,0.0
2018-09-27 00:00:00-04:00,11.494220917640067,11.62060321524779,11.474265217045053,11.534131050109863,802200,0.0,0.0
2018-09-28 00:00:00-04:00,11.547430417799742,11.64055444738853,11.544103834617427,11.633902549743652,1417300,0.0,0.0
2018-10-01 00:00:00-04:00,11.640561042397323,11.680471182158097,11.567391395568848,11.567391395568848,1138800,0.0,0.0
2018-10-02 00:00:00-04:00,11.56738931500737,11.624255564252701,11.487106125184415,11.533937454223633,933700,0.1,0.0
2018-10-03 00:00:00-04:00,11.540628404361843,11.640981439622939,11.52724765937821,11.620911598205566,1325400,0.0,0.0
2018-10-04 00:00:00-04:00,11.587463379881083,11.607534503668688,11.366686122451329,11.380066871643066,1393600,0.0,0.0
2018-10-05 00:00:00-04:00,11.400135218754993,11.45365692642744,11.359992980957031,11.359992980957031,1122200,0.0,0.0
2018-10-08 00:00:00-04:00,11.373369448892225,11.587456199055085,11.373369448892225,11.55400562286377,974700,0.0,0.0
2018-10-09 00:00:00-04:00,11.554009672586501,11.560700045381301,11.41351439601196,11.426895141601562,1000100,0.0,0.0
2018-10-10 00:00:00-04:00,11.40682653813188,11.440278409481166,11.293092727661133,11.293092727661133,1107700,0.0,0.0
2018-10-11 00:00:00-04:00,11.306469866524033,11.326540982925748,10.99203003257854,11.018790245056152,1648700,0.0,0.0
2018-10-12 00:00:00-04:00,11.072313253658788,11.124497652042782,10.925128877505099,11.012101173400879,2053400,0.0,0.0
2018-10-15 00:00:00-04:00,11.045552194065499,11.079002780071525,10.96526900116975,10.985340118408203,1223500,0.0,0.0
2018-10-16 00:00:00-04:00,11.038860128378262,11.172665003993872,10.951887852468621,11.085691452026367,1657500,0.0,0.0
2018-10-17 00:00:00-04:00,11.092381131716177,11.172664307290832,11.012097956141522,11.099071502685547,991700,0.0,0.0
2018-10-18 00:00:00-04:00,11.105764007050192,11.109108555148465,10.96526874182013,10.971959114074707,1232400,0.0,0.0
2018-10-19 00:00:00-04:00,10.958577179881987,10.998719409051535,10.931816969826848,10.951888084411621,1484500,0.0,0.0
2018-10-22 00:00:00-04:00,10.971961790311168,11.012102757571624,10.858227986357926,10.87160873413086,1446300,0.0,0.0
2018-10-23 00:00:00-04:00,10.83815262206309,10.878293568884123,10.624065232911821,10.824771881103516,1999400,0.0,0.0
2018-10-24 00:00:00-04:00,10.838158259599368,10.864918479380322,10.690972584599876,10.704353332519531,1453900,0.0,0.0
2018-10-25 00:00:00-04:00,10.73780252310559,10.965270103782133,10.704351933735941,10.878297805786133,1445200,0.0,0.0
2018-10-26 00:00:00-04:00,10.8716059599826,10.921783113298035,10.717731228033694,10.851534843444824,1671500,0.0,0.0
2018-10-29 00:00:00-04:00,10.92512707432676,11.058931958606266,10.782625855133706,10.838154792785645,1639600,0.0,0.0
2018-10-30 00:00:00-04:00,10.884986530698466,10.995374479750234,10.831464830176214,10.891676902770996,1647500,0.0,0.0
2018-10-31 00:00:00-04:00,10.925128124082713,10.988684748390533,10.818084716796875,10.818084716796875,2956900,0.0,0.0
2018-11-01 00:00:00-04:00,10.871938838720547,10.993112359156841,10.824816088328355,10.945989608764648,1629100,0.1,0.0
2018-11-02 00:00:00-04:00,10.972916245941574,11.020040279909502,10.777693241211853,10.858474731445312,1446500,0.0,0.0
2018-11-05 00:00:00-05:00,10.865204923928761,11.013306437983774,10.85847292019913,10.952719688415527,1729700,0.0,0.0
2018-11-06 00:00:00-05:00,10.95272406853269,11.14121511234832,10.548812671215154,10.622862815856934,2624100,0.0,0.0
2018-11-07 00:00:00-05:00,10.643059119993861,10.878673573069308,10.643059119993861,10.871941566467285,1797000,0.0,0.0
2018-11-08 00:00:00-05:00,10.87193987810075,10.966186671893976,10.824817123203523,10.912330627441406,2140200,0.0,0.0
2018-11-09 00:00:00-05:00,10.871938634296798,10.93252539337574,10.831547889577045,10.898866653442383,1164900,0.0,0.0
2018-11-12 00:00:00-05:00,10.898867533418272,10.959454297388996,10.79789002146664,10.804620742797852,1376700,0.0,0.0
2018-11-13 00:00:00-05:00,10.83828095426954,10.943297928009704,10.720473426984125,10.730570793151855,1850200,0.0,0.0
2018-11-14 00:00:00-05:00,10.764226713353596,10.78442272318668,10.609394489961621,10.710371971130371,1784400,0.0,0.0
2018-11-15 00:00:00-05:00,10.636321821183849,10.656517188942027,10.509763241633824,10.582467079162598,1944400,0.0,0.0
2018-11-16 00:00:00-05:00,10.60266569908462,10.60939770440198,10.476107080715172,10.555542945861816,3297900,0.0,0.0
2018-11-19 00:00:00-05:00,10.589201706837883,10.616129728154089,10.481492189570522,10.548810958862305,1661000,0.0,0.0
2018-11-20 00:00:00-05:00,10.528614802561155,10.65651968431252,10.501687425245112,10.609396934509277,3260500,0.0,0.0
2018-11-21 00:00:00-05:00,10.616132233634918,10.683450376814886,10.569008827209473,10.569008827209473,1462500,0.0,0.0
2018-11-23 00:00:00-05:00,10.535349263313353,10.626229429228077,10.515153884887695,10.515153884887695,1161300,0.0,0.0
2018-11-26 00:00:00-05:00,10.562275636888195,10.73730394514497,10.555544272724045,10.656521797180176,1303200,0.0,0.0
2018-11-27 00:00:00-05:00,10.669983693970199,10.707008436530183,10.58920092002276,10.609396934509277,1230700,0.0,0.0
2018-11-28 00:00:00-05:00,10.602662860622752,10.784423103535897,10.55554012001528,10.68344497680664,1658200,0.0,0.0
2018-11-29 00:00:00-05:00,10.656520057569788,10.804620316995743,10.643056689439854,10.717106819152832,1103000,0.0,0.0
2018-11-30 00:00:00-05:00,10.703559750171946,10.778077970648534,10.642590003392197,10.750980377197266,2256800,0.1,0.0
2018-12-03 00:00:00-05:00,10.764530663371893,10.866147134368267,10.608718999600516,10.805176734924316,1065500,0.0,0.0
2018-12-04 00:00:00-05:00,10.764526663244405,10.784849691468525,10.57823019200816,10.608715057373047,1389600,0.0,0.0
2018-12-06 00:00:00-05:00,10.568068371908032,10.77129993416761,10.476613781256795,10.75775146484375,2104500,0.0,0.0
2018-12-07 00:00:00-05:00,10.737427724449965,10.788235611639257,10.554518555299712,10.595165252685547,2113500,0.0,0.0
2018-12-10 00:00:00-05:00,10.581621704246365,10.5951708258544,10.446133718454401,10.473231315612793,1608700,0.0,0.0
2018-12-11 00:00:00-05:00,10.54774750187938,10.662912428995263,10.51387599653975,10.520649909973145,2184700,0.0,0.0
2018-12-12 00:00:00-05:00,10.608718315126355,10.778078443135543,10.547748565673828,10.547748565673828,1575600,0.0,0.0
2018-12-13 00:00:00-05:00,10.534201355834892,10.6798511867748,10.534201355834892,10.629042625427246,1230700,0.0,0.0
2018-12-14 00:00:00-05:00,10.58162043261839,10.727270242113166,10.568071958696198,10.635815620422363,1448200,0.0,0.0
2018-12-17 00:00:00-05:00,10.635815318155405,10.676462030882016,10.229351421177206,10.242899894714355,2098500,0.0,0.0
2018-12-18 00:00:00-05:00,10.27676799394996,10.37160985552975,10.209023714813348,10.263218879699707,1830700,0.0,0.0
2018-12-19 00:00:00-05:00,10.249675816559503,10.351291642793072,9.924504009708285,9.938053131103516,2205800,0.0,0.0
2018-12-20 00:00:00-05:00,9.897406434084099,9.91773011622029,9.518040079015865,9.531588554382324,2787400,0.0,0.0
2018-12-21 00:00:00-05:00,9.538358915803125,9.707718982697438,9.470614630622446,9.518035888671875,2620900,0.0,0.0
2018-12-24 00:00:00-05:00,9.484164117911876,9.548521126750924,9.382548332214355,9.382548332214355,1391300,0.0,0.0
2018-12-26 00:00:00-05:00,9.416420367853464,9.660299301147461,9.35545128058741,9.660299301147461,1942200,0.0,0.0
2018-12-27 00:00:00-05:00,9.579009458271322,9.761918067932129,9.48078026996527,9.761918067932129,1661100,0.0,0.0
2018-12-28 00:00:00-05:00,9.802566221345515,9.938054219852686,9.680626699660191,9.721273422241211,1752900,0.0,0.0
2018-12-31 00:00:00-05:00,9.734914293670709,9.789489793025718,9.540488345303315,9.728092193603516,1439500,0.1,0.0
2019-01-02 00:00:00-05:00,9.639404244512892,9.751966262895683,9.540485771993207,9.68715763092041,1294700,0.0,0.0
2019-01-03 00:00:00-05:00,9.63940684450381,9.881585541567748,9.63940684450381,9.728092193603516,1627100,0.0,0.0
2019-01-04 00:00:00-05:00,9.857709762278416,10.01461482551679,9.82359990934909,9.9668607711792,1211300,0.0,0.0
2019-01-07 00:00:00-05:00,9.994149843588279,10.157877029158437,9.972319899161013,10.096479415893555,1223000,0.0,0.0
2019-01-08 00:00:00-05:00,10.144233240042103,10.393234103477242,10.123767584982193,10.355713844299316,1672500,0.0,0.0
2019-01-09 00:00:00-05:00,10.417108471508369,10.505793168189058,10.32160102430983,10.464861869812012,1087800,0.0,0.0
2019-01-10 00:00:00-05:00,10.505792111451875,10.614943747524459,10.4375730708216,10.57401180267334,1288000,0.0,0.0
2019-01-11 00:00:00-05:00,10.58765171684114,10.6968026581544,10.529665197944604,10.580829620361328,1180400,0.0,0.0
2019-01-14 00:00:00-05:00,10.56719187814841,10.580836079437141,10.47850652154564,10.54672622680664,841100,0.0,0.0
2019-01-15 00:00:00-05:00,10.567189703432955,10.58765600115411,10.505792111451875,10.57401180267334,749300,0.0,0.0
2019-01-16 00:00:00-05:00,10.587658471426336,10.751384987848473,10.587658471426336,10.710453033447266,735600,0.0,0.0
2019-01-17 00:00:00-05:00,10.69680949911237,10.782083807872917,10.689987398269603,10.72409725189209,1040000,0.0,0.0
2019-01-18 00:00:00-05:00,10.765028771555153,10.77185087253467,10.67634341059549,10.758207321166992,658300,0.0,0.0
2019-01-22 00:00:00-05:00,10.765026502861254,10.788903200666274,10.519436774678045,10.567190170288086,1041400,0.0,0.0
2019-01-23 00:00:00-05:00,10.58765508044496,10.607438255694051,10.444394261810885,10.512613296508789,971700,0.0,0.0
2019-01-24 00:00:00-05:00,10.49897361624089,10.522850319707738,10.429389615715095,10.45121955871582,879000,0.0,0.0
2019-01-25 00:00:00-05:00,10.458041615680514,10.744563357254615,10.444398064010562,10.703631401062012,1099600,0.0,0.0
2019-01-28 00:00:00-05:00,10.655874217577448,10.73364458148362,10.621764374605032,10.71727180480957,1416900,0.0,0.0
2019-01-29 00:00:00-05:00,10.71045032024592,10.867355346679688,10.703628221142022,10.867355346679688,976700,0.0,0.0
2019-01-30 00:00:00-05:00,10.908291655797953,11.092484512748765,10.887825999667244,11.003798484802246,1383000,0.0,0.0
2019-01-31 00:00:00-05:00,10.990157733123802,11.194815635681154,10.908293791390934,11.194815635681152,1840200,0.0,0.0
2019-02-01 00:00:00-05:00,11.215403201543506,11.242857607920303,10.851623480217073,11.071263313293457,1639500,0.1,0.0
2019-02-04 00:00:00-05:00,11.043806600967311,11.15362682186516,11.040373982661585,11.126171112060547,1232500,0.0,0.0
2019-02-05 00:00:00-05:00,11.146762894414007,11.187945149960624,11.050670528418465,11.126171112060547,963200,0.0,0.0
2019-02-06 00:00:00-05:00,11.13990129297631,11.174220937398022,11.057536764685345,11.071263313293457,631100,0.0,0.0
2019-02-07 00:00:00-05:00,11.050669603190467,11.143330652282447,11.023213895684611,11.098715782165527,1229600,0.0,0.0
2019-02-08 00:00:00-05:00,11.050670258637094,11.119308222312657,10.872212076744738,10.87907600402832,1026200,0.0,0.0
2019-02-11 00:00:00-05:00,10.879075184628974,11.02321371924707,10.879075184628974,11.016349792480469,1285800,0.0,0.0
2019-02-12 00:00:00-05:00,11.036945089573887,11.050672947481308,10.927124844635685,10.995762825012207,902100,0.0,0.0
2019-02-13 00:00:00-05:00,10.98203275347128,11.201673199075055,10.968304898330963,11.181082725524902,1376300,0.0,0.0
2019-02-14 00:00:00-05:00,11.174220937398022,11.242857607920303,10.988898785002492,11.071263313293457,1015100,0.0,0.0
2019-02-15 00:00:00-05:00,11.112447519252663,11.229131698608398,11.105583589977543,11.229131698608398,1105500,0.0,0.0
2019-02-19 00:00:00-05:00,11.242858247997988,11.297768373038297,11.20853991078304,11.229131698608398,1237200,0.0,0.0
2019-02-20 00:00:00-05:00,11.229129400235879,11.49681604137233,11.222265472365665,11.46249771118164,1952200,0.0,0.0
2019-02-21 00:00:00-05:00,11.44190618611958,11.572318200279762,11.373268215026831,11.503680229187012,1544600,0.0,0.0
2019-02-22 00:00:00-05:00,11.50368113300737,11.596342204888707,11.48308934731357,11.524272918701172,928200,0.0,0.0
2019-02-25 00:00:00-05:00,11.565452874629347,11.572316801825194,11.345812441003288,11.380130767822266,1128100,0.0,0.0
2019-02-26 00:00:00-05:00,11.448768547341688,11.599771015752202,11.393172439853679,11.496814727783203,1588500,0.0,0.0
2019-02-27 00:00:00-05:00,11.448768846912683,11.462496701443818,11.215400556524468,11.311492919921875,1510600,0.0,0.0
2019-02-28 00:00:00-05:00,11.311492919921875,11.40072266521398,11.304628992656308,11.311492919921875,2263600,0.0,0.0
2019-03-01 00:00:00-05:00,11.3595425433892,11.393862190115364,11.177652997802836,11.33895206451416,1474800,0.0,0.0
2019-03-04 00:00:00-05:00,11.373479155219364,11.408007813226885,11.228462742988656,11.311328887939453,1073000,0.1,0.0
2019-03-05 00:00:00-05:00,11.34585425331362,11.459795498837957,11.307873399094426,11.38038158416748,1017400,0.0,0.0
2019-03-06 00:00:00-05:00,11.394194172962829,11.48396603236264,11.325138187275773,11.3734769821167,938800,0.0,0.0
2019-03-07 00:00:00-05:00,11.37347712801036,11.380382858380987,11.200837820144871,11.249177932739258,963600,0.0,0.0
2019-03-08 00:00:00-05:00,11.214652838300614,11.269897381656426,11.1594082949448,11.221558570861816,983300,0.0,0.0
2019-03-11 00:00:00-04:00,11.256079867078139,11.352758753842167,11.20152684829103,11.338947296142578,682600,0.0,0.0
2019-03-12 00:00:00-04:00,11.394196248069012,11.47706370941194,11.345857444424643,11.352763175964355,869400,0.0,0.0
2019-03-13 00:00:00-04:00,11.380384784989587,11.470157977872228,11.338951712884931,11.352763175964355,819100,0.0,0.0
2019-03-14 00:00:00-04:00,11.37347585457006,11.442531833411026,11.276798274472654,11.38038158416748,754100,0.0,0.0
2019-03-15 00:00:00-04:00,11.408007534585678,11.435629143183409,11.332045805958128,11.359668731689453,1271500,0.0,0.0
2019-03-18 00:00:00-04:00,11.359664482691963,11.456342052322892,11.262985595927933,11.338947296142578,1182100,0.0,0.0
2019-03-19 00:00:00-04:00,11.345853528997614,11.39074010994868,11.290609012878283,11.304420471191406,963400,0.0,0.0
2019-03-20 00:00:00-04:00,11.297516392461539,11.373476790014264,11.242271868271672,11.276799201965332,1053200,0.0,0.0
2019-03-21 00:00:00-04:00,11.249177693844054,11.401099807371342,11.249177693844054,11.325138092041016,771100,0.0,0.0
2019-03-22 00:00:00-04:00,11.29060843546851,11.32168355651725,11.111063437979457,11.131780624389648,1185900,0.0,0.0
2019-03-25 00:00:00-04:00,11.11106306919976,11.187024766382846,10.95223460482592,11.055818557739258,1140600,0.0,0.0
2019-03-26 00:00:00-04:00,11.076540514581302,11.26298999786377,11.076540514581302,11.26298999786377,1068900,0.0,0.0
2019-03-27 00:00:00-04:00,11.297514742034844,11.359664987310735,11.221553038445832,11.304420471191406,948700,0.0,0.0
2019-03-28 00:00:00-04:00,11.318235901560753,11.39419764064788,11.245727687232371,11.38729190826416,888200,0.0,0.0
2019-03-29 00:00:00-04:00,11.387289744556858,11.387289744556858,11.214650419168548,11.256083488464355,1261300,0.0,0.0
2019-04-01 00:00:00-04:00,11.30442017713177,11.435625076293945,11.276797261224074,11.435625076293945,1173700,0.0,0.0
2019-04-02 00:00:00-04:00,11.428679789342048,11.4946808034564,11.359204270459134,11.470364570617676,966100,0.1,0.0
2019-04-03 00:00:00-04:00,11.477312577139065,11.584998375551327,11.449521838751808,11.512049674987793,1193500,0.0,0.0
2019-04-04 00:00:00-04:00,11.498156022054754,11.623211713193035,11.491209661556441,11.574579238891602,1016700,0.0,0.0
2019-04-05 00:00:00-04:00,11.560681168662423,11.692684514617,11.560681168662423,11.623208999633789,941000,0.0,0.0
2019-04-08 00:00:00-04:00,11.637110266886225,11.664901017021634,11.5537393416159,11.616267204284668,1141700,0.0,0.0
2019-04-09 00:00:00-04:00,11.616263804632387,11.623211490132908,11.341837515607144,11.380047798156738,1465600,0.0,0.0
2019-04-10 00:00:00-04:00,11.386994779975668,11.53289351619948,11.386994779975668,11.518998146057129,911700,0.0,0.0
2019-04-11 00:00:00-04:00,11.532893816528503,11.567630917653537,11.435627548134566,11.491209030151367,564000,0.0,0.0
2019-04-12 00:00:00-04:00,11.532892728778235,11.532892728778235,11.43562646955818,11.512049674987793,823000,0.0,0.0
2019-04-15 00:00:00-04:00,11.532891155995129,11.553732881807965,11.380044765980132,11.442572593688965,713500,0.0,0.0
2019-04-16 00:00:00-04:00,11.449520277338298,11.48425869558496,11.380044765980132,11.442572593688965,875100,0.0,0.0
2019-04-17 00:00:00-04:00,11.47731051758498,11.47731051758498,11.317517775938406,11.352254867553711,660100,0.0,0.0
2019-04-18 00:00:00-04:00,11.373102211600438,11.42868237425068,11.307099857422546,11.317522048950195,649000,0.0,0.0
2019-04-22 00:00:00-04:00,11.317518411855119,11.317518411855119,11.122987242527678,11.199410438537598,1072100,0.0,0.0
2019-04-23 00:00:00-04:00,11.227206388255766,11.463422472487599,11.195942455779907,11.421737670898438,1227100,0.0,0.0
2019-04-24 00:00:00-04:00,11.46341656213933,11.46341656213933,11.320992348766644,11.428679466247559,947700,0.0,0.0
2019-04-25 00:00:00-04:00,11.414782692569347,11.42867805926951,11.272358496730424,11.352254867553711,1050200,0.0,0.0
2019-04-26 00:00:00-04:00,11.393941045220522,11.46341656213933,11.359203949328752,11.428679466247559,790900,0.0,0.0
2019-04-29 00:00:00-04:00,11.463422027563919,11.546792952642361,11.373104740103514,11.400894165039062,887700,0.0,0.0
2019-04-30 00:00:00-04:00,11.393941045220522,11.470364246344737,11.366151633534159,11.428679466247559,977900,0.0,0.0
2019-05-01 00:00:00-04:00,11.449650515911854,11.519550972441099,11.372761213645969,11.400720596313477,1023000,0.1,0.0
2019-05-02 00:00:00-04:00,11.421689986185722,11.568479730239037,11.411205385393394,11.463629722595215,1109900,0.0,0.0
2019-05-03 00:00:00-04:00,11.519550132627737,11.58246040559366,11.463630038129164,11.540520668029785,811000,0.0,0.0
2019-05-06 00:00:00-04:00,11.491590244697775,11.641875742010818,11.47061971022148,11.568479537963867,986800,0.0,0.0
2019-05-07 00:00:00-04:00,11.533525391145545,11.631385179948886,11.450344570662704,11.50556468963623,1124100,0.0,0.0
2019-05-08 00:00:00-04:00,11.47061906510196,11.540519509518173,11.302858798447096,11.330818176269531,1347600,0.0,0.0
2019-05-09 00:00:00-04:00,11.337807731810322,11.56847825245645,11.288877823376296,11.449647903442383,1886700,0.0,0.0
2019-05-10 00:00:00-04:00,11.456639165763226,11.547510147094727,11.337808805495975,11.547510147094727,1161000,0.0,0.0
2019-05-13 00:00:00-04:00,11.421691249999311,11.523046846340778,11.36577115085235,11.498581886291504,957400,0.0,0.0
2019-05-14 00:00:00-04:00,11.505573130990294,11.61042450533745,11.477613742207497,11.55450439453125,1032400,0.0,0.0
2019-05-15 00:00:00-04:00,11.547510212196377,11.631389682716655,11.519549499862853,11.617410659790039,750000,0.0,0.0
2019-05-16 00:00:00-04:00,11.617409126318652,11.659348856042843,11.557993287072742,11.575468063354492,840800,0.0,0.0
2019-05-17 00:00:00-04:00,11.53353017210449,11.561490885204273,11.428680164460667,11.463629722595215,1207300,0.0,0.0
2019-05-20 00:00:00-04:00,11.463630111844994,11.470620290357292,11.235755358656922,11.295869827270508,1078200,0.0,0.0
2019-05-21 00:00:00-04:00,11.40771039169088,11.449650130902022,11.316840734526698,11.44266128540039,1258600,0.0,0.0
2019-05-22 00:00:00-04:00,11.38673959839457,11.400718620685746,11.274898087384576,11.330818176269531,1245100,0.0,0.0
2019-05-23 00:00:00-04:00,11.288878001375968,11.372758798042629,11.218977559693759,11.34479808807373,1222100,0.0,0.0
2019-05-24 00:00:00-04:00,11.35877888733205,11.421689153982635,11.295868620681466,11.330818176269531,696300,0.0,0.0
2019-05-28 00:00:00-04:00,11.365767392142846,11.386737922353033,11.253927230834961,11.253927230834961,1610200,0.0,0.0
2019-05-29 00:00:00-04:00,11.24693767707394,11.25392785419786,11.100147290571535,11.177037239074707,1667300,0.0,0.0
2019-05-30 00:00:00-04:00,11.218980771994435,11.27490087470365,11.114130746069709,11.142090797424316,909000,0.0,0.0
2019-05-31 00:00:00-04:00,11.071750000041748,11.086521648055271,10.860725402832031,10.860725402832031,1975600,0.1,0.0
2019-06-03 00:00:00-04:00,10.89589531104117,10.987339317387294,10.846656488711963,10.973271369934082,1421600,0.0,0.0
2019-06-04 00:00:00-04:00,11.008439710086009,11.077374720503798,10.895893466201526,11.036576271057129,1037100,0.0,0.0
2019-06-05 00:00:00-04:00,11.078781447928074,11.0928500638279,10.976785995139933,11.036576271057129,1285500,0.0,0.0
2019-06-06 00:00:00-04:00,11.078781416739883,11.078781416739883,10.87830833653144,10.952166557312012,1952100,0.0,0.0
2019-06-07 00:00:00-04:00,10.98733964504672,11.071749344769147,10.95920307847258,11.029544830322266,909500,0.0,0.0
2019-06-10 00:00:00-04:00,11.06471314411854,11.120986938476562,10.973269821504552,11.120986938476562,883400,0.0,0.0
2019-06-11 00:00:00-04:00,11.17022198349898,11.219460782260239,11.092846632470101,11.198358535766602,1113600,0.0,0.0
2019-06-12 00:00:00-04:00,11.18429530174512,11.219466176697253,11.01899306154733,11.050646781921387,1961900,0.0,0.0
2019-06-13 00:00:00-04:00,11.099883413422539,11.163190841674805,11.029542348231088,11.163190841674805,1167000,0.0,0.0
2019-06-14 00:00:00-04:00,11.149123816837323,11.163191762704898,11.06823061249164,11.085816383361816,1269200,0.0,0.0
2019-06-17 00:00:00-04:00,11.099886580232633,11.24056942158102,11.078784321737551,11.219467163085938,1599500,0.0,0.0
2019-06-18 00:00:00-04:00,11.282773358137055,11.45862704757193,11.261670432408287,11.332012176513672,1558300,0.0,0.0
2019-06-19 00:00:00-04:00,11.353112482847791,11.353112482847791,11.212429681298772,11.254634857177734,1806900,0.0,0.0
2019-06-20 00:00:00-04:00,11.32497850537664,11.32497850537664,11.226500192251853,11.26167106628418,1178100,0.0,0.0
2019-06-21 00:00:00-04:00,11.219463310467397,11.219463310467397,11.113951383394712,11.135053634643555,2670100,0.0,0.0
2019-06-24 00:00:00-04:00,11.212432827060077,11.219467136818203,11.008442539875334,11.057682037353516,1296600,0.0,0.0
2019-06-25 00:00:00-04:00,11.057680143596093,11.184294343414686,11.043611526489258,11.043611526489258,1762700,0.0,0.0
2019-06-26 00:00:00-04:00,11.078781031852039,11.08581533953777,10.804449069565061,10.818517684936523,1744800,0.0,0.0
2019-06-27 00:00:00-04:00,10.867755666393297,11.099882435651582,10.867755666393297,11.064711570739746,1616500,0.0,0.0
2019-06-28 00:00:00-04:00,11.099882470538253,11.191326451265052,11.092848834196541,11.156155586242676,1870200,0.0,0.0
2019-07-01 00:00:00-04:00,11.262340359331896,11.27649824524247,11.007504488707971,11.078291893005371,1297500,0.1,0.0
2019-07-02 00:00:00-04:00,11.078290032184276,11.12784194946289,11.046435469321255,11.12784194946289,951400,0.0,0.0
2019-07-03 00:00:00-04:00,11.134919305084782,11.226943515261308,11.134919305084782,11.198628425598145,674100,0.0,0.0
2019-07-05 00:00:00-04:00,11.149078232477803,11.226944567578776,11.08112214593359,11.191551208496094,971200,0.0,0.0
2019-07-08 00:00:00-04:00,11.177393679046626,11.237563336513249,11.163236469981872,11.226944923400879,1065900,0.0,0.0
2019-07-09 00:00:00-04:00,11.226943515261308,11.234022456448345,11.10660421542162,11.198628425598145,968200,0.0,0.0
2019-07-10 00:00:00-04:00,11.276498288165993,11.326049538871304,11.205710208513985,11.304813385009766,1251700,0.0,0.0
2019-07-11 00:00:00-04:00,11.304810011285173,11.304810011285173,11.092446510790511,11.099525451660156,1531200,0.0,0.0
2019-07-12 00:00:00-04:00,11.113684065930418,11.170314249890225,11.05705388197061,11.12784194946289,1063200,0.0,0.0
2019-07-15 00:00:00-04:00,11.134919898111475,11.19155075553885,11.071211449290098,11.163235664367676,1000500,0.0,0.0
2019-07-16 00:00:00-04:00,11.163235751441224,11.198629109367495,11.106604893572126,11.177392959594727,1028700,0.0,0.0
2019-07-17 00:00:00-04:00,11.184470621166618,11.184470621166618,11.057052386942791,11.106603622436523,850600,0.0,0.0
2019-07-18 00:00:00-04:00,11.092447511138225,11.092447511138225,10.961489793579483,11.042896270751953,1382700,0.0,0.0
2019-07-19 00:00:00-04:00,11.042895031517062,11.074749589643522,10.908397858297585,10.91547679901123,1324300,0.0,0.0
2019-07-22 00:00:00-04:00,10.91547679901123,10.965028033836857,10.873003829814305,10.91547679901123,804400,0.0,0.0
2019-07-23 00:00:00-04:00,10.965031242377346,11.060594944720163,10.922558935837301,11.057055473327637,1041700,0.0,0.0
2019-07-24 00:00:00-04:00,11.049974307802186,11.113683429882087,10.979186919446189,11.092447280883789,1009800,0.0,0.0
2019-07-25 00:00:00-04:00,11.092449838183635,11.113685992077805,11.011044019018346,11.021661758422852,726100,0.0,0.0
2019-07-26 00:00:00-04:00,11.007503637056598,11.088909449488554,10.950873447966096,11.071212768554688,1092700,0.0,0.0
2019-07-29 00:00:00-04:00,11.113682563245614,11.234021856660348,11.092446415903293,11.106603622436523,1021400,0.0,0.0
2019-07-30 00:00:00-04:00,11.099526989694008,11.216326829887992,11.085369105992893,11.191551208496094,723200,0.0,0.0
2019-07-31 00:00:00-04:00,11.163239629093415,11.226948100541433,11.05705749317619,11.120766639709473,1802100,0.0,0.0
2019-08-01 00:00:00-04:00,11.120765411592135,11.149261901151625,10.814428318680088,10.828676223754883,1547800,0.1,0.0
2019-08-02 00:00:00-04:00,10.82154594786958,10.89278747208112,10.75742939137063,10.78592586517334,925700,0.0,0.0
2019-08-05 00:00:00-04:00,10.700440675748467,10.75743364589439,10.440409485121684,10.579330444335938,1516900,0.0,0.0
2019-08-06 00:00:00-04:00,10.64344341711304,10.985401801443869,10.64344341711304,10.80729866027832,1752500,0.0,0.0
2019-08-07 00:00:00-04:00,10.721812677440292,10.89991587580505,10.643446835337539,10.81442642211914,1118300,0.0,0.0
2019-08-08 00:00:00-04:00,10.821549847910786,11.120763270379266,10.778805461506588,11.049522399902344,1299000,0.0,0.0
2019-08-09 00:00:00-04:00,10.99965417971927,11.028150666736295,10.888518355939762,10.964034080505371,794400,0.0,0.0
2019-08-12 00:00:00-04:00,11.070897259537821,11.142138826583096,11.00677998507906,11.135014533996582,1413400,0.0,0.0
2019-08-13 00:00:00-04:00,11.11363835944524,11.270368663814484,11.099389779370021,11.220499992370605,1431600,0.0,0.0
2019-08-14 00:00:00-04:00,11.20625307142496,11.220501653609738,10.967595434518092,11.042398452758789,1384100,0.0,0.0
2019-08-15 00:00:00-04:00,11.099389856710161,11.163507108676024,10.978279642865685,11.021024703979492,1375100,0.0,0.0
2019-08-16 00:00:00-04:00,11.049521784122838,11.248997161515325,11.042397493649245,11.206252098083496,1288800,0.0,0.0
2019-08-19 00:00:00-04:00,11.291742668438951,11.348735635646676,11.256121894081684,11.284618377685547,1152000,0.0,0.0
2019-08-20 00:00:00-04:00,11.270369015308777,11.305989787198053,11.184879570420346,11.199128150939941,1009200,0.0,0.0
2019-08-21 00:00:00-04:00,11.234751373078618,11.24187498548233,11.088706108539794,11.10651683807373,873500,0.0,0.0
2019-08-22 00:00:00-04:00,11.099391928397138,11.24187435968783,11.085144024972982,11.234750747680664,843600,0.0,0.0
2019-08-23 00:00:00-04:00,11.227625944702126,11.309553254035212,11.042398452758789,11.042398452758789,1050900,0.0,0.0
2019-08-26 00:00:00-04:00,11.127886779198807,11.15638326126884,11.056645913728586,11.113638877868652,980500,0.0,0.0
2019-08-27 00:00:00-04:00,11.14926010150544,11.1777565864652,11.0352741616664,11.042398452758789,928400,0.0,0.0
2019-08-28 00:00:00-04:00,11.056645817647047,11.202690371913066,11.035272946722957,11.177755355834961,917400,0.0,0.0
2019-08-29 00:00:00-04:00,11.220500512743028,11.31311424929801,11.220500512743028,11.277493476867676,840400,0.0,0.0
2019-08-30 00:00:00-04:00,11.34201724835319,11.492575713419887,11.34201724835319,11.420881271362305,2639100,0.1,0.0
2019-09-03 00:00:00-04:00,11.363528999576387,11.375716469945843,11.198632012680845,11.26315689086914,1497900,0.0,0.0
2019-09-04 00:00:00-04:00,11.291831845304833,11.463897690281211,11.291831845304833,11.449559211730957,1135300,0.0,0.0
2019-09-05 00:00:00-04:00,11.471067246163278,11.60011697147586,11.456728083915708,11.564269065856934,1215800,0.0,0.0
2019-09-06 00:00:00-04:00,11.564273280670687,11.628798166844268,11.542765896918343,11.55710506439209,1109500,0.0,0.0
2019-09-09 00:00:00-04:00,11.557102876045981,11.721999168395996,11.49974758446954,11.721999168395996,1200000,0.0,0.0
2019-09-10 00:00:00-04:00,11.707659142444314,11.82953929901123,11.62879510953104,11.82953929901123,1131300,0.0,0.0
2019-09-11 00:00:00-04:00,11.779353593505663,11.843878462715084,11.707659142444314,11.82953929901123,1809200,0.0,0.0
2019-09-12 00:00:00-04:00,11.858220144670886,11.858220144670886,11.693322461974178,11.707661628723145,809700,0.0,0.0
2019-09-13 00:00:00-04:00,11.74350449458132,11.829538100630966,11.693318794159765,11.714827537536621,1022500,0.0,0.0
2019-09-16 00:00:00-04:00,11.721997118662241,11.750674075706938,11.639548986904291,11.714827537536621,817200,0.0,0.0
2019-09-17 00:00:00-04:00,11.707659127923565,11.736337455295702,11.603702242386442,11.650303840637207,1017600,0.0,0.0
2019-09-18 00:00:00-04:00,11.68615285793241,11.70766160801782,11.589366901193566,11.678984642028809,1466600,0.0,0.0
2019-09-19 00:00:00-04:00,11.757847906458583,11.79369582504315,11.70766218789846,11.736340522766113,1317600,0.0,0.0
2019-09-20 00:00:00-04:00,11.736338216729408,11.851048798744353,11.691169711442045,11.74350643157959,2009000,0.0,0.0
2019-09-23 00:00:00-04:00,11.693320274353027,11.786523473326376,11.643134567578741,11.693320274353027,1047200,0.0,0.0
2019-09-24 00:00:00-04:00,11.693322300887026,11.772186349461707,11.650306168690921,11.671814918518066,1331900,0.0,0.0
2019-09-25 00:00:00-04:00,11.693322461974178,11.779356095009774,11.686152878599694,11.707661628723145,979400,0.0,0.0
2019-09-26 00:00:00-04:00,11.736335500227653,11.792972862674375,11.704073071037312,11.750673294067383,1212900,0.0,0.0
2019-09-27 00:00:00-04:00,11.75784563083394,11.91557370716265,11.75784563083394,11.793693542480469,1679400,0.0,0.0
2019-09-30 00:00:00-04:00,11.822371255815655,11.937081845459984,11.822371255815655,11.886896133422852,1933800,0.0,0.0
2019-10-01 00:00:00-04:00,11.973448199232545,11.995086080057673,11.782304872159745,11.814763069152832,1134000,0.1,0.0
2019-10-02 00:00:00-04:00,11.771488740891648,11.785914915387988,11.56952780096578,11.641655921936035,1315800,0.0,0.0
2019-10-03 00:00:00-04:00,11.627231123195417,11.720998505910181,11.573133656712004,11.641655921936035,1493600,0.0,0.0
2019-10-04 00:00:00-04:00,11.684931694782048,11.713782661227462,11.5875571034874,11.67050552368164,739500,0.0,0.0
2019-10-07 00:00:00-04:00,11.656083301523065,11.73903174981925,11.648870213529154,11.720999717712402,846400,0.0,0.0
2019-10-08 00:00:00-04:00,11.684935261294495,11.692146973290482,11.56952860877726,11.591166496276855,1077600,0.0,0.0
2019-10-09 00:00:00-04:00,11.648864867313591,11.666896891144688,11.540671348571777,11.540671348571777,946600,0.0,0.0
2019-10-10 00:00:00-04:00,11.591161565600942,11.612800819651397,11.526245179204807,11.540671348571777,1082400,0.0,0.0
2019-10-11 00:00:00-04:00,11.648868675393635,11.753456373861624,11.605591528900415,11.67772102355957,972800,0.0,0.0
2019-10-14 00:00:00-04:00,11.59116646715715,11.656082881004487,11.479366358796685,11.569528579711914,972000,0.0,0.0
2019-10-15 00:00:00-04:00,11.562315129718058,11.677721778329547,11.544281723070949,11.612805366516113,1116500,0.0,0.0
2019-10-16 00:00:00-04:00,11.612804948699077,11.746243623400915,11.598378774202738,11.641655921936035,1011700,0.0,0.0
2019-10-17 00:00:00-04:00,11.670506511194773,11.713783652402538,11.612803197665913,11.692144393920898,1047500,0.0,0.0
2019-10-18 00:00:00-04:00,11.670508138370643,11.75706243285412,11.634442702539438,11.742637634277344,858600,0.0,0.0
2019-10-21 00:00:00-04:00,11.757061477368882,11.901320457458496,11.757061477368882,11.901320457458496,1220300,0.0,0.0
2019-10-22 00:00:00-04:00,11.930174967447531,11.984271062975363,11.843619288544817,11.98066520690918,858400,0.0,0.0
2019-10-23 00:00:00-04:00,11.987875524705164,12.031152666278356,11.91574603824616,12.01672649383545,958500,0.0,0.0
2019-10-24 00:00:00-04:00,12.023940118912517,12.023940118912517,11.814764736382715,11.886894226074219,993900,0.0,0.0
2019-10-25 00:00:00-04:00,11.843615471664366,11.87967952372711,11.798174270793366,11.82918930053711,935600,0.0,0.0
2019-10-28 00:00:00-04:00,11.858041582313877,11.886892548665847,11.807551359381385,11.814763069152832,1020600,0.0,0.0
2019-10-29 00:00:00-04:00,11.80034115770549,11.850831392977145,11.793128070415865,11.807554244995117,1009500,0.0,0.0
2019-10-30 00:00:00-04:00,11.807554779380844,11.843618841705432,11.720999103743727,11.836405754089355,1079200,0.0,0.0
2019-10-31 00:00:00-04:00,11.8724680529848,11.901320399163637,11.811158880988154,11.886894226074219,1746200,0.0,0.0
2019-11-01 00:00:00-04:00,11.901412995753311,12.024781359432891,11.86512875285261,11.99575424194336,1474700,0.1,0.0
2019-11-04 00:00:00-05:00,12.01751989163677,12.068318367004395,11.94495004790246,12.068318367004395,2292500,0.0,0.0
2019-11-05 00:00:00-05:00,12.032033924941013,12.246839495914994,11.973978327808732,12.10460376739502,1690900,0.0,0.0
2019-11-06 00:00:00-05:00,12.155400586993471,12.220713297894747,12.017518043518066,12.017518043518066,1351400,0.0,0.0
2019-11-07 00:00:00-05:00,12.024778777731605,12.068320136695212,11.886896192832864,11.90866756439209,1254000,0.0,0.0
2019-11-08 00:00:00-05:00,11.879639625549316,11.926808851076032,11.77441341324249,11.879639625549316,949300,0.0,0.0
2019-11-11 00:00:00-05:00,11.901409611437108,11.952208090714956,11.814326899576441,11.879639625549316,986700,0.0,0.0
2019-11-12 00:00:00-05:00,11.87963860097983,11.926807822438397,11.712727546691895,11.712727546691895,1101600,0.0,0.0
2019-11-13 00:00:00-05:00,11.71272902869687,11.749014646896155,11.64016056060791,11.64016056060791,1703700,0.0,0.0
2019-11-14 00:00:00-05:00,11.647412048899554,11.770780337439271,11.640156312062777,11.734496116638184,2255700,0.0,0.0
2019-11-15 00:00:00-05:00,11.76352449961946,11.7998101085329,11.654670441188042,11.669184684753418,1702200,0.0,0.0
2019-11-18 00:00:00-05:00,11.785297389753437,11.79981163519667,11.683700439960056,11.712727546691895,1306500,0.0,0.0
2019-11-19 00:00:00-05:00,11.73450129141331,11.803441894999079,11.676445682037157,11.690959930419922,1487200,0.0,0.0
2019-11-20 00:00:00-05:00,11.654671726796519,11.705470200724383,11.582102577196325,11.603873252868652,2094700,0.0,0.0
2019-11-21 00:00:00-05:00,11.582104477397046,11.596618032867308,11.404309097402482,11.473250389099121,2408200,0.0,0.0
2019-11-22 00:00:00-05:00,11.502278192117062,11.560333798152945,11.44712515875975,11.473250389099121,1361000,0.0,0.0
2019-11-25 00:00:00-05:00,11.502275424007488,11.640157974218289,11.49138974096645,11.625643730163574,1219000,0.0,0.0
2019-11-26 00:00:00-05:00,11.64015982138154,11.749013900756836,11.622016321356725,11.749013900756836,1415800,0.0,0.0
2019-11-27 00:00:00-05:00,11.76352341486505,11.894148826599121,11.734496314565435,11.894148826599121,980400,0.0,0.0
2019-11-29 00:00:00-05:00,11.901408310671865,11.915922555780558,11.785297118111524,11.799811363220215,859700,0.0,0.0
2019-12-02 00:00:00-05:00,11.829019122145501,11.843621790301905,11.704887390136719,11.704887390136719,1144200,0.1,0.0
2019-12-03 00:00:00-05:00,11.690282312780298,11.741395128683157,11.617263407467734,11.675678253173828,938000,0.0,0.0
2019-12-04 00:00:00-05:00,11.653773698480153,11.770604094656846,11.588056818243246,11.595358848571777,1168700,0.0,0.0
2019-12-05 00:00:00-05:00,11.617264747619629,11.675679600064381,11.55154786452929,11.617264747619629,1270600,0.0,0.0
2019-12-06 00:00:00-05:00,11.646471842991453,11.763302240922034,11.617264417598795,11.704887390136719,2235500,0.0,0.0
2019-12-09 00:00:00-05:00,11.661076038278525,11.675679402963203,11.599010171558733,11.646471977233887,1260000,0.0,0.0
2019-12-10 00:00:00-05:00,11.609960747684209,11.653772227766423,11.566149963961847,11.580753326416016,1246700,0.0,0.0
2019-12-11 00:00:00-05:00,11.566149963961847,11.631866835905242,11.522338483879631,11.580753326416016,2003600,0.0,0.0
2019-12-12 00:00:00-05:00,11.580756841092922,11.668379131490239,11.493134550695608,11.529644012451172,1877700,0.0,0.0
2019-12-13 00:00:00-05:00,11.529642809332053,11.566152267277852,11.442020528078128,11.515039443969727,1245700,0.0,0.0
2019-12-16 00:00:00-05:00,11.609962578225577,11.690283521647189,11.55154772647893,11.682981491088867,2556400,0.0,0.0
2019-12-17 00:00:00-05:00,11.741396991047747,11.741396991047747,11.617265250143138,11.63917064666748,1287800,0.0,0.0
2019-12-18 00:00:00-05:00,11.639169805577847,11.719490051269531,11.609962380202694,11.719490051269531,1627100,0.0,0.0
2019-12-19 00:00:00-05:00,11.71949156843942,11.777906426751937,11.690284835643201,11.763303756713867,1004300,0.0,0.0
2019-12-20 00:00:00-05:00,11.755998229735614,11.836317765582582,11.741394171319923,11.814413070678711,2271700,0.0,0.0
2019-12-23 00:00:00-05:00,11.814416075095227,11.836320775569483,11.723142775865778,11.748699188232422,1415100,0.0,0.0
2019-12-24 00:00:00-05:00,11.75600020343841,11.777904902019838,11.712189413555654,11.719490051269531,470400,0.0,0.0
2019-12-26 00:00:00-05:00,11.755999565124512,11.785206292553882,11.72314112631658,11.755999565124512,608000,0.0,0.0
2019-12-27 00:00:00-05:00,11.799811758530167,11.810764108531131,11.719490811269779,11.7413969039917,1193300,0.0,0.0
2019-12-30 00:00:00-05:00,11.770606832375382,11.850926399230957,11.763304800348475,11.850926399230957,1271600,0.0,0.0
2019-12-31 00:00:00-05:00,11.814418134071346,11.898389416870263,11.796163749588148,11.865530967712402,1968200,0.0,0.0
2020-01-02 00:00:00-05:00,11.94634564526541,11.961040133466213,11.722259604905503,11.755321502685547,1638400,0.1,0.0
2020-01-03 00:00:00-05:00,11.718586921691895,11.78471142322132,11.659810365523315,11.718586921691895,1764200,0.0,0.0
2020-01-06 00:00:00-05:00,11.674504934867075,11.695076659599804,11.59368664407784,11.615728378295898,2367500,0.0,0.0
2020-01-07 00:00:00-05:00,11.608379483911888,11.615726727607138,11.47613190008428,11.56429672241211,2010800,0.0,0.0
2020-01-08 00:00:00-05:00,11.54225520385982,11.681849324807322,11.476131414742486,11.652461051940918,2140700,0.0,0.0
2020-01-09 00:00:00-05:00,11.608379859666524,11.637768134727077,11.509194168585251,11.520215034484863,1377700,0.0,0.0
2020-01-10 00:00:00-05:00,11.534911017302685,11.556952052625585,11.483481701325292,11.542258262634277,1528300,0.0,0.0
2020-01-13 00:00:00-05:00,11.542257458088335,11.586340226333252,11.498174689843419,11.571645736694336,1395000,0.0,0.0
2020-01-14 00:00:00-05:00,11.564298778161577,11.615728792499157,11.520216709497191,11.593687057495117,1426800,0.0,0.0
2020-01-15 00:00:00-05:00,11.6377661558998,11.696542696026839,11.5973570218106,11.623071670532227,1950400,0.0,0.0
2020-01-16 00:00:00-05:00,11.64511657681708,11.747975199776185,11.634095709783537,11.718586921691895,1831500,0.0,0.0
2020-01-17 00:00:00-05:00,11.72593579719685,11.792058906578887,11.68920026931444,11.733283042907715,1160100,0.0,0.0
2020-01-21 00:00:00-05:00,11.733280819549122,11.75532185183321,11.586339436535564,11.637768745422363,1343000,0.0,0.0
2020-01-22 00:00:00-05:00,11.637766818243808,11.703890604817959,11.586337517873543,11.601031303405762,1176300,0.0,0.0
2020-01-23 00:00:00-05:00,11.593686090423475,11.615727823588934,11.520215748553978,11.556950569152832,2363700,0.0,0.0
2020-01-24 00:00:00-05:00,11.56429689381998,11.59001154646278,11.351231728201707,11.380620002746582,2135900,0.0,0.0
2020-01-27 00:00:00-05:00,11.307147935851692,11.307147935851692,11.145512100261806,11.23367691040039,2076900,0.0,0.0
2020-01-28 00:00:00-05:00,11.270414132157986,11.387967230168377,11.241025857655389,11.343884468078613,1660100,0.0,0.0
2020-01-29 00:00:00-05:00,11.402661646964917,11.461438195605213,11.233678544120272,11.248373031616211,1634900,0.0,0.0
2020-01-30 00:00:00-05:00,11.196944386598613,11.241027153771219,11.108779552925217,11.226332664489746,1757000,0.0,0.0
2020-01-31 00:00:00-05:00,11.196940139955625,11.226328406700723,11.027957781339197,11.03530502319336,2682800,0.0,0.0
2020-02-03 00:00:00-05:00,11.064892617549093,11.212818847990677,11.057496129685036,11.101874351501465,1315200,0.1,0.0
2020-02-04 00:00:00-05:00,11.146251528282994,11.283083728126623,11.146251528282994,11.183233261108398,1544900,0.0,0.0
2020-02-05 00:00:00-05:00,11.30896991945903,11.390329161553037,11.271988189282538,11.323762893676758,1828900,0.0,0.0
2020-02-06 00:00:00-05:00,11.368142475290151,11.390331235288619,11.249801481474366,11.286783218383789,1858600,0.0,0.0
2020-02-07 00:00:00-05:00,11.286782184112793,11.316367429855678,11.190629959106445,11.190629959106445,925700,0.0,0.0
2020-02-10 00:00:00-05:00,11.212821383852313,11.257199615705204,11.168443857367489,11.235010147094727,1133600,0.0,0.0
2020-02-11 00:00:00-05:00,11.2350103554188,11.312672086259376,11.17583984876316,11.242406845092773,1180000,0.0,0.0
2020-02-12 00:00:00-05:00,11.294177650609134,11.353348136744383,11.242402946214915,11.323762893676758,1287200,0.0,0.0
2020-02-13 00:00:00-05:00,11.279388378947615,11.331162394969267,11.205424894315488,11.235010147094727,1075700,0.0,0.0
2020-02-14 00:00:00-05:00,11.24240610023258,11.294180819152015,11.205424359680993,11.249802589416504,1488500,0.0,0.0
2020-02-18 00:00:00-05:00,11.242406685258354,11.316370170210396,11.190632669012764,11.279388427734375,1809400,0.0,0.0
2020-02-19 00:00:00-05:00,11.301572859661853,11.301572859661853,11.094476168682759,11.109269142150879,2368900,0.0,0.0
2020-02-20 00:00:00-05:00,11.131459258373564,11.271988996668638,11.10631148254928,11.183233261108398,1603100,0.0,0.0
2020-02-21 00:00:00-05:00,11.183232877575692,11.20542163436281,11.094477145059361,11.161044120788574,1660100,0.0,0.0
2020-02-24 00:00:00-05:00,11.020515815059088,11.05749755377432,10.62851107756083,10.709870338439941,2937900,0.0,0.0
2020-02-25 00:00:00-05:00,10.72466456084998,10.76164630385756,9.955447268838222,10.155147552490234,5274600,0.0,0.0
2020-02-26 00:00:00-05:00,10.118168339715787,10.317868659384805,9.911070823669434,9.911070823669434,3769500,0.0,0.0
2020-02-27 00:00:00-05:00,9.652196537836895,10.162542243855585,9.48208083225203,9.733555793762207,6113500,0.0,0.0
2020-02-28 00:00:00-05:00,9.519063078075595,9.851897313320869,9.482081339633233,9.66698932647705,5539600,0.0,0.0
2020-03-02 00:00:00-05:00,9.71876485160303,9.763142377134232,9.511667381230595,9.755745887756348,4188000,0.0,0.0
2020-03-03 00:00:00-05:00,9.830272194075205,10.001687474704669,9.379376790991259,9.465084075927734,3657900,0.1,0.0
2020-03-04 00:00:00-05:00,9.576878355104833,9.800462488541607,9.485208519232577,9.740839958190918,3442200,0.0,0.0
2020-03-05 00:00:00-05:00,9.673763323011393,9.673763323011393,9.181877148723565,9.360745429992676,3322100,0.0,0.0
2020-03-06 00:00:00-05:00,9.025369092381835,9.778104443949125,9.017916808982768,9.569425582885742,4575200,0.0,0.0
2020-03-09 00:00:00-04:00,8.943386005779233,9.226593314586351,8.518575397946787,8.52602767944336,5736300,0.0,0.0
2020-03-10 00:00:00-04:00,8.742161068862183,8.90612337445592,8.160841071810962,8.734708786010742,4322700,0.0,0.0
2020-03-11 00:00:00-04:00,8.533480815023402,8.570745066157992,7.795651627735702,7.870180130004883,5061500,0.0,0.0
2020-03-12 00:00:00-04:00,6.811878451351582,7.02801022562253,6.2231056379406295,6.230557918548584,5578900,0.0,0.0
2020-03-13 00:00:00-04:00,6.610653297334834,6.819332122802734,5.813201538372253,6.819332122802734,4960200,0.0,0.0
2020-03-16 00:00:00-04:00,5.962257525933101,6.096408547708671,5.239333957280139,5.246786594390869,4033600,0.0,0.0
2020-03-17 00:00:00-04:00,5.395843286641175,5.500183056879714,4.0915993570638545,4.7250895500183105,5991100,0.0,0.0
2020-03-18 00:00:00-04:00,4.337544360492456,4.486600721178081,3.517733310586327,3.6071674823760986,6588400,0.0,0.0
2020-03-19 00:00:00-04:00,3.651882655049096,4.099051879970199,3.338864090990855,4.024523735046387,6115500,0.0,0.0
2020-03-20 00:00:00-04:00,4.158676252117474,4.6356569479064955,3.9872612645932093,3.9947142601013184,8114700,0.0,0.0
2020-03-23 00:00:00-04:00,3.868014850376084,4.836881544673191,3.7338641757320037,4.769806385040283,8792300,0.0,0.0
2020-03-24 00:00:00-04:00,5.246787228864826,5.954805253536002,5.246787228864826,5.80574893951416,6852300,0.0,0.0
2020-03-25 00:00:00-04:00,6.006976472111484,7.3857484891872875,5.77593861478706,6.901315212249756,7564400,0.0,0.0
2020-03-26 00:00:00-04:00,6.99819826029126,7.62796104074417,6.74480226568607,7.132348537445068,8239600,0.0,0.0
2020-03-27 00:00:00-04:00,6.707540128348754,6.968389195420483,6.4168798002479575,6.744804382324219,4906400,0.0,0.0
2020-03-30 00:00:00-04:00,6.744804519712266,6.752257512810479,6.006975261146284,6.528672695159912,4491600,0.0,0.0
2020-03-31 00:00:00-04:00,6.491406842074391,6.849141893626511,6.372161824890351,6.8342366218566895,4205400,0.0,0.0
2020-04-01 00:00:00-04:00,6.148578800084381,6.573389471557199,6.148578800084381,6.469050407409668,2992000,0.0,0.0
2020-04-02 00:00:00-04:00,6.379615481724174,6.551030034120429,5.6641442378419,5.768483638763428,4405200,0.0,0.0
2020-04-03 00:00:00-04:00,5.768485739604627,5.768485739604627,4.777260181407322,5.149901390075684,6169800,0.0,0.0
2020-04-06 00:00:00-04:00,5.433109044427838,5.999523878297817,5.433109044427838,5.857920169830322,3362800,0.0,0.0
2020-04-07 00:00:00-04:00,6.334898240236727,6.469049253942625,5.679049866544976,5.768483638763428,5504700,0.0,0.0
2020-04-08 00:00:00-04:00,5.924993245435767,6.1523045399487915,5.746125691109034,6.118766784667969,7335400,0.0,0.0
2020-04-09 00:00:00-04:00,6.3721621264406965,7.098811750826877,6.3721621264406965,6.811878681182861,4662000,0.0,0.0
2020-04-13 00:00:00-04:00,6.811881260573318,6.893862067120732,6.290183022023711,6.416881084442139,2514500,0.0,0.0
2020-04-14 00:00:00-04:00,6.551030927576158,6.722446214107155,6.368436862216024,6.476502418518066,1696700,0.0,0.0
2020-04-15 00:00:00-04:00,6.126218882473463,6.439237412211577,6.014426144277636,6.230557918548584,2239300,0.0,0.0
2020-04-16 00:00:00-04:00,6.1485788529272565,6.208201378882995,5.813201966737085,5.977164268493652,2815000,0.0,0.0
2020-04-17 00:00:00-04:00,6.3125394987277925,6.4168785364009935,6.111312993347097,6.141124248504639,2402400,0.0,0.0
2020-04-20 00:00:00-04:00,5.939899100788149,6.252918043516876,5.850465320224657,6.059144496917725,1947000,0.0,0.0
2020-04-21 00:00:00-04:00,5.775936622085539,6.126219429146401,5.763266677786851,6.02187967300415,1971700,0.0,0.0
2020-04-22 00:00:00-04:00,6.185841486619144,6.342350753885333,6.01442623639599,6.141124248504639,2324700,0.0,0.0
2020-04-23 00:00:00-04:00,6.185841685604862,6.34980394962386,6.014426429867634,6.088954925537109,1521800,0.0,0.0
2020-04-24 00:00:00-04:00,6.148578354335106,6.319992924868593,5.969710790972376,6.223106861114502,2269100,0.0,0.0
2020-04-27 00:00:00-04:00,6.260370450537604,6.573389044140136,6.088955878722966,6.45414400100708,2794300,0.0,0.0
2020-04-28 00:00:00-04:00,6.70753917605589,7.117444490077257,6.677727919259231,6.998199462890625,3497300,0.0,0.0
2020-04-29 00:00:00-04:00,7.281409701402342,7.847823809516055,7.206881173903759,7.631691932678223,3086400,0.0,0.0
2020-04-30 00:00:00-04:00,7.475183418262843,7.5571649497075315,7.154712420477947,7.214334964752197,3362000,0.0,0.0
2020-05-01 00:00:00-04:00,6.923671794597399,7.069001600039104,6.588294937786113,6.722445964813232,1977900,0.0,0.0
2020-05-04 00:00:00-04:00,6.521217188601011,6.714990669929517,6.334896697498126,6.49885892868042,2549300,0.0,0.0
2020-05-05 00:00:00-04:00,6.6851823290554675,6.763436628210547,6.178390145266689,6.2082014083862305,2200300,0.0,0.0
2020-05-06 00:00:00-04:00,6.2082014083862305,6.416880250223019,5.992069573080411,6.2082014083862305,4876700,0.0,0.0
2020-05-07 00:00:00-04:00,6.141125806714823,6.629286211072312,6.141125806714823,6.469050407409668,3376100,0.0,0.0
2020-05-08 00:00:00-04:00,6.6032003044504215,6.856596376468276,6.476502268441495,6.819332122802734,2852500,0.0,0.0
2020-05-11 00:00:00-04:00,6.722446177431103,6.746294902175919,6.364710330963135,6.364710330963135,2879000,0.0,0.0
2020-05-12 00:00:00-04:00,6.364709327828697,6.439237824733829,5.865370246531005,5.872823238372803,3539600,0.0,0.0
2020-05-13 00:00:00-04:00,5.790843983760887,5.850466516326105,5.470372693533675,5.582164764404297,5592700,0.0,0.0
2020-05-14 00:00:00-04:00,5.448012033024509,6.25291698841271,5.321314020915861,6.141124248504639,3383900,0.0,0.0
2020-05-15 00:00:00-04:00,6.01442598492815,6.238010744639651,5.857917079583913,6.081501483917236,2262800,0.0,0.0
2020-05-18 00:00:00-04:00,6.454142952904525,6.946029031328173,6.424331696962377,6.796972751617432,3873800,0.0,0.0
2020-05-19 00:00:00-04:00,6.782069034407487,7.519898321254901,6.446691439698146,7.244143962860107,5121900,0.0,0.0
2020-05-20 00:00:00-04:00,7.281406883567324,7.326123414156231,7.03918961831106,7.1547088623046875,3856800,0.0,0.0
2020-05-21 00:00:00-04:00,7.087633355664888,7.318670422139267,7.028010841042052,7.1547088623046875,3194200,0.0,0.0
2020-05-22 00:00:00-04:00,7.102539455601717,7.139803709267258,6.610653297334834,6.819332122802734,2811400,0.0,0.0
2020-05-26 00:00:00-04:00,7.199425518135171,7.355934799431869,7.028010963301692,7.184520244598389,3053600,0.0,0.0
2020-05-27 00:00:00-04:00,7.467725792953883,7.9558852916390315,7.445366821772859,7.922347545623779,4110200,0.0,0.0
2020-05-28 00:00:00-04:00,8.00433389995998,8.034145171606214,7.624239653402913,7.743485450744629,2758800,0.0,0.0
2020-05-29 00:00:00-04:00,7.579519397067339,7.691311433416784,7.370840597528707,7.609330654144287,5283400,0.0,0.0
2020-06-01 00:00:00-04:00,7.616783354246001,8.116122424218736,7.586972098311349,8.004329681396484,2376500,0.0,0.0
2020-06-02 00:00:00-04:00,8.145936833561276,8.347162711328474,8.063955314937465,8.235370635986328,2812100,0.0,0.0
2020-06-03 00:00:00-04:00,8.414235584548068,8.71607466128969,8.369518342073977,8.540933609008789,2353300,0.0,0.0
2020-06-04 00:00:00-04:00,8.563291447945854,8.94338550237848,8.339706668235108,8.906121253967285,2532900,0.0,0.0
2020-06-05 00:00:00-04:00,9.316029037162286,9.867537785580707,9.174425708530329,9.442727088928223,5385000,0.0,0.0
2020-06-08 00:00:00-04:00,9.778103848326221,10.225273519836955,9.763198571679382,10.188009262084961,4227800,0.0,0.0
2020-06-09 00:00:00-04:00,9.68867042182322,9.86753801287529,9.50234983678816,9.740839958190918,4838900,0.0,0.0
2020-06-10 00:00:00-04:00,9.569423966758352,9.673763024290473,8.701170195438733,9.129707336425781,3175700,0.0,0.0
2020-06-11 00:00:00-04:00,8.086315869434726,8.503673695159655,7.713674598230487,7.810560703277588,2671400,0.0,0.0
2020-06-12 00:00:00-04:00,8.332257559322676,8.585653692081259,8.153389241003465,8.376974105834961,2462400,0.0,0.0
2020-06-15 00:00:00-04:00,7.952159408909813,8.503667946905281,7.788197161402175,8.406781196594238,3375900,0.0,0.0
2020-06-16 00:00:00-04:00,8.913575315295494,8.93071662996416,8.414236174639012,8.570745468139648,2181000,0.0,0.0
2020-06-17 00:00:00-04:00,8.63036630492152,8.63036630492152,8.026688226861886,8.056499481201172,2291900,0.0,0.0
2020-06-18 00:00:00-04:00,7.922351457602695,8.116125038984014,7.773295129908079,7.8403706550598145,1718500,0.0,0.0
2020-06-19 00:00:00-04:00,7.90744758233261,7.9894291175376715,7.385749940625017,7.467731475830078,6768100,0.0,0.0
2020-06-22 00:00:00-04:00,7.452824623012248,7.534805437992955,7.206881467313383,7.445371627807617,2057600,0.0,0.0
2020-06-23 00:00:00-04:00,7.54970941183186,7.6167849292437975,7.415558377007987,7.586973667144775,2147500,0.0,0.0
2020-06-24 00:00:00-04:00,7.445372625368337,7.512448169683576,6.8752319202024905,7.326127529144287,4052500,0.0,0.0
2020-06-25 00:00:00-04:00,7.162160819618789,7.393198586399707,6.933359803249517,7.177066802978516,2746800,0.0,0.0
2020-06-26 00:00:00-04:00,7.102538737480556,7.177067237276234,6.901312925242541,6.938577175140381,2632200,0.0,0.0
2020-06-29 00:00:00-04:00,7.005653205569996,7.3708420659617575,6.92367240996513,7.348483085632324,1630100,0.0,0.0
2020-06-30 00:00:00-04:00,7.281406226933014,7.393198254080361,7.132349243061386,7.199424743652344,2495200,0.0,0.0
2020-07-01 00:00:00-04:00,7.2366896651956525,7.557161215378097,7.2068784077895955,7.273953914642334,2878900,0.0,0.0
2020-07-02 00:00:00-04:00,7.497541256441252,7.572069069984343,7.005654275424774,7.020560264587402,1722200,0.0,0.0
2020-07-06 00:00:00-04:00,7.236689999597573,7.400652278285679,6.923671426991405,7.1248979568481445,1628800,0.0,0.0
2020-07-07 00:00:00-04:00,6.975841477610354,7.004162282201446,6.707540128348754,6.744804382324219,1788300,0.0,0.0
2020-07-08 00:00:00-04:00,6.655371359604316,6.871503204446956,6.543578584905745,6.78952169418335,2464400,0.0,0.0
2020-07-09 00:00:00-04:00,6.759711455438392,6.761201912272805,6.513768308842415,6.71499490737915,1570800,0.0,0.0
2020-07-10 00:00:00-04:00,6.700087726924345,6.78206923505947,6.629286419952398,6.774616241455078,1318000,0.0,0.0
2020-07-13 00:00:00-04:00,6.834238922047702,6.957210476251667,6.624068904381267,6.677729606628418,1939700,0.0,0.0
2020-07-14 00:00:00-04:00,6.685181967478423,6.73586104096494,6.469050143862384,6.536125659942627,1487800,0.0,0.0
2020-07-15 00:00:00-04:00,6.737352561390918,7.020559945811368,6.707541295175958,6.923673152923584,3583000,0.0,0.0
2020-07-16 00:00:00-04:00,6.81933187763404,6.856596129959857,6.662822586470808,6.759709358215332,1334800,0.0,0.0
2020-07-17 00:00:00-04:00,6.75225788211995,6.789521428136027,6.595748572280053,6.618106842041016,1619100,0.0,0.0
2020-07-20 00:00:00-04:00,6.565937276291067,6.5808425524719,6.424333243411986,6.446691513061523,2821500,0.0,0.0
2020-07-21 00:00:00-04:00,6.565939525638037,6.733627671590713,6.521222260263231,6.707542896270752,3331900,0.0,0.0
2020-07-22 00:00:00-04:00,6.633012500237601,6.7298992891228036,6.536126422109019,6.700088024139404,2013900,0.0,0.0
2020-07-23 00:00:00-04:00,6.633014357565015,6.733627671590713,6.450420219568463,6.707542896270752,2395900,0.0,0.0
2020-07-24 00:00:00-04:00,6.603200793169417,6.752257818863656,6.476502747783259,6.573389530181885,3193900,0.0,0.0
2020-07-27 00:00:00-04:00,6.543578295884953,6.577116055737547,6.416880249943282,6.446691513061523,2360700,0.0,0.0
2020-07-28 00:00:00-04:00,6.394522380370407,6.767163548041208,6.357258121452003,6.700088024139404,1745600,0.0,0.0
2020-07-29 00:00:00-04:00,6.752256223082413,6.804425743292071,6.584567464185076,6.796972751617432,1497900,0.0,0.0
2020-07-30 00:00:00-04:00,6.6479172706604,6.707539789708401,6.506313254854033,6.6479172706604,1237800,0.0,0.0
2020-07-31 00:00:00-04:00,6.618106780041471,6.621833276759484,6.413153725090179,6.573389530181885,1669700,0.0,0.0
2020-08-03 00:00:00-04:00,6.483955261790344,6.485445718216028,6.293908207763341,6.45414400100708,1474900,0.0,0.0
2020-08-04 00:00:00-04:00,6.409425949882075,6.841689484421117,6.4019729587591785,6.804425239562988,2293100,0.0,0.0
2020-08-05 00:00:00-04:00,6.893861475084027,6.938578727114777,6.68518262403928,6.78952169418335,1293600,0.0,0.0
2020-08-06 00:00:00-04:00,6.774615587009302,6.901313623018229,6.737351333343761,6.819332122802734,2069900,0.0,0.0
2020-08-07 00:00:00-04:00,6.819332433922334,7.214332545739099,6.811880151454446,7.1621623039245605,2621700,0.0,0.0
2020-08-10 00:00:00-04:00,7.191971651500958,7.586971658165319,7.191971651500958,7.549707412719727,2271100,0.0,0.0
2020-08-11 00:00:00-04:00,7.721121973795668,7.818008727991533,7.516169689260504,7.542254447937012,1794900,0.0,0.0
2020-08-12 00:00:00-04:00,7.6242401182020405,7.661504387720782,7.467731465585608,7.57952356338501,1679500,0.0,0.0
2020-08-13 00:00:00-04:00,7.452823798764089,7.6279649021626454,7.3186727429442024,7.3559370040893555,1648800,0.0,0.0
2020-08-14 00:00:00-04:00,7.244143226432822,7.40065251780119,7.124898187439113,7.311218738555908,1561400,0.0,0.0
2020-08-17 00:00:00-04:00,7.333576074473614,7.333576074473614,7.154708538695332,7.177066802978516,1417600,0.0,0.0
2020-08-18 00:00:00-04:00,7.154710956553327,7.173342731292988,7.024286401105762,7.050371170043945,1462000,0.0,0.0
2020-08-19 00:00:00-04:00,7.132350583388223,7.132350583388223,6.960936014782176,7.035463809967041,1898700,0.0,0.0
2020-08-20 00:00:00-04:00,6.998199583730634,7.221783658188049,6.953482342385288,7.1547088623046875,1002300,0.0,0.0
2020-08-21 00:00:00-04:00,7.139802754985644,7.216566581316842,6.946029230429153,6.998199462890625,1350500,0.0,0.0
2020-08-24 00:00:00-04:00,7.020560143805953,7.28140926361084,6.912493856506117,7.28140926361084,1848100,0.0,0.0
2020-08-25 00:00:00-04:00,7.318673552355869,7.519900158340437,7.311221267907982,7.445371627807617,1979900,0.0,0.0
2020-08-26 00:00:00-04:00,7.475180833459341,7.586973598384922,7.341030510607809,7.423011302947998,2064900,0.0,0.0
2020-08-27 00:00:00-04:00,7.452823352397048,7.803106248971563,7.452823352397048,7.758388996124268,1683100,0.0,0.0
2020-08-28 00:00:00-04:00,7.818012799835654,7.967069149017334,7.713673710786847,7.967069149017334,2175600,0.0,0.0
2020-08-31 00:00:00-04:00,7.922353563595149,7.922353563595149,7.527354012512865,7.57952356338501,2698100,0.0,0.0
2020-09-01 00:00:00-04:00,7.452823303007667,7.750935950825327,7.430465032110497,7.654049873352051,1392900,0.0,0.0
2020-09-02 00:00:00-04:00,7.631691690111077,7.870182544072272,7.5944274275462,7.862729549407959,2531700,0.0,0.0
2020-09-03 00:00:00-04:00,7.862730439591869,8.19810741913229,7.79565490153243,7.989428520202637,2681100,0.0,0.0
2020-09-04 00:00:00-04:00,8.063956792262106,8.29499469058737,7.974522973452691,8.272636413574219,2482000,0.0,0.0
2020-09-08 00:00:00-04:00,8.08631181495257,8.151151284026792,7.683859472272139,7.71367073059082,3112200,0.0,0.0
2020-09-09 00:00:00-04:00,7.803105527863299,7.803105527863299,7.6316902370057225,7.698765754699707,2414700,0.0,0.0
2020-09-10 00:00:00-04:00,7.750937896354276,7.821739934516411,7.5869762542775785,7.594428539276123,1831300,0.0,0.0
2020-09-11 00:00:00-04:00,7.594429759307577,7.594429759307577,7.40960026802884,7.534807205200195,1600600,0.0,0.0
2020-09-14 00:00:00-04:00,7.668955222734289,8.015511623315554,7.6242379697613485,7.92980432510376,4071000,0.0,0.0
2020-09-15 00:00:00-04:00,7.974518956460429,8.39933027026161,7.974518956460429,8.302443504333496,3228900,0.0,0.0
2020-09-16 00:00:00-04:00,8.294990539550781,8.458952814028644,8.086311733423972,8.294990539550781,3206000,0.0,0.0
2020-09-17 00:00:00-04:00,8.131028251819854,8.265179268060944,7.944707711821208,8.049047470092773,1831500,0.0,0.0
2020-09-18 00:00:00-04:00,7.981970857347223,7.993150344072336,7.609329828919726,7.639141082763672,4329800,0.0,0.0
2020-09-21 00:00:00-04:00,7.430463577460991,7.4453688515555845,6.983293982519532,6.990746974945068,2122500,0.0,0.0
2020-09-22 00:00:00-04:00,7.072729749249637,7.1472582729604355,6.901315139774151,6.9758429527282715,1995900,0.0,0.0
2020-09-23 00:00:00-04:00,7.00565353902599,7.296313900334344,6.789521694183349,6.78952169418335,1783600,0.0,0.0
2020-09-24 00:00:00-04:00,6.767161648929458,6.8565954187812865,6.633010638773505,6.692633152008057,2095400,0.0,0.0
2020-09-25 00:00:00-04:00,6.640466789855197,7.128626615741449,6.6330137944659695,7.065277576446533,2400500,0.0,0.0
2020-09-28 00:00:00-04:00,7.244142061388199,7.445367854638669,7.214330806434189,7.370840072631836,1048000,0.0,0.0
2020-09-29 00:00:00-04:00,7.363388265426532,7.363388265426532,7.162161729057274,7.311218738555908,1519900,0.0,0.0
2020-09-30 00:00:00-04:00,7.355935863220723,7.564614698209215,7.039190758747488,7.1621623039245605,4475100,0.0,0.0
2020-10-01 00:00:00-04:00,7.199428416648005,7.609333909907323,7.199428416648005,7.5720696449279785,2234900,0.0,0.0
2020-10-02 00:00:00-04:00,7.266501145054134,7.728576004371929,7.244142879004238,7.71367073059082,1383200,0.0,0.0
2020-10-05 00:00:00-04:00,7.93725603957284,7.959615019835532,7.661501679808801,7.773294448852539,1408200,0.0,0.0
2020-10-06 00:00:00-04:00,7.832917484547828,7.9782473119319155,7.732304199086559,7.765841960906982,1651100,0.0,0.0
2020-10-07 00:00:00-04:00,7.825464856438815,8.071407980780647,7.781493185397196,8.026691436767578,1970900,0.0,0.0
2020-10-08 00:00:00-04:00,8.108670183795436,8.190650967521957,7.993151645190683,8.183197975158691,1533000,0.0,0.0
2020-10-09 00:00:00-04:00,8.21300879828329,8.242820052818988,8.004329305777025,8.041593551635742,1196300,0.0,0.0
2020-10-12 00:00:00-04:00,8.011785707624574,8.108672503798276,7.914154038455309,8.078861236572266,1305800,0.0,0.0
2020-10-13 00:00:00-04:00,8.049048712073787,8.049048712073787,7.609332056106973,7.616785049438477,2832800,0.0,0.0
2020-10-14 00:00:00-04:00,7.609334530786802,7.706221343335829,7.534805994746997,7.594428539276123,1391200,0.0,0.0
2020-10-15 00:00:00-04:00,7.497541578240174,7.661503201526313,7.32612624929612,7.631691932678223,938200,0.0,0.0
2020-10-16 00:00:00-04:00,7.631688107652727,7.631688107652727,7.408103347975062,7.504990100860596,992600,0.0,0.0
2020-10-19 00:00:00-04:00,7.557161697658827,7.605604727501528,7.393199416083596,7.4006524085998535,972500,0.0,0.0
2020-10-20 00:00:00-04:00,7.504993892032086,7.747211251980968,7.456550846496341,7.624238967895508,1479400,0.0,0.0
2020-10-21 00:00:00-04:00,7.624233286586753,7.765837241723849,7.519894278334353,7.750931262969971,1663900,0.0,0.0
2020-10-22 00:00:00-04:00,7.773293156185552,8.056500462274268,7.750934179641068,8.049047470092773,1191100,0.0,0.0
2020-10-23 00:00:00-04:00,8.086312919251263,8.194378478880669,8.060227442748177,8.108671188354492,1522800,0.0,0.0
2020-10-26 00:00:00-04:00,7.974519500300221,8.011783752930267,7.594425402835458,7.788198947906494,2005300,0.0,0.0
2020-10-27 00:00:00-04:00,7.743482871117007,7.780746415193411,7.430464267730713,7.430464267730713,986500,0.0,0.0
2020-10-28 00:00:00-04:00,7.244143783362722,7.382020603765484,7.121172238601842,7.288860321044922,2288400,0.0,0.0
2020-10-29 00:00:00-04:00,7.236694434663288,7.594429759307577,7.199430160656947,7.534807205200195,1232000,0.0,0.0
2020-10-30 00:00:00-04:00,7.564611620327748,7.676404340938603,7.203150125092055,7.378291130065918,4237700,0.0,0.0
2020-11-02 00:00:00-05:00,7.467731165219327,7.6242398115406855,7.240419769979039,7.594428539276123,2555700,0.0,0.0
2020-11-03 00:00:00-05:00,7.721125069147236,8.049049708774112,7.672682028006971,8.026691436767578,2048800,0.0,0.0
2020-11-04 00:00:00-05:00,7.959617230032041,7.985702003491729,7.6167872557973375,7.937258243560791,2407700,0.0,0.0
2020-11-05 00:00:00-05:00,7.937256157506206,8.235369501962365,7.892539617829561,8.16084098815918,2252800,0.0,0.0
2020-11-06 00:00:00-05:00,8.250277570967024,8.324806109997931,7.967070117709132,8.019240379333496,2323500,0.0,0.0
2020-11-09 00:00:00-05:00,8.570745511543056,9.942064907110987,8.50366999816646,8.988103866577148,7803600,0.0,0.0
2020-11-10 00:00:00-05:00,8.980650950046956,9.301121823362825,8.973197957218176,9.211688041687012,4546000,0.0,0.0
2020-11-11 00:00:00-05:00,9.204232804200764,9.241496334866577,8.861403062478756,8.97319507598877,3235300,0.0,0.0
2020-11-12 00:00:00-05:00,8.801787249255177,8.801787249255177,8.492495018696737,8.555843353271484,3920600,0.0,0.0
2020-11-13 00:00:00-05:00,8.719800958544617,9.286215559598718,8.697442693195661,9.21914005279541,2878200,0.0,0.0
2020-11-16 00:00:00-05:00,9.606687193588021,9.84815816728468,9.442724921162915,9.63649845123291,2800500,0.0,0.0
2020-11-17 00:00:00-05:00,9.427819206130152,9.79300801115187,9.33838543064212,9.688668251037598,2211400,0.0,0.0
2020-11-18 00:00:00-05:00,9.69612137777171,9.763196888006746,9.561970357301643,9.591781616210938,2112600,0.0,0.0
2020-11-19 00:00:00-05:00,9.524706727990687,9.68121602517451,9.420367670372487,9.614140510559082,2099300,0.0,0.0
2020-11-20 00:00:00-05:00,9.576878313170676,9.59178359031477,9.405463006095548,9.517255783081055,1972000,0.0,0.0
2020-11-23 00:00:00-05:00,9.59178359031477,9.748292909489182,9.479991524085886,9.517255783081055,2598600,0.0,0.0
2020-11-24 00:00:00-05:00,9.718479972577724,9.904800524744287,9.673762727324888,9.815366744995117,3531600,0.0,0.0
2020-11-25 00:00:00-05:00,9.755742123500797,10.009138133579729,9.621591127398691,10.00168514251709,2443900,0.0,0.0
2020-11-27 00:00:00-05:00,9.93461667341175,10.091126042679022,9.91225839516124,9.964427947998047,1015200,0.0,0.0
2020-11-30 00:00:00-05:00,9.942064995506424,10.035225273634099,9.800460974728711,9.882442474365234,4263100,0.0,0.0
2020-12-01 00:00:00-05:00,10.053858247039525,10.29234907087579,10.024046982904567,10.180556297302246,3700600,0.0,0.0
2020-12-02 00:00:00-05:00,9.956972086770072,10.012868832448607,9.688670692691023,9.73338794708252,3226800,0.0,0.0
2020-12-03 00:00:00-05:00,9.725932501846728,9.934611311318804,9.636498726358695,9.688668251037598,2021500,0.0,0.0
2020-12-04 00:00:00-05:00,9.83772398298716,10.024044515660238,9.688667698999986,9.897346496582031,3153900,0.0,0.0
2020-12-07 00:00:00-05:00,9.94206598578936,9.94206598578936,9.457632064819336,9.457632064819336,2301500,0.0,0.0
2020-12-08 00:00:00-05:00,9.368197722765295,9.673763333752683,9.35329244725097,9.599235534667969,1977300,0.0,0.0
2020-12-09 00:00:00-05:00,9.681217957684762,9.897349819723875,9.599237151654982,9.785557746887207,3815400,0.0,0.0
2020-12-10 00:00:00-05:00,9.64395316868189,9.815368476507594,9.554519373155856,9.740839958190918,2010500,0.0,0.0
2020-12-11 00:00:00-05:00,9.696123686882379,9.785557484908729,9.61786866938642,9.73338794708252,1728000,0.0,0.0
2020-12-14 00:00:00-05:00,9.837725836717123,9.89734836154671,9.487442970275879,9.487442970275879,1741700,0.0,0.0
2020-12-15 00:00:00-05:00,9.569421636635798,9.994232177734375,9.50234613840837,9.994232177734375,1471900,0.0,0.0
2020-12-16 00:00:00-05:00,9.986786226248556,10.135843309936892,9.889900116910729,9.964427947998047,1805700,0.0,0.0
2020-12-17 00:00:00-05:00,9.956971808401324,9.956971808401324,9.670038647622365,9.740839958190918,1617200,0.0,0.0
2020-12-18 00:00:00-05:00,9.688670880647365,9.748293413821585,9.576878808634866,9.629048347473145,2622300,0.0,0.0
2020-12-21 00:00:00-05:00,9.412913663518028,9.681214982322018,9.256404383193255,9.63649845123291,2767700,0.0,0.0
2020-12-22 00:00:00-05:00,9.63649896814319,9.651404242386942,9.427819442678775,9.502347946166992,945900,0.0,0.0
2020-12-23 00:00:00-05:00,9.599234475549565,9.800460292708522,9.561970224740435,9.688668251037598,1134600,0.0,0.0
2020-12-24 00:00:00-05:00,9.740836320743263,9.830270082872717,9.658855549813687,9.8228178024292,1219600,0.0,0.0
2020-12-28 00:00:00-05:00,9.860081646017651,10.001685640229006,9.785553863951597,9.867534637451172,1474100,0.0,0.0
2020-12-29 00:00:00-05:00,9.874989045140147,9.897347311890913,9.688668497118634,9.748291015625,1472700,0.0,0.0
2020-12-30 00:00:00-05:00,9.69612318120885,9.874990767933225,9.62159466469539,9.681217193603516,1065800,0.0,0.0
2020-12-31 00:00:00-05:00,9.643953655010273,9.748293443763973,9.472539049297046,9.62159538269043,1391800,0.0,0.0
2021-01-04 00:00:00-05:00,9.636498825540848,9.718479609559536,9.316027260342977,9.353291511535645,2547200,0.0,0.0
2021-01-05 00:00:00-05:00,9.316030395968461,9.50235100388783,9.301124406171688,9.398011207580566,957600,0.0,0.0
2021-01-06 00:00:00-05:00,9.57687822734294,10.091122722446434,9.539613968681731,10.00914192199707,2484800,0.0,0.0
2021-01-07 00:00:00-05:00,9.964421791519325,10.020317807988892,9.49489397381342,9.50979995727539,2984400,0.0,0.0
2021-01-08 00:00:00-05:00,9.547064205173905,9.606686717508966,9.398007213579845,9.50979995727539,2741700,0.0,0.0
2021-01-11 00:00:00-05:00,9.39055913974576,9.479992948316314,9.159521267870945,9.234049797058105,2002500,0.0,0.0
2021-01-12 00:00:00-05:00,9.241499908733426,9.424094691239025,9.189330377021289,9.420368194580078,2527400,0.0,0.0
2021-01-13 00:00:00-05:00,9.420367670372487,9.666310750124705,9.386829913064773,9.614140510559082,1727800,0.0,0.0
2021-01-14 00:00:00-05:00,9.681214656699284,9.822818658817058,9.606686870471991,9.658856391906738,1284700,0.0,0.0
2021-01-15 00:00:00-05:00,9.576878577041454,9.621595120462429,9.330935455956164,9.569425582885742,1265600,0.0,0.0
2021-01-19 00:00:00-05:00,9.636500445284833,9.800462040881571,9.517255390030263,9.793009757995605,1870600,0.0,0.0
2021-01-20 00:00:00-05:00,9.77810385592001,10.05013172943461,9.725934321480661,9.949519157409668,1619100,0.0,0.0
2021-01-21 00:00:00-05:00,9.919708537326578,9.927160820761289,9.714755461604128,9.73338794708252,1031100,0.0,0.0
2021-01-22 00:00:00-05:00,9.606686649134529,9.860081969376816,9.524705162190006,9.845176696777344,1873300,0.0,0.0
2021-01-25 00:00:00-05:00,9.770651686072753,9.867538480170026,9.576878808634866,9.629048347473145,2312600,0.0,0.0
2021-01-26 00:00:00-05:00,9.733387450760064,9.800462262792081,9.420368818250884,9.442727088928223,1471200,0.0,0.0
2021-01-27 00:00:00-05:00,9.330935929386087,9.520982314702703,9.17442659795847,9.278765678405762,1439600,0.0,0.0
2021-01-28 00:00:00-05:00,9.375651583385881,9.856359023750876,9.316029054298896,9.6737642288208,1875600,0.0,0.0
2021-01-29 00:00:00-05:00,9.688670791919566,9.718482058233668,9.226595808672663,9.30112361907959,2240500,0.0,0.0
2021-02-01 00:00:00-05:00,9.3458374017353,9.532157924665235,9.211686397783701,9.524704933166504,1539800,0.0,0.0
2021-02-02 00:00:00-05:00,9.614142172290741,9.793010479100086,9.51725609082968,9.73338794708252,1475700,0.0,0.0
2021-02-03 00:00:00-05:00,9.681217698499665,9.82282174510887,9.584330906281957,9.73338794708252,1434300,0.0,0.0
2021-02-04 00:00:00-05:00,9.733383784581854,9.886166546383603,9.681213558309699,9.763195037841797,1242300,0.0,0.0
2021-02-05 00:00:00-05:00,9.830271772950667,9.897347283768863,9.703574454552,9.755743980407715,1024800,0.0,0.0
2021-02-08 00:00:00-05:00,9.80791637401304,10.009142965304536,9.763199827563835,9.986783981323242,1127800,0.0,0.0
2021-02-09 00:00:00-05:00,9.979327063844835,10.016590598331502,9.785553557186171,9.8228178024292,1313200,0.0,0.0
2021-02-10 00:00:00-05:00,9.845178267844828,10.318432653568577,9.845178267844828,10.113479614257812,1599400,0.0,0.0
2021-02-11 00:00:00-05:00,10.06876296794736,10.225272262657917,10.024045721991552,10.202913284301758,1109200,0.0,0.0
2021-02-12 00:00:00-05:00,10.180556297302246,10.329612617977036,10.171612846986099,10.180556297302246,2131400,0.0,0.0
2021-02-16 00:00:00-05:00,10.225274046000655,10.70970728943435,10.217821051915426,10.702254295349121,2866000,0.0,0.0
2021-02-17 00:00:00-05:00,10.568101692158496,10.620271218068336,10.299799648607356,10.493573188781738,1745200,0.0,0.0
2021-02-18 00:00:00-05:00,10.433950346888059,10.575553646005838,10.404139088612922,10.515931129455566,1712200,0.0,0.0
2021-02-19 00:00:00-05:00,10.605367446517349,10.888574823397645,10.568103897808246,10.71716022491455,2916300,0.0,0.0
2021-02-22 00:00:00-05:00,10.694801465986009,11.276121470577857,10.694801465986009,11.074894905090332,4214100,0.0,0.0
2021-02-23 00:00:00-05:00,11.000367890607752,11.276122280683463,10.769330044459643,11.171782493591309,3210900,0.0,0.0
2021-02-24 00:00:00-05:00,11.074890371716245,11.291022125385634,11.067438091818637,11.141965866088867,2874500,0.0,0.0
2021-02-25 00:00:00-05:00,11.164327589789249,11.209044836825003,10.62027189693401,10.687347412109375,2521400,0.0,0.0
2021-02-26 00:00:00-05:00,10.657538807119732,10.858764692039633,10.575557285581835,10.620274543762207,3099000,0.0,0.0
2021-03-01 00:00:00-05:00,10.918383106262452,10.97800562081799,10.501025504373674,10.54574203491211,2853300,0.0,0.0
2021-03-02 00:00:00-05:00,10.583008016918013,10.612819279076678,10.292348388560162,10.411593437194824,2490900,0.0,0.0
2021-03-03 00:00:00-05:00,10.486121169432783,11.209045160553263,10.478668887008704,10.910932540893555,4236900,0.0,0.0
2021-03-04 00:00:00-05:00,10.910932611419888,10.910932611419888,10.199188105469764,10.411593437194824,3398500,0.0,0.0
2021-03-05 00:00:00-05:00,10.523386925800104,10.620273718700096,10.038953672056795,10.530839920043945,2631400,0.0,0.0
2021-03-08 00:00:00-05:00,10.672441876772222,10.914659183077864,10.504753792510499,10.814045906066895,1529600,0.0,0.0
2021-03-09 00:00:00-05:00,10.851309421432791,10.985459737539104,10.635177606351858,10.881120681762695,2325400,0.0,0.0
2021-03-10 00:00:00-05:00,10.94819599818331,11.149422547920132,10.873668199239578,10.992913246154785,1771100,0.0,0.0
2021-03-11 00:00:00-05:00,10.970555064825495,11.138243146850375,10.791686782273121,10.910932540893555,1287100,0.0,0.0
2021-03-12 00:00:00-05:00,10.940743783785932,11.156875610351562,10.858762280455021,11.156875610351562,2101700,0.0,0.0
2021-03-15 00:00:00-04:00,11.171779569946056,11.70838293194518,11.164326577656347,11.68602466583252,2814100,0.0,0.0
2021-03-16 00:00:00-04:00,11.663665986371594,11.663665986371594,11.328289143104143,11.484798431396484,2005800,0.0,0.0
2021-03-17 00:00:00-04:00,11.514611363409912,11.842535972595215,11.514611363409912,11.842535972595215,1844700,0.0,0.0
2021-03-18 00:00:00-04:00,11.85744524623297,11.969237344330812,11.522068241182618,11.581690788269043,1491100,0.0,0.0
2021-03-19 00:00:00-04:00,11.551874860501451,11.612242967175934,11.2239509836459,11.253762245178223,2024600,0.0,0.0
2021-03-22 00:00:00-04:00,11.209046393047979,11.283574911535991,10.966829774096881,11.201593399047852,1204000,0.0,0.0
2021-03-23 00:00:00-04:00,11.119611644341187,11.145696410349482,10.635178447955985,10.72461223602295,1883700,0.0,0.0
2021-03-24 00:00:00-04:00,10.896026283772203,11.238856143240014,10.836403761321847,10.918384552001953,1678300,0.0,0.0
2021-03-25 00:00:00-04:00,10.821500672619297,11.168056387851395,10.609094593871225,11.13451862335205,1683900,0.0,0.0
2021-03-26 00:00:00-04:00,11.201593789351017,11.335744843001086,11.030179185915179,11.164329528808594,1320900,0.0,0.0
2021-03-29 00:00:00-04:00,11.067441568884375,11.186686613785085,10.787960728364633,10.918384552001953,1595000,0.0,0.0
2021-03-30 00:00:00-04:00,11.00042034441432,11.261447552337868,10.955672558880424,11.142120361328125,1082300,0.01,0.0
2021-03-31 00:00:00-04:00,11.104837074317345,11.104837074317345,10.866183280944824,10.866183280944824,2133700,0.0,0.0
2021-04-01 00:00:00-04:00,11.007879792609206,11.089916579814806,10.85126359067705,11.08245849609375,1150700,0.0,0.0
2021-04-05 00:00:00-04:00,11.231619518846884,11.246534977959666,10.92584442775015,11.112292289733887,1302400,0.0,0.0
2021-04-06 00:00:00-04:00,11.104834813677716,11.168227114618912,11.01161088354314,11.134666442871094,1454600,0.0,0.0
2021-04-07 00:00:00-04:00,11.186870393390015,11.343486607347158,11.022796095139183,11.261449813842773,1904200,0.0,0.0
2021-04-08 00:00:00-04:00,11.16449752848506,11.418066719904015,11.075002645262272,11.388235092163086,3049900,0.0,0.0
2021-04-09 00:00:00-04:00,11.38823186204465,11.38823186204465,11.149578196565999,11.253989219665527,2024600,0.0,0.0
2021-04-12 00:00:00-04:00,11.2166976781351,11.268902825501884,10.986994318479455,11.2017822265625,2382300,0.0,0.0
2021-04-13 00:00:00-04:00,11.08246100486163,11.160769479175624,10.892284094375844,11.089919090270996,1627100,0.0,0.0
2021-04-14 00:00:00-04:00,11.142123635690908,11.477730347715863,11.089918463261307,11.224161148071289,1912900,0.0,0.0
2021-04-15 00:00:00-04:00,11.283818988316275,11.283818988316275,11.052623443385759,11.2017822265625,1405800,0.0,0.0
2021-04-16 00:00:00-04:00,11.283825370565403,11.403151895605687,11.22416210804526,11.2390775680542,1341400,0.0,0.0
2021-04-19 00:00:00-04:00,11.194330215454102,11.209245675114841,11.022797806281464,11.194330215454102,1396400,0.0,0.0
2021-04-20 00:00:00-04:00,11.05262687245153,11.134664370899142,10.88109521431927,11.08245849609375,2007300,0.0,0.0
2021-04-21 00:00:00-04:00,11.030253435398235,11.403149090024602,10.851263691875664,11.35840129852295,1744400,0.0,0.0
2021-04-22 00:00:00-04:00,11.41060352727143,11.41060352727143,11.12720283497413,11.2017822265625,1485800,0.0,0.0
2021-04-23 00:00:00-04:00,11.216702699221159,11.395692465666738,11.09737618825744,11.388235092163086,1384900,0.0,0.0
2021-04-26 00:00:00-04:00,11.485184573800698,11.686548545829316,11.462811036211498,11.507558822631836,2225900,0.0,0.0
2021-04-27 00:00:00-04:00,11.462811036211498,11.55976398075395,11.29127939595773,11.507558822631836,2185200,0.0,0.0
2021-04-28 00:00:00-04:00,11.507558514625508,11.746211472501134,11.507558514625508,11.686548233032227,1747500,0.0,0.0
2021-04-29 00:00:00-04:00,11.746214431050431,11.880457109288477,11.645532422371895,11.805877685546875,2909000,0.0,0.0
2021-04-30 00:00:00-04:00,11.68654801075378,11.835706106589056,11.526202791015146,11.828248023986816,2428400,0.0,0.0
2021-05-03 00:00:00-04:00,11.887914576031097,11.984867543159766,11.679093183653558,11.768588066101074,2697400,0.0,0.0
2021-05-04 00:00:00-04:00,11.731298001570204,11.880456845744623,11.477729531206268,11.604514122009277,1807900,0.0,0.0
2021-05-05 00:00:00-04:00,11.619430190297416,11.70892507475989,11.485187507982646,11.626888275146484,1944700,0.0,0.0
2021-05-06 00:00:00-04:00,11.664175723313893,11.753670590399128,11.462811738940632,11.634344100952148,1839000,0.0,0.0
2021-05-07 00:00:00-04:00,11.574683680211736,11.902831606252226,11.470272620850503,11.790963172912598,2342700,0.0,0.0
2021-05-10 00:00:00-04:00,11.82825151446929,11.992325823926896,11.522477149963379,11.522477149963379,1655300,0.0,0.0
2021-05-11 00:00:00-04:00,11.261448957008424,11.418065159049325,11.14212175111468,11.380775451660156,1490100,0.0,0.0
2021-05-12 00:00:00-04:00,11.336031295799787,11.492647548064616,10.974322653988215,11.052630424499512,1300200,0.0,0.0
2021-05-13 00:00:00-04:00,11.17941204994769,11.544849636962502,11.104833342465795,11.23161792755127,4295000,0.0,0.0
2021-05-14 00:00:00-04:00,11.358402657691759,11.686551271325401,11.32111365676066,11.59705638885498,1507700,0.0,0.0
2021-05-17 00:00:00-04:00,11.529933588932765,11.626886543807213,11.410607094084831,11.55230712890625,1953100,0.0,0.0
2021-05-18 00:00:00-04:00,11.529933588932765,11.761129206132145,11.462812257770299,11.55230712890625,1569300,0.0,0.0
2021-05-19 00:00:00-04:00,11.410607085434439,11.44416775099023,11.23161734329823,11.39569091796875,1471000,0.0,0.0
2021-05-20 00:00:00-04:00,11.395692465666738,11.403150550412496,11.13466590074413,11.388235092163086,2287000,0.0,0.0
2021-05-21 00:00:00-04:00,11.418068732122405,11.451628696908415,11.253994395011242,11.350947380065918,1618000,0.0,0.0
2021-05-24 00:00:00-04:00,11.410608722885353,11.529935234766478,11.283824126201129,11.522477149963379,1277500,0.0,0.0
2021-05-25 00:00:00-04:00,11.48518091051385,11.746208040351684,11.403144158025077,11.432975769042969,1780100,0.0,0.0
2021-05-26 00:00:00-04:00,11.432980642493805,11.77604467105574,11.32856960380382,11.70892333984375,1677000,0.0,0.0
2021-05-27 00:00:00-04:00,11.835703971108504,11.988591791901714,11.746209129754625,11.940114974975586,2589600,0.0,0.0
2021-05-28 00:00:00-04:00,11.97740962655824,12.03707288236051,11.690280474725613,11.835709571838379,1710300,0.0,0.0
2021-06-01 00:00:00-04:00,12.0296133914976,12.268267809295864,11.90282952116845,12.19368839263916,2186900,0.0,0.0
2021-06-02 00:00:00-04:00,12.26826859909786,12.26826859909786,12.08182075669506,12.126567840576172,1879800,0.0,0.0
2021-06-03 00:00:00-04:00,12.066904075873177,12.066904075873177,11.843911913897777,11.925203323364258,1065200,0.0,0.0
2021-06-04 00:00:00-04:00,11.992322317546781,12.06690172128761,11.913268490977616,11.984864234924316,2159300,0.0,0.0
2021-06-07 00:00:00-04:00,12.074359154568544,12.260806942651822,12.051984907904405,12.171311378479004,2176800,0.0,0.0
2021-06-08 00:00:00-04:00,12.14894073137498,12.320472385753776,12.044528984048938,12.216060638427734,1981100,0.0,0.0
2021-06-09 00:00:00-04:00,12.275725159918451,12.305557497249625,12.134025825047793,12.148941993713379,1576600,0.0,0.0
2021-06-10 00:00:00-04:00,12.19368611421759,12.19368611421759,11.977405988574052,12.059443473815918,1427300,0.0,0.0
2021-06-11 00:00:00-04:00,12.022157917481431,12.216062428462891,11.955036578109311,12.208605766296387,2160200,0.0,0.0
2021-06-14 00:00:00-04:00,12.27572526100792,12.35776276686008,12.044530334724012,12.126567840576172,1668000,0.0,0.0
2021-06-15 00:00:00-04:00,12.193687334778101,12.193687334778101,12.051986597671991,12.074360847473145,2778900,0.0,0.0
2021-06-16 00:00:00-04:00,12.134026543408881,12.324202726459477,12.081821372472804,12.163857460021973,1847400,0.0,0.0
2021-06-17 00:00:00-04:00,12.156398064001179,12.208604651790228,11.790961195624279,11.858081817626953,1233400,0.0,0.0
2021-06-18 00:00:00-04:00,11.790962405212058,11.850625660607518,11.611971927783571,11.71638298034668,2604400,0.0,0.0
2021-06-21 00:00:00-04:00,11.746212978875217,11.95876338564662,11.705194229764242,11.917744636535645,1083700,0.0,0.0
2021-06-22 00:00:00-04:00,11.887911332963164,11.899098456933002,11.701463534250655,11.776042938232422,1247200,0.0,0.0
2021-06-23 00:00:00-04:00,11.798418827701104,11.90282987184823,11.70892395182159,11.731297492980957,1503000,0.0,0.0
2021-06-24 00:00:00-04:00,11.731296340196334,11.746212506998196,11.466540780641097,11.634344100952148,2052500,0.0,0.0
2021-06-25 00:00:00-04:00,11.664177728518322,11.75367261098874,11.515018879825519,11.59705638885498,25727200,0.0,0.0
2021-06-28 00:00:00-04:00,11.567227004369359,11.58214246538564,11.056359484390873,11.328573226928711,3958900,0.0,0.0
2021-06-29 00:00:00-04:00,11.313642797401554,11.40319661366866,11.186774713095534,11.19423770904541,1615500,0.01,0.0
2021-06-30 00:00:00-04:00,11.127074030866067,11.477827070388336,11.089759756583174,11.388273239135742,1978600,0.0,0.0
2021-07-01 00:00:00-04:00,11.515139929246676,11.604693749491442,11.44051138985412,11.470362663269043,2527000,0.0,0.0
2021-07-02 00:00:00-04:00,11.492751580024487,11.582306116963855,11.440512026568639,11.500214576721191,1163900,0.0,0.0
2021-07-06 00:00:00-04:00,11.440514463138053,11.485291741144279,10.962893248484635,11.134538650512695,2918600,0.0,0.0
2021-07-07 00:00:00-04:00,11.037519733961435,11.205433605295198,10.929309125987885,11.022594451904297,1700300,0.0,0.0
2021-07-08 00:00:00-04:00,10.746466985976248,11.276327553484169,10.552434090044786,11.000203132629395,2074900,0.0,0.0
2021-07-09 00:00:00-04:00,11.17931520555934,11.306183329453516,11.015133513693323,11.224092483520508,1911600,0.0,0.0
2021-07-12 00:00:00-04:00,11.112147084169019,11.395734529857839,11.022593266326837,11.306180000305176,1663600,0.0,0.0
2021-07-13 00:00:00-04:00,11.21662745943096,11.250210233908852,10.895726420224129,10.903188705444336,1421300,0.0,0.0
2021-07-14 00:00:00-04:00,10.981548410858233,11.190507336496418,10.925577359026107,11.127073287963867,1264200,0.0,0.0
2021-07-15 00:00:00-04:00,10.97781691250802,11.224090109937801,10.933039644015995,11.127073287963867,1330700,0.0,0.0
2021-07-16 00:00:00-04:00,11.246480157169197,11.27633143695536,10.809904745477398,10.83602523803711,1169500,0.0,0.0
2021-07-19 00:00:00-04:00,10.559897057590002,10.686765139133666,10.321086886077435,10.515120506286621,1861200,0.0,0.0
2021-07-20 00:00:00-04:00,10.552435115181105,11.015130193323126,10.418104033500672,10.858410835266113,2338000,0.0,0.0
2021-07-21 00:00:00-04:00,10.970351844741792,11.28379052988102,10.918112301122054,11.209162712097168,1367200,0.0,0.0
2021-07-22 00:00:00-04:00,11.089758692471134,11.135281832278093,10.891994267656173,11.067370414733887,1285800,0.0,0.0
2021-07-23 00:00:00-04:00,11.164389637076578,11.224092198367575,10.843487836354464,10.89572811126709,964200,0.0,0.0
2021-07-26 00:00:00-04:00,10.947967791106004,11.156926757850693,10.828562667251896,11.112150192260742,980500,0.0,0.0
2021-07-27 00:00:00-04:00,11.03005927689817,11.216629971691424,10.992744995597375,11.052448272705078,1147600,0.0,0.0
2021-07-28 00:00:00-04:00,11.164386784906439,11.23901532331014,10.888262331549527,11.149460792541504,1343800,0.0,0.0
2021-07-29 00:00:00-04:00,11.283792000988935,11.414391588775413,11.194238180946622,11.291254997253418,1438300,0.0,0.0
2021-07-30 00:00:00-04:00,11.268866096709806,11.41065945933766,11.082295470682892,11.156923294067383,2158300,0.0,0.0
2021-08-02 00:00:00-04:00,11.216627388910412,11.507677861985417,10.992742464368913,11.022594451904297,1647000,0.0,0.0
2021-08-03 00:00:00-04:00,11.044986118314123,11.074837403294264,10.64199341522682,10.925580978393555,1865500,0.0,0.0
2021-08-04 00:00:00-04:00,10.806173299061964,10.955430410428871,10.59348284058797,10.64199161529541,1311700,0.0,0.0
2021-08-05 00:00:00-04:00,10.686769984677415,11.089762687683105,10.664381698874536,11.089762687683105,1413700,0.0,0.0
2021-08-06 00:00:00-04:00,11.044981692828909,11.373345696042117,10.828559785510762,11.149460792541504,1932900,0.0,0.0
2021-08-09 00:00:00-04:00,10.947966575500915,10.947966575500915,10.597213529342254,10.768858909606934,1270600,0.0,0.0
2021-08-10 00:00:00-04:00,10.679305556883898,11.037520904779985,10.649454277892557,11.030057907104492,1285400,0.0,0.0
2021-08-11 00:00:00-04:00,11.104688129709656,11.231556262421497,10.903191432445881,11.201704978942871,1349900,0.0,0.0
2021-08-12 00:00:00-04:00,11.268867985341094,11.343495821233006,11.05244605134657,11.17185115814209,1353900,0.0,0.0
2021-08-13 00:00:00-04:00,11.119609784956575,11.134535777677808,10.985279409018018,11.044981956481934,941900,0.0,0.0
2021-08-16 00:00:00-04:00,10.970352023227761,11.063637330758116,10.78378140816705,10.933037757873535,861200,0.0,0.0
2021-08-17 00:00:00-04:00,10.858412742553924,10.877069524193073,10.604676526682152,10.768858909606934,1437000,0.0,0.0
2021-08-18 00:00:00-04:00,10.768859582431297,10.865876418779672,10.649454464375033,10.783784866333008,1473000,0.0,0.0
2021-08-19 00:00:00-04:00,10.694230359629142,10.783784192576134,10.53004797670436,10.768858909606934,2110100,0.0,0.0
2021-08-20 00:00:00-04:00,10.679306820921017,10.88080280003462,10.567363977670603,10.821100234985352,1205100,0.0,0.0
2021-08-23 00:00:00-04:00,10.918112304160228,11.02259210313918,10.791244231010934,10.806169509887695,1275900,0.0,0.0
2021-08-24 00:00:00-04:00,10.89572811126709,11.015133233849085,10.821099553798007,10.89572811126709,2622700,0.0,0.0
2021-08-25 00:00:00-04:00,10.903191375817395,11.164390638681814,10.8285635233638,10.970356941223145,2278900,0.0,0.0
2021-08-26 00:00:00-04:00,11.015132451548602,11.145732061988907,10.802442003090977,10.828561782836914,1044900,0.0,0.0
2021-08-27 00:00:00-04:00,10.888261031666433,11.276327534589514,10.836021488046695,11.209162712097168,1533400,0.0,0.0
2021-08-30 00:00:00-04:00,11.216626454877245,11.239015443664403,10.910650725224375,11.007667541503906,1395000,0.0,0.0
2021-08-31 00:00:00-04:00,10.925578786490115,11.089760465087174,10.86960701563455,11.030057907104492,1669800,0.0,0.0
2021-09-01 00:00:00-04:00,11.268868762067218,11.365884884242648,11.112149370668302,11.328571319580078,1574900,0.0,0.0
2021-09-02 00:00:00-04:00,11.365884704341385,11.541261587006314,11.278569911081282,11.395736694335938,2244600,0.0,0.0
2021-09-03 00:00:00-04:00,11.395734809824699,11.485288629867012,11.231552450558544,11.291254997253418,1465300,0.0,0.0
2021-09-07 00:00:00-04:00,11.253941392789006,11.358421211535411,11.112148013935814,11.21662712097168,1268100,0.0,0.0
2021-09-08 00:00:00-04:00,11.171852930232768,11.298721054254603,11.059910091072549,11.134538650512695,1601000,0.0,0.0
2021-09-09 00:00:00-04:00,11.130810928803069,11.149467719139265,10.962896968933574,10.992748260498047,1698600,0.0,0.0
2021-09-10 00:00:00-04:00,11.067370098229725,11.112147364134197,10.806170922493045,10.813633918762207,1269800,0.0,0.0
2021-09-13 00:00:00-04:00,10.98528207986719,11.444245791975224,10.888265238723017,11.365885734558105,1656800,0.0,0.0
2021-09-14 00:00:00-04:00,11.492755810800004,11.492755810800004,11.205437449313102,11.276333808898926,1484800,0.0,0.0
2021-09-15 00:00:00-04:00,11.276330139763136,11.425587233234554,11.201702304737994,11.4031982421875,1630700,0.0,0.0
2021-09-16 00:00:00-04:00,11.365885018527935,11.559918688592509,11.321108455719576,11.455439567565918,1589600,0.0,0.0
2021-09-17 00:00:00-04:00,11.53753040718833,11.664398521329733,11.433050574451105,11.455439567565918,4391200,0.0,0.0
2021-09-20 00:00:00-04:00,11.186776310706625,11.425587233234554,11.111401891295689,11.4031982421875,1778300,0.0,0.0
2021-09-21 00:00:00-04:00,11.522603461758598,11.850968216596375,11.455438623083692,11.724100112915039,3653600,0.0,0.0
2021-09-22 00:00:00-04:00,11.843503310362825,12.119627752773209,11.817383536470155,12.007685661315918,2922900,0.0,0.0
2021-09-23 00:00:00-04:00,12.089778441603876,12.19425754796796,11.910670080374457,12.082315444946289,2747300,0.0,0.0
2021-09-24 00:00:00-04:00,12.0449990182184,12.201719082404686,12.01514845858633,12.089776992797852,1660000,0.0,0.0
2021-09-27 00:00:00-04:00,12.186794124917995,12.380827760963193,12.05992603302002,12.05992603302002,2082800,0.0,0.0
2021-09-28 00:00:00-04:00,12.059925741805582,12.283809934609453,11.918132372249099,11.985297203063965,2706900,0.0,0.0
2021-09-29 00:00:00-04:00,12.030104237741192,12.112245504842777,11.839682802984047,12.00023365020752,1272300,0.01,0.0
2021-09-30 00:00:00-04:00,12.000234104387099,12.05997385740744,11.72393756862951,11.746339797973633,1982000,0.0,0.0
2021-10-01 00:00:00-04:00,11.873286863329088,12.24666067302062,11.865819928372316,12.171985626220703,2332700,0.0,0.0
2021-10-04 00:00:00-04:00,12.21679167282743,12.2541284845744,11.806080334224443,11.895689964294434,1475400,0.0,0.0
2021-10-05 00:00:00-04:00,11.880756422850451,11.918093952260522,11.716471720738623,11.865821838378906,1284900,0.0,0.0
2021-10-06 00:00:00-04:00,11.694068825288934,11.97783374786377,11.50364807702683,11.97783374786377,1529500,0.0,0.0
2021-10-07 00:00:00-04:00,12.02263557973461,12.201854816939994,11.992764994713102,12.067440032958984,1770000,0.0,0.0
2021-10-08 00:00:00-04:00,12.01516718495033,12.231723215633561,11.98529660178972,12.082374572753906,1103400,0.0,0.0
2021-10-11 00:00:00-04:00,12.104776529943596,12.287730297745453,12.059972077866593,12.186919212341309,1736100,0.0,0.0
2021-10-12 00:00:00-04:00,12.127180215457736,12.183186852236213,11.970363911370702,11.992765426635742,1107800,0.0,0.0
2021-10-13 00:00:00-04:00,11.970362396822287,12.015166845991429,11.66419533744838,11.791142463684082,1602400,0.0,0.0
2021-10-14 00:00:00-04:00,11.955428396828514,12.011433608261466,11.813545964110794,11.850883483886719,1765100,0.0,0.0
2021-10-15 00:00:00-04:00,12.074906978597,12.209321754778916,11.906888508369603,12.015167236328125,1768200,0.0,0.0
2021-10-18 00:00:00-04:00,11.716468271922128,12.059972159504788,11.671663819541829,11.925558090209961,1677600,0.0,0.0
2021-10-19 00:00:00-04:00,12.007699200411945,12.007699200411945,11.768740239099511,11.791142463684082,1097300,0.0,0.0
2021-10-20 00:00:00-04:00,11.723935289818172,11.815038288643166,11.559650644867645,11.753805160522461,1490900,0.0,0.0
2021-10-21 00:00:00-04:00,11.716469429510509,11.761274598471495,11.600723751912799,11.709002494812012,820900,0.0,0.0
2021-10-22 00:00:00-04:00,11.66419633549289,11.81354569909221,11.634326462773027,11.723936080932617,1055800,0.0,0.0
2021-10-25 00:00:00-04:00,11.709000125942659,11.858349472007466,11.611922872962069,11.798609733581543,892700,0.0,0.0
2021-10-26 00:00:00-04:00,11.839682128981321,11.873285825889727,11.664196710134952,11.716468811035156,1377900,0.0,0.0
2021-10-27 00:00:00-04:00,11.73140574563823,11.80608079636333,11.574588708838768,11.641796112060547,1324000,0.0,0.0
2021-10-28 00:00:00-04:00,11.641794108991478,11.753805953652481,11.420010143811853,11.723936080932617,1268400,0.0,0.0
2021-10-29 00:00:00-04:00,11.709003028753656,11.79114501141488,11.593256633723799,11.731405258178711,1599000,0.0,0.0
2021-11-01 00:00:00-04:00,11.73887143141578,12.09357608269886,11.709001558548215,12.067440032958984,2219600,0.0,0.0
2021-11-02 00:00:00-04:00,12.134648445493031,12.134648445493031,11.929293141277059,12.00023365020752,2429900,0.0,0.0
2021-11-03 00:00:00-04:00,11.947963948471044,12.45575264417039,11.947963948471044,12.403480529785156,2485000,0.0,0.0
2021-11-04 00:00:00-04:00,12.39601130597371,12.522958463764652,12.201856745569438,12.2839994430542,2070500,0.0,0.0
2021-11-05 00:00:00-04:00,12.5416208853909,13.023273232841236,12.246655361822947,12.448277473449707,4050000,0.0,0.0
2021-11-08 00:00:00-05:00,12.64990501720011,12.709644769523626,11.947961859167751,12.05997371673584,2536000,0.0,0.0
2021-11-09 00:00:00-05:00,11.970365697985036,12.171986487002618,11.888222998265332,12.164520263671875,2504100,0.0,0.0
2021-11-10 00:00:00-05:00,12.1122465133667,12.298933428072582,12.007702296910006,12.1122465133667,2508700,0.0,0.0
2021-11-11 00:00:00-05:00,12.112248867955989,12.134651814826695,11.850887563852243,11.962900161743164,1899400,0.0,0.0
2021-11-12 00:00:00-05:00,12.142118526146273,12.149586174526508,11.847152824514277,11.910626411437988,2448200,0.0,0.0
2021-11-15 00:00:00-05:00,11.94796085357666,11.962896146477533,11.78741001566209,11.94796085357666,1490600,0.0,0.0
2021-11-16 00:00:00-05:00,11.947961552767348,11.947961552767348,11.671665027318083,11.821014404296875,2612200,0.0,0.0
2021-11-17 00:00:00-05:00,11.761275226913074,11.843417210217648,11.6791332436085,11.828482627868652,1853400,0.0,0.0
2021-11-18 00:00:00-05:00,11.865821955566886,11.88822418857252,11.567122429490475,11.61939525604248,1749800,0.0,0.0
2021-11-19 00:00:00-05:00,11.455108372740048,11.716469607154187,11.313225929007391,11.686599731445312,2203800,0.0,0.0
2021-11-22 00:00:00-05:00,11.746339482863059,11.888221926595715,11.634327626993286,11.686599731445312,1825100,0.0,0.0
2021-11-23 00:00:00-05:00,11.679137432680486,11.99650543316311,11.649267545114727,11.806084632873535,2259100,0.0,0.0
2021-11-24 00:00:00-05:00,11.798608572189487,11.899419637917626,11.731401195037394,11.835946083068848,1309800,0.0,0.0
2021-11-26 00:00:00-05:00,11.290823655407088,11.42523845164001,10.723295307039212,11.395368576049805,3028200,0.0,0.0
2021-11-29 00:00:00-05:00,11.537253275599182,11.585792281018602,11.313228794954169,11.492448806762695,3403300,0.0,0.0
2021-11-30 00:00:00-05:00,11.260950915026243,11.365495809072694,11.15640602097979,11.216146469116211,3648800,0.0,0.0
2021-12-01 00:00:00-05:00,11.42523855285792,11.447640781710534,10.86891166996554,10.917449951171875,4000000,0.0,0.0
2021-12-02 00:00:00-05:00,10.98465911878883,11.540986091268843,10.902517124998898,11.343097686767578,3269800,0.0,0.0
2021-12-03 00:00:00-05:00,11.350560519000132,11.402833322100273,11.134003798024775,11.216146469116211,2643800,0.0,0.0
2021-12-06 00:00:00-05:00,11.410305185746317,11.992768219354717,11.350565423948233,11.768744468688965,3900600,0.0,0.0
2021-12-07 00:00:00-05:00,11.88822142384923,11.955428819390532,11.552185158296696,11.649262428283691,2727000,0.0,0.0
2021-12-08 00:00:00-05:00,11.686596891096544,12.030101446493132,11.615656398625838,11.970361709594727,2200400,0.0,0.0
2021-12-09 00:00:00-05:00,11.858350337969371,11.966628354715718,11.768740723786701,11.880752563476562,1320200,0.0,0.0
2021-12-10 00:00:00-05:00,11.910624155338867,11.947961678013462,11.638061450476147,11.686599731445312,1473800,0.0,0.0
2021-12-13 00:00:00-05:00,11.664199594537736,11.664199594537736,11.324429430357808,11.372967720031738,1949900,0.0,0.0
2021-12-14 00:00:00-05:00,11.372963997116864,11.649261196721808,11.260952157825924,11.29082202911377,1759800,0.0,0.0
2021-12-15 00:00:00-05:00,11.290823613922898,11.4476406382338,10.999591793872936,11.410303115844727,2992700,0.0,0.0
2021-12-16 00:00:00-05:00,11.462574323134305,11.593254564922432,11.253484511965487,11.29082202911377,2107400,0.0,0.0
2021-12-17 00:00:00-05:00,11.231083550716336,11.44390649661696,11.178811448117303,11.350563049316406,4105900,0.0,0.0
2021-12-20 00:00:00-05:00,11.18628215789795,11.260957225801908,10.88011566136932,11.18628215789795,2337000,0.0,0.0
2021-12-21 00:00:00-05:00,11.29082442948251,11.894196954786201,11.253486904396471,11.888222694396973,2050500,0.0,0.0
2021-12-22 00:00:00-05:00,11.910622280349893,12.101042975075387,11.828480313119913,12.082374572753906,1626300,0.0,0.0
2021-12-23 00:00:00-05:00,12.13465079044956,12.224261146059293,12.059975731492829,12.104780197143555,1108900,0.0,0.0
2021-12-27 00:00:00-05:00,12.030103487645272,12.194387435913086,11.933025508521808,12.194387435913086,945800,0.0,0.0
2021-12-28 00:00:00-05:00,12.097312330714244,12.239193356730217,12.03757257652118,12.052506446838379,726700,0.0,0.0
2021-12-29 00:00:00-05:00,12.030106562495106,12.119715493796557,11.880756444581644,12.104780197143555,928400,0.0,0.0
2021-12-30 00:00:00-05:00,12.11224903777485,12.261691307070725,12.06741692706093,12.074889183044434,1331700,0.01,0.0
2021-12-31 00:00:00-05:00,12.030060141536374,12.112252127950194,12.007643367866715,12.06742000579834,1428400,0.0,0.0
2022-01-03 00:00:00-05:00,12.112250710854937,12.381246262669354,12.112250710854937,12.261693000793457,1912200,0.0,0.0
2022-01-04 00:00:00-05:00,12.32894208514478,12.579256285813866,12.273649092572878,12.433550834655762,2621700,0.0,0.0
2022-01-05 00:00:00-05:00,12.46343708461576,12.590462577211945,12.11224820351554,12.119720458984375,2301500,0.0,0.0
2022-01-06 00:00:00-05:00,12.231802450660378,12.40366004504941,12.194441174584313,12.313994407653809,1945900,0.0,0.0
2022-01-07 00:00:00-05:00,12.310261301905056,12.739905368473988,12.310261301905056,12.560575485229492,2295700,0.0,0.0
2022-01-10 00:00:00-05:00,12.590465155648335,12.605409669646534,12.24301304372035,12.343886375427246,1830200,0.0,0.0
2022-01-11 00:00:00-05:00,12.343886571147248,12.579256257007973,12.254220910923648,12.51574420928955,1576500,0.0,0.0
2022-01-12 00:00:00-05:00,12.508269503019724,12.597935145686554,12.403660774230957,12.403660774230957,951200,0.0,0.0
2022-01-13 00:00:00-05:00,12.470908939286057,12.612877513070224,12.42981224812176,12.493324279785156,1106300,0.0,0.0
2022-01-14 00:00:00-05:00,12.426076737427765,12.545631408691406,12.295315819902534,12.545631408691406,832900,0.0,0.0
2022-01-18 00:00:00-05:00,12.50080053864951,12.58672936351942,12.418608555184221,12.47091293334961,1306200,0.0,0.0
2022-01-19 00:00:00-05:00,12.500795324547344,12.530684342567902,12.239272117614746,12.239272117614746,1198000,0.0,0.0
2022-01-20 00:00:00-05:00,12.239276467589052,12.448495392531216,11.962810078573783,11.977754592895508,1302100,0.0,0.0
2022-01-21 00:00:00-05:00,11.977751741252465,12.03752835912052,11.753588355357019,11.89555835723877,1820300,0.0,0.0
2022-01-24 00:00:00-05:00,11.611621040036436,11.977753777462455,11.342626213901253,11.94039249420166,1798900,0.0,0.0
2022-01-25 00:00:00-05:00,11.805894534379282,11.962808349103957,11.536899016226378,11.865671157836914,1060700,0.0,0.0
2022-01-26 00:00:00-05:00,11.992700192505806,12.194446902519488,11.641512583553851,11.723705291748047,1976600,0.0,0.0
2022-01-27 00:00:00-05:00,11.783480821419458,11.95533846987899,11.350099146300137,11.469653129577637,1384700,0.0,0.0
2022-01-28 00:00:00-05:00,11.424817612103576,11.619091987609863,11.174502743207196,11.619091987609863,1666800,0.0,0.0
2022-01-31 00:00:00-05:00,11.477123773754466,12.074890792850704,11.439763914043288,12.052474021911621,2027700,0.0,0.0
2022-02-01 00:00:00-05:00,12.074892370819168,12.257959127776928,11.955339093895214,12.112252235412598,1555900,0.0,0.0
2022-02-02 00:00:00-05:00,12.078629105226904,12.13840574315853,11.925450668859161,12.06742000579834,1726000,0.0,0.0
2022-02-03 00:00:00-05:00,11.98522706922147,12.082363563714289,11.880616892243793,11.970282554626465,1122000,0.0,0.0
2022-02-04 00:00:00-05:00,11.873145002815495,12.295317551555545,11.813368371358385,12.209388732910156,1351300,0.0,0.0
2022-02-07 00:00:00-05:00,12.21686319850902,12.605412085814294,12.179501906352224,12.538163185119629,2952100,0.0,0.0
2022-02-08 00:00:00-05:00,12.590464511697187,12.811637891846676,12.515743370715173,12.560575485229492,2328500,0.0,0.0
2022-02-09 00:00:00-05:00,12.631561063019571,12.851987642489993,12.631561063019571,12.777266502380371,1566900,0.0,0.0
2022-02-10 00:00:00-05:00,12.635295034991456,12.919235049927806,12.523214050226915,12.680127143859863,1928400,0.0,0.0
2022-02-11 00:00:00-05:00,12.687600997342747,12.859458623970319,12.455966742967007,12.560575485229492,1559500,0.0,0.0
2022-02-14 00:00:00-05:00,12.605409898378934,12.665186530269112,12.302789897767035,12.433550834655762,1209200,0.0,0.0
2022-02-15 00:00:00-05:00,12.627827645885827,13.008904281095965,12.620355387330225,12.934183120727539,2126400,0.0,0.0
2022-02-16 00:00:00-05:00,12.97154376039659,13.360091209411621,12.926710211320318,13.360091209411621,3640800,0.0,0.0
2022-02-17 00:00:00-05:00,13.277898713278946,13.386244314965408,13.143400921556092,13.24800968170166,1720700,0.0,0.0
2022-02-18 00:00:00-05:00,13.158340678313381,13.363822707933558,13.008898424851282,13.06867504119873,1572000,0.0,0.0
2022-02-22 00:00:00-05:00,13.016372381033438,13.15087014168822,12.75858595656987,12.81462574005127,1434900,0.0,0.0
2022-02-23 00:00:00-05:00,13.04626548698341,13.04626548698341,12.515747901803067,12.568052291870117,1577000,0.0,0.0
2022-02-24 00:00:00-05:00,12.239273014564521,12.934177057413203,12.08983218907049,12.896817207336426,3294500,0.0,0.0
2022-02-25 00:00:00-05:00,12.96406778175356,13.266686312640724,12.941651013648649,13.262950897216797,3025900,0.0,0.0
2022-02-28 00:00:00-05:00,13.068682998863565,13.315261869589753,12.98648956689223,13.218125343322754,2752400,0.0,0.0
2022-03-01 00:00:00-05:00,13.255483764840113,13.277900541609808,12.881879369804526,13.106042861938477,3563100,0.0,0.0
2022-03-02 00:00:00-05:00,13.19570075100058,13.43480722041149,13.15086864428278,13.404919624328613,2241600,0.0,0.0
2022-03-03 00:00:00-05:00,13.48734332626486,13.637203268224823,13.247568562465181,13.427399635314941,2078700,0.05,0.0
2022-03-04 00:00:00-05:00,13.240076551262963,13.251315547658551,12.925371789652432,13.210103988647461,4214100,0.0,0.0
2022-03-07 00:00:00-05:00,13.172638937307214,13.232582629830839,12.535736311012224,12.580695152282715,2712400,0.0,0.0
2022-03-08 00:00:00-05:00,12.67061009225407,13.180132197945554,12.490779013040083,13.015287399291992,1966900,0.0,0.0
2022-03-09 00:00:00-05:00,13.307519357928488,13.461125237316697,13.187631912024086,13.2550687789917,1548600,0.0,0.0
2022-03-10 00:00:00-05:00,13.022777369882455,13.487342000973076,12.962833684822716,13.479848861694336,1563300,0.0,0.0
2022-03-11 00:00:00-05:00,13.487346266853171,13.764586791173567,13.472359983555714,13.539796829223633,2488400,0.0,0.0
2022-03-14 00:00:00-04:00,13.63720474286,13.712133292771924,13.29252741074914,13.367457389831543,1873400,0.0,0.0
2022-03-15 00:00:00-04:00,13.539792074802916,13.584749479738113,13.258805792910206,13.419904708862305,1734100,0.0,0.0
2022-03-16 00:00:00-04:00,13.614725245820114,13.629711527388617,13.172639943742645,13.577260971069336,2417500,0.0,0.0
2022-03-17 00:00:00-04:00,13.56227169600386,13.704638481140138,13.487341733870547,13.704638481140137,1772700,0.0,0.0
2022-03-18 00:00:00-04:00,13.719626153907829,13.85075397192147,13.577260768641063,13.824528694152832,5155300,0.0,0.0
2022-03-21 00:00:00-04:00,13.757087351543216,13.809537889901868,13.46486067770646,13.56976318359375,2133000,0.0,0.0
2022-03-22 00:00:00-04:00,13.727118770544562,13.854499298773934,13.532301408007266,13.592245101928711,1956800,0.0,0.0
2022-03-23 00:00:00-04:00,13.487346188205589,13.599740453939843,13.187627669857369,13.195120811462402,1348500,0.0,0.0
2022-03-24 00:00:00-04:00,13.225096202930054,13.32250564595931,13.120195045056473,13.2550687789917,1396300,0.0,0.0
2022-03-25 00:00:00-04:00,13.329993761037658,13.539795997633826,13.329993761037658,13.532302856445312,1672700,0.0,0.0
2022-03-28 00:00:00-04:00,13.5472874811497,13.637203735238979,13.442386375687521,13.487343788146973,2186200,0.0,0.0
2022-03-29 00:00:00-04:00,13.667173462627112,13.974385036341316,13.562272367945253,13.899455070495605,4061100,0.0,0.0
2022-03-30 00:00:00-04:00,13.936921517945919,13.936921517945919,13.704639897578407,13.764583587646484,1634200,0.0,0.0
2022-03-31 00:00:00-04:00,13.764587557817954,13.891968114599758,13.464867591857912,13.46486759185791,2302000,0.0,0.0
2022-04-01 00:00:00-04:00,13.622655626679736,13.657971506452238,13.352157083708324,13.585086822509766,2201600,0.05,0.0
2022-04-04 00:00:00-04:00,13.5475218892281,13.585090704132483,13.17182800755059,13.502437591552734,1455900,0.0,0.0
2022-04-05 00:00:00-04:00,13.517461841643044,13.615143025632925,12.983977369488205,13.051602363586426,1436600,0.0,0.0
2022-04-06 00:00:00-04:00,12.968947787052716,13.006516586950276,12.62330880873219,12.675907135009766,1680500,0.0,0.0
2022-04-07 00:00:00-04:00,12.675907770407829,12.728504666164048,12.303970326883542,12.420435905456543,2470700,0.0,0.0
2022-04-08 00:00:00-04:00,12.4204413979681,12.47303831698349,12.23259443967967,12.240108489990234,1641300,0.0,0.0
2022-04-11 00:00:00-04:00,12.247615869269652,12.506845478065816,12.195018972748093,12.315240859985352,2866100,0.0,0.0
2022-04-12 00:00:00-04:00,12.382867805195787,12.66839590732009,12.371597449350253,12.533145904541016,1301400,0.0,0.0
2022-04-13 00:00:00-04:00,12.59325477776874,13.205635996697273,12.585740730726668,13.171823501586914,2433500,0.0,0.0
2022-04-14 00:00:00-04:00,13.231937594580426,13.540006430850399,13.231937594580426,13.277020454406738,2703400,0.0,0.0
2022-04-18 00:00:00-04:00,13.149281750844501,13.46486457019109,13.111712947676708,13.26198959350586,1466500,0.0,0.0
2022-04-19 00:00:00-04:00,13.307076308349568,13.61514660305342,13.299563692060707,13.547521591186523,2206200,0.0,0.0
2022-04-20 00:00:00-04:00,13.705312631616613,14.043437698389743,13.491167233713105,13.502437591552734,2712300,0.0,0.0
2022-04-21 00:00:00-04:00,13.735363371037092,13.855585250739827,13.314585358919665,13.367183685302734,3872600,0.0,0.0
2022-04-22 00:00:00-04:00,13.494920538585575,13.757906483862826,13.412268877558745,13.52497673034668,2428100,0.0,0.0
2022-04-25 00:00:00-04:00,13.524976068767177,13.656468318394754,13.32585882414312,13.630169868469238,1382000,0.0,0.0
2022-04-26 00:00:00-04:00,13.570055551860142,13.682763371151733,13.40850715205105,13.479889869689941,2005700,0.0,0.0
2022-04-27 00:00:00-04:00,13.479893032585315,13.945752510474277,13.389725896100797,13.73536491394043,2298800,0.0,0.0
2022-04-28 00:00:00-04:00,13.833042455108528,14.009618959557903,13.562542522021445,13.938236236572266,2398300,0.0,0.0
2022-04-29 00:00:00-04:00,13.878132914363016,13.938243884347123,13.239454395716345,13.292051315307617,3981300,0.0,0.0
2022-05-02 00:00:00-04:00,13.337258968312069,13.435215600971526,12.896450528293435,13.186554908752441,2422200,0.05,0.0
2022-05-03 00:00:00-04:00,13.186554464091811,13.318419433844577,12.930358433811826,13.156413078308105,2286400,0.0,0.0
2022-05-04 00:00:00-04:00,13.186553755786983,13.269441125019569,12.80225973100904,13.141343116760254,2110400,0.0,0.0
2022-05-05 00:00:00-04:00,13.201625487432214,13.27320912462975,12.504621014551343,12.696768760681152,2959500,0.0,0.0
2022-05-06 00:00:00-04:00,12.508389406478821,12.922823410835782,12.282333319103776,12.696768760681152,1968500,0.0,0.0
2022-05-09 00:00:00-04:00,12.636490309339932,12.689236310601578,11.898042698625042,11.980929374694824,2427900,0.0,0.0
2022-05-10 00:00:00-04:00,12.184376675998097,12.606346026598349,12.101489300315393,12.470712661743164,2696900,0.0,0.0
2022-05-11 00:00:00-04:00,12.561132082473424,12.696765411678614,12.026134828909642,12.22204875946045,2607900,0.0,0.0
2022-05-12 00:00:00-04:00,12.154233224421622,12.214514549979553,11.769939953642332,12.139163970947266,2788200,0.0,0.0
2022-05-13 00:00:00-04:00,12.244657404267022,12.387826108646301,12.090186399117389,12.365220069885254,2821000,0.0,0.0
2022-05-16 00:00:00-04:00,12.417966000647844,12.463178077966804,12.20698205537404,12.297403335571289,1630300,0.0,0.0
2022-05-17 00:00:00-04:00,12.433036777141103,12.806028512832288,12.372755444195294,12.719372749328613,1847800,0.0,0.0
2022-05-18 00:00:00-04:00,12.772118318273263,12.926589301338675,12.25972634404064,12.342612266540527,1904500,0.0,0.0
2022-05-19 00:00:00-04:00,12.199445702411296,12.448106358263844,12.142931329036537,12.229585647583008,1799500,0.0,0.0
2022-05-20 00:00:00-04:00,12.395359969378633,12.4254999135609,11.476067957686691,11.694588661193848,2519400,0.0,0.0
2022-05-23 00:00:00-04:00,11.815150774041072,11.898037413291036,11.581560109085645,11.769939422607422,1986800,0.0,0.0
2022-05-24 00:00:00-04:00,11.694592392408275,11.694592392408275,11.250016935419643,11.558959007263184,2335600,0.0,0.0
2022-05-25 00:00:00-04:00,11.551418509857754,12.011063738834698,11.506207880704608,11.94324779510498,1900900,0.0,0.0
2022-05-26 00:00:00-04:00,12.048742001948119,12.47071130669794,11.995996018506924,12.380290031433105,1952800,0.0,0.0
2022-05-27 00:00:00-04:00,12.546066411928537,12.757051834782873,12.440574419111675,12.749516487121582,2071900,0.0,0.0
2022-05-31 00:00:00-04:00,12.726905686888998,12.726905686888998,12.372753102512277,12.591272354125977,1584600,0.0,0.0
2022-06-01 00:00:00-04:00,12.681971570206274,13.037187165323733,12.36454434678051,12.95405101776123,2126600,0.05,0.0
2022-06-02 00:00:00-04:00,12.886030609314897,13.037186976965765,12.734875683197988,12.96916675567627,2244100,0.0,0.0
2022-06-03 00:00:00-04:00,12.840681910610261,12.991838250420845,12.751499987259427,12.81045150756836,1620900,0.0,0.0
2022-06-06 00:00:00-04:00,12.961605658692955,13.048520044537199,12.704640760747532,12.991837501525879,1759900,0.0,0.0
2022-06-07 00:00:00-04:00,12.863352910819785,13.165664081146526,12.77265883895508,13.135432243347168,1684900,0.0,0.0
2022-06-08 00:00:00-04:00,13.074965863426112,13.074965863426112,12.867127089824555,12.916253089904785,1139500,0.0,0.0
2022-06-09 00:00:00-04:00,12.848239441425527,12.908701687017949,12.545928213463421,12.56860065460205,1792300,0.0,0.0
2022-06-10 00:00:00-04:00,12.304080271622187,12.474129360677162,11.933748085091917,11.986652374267578,2645100,0.0,0.0
2022-06-13 00:00:00-04:00,11.58608862901876,11.646550873701473,11.125063833121372,11.17041015625,2760600,0.0,0.0
2022-06-14 00:00:00-04:00,11.162854218992743,11.351798935868583,11.004140627986361,11.200642585754395,1509800,0.0,0.0
2022-06-15 00:00:00-04:00,11.450046452825442,11.937524036287202,11.366911059395544,11.699453353881836,2140700,0.0,0.0
2022-06-16 00:00:00-04:00,11.586089981165165,11.646552232904082,11.121286150634653,11.200642585754395,2833100,0.0,0.0
2022-06-17 00:00:00-04:00,11.283777562798866,11.366912970204048,11.000360516612828,11.11750602722168,3293000,0.0,0.0
2022-06-21 00:00:00-04:00,11.261101778750247,11.593644793755777,11.083494052604891,11.215755462646484,1955700,0.0,0.0
2022-06-22 00:00:00-04:00,11.041927691176086,11.348018615331071,11.034370451176075,11.072158813476562,2678500,0.0,0.0
2022-06-23 00:00:00-04:00,11.072160983440412,11.11750803616182,10.80008082941283,10.913447380065918,2111500,0.0,0.0
2022-06-24 00:00:00-04:00,11.041930268752584,11.480282004819674,10.958794843211232,11.329126358032227,3549000,0.0,0.0
2022-06-27 00:00:00-04:00,11.412258478500986,11.533182953273084,11.196860946950622,11.34423828125,1319900,0.0,0.0
2022-06-28 00:00:00-04:00,11.45004596489768,11.756136829232371,11.276217225833534,11.336679458618164,1828600,0.0,0.0
2022-06-29 00:00:00-04:00,11.253544962798548,11.336680359290657,10.921001935296655,11.140177726745605,1809500,0.0,0.0
2022-06-30 00:00:00-04:00,10.928564741841022,11.287560067400948,10.807640213036388,11.087278366088867,1911300,0.0,0.0
2022-07-01 00:00:00-04:00,11.064523505853256,11.345117912166907,11.041772803512092,11.216196060180664,1971700,0.05,0.0
2022-07-05 00:00:00-04:00,10.950768621078367,11.333742275341713,10.874932705022287,11.299615859985352,1591800,0.0,0.0
2022-07-06 00:00:00-04:00,11.292033008733162,11.447497471587566,10.94697766696053,11.117609024047852,1342800,0.0,0.0
2022-07-07 00:00:00-04:00,11.238946986307461,11.553667814015352,11.238946986307461,11.504374504089355,1701800,0.0,0.0
2022-07-08 00:00:00-04:00,11.565046349140411,11.572630159666343,11.216199020499356,11.420957565307617,1271300,0.0,0.0
2022-07-11 00:00:00-04:00,11.337536574993708,11.428540127427064,11.178280177427345,11.375454902648926,748300,0.0,0.0
2022-07-12 00:00:00-04:00,11.322367435272412,11.618128741291995,11.322367435272412,11.504374504089355,1267100,0.0,0.0
2022-07-13 00:00:00-04:00,11.30720202601321,11.584004587630808,11.261700611539274,11.519543647766113,1234600,0.0,0.0
2022-07-14 00:00:00-04:00,11.284449115127597,11.633296358642642,11.284449115127597,11.504374504089355,1716500,0.0,0.0
2022-07-15 00:00:00-04:00,11.693968486627575,11.792555855888823,11.496793748105079,11.762221336364746,1453300,0.0,0.0
2022-07-18 00:00:00-04:00,11.906307833033758,12.05039731548049,11.735676464744971,11.891140937805176,1544300,0.0,0.0
2022-07-19 00:00:00-04:00,12.095901815136397,12.224824435296785,12.020065873152218,12.148987770080566,1934700,0.0,0.0
2022-07-20 00:00:00-04:00,12.171734188966502,12.391660308975602,12.01247854051604,12.368908882141113,1335500,0.0,0.0
2022-07-21 00:00:00-04:00,12.20964966254762,12.30065245034129,11.944222212966823,12.224817276000977,1209400,0.0,0.0
2022-07-22 00:00:00-04:00,12.346159281599032,12.399244499382348,11.906307751280655,11.951809883117676,1008600,0.0,0.0
2022-07-25 00:00:00-04:00,11.98214249420213,12.205859043583297,11.921473476873043,12.09589672088623,1122600,0.0,0.0
2022-07-26 00:00:00-04:00,12.06556224822998,12.202067899243676,12.02006084671324,12.06556224822998,1001300,0.0,0.0
2022-07-27 00:00:00-04:00,12.239985399071541,12.36890724110169,12.156566404673303,12.338573455810547,785400,0.0,0.0
2022-07-28 00:00:00-04:00,12.475081280973553,12.566084099177981,12.293072751637268,12.558500289916992,870400,0.0,0.0
2022-07-29 00:00:00-04:00,12.558502289748912,12.770844643479101,12.459915646584435,12.649506568908691,1038900,0.0,0.0
2022-08-01 00:00:00-04:00,12.550624526840824,12.710359051701227,12.4061017775768,12.573444366455078,970300,0.05,0.0
2022-08-02 00:00:00-04:00,12.550618094653727,12.641895955517745,12.375670433044434,12.375670433044434,816100,0.0,0.0
2022-08-03 00:00:00-04:00,12.474557320551508,12.75599614890697,12.444132324704144,12.55062198638916,1226500,0.0,0.0
2022-08-04 00:00:00-04:00,12.596264300222032,12.634297370910645,12.42131652749431,12.634297370910645,1444000,0.0,0.0
2022-08-05 00:00:00-04:00,12.520192184816256,12.786417718503786,12.371866924125152,12.44412899017334,1237500,0.0,0.0
2022-08-08 00:00:00-04:00,12.565830743782783,12.641895382586819,12.379472451253513,12.52779769897461,1377000,0.0,0.0
2022-08-09 00:00:00-04:00,12.512587754746525,12.535406134143388,12.314820245369411,12.497374534606934,1390000,0.0,0.0
2022-08-10 00:00:00-04:00,12.733172972227532,12.778811179427734,12.577241101048761,12.6190767288208,1230600,0.0,0.0
2022-08-11 00:00:00-04:00,12.839660672009263,12.885300323147504,12.71035122874204,12.76359748840332,1352700,0.0,0.0
2022-08-12 00:00:00-04:00,12.930944145296202,13.128711700439453,12.904321729297386,13.128711700439453,1576900,0.0,0.0
2022-08-15 00:00:00-04:00,13.052639548294751,13.226066716622723,13.029819725889904,13.121097564697266,1200400,0.0,0.0
2022-08-16 00:00:00-04:00,13.08307348027189,13.197169756097226,12.99559816963251,13.128711700439453,1051900,0.0,0.0
2022-08-17 00:00:00-04:00,13.022219842433739,13.159134479868765,12.968973568594288,13.045038223266602,1047200,0.0,0.0
2022-08-18 00:00:00-04:00,13.037429594036743,13.398735559677105,13.022217826107722,13.197165489196777,1799500,0.0,0.0
2022-08-19 00:00:00-04:00,13.121102910348762,13.151529352617889,12.759796887872286,12.90051555633545,1556200,0.0,0.0
2022-08-22 00:00:00-04:00,12.68753503840581,12.862482712119894,12.62668361055689,12.77881145477295,946500,0.0,0.0
2022-08-23 00:00:00-04:00,12.786416271560629,12.877694125940312,12.581043638127824,12.588648796081543,1292700,0.0,0.0
2022-08-24 00:00:00-04:00,12.626686599433937,12.801634314560088,12.581048380447294,12.695144653320312,1155900,0.0,0.0
2022-08-25 00:00:00-04:00,12.733172611838437,12.87769528982982,12.733172611838437,12.862482070922852,1222000,0.0,0.0
2022-08-26 00:00:00-04:00,12.832058574130079,12.9005151655366,12.421310320815492,12.428916931152344,1048500,0.0,0.0
2022-08-29 00:00:00-04:00,12.421311313273243,12.45934291718364,12.212134590140677,12.284395217895508,638300,0.0,0.0
2022-08-30 00:00:00-04:00,12.352850631385445,12.398488836508283,12.151280562181555,12.193116188049316,935400,0.0,0.0
2022-08-31 00:00:00-04:00,12.246360784811944,12.269179161561569,12.079019009721637,12.101838111877441,1239600,0.0,0.0
2022-09-01 00:00:00-04:00,11.94903626998491,12.002516377016978,11.76949466161415,11.918476104736328,1157100,0.07,0.0
2022-09-02 00:00:00-04:00,12.06364059003798,12.159141228251901,11.761858952160257,11.788599014282227,1570300,0.0,0.0
2022-09-06 00:00:00-04:00,11.826797145371987,11.891737600038686,11.631976509983842,11.834437370300293,1416200,0.0,0.0
2022-09-07 00:00:00-04:00,11.834439538463526,12.185881934821177,11.811519588091441,12.124761581420898,1794800,0.0,0.0
2022-09-08 00:00:00-04:00,12.002517720917657,12.182822934656297,11.918477439227166,12.094198226928711,962500,0.0,0.0
2022-09-09 00:00:00-04:00,12.247001093736461,12.430362125144859,12.162960074548632,12.346321105957031,1209300,0.0,0.0
2022-09-12 00:00:00-04:00,12.438004802212754,12.567885740550498,12.407443895674824,12.560245513916016,765600,0.0,0.0
2022-09-13 00:00:00-04:00,12.185878049913832,12.323398436916364,12.010157272061546,12.109477996826172,1487800,0.0,0.0
2022-09-14 00:00:00-04:00,12.132402341174588,12.26610339334567,12.017801127051325,12.247003555297852,2054200,0.0,0.0
2022-09-15 00:00:00-04:00,12.277563441407567,12.346324026604721,12.010162056166813,12.033082008361816,1590500,0.0,0.0
2022-09-16 00:00:00-04:00,11.926120678366207,12.155322379642762,11.761860175586598,12.040721893310547,2889300,0.0,0.0
2022-09-19 00:00:00-04:00,11.895557687034248,12.140039783932945,11.864997515998404,12.132399559020996,1360200,0.0,0.0
2022-09-20 00:00:00-04:00,12.02544116973877,12.07510191368273,11.933760637010044,12.02544116973877,1473700,0.0,0.0
2022-09-21 00:00:00-04:00,12.15532080050559,12.201161426250447,11.528836863202075,11.536477088928223,1367500,0.0,0.0
2022-09-22 00:00:00-04:00,11.521195706795764,11.536476157013706,11.005492169731713,11.146833419799805,1971500,0.0,0.0
2022-09-23 00:00:00-04:00,10.9634739805339,11.001673654400648,10.703712118012394,10.894713401794434,1907800,0.0,0.0
2022-09-26 00:00:00-04:00,10.818310380675983,10.959651622309861,10.535628626020154,10.604389190673828,2440200,0.0,0.0
2022-09-27 00:00:00-04:00,10.757194207411345,11.00931588972472,10.627313252448431,10.72663402557373,1779400,0.0,0.0
2022-09-28 00:00:00-04:00,10.810671441654758,11.234694488370339,10.74955109438556,11.169754028320312,1948500,0.0,0.0
2022-09-29 00:00:00-04:00,10.971110574683804,11.036051023127976,10.570008276336312,10.803030014038086,1872100,0.0,0.0
2022-09-30 00:00:00-04:00,10.833592411507322,11.001673006740038,10.718991210817343,10.741911888122559,2915000,0.0,0.0
2022-10-03 00:00:00-04:00,10.972260060090838,11.056720860846987,10.757268464911188,10.918512344360352,2338000,0.07,0.0
2022-10-04 00:00:00-04:00,11.110471737565598,11.4099241989612,11.110471737565598,11.402246475219727,2636100,0.0,0.0
2022-10-05 00:00:00-04:00,11.2256423069514,11.432956163674609,11.18341154378386,11.425277709960938,1827000,0.0,0.0
2022-10-06 00:00:00-04:00,11.417599675674133,11.555808918566736,11.333138878494026,11.448312759399414,1690800,0.0,0.0
2022-10-07 00:00:00-04:00,11.340817768457427,11.444473972353991,11.210286974542651,11.287069320678711,1677800,0.0,0.0
2022-10-10 00:00:00-04:00,11.356173527406316,11.436795829982415,11.16805579773899,11.202608108520508,1389200,0.0,0.0
2022-10-11 00:00:00-04:00,11.240997746338094,11.440632391018294,11.072075447986334,11.356171607971191,1187000,0.0,0.0
2022-10-12 00:00:00-04:00,11.317787575183717,11.62875852568799,11.201078092135019,11.540457725524902,1489600,0.0,0.0
2022-10-13 00:00:00-04:00,11.356171755490466,11.897490230261479,11.164214828770033,11.83222484588623,1398600,0.0,0.0
2022-10-14 00:00:00-04:00,12.024184589584214,12.147036934305433,11.605718332716478,11.694018363952637,2153200,0.0,0.0
2022-10-17 00:00:00-04:00,11.978115585187984,12.147037196699754,11.970437130412607,12.139359474182129,2585200,0.0,0.0
2022-10-18 00:00:00-04:00,12.315958863084417,12.500237363055051,12.312118903878487,12.362028121948242,3730300,0.0,0.0
2022-10-19 00:00:00-04:00,12.23917505637682,12.550145116609473,12.116322723063062,12.362028121948242,1686600,0.0,0.0
2022-10-20 00:00:00-04:00,12.446488390325392,12.722906877081682,12.235336762762175,12.323636054992676,2463600,0.0,0.0
2022-10-21 00:00:00-04:00,12.40809799545651,12.65380267425519,12.296762605214795,12.630768775939941,1879800,0.0,0.0
2022-10-24 00:00:00-04:00,12.669159582808957,12.795851881604442,12.58853800967478,12.630768775939941,2014500,0.0,0.0
2022-10-25 00:00:00-04:00,12.623091657255364,12.911027132784355,12.501006711011835,12.80737018585205,1223400,0.0,0.0
2022-10-26 00:00:00-04:00,12.891831937815786,12.98397047136078,12.75362267298271,12.768978118896484,1354100,0.0,0.0
2022-10-27 00:00:00-04:00,12.930219962753764,13.091463093965439,12.799689181266341,12.845758438110352,1061000,0.0,0.0
2022-10-28 00:00:00-04:00,12.884152170432284,13.099143036485545,12.761299828540297,13.03771686553955,1198000,0.0,0.0
2022-10-31 00:00:00-04:00,12.991644147343166,13.22583181943582,12.968608790173134,13.145210266113281,1716700,0.0,0.0
2022-11-01 00:00:00-04:00,13.307214659710263,13.361214715660413,13.079641944355224,13.260929107666016,994500,0.08,0.0
2022-11-02 00:00:00-04:00,13.122066883059214,13.137495886053646,12.470206956146935,12.50492000579834,2104100,0.0,0.0
2022-11-03 00:00:00-04:00,12.35063538593815,12.52035001838996,11.984204627921612,12.404635429382324,1924700,0.0,0.0
2022-11-04 00:00:00-04:00,12.535778011787205,12.740207151595937,12.381490924624307,12.50492000579834,1876100,0.0,0.0
2022-11-07 00:00:00-05:00,12.574351637025,12.674638705747869,12.288922379809788,12.497209548950195,1637000,0.0,0.0
2022-11-08 00:00:00-05:00,12.535779340572631,12.578208367609415,11.926347635904918,12.165492057800293,2673300,0.0,0.0
2022-11-09 00:00:00-05:00,12.103776683120104,12.26963480315563,11.918633043138998,11.957204818725586,1732100,0.0,0.0
2022-11-10 00:00:00-05:00,12.420065695091049,12.848211042156533,12.35835114325942,12.605209350585938,1833600,0.0,0.0
2022-11-11 00:00:00-05:00,12.690066393824031,12.79420849618616,12.582064833233414,12.705493927001953,1260800,0.0,0.0
2022-11-14 00:00:00-05:00,12.612922460083656,12.736351550111161,12.489493370056152,12.489493370056152,998000,0.0,0.0
2022-11-15 00:00:00-05:00,12.751784051264195,12.828926150143738,12.466353282679739,12.5512113571167,1101500,0.0,0.0
2022-11-16 00:00:00-05:00,12.450922803736624,12.551209874660817,12.358351707458496,12.358351707458496,1084500,0.0,0.0
2022-11-17 00:00:00-05:00,12.180921286231865,12.3699221936632,12.15006401023686,12.319779396057129,1256000,0.0,0.0
2022-11-18 00:00:00-05:00,12.61292284237098,12.728637433855127,12.466350241749266,12.705493927001953,1707300,0.0,0.0
2022-11-21 00:00:00-05:00,12.682355159790003,12.74406972257815,12.554297037372004,12.674640655517578,934400,0.0,0.0
2022-11-22 00:00:00-05:00,12.828926052750175,13.021784241267348,12.705496929810481,12.990927696228027,1532200,0.0,0.0
2022-11-23 00:00:00-05:00,12.906069603381779,13.068071246620466,12.805783992913035,12.813498497009277,918800,0.0,0.0
2022-11-25 00:00:00-05:00,12.821209591645394,12.963924200996711,12.751780544633226,12.898351669311523,501900,0.0,0.0
2022-11-28 00:00:00-05:00,12.782639656461967,12.92149777845903,12.728639602661133,12.728639602661133,1356600,0.0,0.0
2022-11-29 00:00:00-05:00,12.805786353260503,12.998644577040356,12.717071746888747,12.97550106048584,1591700,0.0,0.0
2022-11-30 00:00:00-05:00,12.898357234130627,13.16064453125,12.774928090944032,13.16064453125,3134600,0.0,0.0
2022-12-01 00:00:00-05:00,13.214895462097047,13.331156727337229,13.044381206507323,13.176142692565918,1134900,0.08,0.0
2022-12-02 00:00:00-05:00,13.028878430519438,13.145138207827268,12.990125664191252,13.067632675170898,859700,0.0,0.0
2022-12-05 00:00:00-05:00,12.966875234287132,13.03663140772442,12.815737351280847,12.873867988586426,1603200,0.0,0.0
2022-12-06 00:00:00-05:00,12.92812408779426,12.997880270005817,12.819615128053483,12.935874938964844,1567400,0.0,0.0
2022-12-07 00:00:00-05:00,12.935872415651541,13.087010288187237,12.811861777759514,12.850614547729492,1740000,0.0,0.0
2022-12-08 00:00:00-05:00,12.966873458735959,13.19164364866138,12.966873458735959,13.137389183044434,1399900,0.0,0.0
2022-12-09 00:00:00-05:00,13.075385218933476,13.19164501131091,13.005629047842325,13.02888011932373,1508100,0.0,0.0
2022-12-12 00:00:00-05:00,13.067636979583416,13.226525739183357,12.99012994307335,13.222649574279785,1574300,0.0,0.0
2022-12-13 00:00:00-05:00,13.563674827439499,13.6411818364038,13.168390412212474,13.276899337768555,1914700,0.0,0.0
2022-12-14 00:00:00-05:00,13.238145290000665,13.269148681912222,12.8196098474563,12.904866218566895,1641400,0.0,0.0
2022-12-15 00:00:00-05:00,12.749858473959497,12.85836742968427,12.590969726652371,12.625847816467285,1285300,0.0,0.0
2022-12-16 00:00:00-05:00,12.424326823587279,12.633593828488028,12.277063652615952,12.571588516235352,2644400,0.0,0.0
2022-12-19 00:00:00-05:00,12.594844712701923,12.629722803346967,12.366199780323003,12.486335754394531,982700,0.0,0.0
2022-12-20 00:00:00-05:00,12.432078143895138,12.532836225755762,12.389448473757458,12.39332389831543,987500,0.0,0.0
2022-12-21 00:00:00-05:00,12.377824268192159,12.447579700239972,11.920534469517774,12.029044151306152,1850100,0.0,0.0
2022-12-22 00:00:00-05:00,11.881779412513126,12.066245330131725,11.8546521803871,12.06004524230957,1301700,0.0,0.0
2022-12-23 00:00:00-05:00,12.06779522327967,12.292564665989717,11.98641352777024,12.269312858581543,845600,0.0,0.0
2022-12-27 00:00:00-05:00,12.315815038447507,12.362318645054573,12.234432618142893,12.331315994262695,1225200,0.0,0.0
2022-12-28 00:00:00-05:00,12.339070473843883,12.408826643449203,12.044544835044592,12.052295684814453,1505600,0.0,0.0
2022-12-29 00:00:00-05:00,12.177596450279156,12.295064926147461,12.122777180940437,12.295064926147461,864400,0.16,0.0
2022-12-30 00:00:00-05:00,12.138438883466133,12.396870103172871,12.114945339905416,12.35771369934082,1389900,0.0,0.0
2023-01-03 00:00:00-05:00,12.506508040882654,12.553495875437786,12.044464112950067,12.130607604980469,1335400,0.0,0.0
2023-01-04 00:00:00-05:00,12.310726612219385,12.530001428094073,12.240245234690951,12.35771369934082,1394400,0.0,0.0
2023-01-05 00:00:00-05:00,12.326385060602945,12.326385060602945,12.00530398897145,12.0601224899292,1378800,0.0,0.0
2023-01-06 00:00:00-05:00,12.099283357614055,12.33422105080824,12.099283357614055,12.193258285522461,1232600,0.0,0.0
2023-01-09 00:00:00-05:00,12.169762398373912,12.287230848942844,12.154100286826278,12.232412338256836,1308800,0.0,0.0
2023-01-10 00:00:00-05:00,12.193256819062768,12.537832260131836,12.169763276622774,12.537832260131836,1154100,0.0,0.0
2023-01-11 00:00:00-05:00,12.576991609255682,13.007711410522461,12.576991609255682,13.007711410522461,2216000,0.0,0.0
2023-01-12 00:00:00-05:00,12.999877988585393,13.179996417368105,12.97638369599485,13.078190803527832,1328800,0.0,0.0
2023-01-13 00:00:00-05:00,12.992045336266333,13.039032423337192,12.85108258136119,12.913732528686523,942500,0.0,0.0
2023-01-17 00:00:00-05:00,12.97638050452259,13.13300609588623,12.960717646647758,13.13300609588623,870600,0.0,0.0
2023-01-18 00:00:00-05:00,13.10168014195953,13.140837285934767,12.819756173799385,12.898067474365234,1135200,0.0,0.0
2023-01-19 00:00:00-05:00,12.804095118192906,12.960719235059402,12.80096284497253,12.94505786895752,717400,0.0,0.0
2023-01-20 00:00:00-05:00,13.031202207907889,13.266140652547001,12.851083779269462,13.25047779083252,1136600,0.0,0.0
2023-01-23 00:00:00-05:00,13.273971474606563,13.516739845275879,13.20740506221937,13.516739845275879,906000,0.0,0.0
2023-01-24 00:00:00-05:00,13.501075366660924,13.555893879886678,13.313125538304426,13.532401084899902,774400,0.0,0.0
2023-01-25 00:00:00-05:00,13.469752015168453,13.626376135437704,13.422763434764379,13.602883338928223,1188100,0.0,0.0
2023-01-26 00:00:00-05:00,13.681195115940703,13.767339355908812,13.540233851028262,13.67336368560791,914000,0.0,0.0
2023-01-27 00:00:00-05:00,13.657701077432218,13.857397304846039,13.657701077432218,13.806493759155273,1198300,0.0,0.0
2023-01-30 00:00:00-05:00,13.751424483052347,13.84268196641818,13.62555343747988,13.688488960266113,1330600,0.08,0.0
2023-01-31 00:00:00-05:00,13.712088472222893,14.014966103193798,13.649152958027706,13.94809627532959,1403000,0.0,0.0
2023-02-01 00:00:00-05:00,13.908764640054718,14.172306684180132,13.778959274678591,14.058237075805664,1387600,0.0,0.0
2023-02-02 00:00:00-05:00,14.160507886372857,14.33358022035913,14.022836882122574,14.168375015258789,1644500,0.0,0.0
2023-02-03 00:00:00-05:00,14.034636766914783,14.16050782756413,13.971701236590109,14.026769638061523,1225100,0.0,0.0
2023-02-06 00:00:00-05:00,13.90876081644268,14.003163328490443,13.696352913583901,13.814356803894043,1146100,0.0,0.0
2023-02-07 00:00:00-05:00,13.727825685808378,14.011034810500064,13.657023029510121,13.971700668334961,3289000,0.0,0.0
2023-02-08 00:00:00-05:00,13.814365243750252,14.042507538166985,13.692428466149812,13.775031089782715,1642400,0.0,0.0
2023-02-09 00:00:00-05:00,13.845829051841699,13.916631705271389,13.617686835123527,13.657022476196289,1357200,0.0,0.0
2023-02-10 00:00:00-05:00,13.609823593706762,13.641292115551995,13.354148605971956,13.4131498336792,1791600,0.0,0.0
2023-02-13 00:00:00-05:00,13.413147670375874,13.822229385375977,13.358079266529987,13.822229385375977,1686900,0.0,0.0
2023-02-14 00:00:00-05:00,13.735692608016473,13.995303372571486,13.649157186999618,13.845830917358398,1674200,0.0,0.0
2023-02-15 00:00:00-05:00,13.759292812168848,13.991367854047539,13.751425683571103,13.92449951171875,1169900,0.0,0.0
2023-02-16 00:00:00-05:00,13.680623254472525,13.78289442744463,13.456415337458559,13.51541805267334,1869600,0.0,0.0
2023-02-17 00:00:00-05:00,13.539016639210745,13.554750895158412,13.295141674026866,13.381678581237793,1415900,0.0,0.0
2023-02-21 00:00:00-05:00,13.2164702419083,13.314807078531134,12.984395247458375,13.114200592041016,1720600,0.0,0.0
2023-02-22 00:00:00-05:00,13.019801424252922,13.259743635176582,12.744459379424072,13.067004203796387,2436600,0.0,0.0
2023-02-23 00:00:00-05:00,13.137804520478323,13.346278174382181,13.000132022210536,13.310876846313477,1107100,0.0,0.0
2023-02-24 00:00:00-05:00,13.137807434043161,13.208610105882446,13.004069220624698,13.12207317352295,1672500,0.0,0.0
2023-02-27 00:00:00-05:00,13.311788186667911,13.40269392186798,13.153690338134766,13.153690338134766,1797400,0.08,0.0
2023-02-28 00:00:00-05:00,13.185310838112603,13.37107558858866,13.043023072448632,13.050928115844727,1949100,0.0,0.0
2023-03-01 00:00:00-05:00,13.129977156575539,13.386884284391131,13.011403012332936,13.295978546142578,2041000,0.0,0.0
2023-03-02 00:00:00-05:00,13.240642814457816,13.371073750968629,13.153688856783942,13.303881645202637,920700,0.0,0.0
2023-03-03 00:00:00-05:00,13.3908349504129,13.517312605739964,13.29992922987986,13.359214782714844,1252300,0.0,0.0
2023-03-06 00:00:00-05:00,13.446169156637248,13.446169156637248,13.145783585042453,13.23273754119873,1144200,0.0,0.0
2023-03-07 00:00:00-05:00,13.248548783445145,13.280167447162814,12.941839754400124,13.035117149353027,1001100,0.0,0.0
2023-03-08 00:00:00-05:00,13.066740398490351,13.141836061773708,12.971881369529113,13.106264114379883,1144700,0.0,0.0
2023-03-09 00:00:00-05:00,13.129974387794913,13.129974387794913,12.458060912285582,12.481775283813477,1387200,0.0,0.0
2023-03-10 00:00:00-05:00,12.450157328590416,12.481776745619484,12.11815307285203,12.260440826416016,2339100,0.0,0.0
2023-03-13 00:00:00-04:00,12.086531300193036,12.256485916300496,11.928434245860359,12.11815071105957,2555800,0.0,0.0
2023-03-14 00:00:00-04:00,12.434348677270878,12.489683228853586,12.07072571643097,12.205107688903809,2319900,0.0,0.0
2023-03-15 00:00:00-04:00,11.896818616622538,12.197203492270747,11.865199195705172,12.110249519348145,2268100,0.0,0.0
2023-03-16 00:00:00-04:00,11.952153493923232,12.224871495125806,11.873105311425773,12.007487297058105,2095300,0.0,0.0
2023-03-17 00:00:00-04:00,12.039102451000112,12.039102451000112,11.59247815438455,11.699193954467773,3404700,0.0,0.0
2023-03-20 00:00:00-04:00,11.809859092918792,12.01143308922463,11.738715994692706,11.9363374710083,1662200,0.0,0.0
2023-03-21 00:00:00-04:00,12.102339284321447,12.181387420849738,11.85333580728541,11.865193367004395,3581600,0.0,0.0
2023-03-22 00:00:00-04:00,11.517384544883557,11.604338515791389,11.145856546179628,11.169570922851562,2801100,0.0,0.0
2023-03-23 00:00:00-04:00,11.201186982673601,11.35137899502675,10.94823169708252,10.94823169708252,1680000,0.0,0.0
2023-03-24 00:00:00-04:00,10.821755331791236,11.169569668634018,10.79804095778216,11.114235877990723,2626300,0.0,0.0
2023-03-27 00:00:00-04:00,11.296046671338441,11.36719054305113,11.161663970073656,11.248617172241211,2169500,0.0,0.0
2023-03-28 00:00:00-04:00,11.122140897930372,11.410668941785415,11.094474000789873,11.39090633392334,2495000,0.0,0.0
2023-03-29 00:00:00-04:00,11.533191182152315,11.801956550263814,11.505524291999581,11.762432098388672,2530700,0.0,0.0
2023-03-30 00:00:00-04:00,12.040598059439986,12.044571945232079,11.873698645878148,11.977017402648926,1691300,0.08,0.0
2023-03-31 00:00:00-04:00,12.096229863382726,12.350552451877773,12.068413425008718,12.334657669067383,1696500,0.0,0.0
2023-04-03 00:00:00-04:00,12.310820873869906,12.485668124974785,12.219423739997026,12.326716423034668,1629000,0.0,0.0
2023-04-04 00:00:00-04:00,12.37439498765345,12.414133081535166,12.104176858787103,12.263129234313965,985400,0.0,0.0
2023-04-05 00:00:00-04:00,12.151865005493164,12.231341208184446,12.07238880280188,12.151865005493164,1329500,0.0,0.0
2023-04-06 00:00:00-04:00,12.263132198473262,12.275053098960443,12.112127556811167,12.207498550415039,1044500,0.0,0.0
2023-04-10 00:00:00-04:00,12.207499902703884,12.318766453204624,12.116102785118294,12.239290237426758,1358600,0.0,0.0
2023-04-11 00:00:00-04:00,12.310814464616957,12.445923530410987,12.286971911224219,12.350552558898926,1719900,0.0,0.0
2023-04-12 00:00:00-04:00,12.47771812681899,12.501560688375804,12.239290237426758,12.239290237426758,2231200,0.0,0.0
2023-04-13 00:00:00-04:00,12.263134472778805,12.509509395795876,12.239291151499922,12.453876495361328,1747800,0.0,0.0
2023-04-14 00:00:00-04:00,12.477718809499429,12.581037592486883,12.298898451127666,12.430033683776855,1492500,0.0,0.0
2023-04-17 00:00:00-04:00,12.430030796393273,12.736012429537015,12.378371037928938,12.724091529846191,3010100,0.0,0.0
2023-04-18 00:00:00-04:00,12.708197597916227,12.799594710862063,12.529377258405853,12.636669158935547,1783200,0.0,0.0
2023-04-19 00:00:00-04:00,12.581037843749677,12.627928647813487,12.346583823430626,12.453876495361328,2039400,0.0,0.0
2023-04-20 00:00:00-04:00,12.38234630868136,12.410162754992655,12.12802364761659,12.247237205505371,3897900,0.0,0.0
2023-04-21 00:00:00-04:00,12.286971787466555,12.286971787466555,12.060465637664205,12.263129234313965,2663000,0.0,0.0
2023-04-24 00:00:00-04:00,12.207496944092592,12.29094702622851,12.0723878647801,12.223392486572266,2703000,0.0,0.0
2023-04-25 00:00:00-04:00,12.128022584954595,12.15981291480221,11.822040186458016,11.873699188232422,1804000,0.0,0.0
2023-04-26 00:00:00-04:00,11.841906422574619,11.97701548612116,11.722692899652893,11.754483222961426,1337200,0.0,0.0
2023-04-27 00:00:00-04:00,11.76247787475586,11.822408824558087,11.67058293885818,11.76247787475586,1923100,0.08,0.0
2023-04-28 00:00:00-04:00,11.722522108038143,12.02617307732403,11.690558888221906,11.898320198059082,1707800,0.0,0.0
2023-05-01 00:00:00-04:00,11.874350387280735,12.090102750287784,11.82640592576593,11.882341384887695,1811000,0.0,0.0
2023-05-02 00:00:00-04:00,11.786450137525426,11.858367582328603,11.550721073809846,11.72252368927002,1928300,0.0,0.0
2023-05-03 00:00:00-04:00,12.042153200820277,12.345804142233263,11.81841068264452,12.05014419555664,2223400,0.0,0.0
2023-05-04 00:00:00-04:00,12.050148411336757,12.261905273554937,11.874350275949277,12.106083869934082,1637600,0.0,0.0
2023-05-05 00:00:00-04:00,12.313842076798368,12.449685951766275,12.174002704088666,12.377768516540527,1332200,0.0,0.0
2023-05-08 00:00:00-04:00,12.393749022529198,12.393749022529198,12.177996742702687,12.249914169311523,1172100,0.0,0.0
2023-05-09 00:00:00-04:00,12.146038409970329,12.445693966608069,12.138047412231419,12.393754005432129,1299300,0.0,0.0
2023-05-10 00:00:00-04:00,12.641465727344714,12.705392169394592,12.3458057423482,12.585530281066895,3754300,0.0,0.0
2023-05-11 00:00:00-04:00,12.369779692378119,12.489642359482138,12.241926790451226,12.297863006591797,1180000,0.0,0.0
2023-05-12 00:00:00-04:00,12.289870804733056,12.35779274748017,12.185990141586684,12.233935356140137,1025500,0.0,0.0
2023-05-15 00:00:00-04:00,12.313843030978116,12.345806253325973,12.150031421187427,12.233935356140137,1392800,0.0,0.0
2023-05-16 00:00:00-04:00,12.170007547078328,12.289870196498201,12.058136655429063,12.177998542785645,1636100,0.0,0.0
2023-05-17 00:00:00-04:00,12.273890015932949,12.409733914746125,12.178000339487777,12.297863006591797,1108200,0.0,0.0
2023-05-18 00:00:00-04:00,12.241925590179603,12.43770042231815,12.11407270078817,12.233935356140137,2161900,0.0,0.0
2023-05-19 00:00:00-04:00,12.345805512601078,12.39375072427791,12.042953941870893,12.146035194396973,1651900,0.0,0.0
2023-05-22 00:00:00-04:00,12.162020407113534,12.18599263827006,11.910309312747813,11.986222267150879,1304000,0.0,0.0
2023-05-23 00:00:00-04:00,12.018181569065336,12.034163559323174,11.854369979238685,11.914300918579102,1429200,0.0,0.0
2023-05-24 00:00:00-04:00,11.874349368780495,11.922294588246363,11.626634560719838,11.66658878326416,1523200,0.0,0.0
2023-05-25 00:00:00-04:00,11.626632849077653,11.666587065740021,11.35894058812208,11.61864185333252,2253100,0.0,0.0
2023-05-26 00:00:00-04:00,11.594670295715332,11.65859674123032,11.522752853995135,11.594670295715332,2029400,0.0,0.0
2023-05-30 00:00:00-04:00,11.650917354019452,11.735285698074993,11.59467179131576,11.68305778503418,1583500,0.08,0.0
2023-05-31 00:00:00-04:00,11.691091768412445,11.73126749423076,11.550477111192455,11.675021171569824,1965200,0.0,0.0
2023-06-01 00:00:00-04:00,11.755372728721296,11.891969737956709,11.658951445664812,11.867864608764648,1315900,0.0,0.0
2023-06-02 00:00:00-04:00,12.07677493850654,12.402197575196869,12.044634516322224,12.349968910217285,1829800,0.0,0.0
2023-06-05 00:00:00-04:00,12.277656314838488,12.478534203081276,12.18927031987546,12.221410751342773,1120000,0.0,0.0
2023-06-06 00:00:00-04:00,12.18926779485814,12.430321364072697,12.169180316710332,12.325864791870117,1905000,0.0,0.0
2023-06-07 00:00:00-04:00,12.44639177279917,12.56691894616191,12.386128569261905,12.486567497253418,2072200,0.0,0.0
2023-06-08 00:00:00-04:00,12.43032154857864,12.635217047137912,12.269619422146322,12.574953079223633,1919500,0.0,0.0
2023-06-09 00:00:00-04:00,12.534778212379376,12.582988467511314,12.3821106164558,12.454426765441895,1280000,0.0,0.0
2023-06-12 00:00:00-04:00,12.446391425524592,12.486567148857871,12.265601819957118,12.309794425964355,1158800,0.0,0.0
2023-06-13 00:00:00-04:00,12.341937177773113,12.45844672077233,12.18927031987546,12.221410751342773,1489900,0.0,0.0
2023-06-14 00:00:00-04:00,12.261585583871895,12.31783114324663,12.072759892333949,12.197304725646973,1243100,0.0,0.0
2023-06-15 00:00:00-04:00,12.149092944643844,12.157128242995213,11.891969527705845,12.036601066589355,1323300,0.0,0.0
2023-06-16 00:00:00-04:00,12.133023565522722,12.181233824847686,11.988391254971319,12.16516399383545,2484400,0.0,0.0
2023-06-20 00:00:00-04:00,12.165163035421894,12.197303461202488,11.900004331159943,11.92410945892334,1009200,0.0,0.0
2023-06-21 00:00:00-04:00,11.88393335189675,11.92410907439897,11.731266525934123,11.843757629394531,1117700,0.0,0.0
2023-06-22 00:00:00-04:00,11.85179272853316,11.867863323779995,11.653325628221323,11.763406753540039,924700,0.0,0.0
2023-06-23 00:00:00-04:00,11.618775945805329,11.72725017871491,11.498249531209076,11.538424491882324,1903100,0.0,0.0
2023-06-26 00:00:00-04:00,11.538423824616052,11.78751270434197,11.49824886626612,11.739301681518555,1244500,0.0,0.0
2023-06-27 00:00:00-04:00,11.707161291806422,11.920092096655075,11.554494457248216,11.883934020996094,1014400,0.0,0.0
2023-06-28 00:00:00-04:00,11.916073155384506,11.916073155384506,11.739300445363867,11.779476165771484,1025300,0.0,0.0
2023-06-29 00:00:00-04:00,11.77139732605878,12.167278818330743,11.755239322360017,12.143040657043457,933300,0.08,0.0
2023-06-30 00:00:00-04:00,12.248074018179112,12.260193102424786,12.090529775450305,12.207677841186523,1937000,0.0,0.0
2023-07-03 00:00:00-04:00,12.151121543789642,12.506606144455505,12.12688415000382,12.498527526855469,631100,0.0,0.0
2023-07-05 00:00:00-04:00,12.53892312402548,12.53892312402548,12.256150717634657,12.36925983428955,1324600,0.0,0.0
2023-07-06 00:00:00-04:00,12.215754599452369,12.304625553299177,12.033972997880333,12.296546936035156,1320500,0.0,0.0
2023-07-07 00:00:00-04:00,12.256148403809526,12.538920756816058,12.21575224330964,12.345019340515137,1530500,0.0,0.0
2023-07-10 00:00:00-04:00,12.345022089035854,12.660111286495859,12.264230520541158,12.652031898498535,1411800,0.0,0.0
2023-07-11 00:00:00-04:00,12.724742399487399,12.854009500584313,12.587395911948754,12.61163330078125,1700700,0.0,0.0
2023-07-12 00:00:00-04:00,12.918645400010922,12.918645400010922,12.474289081327548,12.482368469238281,1612900,0.0,0.0
2023-07-13 00:00:00-04:00,12.498528059415467,12.538924231108346,12.345022761081095,12.474289894104004,1564700,0.0,0.0
2023-07-14 00:00:00-04:00,12.466212702850555,12.466212702850555,12.070331099545273,12.272311210632324,1703200,0.0,0.0
2023-07-17 00:00:00-04:00,12.20767682731748,12.377340140201124,12.191518820158189,12.280389785766602,1246700,0.0,0.0
2023-07-18 00:00:00-04:00,12.29654797144395,12.486408976759735,12.276349500351063,12.474289894104004,1465900,0.0,0.0
2023-07-19 00:00:00-04:00,12.571239477417649,12.643951652983654,12.498526531358849,12.50660514831543,1313900,0.0,0.0
2023-07-20 00:00:00-04:00,12.458130501027323,12.502566361992695,12.147081015255331,12.191516876220703,2055900,0.0,0.0
2023-07-21 00:00:00-04:00,12.256153106689453,12.34098438284691,12.223836319987617,12.256153106689453,1209800,0.0,0.0
2023-07-24 00:00:00-04:00,12.280388310508407,12.329671343638553,12.151121186791396,12.239992141723633,978400,0.0,0.0
2023-07-25 00:00:00-04:00,12.239994628681997,12.288470195171701,12.159203045189809,12.207677841186523,1153800,0.0,0.0
2023-07-26 00:00:00-04:00,12.227874826007007,12.36522134876207,12.183438959676575,12.231914520263672,1429000,0.0,0.0
2023-07-27 00:00:00-04:00,12.32078375118853,12.345021142829937,12.151120468713108,12.167279243469238,1298700,0.0,0.0
2023-07-28 00:00:00-04:00,12.24038184838072,12.609948730924122,12.24038184838072,12.549031257629395,1539400,0.08,0.0
2023-07-31 00:00:00-04:00,12.524662837808137,12.73584410813149,12.488112203536495,12.589641571044922,1392100,0.0,0.0
2023-08-01 00:00:00-04:00,12.540906027491799,12.565273631261656,12.256624288311261,12.427193641662598,2312800,0.0,0.0
2023-08-02 00:00:00-04:00,12.289116597897356,12.358156609246521,12.118547203658697,12.191648483276367,1351900,0.0,0.0
2023-08-03 00:00:00-04:00,12.0941786508349,12.0941786508349,11.732733572353613,11.947976112365723,2720600,0.0,0.0
2023-08-04 00:00:00-04:00,12.110421735344152,12.53278423772762,12.037320473423359,12.19976806640625,2505800,0.0,0.0
2023-08-07 00:00:00-04:00,12.159155880552373,12.435315852562065,12.06168779183263,12.386581420898438,1452100,0.0,0.0
2023-08-08 00:00:00-04:00,12.280991463594214,12.362215262567839,12.110422105435646,12.289113998413086,1916600,0.0,0.0
2023-08-09 00:00:00-04:00,12.337848844665041,12.508418219227583,12.260687080287617,12.443439483642578,1887500,0.0,0.0
2023-08-10 00:00:00-04:00,12.50841756912969,12.524662639485454,12.19570771085714,12.256625175476074,1041100,0.0,0.0
2023-08-11 00:00:00-04:00,12.240378538522627,12.27286790046838,12.057626168055581,12.11854362487793,1328000,0.0,0.0
2023-08-14 00:00:00-04:00,12.102301961202821,12.118547034049481,12.00483384794598,12.086057662963867,793900,0.0,0.0
2023-08-15 00:00:00-04:00,11.972342628641364,12.1185451632606,11.92360896684001,12.029199600219727,912400,0.0,0.0
2023-08-16 00:00:00-04:00,12.053565332551846,12.171338983344153,11.964219003046457,11.972341537475586,735400,0.0,0.0
2023-08-17 00:00:00-04:00,11.97234335433484,12.02920032935954,11.736795242397179,11.753040313720703,988600,0.0,0.0
2023-08-18 00:00:00-04:00,11.647449274651667,11.988588014674672,11.639326739268354,11.947976112365723,1278700,0.0,0.0
2023-08-21 00:00:00-04:00,11.923608081770094,11.923608081770094,11.753038728911264,11.79365062713623,1116500,0.0,0.0
2023-08-22 00:00:00-04:00,11.842385250066476,11.907363982676937,11.70430524961735,11.89924144744873,903100,0.0,0.0
2023-08-23 00:00:00-04:00,11.964220862824952,12.029200373751213,11.899242126506332,11.923609733581543,904000,0.0,0.0
2023-08-24 00:00:00-04:00,11.923606665243812,12.061686638040253,11.809893518644552,11.818016052246094,960200,0.0,0.0
2023-08-25 00:00:00-04:00,11.818020194358121,11.866753863833212,11.647450801979883,11.736796379089355,745400,0.0,0.0
2023-08-28 00:00:00-04:00,11.82614233896842,12.183525410172773,11.82614233896842,12.102301597595215,1393500,0.0,0.0
2023-08-29 00:00:00-04:00,12.086054620360688,12.386581420898438,12.041381455886322,12.386581420898438,1644600,0.0,0.0
2023-08-30 00:00:00-04:00,12.353921170721728,12.394747238810782,12.227361060468894,12.304929733276367,806800,0.08,0.0
2023-08-31 00:00:00-04:00,12.337591793050008,12.337591793050008,12.215114353964037,12.264105796813965,1289000,0.0,0.0
2023-09-01 00:00:00-04:00,12.321262602226584,12.41107934459704,12.239610451931542,12.272271156311035,788300,0.0,0.0
2023-09-05 00:00:00-04:00,12.966309232293352,13.190852206636261,12.827501074682809,12.868327140808105,7291400,0.0,0.0
2023-09-06 00:00:00-04:00,12.851997022901173,13.072457323397998,12.843831653543702,13.064291954040527,5156100,0.0,0.0
2023-09-07 00:00:00-04:00,12.998972421447592,13.170440530399057,12.941816385130437,13.088789939880371,3874000,0.0,0.0
2023-09-08 00:00:00-04:00,13.105119244166902,13.22351478184792,13.056128577927764,13.186771392822266,3772900,0.0,0.0
2023-09-11 00:00:00-04:00,13.227596786010103,13.259440637681912,13.05204445216771,13.105117797851562,3457600,0.0,0.0
2023-09-12 00:00:00-04:00,13.064293937534805,13.235762047920053,13.039798604435855,13.194936752319336,2237400,0.0,0.0
2023-09-13 00:00:00-04:00,13.227599305433095,13.23576311930591,12.868330757001578,12.884660720825195,3340100,0.0,0.0
2023-09-14 00:00:00-04:00,13.007138496083058,13.10103792617069,12.680530665480122,12.958147048950195,3747500,0.0,0.0
2023-09-15 00:00:00-04:00,12.917316621499147,13.358237161089816,12.892821295530457,13.219429016113281,42325100,0.0,0.0
2023-09-18 00:00:00-04:00,13.13778212080984,13.272506856611225,13.064295334959862,13.121451377868652,3556200,0.0,0.0
2023-09-19 00:00:00-04:00,13.162279658986233,13.186774218662226,12.994892640503526,13.047966003417969,2118500,0.0,0.0
2023-09-20 00:00:00-04:00,13.096955488033522,13.194936820938869,12.90099048614502,12.90099048614502,2096500,0.0,0.0
2023-09-21 00:00:00-04:00,12.77034833919741,12.925486496009023,12.762182968130313,12.794843673706055,2142900,0.0,0.0
2023-09-22 00:00:00-04:00,12.827500876042555,12.851996203861432,12.59071063061358,12.598875999450684,1731600,0.0,0.0
2023-09-25 00:00:00-04:00,12.525390288180837,12.74993249919323,12.509059549136483,12.721354484558105,1433500,0.0,0.0
2023-09-26 00:00:00-04:00,12.615209736409344,12.672366556693841,12.435575461658729,12.451906204223633,2140900,0.0,0.0
2023-09-27 00:00:00-04:00,12.533556015271238,12.741767493179314,12.472316520800312,12.50905990600586,2505200,0.0,0.0
2023-09-28 00:00:00-04:00,12.484437895395935,12.796343734783358,12.44339750917491,12.714262962341309,2615700,0.08,0.0
2023-09-29 00:00:00-04:00,12.820965780441488,12.845589695464794,12.51316410291968,12.591140747070312,2432500,0.0,0.0
2023-10-02 00:00:00-04:00,12.582932560757559,12.693741352940274,12.39414790691751,12.533684730529785,2685400,0.0,0.0
2023-10-03 00:00:00-04:00,12.426979993397351,12.435187443208084,12.090449502192639,12.123282432556152,1519800,0.0,0.0
2023-10-04 00:00:00-04:00,12.164320948816504,12.303857759339184,12.051870677212227,12.2628173828125,4215400,0.0,0.0
2023-10-05 00:00:00-04:00,12.27102851195044,12.410565355418754,12.25871694403164,12.303860664367676,2313400,0.0,0.0
2023-10-06 00:00:00-04:00,12.246401789178742,12.488539151354374,12.106864977661257,12.344898223876953,2115600,0.0,0.0
2023-10-09 00:00:00-04:00,12.279235868331366,12.426980935041863,12.127386685014445,12.385940551757812,1678700,0.0,0.0
2023-10-10 00:00:00-04:00,12.484435127094862,12.681427997938233,12.410562604833578,12.656804084777832,1894100,0.0,0.0
2023-10-11 00:00:00-04:00,12.68963817048228,12.812758537892556,12.545997219983487,12.763510704040527,1698800,0.0,0.0
2023-10-12 00:00:00-04:00,12.804552892377698,12.853800733171743,12.665016038827378,12.845592498779297,2132500,0.0,0.0
2023-10-13 00:00:00-04:00,12.894839337497306,12.952295404730938,12.775822303621686,12.837383270263672,2044000,0.0,0.0
2023-10-16 00:00:00-04:00,12.927667725746021,13.198533082139253,12.898939700489159,13.07541275024414,1717500,0.0,0.0
2023-10-17 00:00:00-04:00,13.017959516323739,13.440674129526512,13.017959516323739,13.305240631103516,1784300,0.0,0.0
2023-10-18 00:00:00-04:00,13.190328506428614,13.338073571868202,13.108248523346774,13.23957633972168,2133700,0.0,0.0
2023-10-19 00:00:00-04:00,13.190327699079285,13.370905686035085,13.001543045043945,13.001543045043945,2337800,0.0,0.0
2023-10-20 00:00:00-04:00,13.083622060777726,13.13287067021427,12.738884925842285,12.738884925842285,2628400,0.0,0.0
2023-10-23 00:00:00-04:00,12.591142586458494,12.917822620462173,12.496750246096319,12.714262962341309,2167200,0.0,0.0
2023-10-24 00:00:00-04:00,12.812758533416318,12.927671450331248,12.718366199582736,12.796342849731445,1844900,0.0,0.0
2023-10-25 00:00:00-04:00,12.68142891477172,12.78813358988803,12.582932472229004,12.582932472229004,1804500,0.0,0.0
2023-10-26 00:00:00-04:00,12.640391340680864,12.825072700682822,12.565698442908698,12.673223495483398,1889900,0.0,0.0
2023-10-27 00:00:00-04:00,12.656806003636415,12.755302453990838,12.160218852471807,12.25461196899414,2222800,0.0,0.0
2023-10-30 00:00:00-04:00,12.452664269804739,12.724988870031329,12.440285592704592,12.658970832824707,1257600,0.08,0.0
2023-10-31 00:00:00-04:00,12.733239104310961,12.947797294374924,12.584698152961574,12.939545631408691,2666200,0.0,0.0
2023-11-01 00:00:00-04:00,12.980810865736213,13.071586273215098,12.708486217294,13.055081367492676,2646000,0.0,0.0
2023-11-02 00:00:00-04:00,13.236631528309482,13.773028345824507,13.203621718495947,13.748270988464355,2234700,0.0,0.0
2023-11-03 00:00:00-04:00,13.938071554389408,14.049477292578317,13.822540377302055,13.913315773010254,2287300,0.0,0.0
2023-11-06 00:00:00-05:00,13.847295420540732,13.92156590026545,13.731762688750074,13.830790519714355,2300900,0.0,0.0
2023-11-07 00:00:00-05:00,13.76477844733174,13.863804747157268,13.689683162265204,13.756525993347168,2112200,0.0,0.0
2023-11-08 00:00:00-05:00,13.657493550023998,13.69050335491791,12.931295156293377,13.005565643310547,3892100,0.0,0.0
2023-11-09 00:00:00-05:00,13.112845979551935,13.112845979551935,12.782754992659317,12.873530387878418,3195300,0.0,0.0
2023-11-10 00:00:00-05:00,12.898287647902924,13.158233595887829,12.77450322605527,13.104594230651855,2316500,0.0,0.0
2023-11-13 00:00:00-05:00,13.038577804170322,13.249010639111674,12.92304582018372,13.154109001159668,1307600,0.0,0.0
2023-11-14 00:00:00-05:00,13.624486771200052,13.843171242949799,13.508955589746495,13.806035995483398,2156800,0.0,0.0
2023-11-15 00:00:00-05:00,13.822541236877441,13.962829778062238,13.698757600301287,13.822541236877441,2021500,0.0,0.0
2023-11-16 00:00:00-05:00,13.839047211919526,13.921570167351458,13.517207843134438,13.57497501373291,1523400,0.0,0.0
2023-11-17 00:00:00-05:00,13.698760919871473,13.740021617397298,13.558472344691062,13.607985496520996,2954000,0.0,0.0
2023-11-20 00:00:00-05:00,13.632738451525718,13.673999135710623,13.533710605890056,13.649243354797363,1203600,0.0,0.0
2023-11-21 00:00:00-05:00,13.599731261450478,13.599731261450478,13.37279430678442,13.376919746398926,2343200,0.0,0.0
2023-11-22 00:00:00-05:00,13.500701602701984,13.583222966361358,13.401673762718968,13.525457382202148,1278400,0.0,0.0
2023-11-24 00:00:00-05:00,13.52545962587738,13.583225219619054,13.451189127068263,13.541964530944824,630700,0.0,0.0
2023-11-27 00:00:00-05:00,13.550217458230906,13.756524056819078,13.43468626669975,13.715263366699219,2401700,0.0,0.0
2023-11-28 00:00:00-05:00,13.707010269165039,13.781280767083011,13.562594712549265,13.707010269165039,3407100,0.0,0.0
2023-11-29 00:00:00-05:00,13.765054432844327,13.856267571373396,13.632379338973065,13.640671730041504,3675700,0.08,0.0
2023-11-30 00:00:00-05:00,13.640669401475705,13.922604323226674,13.541162307252938,13.823097229003906,2743000,0.0,0.0
2023-12-01 00:00:00-05:00,13.715300970552647,14.096741450631363,13.690423798612464,13.997234344482422,1923100,0.0,0.0
2023-12-04 00:00:00-05:00,13.947485557091186,14.15064523180477,13.847980004196073,14.030407905578613,1840100,0.0,0.0
2023-12-05 00:00:00-05:00,13.997233970047192,14.005526360472095,13.68295980651868,13.781638145446777,1478200,0.0,0.0
2023-12-06 00:00:00-05:00,13.881145174777599,13.959920519951321,13.615794978811449,13.690424919128418,2042400,0.0,0.0
2023-12-07 00:00:00-05:00,13.6738384542633,14.030403329331147,13.599208523127626,14.022110939025879,1649700,0.0,0.0
2023-12-08 00:00:00-05:00,13.781639073434919,14.055281649435395,13.781639073434919,14.013819694519043,2195700,0.0,0.0
2023-12-11 00:00:00-05:00,14.03040924272942,14.204544767697763,14.03040924272942,14.121623992919922,1989600,0.0,0.0
2023-12-12 00:00:00-05:00,14.105034839774692,14.27502490603674,14.063572883605957,14.063572883605957,2267900,0.0,0.0
2023-12-13 00:00:00-05:00,14.046988993868776,14.270877219752565,13.864559558896719,14.229416847229004,3568200,0.0,0.0
2023-12-14 00:00:00-05:00,14.445013238321826,14.843038480091359,14.370383307788574,14.436720848083496,5849100,0.0,0.0
2023-12-15 00:00:00-05:00,14.445015624737191,14.62744349528363,14.055282708819446,14.212833404541016,7849800,0.0,0.0
2023-12-18 00:00:00-05:00,14.262584592751763,14.337214519071951,14.030402424020997,14.088447570800781,4196700,0.0,0.0
2023-12-19 00:00:00-05:00,14.270877919613913,14.445014972298786,14.005527726581635,14.063572883605957,7540400,0.0,0.0
2023-12-20 00:00:00-05:00,14.088448621415152,14.171370943689288,13.930896367255468,13.988943099975586,4174500,0.0,0.0
2023-12-21 00:00:00-05:00,14.10503287440289,14.179662803495896,13.926750441748673,14.038695335388184,2969800,0.0,0.0
2023-12-22 00:00:00-05:00,14.096745468046105,14.345510931896138,14.030407905578613,14.030407905578613,3918400,0.0,0.0
2023-12-26 00:00:00-05:00,14.080155181030579,14.187954666431574,13.988942056781616,14.088447570800781,2375000,0.0,0.0
2023-12-27 00:00:00-05:00,14.063574580310707,14.179666489977206,14.028747481894387,14.11332893371582,1771200,0.0,0.0
2023-12-28 00:00:00-05:00,14.104968627302572,14.25120001203929,14.04647671092196,14.088257789611816,1558500,0.13,0.0
2023-12-29 00:00:00-05:00,14.054834054853401,14.11332597592921,13.871002075217245,13.879358291625977,1996200,0.0,0.0
2024-01-02 00:00:00-05:00,13.862645804505735,14.146750786148463,13.779085234531054,14.079902648925781,2629300,0.0,0.0
2024-01-03 00:00:00-05:00,13.929494979912146,14.247023256939364,13.854290620708385,14.029767990112305,2946500,0.0,0.0
2024-01-04 00:00:00-05:00,14.096614005349787,14.201064311396648,14.00469722601729,14.088257789611816,3172800,0.0,0.0
2024-01-05 00:00:00-05:00,14.021409657493233,14.267912443515232,13.99634101027932,14.088257789611816,1959800,0.0,0.0
2024-01-08 00:00:00-05:00,13.929498322649867,14.1885347366333,13.929498322649867,14.1885347366333,2178700,0.0,0.0
2024-01-09 00:00:00-05:00,14.038121118290322,14.091600582630079,13.795797226273937,13.804153442382812,1379400,0.0,0.0
2024-01-10 00:00:00-05:00,13.804153218386078,13.871001352387104,13.703880220491925,13.754015922546387,1838600,0.0,0.0
2024-01-11 00:00:00-05:00,13.66210296553543,13.829222530937264,13.603611037955513,13.795799255371094,2068100,0.0,0.0
2024-01-12 00:00:00-05:00,13.962916540522743,13.979628972469307,13.678813166357312,13.754015922546387,1487200,0.0,0.0
2024-01-16 00:00:00-05:00,13.628677927475469,13.708061194310242,13.57018600061962,13.611967086791992,2098400,0.0,0.0
2024-01-17 00:00:00-05:00,13.40306738743074,13.536763685089127,13.323684114968483,13.503338813781738,3851700,0.0,0.0
2024-01-18 00:00:00-05:00,13.586899398264626,13.586899398264626,13.373819828143981,13.503338813781738,2038600,0.0,0.0
2024-01-19 00:00:00-05:00,13.603612100252079,13.795800332675505,13.453203363995272,13.787444114685059,2264300,0.0,0.0
2024-01-22 00:00:00-05:00,13.887716539876834,13.950385781433173,13.787443522086924,13.871004104614258,2488100,0.0,0.0
2024-01-23 00:00:00-05:00,13.971274640312632,13.99634329161261,13.628677708140174,13.670458793640137,2340500,0.0,0.0
2024-01-24 00:00:00-05:00,13.820867488739102,13.854290763292852,13.503337614658529,13.520050048828125,1916200,0.0,0.0
2024-01-25 00:00:00-05:00,13.728951700836406,13.749841448186766,13.540940787112044,13.712239265441895,1730200,0.0,0.0
2024-01-26 00:00:00-05:00,13.78744101016506,13.887714009686318,13.73730530729706,13.804153442382812,1301300,0.0,0.0
2024-01-29 00:00:00-05:00,13.770733325365557,13.975456706147645,13.712241386223763,13.954566955566406,1898800,0.0,0.0
2024-01-30 00:00:00-05:00,13.862204470376469,13.971354980524342,13.837015151977539,13.837015151977539,1470700,0.08,0.0
2024-01-31 00:00:00-05:00,13.837013595946221,13.853806472990412,13.47597474678064,13.484371185302734,2478300,0.0,0.0
2024-02-01 00:00:00-05:00,13.49277107197511,13.76984720818494,13.42140292775569,13.76145076751709,2059100,0.0,0.0
2024-02-02 00:00:00-05:00,13.585125127049272,13.744654235868463,13.475973041531043,13.627105712890625,1554400,0.0,0.0
2024-02-05 00:00:00-05:00,13.442391976977252,13.54314604669323,13.34163710653274,13.425599098205566,1616300,0.0,0.0
2024-02-06 00:00:00-05:00,13.383617702004887,13.564137945886369,13.358429184575892,13.425599098205566,1414900,0.0,0.0
2024-02-07 00:00:00-05:00,13.459185512227238,13.46758195202262,13.274467840371672,13.383618354797363,1568300,0.0,0.0
2024-02-08 00:00:00-05:00,13.333239295547276,13.49276762382483,13.316446418503087,13.484371185302734,986900,0.0,0.0
2024-02-09 00:00:00-05:00,13.543144821910797,13.543144821910797,13.341635899973886,13.534749984741211,1337600,0.0,0.0
2024-02-12 00:00:00-05:00,13.59352280466326,13.694276860457105,13.559937051760752,13.6187105178833,1243200,0.0,0.0
2024-02-13 00:00:00-05:00,13.207298057340294,13.291260859778534,12.993194432507172,13.140128135681152,1668500,0.0,0.0
2024-02-14 00:00:00-05:00,13.249278730969982,13.408807886696307,13.114938895029024,13.257675170898438,2686800,0.0,0.0
2024-02-15 00:00:00-05:00,13.38361664122386,13.576730728149414,13.333239610358737,13.576730728149414,2256700,0.0,0.0
2024-02-16 00:00:00-05:00,13.392015239209734,13.50032739441758,13.28286392043163,13.375223159790039,2240500,0.0,0.0
2024-02-20 00:00:00-05:00,13.232484624685258,13.505361673999296,13.148521839720585,13.358428001403809,2467000,0.0,0.0
2024-02-21 00:00:00-05:00,13.34163800188827,13.669091953354725,13.34163800188827,13.601922035217285,2175800,0.0,0.0
2024-02-22 00:00:00-05:00,13.585129668720558,13.685883749005773,13.299657105483725,13.660696029663086,3494900,0.0,0.0
2024-02-23 00:00:00-05:00,13.660695658702753,13.996545252962097,13.635506338586856,13.643902778625488,2837000,0.0,0.0
2024-02-26 00:00:00-05:00,13.643900073906778,13.685880664320665,13.316446183870777,13.417201042175293,2702800,0.0,0.0
2024-02-27 00:00:00-05:00,13.475975841450918,13.55154219283122,13.341636817827123,13.433995246887207,2706200,0.0,0.0
2024-02-28 00:00:00-05:00,13.341172435897962,13.725120541921893,13.324295171588028,13.552132606506348,2470600,0.08,0.0
2024-02-29 00:00:00-05:00,13.678708253523617,13.72934004417219,13.484624551217408,13.577447891235352,2854900,0.0,0.0
2024-03-01 00:00:00-05:00,13.65339622869621,13.864357229486929,13.59432740599556,13.788411140441895,1889900,0.0,0.0
2024-03-04 00:00:00-05:00,13.737781054575624,14.092195602958556,13.729342421339755,14.075318336486816,2642300,0.0,0.0
2024-03-05 00:00:00-05:00,13.965616454780058,14.092194332401075,13.88123334903881,13.889670372009277,1441300,0.0,0.0
2024-03-06 00:00:00-05:00,14.024687710546702,14.083756531856613,13.843261125377882,13.881234169006348,1103500,0.0,0.0
2024-03-07 00:00:00-05:00,14.007808910052809,14.033123196695511,13.826382344759157,13.931862831115723,1334300,0.0,0.0
2024-03-08 00:00:00-05:00,14.058440088638925,14.252523811001387,13.990932636969172,14.235648155212402,1619200,0.0,0.0
2024-03-11 00:00:00-04:00,14.185017545251855,14.332691214659922,14.134387354642818,14.159703254699707,2137400,0.0,0.0
2024-03-12 00:00:00-04:00,14.134386062622069,14.332689904512266,14.075317244060205,14.13438606262207,2091600,0.0,0.0
2024-03-13 00:00:00-04:00,14.083755079798769,14.210331342341885,13.847478209414986,13.914985656738281,2550800,0.0,0.0
2024-03-14 00:00:00-04:00,13.830600963867612,13.931862939741423,13.66183315008393,13.754654884338379,2570400,0.0,0.0
2024-03-15 00:00:00-04:00,13.636519339633981,13.813727422143456,13.552134615082077,13.653396606445312,3619800,0.0,0.0
2024-03-18 00:00:00-04:00,13.670271852112426,13.974054562278482,13.633985572882501,13.89810848236084,1382100,0.0,0.0
2024-03-19 00:00:00-04:00,13.855916752178636,13.957178727262916,13.813725201437807,13.931862831115723,1123300,0.0,0.0
2024-03-20 00:00:00-04:00,13.839039916919454,13.961397671165724,13.771532467939537,13.940301895141602,1167200,0.0,0.0
2024-03-21 00:00:00-04:00,13.99093210043434,14.17657718303075,13.957179180646149,14.125946998596191,1458500,0.0,0.0
2024-03-22 00:00:00-04:00,14.17657637361875,14.201892269142888,13.89388944970256,13.906546592712402,953600,0.0,0.0
2024-03-25 00:00:00-04:00,13.990932241987863,13.999370874396424,13.720902442932129,13.720902442932129,1053300,0.0,0.0
2024-03-26 00:00:00-04:00,13.779973701653272,13.834824017274347,13.7124662399292,13.7124662399292,1028800,0.0,0.0
2024-03-27 00:00:00-04:00,13.856627971745116,14.009271621704102,13.814227676742098,14.009271621704102,1418600,0.08,0.0
2024-03-28 00:00:00-04:00,14.034709091332505,14.072869998219982,13.763343361229259,13.890545845031738,1900200,0.0,0.0
2024-04-01 00:00:00-04:00,13.873590118598289,13.996551633341529,13.763346752661644,13.831188201904297,1313100,0.0,0.0
2024-04-02 00:00:00-04:00,13.661585635810088,13.78030776977539,13.602224568827436,13.78030776977539,2172600,0.0,0.0
2024-04-03 00:00:00-04:00,13.72094683734398,13.72094683734398,13.568303167910146,13.610703468322754,1661600,0.0,0.0
2024-04-04 00:00:00-04:00,13.771827777130213,13.805749312064581,13.441100898859181,13.559823036193848,1564500,0.0,0.0
2024-04-05 00:00:00-04:00,13.559821524619831,13.644623735034658,13.491980079781497,13.619182586669922,1558900,0.0,0.0
2024-04-08 00:00:00-04:00,13.610702679918614,13.839668170806469,13.593743531216603,13.74638557434082,1133500,0.0,0.0
2024-04-09 00:00:00-04:00,13.754867809474357,13.809989498213989,13.593745361570674,13.703987121582031,1082700,0.0,0.0
2024-04-10 00:00:00-04:00,13.458058701605687,13.555580672717216,13.305415053790231,13.35629653930664,1619900,0.0,0.0
2024-04-11 00:00:00-04:00,13.441097021394619,13.55133874319335,13.330854490862215,13.49197769165039,981900,0.0,0.0
2024-04-12 00:00:00-04:00,13.407177470166578,13.50893962825571,13.343575413718845,13.415657043457031,974300,0.0,0.0
2024-04-15 00:00:00-04:00,13.517422375320368,13.54710371937398,13.1866954860623,13.24605655670166,1160400,0.0,0.0
2024-04-16 00:00:00-04:00,13.195172531694661,13.27997392419126,12.98316783735257,13.000127792358398,2154600,0.0,0.0
2024-04-17 00:00:00-04:00,13.025566235028144,13.076447710113792,12.682118906584247,12.694839477539062,1610900,0.0,0.0
2024-04-18 00:00:00-04:00,12.754202874792284,12.783883403755917,12.601559230140733,12.660921096801758,1383500,0.0,0.0
2024-04-19 00:00:00-04:00,12.652441099880026,12.855965426457075,12.652441099880026,12.839005470275879,1778800,0.0,0.0
2024-04-22 00:00:00-04:00,12.847484876928384,13.093410303861036,12.805084582659884,13.07645034790039,1545500,0.0,0.0
2024-04-23 00:00:00-04:00,13.051009270539414,13.237572819210646,13.025568124938468,13.118850708007812,1318200,0.0,0.0
2024-04-24 00:00:00-04:00,13.07644985571475,13.118850957121083,12.919566023131438,12.949247360229492,1541100,0.0,0.0
2024-04-25 00:00:00-04:00,12.81356529621747,12.923807850337472,12.699083359280486,12.720283508300781,1814000,0.0,0.0
2024-04-26 00:00:00-04:00,12.745723848871908,12.847486019890251,12.639721486302733,12.720283508300781,2319100,0.0,0.0
2024-04-29 00:00:00-04:00,12.797013917043133,12.865219121667906,12.72028285857272,12.856693267822266,1772600,0.08,0.0
2024-04-30 00:00:00-04:00,12.77995771784652,12.80553527039423,12.558290474185686,12.583868026733398,2024600,0.0,0.0
2024-05-01 00:00:00-04:00,12.626497116478365,12.90784370439564,12.60944541390402,12.660599708557129,2019800,0.0,0.0
2024-05-02 00:00:00-04:00,12.779961925725617,12.779961925725617,12.470480593014745,12.50714111328125,1863600,0.0,0.0
2024-05-03 00:00:00-04:00,12.70322795971222,12.779958998907082,12.477298581049542,12.515664100646973,1949000,0.0,0.0
2024-05-06 00:00:00-04:00,12.60092162227522,12.660601777970403,12.507139681997165,12.617973327636719,1604700,0.0,0.0
2024-05-07 00:00:00-04:00,12.831116387085356,12.890795737249281,12.643551669765662,12.66912841796875,2255800,0.0,0.0
2024-05-08 00:00:00-04:00,12.617972689921602,12.669126177280665,12.451721823329597,12.541241645812988,1817600,0.0,0.0
2024-05-09 00:00:00-04:00,12.575342821825256,12.673387672417958,12.53271437845932,12.660599708557129,2854100,0.0,0.0
2024-05-10 00:00:00-04:00,12.686180277234492,12.724545806533127,12.515667265390649,12.652077674865723,3098500,0.0,0.0
2024-05-13 00:00:00-04:00,12.762910208171752,12.839641259989495,12.600922251429829,12.69470500946045,2142300,0.0,0.0
2024-05-14 00:00:00-04:00,12.822589887713526,12.856692487957307,12.566819979350106,12.609448432922363,4115300,0.0,0.0
2024-05-15 00:00:00-04:00,12.779961931111949,12.788487784771968,12.49008941123256,12.498615264892578,3207900,0.0,0.0
2024-05-16 00:00:00-04:00,12.507141897340308,12.57961003182256,12.447462544144408,12.54977035522461,2636000,0.0,0.0
2024-05-17 00:00:00-04:00,12.609446196008513,12.71175397859047,12.404830630844597,12.455984115600586,2484400,0.0,0.0
2024-05-20 00:00:00-04:00,12.455986325290286,12.724545013646422,12.455986325290286,12.609448432922363,2774000,0.0,0.0
2024-05-21 00:00:00-04:00,12.600923064291463,12.643551519503434,12.464512658069278,12.50714111328125,2178900,0.0,0.0
2024-05-22 00:00:00-04:00,12.498614782453375,12.60092258321411,12.39630698169264,12.413358688354492,1422700,0.0,0.0
2024-05-23 00:00:00-04:00,12.39630587081426,12.421882615444886,12.208741179692874,12.22579288482666,1897800,0.0,0.0
2024-05-24 00:00:00-04:00,12.319575300736913,12.490088293324984,12.302524408013147,12.336627006530762,2344100,0.0,0.0
2024-05-28 00:00:00-04:00,12.430409432726249,12.430409432726249,12.183165380588296,12.234319686889648,2193700,0.0,0.0
2024-05-29 00:00:00-04:00,12.13201268428478,12.149064393004808,12.004128121165449,12.080859184265137,3010200,0.0,0.0
2024-05-30 00:00:00-04:00,12.174640977714876,12.2257952901102,12.046756416331883,12.114961624145508,1910000,0.0,0.0
2024-05-31 00:00:00-04:00,12.157831040860971,12.406474938053153,12.114961234240205,12.380752563476562,4154200,0.08,0.0
2024-06-03 00:00:00-04:00,12.372179847669459,12.517936706542969,12.295014355598354,12.517936706542969,3926100,0.0,0.0
2024-06-04 00:00:00-04:00,12.457916496869009,12.56937765310106,12.355029464425604,12.389325141906738,1849500,0.0,0.0
2024-06-05 00:00:00-04:00,12.415046943016753,12.43219519093579,12.19641250576329,12.269290924072266,1754300,0.0,0.0
2024-06-06 00:00:00-04:00,12.260717734600332,12.39361339540805,12.20069967998271,12.346456527709961,1685000,0.0,0.0
2024-06-07 00:00:00-04:00,12.226421224633652,12.333595322007355,12.183551422149476,12.200698852539062,2592800,0.0,0.0
2024-06-10 00:00:00-04:00,12.054941437709683,12.316445649029601,11.96920184266072,12.26071548461914,2243200,0.0,0.0
2024-06-11 00:00:00-04:00,12.217846273690682,12.367890163393497,12.217846273690682,12.277863502502441,3809600,0.0,0.0
2024-06-12 00:00:00-04:00,12.535081267699256,12.783725119813647,12.513646777111607,12.595098495483398,4442100,0.0,0.0
2024-06-13 00:00:00-04:00,12.612249020362484,12.637970577248673,12.445057674091926,12.577953338623047,2407300,0.0,0.0
2024-06-14 00:00:00-04:00,12.487926671191703,12.527367154938343,12.337883574529348,12.380752563476562,1710200,0.0,0.0
2024-06-17 00:00:00-04:00,12.380752791148593,12.543657895768487,12.359318296280822,12.535083770751953,1622100,0.0,0.0
2024-06-18 00:00:00-04:00,12.577952139625932,12.655117620602228,12.397899623239066,12.42362117767334,1740400,0.0,0.0
2024-06-20 00:00:00-04:00,12.37218067532328,12.509363418105119,12.303589303932362,12.466493606567383,1773100,0.0,0.0
2024-06-21 00:00:00-04:00,12.49221111362,12.595098137327131,12.410759397564382,12.509359359741211,4969600,0.0,0.0
2024-06-24 00:00:00-04:00,12.552233229642855,12.655120286729233,12.466493606567383,12.466493606567383,1490500,0.0,0.0
2024-06-25 00:00:00-04:00,12.466489528576968,12.492211080016217,12.307871523075956,12.312158584594727,1296100,0.0,0.0
2024-06-26 00:00:00-04:00,12.252142318050053,12.31215954866558,12.157829410272306,12.234994888305664,2072100,0.0,0.0
2024-06-27 00:00:00-04:00,12.217847353098604,12.303586959838867,12.149255994775789,12.303586959838867,1473600,0.0,0.0
2024-06-28 00:00:00-04:00,12.355321658612096,12.553628017561566,12.294967942620294,12.536383628845215,5455600,0.08,0.0
2024-07-01 00:00:00-04:00,12.545002426756685,12.553624618780479,12.282031325833389,12.31220817565918,1634200,0.0,0.0
2024-07-02 00:00:00-04:00,12.31220817565918,12.351007217508764,12.260476668031393,12.31220817565918,1160500,0.0,0.0
2024-07-03 00:00:00-04:00,12.363941892328555,12.381185456052753,12.243233657228837,12.251855850219727,659600,0.0,0.0
2024-07-05 00:00:00-04:00,12.243233680725098,12.26047806673997,12.144080927912318,12.243233680725098,1456800,0.0,0.0
2024-07-08 00:00:00-04:00,12.329452468553598,12.346696030216213,12.157012740640031,12.182878494262695,1344900,0.0,0.0
2024-07-09 00:00:00-04:00,12.148391441397015,12.213056241334272,12.027683211858607,12.044927597045898,2995500,0.0,0.0
2024-07-10 00:00:00-04:00,12.122524597648262,12.23460980227372,12.070792268987885,12.208744049072266,2023500,0.0,0.0
2024-07-11 00:00:00-04:00,12.35531831352066,12.463093247045618,12.31220817565918,12.31220817565918,2117500,0.0,0.0
2024-07-12 00:00:00-04:00,12.441541933019936,12.570871559105392,12.346699439783407,12.545005798339844,2235600,0.0,0.0
2024-07-15 00:00:00-04:00,12.61397964125661,12.812285145055181,12.562247305946178,12.708821296691895,2011900,0.0,0.0
2024-07-16 00:00:00-04:00,12.82090568926449,13.001967606180775,12.713130758296641,12.984724044799805,2338300,0.0,0.0
2024-07-17 00:00:00-04:00,12.94161354436897,13.26924942397726,12.94161354436897,13.191651344299316,3398400,0.0,0.0
2024-07-18 00:00:00-04:00,13.122674867032005,13.320980330854624,12.773483524158841,12.81228256225586,1662900,0.0,0.0
2024-07-19 00:00:00-04:00,12.777795285205205,12.911436788835886,12.674331452310692,12.872637748718262,1972800,0.0,0.0
2024-07-22 00:00:00-04:00,12.915748503765434,12.984725222316868,12.726065200086007,12.950237274169922,1741500,0.0,0.0
2024-07-23 00:00:00-04:00,12.898505563199613,13.17440916168808,12.864017613388555,13.131299018859863,1651500,0.0,0.0
2024-07-24 00:00:00-04:00,13.174407736689506,13.243383628850905,12.74330799955202,12.769174575805664,2519900,0.0,0.0
2024-07-25 00:00:00-04:00,12.734687547498792,12.846772763645793,12.575180271469124,12.622601509094238,2322400,0.0,0.0
2024-07-26 00:00:00-04:00,12.786418972358353,12.97610309931269,12.69157732000996,12.924370765686035,1712300,0.0,0.0
2024-07-29 00:00:00-04:00,12.97610403293602,13.010591983749329,12.859706890594499,12.93299388885498,1464700,0.0,0.0
2024-07-30 00:00:00-04:00,12.967481639288884,13.165787970094296,12.958859446154388,13.114055633544922,2756100,0.0,0.0
2024-07-31 00:00:00-04:00,13.200730257036744,13.200730257036744,12.819356918334961,12.819356918334961,3616100,0.08,0.0
2024-08-01 00:00:00-04:00,12.862692534422782,12.932033128144328,12.546325972242599,12.663337707519531,2435900,0.0,0.0
2024-08-02 00:00:00-04:00,12.47265447405244,12.654673782798351,12.281967382364991,12.55066204071045,2881000,0.0,0.0
2024-08-05 00:00:00-04:00,12.108615712220539,12.429316237787054,12.069611516053842,12.099947929382324,4699100,0.0,0.0
2024-08-06 00:00:00-04:00,12.143285950415935,12.377310299528256,11.891926035722193,12.16062068939209,3089400,0.0,0.0
2024-08-07 00:00:00-04:00,12.247295536051752,12.268964164073623,12.000269539539659,12.13461685180664,2338300,0.0,0.0
2024-08-08 00:00:00-04:00,12.195290993949666,12.229961298507241,12.117282602043804,12.16062068939209,1347800,0.0,0.0
2024-08-09 00:00:00-04:00,12.125948810380626,12.20829108299038,12.03927347354339,12.17795467376709,2472900,0.0,0.0
2024-08-12 00:00:00-04:00,12.221291813125998,12.242960439013189,11.85725327730658,11.874588012695312,2427900,0.0,0.0
2024-08-13 00:00:00-04:00,11.952598308396947,12.030606696689425,11.787914576028001,11.995936393737793,2026700,0.0,0.0
2024-08-14 00:00:00-04:00,12.00460332671405,12.15195231048378,12.00460332671405,12.065276145935059,1984000,0.0,0.0
2024-08-15 00:00:00-04:00,12.26462938044402,12.455316434256629,12.160618485620358,12.38597583770752,2870200,0.0,0.0
2024-08-16 00:00:00-04:00,12.342641201218026,12.455319908693562,12.312304785091024,12.359976768493652,2159700,0.0,0.0
2024-08-19 00:00:00-04:00,12.351307701026155,12.4943228097633,12.342639918289295,12.46398639678955,1395500,0.0,0.0
2024-08-20 00:00:00-04:00,12.437985790797791,12.437985790797791,12.212628364562988,12.212628364562988,1897500,0.0,0.0
2024-08-21 00:00:00-04:00,12.307968207711971,12.385976590220416,12.190955633949306,12.36864185333252,1454300,0.0,0.0
2024-08-22 00:00:00-04:00,12.342638508092929,12.437982454094433,12.238627606950057,12.36864185333252,2066900,0.0,0.0
2024-08-23 00:00:00-04:00,12.455320176212714,12.6720098121801,12.394647342655562,12.567998886108398,1538900,0.0,0.0
2024-08-26 00:00:00-04:00,12.654674981542453,12.715347814670041,12.489990396474202,12.498658180236816,1657200,0.0,0.0
2024-08-27 00:00:00-04:00,12.446652649072256,12.567999145294413,12.37731203026113,12.394647598266602,1196200,0.0,0.0
2024-08-28 00:00:00-04:00,12.342641201218026,12.472655475969189,12.333973417580212,12.359976768493652,1537600,0.0,0.0
2024-08-29 00:00:00-04:00,12.459652771372253,12.563663686618902,12.385978269746884,12.420648574829102,1985000,0.0,0.0
2024-08-30 00:00:00-04:00,12.49037764203619,12.594972470760126,12.398857478619922,12.58625602722168,2386800,0.08,0.0
2024-09-03 00:00:00-04:00,12.499094090248771,12.551391089007394,12.385782817944015,12.429364204406738,2504200,0.0,0.0
2024-09-04 00:00:00-04:00,12.429366016912384,12.586257867312726,12.268115112859725,12.272473335266113,2222300,0.0,0.0
2024-09-05 00:00:00-04:00,12.2811901042344,12.343946679801777,12.119939195925607,12.141730308532715,2392700,0.0,0.0
2024-09-06 00:00:00-04:00,12.13301035108468,12.307335045246242,12.071996915939561,12.167875289916992,3162100,0.0,0.0
2024-09-09 00:00:00-04:00,12.159161909179339,12.377068039563362,12.032776785804483,12.26375675201416,3652400,0.0,0.0
2024-09-10 00:00:00-04:00,12.263754388435235,12.307335772361835,12.106862570043537,12.220173835754395,2835000,0.0,0.0
2024-09-11 00:00:00-04:00,12.124293836566114,12.255037979845156,12.028415463158048,12.237605094909668,1735400,0.0,0.0
2024-09-12 00:00:00-04:00,12.298618087134622,12.355274129890521,12.163516558728956,12.350915908813477,1269000,0.0,0.0
2024-09-13 00:00:00-04:00,12.429364361178854,12.464229304539623,12.333485143502372,12.446796417236328,1518900,0.0,0.0
2024-09-16 00:00:00-04:00,12.499094009399414,12.581898560018393,12.429364124008423,12.499094009399414,1762500,0.0,0.0
2024-09-17 00:00:00-04:00,12.577541733422253,12.708285075221438,12.494737173618294,12.533960342407227,2066000,0.0,0.0
2024-09-18 00:00:00-04:00,12.560108756689624,12.804163380922935,12.48602064185592,12.603690147399902,1892900,0.0,0.0
2024-09-19 00:00:00-04:00,12.821594699810618,13.248690447736156,12.760581259034337,13.231258392333984,2414100,0.0,0.0
2024-09-20 00:00:00-04:00,13.144094666720676,13.46223734372206,13.083081230376774,13.379433631896973,5585400,0.0,0.0
2024-09-23 00:00:00-04:00,13.379435725925081,13.427374505735779,13.205110169808828,13.24869155883789,1546600,0.0,0.0
2024-09-24 00:00:00-04:00,13.248689278871247,13.348925874516278,13.196392286032845,13.29227066040039,1780100,0.0,0.0
2024-09-25 00:00:00-04:00,13.300987867432886,13.331494586882954,13.026425729890752,13.05693244934082,1325400,0.0,0.0
2024-09-26 00:00:00-04:00,13.152810096740723,13.239972023200359,13.061289118025593,13.152810096740723,1570700,0.0,0.0
2024-09-27 00:00:00-04:00,13.283555909587989,13.348927574584332,13.096156527018206,13.196393966674805,1523100,0.0,0.0
2024-09-30 00:00:00-04:00,13.143816523598398,13.174485295114312,12.88094002599416,13.012378692626953,1799900,0.08,0.0
2024-10-01 00:00:00-04:00,13.003617997700927,13.056192804113227,12.828367250224126,12.968567848205566,1296400,0.0,0.0
2024-10-02 00:00:00-04:00,12.907229459842576,13.104387073042403,12.889704802925635,12.968567848205566,1521100,0.0,0.0
2024-10-03 00:00:00-04:00,12.898467775537613,12.898467775537613,12.67502275521096,12.863417625427246,1136100,0.0,0.0
2024-10-04 00:00:00-04:00,13.038665854681241,13.32782974609128,13.012378456097057,13.319067001342773,1508000,0.0,0.0
2024-10-07 00:00:00-04:00,13.248969015704974,13.340976180221057,13.196394209405623,13.231444358825684,2376400,0.0,0.0
2024-10-08 00:00:00-04:00,13.27525824223469,13.34535855070321,12.929138073629066,13.292783737182617,2362000,0.0,0.0
2024-10-09 00:00:00-04:00,13.29278191139542,13.358500837100348,13.187631463135238,13.231444358825684,1874400,0.0,0.0
2024-10-10 00:00:00-04:00,13.143818325681035,13.26649426422552,13.104386803851076,13.196393966674805,2792100,0.0,0.0
2024-10-11 00:00:00-04:00,13.19639229934237,13.37164302107665,13.13943529249038,13.310304641723633,2777100,0.0,0.0
2024-10-14 00:00:00-04:00,13.275255172838882,13.275255172838882,13.117529933083445,13.135054588317871,1416300,0.0,0.0
2024-10-15 00:00:00-04:00,13.117532016880924,13.33659567390991,13.100006523201069,13.152582168579102,1650200,0.0,0.0
2024-10-16 00:00:00-04:00,13.187630360261346,13.384787120888026,13.170104869186224,13.354118347167969,1368200,0.0,0.0
2024-10-17 00:00:00-04:00,13.345355033874512,13.362880524204042,13.23144268937806,13.345355033874512,1321600,0.0,0.0
2024-10-18 00:00:00-04:00,13.37164330892665,13.380406054117339,13.108766802835635,13.143816947937012,1131200,0.0,0.0
2024-10-21 00:00:00-04:00,13.126291842869957,13.161342824661611,13.021141404479199,13.135054588317871,1528100,0.0,0.0
2024-10-22 00:00:00-04:00,13.126293202341127,13.156962814585231,13.02552412623782,13.047430992126465,1722300,0.0,0.0
2024-10-23 00:00:00-04:00,12.968566606325867,12.994854007014716,12.793315875631206,12.872178077697754,1445900,0.0,0.0
2024-10-24 00:00:00-04:00,12.9159925430849,13.08686275753625,12.863417735301027,13.082481384277344,1105900,0.0,0.0
2024-10-25 00:00:00-04:00,13.152581441407502,13.213918994572737,13.02552412623782,13.047430992126465,1068900,0.0,0.0
2024-10-28 00:00:00-04:00,13.143818567444793,13.288400538260227,13.135055821174408,13.231444358825684,1290400,0.0,0.0
2024-10-29 00:00:00-04:00,13.178867308091473,13.327830636118456,13.1175297620785,13.301543235778809,1633400,0.0,0.0
2024-10-30 00:00:00-04:00,13.2664939624372,13.476794850305389,13.257731216527333,13.362881660461426,1960300,0.0,0.0
2024-10-31 00:00:00-04:00,13.380498359406856,13.380498359406856,12.997317990665987,13.010531425476074,1931600,0.08,0.0
2024-11-01 00:00:00-04:00,13.036959360628355,13.169090367769364,12.9224454290742,12.931254386901855,1232200,0.0,0.0
2024-11-04 00:00:00-05:00,12.931251966077319,13.081000860839556,12.882803547163567,12.975295066833496,1727000,0.0,0.0
2024-11-05 00:00:00-05:00,12.851973436441005,13.160279351571397,12.658180594885573,13.00172233581543,2121600,0.0,0.0
2024-11-06 00:00:00-05:00,13.556677562308687,13.94426250745104,13.477398613512433,13.864983558654785,4418000,0.0,0.0
2024-11-07 00:00:00-05:00,13.829744317521804,13.997111122498373,13.741657277068919,13.750465393066406,1834200,0.0,0.0
2024-11-08 00:00:00-05:00,13.785700985155806,14.071986189439508,13.697613940818634,14.032346725463867,2359800,0.0,0.0
2024-11-11 00:00:00-05:00,14.076391352345022,14.305419204552821,13.970686383649518,14.085200309753418,2364700,0.0,0.0
2024-11-12 00:00:00-05:00,14.014729366958935,14.155669315528462,13.926642319137159,14.00592041015625,1995000,0.0,0.0
2024-11-13 00:00:00-05:00,14.03234726126384,14.11955307725806,13.935450416704297,13.997112274169922,1468700,0.0,0.0
2024-11-14 00:00:00-05:00,14.041155040743512,14.133647404686275,13.73284912109375,13.73284912109375,1824300,0.0,0.0
2024-11-15 00:00:00-05:00,13.873790987076298,13.953069927127686,13.618337091393187,13.653572082519531,1153600,0.0,0.0
2024-11-18 00:00:00-05:00,13.724040414793315,13.737253849902773,13.565482553753228,13.671188354492188,1265400,0.0,0.0
2024-11-19 00:00:00-05:00,13.556674440981505,13.644761488198174,13.48620446718083,13.600717544555664,1226300,0.0,0.0
2024-11-20 00:00:00-05:00,13.547865734859231,13.724040672619953,13.472991281302377,13.539056777954102,1477300,0.0,0.0
2024-11-21 00:00:00-05:00,13.618338593564197,13.904623033052912,13.57869911916607,13.864983558654785,1060600,0.0,0.0
2024-11-22 00:00:00-05:00,13.917835652984598,14.243759547710507,13.891409618295604,14.19090747833252,1923300,0.0,0.0
2024-11-25 00:00:00-05:00,14.243756882003314,14.534445729385558,14.243756882003314,14.375887870788574,1955500,0.0,0.0
2024-11-26 00:00:00-05:00,14.278992351142298,14.34065505308232,14.155670307535924,14.243758201599121,1602200,0.0,0.0
2024-11-27 00:00:00-05:00,14.331847451893578,14.380295882219881,14.217332674733772,14.270186424255371,2012800,0.0,0.0
2024-11-29 00:00:00-05:00,14.279036172138941,14.411824599004497,14.243627163189782,14.261332511901855,1021900,0.08,0.0
2024-12-02 00:00:00-05:00,14.314446869563085,14.349855878512242,14.11083958056172,14.261332511901855,1740900,0.0,0.0
2024-12-03 00:00:00-05:00,14.367560101641015,14.544610197941308,14.318871240734692,14.358707427978516,2011600,0.0,0.0
2024-12-04 00:00:00-05:00,14.332152605696121,14.429528649294776,14.132971648488596,14.243627548217773,2162300,0.0,0.0
2024-12-05 00:00:00-05:00,14.252478078476964,14.32329777610956,14.119690512237804,14.137395858764648,2177500,0.0,0.0
2024-12-06 00:00:00-05:00,14.234774690619878,14.274610881549249,14.155102308761137,14.208216667175293,1133900,0.0,0.0
2024-12-09 00:00:00-05:00,14.367560805381537,14.429527835579403,14.270184767274149,14.314446449279785,1132600,0.0,0.0
2024-12-10 00:00:00-05:00,14.349855890876992,14.49149699222063,14.199365492119664,14.394119262695312,2216300,0.0,0.0
2024-12-11 00:00:00-05:00,14.438379417171626,14.549035302287693,14.32329803957983,14.376412391662598,2385700,0.0,0.0
2024-12-12 00:00:00-05:00,14.323298299770109,14.40739616613507,14.243625925961263,14.25247859954834,1414500,0.0,0.0
2024-12-13 00:00:00-05:00,14.199365681168777,14.22592201613835,14.066578096658374,14.208216667175293,1532100,0.0,0.0
2024-12-16 00:00:00-05:00,14.128543195276917,14.41624832263808,14.11969052200737,14.33215045928955,1184500,0.0,0.0
2024-12-17 00:00:00-05:00,14.234774054527024,14.385266137038114,14.093134646101875,14.181659698486328,1336500,0.0,0.0
2024-12-18 00:00:00-05:00,14.190514465082833,14.24362882895569,13.433627603875095,13.500020980834961,1651100,0.0,0.0
2024-12-19 00:00:00-05:00,13.606249065936133,13.774446503040718,13.504445842773489,13.579691886901855,1688900,0.0,0.0
2024-12-20 00:00:00-05:00,13.420345498251278,13.9514940800094,13.420345498251278,13.818706512451172,5723300,0.0,0.0
2024-12-23 00:00:00-05:00,13.809854683337207,13.907231557489991,13.708050628271346,13.818706512451172,865600,0.0,0.0
2024-12-24 00:00:00-05:00,13.801004624267646,13.907234191894531,13.739037587544686,13.907234191894531,422800,0.0,0.0
2024-12-26 00:00:00-05:00,13.809853874864455,13.986903110339671,13.78329585636516,13.951493263244629,1570600,0.0,0.0
2024-12-27 00:00:00-05:00,13.809856006124658,13.995757943123019,13.650511247486785,13.66821575164795,1217000,0.0,0.0
2024-12-30 00:00:00-05:00,13.615100269867177,13.703624471832915,13.442477358432189,13.65936279296875,1188100,0.0,0.0
2024-12-31 00:00:00-05:00,13.775422862615885,13.846844298534991,13.65043492405211,13.704001426696777,1210500,0.13,0.0
2025-01-02 00:00:00-05:00,13.730784816748237,13.76649553617576,13.422779329554166,13.516520500183105,1154600,0.0,0.0
2025-01-03 00:00:00-05:00,13.480809538262475,13.565621963245539,13.364749489358042,13.534375190734863,1309600,0.0,0.0
2025-01-06 00:00:00-05:00,13.489735408666249,13.543301907900451,13.186194751041164,13.239760398864746,3111600,0.0,0.0
2025-01-07 00:00:00-05:00,13.275471667537811,13.311182384711262,12.949611266903734,13.052279472351074,3178300,0.0,0.0
2025-01-08 00:00:00-05:00,12.971928458752894,13.079060596339838,12.900507033694929,12.989784240722656,2031100,0.0,0.0
2025-01-10 00:00:00-05:00,12.78444998008911,13.128166200295574,12.70410064534882,13.016570091247559,1430100,0.0,0.0
2025-01-13 00:00:00-05:00,12.963003648624142,13.079062845745893,12.931756024802924,13.043352127075195,981000,0.0,0.0
2025-01-14 00:00:00-05:00,13.052278390264442,13.248687744140625,13.052278390264442,13.248687744140625,1186400,0.0,0.0
2025-01-15 00:00:00-05:00,13.552230975832789,13.65936313218826,13.498664471949708,13.534375190734863,2153000,0.0,0.0
2025-01-16 00:00:00-05:00,13.561156319187068,13.610258870648295,13.454024176243967,13.471879959106445,1743100,0.0,0.0
2025-01-17 00:00:00-05:00,13.579014967112489,13.637044570838144,13.418316293086415,13.427244186401367,1578800,0.0,0.0
2025-01-21 00:00:00-05:00,13.525447745829233,13.65936358426372,13.48973702586218,13.632580757141113,1383300,0.0,0.0
2025-01-22 00:00:00-05:00,13.525447157592458,13.616509787541778,13.454025720764552,13.552230834960938,1554500,0.0,0.0
2025-01-23 00:00:00-05:00,13.489734735148259,13.632578442170669,13.489734735148259,13.623650550842285,1362100,0.0,0.0
2025-01-24 00:00:00-05:00,13.610260574579659,13.72185667720961,13.50759236449867,13.534375190734863,1204800,0.0,0.0
2025-01-27 00:00:00-05:00,13.748636914517665,14.09681699566714,13.703999162999724,13.91826343536377,2436200,0.0,0.0
2025-01-28 00:00:00-05:00,13.900410855336492,14.297692724944508,13.900410855336492,14.016470909118652,2204800,0.0,0.0
2025-01-29 00:00:00-05:00,13.989686780220023,14.072713792740405,13.699537098464194,13.73971176147461,1829500,0.0,0.0
2025-01-30 00:00:00-05:00,13.882552932680797,13.998612961481049,13.762028958379318,13.855770111083984,1412300,0.0,0.0
2025-01-31 00:00:00-05:00,13.900640005330148,13.990379793822477,13.775005328427348,13.855770111083984,1413800,0.08,0.0
2025-02-03 00:00:00-05:00,13.667320166637092,13.8826955339749,13.514763862846902,13.766034126281738,1769100,0.0,0.0
2025-02-04 00:00:00-05:00,13.757057595366833,13.887180208461219,13.662831583806415,13.810901641845703,918100,0.0,0.0
2025-02-05 00:00:00-05:00,13.846796816892391,13.900640005330148,13.770518253420526,13.855770111083984,1524100,0.0,0.0
2025-02-06 00:00:00-05:00,13.891664798385028,14.223701477050781,13.891664798385028,14.223701477050781,1607400,0.0,0.0
2025-02-07 00:00:00-05:00,14.187807474600778,14.232676515110844,13.994867519447965,14.062171936035156,1831500,0.0,0.0
2025-02-10 00:00:00-05:00,14.044225172020315,14.044225172020315,13.66731937090108,13.748085021972656,2071500,0.0,0.0
2025-02-11 00:00:00-05:00,13.649372172469786,13.792955174402001,13.537197845232468,13.730137825012207,1299300,0.0,0.0
2025-02-12 00:00:00-05:00,13.541684526671963,13.71218912254564,13.49232755026177,13.67629337310791,1241800,0.0,0.0
2025-02-13 00:00:00-05:00,13.712188493944538,13.824362812772865,13.6314228474566,13.739110946655273,1359900,0.0,0.0
2025-02-14 00:00:00-05:00,13.77500644133615,13.864745381256608,13.653857973830307,13.667318344116211,1459000,0.0,0.0
2025-02-18 00:00:00-05:00,13.640396282035255,13.806414641744471,13.604500536128139,13.80192756652832,3149900,0.0,0.0
2025-02-19 00:00:00-05:00,13.685265380684008,13.851283730716299,13.649369636869194,13.783978462219238,1529200,0.0,0.0
2025-02-20 00:00:00-05:00,13.694241447894393,13.730137196734894,13.44297035018873,13.703215599060059,3064700,0.0,0.0
2025-02-21 00:00:00-05:00,13.846795890088474,13.846795890088474,13.196184606621411,13.2455415725708,2762300,0.0,0.0
2025-02-24 00:00:00-05:00,13.371178569387842,13.380152720363489,13.057090987639459,13.119908332824707,3822300,0.0,0.0
2025-02-25 00:00:00-05:00,13.137855121490242,13.151315490581137,12.769922676268328,12.913506507873535,2952300,0.0,0.0
2025-02-26 00:00:00-05:00,12.922479962187884,13.164776878692157,12.868636773512748,12.985298156738281,2914800,0.0,0.0
2025-02-27 00:00:00-05:00,13.048117485425346,13.218622083329546,13.01401639468007,13.066065788269043,1657100,0.0,0.0
2025-02-28 00:00:00-05:00,13.12020546596689,13.472123254798854,13.12020546596689,13.36384105682373,3529500,0.08,0.0
2025-03-03 00:00:00-05:00,13.332257155116148,13.499192737641703,13.120204638359688,13.1472749710083,2490200,0.0,0.0
2025-03-04 00:00:00-05:00,13.084112167358398,13.21044183601382,12.92620029667674,13.084112167358398,4179700,0.0,0.0
2025-03-05 00:00:00-05:00,13.075087065153857,13.246534516117991,13.020946398939143,13.129228591918945,3346800,0.0,0.0
2025-03-06 00:00:00-05:00,13.029968964978197,13.156298617443005,12.948757967554773,12.957780838012695,3141200,0.0,0.0
2025-03-07 00:00:00-05:00,12.957781039400736,13.246534412300866,12.93973443765406,13.237510681152344,2781900,0.0,0.0
2025-03-10 00:00:00-04:00,13.174346774680489,13.273605239358417,12.723170527061985,12.795358657836914,3952300,0.0,0.0
2025-03-11 00:00:00-04:00,12.885592745738801,12.921686809318729,12.344181792039901,12.362228393554688,5921200,0.0,0.0
2025-03-12 00:00:00-04:00,12.452464563666929,12.491265920476717,12.145664578650653,12.308088302612305,3182000,0.0,0.0
2025-03-13 00:00:00-04:00,12.353205653308153,12.45246498152679,11.825329393269557,11.865935325622559,3461100,0.0,0.0
2025-03-14 00:00:00-04:00,11.97421699779213,12.226875433833053,11.929099204790099,12.20882797241211,2128600,0.0,0.0
2025-03-17 00:00:00-04:00,12.217852540415445,12.484046590764427,12.217852540415445,12.425394058227539,2210500,0.0,0.0
2025-03-18 00:00:00-04:00,12.353205001017791,12.353205001017791,12.09603468339518,12.127616882324219,2430600,0.0,0.0
2025-03-19 00:00:00-04:00,12.163712476559047,12.371254019343027,12.150177738487594,12.271995544433594,1780700,0.0,0.0
2025-03-20 00:00:00-04:00,12.172735083835962,12.353205412695013,12.145664749644705,12.19078254699707,1772700,0.0,0.0
2025-03-21 00:00:00-04:00,12.055427837030244,12.055427837030244,11.739605011190529,12.02835750579834,4400400,0.0,0.0
2025-03-24 00:00:00-04:00,12.118592674905468,12.226874856668736,11.96068083712768,12.073474884033203,2145200,0.0,0.0
2025-03-25 00:00:00-04:00,12.17273573209224,12.17273573209224,11.843377256815758,11.92910099029541,2062000,0.0,0.0
2025-03-26 00:00:00-04:00,11.974218988283427,12.13664186532007,11.856913051198344,11.902029991149902,2041000,0.0,0.0
2025-03-27 00:00:00-04:00,11.87495759596473,11.879469461287627,11.66741695441337,11.7215576171875,1869800,0.0,0.0
2025-03-28 00:00:00-04:00,11.757650811759369,11.757650811759369,11.514016126150135,11.613274574279785,1975100,0.0,0.0
2025-03-31 00:00:00-04:00,11.549718590150704,11.749477246277232,11.486158230534848,11.722237586975098,2636000,0.08,0.0
2025-04-01 00:00:00-04:00,11.685916561635189,11.849356232657508,11.60419672612403,11.731316566467285,2256800,0.0,0.0
2025-04-02 00:00:00-04:00,11.576956603381626,11.858435929258695,11.576956603381626,11.713155746459961,4535900,0.0,0.0
2025-04-03 00:00:00-04:00,11.53155550847496,11.53155550847496,10.519139607239607,10.62355899810791,6584400,0.0,0.0
2025-04-04 00:00:00-04:00,10.41472044138228,10.598135435630722,10.083301049828917,10.451040267944336,4306600,0.0,0.0
2025-04-07 00:00:00-04:00,10.133241604213543,10.596320063722864,9.706482972944189,10.069682121276855,6320500,0.0,0.0
2025-04-08 00:00:00-04:00,10.423799981925216,10.469199982627376,9.55666334565262,9.679243087768555,4662300,0.0,0.0
2025-04-09 00:00:00-04:00,9.515802666167678,11.136577105482688,9.479482841714097,11.068476676940918,7283200,0.0,0.0
2025-04-10 00:00:00-04:00,10.723442135015128,10.877800787821519,10.019744125247467,10.260363578796387,4917200,0.0,0.0
2025-04-11 00:00:00-04:00,10.187722333623705,10.50370476990357,10.015202490651205,10.414721488952637,2632800,0.0,0.0
2025-04-14 00:00:00-04:00,10.596319817697012,10.619019385095072,10.165021109669949,10.441960334777832,2028300,0.0,0.0
2025-04-15 00:00:00-04:00,10.405640507381142,10.587239644364592,10.391112749609063,10.441960334777832,2006800,0.0,0.0
2025-04-16 00:00:00-04:00,10.369320203822182,10.623558983924294,10.369320203822182,10.46012020111084,2722500,0.0,0.0
2025-04-17 00:00:00-04:00,10.469200546359053,10.814239357968479,10.469200546359053,10.786999702453613,2900800,0.0,0.0
2025-04-21 00:00:00-04:00,10.614479816843367,10.737059565018901,10.478280673937018,10.723440170288086,2643700,0.0,0.0
2025-04-22 00:00:00-04:00,10.796079256783436,10.886878391933884,10.58723960066473,10.741599082946777,2192000,0.0,0.0
2025-04-23 00:00:00-04:00,11.168358052030293,11.275501675651007,10.67803993588911,10.696199417114258,2187800,0.0,0.0
2025-04-24 00:00:00-04:00,10.678040119093813,10.891419006265101,10.632640116352487,10.823319435119629,2292700,0.0,0.0
2025-04-25 00:00:00-04:00,10.74159945987174,10.805158943300667,10.678039976442811,10.796079635620117,1890200,0.0,0.0
2025-04-28 00:00:00-04:00,10.796079213352224,10.977678348855557,10.664419298904193,10.84147834777832,2415800,0.0,0.0
2025-04-29 00:00:00-04:00,10.759760856628418,10.8414798293225,10.682581105250867,10.759760856628418,2189100,0.0,0.0
2025-04-30 00:00:00-04:00,10.631775101498741,10.787183748154781,10.540357942823904,10.759758949279785,2541600,0.08,0.0
2025-05-01 00:00:00-04:00,10.878602861818596,11.006586742856282,10.686627476171497,10.7140531539917,3588200,0.0,0.0
2025-05-02 00:00:00-04:00,10.805468481197488,10.933452350587372,10.572355471854548,10.732335090637207,4738000,0.0,0.0
2025-05-05 00:00:00-04:00,10.631776628924332,10.727763874686246,10.494650871211757,10.503792762756348,3765800,0.0,0.0
2025-05-06 00:00:00-04:00,10.403234431495802,10.50379262167941,10.293534349890386,10.339242935180664,4094500,0.0,0.0
2025-05-07 00:00:00-04:00,10.35752583539933,10.531218284957417,10.32095914156901,10.384950637817383,3068600,0.0,0.0
2025-05-08 00:00:00-04:00,10.540359576153111,10.691197301067291,10.444372329307168,10.613492965698242,2134300,0.0,0.0
2025-05-09 00:00:00-04:00,10.704910287131797,10.76433084002998,10.572355471854548,10.732335090637207,1842100,0.0,0.0
2025-05-12 00:00:00-04:00,11.216842572656153,11.408817029302671,11.006583464423588,11.171133995056152,4232600,0.0,0.0
2025-05-13 00:00:00-04:00,11.244269340521056,11.427102811135471,11.111714529438881,11.235127449035645,4286600,0.0,0.0
2025-05-14 00:00:00-04:00,11.198558698848906,11.280833963474281,11.079716746814318,11.098000526428223,2288300,0.0,0.0
2025-05-15 00:00:00-04:00,11.015727002023764,11.038580858332908,10.91059786809172,10.97916030883789,1679000,0.0,0.0
2025-05-16 00:00:00-04:00,11.015726232819125,11.161992995349122,10.93802190624773,11.152851104736328,2240900,0.0,0.0
2025-05-19 00:00:00-04:00,10.970017508827027,11.029438053399629,10.892313183266756,11.015726089477539,1375800,0.0,0.0
2025-05-20 00:00:00-04:00,10.951733426870339,10.970017207355545,10.764329035990173,10.78718376159668,2468000,0.0,0.0
2025-05-21 00:00:00-04:00,10.704909196366753,10.723192106234514,10.517504793174053,10.595209121704102,3610900,0.0,0.0
2025-05-22 00:00:00-04:00,10.586067199707031,10.618062945745473,10.421516652287963,10.586067199707031,3090000,0.0,0.0
2025-05-23 00:00:00-04:00,10.384950808882628,10.503792783743473,10.375809789138534,10.485509872436523,2427200,0.0,0.0
2025-05-27 00:00:00-04:00,10.604351192401397,10.787184653273412,10.471796388382494,10.768900871276855,2580600,0.0,0.0
2025-05-28 00:00:00-04:00,10.77804183959961,10.814608528643648,10.691195626188026,10.77804183959961,2676700,0.0,0.0
2025-05-29 00:00:00-04:00,10.805469548361895,10.887744838822538,10.68662755900973,10.842036247253418,2834200,0.0,0.0
2025-05-30 00:00:00-04:00,10.768403985862204,10.828228944959633,10.616541911003175,10.667162895202637,6141000,0.08,0.0
2025-06-02 00:00:00-04:00,10.731588427257444,10.786811396143852,10.391970021258803,10.722384452819824,3427100,0.0,0.0
2025-06-03 00:00:00-04:00,10.694772720336914,10.814421747123157,10.621142685043727,10.694772720336914,2488400,0.0,0.0
2025-06-04 00:00:00-04:00,10.713180571352286,10.763800671572513,10.538308580804598,10.60273551940918,2704700,0.0,0.0
2025-06-05 00:00:00-04:00,10.584329003965044,10.736191080651489,10.519902934382724,10.648755073547363,2646600,0.0,0.0
2025-06-06 00:00:00-04:00,10.805219456909679,10.842034480292666,10.726987422503408,10.832831382751465,2807500,0.0,0.0
2025-06-09 00:00:00-04:00,10.832831641442471,10.934072738728503,10.740793641917415,10.796015739440918,3981300,0.0,0.0
2025-06-10 00:00:00-04:00,10.915664608330076,11.035313654650466,10.842034561015899,10.9248685836792,2361600,0.0,0.0
2025-06-11 00:00:00-04:00,11.007701516210858,11.049118523440836,10.703977381683897,10.722384452819824,3469100,0.0,0.0
2025-06-12 00:00:00-04:00,10.63034780955596,10.814422917713859,10.58432881308165,10.676366806030273,4019500,0.0,0.0
2025-06-13 00:00:00-04:00,10.621144407518345,10.667163406474492,10.455476362371979,10.501495361328125,5280200,0.0,0.0
2025-06-16 00:00:00-04:00,10.639551976278009,10.722385118138405,10.57052304145196,10.648755073547363,3104200,0.0,0.0
2025-06-17 00:00:00-04:00,10.556716528331407,10.694772623825477,10.492289589726825,10.60273551940918,3724100,0.0,0.0
2025-06-18 00:00:00-04:00,10.565920990320757,10.832830997530191,10.565920990320757,10.657958984375,3195400,0.0,0.0
2025-06-20 00:00:00-04:00,10.759200765728123,10.869646716772857,10.602737570183487,10.68557071685791,6321500,0.0,0.0
2025-06-23 00:00:00-04:00,10.602737520369244,10.832831641442471,10.538310569605938,10.796015739440918,3326600,0.0,0.0
2025-06-24 00:00:00-04:00,10.88805333797249,10.970887358946484,10.805219316998496,10.842034339904785,2817800,0.0,0.0
2025-06-25 00:00:00-04:00,10.85123730529745,10.85123730529745,10.607337252652451,10.639551162719727,2507200,0.0,0.0
2025-06-26 00:00:00-04:00,10.667161876670507,10.888051986694336,10.64875392863222,10.888051986694336,2133100,0.0,0.0
2025-06-27 00:00:00-04:00,10.897256851196289,10.9984979404621,10.782209799773591,10.897256851196289,3747900,0.0,0.0
2025-06-30 00:00:00-04:00,10.934321959039224,10.97138742125792,10.688762719521408,10.813858985900879,3043700,0.08,0.0
2025-07-01 00:00:00-04:00,10.832393404997562,11.212315572076605,10.758262465984702,11.036253929138184,6189500,0.0,0.0
2025-07-02 00:00:00-04:00,11.036252977948818,11.221580309508035,10.980655220336265,11.21231460571289,2543300,0.0,0.0
2025-07-03 00:00:00-04:00,11.2586452826178,11.295710747305936,11.147448888553399,11.230846405029297,2429500,0.0,0.0
2025-07-07 00:00:00-04:00,11.165983207932474,11.249380732961596,10.915790632845104,10.989921569824219,3014300,0.0,0.0
2025-07-08 00:00:00-04:00,11.026985604194522,11.263278266475737,11.008453314215206,11.184514045715332,2943300,0.0,0.0
2025-07-09 00:00:00-04:00,11.212313557879664,11.36520870259119,11.12428275222444,11.351308822631836,4867200,0.0,0.0
2025-07-10 00:00:00-04:00,11.360576637824124,11.721964718745049,11.35131005018245,11.61076831817627,2874200,0.0,0.0
2025-07-11 00:00:00-04:00,11.545903512531815,11.629301030566452,11.443973703661928,11.592235565185547,1890700,0.0,0.0
2025-07-14 00:00:00-04:00,11.56443705567392,11.647834582739632,11.365210709996443,11.638568878173828,3061200,0.0,0.0
2025-07-15 00:00:00-04:00,11.638568191878976,11.68489936310746,11.434707680373952,11.471773147583008,3294600,0.0,0.0
2025-07-16 00:00:00-04:00,11.536636450476335,11.638567138861733,11.369842304981768,11.3976411819458,2712800,0.0,0.0
2025-07-17 00:00:00-04:00,11.379107278209279,11.559802176160089,11.323509527847728,11.369841575622559,2635800,0.0,0.0
2025-07-18 00:00:00-04:00,11.416175418333271,11.448607594272318,11.309612302044828,11.434708595275879,2878300,0.0,0.0
2025-07-21 00:00:00-04:00,11.518106124096578,11.564437299032065,11.425442006804575,11.434708595275879,1695100,0.0,0.0
2025-07-22 00:00:00-04:00,11.434706085782837,11.749762954979756,11.434706085782837,11.731229782104492,1798100,0.0,0.0
2025-07-23 00:00:00-04:00,11.842426123726776,11.90265805163474,11.670998693826334,11.694164276123047,4372500,0.0,0.0
2025-07-24 00:00:00-04:00,11.694165490612598,11.777563009478467,11.490304987130518,11.52737045288086,5072300,0.0,0.0
2025-07-25 00:00:00-04:00,11.592236065541789,11.694165878811278,11.508838543907462,11.647833824157715,2123700,0.0,0.0
2025-07-28 00:00:00-04:00,11.675631989515836,11.712697451424665,11.471771507162106,11.481038093566895,1980300,0.0,0.0
2025-07-29 00:00:00-04:00,11.555170010041008,11.555170010041008,11.295710870679821,11.342042922973633,2723400,0.0,0.0
2025-07-30 00:00:00-04:00,11.397641311004161,11.434706775279363,11.036252371538165,11.119649887084961,2889100,0.0,0.0
2025-07-31 00:00:00-04:00,11.082335795571161,11.12897880047255,10.884570308844946,10.961064338684082,3170000,0.08,0.0
2025-08-01 00:00:00-04:00,10.858452246275395,10.895766478476693,10.643894743886829,10.755837440490723,3954200,0.0,0.0
2025-08-04 00:00:00-04:00,10.821135711651168,10.970392608698836,10.755835151961854,10.858449935913086,3475400,0.0,0.0
2025-08-05 00:00:00-04:00,10.89576447710591,10.96106414905335,10.793149690169868,10.923749923706055,3411900,0.0,0.0
2025-08-06 00:00:00-04:00,10.830464237715896,10.951735696112673,10.769828953338173,10.802478790283203,6752700,0.0,0.0
2025-08-07 00:00:00-04:00,11.045020673101272,11.212935121260843,10.779156723276117,10.970392227172852,3863700,0.0,0.0
2025-08-08 00:00:00-04:00,11.00770913736467,11.0776732112972,10.914423112360316,10.933080673217773,2946800,0.0,0.0
2025-08-11 00:00:00-04:00,10.951735685962166,11.045021696839791,10.844457396201832,10.979722023010254,2719400,0.0,0.0
2025-08-12 00:00:00-04:00,11.10098996579423,11.427490036993346,11.035690307410857,11.390175819396973,4125400,0.0,0.0
2025-08-13 00:00:00-04:00,11.418164665894974,11.744664834479725,11.366858157422401,11.688693046569824,3350500,0.0,0.0
2025-08-14 00:00:00-04:00,11.558093650464537,11.586079099501012,11.404172346301852,11.492793083190918,2669300,0.0,0.0
2025-08-15 00:00:00-04:00,11.502122073805381,11.516115243401075,11.31555092740314,11.343536376953125,2014300,0.0,0.0
2025-08-18 00:00:00-04:00,11.380849011768257,11.520778019196833,11.352863566139051,11.408834457397461,1928400,0.0,0.0
2025-08-19 00:00:00-04:00,11.408834332894672,11.642048453089327,11.400438788261658,11.56742000579834,2061000,0.0,0.0
2025-08-20 00:00:00-04:00,11.58607820192632,11.666303386853528,11.47879991422954,11.502120971679688,2248500,0.0,0.0
2025-08-21 00:00:00-04:00,11.47413641371373,11.553429260684894,11.404172346301852,11.492793083190918,2199100,0.0,0.0
2025-08-22 00:00:00-04:00,11.660705461130435,12.033847680030119,11.60473368347487,12.00586223602295,3357800,0.0,0.0
2025-08-25 00:00:00-04:00,11.973212586179722,12.043176642088214,11.828620085350007,11.856605529785156,2069000,0.0,0.0
2025-08-26 00:00:00-04:00,11.809964490048504,12.066500590492701,11.805300100261368,11.875264167785645,4087700,0.0,0.0
2025-08-27 00:00:00-04:00,11.903250706318076,12.318371618286264,11.903250706318076,12.285721778869629,3753100,0.0,0.0
2025-08-28 00:00:00-04:00,12.360350111619786,12.379007670891609,12.164450187472609,12.267064094543457,2132800,0.0,0.0
2025-08-29 00:00:00-04:00,12.267063016003183,12.304605637590475,12.168513969994054,12.257678031921387,3816100,0.08,0.0
2025-09-02 00:00:00-04:00,12.107506353392695,12.173206610873338,11.966721749666585,12.032421112060547,2185300,0.0,0.0
2025-09-03 00:00:00-04:00,12.013652234055924,12.173208622018851,11.976109607187402,12.088737487792969,2031900,0.0,0.0
2025-09-04 00:00:00-04:00,12.121587637407067,12.229522581890844,12.051195321225773,12.220137596130371,1905700,0.0,0.0
2025-09-05 00:00:00-04:00,12.238906860351562,12.42192703747827,12.1544357339587,12.238906860351562,2010700,0.0,0.0
2025-09-08 00:00:00-04:00,12.154434261667548,12.177898957871431,12.008956725550018,12.051192283630371,1928200,0.0,0.0
2025-09-09 00:00:00-04:00,12.004264810136187,12.027728613254627,11.807165820646453,11.844708442687988,2460800,0.0,0.0
2025-09-10 00:00:00-04:00,11.81655303442644,11.891638286989233,11.7508536622057,11.760238647460938,2385300,0.0,0.0
2025-09-11 00:00:00-04:00,11.741465601558286,11.901021957397461,11.703922982248283,11.901021957397461,2878500,0.0,0.0
2025-09-12 00:00:00-04:00,11.825938630950972,11.93856650709214,11.736774560015,11.797780990600586,2384500,0.0,0.0
2025-09-15 00:00:00-04:00,11.816553503199248,11.87286699731194,11.718003545871762,11.73208236694336,1889600,0.0,0.0
2025-09-16 00:00:00-04:00,11.7508536622057,11.811860094255414,11.59129727673806,11.760238647460938,1839300,0.0,0.0
2025-09-17 00:00:00-04:00,11.816552642679406,11.966723142826481,11.610067757433788,11.685153007507324,2449300,0.0,0.0
2025-09-18 00:00:00-04:00,11.750852059309834,11.915100467457087,11.722694422124567,11.882250785827637,1501500,0.0,0.0
2025-09-19 00:00:00-04:00,11.891638758740738,11.891638758740738,11.694539739172615,11.73208236694336,6670500,0.0,0.0
2025-09-22 00:00:00-04:00,11.732081191131421,11.738651127955677,11.50682544708252,11.50682544708252,2243500,0.0,0.0
2025-09-23 00:00:00-04:00,11.619452571502206,11.703923693857297,11.534981449147118,11.572524070739746,2655400,0.0,0.0
2025-09-24 00:00:00-04:00,11.553755298756814,11.610068793795342,11.389505963901849,11.422355651855469,2294800,0.0,0.0
2025-09-25 00:00:00-04:00,11.366039342514114,11.403581964562818,11.239333552528933,11.262797355651855,2562600,0.0,0.0
2025-09-26 00:00:00-04:00,11.29095458984375,11.366039837209165,11.239334041709247,11.29095458984375,2189400,0.0,0.0
2025-09-29 00:00:00-04:00,11.328496904719545,11.34726866359257,11.19709817295528,11.272183418273926,1822000,0.0,0.0
2025-09-30 00:00:00-04:00,11.234390412754244,11.366670291260819,11.158801653296463,11.347773551940918,3664200,0.08,0.0
2025-10-01 00:00:00-04:00,11.404463768005371,11.47060460311084,11.270294316299005,11.404463768005371,2615400,0.0,0.0
2025-10-02 00:00:00-04:00,11.413912587461725,11.546193356583643,11.253286261059761,11.404463768005371,2887600,0.0,0.0
2025-10-03 00:00:00-04:00,11.347772302788215,11.51784654230206,11.281631469726562,11.281631469726562,3186100,0.0,0.0
2025-10-06 00:00:00-04:00,11.272184562145464,11.30997894110206,11.073763847351074,11.073763847351074,3582700,0.0,0.0
2025-10-07 00:00:00-04:00,11.073763556062083,11.168249050423647,11.007622718811035,11.007622718811035,3172100,0.0,0.0
2025-10-08 00:00:00-04:00,11.026519156691535,11.097383495012334,10.913136035160466,10.941481590270996,2335500,0.0,0.0
2025-10-09 00:00:00-04:00,10.932033748428417,10.979276945226935,10.771407419966872,10.83754825592041,2456700,0.0,0.0
2025-10-10 00:00:00-04:00,10.856444129339753,10.922584960025596,10.686369895935059,10.686369895935059,3446800,0.0,0.0
2025-10-13 00:00:00-04:00,10.818650188973045,10.83282341777887,10.714715880997312,10.761959075927734,5314200,0.0,0.0
2025-10-14 00:00:00-04:00,10.620230375788035,10.99817506562473,10.322599754785415,10.969828605651855,3120600,0.0,0.0
2025-10-15 00:00:00-04:00,11.02651934437191,11.144626877279844,10.922585039804956,10.95093059539795,2790500,0.0,0.0
2025-10-16 00:00:00-04:00,10.9792766786415,11.017071054944832,10.804478026146969,10.87534236907959,3506600,0.0,0.0
2025-10-17 00:00:00-04:00,10.828097966091423,11.02651864483219,10.828097966091423,10.913135528564453,2429600,0.0,0.0
2025-10-20 00:00:00-04:00,10.988724449020777,11.054864375965728,10.837546958238649,11.026518821716309,2240600,0.0,0.0
2025-10-21 00:00:00-04:00,10.98872459548744,11.158799725428695,10.932032585144043,10.932032585144043,2369600,0.0,0.0
2025-10-22 00:00:00-04:00,10.932034563493225,11.220217274470235,10.932034563493225,11.092660903930664,2961800,0.0,0.0
2025-10-23 00:00:00-04:00,11.11155812097835,11.11155812097835,10.932034146819475,11.017071723937988,3642300,0.0,0.0
2025-10-24 00:00:00-04:00,11.102107567107373,11.158799576695133,10.99817326746689,11.026518821716309,3380500,0.0,0.0
2025-10-27 00:00:00-04:00,11.092659257853278,11.130453632283704,10.988724953441846,11.054864883422852,2712200,0.0,0.0
2025-10-28 00:00:00-04:00,11.054864651354393,11.054864651354393,10.865892783169238,10.884790420532227,3404100,0.0,0.0
2025-10-29 00:00:00-04:00,10.856445578597025,10.988726356538281,10.771407999998294,10.81865119934082,3083500,0.0,0.0
2025-10-30 00:00:00-04:00,10.771407127380371,10.930143867832413,10.743061570506828,10.771407127380371,2726100,0.0,0.0
2025-10-31 00:00:00-04:00,10.742862085316073,10.771407966183633,10.514493223461205,10.64770793914795,3954600,0.08,0.0
2025-11-03 00:00:00-05:00,10.543036874468747,10.857044219970703,10.524006593734356,10.857044219970703,4390500,0.0,0.0
2025-11-04 00:00:00-05:00,10.476430524346899,10.876076439700416,10.324184634204052,10.628676414489746,6120000,0.0,0.0
2025-11-05 00:00:00-05:00,10.56207089656492,10.86370786918316,10.500220425804825,10.799955368041992,3285900,0.0,0.0
2025-11-06 00:00:00-05:00,10.857047480878343,10.961717232454491,10.676255676044416,10.704801559448242,3252800,0.0,0.0
2025-11-07 00:00:00-05:00,10.723832567817091,11.1377510461116,10.68577018066083,11.104447364807129,2974700,0.0,0.0
2025-11-10 00:00:00-05:00,11.161537791121612,11.313784599103618,11.028323081890935,11.256691932678223,2862600,0.0,0.0
2025-11-11 00:00:00-05:00,11.3137845993042,11.446999308537238,11.261449730701422,11.3137845993042,2041600,0.0,0.0
2025-11-12 00:00:00-05:00,11.313784767139637,11.442241680454654,11.209115028381348,11.209115028381348,2305100,0.0,0.0
2025-11-13 00:00:00-05:00,11.152023148821183,11.247176383312192,11.014049733742064,11.08541488647461,1929300,0.0,0.0
2025-11-14 00:00:00-05:00,11.113962124891797,11.20435756521081,11.04735385984014,11.171053886413574,2931500,0.0,0.0
2025-11-17 00:00:00-05:00,11.132990579830237,11.147263971593388,10.966471305754958,10.999775886535645,3629600,0.0,0.0
2025-11-18 00:00:00-05:00,10.990260292026877,11.056867638674172,10.904621756362046,10.999775886535645,1328300,0.0,0.0
2025-11-19 00:00:00-05:00,11.009290095673833,11.071140549838855,10.828498345140616,10.857044219970703,1534400,0.0,0.0
2025-11-20 00:00:00-05:00,10.876077029941277,11.009291737317241,10.766649496437562,10.780922889709473,2677500,0.0,0.0
2025-11-21 00:00:00-05:00,10.857044784960577,11.247175088616093,10.823741111349552,11.180567741394043,2437100,0.0,0.0
2025-11-24 00:00:00-05:00,11.237661194627714,11.40417957443558,11.152022652179607,11.228145599365234,4436100,0.0,0.0
2025-11-25 00:00:00-05:00,11.313784388752234,11.542153235293577,11.29475319781189,11.418453216552734,3596400,0.0,0.0
2025-11-26 00:00:00-05:00,11.446997802740833,11.556425323375366,11.399420738220215,11.399420738220215,3899600,0.0,0.0
2025-11-28 00:00:00-05:00,11.466477683753428,11.471267466491438,11.346735855976096,11.389842987060547,1566300,0.08,0.0
2025-12-01 00:00:00-05:00,11.327576922057752,11.447318751917892,11.26531157249585,11.303628921508789,2175900,0.0,0.0
2025-12-02 00:00:00-05:00,11.361105261407609,11.385054177144031,11.203046071778115,11.284470558166504,2637900,0.0,0.0
2025-12-03 00:00:00-05:00,11.322787139236427,11.438697508262573,11.20783509219761,11.303628921508789,2093400,0.0,0.0
2025-12-04 00:00:00-05:00,11.265311544058338,11.303628892974551,11.03061766775183,11.083303451538086,2772300,0.0,0.0
2025-12-05 00:00:00-05:00,11.04498576230647,11.226993849218735,11.025827545217492,11.150359153747559,1925900,0.0,0.0
2025-12-08 00:00:00-05:00,11.169517768136728,11.207835117235266,10.973141239812017,10.977931022644043,3222200,0.0,0.0
2025-12-09 00:00:00-05:00,10.977931388897641,11.179097706765832,10.977931388897641,11.131200790405273,2197900,0.0,0.0
2025-12-10 00:00:00-05:00,11.198257184079973,11.37068573693927,11.164729612925731,11.274892807006836,2483800,0.0,0.0
2025-12-11 00:00:00-05:00,11.32278614066335,11.504794217591495,11.284468795029674,11.409000396728516,3045500,0.0,0.0
2025-12-12 00:00:00-05:00,11.504794078850137,11.715539020515097,11.485634949485558,11.610166549682617,2538300,0.0,0.0
2025-12-15 00:00:00-05:00,11.7634383166752,11.806545452932559,11.567061768639574,11.773017883300781,3334500,0.0,0.0
2025-12-16 00:00:00-05:00,11.782595398779929,11.782595398779929,11.61974644872527,11.648484230041504,2475400,0.0,0.0
2025-12-17 00:00:00-05:00,11.705962031723558,11.897548784788244,11.705962031723558,11.80175495147705,3039800,0.0,0.0
2025-12-18 00:00:00-05:00,11.820912362589501,11.84007057832793,11.634115419741379,11.71553897857666,2205500,0.0,0.0
2025-12-19 00:00:00-05:00,11.705961757758745,11.78259645719107,11.634116841235649,11.658064842224121,5591200,0.0,0.0
2025-12-22 00:00:00-05:00,11.61974644872527,11.730867026987667,11.591008667409035,11.648484230041504,2184500,0.0,0.0
2025-12-23 00:00:00-05:00,11.658064669477964,11.661896130325504,11.399421877558108,11.418581008911133,2207900,0.0,0.0
2025-12-24 00:00:00-05:00,11.46647743892148,11.581429481506348,11.409000960850234,11.581429481506348,855400,0.0,0.0
2025-12-26 00:00:00-05:00,11.571851402437279,11.581430968939085,11.466478911590631,11.533534049987793,1123000,0.0,0.0
2025-12-29 00:00:00-05:00,11.552693182991408,11.571851402437279,11.461689128339728,11.533534049987793,1576400,0.0,0.0
2025-12-30 00:00:00-05:00,11.50479383871068,11.571848962971929,11.476055145263672,11.476055145263672,1433600,0.0,0.0
2025-12-31 00:00:00-05:00,11.48570219814644,11.5146331807951,11.398908330501104,11.427840232849121,2027200,0.08,0.0
2026-01-02 00:00:00-05:00,11.437481154302645,11.724865076910916,11.30246931390884,11.630356788635254,2482400,0.0,0.0
2026-01-05 00:00:00-05:00,11.61106963706259,11.693041511249007,11.509810749967206,11.524275779724121,2278500,0.0,0.0
2026-01-06 00:00:00-05:00,11.543564678526474,11.871452202716263,11.456770813923374,11.852164268493652,3550700,0.0,0.0
2026-01-07 00:00:00-05:00,11.842519165414236,11.881094110459914,11.55802860081514,11.65928840637207,1530900,0.0,0.0
2026-01-08 00:00:00-05:00,11.582138032962082,12.054681319977387,11.582138032962082,11.977531433105469,2413200,0.0,0.0
2026-01-09 00:00:00-05:00,12.006463687849628,12.194517361839441,11.929313792771502,12.035394668579102,1987800,0.0,0.0
2026-01-12 00:00:00-05:00,11.99681994242985,12.001641925923629,11.861808083401263,11.987176895141602,1387000,0.0,0.0
2026-01-13 00:00:00-05:00,12.025751617771691,12.127010510143366,11.861807860856253,11.948601722717285,1120700,0.0,0.0
2026-01-14 00:00:00-05:00,11.977532891873633,11.985248249380172,11.784658151203224,11.900382995605469,1283300,0.0,0.0
2026-01-15 00:00:00-05:00,11.910026998639749,12.030573826886307,11.901346876531358,11.987176895141602,1511500,0.0,0.0
2026-01-16 00:00:00-05:00,11.98717612650207,12.073969984426103,11.852163356431436,11.938957214355469,1707000,0.0,0.0
2026-01-20 00:00:00-05:00,11.784656804490185,11.866628674870038,11.688218985325934,11.755724906921387,1605700,0.0,0.0
2026-01-21 00:00:00-05:00,11.813588323380012,12.09325690812512,11.746082398693028,12.006463050842285,2436300,0.0,0.0
2026-01-22 00:00:00-05:00,12.02575152593708,12.247557242599857,11.982354595337965,12.016107559204102,1717100,0.0,0.0
2026-01-23 00:00:00-05:00,11.977531800277644,11.996818812737269,11.808766072684593,11.881093978881836,2654500,0.0,0.0
2026-01-26 00:00:00-05:00,11.910025734366727,11.910025734366727,11.72679405985075,11.775012969970703,2914700,0.0,0.0
2026-01-27 00:00:00-05:00,11.765369509751682,11.80394445556598,11.353581526326915,11.456769943237305,3325000,0.0,0.0
2026-01-28 00:00:00-05:00,11.524276452400848,11.612035079371935,11.042089145440986,11.071020126342773,6837400,0.0,0.0
2026-01-29 00:00:00-05:00,11.196388286796967,11.386370560315834,11.042088504675618,11.283182144165039,5128600,0.0,0.0
2026-01-30 00:00:00-05:00,11.283182044352218,11.322022565505385,11.156950119096658,11.302602767944336,4429600,0.08,0.0
2026-02-02 00:00:00-05:00,11.292893567800027,11.50166173773504,11.224922880297898,11.42883586883545,2437000,0.0,0.0
2026-02-03 00:00:00-05:00,11.409413887241161,11.5744863324582,11.34144320722158,11.477384567260742,2010600,0.0,0.0
2026-02-04 00:00:00-05:00,11.603616608825199,11.822095119711022,11.553123838577411,11.78810977935791,2683100,0.0,0.0
2026-02-05 00:00:00-05:00,11.778399474043772,11.826950357365899,11.516225259722935,11.613327026367188,2136200,0.0,0.0
2026-02-06 00:00:00-05:00,11.652166424954144,11.851224193964631,11.642456064019246,11.807528495788574,1643800,0.0,0.0
2026-02-09 00:00:00-05:00,11.797819811478261,11.88132744573634,11.681298241793199,11.846370697021484,1464400,0.0,0.0
2026-02-10 00:00:00-05:00,11.894921955868972,12.166805627000112,11.870646975351086,12.108545303344727,1349800,0.0,0.0
2026-02-11 00:00:00-05:00,12.205645884795258,12.234776972017682,11.933762219603857,11.992023468017578,1686700,0.0,0.0
2026-02-12 00:00:00-05:00,12.011442006691475,12.17651444617643,11.632746246808749,11.875499725341797,1819700,0.0,0.0
2026-02-13 00:00:00-05:00,11.924051362548274,12.016297949530344,11.734703933612897,11.914341926574707,1919200,0.0,0.0
2026-02-17 00:00:00-05:00,11.97260307502926,12.050284124379772,11.739559926977725,11.933762550354004,1815900,0.0,0.0
2026-02-18 00:00:00-05:00,11.972602246540474,12.0745591955272,11.914341926574707,11.914341926574707,1646600,0.0,0.0
2026-02-19 00:00:00-05:00,11.962891075956014,12.026007498689118,11.739558321130634,11.885210037231445,1944200,0.0,0.0
2026-02-20 00:00:00-05:00,11.894921696005085,12.050283790400172,11.788110487616246,11.992023468017578,1701900,0.0,0.0
2026-02-23 00:00:00-05:00,12.030863825710917,12.06387776099749,11.671588755868896,11.856081008911133,2908300,0.0,0.0
2026-02-24 00:00:00-05:00,11.894920903113123,11.980370419746974,11.53564585226527,11.797819137573242,4667000,0.0,0.0
2026-02-25 00:00:00-05:00,11.817239310719518,11.93376086832188,11.724992730356016,11.894920349121094,1903700,0.0,0.0
2026-02-26 00:00:00-05:00,11.992023150103806,12.312457692806593,11.982312787953756,12.205645561218262,2629800,0.0,0.0
2026-02-27 00:00:00-05:00,12.088377029322777,12.283823522657999,11.888044257158876,11.980881690979004,2903600,0.08,0.0
2026-03-02 00:00:00-05:00,11.804979286923174,12.083490654201729,11.74634580537105,12.019970893859863,2365200,0.0,0.0
2026-03-03 00:00:00-05:00,11.824524686624923,11.990654441624296,11.653508652718227,11.902703285217285,2256800,0.0,0.0
2026-03-04 00:00:00-05:00,11.941793638168727,12.156784337285703,11.844069915324653,12.147012710571289,2088300,0.0,0.0
2026-03-05 00:00:00-05:00,12.039515302884507,12.171442036794947,11.971109262469792,12.117693901062012,1765500,0.0,0.0
2026-03-06 00:00:00-05:00,11.951564307495795,11.971109423283934,11.682825489145817,11.863614082336426,3088700,0.0,0.0
2026-03-09 00:00:00-04:00,11.707256912895366,11.795208077236524,11.365225746189465,11.756118774414062,3741100,0.0,0.0
2026-03-10 00:00:00-04:00,11.677938966176004,11.971109173135057,11.592919764591487,11.765890121459961,2415400,0.0,0.0
2026-03-11 00:00:00-04:00,11.75611857585131,11.863614855769315,11.707256715157898,11.834297180175781,1857300,0.0,0.0
2026-03-12 00:00:00-04:00,11.717028912083949,11.795207513995711,11.594874730101518,11.599761009216309,2776500,0.0,0.0
2026-03-13 00:00:00-04:00,11.726801422728759,11.775663281715952,11.409200737255677,11.423858642578125,2616200,0.0,0.0
2026-03-16 00:00:00-04:00,11.550898648318098,11.73168723986303,11.482492607607131,11.511809349060059,2641400,0.0,0.0
2026-03-17 00:00:00-04:00,11.648622707890166,11.717028750629748,11.52158224854349,11.570444107055664,2031600,0.0,0.0
2026-03-18 00:00:00-04:00,11.550898390579047,11.761003718888757,11.502037466568554,11.521581649780273,2521500,0.0,0.0
2026-03-19 00:00:00-04:00,11.492264814041649,11.629076891280615,11.453175515978748,11.560670852661133,2287800,0.0,0.0
2026-03-20 00:00:00-04:00,11.580217526645663,11.585102874094128,11.296819844546983,11.326136589050293,5644600,0.0,0.0
2026-03-23 00:00:00-04:00,11.541127012210197,11.761003970855192,11.492265155190506,11.619305610656738,2634300,0.0,0.0
2026-03-24 00:00:00-04:00,11.433630334882977,11.638849381517698,11.433630334882977,11.492264747619629,2403500,0.0,0.0
2026-03-25 00:00:00-04:00,11.638850551462154,11.721915434210759,11.51669636694729,11.697484970092773,2065100,0.0,0.0
2026-03-26 00:00:00-04:00,11.677938813550945,11.814751823533728,11.599760216978607,11.629076957702637,2119600,0.0,0.0
2026-03-27 00:00:00-04:00,11.580216299096564,11.614419319385187,11.189322375317884,11.228411674499512,3260300,0.0,0.0
2026-03-30 00:00:00-04:00,11.316363272864645,11.409200711534774,11.179550254401429,11.247957229614258,4601600,0.0,0.0
2026-03-31 00:00:00-04:00,11.415249784836929,11.484134610268251,11.17415101885658,11.326683044433594,5789200,0.08,0.0
2026-04-01 00:00:00-04:00,11.356204994343445,11.405408843357167,11.193832949537914,11.366045951843262,4444100,0.0,0.0
2026-04-02 00:00:00-04:00,11.277480143752106,11.489056055064726,11.19973788695523,11.346364974975586,3249800,0.0,0.0
2026-04-06 00:00:00-04:00,11.307001161088333,11.444771750821696,11.243036814221101,11.40540885925293,4383900,0.0,0.0
2026-04-07 00:00:00-04:00,11.425089851608291,11.513656592381942,11.307001176738545,11.444771766662598,4769300,0.0,0.0
2026-04-08 00:00:00-04:00,11.77935697932455,11.892525177012296,11.710471214157133,11.828560829162598,3271800,0.0,0.0
2026-04-09 00:00:00-04:00,11.789197131008873,12.369800500955709,11.769516153943675,12.202507972717285,5042500,0.0,0.0
2026-04-10 00:00:00-04:00,12.232030875512395,12.428845339065472,12.217269438813894,12.281233787536621,2893100,0.0,0.0
2026-04-13 00:00:00-04:00,12.212348982151191,12.320597641166529,12.015534518239747,12.31075668334961,2359000,0.0,0.0
2026-04-14 00:00:00-04:00,12.320597691657378,12.482969742360408,12.261552882999277,12.458367347717285,5324100,0.0,0.0
2026-04-15 00:00:00-04:00,12.438686319513396,12.448526338844925,12.25171187493348,12.31075668334961,5835900,0.0,0.0
2026-04-16 00:00:00-04:00,12.300915754253928,12.409163475036621,12.212349010665637,12.409163475036621,5564100,0.0,0.0
2026-04-17 00:00:00-04:00,12.596137131807644,12.851996388721371,12.546933284172646,12.792951583862305,5988200,0.0,0.0
2026-04-20 00:00:00-04:00,12.684703927817479,12.950403204684074,12.650260577375853,12.920881271362305,3305800,0.0,0.0
2026-04-21 00:00:00-04:00,12.950403145506034,13.029128926327898,12.69946436720434,12.792951583862305,5107600,0.0,0.0
2026-04-22 00:00:00-04:00,12.832315424094459,12.876598796395186,12.67978432977273,12.76343059539795,5202200,0.0,0.0
2026-04-23 00:00:00-04:00,12.832315487269215,12.94056320982313,12.714226806714379,12.930723190307617,6201200,0.0,0.0
2026-04-24 00:00:00-04:00,12.861836483706806,13.098014766057831,12.783110702418245,12.979925155639648,2566100,0.0,0.0
2026-04-27 00:00:00-04:00,13.058651949285807,13.17674062188667,13.019288119933506,13.12753677368164,2998800,0.0,0.0
2026-04-28 00:00:00-04:00,13.186581619619805,13.255467387614587,12.994687629709189,13.176741600036621,2378200,0.0,0.0
2026-04-29 00:00:00-04:00,13.098014889823364,13.329271757233034,13.093094411135667,13.26530647277832,3597300,0.0,0.0
2026-04-30 00:00:00-04:00,13.265307238257526,13.428648674868793,13.151463406941128,13.334604263305664,4705100,0.08,0.0
2026-05-01 00:00:00-04:00,13.324704367038848,13.527643696229573,13.235608867572035,13.25540828704834,5760800,0.0,0.0
2026-05-04 00:00:00-04:00,13.156412890176084,13.270256718276093,12.998021312978112,13.027719497680664,2830000,0.0,0.0
2026-05-05 00:00:00-04:00,13.235608664129035,13.545462210281901,13.13661440053398,13.473196029663086,4157700,0.0,0.0
2026-05-06 00:00:00-04:00,13.69098491482388,13.884024531234681,13.641487311001342,13.869175910949707,4039400,0.0,0.0
2026-05-07 00:00:00-04:00,13.908774002610588,13.968170372770087,13.68108539943042,13.750382423400879,3094500,0.0,0.0
2026-05-08 00:00:00-04:00,13.780081160115952,14.047366724710068,13.706824626959175,13.987970352172852,3388600,0.0,0.0
2026-05-11 00:00:00-04:00,14.007767289319787,14.051325631422294,13.601888659917961,13.651386260986328,3033900,0.0,0.0
2026-05-12 00:00:00-04:00,13.65138778317408,13.715734010876085,13.44349859077698,13.690985679626465,2828300,0.0,0.0
2026-05-13 00:00:00-04:00,13.681084443992063,13.789979355160115,13.572190476912226,13.651386260986328,2100600,0.0,0.0
2026-05-14 00:00:00-04:00,13.780080793647882,14.012718310727129,13.760281373936476,13.87907600402832,2827700,0.0,0.0
2026-05-15 00:00:00-04:00,13.780080419814572,13.780080419814572,13.587040803306722,13.621688842773438,2052000,0.0,0.0
2026-05-18 00:00:00-04:00,13.700883872097679,14.032516572184155,13.631587797004098,13.948370933532715,2481000,0.0,0.0
2026-05-19 00:00:00-04:00,13.95827217236859,13.978070648527392,13.740483270091852,13.8394775390625,1836100,0.0,0.0
2026-05-20 00:00:00-04:00,13.879074868290742,14.393847465515137,13.83947603210834,14.393847465515137,3098500,0.0,0.0
2026-05-21 00:00:00-04:00,14.314652443526905,14.388898377145782,14.106763262941083,14.364150047302246,1584600,0.0,0.0
2026-05-22 00:00:00-04:00,14.344351011597153,14.364150431271856,14.235457035651159,14.324552536010742,1996200,0.0,0.0
2026-05-26 00:00:00-04:00,14.374049750975402,14.661134719848633,14.354250331838085,14.661134719848633,2103800,0.0,0.0
2026-05-27 00:00:00-04:00,14.740331080538272,14.8492250577567,14.631436159231543,14.700733184814453,2734400,0.0,0.0
2026-05-28 00:00:00-04:00,14.671033283526494,14.883872315883684,14.631435389884803,14.829424858093262,3202900,0.0,0.0
2026-05-29 00:00:00-04:00,14.859283448993727,15.003596154096641,14.610467589227092,14.6204195022583,3079500,0.08,0.0
2026-06-01 00:00:00-04:00,14.52089404547207,14.69108362649317,14.421367319725524,14.580609321594238,3044000,0.0,0.0
2026-06-02 00:00:00-04:00,14.590562483442179,14.97871558283113,14.540799119547614,14.86923599243164,3555400,0.0,0.0
2026-06-03 00:00:00-04:00,14.769709887674757,15.15786202933583,14.754780594088869,15.118051528930664,3927800,0.0,0.0
2026-06-04 00:00:00-04:00,15.22753109965134,15.655493741232455,15.177767736911992,15.595778465270996,4218400,0.0,0.0
2026-06-05 00:00:00-04:00,15.526110329406562,15.725162831238501,15.416630741531094,15.56592082977295,3366200,0.0,0.0
2026-06-08 00:00:00-04:00,15.625635786751852,15.73511537239233,15.49625142591313,15.516157150268555,2586400,0.0,0.0
2026-06-09 00:00:00-04:00,15.725162503162569,15.924215000841654,15.620659348657814,15.84459400177002,2415400,0.0,0.0
2026-06-10 00:00:00-04:00,15.585825279430463,15.96402644873761,15.585825279430463,15.78487777709961,2947800,0.0,0.0
2026-06-11 00:00:00-04:00,15.92421593925,16.168056331078134,15.814737296364262,16.083457946777344,1942300,0.0,0.0
2026-06-12 00:00:00-04:00,16.173031806039333,16.272558535277856,16.00383693582819,16.143173217773438,2352800,0.0,0.0
2026-06-15 00:00:00-04:00,16.192937858773917,16.232747412285107,15.983931533318014,16.073505401611328,3040500,0.0,0.0
2026-06-16 00:00:00-04:00,16.053598407161953,16.30241426646791,15.944120719921097,16.292463302612305,2513400,0.0,0.0
2026-06-17 00:00:00-04:00,16.272557576646797,16.48653936749369,16.05359840555824,16.173030853271484,2928100,0.0,0.0
2026-06-18 00:00:00-04:00,16.342226336915353,16.63085175756804,16.342226336915353,16.51142120361328,4425200,0.0,0.0
2026-06-22 00:00:00-04:00,16.620900155129164,16.79507049725645,16.446727914687518,16.531326293945312,2403700,0.0,0.0
2026-06-23 00:00:00-04:00,16.441752748234205,16.770189612772015,16.364121181171964,16.521373748779297,3175100,0.0,0.0
2026-06-24 00:00:00-04:00,16.610948243122255,16.650757795750906,16.22279418968473,16.56118392944336,5148200,0.0,0.0
2026-06-25 00:00:00-04:00,16.640805229409967,16.88962110729279,16.573128419241506,16.849811553955078,3040500,0.0,0.0
2026-06-26 00:00:00-04:00,16.819951381433224,16.979193376418692,16.700520834351284,16.95928955078125,5429400,0.0,0.0
2026-06-29 00:00:00-04:00,16.899573330454444,16.97919433243023,16.63582911734361,16.809999465942383,2672500,0.0,0.0
2026-06-30 00:00:00-04:00,16.700000762939453,17.024999618530273,16.649999618530273,16.809999465942383,2704500,0.08,0.0
2026-07-01 00:00:00-04:00,16.780000686645508,16.860000610351562,16.440000534057617,16.479999542236328,3526700,0.0,0.0
2026-07-02 00:00:00-04:00,16.56999969482422,16.649999618530273,16.46500015258789,16.639999389648438,2490500,0.0,0.0
2026-07-06 00:00:00-04:00,16.639999389648438,16.770000457763672,16.485000610351562,16.579999923706055,2159500,0.0,0.0
2026-07-07 00:00:00-04:00,16.649999618530273,16.704999923706055,16.315000534057617,16.34000015258789,3104700,0.0,0.0
2026-07-08 00:00:00-04:00,16.270000457763672,16.28499984741211,15.989999771118164,16.06999969482422,3444700,0.0,0.0
2026-07-09 00:00:00-04:00,16.1299991607666,16.40999984741211,16.030000686645508,16.40999984741211,3943800,0.0,0.0
2026-07-10 00:00:00-04:00,16.40999984741211,16.674999237060547,16.3799991607666,16.559999465942383,2413900,0.0,0.0
2026-07-13 00:00:00-04:00,16.610000610351562,16.6299991607666,16.280000686645508,16.3700008392334,2520900,0.0,0.0
2026-07-14 00:00:00-04:00,16.559999465942383,16.68000030517578,16.34000015258789,16.68000030517578,2784700,0.0,0.0
2026-07-15 00:00:00-04:00,16.75,16.950000762939453,16.6200008392334,16.690000534057617,2189700,0.0,0.0
2026-07-16 00:00:00-04:00,16.700000762939453,16.985000610351562,16.700000762939453,16.860000610351562,2382100,0.0,0.0
2026-07-17 00:00:00-04:00,16.799999237060547,16.924999237060547,16.674999237060547,16.84000015258789,2076000,0.0,0.0
2026-07-20 00:00:00-04:00,16.889999389648438,17.09000015258789,16.850000381469727,16.899999618530273,2616600,0.0,0.0
2026-07-21 00:00:00-04:00,17.010000228881836,17.079999923706055,16.75,17.06999969482422,2618700,0.0,0.0
