Date,Open,High,Low,Close,Volume,Dividends,Stock Splits
2020-10-26 00:00:00-03:00,8299.479794717334,8315.476864554159,8210.49609375,8210.49609375,10,0.0,0.0
2020-10-27 00:00:00-03:00,8210.49609375,8210.49609375,8210.49609375,8210.49609375,0,0.0,0.0
2020-10-28 00:00:00-03:00,8210.49609375,8210.49609375,8210.49609375,8210.49609375,0,0.0,0.0
2020-10-29 00:00:00-03:00,8210.49609375,8210.49609375,8210.49609375,8210.49609375,0,0.0,0.0
2020-10-30 00:00:00-03:00,8210.49609375,8210.49609375,8210.49609375,8210.49609375,0,0.0,0.0
2020-11-02 00:00:00-03:00,8210.49609375,8210.49609375,8210.49609375,8210.49609375,0,0.0,0.0
2020-11-03 00:00:00-03:00,8210.49609375,8210.49609375,8210.49609375,8210.49609375,0,0.0,0.0
2020-11-04 00:00:00-03:00,8210.49609375,8210.49609375,8210.49609375,8210.49609375,0,0.0,0.0
2020-11-05 00:00:00-03:00,8210.49609375,8210.49609375,8210.49609375,8210.49609375,0,0.0,0.0
2020-11-06 00:00:00-03:00,8210.49609375,8210.49609375,8210.49609375,8210.49609375,0,0.0,0.0
2020-11-09 00:00:00-03:00,8210.49609375,8210.49609375,8210.49609375,8210.49609375,0,0.0,0.0
2020-11-10 00:00:00-03:00,8210.49609375,8210.49609375,8210.49609375,8210.49609375,0,0.0,0.0
2020-11-11 00:00:00-03:00,8210.49609375,8210.49609375,8210.49609375,8210.49609375,0,0.0,0.0
2020-11-12 00:00:00-03:00,8210.49609375,8210.49609375,8210.49609375,8210.49609375,0,0.0,0.0
2020-11-13 00:00:00-03:00,8210.49609375,8210.49609375,8210.49609375,8210.49609375,0,0.0,0.0
2020-11-16 00:00:00-03:00,8210.49609375,8210.49609375,8210.49609375,8210.49609375,0,0.0,0.0
2020-11-17 00:00:00-03:00,8210.49609375,8210.49609375,8210.49609375,8210.49609375,0,0.0,0.0
2020-11-18 00:00:00-03:00,8210.49609375,8210.49609375,8210.49609375,8210.49609375,0,0.0,0.0
2020-11-19 00:00:00-03:00,8210.49609375,8210.49609375,8210.49609375,8210.49609375,0,0.0,0.0
2020-11-20 00:00:00-03:00,7555.61669921875,7555.61669921875,7555.61669921875,7555.61669921875,1,0.0,0.0
2020-11-24 00:00:00-03:00,7555.61669921875,7555.61669921875,7555.61669921875,7555.61669921875,0,0.0,0.0
2020-11-25 00:00:00-03:00,7555.61669921875,7555.61669921875,7555.61669921875,7555.61669921875,0,0.0,0.0
2020-11-26 00:00:00-03:00,7555.61669921875,7555.61669921875,7555.61669921875,7555.61669921875,0,0.0,0.0
2020-11-27 00:00:00-03:00,7555.61669921875,7555.61669921875,7555.61669921875,7555.61669921875,0,0.0,0.0
2020-11-30 00:00:00-03:00,7555.61669921875,7555.61669921875,7555.61669921875,7555.61669921875,0,0.0,0.0
2020-12-01 00:00:00-03:00,7555.61669921875,7555.61669921875,7555.61669921875,7555.61669921875,0,0.0,0.0
2020-12-02 00:00:00-03:00,7555.61669921875,7555.61669921875,7555.61669921875,7555.61669921875,0,0.0,0.0
2020-12-03 00:00:00-03:00,7555.61669921875,7555.61669921875,7555.61669921875,7555.61669921875,0,0.0,0.0
2020-12-04 00:00:00-03:00,7555.61669921875,7555.61669921875,7555.61669921875,7555.61669921875,0,0.0,0.0
2020-12-09 00:00:00-03:00,7555.61669921875,7555.61669921875,7555.61669921875,7555.61669921875,0,0.0,0.0
2020-12-10 00:00:00-03:00,7555.61669921875,7555.61669921875,7555.61669921875,7555.61669921875,0,0.0,0.0
2020-12-11 00:00:00-03:00,7555.61669921875,7555.61669921875,7555.61669921875,7555.61669921875,0,0.0,0.0
2020-12-14 00:00:00-03:00,7555.61669921875,7555.61669921875,7555.61669921875,7555.61669921875,0,0.0,0.0
2020-12-15 00:00:00-03:00,7555.61669921875,7555.61669921875,7555.61669921875,7555.61669921875,0,0.0,0.0
2020-12-16 00:00:00-03:00,7555.61669921875,7555.61669921875,7555.61669921875,7555.61669921875,0,0.0,0.0
2020-12-17 00:00:00-03:00,7555.61669921875,7555.61669921875,7555.61669921875,7555.61669921875,0,0.0,0.0
2020-12-18 00:00:00-03:00,7555.61669921875,7555.61669921875,7555.61669921875,7555.61669921875,0,0.0,0.0
2020-12-21 00:00:00-03:00,7555.61669921875,7555.61669921875,7555.61669921875,7555.61669921875,0,0.0,0.0
2020-12-22 00:00:00-03:00,7555.61669921875,7555.61669921875,7555.61669921875,7555.61669921875,0,0.0,0.0
2020-12-23 00:00:00-03:00,7555.61669921875,7555.61669921875,7555.61669921875,7555.61669921875,0,0.0,0.0
2020-12-28 00:00:00-03:00,7555.61669921875,7555.61669921875,7555.61669921875,7555.61669921875,0,0.0,0.0
2020-12-29 00:00:00-03:00,7555.61669921875,7555.61669921875,7555.61669921875,7555.61669921875,0,0.0,0.0
2020-12-30 00:00:00-03:00,7555.61669921875,7555.61669921875,7555.61669921875,7555.61669921875,0,0.0,0.0
2021-01-04 00:00:00-03:00,7555.61669921875,7555.61669921875,7555.61669921875,7555.61669921875,0,0.0,0.0
2021-01-05 00:00:00-03:00,7555.61669921875,7555.61669921875,7555.61669921875,7555.61669921875,0,0.0,0.0
2021-01-06 00:00:00-03:00,7555.61669921875,7555.61669921875,7555.61669921875,7555.61669921875,0,0.0,0.0
2021-01-07 00:00:00-03:00,7555.61669921875,7555.61669921875,7555.61669921875,7555.61669921875,0,0.0,0.0
2021-01-08 00:00:00-03:00,7498.626953125,7498.626953125,7498.626953125,7498.626953125,1,0.0,0.0
2021-01-11 00:00:00-03:00,7498.626953125,7498.626953125,7498.626953125,7498.626953125,0,0.0,0.0
2021-01-12 00:00:00-03:00,7498.626953125,7498.626953125,7498.626953125,7498.626953125,0,0.0,0.0
2021-01-13 00:00:00-03:00,7498.626953125,7498.626953125,7498.626953125,7498.626953125,0,0.0,0.0
2021-01-14 00:00:00-03:00,7498.626953125,7498.626953125,7498.626953125,7498.626953125,0,0.0,0.0
2021-01-15 00:00:00-03:00,7498.626953125,7498.626953125,7498.626953125,7498.626953125,0,0.0,0.0
2021-01-18 00:00:00-03:00,7498.626953125,7498.626953125,7498.626953125,7498.626953125,0,0.0,0.0
2021-01-19 00:00:00-03:00,7498.626953125,7498.626953125,7498.626953125,7498.626953125,0,0.0,0.0
2021-01-20 00:00:00-03:00,7498.626953125,7498.626953125,7498.626953125,7498.626953125,0,0.0,0.0
2021-01-21 00:00:00-03:00,7498.626953125,7498.626953125,7498.626953125,7498.626953125,0,0.0,0.0
2021-01-22 00:00:00-03:00,7498.626953125,7498.626953125,7498.626953125,7498.626953125,0,0.0,0.0
2021-01-25 00:00:00-03:00,7498.626953125,7498.626953125,7498.626953125,7498.626953125,0,0.0,0.0
2021-01-26 00:00:00-03:00,7498.626953125,7498.626953125,7498.626953125,7498.626953125,0,0.0,0.0
2021-01-27 00:00:00-03:00,7498.626953125,7498.626953125,7498.626953125,7498.626953125,0,0.0,0.0
2021-01-28 00:00:00-03:00,7498.626953125,7498.626953125,7498.626953125,7498.626953125,0,0.0,0.0
2021-01-29 00:00:00-03:00,7498.626953125,7498.626953125,7498.626953125,7498.626953125,0,0.0,0.0
2021-02-01 00:00:00-03:00,7498.626953125,7498.626953125,7498.626953125,7498.626953125,0,0.0,0.0
2021-02-02 00:00:00-03:00,7498.626953125,7498.626953125,7498.626953125,7498.626953125,0,0.0,0.0
2021-02-03 00:00:00-03:00,7498.626953125,7498.626953125,7498.626953125,7498.626953125,0,0.0,0.0
2021-02-04 00:00:00-03:00,7498.626953125,7498.626953125,7498.626953125,7498.626953125,0,0.0,0.0
2021-02-05 00:00:00-03:00,7498.626953125,7498.626953125,7498.626953125,7498.626953125,0,0.0,0.0
2021-02-08 00:00:00-03:00,7498.626953125,7498.626953125,7498.626953125,7498.626953125,0,0.0,0.0
2021-02-09 00:00:00-03:00,7498.626953125,7498.626953125,7498.626953125,7498.626953125,0,0.0,0.0
2021-02-10 00:00:00-03:00,7498.626953125,7498.626953125,7498.626953125,7498.626953125,0,0.0,0.0
2021-02-11 00:00:00-03:00,7498.626953125,7498.626953125,7498.626953125,7498.626953125,0,0.0,0.0
2021-02-12 00:00:00-03:00,7498.626953125,7498.626953125,7498.626953125,7498.626953125,0,0.0,0.0
2021-02-17 00:00:00-03:00,7498.626953125,7498.626953125,7498.626953125,7498.626953125,0,0.0,0.0
2021-02-18 00:00:00-03:00,7498.626953125,7498.626953125,7498.626953125,7498.626953125,0,0.0,0.0
2021-02-19 00:00:00-03:00,7498.626953125,7498.626953125,7498.626953125,7498.626953125,0,0.0,0.0
2021-02-22 00:00:00-03:00,7498.626953125,7498.626953125,7498.626953125,7498.626953125,0,0.0,0.0
2021-02-23 00:00:00-03:00,7498.626953125,7498.626953125,7498.626953125,7498.626953125,0,0.0,0.0
2021-02-24 00:00:00-03:00,7498.626953125,7498.626953125,7498.626953125,7498.626953125,0,0.0,0.0
2021-02-25 00:00:00-03:00,7498.626953125,7498.626953125,7498.626953125,7498.626953125,0,0.0,0.0
2021-02-26 00:00:00-03:00,7498.626953125,7498.626953125,7498.626953125,7498.626953125,0,0.0,0.0
2021-03-01 00:00:00-03:00,7498.626953125,7498.626953125,7498.626953125,7498.626953125,0,0.0,0.0
2021-03-02 00:00:00-03:00,7498.626953125,7498.626953125,7498.626953125,7498.626953125,0,0.0,0.0
2021-03-03 00:00:00-03:00,7498.626953125,7498.626953125,7498.626953125,7498.626953125,0,0.0,0.0
2021-03-04 00:00:00-03:00,7498.626953125,7498.626953125,7498.626953125,7498.626953125,0,0.0,0.0
2021-03-05 00:00:00-03:00,7498.626953125,7498.626953125,7498.626953125,7498.626953125,0,0.0,0.0
2021-03-08 00:00:00-03:00,7498.626953125,7498.626953125,7498.626953125,7498.626953125,0,0.0,0.0
2021-03-09 00:00:00-03:00,7498.626953125,7498.626953125,7498.626953125,7498.626953125,0,0.0,0.0
2021-03-10 00:00:00-03:00,7498.626953125,7498.626953125,7498.626953125,7498.626953125,0,0.0,0.0
2021-03-11 00:00:00-03:00,7498.626953125,7498.626953125,7498.626953125,7498.626953125,0,0.0,0.0
2021-03-12 00:00:00-03:00,7498.626953125,7498.626953125,7498.626953125,7498.626953125,0,0.0,0.0
2021-03-15 00:00:00-03:00,7498.626953125,7498.626953125,7498.626953125,7498.626953125,0,0.0,0.0
2021-03-16 00:00:00-03:00,7498.626953125,7498.626953125,7498.626953125,7498.626953125,0,0.0,0.0
2021-03-17 00:00:00-03:00,7498.626953125,7498.626953125,7498.626953125,7498.626953125,0,0.0,0.0
2021-03-18 00:00:00-03:00,7498.626953125,7498.626953125,7498.626953125,7498.626953125,0,0.0,0.0
2021-03-19 00:00:00-03:00,7885.55615234375,7885.55615234375,7885.55615234375,7885.55615234375,3,0.0,0.0
2021-03-22 00:00:00-03:00,7885.55615234375,7885.55615234375,7885.55615234375,7885.55615234375,0,0.0,0.0
2021-03-23 00:00:00-03:00,7885.55615234375,7885.55615234375,7885.55615234375,7885.55615234375,0,0.0,0.0
2021-03-25 00:00:00-03:00,7885.55615234375,7885.55615234375,7885.55615234375,7885.55615234375,0,0.0,0.0
2021-03-26 00:00:00-03:00,7885.55615234375,7885.55615234375,7885.55615234375,7885.55615234375,0,0.0,0.0
2021-03-29 00:00:00-03:00,7885.55615234375,7885.55615234375,7885.55615234375,7885.55615234375,0,0.0,0.0
2021-03-30 00:00:00-03:00,7885.55615234375,7885.55615234375,7885.55615234375,7885.55615234375,0,0.0,0.0
2021-03-31 00:00:00-03:00,7885.55615234375,7885.55615234375,7885.55615234375,7885.55615234375,0,0.0,0.0
2021-04-05 00:00:00-03:00,7885.55615234375,7885.55615234375,7885.55615234375,7885.55615234375,0,0.0,0.0
2021-04-06 00:00:00-03:00,7885.55615234375,7885.55615234375,7885.55615234375,7885.55615234375,0,0.0,0.0
2021-04-07 00:00:00-03:00,7885.55615234375,7885.55615234375,7885.55615234375,7885.55615234375,0,0.0,0.0
2021-04-08 00:00:00-03:00,7885.55615234375,7885.55615234375,7885.55615234375,7885.55615234375,0,0.0,0.0
2021-04-09 00:00:00-03:00,7885.55615234375,7885.55615234375,7885.55615234375,7885.55615234375,0,0.0,0.0
2021-04-12 00:00:00-03:00,7885.55615234375,7885.55615234375,7885.55615234375,7885.55615234375,0,0.0,0.0
2021-04-13 00:00:00-03:00,7885.55615234375,7885.55615234375,7885.55615234375,7885.55615234375,0,0.0,0.0
2021-04-14 00:00:00-03:00,7885.55615234375,7885.55615234375,7885.55615234375,7885.55615234375,0,0.0,0.0
2021-04-15 00:00:00-03:00,7885.55615234375,7885.55615234375,7885.55615234375,7885.55615234375,0,0.0,0.0
2021-04-16 00:00:00-03:00,10036.660986429579,10122.645231569086,10036.660986429579,10105.1484375,10,0.0,0.0
2021-04-19 00:00:00-03:00,9998.16796875,9998.16796875,9998.16796875,9998.16796875,1,0.0,0.0
2021-04-20 00:00:00-03:00,9998.16796875,9998.16796875,9998.16796875,9998.16796875,2,0.0,0.0
2021-04-21 00:00:00-03:00,10119.1474609375,10119.1474609375,10119.1474609375,10119.1474609375,7,0.0,0.0
2021-04-22 00:00:00-03:00,10119.1474609375,10119.1474609375,10119.1474609375,10119.1474609375,0,0.0,0.0
2021-04-23 00:00:00-03:00,10119.1474609375,10119.1474609375,10119.1474609375,10119.1474609375,0,0.0,0.0
2021-04-26 00:00:00-03:00,10119.1474609375,10119.1474609375,10119.1474609375,10119.1474609375,0,0.0,0.0
2021-04-27 00:00:00-03:00,10119.1474609375,10119.1474609375,10119.1474609375,10119.1474609375,0,0.0,0.0
2021-04-28 00:00:00-03:00,10119.1474609375,10119.1474609375,10119.1474609375,10119.1474609375,0,0.0,0.0
2021-04-29 00:00:00-03:00,10119.1474609375,10119.1474609375,10119.1474609375,10119.1474609375,0,0.0,0.0
2021-04-30 00:00:00-03:00,10119.1474609375,10119.1474609375,10119.1474609375,10119.1474609375,0,0.0,0.0
2021-05-03 00:00:00-03:00,10119.1474609375,10119.1474609375,10119.1474609375,10119.1474609375,0,0.0,0.0
2021-05-04 00:00:00-03:00,10119.1474609375,10119.1474609375,10119.1474609375,10119.1474609375,0,0.0,0.0
2021-05-05 00:00:00-03:00,10119.1474609375,10119.1474609375,10119.1474609375,10119.1474609375,0,0.0,0.0
2021-05-06 00:00:00-03:00,10119.1474609375,10119.1474609375,10119.1474609375,10119.1474609375,0,0.0,0.0
2021-05-07 00:00:00-03:00,10119.1474609375,10119.1474609375,10119.1474609375,10119.1474609375,0,0.0,0.0
2021-05-10 00:00:00-03:00,10119.1474609375,10119.1474609375,10119.1474609375,10119.1474609375,0,0.0,0.0
2021-05-11 00:00:00-03:00,11471.900486126284,11471.900486126284,11440.40625,11440.40625,3,0.0,0.0
2021-05-12 00:00:00-03:00,11440.40625,11440.40625,11440.40625,11440.40625,0,0.0,0.0
2021-05-13 00:00:00-03:00,11582.376953125,11582.376953125,11582.376953125,11582.376953125,2,0.0,0.0
2021-05-14 00:00:00-03:00,11582.376953125,11582.376953125,11582.376953125,11582.376953125,0,0.0,0.0
2021-05-17 00:00:00-03:00,11582.376953125,11582.376953125,11582.376953125,11582.376953125,0,0.0,0.0
2021-05-18 00:00:00-03:00,11582.376953125,11582.376953125,11582.376953125,11582.376953125,0,0.0,0.0
2021-05-19 00:00:00-03:00,11592.875913248023,11592.875913248023,11565.880859375,11565.880859375,5,0.0,0.0
2021-05-20 00:00:00-03:00,11565.880859375,11565.880859375,11565.880859375,11565.880859375,0,0.0,0.0
2021-05-21 00:00:00-03:00,11565.880859375,11565.880859375,11565.880859375,11565.880859375,0,0.0,0.0
2021-05-26 00:00:00-03:00,11565.880859375,11565.880859375,11565.880859375,11565.880859375,0,0.0,0.0
2021-05-27 00:00:00-03:00,11565.880859375,11565.880859375,11565.880859375,11565.880859375,0,0.0,0.0
2021-05-28 00:00:00-03:00,12094.78515625,12094.78515625,12094.78515625,12094.78515625,1,0.0,0.0
2021-05-31 00:00:00-03:00,12094.78515625,12094.78515625,12094.78515625,12094.78515625,0,0.0,0.0
2021-06-01 00:00:00-03:00,12370.966796875,12370.966796875,12370.966796875,12370.966796875,1,334.90048,0.0
2021-06-02 00:00:00-03:00,12372.965128048952,12372.965128048952,12202.4931640625,12202.4931640625,5,0.0,0.0
2021-06-03 00:00:00-03:00,12110.509427464669,12110.509427464669,12102.5107421875,12102.5107421875,2,0.0,0.0
2021-06-04 00:00:00-03:00,12158.9990234375,12158.9990234375,12158.9990234375,12158.9990234375,4,0.0,0.0
2021-06-07 00:00:00-03:00,12123.007591949403,12123.007591949403,12086.013671875,12086.013671875,10,0.0,0.0
2021-06-08 00:00:00-03:00,12086.013671875,12086.013671875,12086.013671875,12086.013671875,0,0.0,0.0
2021-06-09 00:00:00-03:00,12086.013671875,12086.013671875,12086.013671875,12086.013671875,0,0.0,0.0
2021-06-10 00:00:00-03:00,12066.517578125,12066.517578125,12066.517578125,12066.517578125,2,0.0,0.0
2021-06-11 00:00:00-03:00,12066.517578125,12066.517578125,12066.517578125,12066.517578125,0,0.0,0.0
2021-06-14 00:00:00-03:00,12066.517578125,12066.517578125,12066.517578125,12066.517578125,0,0.0,0.0
2021-06-15 00:00:00-03:00,12066.517578125,12066.517578125,12066.517578125,12066.517578125,0,0.0,0.0
2021-06-16 00:00:00-03:00,12066.517578125,12066.517578125,12066.517578125,12066.517578125,0,0.0,0.0
2021-06-17 00:00:00-03:00,12066.517578125,12066.517578125,12066.517578125,12066.517578125,0,0.0,0.0
2021-06-18 00:00:00-03:00,12066.517578125,12066.517578125,12066.517578125,12066.517578125,0,0.0,0.0
2021-06-22 00:00:00-03:00,11833.5534124469,11946.034909544636,11833.5534124469,11944.53515625,2802,0.0,0.0
2021-06-23 00:00:00-03:00,11830.5546875,11830.5546875,11830.5546875,11830.5546875,1,0.0,0.0
2021-06-24 00:00:00-03:00,11877.0458984375,11877.0458984375,11877.0458984375,11877.0458984375,2019,0.0,0.0
2021-06-25 00:00:00-03:00,11918.0390625,11918.0390625,11918.0390625,11918.0390625,3,0.0,0.0
2021-06-28 00:00:00-03:00,11918.0390625,11918.0390625,11918.0390625,11918.0390625,0,0.0,0.0
2021-06-29 00:00:00-03:00,11913.0419921875,11913.0419921875,11913.0419921875,11913.0419921875,1,0.0,0.0
2021-06-30 00:00:00-03:00,12027.5234375,12027.5234375,12027.5234375,12027.5234375,5,0.0,0.0
2021-07-01 00:00:00-03:00,12027.5234375,12027.5234375,12027.5234375,12027.5234375,0,0.0,0.0
2021-07-02 00:00:00-03:00,12027.5234375,12027.5234375,12027.5234375,12027.5234375,0,0.0,0.0
2021-07-05 00:00:00-03:00,12027.5234375,12027.5234375,12027.5234375,12027.5234375,0,0.0,0.0
2021-07-06 00:00:00-03:00,12027.5234375,12027.5234375,12027.5234375,12027.5234375,0,0.0,0.0
2021-07-07 00:00:00-03:00,12027.5234375,12027.5234375,12027.5234375,12027.5234375,0,0.0,0.0
2021-07-08 00:00:00-03:00,12027.5234375,12027.5234375,12027.5234375,12027.5234375,0,0.0,0.0
2021-07-12 00:00:00-03:00,12027.5234375,12027.5234375,12027.5234375,12027.5234375,0,0.0,0.0
2021-07-13 00:00:00-03:00,12027.5234375,12027.5234375,12027.5234375,12027.5234375,0,0.0,0.0
2021-07-14 00:00:00-03:00,12027.5234375,12027.5234375,12027.5234375,12027.5234375,0,0.0,0.0
2021-07-15 00:00:00-03:00,12027.5234375,12027.5234375,12027.5234375,12027.5234375,0,0.0,0.0
2021-07-16 00:00:00-03:00,11958.03515625,11958.03515625,11958.03515625,11958.03515625,2,0.0,0.0
2021-07-19 00:00:00-03:00,11958.03515625,11958.03515625,11958.03515625,11958.03515625,0,0.0,0.0
2021-07-20 00:00:00-03:00,11958.03515625,11958.03515625,11958.03515625,11958.03515625,0,0.0,0.0
2021-07-21 00:00:00-03:00,11958.03515625,11958.03515625,11958.03515625,11958.03515625,0,0.0,0.0
2021-07-22 00:00:00-03:00,11958.03515625,11958.03515625,11958.03515625,11958.03515625,0,0.0,0.0
2021-07-23 00:00:00-03:00,11958.03515625,11958.03515625,11958.03515625,11958.03515625,0,0.0,0.0
2021-07-26 00:00:00-03:00,12305.475315580432,12307.974904309984,11918.0390625,11918.0390625,28,0.0,0.0
2021-07-27 00:00:00-03:00,12367.466750975651,12404.460669063374,11785.0625,11785.0625,4,0.0,0.0
2021-07-28 00:00:00-03:00,12407.960196167884,12807.39453125,12407.960196167884,12807.39453125,2,0.0,0.0
2021-07-29 00:00:00-03:00,12702.9111328125,12702.9111328125,12702.9111328125,12702.9111328125,1,0.0,0.0
2021-07-30 00:00:00-03:00,12707.91015625,12707.91015625,12707.91015625,12707.91015625,1,0.0,0.0
2021-08-02 00:00:00-03:00,12693.914406426175,12693.914406426175,12060.0185546875,12060.0185546875,2,0.0,0.0
2021-08-03 00:00:00-03:00,12060.0185546875,12060.0185546875,12060.0185546875,12060.0185546875,0,0.0,0.0
2021-08-04 00:00:00-03:00,12060.0185546875,12060.0185546875,12060.0185546875,12060.0185546875,0,0.0,0.0
2021-08-05 00:00:00-03:00,12060.0185546875,12060.0185546875,12060.0185546875,12060.0185546875,0,0.0,0.0
2021-08-06 00:00:00-03:00,12592.431403763729,12592.431403763729,12054.01985023427,12323.4755859375,2,0.0,0.0
2021-08-09 00:00:00-03:00,12323.4755859375,12323.4755859375,12323.4755859375,12323.4755859375,0,0.0,0.0
2021-08-10 00:00:00-03:00,12323.4755859375,12323.4755859375,12323.4755859375,12323.4755859375,0,0.0,0.0
2021-08-11 00:00:00-03:00,12323.4755859375,12323.4755859375,12323.4755859375,12323.4755859375,0,0.0,0.0
2021-08-12 00:00:00-03:00,12323.4755859375,12323.4755859375,12323.4755859375,12323.4755859375,0,0.0,0.0
2021-08-13 00:00:00-03:00,12323.4755859375,12323.4755859375,12323.4755859375,12323.4755859375,0,0.0,0.0
2021-08-17 00:00:00-03:00,12734.906765296773,12803.3955078125,12734.906765296773,12803.3955078125,2,0.0,0.0
2021-08-18 00:00:00-03:00,12803.3955078125,12803.3955078125,12803.3955078125,12803.3955078125,0,0.0,0.0
2021-08-19 00:00:00-03:00,12823.394224052707,13463.7890625,12823.394224052707,13463.7890625,2,0.0,0.0
2021-08-20 00:00:00-03:00,13463.7890625,13463.7890625,13463.7890625,13463.7890625,0,0.0,0.0
2021-08-23 00:00:00-03:00,13463.7890625,13463.7890625,13463.7890625,13463.7890625,0,0.0,0.0
2021-08-24 00:00:00-03:00,13463.7890625,13463.7890625,13463.7890625,13463.7890625,0,0.0,0.0
2021-08-25 00:00:00-03:00,13072.8505859375,13072.8505859375,13072.8505859375,13072.8505859375,3,0.0,0.0
2021-08-26 00:00:00-03:00,13072.8505859375,13072.8505859375,13072.8505859375,13072.8505859375,0,0.0,0.0
2021-08-27 00:00:00-03:00,13072.8505859375,13072.8505859375,13072.8505859375,13072.8505859375,0,0.0,0.0
2021-08-30 00:00:00-03:00,13213.8271484375,13213.8271484375,13213.8271484375,13213.8271484375,1,0.0,0.0
2021-08-31 00:00:00-03:00,13214.0537109375,13214.0537109375,13214.0537109375,13214.0537109375,0,334.90048,0.0
2021-09-01 00:00:00-03:00,13340.5341796875,13340.5341796875,13340.5341796875,13340.5341796875,112,0.0,0.0
2021-09-02 00:00:00-03:00,13340.5341796875,13340.5341796875,13340.5341796875,13340.5341796875,0,0.0,0.0
2021-09-03 00:00:00-03:00,13340.5341796875,13340.5341796875,13340.5341796875,13340.5341796875,0,0.0,0.0
2021-09-06 00:00:00-03:00,13340.5341796875,13340.5341796875,13340.5341796875,13340.5341796875,0,0.0,0.0
2021-09-07 00:00:00-03:00,13340.5341796875,13340.5341796875,13340.5341796875,13340.5341796875,0,0.0,0.0
2021-09-08 00:00:00-03:00,13340.5341796875,13340.5341796875,13340.5341796875,13340.5341796875,0,0.0,0.0
2021-09-09 00:00:00-03:00,13600.997163465516,13600.997163465516,13594.998046875,13594.998046875,3060,0.0,0.0
2021-09-10 00:00:00-03:00,13685.9853515625,13685.9853515625,13685.9853515625,13685.9853515625,567,0.0,0.0
2021-09-13 00:00:00-03:00,13293.04296875,13293.04296875,13293.04296875,13293.04296875,186,0.0,0.0
2021-09-14 00:00:00-03:00,13293.04296875,13293.04296875,13293.04296875,13293.04296875,0,0.0,0.0
2021-09-15 00:00:00-03:00,13293.04296875,13293.04296875,13293.04296875,13293.04296875,0,0.0,0.0
2021-09-16 00:00:00-03:00,13293.04296875,13293.04296875,13293.04296875,13293.04296875,0,0.0,0.0
2021-09-17 00:00:00-03:00,13293.04296875,13293.04296875,13293.04296875,13293.04296875,0,0.0,0.0
2021-09-20 00:00:00-03:00,13293.04296875,13293.04296875,13293.04296875,13293.04296875,0,0.0,0.0
2021-09-21 00:00:00-03:00,13293.04296875,13293.04296875,13293.04296875,13293.04296875,0,0.0,0.0
2021-09-22 00:00:00-03:00,13253.049363860224,13323.0390625,13253.049363860224,13323.0390625,2964,0.0,0.0
2021-09-23 00:00:00-03:00,13323.0390625,13323.0390625,13323.0390625,13323.0390625,0,0.0,0.0
2021-09-24 00:00:00-03:00,13323.0390625,13323.0390625,13323.0390625,13323.0390625,0,0.0,0.0
2021-09-27 00:00:00-03:00,13323.0390625,13323.0390625,13323.0390625,13323.0390625,0,0.0,0.0
2021-09-28 00:00:00-03:00,13323.0390625,13323.0390625,13323.0390625,13323.0390625,0,0.0,0.0
2021-09-29 00:00:00-03:00,13323.0390625,13323.0390625,13323.0390625,13323.0390625,0,0.0,0.0
2021-09-30 00:00:00-03:00,13323.0390625,13323.0390625,13323.0390625,13323.0390625,0,0.0,0.0
2021-10-01 00:00:00-03:00,13323.0390625,13323.0390625,13323.0390625,13323.0390625,0,0.0,0.0
2021-10-04 00:00:00-03:00,13323.0390625,13323.0390625,13323.0390625,13323.0390625,0,0.0,0.0
2021-10-05 00:00:00-03:00,13323.0390625,13323.0390625,13323.0390625,13323.0390625,0,0.0,0.0
2021-10-06 00:00:00-03:00,13323.0390625,13323.0390625,13323.0390625,13323.0390625,0,0.0,0.0
2021-10-07 00:00:00-03:00,13323.0390625,13323.0390625,13323.0390625,13323.0390625,0,0.0,0.0
2021-10-12 00:00:00-03:00,13323.0390625,13323.0390625,13323.0390625,13323.0390625,0,0.0,0.0
2021-10-13 00:00:00-03:00,13323.0390625,13323.0390625,13323.0390625,13323.0390625,0,0.0,0.0
2021-10-14 00:00:00-03:00,13323.0390625,13323.0390625,13323.0390625,13323.0390625,0,0.0,0.0
2021-10-15 00:00:00-03:00,13323.0390625,13323.0390625,13323.0390625,13323.0390625,0,0.0,0.0
2021-10-18 00:00:00-03:00,13567.002031001948,13567.002031001948,13538.006301110352,13541.005859375,1413,0.0,0.0
2021-10-19 00:00:00-03:00,13747.9755859375,13747.9755859375,13747.9755859375,13747.9755859375,1407,0.0,0.0
2021-10-20 00:00:00-03:00,13747.9755859375,13747.9755859375,13747.9755859375,13747.9755859375,0,0.0,0.0
2021-10-21 00:00:00-03:00,13747.9755859375,13747.9755859375,13747.9755859375,13747.9755859375,0,0.0,0.0
2021-10-22 00:00:00-03:00,13747.9755859375,13747.9755859375,13747.9755859375,13747.9755859375,0,0.0,0.0
2021-10-25 00:00:00-03:00,14666.340018508567,14666.340018508567,14607.8486328125,14607.8486328125,11,0.0,0.0
2021-10-26 00:00:00-03:00,14259.899105603827,14259.899105603827,14211.40625,14211.40625,479,0.0,0.0
2021-10-27 00:00:00-03:00,14117.9208984375,14117.9208984375,14117.9208984375,14117.9208984375,1008,0.0,0.0
2021-10-28 00:00:00-03:00,14117.9208984375,14117.9208984375,14117.9208984375,14117.9208984375,0,0.0,0.0
2021-10-29 00:00:00-03:00,14117.9208984375,14117.9208984375,14117.9208984375,14117.9208984375,0,0.0,0.0
2021-11-01 00:00:00-03:00,15647.6953125,15647.6953125,15647.6953125,15647.6953125,813,0.0,0.0
2021-11-02 00:00:00-03:00,15870.163158491221,15870.163158491221,15671.6923828125,15671.6923828125,7,0.0,0.0
2021-11-03 00:00:00-03:00,15813.171477081583,15813.171477081583,15770.677734375,15770.677734375,3,0.0,0.0
2021-11-04 00:00:00-03:00,15677.19112313755,15855.164911837348,15677.19112313755,15721.6845703125,1773,0.0,0.0
2021-11-05 00:00:00-03:00,15721.6845703125,15721.6845703125,15721.6845703125,15721.6845703125,0,0.0,0.0
2021-11-08 00:00:00-03:00,15721.6845703125,15721.6845703125,15721.6845703125,15721.6845703125,0,0.0,0.0
2021-11-09 00:00:00-03:00,15771.677590631818,16232.109791119074,15120.7734375,15120.7734375,18,0.0,0.0
2021-11-10 00:00:00-03:00,15120.7734375,15120.7734375,15120.7734375,15120.7734375,0,0.0,0.0
2021-11-11 00:00:00-03:00,15995.14474182734,15995.14474182734,15127.7724609375,15127.7724609375,17,0.0,0.0
2021-11-12 00:00:00-03:00,15949.15331629914,16005.645004376807,15205.7626953125,15205.7626953125,13,0.0,0.0
2021-11-15 00:00:00-03:00,15205.7626953125,15205.7626953125,15205.7626953125,15205.7626953125,0,0.0,0.0
2021-11-16 00:00:00-03:00,15962.1494140625,15962.1494140625,15962.1494140625,15962.1494140625,1,0.0,0.0
2021-11-17 00:00:00-03:00,16124.1259765625,16124.1259765625,16124.1259765625,16124.1259765625,1,0.0,0.0
2021-11-18 00:00:00-03:00,16124.1259765625,16124.1259765625,16124.1259765625,16124.1259765625,0,0.0,0.0
2021-11-19 00:00:00-03:00,15647.69582948055,15685.190308305184,14901.8056640625,14901.8056640625,3,0.0,0.0
2021-11-23 00:00:00-03:00,14901.8056640625,14901.8056640625,14901.8056640625,14901.8056640625,0,0.0,0.0
2021-11-24 00:00:00-03:00,15942.154296875,15942.154296875,15942.154296875,15942.154296875,142,0.0,0.0
2021-11-25 00:00:00-03:00,15942.154296875,15942.154296875,15942.154296875,15942.154296875,0,0.0,0.0
2021-11-26 00:00:00-03:00,15289.7490234375,15289.7490234375,15289.7490234375,15289.7490234375,486,0.0,0.0
2021-11-29 00:00:00-03:00,15127.773970754524,15214.761170718544,15127.773970754524,15197.763671875,2247,0.0,0.0
2021-11-30 00:00:00-03:00,14732.05078125,14732.05078125,14732.05078125,14732.05078125,279,334.90048,0.0
2021-12-01 00:00:00-03:00,14732.05078125,14732.05078125,14732.05078125,14732.05078125,0,0.0,0.0
2021-12-02 00:00:00-03:00,14732.05078125,14732.05078125,14732.05078125,14732.05078125,0,0.0,0.0
2021-12-03 00:00:00-03:00,15297.975902886183,15297.975902886183,14732.05078125,14732.05078125,289,0.0,0.0
2021-12-06 00:00:00-03:00,14732.05078125,14732.05078125,14732.05078125,14732.05078125,0,0.0,0.0
2021-12-07 00:00:00-03:00,14732.05078125,14732.05078125,14732.05078125,14732.05078125,0,0.0,0.0
2021-12-09 00:00:00-03:00,14732.05078125,14732.05078125,14732.05078125,14732.05078125,0,0.0,0.0
2021-12-10 00:00:00-03:00,14732.05078125,14732.05078125,14732.05078125,14732.05078125,0,0.0,0.0
2021-12-13 00:00:00-03:00,14732.05078125,14732.05078125,14732.05078125,14732.05078125,0,0.0,0.0
2021-12-14 00:00:00-03:00,14732.05078125,14732.05078125,14732.05078125,14732.05078125,0,0.0,0.0
2021-12-15 00:00:00-03:00,14732.05078125,14732.05078125,14732.05078125,14732.05078125,0,0.0,0.0
2021-12-16 00:00:00-03:00,14732.05078125,14732.05078125,14732.05078125,14732.05078125,0,0.0,0.0
2021-12-17 00:00:00-03:00,14732.05078125,14732.05078125,14732.05078125,14732.05078125,0,0.0,0.0
2021-12-20 00:00:00-03:00,13623.1962890625,13623.1962890625,13623.1962890625,13623.1962890625,5121,0.0,0.0
2021-12-21 00:00:00-03:00,13623.1962890625,13623.1962890625,13623.1962890625,13623.1962890625,0,0.0,0.0
2021-12-22 00:00:00-03:00,13623.1962890625,13623.1962890625,13623.1962890625,13623.1962890625,0,0.0,0.0
2021-12-23 00:00:00-03:00,13623.1962890625,13623.1962890625,13623.1962890625,13623.1962890625,0,0.0,0.0
2021-12-27 00:00:00-03:00,13623.1962890625,13623.1962890625,13623.1962890625,13623.1962890625,0,0.0,0.0
2021-12-28 00:00:00-03:00,13623.1962890625,13623.1962890625,13623.1962890625,13623.1962890625,0,0.0,0.0
2021-12-29 00:00:00-03:00,13623.1962890625,13623.1962890625,13623.1962890625,13623.1962890625,0,0.0,0.0
2021-12-30 00:00:00-03:00,13623.1962890625,13623.1962890625,13623.1962890625,13623.1962890625,0,0.0,0.0
2022-01-03 00:00:00-03:00,14704.5537109375,14704.5537109375,14704.5537109375,14704.5537109375,3,0.0,0.0
2022-01-04 00:00:00-03:00,14704.5537109375,14704.5537109375,14704.5537109375,14704.5537109375,0,0.0,0.0
2022-01-05 00:00:00-03:00,14704.5537109375,14704.5537109375,14704.5537109375,14704.5537109375,0,0.0,0.0
2022-01-06 00:00:00-03:00,14704.5537109375,14704.5537109375,14704.5537109375,14704.5537109375,0,0.0,0.0
2022-01-07 00:00:00-03:00,14704.5537109375,14704.5537109375,14704.5537109375,14704.5537109375,0,0.0,0.0
2022-01-10 00:00:00-03:00,14704.5537109375,14704.5537109375,14704.5537109375,14704.5537109375,0,0.0,0.0
2022-01-11 00:00:00-03:00,14704.5537109375,14704.5537109375,14704.5537109375,14704.5537109375,0,0.0,0.0
2022-01-12 00:00:00-03:00,14704.5537109375,14704.5537109375,14704.5537109375,14704.5537109375,0,0.0,0.0
2022-01-13 00:00:00-03:00,14704.5537109375,14704.5537109375,14704.5537109375,14704.5537109375,0,0.0,0.0
2022-01-14 00:00:00-03:00,14704.5537109375,14704.5537109375,14704.5537109375,14704.5537109375,0,0.0,0.0
2022-01-17 00:00:00-03:00,14704.5537109375,14704.5537109375,14704.5537109375,14704.5537109375,0,0.0,0.0
2022-01-18 00:00:00-03:00,14369.099399720328,14447.089084027488,13725.1845703125,13725.1845703125,725,0.0,0.0
2022-01-19 00:00:00-03:00,13725.1845703125,13725.1845703125,13725.1845703125,13725.1845703125,0,0.0,0.0
2022-01-20 00:00:00-03:00,14707.552351817254,14948.0205078125,14707.552351817254,14948.0205078125,7,0.0,0.0
2022-01-21 00:00:00-03:00,15023.0126953125,15023.0126953125,15023.0126953125,15023.0126953125,1251,0.0,0.0
2022-01-24 00:00:00-03:00,14780.5439453125,14780.5439453125,14780.5439453125,14780.5439453125,1,0.0,0.0
2022-01-25 00:00:00-03:00,14898.02734375,14898.02734375,14898.02734375,14898.02734375,1509,0.0,0.0
2022-01-26 00:00:00-03:00,14898.02734375,14898.02734375,14898.02734375,14898.02734375,0,0.0,0.0
2022-01-27 00:00:00-03:00,14898.02734375,14898.02734375,14898.02734375,14898.02734375,0,0.0,0.0
2022-01-28 00:00:00-03:00,14898.02734375,14898.02734375,14898.02734375,14898.02734375,0,0.0,0.0
2022-01-31 00:00:00-03:00,14898.02734375,14898.02734375,14898.02734375,14898.02734375,0,0.0,0.0
2022-02-01 00:00:00-03:00,14898.02734375,14898.02734375,14898.02734375,14898.02734375,0,0.0,0.0
2022-02-02 00:00:00-03:00,14898.02734375,14898.02734375,14898.02734375,14898.02734375,0,0.0,0.0
2022-02-03 00:00:00-03:00,14898.02734375,14898.02734375,14898.02734375,14898.02734375,0,0.0,0.0
2022-02-04 00:00:00-03:00,14898.02734375,14898.02734375,14898.02734375,14898.02734375,0,0.0,0.0
2022-02-07 00:00:00-03:00,14898.02734375,14898.02734375,14898.02734375,14898.02734375,0,0.0,0.0
2022-02-08 00:00:00-03:00,13526.711485054904,13526.711485054904,13442.22265625,13442.22265625,3,0.0,0.0
2022-02-09 00:00:00-03:00,13350.233620950476,13425.7236328125,13350.233620950476,13425.7236328125,1286,0.0,0.0
2022-02-10 00:00:00-03:00,13306.2396195851,13411.72566405957,13306.2396195851,13323.7373046875,6,0.0,0.0
2022-02-11 00:00:00-03:00,13323.7373046875,13323.7373046875,13323.7373046875,13323.7373046875,0,0.0,0.0
2022-02-14 00:00:00-03:00,13323.7373046875,13323.7373046875,13323.7373046875,13323.7373046875,0,0.0,0.0
2022-02-15 00:00:00-03:00,13323.7373046875,13323.7373046875,13323.7373046875,13323.7373046875,0,0.0,0.0
2022-02-16 00:00:00-03:00,13323.7373046875,13323.7373046875,13323.7373046875,13323.7373046875,0,0.0,0.0
2022-02-17 00:00:00-03:00,13323.7373046875,13323.7373046875,13323.7373046875,13323.7373046875,0,0.0,0.0
2022-02-18 00:00:00-03:00,13323.7373046875,13323.7373046875,13323.7373046875,13323.7373046875,0,0.0,0.0
2022-02-21 00:00:00-03:00,13323.7373046875,13323.7373046875,13323.7373046875,13323.7373046875,0,0.0,0.0
2022-02-22 00:00:00-03:00,13323.7373046875,13323.7373046875,13323.7373046875,13323.7373046875,0,0.0,0.0
2022-02-23 00:00:00-03:00,13323.7373046875,13323.7373046875,13323.7373046875,13323.7373046875,0,0.0,0.0
2022-02-24 00:00:00-03:00,13323.7373046875,13323.7373046875,13323.7373046875,13323.7373046875,0,0.0,0.0
2022-02-25 00:00:00-03:00,13323.962890625,13323.962890625,13323.962890625,13323.962890625,0,334.90048,0.0
2022-03-02 00:00:00-03:00,13323.962890625,13323.962890625,13323.962890625,13323.962890625,0,0.0,0.0
2022-03-03 00:00:00-03:00,11518.671875,11518.671875,11518.671875,11518.671875,6,0.0,0.0
2022-03-04 00:00:00-03:00,11518.671875,11518.671875,11518.671875,11518.671875,0,0.0,0.0
2022-03-07 00:00:00-03:00,10646.77320431845,10679.269459872577,10557.283515946314,10636.2744140625,6049,0.0,0.0
2022-03-08 00:00:00-03:00,10798.7529296875,10798.7529296875,10798.7529296875,10798.7529296875,10293,0.0,0.0
2022-03-09 00:00:00-03:00,10910.742216339055,10947.737951493431,10834.7509765625,10834.7509765625,6419,0.0,0.0
2022-03-10 00:00:00-03:00,10834.7509765625,10834.7509765625,10834.7509765625,10834.7509765625,0,0.0,0.0
2022-03-11 00:00:00-03:00,10437.795601752572,10437.795601752572,10353.805293241488,10418.2978515625,774,0.0,0.0
2022-03-14 00:00:00-03:00,10418.2978515625,10418.2978515625,10418.2978515625,10418.2978515625,0,0.0,0.0
2022-03-15 00:00:00-03:00,10418.2978515625,10418.2978515625,10418.2978515625,10418.2978515625,0,0.0,0.0
2022-03-16 00:00:00-03:00,10418.2978515625,10418.2978515625,10418.2978515625,10418.2978515625,0,0.0,0.0
2022-03-17 00:00:00-03:00,10418.2978515625,10418.2978515625,10418.2978515625,10418.2978515625,0,0.0,0.0
2022-03-18 00:00:00-03:00,10418.2978515625,10418.2978515625,10418.2978515625,10418.2978515625,0,0.0,0.0
2022-03-21 00:00:00-03:00,11222.707367327794,11222.707367327794,11191.7109375,11191.7109375,536,0.0,0.0
2022-03-22 00:00:00-03:00,11198.707736784141,11348.6904296875,11198.707736784141,11348.6904296875,4,0.0,0.0
2022-03-23 00:00:00-03:00,11311.696479821894,11311.696479821894,11194.7099609375,11194.7099609375,2,0.0,0.0
2022-03-25 00:00:00-03:00,11391.68479183718,11435.179770196253,11360.688370477841,11376.6865234375,1849,0.0,0.0
2022-03-28 00:00:00-03:00,11376.6865234375,11376.6865234375,11376.6865234375,11376.6865234375,0,0.0,0.0
2022-03-29 00:00:00-03:00,11376.6865234375,11376.6865234375,11376.6865234375,11376.6865234375,0,0.0,0.0
2022-03-30 00:00:00-03:00,11388.685100471099,11388.685100471099,11308.6943359375,11308.6943359375,1247,0.0,0.0
2022-03-31 00:00:00-03:00,11166.709958176249,11166.709958176249,10608.7744140625,10608.7744140625,2,0.0,0.0
2022-04-01 00:00:00-03:00,10911.2421875,10911.2421875,10911.2421875,10911.2421875,1,0.0,0.0
2022-04-04 00:00:00-03:00,11084.721934178613,11084.721934178613,11002.2314453125,11002.2314453125,2145,0.0,0.0
2022-04-05 00:00:00-03:00,11058.724048747632,11102.219030313683,11058.724048747632,11087.720703125,2061,0.0,0.0
2022-04-06 00:00:00-03:00,10933.740234375,10933.740234375,10933.740234375,10933.740234375,474,0.0,0.0
2022-04-07 00:00:00-03:00,10969.73492610571,11050.7255859375,10969.73492610571,11050.7255859375,1833,0.0,0.0
2022-04-08 00:00:00-03:00,11120.218295068958,11175.211956556059,11120.218295068958,11133.216796875,1449,0.0,0.0
2022-04-11 00:00:00-03:00,11127.216739131793,11262.701114218493,11127.216739131793,11262.201171875,13518,0.0,0.0
2022-04-12 00:00:00-03:00,11262.201171875,11262.201171875,11262.201171875,11262.201171875,0,0.0,0.0
2022-04-13 00:00:00-03:00,11262.201171875,11262.201171875,11262.201171875,11262.201171875,0,0.0,0.0
2022-04-18 00:00:00-03:00,10468.79296875,10468.79296875,10468.79296875,10468.79296875,6705,0.0,0.0
2022-04-19 00:00:00-03:00,10526.78617505105,10795.755160716772,10526.78617505105,10772.7578125,2274,0.0,0.0
2022-04-20 00:00:00-03:00,10995.231752436828,11040.2265625,10995.231752436828,11040.2265625,825,0.0,0.0
2022-04-21 00:00:00-03:00,11479.67718979437,11772.643431115663,11479.67718979437,11746.146484375,1286,0.0,0.0
2022-04-22 00:00:00-03:00,11725.1474609375,11725.1474609375,11725.1474609375,11725.1474609375,43,0.0,0.0
2022-04-25 00:00:00-03:00,11513.673249576945,11589.164550518592,11152.71484375,11152.71484375,3227,0.0,0.0
2022-04-26 00:00:00-03:00,11152.71484375,11152.71484375,11152.71484375,11152.71484375,0,0.0,0.0
2022-04-27 00:00:00-03:00,11152.71484375,11152.71484375,11152.71484375,11152.71484375,0,0.0,0.0
2022-04-28 00:00:00-03:00,11152.71484375,11152.71484375,11152.71484375,11152.71484375,0,0.0,0.0
2022-04-29 00:00:00-03:00,12318.580078125,12318.580078125,12318.580078125,12318.580078125,453,0.0,0.0
2022-05-02 00:00:00-03:00,12318.580078125,12318.580078125,12318.580078125,12318.580078125,0,0.0,0.0
2022-05-03 00:00:00-03:00,12318.580078125,12318.580078125,12318.580078125,12318.580078125,0,0.0,0.0
2022-05-04 00:00:00-03:00,12665.539611680817,12665.539611680817,12529.555291226992,12602.546875,375,0.0,0.0
2022-05-05 00:00:00-03:00,12618.545064253487,12687.537109375,12242.588412576839,12687.537109375,1253,0.0,0.0
2022-05-06 00:00:00-03:00,12263.586039371628,12305.581197435518,12230.58984375,12230.58984375,1641,0.0,0.0
2022-05-09 00:00:00-03:00,12283.08259980075,12283.08259980075,11659.654539971227,12271.083984375,1726,0.0,0.0
2022-05-10 00:00:00-03:00,11865.630777894412,11865.630777894412,11348.6904296875,11348.6904296875,4,0.0,0.0
2022-05-11 00:00:00-03:00,11348.6904296875,11348.6904296875,11348.6904296875,11348.6904296875,0,0.0,0.0
2022-05-12 00:00:00-03:00,12025.613050610707,12078.606938669438,11869.631040475571,12023.61328125,1429,0.0,0.0
2022-05-13 00:00:00-03:00,12410.06978811983,12410.06978811983,12388.572265625,12388.572265625,338,0.0,0.0
2022-05-16 00:00:00-03:00,12341.576171875,12341.576171875,12341.576171875,12341.576171875,3,0.0,0.0
2022-05-17 00:00:00-03:00,12341.576171875,12341.576171875,12341.576171875,12341.576171875,0,0.0,0.0
2022-05-19 00:00:00-03:00,11762.644821855096,11774.643439490446,11762.644821855096,11773.6435546875,1551,0.0,0.0
2022-05-20 00:00:00-03:00,11698.650390625,11698.650390625,11698.650390625,11698.650390625,3,0.0,0.0
2022-05-23 00:00:00-03:00,11698.650390625,11698.650390625,11698.650390625,11698.650390625,0,0.0,0.0
2022-05-24 00:00:00-03:00,11698.650390625,11698.650390625,11698.650390625,11698.650390625,0,0.0,0.0
2022-05-26 00:00:00-03:00,11698.650390625,11698.650390625,11698.650390625,11698.650390625,0,0.0,0.0
2022-05-27 00:00:00-03:00,11698.650390625,11698.650390625,11698.650390625,11698.650390625,0,0.0,0.0
2022-05-30 00:00:00-03:00,11698.650390625,11698.650390625,11698.650390625,11698.650390625,0,0.0,0.0
2022-05-31 00:00:00-03:00,12069.366030557223,12081.364903210939,12025.8701171875,12025.8701171875,2715,369.375,0.0
2022-06-01 00:00:00-03:00,12019.87100176432,12122.861328125,12019.87100176432,12122.861328125,1488,0.0,0.0
2022-06-02 00:00:00-03:00,12122.861328125,12122.861328125,12122.861328125,12122.861328125,0,0.0,0.0
2022-06-03 00:00:00-03:00,12327.341300524295,12342.83984375,12260.847550555938,12342.83984375,729,0.0,0.0
2022-06-06 00:00:00-03:00,12521.322265625,12521.322265625,12521.322265625,12521.322265625,849,0.0,0.0
2022-06-07 00:00:00-03:00,12537.321252602402,12556.819419402716,12537.321252602402,12547.3203125,1389,0.0,0.0
2022-06-08 00:00:00-03:00,12603.8144451121,12603.8144451121,12523.322016486038,12551.8193359375,1113,0.0,0.0
2022-06-09 00:00:00-03:00,12546.8203125,12546.8203125,12546.8203125,12546.8203125,735,0.0,0.0
2022-06-10 00:00:00-03:00,12774.797651751087,12774.797651751087,12760.79896928987,12762.298828125,462,0.0,0.0
2022-06-13 00:00:00-03:00,12898.786520674992,12898.786520674992,12300.8427734375,12300.8427734375,1117,0.0,0.0
2022-06-14 00:00:00-03:00,12759.80037489412,12921.285192741107,12409.333324396479,12911.2861328125,1267,0.0,0.0
2022-06-15 00:00:00-03:00,12850.291097197534,12850.291097197534,12269.845703125,12269.845703125,4,0.0,0.0
2022-06-16 00:00:00-03:00,12232.349073927591,12232.349073927591,11603.908203125,11603.908203125,5,0.0,0.0
2022-06-21 00:00:00-03:00,12548.318723979684,12548.318723979684,11955.874495607402,12500.3232421875,784,0.0,0.0
2022-06-22 00:00:00-03:00,12422.33192310485,12422.33192310485,11787.891579786943,11995.3720703125,3194,0.0,0.0
2022-06-23 00:00:00-03:00,12087.362225299705,12209.350742608432,11598.908203125,11598.908203125,193,0.0,0.0
2022-06-24 00:00:00-03:00,12656.31105073565,12856.792217290855,12656.31105073565,12848.79296875,722,0.0,0.0
2022-06-27 00:00:00-03:00,12848.79296875,12848.79296875,12848.79296875,12848.79296875,36,0.0,0.0
2022-06-28 00:00:00-03:00,13658.2158203125,13658.2158203125,13658.2158203125,13658.2158203125,9,0.0,0.0
2022-06-29 00:00:00-03:00,13547.726538964715,13564.224988141254,12861.791015625,12861.791015625,376,0.0,0.0
2022-06-30 00:00:00-03:00,13434.739441536374,13718.712796805527,13152.765898628271,13717.712890625,1015,0.0,0.0
2022-07-01 00:00:00-03:00,13611.220625172491,13611.220625172491,13246.7548828125,13246.7548828125,4,0.0,0.0
2022-07-04 00:00:00-03:00,13246.7548828125,13246.7548828125,13246.7548828125,13246.7548828125,0,0.0,0.0
2022-07-05 00:00:00-03:00,15146.076931018157,15146.076931018157,14348.651854108635,14717.6171875,5253,0.0,0.0
2022-07-06 00:00:00-03:00,15046.58605060781,15598.534183245736,15046.58605060781,15505.04296875,1911,0.0,0.0
2022-07-07 00:00:00-03:00,15598.528806584362,16618.432613168723,15276.059220679013,16400.953125,903,0.0,0.0
2022-07-08 00:00:00-03:00,16401.456042921687,16722.92578125,16298.465737951807,16722.92578125,69,0.0,0.0
2022-07-11 00:00:00-03:00,16239.474478185097,16376.461609735577,16199.478235396635,16248.4736328125,2431,0.0,0.0
2022-07-12 00:00:00-03:00,16697.43443655332,16707.93345215808,16142.486468873394,16206.48046875,1373,0.0,0.0
2022-07-13 00:00:00-03:00,15773.516789608193,15775.5166015625,15758.518199950879,15775.5166015625,1094,0.0,0.0
2022-07-14 00:00:00-03:00,16028.494343803844,16248.9736328125,15986.998241790878,16248.9736328125,2491,0.0,0.0
2022-07-15 00:00:00-03:00,16617.938512174536,16858.415915957925,16617.938512174536,16753.42578125,49,0.0,0.0
2022-07-18 00:00:00-03:00,16747.426814448463,16805.92131971118,16741.427378011263,16758.42578125,733,0.0,0.0
2022-07-19 00:00:00-03:00,17303.3744935172,17624.34434109992,17278.876794869917,17609.845703125,2356,0.0,0.0
2022-07-20 00:00:00-03:00,17797.324688934685,18040.301816830135,17797.324688934685,17968.30859375,1200,0.0,0.0
2022-07-21 00:00:00-03:00,19112.20179999905,19787.638250553584,19112.20179999905,19741.642578125,271,0.0,0.0
2022-07-22 00:00:00-03:00,19165.70114173846,19165.70114173846,19019.71484375,19019.71484375,6,0.0,0.0
2022-07-25 00:00:00-03:00,18698.24503296183,18874.228515625,18698.24503296183,18874.228515625,630,0.0,0.0
2022-07-26 00:00:00-03:00,19063.711368524182,19063.711368524182,18823.233931051782,18964.220703125,273,0.0,0.0
2022-07-27 00:00:00-03:00,20298.092055745885,20623.56146284664,20298.092055745885,20467.076171875,8,0.0,0.0
2022-07-28 00:00:00-03:00,20652.06224280563,20659.561539156024,19363.183176717877,19879.134765625,545,0.0,0.0
2022-07-29 00:00:00-03:00,18184.291015625,18184.291015625,18184.291015625,18184.291015625,1,0.0,0.0
2022-08-01 00:00:00-03:00,17998.809616117083,17998.809616117083,17228.38197192841,17843.32421875,1281,0.0,0.0
2022-08-02 00:00:00-03:00,17998.30996111806,18387.2734375,17844.324420339606,18387.2734375,16,0.0,0.0
2022-08-03 00:00:00-03:00,18413.265660933266,18641.744140625,18218.2840261854,18641.744140625,1393,0.0,0.0
2022-08-04 00:00:00-03:00,18382.76930109775,18837.726467841447,18382.76930109775,18795.23046875,1201,0.0,0.0
2022-08-05 00:00:00-03:00,18855.229188184898,18910.723976324276,18363.275390625,18363.275390625,317,0.0,0.0
2022-08-08 00:00:00-03:00,18498.758193793587,18710.23828125,18238.782672570575,18710.23828125,491,0.0,0.0
2022-08-09 00:00:00-03:00,18768.23329247008,18798.23046875,18768.23329247008,18798.23046875,933,0.0,0.0
2022-08-10 00:00:00-03:00,18946.7220981629,19030.714216602126,18946.7220981629,19003.216796875,444,0.0,0.0
2022-08-11 00:00:00-03:00,19055.207186933876,19075.70525836863,18766.234375,18766.234375,213,0.0,0.0
2022-08-12 00:00:00-03:00,19160.699173481404,19339.18239865904,19160.699173481404,19305.685546875,17,0.0,0.0
2022-08-16 00:00:00-03:00,19114.1993129479,19117.1990303542,19114.1993129479,19115.19921875,168,0.0,0.0
2022-08-17 00:00:00-03:00,19111.70006812089,19303.18203442979,19111.70006812089,19162.1953125,395,0.0,0.0
2022-08-18 00:00:00-03:00,19327.685546875,19327.685546875,19327.685546875,19327.685546875,468,0.0,0.0
2022-08-19 00:00:00-03:00,19790.137542656725,19790.137542656725,19759.140459803937,19778.138671875,177,0.0,0.0
2022-08-22 00:00:00-03:00,19668.15261975589,19668.15261975589,19358.18173454367,19359.181640625,437,0.0,0.0
2022-08-23 00:00:00-03:00,19362.181668745317,19432.175095558585,19341.68359375,19341.68359375,704,0.0,0.0
2022-08-24 00:00:00-03:00,19338.183292429203,19392.678172958542,19314.185546875,19314.185546875,209,0.0,0.0
2022-08-25 00:00:00-03:00,19403.177734375,19403.177734375,19403.177734375,19403.177734375,153,0.0,0.0
2022-08-26 00:00:00-03:00,19126.704120286762,19126.704120286762,18513.26171875,18513.26171875,858,0.0,0.0
2022-08-29 00:00:00-03:00,18598.25226883562,18598.25226883562,18248.28515625,18248.28515625,275,0.0,0.0
2022-08-30 00:00:00-03:00,18011.30694703441,18180.791015625,17882.81902482856,18180.791015625,1328,0.0,0.0
2022-08-31 00:00:00-03:00,18054.304304334386,18207.289935623885,18054.304304334386,18195.791015625,1130,0.0,0.0
2022-09-01 00:00:00-03:00,17950.814386793474,18066.803495211134,17950.814386793474,18033.306640625,7,0.0,0.0
2022-09-05 00:00:00-03:00,18033.306640625,18033.306640625,18033.306640625,18033.306640625,0,0.0,0.0
2022-09-06 00:00:00-03:00,17516.097407502948,17516.097407502948,17364.10957785029,17488.599609375,1942,369.375,0.0
2022-09-07 00:00:00-03:00,17451.604060059697,17786.577265819164,17451.604060059697,17702.583984375,969,0.0,0.0
2022-09-08 00:00:00-03:00,17675.082135916633,17968.55859375,17675.082135916633,17968.55859375,561,0.0,0.0
2022-09-09 00:00:00-03:00,17918.563055555554,17998.556640625,17918.563055555554,17998.556640625,14,0.0,0.0
2022-09-12 00:00:00-03:00,17972.05868549772,17997.556640625,17900.064459255984,17997.556640625,1359,0.0,0.0
2022-09-13 00:00:00-03:00,17373.10766228555,17531.095000663125,17373.10766228555,17376.107421875,1249,0.0,0.0
2022-09-14 00:00:00-03:00,17177.624274910362,17180.62403466499,17046.634765625,17046.634765625,1425,0.0,0.0
2022-09-15 00:00:00-03:00,17410.10275990949,17790.072265625,17410.10275990949,17790.072265625,267,0.0,0.0
2022-09-16 00:00:00-03:00,17360.107230439324,17455.099609375,17114.626924873974,17455.099609375,1910,0.0,0.0
2022-09-19 00:00:00-03:00,17612.589640890514,17829.572265625,17612.589640890514,17829.572265625,1161,0.0,0.0
2022-09-20 00:00:00-03:00,17510.097772880457,17950.5625,17510.097772880457,17950.5625,731,0.0,0.0
2022-09-21 00:00:00-03:00,17949.05978949714,18106.047193020775,17793.572265625,17793.572265625,744,0.0,0.0
2022-09-22 00:00:00-03:00,17612.590560501198,17743.580078125,17612.590560501198,17743.580078125,3,0.0,0.0
2022-09-23 00:00:00-03:00,17508.598278755442,17602.090793836174,17098.63110032656,17223.62109375,607,0.0,0.0
2022-09-26 00:00:00-03:00,17124.626452836364,17124.626452836364,16839.649310534696,16996.63671875,921,0.0,0.0
2022-09-27 00:00:00-03:00,16935.14329181929,16935.14329181929,16756.657590665585,16822.15234375,362,0.0,0.0
2022-09-28 00:00:00-03:00,16993.639089788074,17139.627398532357,16934.143854375165,17047.634765625,902,0.0,0.0
2022-09-29 00:00:00-03:00,16796.15789263423,16796.15789263423,16621.171875,16621.171875,1024,0.0,0.0
2022-09-30 00:00:00-03:00,16673.664110754016,16800.653936365157,16673.664110754016,16796.154296875,549,0.0,0.0
2022-10-03 00:00:00-03:00,17106.127188251958,17401.103515625,17072.629876499424,17401.103515625,1405,0.0,0.0
2022-10-04 00:00:00-03:00,18009.55748522843,18009.55748522843,17894.066735711807,17922.564453125,611,0.0,0.0
2022-10-05 00:00:00-03:00,17897.064453125,17897.064453125,17897.064453125,17897.064453125,279,0.0,0.0
2022-10-06 00:00:00-03:00,17897.064453125,17897.064453125,17897.064453125,17897.064453125,0,0.0,0.0
2022-10-11 00:00:00-03:00,17106.629568258384,17222.620276109563,17066.1328125,17066.1328125,2267,0.0,0.0
2022-10-12 00:00:00-03:00,16954.64139671405,16954.64139671405,16789.654617375894,16793.654296875,847,0.0,0.0
2022-10-13 00:00:00-03:00,16790.653066794886,17430.601730607937,16790.653066794886,17286.61328125,1073,0.0,0.0
2022-10-14 00:00:00-03:00,17594.589001489378,17594.589001489378,17413.603515625,17413.603515625,13,0.0,0.0
2022-10-17 00:00:00-03:00,17485.098291429123,17485.098291429123,17298.11328125,17298.11328125,729,0.0,0.0
2022-10-18 00:00:00-03:00,17298.11328125,17298.11328125,17298.11328125,17298.11328125,0,0.0,0.0
2022-10-19 00:00:00-03:00,17429.103455171266,17477.099609375,17429.103455171266,17477.099609375,25,0.0,0.0
2022-10-20 00:00:00-03:00,17472.101101105283,17472.101101105283,17026.136807111925,17051.634765625,1088,0.0,0.0
2022-10-21 00:00:00-03:00,17291.11269196693,17308.111328125,17283.613293661896,17308.111328125,117,0.0,0.0
2022-10-24 00:00:00-03:00,17462.60094080263,17503.59765625,17462.100980858148,17503.59765625,645,0.0,0.0
2022-10-25 00:00:00-03:00,17844.070552803805,18017.056695284267,17844.070552803805,17847.0703125,1450,0.0,0.0
2022-10-26 00:00:00-03:00,17837.072613699693,18021.55785053169,16559.674835635316,16596.671875,2737,0.0,0.0
2022-10-27 00:00:00-03:00,17377.607553066893,17377.607553066893,17093.130347885497,17208.62109375,730,0.0,0.0
2022-10-28 00:00:00-03:00,17248.61728910766,17440.60189893425,17138.126146473085,17298.61328125,832,0.0,0.0
2022-10-31 00:00:00-03:00,17549.59305431729,17562.592012194684,17419.103515625,17419.103515625,381,0.0,0.0
2022-11-01 00:00:00-03:00,17013.636218946944,17151.62515801334,17010.636459402023,17056.1328125,72,0.0,0.0
2022-11-02 00:00:00-03:00,17004.63926440497,17256.119140625,17004.63926440497,17256.119140625,40,0.0,0.0
2022-11-03 00:00:00-03:00,16975.13789478022,17163.122810647368,16975.13789478022,17014.134765625,506,0.0,0.0
2022-11-04 00:00:00-03:00,17014.134765625,17014.134765625,17014.134765625,17014.134765625,0,0.0,0.0
2022-11-07 00:00:00-03:00,17526.595751536785,17832.57123647347,16983.639253756974,17649.0859375,202,0.0,0.0
2022-11-08 00:00:00-03:00,18199.541535658842,18238.53841054982,17913.564453125,17913.564453125,1357,0.0,0.0
2022-11-09 00:00:00-03:00,17746.07629994414,17746.07629994414,17285.11328125,17285.11328125,351,0.0,0.0
2022-11-10 00:00:00-03:00,18232.5390625,18232.5390625,18232.5390625,18232.5390625,3,0.0,0.0
2022-11-11 00:00:00-03:00,18793.496672335816,19020.478515625,18793.496672335816,19020.478515625,2,0.0,0.0
2022-11-14 00:00:00-03:00,19019.480019870563,19019.480019870563,18903.48928950386,18964.984375,1232,0.0,0.0
2022-11-15 00:00:00-03:00,19258.45408818493,19635.423828125,19258.45408818493,19635.423828125,676,0.0,0.0
2022-11-16 00:00:00-03:00,20408.361974278967,20408.361974278967,19977.396564631035,19978.396484375,604,0.0,0.0
2022-11-17 00:00:00-03:00,3404.727502569452,3431.725341796875,3399.727902712522,3431.725341796875,3224,0.0,0.0
2022-11-18 00:00:00-03:00,3508.7193518773756,3510.7191919183433,3459.7232708736733,3485.72119140625,91,0.0,0.0
2022-11-22 00:00:00-03:00,3463.2225284774413,3467.72216796875,3463.2225284774413,3467.72216796875,12,0.0,0.0
2022-11-23 00:00:00-03:00,3603.211809007838,3603.211809007838,3504.2197265625,3504.2197265625,66,0.0,0.0
2022-11-24 00:00:00-03:00,3504.2197265625,3504.2197265625,3504.2197265625,3504.2197265625,0,0.0,0.0
2022-11-25 00:00:00-03:00,3552.7153096098136,3552.7153096098136,3473.2216796875,3473.2216796875,13,0.0,0.0
2022-11-28 00:00:00-03:00,3473.721763392857,3473.721763392857,3377.2294921875,3377.2294921875,8,0.0,0.0
2022-11-29 00:00:00-03:00,3343.7324811662947,3359.731201171875,3343.7324811662947,3359.731201171875,1895,0.0,0.0
2022-11-30 00:00:00-03:00,3343.731972287736,3460.7225945238797,3343.731972287736,3444.723876953125,12,0.0,0.0
2022-12-01 00:00:00-03:00,3499.719870797151,3499.719870797151,3483.22119140625,3483.22119140625,16,0.0,0.0
2022-12-02 00:00:00-03:00,3488.220947265625,3488.220947265625,3488.220947265625,3488.220947265625,448,0.0,0.0
2022-12-05 00:00:00-03:00,3488.220947265625,3488.220947265625,3488.220947265625,3488.220947265625,0,0.0,0.0
2022-12-06 00:00:00-03:00,3488.262451171875,3488.262451171875,3488.262451171875,3488.262451171875,0,61.562992,0.0
2022-12-07 00:00:00-03:00,3488.262451171875,3488.262451171875,3488.262451171875,3488.262451171875,0,0.0,0.0
2022-12-12 00:00:00-03:00,3285.2758681544233,3303.7746061123767,3282.7760387006456,3292.275390625,2225,0.0,0.0
2022-12-13 00:00:00-03:00,3292.275390625,3292.275390625,3292.275390625,3292.275390625,0,0.0,0.0
2022-12-14 00:00:00-03:00,3411.7673638184842,3441.7653183655398,3326.273193359375,3326.273193359375,10,0.0,0.0
2022-12-15 00:00:00-03:00,3321.7734375,3321.7734375,3321.7734375,3321.7734375,1,0.0,0.0
2022-12-16 00:00:00-03:00,3308.2744019073507,3308.2744019073507,3293.775390625,3293.775390625,24,0.0,0.0
2022-12-19 00:00:00-03:00,3257.77783203125,3257.77783203125,3257.77783203125,3257.77783203125,15,0.0,0.0
2022-12-20 00:00:00-03:00,3261.77734375,3261.77734375,3261.77734375,3261.77734375,2,0.0,0.0
2022-12-21 00:00:00-03:00,3261.77734375,3261.77734375,3261.77734375,3261.77734375,0,0.0,0.0
2022-12-22 00:00:00-03:00,3261.77734375,3261.77734375,3261.77734375,3261.77734375,0,0.0,0.0
2022-12-23 00:00:00-03:00,3365.27099609375,3365.27099609375,3365.27099609375,3365.27099609375,25,0.0,0.0
2022-12-26 00:00:00-03:00,3365.27099609375,3365.27099609375,3365.27099609375,3365.27099609375,0,0.0,0.0
2022-12-27 00:00:00-03:00,3432.7661361314986,3432.7661361314986,3418.76708984375,3418.76708984375,64,0.0,0.0
2022-12-28 00:00:00-03:00,3418.76708984375,3418.76708984375,3418.76708984375,3418.76708984375,0,0.0,0.0
2022-12-29 00:00:00-03:00,3423.766715116279,3423.766715116279,3418.26708984375,3418.26708984375,7,0.0,0.0
2022-12-30 00:00:00-03:00,3418.26708984375,3418.26708984375,3418.26708984375,3418.26708984375,0,0.0,0.0
2023-01-02 00:00:00-03:00,3418.26708984375,3418.26708984375,3418.26708984375,3418.26708984375,0,0.0,0.0
2023-01-03 00:00:00-03:00,3461.76416015625,3461.76416015625,3461.76416015625,3461.76416015625,1,0.0,0.0
2023-01-04 00:00:00-03:00,3543.7587890625,3543.7587890625,3543.7587890625,3543.7587890625,11,0.0,0.0
2023-01-05 00:00:00-03:00,3543.7580286970233,3586.255126953125,3543.7580286970233,3586.255126953125,3,0.0,0.0
2023-01-06 00:00:00-03:00,3586.255126953125,3586.255126953125,3586.255126953125,3586.255126953125,0,0.0,0.0
2023-01-09 00:00:00-03:00,3561.7567966284623,3564.756591796875,3561.7567966284623,3564.756591796875,3,0.0,0.0
2023-01-10 00:00:00-03:00,3564.756591796875,3564.756591796875,3564.756591796875,3564.756591796875,0,0.0,0.0
2023-01-11 00:00:00-03:00,3564.756591796875,3564.756591796875,3564.756591796875,3564.756591796875,0,0.0,0.0
2023-01-12 00:00:00-03:00,3564.756591796875,3564.756591796875,3564.756591796875,3564.756591796875,0,0.0,0.0
2023-01-13 00:00:00-03:00,3564.756591796875,3564.756591796875,3564.756591796875,3564.756591796875,0,0.0,0.0
2023-01-16 00:00:00-03:00,3564.756591796875,3564.756591796875,3564.756591796875,3564.756591796875,0,0.0,0.0
2023-01-17 00:00:00-03:00,3564.756591796875,3564.756591796875,3564.756591796875,3564.756591796875,0,0.0,0.0
2023-01-18 00:00:00-03:00,3705.7473100689326,3767.2431167524833,3705.7473100689326,3730.74560546875,108,0.0,0.0
2023-01-19 00:00:00-03:00,3642.2518911194243,3642.2518911194243,3616.253662109375,3616.253662109375,3,0.0,0.0
2023-01-20 00:00:00-03:00,3762.243408203125,3762.243408203125,3762.243408203125,3762.243408203125,1,0.0,0.0
2023-01-23 00:00:00-03:00,3840.7381041753574,3840.7381041753574,3820.239501953125,3820.239501953125,4,0.0,0.0
2023-01-24 00:00:00-03:00,3820.239501953125,3820.239501953125,3820.239501953125,3820.239501953125,0,0.0,0.0
2023-01-25 00:00:00-03:00,3820.239501953125,3820.239501953125,3820.239501953125,3820.239501953125,0,0.0,0.0
2023-01-26 00:00:00-03:00,3782.7419221984155,3864.736328125,3782.7419221984155,3864.736328125,41,0.0,0.0
2023-01-27 00:00:00-03:00,3815.73974609375,3815.73974609375,3815.73974609375,3815.73974609375,25,0.0,0.0
2023-01-30 00:00:00-03:00,3810.2403428924504,3872.736083984375,3810.2403428924504,3872.736083984375,9,0.0,0.0
2023-01-31 00:00:00-03:00,3879.2356695057592,3879.2356695057592,3876.73583984375,3876.73583984375,5,0.0,0.0
2023-02-01 00:00:00-03:00,3836.238525390625,3836.238525390625,3836.238525390625,3836.238525390625,5,0.0,0.0
2023-02-02 00:00:00-03:00,3852.737548828125,3852.737548828125,3852.737548828125,3852.737548828125,1,0.0,0.0
2023-02-03 00:00:00-03:00,3788.2418925601332,3788.741858495538,3690.74853515625,3690.74853515625,13,0.0,0.0
2023-02-06 00:00:00-03:00,3630.752520743534,3669.7498626077586,3624.7529296875,3624.7529296875,18,0.0,0.0
2023-02-07 00:00:00-03:00,3671.249412019622,3671.249412019622,3644.751220703125,3644.751220703125,4,0.0,0.0
2023-02-08 00:00:00-03:00,3644.751220703125,3644.751220703125,3644.751220703125,3644.751220703125,0,0.0,0.0
2023-02-09 00:00:00-03:00,3749.744384765625,3749.744384765625,3749.744384765625,3749.744384765625,1,0.0,0.0
2023-02-10 00:00:00-03:00,3729.7455426232636,3729.7455426232636,3708.746975225117,3725.245849609375,7,0.0,0.0
2023-02-13 00:00:00-03:00,3804.24072265625,3804.24072265625,3804.24072265625,3804.24072265625,7,0.0,0.0
2023-02-14 00:00:00-03:00,3804.24072265625,3804.24072265625,3804.24072265625,3804.24072265625,0,0.0,0.0
2023-02-15 00:00:00-03:00,3804.24072265625,3804.24072265625,3804.24072265625,3804.24072265625,0,0.0,0.0
2023-02-16 00:00:00-03:00,3804.24072265625,3804.24072265625,3804.24072265625,3804.24072265625,0,0.0,0.0
2023-02-17 00:00:00-03:00,3804.24072265625,3804.24072265625,3804.24072265625,3804.24072265625,0,0.0,0.0
2023-02-22 00:00:00-03:00,3699.7478540094976,3711.2470703125,3699.7478540094976,3711.2470703125,7,0.0,0.0
2023-02-23 00:00:00-03:00,3711.2470703125,3711.2470703125,3711.2470703125,3711.2470703125,0,0.0,0.0
2023-02-24 00:00:00-03:00,3711.2470703125,3711.2470703125,3711.2470703125,3711.2470703125,0,0.0,0.0
2023-02-27 00:00:00-03:00,3711.2470703125,3711.2470703125,3711.2470703125,3711.2470703125,0,0.0,0.0
2023-02-28 00:00:00-03:00,3711.28857421875,3711.28857421875,3711.28857421875,3711.28857421875,0,61.562992,0.0
2023-03-01 00:00:00-03:00,3711.28857421875,3711.28857421875,3711.28857421875,3711.28857421875,0,0.0,0.0
2023-03-02 00:00:00-03:00,3711.28857421875,3711.28857421875,3711.28857421875,3711.28857421875,0,0.0,0.0
2023-03-03 00:00:00-03:00,3711.28857421875,3711.28857421875,3711.28857421875,3711.28857421875,0,0.0,0.0
2023-03-06 00:00:00-03:00,3711.28857421875,3711.28857421875,3711.28857421875,3711.28857421875,0,0.0,0.0
2023-03-07 00:00:00-03:00,3677.79052734375,3677.79052734375,3677.79052734375,3677.79052734375,7,0.0,0.0
2023-03-08 00:00:00-03:00,3643.792419359592,3711.28857421875,3643.792419359592,3711.28857421875,1357,0.0,0.0
2023-03-09 00:00:00-03:00,3781.78466796875,3781.78466796875,3781.78466796875,3781.78466796875,1,0.0,0.0
2023-03-10 00:00:00-03:00,3807.783142500991,3807.783142500991,3785.284423828125,3785.284423828125,6,0.0,0.0
2023-03-13 00:00:00-03:00,3714.288399251302,3779.78466796875,3714.288399251302,3779.78466796875,11,0.0,0.0
2023-03-14 00:00:00-03:00,3779.78466796875,3779.78466796875,3779.78466796875,3779.78466796875,52,0.0,0.0
2023-03-15 00:00:00-03:00,3782.784630764533,3799.28369140625,3782.784630764533,3799.28369140625,6,0.0,0.0
2023-03-16 00:00:00-03:00,3799.28369140625,3799.28369140625,3799.28369140625,3799.28369140625,0,0.0,0.0
2023-03-17 00:00:00-03:00,3727.2876627451915,3741.286865234375,3727.2876627451915,3741.286865234375,6,0.0,0.0
2023-03-20 00:00:00-03:00,3826.781815065092,3826.781815065092,3815.282470703125,3815.282470703125,28,0.0,0.0
2023-03-21 00:00:00-03:00,3799.7838051929907,3806.283435386084,3794.7840896598423,3801.78369140625,14,0.0,0.0
2023-03-22 00:00:00-03:00,3827.28173828125,3827.28173828125,3827.28173828125,3827.28173828125,3,0.0,0.0
2023-03-23 00:00:00-03:00,3827.28173828125,3827.28173828125,3827.28173828125,3827.28173828125,0,0.0,0.0
2023-03-27 00:00:00-03:00,3731.787579566851,3731.787579566851,3684.290283203125,3684.290283203125,12,0.0,0.0
2023-03-28 00:00:00-03:00,3684.290283203125,3684.290283203125,3684.290283203125,3684.290283203125,0,0.0,0.0
2023-03-29 00:00:00-03:00,3820.281982421875,3820.281982421875,3820.281982421875,3820.281982421875,1,0.0,0.0
2023-03-30 00:00:00-03:00,3858.779926069211,3899.777587890625,3858.779926069211,3899.777587890625,1323,0.0,0.0
2023-03-31 00:00:00-03:00,3969.274729803651,4052.27001953125,3969.274729803651,4052.27001953125,53,0.0,0.0
2023-04-03 00:00:00-03:00,4009.77099609375,4009.77099609375,4009.77099609375,4009.77099609375,2,0.0,0.0
2023-04-04 00:00:00-03:00,3994.272403621276,3994.272403621276,3952.2747966737,3963.274169921875,243,0.0,0.0
2023-04-05 00:00:00-03:00,4006.2712657701895,4015.270751953125,3994.2719508596088,4015.270751953125,30,0.0,0.0
2023-04-10 00:00:00-03:00,4014.77146171708,4014.77146171708,3934.2760438669616,3975.773681640625,266,0.0,0.0
2023-04-11 00:00:00-03:00,3979.7731277381176,3979.7731277381176,3965.77392578125,3965.77392578125,27,0.0,0.0
2023-04-12 00:00:00-03:00,3965.77392578125,3965.77392578125,3965.77392578125,3965.77392578125,0,0.0,0.0
2023-04-13 00:00:00-03:00,3926.276123956716,4024.7705078125,3926.276123956716,4024.7705078125,108,0.0,0.0
2023-04-14 00:00:00-03:00,4038.269967061622,4038.269967061622,3968.77392578125,3968.77392578125,7,0.0,0.0
2023-04-17 00:00:00-03:00,3968.77392578125,3968.77392578125,3968.77392578125,3968.77392578125,0,0.0,0.0
2023-04-18 00:00:00-03:00,4142.264261305593,4238.258798200062,4142.264261305593,4221.259765625,52,0.0,0.0
2023-04-19 00:00:00-03:00,4371.250523206533,4371.250523206533,4354.75146484375,4354.75146484375,3,0.0,0.0
2023-04-20 00:00:00-03:00,4336.7523873032205,4336.7523873032205,4327.2529296875,4327.2529296875,3,0.0,0.0
2023-04-21 00:00:00-03:00,4418.748199041331,4524.2421875,4418.748199041331,4524.2421875,4,0.0,0.0
2023-04-24 00:00:00-03:00,4533.24169921875,4533.24169921875,4533.24169921875,4533.24169921875,14,0.0,0.0
2023-04-25 00:00:00-03:00,4529.74218948915,4575.739571545773,4390.250128687001,4418.24853515625,110,0.0,0.0
2023-04-26 00:00:00-03:00,4249.757211486457,4333.25244140625,4144.763209790909,4333.25244140625,89,0.0,0.0
2023-04-27 00:00:00-03:00,4290.255611288321,4290.255611288321,4233.258858032656,4268.7568359375,54,0.0,0.0
2023-04-28 00:00:00-03:00,4380.75048828125,4380.75048828125,4380.75048828125,4380.75048828125,2,0.0,0.0
2023-05-02 00:00:00-03:00,4532.741863998526,4532.741863998526,4331.253338607901,4432.74755859375,60,0.0,0.0
2023-05-03 00:00:00-03:00,4353.25231288112,4353.25231288112,4273.7568359375,4273.7568359375,4,0.0,0.0
2023-05-04 00:00:00-03:00,4229.759172173697,4229.759172173697,4208.2603962394805,4210.76025390625,127,0.0,0.0
2023-05-05 00:00:00-03:00,4210.76025390625,4210.76025390625,4210.76025390625,4210.76025390625,0,0.0,0.0
2023-05-08 00:00:00-03:00,4310.254124120193,4339.75244140625,4299.754723052275,4339.75244140625,37,0.0,0.0
2023-05-09 00:00:00-03:00,4284.755859375,4284.755859375,4284.755859375,4284.755859375,70,0.0,0.0
2023-05-10 00:00:00-03:00,4256.757789218768,4299.25537109375,4256.757789218768,4299.25537109375,12,0.0,0.0
2023-05-11 00:00:00-03:00,4299.25537109375,4299.25537109375,4299.25537109375,4299.25537109375,0,0.0,0.0
2023-05-12 00:00:00-03:00,4299.25537109375,4299.25537109375,4299.25537109375,4299.25537109375,0,0.0,0.0
2023-05-15 00:00:00-03:00,4523.742423901297,4541.741399062708,4510.7431640625,4510.7431640625,3,0.0,0.0
2023-05-16 00:00:00-03:00,4510.242510610507,4511.242453523845,4461.745279313621,4490.24365234375,59,0.0,0.0
2023-05-17 00:00:00-03:00,4510.742985151934,4524.7421875,4510.742985151934,4524.7421875,24,0.0,0.0
2023-05-18 00:00:00-03:00,4704.73193359375,4704.73193359375,4704.73193359375,4704.73193359375,4,0.0,0.0
2023-05-19 00:00:00-03:00,4704.73193359375,4704.73193359375,4704.73193359375,4704.73193359375,0,0.0,0.0
2023-05-22 00:00:00-03:00,4704.73193359375,4704.73193359375,4704.73193359375,4704.73193359375,0,0.0,0.0
2023-05-23 00:00:00-03:00,4646.23583984375,4646.23583984375,4646.23583984375,4646.23583984375,1,0.0,0.0
2023-05-24 00:00:00-03:00,4646.23583984375,4646.23583984375,4646.23583984375,4646.23583984375,0,0.0,0.0
2023-05-29 00:00:00-03:00,4646.23583984375,4646.23583984375,4646.23583984375,4646.23583984375,0,0.0,0.0
2023-05-30 00:00:00-03:00,4463.745907905863,4463.745907905863,4416.7485831586455,4434.74755859375,15,0.0,0.0
2023-05-31 00:00:00-03:00,4393.2497070645,4405.748994953042,4378.250561598251,4405.2490234375,19,0.0,0.0
2023-06-01 00:00:00-03:00,4393.249522785564,4428.747498900026,4356.7516036819625,4367.7509765625,141,0.0,0.0
2023-06-02 00:00:00-03:00,4553.740874851953,4591.73871263069,4541.741557658666,4590.73876953125,39,0.0,0.0
2023-06-05 00:00:00-03:00,4606.7374301800955,4606.7374301800955,4572.739367964745,4583.23876953125,9,0.0,0.0
2023-06-06 00:00:00-03:00,4616.281966802381,4616.281966802381,4607.782368249837,4610.7822265625,18,66.4875,0.0
2023-06-07 00:00:00-03:00,4654.78046613226,4706.278037347257,4654.78046613226,4700.2783203125,28,0.0,0.0
2023-06-08 00:00:00-03:00,4561.7846268587045,4602.782691238627,4561.7846268587045,4602.28271484375,9,0.0,0.0
2023-06-09 00:00:00-03:00,4610.78260687147,4610.78260687147,4508.787415828119,4515.287109375,53,0.0,0.0
2023-06-12 00:00:00-03:00,4515.287109375,4515.287109375,4515.287109375,4515.287109375,0,0.0,0.0
2023-06-13 00:00:00-03:00,4727.776499778631,4727.776499778631,4658.27978515625,4658.27978515625,12,0.0,0.0
2023-06-14 00:00:00-03:00,4662.781029102089,4714.778587222035,4628.282649195586,4637.2822265625,233,0.0,0.0
2023-06-15 00:00:00-03:00,4693.779085090361,4735.777108433735,4693.779085090361,4730.77734375,11,0.0,0.0
2023-06-16 00:00:00-03:00,4819.773096455726,4837.772249098091,4734.277121404488,4833.2724609375,40,0.0,0.0
2023-06-21 00:00:00-03:00,4722.777440453556,4776.7748958387965,4695.278736322183,4766.275390625,24,0.0,0.0
2023-06-22 00:00:00-03:00,4729.277743196629,4737.77734375,4729.277743196629,4737.77734375,42,0.0,0.0
2023-06-23 00:00:00-03:00,4789.773422241211,4814.772239685059,4789.773422241211,4799.77294921875,306,0.0,0.0
2023-06-26 00:00:00-03:00,4800.774322410339,4833.772771200079,4757.2763671875,4757.2763671875,28,0.0,0.0
2023-06-27 00:00:00-03:00,4825.772662047773,4852.271413714633,4825.772662047773,4850.771484375,10,0.0,0.0
2023-06-28 00:00:00-03:00,4790.27350507277,4790.27350507277,4667.779296875,4667.779296875,28,0.0,0.0
2023-06-29 00:00:00-03:00,4714.277067216997,4733.776145127853,4677.2788168220395,4687.7783203125,48,0.0,0.0
2023-06-30 00:00:00-03:00,4725.7770808525365,4857.2708781720685,4725.7770808525365,4854.77099609375,31,0.0,0.0
2023-07-03 00:00:00-03:00,4909.768282497746,4909.768282497746,4846.771255655107,4852.27099609375,9,0.0,0.0
2023-07-04 00:00:00-03:00,4852.27099609375,4852.27099609375,4852.27099609375,4852.27099609375,0,0.0,0.0
2023-07-05 00:00:00-03:00,4776.77457201176,4811.772920351808,4769.77490234375,4769.77490234375,31,0.0,0.0
2023-07-06 00:00:00-03:00,4857.771066781241,4859.27099609375,4819.772857530996,4859.27099609375,26,0.0,0.0
2023-07-07 00:00:00-03:00,4859.2713537532445,4960.2666015625,4837.272388883902,4960.2666015625,38,0.0,0.0
2023-07-10 00:00:00-03:00,5018.263182351936,5018.263182351936,4896.268939401466,4914.76806640625,54,0.0,0.0
2023-07-11 00:00:00-03:00,5027.262490483681,5036.262065305034,5027.262490483681,5033.26220703125,10,0.0,0.0
2023-07-12 00:00:00-03:00,5096.759872627258,5172.25631570816,5096.759872627258,5119.7587890625,199,0.0,0.0
2023-07-13 00:00:00-03:00,5226.75390625,5226.75390625,5226.75390625,5226.75390625,1,0.0,0.0
2023-07-14 00:00:00-03:00,5344.74853515625,5344.74853515625,5344.74853515625,5344.74853515625,2,0.0,0.0
2023-07-17 00:00:00-03:00,5371.747176204819,5371.747176204819,5228.75390625,5228.75390625,24,0.0,0.0
2023-07-18 00:00:00-03:00,5198.7548828125,5198.7548828125,5198.7548828125,5198.7548828125,4,0.0,0.0
2023-07-19 00:00:00-03:00,5198.7548828125,5198.7548828125,5198.7548828125,5198.7548828125,0,0.0,0.0
2023-07-20 00:00:00-03:00,5198.7548828125,5198.7548828125,5198.7548828125,5198.7548828125,0,0.0,0.0
2023-07-21 00:00:00-03:00,5151.257105668599,5251.252390647122,5151.257105668599,5208.75439453125,20,0.0,0.0
2023-07-24 00:00:00-03:00,5249.7522182367375,5298.749905606947,5249.7522182367375,5296.75,17,0.0,0.0
2023-07-25 00:00:00-03:00,5099.759169520954,5273.2509765625,5053.761341717432,5273.2509765625,260,0.0,0.0
2023-07-26 00:00:00-03:00,5295.250079906311,5446.742929893244,5295.250079906311,5410.74462890625,730,0.0,0.0
2023-07-27 00:00:00-03:00,5624.735037357265,5657.2335064619965,5546.238735058147,5566.23779296875,81,0.0,0.0
2023-07-28 00:00:00-03:00,5612.735462808737,5691.731739587979,5567.237607195375,5604.73583984375,392,0.0,0.0
2023-07-31 00:00:00-03:00,5689.7309643087465,5689.7309643087465,5579.236188991327,5669.23193359375,41,0.0,0.0
2023-08-01 00:00:00-03:00,5669.232768070576,5784.227347544624,5669.232768070576,5738.7294921875,5,0.0,0.0
2023-08-02 00:00:00-03:00,5814.725771651309,5879.722706330128,5814.725771651309,5849.72412109375,7,0.0,0.0
2023-08-03 00:00:00-03:00,5875.722465357817,6047.214365087031,5875.722465357817,5964.71826171875,60,0.0,0.0
2023-08-04 00:00:00-03:00,6033.716249025616,6088.213686143928,6033.716249025616,6053.21533203125,4,0.0,0.0
2023-08-07 00:00:00-03:00,6101.712837357954,6220.70723716877,6101.712837357954,6214.70751953125,49,0.0,0.0
2023-08-08 00:00:00-03:00,6220.70687047591,6229.706446401691,6159.7097447567285,6186.20849609375,136,0.0,0.0
2023-08-09 00:00:00-03:00,6221.706393005221,6221.706393005221,6055.714226300163,6104.7119140625,657,0.0,0.0
2023-08-10 00:00:00-03:00,6171.708670224919,6174.70852861939,6096.212233964066,6154.70947265625,7,0.0,0.0
2023-08-11 00:00:00-03:00,6124.211620250651,6147.210537266859,6108.712350087555,6138.7109375,14,0.0,0.0
2023-08-14 00:00:00-03:00,6597.1900073902025,6773.681714294996,6582.690688692642,6733.68359375,147,0.0,0.0
2023-08-15 00:00:00-03:00,6685.1852362886375,7072.6669921875,6685.1852362886375,7072.6669921875,76,0.0,0.0
2023-08-16 00:00:00-03:00,7186.661193365065,7208.66015625,7105.1650354049625,7208.66015625,34,0.0,0.0
2023-08-17 00:00:00-03:00,7327.154398156772,7406.150672118475,7327.154398156772,7339.65380859375,32,0.0,0.0
2023-08-18 00:00:00-03:00,7302.155701289546,7352.6533203125,7301.155748437606,7352.6533203125,20,0.0,0.0
2023-08-22 00:00:00-03:00,7382.652168368168,7382.652168368168,7285.65673828125,7285.65673828125,164,0.0,0.0
2023-08-23 00:00:00-03:00,7476.647451455684,7579.6425948955575,7447.148842412225,7569.64306640625,94,0.0,0.0
2023-08-24 00:00:00-03:00,7637.139432009964,7750.134097256069,7617.640352609088,7725.63525390625,115,0.0,0.0
2023-08-25 00:00:00-03:00,7698.137329878004,7943.125788125728,7698.137329878004,7939.1259765625,74,0.0,0.0
2023-08-28 00:00:00-03:00,8022.620114374062,8156.61376953125,8022.620114374062,8156.61376953125,13,0.0,0.0
2023-08-29 00:00:00-03:00,8238.610721283352,8376.104224642553,8142.615257119837,8329.1064453125,17,0.0,0.0
2023-08-30 00:00:00-03:00,8449.601164626096,8488.599323847448,8344.606120568613,8379.1044921875,21,0.0,0.0
2023-08-31 00:00:00-03:00,8385.104390473594,8385.104390473594,8062.11962890625,8062.11962890625,1247,0.0,0.0
2023-09-01 00:00:00-03:00,8228.112020410827,8307.108295505006,8004.62255859375,8004.62255859375,111,0.0,0.0
2023-09-04 00:00:00-03:00,8004.62255859375,8004.62255859375,8004.62255859375,8004.62255859375,0,0.0,0.0
2023-09-05 00:00:00-03:00,7999.667733915324,7999.667733915324,7765.177473464931,7817.67529296875,130,66.4875,0.0
2023-09-06 00:00:00-03:00,7756.6775887117965,7861.173245282685,7729.6787109375,7729.6787109375,19,0.0,0.0
2023-09-07 00:00:00-03:00,7632.183205297885,7747.178432105518,7492.688995387757,7505.1884765625,491,0.0,0.0
2023-09-08 00:00:00-03:00,7492.688881801391,7504.188404307826,7403.692577186374,7490.68896484375,5,0.0,0.0
2023-09-11 00:00:00-03:00,7406.692320109537,7488.6889139058085,7324.695726313265,7428.69140625,58,0.0,0.0
2023-09-12 00:00:00-03:00,7439.6903575922815,7449.68994140625,7439.6903575922815,7449.68994140625,5,0.0,0.0
2023-09-13 00:00:00-03:00,7455.190055926832,7469.689453125,7439.690700301205,7469.689453125,8,0.0,0.0
2023-09-14 00:00:00-03:00,7501.688608638576,7567.185889879022,7495.188878439142,7563.68603515625,72,0.0,0.0
2023-09-15 00:00:00-03:00,7491.189093195158,7491.189093195158,7385.193492330353,7423.69189453125,10,0.0,0.0
2023-09-18 00:00:00-03:00,7341.695206732722,7386.193359375,7341.695206732722,7386.193359375,5,0.0,0.0
2023-09-19 00:00:00-03:00,7342.695031877828,7347.69482421875,7342.695031877828,7347.69482421875,2,0.0,0.0
2023-09-20 00:00:00-03:00,7536.18721797159,7646.182652719401,7536.18721797159,7564.68603515625,64,0.0,0.0
2023-09-21 00:00:00-03:00,7540.6867519038215,7603.184155695624,7540.6867519038215,7546.1865234375,11,0.0,0.0
2023-09-22 00:00:00-03:00,7603.184362752003,7603.184362752003,7598.1845703125,7598.1845703125,2,0.0,0.0
2023-09-25 00:00:00-03:00,7781.6764887163845,7875.172601758659,7680.180708248033,7845.673828125,2476,0.0,0.0
2023-09-26 00:00:00-03:00,7899.671447547981,7967.168640296019,7757.677353174335,7854.17333984375,809,0.0,0.0
2023-09-27 00:00:00-03:00,7808.675571567662,8030.16636925011,7808.675571567662,7991.66796875,222,0.0,0.0
2023-09-28 00:00:00-03:00,8161.162336100163,8361.154061545243,8068.666163081813,8284.6572265625,715,0.0,0.0
2023-09-29 00:00:00-03:00,8427.650145780799,8576.643960650441,8200.159589520104,8327.654296875,1026,0.0,0.0
2023-10-02 00:00:00-03:00,8327.653757788743,8437.149205252463,8299.154942695444,8385.1513671875,269,0.0,0.0
2023-10-03 00:00:00-03:00,8413.650389940092,8657.140272273158,8255.656954997077,8554.64453125,227,0.0,0.0
2023-10-04 00:00:00-03:00,8671.640103765276,9210.117755503928,8671.640103765276,9082.623046875,66,0.0,0.0
2023-10-05 00:00:00-03:00,9394.608217256506,9578.600544236304,9394.608217256506,9577.6005859375,30,0.0,0.0
2023-10-06 00:00:00-03:00,8759.636900286558,9169.619905893576,8744.637522032643,8811.134765625,141,0.0,0.0
2023-10-09 00:00:00-03:00,9093.121333541649,9239.115253891028,8981.6259765625,8981.6259765625,51,0.0,0.0
2023-10-10 00:00:00-03:00,9420.609430046732,9987.085944442388,9420.609430046732,9916.5888671875,33,0.0,0.0
2023-10-11 00:00:00-03:00,9370.608980984087,9698.595294692632,9251.113967300638,9618.5986328125,125,0.0,0.0
2023-10-12 00:00:00-03:00,9916.588850490149,9917.588809031087,9272.115570855087,9445.1083984375,807,0.0,0.0
2023-10-17 00:00:00-03:00,9699.598245131909,10235.576045069094,9595.102573315797,9949.587890625,107,0.0,0.0
2023-10-18 00:00:00-03:00,9979.586391830486,9979.586391830486,9389.610843616058,9448.6083984375,48,0.0,0.0
2023-10-19 00:00:00-03:00,9549.60425450562,9717.597292700066,9449.6083984375,9449.6083984375,25,0.0,0.0
2023-10-20 00:00:00-03:00,9717.595678829883,9801.592183977207,9540.103063786426,9646.5986328125,126,0.0,0.0
2023-10-23 00:00:00-03:00,9380.110163682726,9763.094246907553,8999.6259765625,8999.6259765625,1562,0.0,0.0
2023-10-24 00:00:00-03:00,8994.6259765625,8994.6259765625,8994.6259765625,8994.6259765625,2,0.0,0.0
2023-10-25 00:00:00-03:00,7898.672440062351,8218.659170131974,7763.678038314229,7971.16943359375,53,0.0,0.0
2023-10-26 00:00:00-03:00,7999.66651678657,8353.651760154376,7999.66651678657,8339.65234375,66,0.0,0.0
2023-10-27 00:00:00-03:00,8340.65101333632,8340.65101333632,8082.661808032309,8192.1572265625,62,0.0,0.0
2023-10-30 00:00:00-03:00,8033.665506526382,8137.661176513779,7941.169357739515,8033.16552734375,66,0.0,0.0
2023-10-31 00:00:00-03:00,8320.652910548837,8320.652910548837,8158.65966796875,8158.65966796875,7,0.0,0.0
2023-11-01 00:00:00-03:00,8268.655615251875,8370.6513671875,8268.655615251875,8370.6513671875,8,0.0,0.0
2023-11-02 00:00:00-03:00,8754.63525565152,8754.63525565152,8636.140192511062,8672.638671875,5,0.0,0.0
2023-11-03 00:00:00-03:00,8699.63854612783,8818.13362287681,8650.640581902511,8814.1337890625,1558,0.0,0.0
2023-11-07 00:00:00-03:00,8476.14729322627,8476.14729322627,8331.653305864598,8448.6484375,189,0.0,0.0
2023-11-08 00:00:00-03:00,8389.150554960517,8510.145514987958,8359.651783714158,8369.6513671875,125,0.0,0.0
2023-11-09 00:00:00-03:00,8453.649368795956,8499.6474609375,8453.649368795956,8499.6474609375,16,0.0,0.0
2023-11-10 00:00:00-03:00,8688.139330794551,8844.632834307165,8688.139330794551,8821.6337890625,13,0.0,0.0
2023-11-13 00:00:00-03:00,8694.138630813466,8826.133144502279,8694.138630813466,8763.6357421875,70,0.0,0.0
2023-11-14 00:00:00-03:00,8759.635870128524,9049.623815600815,8759.635870128524,9044.6240234375,28,0.0,0.0
2023-11-15 00:00:00-03:00,8909.629555479369,9374.61022251617,8909.629555479369,9160.119140625,144,0.0,0.0
2023-11-16 00:00:00-03:00,8966.6278223575,9113.62172108467,8966.6278223575,9034.625,100,0.0,0.0
2023-11-17 00:00:00-03:00,8966.627142022126,9199.617453619221,8843.632256500912,9041.6240234375,73,0.0,0.0
2023-11-21 00:00:00-03:00,9099.62138142879,9099.62138142879,9031.124231469683,9036.1240234375,43,0.0,0.0
2023-11-22 00:00:00-03:00,9588.600146191406,9999.5830078125,9588.600146191406,9999.5830078125,11,0.0,0.0
2023-11-23 00:00:00-03:00,9999.5830078125,9999.5830078125,9999.5830078125,9999.5830078125,0,0.0,0.0
2023-11-24 00:00:00-03:00,9599.601528962849,9998.584967510367,9432.1084814523,9434.1083984375,49,0.0,0.0
2023-11-27 00:00:00-03:00,9434.106992137962,9434.106992137962,8531.644587092173,8673.638671875,16,0.0,0.0
2023-11-28 00:00:00-03:00,8672.640327382078,8854.63277977266,7969.169501795395,8265.1572265625,943,0.0,0.0
2023-11-29 00:00:00-03:00,8727.637092966694,8999.625783306627,8680.639047209426,8736.63671875,333,0.0,0.0
2023-11-30 00:00:00-03:00,8903.62992486491,8989.62635046446,8749.136346316884,8975.126953125,163,0.0,0.0
2023-12-01 00:00:00-03:00,9067.624891426281,9749.5966796875,9067.624891426281,9749.5966796875,70,0.0,0.0
2023-12-04 00:00:00-03:00,9899.588831213137,9899.588831213137,9519.6046134494,9663.5986328125,64,0.0,0.0
2023-12-05 00:00:00-03:00,9499.648398862513,9639.643217372066,9287.156263624798,9604.14453125,150,66.4875,0.0
2023-12-06 00:00:00-03:00,9984.130474970392,10000.1298828125,9799.637303291085,10000.1298828125,71,0.0,0.0
2023-12-07 00:00:00-03:00,10138.625140382597,10538.6103515625,9983.130889536409,10538.6103515625,53,0.0,0.0
2023-12-11 00:00:00-03:00,10538.610945619608,10791.101624409717,10310.119380853115,10607.6083984375,14,0.0,0.0
2023-12-12 00:00:00-03:00,10443.115476828814,10934.597380104666,10443.115476828814,10927.09765625,60,0.0,0.0
2023-12-13 00:00:00-03:00,11104.0901574662,11296.08307117087,10659.106581431937,11112.58984375,37,0.0,0.0
2023-12-14 00:00:00-03:00,11150.588418073195,11150.588418073195,11032.5927734375,11032.5927734375,8,0.0,0.0
2023-12-15 00:00:00-03:00,10961.09425405946,11001.0927734375,10961.09425405946,11001.0927734375,38,0.0,0.0
2023-12-18 00:00:00-03:00,10599.608010145663,10599.608010145663,10589.1083984375,10589.1083984375,4,0.0,0.0
2023-12-19 00:00:00-03:00,10421.114860227495,10797.600946191671,10421.114860227495,10543.1103515625,73,0.0,0.0
2023-12-20 00:00:00-03:00,10417.11615524957,10599.609430827497,10417.11615524957,10495.11328125,3,0.0,0.0
2023-12-21 00:00:00-03:00,10496.61422349007,10667.607939048496,10496.61422349007,10655.1083984375,44,0.0,0.0
2023-12-22 00:00:00-03:00,10514.111294260332,10539.6103515625,10384.616081686581,10539.6103515625,8,0.0,0.0
2023-12-26 00:00:00-03:00,10499.612964558322,10499.612964558322,10120.126953125,10120.126953125,18,0.0,0.0
2023-12-27 00:00:00-03:00,9959.633494680718,9959.633494680718,9951.6337890625,9951.6337890625,6,0.0,0.0
2023-12-28 00:00:00-03:00,10154.62327454839,10639.605282244695,10154.62327454839,10555.6083984375,40,0.0,0.0
2023-12-29 00:00:00-03:00,10573.609773711389,10796.1015625,10573.609773711389,10796.1015625,22,0.0,0.0
2024-01-02 00:00:00-03:00,10796.101878444058,10932.59684499874,10701.605363136972,10910.59765625,36,0.0,0.0
2024-01-03 00:00:00-03:00,10921.09759757096,11449.578125,10921.09759757096,11449.578125,130,0.0,0.0
2024-01-04 00:00:00-03:00,11414.578967888547,11834.5634765625,11414.578967888547,11834.5634765625,39,0.0,0.0
2024-01-05 00:00:00-03:00,12126.051839584972,12551.0361328125,12053.054537454127,12551.0361328125,6,0.0,0.0
2024-01-08 00:00:00-03:00,12699.532331996546,13043.519664453777,12699.532331996546,12888.025390625,3,0.0,0.0
2024-01-09 00:00:00-03:00,12981.52117172476,12999.5205078125,12949.022370455228,12999.5205078125,30,0.0,0.0
2024-01-10 00:00:00-03:00,12980.020882840317,12980.020882840317,12778.5283203125,12778.5283203125,13,0.0,0.0
2024-01-11 00:00:00-03:00,12375.5439453125,12375.5439453125,12375.5439453125,12375.5439453125,10,0.0,0.0
2024-01-12 00:00:00-03:00,12375.543870266914,12375.543870266914,12082.0546875,12082.0546875,3,0.0,0.0
2024-01-15 00:00:00-03:00,11809.564453125,11809.564453125,11809.564453125,11809.564453125,1,0.0,0.0
2024-01-16 00:00:00-03:00,12779.527595466821,13299.508373999119,12779.527595466821,13050.517578125,55,0.0,0.0
2024-01-17 00:00:00-03:00,13052.518104212104,13860.988255691112,13052.518104212104,13754.4921875,39,0.0,0.0
2024-01-18 00:00:00-03:00,14020.484375,14020.484375,14020.484375,14020.484375,1,0.0,0.0
2024-01-19 00:00:00-03:00,14422.46743918332,14510.96417137272,13961.484461337966,14386.96875,31,0.0,0.0
2024-01-22 00:00:00-03:00,14545.462434228568,14586.46091902187,14545.462434228568,14585.9609375,4,0.0,0.0
2024-01-23 00:00:00-03:00,14649.45938221883,14649.45938221883,14500.464880652236,14501.46484375,25,0.0,0.0
2024-01-24 00:00:00-03:00,14419.467670873952,14419.467670873952,14257.9736328125,14257.9736328125,30,0.0,0.0
2024-01-25 00:00:00-03:00,14325.471697443183,14369.470074847028,14299.47265625,14299.47265625,11,0.0,0.0
2024-01-26 00:00:00-03:00,13798.490271314538,13799.490234375,13798.490271314538,13799.490234375,7,0.0,0.0
2024-01-29 00:00:00-03:00,14144.477516196303,14144.477516196303,13879.4873046875,13879.4873046875,69,0.0,0.0
2024-01-30 00:00:00-03:00,13879.4873046875,13879.4873046875,13879.4873046875,13879.4873046875,0,0.0,0.0
2024-01-31 00:00:00-03:00,13553.00042558476,14018.483267515605,13499.502397564782,13776.4921875,13,0.0,0.0
2024-02-01 00:00:00-03:00,14038.48046875,14038.48046875,14038.48046875,14038.48046875,1,0.0,0.0
2024-02-02 00:00:00-03:00,14054.981509560483,14294.97265625,14054.981509560483,14294.97265625,5,0.0,0.0
2024-02-05 00:00:00-03:00,14160.479030671297,14174.478515625,14160.479030671297,14174.478515625,19,0.0,0.0
2024-02-06 00:00:00-03:00,13766.9921875,13766.9921875,13766.9921875,13766.9921875,2,0.0,0.0
2024-02-07 00:00:00-03:00,13766.492240774496,14300.472545602968,13766.492240774496,14297.47265625,16,0.0,0.0
2024-02-08 00:00:00-03:00,14683.956975088307,14683.956975088307,14034.480993248964,14101.478515625,82,0.0,0.0
2024-02-09 00:00:00-03:00,14119.480740497514,14319.473385547055,14092.98171502845,14179.978515625,134,0.0,0.0
2024-02-14 00:00:00-03:00,13907.488498433147,13907.488498433147,13425.00624358026,13462.0048828125,28,0.0,0.0
2024-02-15 00:00:00-03:00,13410.50532544129,13734.99335602109,13410.50532544129,13422.5048828125,63,0.0,0.0
2024-02-16 00:00:00-03:00,13422.504789335913,13422.504789335913,12837.026390009669,12943.5224609375,39,0.0,0.0
2024-02-19 00:00:00-03:00,12943.5224609375,12943.5224609375,12943.5224609375,12943.5224609375,1,0.0,0.0
2024-02-20 00:00:00-03:00,12939.521746170309,13316.5078125,12857.524776835999,13316.5078125,122,0.0,0.0
2024-02-21 00:00:00-03:00,13099.017042181373,13099.017042181373,13005.0205078125,13005.0205078125,44,0.0,0.0
2024-02-22 00:00:00-03:00,13049.017189642012,13134.514026280534,12969.52013101321,13038.517578125,87,0.0,0.0
2024-02-23 00:00:00-03:00,13038.51943966714,13170.014593154081,13038.51943966714,13168.5146484375,1135,0.0,0.0
2024-02-26 00:00:00-03:00,13134.514249802367,13134.514249802367,12921.02214532328,13044.517578125,18,0.0,0.0
2024-02-27 00:00:00-03:00,13044.517578125,13044.517578125,13044.517578125,13044.517578125,1,0.0,0.0
2024-02-28 00:00:00-03:00,12847.526069217507,12847.526069217507,12749.5296841939,12760.029296875,26,0.0,0.0
2024-02-29 00:00:00-03:00,12963.02251618691,12964.5224609375,12963.02251618691,12964.5224609375,2,0.0,0.0
2024-03-01 00:00:00-03:00,12999.52007527858,13181.513356332482,12999.52007527858,13146.5146484375,57,0.0,0.0
2024-03-04 00:00:00-03:00,12842.027379223424,12951.523349480382,12757.53048893381,12869.5263671875,25,0.0,0.0
2024-03-05 00:00:00-03:00,12706.076418026603,12706.076418026603,12625.5791015625,12625.5791015625,15,66.4875,0.0
2024-03-06 00:00:00-03:00,12346.588220145195,12346.588220145195,12005.099609375,12005.099609375,23,0.0,0.0
2024-03-07 00:00:00-03:00,12009.598511600754,12298.0888671875,12009.598511600754,12298.0888671875,80,0.0,0.0
2024-03-08 00:00:00-03:00,12443.5849609375,12443.5849609375,12443.5849609375,12443.5849609375,15,0.0,0.0
2024-03-11 00:00:00-03:00,12303.08795154553,12348.586427734854,12246.58984375,12246.58984375,3,0.0,0.0
2024-03-12 00:00:00-03:00,13022.06494935772,13022.06494935772,12803.072265625,12803.072265625,172,0.0,0.0
2024-03-13 00:00:00-03:00,13103.563324669647,13103.563324669647,12803.073338477398,12864.5712890625,14,0.0,0.0
2024-03-14 00:00:00-03:00,12589.580125988143,12649.578125,12539.58179347826,12649.578125,22,0.0,0.0
2024-03-15 00:00:00-03:00,12927.56798828125,12927.56798828125,12752.573836212157,12799.572265625,9,0.0,0.0
2024-03-18 00:00:00-03:00,12799.572265625,12799.572265625,12799.572265625,12799.572265625,0,0.0,0.0
2024-03-19 00:00:00-03:00,13149.560692371135,13149.560692371135,12828.07143285803,12920.068359375,9,0.0,0.0
2024-03-20 00:00:00-03:00,13075.56437805606,13199.560247043439,13075.56437805606,13190.560546875,15,0.0,0.0
2024-03-21 00:00:00-03:00,13373.553959001814,13453.051307569232,13373.553959001814,13439.5517578125,4,0.0,0.0
2024-03-22 00:00:00-03:00,13319.555237776385,13319.555237776385,13160.560546875,13160.560546875,14,0.0,0.0
2024-03-25 00:00:00-03:00,13162.561133020881,13162.561133020881,13101.06318348956,13121.5625,3,0.0,0.0
2024-03-26 00:00:00-03:00,13121.5625,13121.5625,13121.5625,13121.5625,0,0.0,0.0
2024-03-27 00:00:00-03:00,13599.545559376049,13651.543821808957,13414.0517578125,13414.0517578125,28,0.0,0.0
2024-04-03 00:00:00-03:00,13272.057831733639,13272.057831733639,13135.062395836294,13190.560546875,28,0.0,0.0
2024-04-04 00:00:00-03:00,13380.053406114088,13420.052071055201,12990.56640625,12990.56640625,11,0.0,0.0
2024-04-05 00:00:00-03:00,12990.56640625,12990.56640625,12990.56640625,12990.56640625,0,0.0,0.0
2024-04-08 00:00:00-03:00,12782.573327143016,12782.573327143016,12522.582005461316,12609.5791015625,29,0.0,0.0
2024-04-09 00:00:00-03:00,12500.583883590421,12678.077975210077,12500.583883590421,12673.578125,20,0.0,0.0
2024-04-10 00:00:00-03:00,12647.576664126016,12647.576664126016,12488.08200268325,12545.580078125,67,0.0,0.0
2024-04-11 00:00:00-03:00,12549.580078125,12592.078656078811,12549.580078125,12549.580078125,2,0.0,0.0
2024-04-12 00:00:00-03:00,12354.587890625,12354.587890625,12354.587890625,12354.587890625,1,0.0,0.0
2024-04-15 00:00:00-03:00,12497.081719250078,12649.57661520412,12458.5830078125,12458.5830078125,37,0.0,0.0
2024-04-16 00:00:00-03:00,12458.5830078125,12458.5830078125,12458.5830078125,12458.5830078125,0,0.0,0.0
2024-04-17 00:00:00-03:00,12442.58445025292,12442.58445025292,12281.08984375,12281.08984375,717,0.0,0.0
2024-04-18 00:00:00-03:00,12321.590152403653,12389.587890625,12321.590152403653,12389.587890625,7,0.0,0.0
2024-04-19 00:00:00-03:00,12454.583709707013,12538.580902128962,12454.083726418787,12475.5830078125,17,0.0,0.0
2024-04-22 00:00:00-03:00,12435.586348601437,12435.586348601437,12418.5869140625,12418.5869140625,5,0.0,0.0
2024-04-23 00:00:00-03:00,12412.08557852565,12412.08557852565,12313.5888671875,12313.5888671875,14,0.0,0.0
2024-04-24 00:00:00-03:00,12563.581471993497,12563.581471993497,12341.5888671875,12341.5888671875,14,0.0,0.0
2024-04-25 00:00:00-03:00,12934.567713505463,13090.5625,12934.567713505463,13090.5625,18,0.0,0.0
2024-04-26 00:00:00-03:00,13179.559954304244,13249.5576171875,13179.559954304244,13249.5576171875,8,0.0,0.0
2024-04-29 00:00:00-03:00,13199.560546875,13199.560546875,13199.560546875,13199.560546875,15,0.0,0.0
2024-04-30 00:00:00-03:00,13199.560546875,13199.560546875,13199.560546875,13199.560546875,0,0.0,0.0
2024-05-02 00:00:00-03:00,13168.559208500574,13624.5439453125,13168.559208500574,13624.5439453125,3223,0.0,0.0
2024-05-03 00:00:00-03:00,13690.044244921404,13753.542131014134,13690.044244921404,13699.0439453125,47,0.0,0.0
2024-05-06 00:00:00-03:00,13658.5439453125,13658.5439453125,13658.5439453125,13658.5439453125,16,0.0,0.0
2024-05-07 00:00:00-03:00,13658.5439453125,13658.5439453125,13658.5439453125,13658.5439453125,0,0.0,0.0
2024-05-08 00:00:00-03:00,13612.544921875,13612.544921875,13612.544921875,13612.544921875,2,0.0,0.0
2024-05-09 00:00:00-03:00,13593.0458984375,13593.0458984375,13593.0458984375,13593.0458984375,1,0.0,0.0
2024-05-10 00:00:00-03:00,13612.044969638708,13612.044969638708,13524.547894535428,13555.046875,31,0.0,0.0
2024-05-13 00:00:00-03:00,13426.551865308062,13517.548828125,13426.551865308062,13517.548828125,3,0.0,0.0
2024-05-14 00:00:00-03:00,13517.548828125,13517.548828125,13517.548828125,13517.548828125,0,0.0,0.0
2024-05-15 00:00:00-03:00,13517.548828125,13517.548828125,13517.548828125,13517.548828125,0,0.0,0.0
2024-05-16 00:00:00-03:00,13699.5439453125,13699.5439453125,13699.5439453125,13699.5439453125,1,0.0,0.0
2024-05-17 00:00:00-03:00,13731.04203805421,13849.5380859375,13731.04203805421,13849.5380859375,1,0.0,0.0
2024-05-20 00:00:00-03:00,13923.035634624606,13923.035634624606,13849.5380859375,13849.5380859375,12,0.0,0.0
2024-05-21 00:00:00-03:00,14534.514522910844,15161.4935807619,14534.514522910844,15115.4951171875,150,0.0,0.0
2024-05-22 00:00:00-03:00,15847.47126887933,16080.46349538418,15776.973620945459,15922.96875,30,0.0,0.0
2024-05-23 00:00:00-03:00,15922.969109771642,15922.969109771642,15745.475027629873,15904.4697265625,3,0.0,0.0
2024-05-24 00:00:00-03:00,15525.482421875,15525.482421875,15525.482421875,15525.482421875,1,0.0,0.0
2024-05-27 00:00:00-03:00,15524.482421875,15524.482421875,15524.482421875,15524.482421875,1,0.0,0.0
2024-05-28 00:00:00-03:00,15524.482421875,15524.482421875,15524.482421875,15524.482421875,0,0.0,0.0
2024-05-29 00:00:00-03:00,14851.004405818154,14924.501953125,14818.005507027325,14924.501953125,15,0.0,0.0
2024-05-30 00:00:00-03:00,14924.501953125,14924.501953125,14924.501953125,14924.501953125,2,0.0,0.0
2024-05-31 00:00:00-03:00,15555.479733211962,15825.470703125,15555.479733211962,15825.470703125,30,0.0,0.0
2024-06-03 00:00:00-03:00,16003.962907404424,16295.453125,16003.962907404424,16295.453125,35,0.0,0.0
2024-06-04 00:00:00-03:00,16579.450660021957,16622.94921875,16463.9544868475,16622.94921875,64,0.0,0.0
2024-06-05 00:00:00-03:00,16477.501495685043,16591.498046875,16477.501495685043,16591.498046875,3,72.2335,0.0
2024-06-06 00:00:00-03:00,16591.498046875,16591.498046875,16591.498046875,16591.498046875,0,0.0,0.0
2024-06-07 00:00:00-03:00,16448.997802637856,16448.997802637856,16440.998046875,16440.998046875,2,0.0,0.0
2024-06-10 00:00:00-03:00,16085.511023290286,16159.0087890625,16085.511023290286,16159.0087890625,14,0.0,0.0
2024-06-11 00:00:00-03:00,16159.504533131605,16294.500394021008,16159.504533131605,16275.5009765625,121,0.0,0.0
2024-06-12 00:00:00-03:00,16449.497772099858,16449.497772099858,16440.498046875,16440.498046875,6,0.0,0.0
2024-06-13 00:00:00-03:00,15844.018398376465,15999.513671875,15844.018398376465,15999.513671875,7,0.0,0.0
2024-06-14 00:00:00-03:00,15897.0166015625,15897.0166015625,15897.0166015625,15897.0166015625,10,0.0,0.0
2024-06-18 00:00:00-03:00,16019.512930621026,16019.512930621026,15963.0146484375,15963.0146484375,9,0.0,0.0
2024-06-19 00:00:00-03:00,15963.0146484375,15963.0146484375,15963.0146484375,15963.0146484375,0,0.0,0.0
2024-06-24 00:00:00-03:00,16654.491061998015,16747.48822013466,16654.491061998015,16745.48828125,36,0.0,0.0
2024-06-25 00:00:00-03:00,16745.48828125,16745.48828125,16745.48828125,16745.48828125,0,0.0,0.0
2024-06-26 00:00:00-03:00,16334.002213623715,16662.9921875,16334.002213623715,16662.9921875,47,0.0,0.0
2024-06-27 00:00:00-03:00,16819.487325935595,16819.487325935595,16659.9921875,16659.9921875,867,0.0,0.0
2024-06-28 00:00:00-03:00,16649.494280556017,16649.494280556017,16525.498046875,16525.498046875,23,0.0,0.0
2024-07-01 00:00:00-03:00,16384.502374711654,16530.997925391865,16384.502374711654,16526.998046875,9,0.0,0.0
2024-07-02 00:00:00-03:00,16999.483939699414,17049.482421875,16999.483939699414,17049.482421875,130,0.0,0.0
2024-07-03 00:00:00-03:00,16840.48922099226,16840.48922099226,16549.498046875,16549.498046875,29,0.0,0.0
2024-07-04 00:00:00-03:00,16549.496541061257,16549.496541061257,16499.998046875,16499.998046875,29,0.0,0.0
2024-07-05 00:00:00-03:00,16499.998046875,16499.998046875,16499.998046875,16499.998046875,0,0.0,0.0
2024-07-08 00:00:00-03:00,16788.4901049151,16788.4901049151,16526.998046875,16526.998046875,23,0.0,0.0
2024-07-10 00:00:00-03:00,16399.504094503012,16599.498046875,16399.504094503012,16599.498046875,8,0.0,0.0
2024-07-11 00:00:00-03:00,17074.481551924127,17174.478515625,17049.48231099891,17174.478515625,45,0.0,0.0
2024-07-12 00:00:00-03:00,17449.46940474077,17649.463323419743,17449.46940474077,17599.46484375,479,0.0,0.0
2024-07-15 00:00:00-03:00,16699.488895784656,16724.488130658585,16049.5087890625,16049.5087890625,15,0.0,0.0
2024-07-16 00:00:00-03:00,15499.528869628906,15999.513671875,15499.528869628906,15999.513671875,55,0.0,0.0
2024-07-17 00:00:00-03:00,15999.512596899225,16399.500411821704,15974.51335846657,16124.5087890625,146,0.0,0.0
2024-07-18 00:00:00-03:00,16449.501832343514,16574.498046875,16449.501832343514,16574.498046875,7,0.0,0.0
2024-07-19 00:00:00-03:00,16199.509545936056,16249.508032188945,16199.509545936056,16224.5087890625,895,0.0,0.0
2024-07-22 00:00:00-03:00,16474.501826642507,16624.4972909215,16474.501826642507,16599.498046875,64,0.0,0.0
2024-07-23 00:00:00-03:00,16699.488730588575,16699.488730588575,16299.5009765625,16299.5009765625,50,0.0,0.0
2024-07-24 00:00:00-03:00,15974.513671875,16149.508344336855,15899.515955105635,15974.513671875,61,0.0,0.0
2024-07-25 00:00:00-03:00,15424.5302734375,15424.5302734375,15424.5302734375,15424.5302734375,6,0.0,0.0
2024-07-26 00:00:00-03:00,15499.529296875,15499.529296875,15499.529296875,15499.529296875,10,0.0,0.0
2024-07-29 00:00:00-03:00,15499.529296875,15499.529296875,15499.529296875,15499.529296875,1,0.0,0.0
2024-07-30 00:00:00-03:00,15149.5380859375,15149.5380859375,15149.5380859375,15149.5380859375,10,0.0,0.0
2024-07-31 00:00:00-03:00,15149.53789886871,15399.5302734375,15149.53789886871,15399.5302734375,2,0.0,0.0
2024-08-01 00:00:00-03:00,15399.5302734375,15399.5302734375,15399.5302734375,15399.5302734375,0,0.0,0.0
2024-08-02 00:00:00-03:00,15174.538629541255,15224.537109375,15174.538629541255,15224.537109375,5,0.0,0.0
2024-08-05 00:00:00-03:00,15149.538181806365,15149.538181806365,15024.5419921875,15024.5419921875,41,0.0,0.0
2024-08-06 00:00:00-03:00,15274.534726116435,15324.533203125,15274.534726116435,15324.533203125,9,0.0,0.0
2024-08-07 00:00:00-03:00,15324.533203125,15324.533203125,15324.533203125,15324.533203125,1,0.0,0.0
2024-08-08 00:00:00-03:00,15124.538848171926,15224.53579923422,15124.538848171926,15149.5380859375,12,0.0,0.0
2024-08-09 00:00:00-03:00,15149.5380859375,15149.5380859375,15149.5380859375,15149.5380859375,0,0.0,0.0
2024-08-12 00:00:00-03:00,14849.54861147584,14899.54709164916,14849.54861147584,14874.5478515625,37,0.0,0.0
2024-08-13 00:00:00-03:00,14674.553495030825,14699.552734375,14674.553495030825,14699.552734375,8,0.0,0.0
2024-08-14 00:00:00-03:00,14724.552077749784,14724.552077749784,14574.556640625,14574.556640625,23,0.0,0.0
2024-08-15 00:00:00-03:00,14999.54296875,14999.54296875,14999.54296875,14999.54296875,5,0.0,0.0
2024-08-16 00:00:00-03:00,14999.542356004902,15299.533203125,14999.542356004902,15299.533203125,9,0.0,0.0
2024-08-19 00:00:00-03:00,15274.535589208745,15324.534069042487,15224.537109375,15224.537109375,16,0.0,0.0
2024-08-20 00:00:00-03:00,15149.53787196252,15199.53634678748,15149.53787196252,15174.537109375,20,0.0,0.0
2024-08-21 00:00:00-03:00,15399.5302734375,15449.528748351258,15374.53103598062,15399.5302734375,55,0.0,0.0
2024-08-22 00:00:00-03:00,15399.531149355877,15524.52734375,15374.531910477053,15524.52734375,114,0.0,0.0
2024-08-23 00:00:00-03:00,15499.528544237659,15699.5224609375,15499.528544237659,15699.5224609375,34,0.0,0.0
2024-08-26 00:00:00-03:00,15799.5181,15799.5181,15624.5234375,15624.5234375,167,0.0,0.0
2024-08-27 00:00:00-03:00,15624.5234375,15624.5234375,15624.5234375,15624.5234375,0,0.0,0.0
2024-08-28 00:00:00-03:00,15674.5224609375,15674.5224609375,15674.5224609375,15674.5224609375,11,0.0,0.0
2024-08-29 00:00:00-03:00,15674.5224609375,15674.5224609375,15674.5224609375,15674.5224609375,0,0.0,0.0
2024-08-30 00:00:00-03:00,15724.521484375,15724.521484375,15724.521484375,15724.521484375,6,0.0,0.0
2024-09-02 00:00:00-03:00,15724.521484375,15724.521484375,15724.521484375,15724.521484375,1,0.0,0.0
2024-09-03 00:00:00-03:00,16049.511272760827,16074.510511503444,15874.5166015625,15874.5166015625,8,0.0,0.0
2024-09-04 00:00:00-03:00,15749.569923741043,15749.569923741043,15649.572654383956,15699.5712890625,13,72.2335,0.0
2024-09-05 00:00:00-03:00,15849.566901630653,15849.566901630653,15399.579197798868,15474.5771484375,49,0.0,0.0
2024-09-06 00:00:00-03:00,15149.58554622827,15149.58554622827,15099.5869140625,15099.5869140625,25,0.0,0.0
2024-09-09 00:00:00-03:00,15074.587597979615,15199.58417839404,15074.587597979615,15099.5869140625,6,0.0,0.0
2024-09-10 00:00:00-03:00,15099.586621900828,15124.5859375,15099.586621900828,15124.5859375,5,0.0,0.0
2024-09-11 00:00:00-03:00,14799.595121067881,15099.5869140625,14799.595121067881,15099.5869140625,38,0.0,0.0
2024-09-12 00:00:00-03:00,15199.583299011532,15199.583299011532,15174.583984375,15174.583984375,81,0.0,0.0
2024-09-13 00:00:00-03:00,15174.583984375,15174.583984375,15174.583984375,15174.583984375,0,0.0,0.0
2024-09-16 00:00:00-03:00,15199.583984375,15199.583984375,15199.583984375,15199.583984375,18,0.0,0.0
2024-09-17 00:00:00-03:00,15149.5849609375,15149.5849609375,15149.5849609375,15149.5849609375,5,0.0,0.0
2024-09-18 00:00:00-03:00,14799.595212305027,14799.595212305027,14349.607520038995,14424.60546875,100,0.0,0.0
2024-09-19 00:00:00-03:00,14499.603419133306,14674.5986328125,14499.603419133306,14674.5986328125,58,0.0,0.0
2024-09-20 00:00:00-03:00,14449.60546875,14449.60546875,14449.60546875,14449.60546875,12,0.0,0.0
2024-09-23 00:00:00-03:00,14574.6015625,14574.6015625,14574.6015625,14574.6015625,76,0.0,0.0
2024-09-24 00:00:00-03:00,14999.589745603016,14999.589745603016,14899.59248063233,14924.591796875,31,0.0,0.0
2024-09-25 00:00:00-03:00,14774.595899418971,14924.591796875,14774.595899418971,14924.591796875,9,0.0,0.0
2024-09-26 00:00:00-03:00,15099.5869140625,15099.5869140625,15099.5869140625,15099.5869140625,34,0.0,0.0
2024-09-27 00:00:00-03:00,15224.583984375,15274.58261814963,15224.583984375,15224.583984375,24,0.0,0.0
2024-09-30 00:00:00-03:00,15074.587399077654,15074.587399077654,14949.5908203125,14949.5908203125,37,0.0,0.0
2024-10-01 00:00:00-03:00,14949.5908203125,14949.5908203125,14949.5908203125,14949.5908203125,0,0.0,0.0
2024-10-02 00:00:00-03:00,14949.590324620573,14949.590324620573,14824.59375,14824.59375,47,0.0,0.0
2024-10-03 00:00:00-03:00,14824.59375,14824.59375,14824.59375,14824.59375,0,0.0,0.0
2024-10-04 00:00:00-03:00,14649.59892494658,14649.59892494658,14549.601662660256,14624.599609375,15,0.0,0.0
2024-10-07 00:00:00-03:00,14674.598631120018,14674.598631120018,14424.60546875,14424.60546875,60,0.0,0.0
2024-10-08 00:00:00-03:00,14299.609178331164,14499.603712293838,14299.609178331164,14399.6064453125,79,0.0,0.0
2024-10-09 00:00:00-03:00,14349.60771501418,14349.60771501418,14324.6083984375,14324.6083984375,13,0.0,0.0
2024-10-10 00:00:00-03:00,14174.612598001324,14349.6078152606,14149.61328125,14149.61328125,1003,0.0,0.0
2024-10-14 00:00:00-03:00,14149.611827522986,14274.6083984375,14149.611827522986,14274.6083984375,27,0.0,0.0
2024-10-15 00:00:00-03:00,14474.60546875,14474.60546875,14474.60546875,14474.60546875,2,0.0,0.0
2024-10-16 00:00:00-03:00,14224.611328125,14249.610645046134,14174.612694282734,14224.611328125,1031,0.0,0.0
2024-10-17 00:00:00-03:00,14224.611328125,14224.611328125,14224.611328125,14224.611328125,0,0.0,0.0
2024-10-18 00:00:00-03:00,14374.605965449891,14499.6025390625,14374.605965449891,14499.6025390625,16,0.0,0.0
2024-10-21 00:00:00-03:00,14349.6076171875,14374.60693359375,14249.6103515625,14249.6103515625,29,0.0,0.0
2024-10-22 00:00:00-03:00,13999.61738074205,14149.61328125,13999.61738074205,14149.61328125,26,0.0,0.0
2024-10-23 00:00:00-03:00,14049.61571997829,14099.61435243373,13649.626660334781,13674.6259765625,41,0.0,0.0
2024-10-24 00:00:00-03:00,13449.631442397387,13474.630757346082,13374.633497551305,13399.6328125,15,0.0,0.0
2024-10-25 00:00:00-03:00,13349.634765625,13424.632713746489,13349.634765625,13349.634765625,19,0.0,0.0
2024-10-28 00:00:00-03:00,13399.633593749999,13399.633593749999,13249.6376953125,13249.6376953125,30,0.0,0.0
2024-10-29 00:00:00-03:00,13324.635057492364,13324.635057492364,13174.639165663182,13299.6357421875,44,0.0,0.0
2024-10-30 00:00:00-03:00,13349.63408038227,13349.63408038227,13324.634765625,13324.634765625,5,0.0,0.0
2024-10-31 00:00:00-03:00,13399.6328125,13424.632127448695,13399.6328125,13399.6328125,123,0.0,0.0
2024-11-01 00:00:00-03:00,13299.636231378026,13424.6328125,13299.636231378026,13424.6328125,26,0.0,0.0
2024-11-04 00:00:00-03:00,13424.6328125,13424.6328125,13424.6328125,13424.6328125,0,0.0,0.0
2024-11-05 00:00:00-03:00,13474.630960274446,13549.62890625,13474.630960274446,13549.62890625,306,0.0,0.0
2024-11-06 00:00:00-03:00,13349.6349609375,13349.6349609375,13174.63974609375,13249.6376953125,51,0.0,0.0
2024-11-07 00:00:00-03:00,13299.6357421875,13299.6357421875,13299.6357421875,13299.6357421875,1,0.0,0.0
2024-11-08 00:00:00-03:00,13124.641015995612,13174.6396484375,13124.641015995612,13174.6396484375,14,0.0,0.0
2024-11-11 00:00:00-03:00,13174.640236235118,13199.63955357143,13099.64228422619,13124.6416015625,35,0.0,0.0
2024-11-12 00:00:00-03:00,13124.6416015625,13124.6416015625,13124.6416015625,13124.6416015625,16,0.0,0.0
2024-11-13 00:00:00-03:00,13124.640818063219,13124.640818063219,12999.64423884357,13024.6435546875,29,0.0,0.0
2024-11-14 00:00:00-03:00,12899.647562622791,12899.647562622791,12624.655075822691,12724.65234375,111,0.0,0.0
2024-11-15 00:00:00-03:00,12749.65066852455,12749.65066852455,12474.658203125,12474.658203125,3233,0.0,0.0
2024-11-19 00:00:00-03:00,12199.665433673468,12299.66269132653,12199.665433673468,12249.6640625,84,0.0,0.0
2024-11-20 00:00:00-03:00,11999.672358247422,12124.6689453125,11999.672358247422,12124.6689453125,9,0.0,0.0
2024-11-21 00:00:00-03:00,12199.665433673468,12249.6640625,12199.665433673468,12249.6640625,5,0.0,0.0
2024-11-22 00:00:00-03:00,12374.661523830482,12474.658788669518,12374.661523830482,12424.66015625,21,0.0,0.0
2024-11-25 00:00:00-03:00,12574.655576705933,12799.6494140625,12574.655576705933,12799.6494140625,85,0.0,0.0
2024-11-26 00:00:00-03:00,12574.656638691213,12674.653908183787,12574.656638691213,12624.6552734375,31,0.0,0.0
2024-11-27 00:00:00-03:00,12424.660061306424,12624.654589456226,12424.660061306424,12599.6552734375,3754,0.0,0.0
2024-11-28 00:00:00-03:00,12599.6552734375,12599.6552734375,12599.6552734375,12599.6552734375,0,0.0,0.0
2024-11-29 00:00:00-03:00,12699.65234375,12699.65234375,12699.65234375,12699.65234375,3,0.0,0.0
2024-12-02 00:00:00-03:00,12699.65234375,12699.65234375,12699.65234375,12699.65234375,0,0.0,0.0
2024-12-03 00:00:00-03:00,12499.657518161323,12499.657518161323,12474.658203125,12474.658203125,36,0.0,0.0
2024-12-04 00:00:00-03:00,12474.70703125,12474.70703125,12474.70703125,12474.70703125,0,72.2335,0.0
2024-12-05 00:00:00-03:00,12349.709754395533,12349.709754395533,12174.7138671875,12174.7138671875,10,0.0,0.0
2024-12-06 00:00:00-03:00,12274.71170407098,12274.71170407098,11974.71875,11974.71875,25,0.0,0.0
2024-12-09 00:00:00-03:00,12199.71544098657,12199.71544098657,12099.7177734375,12099.7177734375,33,0.0,0.0
2024-12-10 00:00:00-03:00,11849.72188068477,12024.7177734375,11824.722467434382,12024.7177734375,24,0.0,0.0
2024-12-11 00:00:00-03:00,12024.7177734375,12024.7177734375,12024.7177734375,12024.7177734375,0,0.0,0.0
2024-12-12 00:00:00-03:00,11649.7275390625,11649.7275390625,11649.7275390625,11649.7275390625,5,0.0,0.0
2024-12-13 00:00:00-03:00,11799.7236328125,11799.7236328125,11799.7236328125,11799.7236328125,1,0.0,0.0
2024-12-16 00:00:00-03:00,11849.722071946915,11999.718553870292,11849.722071946915,11949.7197265625,11,0.0,0.0
2024-12-17 00:00:00-03:00,12299.712311921296,12299.712311921296,12149.7158203125,12149.7158203125,11,0.0,0.0
2024-12-18 00:00:00-03:00,12499.7060546875,12499.7060546875,12499.7060546875,12499.7060546875,113,0.0,0.0
2024-12-19 00:00:00-03:00,12099.717189117495,12099.717189117495,12074.7177734375,12074.7177734375,24,0.0,0.0
2024-12-20 00:00:00-03:00,12124.715239167945,12224.712890625,12124.715239167945,12224.712890625,18,0.0,0.0
2024-12-23 00:00:00-03:00,12149.7158203125,12149.7158203125,12149.7158203125,12149.7158203125,2,0.0,0.0
2024-12-24 00:00:00-03:00,12274.712499603023,12299.7119140625,12274.712499603023,12299.7119140625,170,0.0,0.0
2024-12-26 00:00:00-03:00,12549.70546797031,12549.70546797031,12449.707814839072,12524.7060546875,39,0.0,0.0
2024-12-27 00:00:00-03:00,12749.700774232784,12749.700774232784,12349.710161707835,12524.7060546875,318,0.0,0.0
2024-12-30 00:00:00-03:00,12349.710742981453,12399.709571900406,12249.713085143547,12299.7119140625,119,0.0,0.0
2025-01-02 00:00:00-03:00,12374.70975867874,12374.70975867874,11924.720312908603,11949.7197265625,47,0.0,0.0
2025-01-03 00:00:00-03:00,11899.721667631173,12199.714650848766,11824.723421826775,12149.7158203125,78,0.0,0.0
2025-01-06 00:00:00-03:00,12399.709569919516,12474.707813285966,12399.709569919516,12424.708984375,99,0.0,0.0
2025-01-07 00:00:00-03:00,12474.709189138106,12499.708606350807,12399.7109375,12399.7109375,33,0.0,0.0
2025-01-08 00:00:00-03:00,12199.714254275654,12449.708398830482,12199.714254275654,12424.708984375,42,0.0,0.0
2025-01-09 00:00:00-03:00,12424.708984375,12424.708984375,12424.708984375,12424.708984375,0,0.0,0.0
2025-01-10 00:00:00-03:00,12399.709569919516,12424.708984375,12324.711326553068,12424.708984375,67,0.0,0.0
2025-01-13 00:00:00-03:00,12424.709769570707,12449.709185606062,12374.7109375,12374.7109375,172,0.0,0.0
2025-01-14 00:00:00-03:00,12474.707421482806,12474.707421482806,12399.709180471888,12449.7080078125,49,0.0,0.0
2025-01-15 00:00:00-03:00,12599.704493725394,12699.7021484375,12499.706839013288,12699.7021484375,28,0.0,0.0
2025-01-16 00:00:00-03:00,12649.703712493774,12649.703712493774,12549.7060546875,12549.7060546875,27,0.0,0.0
2025-01-17 00:00:00-03:00,12624.70449296255,12749.701567150298,12599.705078125,12599.705078125,310,0.0,0.0
2025-01-20 00:00:00-03:00,12599.705078125,12599.705078125,12599.705078125,12599.705078125,0,0.0,0.0
2025-01-21 00:00:00-03:00,12774.701574102723,12774.701574102723,12624.705078125,12624.705078125,33,0.0,0.0
2025-01-22 00:00:00-03:00,12724.70195584848,12724.70195584848,12549.7060546875,12549.7060546875,69,0.0,0.0
2025-01-23 00:00:00-03:00,12249.712702233022,12774.70038947158,12249.712702233022,12699.7021484375,275,0.0,0.0
2025-01-24 00:00:00-03:00,13099.6919453125,13099.6919453125,12199.713109375,12499.7060546875,3227,0.0,0.0
2025-01-27 00:00:00-03:00,12599.70372242647,12749.7001953125,12499.706073835783,12749.7001953125,343,0.0,0.0
2025-01-28 00:00:00-03:00,12849.700016179733,12899.698848927514,12574.706436066937,12674.7041015625,218,0.0,0.0
2025-01-29 00:00:00-03:00,12674.703322637648,12674.703322637648,12599.705078125,12599.705078125,66,0.0,0.0
2025-01-30 00:00:00-03:00,11949.719337160752,12074.716401356993,11774.723447286013,11974.71875,317,0.0,0.0
2025-01-31 00:00:00-03:00,12274.712108174308,12324.710935498848,12174.71445352523,12199.7138671875,261,0.0,0.0
2025-02-03 00:00:00-03:00,12149.714839689448,12149.714839689448,12024.7177734375,12024.7177734375,69,0.0,0.0
2025-02-04 00:00:00-03:00,12099.71738079897,12199.715045103092,12099.71738079897,12124.716796875,140,0.0,0.0
2025-02-05 00:00:00-03:00,12174.714841765117,12349.710742981453,12174.714841765117,12299.7119140625,107,0.0,0.0
2025-02-06 00:00:00-03:00,12224.713079440618,12224.713079440618,12024.7177734375,12024.7177734375,121,0.0,0.0
2025-02-07 00:00:00-03:00,12024.717769334296,12024.717769334296,11899.720703125,11899.720703125,119,0.0,0.0
2025-02-10 00:00:00-03:00,11999.719526397515,12074.7177734375,11999.719526397515,12074.7177734375,58,0.0,0.0
2025-02-11 00:00:00-03:00,11924.72090090981,11999.71914556962,11849.72265625,11849.72265625,52,0.0,0.0
2025-02-12 00:00:00-03:00,11949.721272113895,12124.717190324767,11949.721272113895,12099.7177734375,88,0.0,0.0
2025-02-13 00:00:00-03:00,12199.713477760735,12224.712890625,12199.713477760735,12224.712890625,40,0.0,0.0
2025-02-14 00:00:00-03:00,12099.717189117495,12124.71660479749,12074.7177734375,12074.7177734375,89,0.0,0.0
2025-02-17 00:00:00-03:00,11999.71875,11999.71875,11999.71875,11999.71875,3,0.0,0.0
2025-02-18 00:00:00-03:00,12349.710153863289,12349.710153863289,12274.7119140625,12274.7119140625,44,0.0,0.0
2025-02-19 00:00:00-03:00,12349.70956234056,12399.708386479591,12249.7119140625,12249.7119140625,25,0.0,0.0
2025-02-20 00:00:00-03:00,12299.713268649193,12399.7109375,12299.713268649193,12399.7109375,29,0.0,0.0
2025-02-21 00:00:00-03:00,12099.717361111112,12374.7109375,12099.717361111112,12374.7109375,5,0.0,0.0
2025-02-24 00:00:00-03:00,12449.708398830482,12499.707227741448,12424.708984375,12424.708984375,60,0.0,0.0
2025-02-25 00:00:00-03:00,12524.70664023593,12624.704298042207,12524.70664023593,12549.7060546875,161,0.0,0.0
2025-02-26 00:00:00-03:00,12524.705857026553,12524.705857026553,12449.707618361725,12474.70703125,21,0.0,0.0
2025-02-27 00:00:00-03:00,12624.70449296255,12624.70449296255,12549.7062484499,12599.705078125,64,0.0,0.0
2025-02-28 00:00:00-03:00,12599.704493725394,12774.70038947158,12599.704493725394,12699.7021484375,77,0.0,0.0
2025-03-05 00:00:00-03:00,12449.755859375,12474.755369132781,12399.756839859438,12449.755859375,61,72.2335,0.0
2025-03-06 00:00:00-03:00,12449.755859375,12574.753408163906,12449.755859375,12449.755859375,58,0.0,0.0
2025-03-07 00:00:00-03:00,12549.753898406125,12549.753898406125,12449.755859375,12449.755859375,64,0.0,0.0
2025-03-10 00:00:00-03:00,12749.7509765625,12999.74609375,12699.751953125,12799.75,127,0.0,0.0
2025-03-11 00:00:00-03:00,12524.75537109375,12524.75537109375,12299.759765625,12349.7587890625,8,0.0,0.0
2025-03-12 00:00:00-03:00,12199.762212085921,12199.762212085921,12074.7646484375,12074.7646484375,160,0.0,0.0
2025-03-13 00:00:00-03:00,12099.763180548336,12099.763180548336,12024.7646484375,12024.7646484375,88,0.0,0.0
2025-03-14 00:00:00-03:00,12249.7607421875,12374.75830078125,12124.76318359375,12349.7587890625,115,0.0,0.0
2025-03-17 00:00:00-03:00,12374.758781296596,12574.7548828125,12374.758781296596,12574.7548828125,169,0.0,0.0
2025-03-18 00:00:00-03:00,12799.749516441005,12924.7470703125,12699.75147334381,12924.7470703125,177,0.0,0.0
2025-03-19 00:00:00-03:00,12974.745588235293,12974.745588235293,12749.75,12749.75,418,0.0,0.0
2025-03-20 00:00:00-03:00,12799.75,12799.75,12599.75390625,12599.75390625,49,0.0,0.0
2025-03-21 00:00:00-03:00,12499.7548828125,12624.752431640625,12424.756353515624,12499.7548828125,1034,0.0,0.0
2025-03-25 00:00:00-03:00,12674.752933570451,12699.75244625994,12549.755370123012,12574.7548828125,249,0.0,0.0
2025-03-26 00:00:00-03:00,12749.75048923679,12774.75,12749.75048923679,12774.75,46,0.0,0.0
2025-03-27 00:00:00-03:00,12749.750487321955,12749.750487321955,12724.7509765625,12724.7509765625,2,0.0,0.0
2025-03-28 00:00:00-03:00,12924.746564729945,12924.746564729945,12699.7509765625,12699.7509765625,107,0.0,0.0
2025-03-31 00:00:00-03:00,13049.7451171875,13049.7451171875,12924.74755859375,12999.74609375,60,0.0,0.0
2025-04-01 00:00:00-03:00,12949.746584842851,13074.7441387506,12949.746584842851,13024.7451171875,16,0.0,0.0
2025-04-03 00:00:00-03:00,12674.752922102549,12949.747561438106,12674.752922102549,12874.7490234375,107,0.0,0.0
2025-04-04 00:00:00-03:00,12674.752933570451,12849.749522396869,12574.7548828125,12574.7548828125,19,0.0,0.0
2025-04-07 00:00:00-03:00,12499.755372068363,12574.753904300775,12499.755372068363,12524.7548828125,10,0.0,0.0
2025-04-08 00:00:00-03:00,12599.75390625,12599.75390625,12299.759765625,12299.759765625,20,0.0,0.0
2025-04-09 00:00:00-03:00,12149.7626953125,12649.7529296875,12149.7626953125,12649.7529296875,9,0.0,0.0
2025-04-10 00:00:00-03:00,12299.76023946006,12674.7529296875,12199.762188732742,12674.7529296875,27,0.0,0.0
2025-04-11 00:00:00-03:00,12624.75341796875,12624.75341796875,12524.75537109375,12599.75390625,108,0.0,0.0
2025-04-14 00:00:00-03:00,11924.766111229648,11924.766111229648,11899.7666015625,11899.7666015625,2,0.0,0.0
2025-04-15 00:00:00-03:00,11874.7685546875,11874.7685546875,11874.7685546875,11874.7685546875,1,0.0,0.0
2025-04-16 00:00:00-03:00,11374.77783203125,11399.77734375,11199.78125,11199.78125,23,0.0,0.0
2025-04-21 00:00:00-03:00,10299.798352541371,10624.791989878842,10299.798352541371,10574.79296875,23,0.0,0.0
2025-04-22 00:00:00-03:00,10824.7880859375,10824.7880859375,10824.7880859375,10824.7880859375,1,0.0,0.0
2025-04-23 00:00:00-03:00,11299.77880533129,11349.77782659382,11149.781741543708,11224.7802734375,26,0.0,0.0
2025-04-24 00:00:00-03:00,11699.771484375,11699.771484375,11499.775390625,11599.7734375,53,0.0,0.0
2025-04-25 00:00:00-03:00,11449.775382020924,11449.775382020924,11349.77734375,11349.77734375,2,0.0,0.0
2025-04-28 00:00:00-03:00,11174.78173828125,11299.779296875,11174.78173828125,11299.779296875,17,0.0,0.0
2025-04-29 00:00:00-03:00,11349.7783203125,11349.7783203125,11199.78125,11199.78125,4,0.0,0.0
2025-04-30 00:00:00-03:00,11049.7841796875,11199.78125,11049.7841796875,11199.78125,6,0.0,0.0
2025-05-05 00:00:00-03:00,11199.78125,11199.78125,11199.78125,11199.78125,0,0.0,0.0
2025-05-06 00:00:00-03:00,11199.78125,11199.78125,11199.78125,11199.78125,0,0.0,0.0
2025-05-07 00:00:00-03:00,11174.7822265625,11174.7822265625,11174.7822265625,11174.7822265625,1,0.0,0.0
2025-05-08 00:00:00-03:00,11074.783205319522,11199.780758426967,11074.783205319522,11124.7822265625,47,0.0,0.0
2025-05-09 00:00:00-03:00,10999.784669075965,11124.782222133646,10999.784669075965,11024.7841796875,20,0.0,0.0
2025-05-12 00:00:00-03:00,11524.773940387953,11724.770017444578,11524.773940387953,11699.7705078125,33,0.0,0.0
2025-05-13 00:00:00-03:00,11699.7705078125,11699.7705078125,11699.7705078125,11699.7705078125,0,0.0,0.0
2025-05-14 00:00:00-03:00,11524.774416171706,11624.772458828293,11524.774416171706,11574.7734375,13,0.0,0.0
2025-05-15 00:00:00-03:00,11574.77295965211,11699.7705078125,11574.77295965211,11699.7705078125,30,0.0,0.0
2025-05-16 00:00:00-03:00,11774.76953940501,11974.765625,11749.770028705636,11974.765625,820,0.0,0.0
2025-05-19 00:00:00-03:00,11749.770026696802,11924.7666015625,11749.770026696802,11924.7666015625,13,0.0,0.0
2025-05-20 00:00:00-03:00,11849.767582228204,11924.766111229648,11849.767582228204,11899.7666015625,568,0.0,0.0
2025-05-21 00:00:00-03:00,11799.76953125,11799.76953125,11599.7734375,11599.7734375,143,0.0,0.0
2025-05-22 00:00:00-03:00,11499.775390625,11674.77197265625,11499.775390625,11649.7724609375,65,0.0,0.0
2025-05-23 00:00:00-03:00,11449.775390625,11449.775390625,11449.775390625,11449.775390625,1,0.0,0.0
2025-05-26 00:00:00-03:00,11449.775390625,11449.775390625,11449.775390625,11449.775390625,0,0.0,0.0
2025-05-27 00:00:00-03:00,11449.77683799342,11874.7685546875,11449.77683799342,11874.7685546875,27,0.0,0.0
2025-05-28 00:00:00-03:00,11799.76953125,11799.76953125,11599.7734375,11599.7734375,31,0.0,0.0
2025-05-29 00:00:00-03:00,11799.768566945606,11949.765625,11799.768566945606,11949.765625,209,0.0,0.0
2025-05-30 00:00:00-03:00,11824.768558782102,11949.7661122576,11799.769048087002,11924.7666015625,69,0.0,0.0
2025-06-02 00:00:00-03:00,11574.77392578125,11649.7724609375,11549.7744140625,11599.7734375,21,0.0,0.0
2025-06-03 00:00:00-03:00,11874.767582202505,11974.765625,11874.767582202505,11974.765625,134,0.0,0.0
2025-06-04 00:00:00-03:00,11949.817764059238,11974.8173828125,11874.818907799452,11974.8173828125,6,77.158005,0.0
2025-06-05 00:00:00-03:00,11774.8212890625,11774.8212890625,11774.8212890625,11774.8212890625,16,0.0,0.0
2025-06-06 00:00:00-03:00,11924.818524169921,11999.8173828125,11924.818524169921,11999.8173828125,41,0.0,0.0
2025-06-09 00:00:00-03:00,11899.818904622396,12049.816621907552,11899.818904622396,11999.8173828125,22,0.0,0.0
2025-06-10 00:00:00-03:00,11999.816832983193,11999.816832983193,11899.818359375,11899.818359375,240,0.0,0.0
2025-06-11 00:00:00-03:00,11849.818997896635,11849.818997896635,11674.821670923478,11699.8212890625,133,0.0,0.0
2025-06-12 00:00:00-03:00,11699.821412158613,11899.818359375,11699.821412158613,11899.818359375,26,0.0,0.0
2025-06-13 00:00:00-03:00,11799.821411661254,11799.821411661254,11549.8251953125,11549.8251953125,12,0.0,0.0
2025-06-17 00:00:00-03:00,11549.823668634006,11549.823668634006,11374.82634032137,11449.8251953125,66,0.0,0.0
2025-06-18 00:00:00-03:00,11299.828288118131,11399.826768543957,11299.828288118131,11374.8271484375,27,0.0,0.0
2025-06-19 00:00:00-03:00,11374.8271484375,11374.8271484375,11374.8271484375,11374.8271484375,0,0.0,0.0
2025-06-23 00:00:00-03:00,11649.822175354517,11899.818359375,11624.822556952467,11899.818359375,4,0.0,0.0
2025-06-24 00:00:00-03:00,11674.822806777467,11949.818633061304,11674.822806777467,11774.8212890625,33,0.0,0.0
2025-06-25 00:00:00-03:00,11724.822424937103,11849.820531812766,11724.822424937103,11799.8212890625,201,0.0,0.0
2025-06-26 00:00:00-03:00,11924.819012490047,11924.819012490047,11774.8212890625,11774.8212890625,16,0.0,0.0
2025-06-27 00:00:00-03:00,11674.822265625,11724.821504449947,11674.822265625,11674.822265625,21,0.0,0.0
2025-06-30 00:00:00-03:00,11849.819768118352,11849.819768118352,11749.8212890625,11749.8212890625,39,0.0,0.0
2025-07-01 00:00:00-03:00,12249.81337890625,12499.8095703125,12199.814140625,12499.8095703125,8298,0.0,0.0
2025-07-02 00:00:00-03:00,12574.809135000616,12674.8076171875,12524.809893907175,12674.8076171875,94,0.0,0.0
2025-07-03 00:00:00-03:00,12599.808811628485,12624.808432286478,12524.809949654507,12549.8095703125,130,0.0,0.0
2025-07-04 00:00:00-03:00,12349.811921296296,12849.80430677388,12349.811921296296,12824.8046875,14,0.0,0.0
2025-07-07 00:00:00-03:00,12849.804523147015,12874.804142841855,12774.8056640625,12774.8056640625,1569,0.0,0.0
2025-07-08 00:00:00-03:00,12874.803926047758,12874.803926047758,12824.8046875,12824.8046875,24,0.0,0.0
2025-07-10 00:00:00-03:00,13074.801214023362,13174.799693671725,12974.802734375,12974.802734375,92,0.0,0.0
2025-07-11 00:00:00-03:00,12974.80256972202,12974.80256972202,12899.8037109375,12899.8037109375,8,0.0,0.0
2025-07-14 00:00:00-03:00,12749.806155166185,13049.801594111272,12749.806155166185,12974.802734375,97,0.0,0.0
2025-07-15 00:00:00-03:00,12999.802742156375,12999.802742156375,12549.8095703125,12549.8095703125,8431,0.0,0.0
2025-07-16 00:00:00-03:00,12474.81070833852,12624.808432286478,12474.81070833852,12549.8095703125,63,0.0,0.0
2025-07-17 00:00:00-03:00,12574.808867339494,12849.8046875,12499.81000729572,12849.8046875,10,0.0,0.0
2025-07-18 00:00:00-03:00,12849.80430677388,12899.803545321638,12824.8046875,12824.8046875,103,0.0,0.0
2025-07-21 00:00:00-03:00,12974.80223460478,12974.80223460478,12749.8056640625,12749.8056640625,18,0.0,0.0
2025-07-22 00:00:00-03:00,12599.807950367647,12749.8056640625,12599.807950367647,12749.8056640625,10,0.0,0.0
2025-07-23 00:00:00-03:00,12649.807834201389,12674.807454427084,12549.809353298611,12599.80859375,12,0.0,0.0
2025-07-24 00:00:00-03:00,12724.80625999631,12749.80587936762,12549.808924397146,12699.806640625,29,0.0,0.0
2025-07-25 00:00:00-03:00,12549.808924397146,12699.806640625,12549.808924397146,12699.806640625,28,0.0,0.0
2025-07-28 00:00:00-03:00,12524.809949654507,12549.8095703125,12524.809949654507,12549.8095703125,130,0.0,0.0
2025-07-29 00:00:00-03:00,12474.81060222672,12474.81060222672,12349.8125,12349.8125,23,0.0,0.0
2025-07-30 00:00:00-03:00,12299.81325910931,12349.8125,12299.81325910931,12349.8125,126,0.0,0.0
2025-07-31 00:00:00-03:00,12574.808543768455,12774.805498738928,12574.808543768455,12699.806640625,34,0.0,0.0
2025-08-01 00:00:00-03:00,12474.810278609808,12649.8076171875,12474.810278609808,12649.8076171875,8,0.0,0.0
2025-08-04 00:00:00-03:00,12449.810658812994,12699.806856781126,12449.810658812994,12649.8076171875,179,0.0,0.0
2025-08-05 00:00:00-03:00,12649.808434548957,12649.808434548957,12499.810706076043,12574.8095703125,121,0.0,0.0
2025-08-06 00:00:00-03:00,12349.813256048386,12399.8125,12349.813256048386,12399.8125,44,0.0,0.0
2025-08-07 00:00:00-03:00,12599.80859375,12599.80859375,12574.808973524305,12599.80859375,11,0.0,0.0
2025-08-08 00:00:00-03:00,12599.80859375,12599.80859375,12599.80859375,12599.80859375,0,0.0,0.0
2025-08-11 00:00:00-03:00,12549.809353298611,12699.807074652777,12549.809353298611,12599.80859375,93,0.0,0.0
2025-08-12 00:00:00-03:00,12824.805445995145,12899.804308252427,12724.806962985436,12874.8046875,95,0.0,0.0
2025-08-13 00:00:00-03:00,12949.802849483127,13149.7998046875,12949.802849483127,13149.7998046875,59,0.0,0.0
2025-08-14 00:00:00-03:00,12799.805394990366,12974.802734375,12799.805394990366,12974.802734375,114,0.0,0.0
2025-08-18 00:00:00-03:00,12824.80383447854,12824.80383447854,12449.8095703125,12449.8095703125,165,0.0,0.0
2025-08-19 00:00:00-03:00,12624.807782511074,12699.806640625,12549.808924397146,12699.806640625,292,0.0,0.0
2025-08-20 00:00:00-03:00,12774.805283011643,12774.805283011643,12699.806426164216,12749.8056640625,161,0.0,0.0
2025-08-21 00:00:00-03:00,12824.8046875,12824.8046875,12824.8046875,12824.8046875,1,0.0,0.0
2025-08-22 00:00:00-03:00,13324.798290923321,13324.798290923321,13224.7998046875,13224.7998046875,261,0.0,0.0
2025-08-25 00:00:00-03:00,13224.798612950213,13299.797470868645,13224.798612950213,13274.7978515625,40,0.0,0.0
2025-08-26 00:00:00-03:00,13099.800616302782,13099.800616302782,13024.8017578125,13024.8017578125,37,0.0,0.0
2025-08-27 00:00:00-03:00,13124.800019419215,13124.800019419215,13074.80078125,13074.80078125,24,0.0,0.0
2025-08-28 00:00:00-03:00,13049.801260964912,13049.801260964912,12724.806210404484,12824.8046875,226,0.0,0.0
2025-08-29 00:00:00-03:00,12924.8037109375,12924.8037109375,12924.8037109375,12924.8037109375,33,0.0,0.0
2025-09-01 00:00:00-03:00,12924.8037109375,12924.8037109375,12924.8037109375,12924.8037109375,0,0.0,0.0
2025-09-02 00:00:00-03:00,12899.803927529183,12949.803167558366,12824.805067485408,12849.8046875,135,0.0,0.0
2025-09-03 00:00:00-03:00,12699.857981004901,12749.857421875,12624.858819699755,12749.857421875,205,77.158005,0.0
2025-09-04 00:00:00-03:00,12799.8567251462,12824.8564453125,12799.8567251462,12824.8564453125,53,0.0,0.0
2025-09-05 00:00:00-03:00,12949.856167643858,12999.855612306575,12824.857555987064,12924.8564453125,551,0.0,0.0
2025-09-08 00:00:00-03:00,13369.851167827072,13539.849275420984,13319.851724417098,13509.849609375,136,0.0,0.0
2025-09-09 00:00:00-03:00,13339.850891848644,13399.850221197288,13279.8515625,13279.8515625,284,0.0,0.0
2025-09-10 00:00:00-03:00,13289.852180915432,13289.852180915432,13089.854405431377,13169.853515625,355,0.0,0.0
2025-09-11 00:00:00-03:00,13289.85208309398,13599.8486328125,13289.85208309398,13599.8486328125,168,0.0,0.0
2025-09-12 00:00:00-03:00,13549.848661450696,13649.847544561035,13479.84944327346,13639.84765625,174,0.0,0.0
2025-09-15 00:00:00-03:00,13789.846431263706,13789.846431263706,13519.849438048246,13679.84765625,140,0.0,0.0
2025-09-16 00:00:00-03:00,13649.84743270818,13669.84720916636,13599.84799156273,13629.84765625,59,0.0,0.0
2025-09-17 00:00:00-03:00,13809.846320877465,13929.844985504931,13689.84765625,13689.84765625,56,0.0,0.0
2025-09-18 00:00:00-03:00,14219.84195545628,14409.83984375,14219.84195545628,14409.83984375,82,0.0,0.0
2025-09-19 00:00:00-03:00,14059.8423896897,14229.840484017386,14059.8423896897,14199.8408203125,93,0.0,0.0
2025-09-22 00:00:00-03:00,13089.853291471403,13489.848808399483,13059.853627701797,13069.853515625,30,0.0,0.0
2025-09-23 00:00:00-03:00,12499.860680621603,12929.855888034986,12499.860680621603,12879.8564453125,114,0.0,0.0
2025-09-24 00:00:00-03:00,12619.85912363859,12649.858788750249,12509.8603515625,12509.8603515625,82,0.0,0.0
2025-09-25 00:00:00-03:00,12399.86219355327,12439.861749016345,12309.86319376135,12389.8623046875,302,0.0,0.0
2025-09-26 00:00:00-03:00,12459.860884503621,13189.852734077269,12449.860996153297,13119.853515625,258,0.0,0.0
2025-09-29 00:00:00-03:00,13109.853792965816,13309.8515625,13019.854796675432,13309.8515625,152,0.0,0.0
2025-09-30 00:00:00-03:00,13469.849746177937,13919.8447265625,13469.849746177937,13919.8447265625,393,0.0,0.0
2025-10-01 00:00:00-03:00,14119.84182848786,14279.840036176109,13999.843172721674,14209.8408203125,207,0.0,0.0
2025-10-02 00:00:00-03:00,14139.841961731045,14249.840732296138,13979.84375,13979.84375,288,0.0,0.0
2025-10-03 00:00:00-03:00,13979.844479429525,14069.843478224135,13849.845925615087,13869.845703125,2925,0.0,0.0
2025-10-06 00:00:00-03:00,13839.845591558207,13839.845591558207,13729.846818792932,13829.845703125,1503,0.0,0.0
2025-10-07 00:00:00-03:00,13899.844755182274,13989.84375,13589.84821747677,13989.84375,246,0.0,0.0
2025-10-08 00:00:00-03:00,14179.842279559904,14179.842279559904,13899.845393926846,13959.8447265625,677,0.0,0.0
2025-10-09 00:00:00-03:00,13849.845365198647,13849.845365198647,13049.854297172733,13119.853515625,105,0.0,0.0
2025-10-13 00:00:00-03:00,12519.86071004747,12639.859375,12519.86071004747,12639.859375,23,0.0,0.0
2025-10-14 00:00:00-03:00,12599.859535530823,13239.852400827625,12599.859535530823,13139.853515625,292,0.0,0.0
2025-10-15 00:00:00-03:00,13179.853895692568,13249.853119721283,12799.858108108108,12949.8564453125,649,0.0,0.0
2025-10-16 00:00:00-03:00,12939.855964451937,13259.852402521847,12939.855964451937,13159.853515625,105,0.0,0.0
2025-10-17 00:00:00-03:00,13499.849330357143,13779.846205357142,13479.849553571428,13649.84765625,356,0.0,0.0
2025-10-20 00:00:00-03:00,13889.845088329765,14019.84363847252,13739.84676124197,14009.84375,64,0.0,0.0
2025-10-21 00:00:00-03:00,14019.843607055831,14669.836356313057,14019.843607055831,14619.8369140625,359,0.0,0.0
2025-10-22 00:00:00-03:00,15179.83015839041,16169.819081763699,15179.83015839041,16059.8203125,5532,0.0,0.0
2025-10-23 00:00:00-03:00,16149.820089700868,16689.8140741243,16009.821649294792,16129.8203125,2412,0.0,0.0
2025-10-24 00:00:00-03:00,15989.821085793285,15999.820973901973,15709.82421875,15709.82421875,967,0.0,0.0
2025-10-27 00:00:00-03:00,15499.8271484375,15499.8271484375,15199.830493951613,15499.8271484375,50,0.0,0.0
2025-10-28 00:00:00-03:00,14909.833509308399,14969.832839325736,14779.8349609375,14779.8349609375,546,0.0,0.0
2025-10-29 00:00:00-03:00,14499.838780114027,14819.835222157923,14499.838780114027,14579.837890625,449,0.0,0.0
2025-10-30 00:00:00-03:00,14479.838448468685,14729.835659250259,14479.838448468685,14529.837890625,188,0.0,0.0
2025-10-31 00:00:00-03:00,14499.839000963186,14609.837779591182,14499.839000963186,14599.837890625,61,0.0,0.0
2025-11-03 00:00:00-03:00,15499.827126529572,15499.827126529572,14369.839729563222,14709.8359375,106,0.0,0.0
2025-11-04 00:00:00-03:00,14409.839780789182,14579.837890625,14409.839780789182,14579.837890625,124,0.0,0.0
2025-11-05 00:00:00-03:00,14469.8390032494,14639.837111787921,14399.83978208648,14569.837890625,2172,0.0,0.0
2025-11-06 00:00:00-03:00,14509.838708291507,14509.838708291507,14319.8408203125,14319.8408203125,10,0.0,0.0
2025-11-07 00:00:00-03:00,14289.8408203125,14429.83926081941,14269.841043097227,14289.8408203125,123,0.0,0.0
2025-11-10 00:00:00-03:00,14029.844436623986,14179.8427734375,13979.844991019481,14179.8427734375,56,0.0,0.0
2025-11-11 00:00:00-03:00,14389.840176946082,14569.83817776959,14389.840176946082,14419.83984375,81,0.0,0.0
2025-11-12 00:00:00-03:00,14279.840957493045,14379.83984375,14229.841514364569,14379.83984375,54,0.0,0.0
2025-11-13 00:00:00-03:00,14429.83892333483,14619.836802436259,14429.83892333483,14609.8369140625,693,0.0,0.0
2025-11-14 00:00:00-03:00,14089.843182657227,14489.838730780924,14089.843182657227,14389.83984375,79,0.0,0.0
2025-11-17 00:00:00-03:00,14239.841661509901,14239.841661509901,14139.8427734375,14139.8427734375,4,0.0,0.0
2025-11-18 00:00:00-03:00,14489.838252184805,14489.838252184805,13869.845173071308,13909.8447265625,334,0.0,0.0
2025-11-19 00:00:00-03:00,13569.848881236294,13699.84743352522,13569.848881236294,13679.84765625,122,0.0,0.0
2025-11-20 00:00:00-03:00,13709.847702652538,13919.84536987041,13709.847702652538,13889.845703125,10,0.0,0.0
2025-11-21 00:00:00-03:00,13889.845703125,13889.845703125,13889.845703125,13889.845703125,0,0.0,0.0
2025-11-25 00:00:00-03:00,13889.845515950521,14489.838842773437,13889.845515950521,14399.83984375,106,0.0,0.0
2025-11-26 00:00:00-03:00,14619.836496676891,14709.835490158486,14619.836496676891,14669.8359375,30,0.0,0.0
2025-11-27 00:00:00-03:00,14669.8359375,14669.8359375,14669.8359375,14669.8359375,0,0.0,0.0
2025-11-28 00:00:00-03:00,14639.837223508232,14669.836889949845,14579.837890625,14579.837890625,50,0.0,0.0
2025-12-01 00:00:00-03:00,14909.834019704565,14909.834019704565,14479.838806527305,14649.8369140625,102,0.0,0.0
2025-12-02 00:00:00-03:00,14599.83777951508,14639.837335075394,14549.838335064684,14589.837890625,601,0.0,0.0
2025-12-03 00:00:00-03:00,14699.888671875,14699.888671875,14699.888671875,14699.888671875,29,77.158005,0.0
2025-12-04 00:00:00-03:00,14699.888454127957,14809.887619430954,14689.888530009503,14799.8876953125,79,0.0,0.0
2025-12-05 00:00:00-03:00,14799.888229166667,15079.886114583333,14729.8887578125,14999.88671875,109,0.0,0.0
2025-12-09 00:00:00-03:00,14489.889876436597,14529.889572437802,14439.89025643509,14519.8896484375,129,0.0,0.0
2025-12-10 00:00:00-03:00,14629.889421687714,14699.88889260488,14599.8896484375,14599.8896484375,27,0.0,0.0
2025-12-11 00:00:00-03:00,14999.885906559406,15149.884765625,14969.886134746288,15149.884765625,129,0.0,0.0
2025-12-12 00:00:00-03:00,15109.886270972811,15349.884464555438,15109.886270972811,15309.884765625,72,0.0,0.0
2025-12-15 00:00:00-03:00,15379.883569525195,15479.8828125,15379.883569525195,15479.8828125,73,0.0,0.0
2025-12-16 00:00:00-03:00,15439.88319762324,15659.88153334067,15439.88319762324,15619.8818359375,124,0.0,0.0
2025-12-17 00:00:00-03:00,15789.880186330347,15879.879503415194,15789.880186330347,15829.8798828125,39,0.0,0.0
2025-12-18 00:00:00-03:00,15829.88048186985,15919.879802360583,15699.881463383237,15779.880859375,150,0.0,0.0
2025-12-19 00:00:00-03:00,15779.880859375,15779.880859375,15779.880859375,15779.880859375,0,0.0,0.0
2025-12-22 00:00:00-03:00,15539.882510080646,15539.882510080646,15439.883266129033,15499.8828125,19,0.0,0.0
2025-12-23 00:00:00-03:00,15259.884178675518,15449.88273660136,15259.884178675518,15439.8828125,3241,0.0,0.0
2025-12-24 00:00:00-03:00,15479.88235651751,15479.88235651751,15419.8828125,15419.8828125,4,0.0,0.0
2025-12-26 00:00:00-03:00,15419.8828125,15419.8828125,15419.8828125,15419.8828125,0,0.0,0.0
2025-12-29 00:00:00-03:00,15489.882280520427,15489.882280520427,15419.8828125,15419.8828125,202,0.0,0.0
2025-12-30 00:00:00-03:00,15499.882280865198,15499.882280865198,15429.8828125,15429.8828125,161,0.0,0.0
2026-01-02 00:00:00-03:00,15319.884327575879,15649.8818359375,15319.884327575879,15649.8818359375,51,0.0,0.0
2026-01-05 00:00:00-03:00,15379.883569525195,15539.882358284884,15379.883569525195,15479.8828125,69,0.0,0.0
2026-01-06 00:00:00-03:00,15499.8828125,15569.88228326613,15479.882963709677,15499.8828125,56,0.0,0.0
2026-01-07 00:00:00-03:00,15499.882729848227,15529.88250287374,15359.8837890625,15359.8837890625,14,0.0,0.0
2026-01-08 00:00:00-03:00,15419.883230507521,16119.8779296875,15419.883230507521,16119.8779296875,51,0.0,0.0
2026-01-09 00:00:00-03:00,15959.879284431605,16009.87890625,15899.87973824953,16009.87890625,9,0.0,0.0
2026-01-12 00:00:00-03:00,16969.871645163177,17099.870661891004,15969.879208795284,16009.87890625,509,0.0,0.0
2026-01-13 00:00:00-03:00,16009.878678915049,16099.8779969102,15899.879512476533,15979.87890625,54,0.0,0.0
2026-01-14 00:00:00-03:00,15979.879202476006,16009.878975697175,15879.879958405443,15889.8798828125,55,0.0,0.0
2026-01-15 00:00:00-03:00,16019.878900104231,16019.878900104231,15859.88010959133,15889.8798828125,60,0.0,0.0
2026-01-16 00:00:00-03:00,16999.87181071994,16999.87181071994,15639.882065862343,15799.880859375,2518,0.0,0.0
2026-01-19 00:00:00-03:00,15799.880859375,15799.880859375,15799.880859375,15799.880859375,2,0.0,0.0
2026-01-20 00:00:00-03:00,15909.87893161526,15919.87885551948,15329.883345170454,15399.8828125,26,0.0,0.0
2026-01-21 00:00:00-03:00,14899.887421421663,15659.881679158607,14899.887421421663,15509.8828125,75,0.0,0.0
2026-01-22 00:00:00-03:00,15489.882660997091,15619.881676228184,15469.8828125,15469.8828125,37,0.0,0.0
2026-01-23 00:00:00-03:00,15559.881771165497,15679.880859375,15519.882075095664,15679.880859375,615,0.0,0.0
2026-01-26 00:00:00-03:00,15699.881237599206,15849.880102926587,15699.881237599206,15749.880859375,42,0.0,0.0
2026-01-27 00:00:00-03:00,15709.880926400137,15809.880168452333,15569.881987527062,15589.8818359375,23,0.0,0.0
2026-01-28 00:00:00-03:00,15579.881442775973,15579.881442775973,15389.88288859578,15399.8828125,148,0.0,0.0
2026-01-29 00:00:00-03:00,15549.882054004853,15549.882054004853,15399.883191747573,15449.8828125,4,0.0,0.0
2026-01-30 00:00:00-03:00,15359.8837890625,15359.8837890625,15359.8837890625,15359.8837890625,40,0.0,0.0
2026-02-02 00:00:00-03:00,15449.8828125,15449.8828125,15389.883267597086,15449.8828125,47,0.0,0.0
2026-02-03 00:00:00-03:00,15499.882729848227,15609.881897608439,15359.8837890625,15359.8837890625,106,0.0,0.0
2026-02-04 00:00:00-03:00,15709.880589999415,16059.8779296875,15709.880589999415,16059.8779296875,3170,0.0,0.0
2026-02-05 00:00:00-03:00,15619.881223415465,16359.875596355763,15619.881223415465,16309.8759765625,122,0.0,0.0
2026-02-06 00:00:00-03:00,16229.87715803698,16229.87715803698,15839.880109877127,15869.8798828125,471,0.0,0.0
2026-02-09 00:00:00-03:00,15599.881684250642,15599.881684250642,15559.881987624358,15579.8818359375,75,0.0,0.0
2026-02-10 00:00:00-03:00,15579.8818359375,15579.8818359375,15579.8818359375,15579.8818359375,0,0.0,0.0
2026-02-11 00:00:00-03:00,15579.8818359375,15579.8818359375,15579.8818359375,15579.8818359375,0,0.0,0.0
2026-02-12 00:00:00-03:00,15979.879505796845,16049.87897797493,15879.880259828155,15929.8798828125,2972,0.0,0.0
2026-02-13 00:00:00-03:00,15409.883657708398,16209.877617874961,15409.883657708398,15909.8798828125,248,0.0,0.0
2026-02-18 00:00:00-03:00,15909.879265774283,16329.87607857285,15699.880859375,15699.880859375,62,0.0,0.0
2026-02-19 00:00:00-03:00,15639.881906411083,15639.881906411083,15519.8828125,15519.8828125,12,0.0,0.0
2026-02-20 00:00:00-03:00,15539.882671399715,15779.880859375,15539.882671399715,15779.880859375,752,0.0,0.0
2026-02-23 00:00:00-03:00,15509.88207587149,15669.880859375,15509.88207587149,15669.880859375,68,0.0,0.0
2026-02-24 00:00:00-03:00,15779.880186522203,15919.879123538243,15779.880186522203,15819.8798828125,30,0.0,0.0
2026-02-25 00:00:00-03:00,15769.880859375,15769.880859375,15769.880859375,15769.880859375,1,0.0,0.0
2026-02-26 00:00:00-03:00,15929.87913386983,16019.878451010338,15929.87913386983,15959.87890625,213,0.0,0.0
2026-02-27 00:00:00-03:00,15939.879057996553,16069.878071643954,15939.879057996553,15959.87890625,280,0.0,0.0
2026-03-02 00:00:00-03:00,15809.880708468572,15809.880708468572,15789.880859375,15789.880859375,40,0.0,0.0
2026-03-03 00:00:00-03:00,15519.88199984046,15669.880859375,15519.88199984046,15669.880859375,267,0.0,0.0
2026-03-04 00:00:00-03:00,15229.935460224053,15439.9345703125,15209.935544977534,15439.9345703125,27,77.158005,0.0
2026-03-05 00:00:00-03:00,15059.936396737776,15059.936396737776,15029.9365234375,15029.9365234375,12,0.0,0.0
2026-03-06 00:00:00-03:00,14699.938224417265,14789.937846199411,14639.9384765625,14639.9384765625,22,0.0,0.0
2026-03-09 00:00:00-03:00,14559.938349535443,14559.938349535443,14369.939154040132,14529.9384765625,99,0.0,0.0
2026-03-10 00:00:00-03:00,14379.938900767544,14379.938900767544,14249.939453125,14249.939453125,8,0.0,0.0
2026-03-11 00:00:00-03:00,14059.940344829505,14189.939793252537,14039.9404296875,14039.9404296875,222,0.0,0.0
2026-03-12 00:00:00-03:00,14079.940476190477,14079.940476190477,13859.94140625,13859.94140625,284,0.0,0.0
2026-03-13 00:00:00-03:00,13869.941784003402,13979.9413223048,13869.941784003402,13959.94140625,46,0.0,0.0
2026-03-16 00:00:00-03:00,14079.940217391304,14079.940217391304,14019.94047214674,14029.9404296875,94,0.0,0.0
2026-03-17 00:00:00-03:00,14149.939791434152,14149.939791434152,13999.9404296875,13999.9404296875,28,0.0,0.0
2026-03-18 00:00:00-03:00,14009.941176044757,14009.941176044757,13459.94348533636,13489.943359375,68,0.0,0.0
2026-03-19 00:00:00-03:00,13399.943104619566,13399.943104619566,13159.944123641304,13339.943359375,95,0.0,0.0
2026-03-20 00:00:00-03:00,13249.943869952196,13249.943869952196,13129.944378299799,13139.9443359375,27,0.0,0.0
2026-03-23 00:00:00-03:00,13279.943782698057,13539.94268205811,13269.943825030363,13379.943359375,67,0.0,0.0
2026-03-25 00:00:00-03:00,13639.942252980492,13839.94140625,13639.942252980492,13839.94140625,297,0.0,0.0
2026-03-26 00:00:00-03:00,13719.941616852842,13719.941616852842,13539.9423828125,13539.9423828125,30,0.0,0.0
2026-03-27 00:00:00-03:00,13599.942171625544,13869.941023562229,13599.942171625544,13779.94140625,37,0.0,0.0
2026-03-30 00:00:00-03:00,13719.941872288504,13879.941194414318,13689.941999389914,13829.94140625,28,0.0,0.0
2026-03-31 00:00:00-03:00,13989.941144867806,14169.94038761807,13989.941144867806,14159.9404296875,122,0.0,0.0
2026-04-01 00:00:00-03:00,14299.939748064544,14449.939116051235,14209.94012727253,14369.939453125,154,0.0,0.0
2026-04-06 00:00:00-03:00,14079.940732758621,14079.940732758621,13909.941448343212,13919.94140625,108,0.0,0.0
2026-04-07 00:00:00-03:00,13859.941236658828,13859.941236658828,13799.941491045587,13819.94140625,82,0.0,0.0
2026-04-08 00:00:00-03:00,14289.93983206928,14419.939284705319,14279.939874174199,14379.939453125,42,0.0,0.0
2026-04-09 00:00:00-03:00,14349.939283881464,14349.939283881464,14259.93966467942,14309.939453125,236,0.0,0.0
2026-04-10 00:00:00-03:00,14199.939664876068,14199.939664876068,14019.9404296875,14019.9404296875,735,0.0,0.0
2026-04-13 00:00:00-03:00,13709.941663643975,13999.9404296875,13709.941663643975,13999.9404296875,236,0.0,0.0
2026-04-14 00:00:00-03:00,13889.941658266129,13949.94140625,13859.941784274193,13949.94140625,82,0.0,0.0
2026-04-15 00:00:00-03:00,13849.941409835032,13849.941409835032,13599.942467419236,13619.9423828125,110,0.0,0.0
2026-04-16 00:00:00-03:00,13399.943527948288,13439.943359375,13369.943654378254,13439.943359375,16,0.0,0.0
2026-04-17 00:00:00-03:00,13669.941875362465,14029.940344647795,13659.941917882315,14009.9404296875,138,0.0,0.0
2026-04-20 00:00:00-03:00,14089.94030258157,14159.940006001067,13939.940938111218,14059.9404296875,79,0.0,0.0
2026-04-21 00:00:00-03:00,14049.940560130866,14049.940560130866,13789.94166008574,13849.94140625,69,0.0,0.0
2026-04-22 00:00:00-03:00,13819.941622468383,13819.941622468383,13619.942467295179,13639.9423828125,44,0.0,0.0
2026-04-23 00:00:00-03:00,13639.9423828125,13639.9423828125,13639.9423828125,13639.9423828125,0,0.0,0.0
2026-04-24 00:00:00-03:00,13769.941448770864,13829.941193645682,13769.941448770864,13779.94140625,26,0.0,0.0
2026-04-27 00:00:00-03:00,13879.941658446915,13959.941322184362,13859.941742512554,13939.94140625,163,0.0,0.0
2026-04-28 00:00:00-03:00,14229.94023017473,14229.94023017473,13949.94140625,13949.94140625,40,0.0,0.0
2026-04-29 00:00:00-03:00,13549.942297642969,13629.941956964847,13469.942638321092,13529.9423828125,52,0.0,0.0
2026-04-30 00:00:00-03:00,13679.942256181319,13739.942002918957,13629.942467233288,13649.9423828125,161,0.0,0.0
2026-05-04 00:00:00-03:00,13539.942467062077,13549.942424570987,13329.943359375,13329.943359375,168,0.0,0.0
2026-05-05 00:00:00-03:00,13429.943527572847,13539.943065028767,13359.94382191908,13469.943359375,72,0.0,0.0
2026-05-06 00:00:00-03:00,13769.942172837327,13809.942004857188,13719.9423828125,13719.9423828125,60,0.0,0.0
2026-05-07 00:00:00-03:00,13709.942171915036,13789.94183447909,13649.942424991994,13659.9423828125,204,0.0,0.0
2026-05-08 00:00:00-03:00,13539.94242533441,13609.942127681043,13499.942595422048,13549.9423828125,10,0.0,0.0
2026-05-11 00:00:00-03:00,13449.942935100655,13519.942638108614,13349.943359375,13349.943359375,107,0.0,0.0
2026-05-12 00:00:00-03:00,13299.94382913268,13399.943406795333,13139.94450487244,13179.9443359375,260,0.0,0.0
2026-05-13 00:00:00-03:00,13139.943952047413,13139.943952047413,13049.9443359375,13049.9443359375,10,0.0,0.0
2026-05-14 00:00:00-03:00,13179.943996004293,13179.943996004293,13059.944505904103,13099.9443359375,120,0.0,0.0
2026-05-15 00:00:00-03:00,13289.94352782634,13289.94352782634,12869.9453125,12869.9453125,102,0.0,0.0
2026-05-18 00:00:00-03:00,13079.94493360277,13079.94493360277,12969.945396699384,12989.9453125,192,0.0,0.0
2026-05-19 00:00:00-03:00,12649.946918487549,12979.945533752441,12649.946918487549,12799.9462890625,190,0.0,0.0
2026-05-20 00:00:00-03:00,12749.9464054093,13009.9453125,12699.946615584166,13009.9453125,43,0.0,0.0
2026-05-21 00:00:00-03:00,12899.945185770515,13099.9443359375,12899.945185770515,13099.9443359375,35,0.0,0.0
2026-05-22 00:00:00-03:00,13149.94437823542,13179.94425134166,13149.94437823542,13159.9443359375,152,0.0,0.0
2026-05-25 00:00:00-03:00,13159.9443359375,13159.9443359375,13159.9443359375,13159.9443359375,0,0.0,0.0
2026-05-26 00:00:00-03:00,13249.944251789258,13249.944251789258,13189.944504233987,13229.9443359375,27,0.0,0.0
2026-05-27 00:00:00-03:00,13239.94395496673,13239.94395496673,13079.9446322481,13149.9443359375,66,0.0,0.0
2026-05-28 00:00:00-03:00,13169.944039232463,13329.943359375,13139.944166705738,13329.943359375,101,0.0,0.0
2026-05-29 00:00:00-03:00,13349.943532277022,13349.943532277022,13139.944420533338,13159.9443359375,17,0.0,0.0
2026-06-01 00:00:00-03:00,13099.944593484144,13099.944593484144,12859.945608565351,12929.9453125,2059,0.0,0.0
2026-06-02 00:00:00-03:00,12989.945096721955,13189.944251405894,12929.945350316772,13169.9443359375,872,0.0,0.0
2026-06-03 00:00:00-03:00,13170.0,13230.0,13030.0,13190.0,293,82.08399,0.0
2026-06-04 00:00:00-03:00,13250.0,13410.0,12810.0,12900.0,453,0.0,0.0
2026-06-05 00:00:00-03:00,13160.0,13160.0,12960.0,13040.0,297,0.0,0.0
2026-06-08 00:00:00-03:00,13040.0,13040.0,12840.0,12980.0,265,0.0,0.0
2026-06-09 00:00:00-03:00,13150.0,13350.0,13140.0,13350.0,204,0.0,0.0
2026-06-10 00:00:00-03:00,13350.0,13350.0,13130.0,13130.0,158,0.0,0.0
2026-06-11 00:00:00-03:00,12940.0,13070.0,12800.0,13070.0,65,0.0,0.0
2026-06-12 00:00:00-03:00,13350.0,13410.0,13300.0,13300.0,52,0.0,0.0
2026-06-15 00:00:00-03:00,13300.0,13300.0,13300.0,13300.0,0,0.0,0.0
2026-06-16 00:00:00-03:00,13290.0,13580.0,13290.0,13490.0,28,0.0,0.0
2026-06-17 00:00:00-03:00,13330.0,13600.0,13270.0,13270.0,110,0.0,0.0
2026-06-18 00:00:00-03:00,13480.0,13650.0,13270.0,13300.0,72,0.0,0.0
2026-06-19 00:00:00-03:00,13300.0,13300.0,13300.0,13300.0,0,0.0,0.0
2026-06-22 00:00:00-03:00,13270.0,13510.0,13270.0,13350.0,130,0.0,0.0
2026-06-23 00:00:00-03:00,13500.0,13680.0,13500.0,13670.0,67,0.0,0.0
2026-06-24 00:00:00-03:00,14020.0,14100.0,14000.0,14080.0,129,0.0,0.0
2026-06-25 00:00:00-03:00,14170.0,14460.0,14080.0,14080.0,435,0.0,0.0
2026-06-26 00:00:00-03:00,14210.0,14210.0,14080.0,14080.0,46,0.0,0.0
2026-06-29 00:00:00-03:00,14100.0,14260.0,14000.0,14050.0,532,0.0,0.0
2026-06-30 00:00:00-03:00,14020.0,14200.0,13990.0,14100.0,692,0.0,0.0
2026-07-01 00:00:00-03:00,14280.0,14420.0,14190.0,14240.0,70,0.0,0.0
2026-07-02 00:00:00-03:00,14330.0,14570.0,14330.0,14530.0,100,0.0,0.0
2026-07-03 00:00:00-03:00,14530.0,14530.0,14530.0,14530.0,0,0.0,0.0
2026-07-06 00:00:00-03:00,14530.0,14530.0,14530.0,14530.0,0,0.0,0.0
2026-07-07 00:00:00-03:00,14630.0,14670.0,14370.0,14380.0,46,0.0,0.0
2026-07-08 00:00:00-03:00,14190.0,14210.0,13700.0,13760.0,180,0.0,0.0
2026-07-09 00:00:00-03:00,13760.0,13760.0,13760.0,13760.0,0,0.0,0.0
2026-07-10 00:00:00-03:00,13850.0,14070.0,13850.0,14010.0,120,0.0,0.0
2026-07-13 00:00:00-03:00,14000.0,14000.0,13840.0,13840.0,5,0.0,0.0
2026-07-14 00:00:00-03:00,13700.0,13730.0,13620.0,13630.0,178,0.0,0.0
2026-07-15 00:00:00-03:00,13500.0,13760.0,13500.0,13680.0,71,0.0,0.0
2026-07-16 00:00:00-03:00,13900.0,14220.0,13900.0,14210.0,173,0.0,0.0
2026-07-17 00:00:00-03:00,14300.0,14430.0,13990.0,13990.0,63,0.0,0.0
2026-07-20 00:00:00-03:00,13820.0,13920.0,13740.0,13800.0,192,0.0,0.0
2026-07-21 00:00:00-03:00,,,,,60,0.0,0.0
