Date,Open,High,Low,Close,Volume,Dividends,Stock Splits
2008-01-07 00:00:00-02:00,38.76030349731445,38.76030349731445,38.76030349731445,38.76030349731445,3968,0.0,0.0
2008-01-08 00:00:00-02:00,38.76030349731445,38.76030349731445,38.76030349731445,38.76030349731445,0,0.0,0.0
2008-01-09 00:00:00-02:00,38.456119537353516,38.456119537353516,38.456119537353516,38.456119537353516,520,0.0,0.0
2008-01-10 00:00:00-02:00,39.585899353027344,39.585899353027344,39.585899353027344,39.585899353027344,100,0.0,0.0
2008-01-11 00:00:00-02:00,39.585899353027344,39.585899353027344,39.585899353027344,39.585899353027344,0,0.0,0.0
2008-01-14 00:00:00-02:00,39.585899353027344,39.585899353027344,39.585899353027344,39.585899353027344,0,0.0,0.0
2008-01-15 00:00:00-02:00,39.585899353027344,39.585899353027344,39.585899353027344,39.585899353027344,0,0.0,0.0
2008-01-16 00:00:00-02:00,39.585899353027344,39.585899353027344,39.585899353027344,39.585899353027344,0,0.0,0.0
2008-01-17 00:00:00-02:00,39.45555001584236,39.45555001584236,39.41209411621094,39.41209411621094,1776,0.0,0.0
2008-01-18 00:00:00-02:00,39.41209411621094,39.41209411621094,39.41209411621094,39.41209411621094,0,0.0,0.0
2008-01-21 00:00:00-02:00,39.41209411621094,39.41209411621094,39.41209411621094,39.41209411621094,0,0.0,0.0
2008-01-22 00:00:00-02:00,39.41209411621094,39.41209411621094,39.41209411621094,39.41209411621094,0,0.0,0.0
2008-01-23 00:00:00-02:00,39.41209411621094,39.41209411621094,39.41209411621094,39.41209411621094,0,0.0,0.0
2008-01-24 00:00:00-02:00,39.41209411621094,39.41209411621094,39.41209411621094,39.41209411621094,0,0.0,0.0
2008-01-25 00:00:00-02:00,38.58649444580078,38.58649444580078,38.58649444580078,38.58649444580078,2164,0.0,0.0
2008-01-28 00:00:00-02:00,38.58649444580078,38.58649444580078,38.58649444580078,38.58649444580078,0,0.0,0.0
2008-01-29 00:00:00-02:00,40.628786055962316,40.628786055962316,39.80317369766354,39.84662628173828,1036,0.0,0.0
2008-01-30 00:00:00-02:00,39.84662628173828,39.84662628173828,39.84662628173828,39.84662628173828,0,0.0,0.0
2008-01-31 00:00:00-02:00,39.84662628173828,39.84662628173828,39.84662628173828,39.84662628173828,0,0.0,0.0
2008-02-01 00:00:00-02:00,39.84662628173828,39.84662628173828,39.84662628173828,39.84662628173828,0,0.0,0.0
2008-02-04 00:00:00-02:00,41.45439147949219,41.45439147949219,41.45439147949219,41.45439147949219,100,0.0,0.0
2008-02-05 00:00:00-02:00,41.45439147949219,41.45439147949219,41.45439147949219,41.45439147949219,0,0.0,0.0
2008-02-06 00:00:00-02:00,41.45439147949219,41.45439147949219,41.45439147949219,41.45439147949219,0,0.0,0.0
2008-02-07 00:00:00-02:00,41.45439147949219,41.45439147949219,41.45439147949219,41.45439147949219,0,0.0,0.0
2008-02-08 00:00:00-02:00,41.45439147949219,41.45439147949219,41.45439147949219,41.45439147949219,0,0.0,0.0
2008-02-11 00:00:00-02:00,41.45439147949219,41.45439147949219,41.45439147949219,41.45439147949219,0,0.0,0.0
2008-02-12 00:00:00-02:00,41.45439147949219,41.45439147949219,41.45439147949219,41.45439147949219,0,0.0,0.0
2008-02-13 00:00:00-02:00,40.80259640990871,40.80259640990871,40.7591438293457,40.7591438293457,2400,0.0,0.0
2008-02-14 00:00:00-02:00,40.7591438293457,40.7591438293457,40.7591438293457,40.7591438293457,0,0.0,0.0
2008-02-15 00:00:00-02:00,40.7591438293457,40.7591438293457,40.7591438293457,40.7591438293457,0,0.0,0.0
2008-02-18 00:00:00-02:00,40.7591438293457,40.7591438293457,40.7591438293457,40.7591438293457,0,0.0,0.0
2008-02-19 00:00:00-02:00,39.45556640625,39.45556640625,39.45556640625,39.45556640625,1600,0.0,0.0
2008-02-20 00:00:00-02:00,39.45556640625,39.45556640625,39.45556640625,39.45556640625,0,0.0,0.0
2008-02-21 00:00:00-02:00,39.45556640625,39.45556640625,39.45556640625,39.45556640625,0,0.0,0.0
2008-02-22 00:00:00-02:00,39.45556640625,39.45556640625,39.45556640625,39.45556640625,0,0.0,0.0
2008-02-25 00:00:00-02:00,39.515403747558594,39.515403747558594,39.515403747558594,39.515403747558594,0,101.578125,0.0
2008-02-26 00:00:00-02:00,39.515403747558594,39.515403747558594,39.515403747558594,39.515403747558594,0,0.0,0.0
2008-02-27 00:00:00-02:00,39.515403747558594,39.515403747558594,39.515403747558594,39.515403747558594,0,0.0,0.0
2008-02-28 00:00:00-02:00,39.515403747558594,39.515403747558594,39.515403747558594,39.515403747558594,0,0.0,0.0
2008-02-29 00:00:00-02:00,39.515403747558594,39.515403747558594,39.515403747558594,39.515403747558594,0,0.0,0.0
2008-03-03 00:00:00-02:00,39.515403747558594,39.515403747558594,39.515403747558594,39.515403747558594,0,0.0,0.0
2008-03-04 00:00:00-02:00,39.515403747558594,39.515403747558594,39.515403747558594,39.515403747558594,0,0.0,0.0
2008-03-05 00:00:00-02:00,39.515403747558594,39.515403747558594,39.515403747558594,39.515403747558594,0,0.0,0.0
2008-03-06 00:00:00-02:00,39.515403747558594,39.515403747558594,39.515403747558594,39.515403747558594,0,0.0,0.0
2008-03-07 00:00:00-02:00,39.515403747558594,39.515403747558594,39.515403747558594,39.515403747558594,0,0.0,0.0
2008-03-10 00:00:00-02:00,39.515403747558594,39.515403747558594,39.515403747558594,39.515403747558594,0,0.0,0.0
2008-03-11 00:00:00-02:00,39.515403747558594,39.515403747558594,39.515403747558594,39.515403747558594,0,0.0,0.0
2008-03-12 00:00:00-02:00,39.515403747558594,39.515403747558594,39.515403747558594,39.515403747558594,0,0.0,0.0
2008-03-13 00:00:00-02:00,39.515403747558594,39.515403747558594,39.515403747558594,39.515403747558594,0,0.0,0.0
2008-03-14 00:00:00-02:00,39.515403747558594,39.515403747558594,39.515403747558594,39.515403747558594,0,0.0,0.0
2008-03-17 00:00:00-03:00,39.515403747558594,39.515403747558594,39.515403747558594,39.515403747558594,0,0.0,0.0
2008-03-18 00:00:00-03:00,39.515403747558594,39.515403747558594,39.515403747558594,39.515403747558594,0,0.0,0.0
2008-03-19 00:00:00-03:00,39.515403747558594,39.515403747558594,39.515403747558594,39.515403747558594,0,0.0,0.0
2008-03-20 00:00:00-03:00,39.515403747558594,39.515403747558594,39.515403747558594,39.515403747558594,0,0.0,0.0
2008-03-25 00:00:00-03:00,39.515403747558594,39.515403747558594,39.515403747558594,39.515403747558594,0,0.0,0.0
2008-03-26 00:00:00-03:00,39.515403747558594,39.515403747558594,39.515403747558594,39.515403747558594,0,0.0,0.0
2008-03-27 00:00:00-03:00,39.515403747558594,39.515403747558594,39.515403747558594,39.515403747558594,0,0.0,0.0
2008-03-28 00:00:00-03:00,39.515403747558594,39.515403747558594,39.515403747558594,39.515403747558594,0,0.0,0.0
2008-03-31 00:00:00-03:00,39.515403747558594,39.515403747558594,39.515403747558594,39.515403747558594,0,0.0,0.0
2008-04-01 00:00:00-03:00,39.8635368347168,39.8635368347168,39.8635368347168,39.8635368347168,2320,0.0,0.0
2008-04-03 00:00:00-03:00,40.16818612296381,40.16818612296381,40.124664306640625,40.124664306640625,848,0.0,0.0
2008-04-04 00:00:00-03:00,40.124664306640625,40.124664306640625,40.124664306640625,40.124664306640625,0,0.0,0.0
2008-04-07 00:00:00-03:00,40.124664306640625,40.124664306640625,40.124664306640625,40.124664306640625,0,0.0,0.0
2008-04-08 00:00:00-03:00,40.124664306640625,40.124664306640625,40.124664306640625,40.124664306640625,0,0.0,0.0
2008-04-09 00:00:00-03:00,40.124664306640625,40.124664306640625,40.124664306640625,40.124664306640625,0,0.0,0.0
2008-04-10 00:00:00-03:00,40.124664306640625,40.124664306640625,40.124664306640625,40.124664306640625,0,0.0,0.0
2008-04-11 00:00:00-03:00,40.124664306640625,40.124664306640625,40.124664306640625,40.124664306640625,0,0.0,0.0
2008-04-14 00:00:00-03:00,40.124664306640625,40.124664306640625,40.124664306640625,40.124664306640625,0,0.0,0.0
2008-04-15 00:00:00-03:00,38.601501520808974,38.645023345947266,38.601501520808974,38.645023345947266,1092,0.0,0.0
2008-04-16 00:00:00-03:00,38.645023345947266,38.645023345947266,38.645023345947266,38.645023345947266,0,0.0,0.0
2008-04-17 00:00:00-03:00,38.645023345947266,38.645023345947266,38.645023345947266,38.645023345947266,0,0.0,0.0
2008-04-18 00:00:00-03:00,38.645023345947266,38.645023345947266,38.645023345947266,38.645023345947266,0,0.0,0.0
2008-04-21 00:00:00-03:00,38.645023345947266,38.645023345947266,38.645023345947266,38.645023345947266,0,0.0,0.0
2008-04-22 00:00:00-03:00,38.645023345947266,38.645023345947266,38.645023345947266,38.645023345947266,0,0.0,0.0
2008-04-23 00:00:00-03:00,38.645023345947266,38.645023345947266,38.645023345947266,38.645023345947266,0,0.0,0.0
2008-04-24 00:00:00-03:00,38.645023345947266,38.645023345947266,38.645023345947266,38.645023345947266,0,0.0,0.0
2008-04-25 00:00:00-03:00,38.645023345947266,38.645023345947266,38.645023345947266,38.645023345947266,0,0.0,0.0
2008-04-28 00:00:00-03:00,42.38765759002629,42.38765759002629,42.344139099121094,42.344139099121094,1832,0.0,0.0
2008-04-29 00:00:00-03:00,42.344139099121094,42.344139099121094,42.344139099121094,42.344139099121094,0,0.0,0.0
2008-04-30 00:00:00-03:00,42.344139099121094,42.344139099121094,42.344139099121094,42.344139099121094,0,0.0,0.0
2008-05-02 00:00:00-03:00,43.345062665292645,43.345062665292645,43.301544189453125,43.301544189453125,4748,0.0,0.0
2008-05-05 00:00:00-03:00,42.34411993598838,42.34411993598838,42.30059814453125,42.30059814453125,3944,0.0,0.0
2008-05-06 00:00:00-03:00,42.30059814453125,42.30059814453125,42.30059814453125,42.30059814453125,0,0.0,0.0
2008-05-07 00:00:00-03:00,42.30059814453125,42.30059814453125,42.30059814453125,42.30059814453125,0,0.0,0.0
2008-05-08 00:00:00-03:00,42.30059814453125,42.30059814453125,42.30059814453125,42.30059814453125,0,0.0,0.0
2008-05-09 00:00:00-03:00,42.30059814453125,42.30059814453125,42.30059814453125,42.30059814453125,0,0.0,0.0
2008-05-12 00:00:00-03:00,42.30059814453125,42.30059814453125,42.30059814453125,42.30059814453125,0,0.0,0.0
2008-05-13 00:00:00-03:00,42.30059814453125,42.30059814453125,42.30059814453125,42.30059814453125,0,0.0,0.0
2008-05-14 00:00:00-03:00,42.30059814453125,42.30059814453125,42.30059814453125,42.30059814453125,0,0.0,0.0
2008-05-15 00:00:00-03:00,42.30059814453125,42.30059814453125,42.30059814453125,42.30059814453125,0,0.0,0.0
2008-05-16 00:00:00-03:00,45.10612590935704,45.10612590935704,45.06254577636719,45.06254577636719,1960,101.578125,0.0
2008-05-19 00:00:00-03:00,45.06254577636719,45.06254577636719,45.06254577636719,45.06254577636719,0,0.0,0.0
2008-05-20 00:00:00-03:00,43.79869240612241,43.79869240612241,43.362884521484375,43.362884521484375,908,0.0,0.0
2008-05-21 00:00:00-03:00,43.362884521484375,43.362884521484375,43.362884521484375,43.362884521484375,0,0.0,0.0
2008-05-22 00:00:00-03:00,43.362884521484375,43.362884521484375,43.362884521484375,43.362884521484375,0,0.0,0.0
2008-05-23 00:00:00-03:00,43.362884521484375,43.362884521484375,43.362884521484375,43.362884521484375,0,0.0,0.0
2008-05-26 00:00:00-03:00,43.362884521484375,43.362884521484375,43.362884521484375,43.362884521484375,0,0.0,0.0
2008-05-27 00:00:00-03:00,41.75038962392126,41.75038962392126,41.70680618286133,41.70680618286133,3196,0.0,0.0
2008-05-28 00:00:00-03:00,41.70680618286133,41.70680618286133,41.70680618286133,41.70680618286133,0,0.0,0.0
2008-05-29 00:00:00-03:00,41.70680618286133,41.70680618286133,41.70680618286133,41.70680618286133,0,0.0,0.0
2008-05-30 00:00:00-03:00,41.70680618286133,41.70680618286133,41.70680618286133,41.70680618286133,0,0.0,0.0
2008-06-02 00:00:00-03:00,41.70680618286133,41.70680618286133,41.70680618286133,41.70680618286133,0,0.0,0.0
2008-06-03 00:00:00-03:00,41.70680618286133,41.70680618286133,41.70680618286133,41.70680618286133,0,0.0,0.0
2008-06-04 00:00:00-03:00,41.70680618286133,41.70680618286133,41.70680618286133,41.70680618286133,0,0.0,0.0
2008-06-05 00:00:00-03:00,41.70680618286133,41.70680618286133,41.70680618286133,41.70680618286133,0,0.0,0.0
2008-06-06 00:00:00-03:00,41.70680618286133,41.70680618286133,41.70680618286133,41.70680618286133,0,0.0,0.0
2008-06-09 00:00:00-03:00,41.70680618286133,41.70680618286133,41.70680618286133,41.70680618286133,0,0.0,0.0
2008-06-10 00:00:00-03:00,41.70680618286133,41.70680618286133,41.70680618286133,41.70680618286133,0,0.0,0.0
2008-06-11 00:00:00-03:00,41.70680618286133,41.70680618286133,41.70680618286133,41.70680618286133,0,0.0,0.0
2008-06-12 00:00:00-03:00,41.70680618286133,41.70680618286133,41.70680618286133,41.70680618286133,0,0.0,0.0
2008-06-13 00:00:00-03:00,41.70680618286133,41.70680618286133,41.70680618286133,41.70680618286133,0,0.0,0.0
2008-06-17 00:00:00-03:00,41.70680618286133,41.70680618286133,41.70680618286133,41.70680618286133,0,0.0,0.0
2008-06-18 00:00:00-03:00,41.70680618286133,41.70680618286133,41.70680618286133,41.70680618286133,0,0.0,0.0
2008-06-19 00:00:00-03:00,41.70680618286133,41.70680618286133,41.70680618286133,41.70680618286133,0,0.0,0.0
2008-06-20 00:00:00-03:00,41.70680618286133,41.70680618286133,41.70680618286133,41.70680618286133,0,0.0,0.0
2008-06-23 00:00:00-03:00,41.70680618286133,41.70680618286133,41.70680618286133,41.70680618286133,0,0.0,0.0
2008-06-24 00:00:00-03:00,41.70680618286133,41.70680618286133,41.70680618286133,41.70680618286133,0,0.0,0.0
2008-06-25 00:00:00-03:00,41.70680618286133,41.70680618286133,41.70680618286133,41.70680618286133,0,0.0,0.0
2008-06-26 00:00:00-03:00,41.70680618286133,41.70680618286133,41.70680618286133,41.70680618286133,0,0.0,0.0
2008-06-27 00:00:00-03:00,41.70680618286133,41.70680618286133,41.70680618286133,41.70680618286133,0,0.0,0.0
2008-06-30 00:00:00-03:00,41.70680618286133,41.70680618286133,41.70680618286133,41.70680618286133,0,0.0,0.0
2008-07-01 00:00:00-03:00,41.70680618286133,41.70680618286133,41.70680618286133,41.70680618286133,0,0.0,0.0
2008-07-02 00:00:00-03:00,41.70680618286133,41.70680618286133,41.70680618286133,41.70680618286133,0,0.0,0.0
2008-07-03 00:00:00-03:00,41.70680618286133,41.70680618286133,41.70680618286133,41.70680618286133,0,0.0,0.0
2008-07-04 00:00:00-03:00,41.70680618286133,41.70680618286133,41.70680618286133,41.70680618286133,0,0.0,0.0
2008-07-07 00:00:00-03:00,41.70680618286133,41.70680618286133,41.70680618286133,41.70680618286133,0,0.0,0.0
2008-07-08 00:00:00-03:00,41.70680618286133,41.70680618286133,41.70680618286133,41.70680618286133,0,0.0,0.0
2008-07-10 00:00:00-03:00,34.42883578427235,34.472415924072266,34.42883578427235,34.472415924072266,1384,0.0,0.0
2008-07-11 00:00:00-03:00,34.472415924072266,34.472415924072266,34.472415924072266,34.472415924072266,0,0.0,0.0
2008-07-14 00:00:00-03:00,34.472415924072266,34.472415924072266,34.472415924072266,34.472415924072266,0,0.0,0.0
2008-07-15 00:00:00-03:00,34.472415924072266,34.472415924072266,34.472415924072266,34.472415924072266,0,0.0,0.0
2008-07-16 00:00:00-03:00,34.472415924072266,34.472415924072266,34.472415924072266,34.472415924072266,0,0.0,0.0
2008-07-17 00:00:00-03:00,34.472415924072266,34.472415924072266,34.472415924072266,34.472415924072266,0,0.0,0.0
2008-07-18 00:00:00-03:00,34.864647955011975,34.864647955011975,34.821067810058594,34.821067810058594,6708,0.0,0.0
2008-07-21 00:00:00-03:00,34.821067810058594,34.821067810058594,34.821067810058594,34.821067810058594,0,0.0,0.0
2008-07-22 00:00:00-03:00,34.821067810058594,34.821067810058594,34.821067810058594,34.821067810058594,0,0.0,0.0
2008-07-23 00:00:00-03:00,34.821067810058594,34.821067810058594,34.821067810058594,34.821067810058594,0,0.0,0.0
2008-07-24 00:00:00-03:00,34.51599066925762,34.559574127197266,34.51599066925762,34.559574127197266,7920,0.0,0.0
2008-07-25 00:00:00-03:00,34.51599606387217,34.51599606387217,34.472415924072266,34.472415924072266,404,0.0,0.0
2008-07-28 00:00:00-03:00,34.472415924072266,34.472415924072266,34.472415924072266,34.472415924072266,0,0.0,0.0
2008-07-29 00:00:00-03:00,34.472415924072266,34.472415924072266,34.472415924072266,34.472415924072266,0,0.0,0.0
2008-07-30 00:00:00-03:00,34.472415924072266,34.472415924072266,34.472415924072266,34.472415924072266,0,0.0,0.0
2008-07-31 00:00:00-03:00,34.472415924072266,34.472415924072266,34.472415924072266,34.472415924072266,0,0.0,0.0
2008-08-01 00:00:00-03:00,34.472415924072266,34.472415924072266,34.472415924072266,34.472415924072266,0,0.0,0.0
2008-08-04 00:00:00-03:00,34.472415924072266,34.472415924072266,34.472415924072266,34.472415924072266,0,0.0,0.0
2008-08-05 00:00:00-03:00,34.472415924072266,34.472415924072266,34.472415924072266,34.472415924072266,0,0.0,0.0
2008-08-06 00:00:00-03:00,34.472415924072266,34.472415924072266,34.472415924072266,34.472415924072266,0,0.0,0.0
2008-08-07 00:00:00-03:00,34.472415924072266,34.472415924072266,34.472415924072266,34.472415924072266,0,0.0,0.0
2008-08-08 00:00:00-03:00,34.472415924072266,34.472415924072266,34.472415924072266,34.472415924072266,0,0.0,0.0
2008-08-11 00:00:00-03:00,34.472415924072266,34.472415924072266,34.472415924072266,34.472415924072266,0,0.0,0.0
2008-08-12 00:00:00-03:00,34.472415924072266,34.472415924072266,34.472415924072266,34.472415924072266,0,0.0,0.0
2008-08-13 00:00:00-03:00,34.472415924072266,34.472415924072266,34.472415924072266,34.472415924072266,0,0.0,0.0
2008-08-14 00:00:00-03:00,34.472415924072266,34.472415924072266,34.472415924072266,34.472415924072266,0,0.0,0.0
2008-08-15 00:00:00-03:00,34.472415924072266,34.472415924072266,34.472415924072266,34.472415924072266,0,0.0,0.0
2008-08-19 00:00:00-03:00,34.472415924072266,34.472415924072266,34.472415924072266,34.472415924072266,0,0.0,0.0
2008-08-20 00:00:00-03:00,34.472415924072266,34.472415924072266,34.472415924072266,34.472415924072266,0,0.0,0.0
2008-08-21 00:00:00-03:00,34.472415924072266,34.472415924072266,34.472415924072266,34.472415924072266,0,0.0,0.0
2008-08-22 00:00:00-03:00,33.295731623952086,33.295731623952086,33.25215148925781,33.25215148925781,1612,0.0,0.0
2008-08-25 00:00:00-03:00,33.25215148925781,33.25215148925781,33.25215148925781,33.25215148925781,0,0.0,0.0
2008-08-26 00:00:00-03:00,32.46770963940139,32.46770963940139,32.424129486083984,32.424129486083984,860,0.0,0.0
2008-08-27 00:00:00-03:00,32.424129486083984,32.424129486083984,32.424129486083984,32.424129486083984,0,0.0,0.0
2008-08-28 00:00:00-03:00,32.424129486083984,32.424129486083984,32.424129486083984,32.424129486083984,0,0.0,0.0
2008-08-29 00:00:00-03:00,33.51361745972468,33.55719757080078,33.51361745972468,33.55719757080078,948,0.0,0.0
2008-09-01 00:00:00-03:00,33.55719757080078,33.55719757080078,33.55719757080078,33.55719757080078,0,0.0,0.0
2008-09-02 00:00:00-03:00,33.55719757080078,33.55719757080078,33.55719757080078,33.55719757080078,0,0.0,0.0
2008-09-03 00:00:00-03:00,33.55719757080078,33.55719757080078,33.55719757080078,33.55719757080078,0,0.0,0.0
2008-09-04 00:00:00-03:00,33.55719757080078,33.55719757080078,33.55719757080078,33.55719757080078,0,0.0,0.0
2008-09-05 00:00:00-03:00,31.988296508789066,31.988296508789066,31.988296508789066,31.988296508789062,1148,0.0,0.0
2008-09-08 00:00:00-03:00,32.424103800434835,32.424103800434835,32.380523681640625,32.380523681640625,2156,0.0,0.0
2008-09-09 00:00:00-03:00,32.20621109008789,32.20621109008789,32.20621109008789,32.20621109008789,660,0.0,0.0
2008-09-10 00:00:00-03:00,32.20621109008789,32.20621109008789,32.20621109008789,32.20621109008789,0,0.0,0.0
2008-09-11 00:00:00-03:00,32.20621109008789,32.20621109008789,32.20621109008789,32.20621109008789,0,0.0,0.0
2008-09-12 00:00:00-03:00,32.29338073730469,32.29338073730469,32.29338073730469,32.29338073730469,744,0.0,0.0
2008-09-15 00:00:00-03:00,31.901146972197303,31.901146972197303,31.857566833496094,31.857566833496094,940,0.0,0.0
2008-09-16 00:00:00-03:00,31.857566833496094,31.857566833496094,31.857566833496094,31.857566833496094,0,0.0,0.0
2008-09-17 00:00:00-03:00,30.201504309744646,30.201504309744646,30.157920837402344,30.157920837402344,528,0.0,0.0
2008-09-18 00:00:00-03:00,29.591368762217183,29.591368762217183,29.547788619995117,29.547788619995117,7340,0.0,0.0
2008-09-19 00:00:00-03:00,29.547788619995117,29.547788619995117,29.547788619995117,29.547788619995117,0,0.0,0.0
2008-09-22 00:00:00-03:00,29.547788619995117,29.547788619995117,29.547788619995117,29.547788619995117,0,0.0,0.0
2008-09-23 00:00:00-03:00,29.547788619995117,29.547788619995117,29.547788619995117,29.547788619995117,0,0.0,0.0
2008-09-24 00:00:00-03:00,29.06839092400741,29.06839092400741,29.024810791015625,29.024810791015625,868,0.0,0.0
2008-09-25 00:00:00-03:00,29.852845267739877,29.852845267739877,29.80926513671875,29.80926513671875,1200,0.0,0.0
2008-09-26 00:00:00-03:00,29.809262347402225,29.809262347402225,29.765682220458984,29.765682220458984,5252,0.0,0.0
2008-09-29 00:00:00-03:00,29.765682220458984,29.765682220458984,29.765682220458984,29.765682220458984,0,0.0,0.0
2008-09-30 00:00:00-03:00,29.765682220458984,29.765682220458984,29.765682220458984,29.765682220458984,0,0.0,0.0
2008-10-01 00:00:00-03:00,29.765682220458984,29.765682220458984,29.765682220458984,29.765682220458984,0,0.0,0.0
2008-10-02 00:00:00-03:00,27.107255935668945,27.107255935668945,27.107255935668945,27.107255935668945,4240,0.0,0.0
2008-10-03 00:00:00-03:00,27.107255935668945,27.107255935668945,27.107255935668945,27.107255935668945,0,0.0,0.0
2008-10-06 00:00:00-03:00,27.107255935668945,27.107255935668945,27.107255935668945,27.107255935668945,0,0.0,0.0
2008-10-07 00:00:00-03:00,27.107255935668945,27.107255935668945,27.107255935668945,27.107255935668945,0,0.0,0.0
2008-10-08 00:00:00-03:00,27.107255935668945,27.107255935668945,27.107255935668945,27.107255935668945,0,0.0,0.0
2008-10-09 00:00:00-03:00,23.70795519407918,23.70795519407918,23.66437339782715,23.66437339782715,956,0.0,0.0
2008-10-10 00:00:00-03:00,21.005949817019324,21.005949817019324,20.96236801147461,20.96236801147461,1388,0.0,0.0
2008-10-13 00:00:00-03:00,20.96236801147461,20.96236801147461,20.96236801147461,20.96236801147461,0,0.0,0.0
2008-10-14 00:00:00-03:00,23.44646947315067,23.49005126953125,23.44646947315067,23.49005126953125,7640,0.0,0.0
2008-10-15 00:00:00-03:00,22.705594138746584,22.705594138746584,22.66201400756836,22.66201400756836,912,0.0,0.0
2008-10-16 00:00:00-03:00,22.66201400756836,22.66201400756836,22.66201400756836,22.66201400756836,0,0.0,0.0
2008-10-17 00:00:00-03:00,22.66201400756836,22.66201400756836,22.66201400756836,22.66201400756836,0,0.0,0.0
2008-10-20 00:00:00-02:00,20.57013702392578,20.57013702392578,20.57013702392578,20.57013702392578,4440,0.0,0.0
2008-10-21 00:00:00-02:00,21.31100923656814,21.31100923656814,21.267427444458008,21.267427444458008,1020,0.0,0.0
2008-10-22 00:00:00-02:00,21.267427444458008,21.267427444458008,21.267427444458008,21.267427444458008,0,0.0,0.0
2008-10-23 00:00:00-02:00,21.267427444458008,21.267427444458008,21.267427444458008,21.267427444458008,0,0.0,0.0
2008-10-24 00:00:00-02:00,21.267427444458008,21.267427444458008,21.267427444458008,21.267427444458008,0,0.0,0.0
2008-10-27 00:00:00-02:00,21.267427444458008,21.267427444458008,21.267427444458008,21.267427444458008,0,0.0,0.0
2008-10-28 00:00:00-02:00,21.267427444458008,21.267427444458008,21.267427444458008,21.267427444458008,0,0.0,0.0
2008-10-29 00:00:00-02:00,21.267427444458008,21.267427444458008,21.267427444458008,21.267427444458008,0,0.0,0.0
2008-10-30 00:00:00-02:00,21.267427444458008,21.267427444458008,21.267427444458008,21.267427444458008,0,0.0,0.0
2008-10-31 00:00:00-02:00,21.267427444458008,21.267427444458008,21.267427444458008,21.267427444458008,0,0.0,0.0
2008-11-03 00:00:00-02:00,21.267427444458008,21.267427444458008,21.267427444458008,21.267427444458008,0,0.0,0.0
2008-11-04 00:00:00-02:00,21.267427444458008,21.267427444458008,21.267427444458008,21.267427444458008,0,0.0,0.0
2008-11-05 00:00:00-02:00,21.267427444458008,21.267427444458008,21.267427444458008,21.267427444458008,0,0.0,0.0
2008-11-06 00:00:00-02:00,21.267427444458008,21.267427444458008,21.267427444458008,21.267427444458008,0,0.0,0.0
2008-11-07 00:00:00-02:00,21.267427444458008,21.267427444458008,21.267427444458008,21.267427444458008,0,0.0,0.0
2008-11-10 00:00:00-02:00,21.267427444458008,21.267427444458008,21.267427444458008,21.267427444458008,0,0.0,0.0
2008-11-11 00:00:00-02:00,21.267427444458008,21.267427444458008,21.267427444458008,21.267427444458008,0,0.0,0.0
2008-11-12 00:00:00-02:00,21.267427444458008,21.267427444458008,21.267427444458008,21.267427444458008,0,0.0,0.0
2008-11-13 00:00:00-02:00,21.267427444458008,21.267427444458008,21.267427444458008,21.267427444458008,0,0.0,0.0
2008-11-14 00:00:00-02:00,21.267427444458008,21.267427444458008,21.267427444458008,21.267427444458008,0,0.0,0.0
2008-11-17 00:00:00-02:00,21.267427444458008,21.267427444458008,21.267427444458008,21.267427444458008,0,0.0,0.0
2008-11-18 00:00:00-02:00,21.3275146484375,21.3275146484375,21.3275146484375,21.3275146484375,0,101.578125,0.0
2008-11-19 00:00:00-02:00,21.3275146484375,21.3275146484375,21.3275146484375,21.3275146484375,0,0.0,0.0
2008-11-20 00:00:00-02:00,21.3275146484375,21.3275146484375,21.3275146484375,21.3275146484375,0,0.0,0.0
2008-11-21 00:00:00-02:00,21.3275146484375,21.3275146484375,21.3275146484375,21.3275146484375,0,0.0,0.0
2008-11-24 00:00:00-02:00,21.3275146484375,21.3275146484375,21.3275146484375,21.3275146484375,0,0.0,0.0
2008-11-25 00:00:00-02:00,21.3275146484375,21.3275146484375,21.3275146484375,21.3275146484375,0,0.0,0.0
2008-11-26 00:00:00-02:00,21.3275146484375,21.3275146484375,21.3275146484375,21.3275146484375,0,0.0,0.0
2008-11-27 00:00:00-02:00,21.3275146484375,21.3275146484375,21.3275146484375,21.3275146484375,0,0.0,0.0
2008-11-28 00:00:00-02:00,21.3275146484375,21.3275146484375,21.3275146484375,21.3275146484375,0,0.0,0.0
2008-12-01 00:00:00-02:00,21.3275146484375,21.3275146484375,21.3275146484375,21.3275146484375,0,0.0,0.0
2008-12-02 00:00:00-02:00,21.3275146484375,21.3275146484375,21.3275146484375,21.3275146484375,0,0.0,0.0
2008-12-03 00:00:00-02:00,21.3275146484375,21.3275146484375,21.3275146484375,21.3275146484375,0,0.0,0.0
2008-12-04 00:00:00-02:00,21.3275146484375,21.3275146484375,21.3275146484375,21.3275146484375,0,0.0,0.0
2008-12-05 00:00:00-02:00,21.3275146484375,21.3275146484375,21.3275146484375,21.3275146484375,0,0.0,0.0
2008-12-09 00:00:00-02:00,21.3275146484375,21.3275146484375,21.3275146484375,21.3275146484375,0,0.0,0.0
2008-12-10 00:00:00-02:00,21.3275146484375,21.3275146484375,21.3275146484375,21.3275146484375,0,0.0,0.0
2008-12-11 00:00:00-02:00,21.3275146484375,21.3275146484375,21.3275146484375,21.3275146484375,0,0.0,0.0
2008-12-12 00:00:00-02:00,21.3275146484375,21.3275146484375,21.3275146484375,21.3275146484375,0,0.0,0.0
2008-12-15 00:00:00-02:00,21.3275146484375,21.3275146484375,21.3275146484375,21.3275146484375,0,0.0,0.0
2008-12-16 00:00:00-02:00,21.3275146484375,21.3275146484375,21.3275146484375,21.3275146484375,0,0.0,0.0
2008-12-17 00:00:00-02:00,21.3275146484375,21.3275146484375,21.3275146484375,21.3275146484375,0,0.0,0.0
2008-12-18 00:00:00-02:00,21.3275146484375,21.3275146484375,21.3275146484375,21.3275146484375,0,0.0,0.0
2008-12-19 00:00:00-02:00,21.3275146484375,21.3275146484375,21.3275146484375,21.3275146484375,0,0.0,0.0
2008-12-22 00:00:00-02:00,21.3275146484375,21.3275146484375,21.3275146484375,21.3275146484375,0,0.0,0.0
2008-12-23 00:00:00-02:00,21.3275146484375,21.3275146484375,21.3275146484375,21.3275146484375,0,0.0,0.0
2008-12-24 00:00:00-02:00,21.3275146484375,21.3275146484375,21.3275146484375,21.3275146484375,0,0.0,0.0
2008-12-26 00:00:00-02:00,21.3275146484375,21.3275146484375,21.3275146484375,21.3275146484375,0,0.0,0.0
2008-12-29 00:00:00-02:00,21.3275146484375,21.3275146484375,21.3275146484375,21.3275146484375,0,0.0,0.0
2008-12-30 00:00:00-02:00,21.3275146484375,21.3275146484375,21.3275146484375,21.3275146484375,0,0.0,0.0
2008-12-31 00:00:00-02:00,21.3275146484375,21.3275146484375,21.3275146484375,21.3275146484375,0,0.0,0.0
2009-01-02 00:00:00-02:00,21.3275146484375,21.3275146484375,21.3275146484375,21.3275146484375,0,0.0,0.0
2009-01-05 00:00:00-02:00,21.3275146484375,21.3275146484375,21.3275146484375,21.3275146484375,0,0.0,0.0
2009-01-06 00:00:00-02:00,21.3275146484375,21.3275146484375,21.3275146484375,21.3275146484375,0,0.0,0.0
2009-01-07 00:00:00-02:00,21.3275146484375,21.3275146484375,21.3275146484375,21.3275146484375,0,0.0,0.0
2009-01-08 00:00:00-02:00,21.3275146484375,21.3275146484375,21.3275146484375,21.3275146484375,0,0.0,0.0
2009-01-09 00:00:00-02:00,21.3275146484375,21.3275146484375,21.3275146484375,21.3275146484375,0,0.0,0.0
2009-01-12 00:00:00-02:00,21.3275146484375,21.3275146484375,21.3275146484375,21.3275146484375,0,0.0,0.0
2009-01-13 00:00:00-02:00,21.3275146484375,21.3275146484375,21.3275146484375,21.3275146484375,0,0.0,0.0
2009-01-14 00:00:00-02:00,21.3275146484375,21.3275146484375,21.3275146484375,21.3275146484375,0,0.0,0.0
2009-01-15 00:00:00-02:00,21.3275146484375,21.3275146484375,21.3275146484375,21.3275146484375,0,0.0,0.0
2009-01-16 00:00:00-02:00,21.3275146484375,21.3275146484375,21.3275146484375,21.3275146484375,0,0.0,0.0
2009-01-19 00:00:00-02:00,21.3275146484375,21.3275146484375,21.3275146484375,21.3275146484375,0,0.0,0.0
2009-01-20 00:00:00-02:00,21.3275146484375,21.3275146484375,21.3275146484375,21.3275146484375,0,0.0,0.0
2009-01-21 00:00:00-02:00,21.3275146484375,21.3275146484375,21.3275146484375,21.3275146484375,0,0.0,0.0
2009-01-22 00:00:00-02:00,21.3275146484375,21.3275146484375,21.3275146484375,21.3275146484375,0,0.0,0.0
2009-01-23 00:00:00-02:00,21.3275146484375,21.3275146484375,21.3275146484375,21.3275146484375,0,0.0,0.0
2009-01-26 00:00:00-02:00,21.3275146484375,21.3275146484375,21.3275146484375,21.3275146484375,0,0.0,0.0
2009-01-27 00:00:00-02:00,21.3275146484375,21.3275146484375,21.3275146484375,21.3275146484375,0,0.0,0.0
2009-01-28 00:00:00-02:00,21.3275146484375,21.3275146484375,21.3275146484375,21.3275146484375,0,0.0,0.0
2009-01-29 00:00:00-02:00,21.3275146484375,21.3275146484375,21.3275146484375,21.3275146484375,0,0.0,0.0
2009-01-30 00:00:00-02:00,21.3275146484375,21.3275146484375,21.3275146484375,21.3275146484375,0,0.0,0.0
2009-02-02 00:00:00-02:00,21.3275146484375,21.3275146484375,21.3275146484375,21.3275146484375,0,0.0,0.0
2009-02-03 00:00:00-02:00,21.3275146484375,21.3275146484375,21.3275146484375,21.3275146484375,0,0.0,0.0
2009-02-04 00:00:00-02:00,21.3275146484375,21.3275146484375,21.3275146484375,21.3275146484375,0,0.0,0.0
2009-02-05 00:00:00-02:00,21.3275146484375,21.3275146484375,21.3275146484375,21.3275146484375,0,0.0,0.0
2009-02-06 00:00:00-02:00,21.3275146484375,21.3275146484375,21.3275146484375,21.3275146484375,0,0.0,0.0
2009-02-09 00:00:00-02:00,21.3275146484375,21.3275146484375,21.3275146484375,21.3275146484375,0,0.0,0.0
2009-02-10 00:00:00-02:00,21.3275146484375,21.3275146484375,21.3275146484375,21.3275146484375,0,0.0,0.0
2009-02-11 00:00:00-02:00,21.3275146484375,21.3275146484375,21.3275146484375,21.3275146484375,0,0.0,0.0
2009-02-12 00:00:00-02:00,21.3275146484375,21.3275146484375,21.3275146484375,21.3275146484375,0,0.0,0.0
2009-02-13 00:00:00-02:00,21.3275146484375,21.3275146484375,21.3275146484375,21.3275146484375,0,0.0,0.0
2009-02-16 00:00:00-02:00,21.3275146484375,21.3275146484375,21.3275146484375,21.3275146484375,0,0.0,0.0
2009-02-17 00:00:00-02:00,21.3275146484375,21.3275146484375,21.3275146484375,21.3275146484375,0,0.0,0.0
2009-02-18 00:00:00-02:00,21.39382553100586,21.39382553100586,21.39382553100586,21.39382553100586,0,111.73594,0.0
2009-02-19 00:00:00-02:00,21.39382553100586,21.39382553100586,21.39382553100586,21.39382553100586,0,0.0,0.0
2009-02-20 00:00:00-02:00,21.39382553100586,21.39382553100586,21.39382553100586,21.39382553100586,0,0.0,0.0
2009-02-23 00:00:00-02:00,21.39382553100586,21.39382553100586,21.39382553100586,21.39382553100586,0,0.0,0.0
2009-02-24 00:00:00-02:00,21.39382553100586,21.39382553100586,21.39382553100586,21.39382553100586,0,0.0,0.0
2009-02-25 00:00:00-02:00,21.39382553100586,21.39382553100586,21.39382553100586,21.39382553100586,0,0.0,0.0
2009-02-26 00:00:00-02:00,21.39382553100586,21.39382553100586,21.39382553100586,21.39382553100586,0,0.0,0.0
2009-02-27 00:00:00-02:00,21.39382553100586,21.39382553100586,21.39382553100586,21.39382553100586,0,0.0,0.0
2009-03-02 00:00:00-02:00,21.39382553100586,21.39382553100586,21.39382553100586,21.39382553100586,0,0.0,0.0
2009-03-03 00:00:00-02:00,21.39382553100586,21.39382553100586,21.39382553100586,21.39382553100586,0,0.0,0.0
2009-03-04 00:00:00-02:00,21.39382553100586,21.39382553100586,21.39382553100586,21.39382553100586,0,0.0,0.0
2009-03-05 00:00:00-02:00,21.39382553100586,21.39382553100586,21.39382553100586,21.39382553100586,0,0.0,0.0
2009-03-06 00:00:00-02:00,21.39382553100586,21.39382553100586,21.39382553100586,21.39382553100586,0,0.0,0.0
2009-03-09 00:00:00-02:00,21.39382553100586,21.39382553100586,21.39382553100586,21.39382553100586,0,0.0,0.0
2009-03-10 00:00:00-02:00,21.39382553100586,21.39382553100586,21.39382553100586,21.39382553100586,0,0.0,0.0
2009-03-11 00:00:00-02:00,21.39382553100586,21.39382553100586,21.39382553100586,21.39382553100586,0,0.0,0.0
2009-03-12 00:00:00-02:00,21.39382553100586,21.39382553100586,21.39382553100586,21.39382553100586,0,0.0,0.0
2009-03-13 00:00:00-02:00,21.39382553100586,21.39382553100586,21.39382553100586,21.39382553100586,0,0.0,0.0
2009-03-16 00:00:00-03:00,21.39382553100586,21.39382553100586,21.39382553100586,21.39382553100586,0,0.0,0.0
2009-03-17 00:00:00-03:00,21.39382553100586,21.39382553100586,21.39382553100586,21.39382553100586,0,0.0,0.0
2009-03-18 00:00:00-03:00,21.39382553100586,21.39382553100586,21.39382553100586,21.39382553100586,0,0.0,0.0
2009-03-19 00:00:00-03:00,21.39382553100586,21.39382553100586,21.39382553100586,21.39382553100586,0,0.0,0.0
2009-03-20 00:00:00-03:00,21.39382553100586,21.39382553100586,21.39382553100586,21.39382553100586,0,0.0,0.0
2009-03-23 00:00:00-03:00,21.39382553100586,21.39382553100586,21.39382553100586,21.39382553100586,0,0.0,0.0
2009-03-25 00:00:00-03:00,21.39382553100586,21.39382553100586,21.39382553100586,21.39382553100586,0,0.0,0.0
2009-03-26 00:00:00-03:00,21.39382553100586,21.39382553100586,21.39382553100586,21.39382553100586,0,0.0,0.0
2009-03-27 00:00:00-03:00,21.39382553100586,21.39382553100586,21.39382553100586,21.39382553100586,0,0.0,0.0
2009-03-30 00:00:00-03:00,21.39382553100586,21.39382553100586,21.39382553100586,21.39382553100586,0,0.0,0.0
2009-03-31 00:00:00-03:00,21.39382553100586,21.39382553100586,21.39382553100586,21.39382553100586,0,0.0,0.0
2009-04-01 00:00:00-03:00,21.39382553100586,21.39382553100586,21.39382553100586,21.39382553100586,0,0.0,0.0
2009-04-03 00:00:00-03:00,21.39382553100586,21.39382553100586,21.39382553100586,21.39382553100586,0,0.0,0.0
2009-04-06 00:00:00-03:00,21.39382553100586,21.39382553100586,21.39382553100586,21.39382553100586,0,0.0,0.0
2009-04-07 00:00:00-03:00,21.39382553100586,21.39382553100586,21.39382553100586,21.39382553100586,0,0.0,0.0
2009-04-08 00:00:00-03:00,21.39382553100586,21.39382553100586,21.39382553100586,21.39382553100586,0,0.0,0.0
2009-04-13 00:00:00-03:00,21.39382553100586,21.39382553100586,21.39382553100586,21.39382553100586,0,0.0,0.0
2009-04-14 00:00:00-03:00,21.39382553100586,21.39382553100586,21.39382553100586,21.39382553100586,0,0.0,0.0
2009-04-15 00:00:00-03:00,21.39382553100586,21.39382553100586,21.39382553100586,21.39382553100586,0,0.0,0.0
2009-04-16 00:00:00-03:00,21.39382553100586,21.39382553100586,21.39382553100586,21.39382553100586,0,0.0,0.0
2009-04-17 00:00:00-03:00,21.39382553100586,21.39382553100586,21.39382553100586,21.39382553100586,0,0.0,0.0
2009-04-20 00:00:00-03:00,21.39382553100586,21.39382553100586,21.39382553100586,21.39382553100586,0,0.0,0.0
2009-04-21 00:00:00-03:00,21.39382553100586,21.39382553100586,21.39382553100586,21.39382553100586,0,0.0,0.0
2009-04-22 00:00:00-03:00,21.39382553100586,21.39382553100586,21.39382553100586,21.39382553100586,0,0.0,0.0
2009-04-23 00:00:00-03:00,21.39382553100586,21.39382553100586,21.39382553100586,21.39382553100586,0,0.0,0.0
2009-04-24 00:00:00-03:00,21.39382553100586,21.39382553100586,21.39382553100586,21.39382553100586,0,0.0,0.0
2009-04-27 00:00:00-03:00,21.39382553100586,21.39382553100586,21.39382553100586,21.39382553100586,0,0.0,0.0
2009-04-28 00:00:00-03:00,21.39382553100586,21.39382553100586,21.39382553100586,21.39382553100586,0,0.0,0.0
2009-04-29 00:00:00-03:00,21.39382553100586,21.39382553100586,21.39382553100586,21.39382553100586,0,0.0,0.0
2009-04-30 00:00:00-03:00,21.39382553100586,21.39382553100586,21.39382553100586,21.39382553100586,0,0.0,0.0
2009-05-04 00:00:00-03:00,21.39382553100586,21.39382553100586,21.39382553100586,21.39382553100586,0,0.0,0.0
2009-05-05 00:00:00-03:00,21.39382553100586,21.39382553100586,21.39382553100586,21.39382553100586,0,0.0,0.0
2009-05-06 00:00:00-03:00,21.39382553100586,21.39382553100586,21.39382553100586,21.39382553100586,0,0.0,0.0
2009-05-07 00:00:00-03:00,21.39382553100586,21.39382553100586,21.39382553100586,21.39382553100586,0,0.0,0.0
2009-05-08 00:00:00-03:00,21.39382553100586,21.39382553100586,21.39382553100586,21.39382553100586,0,0.0,0.0
2009-05-11 00:00:00-03:00,21.39382553100586,21.39382553100586,21.39382553100586,21.39382553100586,0,0.0,0.0
2009-05-12 00:00:00-03:00,21.39382553100586,21.39382553100586,21.39382553100586,21.39382553100586,0,0.0,0.0
2009-05-13 00:00:00-03:00,21.39382553100586,21.39382553100586,21.39382553100586,21.39382553100586,0,0.0,0.0
2009-05-14 00:00:00-03:00,21.39382553100586,21.39382553100586,21.39382553100586,21.39382553100586,0,0.0,0.0
2009-05-15 00:00:00-03:00,21.39382553100586,21.39382553100586,21.39382553100586,21.39382553100586,0,0.0,0.0
2009-05-18 00:00:00-03:00,21.460338592529297,21.460338592529297,21.460338592529297,21.460338592529297,0,111.73594,0.0
2009-05-19 00:00:00-03:00,21.460338592529297,21.460338592529297,21.460338592529297,21.460338592529297,0,0.0,0.0
2009-05-20 00:00:00-03:00,21.460338592529297,21.460338592529297,21.460338592529297,21.460338592529297,0,0.0,0.0
2009-05-21 00:00:00-03:00,21.460338592529297,21.460338592529297,21.460338592529297,21.460338592529297,0,0.0,0.0
2009-05-22 00:00:00-03:00,21.460338592529297,21.460338592529297,21.460338592529297,21.460338592529297,0,0.0,0.0
2009-05-25 00:00:00-03:00,21.460338592529297,21.460338592529297,21.460338592529297,21.460338592529297,0,0.0,0.0
2009-05-26 00:00:00-03:00,21.460338592529297,21.460338592529297,21.460338592529297,21.460338592529297,0,0.0,0.0
2009-05-27 00:00:00-03:00,21.460338592529297,21.460338592529297,21.460338592529297,21.460338592529297,0,0.0,0.0
2009-05-28 00:00:00-03:00,21.460338592529297,21.460338592529297,21.460338592529297,21.460338592529297,0,0.0,0.0
2009-05-29 00:00:00-03:00,21.460338592529297,21.460338592529297,21.460338592529297,21.460338592529297,0,0.0,0.0
2009-06-01 00:00:00-03:00,21.460338592529297,21.460338592529297,21.460338592529297,21.460338592529297,0,0.0,0.0
2009-06-02 00:00:00-03:00,21.460338592529297,21.460338592529297,21.460338592529297,21.460338592529297,0,0.0,0.0
2009-06-03 00:00:00-03:00,21.460338592529297,21.460338592529297,21.460338592529297,21.460338592529297,0,0.0,0.0
2009-06-04 00:00:00-03:00,21.460338592529297,21.460338592529297,21.460338592529297,21.460338592529297,0,0.0,0.0
2009-06-05 00:00:00-03:00,21.460338592529297,21.460338592529297,21.460338592529297,21.460338592529297,0,0.0,0.0
2009-06-08 00:00:00-03:00,21.460338592529297,21.460338592529297,21.460338592529297,21.460338592529297,0,0.0,0.0
2009-06-09 00:00:00-03:00,21.460338592529297,21.460338592529297,21.460338592529297,21.460338592529297,0,0.0,0.0
2009-06-10 00:00:00-03:00,21.460338592529297,21.460338592529297,21.460338592529297,21.460338592529297,0,0.0,0.0
2009-06-11 00:00:00-03:00,21.460338592529297,21.460338592529297,21.460338592529297,21.460338592529297,0,0.0,0.0
2009-06-12 00:00:00-03:00,21.460338592529297,21.460338592529297,21.460338592529297,21.460338592529297,0,0.0,0.0
2009-06-16 00:00:00-03:00,21.460338592529297,21.460338592529297,21.460338592529297,21.460338592529297,0,0.0,0.0
2009-06-17 00:00:00-03:00,21.460338592529297,21.460338592529297,21.460338592529297,21.460338592529297,0,0.0,0.0
2009-06-18 00:00:00-03:00,21.460338592529297,21.460338592529297,21.460338592529297,21.460338592529297,0,0.0,0.0
2009-06-19 00:00:00-03:00,21.460338592529297,21.460338592529297,21.460338592529297,21.460338592529297,0,0.0,0.0
2009-06-22 00:00:00-03:00,21.460338592529297,21.460338592529297,21.460338592529297,21.460338592529297,0,0.0,0.0
2009-06-23 00:00:00-03:00,21.460338592529297,21.460338592529297,21.460338592529297,21.460338592529297,0,0.0,0.0
2009-06-24 00:00:00-03:00,21.460338592529297,21.460338592529297,21.460338592529297,21.460338592529297,0,0.0,0.0
2009-06-25 00:00:00-03:00,21.460338592529297,21.460338592529297,21.460338592529297,21.460338592529297,0,0.0,0.0
2009-06-26 00:00:00-03:00,21.460338592529297,21.460338592529297,21.460338592529297,21.460338592529297,0,0.0,0.0
2009-06-29 00:00:00-03:00,21.460338592529297,21.460338592529297,21.460338592529297,21.460338592529297,0,0.0,0.0
2009-06-30 00:00:00-03:00,21.460338592529297,21.460338592529297,21.460338592529297,21.460338592529297,0,0.0,0.0
2009-07-01 00:00:00-03:00,21.460338592529297,21.460338592529297,21.460338592529297,21.460338592529297,0,0.0,0.0
2009-07-02 00:00:00-03:00,21.460338592529297,21.460338592529297,21.460338592529297,21.460338592529297,0,0.0,0.0
2009-07-03 00:00:00-03:00,21.460338592529297,21.460338592529297,21.460338592529297,21.460338592529297,0,0.0,0.0
2009-07-06 00:00:00-03:00,21.460338592529297,21.460338592529297,21.460338592529297,21.460338592529297,0,0.0,0.0
2009-07-07 00:00:00-03:00,21.460338592529297,21.460338592529297,21.460338592529297,21.460338592529297,0,0.0,0.0
2009-07-08 00:00:00-03:00,21.460338592529297,21.460338592529297,21.460338592529297,21.460338592529297,0,0.0,0.0
2009-07-10 00:00:00-03:00,21.460338592529297,21.460338592529297,21.460338592529297,21.460338592529297,0,0.0,0.0
2009-07-13 00:00:00-03:00,21.460338592529297,21.460338592529297,21.460338592529297,21.460338592529297,0,0.0,0.0
2009-07-14 00:00:00-03:00,21.460338592529297,21.460338592529297,21.460338592529297,21.460338592529297,0,0.0,0.0
2009-07-15 00:00:00-03:00,21.460338592529297,21.460338592529297,21.460338592529297,21.460338592529297,0,0.0,0.0
2009-07-16 00:00:00-03:00,21.460338592529297,21.460338592529297,21.460338592529297,21.460338592529297,0,0.0,0.0
2009-07-17 00:00:00-03:00,21.460338592529297,21.460338592529297,21.460338592529297,21.460338592529297,0,0.0,0.0
2009-07-20 00:00:00-03:00,21.460338592529297,21.460338592529297,21.460338592529297,21.460338592529297,0,0.0,0.0
2009-07-21 00:00:00-03:00,21.460338592529297,21.460338592529297,21.460338592529297,21.460338592529297,0,0.0,0.0
2009-07-22 00:00:00-03:00,21.460338592529297,21.460338592529297,21.460338592529297,21.460338592529297,0,0.0,0.0
2009-07-23 00:00:00-03:00,21.460338592529297,21.460338592529297,21.460338592529297,21.460338592529297,0,0.0,0.0
2009-07-24 00:00:00-03:00,21.460338592529297,21.460338592529297,21.460338592529297,21.460338592529297,0,0.0,0.0
2009-07-27 00:00:00-03:00,21.460338592529297,21.460338592529297,21.460338592529297,21.460338592529297,0,0.0,0.0
2009-07-28 00:00:00-03:00,21.460338592529297,21.460338592529297,21.460338592529297,21.460338592529297,0,0.0,0.0
2009-07-29 00:00:00-03:00,21.460338592529297,21.460338592529297,21.460338592529297,21.460338592529297,0,0.0,0.0
2009-07-30 00:00:00-03:00,21.460338592529297,21.460338592529297,21.460338592529297,21.460338592529297,0,0.0,0.0
2009-07-31 00:00:00-03:00,21.460338592529297,21.460338592529297,21.460338592529297,21.460338592529297,0,0.0,0.0
2009-08-03 00:00:00-03:00,21.460338592529297,21.460338592529297,21.460338592529297,21.460338592529297,0,0.0,0.0
2009-08-04 00:00:00-03:00,21.460338592529297,21.460338592529297,21.460338592529297,21.460338592529297,0,0.0,0.0
2009-08-05 00:00:00-03:00,21.460338592529297,21.460338592529297,21.460338592529297,21.460338592529297,0,0.0,0.0
2009-08-06 00:00:00-03:00,21.460338592529297,21.460338592529297,21.460338592529297,21.460338592529297,0,0.0,0.0
2009-08-07 00:00:00-03:00,21.460338592529297,21.460338592529297,21.460338592529297,21.460338592529297,0,0.0,0.0
2009-08-10 00:00:00-03:00,21.460338592529297,21.460338592529297,21.460338592529297,21.460338592529297,0,0.0,0.0
2009-08-11 00:00:00-03:00,21.460338592529297,21.460338592529297,21.460338592529297,21.460338592529297,0,0.0,0.0
2009-08-12 00:00:00-03:00,21.460338592529297,21.460338592529297,21.460338592529297,21.460338592529297,0,0.0,0.0
2009-08-13 00:00:00-03:00,21.460338592529297,21.460338592529297,21.460338592529297,21.460338592529297,0,0.0,0.0
2009-08-14 00:00:00-03:00,21.460338592529297,21.460338592529297,21.460338592529297,21.460338592529297,0,0.0,0.0
2009-08-18 00:00:00-03:00,21.527063369750977,21.527063369750977,21.527063369750977,21.527063369750977,0,111.73594,0.0
2009-08-19 00:00:00-03:00,21.527063369750977,21.527063369750977,21.527063369750977,21.527063369750977,0,0.0,0.0
2009-08-20 00:00:00-03:00,21.527063369750977,21.527063369750977,21.527063369750977,21.527063369750977,0,0.0,0.0
2009-08-21 00:00:00-03:00,21.527063369750977,21.527063369750977,21.527063369750977,21.527063369750977,0,0.0,0.0
2009-08-24 00:00:00-03:00,21.527063369750977,21.527063369750977,21.527063369750977,21.527063369750977,0,0.0,0.0
2009-08-25 00:00:00-03:00,21.527063369750977,21.527063369750977,21.527063369750977,21.527063369750977,0,0.0,0.0
2009-08-26 00:00:00-03:00,21.527063369750977,21.527063369750977,21.527063369750977,21.527063369750977,0,0.0,0.0
2009-08-27 00:00:00-03:00,21.527063369750977,21.527063369750977,21.527063369750977,21.527063369750977,0,0.0,0.0
2009-08-28 00:00:00-03:00,21.527063369750977,21.527063369750977,21.527063369750977,21.527063369750977,0,0.0,0.0
2009-08-31 00:00:00-03:00,21.527063369750977,21.527063369750977,21.527063369750977,21.527063369750977,0,0.0,0.0
2009-09-01 00:00:00-03:00,21.527063369750977,21.527063369750977,21.527063369750977,21.527063369750977,0,0.0,0.0
2009-09-02 00:00:00-03:00,21.527063369750977,21.527063369750977,21.527063369750977,21.527063369750977,0,0.0,0.0
2009-09-03 00:00:00-03:00,21.527063369750977,21.527063369750977,21.527063369750977,21.527063369750977,0,0.0,0.0
2009-09-04 00:00:00-03:00,21.527063369750977,21.527063369750977,21.527063369750977,21.527063369750977,0,0.0,0.0
2009-09-07 00:00:00-03:00,21.527063369750977,21.527063369750977,21.527063369750977,21.527063369750977,0,0.0,0.0
2009-09-08 00:00:00-03:00,21.527063369750977,21.527063369750977,21.527063369750977,21.527063369750977,0,0.0,0.0
2009-09-09 00:00:00-03:00,21.527063369750977,21.527063369750977,21.527063369750977,21.527063369750977,0,0.0,0.0
2009-09-10 00:00:00-03:00,21.527063369750977,21.527063369750977,21.527063369750977,21.527063369750977,0,0.0,0.0
2009-09-11 00:00:00-03:00,21.527063369750977,21.527063369750977,21.527063369750977,21.527063369750977,0,0.0,0.0
2009-09-14 00:00:00-03:00,21.527063369750977,21.527063369750977,21.527063369750977,21.527063369750977,0,0.0,0.0
2009-09-15 00:00:00-03:00,21.527063369750977,21.527063369750977,21.527063369750977,21.527063369750977,0,0.0,0.0
2009-09-16 00:00:00-03:00,21.527063369750977,21.527063369750977,21.527063369750977,21.527063369750977,0,0.0,0.0
2009-09-17 00:00:00-03:00,21.527063369750977,21.527063369750977,21.527063369750977,21.527063369750977,0,0.0,0.0
2009-09-18 00:00:00-03:00,21.527063369750977,21.527063369750977,21.527063369750977,21.527063369750977,0,0.0,0.0
2009-09-21 00:00:00-03:00,21.527063369750977,21.527063369750977,21.527063369750977,21.527063369750977,0,0.0,0.0
2009-09-22 00:00:00-03:00,21.527063369750977,21.527063369750977,21.527063369750977,21.527063369750977,0,0.0,0.0
2009-09-23 00:00:00-03:00,21.527063369750977,21.527063369750977,21.527063369750977,21.527063369750977,0,0.0,0.0
2009-09-24 00:00:00-03:00,21.527063369750977,21.527063369750977,21.527063369750977,21.527063369750977,0,0.0,0.0
2009-09-25 00:00:00-03:00,21.527063369750977,21.527063369750977,21.527063369750977,21.527063369750977,0,0.0,0.0
2009-09-28 00:00:00-03:00,21.527063369750977,21.527063369750977,21.527063369750977,21.527063369750977,0,0.0,0.0
2009-09-29 00:00:00-03:00,21.527063369750977,21.527063369750977,21.527063369750977,21.527063369750977,0,0.0,0.0
2009-09-30 00:00:00-03:00,21.527063369750977,21.527063369750977,21.527063369750977,21.527063369750977,0,0.0,0.0
2009-10-01 00:00:00-03:00,21.527063369750977,21.527063369750977,21.527063369750977,21.527063369750977,0,0.0,0.0
2009-10-02 00:00:00-03:00,21.527063369750977,21.527063369750977,21.527063369750977,21.527063369750977,0,0.0,0.0
2009-10-05 00:00:00-03:00,21.527063369750977,21.527063369750977,21.527063369750977,21.527063369750977,0,0.0,0.0
2009-10-06 00:00:00-03:00,21.527063369750977,21.527063369750977,21.527063369750977,21.527063369750977,0,0.0,0.0
2009-10-07 00:00:00-03:00,21.527063369750977,21.527063369750977,21.527063369750977,21.527063369750977,0,0.0,0.0
2009-10-08 00:00:00-03:00,21.527063369750977,21.527063369750977,21.527063369750977,21.527063369750977,0,0.0,0.0
2009-10-09 00:00:00-03:00,21.527063369750977,21.527063369750977,21.527063369750977,21.527063369750977,0,0.0,0.0
2009-10-13 00:00:00-03:00,21.527063369750977,21.527063369750977,21.527063369750977,21.527063369750977,0,0.0,0.0
2009-10-14 00:00:00-03:00,21.527063369750977,21.527063369750977,21.527063369750977,21.527063369750977,0,0.0,0.0
2009-10-15 00:00:00-03:00,21.527063369750977,21.527063369750977,21.527063369750977,21.527063369750977,0,0.0,0.0
2009-10-16 00:00:00-03:00,21.527063369750977,21.527063369750977,21.527063369750977,21.527063369750977,0,0.0,0.0
2009-10-19 00:00:00-03:00,21.527063369750977,21.527063369750977,21.527063369750977,21.527063369750977,0,0.0,0.0
2009-10-20 00:00:00-03:00,21.527063369750977,21.527063369750977,21.527063369750977,21.527063369750977,0,0.0,0.0
2009-10-21 00:00:00-03:00,21.527063369750977,21.527063369750977,21.527063369750977,21.527063369750977,0,0.0,0.0
2009-10-22 00:00:00-03:00,21.527063369750977,21.527063369750977,21.527063369750977,21.527063369750977,0,0.0,0.0
2009-10-23 00:00:00-03:00,21.527063369750977,21.527063369750977,21.527063369750977,21.527063369750977,0,0.0,0.0
2009-10-26 00:00:00-03:00,21.527063369750977,21.527063369750977,21.527063369750977,21.527063369750977,0,0.0,0.0
2009-10-27 00:00:00-03:00,21.527063369750977,21.527063369750977,21.527063369750977,21.527063369750977,0,0.0,0.0
2009-10-28 00:00:00-03:00,21.527063369750977,21.527063369750977,21.527063369750977,21.527063369750977,0,0.0,0.0
2009-10-29 00:00:00-03:00,21.527063369750977,21.527063369750977,21.527063369750977,21.527063369750977,0,0.0,0.0
2009-10-30 00:00:00-03:00,21.527063369750977,21.527063369750977,21.527063369750977,21.527063369750977,0,0.0,0.0
2009-11-02 00:00:00-03:00,21.527063369750977,21.527063369750977,21.527063369750977,21.527063369750977,0,0.0,0.0
2009-11-03 00:00:00-03:00,21.527063369750977,21.527063369750977,21.527063369750977,21.527063369750977,0,0.0,0.0
2009-11-04 00:00:00-03:00,21.527063369750977,21.527063369750977,21.527063369750977,21.527063369750977,0,0.0,0.0
2009-11-05 00:00:00-03:00,21.527063369750977,21.527063369750977,21.527063369750977,21.527063369750977,0,0.0,0.0
2009-11-09 00:00:00-03:00,21.527063369750977,21.527063369750977,21.527063369750977,21.527063369750977,0,0.0,0.0
2009-11-10 00:00:00-03:00,21.527063369750977,21.527063369750977,21.527063369750977,21.527063369750977,0,0.0,0.0
2009-11-11 00:00:00-03:00,21.527063369750977,21.527063369750977,21.527063369750977,21.527063369750977,0,0.0,0.0
2009-11-12 00:00:00-03:00,21.527063369750977,21.527063369750977,21.527063369750977,21.527063369750977,0,0.0,0.0
2009-11-13 00:00:00-03:00,21.527063369750977,21.527063369750977,21.527063369750977,21.527063369750977,0,0.0,0.0
2009-11-16 00:00:00-03:00,21.527063369750977,21.527063369750977,21.527063369750977,21.527063369750977,0,0.0,0.0
2009-11-17 00:00:00-03:00,21.527063369750977,21.527063369750977,21.527063369750977,21.527063369750977,0,0.0,0.0
2009-11-18 00:00:00-03:00,21.5939884185791,21.5939884185791,21.5939884185791,21.5939884185791,0,111.73594,0.0
2009-11-19 00:00:00-03:00,21.5939884185791,21.5939884185791,21.5939884185791,21.5939884185791,0,0.0,0.0
2009-11-20 00:00:00-03:00,21.5939884185791,21.5939884185791,21.5939884185791,21.5939884185791,0,0.0,0.0
2009-11-23 00:00:00-03:00,21.5939884185791,21.5939884185791,21.5939884185791,21.5939884185791,0,0.0,0.0
2009-11-24 00:00:00-03:00,21.5939884185791,21.5939884185791,21.5939884185791,21.5939884185791,0,0.0,0.0
2009-11-25 00:00:00-03:00,21.5939884185791,21.5939884185791,21.5939884185791,21.5939884185791,0,0.0,0.0
2009-11-26 00:00:00-03:00,21.5939884185791,21.5939884185791,21.5939884185791,21.5939884185791,0,0.0,0.0
2009-11-27 00:00:00-03:00,21.5939884185791,21.5939884185791,21.5939884185791,21.5939884185791,0,0.0,0.0
2009-11-30 00:00:00-03:00,21.5939884185791,21.5939884185791,21.5939884185791,21.5939884185791,0,0.0,0.0
2009-12-01 00:00:00-03:00,21.5939884185791,21.5939884185791,21.5939884185791,21.5939884185791,0,0.0,0.0
2009-12-02 00:00:00-03:00,21.5939884185791,21.5939884185791,21.5939884185791,21.5939884185791,0,0.0,0.0
2009-12-03 00:00:00-03:00,21.5939884185791,21.5939884185791,21.5939884185791,21.5939884185791,0,0.0,0.0
2009-12-04 00:00:00-03:00,21.5939884185791,21.5939884185791,21.5939884185791,21.5939884185791,0,0.0,0.0
2009-12-07 00:00:00-03:00,21.5939884185791,21.5939884185791,21.5939884185791,21.5939884185791,0,0.0,0.0
2009-12-09 00:00:00-03:00,21.5939884185791,21.5939884185791,21.5939884185791,21.5939884185791,0,0.0,0.0
2009-12-10 00:00:00-03:00,21.5939884185791,21.5939884185791,21.5939884185791,21.5939884185791,0,0.0,0.0
2009-12-11 00:00:00-03:00,21.5939884185791,21.5939884185791,21.5939884185791,21.5939884185791,0,0.0,0.0
2009-12-14 00:00:00-03:00,21.5939884185791,21.5939884185791,21.5939884185791,21.5939884185791,0,0.0,0.0
2009-12-15 00:00:00-03:00,21.5939884185791,21.5939884185791,21.5939884185791,21.5939884185791,0,0.0,0.0
2009-12-16 00:00:00-03:00,21.5939884185791,21.5939884185791,21.5939884185791,21.5939884185791,0,0.0,0.0
2009-12-17 00:00:00-03:00,21.5939884185791,21.5939884185791,21.5939884185791,21.5939884185791,0,0.0,0.0
2009-12-18 00:00:00-03:00,21.5939884185791,21.5939884185791,21.5939884185791,21.5939884185791,0,0.0,0.0
2009-12-21 00:00:00-03:00,21.5939884185791,21.5939884185791,21.5939884185791,21.5939884185791,0,0.0,0.0
2009-12-22 00:00:00-03:00,21.5939884185791,21.5939884185791,21.5939884185791,21.5939884185791,0,0.0,0.0
2009-12-23 00:00:00-03:00,21.5939884185791,21.5939884185791,21.5939884185791,21.5939884185791,0,0.0,0.0
2009-12-24 00:00:00-03:00,21.5939884185791,21.5939884185791,21.5939884185791,21.5939884185791,0,0.0,0.0
2009-12-28 00:00:00-03:00,21.5939884185791,21.5939884185791,21.5939884185791,21.5939884185791,0,0.0,0.0
2009-12-29 00:00:00-03:00,21.5939884185791,21.5939884185791,21.5939884185791,21.5939884185791,0,0.0,0.0
2009-12-30 00:00:00-03:00,21.5939884185791,21.5939884185791,21.5939884185791,21.5939884185791,0,0.0,0.0
2009-12-31 00:00:00-03:00,21.5939884185791,21.5939884185791,21.5939884185791,21.5939884185791,0,0.0,0.0
2010-01-04 00:00:00-03:00,21.5939884185791,21.5939884185791,21.5939884185791,21.5939884185791,0,0.0,0.0
2010-01-05 00:00:00-03:00,21.5939884185791,21.5939884185791,21.5939884185791,21.5939884185791,0,0.0,0.0
2010-01-06 00:00:00-03:00,21.5939884185791,21.5939884185791,21.5939884185791,21.5939884185791,0,0.0,0.0
2010-01-07 00:00:00-03:00,21.5939884185791,21.5939884185791,21.5939884185791,21.5939884185791,0,0.0,0.0
2010-01-08 00:00:00-03:00,21.5939884185791,21.5939884185791,21.5939884185791,21.5939884185791,0,0.0,0.0
2010-01-11 00:00:00-03:00,21.5939884185791,21.5939884185791,21.5939884185791,21.5939884185791,0,0.0,0.0
2010-01-12 00:00:00-03:00,21.5939884185791,21.5939884185791,21.5939884185791,21.5939884185791,0,0.0,0.0
2010-01-13 00:00:00-03:00,21.5939884185791,21.5939884185791,21.5939884185791,21.5939884185791,0,0.0,0.0
2010-01-14 00:00:00-03:00,21.5939884185791,21.5939884185791,21.5939884185791,21.5939884185791,0,0.0,0.0
2010-01-15 00:00:00-03:00,21.5939884185791,21.5939884185791,21.5939884185791,21.5939884185791,0,0.0,0.0
2010-01-18 00:00:00-03:00,21.5939884185791,21.5939884185791,21.5939884185791,21.5939884185791,0,0.0,0.0
2010-01-19 00:00:00-03:00,21.5939884185791,21.5939884185791,21.5939884185791,21.5939884185791,0,0.0,0.0
2010-01-20 00:00:00-03:00,21.5939884185791,21.5939884185791,21.5939884185791,21.5939884185791,0,0.0,0.0
2010-01-21 00:00:00-03:00,21.5939884185791,21.5939884185791,21.5939884185791,21.5939884185791,0,0.0,0.0
2010-01-22 00:00:00-03:00,21.5939884185791,21.5939884185791,21.5939884185791,21.5939884185791,0,0.0,0.0
2010-01-25 00:00:00-03:00,21.5939884185791,21.5939884185791,21.5939884185791,21.5939884185791,0,0.0,0.0
2010-01-26 00:00:00-03:00,21.5939884185791,21.5939884185791,21.5939884185791,21.5939884185791,0,0.0,0.0
2010-01-27 00:00:00-03:00,21.5939884185791,21.5939884185791,21.5939884185791,21.5939884185791,0,0.0,0.0
2010-01-28 00:00:00-03:00,21.5939884185791,21.5939884185791,21.5939884185791,21.5939884185791,0,0.0,0.0
2010-01-29 00:00:00-03:00,21.5939884185791,21.5939884185791,21.5939884185791,21.5939884185791,0,0.0,0.0
2010-02-01 00:00:00-03:00,21.5939884185791,21.5939884185791,21.5939884185791,21.5939884185791,0,0.0,0.0
2010-02-02 00:00:00-03:00,21.5939884185791,21.5939884185791,21.5939884185791,21.5939884185791,0,0.0,0.0
2010-02-03 00:00:00-03:00,21.5939884185791,21.5939884185791,21.5939884185791,21.5939884185791,0,0.0,0.0
2010-02-04 00:00:00-03:00,21.5939884185791,21.5939884185791,21.5939884185791,21.5939884185791,0,0.0,0.0
2010-02-05 00:00:00-03:00,21.5939884185791,21.5939884185791,21.5939884185791,21.5939884185791,0,0.0,0.0
2010-02-08 00:00:00-03:00,21.5939884185791,21.5939884185791,21.5939884185791,21.5939884185791,0,0.0,0.0
2010-02-09 00:00:00-03:00,21.5939884185791,21.5939884185791,21.5939884185791,21.5939884185791,0,0.0,0.0
2010-02-10 00:00:00-03:00,21.5939884185791,21.5939884185791,21.5939884185791,21.5939884185791,0,0.0,0.0
2010-02-11 00:00:00-03:00,21.5939884185791,21.5939884185791,21.5939884185791,21.5939884185791,0,0.0,0.0
2010-02-12 00:00:00-03:00,21.5939884185791,21.5939884185791,21.5939884185791,21.5939884185791,0,0.0,0.0
2010-02-17 00:00:00-03:00,21.66112518310547,21.66112518310547,21.66112518310547,21.66112518310547,0,111.73594,0.0
2010-02-18 00:00:00-03:00,21.66112518310547,21.66112518310547,21.66112518310547,21.66112518310547,0,0.0,0.0
2010-02-19 00:00:00-03:00,21.66112518310547,21.66112518310547,21.66112518310547,21.66112518310547,0,0.0,0.0
2010-02-22 00:00:00-03:00,21.66112518310547,21.66112518310547,21.66112518310547,21.66112518310547,0,0.0,0.0
2010-02-23 00:00:00-03:00,21.66112518310547,21.66112518310547,21.66112518310547,21.66112518310547,0,0.0,0.0
2010-02-24 00:00:00-03:00,21.66112518310547,21.66112518310547,21.66112518310547,21.66112518310547,0,0.0,0.0
2010-02-25 00:00:00-03:00,21.66112518310547,21.66112518310547,21.66112518310547,21.66112518310547,0,0.0,0.0
2010-02-26 00:00:00-03:00,21.66112518310547,21.66112518310547,21.66112518310547,21.66112518310547,0,0.0,0.0
2010-03-01 00:00:00-03:00,21.66112518310547,21.66112518310547,21.66112518310547,21.66112518310547,0,0.0,0.0
2010-03-02 00:00:00-03:00,21.66112518310547,21.66112518310547,21.66112518310547,21.66112518310547,0,0.0,0.0
2010-03-03 00:00:00-03:00,21.66112518310547,21.66112518310547,21.66112518310547,21.66112518310547,0,0.0,0.0
2010-03-04 00:00:00-03:00,21.66112518310547,21.66112518310547,21.66112518310547,21.66112518310547,0,0.0,0.0
2010-03-05 00:00:00-03:00,21.66112518310547,21.66112518310547,21.66112518310547,21.66112518310547,0,0.0,0.0
2010-03-08 00:00:00-03:00,21.66112518310547,21.66112518310547,21.66112518310547,21.66112518310547,0,0.0,0.0
2010-03-09 00:00:00-03:00,21.66112518310547,21.66112518310547,21.66112518310547,21.66112518310547,0,0.0,0.0
2010-03-10 00:00:00-03:00,21.66112518310547,21.66112518310547,21.66112518310547,21.66112518310547,0,0.0,0.0
2010-03-11 00:00:00-03:00,21.66112518310547,21.66112518310547,21.66112518310547,21.66112518310547,0,0.0,0.0
2010-03-12 00:00:00-03:00,21.66112518310547,21.66112518310547,21.66112518310547,21.66112518310547,0,0.0,0.0
2010-03-15 00:00:00-03:00,21.66112518310547,21.66112518310547,21.66112518310547,21.66112518310547,0,0.0,0.0
2010-03-16 00:00:00-03:00,21.66112518310547,21.66112518310547,21.66112518310547,21.66112518310547,0,0.0,0.0
2010-03-17 00:00:00-03:00,21.66112518310547,21.66112518310547,21.66112518310547,21.66112518310547,0,0.0,0.0
2010-03-18 00:00:00-03:00,21.66112518310547,21.66112518310547,21.66112518310547,21.66112518310547,0,0.0,0.0
2010-03-19 00:00:00-03:00,21.66112518310547,21.66112518310547,21.66112518310547,21.66112518310547,0,0.0,0.0
2010-03-22 00:00:00-03:00,21.66112518310547,21.66112518310547,21.66112518310547,21.66112518310547,0,0.0,0.0
2010-03-23 00:00:00-03:00,21.66112518310547,21.66112518310547,21.66112518310547,21.66112518310547,0,0.0,0.0
2010-03-25 00:00:00-03:00,21.66112518310547,21.66112518310547,21.66112518310547,21.66112518310547,0,0.0,0.0
2010-03-26 00:00:00-03:00,21.66112518310547,21.66112518310547,21.66112518310547,21.66112518310547,0,0.0,0.0
2010-03-29 00:00:00-03:00,21.66112518310547,21.66112518310547,21.66112518310547,21.66112518310547,0,0.0,0.0
2010-03-30 00:00:00-03:00,21.66112518310547,21.66112518310547,21.66112518310547,21.66112518310547,0,0.0,0.0
2010-03-31 00:00:00-03:00,21.66112518310547,21.66112518310547,21.66112518310547,21.66112518310547,0,0.0,0.0
2010-04-05 00:00:00-03:00,21.66112518310547,21.66112518310547,21.66112518310547,21.66112518310547,0,0.0,0.0
2010-04-06 00:00:00-03:00,21.66112518310547,21.66112518310547,21.66112518310547,21.66112518310547,0,0.0,0.0
2010-04-07 00:00:00-03:00,21.66112518310547,21.66112518310547,21.66112518310547,21.66112518310547,0,0.0,0.0
2010-04-08 00:00:00-03:00,21.66112518310547,21.66112518310547,21.66112518310547,21.66112518310547,0,0.0,0.0
2010-04-09 00:00:00-03:00,21.66112518310547,21.66112518310547,21.66112518310547,21.66112518310547,0,0.0,0.0
2010-04-12 00:00:00-03:00,21.66112518310547,21.66112518310547,21.66112518310547,21.66112518310547,0,0.0,0.0
2010-04-13 00:00:00-03:00,21.66112518310547,21.66112518310547,21.66112518310547,21.66112518310547,0,0.0,0.0
2010-04-14 00:00:00-03:00,21.66112518310547,21.66112518310547,21.66112518310547,21.66112518310547,0,0.0,0.0
2010-04-15 00:00:00-03:00,21.66112518310547,21.66112518310547,21.66112518310547,21.66112518310547,0,0.0,0.0
2010-04-16 00:00:00-03:00,21.66112518310547,21.66112518310547,21.66112518310547,21.66112518310547,0,0.0,0.0
2010-04-19 00:00:00-03:00,21.66112518310547,21.66112518310547,21.66112518310547,21.66112518310547,0,0.0,0.0
2010-04-20 00:00:00-03:00,21.66112518310547,21.66112518310547,21.66112518310547,21.66112518310547,0,0.0,0.0
2010-04-21 00:00:00-03:00,21.66112518310547,21.66112518310547,21.66112518310547,21.66112518310547,0,0.0,0.0
2010-04-22 00:00:00-03:00,21.66112518310547,21.66112518310547,21.66112518310547,21.66112518310547,0,0.0,0.0
2010-04-23 00:00:00-03:00,21.66112518310547,21.66112518310547,21.66112518310547,21.66112518310547,0,0.0,0.0
2010-04-26 00:00:00-03:00,21.66112518310547,21.66112518310547,21.66112518310547,21.66112518310547,0,0.0,0.0
2010-04-27 00:00:00-03:00,21.66112518310547,21.66112518310547,21.66112518310547,21.66112518310547,0,0.0,0.0
2010-04-28 00:00:00-03:00,21.66112518310547,21.66112518310547,21.66112518310547,21.66112518310547,0,0.0,0.0
2010-04-29 00:00:00-03:00,21.66112518310547,21.66112518310547,21.66112518310547,21.66112518310547,0,0.0,0.0
2010-04-30 00:00:00-03:00,21.66112518310547,21.66112518310547,21.66112518310547,21.66112518310547,0,0.0,0.0
2010-05-04 00:00:00-03:00,21.66112518310547,21.66112518310547,21.66112518310547,21.66112518310547,0,0.0,0.0
2010-05-05 00:00:00-03:00,21.66112518310547,21.66112518310547,21.66112518310547,21.66112518310547,0,0.0,0.0
2010-05-06 00:00:00-03:00,21.66112518310547,21.66112518310547,21.66112518310547,21.66112518310547,0,0.0,0.0
2010-05-07 00:00:00-03:00,21.66112518310547,21.66112518310547,21.66112518310547,21.66112518310547,0,0.0,0.0
2010-05-10 00:00:00-03:00,21.66112518310547,21.66112518310547,21.66112518310547,21.66112518310547,0,0.0,0.0
2010-05-11 00:00:00-03:00,21.66112518310547,21.66112518310547,21.66112518310547,21.66112518310547,0,0.0,0.0
2010-05-12 00:00:00-03:00,21.66112518310547,21.66112518310547,21.66112518310547,21.66112518310547,0,0.0,0.0
2010-05-13 00:00:00-03:00,21.66112518310547,21.66112518310547,21.66112518310547,21.66112518310547,0,0.0,0.0
2010-05-14 00:00:00-03:00,21.66112518310547,21.66112518310547,21.66112518310547,21.66112518310547,0,0.0,0.0
2010-05-17 00:00:00-03:00,21.66112518310547,21.66112518310547,21.66112518310547,21.66112518310547,0,0.0,0.0
2010-05-18 00:00:00-03:00,21.72847557067871,21.72847557067871,21.72847557067871,21.72847557067871,0,111.73594,0.0
2010-05-19 00:00:00-03:00,21.72847557067871,21.72847557067871,21.72847557067871,21.72847557067871,0,0.0,0.0
2010-05-20 00:00:00-03:00,21.72847557067871,21.72847557067871,21.72847557067871,21.72847557067871,0,0.0,0.0
2010-05-21 00:00:00-03:00,21.72847557067871,21.72847557067871,21.72847557067871,21.72847557067871,0,0.0,0.0
2010-05-24 00:00:00-03:00,21.72847557067871,21.72847557067871,21.72847557067871,21.72847557067871,0,0.0,0.0
2010-05-26 00:00:00-03:00,21.72847557067871,21.72847557067871,21.72847557067871,21.72847557067871,0,0.0,0.0
2010-05-27 00:00:00-03:00,21.72847557067871,21.72847557067871,21.72847557067871,21.72847557067871,0,0.0,0.0
2010-05-28 00:00:00-03:00,21.72847557067871,21.72847557067871,21.72847557067871,21.72847557067871,0,0.0,0.0
2010-05-31 00:00:00-03:00,21.72847557067871,21.72847557067871,21.72847557067871,21.72847557067871,0,0.0,0.0
2010-06-01 00:00:00-03:00,21.72847557067871,21.72847557067871,21.72847557067871,21.72847557067871,0,0.0,0.0
2010-06-02 00:00:00-03:00,21.72847557067871,21.72847557067871,21.72847557067871,21.72847557067871,0,0.0,0.0
2010-06-03 00:00:00-03:00,21.72847557067871,21.72847557067871,21.72847557067871,21.72847557067871,0,0.0,0.0
2010-06-04 00:00:00-03:00,21.72847557067871,21.72847557067871,21.72847557067871,21.72847557067871,0,0.0,0.0
2010-06-07 00:00:00-03:00,21.72847557067871,21.72847557067871,21.72847557067871,21.72847557067871,0,0.0,0.0
2010-06-08 00:00:00-03:00,21.72847557067871,21.72847557067871,21.72847557067871,21.72847557067871,0,0.0,0.0
2010-06-09 00:00:00-03:00,21.72847557067871,21.72847557067871,21.72847557067871,21.72847557067871,0,0.0,0.0
2010-06-10 00:00:00-03:00,21.72847557067871,21.72847557067871,21.72847557067871,21.72847557067871,0,0.0,0.0
2010-06-11 00:00:00-03:00,21.72847557067871,21.72847557067871,21.72847557067871,21.72847557067871,0,0.0,0.0
2010-06-14 00:00:00-03:00,21.72847557067871,21.72847557067871,21.72847557067871,21.72847557067871,0,0.0,0.0
2010-06-15 00:00:00-03:00,21.72847557067871,21.72847557067871,21.72847557067871,21.72847557067871,0,0.0,0.0
2010-06-16 00:00:00-03:00,21.72847557067871,21.72847557067871,21.72847557067871,21.72847557067871,0,0.0,0.0
2010-06-17 00:00:00-03:00,21.72847557067871,21.72847557067871,21.72847557067871,21.72847557067871,0,0.0,0.0
2010-06-18 00:00:00-03:00,21.72847557067871,21.72847557067871,21.72847557067871,21.72847557067871,0,0.0,0.0
2010-06-22 00:00:00-03:00,21.72847557067871,21.72847557067871,21.72847557067871,21.72847557067871,0,0.0,0.0
2010-06-23 00:00:00-03:00,21.72847557067871,21.72847557067871,21.72847557067871,21.72847557067871,0,0.0,0.0
2010-06-24 00:00:00-03:00,21.72847557067871,21.72847557067871,21.72847557067871,21.72847557067871,0,0.0,0.0
2010-06-25 00:00:00-03:00,21.72847557067871,21.72847557067871,21.72847557067871,21.72847557067871,0,0.0,0.0
2010-06-28 00:00:00-03:00,21.72847557067871,21.72847557067871,21.72847557067871,21.72847557067871,0,0.0,0.0
2010-06-29 00:00:00-03:00,21.72847557067871,21.72847557067871,21.72847557067871,21.72847557067871,0,0.0,0.0
2010-06-30 00:00:00-03:00,21.72847557067871,21.72847557067871,21.72847557067871,21.72847557067871,0,0.0,0.0
2010-07-01 00:00:00-03:00,21.72847557067871,21.72847557067871,21.72847557067871,21.72847557067871,0,0.0,0.0
2010-07-02 00:00:00-03:00,21.72847557067871,21.72847557067871,21.72847557067871,21.72847557067871,0,0.0,0.0
2010-07-05 00:00:00-03:00,21.72847557067871,21.72847557067871,21.72847557067871,21.72847557067871,0,0.0,0.0
2010-07-06 00:00:00-03:00,21.72847557067871,21.72847557067871,21.72847557067871,21.72847557067871,0,0.0,0.0
2010-07-07 00:00:00-03:00,21.72847557067871,21.72847557067871,21.72847557067871,21.72847557067871,0,0.0,0.0
2010-07-08 00:00:00-03:00,21.72847557067871,21.72847557067871,21.72847557067871,21.72847557067871,0,0.0,0.0
2010-07-12 00:00:00-03:00,21.72847557067871,21.72847557067871,21.72847557067871,21.72847557067871,0,0.0,0.0
2010-07-13 00:00:00-03:00,21.72847557067871,21.72847557067871,21.72847557067871,21.72847557067871,0,0.0,0.0
2010-07-14 00:00:00-03:00,21.72847557067871,21.72847557067871,21.72847557067871,21.72847557067871,0,0.0,0.0
2010-07-15 00:00:00-03:00,21.72847557067871,21.72847557067871,21.72847557067871,21.72847557067871,0,0.0,0.0
2010-07-16 00:00:00-03:00,21.72847557067871,21.72847557067871,21.72847557067871,21.72847557067871,0,0.0,0.0
2010-07-19 00:00:00-03:00,21.72847557067871,21.72847557067871,21.72847557067871,21.72847557067871,0,0.0,0.0
2010-07-20 00:00:00-03:00,21.72847557067871,21.72847557067871,21.72847557067871,21.72847557067871,0,0.0,0.0
2010-07-21 00:00:00-03:00,21.72847557067871,21.72847557067871,21.72847557067871,21.72847557067871,0,0.0,0.0
2010-07-22 00:00:00-03:00,21.72847557067871,21.72847557067871,21.72847557067871,21.72847557067871,0,0.0,0.0
2010-07-23 00:00:00-03:00,21.72847557067871,21.72847557067871,21.72847557067871,21.72847557067871,0,0.0,0.0
2010-07-26 00:00:00-03:00,21.72847557067871,21.72847557067871,21.72847557067871,21.72847557067871,0,0.0,0.0
2010-07-27 00:00:00-03:00,21.72847557067871,21.72847557067871,21.72847557067871,21.72847557067871,0,0.0,0.0
2010-07-28 00:00:00-03:00,21.72847557067871,21.72847557067871,21.72847557067871,21.72847557067871,0,0.0,0.0
2010-07-29 00:00:00-03:00,21.72847557067871,21.72847557067871,21.72847557067871,21.72847557067871,0,0.0,0.0
2010-07-30 00:00:00-03:00,21.72847557067871,21.72847557067871,21.72847557067871,21.72847557067871,0,0.0,0.0
2010-08-02 00:00:00-03:00,21.72847557067871,21.72847557067871,21.72847557067871,21.72847557067871,0,0.0,0.0
2010-08-03 00:00:00-03:00,21.72847557067871,21.72847557067871,21.72847557067871,21.72847557067871,0,0.0,0.0
2010-08-04 00:00:00-03:00,21.72847557067871,21.72847557067871,21.72847557067871,21.72847557067871,0,0.0,0.0
2010-08-05 00:00:00-03:00,21.72847557067871,21.72847557067871,21.72847557067871,21.72847557067871,0,0.0,0.0
2010-08-06 00:00:00-03:00,21.72847557067871,21.72847557067871,21.72847557067871,21.72847557067871,0,0.0,0.0
2010-08-09 00:00:00-03:00,21.72847557067871,21.72847557067871,21.72847557067871,21.72847557067871,0,0.0,0.0
2010-08-10 00:00:00-03:00,21.72847557067871,21.72847557067871,21.72847557067871,21.72847557067871,0,0.0,0.0
2010-08-11 00:00:00-03:00,21.72847557067871,21.72847557067871,21.72847557067871,21.72847557067871,0,0.0,0.0
2010-08-12 00:00:00-03:00,21.72847557067871,21.72847557067871,21.72847557067871,21.72847557067871,0,0.0,0.0
2010-08-13 00:00:00-03:00,21.72847557067871,21.72847557067871,21.72847557067871,21.72847557067871,0,0.0,0.0
2010-08-18 00:00:00-03:00,21.79602813720703,21.79602813720703,21.79602813720703,21.79602813720703,0,111.73594,0.0
2010-08-19 00:00:00-03:00,21.79602813720703,21.79602813720703,21.79602813720703,21.79602813720703,0,0.0,0.0
2010-08-20 00:00:00-03:00,21.79602813720703,21.79602813720703,21.79602813720703,21.79602813720703,0,0.0,0.0
2010-08-23 00:00:00-03:00,21.79602813720703,21.79602813720703,21.79602813720703,21.79602813720703,0,0.0,0.0
2010-08-24 00:00:00-03:00,21.79602813720703,21.79602813720703,21.79602813720703,21.79602813720703,0,0.0,0.0
2010-08-25 00:00:00-03:00,21.79602813720703,21.79602813720703,21.79602813720703,21.79602813720703,0,0.0,0.0
2010-08-26 00:00:00-03:00,21.79602813720703,21.79602813720703,21.79602813720703,21.79602813720703,0,0.0,0.0
2010-08-27 00:00:00-03:00,21.79602813720703,21.79602813720703,21.79602813720703,21.79602813720703,0,0.0,0.0
2010-08-30 00:00:00-03:00,21.79602813720703,21.79602813720703,21.79602813720703,21.79602813720703,0,0.0,0.0
2010-08-31 00:00:00-03:00,21.79602813720703,21.79602813720703,21.79602813720703,21.79602813720703,0,0.0,0.0
2010-09-01 00:00:00-03:00,21.79602813720703,21.79602813720703,21.79602813720703,21.79602813720703,0,0.0,0.0
2010-09-02 00:00:00-03:00,21.79602813720703,21.79602813720703,21.79602813720703,21.79602813720703,0,0.0,0.0
2010-09-03 00:00:00-03:00,21.79602813720703,21.79602813720703,21.79602813720703,21.79602813720703,0,0.0,0.0
2010-09-06 00:00:00-03:00,21.79602813720703,21.79602813720703,21.79602813720703,21.79602813720703,0,0.0,0.0
2010-09-07 00:00:00-03:00,21.79602813720703,21.79602813720703,21.79602813720703,21.79602813720703,0,0.0,0.0
2010-09-08 00:00:00-03:00,21.79602813720703,21.79602813720703,21.79602813720703,21.79602813720703,0,0.0,0.0
2010-09-09 00:00:00-03:00,21.79602813720703,21.79602813720703,21.79602813720703,21.79602813720703,0,0.0,0.0
2010-09-10 00:00:00-03:00,21.79602813720703,21.79602813720703,21.79602813720703,21.79602813720703,0,0.0,0.0
2010-09-13 00:00:00-03:00,21.79602813720703,21.79602813720703,21.79602813720703,21.79602813720703,0,0.0,0.0
2010-09-14 00:00:00-03:00,21.79602813720703,21.79602813720703,21.79602813720703,21.79602813720703,0,0.0,0.0
2010-09-15 00:00:00-03:00,21.79602813720703,21.79602813720703,21.79602813720703,21.79602813720703,0,0.0,0.0
2010-09-16 00:00:00-03:00,21.79602813720703,21.79602813720703,21.79602813720703,21.79602813720703,0,0.0,0.0
2010-09-17 00:00:00-03:00,21.79602813720703,21.79602813720703,21.79602813720703,21.79602813720703,0,0.0,0.0
2010-09-20 00:00:00-03:00,21.79602813720703,21.79602813720703,21.79602813720703,21.79602813720703,0,0.0,0.0
2010-09-21 00:00:00-03:00,21.79602813720703,21.79602813720703,21.79602813720703,21.79602813720703,0,0.0,0.0
2010-09-22 00:00:00-03:00,21.79602813720703,21.79602813720703,21.79602813720703,21.79602813720703,0,0.0,0.0
2010-09-23 00:00:00-03:00,21.79602813720703,21.79602813720703,21.79602813720703,21.79602813720703,0,0.0,0.0
2010-09-24 00:00:00-03:00,21.79602813720703,21.79602813720703,21.79602813720703,21.79602813720703,0,0.0,0.0
2010-09-27 00:00:00-03:00,21.79602813720703,21.79602813720703,21.79602813720703,21.79602813720703,0,0.0,0.0
2010-09-28 00:00:00-03:00,21.79602813720703,21.79602813720703,21.79602813720703,21.79602813720703,0,0.0,0.0
2010-09-29 00:00:00-03:00,21.79602813720703,21.79602813720703,21.79602813720703,21.79602813720703,0,0.0,0.0
2010-09-30 00:00:00-03:00,21.79602813720703,21.79602813720703,21.79602813720703,21.79602813720703,0,0.0,0.0
2010-10-01 00:00:00-03:00,21.79602813720703,21.79602813720703,21.79602813720703,21.79602813720703,0,0.0,0.0
2010-10-04 00:00:00-03:00,21.79602813720703,21.79602813720703,21.79602813720703,21.79602813720703,0,0.0,0.0
2010-10-05 00:00:00-03:00,21.79602813720703,21.79602813720703,21.79602813720703,21.79602813720703,0,0.0,0.0
2010-10-06 00:00:00-03:00,21.79602813720703,21.79602813720703,21.79602813720703,21.79602813720703,0,0.0,0.0
2010-10-07 00:00:00-03:00,21.79602813720703,21.79602813720703,21.79602813720703,21.79602813720703,0,0.0,0.0
2010-10-08 00:00:00-03:00,21.79602813720703,21.79602813720703,21.79602813720703,21.79602813720703,0,0.0,0.0
2010-10-12 00:00:00-03:00,21.79602813720703,21.79602813720703,21.79602813720703,21.79602813720703,0,0.0,0.0
2010-10-13 00:00:00-03:00,21.79602813720703,21.79602813720703,21.79602813720703,21.79602813720703,0,0.0,0.0
2010-10-14 00:00:00-03:00,21.79602813720703,21.79602813720703,21.79602813720703,21.79602813720703,0,0.0,0.0
2010-10-15 00:00:00-03:00,21.79602813720703,21.79602813720703,21.79602813720703,21.79602813720703,0,0.0,0.0
2010-10-18 00:00:00-03:00,21.79602813720703,21.79602813720703,21.79602813720703,21.79602813720703,0,0.0,0.0
2010-10-19 00:00:00-03:00,21.79602813720703,21.79602813720703,21.79602813720703,21.79602813720703,0,0.0,0.0
2010-10-20 00:00:00-03:00,21.79602813720703,21.79602813720703,21.79602813720703,21.79602813720703,0,0.0,0.0
2010-10-21 00:00:00-03:00,21.79602813720703,21.79602813720703,21.79602813720703,21.79602813720703,0,0.0,0.0
2010-10-22 00:00:00-03:00,21.79602813720703,21.79602813720703,21.79602813720703,21.79602813720703,0,0.0,0.0
2010-10-25 00:00:00-03:00,21.79602813720703,21.79602813720703,21.79602813720703,21.79602813720703,0,0.0,0.0
2010-10-26 00:00:00-03:00,21.79602813720703,21.79602813720703,21.79602813720703,21.79602813720703,0,0.0,0.0
2010-10-27 00:00:00-03:00,21.79602813720703,21.79602813720703,21.79602813720703,21.79602813720703,0,0.0,0.0
2010-10-28 00:00:00-03:00,21.79602813720703,21.79602813720703,21.79602813720703,21.79602813720703,0,0.0,0.0
2010-10-29 00:00:00-03:00,21.79602813720703,21.79602813720703,21.79602813720703,21.79602813720703,0,0.0,0.0
2010-11-01 00:00:00-03:00,21.79602813720703,21.79602813720703,21.79602813720703,21.79602813720703,0,0.0,0.0
2010-11-02 00:00:00-03:00,21.79602813720703,21.79602813720703,21.79602813720703,21.79602813720703,0,0.0,0.0
2010-11-03 00:00:00-03:00,21.79602813720703,21.79602813720703,21.79602813720703,21.79602813720703,0,0.0,0.0
2010-11-04 00:00:00-03:00,21.79602813720703,21.79602813720703,21.79602813720703,21.79602813720703,0,0.0,0.0
2010-11-05 00:00:00-03:00,21.79602813720703,21.79602813720703,21.79602813720703,21.79602813720703,0,0.0,0.0
2010-11-08 00:00:00-03:00,21.79602813720703,21.79602813720703,21.79602813720703,21.79602813720703,0,0.0,0.0
2010-11-09 00:00:00-03:00,21.79602813720703,21.79602813720703,21.79602813720703,21.79602813720703,0,0.0,0.0
2010-11-10 00:00:00-03:00,21.79602813720703,21.79602813720703,21.79602813720703,21.79602813720703,0,0.0,0.0
2010-11-11 00:00:00-03:00,21.79602813720703,21.79602813720703,21.79602813720703,21.79602813720703,0,0.0,0.0
2010-11-12 00:00:00-03:00,21.79602813720703,21.79602813720703,21.79602813720703,21.79602813720703,0,0.0,0.0
2010-11-15 00:00:00-03:00,21.79602813720703,21.79602813720703,21.79602813720703,21.79602813720703,0,0.0,0.0
2010-11-16 00:00:00-03:00,21.79602813720703,21.79602813720703,21.79602813720703,21.79602813720703,0,0.0,0.0
2010-11-17 00:00:00-03:00,21.86379051208496,21.86379051208496,21.86379051208496,21.86379051208496,0,111.73594,0.0
2010-11-18 00:00:00-03:00,21.86379051208496,21.86379051208496,21.86379051208496,21.86379051208496,0,0.0,0.0
2010-11-19 00:00:00-03:00,21.86379051208496,21.86379051208496,21.86379051208496,21.86379051208496,0,0.0,0.0
2010-11-22 00:00:00-03:00,21.86379051208496,21.86379051208496,21.86379051208496,21.86379051208496,0,0.0,0.0
2010-11-23 00:00:00-03:00,21.86379051208496,21.86379051208496,21.86379051208496,21.86379051208496,0,0.0,0.0
2010-11-24 00:00:00-03:00,21.86379051208496,21.86379051208496,21.86379051208496,21.86379051208496,0,0.0,0.0
2010-11-25 00:00:00-03:00,21.86379051208496,21.86379051208496,21.86379051208496,21.86379051208496,0,0.0,0.0
2010-11-26 00:00:00-03:00,21.86379051208496,21.86379051208496,21.86379051208496,21.86379051208496,0,0.0,0.0
2010-11-29 00:00:00-03:00,21.86379051208496,21.86379051208496,21.86379051208496,21.86379051208496,0,0.0,0.0
2010-11-30 00:00:00-03:00,21.86379051208496,21.86379051208496,21.86379051208496,21.86379051208496,0,0.0,0.0
2010-12-01 00:00:00-03:00,21.86379051208496,21.86379051208496,21.86379051208496,21.86379051208496,0,0.0,0.0
2010-12-02 00:00:00-03:00,21.86379051208496,21.86379051208496,21.86379051208496,21.86379051208496,0,0.0,0.0
2010-12-03 00:00:00-03:00,21.86379051208496,21.86379051208496,21.86379051208496,21.86379051208496,0,0.0,0.0
2010-12-06 00:00:00-03:00,21.86379051208496,21.86379051208496,21.86379051208496,21.86379051208496,0,0.0,0.0
2010-12-07 00:00:00-03:00,21.86379051208496,21.86379051208496,21.86379051208496,21.86379051208496,0,0.0,0.0
2010-12-09 00:00:00-03:00,21.86379051208496,21.86379051208496,21.86379051208496,21.86379051208496,0,0.0,0.0
2010-12-10 00:00:00-03:00,21.86379051208496,21.86379051208496,21.86379051208496,21.86379051208496,0,0.0,0.0
2010-12-13 00:00:00-03:00,21.86379051208496,21.86379051208496,21.86379051208496,21.86379051208496,0,0.0,0.0
2010-12-14 00:00:00-03:00,21.86379051208496,21.86379051208496,21.86379051208496,21.86379051208496,0,0.0,0.0
2010-12-15 00:00:00-03:00,21.86379051208496,21.86379051208496,21.86379051208496,21.86379051208496,0,0.0,0.0
2010-12-16 00:00:00-03:00,21.86379051208496,21.86379051208496,21.86379051208496,21.86379051208496,0,0.0,0.0
2010-12-17 00:00:00-03:00,21.86379051208496,21.86379051208496,21.86379051208496,21.86379051208496,0,0.0,0.0
2010-12-20 00:00:00-03:00,21.86379051208496,21.86379051208496,21.86379051208496,21.86379051208496,0,0.0,0.0
2010-12-21 00:00:00-03:00,21.86379051208496,21.86379051208496,21.86379051208496,21.86379051208496,0,0.0,0.0
2010-12-22 00:00:00-03:00,21.86379051208496,21.86379051208496,21.86379051208496,21.86379051208496,0,0.0,0.0
2010-12-23 00:00:00-03:00,21.86379051208496,21.86379051208496,21.86379051208496,21.86379051208496,0,0.0,0.0
2010-12-27 00:00:00-03:00,21.86379051208496,21.86379051208496,21.86379051208496,21.86379051208496,0,0.0,0.0
2010-12-28 00:00:00-03:00,21.86379051208496,21.86379051208496,21.86379051208496,21.86379051208496,0,0.0,0.0
2010-12-29 00:00:00-03:00,21.86379051208496,21.86379051208496,21.86379051208496,21.86379051208496,0,0.0,0.0
2010-12-30 00:00:00-03:00,21.86379051208496,21.86379051208496,21.86379051208496,21.86379051208496,0,0.0,0.0
2011-01-03 00:00:00-03:00,21.86379051208496,21.86379051208496,21.86379051208496,21.86379051208496,0,0.0,0.0
2011-01-04 00:00:00-03:00,21.86379051208496,21.86379051208496,21.86379051208496,21.86379051208496,0,0.0,0.0
2011-01-05 00:00:00-03:00,21.86379051208496,21.86379051208496,21.86379051208496,21.86379051208496,0,0.0,0.0
2011-01-06 00:00:00-03:00,21.86379051208496,21.86379051208496,21.86379051208496,21.86379051208496,0,0.0,0.0
2011-01-07 00:00:00-03:00,21.86379051208496,21.86379051208496,21.86379051208496,21.86379051208496,0,0.0,0.0
2011-01-10 00:00:00-03:00,21.86379051208496,21.86379051208496,21.86379051208496,21.86379051208496,0,0.0,0.0
2011-01-11 00:00:00-03:00,21.86379051208496,21.86379051208496,21.86379051208496,21.86379051208496,0,0.0,0.0
2011-01-12 00:00:00-03:00,21.86379051208496,21.86379051208496,21.86379051208496,21.86379051208496,0,0.0,0.0
2011-01-13 00:00:00-03:00,21.86379051208496,21.86379051208496,21.86379051208496,21.86379051208496,0,0.0,0.0
2011-01-14 00:00:00-03:00,21.86379051208496,21.86379051208496,21.86379051208496,21.86379051208496,0,0.0,0.0
2011-01-17 00:00:00-03:00,21.86379051208496,21.86379051208496,21.86379051208496,21.86379051208496,0,0.0,0.0
2011-01-18 00:00:00-03:00,21.86379051208496,21.86379051208496,21.86379051208496,21.86379051208496,0,0.0,0.0
2011-01-19 00:00:00-03:00,21.86379051208496,21.86379051208496,21.86379051208496,21.86379051208496,0,0.0,0.0
2011-01-20 00:00:00-03:00,21.86379051208496,21.86379051208496,21.86379051208496,21.86379051208496,0,0.0,0.0
2011-01-21 00:00:00-03:00,21.86379051208496,21.86379051208496,21.86379051208496,21.86379051208496,0,0.0,0.0
2011-01-24 00:00:00-03:00,21.86379051208496,21.86379051208496,21.86379051208496,21.86379051208496,0,0.0,0.0
2011-01-25 00:00:00-03:00,21.86379051208496,21.86379051208496,21.86379051208496,21.86379051208496,0,0.0,0.0
2011-01-26 00:00:00-03:00,21.86379051208496,21.86379051208496,21.86379051208496,21.86379051208496,0,0.0,0.0
2011-01-27 00:00:00-03:00,21.86379051208496,21.86379051208496,21.86379051208496,21.86379051208496,0,0.0,0.0
2011-01-28 00:00:00-03:00,21.86379051208496,21.86379051208496,21.86379051208496,21.86379051208496,0,0.0,0.0
2011-02-01 00:00:00-03:00,21.86379051208496,21.86379051208496,21.86379051208496,21.86379051208496,0,0.0,0.0
2011-02-02 00:00:00-03:00,21.86379051208496,21.86379051208496,21.86379051208496,21.86379051208496,0,0.0,0.0
2011-02-03 00:00:00-03:00,21.86379051208496,21.86379051208496,21.86379051208496,21.86379051208496,0,0.0,0.0
2011-02-04 00:00:00-03:00,21.86379051208496,21.86379051208496,21.86379051208496,21.86379051208496,0,0.0,0.0
2011-02-07 00:00:00-03:00,21.86379051208496,21.86379051208496,21.86379051208496,21.86379051208496,0,0.0,0.0
2011-02-08 00:00:00-03:00,21.86379051208496,21.86379051208496,21.86379051208496,21.86379051208496,0,0.0,0.0
2011-02-09 00:00:00-03:00,21.86379051208496,21.86379051208496,21.86379051208496,21.86379051208496,0,0.0,0.0
2011-02-10 00:00:00-03:00,21.86379051208496,21.86379051208496,21.86379051208496,21.86379051208496,0,0.0,0.0
2011-02-11 00:00:00-03:00,21.86379051208496,21.86379051208496,21.86379051208496,21.86379051208496,0,0.0,0.0
2011-02-14 00:00:00-03:00,21.86379051208496,21.86379051208496,21.86379051208496,21.86379051208496,0,0.0,0.0
2011-02-15 00:00:00-03:00,21.86379051208496,21.86379051208496,21.86379051208496,21.86379051208496,0,0.0,0.0
2011-02-16 00:00:00-03:00,21.938528060913086,21.938528060913086,21.938528060913086,21.938528060913086,0,0.083125,0.0
2011-02-17 00:00:00-03:00,21.938528060913086,21.938528060913086,21.938528060913086,21.938528060913086,0,0.0,0.0
2011-02-18 00:00:00-03:00,21.938528060913086,21.938528060913086,21.938528060913086,21.938528060913086,0,0.0,0.0
2011-02-21 00:00:00-03:00,21.938528060913086,21.938528060913086,21.938528060913086,21.938528060913086,0,0.0,0.0
2011-02-22 00:00:00-03:00,21.938528060913086,21.938528060913086,21.938528060913086,21.938528060913086,0,0.0,0.0
2011-02-23 00:00:00-03:00,21.938528060913086,21.938528060913086,21.938528060913086,21.938528060913086,0,0.0,0.0
2011-02-24 00:00:00-03:00,21.938528060913086,21.938528060913086,21.938528060913086,21.938528060913086,0,0.0,0.0
2011-02-25 00:00:00-03:00,21.938528060913086,21.938528060913086,21.938528060913086,21.938528060913086,0,0.0,0.0
2011-02-28 00:00:00-03:00,21.938528060913086,21.938528060913086,21.938528060913086,21.938528060913086,0,0.0,0.0
2011-03-01 00:00:00-03:00,21.938528060913086,21.938528060913086,21.938528060913086,21.938528060913086,0,0.0,0.0
2011-03-02 00:00:00-03:00,21.938528060913086,21.938528060913086,21.938528060913086,21.938528060913086,0,0.0,0.0
2011-03-03 00:00:00-03:00,21.938528060913086,21.938528060913086,21.938528060913086,21.938528060913086,0,0.0,0.0
2011-03-04 00:00:00-03:00,21.938528060913086,21.938528060913086,21.938528060913086,21.938528060913086,0,0.0,0.0
2011-03-09 00:00:00-03:00,21.938528060913086,21.938528060913086,21.938528060913086,21.938528060913086,0,0.0,0.0
2011-03-10 00:00:00-03:00,21.938528060913086,21.938528060913086,21.938528060913086,21.938528060913086,0,0.0,0.0
2011-03-11 00:00:00-03:00,21.938528060913086,21.938528060913086,21.938528060913086,21.938528060913086,0,0.0,0.0
2011-03-14 00:00:00-03:00,21.938528060913086,21.938528060913086,21.938528060913086,21.938528060913086,0,0.0,0.0
2011-03-15 00:00:00-03:00,21.938528060913086,21.938528060913086,21.938528060913086,21.938528060913086,0,0.0,0.0
2011-03-16 00:00:00-03:00,21.938528060913086,21.938528060913086,21.938528060913086,21.938528060913086,0,0.0,0.0
2011-03-17 00:00:00-03:00,21.938528060913086,21.938528060913086,21.938528060913086,21.938528060913086,0,0.0,0.0
2011-03-18 00:00:00-03:00,21.938528060913086,21.938528060913086,21.938528060913086,21.938528060913086,0,0.0,0.0
2011-03-21 00:00:00-03:00,21.938528060913086,21.938528060913086,21.938528060913086,21.938528060913086,0,0.0,0.0
2011-03-22 00:00:00-03:00,21.938528060913086,21.938528060913086,21.938528060913086,21.938528060913086,0,0.0,0.0
2011-03-23 00:00:00-03:00,21.938528060913086,21.938528060913086,21.938528060913086,21.938528060913086,0,0.0,0.0
2011-03-28 00:00:00-03:00,21.938528060913086,21.938528060913086,21.938528060913086,21.938528060913086,0,0.0,0.0
2011-03-29 00:00:00-03:00,21.938528060913086,21.938528060913086,21.938528060913086,21.938528060913086,0,0.0,0.0
2011-03-30 00:00:00-03:00,21.938528060913086,21.938528060913086,21.938528060913086,21.938528060913086,0,0.0,0.0
2011-03-31 00:00:00-03:00,21.938528060913086,21.938528060913086,21.938528060913086,21.938528060913086,0,0.0,0.0
2011-04-01 00:00:00-03:00,21.938528060913086,21.938528060913086,21.938528060913086,21.938528060913086,0,0.0,0.0
2011-04-04 00:00:00-03:00,21.938528060913086,21.938528060913086,21.938528060913086,21.938528060913086,0,0.0,0.0
2011-04-05 00:00:00-03:00,21.938528060913086,21.938528060913086,21.938528060913086,21.938528060913086,0,0.0,0.0
2011-04-06 00:00:00-03:00,21.938528060913086,21.938528060913086,21.938528060913086,21.938528060913086,0,0.0,0.0
2011-04-07 00:00:00-03:00,21.938528060913086,21.938528060913086,21.938528060913086,21.938528060913086,0,0.0,0.0
2011-04-08 00:00:00-03:00,21.938528060913086,21.938528060913086,21.938528060913086,21.938528060913086,0,0.0,0.0
2011-04-11 00:00:00-03:00,21.938528060913086,21.938528060913086,21.938528060913086,21.938528060913086,0,0.0,0.0
2011-04-12 00:00:00-03:00,21.938528060913086,21.938528060913086,21.938528060913086,21.938528060913086,0,0.0,0.0
2011-04-13 00:00:00-03:00,21.938528060913086,21.938528060913086,21.938528060913086,21.938528060913086,0,0.0,0.0
2011-04-14 00:00:00-03:00,21.938528060913086,21.938528060913086,21.938528060913086,21.938528060913086,0,0.0,0.0
2011-04-15 00:00:00-03:00,21.938528060913086,21.938528060913086,21.938528060913086,21.938528060913086,0,0.0,0.0
2011-04-18 00:00:00-03:00,21.938528060913086,21.938528060913086,21.938528060913086,21.938528060913086,0,0.0,0.0
2011-04-19 00:00:00-03:00,21.938528060913086,21.938528060913086,21.938528060913086,21.938528060913086,0,0.0,0.0
2011-04-20 00:00:00-03:00,21.938528060913086,21.938528060913086,21.938528060913086,21.938528060913086,0,0.0,0.0
2011-04-25 00:00:00-03:00,21.938528060913086,21.938528060913086,21.938528060913086,21.938528060913086,0,0.0,0.0
2011-04-26 00:00:00-03:00,21.938528060913086,21.938528060913086,21.938528060913086,21.938528060913086,0,0.0,0.0
2011-04-27 00:00:00-03:00,21.938528060913086,21.938528060913086,21.938528060913086,21.938528060913086,0,0.0,0.0
2011-04-28 00:00:00-03:00,21.938528060913086,21.938528060913086,21.938528060913086,21.938528060913086,0,0.0,0.0
2011-04-29 00:00:00-03:00,21.938528060913086,21.938528060913086,21.938528060913086,21.938528060913086,0,0.0,0.0
2011-05-02 00:00:00-03:00,21.938528060913086,21.938528060913086,21.938528060913086,21.938528060913086,0,0.0,0.0
2011-05-03 00:00:00-03:00,21.938528060913086,21.938528060913086,21.938528060913086,21.938528060913086,0,0.0,0.0
2011-05-04 00:00:00-03:00,21.938528060913086,21.938528060913086,21.938528060913086,21.938528060913086,0,0.0,0.0
2011-05-05 00:00:00-03:00,21.938528060913086,21.938528060913086,21.938528060913086,21.938528060913086,0,0.0,0.0
2011-05-06 00:00:00-03:00,21.938528060913086,21.938528060913086,21.938528060913086,21.938528060913086,0,0.0,0.0
2011-05-09 00:00:00-03:00,21.938528060913086,21.938528060913086,21.938528060913086,21.938528060913086,0,0.0,0.0
2011-05-10 00:00:00-03:00,21.938528060913086,21.938528060913086,21.938528060913086,21.938528060913086,0,0.0,0.0
2011-05-11 00:00:00-03:00,21.938528060913086,21.938528060913086,21.938528060913086,21.938528060913086,0,0.0,0.0
2011-05-12 00:00:00-03:00,21.938528060913086,21.938528060913086,21.938528060913086,21.938528060913086,0,0.0,0.0
2011-05-13 00:00:00-03:00,21.938528060913086,21.938528060913086,21.938528060913086,21.938528060913086,0,0.0,0.0
2011-05-16 00:00:00-03:00,21.938528060913086,21.938528060913086,21.938528060913086,21.938528060913086,0,0.0,0.0
2011-05-17 00:00:00-03:00,21.938528060913086,21.938528060913086,21.938528060913086,21.938528060913086,0,0.0,0.0
2011-05-18 00:00:00-03:00,22.013521194458008,22.013521194458008,22.013521194458008,22.013521194458008,0,0.083125,0.0
2011-05-19 00:00:00-03:00,22.013521194458008,22.013521194458008,22.013521194458008,22.013521194458008,0,0.0,0.0
2011-05-20 00:00:00-03:00,22.013521194458008,22.013521194458008,22.013521194458008,22.013521194458008,0,0.0,0.0
2011-05-23 00:00:00-03:00,22.013521194458008,22.013521194458008,22.013521194458008,22.013521194458008,0,0.0,0.0
2011-05-24 00:00:00-03:00,22.013521194458008,22.013521194458008,22.013521194458008,22.013521194458008,0,0.0,0.0
2011-05-26 00:00:00-03:00,22.013521194458008,22.013521194458008,22.013521194458008,22.013521194458008,0,0.0,0.0
2011-05-27 00:00:00-03:00,22.013521194458008,22.013521194458008,22.013521194458008,22.013521194458008,0,0.0,0.0
2011-05-30 00:00:00-03:00,22.013521194458008,22.013521194458008,22.013521194458008,22.013521194458008,0,0.0,0.0
2011-05-31 00:00:00-03:00,22.013521194458008,22.013521194458008,22.013521194458008,22.013521194458008,0,0.0,0.0
2011-06-01 00:00:00-03:00,22.013521194458008,22.013521194458008,22.013521194458008,22.013521194458008,0,0.0,0.0
2011-06-02 00:00:00-03:00,22.013521194458008,22.013521194458008,22.013521194458008,22.013521194458008,0,0.0,0.0
2011-06-03 00:00:00-03:00,22.013521194458008,22.013521194458008,22.013521194458008,22.013521194458008,0,0.0,0.0
2011-06-06 00:00:00-03:00,22.013521194458008,22.013521194458008,22.013521194458008,22.013521194458008,0,0.0,0.0
2011-06-07 00:00:00-03:00,22.013521194458008,22.013521194458008,22.013521194458008,22.013521194458008,0,0.0,0.0
2011-06-08 00:00:00-03:00,22.013521194458008,22.013521194458008,22.013521194458008,22.013521194458008,0,0.0,0.0
2011-06-09 00:00:00-03:00,22.013521194458008,22.013521194458008,22.013521194458008,22.013521194458008,0,0.0,0.0
2011-06-10 00:00:00-03:00,22.013521194458008,22.013521194458008,22.013521194458008,22.013521194458008,0,0.0,0.0
2011-06-13 00:00:00-03:00,22.013521194458008,22.013521194458008,22.013521194458008,22.013521194458008,0,0.0,0.0
2011-06-14 00:00:00-03:00,22.013521194458008,22.013521194458008,22.013521194458008,22.013521194458008,0,0.0,0.0
2011-06-15 00:00:00-03:00,22.013521194458008,22.013521194458008,22.013521194458008,22.013521194458008,0,0.0,0.0
2011-06-16 00:00:00-03:00,22.013521194458008,22.013521194458008,22.013521194458008,22.013521194458008,0,0.0,0.0
2011-06-17 00:00:00-03:00,22.013521194458008,22.013521194458008,22.013521194458008,22.013521194458008,0,0.0,0.0
2011-06-21 00:00:00-03:00,22.013521194458008,22.013521194458008,22.013521194458008,22.013521194458008,0,0.0,0.0
2011-06-22 00:00:00-03:00,22.013521194458008,22.013521194458008,22.013521194458008,22.013521194458008,0,0.0,0.0
2011-06-23 00:00:00-03:00,22.013521194458008,22.013521194458008,22.013521194458008,22.013521194458008,0,0.0,0.0
2011-06-24 00:00:00-03:00,22.013521194458008,22.013521194458008,22.013521194458008,22.013521194458008,0,0.0,0.0
2011-06-27 00:00:00-03:00,22.013521194458008,22.013521194458008,22.013521194458008,22.013521194458008,0,0.0,0.0
2011-06-28 00:00:00-03:00,22.013521194458008,22.013521194458008,22.013521194458008,22.013521194458008,0,0.0,0.0
2011-06-29 00:00:00-03:00,22.013521194458008,22.013521194458008,22.013521194458008,22.013521194458008,0,0.0,0.0
2011-06-30 00:00:00-03:00,22.013521194458008,22.013521194458008,22.013521194458008,22.013521194458008,0,0.0,0.0
2011-07-01 00:00:00-03:00,22.013521194458008,22.013521194458008,22.013521194458008,22.013521194458008,0,0.0,0.0
2011-07-04 00:00:00-03:00,22.013521194458008,22.013521194458008,22.013521194458008,22.013521194458008,0,0.0,0.0
2011-07-05 00:00:00-03:00,22.013521194458008,22.013521194458008,22.013521194458008,22.013521194458008,0,0.0,0.0
2011-07-06 00:00:00-03:00,22.013521194458008,22.013521194458008,22.013521194458008,22.013521194458008,0,0.0,0.0
2011-07-07 00:00:00-03:00,22.013521194458008,22.013521194458008,22.013521194458008,22.013521194458008,0,0.0,0.0
2011-07-08 00:00:00-03:00,22.013521194458008,22.013521194458008,22.013521194458008,22.013521194458008,0,0.0,0.0
2011-07-11 00:00:00-03:00,22.013521194458008,22.013521194458008,22.013521194458008,22.013521194458008,0,0.0,0.0
2011-07-12 00:00:00-03:00,22.013521194458008,22.013521194458008,22.013521194458008,22.013521194458008,0,0.0,0.0
2011-07-13 00:00:00-03:00,22.013521194458008,22.013521194458008,22.013521194458008,22.013521194458008,0,0.0,0.0
2011-07-14 00:00:00-03:00,22.013521194458008,22.013521194458008,22.013521194458008,22.013521194458008,0,0.0,0.0
2011-07-15 00:00:00-03:00,22.013521194458008,22.013521194458008,22.013521194458008,22.013521194458008,0,0.0,0.0
2011-07-18 00:00:00-03:00,22.013521194458008,22.013521194458008,22.013521194458008,22.013521194458008,0,0.0,0.0
2011-07-19 00:00:00-03:00,22.013521194458008,22.013521194458008,22.013521194458008,22.013521194458008,0,0.0,0.0
2011-07-20 00:00:00-03:00,22.013521194458008,22.013521194458008,22.013521194458008,22.013521194458008,0,0.0,0.0
2011-07-21 00:00:00-03:00,22.013521194458008,22.013521194458008,22.013521194458008,22.013521194458008,0,0.0,0.0
2011-07-22 00:00:00-03:00,22.013521194458008,22.013521194458008,22.013521194458008,22.013521194458008,0,0.0,0.0
2011-07-25 00:00:00-03:00,22.013521194458008,22.013521194458008,22.013521194458008,22.013521194458008,0,0.0,0.0
2011-07-26 00:00:00-03:00,22.013521194458008,22.013521194458008,22.013521194458008,22.013521194458008,0,0.0,0.0
2011-07-27 00:00:00-03:00,22.013521194458008,22.013521194458008,22.013521194458008,22.013521194458008,0,0.0,0.0
2011-07-28 00:00:00-03:00,22.013521194458008,22.013521194458008,22.013521194458008,22.013521194458008,0,0.0,0.0
2011-07-29 00:00:00-03:00,22.013521194458008,22.013521194458008,22.013521194458008,22.013521194458008,0,0.0,0.0
2011-08-01 00:00:00-03:00,22.013521194458008,22.013521194458008,22.013521194458008,22.013521194458008,0,0.0,0.0
2011-08-02 00:00:00-03:00,22.013521194458008,22.013521194458008,22.013521194458008,22.013521194458008,0,0.0,0.0
2011-08-03 00:00:00-03:00,22.013521194458008,22.013521194458008,22.013521194458008,22.013521194458008,0,0.0,0.0
2011-08-04 00:00:00-03:00,22.013521194458008,22.013521194458008,22.013521194458008,22.013521194458008,0,0.0,0.0
2011-08-05 00:00:00-03:00,22.013521194458008,22.013521194458008,22.013521194458008,22.013521194458008,0,0.0,0.0
2011-08-08 00:00:00-03:00,22.013521194458008,22.013521194458008,22.013521194458008,22.013521194458008,0,0.0,0.0
2011-08-09 00:00:00-03:00,22.013521194458008,22.013521194458008,22.013521194458008,22.013521194458008,0,0.0,0.0
2011-08-10 00:00:00-03:00,22.013521194458008,22.013521194458008,22.013521194458008,22.013521194458008,0,0.0,0.0
2011-08-11 00:00:00-03:00,22.013521194458008,22.013521194458008,22.013521194458008,22.013521194458008,0,0.0,0.0
2011-08-12 00:00:00-03:00,22.013521194458008,22.013521194458008,22.013521194458008,22.013521194458008,0,0.0,0.0
2011-08-16 00:00:00-03:00,22.013521194458008,22.013521194458008,22.013521194458008,22.013521194458008,0,0.0,0.0
2011-08-17 00:00:00-03:00,22.088775634765625,22.088775634765625,22.088775634765625,22.088775634765625,0,0.083125,0.0
2011-08-18 00:00:00-03:00,22.088775634765625,22.088775634765625,22.088775634765625,22.088775634765625,0,0.0,0.0
2011-08-19 00:00:00-03:00,22.088775634765625,22.088775634765625,22.088775634765625,22.088775634765625,0,0.0,0.0
2011-08-22 00:00:00-03:00,22.088775634765625,22.088775634765625,22.088775634765625,22.088775634765625,0,0.0,0.0
2011-08-23 00:00:00-03:00,22.088775634765625,22.088775634765625,22.088775634765625,22.088775634765625,0,0.0,0.0
2011-08-24 00:00:00-03:00,22.088775634765625,22.088775634765625,22.088775634765625,22.088775634765625,0,0.0,0.0
2011-08-25 00:00:00-03:00,22.088775634765625,22.088775634765625,22.088775634765625,22.088775634765625,0,0.0,0.0
2011-08-26 00:00:00-03:00,22.088775634765625,22.088775634765625,22.088775634765625,22.088775634765625,0,0.0,0.0
2011-08-29 00:00:00-03:00,22.088775634765625,22.088775634765625,22.088775634765625,22.088775634765625,0,0.0,0.0
2011-08-30 00:00:00-03:00,22.088775634765625,22.088775634765625,22.088775634765625,22.088775634765625,0,0.0,0.0
2011-08-31 00:00:00-03:00,22.088775634765625,22.088775634765625,22.088775634765625,22.088775634765625,0,0.0,0.0
2011-09-01 00:00:00-03:00,22.088775634765625,22.088775634765625,22.088775634765625,22.088775634765625,0,0.0,0.0
2011-09-02 00:00:00-03:00,22.088775634765625,22.088775634765625,22.088775634765625,22.088775634765625,0,0.0,0.0
2011-09-05 00:00:00-03:00,22.088775634765625,22.088775634765625,22.088775634765625,22.088775634765625,0,0.0,0.0
2011-09-06 00:00:00-03:00,22.088775634765625,22.088775634765625,22.088775634765625,22.088775634765625,0,0.0,0.0
2011-09-07 00:00:00-03:00,22.088775634765625,22.088775634765625,22.088775634765625,22.088775634765625,0,0.0,0.0
2011-09-08 00:00:00-03:00,22.088775634765625,22.088775634765625,22.088775634765625,22.088775634765625,0,0.0,0.0
2011-09-09 00:00:00-03:00,22.088775634765625,22.088775634765625,22.088775634765625,22.088775634765625,0,0.0,0.0
2011-09-12 00:00:00-03:00,22.088775634765625,22.088775634765625,22.088775634765625,22.088775634765625,0,0.0,0.0
2011-09-13 00:00:00-03:00,22.088775634765625,22.088775634765625,22.088775634765625,22.088775634765625,0,0.0,0.0
2011-09-14 00:00:00-03:00,22.088775634765625,22.088775634765625,22.088775634765625,22.088775634765625,0,0.0,0.0
2011-09-15 00:00:00-03:00,22.088775634765625,22.088775634765625,22.088775634765625,22.088775634765625,0,0.0,0.0
2011-09-16 00:00:00-03:00,22.088775634765625,22.088775634765625,22.088775634765625,22.088775634765625,0,0.0,0.0
2011-09-19 00:00:00-03:00,22.088775634765625,22.088775634765625,22.088775634765625,22.088775634765625,0,0.0,0.0
2011-09-20 00:00:00-03:00,22.088775634765625,22.088775634765625,22.088775634765625,22.088775634765625,0,0.0,0.0
2011-09-21 00:00:00-03:00,22.088775634765625,22.088775634765625,22.088775634765625,22.088775634765625,0,0.0,0.0
2011-09-22 00:00:00-03:00,22.088775634765625,22.088775634765625,22.088775634765625,22.088775634765625,0,0.0,0.0
2011-09-23 00:00:00-03:00,22.088775634765625,22.088775634765625,22.088775634765625,22.088775634765625,0,0.0,0.0
2011-09-26 00:00:00-03:00,22.088775634765625,22.088775634765625,22.088775634765625,22.088775634765625,0,0.0,0.0
2011-09-27 00:00:00-03:00,22.088775634765625,22.088775634765625,22.088775634765625,22.088775634765625,0,0.0,0.0
2011-09-28 00:00:00-03:00,22.088775634765625,22.088775634765625,22.088775634765625,22.088775634765625,0,0.0,0.0
2011-09-29 00:00:00-03:00,22.088775634765625,22.088775634765625,22.088775634765625,22.088775634765625,0,0.0,0.0
2011-09-30 00:00:00-03:00,22.088775634765625,22.088775634765625,22.088775634765625,22.088775634765625,0,0.0,0.0
2011-10-03 00:00:00-03:00,22.088775634765625,22.088775634765625,22.088775634765625,22.088775634765625,0,0.0,0.0
2011-10-04 00:00:00-03:00,22.088775634765625,22.088775634765625,22.088775634765625,22.088775634765625,0,0.0,0.0
2011-10-05 00:00:00-03:00,22.088775634765625,22.088775634765625,22.088775634765625,22.088775634765625,0,0.0,0.0
2011-10-06 00:00:00-03:00,22.088775634765625,22.088775634765625,22.088775634765625,22.088775634765625,0,0.0,0.0
2011-10-07 00:00:00-03:00,22.088775634765625,22.088775634765625,22.088775634765625,22.088775634765625,0,0.0,0.0
2011-10-11 00:00:00-03:00,22.088775634765625,22.088775634765625,22.088775634765625,22.088775634765625,0,0.0,0.0
2011-10-12 00:00:00-03:00,22.088775634765625,22.088775634765625,22.088775634765625,22.088775634765625,0,0.0,0.0
2011-10-13 00:00:00-03:00,22.088775634765625,22.088775634765625,22.088775634765625,22.088775634765625,0,0.0,0.0
2011-10-14 00:00:00-03:00,22.088775634765625,22.088775634765625,22.088775634765625,22.088775634765625,0,0.0,0.0
2011-10-17 00:00:00-03:00,22.088775634765625,22.088775634765625,22.088775634765625,22.088775634765625,0,0.0,0.0
2011-10-18 00:00:00-03:00,22.088775634765625,22.088775634765625,22.088775634765625,22.088775634765625,0,0.0,0.0
2011-10-19 00:00:00-03:00,22.088775634765625,22.088775634765625,22.088775634765625,22.088775634765625,0,0.0,0.0
2011-10-20 00:00:00-03:00,22.088775634765625,22.088775634765625,22.088775634765625,22.088775634765625,0,0.0,0.0
2011-10-21 00:00:00-03:00,22.088775634765625,22.088775634765625,22.088775634765625,22.088775634765625,0,0.0,0.0
2011-10-24 00:00:00-03:00,22.088775634765625,22.088775634765625,22.088775634765625,22.088775634765625,0,0.0,0.0
2011-10-25 00:00:00-03:00,22.088775634765625,22.088775634765625,22.088775634765625,22.088775634765625,0,0.0,0.0
2011-10-26 00:00:00-03:00,22.088775634765625,22.088775634765625,22.088775634765625,22.088775634765625,0,0.0,0.0
2011-10-27 00:00:00-03:00,22.088775634765625,22.088775634765625,22.088775634765625,22.088775634765625,0,0.0,0.0
2011-10-28 00:00:00-03:00,22.088775634765625,22.088775634765625,22.088775634765625,22.088775634765625,0,0.0,0.0
2011-10-31 00:00:00-03:00,22.088775634765625,22.088775634765625,22.088775634765625,22.088775634765625,0,0.0,0.0
2011-11-01 00:00:00-03:00,22.088775634765625,22.088775634765625,22.088775634765625,22.088775634765625,0,0.0,0.0
2011-11-02 00:00:00-03:00,22.088775634765625,22.088775634765625,22.088775634765625,22.088775634765625,0,0.0,0.0
2011-11-03 00:00:00-03:00,22.088775634765625,22.088775634765625,22.088775634765625,22.088775634765625,0,0.0,0.0
2011-11-04 00:00:00-03:00,22.088775634765625,22.088775634765625,22.088775634765625,22.088775634765625,0,0.0,0.0
2011-11-07 00:00:00-03:00,22.088775634765625,22.088775634765625,22.088775634765625,22.088775634765625,0,0.0,0.0
2011-11-08 00:00:00-03:00,22.088775634765625,22.088775634765625,22.088775634765625,22.088775634765625,0,0.0,0.0
2011-11-09 00:00:00-03:00,22.088775634765625,22.088775634765625,22.088775634765625,22.088775634765625,0,0.0,0.0
2011-11-10 00:00:00-03:00,22.088775634765625,22.088775634765625,22.088775634765625,22.088775634765625,0,0.0,0.0
2011-11-11 00:00:00-03:00,22.088775634765625,22.088775634765625,22.088775634765625,22.088775634765625,0,0.0,0.0
2011-11-14 00:00:00-03:00,22.088775634765625,22.088775634765625,22.088775634765625,22.088775634765625,0,0.0,0.0
2011-11-15 00:00:00-03:00,22.088775634765625,22.088775634765625,22.088775634765625,22.088775634765625,0,0.0,0.0
2011-11-16 00:00:00-03:00,22.173402786254883,22.173402786254883,22.173402786254883,22.173402786254883,0,137.5922,0.0
2011-11-17 00:00:00-03:00,22.173402786254883,22.173402786254883,22.173402786254883,22.173402786254883,0,0.0,0.0
2011-11-18 00:00:00-03:00,22.173402786254883,22.173402786254883,22.173402786254883,22.173402786254883,0,0.0,0.0
2011-11-21 00:00:00-03:00,22.173402786254883,22.173402786254883,22.173402786254883,22.173402786254883,0,0.0,0.0
2011-11-22 00:00:00-03:00,22.173402786254883,22.173402786254883,22.173402786254883,22.173402786254883,0,0.0,0.0
2011-11-23 00:00:00-03:00,22.173402786254883,22.173402786254883,22.173402786254883,22.173402786254883,0,0.0,0.0
2011-11-24 00:00:00-03:00,22.173402786254883,22.173402786254883,22.173402786254883,22.173402786254883,0,0.0,0.0
2011-11-25 00:00:00-03:00,22.173402786254883,22.173402786254883,22.173402786254883,22.173402786254883,0,0.0,0.0
2011-11-29 00:00:00-03:00,22.173402786254883,22.173402786254883,22.173402786254883,22.173402786254883,0,0.0,0.0
2011-11-30 00:00:00-03:00,22.173402786254883,22.173402786254883,22.173402786254883,22.173402786254883,0,0.0,0.0
2011-12-01 00:00:00-03:00,22.173402786254883,22.173402786254883,22.173402786254883,22.173402786254883,0,0.0,0.0
2011-12-02 00:00:00-03:00,22.173402786254883,22.173402786254883,22.173402786254883,22.173402786254883,0,0.0,0.0
2011-12-05 00:00:00-03:00,22.173402786254883,22.173402786254883,22.173402786254883,22.173402786254883,0,0.0,0.0
2011-12-06 00:00:00-03:00,22.173402786254883,22.173402786254883,22.173402786254883,22.173402786254883,0,0.0,0.0
2011-12-07 00:00:00-03:00,22.173402786254883,22.173402786254883,22.173402786254883,22.173402786254883,0,0.0,0.0
2011-12-12 00:00:00-03:00,22.173402786254883,22.173402786254883,22.173402786254883,22.173402786254883,0,0.0,0.0
2011-12-13 00:00:00-03:00,22.173402786254883,22.173402786254883,22.173402786254883,22.173402786254883,0,0.0,0.0
2011-12-14 00:00:00-03:00,22.173402786254883,22.173402786254883,22.173402786254883,22.173402786254883,0,0.0,0.0
2011-12-15 00:00:00-03:00,22.173402786254883,22.173402786254883,22.173402786254883,22.173402786254883,0,0.0,0.0
2011-12-16 00:00:00-03:00,22.173402786254883,22.173402786254883,22.173402786254883,22.173402786254883,0,0.0,0.0
2011-12-19 00:00:00-03:00,22.173402786254883,22.173402786254883,22.173402786254883,22.173402786254883,0,0.0,0.0
2011-12-20 00:00:00-03:00,22.173402786254883,22.173402786254883,22.173402786254883,22.173402786254883,0,0.0,0.0
2011-12-21 00:00:00-03:00,22.173402786254883,22.173402786254883,22.173402786254883,22.173402786254883,0,0.0,0.0
2011-12-22 00:00:00-03:00,22.173402786254883,22.173402786254883,22.173402786254883,22.173402786254883,0,0.0,0.0
2011-12-23 00:00:00-03:00,22.173402786254883,22.173402786254883,22.173402786254883,22.173402786254883,0,0.0,0.0
2011-12-27 00:00:00-03:00,22.173402786254883,22.173402786254883,22.173402786254883,22.173402786254883,0,0.0,0.0
2011-12-28 00:00:00-03:00,22.173402786254883,22.173402786254883,22.173402786254883,22.173402786254883,0,0.0,0.0
2011-12-29 00:00:00-03:00,22.173402786254883,22.173402786254883,22.173402786254883,22.173402786254883,0,0.0,0.0
2012-01-03 00:00:00-03:00,22.173402786254883,22.173402786254883,22.173402786254883,22.173402786254883,0,0.0,0.0
2012-01-04 00:00:00-03:00,22.173402786254883,22.173402786254883,22.173402786254883,22.173402786254883,0,0.0,0.0
2012-01-05 00:00:00-03:00,22.173402786254883,22.173402786254883,22.173402786254883,22.173402786254883,0,0.0,0.0
2012-01-06 00:00:00-03:00,22.173402786254883,22.173402786254883,22.173402786254883,22.173402786254883,0,0.0,0.0
2012-01-09 00:00:00-03:00,22.173402786254883,22.173402786254883,22.173402786254883,22.173402786254883,0,0.0,0.0
2012-01-10 00:00:00-03:00,22.173402786254883,22.173402786254883,22.173402786254883,22.173402786254883,0,0.0,0.0
2012-01-11 00:00:00-03:00,22.173402786254883,22.173402786254883,22.173402786254883,22.173402786254883,0,0.0,0.0
2012-01-12 00:00:00-03:00,22.173402786254883,22.173402786254883,22.173402786254883,22.173402786254883,0,0.0,0.0
2012-01-13 00:00:00-03:00,22.173402786254883,22.173402786254883,22.173402786254883,22.173402786254883,0,0.0,0.0
2012-01-16 00:00:00-03:00,22.173402786254883,22.173402786254883,22.173402786254883,22.173402786254883,0,0.0,0.0
2012-01-17 00:00:00-03:00,22.173402786254883,22.173402786254883,22.173402786254883,22.173402786254883,0,0.0,0.0
2012-01-18 00:00:00-03:00,22.173402786254883,22.173402786254883,22.173402786254883,22.173402786254883,0,0.0,0.0
2012-01-19 00:00:00-03:00,22.173402786254883,22.173402786254883,22.173402786254883,22.173402786254883,0,0.0,0.0
2012-01-20 00:00:00-03:00,22.173402786254883,22.173402786254883,22.173402786254883,22.173402786254883,0,0.0,0.0
2012-01-23 00:00:00-03:00,22.173402786254883,22.173402786254883,22.173402786254883,22.173402786254883,0,0.0,0.0
2012-01-24 00:00:00-03:00,22.173402786254883,22.173402786254883,22.173402786254883,22.173402786254883,0,0.0,0.0
2012-01-25 00:00:00-03:00,22.173402786254883,22.173402786254883,22.173402786254883,22.173402786254883,0,0.0,0.0
2012-01-26 00:00:00-03:00,22.173402786254883,22.173402786254883,22.173402786254883,22.173402786254883,0,0.0,0.0
2012-01-27 00:00:00-03:00,22.173402786254883,22.173402786254883,22.173402786254883,22.173402786254883,0,0.0,0.0
2012-01-30 00:00:00-03:00,22.173402786254883,22.173402786254883,22.173402786254883,22.173402786254883,0,0.0,0.0
2012-01-31 00:00:00-03:00,22.173402786254883,22.173402786254883,22.173402786254883,22.173402786254883,0,0.0,0.0
2012-02-01 00:00:00-03:00,22.173402786254883,22.173402786254883,22.173402786254883,22.173402786254883,0,0.0,0.0
2012-02-02 00:00:00-03:00,22.173402786254883,22.173402786254883,22.173402786254883,22.173402786254883,0,0.0,0.0
2012-02-03 00:00:00-03:00,22.173402786254883,22.173402786254883,22.173402786254883,22.173402786254883,0,0.0,0.0
2012-02-06 00:00:00-03:00,22.173402786254883,22.173402786254883,22.173402786254883,22.173402786254883,0,0.0,0.0
2012-02-07 00:00:00-03:00,22.173402786254883,22.173402786254883,22.173402786254883,22.173402786254883,0,0.0,0.0
2012-02-08 00:00:00-03:00,22.173402786254883,22.173402786254883,22.173402786254883,22.173402786254883,0,0.0,0.0
2012-02-09 00:00:00-03:00,22.173402786254883,22.173402786254883,22.173402786254883,22.173402786254883,0,0.0,0.0
2012-02-10 00:00:00-03:00,22.173402786254883,22.173402786254883,22.173402786254883,22.173402786254883,0,0.0,0.0
2012-02-13 00:00:00-03:00,22.173402786254883,22.173402786254883,22.173402786254883,22.173402786254883,0,0.0,0.0
2012-02-14 00:00:00-03:00,22.173402786254883,22.173402786254883,22.173402786254883,22.173402786254883,0,0.0,0.0
2012-02-15 00:00:00-03:00,22.173402786254883,22.173402786254883,22.173402786254883,22.173402786254883,0,0.0,0.0
2012-02-16 00:00:00-03:00,22.173402786254883,22.173402786254883,22.173402786254883,22.173402786254883,0,0.0,0.0
2012-02-17 00:00:00-03:00,22.173402786254883,22.173402786254883,22.173402786254883,22.173402786254883,0,0.0,0.0
2012-02-22 00:00:00-03:00,22.173402786254883,22.173402786254883,22.173402786254883,22.173402786254883,0,0.0,0.0
2012-02-23 00:00:00-03:00,22.25835418701172,22.25835418701172,22.25835418701172,22.25835418701172,0,137.5922,0.0
2012-02-24 00:00:00-03:00,22.25835418701172,22.25835418701172,22.25835418701172,22.25835418701172,0,0.0,0.0
2012-02-28 00:00:00-03:00,22.25835418701172,22.25835418701172,22.25835418701172,22.25835418701172,0,0.0,0.0
2012-02-29 00:00:00-03:00,22.25835418701172,22.25835418701172,22.25835418701172,22.25835418701172,0,0.0,0.0
2012-03-01 00:00:00-03:00,22.25835418701172,22.25835418701172,22.25835418701172,22.25835418701172,0,0.0,0.0
2012-03-02 00:00:00-03:00,22.25835418701172,22.25835418701172,22.25835418701172,22.25835418701172,0,0.0,0.0
2012-03-05 00:00:00-03:00,22.25835418701172,22.25835418701172,22.25835418701172,22.25835418701172,0,0.0,0.0
2012-03-06 00:00:00-03:00,22.25835418701172,22.25835418701172,22.25835418701172,22.25835418701172,0,0.0,0.0
2012-03-07 00:00:00-03:00,22.25835418701172,22.25835418701172,22.25835418701172,22.25835418701172,0,0.0,0.0
2012-03-08 00:00:00-03:00,22.25835418701172,22.25835418701172,22.25835418701172,22.25835418701172,0,0.0,0.0
2012-03-09 00:00:00-03:00,22.25835418701172,22.25835418701172,22.25835418701172,22.25835418701172,0,0.0,0.0
2012-03-12 00:00:00-03:00,22.25835418701172,22.25835418701172,22.25835418701172,22.25835418701172,0,0.0,0.0
2012-03-13 00:00:00-03:00,22.25835418701172,22.25835418701172,22.25835418701172,22.25835418701172,0,0.0,0.0
2012-03-14 00:00:00-03:00,22.25835418701172,22.25835418701172,22.25835418701172,22.25835418701172,0,0.0,0.0
2012-03-15 00:00:00-03:00,22.25835418701172,22.25835418701172,22.25835418701172,22.25835418701172,0,0.0,0.0
2012-03-16 00:00:00-03:00,22.25835418701172,22.25835418701172,22.25835418701172,22.25835418701172,0,0.0,0.0
2012-03-19 00:00:00-03:00,22.25835418701172,22.25835418701172,22.25835418701172,22.25835418701172,0,0.0,0.0
2012-03-20 00:00:00-03:00,22.25835418701172,22.25835418701172,22.25835418701172,22.25835418701172,0,0.0,0.0
2012-03-21 00:00:00-03:00,22.25835418701172,22.25835418701172,22.25835418701172,22.25835418701172,0,0.0,0.0
2012-03-22 00:00:00-03:00,22.25835418701172,22.25835418701172,22.25835418701172,22.25835418701172,0,0.0,0.0
2012-03-23 00:00:00-03:00,22.25835418701172,22.25835418701172,22.25835418701172,22.25835418701172,0,0.0,0.0
2012-03-26 00:00:00-03:00,22.25835418701172,22.25835418701172,22.25835418701172,22.25835418701172,0,0.0,0.0
2012-03-27 00:00:00-03:00,22.25835418701172,22.25835418701172,22.25835418701172,22.25835418701172,0,0.0,0.0
2012-03-28 00:00:00-03:00,22.25835418701172,22.25835418701172,22.25835418701172,22.25835418701172,0,0.0,0.0
2012-03-29 00:00:00-03:00,22.25835418701172,22.25835418701172,22.25835418701172,22.25835418701172,0,0.0,0.0
2012-03-30 00:00:00-03:00,22.25835418701172,22.25835418701172,22.25835418701172,22.25835418701172,0,0.0,0.0
2012-04-03 00:00:00-03:00,22.25835418701172,22.25835418701172,22.25835418701172,22.25835418701172,0,0.0,0.0
2012-04-04 00:00:00-03:00,22.25835418701172,22.25835418701172,22.25835418701172,22.25835418701172,0,0.0,0.0
2012-04-09 00:00:00-03:00,22.25835418701172,22.25835418701172,22.25835418701172,22.25835418701172,0,0.0,0.0
2012-04-10 00:00:00-03:00,22.25835418701172,22.25835418701172,22.25835418701172,22.25835418701172,0,0.0,0.0
2012-04-11 00:00:00-03:00,22.25835418701172,22.25835418701172,22.25835418701172,22.25835418701172,0,0.0,0.0
2012-04-12 00:00:00-03:00,22.25835418701172,22.25835418701172,22.25835418701172,22.25835418701172,0,0.0,0.0
2012-04-13 00:00:00-03:00,22.25835418701172,22.25835418701172,22.25835418701172,22.25835418701172,0,0.0,0.0
2012-04-16 00:00:00-03:00,22.25835418701172,22.25835418701172,22.25835418701172,22.25835418701172,0,0.0,0.0
2012-04-17 00:00:00-03:00,22.25835418701172,22.25835418701172,22.25835418701172,22.25835418701172,0,0.0,0.0
2012-04-18 00:00:00-03:00,22.25835418701172,22.25835418701172,22.25835418701172,22.25835418701172,0,0.0,0.0
2012-04-19 00:00:00-03:00,22.25835418701172,22.25835418701172,22.25835418701172,22.25835418701172,0,0.0,0.0
2012-04-20 00:00:00-03:00,22.25835418701172,22.25835418701172,22.25835418701172,22.25835418701172,0,0.0,0.0
2012-04-23 00:00:00-03:00,22.25835418701172,22.25835418701172,22.25835418701172,22.25835418701172,0,0.0,0.0
2012-04-24 00:00:00-03:00,22.25835418701172,22.25835418701172,22.25835418701172,22.25835418701172,0,0.0,0.0
2012-04-25 00:00:00-03:00,22.25835418701172,22.25835418701172,22.25835418701172,22.25835418701172,0,0.0,0.0
2012-04-26 00:00:00-03:00,22.25835418701172,22.25835418701172,22.25835418701172,22.25835418701172,0,0.0,0.0
2012-04-27 00:00:00-03:00,22.25835418701172,22.25835418701172,22.25835418701172,22.25835418701172,0,0.0,0.0
2012-05-02 00:00:00-03:00,22.25835418701172,22.25835418701172,22.25835418701172,22.25835418701172,0,0.0,0.0
2012-05-03 00:00:00-03:00,22.25835418701172,22.25835418701172,22.25835418701172,22.25835418701172,0,0.0,0.0
2012-05-04 00:00:00-03:00,22.25835418701172,22.25835418701172,22.25835418701172,22.25835418701172,0,0.0,0.0
2012-05-07 00:00:00-03:00,22.25835418701172,22.25835418701172,22.25835418701172,22.25835418701172,0,0.0,0.0
2012-05-08 00:00:00-03:00,22.25835418701172,22.25835418701172,22.25835418701172,22.25835418701172,0,0.0,0.0
2012-05-09 00:00:00-03:00,22.25835418701172,22.25835418701172,22.25835418701172,22.25835418701172,0,0.0,0.0
2012-05-10 00:00:00-03:00,22.25835418701172,22.25835418701172,22.25835418701172,22.25835418701172,0,0.0,0.0
2012-05-11 00:00:00-03:00,22.25835418701172,22.25835418701172,22.25835418701172,22.25835418701172,0,0.0,0.0
2012-05-14 00:00:00-03:00,22.25835418701172,22.25835418701172,22.25835418701172,22.25835418701172,0,0.0,0.0
2012-05-15 00:00:00-03:00,22.25835418701172,22.25835418701172,22.25835418701172,22.25835418701172,0,0.0,0.0
2012-05-16 00:00:00-03:00,22.343637466430664,22.343637466430664,22.343637466430664,22.343637466430664,0,137.5922,0.0
2012-05-17 00:00:00-03:00,22.343637466430664,22.343637466430664,22.343637466430664,22.343637466430664,0,0.0,0.0
2012-05-18 00:00:00-03:00,22.343637466430664,22.343637466430664,22.343637466430664,22.343637466430664,0,0.0,0.0
2012-05-21 00:00:00-03:00,22.343637466430664,22.343637466430664,22.343637466430664,22.343637466430664,0,0.0,0.0
2012-05-22 00:00:00-03:00,22.343637466430664,22.343637466430664,22.343637466430664,22.343637466430664,0,0.0,0.0
2012-05-23 00:00:00-03:00,22.343637466430664,22.343637466430664,22.343637466430664,22.343637466430664,0,0.0,0.0
2012-05-24 00:00:00-03:00,22.343637466430664,22.343637466430664,22.343637466430664,22.343637466430664,0,0.0,0.0
2012-05-28 00:00:00-03:00,22.343637466430664,22.343637466430664,22.343637466430664,22.343637466430664,0,0.0,0.0
2012-05-29 00:00:00-03:00,22.343637466430664,22.343637466430664,22.343637466430664,22.343637466430664,0,0.0,0.0
2012-05-30 00:00:00-03:00,22.343637466430664,22.343637466430664,22.343637466430664,22.343637466430664,0,0.0,0.0
2012-05-31 00:00:00-03:00,22.343637466430664,22.343637466430664,22.343637466430664,22.343637466430664,0,0.0,0.0
2012-06-01 00:00:00-03:00,22.343637466430664,22.343637466430664,22.343637466430664,22.343637466430664,0,0.0,0.0
2012-06-04 00:00:00-03:00,22.343637466430664,22.343637466430664,22.343637466430664,22.343637466430664,0,0.0,0.0
2012-06-05 00:00:00-03:00,22.343637466430664,22.343637466430664,22.343637466430664,22.343637466430664,0,0.0,0.0
2012-06-06 00:00:00-03:00,22.343637466430664,22.343637466430664,22.343637466430664,22.343637466430664,0,0.0,0.0
2012-06-07 00:00:00-03:00,22.343637466430664,22.343637466430664,22.343637466430664,22.343637466430664,0,0.0,0.0
2012-06-08 00:00:00-03:00,22.343637466430664,22.343637466430664,22.343637466430664,22.343637466430664,0,0.0,0.0
2012-06-11 00:00:00-03:00,22.343637466430664,22.343637466430664,22.343637466430664,22.343637466430664,0,0.0,0.0
2012-06-12 00:00:00-03:00,22.343637466430664,22.343637466430664,22.343637466430664,22.343637466430664,0,0.0,0.0
2012-06-13 00:00:00-03:00,22.343637466430664,22.343637466430664,22.343637466430664,22.343637466430664,0,0.0,0.0
2012-06-14 00:00:00-03:00,22.343637466430664,22.343637466430664,22.343637466430664,22.343637466430664,0,0.0,0.0
2012-06-15 00:00:00-03:00,22.343637466430664,22.343637466430664,22.343637466430664,22.343637466430664,0,0.0,0.0
2012-06-18 00:00:00-03:00,22.343637466430664,22.343637466430664,22.343637466430664,22.343637466430664,0,0.0,0.0
2012-06-19 00:00:00-03:00,22.343637466430664,22.343637466430664,22.343637466430664,22.343637466430664,0,0.0,0.0
2012-06-21 00:00:00-03:00,22.343637466430664,22.343637466430664,22.343637466430664,22.343637466430664,0,0.0,0.0
2012-06-22 00:00:00-03:00,22.343637466430664,22.343637466430664,22.343637466430664,22.343637466430664,0,0.0,0.0
2012-06-25 00:00:00-03:00,22.343637466430664,22.343637466430664,22.343637466430664,22.343637466430664,0,0.0,0.0
2012-06-26 00:00:00-03:00,22.343637466430664,22.343637466430664,22.343637466430664,22.343637466430664,0,0.0,0.0
2012-06-27 00:00:00-03:00,22.343637466430664,22.343637466430664,22.343637466430664,22.343637466430664,0,0.0,0.0
2012-06-28 00:00:00-03:00,22.343637466430664,22.343637466430664,22.343637466430664,22.343637466430664,0,0.0,0.0
2012-06-29 00:00:00-03:00,22.343637466430664,22.343637466430664,22.343637466430664,22.343637466430664,0,0.0,0.0
2012-07-02 00:00:00-03:00,22.343637466430664,22.343637466430664,22.343637466430664,22.343637466430664,0,0.0,0.0
2012-07-03 00:00:00-03:00,22.343637466430664,22.343637466430664,22.343637466430664,22.343637466430664,0,0.0,0.0
2012-07-04 00:00:00-03:00,22.343637466430664,22.343637466430664,22.343637466430664,22.343637466430664,0,0.0,0.0
2012-07-05 00:00:00-03:00,22.343637466430664,22.343637466430664,22.343637466430664,22.343637466430664,0,0.0,0.0
2012-07-06 00:00:00-03:00,22.343637466430664,22.343637466430664,22.343637466430664,22.343637466430664,0,0.0,0.0
2012-07-10 00:00:00-03:00,22.343637466430664,22.343637466430664,22.343637466430664,22.343637466430664,0,0.0,0.0
2012-07-11 00:00:00-03:00,22.343637466430664,22.343637466430664,22.343637466430664,22.343637466430664,0,0.0,0.0
2012-07-12 00:00:00-03:00,22.343637466430664,22.343637466430664,22.343637466430664,22.343637466430664,0,0.0,0.0
2012-07-13 00:00:00-03:00,22.343637466430664,22.343637466430664,22.343637466430664,22.343637466430664,0,0.0,0.0
2012-07-16 00:00:00-03:00,22.343637466430664,22.343637466430664,22.343637466430664,22.343637466430664,0,0.0,0.0
2012-07-17 00:00:00-03:00,22.343637466430664,22.343637466430664,22.343637466430664,22.343637466430664,0,0.0,0.0
2012-07-18 00:00:00-03:00,22.343637466430664,22.343637466430664,22.343637466430664,22.343637466430664,0,0.0,0.0
2012-07-19 00:00:00-03:00,22.343637466430664,22.343637466430664,22.343637466430664,22.343637466430664,0,0.0,0.0
2012-07-20 00:00:00-03:00,22.343637466430664,22.343637466430664,22.343637466430664,22.343637466430664,0,0.0,0.0
2012-07-23 00:00:00-03:00,22.343637466430664,22.343637466430664,22.343637466430664,22.343637466430664,0,0.0,0.0
2012-07-24 00:00:00-03:00,22.343637466430664,22.343637466430664,22.343637466430664,22.343637466430664,0,0.0,0.0
2012-07-25 00:00:00-03:00,22.343637466430664,22.343637466430664,22.343637466430664,22.343637466430664,0,0.0,0.0
2012-07-26 00:00:00-03:00,22.343637466430664,22.343637466430664,22.343637466430664,22.343637466430664,0,0.0,0.0
2012-07-27 00:00:00-03:00,22.343637466430664,22.343637466430664,22.343637466430664,22.343637466430664,0,0.0,0.0
2012-07-30 00:00:00-03:00,22.343637466430664,22.343637466430664,22.343637466430664,22.343637466430664,0,0.0,0.0
2012-07-31 00:00:00-03:00,22.343637466430664,22.343637466430664,22.343637466430664,22.343637466430664,0,0.0,0.0
2012-08-01 00:00:00-03:00,22.343637466430664,22.343637466430664,22.343637466430664,22.343637466430664,0,0.0,0.0
2012-08-02 00:00:00-03:00,22.343637466430664,22.343637466430664,22.343637466430664,22.343637466430664,0,0.0,0.0
2012-08-03 00:00:00-03:00,22.343637466430664,22.343637466430664,22.343637466430664,22.343637466430664,0,0.0,0.0
2012-08-06 00:00:00-03:00,22.343637466430664,22.343637466430664,22.343637466430664,22.343637466430664,0,0.0,0.0
2012-08-07 00:00:00-03:00,22.343637466430664,22.343637466430664,22.343637466430664,22.343637466430664,0,0.0,0.0
2012-08-08 00:00:00-03:00,22.343637466430664,22.343637466430664,22.343637466430664,22.343637466430664,0,0.0,0.0
2012-08-09 00:00:00-03:00,22.343637466430664,22.343637466430664,22.343637466430664,22.343637466430664,0,0.0,0.0
2012-08-10 00:00:00-03:00,22.343637466430664,22.343637466430664,22.343637466430664,22.343637466430664,0,0.0,0.0
2012-08-13 00:00:00-03:00,22.343637466430664,22.343637466430664,22.343637466430664,22.343637466430664,0,0.0,0.0
2012-08-14 00:00:00-03:00,22.343637466430664,22.343637466430664,22.343637466430664,22.343637466430664,0,0.0,0.0
2012-08-15 00:00:00-03:00,22.343637466430664,22.343637466430664,22.343637466430664,22.343637466430664,0,0.0,0.0
2012-08-16 00:00:00-03:00,22.42923927307129,22.42923927307129,22.42923927307129,22.42923927307129,0,137.5922,0.0
2012-08-17 00:00:00-03:00,22.42923927307129,22.42923927307129,22.42923927307129,22.42923927307129,0,0.0,0.0
2012-08-21 00:00:00-03:00,22.42923927307129,22.42923927307129,22.42923927307129,22.42923927307129,0,0.0,0.0
2012-08-22 00:00:00-03:00,22.42923927307129,22.42923927307129,22.42923927307129,22.42923927307129,0,0.0,0.0
2012-08-23 00:00:00-03:00,22.42923927307129,22.42923927307129,22.42923927307129,22.42923927307129,0,0.0,0.0
2012-08-24 00:00:00-03:00,22.42923927307129,22.42923927307129,22.42923927307129,22.42923927307129,0,0.0,0.0
2012-08-27 00:00:00-03:00,22.42923927307129,22.42923927307129,22.42923927307129,22.42923927307129,0,0.0,0.0
2012-08-28 00:00:00-03:00,22.42923927307129,22.42923927307129,22.42923927307129,22.42923927307129,0,0.0,0.0
2012-08-29 00:00:00-03:00,22.42923927307129,22.42923927307129,22.42923927307129,22.42923927307129,0,0.0,0.0
2012-08-30 00:00:00-03:00,22.42923927307129,22.42923927307129,22.42923927307129,22.42923927307129,0,0.0,0.0
2012-08-31 00:00:00-03:00,22.42923927307129,22.42923927307129,22.42923927307129,22.42923927307129,0,0.0,0.0
2012-09-03 00:00:00-03:00,22.42923927307129,22.42923927307129,22.42923927307129,22.42923927307129,0,0.0,0.0
2012-09-04 00:00:00-03:00,22.42923927307129,22.42923927307129,22.42923927307129,22.42923927307129,0,0.0,0.0
2012-09-05 00:00:00-03:00,22.42923927307129,22.42923927307129,22.42923927307129,22.42923927307129,0,0.0,0.0
2012-09-06 00:00:00-03:00,22.42923927307129,22.42923927307129,22.42923927307129,22.42923927307129,0,0.0,0.0
2012-09-07 00:00:00-03:00,22.42923927307129,22.42923927307129,22.42923927307129,22.42923927307129,0,0.0,0.0
2012-09-10 00:00:00-03:00,22.42923927307129,22.42923927307129,22.42923927307129,22.42923927307129,0,0.0,0.0
2012-09-11 00:00:00-03:00,22.42923927307129,22.42923927307129,22.42923927307129,22.42923927307129,0,0.0,0.0
2012-09-12 00:00:00-03:00,22.42923927307129,22.42923927307129,22.42923927307129,22.42923927307129,0,0.0,0.0
2012-09-13 00:00:00-03:00,22.42923927307129,22.42923927307129,22.42923927307129,22.42923927307129,0,0.0,0.0
2012-09-14 00:00:00-03:00,22.42923927307129,22.42923927307129,22.42923927307129,22.42923927307129,0,0.0,0.0
2012-09-17 00:00:00-03:00,22.42923927307129,22.42923927307129,22.42923927307129,22.42923927307129,0,0.0,0.0
2012-09-18 00:00:00-03:00,22.42923927307129,22.42923927307129,22.42923927307129,22.42923927307129,0,0.0,0.0
2012-09-19 00:00:00-03:00,22.42923927307129,22.42923927307129,22.42923927307129,22.42923927307129,0,0.0,0.0
2012-09-20 00:00:00-03:00,22.42923927307129,22.42923927307129,22.42923927307129,22.42923927307129,0,0.0,0.0
2012-09-21 00:00:00-03:00,22.42923927307129,22.42923927307129,22.42923927307129,22.42923927307129,0,0.0,0.0
2012-09-24 00:00:00-03:00,22.42923927307129,22.42923927307129,22.42923927307129,22.42923927307129,0,0.0,0.0
2012-09-25 00:00:00-03:00,22.42923927307129,22.42923927307129,22.42923927307129,22.42923927307129,0,0.0,0.0
2012-09-26 00:00:00-03:00,22.42923927307129,22.42923927307129,22.42923927307129,22.42923927307129,0,0.0,0.0
2012-09-27 00:00:00-03:00,22.42923927307129,22.42923927307129,22.42923927307129,22.42923927307129,0,0.0,0.0
2012-09-28 00:00:00-03:00,22.42923927307129,22.42923927307129,22.42923927307129,22.42923927307129,0,0.0,0.0
2012-10-01 00:00:00-03:00,22.42923927307129,22.42923927307129,22.42923927307129,22.42923927307129,0,0.0,0.0
2012-10-02 00:00:00-03:00,22.42923927307129,22.42923927307129,22.42923927307129,22.42923927307129,0,0.0,0.0
2012-10-03 00:00:00-03:00,22.42923927307129,22.42923927307129,22.42923927307129,22.42923927307129,0,0.0,0.0
2012-10-04 00:00:00-03:00,22.42923927307129,22.42923927307129,22.42923927307129,22.42923927307129,0,0.0,0.0
2012-10-05 00:00:00-03:00,22.42923927307129,22.42923927307129,22.42923927307129,22.42923927307129,0,0.0,0.0
2012-10-09 00:00:00-03:00,22.42923927307129,22.42923927307129,22.42923927307129,22.42923927307129,0,0.0,0.0
2012-10-10 00:00:00-03:00,22.42923927307129,22.42923927307129,22.42923927307129,22.42923927307129,0,0.0,0.0
2012-10-11 00:00:00-03:00,22.42923927307129,22.42923927307129,22.42923927307129,22.42923927307129,0,0.0,0.0
2012-10-12 00:00:00-03:00,22.42923927307129,22.42923927307129,22.42923927307129,22.42923927307129,0,0.0,0.0
2012-10-15 00:00:00-03:00,22.42923927307129,22.42923927307129,22.42923927307129,22.42923927307129,0,0.0,0.0
2012-10-16 00:00:00-03:00,22.42923927307129,22.42923927307129,22.42923927307129,22.42923927307129,0,0.0,0.0
2012-10-17 00:00:00-03:00,22.42923927307129,22.42923927307129,22.42923927307129,22.42923927307129,0,0.0,0.0
2012-10-18 00:00:00-03:00,22.42923927307129,22.42923927307129,22.42923927307129,22.42923927307129,0,0.0,0.0
2012-10-19 00:00:00-03:00,22.42923927307129,22.42923927307129,22.42923927307129,22.42923927307129,0,0.0,0.0
2012-10-22 00:00:00-03:00,22.42923927307129,22.42923927307129,22.42923927307129,22.42923927307129,0,0.0,0.0
2012-10-23 00:00:00-03:00,22.42923927307129,22.42923927307129,22.42923927307129,22.42923927307129,0,0.0,0.0
2012-10-24 00:00:00-03:00,22.42923927307129,22.42923927307129,22.42923927307129,22.42923927307129,0,0.0,0.0
2012-10-25 00:00:00-03:00,22.42923927307129,22.42923927307129,22.42923927307129,22.42923927307129,0,0.0,0.0
2012-10-26 00:00:00-03:00,22.42923927307129,22.42923927307129,22.42923927307129,22.42923927307129,0,0.0,0.0
2012-10-29 00:00:00-03:00,22.42923927307129,22.42923927307129,22.42923927307129,22.42923927307129,0,0.0,0.0
2012-10-30 00:00:00-03:00,22.42923927307129,22.42923927307129,22.42923927307129,22.42923927307129,0,0.0,0.0
2012-10-31 00:00:00-03:00,22.42923927307129,22.42923927307129,22.42923927307129,22.42923927307129,0,0.0,0.0
2012-11-01 00:00:00-03:00,22.42923927307129,22.42923927307129,22.42923927307129,22.42923927307129,0,0.0,0.0
2012-11-02 00:00:00-03:00,22.42923927307129,22.42923927307129,22.42923927307129,22.42923927307129,0,0.0,0.0
2012-11-05 00:00:00-03:00,22.42923927307129,22.42923927307129,22.42923927307129,22.42923927307129,0,0.0,0.0
2012-11-07 00:00:00-03:00,22.42923927307129,22.42923927307129,22.42923927307129,22.42923927307129,0,0.0,0.0
2012-11-08 00:00:00-03:00,22.42923927307129,22.42923927307129,22.42923927307129,22.42923927307129,0,0.0,0.0
2012-11-09 00:00:00-03:00,22.42923927307129,22.42923927307129,22.42923927307129,22.42923927307129,0,0.0,0.0
2012-11-12 00:00:00-03:00,22.42923927307129,22.42923927307129,22.42923927307129,22.42923927307129,0,0.0,0.0
2012-11-13 00:00:00-03:00,22.42923927307129,22.42923927307129,22.42923927307129,22.42923927307129,0,0.0,0.0
2012-11-14 00:00:00-03:00,22.42923927307129,22.42923927307129,22.42923927307129,22.42923927307129,0,0.0,0.0
2012-11-15 00:00:00-03:00,22.42923927307129,22.42923927307129,22.42923927307129,22.42923927307129,0,0.0,0.0
2012-11-16 00:00:00-03:00,22.52385139465332,22.52385139465332,22.52385139465332,22.52385139465332,0,151.44376,0.0
2012-11-19 00:00:00-03:00,22.52385139465332,22.52385139465332,22.52385139465332,22.52385139465332,0,0.0,0.0
2012-11-20 00:00:00-03:00,22.52385139465332,22.52385139465332,22.52385139465332,22.52385139465332,0,0.0,0.0
2012-11-21 00:00:00-03:00,22.52385139465332,22.52385139465332,22.52385139465332,22.52385139465332,0,0.0,0.0
2012-11-22 00:00:00-03:00,22.52385139465332,22.52385139465332,22.52385139465332,22.52385139465332,0,0.0,0.0
2012-11-23 00:00:00-03:00,22.52385139465332,22.52385139465332,22.52385139465332,22.52385139465332,0,0.0,0.0
2012-11-27 00:00:00-03:00,22.52385139465332,22.52385139465332,22.52385139465332,22.52385139465332,0,0.0,0.0
2012-11-28 00:00:00-03:00,22.52385139465332,22.52385139465332,22.52385139465332,22.52385139465332,0,0.0,0.0
2012-11-29 00:00:00-03:00,22.52385139465332,22.52385139465332,22.52385139465332,22.52385139465332,0,0.0,0.0
2012-11-30 00:00:00-03:00,22.52385139465332,22.52385139465332,22.52385139465332,22.52385139465332,0,0.0,0.0
2012-12-03 00:00:00-03:00,22.52385139465332,22.52385139465332,22.52385139465332,22.52385139465332,0,0.0,0.0
2012-12-04 00:00:00-03:00,22.52385139465332,22.52385139465332,22.52385139465332,22.52385139465332,0,0.0,0.0
2012-12-05 00:00:00-03:00,22.52385139465332,22.52385139465332,22.52385139465332,22.52385139465332,0,0.0,0.0
2012-12-06 00:00:00-03:00,22.52385139465332,22.52385139465332,22.52385139465332,22.52385139465332,0,0.0,0.0
2012-12-07 00:00:00-03:00,22.52385139465332,22.52385139465332,22.52385139465332,22.52385139465332,0,0.0,0.0
2012-12-10 00:00:00-03:00,22.52385139465332,22.52385139465332,22.52385139465332,22.52385139465332,0,0.0,0.0
2012-12-11 00:00:00-03:00,22.52385139465332,22.52385139465332,22.52385139465332,22.52385139465332,0,0.0,0.0
2012-12-12 00:00:00-03:00,22.52385139465332,22.52385139465332,22.52385139465332,22.52385139465332,0,0.0,0.0
2012-12-13 00:00:00-03:00,22.52385139465332,22.52385139465332,22.52385139465332,22.52385139465332,0,0.0,0.0
2012-12-14 00:00:00-03:00,22.52385139465332,22.52385139465332,22.52385139465332,22.52385139465332,0,0.0,0.0
2012-12-17 00:00:00-03:00,22.52385139465332,22.52385139465332,22.52385139465332,22.52385139465332,0,0.0,0.0
2012-12-18 00:00:00-03:00,22.52385139465332,22.52385139465332,22.52385139465332,22.52385139465332,0,0.0,0.0
2012-12-19 00:00:00-03:00,22.52385139465332,22.52385139465332,22.52385139465332,22.52385139465332,0,0.0,0.0
2012-12-20 00:00:00-03:00,22.52385139465332,22.52385139465332,22.52385139465332,22.52385139465332,0,0.0,0.0
2012-12-21 00:00:00-03:00,22.52385139465332,22.52385139465332,22.52385139465332,22.52385139465332,0,0.0,0.0
2012-12-26 00:00:00-03:00,22.52385139465332,22.52385139465332,22.52385139465332,22.52385139465332,0,0.0,0.0
2012-12-27 00:00:00-03:00,22.52385139465332,22.52385139465332,22.52385139465332,22.52385139465332,0,0.0,0.0
2012-12-28 00:00:00-03:00,22.52385139465332,22.52385139465332,22.52385139465332,22.52385139465332,0,0.0,0.0
2013-01-02 00:00:00-03:00,22.52385139465332,22.52385139465332,22.52385139465332,22.52385139465332,0,0.0,0.0
2013-01-03 00:00:00-03:00,22.52385139465332,22.52385139465332,22.52385139465332,22.52385139465332,0,0.0,0.0
2013-01-04 00:00:00-03:00,22.52385139465332,22.52385139465332,22.52385139465332,22.52385139465332,0,0.0,0.0
2013-01-07 00:00:00-03:00,22.52385139465332,22.52385139465332,22.52385139465332,22.52385139465332,0,0.0,0.0
2013-01-08 00:00:00-03:00,22.52385139465332,22.52385139465332,22.52385139465332,22.52385139465332,0,0.0,0.0
2013-01-09 00:00:00-03:00,22.52385139465332,22.52385139465332,22.52385139465332,22.52385139465332,0,0.0,0.0
2013-01-10 00:00:00-03:00,22.52385139465332,22.52385139465332,22.52385139465332,22.52385139465332,0,0.0,0.0
2013-01-11 00:00:00-03:00,22.52385139465332,22.52385139465332,22.52385139465332,22.52385139465332,0,0.0,0.0
2013-01-14 00:00:00-03:00,22.52385139465332,22.52385139465332,22.52385139465332,22.52385139465332,0,0.0,0.0
2013-01-15 00:00:00-03:00,22.52385139465332,22.52385139465332,22.52385139465332,22.52385139465332,0,0.0,0.0
2013-01-16 00:00:00-03:00,22.52385139465332,22.52385139465332,22.52385139465332,22.52385139465332,0,0.0,0.0
2013-01-17 00:00:00-03:00,22.52385139465332,22.52385139465332,22.52385139465332,22.52385139465332,0,0.0,0.0
2013-01-18 00:00:00-03:00,22.52385139465332,22.52385139465332,22.52385139465332,22.52385139465332,0,0.0,0.0
2013-01-21 00:00:00-03:00,22.52385139465332,22.52385139465332,22.52385139465332,22.52385139465332,0,0.0,0.0
2013-01-22 00:00:00-03:00,22.52385139465332,22.52385139465332,22.52385139465332,22.52385139465332,0,0.0,0.0
2013-01-23 00:00:00-03:00,22.52385139465332,22.52385139465332,22.52385139465332,22.52385139465332,0,0.0,0.0
2013-01-24 00:00:00-03:00,22.52385139465332,22.52385139465332,22.52385139465332,22.52385139465332,0,0.0,0.0
2013-01-25 00:00:00-03:00,22.52385139465332,22.52385139465332,22.52385139465332,22.52385139465332,0,0.0,0.0
2013-01-28 00:00:00-03:00,22.52385139465332,22.52385139465332,22.52385139465332,22.52385139465332,0,0.0,0.0
2013-01-29 00:00:00-03:00,22.52385139465332,22.52385139465332,22.52385139465332,22.52385139465332,0,0.0,0.0
2013-01-30 00:00:00-03:00,22.52385139465332,22.52385139465332,22.52385139465332,22.52385139465332,0,0.0,0.0
2013-01-31 00:00:00-03:00,22.52385139465332,22.52385139465332,22.52385139465332,22.52385139465332,0,0.0,0.0
2013-02-01 00:00:00-03:00,22.52385139465332,22.52385139465332,22.52385139465332,22.52385139465332,0,0.0,0.0
2013-02-04 00:00:00-03:00,22.52385139465332,22.52385139465332,22.52385139465332,22.52385139465332,0,0.0,0.0
2013-02-05 00:00:00-03:00,22.52385139465332,22.52385139465332,22.52385139465332,22.52385139465332,0,0.0,0.0
2013-02-06 00:00:00-03:00,22.52385139465332,22.52385139465332,22.52385139465332,22.52385139465332,0,0.0,0.0
2013-02-07 00:00:00-03:00,22.52385139465332,22.52385139465332,22.52385139465332,22.52385139465332,0,0.0,0.0
2013-02-08 00:00:00-03:00,22.52385139465332,22.52385139465332,22.52385139465332,22.52385139465332,0,0.0,0.0
2013-02-13 00:00:00-03:00,22.52385139465332,22.52385139465332,22.52385139465332,22.52385139465332,0,0.0,0.0
2013-02-14 00:00:00-03:00,22.52385139465332,22.52385139465332,22.52385139465332,22.52385139465332,0,0.0,0.0
2013-02-15 00:00:00-03:00,22.52385139465332,22.52385139465332,22.52385139465332,22.52385139465332,0,0.0,0.0
2013-02-18 00:00:00-03:00,22.52385139465332,22.52385139465332,22.52385139465332,22.52385139465332,0,0.0,0.0
2013-02-19 00:00:00-03:00,22.52385139465332,22.52385139465332,22.52385139465332,22.52385139465332,0,0.0,0.0
2013-02-21 00:00:00-03:00,22.618867874145508,22.618867874145508,22.618867874145508,22.618867874145508,0,151.44376,0.0
2013-02-22 00:00:00-03:00,22.618867874145508,22.618867874145508,22.618867874145508,22.618867874145508,0,0.0,0.0
2013-02-25 00:00:00-03:00,22.618867874145508,22.618867874145508,22.618867874145508,22.618867874145508,0,0.0,0.0
2013-02-26 00:00:00-03:00,22.618867874145508,22.618867874145508,22.618867874145508,22.618867874145508,0,0.0,0.0
2013-02-27 00:00:00-03:00,22.618867874145508,22.618867874145508,22.618867874145508,22.618867874145508,0,0.0,0.0
2013-02-28 00:00:00-03:00,22.618867874145508,22.618867874145508,22.618867874145508,22.618867874145508,0,0.0,0.0
2013-03-01 00:00:00-03:00,22.618867874145508,22.618867874145508,22.618867874145508,22.618867874145508,0,0.0,0.0
2013-03-04 00:00:00-03:00,22.618867874145508,22.618867874145508,22.618867874145508,22.618867874145508,0,0.0,0.0
2013-03-05 00:00:00-03:00,22.618867874145508,22.618867874145508,22.618867874145508,22.618867874145508,0,0.0,0.0
2013-03-06 00:00:00-03:00,22.618867874145508,22.618867874145508,22.618867874145508,22.618867874145508,0,0.0,0.0
2013-03-07 00:00:00-03:00,22.618867874145508,22.618867874145508,22.618867874145508,22.618867874145508,0,0.0,0.0
2013-03-08 00:00:00-03:00,22.618867874145508,22.618867874145508,22.618867874145508,22.618867874145508,0,0.0,0.0
2013-03-11 00:00:00-03:00,22.618867874145508,22.618867874145508,22.618867874145508,22.618867874145508,0,0.0,0.0
2013-03-12 00:00:00-03:00,22.618867874145508,22.618867874145508,22.618867874145508,22.618867874145508,0,0.0,0.0
2013-03-13 00:00:00-03:00,22.618867874145508,22.618867874145508,22.618867874145508,22.618867874145508,0,0.0,0.0
2013-03-14 00:00:00-03:00,22.618867874145508,22.618867874145508,22.618867874145508,22.618867874145508,0,0.0,0.0
2013-03-15 00:00:00-03:00,22.618867874145508,22.618867874145508,22.618867874145508,22.618867874145508,0,0.0,0.0
2013-03-18 00:00:00-03:00,22.618867874145508,22.618867874145508,22.618867874145508,22.618867874145508,0,0.0,0.0
2013-03-19 00:00:00-03:00,22.618867874145508,22.618867874145508,22.618867874145508,22.618867874145508,0,0.0,0.0
2013-03-20 00:00:00-03:00,22.618867874145508,22.618867874145508,22.618867874145508,22.618867874145508,0,0.0,0.0
2013-03-21 00:00:00-03:00,22.618867874145508,22.618867874145508,22.618867874145508,22.618867874145508,0,0.0,0.0
2013-03-22 00:00:00-03:00,22.618867874145508,22.618867874145508,22.618867874145508,22.618867874145508,0,0.0,0.0
2013-03-25 00:00:00-03:00,22.618867874145508,22.618867874145508,22.618867874145508,22.618867874145508,0,0.0,0.0
2013-03-26 00:00:00-03:00,22.618867874145508,22.618867874145508,22.618867874145508,22.618867874145508,0,0.0,0.0
2013-03-27 00:00:00-03:00,22.618867874145508,22.618867874145508,22.618867874145508,22.618867874145508,0,0.0,0.0
2013-04-03 00:00:00-03:00,22.618867874145508,22.618867874145508,22.618867874145508,22.618867874145508,0,0.0,0.0
2013-04-04 00:00:00-03:00,22.618867874145508,22.618867874145508,22.618867874145508,22.618867874145508,0,0.0,0.0
2013-04-05 00:00:00-03:00,22.618867874145508,22.618867874145508,22.618867874145508,22.618867874145508,0,0.0,0.0
2013-04-08 00:00:00-03:00,22.618867874145508,22.618867874145508,22.618867874145508,22.618867874145508,0,0.0,0.0
2013-04-09 00:00:00-03:00,22.618867874145508,22.618867874145508,22.618867874145508,22.618867874145508,0,0.0,0.0
2013-04-10 00:00:00-03:00,22.618867874145508,22.618867874145508,22.618867874145508,22.618867874145508,0,0.0,0.0
2013-04-11 00:00:00-03:00,22.618867874145508,22.618867874145508,22.618867874145508,22.618867874145508,0,0.0,0.0
2013-04-12 00:00:00-03:00,22.618867874145508,22.618867874145508,22.618867874145508,22.618867874145508,0,0.0,0.0
2013-04-15 00:00:00-03:00,22.618867874145508,22.618867874145508,22.618867874145508,22.618867874145508,0,0.0,0.0
2013-04-16 00:00:00-03:00,22.618867874145508,22.618867874145508,22.618867874145508,22.618867874145508,0,0.0,0.0
2013-04-17 00:00:00-03:00,22.618867874145508,22.618867874145508,22.618867874145508,22.618867874145508,0,0.0,0.0
2013-04-18 00:00:00-03:00,22.618867874145508,22.618867874145508,22.618867874145508,22.618867874145508,0,0.0,0.0
2013-04-19 00:00:00-03:00,22.618867874145508,22.618867874145508,22.618867874145508,22.618867874145508,0,0.0,0.0
2013-04-22 00:00:00-03:00,22.618867874145508,22.618867874145508,22.618867874145508,22.618867874145508,0,0.0,0.0
2013-04-23 00:00:00-03:00,22.618867874145508,22.618867874145508,22.618867874145508,22.618867874145508,0,0.0,0.0
2013-04-24 00:00:00-03:00,22.618867874145508,22.618867874145508,22.618867874145508,22.618867874145508,0,0.0,0.0
2013-04-25 00:00:00-03:00,22.618867874145508,22.618867874145508,22.618867874145508,22.618867874145508,0,0.0,0.0
2013-04-26 00:00:00-03:00,22.618867874145508,22.618867874145508,22.618867874145508,22.618867874145508,0,0.0,0.0
2013-04-29 00:00:00-03:00,22.618867874145508,22.618867874145508,22.618867874145508,22.618867874145508,0,0.0,0.0
2013-04-30 00:00:00-03:00,22.618867874145508,22.618867874145508,22.618867874145508,22.618867874145508,0,0.0,0.0
2013-05-02 00:00:00-03:00,22.618867874145508,22.618867874145508,22.618867874145508,22.618867874145508,0,0.0,0.0
2013-05-03 00:00:00-03:00,22.618867874145508,22.618867874145508,22.618867874145508,22.618867874145508,0,0.0,0.0
2013-05-06 00:00:00-03:00,22.618867874145508,22.618867874145508,22.618867874145508,22.618867874145508,0,0.0,0.0
2013-05-07 00:00:00-03:00,22.618867874145508,22.618867874145508,22.618867874145508,22.618867874145508,0,0.0,0.0
2013-05-08 00:00:00-03:00,22.618867874145508,22.618867874145508,22.618867874145508,22.618867874145508,0,0.0,0.0
2013-05-09 00:00:00-03:00,22.618867874145508,22.618867874145508,22.618867874145508,22.618867874145508,0,0.0,0.0
2013-05-10 00:00:00-03:00,22.618867874145508,22.618867874145508,22.618867874145508,22.618867874145508,0,0.0,0.0
2013-05-13 00:00:00-03:00,22.618867874145508,22.618867874145508,22.618867874145508,22.618867874145508,0,0.0,0.0
2013-05-14 00:00:00-03:00,22.618867874145508,22.618867874145508,22.618867874145508,22.618867874145508,0,0.0,0.0
2013-05-15 00:00:00-03:00,22.618867874145508,22.618867874145508,22.618867874145508,22.618867874145508,0,0.0,0.0
2013-05-16 00:00:00-03:00,22.714284896850586,22.714284896850586,22.714284896850586,22.714284896850586,0,151.44376,0.0
2013-05-17 00:00:00-03:00,22.714284896850586,22.714284896850586,22.714284896850586,22.714284896850586,0,0.0,0.0
2013-05-20 00:00:00-03:00,22.714284896850586,22.714284896850586,22.714284896850586,22.714284896850586,0,0.0,0.0
2013-05-21 00:00:00-03:00,22.714284896850586,22.714284896850586,22.714284896850586,22.714284896850586,0,0.0,0.0
2013-05-22 00:00:00-03:00,22.714284896850586,22.714284896850586,22.714284896850586,22.714284896850586,0,0.0,0.0
2013-05-23 00:00:00-03:00,22.714284896850586,22.714284896850586,22.714284896850586,22.714284896850586,0,0.0,0.0
2013-05-24 00:00:00-03:00,22.714284896850586,22.714284896850586,22.714284896850586,22.714284896850586,0,0.0,0.0
2013-05-27 00:00:00-03:00,22.714284896850586,22.714284896850586,22.714284896850586,22.714284896850586,0,0.0,0.0
2013-05-28 00:00:00-03:00,22.714284896850586,22.714284896850586,22.714284896850586,22.714284896850586,0,0.0,0.0
2013-05-29 00:00:00-03:00,22.714284896850586,22.714284896850586,22.714284896850586,22.714284896850586,0,0.0,0.0
2013-05-30 00:00:00-03:00,22.714284896850586,22.714284896850586,22.714284896850586,22.714284896850586,0,0.0,0.0
2013-05-31 00:00:00-03:00,22.714284896850586,22.714284896850586,22.714284896850586,22.714284896850586,0,0.0,0.0
2013-06-03 00:00:00-03:00,22.714284896850586,22.714284896850586,22.714284896850586,22.714284896850586,0,0.0,0.0
2013-06-04 00:00:00-03:00,22.714284896850586,22.714284896850586,22.714284896850586,22.714284896850586,0,0.0,0.0
2013-06-05 00:00:00-03:00,22.714284896850586,22.714284896850586,22.714284896850586,22.714284896850586,0,0.0,0.0
2013-06-06 00:00:00-03:00,22.714284896850586,22.714284896850586,22.714284896850586,22.714284896850586,0,0.0,0.0
2013-06-07 00:00:00-03:00,22.714284896850586,22.714284896850586,22.714284896850586,22.714284896850586,0,0.0,0.0
2013-06-10 00:00:00-03:00,22.714284896850586,22.714284896850586,22.714284896850586,22.714284896850586,0,0.0,0.0
2013-06-11 00:00:00-03:00,22.714284896850586,22.714284896850586,22.714284896850586,22.714284896850586,0,0.0,0.0
2013-06-12 00:00:00-03:00,22.714284896850586,22.714284896850586,22.714284896850586,22.714284896850586,0,0.0,0.0
2013-06-13 00:00:00-03:00,22.714284896850586,22.714284896850586,22.714284896850586,22.714284896850586,0,0.0,0.0
2013-06-14 00:00:00-03:00,22.714284896850586,22.714284896850586,22.714284896850586,22.714284896850586,0,0.0,0.0
2013-06-17 00:00:00-03:00,22.714284896850586,22.714284896850586,22.714284896850586,22.714284896850586,0,0.0,0.0
2013-06-18 00:00:00-03:00,22.714284896850586,22.714284896850586,22.714284896850586,22.714284896850586,0,0.0,0.0
2013-06-19 00:00:00-03:00,22.714284896850586,22.714284896850586,22.714284896850586,22.714284896850586,0,0.0,0.0
2013-06-24 00:00:00-03:00,22.714284896850586,22.714284896850586,22.714284896850586,22.714284896850586,0,0.0,0.0
2013-06-25 00:00:00-03:00,22.714284896850586,22.714284896850586,22.714284896850586,22.714284896850586,0,0.0,0.0
2013-06-26 00:00:00-03:00,22.714284896850586,22.714284896850586,22.714284896850586,22.714284896850586,0,0.0,0.0
2013-06-27 00:00:00-03:00,22.714284896850586,22.714284896850586,22.714284896850586,22.714284896850586,0,0.0,0.0
2013-06-28 00:00:00-03:00,22.714284896850586,22.714284896850586,22.714284896850586,22.714284896850586,0,0.0,0.0
2013-07-01 00:00:00-03:00,22.714284896850586,22.714284896850586,22.714284896850586,22.714284896850586,0,0.0,0.0
2013-07-02 00:00:00-03:00,22.714284896850586,22.714284896850586,22.714284896850586,22.714284896850586,0,0.0,0.0
2013-07-03 00:00:00-03:00,22.714284896850586,22.714284896850586,22.714284896850586,22.714284896850586,0,0.0,0.0
2013-07-04 00:00:00-03:00,22.714284896850586,22.714284896850586,22.714284896850586,22.714284896850586,0,0.0,0.0
2013-07-05 00:00:00-03:00,22.714284896850586,22.714284896850586,22.714284896850586,22.714284896850586,0,0.0,0.0
2013-07-08 00:00:00-03:00,22.714284896850586,22.714284896850586,22.714284896850586,22.714284896850586,0,0.0,0.0
2013-07-10 00:00:00-03:00,22.714284896850586,22.714284896850586,22.714284896850586,22.714284896850586,0,0.0,0.0
2013-07-11 00:00:00-03:00,22.714284896850586,22.714284896850586,22.714284896850586,22.714284896850586,0,0.0,0.0
2013-07-12 00:00:00-03:00,22.714284896850586,22.714284896850586,22.714284896850586,22.714284896850586,0,0.0,0.0
2013-07-15 00:00:00-03:00,22.714284896850586,22.714284896850586,22.714284896850586,22.714284896850586,0,0.0,0.0
2013-07-16 00:00:00-03:00,22.714284896850586,22.714284896850586,22.714284896850586,22.714284896850586,0,0.0,0.0
2013-07-17 00:00:00-03:00,22.714284896850586,22.714284896850586,22.714284896850586,22.714284896850586,0,0.0,0.0
2013-07-18 00:00:00-03:00,22.714284896850586,22.714284896850586,22.714284896850586,22.714284896850586,0,0.0,0.0
2013-07-19 00:00:00-03:00,22.714284896850586,22.714284896850586,22.714284896850586,22.714284896850586,0,0.0,0.0
2013-07-22 00:00:00-03:00,22.714284896850586,22.714284896850586,22.714284896850586,22.714284896850586,0,0.0,0.0
2013-07-23 00:00:00-03:00,22.714284896850586,22.714284896850586,22.714284896850586,22.714284896850586,0,0.0,0.0
2013-07-24 00:00:00-03:00,22.714284896850586,22.714284896850586,22.714284896850586,22.714284896850586,0,0.0,0.0
2013-07-25 00:00:00-03:00,22.714284896850586,22.714284896850586,22.714284896850586,22.714284896850586,0,0.0,0.0
2013-07-26 00:00:00-03:00,22.714284896850586,22.714284896850586,22.714284896850586,22.714284896850586,0,0.0,0.0
2013-07-29 00:00:00-03:00,22.714284896850586,22.714284896850586,22.714284896850586,22.714284896850586,0,0.0,0.0
2013-07-30 00:00:00-03:00,22.714284896850586,22.714284896850586,22.714284896850586,22.714284896850586,0,0.0,0.0
2013-07-31 00:00:00-03:00,22.714284896850586,22.714284896850586,22.714284896850586,22.714284896850586,0,0.0,0.0
2013-08-01 00:00:00-03:00,22.714284896850586,22.714284896850586,22.714284896850586,22.714284896850586,0,0.0,0.0
2013-08-02 00:00:00-03:00,22.714284896850586,22.714284896850586,22.714284896850586,22.714284896850586,0,0.0,0.0
2013-08-05 00:00:00-03:00,22.714284896850586,22.714284896850586,22.714284896850586,22.714284896850586,0,0.0,0.0
2013-08-06 00:00:00-03:00,22.714284896850586,22.714284896850586,22.714284896850586,22.714284896850586,0,0.0,0.0
2013-08-07 00:00:00-03:00,22.714284896850586,22.714284896850586,22.714284896850586,22.714284896850586,0,0.0,0.0
2013-08-08 00:00:00-03:00,22.714284896850586,22.714284896850586,22.714284896850586,22.714284896850586,0,0.0,0.0
2013-08-09 00:00:00-03:00,22.714284896850586,22.714284896850586,22.714284896850586,22.714284896850586,0,0.0,0.0
2013-08-12 00:00:00-03:00,22.714284896850586,22.714284896850586,22.714284896850586,22.714284896850586,0,0.0,0.0
2013-08-13 00:00:00-03:00,22.714284896850586,22.714284896850586,22.714284896850586,22.714284896850586,0,0.0,0.0
2013-08-14 00:00:00-03:00,22.714284896850586,22.714284896850586,22.714284896850586,22.714284896850586,0,0.0,0.0
2013-08-15 00:00:00-03:00,22.714284896850586,22.714284896850586,22.714284896850586,22.714284896850586,0,0.0,0.0
2013-08-16 00:00:00-03:00,22.81011199951172,22.81011199951172,22.81011199951172,22.81011199951172,0,151.44376,0.0
2013-08-20 00:00:00-03:00,22.81011199951172,22.81011199951172,22.81011199951172,22.81011199951172,0,0.0,0.0
2013-08-21 00:00:00-03:00,22.81011199951172,22.81011199951172,22.81011199951172,22.81011199951172,0,0.0,0.0
2013-08-22 00:00:00-03:00,22.81011199951172,22.81011199951172,22.81011199951172,22.81011199951172,0,0.0,0.0
2013-08-23 00:00:00-03:00,22.81011199951172,22.81011199951172,22.81011199951172,22.81011199951172,0,0.0,0.0
2013-08-26 00:00:00-03:00,22.81011199951172,22.81011199951172,22.81011199951172,22.81011199951172,0,0.0,0.0
2013-08-27 00:00:00-03:00,22.81011199951172,22.81011199951172,22.81011199951172,22.81011199951172,0,0.0,0.0
2013-08-28 00:00:00-03:00,22.81011199951172,22.81011199951172,22.81011199951172,22.81011199951172,0,0.0,0.0
2013-08-29 00:00:00-03:00,22.81011199951172,22.81011199951172,22.81011199951172,22.81011199951172,0,0.0,0.0
2013-08-30 00:00:00-03:00,22.81011199951172,22.81011199951172,22.81011199951172,22.81011199951172,0,0.0,0.0
2013-09-02 00:00:00-03:00,22.81011199951172,22.81011199951172,22.81011199951172,22.81011199951172,0,0.0,0.0
2013-09-03 00:00:00-03:00,22.81011199951172,22.81011199951172,22.81011199951172,22.81011199951172,0,0.0,0.0
2013-09-04 00:00:00-03:00,22.81011199951172,22.81011199951172,22.81011199951172,22.81011199951172,0,0.0,0.0
2013-09-05 00:00:00-03:00,22.81011199951172,22.81011199951172,22.81011199951172,22.81011199951172,0,0.0,0.0
2013-09-06 00:00:00-03:00,22.81011199951172,22.81011199951172,22.81011199951172,22.81011199951172,0,0.0,0.0
2013-09-09 00:00:00-03:00,22.81011199951172,22.81011199951172,22.81011199951172,22.81011199951172,0,0.0,0.0
2013-09-10 00:00:00-03:00,22.81011199951172,22.81011199951172,22.81011199951172,22.81011199951172,0,0.0,0.0
2013-09-11 00:00:00-03:00,22.81011199951172,22.81011199951172,22.81011199951172,22.81011199951172,0,0.0,0.0
2013-09-12 00:00:00-03:00,22.81011199951172,22.81011199951172,22.81011199951172,22.81011199951172,0,0.0,0.0
2013-09-13 00:00:00-03:00,22.81011199951172,22.81011199951172,22.81011199951172,22.81011199951172,0,0.0,0.0
2013-09-16 00:00:00-03:00,22.81011199951172,22.81011199951172,22.81011199951172,22.81011199951172,0,0.0,0.0
2013-09-17 00:00:00-03:00,22.81011199951172,22.81011199951172,22.81011199951172,22.81011199951172,0,0.0,0.0
2013-09-18 00:00:00-03:00,22.81011199951172,22.81011199951172,22.81011199951172,22.81011199951172,0,0.0,0.0
2013-09-19 00:00:00-03:00,22.81011199951172,22.81011199951172,22.81011199951172,22.81011199951172,0,0.0,0.0
2013-09-20 00:00:00-03:00,22.81011199951172,22.81011199951172,22.81011199951172,22.81011199951172,0,0.0,0.0
2013-09-23 00:00:00-03:00,22.81011199951172,22.81011199951172,22.81011199951172,22.81011199951172,0,0.0,0.0
2013-09-24 00:00:00-03:00,22.81011199951172,22.81011199951172,22.81011199951172,22.81011199951172,0,0.0,0.0
2013-09-25 00:00:00-03:00,22.81011199951172,22.81011199951172,22.81011199951172,22.81011199951172,0,0.0,0.0
2013-09-26 00:00:00-03:00,22.81011199951172,22.81011199951172,22.81011199951172,22.81011199951172,0,0.0,0.0
2013-09-27 00:00:00-03:00,22.81011199951172,22.81011199951172,22.81011199951172,22.81011199951172,0,0.0,0.0
2013-09-30 00:00:00-03:00,22.81011199951172,22.81011199951172,22.81011199951172,22.81011199951172,0,0.0,0.0
2013-10-01 00:00:00-03:00,22.81011199951172,22.81011199951172,22.81011199951172,22.81011199951172,0,0.0,0.0
2013-10-02 00:00:00-03:00,22.81011199951172,22.81011199951172,22.81011199951172,22.81011199951172,0,0.0,0.0
2013-10-03 00:00:00-03:00,22.81011199951172,22.81011199951172,22.81011199951172,22.81011199951172,0,0.0,0.0
2013-10-04 00:00:00-03:00,22.81011199951172,22.81011199951172,22.81011199951172,22.81011199951172,0,0.0,0.0
2013-10-07 00:00:00-03:00,22.81011199951172,22.81011199951172,22.81011199951172,22.81011199951172,0,0.0,0.0
2013-10-08 00:00:00-03:00,22.81011199951172,22.81011199951172,22.81011199951172,22.81011199951172,0,0.0,0.0
2013-10-09 00:00:00-03:00,22.81011199951172,22.81011199951172,22.81011199951172,22.81011199951172,0,0.0,0.0
2013-10-10 00:00:00-03:00,22.81011199951172,22.81011199951172,22.81011199951172,22.81011199951172,0,0.0,0.0
2013-10-11 00:00:00-03:00,22.81011199951172,22.81011199951172,22.81011199951172,22.81011199951172,0,0.0,0.0
2013-10-15 00:00:00-03:00,22.81011199951172,22.81011199951172,22.81011199951172,22.81011199951172,0,0.0,0.0
2013-10-16 00:00:00-03:00,22.81011199951172,22.81011199951172,22.81011199951172,22.81011199951172,0,0.0,0.0
2013-10-17 00:00:00-03:00,22.81011199951172,22.81011199951172,22.81011199951172,22.81011199951172,0,0.0,0.0
2013-10-18 00:00:00-03:00,22.81011199951172,22.81011199951172,22.81011199951172,22.81011199951172,0,0.0,0.0
2013-10-21 00:00:00-03:00,22.81011199951172,22.81011199951172,22.81011199951172,22.81011199951172,0,0.0,0.0
2013-10-22 00:00:00-03:00,22.81011199951172,22.81011199951172,22.81011199951172,22.81011199951172,0,0.0,0.0
2013-10-23 00:00:00-03:00,22.81011199951172,22.81011199951172,22.81011199951172,22.81011199951172,0,0.0,0.0
2013-10-24 00:00:00-03:00,22.81011199951172,22.81011199951172,22.81011199951172,22.81011199951172,0,0.0,0.0
2013-10-25 00:00:00-03:00,22.81011199951172,22.81011199951172,22.81011199951172,22.81011199951172,0,0.0,0.0
2013-10-28 00:00:00-03:00,22.81011199951172,22.81011199951172,22.81011199951172,22.81011199951172,0,0.0,0.0
2013-10-29 00:00:00-03:00,22.81011199951172,22.81011199951172,22.81011199951172,22.81011199951172,0,0.0,0.0
2013-10-30 00:00:00-03:00,22.81011199951172,22.81011199951172,22.81011199951172,22.81011199951172,0,0.0,0.0
2013-10-31 00:00:00-03:00,22.81011199951172,22.81011199951172,22.81011199951172,22.81011199951172,0,0.0,0.0
2013-11-01 00:00:00-03:00,22.81011199951172,22.81011199951172,22.81011199951172,22.81011199951172,0,0.0,0.0
2013-11-04 00:00:00-03:00,22.81011199951172,22.81011199951172,22.81011199951172,22.81011199951172,0,0.0,0.0
2013-11-05 00:00:00-03:00,22.81011199951172,22.81011199951172,22.81011199951172,22.81011199951172,0,0.0,0.0
2013-11-07 00:00:00-03:00,22.81011199951172,22.81011199951172,22.81011199951172,22.81011199951172,0,0.0,0.0
2013-11-08 00:00:00-03:00,22.81011199951172,22.81011199951172,22.81011199951172,22.81011199951172,0,0.0,0.0
2013-11-11 00:00:00-03:00,22.81011199951172,22.81011199951172,22.81011199951172,22.81011199951172,0,0.0,0.0
2013-11-12 00:00:00-03:00,22.81011199951172,22.81011199951172,22.81011199951172,22.81011199951172,0,0.0,0.0
2013-11-13 00:00:00-03:00,22.81011199951172,22.81011199951172,22.81011199951172,22.81011199951172,0,0.0,0.0
2013-11-14 00:00:00-03:00,22.81011199951172,22.81011199951172,22.81011199951172,22.81011199951172,0,0.0,0.0
2013-11-15 00:00:00-03:00,22.81011199951172,22.81011199951172,22.81011199951172,22.81011199951172,0,0.0,0.0
2013-11-18 00:00:00-03:00,22.81011199951172,22.81011199951172,22.81011199951172,22.81011199951172,0,0.0,0.0
2013-11-19 00:00:00-03:00,22.915775299072266,22.915775299072266,22.915775299072266,22.915775299072266,0,166.21875,0.0
2013-11-20 00:00:00-03:00,22.915775299072266,22.915775299072266,22.915775299072266,22.915775299072266,0,0.0,0.0
2013-11-21 00:00:00-03:00,22.915775299072266,22.915775299072266,22.915775299072266,22.915775299072266,0,0.0,0.0
2013-11-22 00:00:00-03:00,22.915775299072266,22.915775299072266,22.915775299072266,22.915775299072266,0,0.0,0.0
2013-11-26 00:00:00-03:00,22.915775299072266,22.915775299072266,22.915775299072266,22.915775299072266,0,0.0,0.0
2013-11-27 00:00:00-03:00,22.915775299072266,22.915775299072266,22.915775299072266,22.915775299072266,0,0.0,0.0
2013-11-28 00:00:00-03:00,22.915775299072266,22.915775299072266,22.915775299072266,22.915775299072266,0,0.0,0.0
2013-11-29 00:00:00-03:00,22.915775299072266,22.915775299072266,22.915775299072266,22.915775299072266,0,0.0,0.0
2013-12-02 00:00:00-03:00,22.915775299072266,22.915775299072266,22.915775299072266,22.915775299072266,0,0.0,0.0
2013-12-03 00:00:00-03:00,22.915775299072266,22.915775299072266,22.915775299072266,22.915775299072266,0,0.0,0.0
2013-12-04 00:00:00-03:00,22.915775299072266,22.915775299072266,22.915775299072266,22.915775299072266,0,0.0,0.0
2013-12-05 00:00:00-03:00,22.915775299072266,22.915775299072266,22.915775299072266,22.915775299072266,0,0.0,0.0
2013-12-06 00:00:00-03:00,22.915775299072266,22.915775299072266,22.915775299072266,22.915775299072266,0,0.0,0.0
2013-12-09 00:00:00-03:00,22.915775299072266,22.915775299072266,22.915775299072266,22.915775299072266,0,0.0,0.0
2013-12-10 00:00:00-03:00,22.915775299072266,22.915775299072266,22.915775299072266,22.915775299072266,0,0.0,0.0
2013-12-11 00:00:00-03:00,22.915775299072266,22.915775299072266,22.915775299072266,22.915775299072266,0,0.0,0.0
2013-12-12 00:00:00-03:00,22.915775299072266,22.915775299072266,22.915775299072266,22.915775299072266,0,0.0,0.0
2013-12-13 00:00:00-03:00,22.915775299072266,22.915775299072266,22.915775299072266,22.915775299072266,0,0.0,0.0
2013-12-16 00:00:00-03:00,22.915775299072266,22.915775299072266,22.915775299072266,22.915775299072266,0,0.0,0.0
2013-12-17 00:00:00-03:00,22.915775299072266,22.915775299072266,22.915775299072266,22.915775299072266,0,0.0,0.0
2013-12-18 00:00:00-03:00,22.915775299072266,22.915775299072266,22.915775299072266,22.915775299072266,0,0.0,0.0
2013-12-19 00:00:00-03:00,22.915775299072266,22.915775299072266,22.915775299072266,22.915775299072266,0,0.0,0.0
2013-12-20 00:00:00-03:00,22.915775299072266,22.915775299072266,22.915775299072266,22.915775299072266,0,0.0,0.0
2013-12-23 00:00:00-03:00,22.915775299072266,22.915775299072266,22.915775299072266,22.915775299072266,0,0.0,0.0
2013-12-26 00:00:00-03:00,22.915775299072266,22.915775299072266,22.915775299072266,22.915775299072266,0,0.0,0.0
2013-12-27 00:00:00-03:00,22.915775299072266,22.915775299072266,22.915775299072266,22.915775299072266,0,0.0,0.0
2013-12-30 00:00:00-03:00,22.915775299072266,22.915775299072266,22.915775299072266,22.915775299072266,0,0.0,0.0
2014-01-02 00:00:00-03:00,22.915775299072266,22.915775299072266,22.915775299072266,22.915775299072266,0,0.0,0.0
2014-01-03 00:00:00-03:00,22.915775299072266,22.915775299072266,22.915775299072266,22.915775299072266,0,0.0,0.0
2014-01-06 00:00:00-03:00,22.915775299072266,22.915775299072266,22.915775299072266,22.915775299072266,0,0.0,0.0
2014-01-07 00:00:00-03:00,22.915775299072266,22.915775299072266,22.915775299072266,22.915775299072266,0,0.0,0.0
2014-01-08 00:00:00-03:00,22.915775299072266,22.915775299072266,22.915775299072266,22.915775299072266,0,0.0,0.0
2014-01-09 00:00:00-03:00,22.915775299072266,22.915775299072266,22.915775299072266,22.915775299072266,0,0.0,0.0
2014-01-10 00:00:00-03:00,22.915775299072266,22.915775299072266,22.915775299072266,22.915775299072266,0,0.0,0.0
2014-01-13 00:00:00-03:00,22.915775299072266,22.915775299072266,22.915775299072266,22.915775299072266,0,0.0,0.0
2014-01-14 00:00:00-03:00,22.915775299072266,22.915775299072266,22.915775299072266,22.915775299072266,0,0.0,0.0
2014-01-15 00:00:00-03:00,22.915775299072266,22.915775299072266,22.915775299072266,22.915775299072266,0,0.0,0.0
2014-01-16 00:00:00-03:00,22.915775299072266,22.915775299072266,22.915775299072266,22.915775299072266,0,0.0,0.0
2014-01-17 00:00:00-03:00,22.915775299072266,22.915775299072266,22.915775299072266,22.915775299072266,0,0.0,0.0
2014-01-20 00:00:00-03:00,22.915775299072266,22.915775299072266,22.915775299072266,22.915775299072266,0,0.0,0.0
2014-01-21 00:00:00-03:00,22.915775299072266,22.915775299072266,22.915775299072266,22.915775299072266,0,0.0,0.0
2014-01-22 00:00:00-03:00,22.915775299072266,22.915775299072266,22.915775299072266,22.915775299072266,0,0.0,0.0
2014-01-23 00:00:00-03:00,22.915775299072266,22.915775299072266,22.915775299072266,22.915775299072266,0,0.0,0.0
2014-01-24 00:00:00-03:00,22.915775299072266,22.915775299072266,22.915775299072266,22.915775299072266,0,0.0,0.0
2014-01-27 00:00:00-03:00,22.915775299072266,22.915775299072266,22.915775299072266,22.915775299072266,0,0.0,0.0
2014-01-28 00:00:00-03:00,22.915775299072266,22.915775299072266,22.915775299072266,22.915775299072266,0,0.0,0.0
2014-01-29 00:00:00-03:00,22.915775299072266,22.915775299072266,22.915775299072266,22.915775299072266,0,0.0,0.0
2014-01-30 00:00:00-03:00,22.915775299072266,22.915775299072266,22.915775299072266,22.915775299072266,0,0.0,0.0
2014-01-31 00:00:00-03:00,22.915775299072266,22.915775299072266,22.915775299072266,22.915775299072266,0,0.0,0.0
2014-02-03 00:00:00-03:00,22.915775299072266,22.915775299072266,22.915775299072266,22.915775299072266,0,0.0,0.0
2014-02-04 00:00:00-03:00,22.915775299072266,22.915775299072266,22.915775299072266,22.915775299072266,0,0.0,0.0
2014-02-05 00:00:00-03:00,22.915775299072266,22.915775299072266,22.915775299072266,22.915775299072266,0,0.0,0.0
2014-02-06 00:00:00-03:00,22.915775299072266,22.915775299072266,22.915775299072266,22.915775299072266,0,0.0,0.0
2014-02-07 00:00:00-03:00,22.915775299072266,22.915775299072266,22.915775299072266,22.915775299072266,0,0.0,0.0
2014-02-10 00:00:00-03:00,22.915775299072266,22.915775299072266,22.915775299072266,22.915775299072266,0,0.0,0.0
2014-02-11 00:00:00-03:00,22.915775299072266,22.915775299072266,22.915775299072266,22.915775299072266,0,0.0,0.0
2014-02-12 00:00:00-03:00,22.915775299072266,22.915775299072266,22.915775299072266,22.915775299072266,0,0.0,0.0
2014-02-13 00:00:00-03:00,22.915775299072266,22.915775299072266,22.915775299072266,22.915775299072266,0,0.0,0.0
2014-02-14 00:00:00-03:00,22.915775299072266,22.915775299072266,22.915775299072266,22.915775299072266,0,0.0,0.0
2014-02-17 00:00:00-03:00,22.915775299072266,22.915775299072266,22.915775299072266,22.915775299072266,0,0.0,0.0
2014-02-18 00:00:00-03:00,22.915775299072266,22.915775299072266,22.915775299072266,22.915775299072266,0,0.0,0.0
2014-02-19 00:00:00-03:00,22.915775299072266,22.915775299072266,22.915775299072266,22.915775299072266,0,0.0,0.0
2014-02-20 00:00:00-03:00,22.915775299072266,22.915775299072266,22.915775299072266,22.915775299072266,0,0.0,0.0
2014-02-21 00:00:00-03:00,22.915775299072266,22.915775299072266,22.915775299072266,22.915775299072266,0,0.0,0.0
2014-02-24 00:00:00-03:00,22.915775299072266,22.915775299072266,22.915775299072266,22.915775299072266,0,0.0,0.0
2014-02-25 00:00:00-03:00,23.021909713745117,23.021909713745117,23.021909713745117,23.021909713745117,0,166.21875,0.0
2014-02-26 00:00:00-03:00,23.021909713745117,23.021909713745117,23.021909713745117,23.021909713745117,0,0.0,0.0
2014-02-27 00:00:00-03:00,23.021909713745117,23.021909713745117,23.021909713745117,23.021909713745117,0,0.0,0.0
2014-02-28 00:00:00-03:00,23.021909713745117,23.021909713745117,23.021909713745117,23.021909713745117,0,0.0,0.0
2014-03-03 00:00:00-03:00,23.021909713745117,23.021909713745117,23.021909713745117,23.021909713745117,0,0.0,0.0
2014-03-04 00:00:00-03:00,23.021909713745117,23.021909713745117,23.021909713745117,23.021909713745117,0,0.0,0.0
2014-03-05 00:00:00-03:00,23.021909713745117,23.021909713745117,23.021909713745117,23.021909713745117,0,0.0,0.0
2014-03-06 00:00:00-03:00,23.021909713745117,23.021909713745117,23.021909713745117,23.021909713745117,0,0.0,0.0
2014-03-07 00:00:00-03:00,23.021909713745117,23.021909713745117,23.021909713745117,23.021909713745117,0,0.0,0.0
2014-03-10 00:00:00-03:00,23.021909713745117,23.021909713745117,23.021909713745117,23.021909713745117,0,0.0,0.0
2014-03-11 00:00:00-03:00,23.021909713745117,23.021909713745117,23.021909713745117,23.021909713745117,0,0.0,0.0
2014-03-12 00:00:00-03:00,23.021909713745117,23.021909713745117,23.021909713745117,23.021909713745117,0,0.0,0.0
2014-03-13 00:00:00-03:00,23.021909713745117,23.021909713745117,23.021909713745117,23.021909713745117,0,0.0,0.0
2014-03-14 00:00:00-03:00,23.021909713745117,23.021909713745117,23.021909713745117,23.021909713745117,0,0.0,0.0
2014-03-17 00:00:00-03:00,23.021909713745117,23.021909713745117,23.021909713745117,23.021909713745117,0,0.0,0.0
2014-03-18 00:00:00-03:00,23.021909713745117,23.021909713745117,23.021909713745117,23.021909713745117,0,0.0,0.0
2014-03-19 00:00:00-03:00,23.021909713745117,23.021909713745117,23.021909713745117,23.021909713745117,0,0.0,0.0
2014-03-20 00:00:00-03:00,23.021909713745117,23.021909713745117,23.021909713745117,23.021909713745117,0,0.0,0.0
2014-03-21 00:00:00-03:00,23.021909713745117,23.021909713745117,23.021909713745117,23.021909713745117,0,0.0,0.0
2014-03-25 00:00:00-03:00,23.021909713745117,23.021909713745117,23.021909713745117,23.021909713745117,0,0.0,0.0
2014-03-26 00:00:00-03:00,23.021909713745117,23.021909713745117,23.021909713745117,23.021909713745117,0,0.0,0.0
2014-03-27 00:00:00-03:00,23.021909713745117,23.021909713745117,23.021909713745117,23.021909713745117,0,0.0,0.0
2014-03-28 00:00:00-03:00,23.021909713745117,23.021909713745117,23.021909713745117,23.021909713745117,0,0.0,0.0
2014-03-31 00:00:00-03:00,23.021909713745117,23.021909713745117,23.021909713745117,23.021909713745117,0,0.0,0.0
2014-04-01 00:00:00-03:00,23.021909713745117,23.021909713745117,23.021909713745117,23.021909713745117,0,0.0,0.0
2014-04-03 00:00:00-03:00,23.021909713745117,23.021909713745117,23.021909713745117,23.021909713745117,0,0.0,0.0
2014-04-04 00:00:00-03:00,23.021909713745117,23.021909713745117,23.021909713745117,23.021909713745117,0,0.0,0.0
2014-04-07 00:00:00-03:00,23.021909713745117,23.021909713745117,23.021909713745117,23.021909713745117,0,0.0,0.0
2014-04-08 00:00:00-03:00,23.021909713745117,23.021909713745117,23.021909713745117,23.021909713745117,0,0.0,0.0
2014-04-09 00:00:00-03:00,23.021909713745117,23.021909713745117,23.021909713745117,23.021909713745117,0,0.0,0.0
2014-04-10 00:00:00-03:00,23.021909713745117,23.021909713745117,23.021909713745117,23.021909713745117,0,0.0,0.0
2014-04-11 00:00:00-03:00,23.021909713745117,23.021909713745117,23.021909713745117,23.021909713745117,0,0.0,0.0
2014-04-14 00:00:00-03:00,23.021909713745117,23.021909713745117,23.021909713745117,23.021909713745117,0,0.0,0.0
2014-04-15 00:00:00-03:00,23.021909713745117,23.021909713745117,23.021909713745117,23.021909713745117,0,0.0,0.0
2014-04-16 00:00:00-03:00,23.021909713745117,23.021909713745117,23.021909713745117,23.021909713745117,0,0.0,0.0
2014-04-17 00:00:00-03:00,23.021909713745117,23.021909713745117,23.021909713745117,23.021909713745117,0,0.0,0.0
2014-04-18 00:00:00-03:00,23.021909713745117,23.021909713745117,23.021909713745117,23.021909713745117,0,0.0,0.0
2014-04-21 00:00:00-03:00,23.021909713745117,23.021909713745117,23.021909713745117,23.021909713745117,0,0.0,0.0
2014-04-22 00:00:00-03:00,23.021909713745117,23.021909713745117,23.021909713745117,23.021909713745117,0,0.0,0.0
2014-04-23 00:00:00-03:00,23.021909713745117,23.021909713745117,23.021909713745117,23.021909713745117,0,0.0,0.0
2014-04-24 00:00:00-03:00,23.021909713745117,23.021909713745117,23.021909713745117,23.021909713745117,0,0.0,0.0
2014-04-25 00:00:00-03:00,23.021909713745117,23.021909713745117,23.021909713745117,23.021909713745117,0,0.0,0.0
2014-04-28 00:00:00-03:00,23.021909713745117,23.021909713745117,23.021909713745117,23.021909713745117,0,0.0,0.0
2014-04-29 00:00:00-03:00,23.021909713745117,23.021909713745117,23.021909713745117,23.021909713745117,0,0.0,0.0
2014-04-30 00:00:00-03:00,23.021909713745117,23.021909713745117,23.021909713745117,23.021909713745117,0,0.0,0.0
2014-05-02 00:00:00-03:00,23.021909713745117,23.021909713745117,23.021909713745117,23.021909713745117,0,0.0,0.0
2014-05-05 00:00:00-03:00,23.021909713745117,23.021909713745117,23.021909713745117,23.021909713745117,0,0.0,0.0
2014-05-06 00:00:00-03:00,23.021909713745117,23.021909713745117,23.021909713745117,23.021909713745117,0,0.0,0.0
2014-05-07 00:00:00-03:00,23.021909713745117,23.021909713745117,23.021909713745117,23.021909713745117,0,0.0,0.0
2014-05-08 00:00:00-03:00,23.021909713745117,23.021909713745117,23.021909713745117,23.021909713745117,0,0.0,0.0
2014-05-09 00:00:00-03:00,23.021909713745117,23.021909713745117,23.021909713745117,23.021909713745117,0,0.0,0.0
2014-05-12 00:00:00-03:00,23.021909713745117,23.021909713745117,23.021909713745117,23.021909713745117,0,0.0,0.0
2014-05-13 00:00:00-03:00,23.021909713745117,23.021909713745117,23.021909713745117,23.021909713745117,0,0.0,0.0
2014-05-14 00:00:00-03:00,23.021909713745117,23.021909713745117,23.021909713745117,23.021909713745117,0,0.0,0.0
2014-05-15 00:00:00-03:00,23.021909713745117,23.021909713745117,23.021909713745117,23.021909713745117,0,0.0,0.0
2014-05-16 00:00:00-03:00,23.021909713745117,23.021909713745117,23.021909713745117,23.021909713745117,0,0.0,0.0
2014-05-19 00:00:00-03:00,23.021909713745117,23.021909713745117,23.021909713745117,23.021909713745117,0,0.0,0.0
2014-05-20 00:00:00-03:00,23.128549575805664,23.128549575805664,23.128549575805664,23.128549575805664,0,166.21875,0.0
2014-05-21 00:00:00-03:00,23.128549575805664,23.128549575805664,23.128549575805664,23.128549575805664,0,0.0,0.0
2014-05-22 00:00:00-03:00,23.128549575805664,23.128549575805664,23.128549575805664,23.128549575805664,0,0.0,0.0
2014-05-23 00:00:00-03:00,23.128549575805664,23.128549575805664,23.128549575805664,23.128549575805664,0,0.0,0.0
2014-05-26 00:00:00-03:00,23.128549575805664,23.128549575805664,23.128549575805664,23.128549575805664,0,0.0,0.0
2014-05-27 00:00:00-03:00,23.128549575805664,23.128549575805664,23.128549575805664,23.128549575805664,0,0.0,0.0
2014-05-28 00:00:00-03:00,23.128549575805664,23.128549575805664,23.128549575805664,23.128549575805664,0,0.0,0.0
2014-05-29 00:00:00-03:00,23.128549575805664,23.128549575805664,23.128549575805664,23.128549575805664,0,0.0,0.0
2014-05-30 00:00:00-03:00,23.128549575805664,23.128549575805664,23.128549575805664,23.128549575805664,0,0.0,0.0
2014-06-02 00:00:00-03:00,23.128549575805664,23.128549575805664,23.128549575805664,23.128549575805664,0,0.0,0.0
2014-06-03 00:00:00-03:00,23.128549575805664,23.128549575805664,23.128549575805664,23.128549575805664,0,0.0,0.0
2014-06-04 00:00:00-03:00,23.128549575805664,23.128549575805664,23.128549575805664,23.128549575805664,0,0.0,0.0
2014-06-05 00:00:00-03:00,23.128549575805664,23.128549575805664,23.128549575805664,23.128549575805664,0,0.0,0.0
2014-06-06 00:00:00-03:00,23.128549575805664,23.128549575805664,23.128549575805664,23.128549575805664,0,0.0,0.0
2014-06-09 00:00:00-03:00,23.128549575805664,23.128549575805664,23.128549575805664,23.128549575805664,0,0.0,0.0
2014-06-10 00:00:00-03:00,23.128549575805664,23.128549575805664,23.128549575805664,23.128549575805664,0,0.0,0.0
2014-06-11 00:00:00-03:00,23.128549575805664,23.128549575805664,23.128549575805664,23.128549575805664,0,0.0,0.0
2014-06-12 00:00:00-03:00,23.128549575805664,23.128549575805664,23.128549575805664,23.128549575805664,0,0.0,0.0
2014-06-13 00:00:00-03:00,23.128549575805664,23.128549575805664,23.128549575805664,23.128549575805664,0,0.0,0.0
2014-06-16 00:00:00-03:00,23.128549575805664,23.128549575805664,23.128549575805664,23.128549575805664,0,0.0,0.0
2014-06-17 00:00:00-03:00,23.128549575805664,23.128549575805664,23.128549575805664,23.128549575805664,0,0.0,0.0
2014-06-18 00:00:00-03:00,23.128549575805664,23.128549575805664,23.128549575805664,23.128549575805664,0,0.0,0.0
2014-06-19 00:00:00-03:00,23.128549575805664,23.128549575805664,23.128549575805664,23.128549575805664,0,0.0,0.0
2014-06-23 00:00:00-03:00,23.128549575805664,23.128549575805664,23.128549575805664,23.128549575805664,0,0.0,0.0
2014-06-24 00:00:00-03:00,23.128549575805664,23.128549575805664,23.128549575805664,23.128549575805664,0,0.0,0.0
2014-06-25 00:00:00-03:00,23.128549575805664,23.128549575805664,23.128549575805664,23.128549575805664,0,0.0,0.0
2014-06-26 00:00:00-03:00,23.128549575805664,23.128549575805664,23.128549575805664,23.128549575805664,0,0.0,0.0
2014-06-27 00:00:00-03:00,23.128549575805664,23.128549575805664,23.128549575805664,23.128549575805664,0,0.0,0.0
2014-06-30 00:00:00-03:00,23.128549575805664,23.128549575805664,23.128549575805664,23.128549575805664,0,0.0,0.0
2014-07-01 00:00:00-03:00,23.128549575805664,23.128549575805664,23.128549575805664,23.128549575805664,0,0.0,0.0
2014-07-02 00:00:00-03:00,23.128549575805664,23.128549575805664,23.128549575805664,23.128549575805664,0,0.0,0.0
2014-07-03 00:00:00-03:00,23.128549575805664,23.128549575805664,23.128549575805664,23.128549575805664,0,0.0,0.0
2014-07-04 00:00:00-03:00,23.128549575805664,23.128549575805664,23.128549575805664,23.128549575805664,0,0.0,0.0
2014-07-07 00:00:00-03:00,23.128549575805664,23.128549575805664,23.128549575805664,23.128549575805664,0,0.0,0.0
2014-07-08 00:00:00-03:00,23.128549575805664,23.128549575805664,23.128549575805664,23.128549575805664,0,0.0,0.0
2014-07-10 00:00:00-03:00,23.128549575805664,23.128549575805664,23.128549575805664,23.128549575805664,0,0.0,0.0
2014-07-11 00:00:00-03:00,23.128549575805664,23.128549575805664,23.128549575805664,23.128549575805664,0,0.0,0.0
2014-07-14 00:00:00-03:00,23.128549575805664,23.128549575805664,23.128549575805664,23.128549575805664,0,0.0,0.0
2014-07-15 00:00:00-03:00,23.128549575805664,23.128549575805664,23.128549575805664,23.128549575805664,0,0.0,0.0
2014-07-16 00:00:00-03:00,23.128549575805664,23.128549575805664,23.128549575805664,23.128549575805664,0,0.0,0.0
2014-07-17 00:00:00-03:00,23.128549575805664,23.128549575805664,23.128549575805664,23.128549575805664,0,0.0,0.0
2014-07-18 00:00:00-03:00,23.128549575805664,23.128549575805664,23.128549575805664,23.128549575805664,0,0.0,0.0
2014-07-21 00:00:00-03:00,23.128549575805664,23.128549575805664,23.128549575805664,23.128549575805664,0,0.0,0.0
2014-07-22 00:00:00-03:00,23.128549575805664,23.128549575805664,23.128549575805664,23.128549575805664,0,0.0,0.0
2014-07-23 00:00:00-03:00,23.128549575805664,23.128549575805664,23.128549575805664,23.128549575805664,0,0.0,0.0
2014-07-24 00:00:00-03:00,23.128549575805664,23.128549575805664,23.128549575805664,23.128549575805664,0,0.0,0.0
2014-07-25 00:00:00-03:00,23.128549575805664,23.128549575805664,23.128549575805664,23.128549575805664,0,0.0,0.0
2014-07-28 00:00:00-03:00,23.128549575805664,23.128549575805664,23.128549575805664,23.128549575805664,0,0.0,0.0
2014-07-29 00:00:00-03:00,23.128549575805664,23.128549575805664,23.128549575805664,23.128549575805664,0,0.0,0.0
2014-07-30 00:00:00-03:00,23.128549575805664,23.128549575805664,23.128549575805664,23.128549575805664,0,0.0,0.0
2014-07-31 00:00:00-03:00,23.128549575805664,23.128549575805664,23.128549575805664,23.128549575805664,0,0.0,0.0
2014-08-01 00:00:00-03:00,23.128549575805664,23.128549575805664,23.128549575805664,23.128549575805664,0,0.0,0.0
2014-08-04 00:00:00-03:00,23.128549575805664,23.128549575805664,23.128549575805664,23.128549575805664,0,0.0,0.0
2014-08-05 00:00:00-03:00,23.128549575805664,23.128549575805664,23.128549575805664,23.128549575805664,0,0.0,0.0
2014-08-06 00:00:00-03:00,23.128549575805664,23.128549575805664,23.128549575805664,23.128549575805664,0,0.0,0.0
2014-08-07 00:00:00-03:00,23.128549575805664,23.128549575805664,23.128549575805664,23.128549575805664,0,0.0,0.0
2014-08-08 00:00:00-03:00,23.128549575805664,23.128549575805664,23.128549575805664,23.128549575805664,0,0.0,0.0
2014-08-11 00:00:00-03:00,23.128549575805664,23.128549575805664,23.128549575805664,23.128549575805664,0,0.0,0.0
2014-08-12 00:00:00-03:00,23.128549575805664,23.128549575805664,23.128549575805664,23.128549575805664,0,0.0,0.0
2014-08-13 00:00:00-03:00,23.128549575805664,23.128549575805664,23.128549575805664,23.128549575805664,0,0.0,0.0
2014-08-14 00:00:00-03:00,23.128549575805664,23.128549575805664,23.128549575805664,23.128549575805664,0,0.0,0.0
2014-08-15 00:00:00-03:00,23.128549575805664,23.128549575805664,23.128549575805664,23.128549575805664,0,0.0,0.0
2014-08-18 00:00:00-03:00,23.128549575805664,23.128549575805664,23.128549575805664,23.128549575805664,0,0.0,0.0
2014-08-19 00:00:00-03:00,23.23568344116211,23.23568344116211,23.23568344116211,23.23568344116211,0,166.21875,0.0
2014-08-21 00:00:00-03:00,23.23568344116211,23.23568344116211,23.23568344116211,23.23568344116211,0,0.0,0.0
2014-08-22 00:00:00-03:00,23.23568344116211,23.23568344116211,23.23568344116211,23.23568344116211,0,0.0,0.0
2014-08-25 00:00:00-03:00,23.23568344116211,23.23568344116211,23.23568344116211,23.23568344116211,0,0.0,0.0
2014-08-26 00:00:00-03:00,23.23568344116211,23.23568344116211,23.23568344116211,23.23568344116211,0,0.0,0.0
2014-08-27 00:00:00-03:00,23.23568344116211,23.23568344116211,23.23568344116211,23.23568344116211,0,0.0,0.0
2014-08-28 00:00:00-03:00,23.23568344116211,23.23568344116211,23.23568344116211,23.23568344116211,0,0.0,0.0
2014-08-29 00:00:00-03:00,23.23568344116211,23.23568344116211,23.23568344116211,23.23568344116211,0,0.0,0.0
2014-09-01 00:00:00-03:00,23.23568344116211,23.23568344116211,23.23568344116211,23.23568344116211,0,0.0,0.0
2014-09-02 00:00:00-03:00,23.23568344116211,23.23568344116211,23.23568344116211,23.23568344116211,0,0.0,0.0
2014-09-03 00:00:00-03:00,23.23568344116211,23.23568344116211,23.23568344116211,23.23568344116211,0,0.0,0.0
2014-09-04 00:00:00-03:00,23.23568344116211,23.23568344116211,23.23568344116211,23.23568344116211,0,0.0,0.0
2014-09-05 00:00:00-03:00,23.23568344116211,23.23568344116211,23.23568344116211,23.23568344116211,0,0.0,0.0
2014-09-08 00:00:00-03:00,23.23568344116211,23.23568344116211,23.23568344116211,23.23568344116211,0,0.0,0.0
2014-09-09 00:00:00-03:00,23.23568344116211,23.23568344116211,23.23568344116211,23.23568344116211,0,0.0,0.0
2014-09-10 00:00:00-03:00,23.23568344116211,23.23568344116211,23.23568344116211,23.23568344116211,0,0.0,0.0
2014-09-11 00:00:00-03:00,23.23568344116211,23.23568344116211,23.23568344116211,23.23568344116211,0,0.0,0.0
2014-09-12 00:00:00-03:00,23.23568344116211,23.23568344116211,23.23568344116211,23.23568344116211,0,0.0,0.0
2014-09-15 00:00:00-03:00,23.23568344116211,23.23568344116211,23.23568344116211,23.23568344116211,0,0.0,0.0
2014-09-16 00:00:00-03:00,23.23568344116211,23.23568344116211,23.23568344116211,23.23568344116211,0,0.0,0.0
2014-09-17 00:00:00-03:00,23.23568344116211,23.23568344116211,23.23568344116211,23.23568344116211,0,0.0,0.0
2014-09-18 00:00:00-03:00,23.23568344116211,23.23568344116211,23.23568344116211,23.23568344116211,0,0.0,0.0
2014-09-19 00:00:00-03:00,23.23568344116211,23.23568344116211,23.23568344116211,23.23568344116211,0,0.0,0.0
2014-09-22 00:00:00-03:00,23.23568344116211,23.23568344116211,23.23568344116211,23.23568344116211,0,0.0,0.0
2014-09-23 00:00:00-03:00,23.23568344116211,23.23568344116211,23.23568344116211,23.23568344116211,0,0.0,0.0
2014-09-24 00:00:00-03:00,23.23568344116211,23.23568344116211,23.23568344116211,23.23568344116211,0,0.0,0.0
2014-09-25 00:00:00-03:00,23.23568344116211,23.23568344116211,23.23568344116211,23.23568344116211,0,0.0,0.0
2014-09-26 00:00:00-03:00,23.23568344116211,23.23568344116211,23.23568344116211,23.23568344116211,0,0.0,0.0
2014-09-29 00:00:00-03:00,23.23568344116211,23.23568344116211,23.23568344116211,23.23568344116211,0,0.0,0.0
2014-09-30 00:00:00-03:00,23.23568344116211,23.23568344116211,23.23568344116211,23.23568344116211,0,0.0,0.0
2014-10-01 00:00:00-03:00,23.23568344116211,23.23568344116211,23.23568344116211,23.23568344116211,0,0.0,0.0
2014-10-02 00:00:00-03:00,23.23568344116211,23.23568344116211,23.23568344116211,23.23568344116211,0,0.0,0.0
2014-10-03 00:00:00-03:00,23.23568344116211,23.23568344116211,23.23568344116211,23.23568344116211,0,0.0,0.0
2014-10-06 00:00:00-03:00,23.23568344116211,23.23568344116211,23.23568344116211,23.23568344116211,0,0.0,0.0
2014-10-07 00:00:00-03:00,23.23568344116211,23.23568344116211,23.23568344116211,23.23568344116211,0,0.0,0.0
2014-10-08 00:00:00-03:00,23.23568344116211,23.23568344116211,23.23568344116211,23.23568344116211,0,0.0,0.0
2014-10-09 00:00:00-03:00,23.23568344116211,23.23568344116211,23.23568344116211,23.23568344116211,0,0.0,0.0
2014-10-10 00:00:00-03:00,23.23568344116211,23.23568344116211,23.23568344116211,23.23568344116211,0,0.0,0.0
2014-10-13 00:00:00-03:00,23.23568344116211,23.23568344116211,23.23568344116211,23.23568344116211,0,0.0,0.0
2014-10-14 00:00:00-03:00,23.23568344116211,23.23568344116211,23.23568344116211,23.23568344116211,0,0.0,0.0
2014-10-15 00:00:00-03:00,23.23568344116211,23.23568344116211,23.23568344116211,23.23568344116211,0,0.0,0.0
2014-10-16 00:00:00-03:00,23.23568344116211,23.23568344116211,23.23568344116211,23.23568344116211,0,0.0,0.0
2014-10-17 00:00:00-03:00,23.23568344116211,23.23568344116211,23.23568344116211,23.23568344116211,0,0.0,0.0
2014-10-20 00:00:00-03:00,23.23568344116211,23.23568344116211,23.23568344116211,23.23568344116211,0,0.0,0.0
2014-10-21 00:00:00-03:00,23.23568344116211,23.23568344116211,23.23568344116211,23.23568344116211,0,0.0,0.0
2014-10-22 00:00:00-03:00,23.23568344116211,23.23568344116211,23.23568344116211,23.23568344116211,0,0.0,0.0
2014-10-23 00:00:00-03:00,23.23568344116211,23.23568344116211,23.23568344116211,23.23568344116211,0,0.0,0.0
2014-10-24 00:00:00-03:00,23.23568344116211,23.23568344116211,23.23568344116211,23.23568344116211,0,0.0,0.0
2014-10-27 00:00:00-03:00,23.23568344116211,23.23568344116211,23.23568344116211,23.23568344116211,0,0.0,0.0
2014-10-28 00:00:00-03:00,23.23568344116211,23.23568344116211,23.23568344116211,23.23568344116211,0,0.0,0.0
2014-10-29 00:00:00-03:00,23.23568344116211,23.23568344116211,23.23568344116211,23.23568344116211,0,0.0,0.0
2014-10-30 00:00:00-03:00,23.23568344116211,23.23568344116211,23.23568344116211,23.23568344116211,0,0.0,0.0
2014-10-31 00:00:00-03:00,23.23568344116211,23.23568344116211,23.23568344116211,23.23568344116211,0,0.0,0.0
2014-11-03 00:00:00-03:00,23.23568344116211,23.23568344116211,23.23568344116211,23.23568344116211,0,0.0,0.0
2014-11-04 00:00:00-03:00,23.23568344116211,23.23568344116211,23.23568344116211,23.23568344116211,0,0.0,0.0
2014-11-05 00:00:00-03:00,23.23568344116211,23.23568344116211,23.23568344116211,23.23568344116211,0,0.0,0.0
2014-11-07 00:00:00-03:00,23.23568344116211,23.23568344116211,23.23568344116211,23.23568344116211,0,0.0,0.0
2014-11-10 00:00:00-03:00,23.23568344116211,23.23568344116211,23.23568344116211,23.23568344116211,0,0.0,0.0
2014-11-11 00:00:00-03:00,23.23568344116211,23.23568344116211,23.23568344116211,23.23568344116211,0,0.0,0.0
2014-11-12 00:00:00-03:00,23.23568344116211,23.23568344116211,23.23568344116211,23.23568344116211,0,0.0,0.0
2014-11-13 00:00:00-03:00,23.23568344116211,23.23568344116211,23.23568344116211,23.23568344116211,0,0.0,0.0
2014-11-14 00:00:00-03:00,23.23568344116211,23.23568344116211,23.23568344116211,23.23568344116211,0,0.0,0.0
2014-11-17 00:00:00-03:00,23.23568344116211,23.23568344116211,23.23568344116211,23.23568344116211,0,0.0,0.0
2014-11-18 00:00:00-03:00,23.311824798583984,23.311824798583984,23.311824798583984,23.311824798583984,0,117.74937,0.0
2014-11-19 00:00:00-03:00,23.311824798583984,23.311824798583984,23.311824798583984,23.311824798583984,0,0.0,0.0
2014-11-20 00:00:00-03:00,23.311824798583984,23.311824798583984,23.311824798583984,23.311824798583984,0,0.0,0.0
2014-11-21 00:00:00-03:00,23.311824798583984,23.311824798583984,23.311824798583984,23.311824798583984,0,0.0,0.0
2014-11-24 00:00:00-03:00,23.311824798583984,23.311824798583984,23.311824798583984,23.311824798583984,0,0.0,0.0
2014-11-25 00:00:00-03:00,23.311824798583984,23.311824798583984,23.311824798583984,23.311824798583984,0,0.0,0.0
2014-11-26 00:00:00-03:00,23.311824798583984,23.311824798583984,23.311824798583984,23.311824798583984,0,0.0,0.0
2014-11-27 00:00:00-03:00,23.311824798583984,23.311824798583984,23.311824798583984,23.311824798583984,0,0.0,0.0
2014-11-28 00:00:00-03:00,23.311824798583984,23.311824798583984,23.311824798583984,23.311824798583984,0,0.0,0.0
2014-12-01 00:00:00-03:00,23.311824798583984,23.311824798583984,23.311824798583984,23.311824798583984,0,0.0,0.0
2014-12-02 00:00:00-03:00,23.311824798583984,23.311824798583984,23.311824798583984,23.311824798583984,0,0.0,0.0
2014-12-03 00:00:00-03:00,23.311824798583984,23.311824798583984,23.311824798583984,23.311824798583984,0,0.0,0.0
2014-12-04 00:00:00-03:00,23.311824798583984,23.311824798583984,23.311824798583984,23.311824798583984,0,0.0,0.0
2014-12-05 00:00:00-03:00,23.311824798583984,23.311824798583984,23.311824798583984,23.311824798583984,0,0.0,0.0
2014-12-09 00:00:00-03:00,23.311824798583984,23.311824798583984,23.311824798583984,23.311824798583984,0,0.0,0.0
2014-12-10 00:00:00-03:00,23.311824798583984,23.311824798583984,23.311824798583984,23.311824798583984,0,0.0,0.0
2014-12-11 00:00:00-03:00,23.311824798583984,23.311824798583984,23.311824798583984,23.311824798583984,0,0.0,0.0
2014-12-12 00:00:00-03:00,23.311824798583984,23.311824798583984,23.311824798583984,23.311824798583984,0,0.0,0.0
2014-12-15 00:00:00-03:00,23.311824798583984,23.311824798583984,23.311824798583984,23.311824798583984,0,0.0,0.0
2014-12-16 00:00:00-03:00,23.311824798583984,23.311824798583984,23.311824798583984,23.311824798583984,0,0.0,0.0
2014-12-17 00:00:00-03:00,23.311824798583984,23.311824798583984,23.311824798583984,23.311824798583984,0,0.0,0.0
2014-12-18 00:00:00-03:00,23.311824798583984,23.311824798583984,23.311824798583984,23.311824798583984,0,0.0,0.0
2014-12-19 00:00:00-03:00,23.311824798583984,23.311824798583984,23.311824798583984,23.311824798583984,0,0.0,0.0
2014-12-22 00:00:00-03:00,23.311824798583984,23.311824798583984,23.311824798583984,23.311824798583984,0,0.0,0.0
2014-12-23 00:00:00-03:00,23.311824798583984,23.311824798583984,23.311824798583984,23.311824798583984,0,0.0,0.0
2014-12-29 00:00:00-03:00,23.311824798583984,23.311824798583984,23.311824798583984,23.311824798583984,0,0.0,0.0
2014-12-30 00:00:00-03:00,23.311824798583984,23.311824798583984,23.311824798583984,23.311824798583984,0,0.0,0.0
2015-01-02 00:00:00-03:00,23.311824798583984,23.311824798583984,23.311824798583984,23.311824798583984,0,0.0,0.0
2015-01-05 00:00:00-03:00,23.311824798583984,23.311824798583984,23.311824798583984,23.311824798583984,0,0.0,0.0
2015-01-06 00:00:00-03:00,23.311824798583984,23.311824798583984,23.311824798583984,23.311824798583984,0,0.0,0.0
2015-01-07 00:00:00-03:00,23.311824798583984,23.311824798583984,23.311824798583984,23.311824798583984,0,0.0,0.0
2015-01-08 00:00:00-03:00,23.311824798583984,23.311824798583984,23.311824798583984,23.311824798583984,0,0.0,0.0
2015-01-09 00:00:00-03:00,23.311824798583984,23.311824798583984,23.311824798583984,23.311824798583984,0,0.0,0.0
2015-01-12 00:00:00-03:00,23.311824798583984,23.311824798583984,23.311824798583984,23.311824798583984,0,0.0,0.0
2015-01-13 00:00:00-03:00,23.311824798583984,23.311824798583984,23.311824798583984,23.311824798583984,0,0.0,0.0
2015-01-14 00:00:00-03:00,23.311824798583984,23.311824798583984,23.311824798583984,23.311824798583984,0,0.0,0.0
2015-01-15 00:00:00-03:00,23.311824798583984,23.311824798583984,23.311824798583984,23.311824798583984,0,0.0,0.0
2015-01-16 00:00:00-03:00,23.311824798583984,23.311824798583984,23.311824798583984,23.311824798583984,0,0.0,0.0
2015-01-19 00:00:00-03:00,23.311824798583984,23.311824798583984,23.311824798583984,23.311824798583984,0,0.0,0.0
2015-01-20 00:00:00-03:00,23.311824798583984,23.311824798583984,23.311824798583984,23.311824798583984,0,0.0,0.0
2015-01-21 00:00:00-03:00,23.311824798583984,23.311824798583984,23.311824798583984,23.311824798583984,0,0.0,0.0
2015-01-22 00:00:00-03:00,23.311824798583984,23.311824798583984,23.311824798583984,23.311824798583984,0,0.0,0.0
2015-01-23 00:00:00-03:00,23.311824798583984,23.311824798583984,23.311824798583984,23.311824798583984,0,0.0,0.0
2015-01-26 00:00:00-03:00,23.311824798583984,23.311824798583984,23.311824798583984,23.311824798583984,0,0.0,0.0
2015-01-27 00:00:00-03:00,23.311824798583984,23.311824798583984,23.311824798583984,23.311824798583984,0,0.0,0.0
2015-01-28 00:00:00-03:00,23.311824798583984,23.311824798583984,23.311824798583984,23.311824798583984,0,0.0,0.0
2015-01-29 00:00:00-03:00,23.311824798583984,23.311824798583984,23.311824798583984,23.311824798583984,0,0.0,0.0
2015-01-30 00:00:00-03:00,23.311824798583984,23.311824798583984,23.311824798583984,23.311824798583984,0,0.0,0.0
2015-02-02 00:00:00-03:00,23.311824798583984,23.311824798583984,23.311824798583984,23.311824798583984,0,0.0,0.0
2015-02-03 00:00:00-03:00,23.311824798583984,23.311824798583984,23.311824798583984,23.311824798583984,0,0.0,0.0
2015-02-04 00:00:00-03:00,23.311824798583984,23.311824798583984,23.311824798583984,23.311824798583984,0,0.0,0.0
2015-02-05 00:00:00-03:00,23.311824798583984,23.311824798583984,23.311824798583984,23.311824798583984,0,0.0,0.0
2015-02-06 00:00:00-03:00,23.311824798583984,23.311824798583984,23.311824798583984,23.311824798583984,0,0.0,0.0
2015-02-09 00:00:00-03:00,23.311824798583984,23.311824798583984,23.311824798583984,23.311824798583984,0,0.0,0.0
2015-02-10 00:00:00-03:00,23.311824798583984,23.311824798583984,23.311824798583984,23.311824798583984,0,0.0,0.0
2015-02-11 00:00:00-03:00,23.311824798583984,23.311824798583984,23.311824798583984,23.311824798583984,0,0.0,0.0
2015-02-12 00:00:00-03:00,23.311824798583984,23.311824798583984,23.311824798583984,23.311824798583984,0,0.0,0.0
2015-02-13 00:00:00-03:00,23.311824798583984,23.311824798583984,23.311824798583984,23.311824798583984,0,0.0,0.0
2015-02-18 00:00:00-03:00,23.311824798583984,23.311824798583984,23.311824798583984,23.311824798583984,0,0.0,0.0
2015-02-19 00:00:00-03:00,23.311824798583984,23.311824798583984,23.311824798583984,23.311824798583984,0,0.0,0.0
2015-02-20 00:00:00-03:00,23.311824798583984,23.311824798583984,23.311824798583984,23.311824798583984,0,0.0,0.0
2015-02-23 00:00:00-03:00,23.311824798583984,23.311824798583984,23.311824798583984,23.311824798583984,0,0.0,0.0
2015-02-24 00:00:00-03:00,23.436094284057617,23.436094284057617,23.436094284057617,23.436094284057617,0,191.15155,0.0
2015-02-25 00:00:00-03:00,23.436094284057617,23.436094284057617,23.436094284057617,23.436094284057617,0,0.0,0.0
2015-02-26 00:00:00-03:00,23.436094284057617,23.436094284057617,23.436094284057617,23.436094284057617,0,0.0,0.0
2015-02-27 00:00:00-03:00,23.436094284057617,23.436094284057617,23.436094284057617,23.436094284057617,0,0.0,0.0
2015-03-02 00:00:00-03:00,23.436094284057617,23.436094284057617,23.436094284057617,23.436094284057617,0,0.0,0.0
2015-03-03 00:00:00-03:00,23.436094284057617,23.436094284057617,23.436094284057617,23.436094284057617,0,0.0,0.0
2015-03-04 00:00:00-03:00,23.436094284057617,23.436094284057617,23.436094284057617,23.436094284057617,0,0.0,0.0
2015-03-05 00:00:00-03:00,23.436094284057617,23.436094284057617,23.436094284057617,23.436094284057617,0,0.0,0.0
2015-03-06 00:00:00-03:00,23.436094284057617,23.436094284057617,23.436094284057617,23.436094284057617,0,0.0,0.0
2015-03-09 00:00:00-03:00,23.436094284057617,23.436094284057617,23.436094284057617,23.436094284057617,0,0.0,0.0
2015-03-10 00:00:00-03:00,23.436094284057617,23.436094284057617,23.436094284057617,23.436094284057617,0,0.0,0.0
2015-03-11 00:00:00-03:00,23.436094284057617,23.436094284057617,23.436094284057617,23.436094284057617,0,0.0,0.0
2015-03-12 00:00:00-03:00,23.436094284057617,23.436094284057617,23.436094284057617,23.436094284057617,0,0.0,0.0
2015-03-13 00:00:00-03:00,23.436094284057617,23.436094284057617,23.436094284057617,23.436094284057617,0,0.0,0.0
2015-03-16 00:00:00-03:00,23.436094284057617,23.436094284057617,23.436094284057617,23.436094284057617,0,0.0,0.0
2015-03-17 00:00:00-03:00,23.436094284057617,23.436094284057617,23.436094284057617,23.436094284057617,0,0.0,0.0
2015-03-18 00:00:00-03:00,23.436094284057617,23.436094284057617,23.436094284057617,23.436094284057617,0,0.0,0.0
2015-03-19 00:00:00-03:00,23.436094284057617,23.436094284057617,23.436094284057617,23.436094284057617,0,0.0,0.0
2015-03-20 00:00:00-03:00,23.436094284057617,23.436094284057617,23.436094284057617,23.436094284057617,0,0.0,0.0
2015-03-25 00:00:00-03:00,23.436094284057617,23.436094284057617,23.436094284057617,23.436094284057617,0,0.0,0.0
2015-03-26 00:00:00-03:00,23.436094284057617,23.436094284057617,23.436094284057617,23.436094284057617,0,0.0,0.0
2015-03-27 00:00:00-03:00,23.436094284057617,23.436094284057617,23.436094284057617,23.436094284057617,0,0.0,0.0
2015-03-30 00:00:00-03:00,23.436094284057617,23.436094284057617,23.436094284057617,23.436094284057617,0,0.0,0.0
2015-03-31 00:00:00-03:00,23.436094284057617,23.436094284057617,23.436094284057617,23.436094284057617,0,0.0,0.0
2015-04-01 00:00:00-03:00,23.436094284057617,23.436094284057617,23.436094284057617,23.436094284057617,0,0.0,0.0
2015-04-06 00:00:00-03:00,23.436094284057617,23.436094284057617,23.436094284057617,23.436094284057617,0,0.0,0.0
2015-04-07 00:00:00-03:00,23.436094284057617,23.436094284057617,23.436094284057617,23.436094284057617,0,0.0,0.0
2015-04-08 00:00:00-03:00,23.436094284057617,23.436094284057617,23.436094284057617,23.436094284057617,0,0.0,0.0
2015-04-09 00:00:00-03:00,23.436094284057617,23.436094284057617,23.436094284057617,23.436094284057617,0,0.0,0.0
2015-04-10 00:00:00-03:00,23.436094284057617,23.436094284057617,23.436094284057617,23.436094284057617,0,0.0,0.0
2015-04-13 00:00:00-03:00,23.436094284057617,23.436094284057617,23.436094284057617,23.436094284057617,0,0.0,0.0
2015-04-14 00:00:00-03:00,23.436094284057617,23.436094284057617,23.436094284057617,23.436094284057617,0,0.0,0.0
2015-04-15 00:00:00-03:00,23.436094284057617,23.436094284057617,23.436094284057617,23.436094284057617,0,0.0,0.0
2015-04-16 00:00:00-03:00,23.436094284057617,23.436094284057617,23.436094284057617,23.436094284057617,0,0.0,0.0
2015-04-17 00:00:00-03:00,23.436094284057617,23.436094284057617,23.436094284057617,23.436094284057617,0,0.0,0.0
2015-04-20 00:00:00-03:00,23.436094284057617,23.436094284057617,23.436094284057617,23.436094284057617,0,0.0,0.0
2015-04-21 00:00:00-03:00,23.436094284057617,23.436094284057617,23.436094284057617,23.436094284057617,0,0.0,0.0
2015-04-22 00:00:00-03:00,23.436094284057617,23.436094284057617,23.436094284057617,23.436094284057617,0,0.0,0.0
2015-04-23 00:00:00-03:00,23.436094284057617,23.436094284057617,23.436094284057617,23.436094284057617,0,0.0,0.0
2015-04-24 00:00:00-03:00,23.436094284057617,23.436094284057617,23.436094284057617,23.436094284057617,0,0.0,0.0
2015-04-27 00:00:00-03:00,23.436094284057617,23.436094284057617,23.436094284057617,23.436094284057617,0,0.0,0.0
2015-04-28 00:00:00-03:00,23.436094284057617,23.436094284057617,23.436094284057617,23.436094284057617,0,0.0,0.0
2015-04-29 00:00:00-03:00,23.436094284057617,23.436094284057617,23.436094284057617,23.436094284057617,0,0.0,0.0
2015-04-30 00:00:00-03:00,23.436094284057617,23.436094284057617,23.436094284057617,23.436094284057617,0,0.0,0.0
2015-05-04 00:00:00-03:00,23.436094284057617,23.436094284057617,23.436094284057617,23.436094284057617,0,0.0,0.0
2015-05-05 00:00:00-03:00,23.436094284057617,23.436094284057617,23.436094284057617,23.436094284057617,0,0.0,0.0
2015-05-06 00:00:00-03:00,23.436094284057617,23.436094284057617,23.436094284057617,23.436094284057617,0,0.0,0.0
2015-05-07 00:00:00-03:00,23.436094284057617,23.436094284057617,23.436094284057617,23.436094284057617,0,0.0,0.0
2015-05-08 00:00:00-03:00,23.436094284057617,23.436094284057617,23.436094284057617,23.436094284057617,0,0.0,0.0
2015-05-11 00:00:00-03:00,23.436094284057617,23.436094284057617,23.436094284057617,23.436094284057617,0,0.0,0.0
2015-05-12 00:00:00-03:00,23.436094284057617,23.436094284057617,23.436094284057617,23.436094284057617,0,0.0,0.0
2015-05-13 00:00:00-03:00,23.436094284057617,23.436094284057617,23.436094284057617,23.436094284057617,0,0.0,0.0
2015-05-14 00:00:00-03:00,23.436094284057617,23.436094284057617,23.436094284057617,23.436094284057617,0,0.0,0.0
2015-05-15 00:00:00-03:00,23.436094284057617,23.436094284057617,23.436094284057617,23.436094284057617,0,0.0,0.0
2015-05-18 00:00:00-03:00,23.436094284057617,23.436094284057617,23.436094284057617,23.436094284057617,0,0.0,0.0
2015-05-19 00:00:00-03:00,23.561016082763672,23.561016082763672,23.561016082763672,23.561016082763672,0,191.15155,0.0
2015-05-20 00:00:00-03:00,23.561016082763672,23.561016082763672,23.561016082763672,23.561016082763672,0,0.0,0.0
2015-05-21 00:00:00-03:00,23.561016082763672,23.561016082763672,23.561016082763672,23.561016082763672,0,0.0,0.0
2015-05-22 00:00:00-03:00,23.561016082763672,23.561016082763672,23.561016082763672,23.561016082763672,0,0.0,0.0
2015-05-26 00:00:00-03:00,23.561016082763672,23.561016082763672,23.561016082763672,23.561016082763672,0,0.0,0.0
2015-05-27 00:00:00-03:00,23.561016082763672,23.561016082763672,23.561016082763672,23.561016082763672,0,0.0,0.0
2015-05-28 00:00:00-03:00,23.561016082763672,23.561016082763672,23.561016082763672,23.561016082763672,0,0.0,0.0
2015-05-29 00:00:00-03:00,23.561016082763672,23.561016082763672,23.561016082763672,23.561016082763672,0,0.0,0.0
2015-06-01 00:00:00-03:00,23.561016082763672,23.561016082763672,23.561016082763672,23.561016082763672,0,0.0,0.0
2015-06-02 00:00:00-03:00,23.561016082763672,23.561016082763672,23.561016082763672,23.561016082763672,0,0.0,0.0
2015-06-03 00:00:00-03:00,23.561016082763672,23.561016082763672,23.561016082763672,23.561016082763672,0,0.0,0.0
2015-06-04 00:00:00-03:00,23.561016082763672,23.561016082763672,23.561016082763672,23.561016082763672,0,0.0,0.0
2015-06-05 00:00:00-03:00,23.561016082763672,23.561016082763672,23.561016082763672,23.561016082763672,0,0.0,0.0
2015-06-08 00:00:00-03:00,23.561016082763672,23.561016082763672,23.561016082763672,23.561016082763672,0,0.0,0.0
2015-06-09 00:00:00-03:00,23.561016082763672,23.561016082763672,23.561016082763672,23.561016082763672,0,0.0,0.0
2015-06-10 00:00:00-03:00,23.561016082763672,23.561016082763672,23.561016082763672,23.561016082763672,0,0.0,0.0
2015-06-11 00:00:00-03:00,23.561016082763672,23.561016082763672,23.561016082763672,23.561016082763672,0,0.0,0.0
2015-06-12 00:00:00-03:00,23.561016082763672,23.561016082763672,23.561016082763672,23.561016082763672,0,0.0,0.0
2015-06-15 00:00:00-03:00,23.561016082763672,23.561016082763672,23.561016082763672,23.561016082763672,0,0.0,0.0
2015-06-16 00:00:00-03:00,23.561016082763672,23.561016082763672,23.561016082763672,23.561016082763672,0,0.0,0.0
2015-06-17 00:00:00-03:00,23.561016082763672,23.561016082763672,23.561016082763672,23.561016082763672,0,0.0,0.0
2015-06-18 00:00:00-03:00,23.561016082763672,23.561016082763672,23.561016082763672,23.561016082763672,0,0.0,0.0
2015-06-19 00:00:00-03:00,23.561016082763672,23.561016082763672,23.561016082763672,23.561016082763672,0,0.0,0.0
2015-06-22 00:00:00-03:00,23.561016082763672,23.561016082763672,23.561016082763672,23.561016082763672,0,0.0,0.0
2015-06-23 00:00:00-03:00,23.561016082763672,23.561016082763672,23.561016082763672,23.561016082763672,0,0.0,0.0
2015-06-24 00:00:00-03:00,23.561016082763672,23.561016082763672,23.561016082763672,23.561016082763672,0,0.0,0.0
2015-06-25 00:00:00-03:00,23.561016082763672,23.561016082763672,23.561016082763672,23.561016082763672,0,0.0,0.0
2015-06-26 00:00:00-03:00,23.561016082763672,23.561016082763672,23.561016082763672,23.561016082763672,0,0.0,0.0
2015-06-29 00:00:00-03:00,23.561016082763672,23.561016082763672,23.561016082763672,23.561016082763672,0,0.0,0.0
2015-06-30 00:00:00-03:00,23.561016082763672,23.561016082763672,23.561016082763672,23.561016082763672,0,0.0,0.0
2015-07-01 00:00:00-03:00,23.561016082763672,23.561016082763672,23.561016082763672,23.561016082763672,0,0.0,0.0
2015-07-02 00:00:00-03:00,23.561016082763672,23.561016082763672,23.561016082763672,23.561016082763672,0,0.0,0.0
2015-07-03 00:00:00-03:00,23.561016082763672,23.561016082763672,23.561016082763672,23.561016082763672,0,0.0,0.0
2015-07-06 00:00:00-03:00,23.561016082763672,23.561016082763672,23.561016082763672,23.561016082763672,0,0.0,0.0
2015-07-07 00:00:00-03:00,23.561016082763672,23.561016082763672,23.561016082763672,23.561016082763672,0,0.0,0.0
2015-07-08 00:00:00-03:00,23.561016082763672,23.561016082763672,23.561016082763672,23.561016082763672,0,0.0,0.0
2015-07-10 00:00:00-03:00,23.561016082763672,23.561016082763672,23.561016082763672,23.561016082763672,0,0.0,0.0
2015-07-13 00:00:00-03:00,23.561016082763672,23.561016082763672,23.561016082763672,23.561016082763672,0,0.0,0.0
2015-07-14 00:00:00-03:00,23.561016082763672,23.561016082763672,23.561016082763672,23.561016082763672,0,0.0,0.0
2015-07-15 00:00:00-03:00,23.561016082763672,23.561016082763672,23.561016082763672,23.561016082763672,0,0.0,0.0
2015-07-16 00:00:00-03:00,23.561016082763672,23.561016082763672,23.561016082763672,23.561016082763672,0,0.0,0.0
2015-07-17 00:00:00-03:00,23.561016082763672,23.561016082763672,23.561016082763672,23.561016082763672,0,0.0,0.0
2015-07-20 00:00:00-03:00,23.561016082763672,23.561016082763672,23.561016082763672,23.561016082763672,0,0.0,0.0
2015-07-21 00:00:00-03:00,23.561016082763672,23.561016082763672,23.561016082763672,23.561016082763672,0,0.0,0.0
2015-07-22 00:00:00-03:00,23.561016082763672,23.561016082763672,23.561016082763672,23.561016082763672,0,0.0,0.0
2015-07-23 00:00:00-03:00,23.561016082763672,23.561016082763672,23.561016082763672,23.561016082763672,0,0.0,0.0
2015-07-24 00:00:00-03:00,23.561016082763672,23.561016082763672,23.561016082763672,23.561016082763672,0,0.0,0.0
2015-07-27 00:00:00-03:00,23.561016082763672,23.561016082763672,23.561016082763672,23.561016082763672,0,0.0,0.0
2015-07-28 00:00:00-03:00,23.561016082763672,23.561016082763672,23.561016082763672,23.561016082763672,0,0.0,0.0
2015-07-29 00:00:00-03:00,23.561016082763672,23.561016082763672,23.561016082763672,23.561016082763672,0,0.0,0.0
2015-07-30 00:00:00-03:00,23.561016082763672,23.561016082763672,23.561016082763672,23.561016082763672,0,0.0,0.0
2015-07-31 00:00:00-03:00,23.561016082763672,23.561016082763672,23.561016082763672,23.561016082763672,0,0.0,0.0
2015-08-03 00:00:00-03:00,23.561016082763672,23.561016082763672,23.561016082763672,23.561016082763672,0,0.0,0.0
2015-08-04 00:00:00-03:00,23.561016082763672,23.561016082763672,23.561016082763672,23.561016082763672,0,0.0,0.0
2015-08-05 00:00:00-03:00,23.561016082763672,23.561016082763672,23.561016082763672,23.561016082763672,0,0.0,0.0
2015-08-06 00:00:00-03:00,23.561016082763672,23.561016082763672,23.561016082763672,23.561016082763672,0,0.0,0.0
2015-08-07 00:00:00-03:00,23.561016082763672,23.561016082763672,23.561016082763672,23.561016082763672,0,0.0,0.0
2015-08-10 00:00:00-03:00,23.561016082763672,23.561016082763672,23.561016082763672,23.561016082763672,0,0.0,0.0
2015-08-11 00:00:00-03:00,23.561016082763672,23.561016082763672,23.561016082763672,23.561016082763672,0,0.0,0.0
2015-08-12 00:00:00-03:00,23.561016082763672,23.561016082763672,23.561016082763672,23.561016082763672,0,0.0,0.0
2015-08-13 00:00:00-03:00,23.561016082763672,23.561016082763672,23.561016082763672,23.561016082763672,0,0.0,0.0
2015-08-14 00:00:00-03:00,23.561016082763672,23.561016082763672,23.561016082763672,23.561016082763672,0,0.0,0.0
2015-08-18 00:00:00-03:00,23.686609268188477,23.686609268188477,23.686609268188477,23.686609268188477,0,191.15155,0.0
2015-08-19 00:00:00-03:00,23.686609268188477,23.686609268188477,23.686609268188477,23.686609268188477,0,0.0,0.0
2015-08-20 00:00:00-03:00,23.686609268188477,23.686609268188477,23.686609268188477,23.686609268188477,0,0.0,0.0
2015-08-21 00:00:00-03:00,23.686609268188477,23.686609268188477,23.686609268188477,23.686609268188477,0,0.0,0.0
2015-08-24 00:00:00-03:00,23.686609268188477,23.686609268188477,23.686609268188477,23.686609268188477,0,0.0,0.0
2015-08-25 00:00:00-03:00,23.686609268188477,23.686609268188477,23.686609268188477,23.686609268188477,0,0.0,0.0
2015-08-26 00:00:00-03:00,23.686609268188477,23.686609268188477,23.686609268188477,23.686609268188477,0,0.0,0.0
2015-08-27 00:00:00-03:00,23.686609268188477,23.686609268188477,23.686609268188477,23.686609268188477,0,0.0,0.0
2015-08-28 00:00:00-03:00,23.686609268188477,23.686609268188477,23.686609268188477,23.686609268188477,0,0.0,0.0
2015-08-31 00:00:00-03:00,23.686609268188477,23.686609268188477,23.686609268188477,23.686609268188477,0,0.0,0.0
2015-09-01 00:00:00-03:00,23.686609268188477,23.686609268188477,23.686609268188477,23.686609268188477,0,0.0,0.0
2015-09-02 00:00:00-03:00,23.686609268188477,23.686609268188477,23.686609268188477,23.686609268188477,0,0.0,0.0
2015-09-03 00:00:00-03:00,23.686609268188477,23.686609268188477,23.686609268188477,23.686609268188477,0,0.0,0.0
2015-09-04 00:00:00-03:00,23.686609268188477,23.686609268188477,23.686609268188477,23.686609268188477,0,0.0,0.0
2015-09-07 00:00:00-03:00,23.686609268188477,23.686609268188477,23.686609268188477,23.686609268188477,0,0.0,0.0
2015-09-08 00:00:00-03:00,23.686609268188477,23.686609268188477,23.686609268188477,23.686609268188477,0,0.0,0.0
2015-09-09 00:00:00-03:00,23.686609268188477,23.686609268188477,23.686609268188477,23.686609268188477,0,0.0,0.0
2015-09-10 00:00:00-03:00,23.686609268188477,23.686609268188477,23.686609268188477,23.686609268188477,0,0.0,0.0
2015-09-11 00:00:00-03:00,23.686609268188477,23.686609268188477,23.686609268188477,23.686609268188477,0,0.0,0.0
2015-09-14 00:00:00-03:00,23.686609268188477,23.686609268188477,23.686609268188477,23.686609268188477,0,0.0,0.0
2015-09-15 00:00:00-03:00,23.686609268188477,23.686609268188477,23.686609268188477,23.686609268188477,0,0.0,0.0
2015-09-16 00:00:00-03:00,23.686609268188477,23.686609268188477,23.686609268188477,23.686609268188477,0,0.0,0.0
2015-09-17 00:00:00-03:00,23.686609268188477,23.686609268188477,23.686609268188477,23.686609268188477,0,0.0,0.0
2015-09-18 00:00:00-03:00,23.686609268188477,23.686609268188477,23.686609268188477,23.686609268188477,0,0.0,0.0
2015-09-21 00:00:00-03:00,23.686609268188477,23.686609268188477,23.686609268188477,23.686609268188477,0,0.0,0.0
2015-09-22 00:00:00-03:00,23.686609268188477,23.686609268188477,23.686609268188477,23.686609268188477,0,0.0,0.0
2015-09-23 00:00:00-03:00,23.686609268188477,23.686609268188477,23.686609268188477,23.686609268188477,0,0.0,0.0
2015-09-24 00:00:00-03:00,23.686609268188477,23.686609268188477,23.686609268188477,23.686609268188477,0,0.0,0.0
2015-09-25 00:00:00-03:00,23.686609268188477,23.686609268188477,23.686609268188477,23.686609268188477,0,0.0,0.0
2015-09-28 00:00:00-03:00,23.686609268188477,23.686609268188477,23.686609268188477,23.686609268188477,0,0.0,0.0
2015-09-29 00:00:00-03:00,23.686609268188477,23.686609268188477,23.686609268188477,23.686609268188477,0,0.0,0.0
2015-09-30 00:00:00-03:00,23.686609268188477,23.686609268188477,23.686609268188477,23.686609268188477,0,0.0,0.0
2015-10-01 00:00:00-03:00,23.686609268188477,23.686609268188477,23.686609268188477,23.686609268188477,0,0.0,0.0
2015-10-02 00:00:00-03:00,23.686609268188477,23.686609268188477,23.686609268188477,23.686609268188477,0,0.0,0.0
2015-10-05 00:00:00-03:00,23.686609268188477,23.686609268188477,23.686609268188477,23.686609268188477,0,0.0,0.0
2015-10-06 00:00:00-03:00,23.686609268188477,23.686609268188477,23.686609268188477,23.686609268188477,0,0.0,0.0
2015-10-07 00:00:00-03:00,23.686609268188477,23.686609268188477,23.686609268188477,23.686609268188477,0,0.0,0.0
2015-10-08 00:00:00-03:00,23.686609268188477,23.686609268188477,23.686609268188477,23.686609268188477,0,0.0,0.0
2015-10-09 00:00:00-03:00,23.686609268188477,23.686609268188477,23.686609268188477,23.686609268188477,0,0.0,0.0
2015-10-13 00:00:00-03:00,23.686609268188477,23.686609268188477,23.686609268188477,23.686609268188477,0,0.0,0.0
2015-10-14 00:00:00-03:00,23.686609268188477,23.686609268188477,23.686609268188477,23.686609268188477,0,0.0,0.0
2015-10-15 00:00:00-03:00,23.686609268188477,23.686609268188477,23.686609268188477,23.686609268188477,0,0.0,0.0
2015-10-16 00:00:00-03:00,23.686609268188477,23.686609268188477,23.686609268188477,23.686609268188477,0,0.0,0.0
2015-10-19 00:00:00-03:00,23.686609268188477,23.686609268188477,23.686609268188477,23.686609268188477,0,0.0,0.0
2015-10-20 00:00:00-03:00,23.686609268188477,23.686609268188477,23.686609268188477,23.686609268188477,0,0.0,0.0
2015-10-21 00:00:00-03:00,23.686609268188477,23.686609268188477,23.686609268188477,23.686609268188477,0,0.0,0.0
2015-10-22 00:00:00-03:00,23.686609268188477,23.686609268188477,23.686609268188477,23.686609268188477,0,0.0,0.0
2015-10-23 00:00:00-03:00,23.686609268188477,23.686609268188477,23.686609268188477,23.686609268188477,0,0.0,0.0
2015-10-26 00:00:00-03:00,23.686609268188477,23.686609268188477,23.686609268188477,23.686609268188477,0,0.0,0.0
2015-10-27 00:00:00-03:00,23.686609268188477,23.686609268188477,23.686609268188477,23.686609268188477,0,0.0,0.0
2015-10-28 00:00:00-03:00,23.686609268188477,23.686609268188477,23.686609268188477,23.686609268188477,0,0.0,0.0
2015-10-29 00:00:00-03:00,23.686609268188477,23.686609268188477,23.686609268188477,23.686609268188477,0,0.0,0.0
2015-10-30 00:00:00-03:00,23.686609268188477,23.686609268188477,23.686609268188477,23.686609268188477,0,0.0,0.0
2015-11-02 00:00:00-03:00,23.686609268188477,23.686609268188477,23.686609268188477,23.686609268188477,0,0.0,0.0
2015-11-03 00:00:00-03:00,23.686609268188477,23.686609268188477,23.686609268188477,23.686609268188477,0,0.0,0.0
2015-11-04 00:00:00-03:00,23.686609268188477,23.686609268188477,23.686609268188477,23.686609268188477,0,0.0,0.0
2015-11-05 00:00:00-03:00,23.686609268188477,23.686609268188477,23.686609268188477,23.686609268188477,0,0.0,0.0
2015-11-09 00:00:00-03:00,23.686609268188477,23.686609268188477,23.686609268188477,23.686609268188477,0,0.0,0.0
2015-11-10 00:00:00-03:00,23.686609268188477,23.686609268188477,23.686609268188477,23.686609268188477,0,0.0,0.0
2015-11-11 00:00:00-03:00,23.686609268188477,23.686609268188477,23.686609268188477,23.686609268188477,0,0.0,0.0
2015-11-12 00:00:00-03:00,23.686609268188477,23.686609268188477,23.686609268188477,23.686609268188477,0,0.0,0.0
2015-11-13 00:00:00-03:00,23.686609268188477,23.686609268188477,23.686609268188477,23.686609268188477,0,0.0,0.0
2015-11-16 00:00:00-03:00,23.686609268188477,23.686609268188477,23.686609268188477,23.686609268188477,0,0.0,0.0
2015-11-17 00:00:00-03:00,23.831893920898438,23.831893920898438,23.831893920898438,23.831893920898438,0,219.77814,0.0
2015-11-18 00:00:00-03:00,23.831893920898438,23.831893920898438,23.831893920898438,23.831893920898438,0,0.0,0.0
2015-11-19 00:00:00-03:00,23.831893920898438,23.831893920898438,23.831893920898438,23.831893920898438,0,0.0,0.0
2015-11-20 00:00:00-03:00,23.831893920898438,23.831893920898438,23.831893920898438,23.831893920898438,0,0.0,0.0
2015-11-24 00:00:00-03:00,23.831893920898438,23.831893920898438,23.831893920898438,23.831893920898438,0,0.0,0.0
2015-11-25 00:00:00-03:00,23.831893920898438,23.831893920898438,23.831893920898438,23.831893920898438,0,0.0,0.0
2015-11-26 00:00:00-03:00,23.831893920898438,23.831893920898438,23.831893920898438,23.831893920898438,0,0.0,0.0
2015-11-27 00:00:00-03:00,23.831893920898438,23.831893920898438,23.831893920898438,23.831893920898438,0,0.0,0.0
2015-11-30 00:00:00-03:00,23.831893920898438,23.831893920898438,23.831893920898438,23.831893920898438,0,0.0,0.0
2015-12-01 00:00:00-03:00,23.831893920898438,23.831893920898438,23.831893920898438,23.831893920898438,0,0.0,0.0
2015-12-02 00:00:00-03:00,23.831893920898438,23.831893920898438,23.831893920898438,23.831893920898438,0,0.0,0.0
2015-12-03 00:00:00-03:00,23.831893920898438,23.831893920898438,23.831893920898438,23.831893920898438,0,0.0,0.0
2015-12-04 00:00:00-03:00,23.831893920898438,23.831893920898438,23.831893920898438,23.831893920898438,0,0.0,0.0
2015-12-09 00:00:00-03:00,23.831893920898438,23.831893920898438,23.831893920898438,23.831893920898438,0,0.0,0.0
2015-12-10 00:00:00-03:00,23.831893920898438,23.831893920898438,23.831893920898438,23.831893920898438,0,0.0,0.0
2015-12-11 00:00:00-03:00,23.831893920898438,23.831893920898438,23.831893920898438,23.831893920898438,0,0.0,0.0
2015-12-14 00:00:00-03:00,23.831893920898438,23.831893920898438,23.831893920898438,23.831893920898438,0,0.0,0.0
2015-12-15 00:00:00-03:00,23.831893920898438,23.831893920898438,23.831893920898438,23.831893920898438,0,0.0,0.0
2015-12-16 00:00:00-03:00,23.831893920898438,23.831893920898438,23.831893920898438,23.831893920898438,0,0.0,0.0
2015-12-17 00:00:00-03:00,23.831893920898438,23.831893920898438,23.831893920898438,23.831893920898438,0,0.0,0.0
2015-12-18 00:00:00-03:00,23.831893920898438,23.831893920898438,23.831893920898438,23.831893920898438,0,0.0,0.0
2015-12-21 00:00:00-03:00,23.831893920898438,23.831893920898438,23.831893920898438,23.831893920898438,0,0.0,0.0
2015-12-22 00:00:00-03:00,23.831893920898438,23.831893920898438,23.831893920898438,23.831893920898438,0,0.0,0.0
2015-12-23 00:00:00-03:00,23.831893920898438,23.831893920898438,23.831893920898438,23.831893920898438,0,0.0,0.0
2015-12-28 00:00:00-03:00,23.831893920898438,23.831893920898438,23.831893920898438,23.831893920898438,0,0.0,0.0
2015-12-29 00:00:00-03:00,23.831893920898438,23.831893920898438,23.831893920898438,23.831893920898438,0,0.0,0.0
2015-12-30 00:00:00-03:00,23.831893920898438,23.831893920898438,23.831893920898438,23.831893920898438,0,0.0,0.0
2016-01-04 00:00:00-03:00,23.831893920898438,23.831893920898438,23.831893920898438,23.831893920898438,0,0.0,0.0
2016-01-05 00:00:00-03:00,23.831893920898438,23.831893920898438,23.831893920898438,23.831893920898438,0,0.0,0.0
2016-01-06 00:00:00-03:00,23.831893920898438,23.831893920898438,23.831893920898438,23.831893920898438,0,0.0,0.0
2016-01-07 00:00:00-03:00,23.831893920898438,23.831893920898438,23.831893920898438,23.831893920898438,0,0.0,0.0
2016-01-08 00:00:00-03:00,23.831893920898438,23.831893920898438,23.831893920898438,23.831893920898438,0,0.0,0.0
2016-01-11 00:00:00-03:00,23.831893920898438,23.831893920898438,23.831893920898438,23.831893920898438,0,0.0,0.0
2016-01-12 00:00:00-03:00,23.831893920898438,23.831893920898438,23.831893920898438,23.831893920898438,0,0.0,0.0
2016-01-13 00:00:00-03:00,23.831893920898438,23.831893920898438,23.831893920898438,23.831893920898438,0,0.0,0.0
2016-01-14 00:00:00-03:00,23.831893920898438,23.831893920898438,23.831893920898438,23.831893920898438,0,0.0,0.0
2016-01-15 00:00:00-03:00,23.831893920898438,23.831893920898438,23.831893920898438,23.831893920898438,0,0.0,0.0
2016-01-18 00:00:00-03:00,23.831893920898438,23.831893920898438,23.831893920898438,23.831893920898438,0,0.0,0.0
2016-01-19 00:00:00-03:00,23.831893920898438,23.831893920898438,23.831893920898438,23.831893920898438,0,0.0,0.0
2016-01-20 00:00:00-03:00,23.831893920898438,23.831893920898438,23.831893920898438,23.831893920898438,0,0.0,0.0
2016-01-21 00:00:00-03:00,23.831893920898438,23.831893920898438,23.831893920898438,23.831893920898438,0,0.0,0.0
2016-01-22 00:00:00-03:00,23.831893920898438,23.831893920898438,23.831893920898438,23.831893920898438,0,0.0,0.0
2016-01-25 00:00:00-03:00,23.831893920898438,23.831893920898438,23.831893920898438,23.831893920898438,0,0.0,0.0
2016-01-26 00:00:00-03:00,23.831893920898438,23.831893920898438,23.831893920898438,23.831893920898438,0,0.0,0.0
2016-01-27 00:00:00-03:00,23.831893920898438,23.831893920898438,23.831893920898438,23.831893920898438,0,0.0,0.0
2016-01-28 00:00:00-03:00,23.831893920898438,23.831893920898438,23.831893920898438,23.831893920898438,0,0.0,0.0
2016-01-29 00:00:00-03:00,23.831893920898438,23.831893920898438,23.831893920898438,23.831893920898438,0,0.0,0.0
2016-02-01 00:00:00-03:00,23.831893920898438,23.831893920898438,23.831893920898438,23.831893920898438,0,0.0,0.0
2016-02-02 00:00:00-03:00,23.831893920898438,23.831893920898438,23.831893920898438,23.831893920898438,0,0.0,0.0
2016-02-03 00:00:00-03:00,23.831893920898438,23.831893920898438,23.831893920898438,23.831893920898438,0,0.0,0.0
2016-02-04 00:00:00-03:00,23.831893920898438,23.831893920898438,23.831893920898438,23.831893920898438,0,0.0,0.0
2016-02-05 00:00:00-03:00,23.831893920898438,23.831893920898438,23.831893920898438,23.831893920898438,0,0.0,0.0
2016-02-10 00:00:00-03:00,23.831893920898438,23.831893920898438,23.831893920898438,23.831893920898438,0,0.0,0.0
2016-02-11 00:00:00-03:00,23.831893920898438,23.831893920898438,23.831893920898438,23.831893920898438,0,0.0,0.0
2016-02-12 00:00:00-03:00,23.831893920898438,23.831893920898438,23.831893920898438,23.831893920898438,0,0.0,0.0
2016-02-15 00:00:00-03:00,23.831893920898438,23.831893920898438,23.831893920898438,23.831893920898438,0,0.0,0.0
2016-02-16 00:00:00-03:00,23.831893920898438,23.831893920898438,23.831893920898438,23.831893920898438,0,0.0,0.0
2016-02-17 00:00:00-03:00,23.831893920898438,23.831893920898438,23.831893920898438,23.831893920898438,0,0.0,0.0
2016-02-18 00:00:00-03:00,23.831893920898438,23.831893920898438,23.831893920898438,23.831893920898438,0,0.0,0.0
2016-02-19 00:00:00-03:00,23.831893920898438,23.831893920898438,23.831893920898438,23.831893920898438,0,0.0,0.0
2016-02-22 00:00:00-03:00,23.831893920898438,23.831893920898438,23.831893920898438,23.831893920898438,0,0.0,0.0
2016-02-23 00:00:00-03:00,23.978071212768555,23.978071212768555,23.978071212768555,23.978071212768555,0,219.77814,0.0
2016-02-24 00:00:00-03:00,23.978071212768555,23.978071212768555,23.978071212768555,23.978071212768555,0,0.0,0.0
2016-02-25 00:00:00-03:00,23.978071212768555,23.978071212768555,23.978071212768555,23.978071212768555,0,0.0,0.0
2016-02-26 00:00:00-03:00,23.978071212768555,23.978071212768555,23.978071212768555,23.978071212768555,0,0.0,0.0
2016-02-29 00:00:00-03:00,23.978071212768555,23.978071212768555,23.978071212768555,23.978071212768555,0,0.0,0.0
2016-03-01 00:00:00-03:00,23.978071212768555,23.978071212768555,23.978071212768555,23.978071212768555,0,0.0,0.0
2016-03-02 00:00:00-03:00,23.978071212768555,23.978071212768555,23.978071212768555,23.978071212768555,0,0.0,0.0
2016-03-03 00:00:00-03:00,23.978071212768555,23.978071212768555,23.978071212768555,23.978071212768555,0,0.0,0.0
2016-03-04 00:00:00-03:00,23.978071212768555,23.978071212768555,23.978071212768555,23.978071212768555,0,0.0,0.0
2016-03-07 00:00:00-03:00,23.978071212768555,23.978071212768555,23.978071212768555,23.978071212768555,0,0.0,0.0
2016-03-08 00:00:00-03:00,23.978071212768555,23.978071212768555,23.978071212768555,23.978071212768555,0,0.0,0.0
2016-03-09 00:00:00-03:00,23.978071212768555,23.978071212768555,23.978071212768555,23.978071212768555,0,0.0,0.0
2016-03-10 00:00:00-03:00,23.978071212768555,23.978071212768555,23.978071212768555,23.978071212768555,0,0.0,0.0
2016-03-11 00:00:00-03:00,23.978071212768555,23.978071212768555,23.978071212768555,23.978071212768555,0,0.0,0.0
2016-03-14 00:00:00-03:00,23.978071212768555,23.978071212768555,23.978071212768555,23.978071212768555,0,0.0,0.0
2016-03-15 00:00:00-03:00,23.978071212768555,23.978071212768555,23.978071212768555,23.978071212768555,0,0.0,0.0
2016-03-16 00:00:00-03:00,23.978071212768555,23.978071212768555,23.978071212768555,23.978071212768555,0,0.0,0.0
2016-03-17 00:00:00-03:00,23.978071212768555,23.978071212768555,23.978071212768555,23.978071212768555,0,0.0,0.0
2016-03-18 00:00:00-03:00,23.978071212768555,23.978071212768555,23.978071212768555,23.978071212768555,0,0.0,0.0
2016-03-21 00:00:00-03:00,23.978071212768555,23.978071212768555,23.978071212768555,23.978071212768555,0,0.0,0.0
2016-03-22 00:00:00-03:00,23.978071212768555,23.978071212768555,23.978071212768555,23.978071212768555,0,0.0,0.0
2016-03-23 00:00:00-03:00,23.978071212768555,23.978071212768555,23.978071212768555,23.978071212768555,0,0.0,0.0
2016-03-28 00:00:00-03:00,23.978071212768555,23.978071212768555,23.978071212768555,23.978071212768555,0,0.0,0.0
2016-03-29 00:00:00-03:00,23.978071212768555,23.978071212768555,23.978071212768555,23.978071212768555,0,0.0,0.0
2016-03-30 00:00:00-03:00,23.978071212768555,23.978071212768555,23.978071212768555,23.978071212768555,0,0.0,0.0
2016-03-31 00:00:00-03:00,23.978071212768555,23.978071212768555,23.978071212768555,23.978071212768555,0,0.0,0.0
2016-04-01 00:00:00-03:00,23.978071212768555,23.978071212768555,23.978071212768555,23.978071212768555,0,0.0,0.0
2016-04-04 00:00:00-03:00,23.978071212768555,23.978071212768555,23.978071212768555,23.978071212768555,0,0.0,0.0
2016-04-05 00:00:00-03:00,23.978071212768555,23.978071212768555,23.978071212768555,23.978071212768555,0,0.0,0.0
2016-04-06 00:00:00-03:00,23.978071212768555,23.978071212768555,23.978071212768555,23.978071212768555,0,0.0,0.0
2016-04-07 00:00:00-03:00,23.978071212768555,23.978071212768555,23.978071212768555,23.978071212768555,0,0.0,0.0
2016-04-08 00:00:00-03:00,23.978071212768555,23.978071212768555,23.978071212768555,23.978071212768555,0,0.0,0.0
2016-04-11 00:00:00-03:00,23.978071212768555,23.978071212768555,23.978071212768555,23.978071212768555,0,0.0,0.0
2016-04-12 00:00:00-03:00,23.978071212768555,23.978071212768555,23.978071212768555,23.978071212768555,0,0.0,0.0
2016-04-13 00:00:00-03:00,23.978071212768555,23.978071212768555,23.978071212768555,23.978071212768555,0,0.0,0.0
2016-04-14 00:00:00-03:00,23.978071212768555,23.978071212768555,23.978071212768555,23.978071212768555,0,0.0,0.0
2016-04-15 00:00:00-03:00,23.978071212768555,23.978071212768555,23.978071212768555,23.978071212768555,0,0.0,0.0
2016-04-18 00:00:00-03:00,23.978071212768555,23.978071212768555,23.978071212768555,23.978071212768555,0,0.0,0.0
2016-04-19 00:00:00-03:00,23.978071212768555,23.978071212768555,23.978071212768555,23.978071212768555,0,0.0,0.0
2016-04-20 00:00:00-03:00,23.978071212768555,23.978071212768555,23.978071212768555,23.978071212768555,0,0.0,0.0
2016-04-21 00:00:00-03:00,23.978071212768555,23.978071212768555,23.978071212768555,23.978071212768555,0,0.0,0.0
2016-04-22 00:00:00-03:00,23.978071212768555,23.978071212768555,23.978071212768555,23.978071212768555,0,0.0,0.0
2016-04-25 00:00:00-03:00,23.978071212768555,23.978071212768555,23.978071212768555,23.978071212768555,0,0.0,0.0
2016-04-26 00:00:00-03:00,23.978071212768555,23.978071212768555,23.978071212768555,23.978071212768555,0,0.0,0.0
2016-04-27 00:00:00-03:00,23.978071212768555,23.978071212768555,23.978071212768555,23.978071212768555,0,0.0,0.0
2016-04-28 00:00:00-03:00,23.978071212768555,23.978071212768555,23.978071212768555,23.978071212768555,0,0.0,0.0
2016-04-29 00:00:00-03:00,23.978071212768555,23.978071212768555,23.978071212768555,23.978071212768555,0,0.0,0.0
2016-05-02 00:00:00-03:00,23.978071212768555,23.978071212768555,23.978071212768555,23.978071212768555,0,0.0,0.0
2016-05-03 00:00:00-03:00,23.978071212768555,23.978071212768555,23.978071212768555,23.978071212768555,0,0.0,0.0
2016-05-04 00:00:00-03:00,23.978071212768555,23.978071212768555,23.978071212768555,23.978071212768555,0,0.0,0.0
2016-05-05 00:00:00-03:00,23.978071212768555,23.978071212768555,23.978071212768555,23.978071212768555,0,0.0,0.0
2016-05-06 00:00:00-03:00,23.978071212768555,23.978071212768555,23.978071212768555,23.978071212768555,0,0.0,0.0
2016-05-09 00:00:00-03:00,23.978071212768555,23.978071212768555,23.978071212768555,23.978071212768555,0,0.0,0.0
2016-05-10 00:00:00-03:00,23.978071212768555,23.978071212768555,23.978071212768555,23.978071212768555,0,0.0,0.0
2016-05-11 00:00:00-03:00,23.978071212768555,23.978071212768555,23.978071212768555,23.978071212768555,0,0.0,0.0
2016-05-12 00:00:00-03:00,23.978071212768555,23.978071212768555,23.978071212768555,23.978071212768555,0,0.0,0.0
2016-05-13 00:00:00-03:00,23.978071212768555,23.978071212768555,23.978071212768555,23.978071212768555,0,0.0,0.0
2016-05-16 00:00:00-03:00,23.978071212768555,23.978071212768555,23.978071212768555,23.978071212768555,0,0.0,0.0
2016-05-17 00:00:00-03:00,24.125150680541992,24.125150680541992,24.125150680541992,24.125150680541992,0,219.77814,0.0
2016-05-18 00:00:00-03:00,24.125150680541992,24.125150680541992,24.125150680541992,24.125150680541992,0,0.0,0.0
2016-05-19 00:00:00-03:00,24.125150680541992,24.125150680541992,24.125150680541992,24.125150680541992,0,0.0,0.0
2016-05-20 00:00:00-03:00,24.125150680541992,24.125150680541992,24.125150680541992,24.125150680541992,0,0.0,0.0
2016-05-23 00:00:00-03:00,24.125150680541992,24.125150680541992,24.125150680541992,24.125150680541992,0,0.0,0.0
2016-05-24 00:00:00-03:00,24.125150680541992,24.125150680541992,24.125150680541992,24.125150680541992,0,0.0,0.0
2016-05-26 00:00:00-03:00,24.125150680541992,24.125150680541992,24.125150680541992,24.125150680541992,0,0.0,0.0
2016-05-27 00:00:00-03:00,24.125150680541992,24.125150680541992,24.125150680541992,24.125150680541992,0,0.0,0.0
2016-05-30 00:00:00-03:00,24.125150680541992,24.125150680541992,24.125150680541992,24.125150680541992,0,0.0,0.0
2016-05-31 00:00:00-03:00,24.125150680541992,24.125150680541992,24.125150680541992,24.125150680541992,0,0.0,0.0
2016-06-01 00:00:00-03:00,24.125150680541992,24.125150680541992,24.125150680541992,24.125150680541992,0,0.0,0.0
2016-06-02 00:00:00-03:00,24.125150680541992,24.125150680541992,24.125150680541992,24.125150680541992,0,0.0,0.0
2016-06-03 00:00:00-03:00,24.125150680541992,24.125150680541992,24.125150680541992,24.125150680541992,0,0.0,0.0
2016-06-06 00:00:00-03:00,24.125150680541992,24.125150680541992,24.125150680541992,24.125150680541992,0,0.0,0.0
2016-06-07 00:00:00-03:00,24.125150680541992,24.125150680541992,24.125150680541992,24.125150680541992,0,0.0,0.0
2016-06-08 00:00:00-03:00,24.125150680541992,24.125150680541992,24.125150680541992,24.125150680541992,0,0.0,0.0
2016-06-09 00:00:00-03:00,24.125150680541992,24.125150680541992,24.125150680541992,24.125150680541992,0,0.0,0.0
2016-06-10 00:00:00-03:00,24.125150680541992,24.125150680541992,24.125150680541992,24.125150680541992,0,0.0,0.0
2016-06-13 00:00:00-03:00,24.125150680541992,24.125150680541992,24.125150680541992,24.125150680541992,0,0.0,0.0
2016-06-14 00:00:00-03:00,24.125150680541992,24.125150680541992,24.125150680541992,24.125150680541992,0,0.0,0.0
2016-06-15 00:00:00-03:00,24.125150680541992,24.125150680541992,24.125150680541992,24.125150680541992,0,0.0,0.0
2016-06-16 00:00:00-03:00,24.125150680541992,24.125150680541992,24.125150680541992,24.125150680541992,0,0.0,0.0
2016-06-21 00:00:00-03:00,24.125150680541992,24.125150680541992,24.125150680541992,24.125150680541992,0,0.0,0.0
2016-06-22 00:00:00-03:00,24.125150680541992,24.125150680541992,24.125150680541992,24.125150680541992,0,0.0,0.0
2016-06-23 00:00:00-03:00,24.125150680541992,24.125150680541992,24.125150680541992,24.125150680541992,0,0.0,0.0
2016-06-24 00:00:00-03:00,24.125150680541992,24.125150680541992,24.125150680541992,24.125150680541992,0,0.0,0.0
2016-06-27 00:00:00-03:00,24.125150680541992,24.125150680541992,24.125150680541992,24.125150680541992,0,0.0,0.0
2016-06-28 00:00:00-03:00,24.125150680541992,24.125150680541992,24.125150680541992,24.125150680541992,0,0.0,0.0
2016-06-29 00:00:00-03:00,24.125150680541992,24.125150680541992,24.125150680541992,24.125150680541992,0,0.0,0.0
2016-06-30 00:00:00-03:00,24.125150680541992,24.125150680541992,24.125150680541992,24.125150680541992,0,0.0,0.0
2016-07-01 00:00:00-03:00,24.125150680541992,24.125150680541992,24.125150680541992,24.125150680541992,0,0.0,0.0
2016-07-04 00:00:00-03:00,24.125150680541992,24.125150680541992,24.125150680541992,24.125150680541992,0,0.0,0.0
2016-07-05 00:00:00-03:00,24.125150680541992,24.125150680541992,24.125150680541992,24.125150680541992,0,0.0,0.0
2016-07-06 00:00:00-03:00,24.125150680541992,24.125150680541992,24.125150680541992,24.125150680541992,0,0.0,0.0
2016-07-07 00:00:00-03:00,24.125150680541992,24.125150680541992,24.125150680541992,24.125150680541992,0,0.0,0.0
2016-07-11 00:00:00-03:00,24.125150680541992,24.125150680541992,24.125150680541992,24.125150680541992,0,0.0,0.0
2016-07-12 00:00:00-03:00,24.125150680541992,24.125150680541992,24.125150680541992,24.125150680541992,0,0.0,0.0
2016-07-13 00:00:00-03:00,24.125150680541992,24.125150680541992,24.125150680541992,24.125150680541992,0,0.0,0.0
2016-07-14 00:00:00-03:00,24.125150680541992,24.125150680541992,24.125150680541992,24.125150680541992,0,0.0,0.0
2016-07-15 00:00:00-03:00,24.125150680541992,24.125150680541992,24.125150680541992,24.125150680541992,0,0.0,0.0
2016-07-18 00:00:00-03:00,24.125150680541992,24.125150680541992,24.125150680541992,24.125150680541992,0,0.0,0.0
2016-07-19 00:00:00-03:00,24.125150680541992,24.125150680541992,24.125150680541992,24.125150680541992,0,0.0,0.0
2016-07-20 00:00:00-03:00,24.125150680541992,24.125150680541992,24.125150680541992,24.125150680541992,0,0.0,0.0
2016-07-21 00:00:00-03:00,24.125150680541992,24.125150680541992,24.125150680541992,24.125150680541992,0,0.0,0.0
2016-07-22 00:00:00-03:00,24.125150680541992,24.125150680541992,24.125150680541992,24.125150680541992,0,0.0,0.0
2016-07-25 00:00:00-03:00,24.125150680541992,24.125150680541992,24.125150680541992,24.125150680541992,0,0.0,0.0
2016-07-26 00:00:00-03:00,24.125150680541992,24.125150680541992,24.125150680541992,24.125150680541992,0,0.0,0.0
2016-07-27 00:00:00-03:00,24.125150680541992,24.125150680541992,24.125150680541992,24.125150680541992,0,0.0,0.0
2016-07-28 00:00:00-03:00,24.125150680541992,24.125150680541992,24.125150680541992,24.125150680541992,0,0.0,0.0
2016-07-29 00:00:00-03:00,24.125150680541992,24.125150680541992,24.125150680541992,24.125150680541992,0,0.0,0.0
2016-08-01 00:00:00-03:00,24.125150680541992,24.125150680541992,24.125150680541992,24.125150680541992,0,0.0,0.0
2016-08-02 00:00:00-03:00,24.125150680541992,24.125150680541992,24.125150680541992,24.125150680541992,0,0.0,0.0
2016-08-03 00:00:00-03:00,24.125150680541992,24.125150680541992,24.125150680541992,24.125150680541992,0,0.0,0.0
2016-08-04 00:00:00-03:00,24.125150680541992,24.125150680541992,24.125150680541992,24.125150680541992,0,0.0,0.0
2016-08-05 00:00:00-03:00,24.125150680541992,24.125150680541992,24.125150680541992,24.125150680541992,0,0.0,0.0
2016-08-08 00:00:00-03:00,24.125150680541992,24.125150680541992,24.125150680541992,24.125150680541992,0,0.0,0.0
2016-08-09 00:00:00-03:00,24.125150680541992,24.125150680541992,24.125150680541992,24.125150680541992,0,0.0,0.0
2016-08-10 00:00:00-03:00,24.125150680541992,24.125150680541992,24.125150680541992,24.125150680541992,0,0.0,0.0
2016-08-11 00:00:00-03:00,24.125150680541992,24.125150680541992,24.125150680541992,24.125150680541992,0,0.0,0.0
2016-08-12 00:00:00-03:00,24.125150680541992,24.125150680541992,24.125150680541992,24.125150680541992,0,0.0,0.0
2016-08-16 00:00:00-03:00,24.125150680541992,24.125150680541992,24.125150680541992,24.125150680541992,0,0.0,0.0
2016-08-17 00:00:00-03:00,24.27311897277832,24.27311897277832,24.27311897277832,24.27311897277832,0,219.77814,0.0
2016-08-18 00:00:00-03:00,24.27311897277832,24.27311897277832,24.27311897277832,24.27311897277832,0,0.0,0.0
2016-08-19 00:00:00-03:00,24.27311897277832,24.27311897277832,24.27311897277832,24.27311897277832,0,0.0,0.0
2016-08-22 00:00:00-03:00,24.27311897277832,24.27311897277832,24.27311897277832,24.27311897277832,0,0.0,0.0
2016-08-23 00:00:00-03:00,24.27311897277832,24.27311897277832,24.27311897277832,24.27311897277832,0,0.0,0.0
2016-08-24 00:00:00-03:00,24.27311897277832,24.27311897277832,24.27311897277832,24.27311897277832,0,0.0,0.0
2016-08-25 00:00:00-03:00,24.27311897277832,24.27311897277832,24.27311897277832,24.27311897277832,0,0.0,0.0
2016-08-26 00:00:00-03:00,24.27311897277832,24.27311897277832,24.27311897277832,24.27311897277832,0,0.0,0.0
2016-08-29 00:00:00-03:00,24.27311897277832,24.27311897277832,24.27311897277832,24.27311897277832,0,0.0,0.0
2016-08-30 00:00:00-03:00,24.27311897277832,24.27311897277832,24.27311897277832,24.27311897277832,0,0.0,0.0
2016-08-31 00:00:00-03:00,24.27311897277832,24.27311897277832,24.27311897277832,24.27311897277832,0,0.0,0.0
2016-09-01 00:00:00-03:00,24.27311897277832,24.27311897277832,24.27311897277832,24.27311897277832,0,0.0,0.0
2016-09-02 00:00:00-03:00,24.27311897277832,24.27311897277832,24.27311897277832,24.27311897277832,0,0.0,0.0
2016-09-05 00:00:00-03:00,24.27311897277832,24.27311897277832,24.27311897277832,24.27311897277832,0,0.0,0.0
2016-09-06 00:00:00-03:00,24.27311897277832,24.27311897277832,24.27311897277832,24.27311897277832,0,0.0,0.0
2016-09-07 00:00:00-03:00,24.27311897277832,24.27311897277832,24.27311897277832,24.27311897277832,0,0.0,0.0
2016-09-08 00:00:00-03:00,24.27311897277832,24.27311897277832,24.27311897277832,24.27311897277832,0,0.0,0.0
2016-09-09 00:00:00-03:00,24.27311897277832,24.27311897277832,24.27311897277832,24.27311897277832,0,0.0,0.0
2016-09-12 00:00:00-03:00,24.27311897277832,24.27311897277832,24.27311897277832,24.27311897277832,0,0.0,0.0
2016-09-13 00:00:00-03:00,24.27311897277832,24.27311897277832,24.27311897277832,24.27311897277832,0,0.0,0.0
2016-09-14 00:00:00-03:00,24.27311897277832,24.27311897277832,24.27311897277832,24.27311897277832,0,0.0,0.0
2016-09-15 00:00:00-03:00,24.27311897277832,24.27311897277832,24.27311897277832,24.27311897277832,0,0.0,0.0
2016-09-16 00:00:00-03:00,24.27311897277832,24.27311897277832,24.27311897277832,24.27311897277832,0,0.0,0.0
2016-09-19 00:00:00-03:00,24.27311897277832,24.27311897277832,24.27311897277832,24.27311897277832,0,0.0,0.0
2016-09-20 00:00:00-03:00,24.27311897277832,24.27311897277832,24.27311897277832,24.27311897277832,0,0.0,0.0
2016-09-21 00:00:00-03:00,24.27311897277832,24.27311897277832,24.27311897277832,24.27311897277832,0,0.0,0.0
2016-09-22 00:00:00-03:00,24.27311897277832,24.27311897277832,24.27311897277832,24.27311897277832,0,0.0,0.0
2016-09-23 00:00:00-03:00,24.27311897277832,24.27311897277832,24.27311897277832,24.27311897277832,0,0.0,0.0
2016-09-26 00:00:00-03:00,24.27311897277832,24.27311897277832,24.27311897277832,24.27311897277832,0,0.0,0.0
2016-09-27 00:00:00-03:00,24.27311897277832,24.27311897277832,24.27311897277832,24.27311897277832,0,0.0,0.0
2016-09-28 00:00:00-03:00,24.27311897277832,24.27311897277832,24.27311897277832,24.27311897277832,0,0.0,0.0
2016-09-29 00:00:00-03:00,24.27311897277832,24.27311897277832,24.27311897277832,24.27311897277832,0,0.0,0.0
2016-09-30 00:00:00-03:00,24.27311897277832,24.27311897277832,24.27311897277832,24.27311897277832,0,0.0,0.0
2016-10-03 00:00:00-03:00,24.27311897277832,24.27311897277832,24.27311897277832,24.27311897277832,0,0.0,0.0
2016-10-04 00:00:00-03:00,24.27311897277832,24.27311897277832,24.27311897277832,24.27311897277832,0,0.0,0.0
2016-10-05 00:00:00-03:00,24.27311897277832,24.27311897277832,24.27311897277832,24.27311897277832,0,0.0,0.0
2016-10-06 00:00:00-03:00,24.27311897277832,24.27311897277832,24.27311897277832,24.27311897277832,0,0.0,0.0
2016-10-07 00:00:00-03:00,24.27311897277832,24.27311897277832,24.27311897277832,24.27311897277832,0,0.0,0.0
2016-10-11 00:00:00-03:00,24.27311897277832,24.27311897277832,24.27311897277832,24.27311897277832,0,0.0,0.0
2016-10-12 00:00:00-03:00,24.27311897277832,24.27311897277832,24.27311897277832,24.27311897277832,0,0.0,0.0
2016-10-13 00:00:00-03:00,24.27311897277832,24.27311897277832,24.27311897277832,24.27311897277832,0,0.0,0.0
2016-10-14 00:00:00-03:00,24.27311897277832,24.27311897277832,24.27311897277832,24.27311897277832,0,0.0,0.0
2016-10-17 00:00:00-03:00,24.27311897277832,24.27311897277832,24.27311897277832,24.27311897277832,0,0.0,0.0
2016-10-18 00:00:00-03:00,24.27311897277832,24.27311897277832,24.27311897277832,24.27311897277832,0,0.0,0.0
2016-10-19 00:00:00-03:00,24.27311897277832,24.27311897277832,24.27311897277832,24.27311897277832,0,0.0,0.0
2016-10-20 00:00:00-03:00,24.27311897277832,24.27311897277832,24.27311897277832,24.27311897277832,0,0.0,0.0
2016-10-21 00:00:00-03:00,24.27311897277832,24.27311897277832,24.27311897277832,24.27311897277832,0,0.0,0.0
2016-10-24 00:00:00-03:00,24.27311897277832,24.27311897277832,24.27311897277832,24.27311897277832,0,0.0,0.0
2016-10-25 00:00:00-03:00,24.27311897277832,24.27311897277832,24.27311897277832,24.27311897277832,0,0.0,0.0
2016-10-26 00:00:00-03:00,24.27311897277832,24.27311897277832,24.27311897277832,24.27311897277832,0,0.0,0.0
2016-10-27 00:00:00-03:00,24.27311897277832,24.27311897277832,24.27311897277832,24.27311897277832,0,0.0,0.0
2016-10-28 00:00:00-03:00,24.27311897277832,24.27311897277832,24.27311897277832,24.27311897277832,0,0.0,0.0
2016-10-31 00:00:00-03:00,24.27311897277832,24.27311897277832,24.27311897277832,24.27311897277832,0,0.0,0.0
2016-11-01 00:00:00-03:00,24.27311897277832,24.27311897277832,24.27311897277832,24.27311897277832,0,0.0,0.0
2016-11-02 00:00:00-03:00,24.27311897277832,24.27311897277832,24.27311897277832,24.27311897277832,0,0.0,0.0
2016-11-03 00:00:00-03:00,24.27311897277832,24.27311897277832,24.27311897277832,24.27311897277832,0,0.0,0.0
2016-11-04 00:00:00-03:00,24.27311897277832,24.27311897277832,24.27311897277832,24.27311897277832,0,0.0,0.0
2016-11-07 00:00:00-03:00,24.27311897277832,24.27311897277832,24.27311897277832,24.27311897277832,0,0.0,0.0
2016-11-08 00:00:00-03:00,24.27311897277832,24.27311897277832,24.27311897277832,24.27311897277832,0,0.0,0.0
2016-11-09 00:00:00-03:00,24.27311897277832,24.27311897277832,24.27311897277832,24.27311897277832,0,0.0,0.0
2016-11-10 00:00:00-03:00,24.27311897277832,24.27311897277832,24.27311897277832,24.27311897277832,0,0.0,0.0
2016-11-11 00:00:00-03:00,24.27311897277832,24.27311897277832,24.27311897277832,24.27311897277832,0,0.0,0.0
2016-11-14 00:00:00-03:00,441.5421142578125,441.5421142578125,441.5421142578125,441.5421142578125,2000,0.0,0.0
2016-11-15 00:00:00-03:00,441.5421142578125,441.5421142578125,441.5421142578125,441.5421142578125,0,0.0,0.0
2016-11-16 00:00:00-03:00,441.7076110839844,441.7076110839844,441.7076110839844,441.7076110839844,0,245.63438,0.0
2016-11-17 00:00:00-03:00,441.7076110839844,441.7076110839844,441.7076110839844,441.7076110839844,0,0.0,0.0
2016-11-18 00:00:00-03:00,441.7076110839844,441.7076110839844,441.7076110839844,441.7076110839844,0,0.0,0.0
2016-11-21 00:00:00-03:00,441.7076110839844,441.7076110839844,441.7076110839844,441.7076110839844,0,0.0,0.0
2016-11-22 00:00:00-03:00,441.7076110839844,441.7076110839844,441.7076110839844,441.7076110839844,0,0.0,0.0
2016-11-23 00:00:00-03:00,441.7076110839844,441.7076110839844,441.7076110839844,441.7076110839844,0,0.0,0.0
2016-11-24 00:00:00-03:00,441.7076110839844,441.7076110839844,441.7076110839844,441.7076110839844,0,0.0,0.0
2016-11-25 00:00:00-03:00,441.7076110839844,441.7076110839844,441.7076110839844,441.7076110839844,0,0.0,0.0
2016-11-29 00:00:00-03:00,441.7076110839844,441.7076110839844,441.7076110839844,441.7076110839844,0,0.0,0.0
2016-11-30 00:00:00-03:00,441.7076110839844,441.7076110839844,441.7076110839844,441.7076110839844,0,0.0,0.0
2016-12-01 00:00:00-03:00,441.7076110839844,441.7076110839844,441.7076110839844,441.7076110839844,0,0.0,0.0
2016-12-02 00:00:00-03:00,441.7076110839844,441.7076110839844,441.7076110839844,441.7076110839844,0,0.0,0.0
2016-12-05 00:00:00-03:00,441.7076110839844,441.7076110839844,441.7076110839844,441.7076110839844,0,0.0,0.0
2016-12-06 00:00:00-03:00,441.7076110839844,441.7076110839844,441.7076110839844,441.7076110839844,0,0.0,0.0
2016-12-07 00:00:00-03:00,441.7076110839844,441.7076110839844,441.7076110839844,441.7076110839844,0,0.0,0.0
2016-12-12 00:00:00-03:00,441.7076110839844,441.7076110839844,441.7076110839844,441.7076110839844,0,0.0,0.0
2016-12-13 00:00:00-03:00,441.7076110839844,441.7076110839844,441.7076110839844,441.7076110839844,0,0.0,0.0
2016-12-14 00:00:00-03:00,441.7076110839844,441.7076110839844,441.7076110839844,441.7076110839844,0,0.0,0.0
2016-12-15 00:00:00-03:00,441.7076110839844,441.7076110839844,441.7076110839844,441.7076110839844,0,0.0,0.0
2016-12-16 00:00:00-03:00,441.7076110839844,441.7076110839844,441.7076110839844,441.7076110839844,0,0.0,0.0
2016-12-19 00:00:00-03:00,441.7076110839844,441.7076110839844,441.7076110839844,441.7076110839844,0,0.0,0.0
2016-12-20 00:00:00-03:00,441.7076110839844,441.7076110839844,441.7076110839844,441.7076110839844,0,0.0,0.0
2016-12-21 00:00:00-03:00,441.7076110839844,441.7076110839844,441.7076110839844,441.7076110839844,0,0.0,0.0
2016-12-22 00:00:00-03:00,441.7076110839844,441.7076110839844,441.7076110839844,441.7076110839844,0,0.0,0.0
2016-12-23 00:00:00-03:00,441.7076110839844,441.7076110839844,441.7076110839844,441.7076110839844,0,0.0,0.0
2016-12-26 00:00:00-03:00,441.7076110839844,441.7076110839844,441.7076110839844,441.7076110839844,0,0.0,0.0
2016-12-27 00:00:00-03:00,441.7076110839844,441.7076110839844,441.7076110839844,441.7076110839844,0,0.0,0.0
2016-12-28 00:00:00-03:00,441.7076110839844,441.7076110839844,441.7076110839844,441.7076110839844,0,0.0,0.0
2016-12-29 00:00:00-03:00,441.7076110839844,441.7076110839844,441.7076110839844,441.7076110839844,0,0.0,0.0
2016-12-30 00:00:00-03:00,441.7076110839844,441.7076110839844,441.7076110839844,441.7076110839844,0,0.0,0.0
2017-01-02 00:00:00-03:00,441.7076110839844,441.7076110839844,441.7076110839844,441.7076110839844,0,0.0,0.0
2017-01-03 00:00:00-03:00,441.7076110839844,441.7076110839844,441.7076110839844,441.7076110839844,0,0.0,0.0
2017-01-04 00:00:00-03:00,441.7076110839844,441.7076110839844,441.7076110839844,441.7076110839844,0,0.0,0.0
2017-01-05 00:00:00-03:00,441.7076110839844,441.7076110839844,441.7076110839844,441.7076110839844,0,0.0,0.0
2017-01-06 00:00:00-03:00,441.7076110839844,441.7076110839844,441.7076110839844,441.7076110839844,0,0.0,0.0
2017-01-09 00:00:00-03:00,441.7076110839844,441.7076110839844,441.7076110839844,441.7076110839844,0,0.0,0.0
2017-01-10 00:00:00-03:00,441.7076110839844,441.7076110839844,441.7076110839844,441.7076110839844,0,0.0,0.0
2017-01-11 00:00:00-03:00,441.7076110839844,441.7076110839844,441.7076110839844,441.7076110839844,0,0.0,0.0
2017-01-12 00:00:00-03:00,441.7076110839844,441.7076110839844,441.7076110839844,441.7076110839844,0,0.0,0.0
2017-01-13 00:00:00-03:00,441.7076110839844,441.7076110839844,441.7076110839844,441.7076110839844,0,0.0,0.0
2017-01-16 00:00:00-03:00,441.7076110839844,441.7076110839844,441.7076110839844,441.7076110839844,0,0.0,0.0
2017-01-17 00:00:00-03:00,441.7076110839844,441.7076110839844,441.7076110839844,441.7076110839844,0,0.0,0.0
2017-01-18 00:00:00-03:00,441.7076110839844,441.7076110839844,441.7076110839844,441.7076110839844,0,0.0,0.0
2017-01-19 00:00:00-03:00,441.7076110839844,441.7076110839844,441.7076110839844,441.7076110839844,0,0.0,0.0
2017-01-20 00:00:00-03:00,441.7076110839844,441.7076110839844,441.7076110839844,441.7076110839844,0,0.0,0.0
2017-01-23 00:00:00-03:00,441.7076110839844,441.7076110839844,441.7076110839844,441.7076110839844,0,0.0,0.0
2017-01-24 00:00:00-03:00,441.7076110839844,441.7076110839844,441.7076110839844,441.7076110839844,0,0.0,0.0
2017-01-25 00:00:00-03:00,441.7076110839844,441.7076110839844,441.7076110839844,441.7076110839844,0,0.0,0.0
2017-01-26 00:00:00-03:00,441.7076110839844,441.7076110839844,441.7076110839844,441.7076110839844,0,0.0,0.0
2017-01-27 00:00:00-03:00,441.7076110839844,441.7076110839844,441.7076110839844,441.7076110839844,0,0.0,0.0
2017-01-30 00:00:00-03:00,441.7076110839844,441.7076110839844,441.7076110839844,441.7076110839844,0,0.0,0.0
2017-01-31 00:00:00-03:00,441.7076110839844,441.7076110839844,441.7076110839844,441.7076110839844,0,0.0,0.0
2017-02-01 00:00:00-03:00,441.7076110839844,441.7076110839844,441.7076110839844,441.7076110839844,0,0.0,0.0
2017-02-02 00:00:00-03:00,441.7076110839844,441.7076110839844,441.7076110839844,441.7076110839844,0,0.0,0.0
2017-02-03 00:00:00-03:00,441.7076110839844,441.7076110839844,441.7076110839844,441.7076110839844,0,0.0,0.0
2017-02-06 00:00:00-03:00,441.7076110839844,441.7076110839844,441.7076110839844,441.7076110839844,0,0.0,0.0
2017-02-07 00:00:00-03:00,441.7076110839844,441.7076110839844,441.7076110839844,441.7076110839844,0,0.0,0.0
2017-02-08 00:00:00-03:00,441.7076110839844,441.7076110839844,441.7076110839844,441.7076110839844,0,0.0,0.0
2017-02-09 00:00:00-03:00,441.7076110839844,441.7076110839844,441.7076110839844,441.7076110839844,0,0.0,0.0
2017-02-10 00:00:00-03:00,441.7076110839844,441.7076110839844,441.7076110839844,441.7076110839844,0,0.0,0.0
2017-02-13 00:00:00-03:00,441.7076110839844,441.7076110839844,441.7076110839844,441.7076110839844,0,0.0,0.0
2017-02-14 00:00:00-03:00,441.7076110839844,441.7076110839844,441.7076110839844,441.7076110839844,0,0.0,0.0
2017-02-15 00:00:00-03:00,441.7076110839844,441.7076110839844,441.7076110839844,441.7076110839844,0,0.0,0.0
2017-02-16 00:00:00-03:00,441.7076110839844,441.7076110839844,441.7076110839844,441.7076110839844,0,0.0,0.0
2017-02-17 00:00:00-03:00,441.7076110839844,441.7076110839844,441.7076110839844,441.7076110839844,0,0.0,0.0
2017-02-20 00:00:00-03:00,441.7076110839844,441.7076110839844,441.7076110839844,441.7076110839844,0,0.0,0.0
2017-02-21 00:00:00-03:00,441.7076110839844,441.7076110839844,441.7076110839844,441.7076110839844,0,0.0,0.0
2017-02-22 00:00:00-03:00,441.87310791015625,441.87310791015625,441.87310791015625,441.87310791015625,0,245.63438,0.0
2017-02-23 00:00:00-03:00,441.87310791015625,441.87310791015625,441.87310791015625,441.87310791015625,0,0.0,0.0
2017-02-24 00:00:00-03:00,475.7713623046875,475.7713623046875,475.7713623046875,475.7713623046875,2000,0.0,0.0
2017-03-01 00:00:00-03:00,475.7713623046875,475.7713623046875,475.7713623046875,475.7713623046875,0,0.0,0.0
2017-03-02 00:00:00-03:00,475.7713623046875,475.7713623046875,475.7713623046875,475.7713623046875,0,0.0,0.0
2017-03-03 00:00:00-03:00,475.7713623046875,475.7713623046875,475.7713623046875,475.7713623046875,0,0.0,0.0
2017-03-06 00:00:00-03:00,475.7713623046875,475.7713623046875,475.7713623046875,475.7713623046875,0,0.0,0.0
2017-03-07 00:00:00-03:00,475.7713623046875,475.7713623046875,475.7713623046875,475.7713623046875,0,0.0,0.0
2017-03-08 00:00:00-03:00,475.7713623046875,475.7713623046875,475.7713623046875,475.7713623046875,0,0.0,0.0
2017-03-09 00:00:00-03:00,475.7713623046875,475.7713623046875,475.7713623046875,475.7713623046875,0,0.0,0.0
2017-03-10 00:00:00-03:00,475.7713623046875,475.7713623046875,475.7713623046875,475.7713623046875,0,0.0,0.0
2017-03-13 00:00:00-03:00,475.7713623046875,475.7713623046875,475.7713623046875,475.7713623046875,0,0.0,0.0
2017-03-14 00:00:00-03:00,475.7713623046875,475.7713623046875,475.7713623046875,475.7713623046875,0,0.0,0.0
2017-03-15 00:00:00-03:00,475.7713623046875,475.7713623046875,475.7713623046875,475.7713623046875,0,0.0,0.0
2017-03-16 00:00:00-03:00,475.7713623046875,475.7713623046875,475.7713623046875,475.7713623046875,0,0.0,0.0
2017-03-17 00:00:00-03:00,475.7713623046875,475.7713623046875,475.7713623046875,475.7713623046875,0,0.0,0.0
2017-03-20 00:00:00-03:00,475.7713623046875,475.7713623046875,475.7713623046875,475.7713623046875,0,0.0,0.0
2017-03-21 00:00:00-03:00,475.7713623046875,475.7713623046875,475.7713623046875,475.7713623046875,0,0.0,0.0
2017-03-22 00:00:00-03:00,475.7713623046875,475.7713623046875,475.7713623046875,475.7713623046875,0,0.0,0.0
2017-03-23 00:00:00-03:00,475.7713623046875,475.7713623046875,475.7713623046875,475.7713623046875,0,0.0,0.0
2017-03-27 00:00:00-03:00,475.7713623046875,475.7713623046875,475.7713623046875,475.7713623046875,0,0.0,0.0
2017-03-28 00:00:00-03:00,475.7713623046875,475.7713623046875,475.7713623046875,475.7713623046875,0,0.0,0.0
2017-03-29 00:00:00-03:00,475.7713623046875,475.7713623046875,475.7713623046875,475.7713623046875,0,0.0,0.0
2017-03-30 00:00:00-03:00,475.7713623046875,475.7713623046875,475.7713623046875,475.7713623046875,0,0.0,0.0
2017-03-31 00:00:00-03:00,475.7713623046875,475.7713623046875,475.7713623046875,475.7713623046875,0,0.0,0.0
2017-04-03 00:00:00-03:00,475.7713623046875,475.7713623046875,475.7713623046875,475.7713623046875,0,0.0,0.0
2017-04-04 00:00:00-03:00,475.7713623046875,475.7713623046875,475.7713623046875,475.7713623046875,0,0.0,0.0
2017-04-05 00:00:00-03:00,475.7713623046875,475.7713623046875,475.7713623046875,475.7713623046875,0,0.0,0.0
2017-04-06 00:00:00-03:00,475.7713623046875,475.7713623046875,475.7713623046875,475.7713623046875,0,0.0,0.0
2017-04-07 00:00:00-03:00,475.7713623046875,475.7713623046875,475.7713623046875,475.7713623046875,0,0.0,0.0
2017-04-10 00:00:00-03:00,475.7713623046875,475.7713623046875,475.7713623046875,475.7713623046875,0,0.0,0.0
2017-04-11 00:00:00-03:00,475.7713623046875,475.7713623046875,475.7713623046875,475.7713623046875,0,0.0,0.0
2017-04-12 00:00:00-03:00,475.7713623046875,475.7713623046875,475.7713623046875,475.7713623046875,0,0.0,0.0
2017-04-17 00:00:00-03:00,475.7713623046875,475.7713623046875,475.7713623046875,475.7713623046875,0,0.0,0.0
2017-04-18 00:00:00-03:00,475.7713623046875,475.7713623046875,475.7713623046875,475.7713623046875,0,0.0,0.0
2017-04-19 00:00:00-03:00,475.7713623046875,475.7713623046875,475.7713623046875,475.7713623046875,0,0.0,0.0
2017-04-20 00:00:00-03:00,475.7713623046875,475.7713623046875,475.7713623046875,475.7713623046875,0,0.0,0.0
2017-04-21 00:00:00-03:00,475.7713623046875,475.7713623046875,475.7713623046875,475.7713623046875,0,0.0,0.0
2017-04-24 00:00:00-03:00,475.7713623046875,475.7713623046875,475.7713623046875,475.7713623046875,0,0.0,0.0
2017-04-25 00:00:00-03:00,475.7713623046875,475.7713623046875,475.7713623046875,475.7713623046875,0,0.0,0.0
2017-04-26 00:00:00-03:00,475.7713623046875,475.7713623046875,475.7713623046875,475.7713623046875,0,0.0,0.0
2017-04-27 00:00:00-03:00,475.7713623046875,475.7713623046875,475.7713623046875,475.7713623046875,0,0.0,0.0
2017-04-28 00:00:00-03:00,475.7713623046875,475.7713623046875,475.7713623046875,475.7713623046875,0,0.0,0.0
2017-05-02 00:00:00-03:00,475.7713623046875,475.7713623046875,475.7713623046875,475.7713623046875,0,0.0,0.0
2017-05-03 00:00:00-03:00,475.7713623046875,475.7713623046875,475.7713623046875,475.7713623046875,0,0.0,0.0
2017-05-04 00:00:00-03:00,475.7713623046875,475.7713623046875,475.7713623046875,475.7713623046875,0,0.0,0.0
2017-05-05 00:00:00-03:00,475.7713623046875,475.7713623046875,475.7713623046875,475.7713623046875,0,0.0,0.0
2017-05-08 00:00:00-03:00,475.7713623046875,475.7713623046875,475.7713623046875,475.7713623046875,0,0.0,0.0
2017-05-09 00:00:00-03:00,475.7713623046875,475.7713623046875,475.7713623046875,475.7713623046875,0,0.0,0.0
2017-05-10 00:00:00-03:00,475.7713623046875,475.7713623046875,475.7713623046875,475.7713623046875,0,0.0,0.0
2017-05-11 00:00:00-03:00,475.7713623046875,475.7713623046875,475.7713623046875,475.7713623046875,0,0.0,0.0
2017-05-12 00:00:00-03:00,475.7713623046875,475.7713623046875,475.7713623046875,475.7713623046875,0,0.0,0.0
2017-05-15 00:00:00-03:00,475.7713623046875,475.7713623046875,475.7713623046875,475.7713623046875,0,0.0,0.0
2017-05-16 00:00:00-03:00,475.7713623046875,475.7713623046875,475.7713623046875,475.7713623046875,0,0.0,0.0
2017-05-17 00:00:00-03:00,475.9368591308594,475.9368591308594,475.9368591308594,475.9368591308594,0,245.63438,0.0
2017-05-18 00:00:00-03:00,475.9368591308594,475.9368591308594,475.9368591308594,475.9368591308594,0,0.0,0.0
2017-05-19 00:00:00-03:00,475.9368591308594,475.9368591308594,475.9368591308594,475.9368591308594,0,0.0,0.0
2017-05-22 00:00:00-03:00,475.9368591308594,475.9368591308594,475.9368591308594,475.9368591308594,0,0.0,0.0
2017-05-23 00:00:00-03:00,475.9368591308594,475.9368591308594,475.9368591308594,475.9368591308594,0,0.0,0.0
2017-05-24 00:00:00-03:00,475.9368591308594,475.9368591308594,475.9368591308594,475.9368591308594,0,0.0,0.0
2017-05-26 00:00:00-03:00,475.9368591308594,475.9368591308594,475.9368591308594,475.9368591308594,0,0.0,0.0
2017-05-29 00:00:00-03:00,475.9368591308594,475.9368591308594,475.9368591308594,475.9368591308594,0,0.0,0.0
2017-05-30 00:00:00-03:00,475.9368591308594,475.9368591308594,475.9368591308594,475.9368591308594,0,0.0,0.0
2017-05-31 00:00:00-03:00,475.9368591308594,475.9368591308594,475.9368591308594,475.9368591308594,0,0.0,0.0
2017-06-01 00:00:00-03:00,475.9368591308594,475.9368591308594,475.9368591308594,475.9368591308594,0,0.0,0.0
2017-06-02 00:00:00-03:00,475.9368591308594,475.9368591308594,475.9368591308594,475.9368591308594,0,0.0,0.0
2017-06-05 00:00:00-03:00,475.9368591308594,475.9368591308594,475.9368591308594,475.9368591308594,0,0.0,0.0
2017-06-06 00:00:00-03:00,475.9368591308594,475.9368591308594,475.9368591308594,475.9368591308594,0,0.0,0.0
2017-06-07 00:00:00-03:00,475.9368591308594,475.9368591308594,475.9368591308594,475.9368591308594,0,0.0,0.0
2017-06-08 00:00:00-03:00,475.9368591308594,475.9368591308594,475.9368591308594,475.9368591308594,0,0.0,0.0
2017-06-09 00:00:00-03:00,475.9368591308594,475.9368591308594,475.9368591308594,475.9368591308594,0,0.0,0.0
2017-06-12 00:00:00-03:00,475.9368591308594,475.9368591308594,475.9368591308594,475.9368591308594,0,0.0,0.0
2017-06-13 00:00:00-03:00,475.9368591308594,475.9368591308594,475.9368591308594,475.9368591308594,0,0.0,0.0
2017-06-14 00:00:00-03:00,475.9368591308594,475.9368591308594,475.9368591308594,475.9368591308594,0,0.0,0.0
2017-06-15 00:00:00-03:00,475.9368591308594,475.9368591308594,475.9368591308594,475.9368591308594,0,0.0,0.0
2017-06-16 00:00:00-03:00,475.9368591308594,475.9368591308594,475.9368591308594,475.9368591308594,0,0.0,0.0
2017-06-19 00:00:00-03:00,475.9368591308594,475.9368591308594,475.9368591308594,475.9368591308594,0,0.0,0.0
2017-06-21 00:00:00-03:00,475.9368591308594,475.9368591308594,475.9368591308594,475.9368591308594,0,0.0,0.0
2017-06-22 00:00:00-03:00,475.9368591308594,475.9368591308594,475.9368591308594,475.9368591308594,0,0.0,0.0
2017-06-23 00:00:00-03:00,475.9368591308594,475.9368591308594,475.9368591308594,475.9368591308594,0,0.0,0.0
2017-06-26 00:00:00-03:00,475.9368591308594,475.9368591308594,475.9368591308594,475.9368591308594,0,0.0,0.0
2017-06-27 00:00:00-03:00,475.9368591308594,475.9368591308594,475.9368591308594,475.9368591308594,0,0.0,0.0
2017-06-28 00:00:00-03:00,475.9368591308594,475.9368591308594,475.9368591308594,475.9368591308594,0,0.0,0.0
2017-06-29 00:00:00-03:00,475.9368591308594,475.9368591308594,475.9368591308594,475.9368591308594,0,0.0,0.0
2017-06-30 00:00:00-03:00,475.9368591308594,475.9368591308594,475.9368591308594,475.9368591308594,0,0.0,0.0
2017-07-03 00:00:00-03:00,475.9368591308594,475.9368591308594,475.9368591308594,475.9368591308594,0,0.0,0.0
2017-07-04 00:00:00-03:00,475.9368591308594,475.9368591308594,475.9368591308594,475.9368591308594,0,0.0,0.0
2017-07-05 00:00:00-03:00,475.9368591308594,475.9368591308594,475.9368591308594,475.9368591308594,0,0.0,0.0
2017-07-06 00:00:00-03:00,475.9368591308594,475.9368591308594,475.9368591308594,475.9368591308594,0,0.0,0.0
2017-07-07 00:00:00-03:00,475.9368591308594,475.9368591308594,475.9368591308594,475.9368591308594,0,0.0,0.0
2017-07-10 00:00:00-03:00,475.9368591308594,475.9368591308594,475.9368591308594,475.9368591308594,0,0.0,0.0
2017-07-11 00:00:00-03:00,475.9368591308594,475.9368591308594,475.9368591308594,475.9368591308594,0,0.0,0.0
2017-07-12 00:00:00-03:00,475.9368591308594,475.9368591308594,475.9368591308594,475.9368591308594,0,0.0,0.0
2017-07-13 00:00:00-03:00,475.9368591308594,475.9368591308594,475.9368591308594,475.9368591308594,0,0.0,0.0
2017-07-14 00:00:00-03:00,475.9368591308594,475.9368591308594,475.9368591308594,475.9368591308594,0,0.0,0.0
2017-07-17 00:00:00-03:00,475.9368591308594,475.9368591308594,475.9368591308594,475.9368591308594,0,0.0,0.0
2017-07-18 00:00:00-03:00,475.9368591308594,475.9368591308594,475.9368591308594,475.9368591308594,0,0.0,0.0
2017-07-19 00:00:00-03:00,475.9368591308594,475.9368591308594,475.9368591308594,475.9368591308594,0,0.0,0.0
2017-07-20 00:00:00-03:00,475.9368591308594,475.9368591308594,475.9368591308594,475.9368591308594,0,0.0,0.0
2017-07-21 00:00:00-03:00,475.9368591308594,475.9368591308594,475.9368591308594,475.9368591308594,0,0.0,0.0
2017-07-24 00:00:00-03:00,475.9368591308594,475.9368591308594,475.9368591308594,475.9368591308594,0,0.0,0.0
2017-07-25 00:00:00-03:00,475.9368591308594,475.9368591308594,475.9368591308594,475.9368591308594,0,0.0,0.0
2017-07-26 00:00:00-03:00,475.9368591308594,475.9368591308594,475.9368591308594,475.9368591308594,0,0.0,0.0
2017-07-27 00:00:00-03:00,475.9368591308594,475.9368591308594,475.9368591308594,475.9368591308594,0,0.0,0.0
2017-07-28 00:00:00-03:00,475.9368591308594,475.9368591308594,475.9368591308594,475.9368591308594,0,0.0,0.0
2017-07-31 00:00:00-03:00,475.9368591308594,475.9368591308594,475.9368591308594,475.9368591308594,0,0.0,0.0
2017-08-01 00:00:00-03:00,475.9368591308594,475.9368591308594,475.9368591308594,475.9368591308594,0,0.0,0.0
2017-08-02 00:00:00-03:00,475.9368591308594,475.9368591308594,475.9368591308594,475.9368591308594,0,0.0,0.0
2017-08-03 00:00:00-03:00,475.9368591308594,475.9368591308594,475.9368591308594,475.9368591308594,0,0.0,0.0
2017-08-04 00:00:00-03:00,475.9368591308594,475.9368591308594,475.9368591308594,475.9368591308594,0,0.0,0.0
2017-08-07 00:00:00-03:00,475.9368591308594,475.9368591308594,475.9368591308594,475.9368591308594,0,0.0,0.0
2017-08-08 00:00:00-03:00,475.9368591308594,475.9368591308594,475.9368591308594,475.9368591308594,0,0.0,0.0
2017-08-09 00:00:00-03:00,475.9368591308594,475.9368591308594,475.9368591308594,475.9368591308594,0,0.0,0.0
2017-08-10 00:00:00-03:00,475.9368591308594,475.9368591308594,475.9368591308594,475.9368591308594,0,0.0,0.0
2017-08-11 00:00:00-03:00,475.9368591308594,475.9368591308594,475.9368591308594,475.9368591308594,0,0.0,0.0
2017-08-14 00:00:00-03:00,475.9368591308594,475.9368591308594,475.9368591308594,475.9368591308594,0,0.0,0.0
2017-08-15 00:00:00-03:00,475.9368591308594,475.9368591308594,475.9368591308594,475.9368591308594,0,0.0,0.0
2017-08-16 00:00:00-03:00,476.1024475097656,476.1024475097656,476.1024475097656,476.1024475097656,0,245.63438,0.0
2017-08-17 00:00:00-03:00,476.1024475097656,476.1024475097656,476.1024475097656,476.1024475097656,0,0.0,0.0
2017-08-18 00:00:00-03:00,476.1024475097656,476.1024475097656,476.1024475097656,476.1024475097656,0,0.0,0.0
2017-08-22 00:00:00-03:00,476.1024475097656,476.1024475097656,476.1024475097656,476.1024475097656,0,0.0,0.0
2017-08-23 00:00:00-03:00,476.1024475097656,476.1024475097656,476.1024475097656,476.1024475097656,0,0.0,0.0
2017-08-24 00:00:00-03:00,476.1024475097656,476.1024475097656,476.1024475097656,476.1024475097656,0,0.0,0.0
2017-08-25 00:00:00-03:00,476.1024475097656,476.1024475097656,476.1024475097656,476.1024475097656,0,0.0,0.0
2017-08-28 00:00:00-03:00,476.1024475097656,476.1024475097656,476.1024475097656,476.1024475097656,0,0.0,0.0
2017-08-29 00:00:00-03:00,476.1024475097656,476.1024475097656,476.1024475097656,476.1024475097656,0,0.0,0.0
2017-08-30 00:00:00-03:00,476.1024475097656,476.1024475097656,476.1024475097656,476.1024475097656,0,0.0,0.0
2017-08-31 00:00:00-03:00,476.1024475097656,476.1024475097656,476.1024475097656,476.1024475097656,0,0.0,0.0
2017-09-01 00:00:00-03:00,476.1024475097656,476.1024475097656,476.1024475097656,476.1024475097656,0,0.0,0.0
2017-09-04 00:00:00-03:00,476.1024475097656,476.1024475097656,476.1024475097656,476.1024475097656,0,0.0,0.0
2017-09-05 00:00:00-03:00,476.1024475097656,476.1024475097656,476.1024475097656,476.1024475097656,0,0.0,0.0
2017-09-06 00:00:00-03:00,476.1024475097656,476.1024475097656,476.1024475097656,476.1024475097656,0,0.0,0.0
2017-09-07 00:00:00-03:00,476.1024475097656,476.1024475097656,476.1024475097656,476.1024475097656,0,0.0,0.0
2017-09-08 00:00:00-03:00,476.1024475097656,476.1024475097656,476.1024475097656,476.1024475097656,0,0.0,0.0
2017-09-11 00:00:00-03:00,476.1024475097656,476.1024475097656,476.1024475097656,476.1024475097656,0,0.0,0.0
2017-09-12 00:00:00-03:00,476.1024475097656,476.1024475097656,476.1024475097656,476.1024475097656,0,0.0,0.0
2017-09-13 00:00:00-03:00,476.1024475097656,476.1024475097656,476.1024475097656,476.1024475097656,0,0.0,0.0
2017-09-14 00:00:00-03:00,476.1024475097656,476.1024475097656,476.1024475097656,476.1024475097656,0,0.0,0.0
2017-09-15 00:00:00-03:00,476.1024475097656,476.1024475097656,476.1024475097656,476.1024475097656,0,0.0,0.0
2017-09-18 00:00:00-03:00,476.1024475097656,476.1024475097656,476.1024475097656,476.1024475097656,0,0.0,0.0
2017-09-19 00:00:00-03:00,476.1024475097656,476.1024475097656,476.1024475097656,476.1024475097656,0,0.0,0.0
2017-09-20 00:00:00-03:00,476.1024475097656,476.1024475097656,476.1024475097656,476.1024475097656,0,0.0,0.0
2017-09-21 00:00:00-03:00,476.1024475097656,476.1024475097656,476.1024475097656,476.1024475097656,0,0.0,0.0
2017-09-22 00:00:00-03:00,476.1024475097656,476.1024475097656,476.1024475097656,476.1024475097656,0,0.0,0.0
2017-09-25 00:00:00-03:00,476.1024475097656,476.1024475097656,476.1024475097656,476.1024475097656,0,0.0,0.0
2017-09-26 00:00:00-03:00,476.1024475097656,476.1024475097656,476.1024475097656,476.1024475097656,0,0.0,0.0
2017-09-27 00:00:00-03:00,476.1024475097656,476.1024475097656,476.1024475097656,476.1024475097656,0,0.0,0.0
2017-09-28 00:00:00-03:00,476.1024475097656,476.1024475097656,476.1024475097656,476.1024475097656,0,0.0,0.0
2017-09-29 00:00:00-03:00,476.1024475097656,476.1024475097656,476.1024475097656,476.1024475097656,0,0.0,0.0
2017-10-02 00:00:00-03:00,476.1024475097656,476.1024475097656,476.1024475097656,476.1024475097656,0,0.0,0.0
2017-10-03 00:00:00-03:00,476.1024475097656,476.1024475097656,476.1024475097656,476.1024475097656,0,0.0,0.0
2017-10-04 00:00:00-03:00,476.1024475097656,476.1024475097656,476.1024475097656,476.1024475097656,0,0.0,0.0
2017-10-05 00:00:00-03:00,476.1024475097656,476.1024475097656,476.1024475097656,476.1024475097656,0,0.0,0.0
2017-10-06 00:00:00-03:00,476.1024475097656,476.1024475097656,476.1024475097656,476.1024475097656,0,0.0,0.0
2017-10-10 00:00:00-03:00,476.1024475097656,476.1024475097656,476.1024475097656,476.1024475097656,0,0.0,0.0
2017-10-11 00:00:00-03:00,476.1024475097656,476.1024475097656,476.1024475097656,476.1024475097656,0,0.0,0.0
2017-10-12 00:00:00-03:00,476.1024475097656,476.1024475097656,476.1024475097656,476.1024475097656,0,0.0,0.0
2017-10-13 00:00:00-03:00,476.1024475097656,476.1024475097656,476.1024475097656,476.1024475097656,0,0.0,0.0
2017-10-17 00:00:00-03:00,476.1024475097656,476.1024475097656,476.1024475097656,476.1024475097656,0,0.0,0.0
2017-10-18 00:00:00-03:00,476.1024475097656,476.1024475097656,476.1024475097656,476.1024475097656,0,0.0,0.0
2017-10-19 00:00:00-03:00,476.1024475097656,476.1024475097656,476.1024475097656,476.1024475097656,0,0.0,0.0
2017-10-20 00:00:00-03:00,476.1024475097656,476.1024475097656,476.1024475097656,476.1024475097656,0,0.0,0.0
2017-10-23 00:00:00-03:00,476.1024475097656,476.1024475097656,476.1024475097656,476.1024475097656,0,0.0,0.0
2017-10-24 00:00:00-03:00,476.1024475097656,476.1024475097656,476.1024475097656,476.1024475097656,0,0.0,0.0
2017-10-25 00:00:00-03:00,476.1024475097656,476.1024475097656,476.1024475097656,476.1024475097656,0,0.0,0.0
2017-10-26 00:00:00-03:00,476.1024475097656,476.1024475097656,476.1024475097656,476.1024475097656,0,0.0,0.0
2017-10-27 00:00:00-03:00,476.1024475097656,476.1024475097656,476.1024475097656,476.1024475097656,0,0.0,0.0
2017-10-30 00:00:00-03:00,476.1024475097656,476.1024475097656,476.1024475097656,476.1024475097656,0,0.0,0.0
2017-10-31 00:00:00-03:00,476.1024475097656,476.1024475097656,476.1024475097656,476.1024475097656,0,0.0,0.0
2017-11-01 00:00:00-03:00,476.1024475097656,476.1024475097656,476.1024475097656,476.1024475097656,0,0.0,0.0
2017-11-02 00:00:00-03:00,476.1024475097656,476.1024475097656,476.1024475097656,476.1024475097656,0,0.0,0.0
2017-11-03 00:00:00-03:00,476.1024475097656,476.1024475097656,476.1024475097656,476.1024475097656,0,0.0,0.0
2017-11-07 00:00:00-03:00,476.1024475097656,476.1024475097656,476.1024475097656,476.1024475097656,0,0.0,0.0
2017-11-08 00:00:00-03:00,476.1024475097656,476.1024475097656,476.1024475097656,476.1024475097656,0,0.0,0.0
2017-11-09 00:00:00-03:00,476.1024475097656,476.1024475097656,476.1024475097656,476.1024475097656,0,0.0,0.0
2017-11-10 00:00:00-03:00,476.1024475097656,476.1024475097656,476.1024475097656,476.1024475097656,0,0.0,0.0
2017-11-13 00:00:00-03:00,476.1024475097656,476.1024475097656,476.1024475097656,476.1024475097656,0,0.0,0.0
2017-11-14 00:00:00-03:00,476.1024475097656,476.1024475097656,476.1024475097656,476.1024475097656,0,0.0,0.0
2017-11-15 00:00:00-03:00,476.1024475097656,476.1024475097656,476.1024475097656,476.1024475097656,0,0.0,0.0
2017-11-16 00:00:00-03:00,476.2881164550781,476.2881164550781,476.2881164550781,476.2881164550781,0,275.1844,0.0
2017-11-17 00:00:00-03:00,476.2881164550781,476.2881164550781,476.2881164550781,476.2881164550781,0,0.0,0.0
2017-11-21 00:00:00-03:00,476.2881164550781,476.2881164550781,476.2881164550781,476.2881164550781,0,0.0,0.0
2017-11-22 00:00:00-03:00,476.2881164550781,476.2881164550781,476.2881164550781,476.2881164550781,0,0.0,0.0
2017-11-23 00:00:00-03:00,476.2881164550781,476.2881164550781,476.2881164550781,476.2881164550781,0,0.0,0.0
2017-11-24 00:00:00-03:00,476.2881164550781,476.2881164550781,476.2881164550781,476.2881164550781,0,0.0,0.0
2017-11-28 00:00:00-03:00,476.2881164550781,476.2881164550781,476.2881164550781,476.2881164550781,0,0.0,0.0
2017-11-29 00:00:00-03:00,476.2881164550781,476.2881164550781,476.2881164550781,476.2881164550781,0,0.0,0.0
2017-11-30 00:00:00-03:00,476.2881164550781,476.2881164550781,476.2881164550781,476.2881164550781,0,0.0,0.0
2017-12-01 00:00:00-03:00,476.2881164550781,476.2881164550781,476.2881164550781,476.2881164550781,0,0.0,0.0
2017-12-04 00:00:00-03:00,476.2881164550781,476.2881164550781,476.2881164550781,476.2881164550781,0,0.0,0.0
2017-12-05 00:00:00-03:00,476.2881164550781,476.2881164550781,476.2881164550781,476.2881164550781,0,0.0,0.0
2017-12-06 00:00:00-03:00,476.2881164550781,476.2881164550781,476.2881164550781,476.2881164550781,0,0.0,0.0
2017-12-07 00:00:00-03:00,476.2881164550781,476.2881164550781,476.2881164550781,476.2881164550781,0,0.0,0.0
2017-12-11 00:00:00-03:00,476.2881164550781,476.2881164550781,476.2881164550781,476.2881164550781,0,0.0,0.0
2017-12-12 00:00:00-03:00,476.2881164550781,476.2881164550781,476.2881164550781,476.2881164550781,0,0.0,0.0
2017-12-13 00:00:00-03:00,476.2881164550781,476.2881164550781,476.2881164550781,476.2881164550781,0,0.0,0.0
2017-12-14 00:00:00-03:00,476.2881164550781,476.2881164550781,476.2881164550781,476.2881164550781,0,0.0,0.0
2017-12-15 00:00:00-03:00,476.2881164550781,476.2881164550781,476.2881164550781,476.2881164550781,0,0.0,0.0
2017-12-18 00:00:00-03:00,476.2881164550781,476.2881164550781,476.2881164550781,476.2881164550781,0,0.0,0.0
2017-12-19 00:00:00-03:00,476.2881164550781,476.2881164550781,476.2881164550781,476.2881164550781,0,0.0,0.0
2017-12-20 00:00:00-03:00,476.2881164550781,476.2881164550781,476.2881164550781,476.2881164550781,0,0.0,0.0
2017-12-21 00:00:00-03:00,476.2881164550781,476.2881164550781,476.2881164550781,476.2881164550781,0,0.0,0.0
2017-12-22 00:00:00-03:00,476.2881164550781,476.2881164550781,476.2881164550781,476.2881164550781,0,0.0,0.0
2017-12-26 00:00:00-03:00,476.2881164550781,476.2881164550781,476.2881164550781,476.2881164550781,0,0.0,0.0
2017-12-27 00:00:00-03:00,476.2881164550781,476.2881164550781,476.2881164550781,476.2881164550781,0,0.0,0.0
2017-12-28 00:00:00-03:00,476.2881164550781,476.2881164550781,476.2881164550781,476.2881164550781,0,0.0,0.0
2018-01-01 00:00:00-03:00,476.2881164550781,476.2881164550781,476.2881164550781,476.2881164550781,0,0.0,0.0
2018-01-02 00:00:00-03:00,476.2881164550781,476.2881164550781,476.2881164550781,476.2881164550781,0,0.0,0.0
2018-01-03 00:00:00-03:00,476.2881164550781,476.2881164550781,476.2881164550781,476.2881164550781,0,0.0,0.0
2018-01-04 00:00:00-03:00,476.2881164550781,476.2881164550781,476.2881164550781,476.2881164550781,0,0.0,0.0
2018-01-05 00:00:00-03:00,476.2881164550781,476.2881164550781,476.2881164550781,476.2881164550781,0,0.0,0.0
2018-01-08 00:00:00-03:00,476.2881164550781,476.2881164550781,476.2881164550781,476.2881164550781,0,0.0,0.0
2018-01-09 00:00:00-03:00,476.2881164550781,476.2881164550781,476.2881164550781,476.2881164550781,0,0.0,0.0
2018-01-10 00:00:00-03:00,476.2881164550781,476.2881164550781,476.2881164550781,476.2881164550781,0,0.0,0.0
2018-01-11 00:00:00-03:00,476.2881164550781,476.2881164550781,476.2881164550781,476.2881164550781,0,0.0,0.0
2018-01-12 00:00:00-03:00,476.2881164550781,476.2881164550781,476.2881164550781,476.2881164550781,0,0.0,0.0
2018-01-15 00:00:00-03:00,476.2881164550781,476.2881164550781,476.2881164550781,476.2881164550781,0,0.0,0.0
2018-01-16 00:00:00-03:00,476.2881164550781,476.2881164550781,476.2881164550781,476.2881164550781,0,0.0,0.0
2018-01-17 00:00:00-03:00,476.2881164550781,476.2881164550781,476.2881164550781,476.2881164550781,0,0.0,0.0
2018-01-18 00:00:00-03:00,476.2881164550781,476.2881164550781,476.2881164550781,476.2881164550781,0,0.0,0.0
2018-01-19 00:00:00-03:00,476.2881164550781,476.2881164550781,476.2881164550781,476.2881164550781,0,0.0,0.0
2018-01-22 00:00:00-03:00,476.2881164550781,476.2881164550781,476.2881164550781,476.2881164550781,0,0.0,0.0
2018-01-23 00:00:00-03:00,476.2881164550781,476.2881164550781,476.2881164550781,476.2881164550781,0,0.0,0.0
2018-01-24 00:00:00-03:00,476.2881164550781,476.2881164550781,476.2881164550781,476.2881164550781,0,0.0,0.0
2018-01-25 00:00:00-03:00,476.2881164550781,476.2881164550781,476.2881164550781,476.2881164550781,0,0.0,0.0
2018-01-26 00:00:00-03:00,476.2881164550781,476.2881164550781,476.2881164550781,476.2881164550781,0,0.0,0.0
2018-01-29 00:00:00-03:00,476.2881164550781,476.2881164550781,476.2881164550781,476.2881164550781,0,0.0,0.0
2018-01-30 00:00:00-03:00,476.2881164550781,476.2881164550781,476.2881164550781,476.2881164550781,0,0.0,0.0
2018-01-31 00:00:00-03:00,476.2881164550781,476.2881164550781,476.2881164550781,476.2881164550781,0,0.0,0.0
2018-02-01 00:00:00-03:00,476.2881164550781,476.2881164550781,476.2881164550781,476.2881164550781,0,0.0,0.0
2018-02-02 00:00:00-03:00,476.2881164550781,476.2881164550781,476.2881164550781,476.2881164550781,0,0.0,0.0
2018-02-05 00:00:00-03:00,476.2881164550781,476.2881164550781,476.2881164550781,476.2881164550781,0,0.0,0.0
2018-02-06 00:00:00-03:00,476.2881164550781,476.2881164550781,476.2881164550781,476.2881164550781,0,0.0,0.0
2018-02-07 00:00:00-03:00,476.2881164550781,476.2881164550781,476.2881164550781,476.2881164550781,0,0.0,0.0
2018-02-08 00:00:00-03:00,476.2881164550781,476.2881164550781,476.2881164550781,476.2881164550781,0,0.0,0.0
2018-02-09 00:00:00-03:00,476.2881164550781,476.2881164550781,476.2881164550781,476.2881164550781,0,0.0,0.0
2018-02-14 00:00:00-03:00,476.2881164550781,476.2881164550781,476.2881164550781,476.2881164550781,0,0.0,0.0
2018-02-15 00:00:00-03:00,476.2881164550781,476.2881164550781,476.2881164550781,476.2881164550781,0,0.0,0.0
2018-02-16 00:00:00-03:00,476.2881164550781,476.2881164550781,476.2881164550781,476.2881164550781,0,0.0,0.0
2018-02-19 00:00:00-03:00,476.2881164550781,476.2881164550781,476.2881164550781,476.2881164550781,0,0.0,0.0
2018-02-20 00:00:00-03:00,476.2881164550781,476.2881164550781,476.2881164550781,476.2881164550781,0,0.0,0.0
2018-02-21 00:00:00-03:00,476.2881164550781,476.2881164550781,476.2881164550781,476.2881164550781,0,0.0,0.0
2018-02-22 00:00:00-03:00,476.4738464355469,476.4738464355469,476.4738464355469,476.4738464355469,0,275.1844,0.0
2018-02-23 00:00:00-03:00,476.4738464355469,476.4738464355469,476.4738464355469,476.4738464355469,0,0.0,0.0
2018-02-26 00:00:00-03:00,476.4738464355469,476.4738464355469,476.4738464355469,476.4738464355469,0,0.0,0.0
2018-02-27 00:00:00-03:00,476.4738464355469,476.4738464355469,476.4738464355469,476.4738464355469,0,0.0,0.0
2018-02-28 00:00:00-03:00,476.4738464355469,476.4738464355469,476.4738464355469,476.4738464355469,0,0.0,0.0
2018-03-01 00:00:00-03:00,476.4738464355469,476.4738464355469,476.4738464355469,476.4738464355469,0,0.0,0.0
2018-03-02 00:00:00-03:00,476.4738464355469,476.4738464355469,476.4738464355469,476.4738464355469,0,0.0,0.0
2018-03-05 00:00:00-03:00,476.4738464355469,476.4738464355469,476.4738464355469,476.4738464355469,0,0.0,0.0
2018-03-06 00:00:00-03:00,476.4738464355469,476.4738464355469,476.4738464355469,476.4738464355469,0,0.0,0.0
2018-03-07 00:00:00-03:00,476.4738464355469,476.4738464355469,476.4738464355469,476.4738464355469,0,0.0,0.0
2018-03-08 00:00:00-03:00,476.4738464355469,476.4738464355469,476.4738464355469,476.4738464355469,0,0.0,0.0
2018-03-09 00:00:00-03:00,476.4738464355469,476.4738464355469,476.4738464355469,476.4738464355469,0,0.0,0.0
2018-03-12 00:00:00-03:00,476.4738464355469,476.4738464355469,476.4738464355469,476.4738464355469,0,0.0,0.0
2018-03-13 00:00:00-03:00,476.4738464355469,476.4738464355469,476.4738464355469,476.4738464355469,0,0.0,0.0
2018-03-14 00:00:00-03:00,476.4738464355469,476.4738464355469,476.4738464355469,476.4738464355469,0,0.0,0.0
2018-03-15 00:00:00-03:00,476.4738464355469,476.4738464355469,476.4738464355469,476.4738464355469,0,0.0,0.0
2018-03-16 00:00:00-03:00,476.4738464355469,476.4738464355469,476.4738464355469,476.4738464355469,0,0.0,0.0
2018-03-19 00:00:00-03:00,476.4738464355469,476.4738464355469,476.4738464355469,476.4738464355469,0,0.0,0.0
2018-03-20 00:00:00-03:00,476.4738464355469,476.4738464355469,476.4738464355469,476.4738464355469,0,0.0,0.0
2018-03-21 00:00:00-03:00,476.4738464355469,476.4738464355469,476.4738464355469,476.4738464355469,0,0.0,0.0
2018-03-22 00:00:00-03:00,476.4738464355469,476.4738464355469,476.4738464355469,476.4738464355469,0,0.0,0.0
2018-03-23 00:00:00-03:00,476.4738464355469,476.4738464355469,476.4738464355469,476.4738464355469,0,0.0,0.0
2018-03-26 00:00:00-03:00,476.4738464355469,476.4738464355469,476.4738464355469,476.4738464355469,0,0.0,0.0
2018-03-27 00:00:00-03:00,476.4738464355469,476.4738464355469,476.4738464355469,476.4738464355469,0,0.0,0.0
2018-03-28 00:00:00-03:00,476.4738464355469,476.4738464355469,476.4738464355469,476.4738464355469,0,0.0,0.0
2018-04-03 00:00:00-03:00,476.4738464355469,476.4738464355469,476.4738464355469,476.4738464355469,0,0.0,0.0
2018-04-04 00:00:00-03:00,476.4738464355469,476.4738464355469,476.4738464355469,476.4738464355469,0,0.0,0.0
2018-04-05 00:00:00-03:00,476.4738464355469,476.4738464355469,476.4738464355469,476.4738464355469,0,0.0,0.0
2018-04-06 00:00:00-03:00,476.4738464355469,476.4738464355469,476.4738464355469,476.4738464355469,0,0.0,0.0
2018-04-09 00:00:00-03:00,476.4738464355469,476.4738464355469,476.4738464355469,476.4738464355469,0,0.0,0.0
2018-04-10 00:00:00-03:00,476.4738464355469,476.4738464355469,476.4738464355469,476.4738464355469,0,0.0,0.0
2018-04-11 00:00:00-03:00,476.4738464355469,476.4738464355469,476.4738464355469,476.4738464355469,0,0.0,0.0
2018-04-12 00:00:00-03:00,476.4738464355469,476.4738464355469,476.4738464355469,476.4738464355469,0,0.0,0.0
2018-04-13 00:00:00-03:00,476.4738464355469,476.4738464355469,476.4738464355469,476.4738464355469,0,0.0,0.0
2018-04-16 00:00:00-03:00,476.4738464355469,476.4738464355469,476.4738464355469,476.4738464355469,0,0.0,0.0
2018-04-17 00:00:00-03:00,476.4738464355469,476.4738464355469,476.4738464355469,476.4738464355469,0,0.0,0.0
2018-04-18 00:00:00-03:00,476.4738464355469,476.4738464355469,476.4738464355469,476.4738464355469,0,0.0,0.0
2018-04-19 00:00:00-03:00,476.4738464355469,476.4738464355469,476.4738464355469,476.4738464355469,0,0.0,0.0
2018-04-20 00:00:00-03:00,476.4738464355469,476.4738464355469,476.4738464355469,476.4738464355469,0,0.0,0.0
2018-04-23 00:00:00-03:00,476.4738464355469,476.4738464355469,476.4738464355469,476.4738464355469,0,0.0,0.0
2018-04-24 00:00:00-03:00,476.4738464355469,476.4738464355469,476.4738464355469,476.4738464355469,0,0.0,0.0
2018-04-25 00:00:00-03:00,476.4738464355469,476.4738464355469,476.4738464355469,476.4738464355469,0,0.0,0.0
2018-04-26 00:00:00-03:00,476.4738464355469,476.4738464355469,476.4738464355469,476.4738464355469,0,0.0,0.0
2018-04-27 00:00:00-03:00,476.4738464355469,476.4738464355469,476.4738464355469,476.4738464355469,0,0.0,0.0
2018-05-02 00:00:00-03:00,476.4738464355469,476.4738464355469,476.4738464355469,476.4738464355469,0,0.0,0.0
2018-05-03 00:00:00-03:00,476.4738464355469,476.4738464355469,476.4738464355469,476.4738464355469,0,0.0,0.0
2018-05-04 00:00:00-03:00,476.4738464355469,476.4738464355469,476.4738464355469,476.4738464355469,0,0.0,0.0
2018-05-07 00:00:00-03:00,476.4738464355469,476.4738464355469,476.4738464355469,476.4738464355469,0,0.0,0.0
2018-05-08 00:00:00-03:00,476.4738464355469,476.4738464355469,476.4738464355469,476.4738464355469,0,0.0,0.0
2018-05-09 00:00:00-03:00,476.4738464355469,476.4738464355469,476.4738464355469,476.4738464355469,0,0.0,0.0
2018-05-10 00:00:00-03:00,476.4738464355469,476.4738464355469,476.4738464355469,476.4738464355469,0,0.0,0.0
2018-05-11 00:00:00-03:00,476.4738464355469,476.4738464355469,476.4738464355469,476.4738464355469,0,0.0,0.0
2018-05-14 00:00:00-03:00,476.4738464355469,476.4738464355469,476.4738464355469,476.4738464355469,0,0.0,0.0
2018-05-15 00:00:00-03:00,476.4738464355469,476.4738464355469,476.4738464355469,476.4738464355469,0,0.0,0.0
2018-05-16 00:00:00-03:00,476.4738464355469,476.4738464355469,476.4738464355469,476.4738464355469,0,0.0,0.0
2018-05-17 00:00:00-03:00,476.65966796875,476.65966796875,476.65966796875,476.65966796875,0,275.1844,0.0
2018-05-18 00:00:00-03:00,476.65966796875,476.65966796875,476.65966796875,476.65966796875,0,0.0,0.0
2018-05-21 00:00:00-03:00,476.65966796875,476.65966796875,476.65966796875,476.65966796875,0,0.0,0.0
2018-05-22 00:00:00-03:00,476.65966796875,476.65966796875,476.65966796875,476.65966796875,0,0.0,0.0
2018-05-23 00:00:00-03:00,476.65966796875,476.65966796875,476.65966796875,476.65966796875,0,0.0,0.0
2018-05-24 00:00:00-03:00,476.65966796875,476.65966796875,476.65966796875,476.65966796875,0,0.0,0.0
2018-05-28 00:00:00-03:00,476.65966796875,476.65966796875,476.65966796875,476.65966796875,0,0.0,0.0
2018-05-29 00:00:00-03:00,476.65966796875,476.65966796875,476.65966796875,476.65966796875,0,0.0,0.0
2018-05-30 00:00:00-03:00,476.65966796875,476.65966796875,476.65966796875,476.65966796875,0,0.0,0.0
2018-05-31 00:00:00-03:00,476.65966796875,476.65966796875,476.65966796875,476.65966796875,0,0.0,0.0
2018-06-01 00:00:00-03:00,476.65966796875,476.65966796875,476.65966796875,476.65966796875,0,0.0,0.0
2018-06-04 00:00:00-03:00,476.65966796875,476.65966796875,476.65966796875,476.65966796875,0,0.0,0.0
2018-06-05 00:00:00-03:00,476.65966796875,476.65966796875,476.65966796875,476.65966796875,0,0.0,0.0
2018-06-06 00:00:00-03:00,476.65966796875,476.65966796875,476.65966796875,476.65966796875,0,0.0,0.0
2018-06-07 00:00:00-03:00,476.65966796875,476.65966796875,476.65966796875,476.65966796875,0,0.0,0.0
2018-06-08 00:00:00-03:00,476.65966796875,476.65966796875,476.65966796875,476.65966796875,0,0.0,0.0
2018-06-11 00:00:00-03:00,476.65966796875,476.65966796875,476.65966796875,476.65966796875,0,0.0,0.0
2018-06-12 00:00:00-03:00,476.65966796875,476.65966796875,476.65966796875,476.65966796875,0,0.0,0.0
2018-06-13 00:00:00-03:00,476.65966796875,476.65966796875,476.65966796875,476.65966796875,0,0.0,0.0
2018-06-14 00:00:00-03:00,476.65966796875,476.65966796875,476.65966796875,476.65966796875,0,0.0,0.0
2018-06-15 00:00:00-03:00,476.65966796875,476.65966796875,476.65966796875,476.65966796875,0,0.0,0.0
2018-06-18 00:00:00-03:00,476.65966796875,476.65966796875,476.65966796875,476.65966796875,0,0.0,0.0
2018-06-19 00:00:00-03:00,476.65966796875,476.65966796875,476.65966796875,476.65966796875,0,0.0,0.0
2018-06-21 00:00:00-03:00,476.65966796875,476.65966796875,476.65966796875,476.65966796875,0,0.0,0.0
2018-06-22 00:00:00-03:00,476.65966796875,476.65966796875,476.65966796875,476.65966796875,0,0.0,0.0
2018-06-25 00:00:00-03:00,476.65966796875,476.65966796875,476.65966796875,476.65966796875,0,0.0,0.0
2018-06-26 00:00:00-03:00,476.65966796875,476.65966796875,476.65966796875,476.65966796875,0,0.0,0.0
2018-06-27 00:00:00-03:00,476.65966796875,476.65966796875,476.65966796875,476.65966796875,0,0.0,0.0
2018-06-28 00:00:00-03:00,476.65966796875,476.65966796875,476.65966796875,476.65966796875,0,0.0,0.0
2018-06-29 00:00:00-03:00,476.65966796875,476.65966796875,476.65966796875,476.65966796875,0,0.0,0.0
2018-07-02 00:00:00-03:00,476.65966796875,476.65966796875,476.65966796875,476.65966796875,0,0.0,0.0
2018-07-03 00:00:00-03:00,476.65966796875,476.65966796875,476.65966796875,476.65966796875,0,0.0,0.0
2018-07-04 00:00:00-03:00,476.65966796875,476.65966796875,476.65966796875,476.65966796875,0,0.0,0.0
2018-07-05 00:00:00-03:00,476.65966796875,476.65966796875,476.65966796875,476.65966796875,0,0.0,0.0
2018-07-06 00:00:00-03:00,476.65966796875,476.65966796875,476.65966796875,476.65966796875,0,0.0,0.0
2018-07-10 00:00:00-03:00,476.65966796875,476.65966796875,476.65966796875,476.65966796875,0,0.0,0.0
2018-07-11 00:00:00-03:00,476.65966796875,476.65966796875,476.65966796875,476.65966796875,0,0.0,0.0
2018-07-12 00:00:00-03:00,476.65966796875,476.65966796875,476.65966796875,476.65966796875,0,0.0,0.0
2018-07-13 00:00:00-03:00,476.65966796875,476.65966796875,476.65966796875,476.65966796875,0,0.0,0.0
2018-07-16 00:00:00-03:00,476.65966796875,476.65966796875,476.65966796875,476.65966796875,0,0.0,0.0
2018-07-17 00:00:00-03:00,476.65966796875,476.65966796875,476.65966796875,476.65966796875,0,0.0,0.0
2018-07-18 00:00:00-03:00,476.65966796875,476.65966796875,476.65966796875,476.65966796875,0,0.0,0.0
2018-07-19 00:00:00-03:00,476.65966796875,476.65966796875,476.65966796875,476.65966796875,0,0.0,0.0
2018-07-20 00:00:00-03:00,476.65966796875,476.65966796875,476.65966796875,476.65966796875,0,0.0,0.0
2018-07-23 00:00:00-03:00,476.65966796875,476.65966796875,476.65966796875,476.65966796875,0,0.0,0.0
2018-07-24 00:00:00-03:00,476.65966796875,476.65966796875,476.65966796875,476.65966796875,0,0.0,0.0
2018-07-25 00:00:00-03:00,476.65966796875,476.65966796875,476.65966796875,476.65966796875,0,0.0,0.0
2018-07-26 00:00:00-03:00,476.65966796875,476.65966796875,476.65966796875,476.65966796875,0,0.0,0.0
2018-07-27 00:00:00-03:00,476.65966796875,476.65966796875,476.65966796875,476.65966796875,0,0.0,0.0
2018-07-30 00:00:00-03:00,476.65966796875,476.65966796875,476.65966796875,476.65966796875,0,0.0,0.0
2018-07-31 00:00:00-03:00,476.65966796875,476.65966796875,476.65966796875,476.65966796875,0,0.0,0.0
2018-08-01 00:00:00-03:00,476.65966796875,476.65966796875,476.65966796875,476.65966796875,0,0.0,0.0
2018-08-02 00:00:00-03:00,476.65966796875,476.65966796875,476.65966796875,476.65966796875,0,0.0,0.0
2018-08-03 00:00:00-03:00,476.65966796875,476.65966796875,476.65966796875,476.65966796875,0,0.0,0.0
2018-08-06 00:00:00-03:00,476.65966796875,476.65966796875,476.65966796875,476.65966796875,0,0.0,0.0
2018-08-07 00:00:00-03:00,476.65966796875,476.65966796875,476.65966796875,476.65966796875,0,0.0,0.0
2018-08-08 00:00:00-03:00,476.65966796875,476.65966796875,476.65966796875,476.65966796875,0,0.0,0.0
2018-08-09 00:00:00-03:00,476.65966796875,476.65966796875,476.65966796875,476.65966796875,0,0.0,0.0
2018-08-10 00:00:00-03:00,476.65966796875,476.65966796875,476.65966796875,476.65966796875,0,0.0,0.0
2018-08-13 00:00:00-03:00,476.65966796875,476.65966796875,476.65966796875,476.65966796875,0,0.0,0.0
2018-08-14 00:00:00-03:00,476.65966796875,476.65966796875,476.65966796875,476.65966796875,0,0.0,0.0
2018-08-15 00:00:00-03:00,476.65966796875,476.65966796875,476.65966796875,476.65966796875,0,0.0,0.0
2018-08-16 00:00:00-03:00,476.84552001953125,476.84552001953125,476.84552001953125,476.84552001953125,0,275.1844,0.0
2018-08-17 00:00:00-03:00,476.84552001953125,476.84552001953125,476.84552001953125,476.84552001953125,0,0.0,0.0
2018-08-21 00:00:00-03:00,476.84552001953125,476.84552001953125,476.84552001953125,476.84552001953125,0,0.0,0.0
2018-08-22 00:00:00-03:00,476.84552001953125,476.84552001953125,476.84552001953125,476.84552001953125,0,0.0,0.0
2018-08-23 00:00:00-03:00,476.84552001953125,476.84552001953125,476.84552001953125,476.84552001953125,0,0.0,0.0
2018-08-24 00:00:00-03:00,476.84552001953125,476.84552001953125,476.84552001953125,476.84552001953125,0,0.0,0.0
2018-08-27 00:00:00-03:00,476.84552001953125,476.84552001953125,476.84552001953125,476.84552001953125,0,0.0,0.0
2018-08-28 00:00:00-03:00,476.84552001953125,476.84552001953125,476.84552001953125,476.84552001953125,0,0.0,0.0
2018-08-29 00:00:00-03:00,476.84552001953125,476.84552001953125,476.84552001953125,476.84552001953125,0,0.0,0.0
2018-08-30 00:00:00-03:00,476.84552001953125,476.84552001953125,476.84552001953125,476.84552001953125,0,0.0,0.0
2018-08-31 00:00:00-03:00,476.84552001953125,476.84552001953125,476.84552001953125,476.84552001953125,0,0.0,0.0
2018-09-03 00:00:00-03:00,476.84552001953125,476.84552001953125,476.84552001953125,476.84552001953125,0,0.0,0.0
2018-09-04 00:00:00-03:00,476.84552001953125,476.84552001953125,476.84552001953125,476.84552001953125,0,0.0,0.0
2018-09-05 00:00:00-03:00,476.84552001953125,476.84552001953125,476.84552001953125,476.84552001953125,0,0.0,0.0
2018-09-06 00:00:00-03:00,476.84552001953125,476.84552001953125,476.84552001953125,476.84552001953125,0,0.0,0.0
2018-09-07 00:00:00-03:00,476.84552001953125,476.84552001953125,476.84552001953125,476.84552001953125,0,0.0,0.0
2018-09-10 00:00:00-03:00,476.84552001953125,476.84552001953125,476.84552001953125,476.84552001953125,0,0.0,0.0
2018-09-11 00:00:00-03:00,476.84552001953125,476.84552001953125,476.84552001953125,476.84552001953125,0,0.0,0.0
2018-09-12 00:00:00-03:00,476.84552001953125,476.84552001953125,476.84552001953125,476.84552001953125,0,0.0,0.0
2018-09-13 00:00:00-03:00,476.84552001953125,476.84552001953125,476.84552001953125,476.84552001953125,0,0.0,0.0
2018-09-14 00:00:00-03:00,476.84552001953125,476.84552001953125,476.84552001953125,476.84552001953125,0,0.0,0.0
2018-09-17 00:00:00-03:00,476.84552001953125,476.84552001953125,476.84552001953125,476.84552001953125,0,0.0,0.0
2018-09-18 00:00:00-03:00,476.84552001953125,476.84552001953125,476.84552001953125,476.84552001953125,0,0.0,0.0
2018-09-19 00:00:00-03:00,476.84552001953125,476.84552001953125,476.84552001953125,476.84552001953125,0,0.0,0.0
2018-09-20 00:00:00-03:00,476.84552001953125,476.84552001953125,476.84552001953125,476.84552001953125,0,0.0,0.0
2018-09-21 00:00:00-03:00,476.84552001953125,476.84552001953125,476.84552001953125,476.84552001953125,0,0.0,0.0
2018-09-24 00:00:00-03:00,476.84552001953125,476.84552001953125,476.84552001953125,476.84552001953125,0,0.0,0.0
2018-09-25 00:00:00-03:00,476.84552001953125,476.84552001953125,476.84552001953125,476.84552001953125,0,0.0,0.0
2018-09-26 00:00:00-03:00,476.84552001953125,476.84552001953125,476.84552001953125,476.84552001953125,0,0.0,0.0
2018-09-27 00:00:00-03:00,476.84552001953125,476.84552001953125,476.84552001953125,476.84552001953125,0,0.0,0.0
2018-09-28 00:00:00-03:00,476.84552001953125,476.84552001953125,476.84552001953125,476.84552001953125,0,0.0,0.0
2018-10-01 00:00:00-03:00,476.84552001953125,476.84552001953125,476.84552001953125,476.84552001953125,0,0.0,0.0
2018-10-02 00:00:00-03:00,476.84552001953125,476.84552001953125,476.84552001953125,476.84552001953125,0,0.0,0.0
2018-10-03 00:00:00-03:00,476.84552001953125,476.84552001953125,476.84552001953125,476.84552001953125,0,0.0,0.0
2018-10-04 00:00:00-03:00,476.84552001953125,476.84552001953125,476.84552001953125,476.84552001953125,0,0.0,0.0
2018-10-05 00:00:00-03:00,476.84552001953125,476.84552001953125,476.84552001953125,476.84552001953125,0,0.0,0.0
2018-10-08 00:00:00-03:00,476.84552001953125,476.84552001953125,476.84552001953125,476.84552001953125,0,0.0,0.0
2018-10-09 00:00:00-03:00,476.84552001953125,476.84552001953125,476.84552001953125,476.84552001953125,0,0.0,0.0
2018-10-10 00:00:00-03:00,476.84552001953125,476.84552001953125,476.84552001953125,476.84552001953125,0,0.0,0.0
2018-10-11 00:00:00-03:00,476.84552001953125,476.84552001953125,476.84552001953125,476.84552001953125,0,0.0,0.0
2018-10-12 00:00:00-03:00,476.84552001953125,476.84552001953125,476.84552001953125,476.84552001953125,0,0.0,0.0
2018-10-16 00:00:00-03:00,476.84552001953125,476.84552001953125,476.84552001953125,476.84552001953125,0,0.0,0.0
2018-10-17 00:00:00-03:00,476.84552001953125,476.84552001953125,476.84552001953125,476.84552001953125,0,0.0,0.0
2018-10-18 00:00:00-03:00,476.84552001953125,476.84552001953125,476.84552001953125,476.84552001953125,0,0.0,0.0
2018-10-19 00:00:00-03:00,476.84552001953125,476.84552001953125,476.84552001953125,476.84552001953125,0,0.0,0.0
2018-10-22 00:00:00-03:00,476.84552001953125,476.84552001953125,476.84552001953125,476.84552001953125,0,0.0,0.0
2018-10-23 00:00:00-03:00,476.84552001953125,476.84552001953125,476.84552001953125,476.84552001953125,0,0.0,0.0
2018-10-24 00:00:00-03:00,476.84552001953125,476.84552001953125,476.84552001953125,476.84552001953125,0,0.0,0.0
2018-10-25 00:00:00-03:00,476.84552001953125,476.84552001953125,476.84552001953125,476.84552001953125,0,0.0,0.0
2018-10-26 00:00:00-03:00,476.84552001953125,476.84552001953125,476.84552001953125,476.84552001953125,0,0.0,0.0
2018-10-29 00:00:00-03:00,476.84552001953125,476.84552001953125,476.84552001953125,476.84552001953125,0,0.0,0.0
2018-10-30 00:00:00-03:00,476.84552001953125,476.84552001953125,476.84552001953125,476.84552001953125,0,0.0,0.0
2018-10-31 00:00:00-03:00,476.84552001953125,476.84552001953125,476.84552001953125,476.84552001953125,0,0.0,0.0
2018-11-01 00:00:00-03:00,476.84552001953125,476.84552001953125,476.84552001953125,476.84552001953125,0,0.0,0.0
2018-11-02 00:00:00-03:00,476.84552001953125,476.84552001953125,476.84552001953125,476.84552001953125,0,0.0,0.0
2018-11-05 00:00:00-03:00,476.84552001953125,476.84552001953125,476.84552001953125,476.84552001953125,0,0.0,0.0
2018-11-07 00:00:00-03:00,476.84552001953125,476.84552001953125,476.84552001953125,476.84552001953125,0,0.0,0.0
2018-11-08 00:00:00-03:00,476.84552001953125,476.84552001953125,476.84552001953125,476.84552001953125,0,0.0,0.0
2018-11-09 00:00:00-03:00,476.84552001953125,476.84552001953125,476.84552001953125,476.84552001953125,0,0.0,0.0
2018-11-12 00:00:00-03:00,476.84552001953125,476.84552001953125,476.84552001953125,476.84552001953125,0,0.0,0.0
2018-11-13 00:00:00-03:00,476.84552001953125,476.84552001953125,476.84552001953125,476.84552001953125,0,0.0,0.0
2018-11-14 00:00:00-03:00,476.84552001953125,476.84552001953125,476.84552001953125,476.84552001953125,0,0.0,0.0
2018-11-15 00:00:00-03:00,477.0501403808594,477.0501403808594,477.0501403808594,477.0501403808594,0,302.8875,0.0
2018-11-16 00:00:00-03:00,477.0501403808594,477.0501403808594,477.0501403808594,477.0501403808594,0,0.0,0.0
2018-11-20 00:00:00-03:00,477.0501403808594,477.0501403808594,477.0501403808594,477.0501403808594,0,0.0,0.0
2018-11-21 00:00:00-03:00,477.0501403808594,477.0501403808594,477.0501403808594,477.0501403808594,0,0.0,0.0
2018-11-22 00:00:00-03:00,477.0501403808594,477.0501403808594,477.0501403808594,477.0501403808594,0,0.0,0.0
2018-11-23 00:00:00-03:00,477.0501403808594,477.0501403808594,477.0501403808594,477.0501403808594,0,0.0,0.0
2018-11-26 00:00:00-03:00,477.0501403808594,477.0501403808594,477.0501403808594,477.0501403808594,0,0.0,0.0
2018-11-27 00:00:00-03:00,477.0501403808594,477.0501403808594,477.0501403808594,477.0501403808594,0,0.0,0.0
2018-11-28 00:00:00-03:00,477.0501403808594,477.0501403808594,477.0501403808594,477.0501403808594,0,0.0,0.0
2018-11-29 00:00:00-03:00,477.0501403808594,477.0501403808594,477.0501403808594,477.0501403808594,0,0.0,0.0
2018-11-30 00:00:00-03:00,477.0501403808594,477.0501403808594,477.0501403808594,477.0501403808594,0,0.0,0.0
2018-12-03 00:00:00-03:00,477.0501403808594,477.0501403808594,477.0501403808594,477.0501403808594,0,0.0,0.0
2018-12-04 00:00:00-03:00,477.0501403808594,477.0501403808594,477.0501403808594,477.0501403808594,0,0.0,0.0
2018-12-05 00:00:00-03:00,477.0501403808594,477.0501403808594,477.0501403808594,477.0501403808594,0,0.0,0.0
2018-12-06 00:00:00-03:00,477.0501403808594,477.0501403808594,477.0501403808594,477.0501403808594,0,0.0,0.0
2018-12-07 00:00:00-03:00,477.0501403808594,477.0501403808594,477.0501403808594,477.0501403808594,0,0.0,0.0
2018-12-10 00:00:00-03:00,477.0501403808594,477.0501403808594,477.0501403808594,477.0501403808594,0,0.0,0.0
2018-12-11 00:00:00-03:00,477.0501403808594,477.0501403808594,477.0501403808594,477.0501403808594,0,0.0,0.0
2018-12-12 00:00:00-03:00,477.0501403808594,477.0501403808594,477.0501403808594,477.0501403808594,0,0.0,0.0
2018-12-13 00:00:00-03:00,477.0501403808594,477.0501403808594,477.0501403808594,477.0501403808594,0,0.0,0.0
2018-12-14 00:00:00-03:00,477.0501403808594,477.0501403808594,477.0501403808594,477.0501403808594,0,0.0,0.0
2018-12-17 00:00:00-03:00,477.0501403808594,477.0501403808594,477.0501403808594,477.0501403808594,0,0.0,0.0
2018-12-18 00:00:00-03:00,477.0501403808594,477.0501403808594,477.0501403808594,477.0501403808594,0,0.0,0.0
2018-12-19 00:00:00-03:00,477.0501403808594,477.0501403808594,477.0501403808594,477.0501403808594,0,0.0,0.0
2018-12-20 00:00:00-03:00,477.0501403808594,477.0501403808594,477.0501403808594,477.0501403808594,0,0.0,0.0
2018-12-21 00:00:00-03:00,477.0501403808594,477.0501403808594,477.0501403808594,477.0501403808594,0,0.0,0.0
2018-12-26 00:00:00-03:00,477.0501403808594,477.0501403808594,477.0501403808594,477.0501403808594,0,0.0,0.0
2018-12-27 00:00:00-03:00,477.0501403808594,477.0501403808594,477.0501403808594,477.0501403808594,0,0.0,0.0
2018-12-28 00:00:00-03:00,477.0501403808594,477.0501403808594,477.0501403808594,477.0501403808594,0,0.0,0.0
2018-12-31 00:00:00-03:00,477.0501403808594,477.0501403808594,477.0501403808594,477.0501403808594,0,0.0,0.0
2019-01-02 00:00:00-03:00,477.0501403808594,477.0501403808594,477.0501403808594,477.0501403808594,0,0.0,0.0
2019-01-03 00:00:00-03:00,477.0501403808594,477.0501403808594,477.0501403808594,477.0501403808594,0,0.0,0.0
2019-01-04 00:00:00-03:00,477.0501403808594,477.0501403808594,477.0501403808594,477.0501403808594,0,0.0,0.0
2019-01-07 00:00:00-03:00,477.0501403808594,477.0501403808594,477.0501403808594,477.0501403808594,0,0.0,0.0
2019-01-08 00:00:00-03:00,477.0501403808594,477.0501403808594,477.0501403808594,477.0501403808594,0,0.0,0.0
2019-01-09 00:00:00-03:00,477.0501403808594,477.0501403808594,477.0501403808594,477.0501403808594,0,0.0,0.0
2019-01-10 00:00:00-03:00,477.0501403808594,477.0501403808594,477.0501403808594,477.0501403808594,0,0.0,0.0
2019-01-11 00:00:00-03:00,477.0501403808594,477.0501403808594,477.0501403808594,477.0501403808594,0,0.0,0.0
2019-01-14 00:00:00-03:00,477.0501403808594,477.0501403808594,477.0501403808594,477.0501403808594,0,0.0,0.0
2019-01-15 00:00:00-03:00,477.0501403808594,477.0501403808594,477.0501403808594,477.0501403808594,0,0.0,0.0
2019-01-16 00:00:00-03:00,477.0501403808594,477.0501403808594,477.0501403808594,477.0501403808594,0,0.0,0.0
2019-01-17 00:00:00-03:00,477.0501403808594,477.0501403808594,477.0501403808594,477.0501403808594,0,0.0,0.0
2019-01-18 00:00:00-03:00,477.0501403808594,477.0501403808594,477.0501403808594,477.0501403808594,0,0.0,0.0
2019-01-21 00:00:00-03:00,477.0501403808594,477.0501403808594,477.0501403808594,477.0501403808594,0,0.0,0.0
2019-01-22 00:00:00-03:00,477.0501403808594,477.0501403808594,477.0501403808594,477.0501403808594,0,0.0,0.0
2019-01-23 00:00:00-03:00,477.0501403808594,477.0501403808594,477.0501403808594,477.0501403808594,0,0.0,0.0
2019-01-24 00:00:00-03:00,477.0501403808594,477.0501403808594,477.0501403808594,477.0501403808594,0,0.0,0.0
2019-01-25 00:00:00-03:00,477.0501403808594,477.0501403808594,477.0501403808594,477.0501403808594,0,0.0,0.0
2019-01-28 00:00:00-03:00,477.0501403808594,477.0501403808594,477.0501403808594,477.0501403808594,0,0.0,0.0
2019-01-29 00:00:00-03:00,477.0501403808594,477.0501403808594,477.0501403808594,477.0501403808594,0,0.0,0.0
2019-01-30 00:00:00-03:00,477.0501403808594,477.0501403808594,477.0501403808594,477.0501403808594,0,0.0,0.0
2019-01-31 00:00:00-03:00,477.0501403808594,477.0501403808594,477.0501403808594,477.0501403808594,0,0.0,0.0
2019-02-01 00:00:00-03:00,477.0501403808594,477.0501403808594,477.0501403808594,477.0501403808594,0,0.0,0.0
2019-02-04 00:00:00-03:00,477.0501403808594,477.0501403808594,477.0501403808594,477.0501403808594,0,0.0,0.0
2019-02-05 00:00:00-03:00,477.0501403808594,477.0501403808594,477.0501403808594,477.0501403808594,0,0.0,0.0
2019-02-06 00:00:00-03:00,477.0501403808594,477.0501403808594,477.0501403808594,477.0501403808594,0,0.0,0.0
2019-02-07 00:00:00-03:00,477.0501403808594,477.0501403808594,477.0501403808594,477.0501403808594,0,0.0,0.0
2019-02-08 00:00:00-03:00,477.0501403808594,477.0501403808594,477.0501403808594,477.0501403808594,0,0.0,0.0
2019-02-11 00:00:00-03:00,477.0501403808594,477.0501403808594,477.0501403808594,477.0501403808594,0,0.0,0.0
2019-02-12 00:00:00-03:00,477.0501403808594,477.0501403808594,477.0501403808594,477.0501403808594,0,0.0,0.0
2019-02-13 00:00:00-03:00,477.0501403808594,477.0501403808594,477.0501403808594,477.0501403808594,0,0.0,0.0
2019-02-14 00:00:00-03:00,477.0501403808594,477.0501403808594,477.0501403808594,477.0501403808594,0,0.0,0.0
2019-02-15 00:00:00-03:00,477.0501403808594,477.0501403808594,477.0501403808594,477.0501403808594,0,0.0,0.0
2019-02-18 00:00:00-03:00,477.0501403808594,477.0501403808594,477.0501403808594,477.0501403808594,0,0.0,0.0
2019-02-19 00:00:00-03:00,477.0501403808594,477.0501403808594,477.0501403808594,477.0501403808594,0,0.0,0.0
2019-02-20 00:00:00-03:00,477.0501403808594,477.0501403808594,477.0501403808594,477.0501403808594,0,0.0,0.0
2019-02-21 00:00:00-03:00,477.2548828125,477.2548828125,477.2548828125,477.2548828125,0,302.8875,0.0
2019-02-22 00:00:00-03:00,477.2548828125,477.2548828125,477.2548828125,477.2548828125,0,0.0,0.0
2019-02-25 00:00:00-03:00,477.2548828125,477.2548828125,477.2548828125,477.2548828125,0,0.0,0.0
2019-02-26 00:00:00-03:00,477.2548828125,477.2548828125,477.2548828125,477.2548828125,0,0.0,0.0
2019-02-27 00:00:00-03:00,477.2548828125,477.2548828125,477.2548828125,477.2548828125,0,0.0,0.0
2019-02-28 00:00:00-03:00,477.2548828125,477.2548828125,477.2548828125,477.2548828125,0,0.0,0.0
2019-03-01 00:00:00-03:00,477.2548828125,477.2548828125,477.2548828125,477.2548828125,0,0.0,0.0
2019-03-06 00:00:00-03:00,477.2548828125,477.2548828125,477.2548828125,477.2548828125,0,0.0,0.0
2019-03-07 00:00:00-03:00,477.2548828125,477.2548828125,477.2548828125,477.2548828125,0,0.0,0.0
2019-03-08 00:00:00-03:00,477.2548828125,477.2548828125,477.2548828125,477.2548828125,0,0.0,0.0
2019-03-11 00:00:00-03:00,477.2548828125,477.2548828125,477.2548828125,477.2548828125,0,0.0,0.0
2019-03-12 00:00:00-03:00,477.2548828125,477.2548828125,477.2548828125,477.2548828125,0,0.0,0.0
2019-03-13 00:00:00-03:00,477.2548828125,477.2548828125,477.2548828125,477.2548828125,0,0.0,0.0
2019-03-14 00:00:00-03:00,477.2548828125,477.2548828125,477.2548828125,477.2548828125,0,0.0,0.0
2019-03-15 00:00:00-03:00,477.2548828125,477.2548828125,477.2548828125,477.2548828125,0,0.0,0.0
2019-03-18 00:00:00-03:00,477.2548828125,477.2548828125,477.2548828125,477.2548828125,0,0.0,0.0
2019-03-19 00:00:00-03:00,477.2548828125,477.2548828125,477.2548828125,477.2548828125,0,0.0,0.0
2019-03-20 00:00:00-03:00,477.2548828125,477.2548828125,477.2548828125,477.2548828125,0,0.0,0.0
2019-03-21 00:00:00-03:00,477.2548828125,477.2548828125,477.2548828125,477.2548828125,0,0.0,0.0
2019-03-22 00:00:00-03:00,477.2548828125,477.2548828125,477.2548828125,477.2548828125,0,0.0,0.0
2019-03-25 00:00:00-03:00,477.2548828125,477.2548828125,477.2548828125,477.2548828125,0,0.0,0.0
2019-03-26 00:00:00-03:00,477.2548828125,477.2548828125,477.2548828125,477.2548828125,0,0.0,0.0
2019-03-27 00:00:00-03:00,477.2548828125,477.2548828125,477.2548828125,477.2548828125,0,0.0,0.0
2019-03-28 00:00:00-03:00,477.2548828125,477.2548828125,477.2548828125,477.2548828125,0,0.0,0.0
2019-03-29 00:00:00-03:00,477.2548828125,477.2548828125,477.2548828125,477.2548828125,0,0.0,0.0
2019-04-01 00:00:00-03:00,477.2548828125,477.2548828125,477.2548828125,477.2548828125,0,0.0,0.0
2019-04-03 00:00:00-03:00,477.2548828125,477.2548828125,477.2548828125,477.2548828125,0,0.0,0.0
2019-04-04 00:00:00-03:00,477.2548828125,477.2548828125,477.2548828125,477.2548828125,0,0.0,0.0
2019-04-05 00:00:00-03:00,477.2548828125,477.2548828125,477.2548828125,477.2548828125,0,0.0,0.0
2019-04-08 00:00:00-03:00,477.2548828125,477.2548828125,477.2548828125,477.2548828125,0,0.0,0.0
2019-04-09 00:00:00-03:00,477.2548828125,477.2548828125,477.2548828125,477.2548828125,0,0.0,0.0
2019-04-10 00:00:00-03:00,477.2548828125,477.2548828125,477.2548828125,477.2548828125,0,0.0,0.0
2019-04-11 00:00:00-03:00,477.2548828125,477.2548828125,477.2548828125,477.2548828125,0,0.0,0.0
2019-04-12 00:00:00-03:00,477.2548828125,477.2548828125,477.2548828125,477.2548828125,0,0.0,0.0
2019-04-15 00:00:00-03:00,477.2548828125,477.2548828125,477.2548828125,477.2548828125,0,0.0,0.0
2019-04-16 00:00:00-03:00,477.2548828125,477.2548828125,477.2548828125,477.2548828125,0,0.0,0.0
2019-04-17 00:00:00-03:00,477.2548828125,477.2548828125,477.2548828125,477.2548828125,0,0.0,0.0
2019-04-22 00:00:00-03:00,477.2548828125,477.2548828125,477.2548828125,477.2548828125,0,0.0,0.0
2019-04-23 00:00:00-03:00,477.2548828125,477.2548828125,477.2548828125,477.2548828125,0,0.0,0.0
2019-04-24 00:00:00-03:00,477.2548828125,477.2548828125,477.2548828125,477.2548828125,0,0.0,0.0
2019-04-25 00:00:00-03:00,477.2548828125,477.2548828125,477.2548828125,477.2548828125,0,0.0,0.0
2019-04-26 00:00:00-03:00,477.2548828125,477.2548828125,477.2548828125,477.2548828125,0,0.0,0.0
2019-04-29 00:00:00-03:00,477.2548828125,477.2548828125,477.2548828125,477.2548828125,0,0.0,0.0
2019-04-30 00:00:00-03:00,477.2548828125,477.2548828125,477.2548828125,477.2548828125,0,0.0,0.0
2019-05-02 00:00:00-03:00,477.2548828125,477.2548828125,477.2548828125,477.2548828125,0,0.0,0.0
2019-05-03 00:00:00-03:00,477.2548828125,477.2548828125,477.2548828125,477.2548828125,0,0.0,0.0
2019-05-06 00:00:00-03:00,477.2548828125,477.2548828125,477.2548828125,477.2548828125,0,0.0,0.0
2019-05-07 00:00:00-03:00,477.2548828125,477.2548828125,477.2548828125,477.2548828125,0,0.0,0.0
2019-05-08 00:00:00-03:00,477.2548828125,477.2548828125,477.2548828125,477.2548828125,0,0.0,0.0
2019-05-09 00:00:00-03:00,477.2548828125,477.2548828125,477.2548828125,477.2548828125,0,0.0,0.0
2019-05-10 00:00:00-03:00,477.2548828125,477.2548828125,477.2548828125,477.2548828125,0,0.0,0.0
2019-05-13 00:00:00-03:00,477.2548828125,477.2548828125,477.2548828125,477.2548828125,0,0.0,0.0
2019-05-14 00:00:00-03:00,477.2548828125,477.2548828125,477.2548828125,477.2548828125,0,0.0,0.0
2019-05-15 00:00:00-03:00,477.2548828125,477.2548828125,477.2548828125,477.2548828125,0,0.0,0.0
2019-05-16 00:00:00-03:00,477.2548828125,477.2548828125,477.2548828125,477.2548828125,0,0.0,0.0
2019-05-17 00:00:00-03:00,477.2548828125,477.2548828125,477.2548828125,477.2548828125,0,0.0,0.0
2019-05-20 00:00:00-03:00,477.2548828125,477.2548828125,477.2548828125,477.2548828125,0,0.0,0.0
2019-05-21 00:00:00-03:00,477.2548828125,477.2548828125,477.2548828125,477.2548828125,0,0.0,0.0
2019-05-22 00:00:00-03:00,477.2548828125,477.2548828125,477.2548828125,477.2548828125,0,0.0,0.0
2019-05-23 00:00:00-03:00,477.45965576171875,477.45965576171875,477.45965576171875,477.45965576171875,0,302.8875,0.0
2019-05-24 00:00:00-03:00,477.45965576171875,477.45965576171875,477.45965576171875,477.45965576171875,0,0.0,0.0
2019-05-27 00:00:00-03:00,477.45965576171875,477.45965576171875,477.45965576171875,477.45965576171875,0,0.0,0.0
2019-05-28 00:00:00-03:00,477.45965576171875,477.45965576171875,477.45965576171875,477.45965576171875,0,0.0,0.0
2019-05-29 00:00:00-03:00,477.45965576171875,477.45965576171875,477.45965576171875,477.45965576171875,0,0.0,0.0
2019-05-30 00:00:00-03:00,477.45965576171875,477.45965576171875,477.45965576171875,477.45965576171875,0,0.0,0.0
2019-05-31 00:00:00-03:00,477.45965576171875,477.45965576171875,477.45965576171875,477.45965576171875,0,0.0,0.0
2019-06-03 00:00:00-03:00,477.45965576171875,477.45965576171875,477.45965576171875,477.45965576171875,0,0.0,0.0
2019-06-04 00:00:00-03:00,477.45965576171875,477.45965576171875,477.45965576171875,477.45965576171875,0,0.0,0.0
2019-06-05 00:00:00-03:00,477.45965576171875,477.45965576171875,477.45965576171875,477.45965576171875,0,0.0,0.0
2019-06-06 00:00:00-03:00,477.45965576171875,477.45965576171875,477.45965576171875,477.45965576171875,0,0.0,0.0
2019-06-07 00:00:00-03:00,477.45965576171875,477.45965576171875,477.45965576171875,477.45965576171875,0,0.0,0.0
2019-06-10 00:00:00-03:00,477.45965576171875,477.45965576171875,477.45965576171875,477.45965576171875,0,0.0,0.0
2019-06-11 00:00:00-03:00,477.45965576171875,477.45965576171875,477.45965576171875,477.45965576171875,0,0.0,0.0
2019-06-12 00:00:00-03:00,477.45965576171875,477.45965576171875,477.45965576171875,477.45965576171875,0,0.0,0.0
2019-06-13 00:00:00-03:00,477.45965576171875,477.45965576171875,477.45965576171875,477.45965576171875,0,0.0,0.0
2019-06-14 00:00:00-03:00,477.45965576171875,477.45965576171875,477.45965576171875,477.45965576171875,0,0.0,0.0
2019-06-18 00:00:00-03:00,477.45965576171875,477.45965576171875,477.45965576171875,477.45965576171875,0,0.0,0.0
2019-06-19 00:00:00-03:00,477.45965576171875,477.45965576171875,477.45965576171875,477.45965576171875,0,0.0,0.0
2019-06-21 00:00:00-03:00,477.45965576171875,477.45965576171875,477.45965576171875,477.45965576171875,0,0.0,0.0
2019-06-24 00:00:00-03:00,477.45965576171875,477.45965576171875,477.45965576171875,477.45965576171875,0,0.0,0.0
2019-06-25 00:00:00-03:00,477.45965576171875,477.45965576171875,477.45965576171875,477.45965576171875,0,0.0,0.0
2019-06-26 00:00:00-03:00,477.45965576171875,477.45965576171875,477.45965576171875,477.45965576171875,0,0.0,0.0
2019-06-27 00:00:00-03:00,477.45965576171875,477.45965576171875,477.45965576171875,477.45965576171875,0,0.0,0.0
2019-06-28 00:00:00-03:00,477.45965576171875,477.45965576171875,477.45965576171875,477.45965576171875,0,0.0,0.0
2019-07-01 00:00:00-03:00,477.45965576171875,477.45965576171875,477.45965576171875,477.45965576171875,0,0.0,0.0
2019-07-02 00:00:00-03:00,477.45965576171875,477.45965576171875,477.45965576171875,477.45965576171875,0,0.0,0.0
2019-07-03 00:00:00-03:00,477.45965576171875,477.45965576171875,477.45965576171875,477.45965576171875,0,0.0,0.0
2019-07-04 00:00:00-03:00,477.45965576171875,477.45965576171875,477.45965576171875,477.45965576171875,0,0.0,0.0
2019-07-05 00:00:00-03:00,477.45965576171875,477.45965576171875,477.45965576171875,477.45965576171875,0,0.0,0.0
2019-07-10 00:00:00-03:00,477.45965576171875,477.45965576171875,477.45965576171875,477.45965576171875,0,0.0,0.0
2019-07-11 00:00:00-03:00,477.45965576171875,477.45965576171875,477.45965576171875,477.45965576171875,0,0.0,0.0
2019-07-12 00:00:00-03:00,477.45965576171875,477.45965576171875,477.45965576171875,477.45965576171875,0,0.0,0.0
2019-07-15 00:00:00-03:00,477.45965576171875,477.45965576171875,477.45965576171875,477.45965576171875,0,0.0,0.0
2019-07-16 00:00:00-03:00,477.45965576171875,477.45965576171875,477.45965576171875,477.45965576171875,0,0.0,0.0
2019-07-17 00:00:00-03:00,477.45965576171875,477.45965576171875,477.45965576171875,477.45965576171875,0,0.0,0.0
2019-07-18 00:00:00-03:00,477.45965576171875,477.45965576171875,477.45965576171875,477.45965576171875,0,0.0,0.0
2019-07-19 00:00:00-03:00,477.45965576171875,477.45965576171875,477.45965576171875,477.45965576171875,0,0.0,0.0
2019-07-22 00:00:00-03:00,477.45965576171875,477.45965576171875,477.45965576171875,477.45965576171875,0,0.0,0.0
2019-07-23 00:00:00-03:00,477.45965576171875,477.45965576171875,477.45965576171875,477.45965576171875,0,0.0,0.0
2019-07-24 00:00:00-03:00,477.45965576171875,477.45965576171875,477.45965576171875,477.45965576171875,0,0.0,0.0
2019-07-25 00:00:00-03:00,477.45965576171875,477.45965576171875,477.45965576171875,477.45965576171875,0,0.0,0.0
2019-07-26 00:00:00-03:00,477.45965576171875,477.45965576171875,477.45965576171875,477.45965576171875,0,0.0,0.0
2019-07-29 00:00:00-03:00,477.45965576171875,477.45965576171875,477.45965576171875,477.45965576171875,0,0.0,0.0
2019-07-30 00:00:00-03:00,477.45965576171875,477.45965576171875,477.45965576171875,477.45965576171875,0,0.0,0.0
2019-07-31 00:00:00-03:00,477.45965576171875,477.45965576171875,477.45965576171875,477.45965576171875,0,0.0,0.0
2019-08-01 00:00:00-03:00,477.45965576171875,477.45965576171875,477.45965576171875,477.45965576171875,0,0.0,0.0
2019-08-02 00:00:00-03:00,477.45965576171875,477.45965576171875,477.45965576171875,477.45965576171875,0,0.0,0.0
2019-08-05 00:00:00-03:00,477.45965576171875,477.45965576171875,477.45965576171875,477.45965576171875,0,0.0,0.0
2019-08-06 00:00:00-03:00,477.45965576171875,477.45965576171875,477.45965576171875,477.45965576171875,0,0.0,0.0
2019-08-07 00:00:00-03:00,477.45965576171875,477.45965576171875,477.45965576171875,477.45965576171875,0,0.0,0.0
2019-08-08 00:00:00-03:00,477.45965576171875,477.45965576171875,477.45965576171875,477.45965576171875,0,0.0,0.0
2019-08-09 00:00:00-03:00,477.45965576171875,477.45965576171875,477.45965576171875,477.45965576171875,0,0.0,0.0
2019-08-12 00:00:00-03:00,477.45965576171875,477.45965576171875,477.45965576171875,477.45965576171875,0,0.0,0.0
2019-08-13 00:00:00-03:00,477.45965576171875,477.45965576171875,477.45965576171875,477.45965576171875,0,0.0,0.0
2019-08-14 00:00:00-03:00,477.45965576171875,477.45965576171875,477.45965576171875,477.45965576171875,0,0.0,0.0
2019-08-15 00:00:00-03:00,477.6645812988281,477.6645812988281,477.6645812988281,477.6645812988281,0,302.8875,0.0
2019-08-16 00:00:00-03:00,477.6645812988281,477.6645812988281,477.6645812988281,477.6645812988281,0,0.0,0.0
2019-08-20 00:00:00-03:00,477.6645812988281,477.6645812988281,477.6645812988281,477.6645812988281,0,0.0,0.0
2019-08-21 00:00:00-03:00,477.6645812988281,477.6645812988281,477.6645812988281,477.6645812988281,0,0.0,0.0
2019-08-22 00:00:00-03:00,477.6645812988281,477.6645812988281,477.6645812988281,477.6645812988281,0,0.0,0.0
2019-08-23 00:00:00-03:00,477.6645812988281,477.6645812988281,477.6645812988281,477.6645812988281,0,0.0,0.0
2019-08-26 00:00:00-03:00,477.6645812988281,477.6645812988281,477.6645812988281,477.6645812988281,0,0.0,0.0
2019-08-27 00:00:00-03:00,477.6645812988281,477.6645812988281,477.6645812988281,477.6645812988281,0,0.0,0.0
2019-08-28 00:00:00-03:00,477.6645812988281,477.6645812988281,477.6645812988281,477.6645812988281,0,0.0,0.0
2019-08-29 00:00:00-03:00,477.6645812988281,477.6645812988281,477.6645812988281,477.6645812988281,0,0.0,0.0
2019-08-30 00:00:00-03:00,477.6645812988281,477.6645812988281,477.6645812988281,477.6645812988281,0,0.0,0.0
2019-09-02 00:00:00-03:00,477.6645812988281,477.6645812988281,477.6645812988281,477.6645812988281,0,0.0,0.0
2019-09-03 00:00:00-03:00,477.6645812988281,477.6645812988281,477.6645812988281,477.6645812988281,0,0.0,0.0
2019-09-04 00:00:00-03:00,477.6645812988281,477.6645812988281,477.6645812988281,477.6645812988281,0,0.0,0.0
2019-09-05 00:00:00-03:00,477.6645812988281,477.6645812988281,477.6645812988281,477.6645812988281,0,0.0,0.0
2019-09-06 00:00:00-03:00,477.6645812988281,477.6645812988281,477.6645812988281,477.6645812988281,0,0.0,0.0
2019-09-09 00:00:00-03:00,477.6645812988281,477.6645812988281,477.6645812988281,477.6645812988281,0,0.0,0.0
2019-09-10 00:00:00-03:00,477.6645812988281,477.6645812988281,477.6645812988281,477.6645812988281,0,0.0,0.0
2019-09-11 00:00:00-03:00,477.6645812988281,477.6645812988281,477.6645812988281,477.6645812988281,0,0.0,0.0
2019-09-12 00:00:00-03:00,477.6645812988281,477.6645812988281,477.6645812988281,477.6645812988281,0,0.0,0.0
2019-09-13 00:00:00-03:00,477.6645812988281,477.6645812988281,477.6645812988281,477.6645812988281,0,0.0,0.0
2019-09-16 00:00:00-03:00,477.6645812988281,477.6645812988281,477.6645812988281,477.6645812988281,0,0.0,0.0
2019-09-17 00:00:00-03:00,477.6645812988281,477.6645812988281,477.6645812988281,477.6645812988281,0,0.0,0.0
2019-09-18 00:00:00-03:00,477.6645812988281,477.6645812988281,477.6645812988281,477.6645812988281,0,0.0,0.0
2019-09-19 00:00:00-03:00,477.6645812988281,477.6645812988281,477.6645812988281,477.6645812988281,0,0.0,0.0
2019-09-20 00:00:00-03:00,477.6645812988281,477.6645812988281,477.6645812988281,477.6645812988281,0,0.0,0.0
2019-09-23 00:00:00-03:00,477.6645812988281,477.6645812988281,477.6645812988281,477.6645812988281,0,0.0,0.0
2019-09-24 00:00:00-03:00,477.6645812988281,477.6645812988281,477.6645812988281,477.6645812988281,0,0.0,0.0
2019-09-25 00:00:00-03:00,477.6645812988281,477.6645812988281,477.6645812988281,477.6645812988281,0,0.0,0.0
2019-09-26 00:00:00-03:00,477.6645812988281,477.6645812988281,477.6645812988281,477.6645812988281,0,0.0,0.0
2019-09-27 00:00:00-03:00,477.6645812988281,477.6645812988281,477.6645812988281,477.6645812988281,0,0.0,0.0
2019-09-30 00:00:00-03:00,477.6645812988281,477.6645812988281,477.6645812988281,477.6645812988281,0,0.0,0.0
2019-10-01 00:00:00-03:00,477.6645812988281,477.6645812988281,477.6645812988281,477.6645812988281,0,0.0,0.0
2019-10-02 00:00:00-03:00,477.6645812988281,477.6645812988281,477.6645812988281,477.6645812988281,0,0.0,0.0
2019-10-03 00:00:00-03:00,477.6645812988281,477.6645812988281,477.6645812988281,477.6645812988281,0,0.0,0.0
2019-10-04 00:00:00-03:00,477.6645812988281,477.6645812988281,477.6645812988281,477.6645812988281,0,0.0,0.0
2019-10-07 00:00:00-03:00,477.6645812988281,477.6645812988281,477.6645812988281,477.6645812988281,0,0.0,0.0
2019-10-08 00:00:00-03:00,477.6645812988281,477.6645812988281,477.6645812988281,477.6645812988281,0,0.0,0.0
2019-10-09 00:00:00-03:00,477.6645812988281,477.6645812988281,477.6645812988281,477.6645812988281,0,0.0,0.0
2019-10-10 00:00:00-03:00,477.6645812988281,477.6645812988281,477.6645812988281,477.6645812988281,0,0.0,0.0
2019-10-11 00:00:00-03:00,477.6645812988281,477.6645812988281,477.6645812988281,477.6645812988281,0,0.0,0.0
2019-10-15 00:00:00-03:00,477.6645812988281,477.6645812988281,477.6645812988281,477.6645812988281,0,0.0,0.0
2019-10-16 00:00:00-03:00,477.6645812988281,477.6645812988281,477.6645812988281,477.6645812988281,0,0.0,0.0
2019-10-17 00:00:00-03:00,477.6645812988281,477.6645812988281,477.6645812988281,477.6645812988281,0,0.0,0.0
2019-10-18 00:00:00-03:00,477.6645812988281,477.6645812988281,477.6645812988281,477.6645812988281,0,0.0,0.0
2019-10-21 00:00:00-03:00,477.6645812988281,477.6645812988281,477.6645812988281,477.6645812988281,0,0.0,0.0
2019-10-22 00:00:00-03:00,477.6645812988281,477.6645812988281,477.6645812988281,477.6645812988281,0,0.0,0.0
2019-10-23 00:00:00-03:00,477.6645812988281,477.6645812988281,477.6645812988281,477.6645812988281,0,0.0,0.0
2019-10-24 00:00:00-03:00,477.6645812988281,477.6645812988281,477.6645812988281,477.6645812988281,0,0.0,0.0
2019-10-25 00:00:00-03:00,3440.30517578125,3440.30517578125,3440.30517578125,3440.30517578125,2600,0.0,0.0
2019-10-28 00:00:00-03:00,3440.30517578125,3440.30517578125,3440.30517578125,3440.30517578125,0,0.0,0.0
2019-10-29 00:00:00-03:00,3440.30517578125,3440.30517578125,3440.30517578125,3440.30517578125,0,0.0,0.0
2019-10-30 00:00:00-03:00,3440.30517578125,3440.30517578125,3440.30517578125,3440.30517578125,0,0.0,0.0
2019-10-31 00:00:00-03:00,3440.30517578125,3440.30517578125,3440.30517578125,3440.30517578125,0,0.0,0.0
2019-11-01 00:00:00-03:00,3440.30517578125,3440.30517578125,3440.30517578125,3440.30517578125,0,0.0,0.0
2019-11-04 00:00:00-03:00,3440.30517578125,3440.30517578125,3440.30517578125,3440.30517578125,0,0.0,0.0
2019-11-05 00:00:00-03:00,3440.30517578125,3440.30517578125,3440.30517578125,3440.30517578125,0,0.0,0.0
2019-11-06 00:00:00-03:00,3440.30517578125,3440.30517578125,3440.30517578125,3440.30517578125,0,0.0,0.0
2019-11-07 00:00:00-03:00,3440.30517578125,3440.30517578125,3440.30517578125,3440.30517578125,0,0.0,0.0
2019-11-08 00:00:00-03:00,3440.30517578125,3440.30517578125,3440.30517578125,3440.30517578125,0,0.0,0.0
2019-11-11 00:00:00-03:00,3440.30517578125,3440.30517578125,3440.30517578125,3440.30517578125,0,0.0,0.0
2019-11-12 00:00:00-03:00,3440.30517578125,3440.30517578125,3440.30517578125,3440.30517578125,0,0.0,0.0
2019-11-13 00:00:00-03:00,3440.30517578125,3440.30517578125,3440.30517578125,3440.30517578125,0,0.0,0.0
2019-11-14 00:00:00-03:00,3440.5302734375,3440.5302734375,3440.5302734375,3440.5302734375,0,332.4375,0.0
2019-11-15 00:00:00-03:00,3440.5302734375,3440.5302734375,3440.5302734375,3440.5302734375,0,0.0,0.0
2019-11-19 00:00:00-03:00,3440.5302734375,3440.5302734375,3440.5302734375,3440.5302734375,0,0.0,0.0
2019-11-20 00:00:00-03:00,3440.5302734375,3440.5302734375,3440.5302734375,3440.5302734375,0,0.0,0.0
2019-11-21 00:00:00-03:00,3440.5302734375,3440.5302734375,3440.5302734375,3440.5302734375,0,0.0,0.0
2019-11-22 00:00:00-03:00,3440.5302734375,3440.5302734375,3440.5302734375,3440.5302734375,0,0.0,0.0
2019-11-25 00:00:00-03:00,3440.5302734375,3440.5302734375,3440.5302734375,3440.5302734375,0,0.0,0.0
2019-11-26 00:00:00-03:00,3440.5302734375,3440.5302734375,3440.5302734375,3440.5302734375,0,0.0,0.0
2019-11-27 00:00:00-03:00,3440.5302734375,3440.5302734375,3440.5302734375,3440.5302734375,0,0.0,0.0
2019-11-28 00:00:00-03:00,3440.5302734375,3440.5302734375,3440.5302734375,3440.5302734375,0,0.0,0.0
2019-11-29 00:00:00-03:00,3440.5302734375,3440.5302734375,3440.5302734375,3440.5302734375,0,0.0,0.0
2019-12-02 00:00:00-03:00,3440.5302734375,3440.5302734375,3440.5302734375,3440.5302734375,0,0.0,0.0
2019-12-03 00:00:00-03:00,3440.5302734375,3440.5302734375,3440.5302734375,3440.5302734375,0,0.0,0.0
2019-12-04 00:00:00-03:00,3440.5302734375,3440.5302734375,3440.5302734375,3440.5302734375,0,0.0,0.0
2019-12-05 00:00:00-03:00,3440.5302734375,3440.5302734375,3440.5302734375,3440.5302734375,0,0.0,0.0
2019-12-06 00:00:00-03:00,3440.5302734375,3440.5302734375,3440.5302734375,3440.5302734375,0,0.0,0.0
2019-12-09 00:00:00-03:00,3440.5302734375,3440.5302734375,3440.5302734375,3440.5302734375,0,0.0,0.0
2019-12-10 00:00:00-03:00,3440.5302734375,3440.5302734375,3440.5302734375,3440.5302734375,0,0.0,0.0
2019-12-11 00:00:00-03:00,3440.5302734375,3440.5302734375,3440.5302734375,3440.5302734375,0,0.0,0.0
2019-12-12 00:00:00-03:00,3440.5302734375,3440.5302734375,3440.5302734375,3440.5302734375,0,0.0,0.0
2019-12-13 00:00:00-03:00,3440.5302734375,3440.5302734375,3440.5302734375,3440.5302734375,0,0.0,0.0
2019-12-16 00:00:00-03:00,3440.5302734375,3440.5302734375,3440.5302734375,3440.5302734375,0,0.0,0.0
2019-12-17 00:00:00-03:00,3440.5302734375,3440.5302734375,3440.5302734375,3440.5302734375,0,0.0,0.0
2019-12-18 00:00:00-03:00,3440.5302734375,3440.5302734375,3440.5302734375,3440.5302734375,0,0.0,0.0
2019-12-19 00:00:00-03:00,3440.5302734375,3440.5302734375,3440.5302734375,3440.5302734375,0,0.0,0.0
2019-12-20 00:00:00-03:00,3440.5302734375,3440.5302734375,3440.5302734375,3440.5302734375,0,0.0,0.0
2019-12-23 00:00:00-03:00,3440.5302734375,3440.5302734375,3440.5302734375,3440.5302734375,0,0.0,0.0
2019-12-26 00:00:00-03:00,3440.5302734375,3440.5302734375,3440.5302734375,3440.5302734375,0,0.0,0.0
2019-12-27 00:00:00-03:00,3440.5302734375,3440.5302734375,3440.5302734375,3440.5302734375,0,0.0,0.0
2019-12-30 00:00:00-03:00,3440.5302734375,3440.5302734375,3440.5302734375,3440.5302734375,0,0.0,0.0
2020-01-02 00:00:00-03:00,3440.5302734375,3440.5302734375,3440.5302734375,3440.5302734375,0,0.0,0.0
2020-01-03 00:00:00-03:00,3440.5302734375,3440.5302734375,3440.5302734375,3440.5302734375,0,0.0,0.0
2020-01-06 00:00:00-03:00,3440.5302734375,3440.5302734375,3440.5302734375,3440.5302734375,0,0.0,0.0
2020-01-07 00:00:00-03:00,3440.5302734375,3440.5302734375,3440.5302734375,3440.5302734375,0,0.0,0.0
2020-01-08 00:00:00-03:00,3440.5302734375,3440.5302734375,3440.5302734375,3440.5302734375,0,0.0,0.0
2020-01-09 00:00:00-03:00,3440.5302734375,3440.5302734375,3440.5302734375,3440.5302734375,0,0.0,0.0
2020-01-10 00:00:00-03:00,3440.5302734375,3440.5302734375,3440.5302734375,3440.5302734375,0,0.0,0.0
2020-01-13 00:00:00-03:00,3440.5302734375,3440.5302734375,3440.5302734375,3440.5302734375,0,0.0,0.0
2020-01-14 00:00:00-03:00,3440.5302734375,3440.5302734375,3440.5302734375,3440.5302734375,0,0.0,0.0
2020-01-15 00:00:00-03:00,3440.5302734375,3440.5302734375,3440.5302734375,3440.5302734375,0,0.0,0.0
2020-01-16 00:00:00-03:00,3440.5302734375,3440.5302734375,3440.5302734375,3440.5302734375,0,0.0,0.0
2020-01-17 00:00:00-03:00,3440.5302734375,3440.5302734375,3440.5302734375,3440.5302734375,0,0.0,0.0
2020-01-20 00:00:00-03:00,3440.5302734375,3440.5302734375,3440.5302734375,3440.5302734375,0,0.0,0.0
2020-01-21 00:00:00-03:00,3440.5302734375,3440.5302734375,3440.5302734375,3440.5302734375,0,0.0,0.0
2020-01-22 00:00:00-03:00,3440.5302734375,3440.5302734375,3440.5302734375,3440.5302734375,0,0.0,0.0
2020-01-23 00:00:00-03:00,3440.5302734375,3440.5302734375,3440.5302734375,3440.5302734375,0,0.0,0.0
2020-01-24 00:00:00-03:00,3440.5302734375,3440.5302734375,3440.5302734375,3440.5302734375,0,0.0,0.0
2020-01-27 00:00:00-03:00,3440.5302734375,3440.5302734375,3440.5302734375,3440.5302734375,0,0.0,0.0
2020-01-28 00:00:00-03:00,3440.5302734375,3440.5302734375,3440.5302734375,3440.5302734375,0,0.0,0.0
2020-01-29 00:00:00-03:00,3440.5302734375,3440.5302734375,3440.5302734375,3440.5302734375,0,0.0,0.0
2020-01-30 00:00:00-03:00,3440.5302734375,3440.5302734375,3440.5302734375,3440.5302734375,0,0.0,0.0
2020-01-31 00:00:00-03:00,3440.5302734375,3440.5302734375,3440.5302734375,3440.5302734375,0,0.0,0.0
2020-02-03 00:00:00-03:00,3440.5302734375,3440.5302734375,3440.5302734375,3440.5302734375,0,0.0,0.0
2020-02-04 00:00:00-03:00,3440.5302734375,3440.5302734375,3440.5302734375,3440.5302734375,0,0.0,0.0
2020-02-05 00:00:00-03:00,3440.5302734375,3440.5302734375,3440.5302734375,3440.5302734375,0,0.0,0.0
2020-02-06 00:00:00-03:00,3440.5302734375,3440.5302734375,3440.5302734375,3440.5302734375,0,0.0,0.0
2020-02-07 00:00:00-03:00,3440.5302734375,3440.5302734375,3440.5302734375,3440.5302734375,0,0.0,0.0
2020-02-10 00:00:00-03:00,3440.5302734375,3440.5302734375,3440.5302734375,3440.5302734375,0,0.0,0.0
2020-02-11 00:00:00-03:00,3440.5302734375,3440.5302734375,3440.5302734375,3440.5302734375,0,0.0,0.0
2020-02-12 00:00:00-03:00,3440.5302734375,3440.5302734375,3440.5302734375,3440.5302734375,0,0.0,0.0
2020-02-13 00:00:00-03:00,3440.5302734375,3440.5302734375,3440.5302734375,3440.5302734375,0,0.0,0.0
2020-02-14 00:00:00-03:00,3440.5302734375,3440.5302734375,3440.5302734375,3440.5302734375,0,0.0,0.0
2020-02-17 00:00:00-03:00,3440.5302734375,3440.5302734375,3440.5302734375,3440.5302734375,0,0.0,0.0
2020-02-18 00:00:00-03:00,3440.5302734375,3440.5302734375,3440.5302734375,3440.5302734375,0,0.0,0.0
2020-02-19 00:00:00-03:00,3440.5302734375,3440.5302734375,3440.5302734375,3440.5302734375,0,0.0,0.0
2020-02-20 00:00:00-03:00,3440.5302734375,3440.5302734375,3440.5302734375,3440.5302734375,0,0.0,0.0
2020-02-21 00:00:00-03:00,3440.5302734375,3440.5302734375,3440.5302734375,3440.5302734375,0,0.0,0.0
2020-02-26 00:00:00-03:00,3440.5302734375,3440.5302734375,3440.5302734375,3440.5302734375,0,0.0,0.0
2020-02-27 00:00:00-03:00,3440.755126953125,3440.755126953125,3440.755126953125,3440.755126953125,0,332.4375,0.0
2020-02-28 00:00:00-03:00,3440.755126953125,3440.755126953125,3440.755126953125,3440.755126953125,0,0.0,0.0
2020-03-02 00:00:00-03:00,3440.755126953125,3440.755126953125,3440.755126953125,3440.755126953125,0,0.0,0.0
2020-03-03 00:00:00-03:00,3440.755126953125,3440.755126953125,3440.755126953125,3440.755126953125,0,0.0,0.0
2020-03-04 00:00:00-03:00,3440.755126953125,3440.755126953125,3440.755126953125,3440.755126953125,0,0.0,0.0
2020-03-05 00:00:00-03:00,3440.755126953125,3440.755126953125,3440.755126953125,3440.755126953125,0,0.0,0.0
2020-03-06 00:00:00-03:00,3440.755126953125,3440.755126953125,3440.755126953125,3440.755126953125,0,0.0,0.0
2020-03-09 00:00:00-03:00,3440.755126953125,3440.755126953125,3440.755126953125,3440.755126953125,0,0.0,0.0
2020-03-10 00:00:00-03:00,3440.755126953125,3440.755126953125,3440.755126953125,3440.755126953125,0,0.0,0.0
2020-03-11 00:00:00-03:00,3440.755126953125,3440.755126953125,3440.755126953125,3440.755126953125,0,0.0,0.0
2020-03-12 00:00:00-03:00,3440.755126953125,3440.755126953125,3440.755126953125,3440.755126953125,0,0.0,0.0
2020-03-13 00:00:00-03:00,3440.755126953125,3440.755126953125,3440.755126953125,3440.755126953125,0,0.0,0.0
2020-03-16 00:00:00-03:00,3440.755126953125,3440.755126953125,3440.755126953125,3440.755126953125,0,0.0,0.0
2020-03-17 00:00:00-03:00,3440.755126953125,3440.755126953125,3440.755126953125,3440.755126953125,0,0.0,0.0
2020-03-18 00:00:00-03:00,3440.755126953125,3440.755126953125,3440.755126953125,3440.755126953125,0,0.0,0.0
2020-03-19 00:00:00-03:00,3440.755126953125,3440.755126953125,3440.755126953125,3440.755126953125,0,0.0,0.0
2020-03-20 00:00:00-03:00,3440.755126953125,3440.755126953125,3440.755126953125,3440.755126953125,0,0.0,0.0
2020-03-25 00:00:00-03:00,3440.755126953125,3440.755126953125,3440.755126953125,3440.755126953125,0,0.0,0.0
2020-03-26 00:00:00-03:00,3440.755126953125,3440.755126953125,3440.755126953125,3440.755126953125,0,0.0,0.0
2020-03-27 00:00:00-03:00,3440.755126953125,3440.755126953125,3440.755126953125,3440.755126953125,0,0.0,0.0
2020-03-30 00:00:00-03:00,3440.755126953125,3440.755126953125,3440.755126953125,3440.755126953125,0,0.0,0.0
2020-04-01 00:00:00-03:00,3440.755126953125,3440.755126953125,3440.755126953125,3440.755126953125,0,0.0,0.0
2020-04-02 00:00:00-03:00,3440.755126953125,3440.755126953125,3440.755126953125,3440.755126953125,0,0.0,0.0
2020-04-03 00:00:00-03:00,3440.755126953125,3440.755126953125,3440.755126953125,3440.755126953125,0,0.0,0.0
2020-04-06 00:00:00-03:00,3440.755126953125,3440.755126953125,3440.755126953125,3440.755126953125,0,0.0,0.0
2020-04-07 00:00:00-03:00,3440.755126953125,3440.755126953125,3440.755126953125,3440.755126953125,0,0.0,0.0
2020-04-08 00:00:00-03:00,3440.755126953125,3440.755126953125,3440.755126953125,3440.755126953125,0,0.0,0.0
2020-04-13 00:00:00-03:00,3440.755126953125,3440.755126953125,3440.755126953125,3440.755126953125,0,0.0,0.0
2020-04-14 00:00:00-03:00,3440.755126953125,3440.755126953125,3440.755126953125,3440.755126953125,0,0.0,0.0
2020-04-15 00:00:00-03:00,3440.755126953125,3440.755126953125,3440.755126953125,3440.755126953125,0,0.0,0.0
2020-04-16 00:00:00-03:00,3440.755126953125,3440.755126953125,3440.755126953125,3440.755126953125,0,0.0,0.0
2020-04-17 00:00:00-03:00,3440.755126953125,3440.755126953125,3440.755126953125,3440.755126953125,0,0.0,0.0
2020-04-20 00:00:00-03:00,3440.755126953125,3440.755126953125,3440.755126953125,3440.755126953125,0,0.0,0.0
2020-04-21 00:00:00-03:00,3440.755126953125,3440.755126953125,3440.755126953125,3440.755126953125,0,0.0,0.0
2020-04-22 00:00:00-03:00,3440.755126953125,3440.755126953125,3440.755126953125,3440.755126953125,0,0.0,0.0
2020-04-23 00:00:00-03:00,3440.755126953125,3440.755126953125,3440.755126953125,3440.755126953125,0,0.0,0.0
2020-04-24 00:00:00-03:00,3440.755126953125,3440.755126953125,3440.755126953125,3440.755126953125,0,0.0,0.0
2020-04-27 00:00:00-03:00,3440.755126953125,3440.755126953125,3440.755126953125,3440.755126953125,0,0.0,0.0
2020-04-28 00:00:00-03:00,3440.755126953125,3440.755126953125,3440.755126953125,3440.755126953125,0,0.0,0.0
2020-04-29 00:00:00-03:00,3440.755126953125,3440.755126953125,3440.755126953125,3440.755126953125,0,0.0,0.0
2020-04-30 00:00:00-03:00,3440.755126953125,3440.755126953125,3440.755126953125,3440.755126953125,0,0.0,0.0
2020-05-04 00:00:00-03:00,3440.755126953125,3440.755126953125,3440.755126953125,3440.755126953125,0,0.0,0.0
2020-05-05 00:00:00-03:00,3440.755126953125,3440.755126953125,3440.755126953125,3440.755126953125,0,0.0,0.0
2020-05-06 00:00:00-03:00,3440.755126953125,3440.755126953125,3440.755126953125,3440.755126953125,0,0.0,0.0
2020-05-07 00:00:00-03:00,3440.755126953125,3440.755126953125,3440.755126953125,3440.755126953125,0,0.0,0.0
2020-05-08 00:00:00-03:00,3440.755126953125,3440.755126953125,3440.755126953125,3440.755126953125,0,0.0,0.0
2020-05-11 00:00:00-03:00,3440.755126953125,3440.755126953125,3440.755126953125,3440.755126953125,0,0.0,0.0
2020-05-12 00:00:00-03:00,3440.755126953125,3440.755126953125,3440.755126953125,3440.755126953125,0,0.0,0.0
2020-05-13 00:00:00-03:00,3794.6259765625,3794.6259765625,3794.6259765625,3794.6259765625,6592,0.0,0.0
2020-05-14 00:00:00-03:00,3794.850830078125,3794.850830078125,3794.850830078125,3794.850830078125,0,332.4375,0.0
2020-05-15 00:00:00-03:00,3791.35205078125,3791.35205078125,3791.35205078125,3791.35205078125,3296,0.0,0.0
2020-05-18 00:00:00-03:00,3791.35205078125,3791.35205078125,3791.35205078125,3791.35205078125,0,0.0,0.0
2020-05-19 00:00:00-03:00,3791.35205078125,3791.35205078125,3791.35205078125,3791.35205078125,0,0.0,0.0
2020-05-20 00:00:00-03:00,3791.35205078125,3791.35205078125,3791.35205078125,3791.35205078125,0,0.0,0.0
2020-05-21 00:00:00-03:00,3791.35205078125,3791.35205078125,3791.35205078125,3791.35205078125,0,0.0,0.0
2020-05-22 00:00:00-03:00,3791.35205078125,3791.35205078125,3791.35205078125,3791.35205078125,0,0.0,0.0
2020-05-26 00:00:00-03:00,3791.35205078125,3791.35205078125,3791.35205078125,3791.35205078125,0,0.0,0.0
2020-05-27 00:00:00-03:00,3791.35205078125,3791.35205078125,3791.35205078125,3791.35205078125,0,0.0,0.0
2020-05-28 00:00:00-03:00,3791.35205078125,3791.35205078125,3791.35205078125,3791.35205078125,0,0.0,0.0
2020-05-29 00:00:00-03:00,3791.35205078125,3791.35205078125,3791.35205078125,3791.35205078125,0,0.0,0.0
2020-06-01 00:00:00-03:00,3791.35205078125,3791.35205078125,3791.35205078125,3791.35205078125,0,0.0,0.0
2020-06-02 00:00:00-03:00,3791.35205078125,3791.35205078125,3791.35205078125,3791.35205078125,0,0.0,0.0
2020-06-03 00:00:00-03:00,3791.35205078125,3791.35205078125,3791.35205078125,3791.35205078125,0,0.0,0.0
2020-06-04 00:00:00-03:00,3791.35205078125,3791.35205078125,3791.35205078125,3791.35205078125,0,0.0,0.0
2020-06-05 00:00:00-03:00,3791.35205078125,3791.35205078125,3791.35205078125,3791.35205078125,0,0.0,0.0
2020-06-08 00:00:00-03:00,3791.35205078125,3791.35205078125,3791.35205078125,3791.35205078125,0,0.0,0.0
2020-06-09 00:00:00-03:00,3791.35205078125,3791.35205078125,3791.35205078125,3791.35205078125,0,0.0,0.0
2020-06-10 00:00:00-03:00,3791.35205078125,3791.35205078125,3791.35205078125,3791.35205078125,0,0.0,0.0
2020-06-11 00:00:00-03:00,3791.35205078125,3791.35205078125,3791.35205078125,3791.35205078125,0,0.0,0.0
2020-06-12 00:00:00-03:00,3791.35205078125,3791.35205078125,3791.35205078125,3791.35205078125,0,0.0,0.0
2020-06-16 00:00:00-03:00,3791.35205078125,3791.35205078125,3791.35205078125,3791.35205078125,0,0.0,0.0
2020-06-17 00:00:00-03:00,3791.35205078125,3791.35205078125,3791.35205078125,3791.35205078125,0,0.0,0.0
2020-06-18 00:00:00-03:00,3791.35205078125,3791.35205078125,3791.35205078125,3791.35205078125,0,0.0,0.0
2020-06-19 00:00:00-03:00,3791.35205078125,3791.35205078125,3791.35205078125,3791.35205078125,0,0.0,0.0
2020-06-22 00:00:00-03:00,3791.35205078125,3791.35205078125,3791.35205078125,3791.35205078125,0,0.0,0.0
2020-06-23 00:00:00-03:00,3791.35205078125,3791.35205078125,3791.35205078125,3791.35205078125,0,0.0,0.0
2020-06-24 00:00:00-03:00,3791.35205078125,3791.35205078125,3791.35205078125,3791.35205078125,0,0.0,0.0
2020-06-25 00:00:00-03:00,3791.35205078125,3791.35205078125,3791.35205078125,3791.35205078125,0,0.0,0.0
2020-06-26 00:00:00-03:00,3791.35205078125,3791.35205078125,3791.35205078125,3791.35205078125,0,0.0,0.0
2020-06-29 00:00:00-03:00,3791.35205078125,3791.35205078125,3791.35205078125,3791.35205078125,0,0.0,0.0
2020-06-30 00:00:00-03:00,3791.35205078125,3791.35205078125,3791.35205078125,3791.35205078125,0,0.0,0.0
2020-07-01 00:00:00-03:00,3791.35205078125,3791.35205078125,3791.35205078125,3791.35205078125,0,0.0,0.0
2020-07-02 00:00:00-03:00,3791.35205078125,3791.35205078125,3791.35205078125,3791.35205078125,0,0.0,0.0
2020-07-03 00:00:00-03:00,3791.35205078125,3791.35205078125,3791.35205078125,3791.35205078125,0,0.0,0.0
2020-07-06 00:00:00-03:00,3791.35205078125,3791.35205078125,3791.35205078125,3791.35205078125,0,0.0,0.0
2020-07-07 00:00:00-03:00,3791.35205078125,3791.35205078125,3791.35205078125,3791.35205078125,0,0.0,0.0
2020-07-08 00:00:00-03:00,3791.35205078125,3791.35205078125,3791.35205078125,3791.35205078125,0,0.0,0.0
2020-07-13 00:00:00-03:00,3791.35205078125,3791.35205078125,3791.35205078125,3791.35205078125,0,0.0,0.0
2020-07-14 00:00:00-03:00,3791.35205078125,3791.35205078125,3791.35205078125,3791.35205078125,0,0.0,0.0
2020-07-15 00:00:00-03:00,3791.35205078125,3791.35205078125,3791.35205078125,3791.35205078125,0,0.0,0.0
2020-07-16 00:00:00-03:00,3791.35205078125,3791.35205078125,3791.35205078125,3791.35205078125,0,0.0,0.0
2020-07-17 00:00:00-03:00,3791.35205078125,3791.35205078125,3791.35205078125,3791.35205078125,0,0.0,0.0
2020-07-20 00:00:00-03:00,3791.35205078125,3791.35205078125,3791.35205078125,3791.35205078125,0,0.0,0.0
2020-07-21 00:00:00-03:00,3791.35205078125,3791.35205078125,3791.35205078125,3791.35205078125,0,0.0,0.0
2020-07-22 00:00:00-03:00,3791.35205078125,3791.35205078125,3791.35205078125,3791.35205078125,0,0.0,0.0
2020-07-23 00:00:00-03:00,3791.35205078125,3791.35205078125,3791.35205078125,3791.35205078125,0,0.0,0.0
2020-07-24 00:00:00-03:00,3791.35205078125,3791.35205078125,3791.35205078125,3791.35205078125,0,0.0,0.0
2020-07-27 00:00:00-03:00,3791.35205078125,3791.35205078125,3791.35205078125,3791.35205078125,0,0.0,0.0
2020-07-28 00:00:00-03:00,3791.35205078125,3791.35205078125,3791.35205078125,3791.35205078125,0,0.0,0.0
2020-07-29 00:00:00-03:00,3791.35205078125,3791.35205078125,3791.35205078125,3791.35205078125,0,0.0,0.0
2020-07-30 00:00:00-03:00,3791.35205078125,3791.35205078125,3791.35205078125,3791.35205078125,0,0.0,0.0
2020-07-31 00:00:00-03:00,3791.35205078125,3791.35205078125,3791.35205078125,3791.35205078125,0,0.0,0.0
2020-08-03 00:00:00-03:00,3791.35205078125,3791.35205078125,3791.35205078125,3791.35205078125,0,0.0,0.0
2020-08-04 00:00:00-03:00,3791.35205078125,3791.35205078125,3791.35205078125,3791.35205078125,0,0.0,0.0
2020-08-05 00:00:00-03:00,3791.35205078125,3791.35205078125,3791.35205078125,3791.35205078125,0,0.0,0.0
2020-08-06 00:00:00-03:00,4693.577786002189,4708.5732421875,4693.577786002189,4708.5732421875,1080,0.0,0.0
2020-08-07 00:00:00-03:00,4708.5732421875,4708.5732421875,4708.5732421875,4708.5732421875,0,0.0,0.0
2020-08-10 00:00:00-03:00,5078.462297783377,5132.94580078125,5078.462297783377,5132.94580078125,12,0.0,0.0
2020-08-11 00:00:00-03:00,5261.906227837278,5261.906227837278,5203.923790064966,5219.9189453125,56,0.0,0.0
2020-08-12 00:00:00-03:00,5219.9189453125,5219.9189453125,5219.9189453125,5219.9189453125,0,0.0,0.0
2020-08-13 00:00:00-03:00,5185.654136484804,5185.654136484804,5182.654914890539,5183.15478515625,60,332.4375,0.0
2020-08-14 00:00:00-03:00,5039.691956698553,5147.1640625,5039.691956698553,5147.1640625,16,0.0,0.0
2020-08-18 00:00:00-03:00,5147.1640625,5147.1640625,5147.1640625,5147.1640625,0,0.0,0.0
2020-08-19 00:00:00-03:00,5147.1640625,5147.1640625,5147.1640625,5147.1640625,0,0.0,0.0
2020-08-20 00:00:00-03:00,5147.1640625,5147.1640625,5147.1640625,5147.1640625,0,0.0,0.0
2020-08-21 00:00:00-03:00,5147.1640625,5147.1640625,5147.1640625,5147.1640625,0,0.0,0.0
2020-08-24 00:00:00-03:00,5098.675066118666,5367.6051823512,5098.675066118666,5357.10791015625,22,0.0,0.0
2020-08-25 00:00:00-03:00,5463.580873829308,5467.079964965338,5428.589962469011,5444.0859375,70,0.0,0.0
2020-08-26 00:00:00-03:00,5443.58600315126,5443.58600315126,5330.615347805789,5353.609375,110,0.0,0.0
2020-08-27 00:00:00-03:00,5450.084049633882,5450.084049633882,5258.6337890625,5258.6337890625,8,0.0,0.0
2020-08-28 00:00:00-03:00,5201.650787956881,5284.12939453125,5201.650787956881,5284.12939453125,7,0.0,0.0
2020-08-31 00:00:00-03:00,5218.64404296875,5218.64404296875,5218.64404296875,5218.64404296875,1,0.0,0.0
2020-09-01 00:00:00-03:00,5218.645710183159,5378.104329105423,5218.645710183159,5311.62158203125,38,0.0,0.0
2020-09-02 00:00:00-03:00,5311.620305317669,5413.0939475141195,5311.620305317669,5410.0947265625,8,0.0,0.0
2020-09-03 00:00:00-03:00,5358.6087769574515,5358.6087769574515,5090.678338109578,5145.6640625,74,0.0,0.0
2020-09-04 00:00:00-03:00,5145.6640625,5145.6640625,5145.6640625,5145.6640625,0,0.0,0.0
2020-09-07 00:00:00-03:00,5145.6640625,5145.6640625,5145.6640625,5145.6640625,0,0.0,0.0
2020-09-08 00:00:00-03:00,5298.623922848964,5298.623922848964,5145.663647340305,5260.6337890625,4,0.0,0.0
2020-09-09 00:00:00-03:00,5198.65085326549,5292.62646484375,5198.65085326549,5292.62646484375,7,0.0,0.0
2020-09-10 00:00:00-03:00,5292.62646484375,5292.62646484375,5292.62646484375,5292.62646484375,0,0.0,0.0
2020-09-11 00:00:00-03:00,5259.134858100116,5408.09619140625,5259.134858100116,5408.09619140625,3,0.0,0.0
2020-09-14 00:00:00-03:00,5408.09619140625,5408.09619140625,5408.09619140625,5408.09619140625,0,0.0,0.0
2020-09-15 00:00:00-03:00,5408.09619140625,5408.09619140625,5408.09619140625,5408.09619140625,0,0.0,0.0
2020-09-16 00:00:00-03:00,5580.5516019855595,5580.5516019855595,5538.5625,5538.5625,16,0.0,0.0
2020-09-17 00:00:00-03:00,5581.05078125,5581.05078125,5581.05078125,5581.05078125,1,0.0,0.0
2020-09-18 00:00:00-03:00,5627.538230418316,5652.53173828125,5627.538230418316,5652.53173828125,14,0.0,0.0
2020-09-21 00:00:00-03:00,5569.554422696547,5569.554422696547,5504.5712890625,5504.5712890625,7,0.0,0.0
2020-09-22 00:00:00-03:00,5548.06103515625,5548.06103515625,5548.06103515625,5548.06103515625,3,0.0,0.0
2020-09-23 00:00:00-03:00,6042.931814290365,6042.931814290365,5998.443359375,5998.443359375,30,0.0,0.0
2020-09-24 00:00:00-03:00,6099.416285316969,6099.416285316969,5698.0205078125,5698.0205078125,6,0.0,0.0
2020-09-25 00:00:00-03:00,5658.031463896993,5846.982421875,5658.031463896993,5846.982421875,31,0.0,0.0
2020-09-28 00:00:00-03:00,5846.982421875,5846.982421875,5846.982421875,5846.982421875,0,0.0,0.0
2020-09-29 00:00:00-03:00,5987.945647542761,6049.4296875,5987.945647542761,6049.4296875,3,0.0,0.0
2020-09-30 00:00:00-03:00,6161.400156041624,6161.400156041624,6085.419884768029,6090.91845703125,18,0.0,0.0
2020-10-01 00:00:00-03:00,6093.417789609043,6093.417789609043,5915.463996901839,5994.943359375,15,0.0,0.0
2020-10-02 00:00:00-03:00,6206.389258122029,6308.36279296875,6206.389258122029,6308.36279296875,257,0.0,0.0
2020-10-05 00:00:00-03:00,6333.354269309511,6428.32958984375,6333.354269309511,6428.32958984375,29,0.0,0.0
2020-10-06 00:00:00-03:00,6448.32568359375,6448.32568359375,6448.32568359375,6448.32568359375,12,0.0,0.0
2020-10-07 00:00:00-03:00,6561.296350608648,6561.296350608648,6448.32568359375,6448.32568359375,31,0.0,0.0
2020-10-08 00:00:00-03:00,6577.7919921875,6577.7919921875,6577.7919921875,6577.7919921875,1,0.0,0.0
2020-10-09 00:00:00-03:00,6598.287109375,6598.287109375,6598.287109375,6598.287109375,2,0.0,0.0
2020-10-13 00:00:00-03:00,6598.287109375,6598.287109375,6598.287109375,6598.287109375,0,0.0,0.0
2020-10-14 00:00:00-03:00,6598.287109375,6598.287109375,6598.287109375,6598.287109375,2,0.0,0.0
2020-10-15 00:00:00-03:00,7198.129960491275,7558.036458515839,7132.64697265625,7132.64697265625,11,0.0,0.0
2020-10-16 00:00:00-03:00,7478.060076264631,7478.060076264631,7431.072265625,7431.072265625,11,0.0,0.0
2020-10-19 00:00:00-03:00,7498.053579992932,7498.053579992932,7426.072265625,7426.072265625,17,0.0,0.0
2020-10-20 00:00:00-03:00,7426.072265625,7426.072265625,7426.072265625,7426.072265625,0,0.0,0.0
2020-10-21 00:00:00-03:00,7659.51233674888,7660.01220703125,7659.51233674888,7660.01220703125,2,0.0,0.0
2020-10-22 00:00:00-03:00,7660.01220703125,7660.01220703125,7660.01220703125,7660.01220703125,0,0.0,0.0
2020-10-23 00:00:00-03:00,3988.9644299523306,4089.9382162744323,3922.481689453125,3922.481689453125,20,0.0,0.0
2020-10-26 00:00:00-03:00,3881.9921442524337,3881.9921442524337,3459.601806640625,3459.601806640625,21,0.0,0.0
2020-10-27 00:00:00-03:00,3533.583029356374,3533.583029356374,3495.093017578125,3495.093017578125,5,0.0,0.0
2020-10-28 00:00:00-03:00,3321.137442066757,3321.137442066757,3163.178466796875,3163.178466796875,5,0.0,0.0
2020-10-29 00:00:00-03:00,3099.195513151202,3299.14361077386,3099.195513151202,3255.155029296875,161,0.0,0.0
2020-10-30 00:00:00-03:00,3179.175253848294,3200.669677734375,3179.175253848294,3200.669677734375,4,0.0,0.0
2020-11-02 00:00:00-03:00,3200.669677734375,3200.669677734375,3200.669677734375,3200.669677734375,0,0.0,0.0
2020-11-03 00:00:00-03:00,3200.669677734375,3200.669677734375,3200.669677734375,3200.669677734375,0,0.0,0.0
2020-11-04 00:00:00-03:00,3387.121261754545,3420.61257293187,3382.12255859375,3382.12255859375,30,0.0,0.0
2020-11-05 00:00:00-03:00,3395.1184538303264,3493.0930146299056,3395.1184538303264,3477.09716796875,42,0.0,0.0
2020-11-06 00:00:00-03:00,3451.103759765625,3451.103759765625,3451.103759765625,3451.103759765625,1,0.0,0.0
2020-11-09 00:00:00-03:00,3653.05176796875,3749.02685546875,3599.0657812500003,3749.02685546875,23,0.0,0.0
2020-11-10 00:00:00-03:00,3780.018520055371,3841.002685546875,3758.5241010706604,3841.002685546875,75,0.0,0.0
2020-11-11 00:00:00-03:00,3779.51904296875,3779.51904296875,3779.51904296875,3779.51904296875,10,0.0,0.0
2020-11-12 00:00:00-03:00,3621.1708984375,3621.1708984375,3621.1708984375,3621.1708984375,4,171.75937,0.0
2020-11-13 00:00:00-03:00,3621.1708984375,3621.1708984375,3621.1708984375,3621.1708984375,0,0.0,0.0
2020-11-16 00:00:00-03:00,3621.1708984375,3621.1708984375,3621.1708984375,3621.1708984375,0,0.0,0.0
2020-11-17 00:00:00-03:00,3830.1240234375,3830.1240234375,3830.1240234375,3830.1240234375,6,0.0,0.0
2020-11-18 00:00:00-03:00,3900.107040616009,3909.10498046875,3900.107040616009,3909.10498046875,9,0.0,0.0
2020-11-19 00:00:00-03:00,3880.6116792287717,3880.6116792287717,3873.61328125,3873.61328125,11,0.0,0.0
2020-11-20 00:00:00-03:00,3873.61328125,3873.61328125,3873.61328125,3873.61328125,0,0.0,0.0
2020-11-24 00:00:00-03:00,4000.5844231047913,4000.5844231047913,3919.6029565868635,3948.096435546875,80,0.0,0.0
2020-11-25 00:00:00-03:00,3999.084433354797,3999.084433354797,3881.611328125,3881.611328125,18,0.0,0.0
2020-11-26 00:00:00-03:00,3881.611328125,3881.611328125,3881.611328125,3881.611328125,0,0.0,0.0
2020-11-27 00:00:00-03:00,3910.60498046875,3910.60498046875,3910.60498046875,3910.60498046875,1,0.0,0.0
2020-11-30 00:00:00-03:00,3879.112060546875,3879.112060546875,3879.112060546875,3879.112060546875,5,0.0,0.0
2020-12-01 00:00:00-03:00,3899.10791015625,3899.10791015625,3899.10791015625,3899.10791015625,1,0.0,0.0
2020-12-02 00:00:00-03:00,3899.1081608611526,3899.1081608611526,3867.115478515625,3867.115478515625,9,0.0,0.0
2020-12-03 00:00:00-03:00,3867.115478515625,3867.115478515625,3867.115478515625,3867.115478515625,0,0.0,0.0
2020-12-04 00:00:00-03:00,3868.114990234375,3868.114990234375,3868.114990234375,3868.114990234375,1,0.0,0.0
2020-12-09 00:00:00-03:00,3868.1148430460557,3868.1148430460557,3814.127197265625,3814.127197265625,8,0.0,0.0
2020-12-10 00:00:00-03:00,3783.134033203125,3783.134033203125,3783.134033203125,3783.134033203125,7,0.0,0.0
2020-12-11 00:00:00-03:00,3794.131103515625,3794.131103515625,3794.131103515625,3794.131103515625,4,0.0,0.0
2020-12-14 00:00:00-03:00,3794.131103515625,3794.131103515625,3794.131103515625,3794.131103515625,0,0.0,0.0
2020-12-15 00:00:00-03:00,3794.131103515625,3794.131103515625,3794.131103515625,3794.131103515625,0,0.0,0.0
2020-12-16 00:00:00-03:00,3802.1298237013657,3802.1298237013657,3749.141950796771,3774.13623046875,82,0.0,0.0
2020-12-17 00:00:00-03:00,3752.641543384583,3781.6349108437953,3752.641543384583,3780.13525390625,395,0.0,0.0
2020-12-18 00:00:00-03:00,3780.13525390625,3780.13525390625,3780.13525390625,3780.13525390625,0,0.0,0.0
2020-12-21 00:00:00-03:00,3780.13525390625,3780.13525390625,3780.13525390625,3780.13525390625,0,0.0,0.0
2020-12-22 00:00:00-03:00,3780.13525390625,3780.13525390625,3780.13525390625,3780.13525390625,0,0.0,0.0
2020-12-23 00:00:00-03:00,3799.130126953125,3799.130126953125,3799.130126953125,3799.130126953125,14,0.0,0.0
2020-12-28 00:00:00-03:00,3799.130126953125,3799.130126953125,3799.130126953125,3799.130126953125,41,0.0,0.0
2020-12-29 00:00:00-03:00,3789.132938802083,3789.132938802083,3749.14208984375,3749.14208984375,30,0.0,0.0
2020-12-30 00:00:00-03:00,3747.642578125,3747.642578125,3747.642578125,3747.642578125,1,0.0,0.0
2021-01-04 00:00:00-03:00,3723.648193359375,3723.648193359375,3723.648193359375,3723.648193359375,50,0.0,0.0
2021-01-05 00:00:00-03:00,3719.148856757199,3819.1259765625,3719.148856757199,3819.1259765625,90,0.0,0.0
2021-01-06 00:00:00-03:00,3909.1053347168277,3973.590576171875,3909.1053347168277,3973.590576171875,3,0.0,0.0
2021-01-07 00:00:00-03:00,3999.0846797631016,3999.0846797631016,3977.589599609375,3977.589599609375,78,0.0,0.0
2021-01-08 00:00:00-03:00,3960.0933609153194,3964.0924453494677,3960.0933609153194,3961.593017578125,10,0.0,0.0
2021-01-11 00:00:00-03:00,3959.093505859375,3959.093505859375,3959.093505859375,3959.093505859375,1,0.0,0.0
2021-01-12 00:00:00-03:00,3914.1044921875,3914.1044921875,3914.1044921875,3914.1044921875,1,0.0,0.0
2021-01-13 00:00:00-03:00,3899.107930232981,3899.107930232981,3860.616736562732,3866.115478515625,7,0.0,0.0
2021-01-14 00:00:00-03:00,3949.096435546875,3949.096435546875,3949.096435546875,3949.096435546875,15,0.0,0.0
2021-01-15 00:00:00-03:00,3914.1044921875,3914.1044921875,3914.1044921875,3914.1044921875,2,0.0,0.0
2021-01-18 00:00:00-03:00,3914.1044921875,3914.1044921875,3914.1044921875,3914.1044921875,4,0.0,0.0
2021-01-19 00:00:00-03:00,3914.1044921875,3914.1044921875,3914.1044921875,3914.1044921875,25,0.0,0.0
2021-01-20 00:00:00-03:00,3873.113525390625,3873.113525390625,3873.113525390625,3873.113525390625,28,0.0,0.0
2021-01-21 00:00:00-03:00,3873.113544997693,3952.095468088766,3873.113544997693,3927.60107421875,5,0.0,0.0
2021-01-22 00:00:00-03:00,3929.100586689088,3929.100586689088,3851.1184376402966,3897.10791015625,53326,0.0,0.0
2021-01-25 00:00:00-03:00,3897.108766594031,3897.108766594031,3889.110595703125,3889.110595703125,2,0.0,0.0
2021-01-26 00:00:00-03:00,3889.110149472123,3918.103515625,3889.110149472123,3918.103515625,51003,0.0,0.0
2021-01-27 00:00:00-03:00,3918.103515625,3918.103515625,3918.103515625,3918.103515625,0,0.0,0.0
2021-01-28 00:00:00-03:00,3901.606668337427,3959.093505859375,3897.607583988074,3959.093505859375,40,0.0,0.0
2021-01-29 00:00:00-03:00,3989.087646484375,3989.087646484375,3989.087646484375,3989.087646484375,8,0.0,0.0
2021-02-01 00:00:00-03:00,3813.6274876209845,3824.6249715281365,3795.1317192316837,3810.628173828125,52068,0.0,0.0
2021-02-02 00:00:00-03:00,3859.1165555527655,3889.6095749684027,3729.1463088631644,3732.6455078125,46,0.0,0.0
2021-02-03 00:00:00-03:00,3821.12529709865,3889.609620188984,3821.12529709865,3841.62060546875,51072,0.0,0.0
2021-02-04 00:00:00-03:00,3917.10352157134,3945.097114885275,3913.1044368122066,3940.59814453125,50838,0.0,0.0
2021-02-05 00:00:00-03:00,3987.586981848515,3993.085722828875,3959.093505859375,3959.093505859375,242,0.0,0.0
2021-02-08 00:00:00-03:00,4149.050713160529,4149.050713160529,3899.107899114714,3979.089599609375,39,0.0,0.0
2021-02-09 00:00:00-03:00,4026.0781985543877,4026.0781985543877,3904.6060105423794,3909.10498046875,20,0.0,0.0
2021-02-10 00:00:00-03:00,3909.10498046875,3909.10498046875,3909.10498046875,3909.10498046875,0,0.0,0.0
2021-02-11 00:00:00-03:00,3899.107930232981,3899.107930232981,3853.118452081515,3866.115478515625,77561,0.0,0.0
2021-02-12 00:00:00-03:00,3869.1146660820787,3869.1146660820787,3832.123130514886,3834.62255859375,151,0.0,0.0
2021-02-17 00:00:00-03:00,3834.122355365995,3834.122355365995,3726.147071303537,3743.64306640625,48736,0.0,0.0
2021-02-18 00:00:00-03:00,3739.143804536508,3739.143804536508,3634.1678421096813,3698.653076171875,956,0.0,0.0
2021-02-19 00:00:00-03:00,3698.653076171875,3698.653076171875,3698.653076171875,3698.653076171875,0,0.0,0.0
2021-02-22 00:00:00-03:00,3607.1748330100786,3638.667628808254,3447.21142578125,3447.21142578125,7731,0.0,0.0
2021-02-23 00:00:00-03:00,3574.1818751183223,3645.665512620689,3574.1818751183223,3630.6689453125,71,0.0,0.0
2021-02-24 00:00:00-03:00,3630.6689453125,3630.6689453125,3630.6689453125,3630.6689453125,0,0.0,0.0
2021-02-25 00:00:00-03:00,3825.2473250568587,3833.2457512462092,3806.750964493986,3832.745849609375,512,171.75937,0.0
2021-02-26 00:00:00-03:00,3832.245301527241,3832.245301527241,3732.764892578125,3732.764892578125,364,0.0,0.0
2021-03-01 00:00:00-03:00,3732.765611259518,3829.2466294693863,3732.765611259518,3828.246826171875,7,0.0,0.0
2021-03-02 00:00:00-03:00,3913.729568058894,3926.227107872596,3899.232421875,3899.232421875,6,0.0,0.0
2021-03-03 00:00:00-03:00,3916.229248046875,3916.229248046875,3916.229248046875,3916.229248046875,17,0.0,0.0
2021-03-04 00:00:00-03:00,3809.250192078849,3831.2458624793044,3774.257080078125,3774.257080078125,36244,0.0,0.0
2021-03-05 00:00:00-03:00,3864.2392578125,3864.2392578125,3864.2392578125,3864.2392578125,10,0.0,0.0
2021-03-08 00:00:00-03:00,3899.2328215753214,4076.6979051213775,3899.2328215753214,4045.2041015625,3313,0.0,0.0
2021-03-09 00:00:00-03:00,4028.207708723702,4060.201416015625,4026.708003694393,4060.201416015625,1730,0.0,0.0
2021-03-10 00:00:00-03:00,4077.197631255087,4109.191335080532,3992.21435546875,3992.21435546875,1842,0.0,0.0
2021-03-11 00:00:00-03:00,4167.1796875,4167.1796875,4167.1796875,4167.1796875,2,0.0,0.0
2021-03-12 00:00:00-03:00,4060.701416015625,4060.701416015625,4060.701416015625,4060.701416015625,1,0.0,0.0
2021-03-15 00:00:00-03:00,3982.2158887196283,4094.6937414640315,3982.2158887196283,4089.19482421875,46,0.0,0.0
2021-03-16 00:00:00-03:00,4005.211174374535,4051.702018011184,4005.211174374535,4031.2060546875,9,0.0,0.0
2021-03-17 00:00:00-03:00,4028.206983936395,4029.206787109375,4028.206983936395,4029.206787109375,16,0.0,0.0
2021-03-18 00:00:00-03:00,4119.189958492484,4171.179734667631,4057.2021484375,4057.2021484375,25,0.0,0.0
2021-03-19 00:00:00-03:00,4057.2021484375,4057.2021484375,4057.2021484375,4057.2021484375,0,0.0,0.0
2021-03-22 00:00:00-03:00,3969.2195208740236,3999.213623046875,3966.2201106567386,3999.213623046875,40,0.0,0.0
2021-03-23 00:00:00-03:00,3934.725472606489,3934.725472606489,3924.2275390625,3924.2275390625,14,0.0,0.0
2021-03-25 00:00:00-03:00,3870.7383452071767,3915.7294921875,3851.7420831488175,3915.7294921875,26,0.0,0.0
2021-03-26 00:00:00-03:00,4000.713070456904,4000.713070456904,3988.7154303605694,3989.21533203125,30,0.0,0.0
2021-03-29 00:00:00-03:00,3966.2195003666247,4024.707990603945,3966.2195003666247,3978.717041015625,5,0.0,0.0
2021-03-30 00:00:00-03:00,3990.214618659238,4036.20556640625,3990.214618659238,4036.20556640625,179,0.0,0.0
2021-03-31 00:00:00-03:00,3965.2192947400936,4034.205712122107,3965.2192947400936,4033.705810546875,13,0.0,0.0
2021-04-05 00:00:00-03:00,4061.2003441220236,4094.19384765625,4061.2003441220236,4094.19384765625,126,0.0,0.0
2021-04-06 00:00:00-03:00,4092.1937699832524,4121.687959139008,4087.1947548721073,4104.19140625,7,0.0,0.0
2021-04-07 00:00:00-03:00,4099.192961882707,4099.192961882707,4094.69384765625,4094.69384765625,4,0.0,0.0
2021-04-08 00:00:00-03:00,4163.180467248679,4163.180467248679,4162.1806640625,4162.1806640625,2,0.0,0.0
2021-04-09 00:00:00-03:00,4218.670279864029,4272.659661334027,4218.670279864029,4267.66064453125,7,0.0,0.0
2021-04-12 00:00:00-03:00,4306.15234375,4306.15234375,4306.15234375,4306.15234375,32,0.0,0.0
2021-04-13 00:00:00-03:00,4300.154127332899,4319.150390625,4300.154127332899,4319.150390625,150,0.0,0.0
2021-04-14 00:00:00-03:00,4293.154912160668,4378.13818359375,4293.154912160668,4378.13818359375,17,0.0,0.0
2021-04-15 00:00:00-03:00,4364.141703175975,4367.14111328125,4364.141703175975,4367.14111328125,9,0.0,0.0
2021-04-16 00:00:00-03:00,4399.134262884396,4399.134262884396,4389.13623046875,4389.13623046875,6,0.0,0.0
2021-04-19 00:00:00-03:00,4395.135285235374,4421.130170907831,4371.140006153106,4417.630859375,5102,0.0,0.0
2021-04-20 00:00:00-03:00,4355.143213007372,4390.63623046875,4335.647048486334,4390.63623046875,8,0.0,0.0
2021-04-21 00:00:00-03:00,4424.130377155932,4489.117603035059,4424.130377155932,4429.12939453125,5020,0.0,0.0
2021-04-22 00:00:00-03:00,4452.123981592585,4494.115719123887,4452.123981592585,4491.6162109375,1998,0.0,0.0
2021-04-23 00:00:00-03:00,4289.155254871673,4338.6455078125,4249.163131283126,4338.6455078125,59,0.0,0.0
2021-04-26 00:00:00-03:00,4299.154219238903,4313.6513671875,4270.159923341711,4313.6513671875,54,0.0,0.0
2021-04-27 00:00:00-03:00,4312.650431704326,4337.6455078125,4312.650431704326,4337.6455078125,7,0.0,0.0
2021-04-28 00:00:00-03:00,4384.13720703125,4384.13720703125,4384.13720703125,4384.13720703125,2,0.0,0.0
2021-04-29 00:00:00-03:00,4390.135073575107,4399.13330078125,4386.135861483487,4399.13330078125,15,0.0,0.0
2021-04-30 00:00:00-03:00,4407.633107461735,4409.1328125,4386.637236926021,4409.1328125,54240,0.0,0.0
2021-05-03 00:00:00-03:00,4425.628586170285,4526.108801444229,4405.132621860675,4471.11962890625,10506,0.0,0.0
2021-05-04 00:00:00-03:00,4439.12540803809,4529.107679822647,4437.625703508348,4508.11181640625,20842,0.0,0.0
2021-05-05 00:00:00-03:00,4499.114767182309,4558.603062437275,4499.114767182309,4514.11181640625,38,0.0,0.0
2021-05-06 00:00:00-03:00,4530.109083345687,4543.1065271954985,4499.115178780753,4531.10888671875,264,0.0,0.0
2021-05-07 00:00:00-03:00,4573.10006892121,4573.10006892121,4519.110693380819,4553.10400390625,36,0.0,0.0
2021-05-10 00:00:00-03:00,4602.594037767493,4602.594037767493,4599.0947265625,4599.0947265625,13,0.0,0.0
2021-05-11 00:00:00-03:00,4599.0947265625,4599.0947265625,4599.0947265625,4599.0947265625,0,0.0,0.0
2021-05-12 00:00:00-03:00,4350.142282428296,4370.138339805581,4346.642972387272,4348.642578125,8,0.0,0.0
2021-05-13 00:00:00-03:00,4460.241661206879,4488.73681640625,4454.242681164906,4488.73681640625,49,171.75937,0.0
2021-05-14 00:00:00-03:00,4497.2356313798355,4536.22900390625,4497.2356313798355,4536.22900390625,34,0.0,0.0
2021-05-17 00:00:00-03:00,4503.733670210125,4562.7236328125,4503.733670210125,4562.7236328125,18,0.0,0.0
2021-05-18 00:00:00-03:00,4499.23333608065,4538.726606475136,4499.23333608065,4501.73291015625,72,0.0,0.0
2021-05-19 00:00:00-03:00,4449.242492115826,4530.7286186568235,4449.242492115826,4522.72998046875,21,0.0,0.0
2021-05-20 00:00:00-03:00,4517.231631344676,4587.2197265625,4517.231631344676,4587.2197265625,5,0.0,0.0
2021-05-21 00:00:00-03:00,4587.2197265625,4587.2197265625,4587.2197265625,4587.2197265625,0,0.0,0.0
2021-05-26 00:00:00-03:00,4599.216637143011,4629.211528254814,4599.216637143011,4621.212890625,4,0.0,0.0
2021-05-27 00:00:00-03:00,4725.695331325302,4771.6875,4721.196097433211,4771.6875,32,0.0,0.0
2021-05-28 00:00:00-03:00,4780.186885516513,4785.18603515625,4780.186885516513,4785.18603515625,22,0.0,0.0
2021-05-31 00:00:00-03:00,4799.18310546875,4799.18310546875,4799.18310546875,4799.18310546875,3,0.0,0.0
2021-06-01 00:00:00-03:00,4843.67601726853,4853.67431640625,4843.67601726853,4853.67431640625,12,0.0,0.0
2021-06-02 00:00:00-03:00,4853.174190492192,4858.17333984375,4828.178443734404,4858.17333984375,41,0.0,0.0
2021-06-03 00:00:00-03:00,4852.67453860165,4852.67453860165,4800.683382527212,4805.1826171875,90,0.0,0.0
2021-06-04 00:00:00-03:00,4780.686386570786,4824.6788995916195,4780.686386570786,4817.18017578125,6975,0.0,0.0
2021-06-07 00:00:00-03:00,4794.183606532232,4794.183606532232,4757.189906127291,4774.18701171875,10499,0.0,0.0
2021-06-08 00:00:00-03:00,4786.18603515625,4786.18603515625,4786.18603515625,4786.18603515625,4,0.0,0.0
2021-06-09 00:00:00-03:00,4755.191936621803,4769.189557965938,4749.69287109375,4749.69287109375,11,0.0,0.0
2021-06-10 00:00:00-03:00,4657.708388574082,4657.708388574082,4642.7109375,4642.7109375,72,0.0,0.0
2021-06-11 00:00:00-03:00,4695.201292376285,4695.201292376285,4645.2097965034545,4667.2060546875,301,0.0,0.0
2021-06-14 00:00:00-03:00,4631.7109090045915,4631.7109090045915,4586.718574216636,4617.21337890625,7447,0.0,0.0
2021-06-15 00:00:00-03:00,4587.2198115873925,4587.7197265625,4587.2198115873925,4587.7197265625,22,0.0,0.0
2021-06-16 00:00:00-03:00,4583.220018879282,4583.220018879282,4551.225463773668,4567.72265625,99,0.0,0.0
2021-06-17 00:00:00-03:00,4489.236333751108,4546.226639101623,4489.236333751108,4512.232421875,7391,0.0,0.0
2021-06-18 00:00:00-03:00,4482.737027188075,4544.226561518859,4449.242727999763,4478.23779296875,4628,0.0,0.0
2021-06-22 00:00:00-03:00,4478.23779296875,4478.23779296875,4478.23779296875,4478.23779296875,0,0.0,0.0
2021-06-23 00:00:00-03:00,4494.235410582566,4619.214148362948,4494.235410582566,4557.724609375,16591,0.0,0.0
2021-06-24 00:00:00-03:00,4557.22403681971,4612.7145883869525,4555.224377303773,4611.21484375,45,0.0,0.0
2021-06-25 00:00:00-03:00,4611.21484375,4611.21484375,4611.21484375,4611.21484375,0,0.0,0.0
2021-06-28 00:00:00-03:00,4599.216716818478,4662.705904104993,4599.216716818478,4610.21484375,26,0.0,0.0
2021-06-29 00:00:00-03:00,4609.215713148201,4619.214011875203,4598.217584548498,4605.71630859375,22,0.0,0.0
2021-06-30 00:00:00-03:00,4679.204466632594,4710.199197073964,4679.204466632594,4707.19970703125,27,0.0,0.0
2021-07-01 00:00:00-03:00,4660.206711561142,4752.191053432763,4660.206711561142,4715.697265625,35,0.0,0.0
2021-07-02 00:00:00-03:00,4699.200559129902,4793.1845703125,4699.200559129902,4793.1845703125,23,0.0,0.0
2021-07-05 00:00:00-03:00,4799.18310546875,4799.18310546875,4799.18310546875,4799.18310546875,4,0.0,0.0
2021-07-06 00:00:00-03:00,4706.199144184376,4765.189105838695,4690.701781376885,4740.193359375,20072,0.0,0.0
2021-07-07 00:00:00-03:00,4779.18701171875,4779.18701171875,4779.18701171875,4779.18701171875,8,0.0,0.0
2021-07-08 00:00:00-03:00,4779.187055588565,4796.684079327645,4758.1906271016705,4785.18603515625,487,0.0,0.0
2021-07-12 00:00:00-03:00,4868.6715174684905,4868.6715174684905,4809.181640625,4809.181640625,12,0.0,0.0
2021-07-13 00:00:00-03:00,4805.681743552265,4807.681403073145,4797.68310546875,4797.68310546875,14,0.0,0.0
2021-07-14 00:00:00-03:00,4799.183282208589,4912.164055310583,4799.183282208589,4889.16796875,18,0.0,0.0
2021-07-15 00:00:00-03:00,5020.146348496262,5091.13427734375,5020.146348496262,5091.13427734375,13733,0.0,0.0
2021-07-16 00:00:00-03:00,5099.132648349022,5110.130777590559,5032.14404296875,5032.14404296875,71,0.0,0.0
2021-07-19 00:00:00-03:00,4809.181329587297,4964.154948316202,4809.181329587297,4887.66796875,14,0.0,0.0
2021-07-20 00:00:00-03:00,4980.152683969245,4983.152173640377,4980.152683969245,4982.15234375,30,0.0,0.0
2021-07-21 00:00:00-03:00,5199.115971852622,5199.115971852622,5166.12158203125,5166.12158203125,7,0.0,0.0
2021-07-22 00:00:00-03:00,5250.1062891185165,5252.605863622954,5216.611990759067,5229.10986328125,55,0.0,0.0
2021-07-23 00:00:00-03:00,5109.12976839237,5144.123807901907,5087.133514986376,5137.125,225,0.0,0.0
2021-07-26 00:00:00-03:00,5121.129885634391,5198.116805039672,5121.129885634391,5190.1181640625,62,0.0,0.0
2021-07-27 00:00:00-03:00,5222.111811429538,5251.106879882813,5199.11572265625,5199.11572265625,10379,0.0,0.0
2021-07-28 00:00:00-03:00,5223.610231937786,5240.107421875,5221.110657704875,5240.107421875,8662,0.0,0.0
2021-07-29 00:00:00-03:00,5295.600267113676,5324.5953407937095,5265.1054482432955,5285.10205078125,63,0.0,0.0
2021-07-30 00:00:00-03:00,5326.593832107295,5326.593832107295,5305.597404050186,5315.595703125,21,0.0,0.0
2021-08-02 00:00:00-03:00,5293.100543092852,5335.5933222922185,5284.102072203574,5287.1015625,49,0.0,0.0
2021-08-03 00:00:00-03:00,5239.107897160171,5273.602023582313,5231.609174024923,5259.1044921875,19977,0.0,0.0
2021-08-04 00:00:00-03:00,5349.089959175739,5349.089959175739,5111.130443234836,5143.125,106,0.0,0.0
2021-08-05 00:00:00-03:00,5119.128813891886,5119.128813891886,5079.135620033357,5095.6328125,27,0.0,0.0
2021-08-06 00:00:00-03:00,5095.6328125,5095.6328125,5095.6328125,5095.6328125,0,0.0,0.0
2021-08-09 00:00:00-03:00,5069.137050653595,5069.137050653595,5046.640880310458,5048.140625,33,0.0,0.0
2021-08-10 00:00:00-03:00,5071.63640675163,5139.124914874988,5071.63640675163,5138.625,17,0.0,0.0
2021-08-11 00:00:00-03:00,5209.11474609375,5209.11474609375,5209.11474609375,5209.11474609375,1,0.0,0.0
2021-08-12 00:00:00-03:00,5118.243348443043,5138.740318289318,5073.25,5073.25,15,171.75937,0.0
2021-08-13 00:00:00-03:00,5139.740465265853,5167.736328125,5119.243494243978,5167.736328125,12,0.0,0.0
2021-08-17 00:00:00-03:00,5135.241442641229,5135.241442641229,5044.2548828125,5044.2548828125,36,0.0,0.0
2021-08-18 00:00:00-03:00,5122.242722997239,5122.242722997239,5087.747822754528,5102.74560546875,153,0.0,0.0
2021-08-19 00:00:00-03:00,5061.252232577973,5129.2421875,5061.252232577973,5129.2421875,12323,0.0,0.0
2021-08-20 00:00:00-03:00,5076.74939301258,5079.2490234375,5076.74939301258,5079.2490234375,364,0.0,0.0
2021-08-23 00:00:00-03:00,5174.235036406541,5174.235036406541,5079.749005306943,5102.74560546875,13,0.0,0.0
2021-08-24 00:00:00-03:00,5099.247378366049,5099.247378366049,5068.251953125,5068.251953125,20,0.0,0.0
2021-08-25 00:00:00-03:00,5089.246243843306,5128.240468501438,5074.24846512864,5106.74365234375,110,0.0,0.0
2021-08-26 00:00:00-03:00,5106.74365234375,5106.74365234375,5106.74365234375,5106.74365234375,0,0.0,0.0
2021-08-27 00:00:00-03:00,5149.2390615930635,5174.235367717302,5139.240539143369,5167.736328125,35,0.0,0.0
2021-08-30 00:00:00-03:00,5109.7448979167675,5167.736328125,5109.7448979167675,5167.736328125,15,0.0,0.0
2021-08-31 00:00:00-03:00,5105.244022485502,5132.240024954579,5105.244022485502,5107.74365234375,27,0.0,0.0
2021-09-01 00:00:00-03:00,5124.241758541748,5124.241758541748,5067.2501916662595,5114.7431640625,30,0.0,0.0
2021-09-02 00:00:00-03:00,5083.748074902506,5123.242233415369,5083.748074902506,5103.7451171875,27,0.0,0.0
2021-09-03 00:00:00-03:00,5099.2463024311355,5099.2463024311355,5052.753174379557,5090.74755859375,12,0.0,0.0
2021-09-06 00:00:00-03:00,4999.261251689706,4999.261251689706,4900.27587890625,4900.27587890625,5,0.0,0.0
2021-09-07 00:00:00-03:00,4936.27001953125,4936.27001953125,4936.27001953125,4936.27001953125,1,0.0,0.0
2021-09-08 00:00:00-03:00,4956.2671306725615,5012.2588513337805,4956.2671306725615,4986.2626953125,459,0.0,0.0
2021-09-09 00:00:00-03:00,5016.2578125,5016.2578125,5016.2578125,5016.2578125,23,0.0,0.0
2021-09-10 00:00:00-03:00,5016.258143800281,5089.247349400724,4955.76708984375,4955.76708984375,12,0.0,0.0
2021-09-13 00:00:00-03:00,5036.256302315848,5039.255859375,5017.259107607887,5039.255859375,17795,0.0,0.0
2021-09-14 00:00:00-03:00,4986.762371299466,4986.762371299466,4946.268361066358,4964.765625,8,0.0,0.0
2021-09-15 00:00:00-03:00,4964.765625,4964.765625,4964.765625,4964.765625,0,0.0,0.0
2021-09-16 00:00:00-03:00,4916.273231299634,4956.767245102285,4709.303827419418,4815.7880859375,16,0.0,0.0
2021-09-17 00:00:00-03:00,4963.26688034188,4972.26555115636,4963.26688034188,4971.765625,32,0.0,0.0
2021-09-20 00:00:00-03:00,4953.7681606582755,4990.7626953125,4953.7681606582755,4990.7626953125,6,0.0,0.0
2021-09-21 00:00:00-03:00,5028.257188725065,5038.755637816656,5012.2595520140685,5037.255859375,148,0.0,0.0
2021-09-22 00:00:00-03:00,5081.248603660245,5131.2412109375,5053.752669657754,5131.2412109375,33,0.0,0.0
2021-09-23 00:00:00-03:00,5196.730750873249,5247.22327668741,5194.231120882449,5221.72705078125,32,0.0,0.0
2021-09-24 00:00:00-03:00,5259.222137318059,5283.2185881347195,5237.22539073612,5272.22021484375,46,0.0,0.0
2021-09-27 00:00:00-03:00,5253.722419280395,5264.720791458924,5239.22456504506,5242.22412109375,61,0.0,0.0
2021-09-28 00:00:00-03:00,5239.725533921768,5250.223982181701,5182.234031545945,5199.7314453125,52,0.0,0.0
2021-09-29 00:00:00-03:00,5214.22998046875,5214.22998046875,5214.22998046875,5214.22998046875,8,0.0,0.0
2021-09-30 00:00:00-03:00,5205.729625355114,5205.729625355114,5113.243312026515,5114.2431640625,57,0.0,0.0
2021-10-01 00:00:00-03:00,5180.234114753667,5350.208984375,5180.234114753667,5350.208984375,10,0.0,0.0
2021-10-04 00:00:00-03:00,5237.225866741851,5237.225866741851,5119.243306169965,5153.23828125,12,0.0,0.0
2021-10-05 00:00:00-03:00,5212.22994753233,5212.22994753233,5148.239401466328,5165.73681640625,63,0.0,0.0
2021-10-06 00:00:00-03:00,5164.2376504965505,5190.233812919186,5164.2376504965505,5189.73388671875,16,0.0,0.0
2021-10-07 00:00:00-03:00,5235.226198953226,5239.225607814153,5199.7314453125,5199.7314453125,12,0.0,0.0
2021-10-12 00:00:00-03:00,5299.216901885797,5299.216901885797,5116.243940933891,5151.23876953125,29,0.0,0.0
2021-10-13 00:00:00-03:00,5151.238437620285,5195.23193359375,5151.238437620285,5195.23193359375,10,0.0,0.0
2021-10-14 00:00:00-03:00,5259.223350563689,5310.2158203125,5259.223350563689,5310.2158203125,11,0.0,0.0
2021-10-15 00:00:00-03:00,5374.2049007417545,5375.204752816311,5342.209634355943,5369.70556640625,10,0.0,0.0
2021-10-18 00:00:00-03:00,5379.204779969761,5396.202267192713,5366.706627599942,5393.70263671875,126,0.0,0.0
2021-10-19 00:00:00-03:00,5396.202813129165,5400.7021484375,5396.202813129165,5400.7021484375,14,0.0,0.0
2021-10-20 00:00:00-03:00,5434.196713860929,5463.192427697537,5422.19848744578,5460.19287109375,124,0.0,0.0
2021-10-21 00:00:00-03:00,5414.199238161254,5537.680975171948,5414.199238161254,5533.181640625,111,0.0,0.0
2021-10-22 00:00:00-03:00,5713.155764463167,5713.155764463167,5425.6982421875,5425.6982421875,114,0.0,0.0
2021-10-25 00:00:00-03:00,5486.188791868806,5488.688422264227,5412.199732164361,5448.6943359375,834,0.0,0.0
2021-10-26 00:00:00-03:00,5512.184659510055,5537.18096215612,5484.188800546463,5506.185546875,9518,0.0,0.0
2021-10-27 00:00:00-03:00,5399.7018129173775,5460.19287109375,5398.701960716115,5460.19287109375,25,0.0,0.0
2021-10-28 00:00:00-03:00,5493.688374066524,5648.6654780760455,5493.688374066524,5608.67138671875,34,0.0,0.0
2021-10-29 00:00:00-03:00,5670.66297457214,5769.1484375,5638.66769727578,5769.1484375,22,0.0,0.0
2021-11-01 00:00:00-03:00,5815.140306244676,5918.62500736165,5721.1542008824,5869.13232421875,459,0.0,0.0
2021-11-02 00:00:00-03:00,5929.6231833071215,6035.6075113453235,5929.6231833071215,6029.6083984375,24,0.0,0.0
2021-11-03 00:00:00-03:00,6025.108769277851,6029.1081776875935,5927.123263239147,6011.11083984375,99,0.0,0.0
2021-11-04 00:00:00-03:00,6011.111808894231,6065.103831129808,5999.1135817307695,6044.10693359375,28,0.0,0.0
2021-11-05 00:00:00-03:00,6044.107243772413,6099.09912109375,6044.107243772413,6099.09912109375,180,0.0,0.0
2021-11-08 00:00:00-03:00,6099.097181222156,6099.097181222156,6046.604951383769,6059.60302734375,117,0.0,0.0
2021-11-09 00:00:00-03:00,6085.100326189343,6094.098995748282,6015.11067406426,6037.107421875,56,0.0,0.0
2021-11-10 00:00:00-03:00,5987.736166645206,6050.22819476833,5987.736166645206,6036.22998046875,24,180.99376,0.0
2021-11-11 00:00:00-03:00,6009.733841397888,6023.732056817499,5955.240788514403,5978.73779296875,782,0.0,0.0
2021-11-12 00:00:00-03:00,5898.747604049968,6052.22802734375,5898.747604049968,6052.22802734375,212,0.0,0.0
2021-11-15 00:00:00-03:00,5876.250927902748,5876.250927902748,5799.2607421875,5799.2607421875,31,0.0,0.0
2021-11-16 00:00:00-03:00,5813.258329273013,5851.75341796875,5813.258329273013,5851.75341796875,8,0.0,0.0
2021-11-17 00:00:00-03:00,5915.244836478554,5915.244836478554,5858.252112394835,5897.7470703125,5,0.0,0.0
2021-11-18 00:00:00-03:00,5957.740688076332,6099.22265625,5831.256808401639,6099.22265625,10,0.0,0.0
2021-11-19 00:00:00-03:00,5959.740081235618,6099.222296038464,5816.758312656356,5920.2451171875,60,0.0,0.0
2021-11-23 00:00:00-03:00,5920.244963019638,6090.223284876307,5847.754208110176,5880.75,259,0.0,0.0
2021-11-24 00:00:00-03:00,5880.74858227444,5899.2462187229785,5751.265127134673,5781.76123046875,225,0.0,0.0
2021-11-25 00:00:00-03:00,5781.76123046875,5781.76123046875,5781.76123046875,5781.76123046875,0,0.0,0.0
2021-11-26 00:00:00-03:00,5682.27509858393,5682.27509858393,5470.302140480852,5473.3017578125,241,0.0,0.0
2021-11-29 00:00:00-03:00,5699.272766223573,5699.272766223573,5465.802557291431,5533.2939453125,83,0.0,0.0
2021-11-30 00:00:00-03:00,5449.304992919656,5507.29759651403,5417.809009933056,5505.2978515625,244,0.0,0.0
2021-12-01 00:00:00-03:00,5432.308102388389,5579.7893181259715,5432.308102388389,5547.29345703125,168,0.0,0.0
2021-12-02 00:00:00-03:00,5577.289381427345,5615.284540354243,5506.298426590245,5602.7861328125,87,0.0,0.0
2021-12-03 00:00:00-03:00,5677.275255001066,5677.275255001066,5554.290954831089,5565.28955078125,104,0.0,0.0
2021-12-06 00:00:00-03:00,5683.775815635883,5713.771993746373,5683.775815635883,5706.27294921875,43,0.0,0.0
2021-12-07 00:00:00-03:00,5796.26130888171,5796.26130888171,5605.785583620029,5662.7783203125,87,0.0,0.0
2021-12-09 00:00:00-03:00,5608.284054014379,5608.284054014379,5449.30434914929,5454.3037109375,27,0.0,0.0
2021-12-10 00:00:00-03:00,5473.301170809659,5515.295808948864,5399.310617897727,5499.2978515625,59,0.0,0.0
2021-12-13 00:00:00-03:00,5599.286134079118,5599.286134079118,5327.3208075667035,5396.31201171875,82,0.0,0.0
2021-12-14 00:00:00-03:00,5379.313532310231,5381.313277117781,5231.3324165515105,5245.83056640625,99,0.0,0.0
2021-12-15 00:00:00-03:00,5206.835200432052,5282.325561955358,5157.341519698229,5227.83251953125,189,0.0,0.0
2021-12-16 00:00:00-03:00,5299.324813315319,5347.318698417043,5283.326851614745,5307.82373046875,11,0.0,0.0
2021-12-17 00:00:00-03:00,5273.3279130415485,5323.821477624142,5264.32905994762,5279.3271484375,37,0.0,0.0
2021-12-20 00:00:00-03:00,5299.324067794811,5299.324067794811,5120.346896448533,5148.84326171875,39,0.0,0.0
2021-12-21 00:00:00-03:00,5237.832816030635,5285.826702671748,5237.832816030635,5282.3271484375,32,0.0,0.0
2021-12-22 00:00:00-03:00,5282.325220503279,5282.325220503279,5209.334544543267,5232.83154296875,134,0.0,0.0
2021-12-23 00:00:00-03:00,5369.314855915306,5369.314855915306,5257.829081905146,5265.328125,122,0.0,0.0
2021-12-27 00:00:00-03:00,5265.327590195324,5265.327590195324,5099.348786554529,5115.8466796875,85,0.0,0.0
2021-12-28 00:00:00-03:00,5121.346578578757,5177.339434572589,5101.34913000953,5147.34326171875,458,0.0,0.0
2021-12-29 00:00:00-03:00,5219.335024491866,5260.829737809186,5184.8394194449365,5208.33642578125,47,0.0,0.0
2021-12-30 00:00:00-03:00,5249.83103443876,5280.3271484375,5209.336194538794,5280.3271484375,34,0.0,0.0
2022-01-03 00:00:00-03:00,5399.311922034439,5399.311922034439,5229.833520037247,5291.32568359375,66,0.0,0.0
2022-01-04 00:00:00-03:00,5290.325309036222,5354.317147966163,5290.325309036222,5344.818359375,27,0.0,0.0
2022-01-05 00:00:00-03:00,5477.802559341569,5555.292693201014,5461.304659874719,5549.29345703125,46,0.0,0.0
2022-01-06 00:00:00-03:00,5605.284596010591,5624.282171344911,5570.2890625,5570.2890625,37,0.0,0.0
2022-01-07 00:00:00-03:00,5569.28952910752,5699.272947201591,5569.28952910752,5687.7744140625,72,0.0,0.0
2022-01-10 00:00:00-03:00,5799.259507860939,5799.259507860939,5634.2805735855845,5644.279296875,22,0.0,0.0
2022-01-11 00:00:00-03:00,5649.279514842377,5689.2744140625,5649.279514842377,5689.2744140625,41,0.0,0.0
2022-01-12 00:00:00-03:00,5689.275030140289,5748.267512878124,5689.275030140289,5701.7734375,101,0.0,0.0
2022-01-13 00:00:00-03:00,5707.271445810764,5764.7641066611695,5707.271445810764,5722.26953125,12,0.0,0.0
2022-01-14 00:00:00-03:00,5628.781447506052,5653.2783203125,5614.283298294073,5653.2783203125,36,0.0,0.0
2022-01-17 00:00:00-03:00,5653.2783203125,5653.2783203125,5653.2783203125,5653.2783203125,0,0.0,0.0
2022-01-18 00:00:00-03:00,5651.778566842401,5651.778566842401,5608.784054967263,5619.28271484375,10,0.0,0.0
2022-01-19 00:00:00-03:00,5565.290469428908,5697.773578879021,5407.810546875,5407.810546875,49,0.0,0.0
2022-01-20 00:00:00-03:00,5499.798199128451,5849.2536069269045,5499.798199128451,5839.2548828125,91,0.0,0.0
2022-01-21 00:00:00-03:00,5770.763965379016,5819.757716449547,5728.769321604274,5746.26708984375,50,0.0,0.0
2022-01-24 00:00:00-03:00,5678.775096755599,5746.266481389986,5678.775096755599,5691.7734375,2178,0.0,0.0
2022-01-25 00:00:00-03:00,5693.773410404375,5693.773410404375,5649.279088380845,5666.77685546875,7,0.0,0.0
2022-01-26 00:00:00-03:00,5808.759089643111,5882.749652106936,5808.759089643111,5830.25634765625,385,0.0,0.0
2022-01-27 00:00:00-03:00,5984.2367504222975,5984.2367504222975,5826.7568359375,5826.7568359375,48,0.0,0.0
2022-01-28 00:00:00-03:00,6117.220257047797,6117.220257047797,6112.220894300945,6113.720703125,44,0.0,0.0
2022-01-31 00:00:00-03:00,5487.80010766522,5687.77460370841,5487.80010766522,5677.77587890625,232,0.0,0.0
2022-02-01 00:00:00-03:00,5685.275223062845,5710.77197265625,5642.280704140632,5710.77197265625,396,0.0,0.0
2022-02-02 00:00:00-03:00,5699.273027442123,5759.265375099408,5657.7783203125,5657.7783203125,16,0.0,0.0
2022-02-03 00:00:00-03:00,5423.3090601296935,5499.299378818827,5330.320906996939,5338.81982421875,75,0.0,0.0
2022-02-04 00:00:00-03:00,5339.318618839617,5347.817534244136,5201.836163766499,5264.828125,24434,0.0,0.0
2022-02-07 00:00:00-03:00,5349.3172780151945,5349.3172780151945,5249.330039173789,5264.328125,15,0.0,0.0
2022-02-08 00:00:00-03:00,5250.330669194909,5250.330669194909,5210.335767887006,5212.83544921875,31,0.0,0.0
2022-02-09 00:00:00-03:00,5249.329367234631,5249.329367234631,5216.333582640585,5220.8330078125,27,0.0,0.0
2022-02-10 00:00:00-03:00,5229.8329536169285,5229.8329536169285,5129.845706630657,5152.8427734375,21,0.0,0.0
2022-02-11 00:00:00-03:00,5199.337260792445,5199.337260792445,4996.863069386585,5002.8623046875,130,0.0,0.0
2022-02-14 00:00:00-03:00,4999.362597015396,4999.362597015396,4951.86865234375,4951.86865234375,13,0.0,0.0
2022-02-15 00:00:00-03:00,4999.36144095493,5037.356587906188,4998.361568666739,5019.35888671875,41,0.0,0.0
2022-02-16 00:00:00-03:00,4964.366096907747,5009.3603515625,4949.368012022829,5009.3603515625,78,0.0,0.0
2022-02-17 00:00:00-03:00,4892.376021886927,4914.373216344625,4892.376021886927,4911.87353515625,58,0.0,0.0
2022-02-18 00:00:00-03:00,4790.889284843454,4790.889284843454,4700.900756066263,4757.3935546875,124,0.0,0.0
2022-02-21 00:00:00-03:00,4769.39111328125,4769.39111328125,4769.39111328125,4769.39111328125,5,0.0,0.0
2022-02-22 00:00:00-03:00,4720.397843582968,4724.397333389011,4600.413149401659,4723.3974609375,167,0.0,0.0
2022-02-23 00:00:00-03:00,4590.414932402482,4630.409834884752,4553.419647606383,4581.916015625,22,0.0,0.0
2022-02-24 00:00:00-03:00,4460.931517066516,4551.919921875,4433.435021107908,4551.919921875,64,0.0,0.0
2022-02-25 00:00:00-03:00,4559.918517930239,4705.89990234375,4559.918517930239,4705.89990234375,24,0.0,0.0
2022-03-02 00:00:00-03:00,4706.39990234375,4706.39990234375,4672.9041732745945,4706.39990234375,90,0.0,0.0
2022-03-03 00:00:00-03:00,4765.891940277814,4829.383839618555,4739.395320867899,4760.892578125,464,0.0,0.0
2022-03-04 00:00:00-03:00,4733.895657763625,4738.89501953125,4631.908677704086,4738.89501953125,41,0.0,0.0
2022-03-07 00:00:00-03:00,4631.408671823636,4649.406373916215,4555.418374099414,4562.41748046875,193,0.0,0.0
2022-03-08 00:00:00-03:00,4569.417223763442,4624.410210045059,4555.9189453125,4555.9189453125,28,0.0,0.0
2022-03-09 00:00:00-03:00,4582.416015625,4582.416015625,4582.416015625,4582.416015625,20,0.0,0.0
2022-03-10 00:00:00-03:00,4489.4272735775785,4489.4272735775785,4405.43798828125,4405.43798828125,201,0.0,0.0
2022-03-11 00:00:00-03:00,4379.440310775267,4379.440310775267,4347.9443359375,4347.9443359375,21,0.0,0.0
2022-03-14 00:00:00-03:00,4347.946183992199,4399.43962505822,4283.9543349004425,4293.453125,47,0.0,0.0
2022-03-15 00:00:00-03:00,4419.435425008342,4599.4124332666,4419.435425008342,4494.92578125,57,0.0,0.0
2022-03-16 00:00:00-03:00,4524.9240063447705,4656.907205734344,4489.4285246907575,4652.90771484375,56,0.0,0.0
2022-03-17 00:00:00-03:00,4619.411160524498,4703.900390625,4619.411160524498,4703.900390625,11,0.0,0.0
2022-03-18 00:00:00-03:00,4666.904371453384,4722.397288992894,4661.405073318837,4713.3984375,35,0.0,0.0
2022-03-21 00:00:00-03:00,4713.397968406161,4786.888581617416,4713.397968406161,4770.890625,6,0.0,0.0
2022-03-22 00:00:00-03:00,4874.87820480942,4874.87820480942,4830.883816334061,4869.37890625,66,0.0,0.0
2022-03-23 00:00:00-03:00,4861.380088682432,4861.380088682432,4809.38671875,4809.38671875,8,0.0,0.0
2022-03-25 00:00:00-03:00,4934.3703723557455,4939.369734435133,4896.875156760337,4936.3701171875,41,0.0,0.0
2022-03-28 00:00:00-03:00,4843.381911683368,4843.381911683368,4801.88720703125,4801.88720703125,464,0.0,0.0
2022-03-29 00:00:00-03:00,4848.881437260918,4848.881437260918,4753.393618463429,4753.8935546875,6,0.0,0.0
2022-03-30 00:00:00-03:00,4753.894618801014,4759.893854832732,4700.9013671875,4700.9013671875,10,0.0,0.0
2022-03-31 00:00:00-03:00,4692.902023975714,4692.902023975714,4643.9082668275705,4644.408203125,9,0.0,0.0
2022-04-01 00:00:00-03:00,4624.409817722395,4629.4091796875,4610.4116042201,4629.4091796875,12,0.0,0.0
2022-04-04 00:00:00-03:00,4609.411451981708,4658.905132431402,4609.411451981708,4611.9111328125,17,0.0,0.0
2022-04-05 00:00:00-03:00,4641.908347577758,4647.907582921962,4577.416567627566,4577.91650390625,18,0.0,0.0
2022-04-06 00:00:00-03:00,4594.91330892534,4594.91330892534,4558.41796875,4558.41796875,8,0.0,0.0
2022-04-07 00:00:00-03:00,4532.922238824721,4577.91650390625,4532.922238824721,4577.91650390625,4,0.0,0.0
2022-04-08 00:00:00-03:00,4576.416736032925,4576.416736032925,4503.925974974943,4551.419921875,19,0.0,0.0
2022-04-11 00:00:00-03:00,4559.417846937077,4559.417846937077,4493.426272836672,4504.9248046875,65,0.0,0.0
2022-04-12 00:00:00-03:00,4577.916288418613,4612.411890024038,4549.419921875,4549.419921875,23,0.0,0.0
2022-04-13 00:00:00-03:00,4629.409456689158,4658.405757821768,4617.410987254974,4635.40869140625,40,0.0,0.0
2022-04-18 00:00:00-03:00,4553.919409705446,4553.919409705446,4514.924381276746,4526.9228515625,513,0.0,0.0
2022-04-19 00:00:00-03:00,4637.9090530709045,4671.40478515625,4637.9090530709045,4671.40478515625,27,0.0,0.0
2022-04-20 00:00:00-03:00,4720.89794921875,4720.89794921875,4720.89794921875,4720.89794921875,43,0.0,0.0
2022-04-21 00:00:00-03:00,4909.37353515625,4909.37353515625,4909.37353515625,4909.37353515625,26,0.0,0.0
2022-04-22 00:00:00-03:00,4948.368761909778,4999.862193156162,4948.368761909778,4968.3662109375,124,0.0,0.0
2022-04-25 00:00:00-03:00,4973.865832144005,5005.36181640625,4973.865832144005,5005.36181640625,13,0.0,0.0
2022-04-26 00:00:00-03:00,5021.358416841161,5021.358416841161,4951.867295779739,5013.859375,19,0.0,0.0
2022-04-27 00:00:00-03:00,4992.363223171175,4992.363223171175,4892.3759765625,4892.3759765625,126,0.0,0.0
2022-04-28 00:00:00-03:00,4885.376612093644,4885.376612093644,4878.87744140625,4878.87744140625,35,0.0,0.0
2022-04-29 00:00:00-03:00,5010.861050056943,5053.355631445234,4934.870739809647,4993.36328125,29,0.0,0.0
2022-05-02 00:00:00-03:00,5129.846425891861,5208.33642578125,5129.846425891861,5208.33642578125,286,0.0,0.0
2022-05-03 00:00:00-03:00,5247.331217717571,5247.331217717571,5114.3481666587995,5129.84619140625,11,0.0,0.0
2022-05-04 00:00:00-03:00,5189.33701739308,5258.828139302294,5189.33701739308,5239.83056640625,102,0.0,0.0
2022-05-05 00:00:00-03:00,5139.8437434164325,5139.8437434164325,5096.349296798669,5116.8466796875,24,0.0,0.0
2022-05-06 00:00:00-03:00,5040.857379725053,5044.35693359375,5040.857379725053,5044.35693359375,2,0.0,0.0
2022-05-09 00:00:00-03:00,5029.858607163945,5038.35752340704,5000.8623046875,5000.8623046875,23,0.0,0.0
2022-05-10 00:00:00-03:00,5019.360668991072,5067.8544921875,5019.360668991072,5067.8544921875,16,0.0,0.0
2022-05-11 00:00:00-03:00,5114.347898535898,5119.347261095561,5001.3623046875,5001.3623046875,51,0.0,0.0
2022-05-12 00:00:00-03:00,4989.485313199279,5029.481187453382,4989.485313199279,5026.9814453125,11,180.99376,0.0
2022-05-13 00:00:00-03:00,5149.469748373951,5149.469748373951,5125.97216796875,5125.97216796875,8,0.0,0.0
2022-05-16 00:00:00-03:00,5150.4692230973815,5192.96484375,5129.971335488471,5192.96484375,401,0.0,0.0
2022-05-17 00:00:00-03:00,5260.457972159921,5281.4558085817725,5217.46240234375,5217.46240234375,9,0.0,0.0
2022-05-19 00:00:00-03:00,5036.981027840847,5122.97216796875,5036.981027840847,5122.97216796875,4,0.0,0.0
2022-05-20 00:00:00-03:00,5015.483185613279,5015.483185613279,4978.9869463240275,4984.986328125,10,0.0,0.0
2022-05-23 00:00:00-03:00,4984.986328125,4984.986328125,4984.986328125,4984.986328125,0,0.0,0.0
2022-05-24 00:00:00-03:00,4975.4873046875,4975.4873046875,4975.4873046875,4975.4873046875,2,0.0,0.0
2022-05-26 00:00:00-03:00,5110.972564180623,5138.4697265625,5110.972564180623,5138.4697265625,2,0.0,0.0
2022-05-27 00:00:00-03:00,5216.463170140479,5216.463170140479,5185.96630859375,5185.96630859375,2,0.0,0.0
2022-05-30 00:00:00-03:00,4990.48583984375,4990.48583984375,4990.48583984375,4990.48583984375,1,0.0,0.0
2022-05-31 00:00:00-03:00,5130.470139628468,5134.4697265625,5130.470139628468,5134.4697265625,91,0.0,0.0
2022-06-01 00:00:00-03:00,5057.47954363633,5057.9794921875,5057.47954363633,5057.9794921875,92,0.0,0.0
2022-06-02 00:00:00-03:00,5077.976650728094,5121.47216796875,5077.976650728094,5121.47216796875,11,0.0,0.0
2022-06-03 00:00:00-03:00,5121.47216796875,5121.47216796875,5121.47216796875,5121.47216796875,0,0.0,0.0
2022-06-06 00:00:00-03:00,5128.471240139008,5128.471240139008,5119.47216796875,5119.47216796875,29,0.0,0.0
2022-06-07 00:00:00-03:00,5062.478764082732,5177.466924831204,5062.478764082732,5173.96728515625,66,0.0,0.0
2022-06-08 00:00:00-03:00,5128.4716796875,5128.4716796875,5128.4716796875,5128.4716796875,10,0.0,0.0
2022-06-09 00:00:00-03:00,5114.973723721087,5281.95654296875,5106.974546751138,5281.95654296875,14,0.0,0.0
2022-06-10 00:00:00-03:00,5193.465001047429,5332.45068359375,5193.465001047429,5332.45068359375,97,0.0,0.0
2022-06-13 00:00:00-03:00,5359.947244411181,5387.944357151319,5359.947244411181,5373.94580078125,192,0.0,0.0
2022-06-14 00:00:00-03:00,5560.426612591495,5560.426612591495,5489.433933308273,5506.93212890625,20,0.0,0.0
2022-06-15 00:00:00-03:00,5554.927198280651,5599.422610092997,5483.4345703125,5483.4345703125,4,0.0,0.0
2022-06-16 00:00:00-03:00,5422.441947017215,5464.9375735612375,5416.442564446294,5432.44091796875,103,0.0,0.0
2022-06-21 00:00:00-03:00,5491.933685042617,5491.933685042617,5426.440438548254,5454.9375,8,0.0,0.0
2022-06-22 00:00:00-03:00,5293.453777528912,5293.453777528912,5252.4580078125,5252.4580078125,22,0.0,0.0
2022-06-23 00:00:00-03:00,5091.974154624797,5219.9609375,5091.974154624797,5219.9609375,29,0.0,0.0
2022-06-24 00:00:00-03:00,5285.455951765019,5285.455951765019,5271.457392679754,5284.4560546875,109,0.0,0.0
2022-06-27 00:00:00-03:00,5329.95094110191,5334.95042608559,5329.95094110191,5332.45068359375,192,0.0,0.0
2022-06-28 00:00:00-03:00,5551.427461036896,5590.923387677918,5488.933906225151,5501.4326171875,408,0.0,0.0
2022-06-29 00:00:00-03:00,5501.433452558074,5501.433452558074,5390.4448823592475,5428.94091796875,375,0.0,0.0
2022-06-30 00:00:00-03:00,5499.432844601289,5499.432844601289,5487.43408203125,5487.43408203125,41,0.0,0.0
2022-07-01 00:00:00-03:00,5522.431334909279,5538.4296875,5522.431334909279,5538.4296875,12,0.0,0.0
2022-07-04 00:00:00-03:00,5599.9213772994835,5779.40283203125,5599.9213772994835,5779.40283203125,23,0.0,0.0
2022-07-05 00:00:00-03:00,5984.38230861871,5985.38220541213,5637.418121301969,5946.38623046875,508,0.0,0.0
2022-07-06 00:00:00-03:00,5899.391794706479,6074.37375471896,5885.893186362659,6033.8779296875,162,0.0,0.0
2022-07-07 00:00:00-03:00,6033.878239846224,6472.8330078125,6033.878239846224,6472.8330078125,370,0.0,0.0
2022-07-08 00:00:00-03:00,6379.3422684314955,6590.320515867083,6359.344330285942,6582.8212890625,145,0.0,0.0
2022-07-11 00:00:00-03:00,6418.838800521377,6479.832517607101,6393.841375486244,6470.33349609375,179,0.0,0.0
2022-07-12 00:00:00-03:00,6492.330751556049,6579.321784265949,6399.34033727995,6418.33837890625,1406,0.0,0.0
2022-07-13 00:00:00-03:00,6256.854564561667,6256.854564561667,6164.36410555696,6243.35595703125,375,0.0,0.0
2022-07-14 00:00:00-03:00,6169.364337563553,6293.3515625,6169.364337563553,6293.3515625,23,0.0,0.0
2022-07-15 00:00:00-03:00,6325.848280702902,6479.332468024153,6325.848280702902,6478.83251953125,220,0.0,0.0
2022-07-18 00:00:00-03:00,6472.3331728189205,6521.328125,6469.333481869059,6521.328125,55,0.0,0.0
2022-07-19 00:00:00-03:00,6699.810009562664,6858.793636384612,6659.314180089149,6855.7939453125,1768,0.0,0.0
2022-07-20 00:00:00-03:00,6894.789924920195,6974.28173828125,6866.292859753024,6974.28173828125,1506,0.0,0.0
2022-07-21 00:00:00-03:00,7179.76037856139,7637.71320265179,7179.76037856139,7531.72412109375,49,0.0,0.0
2022-07-22 00:00:00-03:00,7531.724270003627,7531.724270003627,7306.247492985927,7367.2412109375,181,0.0,0.0
2022-07-25 00:00:00-03:00,7367.241193344747,7479.229658824472,7246.253654746116,7409.73681640625,47,0.0,0.0
2022-07-26 00:00:00-03:00,7549.221652506833,7649.711291722322,7477.229075158424,7544.22216796875,85,0.0,0.0
2022-07-27 00:00:00-03:00,7564.2203721968435,7694.2069747593805,7544.2224333410695,7674.708984375,58,0.0,0.0
2022-07-28 00:00:00-03:00,7754.701747034012,7754.701747034012,7334.245027979431,7437.734375,518,0.0,0.0
2022-07-29 00:00:00-03:00,7435.232983582002,7441.232364687635,6857.79255216476,6915.28662109375,379,0.0,0.0
2022-08-01 00:00:00-03:00,6734.3064133409725,6802.7993590445885,6725.307340182833,6755.80419921875,806,0.0,0.0
2022-08-02 00:00:00-03:00,6791.299432847497,6846.793708248415,6777.800825317543,6830.29541015625,530,0.0,0.0
2022-08-03 00:00:00-03:00,6772.30193658118,6958.78271484375,6766.302554974877,6958.78271484375,2708,0.0,0.0
2022-08-04 00:00:00-03:00,6833.795499330879,7077.770347796273,6833.795499330879,7057.2724609375,697,0.0,0.0
2022-08-05 00:00:00-03:00,7011.278017231605,7036.275443134456,6879.291608464552,6889.79052734375,771,0.0,0.0
2022-08-08 00:00:00-03:00,6894.289577672102,6899.2890625,6839.295244565218,6899.2890625,1438,0.0,0.0
2022-08-09 00:00:00-03:00,6963.781814529685,7040.27392578125,6963.781814529685,7040.27392578125,2,0.0,0.0
2022-08-10 00:00:00-03:00,7074.771152641411,7085.77001953125,7074.771152641411,7085.77001953125,8,0.0,0.0
2022-08-11 00:00:00-03:00,7085.39221225264,7182.383892267953,7020.897744613592,7029.89697265625,43,180.99376,0.0
2022-08-12 00:00:00-03:00,7036.896740481801,7171.385211045894,7036.896740481801,7170.88525390625,18,0.0,0.0
2022-08-16 00:00:00-03:00,7179.383493686273,7245.3778266365925,7149.386069617946,7158.88525390625,1032,0.0,0.0
2022-08-17 00:00:00-03:00,7269.875524721156,7269.875524721156,7241.8779296875,7241.8779296875,36,0.0,0.0
2022-08-18 00:00:00-03:00,7339.369548598338,7474.85791015625,7339.369548598338,7474.85791015625,127,0.0,0.0
2022-08-19 00:00:00-03:00,7579.350492757722,7628.846251252644,7579.350492757722,7623.8466796875,16,0.0,0.0
2022-08-22 00:00:00-03:00,7541.353063809199,7541.353063809199,7402.8649440349245,7410.8642578125,1292,0.0,0.0
2022-08-23 00:00:00-03:00,7401.36474609375,7401.36474609375,7401.36474609375,7401.36474609375,672,0.0,0.0
2022-08-24 00:00:00-03:00,7389.365234375,7481.357332015393,7388.3653202702135,7389.365234375,53,0.0,0.0
2022-08-25 00:00:00-03:00,7389.366701120208,7446.36181640625,7389.366701120208,7446.36181640625,12,0.0,0.0
2022-08-26 00:00:00-03:00,7225.8810060662745,7225.8810060662745,7065.394753873146,7079.3935546875,12,0.0,0.0
2022-08-29 00:00:00-03:00,7065.394659754157,7072.3940600680935,7004.89984275513,7066.89453125,36,0.0,0.0
2022-08-30 00:00:00-03:00,7040.396784468114,7072.39404296875,6991.900939553087,7072.39404296875,642,0.0,0.0
2022-08-31 00:00:00-03:00,7062.39453125,7062.39453125,7062.39453125,7062.39453125,2,0.0,0.0
2022-09-01 00:00:00-03:00,6950.4033203125,6950.4033203125,6950.4033203125,6950.4033203125,3,0.0,0.0
2022-09-05 00:00:00-03:00,6950.4033203125,6950.4033203125,6950.4033203125,6950.4033203125,0,0.0,0.0
2022-09-06 00:00:00-03:00,6612.932508934038,6635.930535350532,6563.436756428975,6634.4306640625,36,0.0,0.0
2022-09-07 00:00:00-03:00,6649.430347105429,6708.925250211109,6649.430347105429,6651.43017578125,218,0.0,0.0
2022-09-08 00:00:00-03:00,6562.436287214752,6690.42529296875,6562.436287214752,6690.42529296875,56,0.0,0.0
2022-09-09 00:00:00-03:00,6783.917981697537,6790.4174240854845,6742.421541836022,6749.9208984375,15,0.0,0.0
2022-09-12 00:00:00-03:00,6778.918839374268,6796.9172963561605,6715.924239937646,6726.42333984375,24,0.0,0.0
2022-09-13 00:00:00-03:00,6626.931552384106,6640.430394474967,6511.941416054544,6523.4404296875,100,0.0,0.0
2022-09-14 00:00:00-03:00,6384.4525677079255,6384.4525677079255,6377.953125,6377.953125,123,0.0,0.0
2022-09-15 00:00:00-03:00,6335.955923516877,6578.93505859375,6335.955923516877,6578.93505859375,90,0.0,0.0
2022-09-16 00:00:00-03:00,6600.434093280614,6640.4306640625,6600.434093280614,6640.4306640625,285,0.0,0.0
2022-09-19 00:00:00-03:00,6791.9169921875,6791.9169921875,6786.917421343049,6791.9169921875,290,0.0,0.0
2022-09-20 00:00:00-03:00,6677.926818184631,6677.926818184631,6612.9323968052795,6627.43115234375,2056,0.0,0.0
2022-09-21 00:00:00-03:00,6825.915027779681,6825.915027779681,6728.92333984375,6728.92333984375,674,0.0,0.0
2022-09-22 00:00:00-03:00,6689.4256840810285,6813.4150390625,6689.4256840810285,6813.4150390625,9,0.0,0.0
2022-09-23 00:00:00-03:00,6885.909501147909,6907.907614707084,6632.931195217405,6633.43115234375,105,0.0,0.0
2022-09-26 00:00:00-03:00,6640.430149214629,6640.430149214629,6622.431693758243,6634.4306640625,9,0.0,0.0
2022-09-27 00:00:00-03:00,6565.436940020431,6565.436940020431,6416.94967447169,6530.43994140625,794,0.0,0.0
2022-09-28 00:00:00-03:00,6624.430706626491,6687.42529296875,6609.431995592619,6687.42529296875,19,0.0,0.0
2022-09-29 00:00:00-03:00,6538.938401717557,6549.4375,6538.938401717557,6549.4375,3,0.0,0.0
2022-09-30 00:00:00-03:00,6503.942554215616,6556.438054883818,6498.443025574185,6505.9423828125,72,0.0,0.0
2022-10-03 00:00:00-03:00,6604.433735662454,6674.427734375,6604.433735662454,6674.427734375,22,0.0,0.0
2022-10-04 00:00:00-03:00,6849.411634172081,6908.906523549196,6849.411634172081,6906.40673828125,94,0.0,0.0
2022-10-05 00:00:00-03:00,6940.4046069995775,6985.400746938345,6919.406408361487,6955.4033203125,455,0.0,0.0
2022-10-06 00:00:00-03:00,6891.909074421672,6907.407745535715,6673.927764559659,6736.92236328125,145,0.0,0.0
2022-10-11 00:00:00-03:00,6639.430731055455,6729.4230150607245,6604.933688853434,6617.4326171875,77,0.0,0.0
2022-10-12 00:00:00-03:00,6637.930964073909,6647.430149757227,6637.930964073909,6641.4306640625,7,0.0,0.0
2022-10-13 00:00:00-03:00,6668.928249818034,6965.40283203125,6668.928249818034,6965.40283203125,1627,0.0,0.0
2022-10-14 00:00:00-03:00,6952.9028942040395,6952.9028942040395,6807.915345536521,6839.91259765625,113,0.0,0.0
2022-10-17 00:00:00-03:00,6822.91440129494,6822.91440129494,6798.41650390625,6798.41650390625,4,0.0,0.0
2022-10-18 00:00:00-03:00,6850.912426139396,6850.912426139396,6848.91259765625,6848.91259765625,729,0.0,0.0
2022-10-19 00:00:00-03:00,6848.412229262116,6848.412229262116,6782.417893281491,6792.9169921875,739,0.0,0.0
2022-10-20 00:00:00-03:00,6800.917032292439,6804.916689445886,6710.9247463398815,6744.421875,777,0.0,0.0
2022-10-21 00:00:00-03:00,6846.4133861179635,6878.41064453125,6846.4133861179635,6878.41064453125,15,0.0,0.0
2022-10-24 00:00:00-03:00,6799.417267501232,7156.386674045048,6799.417267501232,7098.8916015625,36,0.0,0.0
2022-10-25 00:00:00-03:00,7167.885540112158,7233.8798828125,7167.885540112158,7233.8798828125,35,0.0,0.0
2022-10-26 00:00:00-03:00,7339.369577863706,7339.369577863706,7264.8759765625,7264.8759765625,22,0.0,0.0
2022-10-27 00:00:00-03:00,7570.350769014525,7602.847982063392,7509.85595703125,7509.85595703125,120,0.0,0.0
2022-10-28 00:00:00-03:00,7828.328708521468,7840.82763671875,7828.328708521468,7840.82763671875,9,0.0,0.0
2022-10-31 00:00:00-03:00,7851.326402796136,7851.326402796136,7829.3282901036355,7848.32666015625,28,0.0,0.0
2022-11-01 00:00:00-03:00,7803.831501256282,7803.831501256282,7660.84375,7660.84375,56,0.0,0.0
2022-11-02 00:00:00-03:00,7759.833726295912,7759.833726295912,7574.849609375,7574.849609375,1328,0.0,0.0
2022-11-03 00:00:00-03:00,7684.340929615254,7839.32763671875,7684.340929615254,7839.32763671875,77,0.0,0.0
2022-11-04 00:00:00-03:00,7849.826309240759,7917.320516727384,7849.826309240759,7908.3212890625,6,0.0,0.0
2022-11-07 00:00:00-03:00,7908.3212890625,7908.3212890625,7908.3212890625,7908.3212890625,0,0.0,0.0
2022-11-08 00:00:00-03:00,8015.81298828125,8015.81298828125,8015.81298828125,8015.81298828125,2,0.0,0.0
2022-11-09 00:00:00-03:00,8027.438929899175,8027.438929899175,8026.438999788325,8026.93896484375,20,190.22812,0.0
2022-11-10 00:00:00-03:00,8229.424876345513,8244.423828125,8229.424876345513,8244.423828125,26,0.0,0.0
2022-11-11 00:00:00-03:00,8210.426171118204,8258.922781677116,8200.926835029344,8257.9228515625,12,0.0,0.0
2022-11-14 00:00:00-03:00,8257.9228515625,8257.9228515625,8257.9228515625,8257.9228515625,0,0.0,0.0
2022-11-15 00:00:00-03:00,8399.414750058671,8521.40625,8399.414750058671,8521.40625,586,0.0,0.0
2022-11-16 00:00:00-03:00,8644.895582114334,8673.8935546875,8644.895582114334,8673.8935546875,3,0.0,0.0
2022-11-17 00:00:00-03:00,8655.3955078125,8655.3955078125,8655.3955078125,8655.3955078125,2,0.0,0.0
2022-11-18 00:00:00-03:00,8878.8818359375,8878.8818359375,8878.8818359375,8878.8818359375,1,0.0,0.0
2022-11-22 00:00:00-03:00,8978.373640036698,9042.869140625,8978.373640036698,9042.869140625,16,0.0,0.0
2022-11-23 00:00:00-03:00,8999.37109375,8999.37109375,8999.37109375,8999.37109375,10,0.0,0.0
2022-11-24 00:00:00-03:00,8999.37109375,8999.37109375,8999.37109375,8999.37109375,0,0.0,0.0
2022-11-25 00:00:00-03:00,9050.86826821188,9050.86826821188,9038.369140625,9038.369140625,36,0.0,0.0
2022-11-28 00:00:00-03:00,9038.369140625,9038.369140625,9038.369140625,9038.369140625,0,0.0,0.0
2022-11-29 00:00:00-03:00,8704.3916015625,8704.3916015625,8704.3916015625,8704.3916015625,2,0.0,0.0
2022-11-30 00:00:00-03:00,8770.389024193348,8770.389024193348,8733.3916015625,8733.3916015625,583,0.0,0.0
2022-12-01 00:00:00-03:00,8873.381034196902,8873.381034196902,8763.888671875,8763.888671875,83,0.0,0.0
2022-12-02 00:00:00-03:00,8673.3935546875,8673.3935546875,8673.3935546875,8673.3935546875,3,0.0,0.0
2022-12-05 00:00:00-03:00,8673.3935546875,8673.3935546875,8673.3935546875,8673.3935546875,0,0.0,0.0
2022-12-06 00:00:00-03:00,8859.882008900808,9059.368094423715,8859.882008900808,9044.369140625,2211,0.0,0.0
2022-12-07 00:00:00-03:00,9281.351389808562,9281.351389808562,9013.3701171875,9013.3701171875,8,0.0,0.0
2022-12-12 00:00:00-03:00,8849.384727613598,8862.8837890625,8849.384727613598,8862.8837890625,5,0.0,0.0
2022-12-13 00:00:00-03:00,8949.376927939707,8949.376927939707,8878.8818359375,8878.8818359375,564,0.0,0.0
2022-12-14 00:00:00-03:00,9002.87158053404,9002.87158053404,8967.8740234375,8967.8740234375,40,0.0,0.0
2022-12-15 00:00:00-03:00,8967.8740234375,8967.8740234375,8967.8740234375,8967.8740234375,0,0.0,0.0
2022-12-16 00:00:00-03:00,8641.39704253974,8649.396484375,8608.899310083996,8649.396484375,12,0.0,0.0
2022-12-19 00:00:00-03:00,8795.387352872782,8795.387352872782,8734.3916015625,8734.3916015625,61,0.0,0.0
2022-12-20 00:00:00-03:00,8734.3916015625,8734.3916015625,8734.3916015625,8734.3916015625,0,0.0,0.0
2022-12-21 00:00:00-03:00,8857.882148927141,8999.87224489685,8857.882148927141,8974.3740234375,27,0.0,0.0
2022-12-22 00:00:00-03:00,9008.371971802755,9008.371971802755,8866.8818359375,8866.8818359375,18,0.0,0.0
2022-12-23 00:00:00-03:00,8920.8779296875,8920.8779296875,8920.8779296875,8920.8779296875,5,0.0,0.0
2022-12-26 00:00:00-03:00,8920.8779296875,8920.8779296875,8920.8779296875,8920.8779296875,0,0.0,0.0
2022-12-27 00:00:00-03:00,9161.362235077708,9161.362235077708,9160.3623046875,9160.3623046875,14,0.0,0.0
2022-12-28 00:00:00-03:00,9249.353548718062,9263.352570305311,9235.8544921875,9235.8544921875,4,0.0,0.0
2022-12-29 00:00:00-03:00,9119.36328125,9119.36328125,9119.36328125,9119.36328125,2,0.0,0.0
2022-12-30 00:00:00-03:00,8874.88137306565,9050.369140625,8874.88137306565,9050.369140625,9,0.0,0.0
2023-01-02 00:00:00-03:00,8999.37109375,8999.37109375,8999.37109375,8999.37109375,1,0.0,0.0
2023-01-03 00:00:00-03:00,9009.3701171875,9009.3701171875,9009.3701171875,9009.3701171875,1,0.0,0.0
2023-01-04 00:00:00-03:00,8984.3740234375,8984.3740234375,8984.3740234375,8984.3740234375,40,0.0,0.0
2023-01-05 00:00:00-03:00,8748.890555345202,8761.889649832829,8741.391077756187,8747.890625,177,0.0,0.0
2023-01-06 00:00:00-03:00,8910.3779296875,8910.3779296875,8910.3779296875,8910.3779296875,1,0.0,0.0
2023-01-09 00:00:00-03:00,8910.3779296875,8910.3779296875,8910.3779296875,8910.3779296875,0,0.0,0.0
2023-01-10 00:00:00-03:00,8788.38671875,8788.38671875,8788.38671875,8788.38671875,6,0.0,0.0
2023-01-11 00:00:00-03:00,8788.38671875,8788.38671875,8788.38671875,8788.38671875,0,0.0,0.0
2023-01-12 00:00:00-03:00,9205.857495435479,9318.849609375,9205.857495435479,9318.849609375,25,0.0,0.0
2023-01-13 00:00:00-03:00,9258.353269833258,9258.353269833258,9228.355365297672,9240.8544921875,13,0.0,0.0
2023-01-16 00:00:00-03:00,9240.8544921875,9240.8544921875,9240.8544921875,9240.8544921875,0,0.0,0.0
2023-01-17 00:00:00-03:00,9799.316157036092,9799.316157036092,9554.833218220243,9599.830078125,9,0.0,0.0
2023-01-18 00:00:00-03:00,8999.37210470503,8999.37210470503,8957.875,8957.875,8,0.0,0.0
2023-01-19 00:00:00-03:00,8972.8740234375,8972.8740234375,8972.8740234375,8972.8740234375,1,0.0,0.0
2023-01-20 00:00:00-03:00,8972.8740234375,8972.8740234375,8972.8740234375,8972.8740234375,0,0.0,0.0
2023-01-23 00:00:00-03:00,9199.358087073537,9334.8486328125,9199.358087073537,9334.8486328125,4,0.0,0.0
2023-01-24 00:00:00-03:00,9256.853515625,9256.853515625,9256.853515625,9256.853515625,1,0.0,0.0
2023-01-25 00:00:00-03:00,9363.349031701973,9363.349031701973,9298.853515625,9298.853515625,4,0.0,0.0
2023-01-26 00:00:00-03:00,9517.8369140625,9517.8369140625,9517.8369140625,9517.8369140625,4,0.0,0.0
2023-01-27 00:00:00-03:00,9658.82599652033,9658.82599652033,9614.3291015625,9614.3291015625,14,0.0,0.0
2023-01-30 00:00:00-03:00,9675.82421875,9675.82421875,9675.82421875,9675.82421875,2,0.0,0.0
2023-01-31 00:00:00-03:00,9675.82421875,9675.82421875,9675.82421875,9675.82421875,0,0.0,0.0
2023-02-01 00:00:00-03:00,9695.822261165811,9695.822261165811,9416.341796875,9416.341796875,7,0.0,0.0
2023-02-02 00:00:00-03:00,9190.359158376921,9439.341796875,9190.359158376921,9439.341796875,39,0.0,0.0
2023-02-03 00:00:00-03:00,9449.341779093493,9449.341779093493,9246.855883827204,9280.853515625,13,0.0,0.0
2023-02-06 00:00:00-03:00,9188.358746936274,9188.358746936274,9179.359375,9179.359375,4,0.0,0.0
2023-02-07 00:00:00-03:00,9372.8466796875,9372.8466796875,9372.8466796875,9372.8466796875,2,0.0,0.0
2023-02-08 00:00:00-03:00,9314.851112466835,9314.851112466835,9280.353515625,9280.353515625,537,0.0,0.0
2023-02-09 00:00:00-03:00,9333.347572287832,9333.347572287832,9234.3544921875,9234.3544921875,19,0.0,0.0
2023-02-10 00:00:00-03:00,9234.3544921875,9234.3544921875,9234.3544921875,9234.3544921875,0,0.0,0.0
2023-02-13 00:00:00-03:00,9292.35308215136,9398.345703125,9292.35308215136,9398.345703125,13,0.0,0.0
2023-02-14 00:00:00-03:00,9249.353790614485,9249.353790614485,9211.3564453125,9211.3564453125,2,0.0,0.0
2023-02-15 00:00:00-03:00,9202.358672447654,9276.353515625,9168.861006955205,9276.353515625,12,0.0,0.0
2023-02-16 00:00:00-03:00,9299.353515625,9299.353515625,9299.353515625,9299.353515625,1,0.0,0.0
2023-02-17 00:00:00-03:00,9289.354210769488,9299.353515625,9259.356296202957,9299.353515625,2912,0.0,0.0
2023-02-22 00:00:00-03:00,9023.369488352746,9023.369488352746,8980.372492785462,9014.3701171875,6,0.0,0.0
2023-02-23 00:00:00-03:00,8999.37433792373,8999.37433792373,8849.384765625,8849.384765625,9,0.0,0.0
2023-02-24 00:00:00-03:00,8855.3837890625,8855.3837890625,8855.3837890625,8855.3837890625,1,0.0,0.0
2023-02-27 00:00:00-03:00,8928.376737726385,8941.37583030007,8799.3857421875,8799.3857421875,51,0.0,0.0
2023-02-28 00:00:00-03:00,8759.388812081157,8803.3857421875,8759.388812081157,8803.3857421875,38,0.0,0.0
2023-03-01 00:00:00-03:00,8784.38700081937,8914.3779296875,8784.38700081937,8914.3779296875,62,0.0,0.0
2023-03-02 00:00:00-03:00,8914.378207702805,9047.368931384743,8914.378207702805,9044.369140625,36,0.0,0.0
2023-03-03 00:00:00-03:00,9092.866446608212,9194.359375,9074.367735522022,9194.359375,17,0.0,0.0
2023-03-06 00:00:00-03:00,9199.35927053324,9302.35209714899,9169.361359868457,9197.859375,152,0.0,0.0
2023-03-07 00:00:00-03:00,9315.850454232354,9315.850454232354,9089.8662109375,9089.8662109375,631,0.0,0.0
2023-03-08 00:00:00-03:00,9250.354277005454,9250.354277005454,9120.863316150173,9121.36328125,23,0.0,0.0
2023-03-09 00:00:00-03:00,9408.344902442472,9476.840133159583,9396.845703125,9396.845703125,21,0.0,0.0
2023-03-10 00:00:00-03:00,9604.83025325385,9604.83025325385,9579.33203125,9579.33203125,2,0.0,0.0
2023-03-13 00:00:00-03:00,9581.83129933675,9620.828577779133,9581.83129933675,9599.330078125,15,0.0,0.0
2023-03-14 00:00:00-03:00,9449.841134558541,9449.841134558541,9376.846223937646,9440.341796875,50,0.0,0.0
2023-03-15 00:00:00-03:00,9256.353515625,9256.353515625,9256.353515625,9256.353515625,6,0.0,0.0
2023-03-16 00:00:00-03:00,9459.339216438853,9464.3388671875,9435.340892845352,9464.3388671875,6,0.0,0.0
2023-03-17 00:00:00-03:00,9407.34642972276,9407.34642972276,9276.85549550945,9305.353515625,84,0.0,0.0
2023-03-20 00:00:00-03:00,9433.34110949771,9570.331541128107,9433.34110949771,9549.3330078125,626,0.0,0.0
2023-03-21 00:00:00-03:00,9547.33447373255,9557.33377670043,9460.84050306038,9526.3359375,34,0.0,0.0
2023-03-22 00:00:00-03:00,9504.33962020587,9509.839238081844,9289.354557781435,9304.353515625,592,0.0,0.0
2023-03-23 00:00:00-03:00,9252.3550212279,9279.353139197548,9043.36958953692,9133.86328125,29,0.0,0.0
2023-03-27 00:00:00-03:00,9133.86328125,9133.86328125,9133.86328125,9133.86328125,0,0.0,0.0
2023-03-28 00:00:00-03:00,9218.358051970108,9259.35519701087,9199.359375,9199.359375,70,0.0,0.0
2023-03-29 00:00:00-03:00,9312.850062973612,9319.349609375,9312.850062973612,9319.349609375,2,0.0,0.0
2023-03-30 00:00:00-03:00,9499.337159288534,9558.8330078125,9430.341973605282,9558.8330078125,37,0.0,0.0
2023-03-31 00:00:00-03:00,9617.329931539949,9707.823626570555,9617.329931539949,9699.32421875,7,0.0,0.0
2023-04-03 00:00:00-03:00,9841.812534923296,9915.307401198821,9810.814700167632,9842.3125,101,0.0,0.0
2023-04-04 00:00:00-03:00,9847.312496005063,9897.808970522554,9714.321780939194,9777.3173828125,200,0.0,0.0
2023-04-05 00:00:00-03:00,9724.322477045747,9724.322477045747,9699.32421875,9699.32421875,2,0.0,0.0
2023-04-10 00:00:00-03:00,9739.320451231159,9739.320451231159,9685.32421875,9685.32421875,24,0.0,0.0
2023-04-11 00:00:00-03:00,9677.8248462678,9684.324392840175,9602.830078125,9602.830078125,28,0.0,0.0
2023-04-12 00:00:00-03:00,9693.324605431335,9693.324605431335,9656.8271484375,9656.8271484375,8,0.0,0.0
2023-04-13 00:00:00-03:00,9800.318098247782,9894.8115234375,9720.323664224743,9894.8115234375,41,0.0,0.0
2023-04-14 00:00:00-03:00,9951.30625722616,9951.30625722616,9919.80845305588,9945.806640625,33,0.0,0.0
2023-04-17 00:00:00-03:00,10019.301508814855,10169.291052359988,10019.301508814855,10127.7939453125,591,0.0,0.0
2023-04-18 00:00:00-03:00,10256.285730125155,10422.274170331919,10256.285730125155,10418.7744140625,16,0.0,0.0
2023-04-19 00:00:00-03:00,10563.261811072276,10749.248813804143,10557.762195400097,10746.2490234375,491,0.0,0.0
2023-04-20 00:00:00-03:00,10601.260497738747,10751.250035058198,10599.260637241154,10695.75390625,48,0.0,0.0
2023-04-21 00:00:00-03:00,10689.755355009498,11201.2197265625,10689.755355009498,11201.2197265625,21,0.0,0.0
2023-04-24 00:00:00-03:00,11299.21212066117,11386.2060546875,11024.231294715875,11386.2060546875,1406,0.0,0.0
2023-04-25 00:00:00-03:00,11816.175316394505,11903.169244847271,11410.203650281603,11473.69921875,1342,0.0,0.0
2023-04-26 00:00:00-03:00,11240.214164581415,11240.214164581415,10954.234158258998,11132.7216796875,582,0.0,0.0
2023-04-27 00:00:00-03:00,11333.208740847713,11385.70507567165,11223.716385357786,11343.7080078125,1404,0.0,0.0
2023-04-28 00:00:00-03:00,11332.207930300667,11386.70412126523,11275.2119140625,11275.2119140625,88,0.0,0.0
2023-05-02 00:00:00-03:00,11332.208252330001,11412.202663358537,11221.216007027908,11335.7080078125,81,0.0,0.0
2023-05-03 00:00:00-03:00,11314.709843576522,11314.709843576522,11145.2216796875,11145.2216796875,34,0.0,0.0
2023-05-04 00:00:00-03:00,11049.22917832237,11058.728515625,10960.735351871554,11058.728515625,78,0.0,0.0
2023-05-05 00:00:00-03:00,11149.220860177558,11291.2109375,11110.723550480981,11291.2109375,192,0.0,0.0
2023-05-08 00:00:00-03:00,11187.220142013888,11249.2158203125,11163.721780078125,11249.2158203125,68,0.0,0.0
2023-05-09 00:00:00-03:00,11217.219139000525,11273.715206156305,11152.223663511575,11180.7216796875,85,0.0,0.0
2023-05-10 00:00:00-03:00,11125.22405091426,11159.2216796875,10962.235418854307,11159.2216796875,464,0.0,0.0
2023-05-11 00:00:00-03:00,11159.3505859375,11159.3505859375,11159.3505859375,11159.3505859375,0,190.22812,0.0
2023-05-12 00:00:00-03:00,10956.361465169717,11293.841796875,10956.361465169717,11293.841796875,22,0.0,0.0
2023-05-15 00:00:00-03:00,11466.33262354827,11466.33262354827,11375.837890625,11375.837890625,12,0.0,0.0
2023-05-16 00:00:00-03:00,11489.332112511036,11645.823015523045,11489.332112511036,11608.3251953125,29,0.0,0.0
2023-05-17 00:00:00-03:00,11652.32174485809,11760.8154296875,11652.32174485809,11760.8154296875,4,0.0,0.0
2023-05-18 00:00:00-03:00,11988.803037097749,12178.7919921875,11988.803037097749,12178.7919921875,23,0.0,0.0
2023-05-19 00:00:00-03:00,12263.78668261959,12278.285839282968,12150.29328390971,12189.291015625,17,0.0,0.0
2023-05-22 00:00:00-03:00,12189.291410900298,12189.291410900298,12165.792776925222,12179.2919921875,8,0.0,0.0
2023-05-23 00:00:00-03:00,12019.30081033443,12019.80078125,12019.30081033443,12019.80078125,2,0.0,0.0
2023-05-24 00:00:00-03:00,11905.309095300547,11905.309095300547,11706.320643262516,11829.8134765625,48,0.0,0.0
2023-05-29 00:00:00-03:00,11829.8134765625,11829.8134765625,11829.8134765625,11829.8134765625,0,0.0,0.0
2023-05-30 00:00:00-03:00,11929.80455689977,11929.80455689977,11781.81318399661,11877.3076171875,460,0.0,0.0
2023-05-31 00:00:00-03:00,11671.8203125,11671.8203125,11671.8203125,11671.8203125,1,0.0,0.0
2023-06-01 00:00:00-03:00,11682.320955754023,11995.802734375,11682.320955754023,11995.802734375,7,0.0,0.0
2023-06-02 00:00:00-03:00,12249.287790697674,12367.78090116279,12183.291627906976,12361.78125,39,0.0,0.0
2023-06-05 00:00:00-03:00,12359.280323470719,12359.280323470719,12203.289406766718,12276.28515625,46,0.0,0.0
2023-06-06 00:00:00-03:00,12174.291580033516,12174.791550940294,12083.296875,12083.296875,62,0.0,0.0
2023-06-07 00:00:00-03:00,12114.293381004873,12299.282590702429,12099.29425589426,12288.783203125,18738,0.0,0.0
2023-06-08 00:00:00-03:00,12307.284075636006,12402.278549732968,12304.784221054506,12322.283203125,260,0.0,0.0
2023-06-09 00:00:00-03:00,12322.282883061447,12391.278867718693,12277.285501763243,12316.783203125,2702,0.0,0.0
2023-06-12 00:00:00-03:00,12316.784016789434,12414.7783203125,12316.784016789434,12414.7783203125,2,0.0,0.0
2023-06-13 00:00:00-03:00,12533.271923797103,12608.767538145808,12529.772127105442,12591.2685546875,50,0.0,0.0
2023-06-14 00:00:00-03:00,12543.269621163683,12624.264904910036,12452.274919670866,12511.271484375,27,0.0,0.0
2023-06-15 00:00:00-03:00,12740.25907187718,12912.249069551059,12712.260700162828,12896.25,283,0.0,0.0
2023-06-16 00:00:00-03:00,13001.242530650514,13044.739996431417,12822.7529296875,12822.7529296875,122,0.0,0.0
2023-06-21 00:00:00-03:00,12696.76165034816,12774.257143784032,12560.769558641341,12762.7578125,816,0.0,0.0
2023-06-22 00:00:00-03:00,12673.261221000272,12865.75,12673.261221000272,12865.75,868,0.0,0.0
2023-06-23 00:00:00-03:00,12777.257208184777,12926.248546736939,12777.257208184777,12901.25,97,0.0,0.0
2023-06-26 00:00:00-03:00,12908.249968656797,12992.745059086072,12860.752728474661,12991.7451171875,887,0.0,0.0
2023-06-27 00:00:00-03:00,13027.243141966967,13028.243083872245,12974.74619193985,12993.2451171875,43,0.0,0.0
2023-06-28 00:00:00-03:00,12972.74710536154,12999.245567479866,12762.759292348404,12788.2578125,391,0.0,0.0
2023-06-29 00:00:00-03:00,12915.74852494867,13058.240234375,12915.74852494867,13058.240234375,11,0.0,0.0
2023-06-30 00:00:00-03:00,13205.73340181318,13306.7275390625,13100.739496752007,13306.7275390625,232,0.0,0.0
2023-07-03 00:00:00-03:00,13240.229382683794,13240.229382683794,13171.2333984375,13171.2333984375,19,0.0,0.0
2023-07-04 00:00:00-03:00,13001.2451171875,13001.2451171875,13001.2451171875,13001.2451171875,1,0.0,0.0
2023-07-05 00:00:00-03:00,13231.229964937753,13274.727433459124,13133.735638941575,13172.2333984375,59,0.0,0.0
2023-07-06 00:00:00-03:00,12999.242706863344,13146.73411449891,12999.242706863344,13108.736328125,69,0.0,0.0
2023-07-07 00:00:00-03:00,13188.73249648485,13235.729761531651,13142.235202342801,13173.2333984375,210,0.0,0.0
2023-07-10 00:00:00-03:00,13271.726024498395,13379.7197265625,13254.227044997268,13379.7197265625,646,0.0,0.0
2023-07-11 00:00:00-03:00,13392.221071588525,13465.716796875,13392.221071588525,13465.716796875,6,0.0,0.0
2023-07-12 00:00:00-03:00,13503.214936535036,13522.213831958183,13471.216796875,13471.216796875,69,0.0,0.0
2023-07-13 00:00:00-03:00,13440.219435947212,13759.200910544872,13440.219435947212,13754.701171875,205,0.0,0.0
2023-07-14 00:00:00-03:00,13820.197017079776,13967.1884765625,13819.197075178532,13967.1884765625,70,0.0,0.0
2023-07-17 00:00:00-03:00,13853.694933111216,13931.1904296875,13786.198855448001,13931.1904296875,185,0.0,0.0
2023-07-18 00:00:00-03:00,13931.190581059012,13931.190581059012,13444.218874701293,13547.212890625,20,0.0,0.0
2023-07-19 00:00:00-03:00,13549.713442065933,13567.212426253687,13474.217824570196,13559.212890625,21,0.0,0.0
2023-07-20 00:00:00-03:00,13850.192353410313,13929.187746950089,13816.1943359375,13816.1943359375,5,0.0,0.0
2023-07-21 00:00:00-03:00,13840.195999005158,13990.187285751115,13840.195999005158,13969.6884765625,54,0.0,0.0
2023-07-24 00:00:00-03:00,13938.690063214046,13949.189453125,13938.690063214046,13949.189453125,5,0.0,0.0
2023-07-25 00:00:00-03:00,14086.68229090836,14175.177153924891,14086.68229090836,14165.177734375,23,0.0,0.0
2023-07-26 00:00:00-03:00,14134.677301263348,14134.677301263348,14063.68143352682,14093.6796875,13,0.0,0.0
2023-07-27 00:00:00-03:00,13659.203203943674,13671.70247481112,13359.220703125,13359.220703125,165,0.0,0.0
2023-07-28 00:00:00-03:00,13550.209636316971,13551.709548829293,13350.221301340704,13377.2197265625,212,0.0,0.0
2023-07-31 00:00:00-03:00,13398.21895438491,13398.21895438491,13299.224725227205,13368.220703125,113,0.0,0.0
2023-08-01 00:00:00-03:00,13529.712157753842,13584.208984375,13470.215622268357,13584.208984375,105,0.0,0.0
2023-08-02 00:00:00-03:00,14124.177022784603,14124.177022784603,13669.203532847116,13676.203125,174,0.0,0.0
2023-08-03 00:00:00-03:00,13679.204522274806,13826.195974378195,13679.204522274806,13787.1982421875,159,0.0,0.0
2023-08-04 00:00:00-03:00,13939.188615628495,14029.183377135423,13849.193854121568,13857.693359375,251,0.0,0.0
2023-08-07 00:00:00-03:00,13859.194216314032,14171.676048391819,13859.194216314032,14142.677734375,148,0.0,0.0
2023-08-08 00:00:00-03:00,14143.175946220465,14293.167206962338,14019.183170673849,14028.6826171875,293,0.0,0.0
2023-08-09 00:00:00-03:00,14119.678164767594,14119.678164767594,13949.188088134835,14043.1826171875,116,0.0,0.0
2023-08-10 00:00:00-03:00,14127.807736290615,14219.803228504137,14087.30972069662,14110.30859375,175,190.22812,0.0
2023-08-11 00:00:00-03:00,14357.79606211843,14357.79606211843,14134.307019399243,14321.2978515625,116,0.0,0.0
2023-08-14 00:00:00-03:00,15208.254759429688,15588.736114940439,15208.254759429688,15484.7412109375,51,0.0,0.0
2023-08-15 00:00:00-03:00,15484.24009696922,16516.189453125,15479.240342336683,16516.189453125,90,0.0,0.0
2023-08-16 00:00:00-03:00,16779.675755416087,16858.671875,16654.681895314956,16858.671875,197,0.0,0.0
2023-08-17 00:00:00-03:00,17058.662201668623,17323.149211976157,17058.662201668623,17299.150390625,103,0.0,0.0
2023-08-18 00:00:00-03:00,17413.145218452344,17438.143991305296,17195.65589463166,17427.14453125,135,0.0,0.0
2023-08-22 00:00:00-03:00,17354.647566452317,17383.646142086964,17239.153239355706,17297.150390625,38,0.0,0.0
2023-08-23 00:00:00-03:00,17297.15322522373,17514.642578125,17297.15322522373,17514.642578125,23,0.0,0.0
2023-08-24 00:00:00-03:00,17671.137597159413,17699.13623074477,17534.644258430788,17689.13671875,138,0.0,0.0
2023-08-25 00:00:00-03:00,17788.127302705674,18034.115234375,17768.12828387077,18034.115234375,1354,0.0,0.0
2023-08-28 00:00:00-03:00,18096.610643035838,18522.089732888675,18096.610643035838,18480.091796875,75,0.0,0.0
2023-08-29 00:00:00-03:00,18637.088699592277,19066.567699295832,18637.088699592277,19053.068359375,457,0.0,0.0
2023-08-30 00:00:00-03:00,19815.02960094752,19815.02960094752,18491.59441337919,18864.076171875,290,0.0,0.0
2023-08-31 00:00:00-03:00,19032.569058030906,19032.569058030906,18261.106792642466,18328.103515625,1190,0.0,0.0
2023-09-01 00:00:00-03:00,18999.069089757635,18999.069089757635,17989.118574986307,18256.60546875,68,0.0,0.0
2023-09-04 00:00:00-03:00,17350.649886784955,19999.02012711864,17350.649886784955,19174.060546875,76,0.0,0.0
2023-09-05 00:00:00-03:00,17774.629618793602,17774.629618793602,17523.641909062953,17629.63671875,407,0.0,0.0
2023-09-06 00:00:00-03:00,17576.137543326127,17733.129839753405,17509.140830838056,17553.138671875,916,0.0,0.0
2023-09-07 00:00:00-03:00,16862.17412111956,17581.13890752085,16862.17412111956,17027.666015625,154,0.0,0.0
2023-09-08 00:00:00-03:00,16999.166162772744,17086.161895488112,16884.17180343634,17002.166015625,72,0.0,0.0
2023-09-11 00:00:00-03:00,17066.66433179399,17100.16269154879,16890.67294920159,17072.1640625,83,0.0,0.0
2023-09-12 00:00:00-03:00,17130.661112344285,17517.64216190079,17130.661112344285,17509.142578125,603,0.0,0.0
2023-09-13 00:00:00-03:00,17897.624007462535,17999.119039825997,17757.630859375,17757.630859375,125,0.0,0.0
2023-09-14 00:00:00-03:00,18044.114034478465,18069.61278249061,17894.12139911289,17940.119140625,112,0.0,0.0
2023-09-15 00:00:00-03:00,17964.620786813935,17964.620786813935,17672.635076995135,17838.626953125,134,0.0,0.0
2023-09-18 00:00:00-03:00,17813.62652811242,17930.620791425405,17782.12807260508,17884.623046875,42,0.0,0.0
2023-09-19 00:00:00-03:00,17870.123279928783,18039.6149645546,17839.12480073468,18034.115234375,105,0.0,0.0
2023-09-20 00:00:00-03:00,18136.110485731817,18203.607175249756,18024.115978679823,18079.11328125,81,0.0,0.0
2023-09-21 00:00:00-03:00,18059.11370316582,18179.107814150313,17948.11915050517,17988.1171875,78,0.0,0.0
2023-09-22 00:00:00-03:00,17826.1243228731,17934.11901782291,17826.1243228731,17931.619140625,50,0.0,0.0
2023-09-25 00:00:00-03:00,17849.12894558981,18170.11328125,17827.62999475899,18170.11328125,92,0.0,0.0
2023-09-26 00:00:00-03:00,18147.111582964266,18324.602893630796,18147.111582964266,18232.107421875,218,0.0,0.0
2023-09-27 00:00:00-03:00,18319.10407187281,18570.091796875,18319.10407187281,18570.091796875,655,0.0,0.0
2023-09-28 00:00:00-03:00,18807.575253723426,18984.06657585343,18674.081817438124,18908.0703125,386,0.0,0.0
2023-09-29 00:00:00-03:00,19272.056562118243,19431.048778865857,18692.084953856498,19031.068359375,50,0.0,0.0
2023-10-02 00:00:00-03:00,18973.070091956826,19082.564725406242,18934.072003331006,18968.5703125,92,0.0,0.0
2023-10-03 00:00:00-03:00,19037.567177368663,19605.539347274138,19037.567177368663,19412.048828125,83,0.0,0.0
2023-10-04 00:00:00-03:00,19950.52295279941,20658.48828125,19950.52295279941,20658.48828125,44,0.0,0.0
2023-10-05 00:00:00-03:00,20948.974623081314,20948.974623081314,19474.54679101767,19592.541015625,24,0.0,0.0
2023-10-06 00:00:00-03:00,19592.53979534897,20618.98949039711,19259.056138945118,20006.01953125,525,0.0,0.0
2023-10-09 00:00:00-03:00,20542.496947730644,20963.976367667292,20542.496947730644,20759.986328125,63,0.0,0.0
2023-10-10 00:00:00-03:00,21332.95642384572,22798.884712837837,21332.95642384572,22198.9140625,54,0.0,0.0
2023-10-11 00:00:00-03:00,21402.451703034192,22236.910831035784,20661.987971116665,21851.9296875,89,0.0,0.0
2023-10-12 00:00:00-03:00,20945.97366220616,22254.909525280964,20945.97366220616,21843.4296875,2130,0.0,0.0
2023-10-17 00:00:00-03:00,22719.884799230953,22985.87174331772,22083.916015625,22083.916015625,65,0.0,0.0
2023-10-18 00:00:00-03:00,22528.39845410287,22676.391217866258,22203.414344487323,22408.904296875,52,0.0,0.0
2023-10-19 00:00:00-03:00,22216.913963839626,22363.90677834518,21296.958934281047,21735.4375,84,0.0,0.0
2023-10-20 00:00:00-03:00,21758.934460241544,23005.873397370277,21758.934460241544,22893.37890625,132,0.0,0.0
2023-10-23 00:00:00-03:00,22263.90911140148,22989.3735650427,21471.947915972334,21564.943359375,47,0.0,0.0
2023-10-24 00:00:00-03:00,21199.96061786423,21199.96061786423,19082.064453125,19082.064453125,65,0.0,0.0
2023-10-25 00:00:00-03:00,19099.0652342031,19314.5546875,18689.585275386024,19314.5546875,11,0.0,0.0
2023-10-26 00:00:00-03:00,19299.055980300338,19398.051137919494,18819.079458510485,19285.556640625,10,0.0,0.0
2023-10-27 00:00:00-03:00,19555.04174444538,19555.04174444538,18680.084619962374,19251.056640625,157,0.0,0.0
2023-10-30 00:00:00-03:00,19184.560568323217,19184.560568323217,18862.576335282636,18985.5703125,85,0.0,0.0
2023-10-31 00:00:00-03:00,18918.57406420005,19713.53515625,18918.57406420005,19713.53515625,3,0.0,0.0
2023-11-01 00:00:00-03:00,19946.022851581787,20253.0078125,19821.528950492804,20253.0078125,61,0.0,0.0
2023-11-02 00:00:00-03:00,20846.4736606064,20846.4736606064,20363.497439089533,20430.494140625,40,0.0,0.0
2023-11-03 00:00:00-03:00,20759.98023994119,20759.98023994119,20468.994533577195,20476.994140625,78,0.0,0.0
2023-11-07 00:00:00-03:00,20689.48524929736,20775.981006967024,19984.01985003783,19990.51953125,115,0.0,0.0
2023-11-08 00:00:00-03:00,19800.03116080058,19828.029790794135,19399.05078125,19399.05078125,12,0.0,0.0
2023-11-09 00:00:00-03:00,19615.175310461615,19980.659944228628,19292.688868902485,19929.162109375,28,199.46251,0.0
2023-11-10 00:00:00-03:00,19999.15994623656,20598.634765625,19999.15994623656,20598.634765625,31,0.0,0.0
2023-11-13 00:00:00-03:00,20566.136278801827,20647.632856169566,20257.64923440982,20416.142578125,130,0.0,0.0
2023-11-14 00:00:00-03:00,20451.141661470574,20848.125,20451.141661470574,20848.125,23,0.0,0.0
2023-11-15 00:00:00-03:00,20848.123091313948,21130.611209367387,20524.13671875,20524.13671875,51,0.0,0.0
2023-11-16 00:00:00-03:00,20999.119768609857,21076.616520136868,20533.13930136356,20781.12890625,132,0.0,0.0
2023-11-17 00:00:00-03:00,20563.636837862454,20799.126953125,20491.139880934494,20799.126953125,3,0.0,0.0
2023-11-21 00:00:00-03:00,20799.126953125,20799.126953125,20799.126953125,20799.126953125,4,0.0,0.0
2023-11-22 00:00:00-03:00,20499.139143375418,23898.996367154756,20499.139143375418,23858.998046875,54,0.0,0.0
2023-11-23 00:00:00-03:00,23858.998046875,23858.998046875,23858.998046875,23858.998046875,0,0.0,0.0
2023-11-24 00:00:00-03:00,23848.997044964828,23848.997044964828,22660.5470245061,22710.544921875,51,0.0,0.0
2023-11-27 00:00:00-03:00,21415.102392132743,21415.102392132743,20666.13378493684,20829.126953125,25,0.0,0.0
2023-11-28 00:00:00-03:00,20829.126953125,20829.126953125,20829.126953125,20829.126953125,0,0.0,0.0
2023-11-29 00:00:00-03:00,19999.15818901564,20564.13440785533,18999.700258519584,20555.634765625,5904,0.0,0.0
2023-11-30 00:00:00-03:00,20063.652598681998,20439.63671875,18256.728915270083,20439.63671875,66,0.0,0.0
2023-12-01 00:00:00-03:00,20439.140656531683,22298.0625,20439.140656531683,22298.0625,89,0.0,0.0
2023-12-04 00:00:00-03:00,22998.532409612024,22998.532409612024,21819.08203125,21819.08203125,31,0.0,0.0
2023-12-05 00:00:00-03:00,21829.08218023188,22149.0687261629,21230.107364567248,21368.1015625,82,0.0,0.0
2023-12-06 00:00:00-03:00,20994.120004432807,21201.111328125,20994.120004432807,21201.111328125,21,0.0,0.0
2023-12-07 00:00:00-03:00,22999.036051432293,24298.981567382812,22999.036051432293,23998.994140625,7,0.0,0.0
2023-12-11 00:00:00-03:00,24156.486795591074,25610.42581249222,23951.995372650024,25098.947265625,110,0.0,0.0
2023-12-12 00:00:00-03:00,24874.955201855457,25954.90984158869,24874.955201855457,25807.916015625,34,0.0,0.0
2023-12-13 00:00:00-03:00,26854.87184151786,26951.867766772073,24886.95451264881,25198.94140625,55,0.0,0.0
2023-12-14 00:00:00-03:00,25598.9254133788,25598.9254133788,24884.455405259305,25217.94140625,59,0.0,0.0
2023-12-15 00:00:00-03:00,25731.415437466785,25805.412318546063,24395.971725556286,24929.94921875,249,0.0,0.0
2023-12-18 00:00:00-03:00,24648.96444138464,24648.96444138464,24033.99027783691,24220.982421875,25,0.0,0.0
2023-12-19 00:00:00-03:00,24263.480447740865,24538.968871708086,24262.98046875,24262.98046875,131,0.0,0.0
2023-12-20 00:00:00-03:00,24240.48384980667,24240.48384980667,23976.49491610418,23994.994140625,122,0.0,0.0
2023-12-21 00:00:00-03:00,24098.98735974592,24307.478598937083,23953.493473403887,24262.98046875,22,0.0,0.0
2023-12-22 00:00:00-03:00,23853.996822724734,24603.465303908222,23853.996822724734,24149.984375,40,0.0,0.0
2023-12-26 00:00:00-03:00,23738.00048374017,24020.988568196062,23259.520630693718,23332.017578125,96,0.0,0.0
2023-12-27 00:00:00-03:00,22883.038038879607,23240.02303188258,22883.038038879607,23044.53125,141,0.0,0.0
2023-12-28 00:00:00-03:00,23081.02943063764,24617.464822725622,23081.02943063764,24616.96484375,241,0.0,0.0
2023-12-29 00:00:00-03:00,25017.949258223296,25530.427734375,24415.97454087047,25530.427734375,175,0.0,0.0
2024-01-02 00:00:00-03:00,25530.42746132009,26008.407381282137,25407.932607354924,25523.927734375,16,0.0,0.0
2024-01-03 00:00:00-03:00,25409.430222925017,26827.370525402643,25409.430222925017,26813.87109375,469,0.0,0.0
2024-01-04 00:00:00-03:00,27762.333103012323,27995.323310046806,27762.333103012323,27787.83203125,84,0.0,0.0
2024-01-05 00:00:00-03:00,28595.797969300456,28706.29332460373,28058.32056228227,28668.294921875,44,0.0,0.0
2024-01-08 00:00:00-03:00,29704.75259830938,30337.226038638964,29463.76271827866,30231.73046875,50,0.0,0.0
2024-01-09 00:00:00-03:00,30231.731188698483,30536.71838853155,29928.7439049299,30062.73828125,51,0.0,0.0
2024-01-10 00:00:00-03:00,30430.723342436973,30430.723342436973,29636.25667262999,29748.751953125,166,0.0,0.0
2024-01-11 00:00:00-03:00,29326.769156743994,29410.765631415517,29017.282145900695,29224.7734375,38,0.0,0.0
2024-01-12 00:00:00-03:00,28222.81298283637,28683.79359455291,28188.814412774846,28605.796875,57,0.0,0.0
2024-01-15 00:00:00-03:00,27998.82240360751,28605.796875,27998.82240360751,28605.796875,129,0.0,0.0
2024-01-16 00:00:00-03:00,29770.74610434455,30293.72407735853,29568.75461189938,29863.7421875,169,0.0,0.0
2024-01-17 00:00:00-03:00,31305.68566897632,31955.658380664907,31042.196731237946,31494.677734375,104,0.0,0.0
2024-01-18 00:00:00-03:00,31993.65751281532,32258.146414585586,31866.662841643963,31930.66015625,10,0.0,0.0
2024-01-19 00:00:00-03:00,32205.63368336257,32778.609375,32205.63368336257,32778.609375,19,0.0,0.0
2024-01-22 00:00:00-03:00,33243.09713748312,33243.09713748312,32953.109375,32953.109375,16,0.0,0.0
2024-01-23 00:00:00-03:00,32625.122033244912,32721.617957607257,32601.123046875,32601.123046875,15,0.0,0.0
2024-01-24 00:00:00-03:00,32799.11998493,32882.616471835434,32143.647563774175,32262.142578125,42,0.0,0.0
2024-01-25 00:00:00-03:00,33045.10384507102,33045.10384507102,32590.623046875,32590.623046875,59,0.0,0.0
2024-01-26 00:00:00-03:00,31657.670616954165,31988.1567390333,31488.177734375,31488.177734375,17,0.0,0.0
2024-01-29 00:00:00-03:00,31803.662277615513,31807.662109375,31803.662277615513,31807.662109375,16,0.0,0.0
2024-01-30 00:00:00-03:00,32232.14091877643,32399.133877450964,32046.148761210778,32100.146484375,46,0.0,0.0
2024-01-31 00:00:00-03:00,32099.64875717278,32099.64875717278,31225.685546875,31225.685546875,50,0.0,0.0
2024-02-01 00:00:00-03:00,30278.724906580963,31743.16323635929,29772.746214284725,31677.166015625,124,0.0,0.0
2024-02-02 00:00:00-03:00,31998.65428742063,32230.14455203119,31780.163476114336,31812.662109375,25,0.0,0.0
2024-02-05 00:00:00-03:00,31198.6885661818,31799.163325284113,30999.696930775706,31038.1953125,34,0.0,0.0
2024-02-06 00:00:00-03:00,30605.71538001591,30605.71538001591,30246.23046875,30246.23046875,2,0.0,0.0
2024-02-07 00:00:00-03:00,30812.705875643675,30977.698945984466,30812.705875643675,30924.701171875,20,0.0,0.0
2024-02-08 00:00:00-03:00,30099.231715276117,30501.714755936526,30099.231715276117,30314.22265625,125,0.0,0.0
2024-02-09 00:00:00-03:00,30096.7361181639,30449.721294910258,30078.73687402386,30091.736328125,16,0.0,0.0
2024-02-14 00:00:00-03:00,28920.28617117709,28920.28617117709,28428.30682030597,28711.794921875,125,0.0,0.0
2024-02-15 00:00:00-03:00,28223.314639731685,29405.264998610062,28223.314639731685,28692.794921875,32,0.0,0.0
2024-02-16 00:00:00-03:00,27789.831119014092,27866.327901447417,27080.8609393379,27628.837890625,196,0.0,0.0
2024-02-19 00:00:00-03:00,27628.837890625,27628.837890625,27628.837890625,27628.837890625,0,0.0,0.0
2024-02-20 00:00:00-03:00,27588.83857407658,28719.790963611944,27588.83857407658,28161.814453125,167,0.0,0.0
2024-02-21 00:00:00-03:00,27661.336011154453,28081.318338300764,27661.336011154453,27802.330078125,400,0.0,0.0
2024-02-22 00:00:00-03:00,27737.836134672954,27785.33414168103,26975.86810645922,27556.34375,38,0.0,0.0
2024-02-23 00:00:00-03:00,27592.839662316892,28192.314453125,27592.839662316892,28192.314453125,1658,0.0,0.0
2024-02-26 00:00:00-03:00,27373.348355797974,27479.343896381895,27157.857421875,27157.857421875,30,0.0,0.0
2024-02-27 00:00:00-03:00,27077.863263632073,27211.357659499532,26874.87178527182,26937.869140625,39,0.0,0.0
2024-02-28 00:00:00-03:00,26998.86601283729,26998.86601283729,26538.88533261858,26552.384765625,912,0.0,0.0
2024-02-29 00:00:00-03:00,26862.50309954907,26862.50309954907,26380.021005051614,26735.5078125,36,199.46251,0.0
2024-03-01 00:00:00-03:00,26735.51442987058,26974.00563820092,26486.023627026054,26968.005859375,63,0.0,0.0
2024-03-04 00:00:00-03:00,26527.51966273704,26527.51966273704,26271.02914146776,26372.525390625,22,0.0,0.0
2024-03-05 00:00:00-03:00,26083.03408129063,26282.526693590025,25776.545431316867,25843.04296875,497,0.0,0.0
2024-03-06 00:00:00-03:00,25967.539533311505,26021.037554569266,25629.052053017076,25769.046875,281,0.0,0.0
2024-03-07 00:00:00-03:00,25974.541445390347,26092.037109375,25727.05057869927,26092.037109375,46,0.0,0.0
2024-03-08 00:00:00-03:00,26099.034457533013,26299.02705874016,26076.03530839419,26238.529296875,109,0.0,0.0
2024-03-11 00:00:00-03:00,25760.046671463377,25760.046671463377,25754.546875,25754.546875,7,0.0,0.0
2024-03-12 00:00:00-03:00,26593.018257650278,27373.489444763763,26558.51953125,26558.51953125,2184,0.0,0.0
2024-03-13 00:00:00-03:00,26963.50215300926,27046.499081515252,26230.029296875,26230.029296875,40,0.0,0.0
2024-03-14 00:00:00-03:00,26223.532735163764,26337.52853038612,25999.041015625,25999.041015625,322,0.0,0.0
2024-03-15 00:00:00-03:00,26157.532238063293,26237.029296875,26157.532238063293,26237.029296875,4,0.0,0.0
2024-03-18 00:00:00-03:00,26618.01953125,26618.01953125,26618.01953125,26618.01953125,5,0.0,0.0
2024-03-19 00:00:00-03:00,26545.519173848636,26853.507794026264,26545.519173848636,26853.0078125,65,0.0,0.0
2024-03-20 00:00:00-03:00,27108.997427062295,27725.974609375,27108.997427062295,27725.974609375,91,0.0,0.0
2024-03-21 00:00:00-03:00,27725.974609375,27866.469413451072,27725.974609375,27725.974609375,55,0.0,0.0
2024-03-22 00:00:00-03:00,27539.984520350823,27539.984520350823,27437.98828125,27437.98828125,20,0.0,0.0
2024-03-25 00:00:00-03:00,27320.992008243207,27390.489444176626,26933.50630429788,26998.50390625,628,0.0,0.0
2024-03-26 00:00:00-03:00,27364.490409173384,27680.97873259168,27288.99319458229,27580.982421875,1016,0.0,0.0
2024-03-27 00:00:00-03:00,28069.461882799307,28069.461882799307,27830.970703125,27830.970703125,9,0.0,0.0
2024-04-03 00:00:00-03:00,27136.500001440003,27136.500001440003,26410.026772474692,26447.525390625,890,0.0,0.0
2024-04-04 00:00:00-03:00,26849.009816548656,26849.009816548656,26003.041015625,26003.041015625,142,0.0,0.0
2024-04-05 00:00:00-03:00,25797.043969324783,25824.04296875,25450.056828563647,25824.04296875,48,0.0,0.0
2024-04-08 00:00:00-03:00,25599.555071927392,25599.555071927392,25421.061660457344,25557.056640625,16,0.0,0.0
2024-04-09 00:00:00-03:00,25475.55866181844,25794.546875,25420.560694028514,25794.546875,55,0.0,0.0
2024-04-10 00:00:00-03:00,25502.057015721857,25538.055684606537,25406.560546875,25406.560546875,139,0.0,0.0
2024-04-11 00:00:00-03:00,25406.559935815007,25760.046856500263,25406.559935815007,25759.546875,34,0.0,0.0
2024-04-12 00:00:00-03:00,25606.0510625243,25721.046800884524,25563.052656007,25719.046875,25,0.0,0.0
2024-04-15 00:00:00-03:00,25966.041159407796,25966.041159407796,25807.547012075946,25917.04296875,10,0.0,0.0
2024-04-16 00:00:00-03:00,25604.05470949868,25781.54815651825,25604.05470949868,25657.552734375,47,0.0,0.0
2024-04-17 00:00:00-03:00,25329.06399900717,25329.06399900717,25211.068359375,25211.068359375,463,0.0,0.0
2024-04-18 00:00:00-03:00,25296.566292466337,25296.566292466337,25240.568359375,25240.568359375,6,0.0,0.0
2024-04-19 00:00:00-03:00,25794.04359905882,25833.04215305623,25789.043784443766,25811.04296875,7,0.0,0.0
2024-04-22 00:00:00-03:00,25906.042599197062,25912.042377465295,25849.044705648823,25896.04296875,73,0.0,0.0
2024-04-23 00:00:00-03:00,25813.54296875,25813.54296875,25813.54296875,25813.54296875,2,0.0,0.0
2024-04-24 00:00:00-03:00,25813.54296875,25813.54296875,25813.54296875,25813.54296875,0,0.0,0.0
2024-04-25 00:00:00-03:00,25470.056035914982,26191.529296875,25311.561909979897,26191.529296875,74,0.0,0.0
2024-04-26 00:00:00-03:00,26174.034436919337,26174.034436919337,26036.039527567096,26154.53515625,1,0.0,0.0
2024-04-29 00:00:00-03:00,26438.51934486822,26438.51934486822,26175.02911822351,26275.525390625,292,0.0,0.0
2024-04-30 00:00:00-03:00,26407.523417075507,26416.523084256667,26248.529296875,26248.529296875,231,0.0,0.0
2024-05-02 00:00:00-03:00,26383.024632924797,26794.50942054034,26383.024632924797,26679.513671875,428,0.0,0.0
2024-05-03 00:00:00-03:00,27036.501283495385,27595.480635043197,27036.501283495385,27388.48828125,16,0.0,0.0
2024-05-06 00:00:00-03:00,26786.510815626156,27034.501657708293,26781.01101872514,27026.501953125,386,0.0,0.0
2024-05-07 00:00:00-03:00,27026.50126950594,27087.99899693447,26833.508401315594,27008.001953125,64,0.0,0.0
2024-05-08 00:00:00-03:00,26749.009849493905,26847.00622202663,26614.01484651515,26698.51171875,459,0.0,0.0
2024-05-09 00:00:00-03:00,27050.501971571823,27051.001953125,27050.501971571823,27051.001953125,2,0.0,0.0
2024-05-10 00:00:00-03:00,27320.990240011415,27456.985213755706,27223.993824914385,27373.98828125,98,0.0,0.0
2024-05-13 00:00:00-03:00,27768.97562877137,27768.97562877137,27425.98828125,27425.98828125,37,0.0,0.0
2024-05-14 00:00:00-03:00,27314.988742313257,27646.47646994823,27314.988742313257,27643.9765625,18,0.0,0.0
2024-05-15 00:00:00-03:00,27646.979981720102,27980.467677897173,27646.979981720102,27898.470703125,15,0.0,0.0
2024-05-16 00:00:00-03:00,28227.59417147199,28396.08876445047,28227.59417147199,28301.591796875,25,199.46251,0.0
2024-05-17 00:00:00-03:00,28390.5885538767,28544.083626099728,28390.5885538767,28472.0859375,1,0.0,0.0
2024-05-20 00:00:00-03:00,28330.59008870825,28330.59008870825,28140.096206919465,28216.59375,16,0.0,0.0
2024-05-21 00:00:00-03:00,29568.550190974212,30523.01953125,29568.550190974212,30523.01953125,36,0.0,0.0
2024-05-22 00:00:00-03:00,31455.992259885516,31945.9765625,31455.992259885516,31945.9765625,42,0.0,0.0
2024-05-23 00:00:00-03:00,31938.971799640352,32324.95937367483,31164.99671595464,31244.994140625,25,0.0,0.0
2024-05-24 00:00:00-03:00,31063.5006847683,31063.5006847683,30720.51171875,30720.51171875,21,0.0,0.0
2024-05-27 00:00:00-03:00,30720.51171875,30720.51171875,30720.51171875,30720.51171875,0,0.0,0.0
2024-05-28 00:00:00-03:00,30834.008374203775,30834.008374203775,30590.01622102376,30730.01171875,56,0.0,0.0
2024-05-29 00:00:00-03:00,30030.03613235399,30030.03613235399,29725.545905511666,29817.04296875,21,0.0,0.0
2024-05-30 00:00:00-03:00,29581.050036049328,30166.03125,29581.050036049328,30166.03125,7,0.0,0.0
2024-05-31 00:00:00-03:00,30335.025255567005,31562.48581401929,30335.025255567005,31546.486328125,45,0.0,0.0
2024-06-03 00:00:00-03:00,31998.968507915124,32657.947265625,31988.9688302564,32657.947265625,22,0.0,0.0
2024-06-04 00:00:00-03:00,34079.90185173592,34303.894634071796,33601.91725371563,33943.40625,270,0.0,0.0
2024-06-05 00:00:00-03:00,33798.91529284284,34229.40147726795,33598.92171122838,34202.40234375,476,0.0,0.0
2024-06-06 00:00:00-03:00,34241.39909657922,34246.89891975309,33976.407616383745,34018.90625,189,0.0,0.0
2024-06-07 00:00:00-03:00,34368.89938216762,34459.3964841195,34175.40557854674,34398.3984375,103,0.0,0.0
2024-06-10 00:00:00-03:00,34398.89861359376,34498.89541188909,34186.90540120766,34404.3984375,22,0.0,0.0
2024-06-11 00:00:00-03:00,34003.90091699911,34049.399446383715,33837.906282321215,33838.90625,108,0.0,0.0
2024-06-12 00:00:00-03:00,34495.88619985388,34495.88619985388,33841.9073154667,33874.90625,8,0.0,0.0
2024-06-13 00:00:00-03:00,33874.90625,33874.90625,33874.90625,33874.90625,0,0.0,0.0
2024-06-14 00:00:00-03:00,32801.943106180064,32975.9375,32746.44489435819,32975.9375,158,0.0,0.0
2024-06-18 00:00:00-03:00,33498.91854959641,33767.40988185214,33498.91854959641,33758.91015625,44,0.0,0.0
2024-06-19 00:00:00-03:00,33998.90625,33998.90625,33998.90625,33998.90625,1,0.0,0.0
2024-06-24 00:00:00-03:00,35499.85929242262,35998.843258702975,35433.861413114995,35618.85546875,177,0.0,0.0
2024-06-25 00:00:00-03:00,35112.37920125513,35393.37023192859,34984.383286927,35366.37109375,86,0.0,0.0
2024-06-26 00:00:00-03:00,35143.36615866169,35716.84765625,35143.36615866169,35716.84765625,16,0.0,0.0
2024-06-27 00:00:00-03:00,36133.3341166945,36396.825614840294,35811.34450605715,35955.83984375,41,0.0,0.0
2024-06-28 00:00:00-03:00,36248.8341011822,36248.8341011822,35898.8453581363,35948.84375,73,0.0,0.0
2024-07-01 00:00:00-03:00,36576.82829409264,37191.80859375,36505.330584457675,37191.80859375,148,0.0,0.0
2024-07-02 00:00:00-03:00,38058.7801961552,38324.27168701383,37679.29235893921,38147.77734375,112,0.0,0.0
2024-07-03 00:00:00-03:00,38016.782510172095,38016.782510172095,37202.30859375,37202.30859375,4,0.0,0.0
2024-07-04 00:00:00-03:00,37998.77726080839,39498.72899478767,37998.77726080839,39088.7421875,12,0.0,0.0
2024-07-05 00:00:00-03:00,36956.818155187284,37255.80859375,36859.321273047266,37255.80859375,876,0.0,0.0
2024-07-08 00:00:00-03:00,37401.30059091488,37401.30059091488,36643.824882135574,36786.3203125,220,0.0,0.0
2024-07-10 00:00:00-03:00,36398.83050066979,37348.79997802244,36398.83050066979,37323.80078125,36,0.0,0.0
2024-07-11 00:00:00-03:00,37748.787780080434,38073.77734375,37748.787780080434,38073.77734375,3,0.0,0.0
2024-07-12 00:00:00-03:00,38398.76893203884,38898.752902508095,38398.76893203884,38623.76171875,186,0.0,0.0
2024-07-15 00:00:00-03:00,36398.83139025245,36598.82496931978,35023.875534164625,35648.85546875,76,0.0,0.0
2024-07-16 00:00:00-03:00,34498.894328867995,35223.87109375,34498.894328867995,35223.87109375,200,0.0,0.0
2024-07-17 00:00:00-03:00,35823.845483398436,36223.83259277344,35798.8462890625,35998.83984375,427,0.0,0.0
2024-07-18 00:00:00-03:00,36398.83182053942,36398.83182053942,35998.844657676345,36148.83984375,26,0.0,0.0
2024-07-19 00:00:00-03:00,35998.83810188416,35998.83810188416,35823.84375,35823.84375,26,0.0,0.0
2024-07-22 00:00:00-03:00,35898.84386927481,36023.83984375,35898.84386927481,36023.83984375,30,0.0,0.0
2024-07-23 00:00:00-03:00,36598.82722479424,36598.82722479424,36423.83283232596,36448.83203125,79,0.0,0.0
2024-07-24 00:00:00-03:00,36248.8370215049,36248.8370215049,35673.85546875,35673.85546875,37,0.0,0.0
2024-07-25 00:00:00-03:00,33848.90786320059,34223.89576419616,33473.919962205015,33898.90625,447,0.0,0.0
2024-07-26 00:00:00-03:00,33198.93141385768,33448.92336727528,33148.933023174155,33373.92578125,448,0.0,0.0
2024-07-29 00:00:00-03:00,33273.92711374186,33273.92711374186,32423.95452030293,32648.947265625,44,0.0,0.0
2024-07-30 00:00:00-03:00,32548.95324309593,32548.95324309593,32048.969322311048,32248.962890625,2031,0.0,0.0
2024-07-31 00:00:00-03:00,32098.961757990866,33048.93103120243,31923.967418188735,32848.9375,11,0.0,0.0
2024-08-01 00:00:00-03:00,32848.948701054214,33648.92309864458,32848.948701054214,33198.9375,9,0.0,0.0
2024-08-02 00:00:00-03:00,33448.92211841617,33698.9140625,33023.93581347366,33698.9140625,420,0.0,0.0
2024-08-05 00:00:00-03:00,33473.92578125,33748.91695645071,33323.93059477689,33473.92578125,164,0.0,0.0
2024-08-06 00:00:00-03:00,33273.93129337022,33723.91684053826,33273.93129337022,33323.9296875,14,0.0,0.0
2024-08-07 00:00:00-03:00,33523.927099021086,33748.919898343374,33198.9375,33198.9375,13,0.0,0.0
2024-08-08 00:00:00-03:00,32898.93676251919,32948.93514665675,32548.948073556217,32573.947265625,98,0.0,0.0
2024-08-09 00:00:00-03:00,32423.96209038628,32423.96209038628,32348.96449110243,32398.962890625,16,0.0,0.0
2024-08-12 00:00:00-03:00,31798.97899691971,32023.971772841316,31448.990234375,31448.990234375,387,0.0,0.0
2024-08-13 00:00:00-03:00,31423.99138510151,31473.989780304535,31198.998606687896,31398.9921875,59,0.0,0.0
2024-08-14 00:00:00-03:00,31198.996209098164,31323.9921875,31148.997817737432,31323.9921875,30,0.0,0.0
2024-08-15 00:00:00-03:00,31348.994347680975,31698.98312030261,31348.994347680975,31598.986328125,143,0.0,0.0
2024-08-16 00:00:00-03:00,31624.121742248535,32099.10855102539,31499.125213623047,31999.111328125,91,199.46251,0.0
2024-08-19 00:00:00-03:00,31999.111328125,32424.09952545166,31999.111328125,31999.111328125,79,0.0,0.0
2024-08-20 00:00:00-03:00,32224.107104134542,32449.100869795682,31799.11888010794,32424.1015625,40,0.0,0.0
2024-08-21 00:00:00-03:00,32274.10640769453,32549.09879381741,32274.10640769453,32449.1015625,70,0.0,0.0
2024-08-22 00:00:00-03:00,32299.099471489524,32574.091804451124,32099.105047517456,32224.1015625,48,0.0,0.0
2024-08-23 00:00:00-03:00,32524.091382621078,32674.087192225787,32524.091382621078,32649.087890625,57,0.0,0.0
2024-08-26 00:00:00-03:00,33049.075327200306,33049.075327200306,32674.085818949166,32949.078125,265,0.0,0.0
2024-08-27 00:00:00-03:00,33174.07795567078,33524.068227998876,33074.080735005606,33449.0703125,3856,0.0,0.0
2024-08-28 00:00:00-03:00,33499.07119360902,33599.06842105263,32999.08505639098,33249.078125,1122,0.0,0.0
2024-08-29 00:00:00-03:00,33149.08071168904,33599.0682326622,33149.08071168904,33524.0703125,701,0.0,0.0
2024-08-30 00:00:00-03:00,33424.06448348446,33774.0546875,33174.07148061621,33774.0546875,170,0.0,0.0
2024-09-02 00:00:00-03:00,34599.03189480471,34599.03189480471,32899.07946066691,33924.05078125,40,0.0,0.0
2024-09-03 00:00:00-03:00,33474.067526919476,33699.0612593633,33299.07240168539,33374.0703125,444,0.0,0.0
2024-09-04 00:00:00-03:00,33299.07604401806,33799.06217080512,33174.079512321296,33224.078125,382,0.0,0.0
2024-09-05 00:00:00-03:00,32874.08486033114,32874.08486033114,32074.10712988962,32274.1015625,328,0.0,0.0
2024-09-06 00:00:00-03:00,31999.111155698232,31999.111155698232,31049.13754326344,31149.134765625,1770,0.0,0.0
2024-09-09 00:00:00-03:00,31374.124721652322,31599.118444755804,30974.135880579466,31224.12890625,393,0.0,0.0
2024-09-10 00:00:00-03:00,30624.147143204245,31399.125560705743,30624.147143204245,31349.126953125,234,0.0,0.0
2024-09-11 00:00:00-03:00,30924.14239945758,32049.11120137803,30924.14239945758,31974.11328125,217,0.0,0.0
2024-09-12 00:00:00-03:00,31849.11605658255,31974.11258741686,31749.1188319151,31949.11328125,86,0.0,0.0
2024-09-13 00:00:00-03:00,31999.111893583722,32274.10426141921,31874.115362749413,31949.11328125,354,0.0,0.0
2024-09-16 00:00:00-03:00,31549.123568117153,31874.114539896487,31549.123568117153,31849.115234375,59,0.0,0.0
2024-09-17 00:00:00-03:00,31874.10894457198,31874.10894457198,31649.115234375,31649.115234375,43,0.0,0.0
2024-09-18 00:00:00-03:00,31149.13337457295,31299.129201416803,30974.138243255125,31099.134765625,153,0.0,0.0
2024-09-19 00:00:00-03:00,31074.135891154663,31249.131024894068,30974.138671875,30974.138671875,163,0.0,0.0
2024-09-20 00:00:00-03:00,30624.1455078125,30899.137834821428,30624.1455078125,30799.140625,74,0.0,0.0
2024-09-23 00:00:00-03:00,31099.13447234425,31299.12890625,31099.13447234425,31299.12890625,107,0.0,0.0
2024-09-24 00:00:00-03:00,31424.124864496112,31624.11929481908,31249.129737963518,31349.126953125,150,0.0,0.0
2024-09-25 00:00:00-03:00,31474.121514257196,31824.111745551556,31324.125700845325,31699.115234375,70,0.0,0.0
2024-09-26 00:00:00-03:00,31774.11383994533,31924.10965665632,31624.118023234336,31724.115234375,271,0.0,0.0
2024-09-27 00:00:00-03:00,32499.096603154387,32499.096603154387,31899.11328125,31899.11328125,56,0.0,0.0
2024-09-30 00:00:00-03:00,31549.123010139105,31899.11328125,31449.125789821708,31899.11328125,272,0.0,0.0
2024-10-01 00:00:00-03:00,31974.110765515223,32199.10450819672,31824.11493706089,32024.109375,39,0.0,0.0
2024-10-02 00:00:00-03:00,32124.105213994568,32124.105213994568,31624.119140625,31624.119140625,250,0.0,0.0
2024-10-03 00:00:00-03:00,31799.112154447117,31799.112154447117,30999.134490184297,31199.12890625,210,0.0,0.0
2024-10-04 00:00:00-03:00,31224.130298885888,31274.12890625,30949.137958383293,31274.12890625,71,0.0,0.0
2024-10-07 00:00:00-03:00,31274.129627233946,31299.128931492327,30949.138671875,30949.138671875,14,0.0,0.0
2024-10-08 00:00:00-03:00,31024.137509928514,31549.122915011914,31024.137509928514,31474.125,233,0.0,0.0
2024-10-09 00:00:00-03:00,31849.115234375,31849.115234375,31549.123568117153,31849.115234375,179,0.0,0.0
2024-10-10 00:00:00-03:00,31949.110953062747,31949.110953062747,31374.126953125,31374.126953125,152,0.0,0.0
2024-10-14 00:00:00-03:00,31524.118342655645,32174.100164153697,31499.119041828795,32124.1015625,392,0.0,0.0
2024-10-15 00:00:00-03:00,32199.104942202193,32324.101467598943,31849.1146710913,31899.11328125,353,0.0,0.0
2024-10-16 00:00:00-03:00,32124.109998497595,32649.09545372596,32124.109998497595,32499.099609375,133,0.0,0.0
2024-10-17 00:00:00-03:00,32524.093465013844,32849.08440663197,32524.093465013844,32724.087890625,223,0.0,0.0
2024-10-18 00:00:00-03:00,32949.083686840124,33224.076039309955,32624.092724830316,33149.078125,222,0.0,0.0
2024-10-21 00:00:00-03:00,33149.074635692654,33174.073937831185,32824.08370789175,33024.078125,373,0.0,0.0
2024-10-22 00:00:00-03:00,32874.0830063351,33274.07184899773,32849.083703668686,33049.078125,633,0.0,0.0
2024-10-23 00:00:00-03:00,32924.08020823364,33049.076716237556,32599.08928742343,32649.087890625,592,0.0,0.0
2024-10-24 00:00:00-03:00,31499.12109375,31549.119698660714,30799.140625,30799.140625,253,0.0,0.0
2024-10-25 00:00:00-03:00,30949.139299203227,31074.135823028766,30199.16015625,30199.16015625,123,0.0,0.0
2024-10-28 00:00:00-03:00,29924.16909838642,30049.165627619444,29749.173957460185,29824.171875,287,0.0,0.0
2024-10-29 00:00:00-03:00,29699.174653942955,30049.164927642618,29674.17534867869,29799.171875,1040,0.0,0.0
2024-10-30 00:00:00-03:00,29999.16322969543,29999.16322969543,29349.181359718696,29549.17578125,218,0.0,0.0
2024-10-31 00:00:00-03:00,29624.174524728605,29749.171041710582,29424.18009755744,29649.173828125,163,0.0,0.0
2024-11-01 00:00:00-03:00,30299.15388911454,30774.140625,30299.15388911454,30774.140625,502,0.0,0.0
2024-11-04 00:00:00-03:00,30999.137033045976,30999.137033045976,30449.15234375,30449.15234375,241,0.0,0.0
2024-11-05 00:00:00-03:00,31024.13671875,31249.13045804795,30899.14019691781,31024.13671875,248,0.0,0.0
2024-11-06 00:00:00-03:00,31524.121790189183,31749.115522236527,31374.125968824286,31549.12109375,203,0.0,0.0
2024-11-07 00:00:00-03:00,31699.119401246076,31849.115234375,31399.127734988226,31849.115234375,275,0.0,0.0
2024-11-08 00:00:00-03:00,31699.117051630437,31749.115658967392,31449.124014945653,31624.119140625,361,0.0,0.0
2024-11-11 00:00:00-03:00,31624.125078185145,32599.098104311008,31399.13130292533,32474.1015625,771,0.0,0.0
2024-11-12 00:00:00-03:00,34249.04168777634,35024.02000333917,33174.071766189205,33924.05078125,2372,0.0,0.0
2024-11-13 00:00:00-03:00,33874.05440662065,34024.05021949129,33599.062083024466,33724.05859375,1446,0.0,0.0
2024-11-14 00:00:00-03:00,33499.069794804214,33824.06077042545,33074.08159591491,33199.078125,574,0.0,0.0
2024-11-15 00:00:00-03:00,32949.22575420673,32949.22575420673,32474.236915564903,32499.236328125,152,208.69687,0.0
2024-11-19 00:00:00-03:00,32049.241120757695,32049.241120757695,31649.250591949487,31674.25,148,0.0,0.0
2024-11-20 00:00:00-03:00,31549.25463125,31549.25463125,31249.26171875,31249.26171875,86,0.0,0.0
2024-11-21 00:00:00-03:00,31274.260409444334,31549.25390625,31124.263956641244,31549.25390625,229,0.0,0.0
2024-11-22 00:00:00-03:00,31674.252726655137,31849.24859807312,31624.25390625,31624.25390625,399,0.0,0.0
2024-11-25 00:00:00-03:00,31724.253529411762,31999.247058823526,31724.253529411762,31874.25,978,0.0,0.0
2024-11-26 00:00:00-03:00,32149.242340926947,32149.242340926947,31699.252945797332,31824.25,531,0.0,0.0
2024-11-27 00:00:00-03:00,31999.247458952308,32099.245107261533,31799.252162333854,31974.248046875,1114,0.0,0.0
2024-11-28 00:00:00-03:00,31974.248046875,31974.248046875,31974.248046875,31974.248046875,0,0.0,0.0
2024-11-29 00:00:00-03:00,31799.24945111241,32049.24355057084,31774.250041166568,32024.244140625,60,0.0,0.0
2024-12-02 00:00:00-03:00,32274.2385715168,32274.2385715168,31449.258034832015,31624.25390625,1062,0.0,0.0
2024-12-03 00:00:00-03:00,31274.263269346433,31274.263269346433,30624.278581094626,31174.265625,268,0.0,0.0
2024-12-04 00:00:00-03:00,31349.25863584588,31599.25272385103,31349.25863584588,31549.25390625,340,0.0,0.0
2024-12-05 00:00:00-03:00,31324.257861725102,31324.257861725102,30674.27326124238,30749.271484375,2382,0.0,0.0
2024-12-06 00:00:00-03:00,30449.282396048555,30674.277093556302,30174.28887687242,30249.287109375,344,0.0,0.0
2024-12-09 00:00:00-03:00,30149.288656275996,30149.288656275996,29924.29396481125,30049.291015625,2028,0.0,0.0
2024-12-10 00:00:00-03:00,30124.288028119932,30874.270302678935,30124.288028119932,30824.271484375,2972,0.0,0.0
2024-12-11 00:00:00-03:00,30199.28679023693,31549.254908343544,30199.28679023693,30599.27734375,2126,0.0,0.0
2024-12-12 00:00:00-03:00,30824.273217653958,30874.272038769373,30624.27793319229,30649.27734375,1468,0.0,0.0
2024-12-13 00:00:00-03:00,30649.276611722536,30999.268351171246,30649.276611722536,30949.26953125,87,0.0,0.0
2024-12-16 00:00:00-03:00,31924.249318096314,33249.21816215199,31824.251669488338,33224.21875,1675,0.0,0.0
2024-12-17 00:00:00-03:00,33274.21543320665,33799.203054617115,33274.21543320665,33299.21484375,2010,0.0,0.0
2024-12-18 00:00:00-03:00,34199.19521837349,34349.191688629515,33199.21875,33199.21875,238,0.0,0.0
2024-12-19 00:00:00-03:00,33674.19790872713,33699.19731326219,32599.223513719513,32799.21875,556,0.0,0.0
2024-12-20 00:00:00-03:00,32574.234034048157,33324.216398607976,32574.234034048157,33224.21875,25,0.0,0.0
2024-12-23 00:00:00-03:00,33224.21507180951,33399.2109375,33074.21861550337,33399.2109375,291,0.0,0.0
2024-12-24 00:00:00-03:00,33499.21270011169,33649.20917488831,33499.21270011169,33574.2109375,76,0.0,0.0
2024-12-26 00:00:00-03:00,33974.20081534091,34374.19140625,33974.20081534091,34374.19140625,33,0.0,0.0
2024-12-27 00:00:00-03:00,34099.19294577206,34249.18939568015,33799.200045955884,33999.1953125,422,0.0,0.0
2024-12-30 00:00:00-03:00,33574.21269618314,33824.20683390602,33524.21386863856,33649.2109375,123,0.0,0.0
2025-01-02 00:00:00-03:00,33824.2010345805,33824.2010345805,33024.21993102797,33074.21875,86,0.0,0.0
2025-01-03 00:00:00-03:00,33099.222100707375,33574.2109375,33099.222100707375,33574.2109375,511,0.0,0.0
2025-01-06 00:00:00-03:00,33574.20513731061,33574.20513731061,32849.22230113637,32999.21875,383,0.0,0.0
2025-01-07 00:00:00-03:00,32899.21934320425,32924.21875,32749.222902429763,32924.21875,64,0.0,0.0
2025-01-08 00:00:00-03:00,32849.21815498857,32924.2163699543,32774.21994002285,32824.21875,83,0.0,0.0
2025-01-09 00:00:00-03:00,32824.21875,32824.21875,32824.21875,32824.21875,0,0.0,0.0
2025-01-10 00:00:00-03:00,32899.22004310345,32899.22004310345,32299.23426724138,32624.2265625,42,0.0,0.0
2025-01-13 00:00:00-03:00,32874.21884000576,33799.19686059908,32549.2265625,32549.2265625,6426,0.0,0.0
2025-01-14 00:00:00-03:00,32424.23012399271,32574.2265625,32049.23902772448,32574.2265625,136,0.0,0.0
2025-01-15 00:00:00-03:00,32474.229528134587,32599.2265625,32299.233680023004,32599.2265625,48,0.0,0.0
2025-01-16 00:00:00-03:00,32899.2248569955,33324.21484375,32899.2248569955,33324.21484375,1557,0.0,0.0
2025-01-17 00:00:00-03:00,33549.21229338843,33549.21229338843,33224.21992392938,33274.21875,1884,0.0,0.0
2025-01-20 00:00:00-03:00,33999.19557071483,33999.19557071483,32524.23046875,32524.23046875,7,0.0,0.0
2025-01-21 00:00:00-03:00,33499.21387081784,33724.20859084572,33349.217390799255,33624.2109375,221,0.0,0.0
2025-01-22 00:00:00-03:00,33474.211309663355,33474.211309663355,33049.22132290885,33324.21484375,75,0.0,0.0
2025-01-23 00:00:00-03:00,33049.21979010845,33574.20739645662,33049.21979010845,33424.2109375,721,0.0,0.0
2025-01-24 00:00:00-03:00,33574.205866542434,33574.205866542434,32299.236023509173,32699.2265625,110,0.0,0.0
2025-01-27 00:00:00-03:00,32724.228183962266,33124.21875,32524.232900943396,33124.21875,322,0.0,0.0
2025-01-28 00:00:00-03:00,32699.232412846686,32749.231239166023,32299.24180229199,32449.23828125,41,0.0,0.0
2025-01-29 00:00:00-03:00,32649.224781753644,32849.2200330967,32549.227156082117,32574.2265625,224,0.0,0.0
2025-01-30 00:00:00-03:00,32499.23233182162,33149.216978458055,32499.23233182162,33074.21875,139,0.0,0.0
2025-01-31 00:00:00-03:00,33224.21698246606,33424.21226904223,32749.22817684766,33149.21875,652,0.0,0.0
2025-02-03 00:00:00-03:00,32749.225841527987,33099.21756807867,32749.225841527987,33049.21875,27,0.0,0.0
2025-02-04 00:00:00-03:00,33574.209170942166,33574.209170942166,33449.21211520522,33499.2109375,5,0.0,0.0
2025-02-05 00:00:00-03:00,33074.21978349215,33449.2109375,33074.21978349215,33449.2109375,5,0.0,0.0
2025-02-06 00:00:00-03:00,32299.236170265453,32299.236170265453,30999.266912638668,31549.25390625,252,0.0,0.0
2025-02-07 00:00:00-03:00,31449.256762872083,31549.25439963797,30974.26798823411,31074.265625,713,0.0,0.0
2025-02-10 00:00:00-03:00,31074.265853125,31249.26171875,30924.269396875,31249.26171875,233,0.0,0.0
2025-02-11 00:00:00-03:00,30999.269126719257,31249.263232579895,30849.27266320287,30899.271484375,74,0.0,0.0
2025-02-12 00:00:00-03:00,30899.27263589169,30899.27263589169,30599.27969767915,30699.27734375,88,0.0,0.0
2025-02-13 00:00:00-03:00,30574.278563069332,30874.271484375,30574.278563069332,30874.271484375,58,0.0,0.0
2025-02-14 00:00:00-03:00,30649.276713605967,30649.276713605967,30349.283793081275,30374.283203125,123,0.0,0.0
2025-02-17 00:00:00-03:00,30199.288592622295,31224.264447173216,30199.288592622295,31174.265625,53,0.0,0.0
2025-02-18 00:00:00-03:00,30974.269602611203,31499.25722299444,30974.269602611203,31474.2578125,177,0.0,0.0
2025-02-19 00:00:00-03:00,31624.254928588867,32124.24314880371,31599.255517578124,31999.24609375,1994,0.0,0.0
2025-02-20 00:00:00-03:00,31799.248098673947,32049.2421875,31799.248098673947,32049.2421875,75,0.0,0.0
2025-02-21 00:00:00-03:00,31874.244209022374,32149.237688472764,31874.244209022374,32124.23828125,65,0.0,0.0
2025-02-24 00:00:00-03:00,32299.2371002907,32674.228243095928,32199.2394622093,32249.23828125,149,0.0,0.0
2025-02-25 00:00:00-03:00,32274.236507060366,32474.231775888005,32199.23828125,32199.23828125,273,0.0,0.0
2025-02-26 00:00:00-03:00,31974.24124744451,32199.23590829439,31949.24184068341,32099.23828125,69,0.0,0.0
2025-02-27 00:00:00-03:00,32324.24044020433,32574.234565805287,32324.24044020433,32499.236328125,26,0.0,0.0
2025-02-28 00:00:00-03:00,32074.3797758022,32624.369140625,32074.3797758022,32624.369140625,86,208.69687,0.0
2025-03-05 00:00:00-03:00,32599.372165697674,32599.372165697674,31999.383720930233,32249.37890625,92,0.0,0.0
2025-03-06 00:00:00-03:00,32424.379862514434,32574.37699372113,32324.3817750433,32474.37890625,79,0.0,0.0
2025-03-07 00:00:00-03:00,32899.36231211948,32899.36231211948,32549.369096033104,32849.36328125,91,0.0,0.0
2025-03-10 00:00:00-03:00,33499.34969274009,33524.349207436164,32724.364737161777,32799.36328125,102,0.0,0.0
2025-03-11 00:00:00-03:00,32099.37989347699,32124.379410527985,31949.38279117102,32049.380859375,53,0.0,0.0
2025-03-12 00:00:00-03:00,31574.39251973102,31924.385785982988,31574.39251973102,31774.388671875,53,0.0,0.0
2025-03-13 00:00:00-03:00,31799.389631573784,31899.387712176216,31674.39203082074,31849.388671875,212,0.0,0.0
2025-03-14 00:00:00-03:00,32599.376035246536,32624.375556745956,32399.379863251157,32449.37890625,38,0.0,0.0
2025-03-17 00:00:00-03:00,32574.370527669766,33149.35941649279,32574.370527669766,32949.36328125,45,0.0,0.0
2025-03-18 00:00:00-03:00,33599.35242290749,34049.34375,33424.35579570485,34049.34375,2279,0.0,0.0
2025-03-19 00:00:00-03:00,34499.33918787147,34499.33918787147,33599.356426448736,33649.35546875,48,0.0,0.0
2025-03-20 00:00:00-03:00,33699.34569156805,33899.34180843196,33649.34666235207,33799.34375,161,0.0,0.0
2025-03-21 00:00:00-03:00,34024.34133019912,34074.34036227876,33824.34520188053,33899.34375,406,0.0,0.0
2025-03-25 00:00:00-03:00,34124.34709821429,34374.34231505102,33999.34948979592,34299.34375,32,0.0,0.0
2025-03-26 00:00:00-03:00,34949.324258093526,34949.324258093526,34749.328125,34749.328125,63,0.0,0.0
2025-03-27 00:00:00-03:00,34574.33102726782,34724.328125,34474.33296211303,34724.328125,44,0.0,0.0
2025-03-28 00:00:00-03:00,34574.33848852041,34574.33848852041,34224.34518494898,34299.34375,169,0.0,0.0
2025-03-31 00:00:00-03:00,35074.319855743364,35149.31840140782,34549.33003609218,34849.32421875,164,0.0,0.0
2025-04-01 00:00:00-03:00,34824.328077600825,35199.32084225553,34749.329524669876,35024.32421875,26,0.0,0.0
2025-04-03 00:00:00-03:00,34774.332228419895,34774.332228419895,33999.34711046086,34174.34375,170,0.0,0.0
2025-04-04 00:00:00-03:00,33599.35091653666,33599.35091653666,32049.380859375,32049.380859375,89,0.0,0.0
2025-04-07 00:00:00-03:00,31999.386239249416,32474.377128738273,31974.38671875,31974.38671875,498,0.0,0.0
2025-04-08 00:00:00-03:00,32224.37963984001,32624.37193948116,31349.396484375,31349.396484375,162,0.0,0.0
2025-04-09 00:00:00-03:00,32199.380125661377,33099.36279998111,32199.380125661377,33074.36328125,8,0.0,0.0
2025-04-10 00:00:00-03:00,32924.360854730374,33124.35697229897,32774.36376655393,32799.36328125,7,0.0,0.0
2025-04-11 00:00:00-03:00,33024.364665446694,33574.354084553306,32124.381979635888,33299.359375,48,0.0,0.0
2025-04-14 00:00:00-03:00,30774.408497026772,31399.396484375,30699.409938544984,31399.396484375,17,0.0,0.0
2025-04-15 00:00:00-03:00,32174.381750606797,32174.381750606797,30899.40625,30899.40625,117,0.0,0.0
2025-04-16 00:00:00-03:00,30124.421800659602,30124.421800659602,28899.4453125,28899.4453125,10,0.0,0.0
2025-04-21 00:00:00-03:00,26724.485789018934,26899.482421875,26724.485789018934,26899.482421875,66,0.0,0.0
2025-04-22 00:00:00-03:00,27924.462244723138,28499.451171875,27924.462244723138,28499.451171875,210,0.0,0.0
2025-04-23 00:00:00-03:00,28824.446752000433,29199.43955449827,28824.446752000433,28899.4453125,36,0.0,0.0
2025-04-24 00:00:00-03:00,30499.412109375,30499.412109375,30499.412109375,30499.412109375,6,0.0,0.0
2025-04-25 00:00:00-03:00,30024.421419379705,30024.421419379705,29649.428645615593,29899.423828125,39,0.0,0.0
2025-04-28 00:00:00-03:00,29899.424790014607,29949.423828125,29599.430561352252,29949.423828125,61,0.0,0.0
2025-04-29 00:00:00-03:00,31499.393596740432,31724.389265288577,31349.396484375,31349.396484375,86,0.0,0.0
2025-04-30 00:00:00-03:00,30749.40894717262,31599.392609126982,30749.40894717262,31499.39453125,127,0.0,0.0
2025-05-05 00:00:00-03:00,31899.389433262713,32449.37890625,31899.389433262713,32449.37890625,93,0.0,0.0
2025-05-06 00:00:00-03:00,32399.378602941175,32399.378602941175,31849.389151348038,31874.388671875,22,0.0,0.0
2025-05-07 00:00:00-03:00,31949.38640177506,32149.38256078461,31299.398884994036,31424.396484375,168,0.0,0.0
2025-05-08 00:00:00-03:00,31199.397978680612,31349.395084347347,31024.401355402755,31074.400390625,334,0.0,0.0
2025-05-09 00:00:00-03:00,30349.415426032345,31099.40098021766,30349.415426032345,30724.408203125,424,0.0,0.0
2025-05-12 00:00:00-03:00,31199.400206367925,31799.388671875,31199.400206367925,31799.388671875,98,0.0,0.0
2025-05-13 00:00:00-03:00,31574.391614727894,31599.39113302934,31449.394023220655,31524.392578125,108,0.0,0.0
2025-05-14 00:00:00-03:00,31399.396003486054,31449.395041708165,31324.39744615289,31374.396484375,108,0.0,0.0
2025-05-15 00:00:00-03:00,31874.388970269098,32449.37794777199,31874.388970269098,32399.37890625,113,0.0,0.0
2025-05-16 00:00:00-03:00,32249.516961033358,32599.51171875,32249.516961033358,32599.51171875,133,208.69687,0.0
2025-05-19 00:00:00-03:00,32524.514331875955,32749.510972142583,32424.515825090788,32699.51171875,220,0.0,0.0
2025-05-20 00:00:00-03:00,32674.51154968679,32924.5078125,32674.51154968679,32924.5078125,35,0.0,0.0
2025-05-21 00:00:00-03:00,32574.51468931686,32624.513944404072,32249.51953125,32249.51953125,101,0.0,0.0
2025-05-22 00:00:00-03:00,32249.5213863417,32474.518047176643,32249.5213863417,32374.51953125,85,0.0,0.0
2025-05-23 00:00:00-03:00,32149.520277319487,32324.51766607628,32099.521023388974,32199.51953125,145,0.0,0.0
2025-05-26 00:00:00-03:00,32199.51953125,32199.51953125,32199.51953125,32199.51953125,0,0.0,0.0
2025-05-27 00:00:00-03:00,32349.5180590747,33324.50353380724,32349.5180590747,33299.50390625,10596,0.0,0.0
2025-05-28 00:00:00-03:00,33099.50669473883,33099.50669473883,32999.508185087056,33024.5078125,47,0.0,0.0
2025-05-29 00:00:00-03:00,33149.50632911392,33574.5,33149.50632911392,33574.5,37,0.0,0.0
2025-05-30 00:00:00-03:00,33824.49442949779,34099.49031916851,33824.49442949779,33974.4921875,919,0.0,0.0
2025-06-02 00:00:00-03:00,33674.49851079672,33724.49776619508,33274.504467609826,33574.5,52,0.0,0.0
2025-06-03 00:00:00-03:00,33549.497059501846,33924.49143796125,33549.497059501846,33874.4921875,48,0.0,0.0
2025-06-04 00:00:00-03:00,34024.49256034324,34174.490323283775,33949.49367887298,34049.4921875,1425,0.0,0.0
2025-06-05 00:00:00-03:00,34049.48994054204,34049.48994054204,33899.4921875,33899.4921875,90,0.0,0.0
2025-06-06 00:00:00-03:00,34524.48736179642,34524.48736179642,34199.4921875,34199.4921875,45,0.0,0.0
2025-06-09 00:00:00-03:00,34149.49181547619,34149.49181547619,33924.49516369047,34124.4921875,189,0.0,0.0
2025-06-10 00:00:00-03:00,33874.49777613047,33899.49740548554,33674.50074128984,33724.5,428,0.0,0.0
2025-06-11 00:00:00-03:00,33649.49925595238,33749.49776785714,33599.5,33599.5,88,0.0,0.0
2025-06-12 00:00:00-03:00,33749.49888641426,33799.49814402376,33649.50037119525,33674.5,129,0.0,0.0
2025-06-13 00:00:00-03:00,33599.500187406295,33749.49795610007,33349.50390625,33349.50390625,59,0.0,0.0
2025-06-17 00:00:00-03:00,33274.503132764716,33424.500892942466,32674.51209205371,32699.51171875,221,0.0,0.0
2025-06-18 00:00:00-03:00,32299.521752214947,32449.51953125,32249.522492536595,32449.51953125,172,0.0,0.0
2025-06-19 00:00:00-03:00,32449.51953125,32449.51953125,32449.51953125,32449.51953125,1,0.0,0.0
2025-06-23 00:00:00-03:00,32599.51469898725,33324.50390625,32599.51469898725,33324.50390625,293,0.0,0.0
2025-06-24 00:00:00-03:00,33499.498502994014,33499.498502994014,33299.501497005986,33399.5,437,0.0,0.0
2025-06-25 00:00:00-03:00,32974.50874800582,33299.50390625,32924.50949289133,33299.50390625,670,0.0,0.0
2025-06-26 00:00:00-03:00,33499.50002296106,34049.49181438281,33499.50002296106,34024.4921875,106,0.0,0.0
2025-06-27 00:00:00-03:00,34199.49366800291,34299.4921875,34199.49366800291,34299.4921875,26,0.0,0.0
2025-06-30 00:00:00-03:00,34524.48769157512,35374.47507862331,34524.48769157512,35274.4765625,156,0.0,0.0
2025-07-01 00:00:00-03:00,35549.47170091712,36799.453125,35549.47170091712,36799.453125,3455,0.0,0.0
2025-07-02 00:00:00-03:00,36799.44831081081,37399.43931587838,36799.44831081081,36999.4453125,604,0.0,0.0
2025-07-03 00:00:00-03:00,37224.4479079629,37399.4453125,36999.45124498663,37399.4453125,202,0.0,0.0
2025-07-04 00:00:00-03:00,37399.43975244927,37399.43975244927,35699.46521824702,35724.46484375,12,0.0,0.0
2025-07-07 00:00:00-03:00,37899.433053278684,38224.42819159836,37774.434923155735,38124.4296875,534,0.0,0.0
2025-07-08 00:00:00-03:00,38199.427978354266,38199.427978354266,37749.43471682915,37824.43359375,271,0.0,0.0
2025-07-10 00:00:00-03:00,37724.43917633483,37999.43508815702,37549.441777902524,37574.44140625,147,0.0,0.0
2025-07-11 00:00:00-03:00,37199.448647294594,37524.44383036907,37124.449758892784,37424.4453125,289,0.0,0.0
2025-07-14 00:00:00-03:00,37924.43820515422,38499.4296875,37674.44190848214,38499.4296875,17,0.0,0.0
2025-07-15 00:00:00-03:00,38399.427814569535,38449.427069536425,37749.4375,37749.4375,40,0.0,0.0
2025-07-16 00:00:00-03:00,37224.44605654762,37799.4375,36999.4494047619,37799.4375,1362,0.0,0.0
2025-07-17 00:00:00-03:00,37924.434533292486,38299.428941993465,37924.434533292486,38249.4296875,16,0.0,0.0
2025-07-18 00:00:00-03:00,38299.428941993465,38324.4285692402,38099.431924019606,38249.4296875,43,0.0,0.0
2025-07-21 00:00:00-03:00,38574.42350603974,38649.42238518305,37899.43359375,37899.43359375,48,0.0,0.0
2025-07-22 00:00:00-03:00,37974.43791173282,37974.43791173282,37424.44605257671,37474.4453125,16,0.0,0.0
2025-07-23 00:00:00-03:00,37649.43770084871,38074.43135351434,37649.43770084871,37924.43359375,692,0.0,0.0
2025-07-24 00:00:00-03:00,36199.45848619846,36524.453624541406,35774.46484375,35774.46484375,648,0.0,0.0
2025-07-25 00:00:00-03:00,35674.46802061722,36149.4609375,35624.468766208505,36149.4609375,59,0.0,0.0
2025-07-28 00:00:00-03:00,36399.459629186604,36799.4536910458,36399.459629186604,36574.45703125,1065,0.0,0.0
2025-07-29 00:00:00-03:00,36724.45063275244,36724.45063275244,35774.46484375,35774.46484375,67,0.0,0.0
2025-07-30 00:00:00-03:00,35799.469985514654,36699.456661128155,35799.469985514654,36674.45703125,696,0.0,0.0
2025-07-31 00:00:00-03:00,37799.43675496689,37999.43377483444,37749.4375,37749.4375,37,0.0,0.0
2025-08-01 00:00:00-03:00,37099.44643157364,37324.44307435273,37099.44643157364,37174.4453125,170,0.0,0.0
2025-08-04 00:00:00-03:00,35324.4764372495,37549.443459836344,35324.4764372495,37424.4453125,107,0.0,0.0
2025-08-05 00:00:00-03:00,37449.44158476142,37449.44158476142,36999.44829469086,37199.4453125,75,0.0,0.0
2025-08-06 00:00:00-03:00,37199.44813012295,37199.44813012295,36549.45777301059,36599.45703125,101,0.0,0.0
2025-08-07 00:00:00-03:00,35999.4616851595,36149.459442180996,35974.46205898925,36049.4609375,47,0.0,0.0
2025-08-08 00:00:00-03:00,36074.45981445313,36199.45794270833,35999.4609375,35999.4609375,28,0.0,0.0
2025-08-11 00:00:00-03:00,36099.456420216484,36099.456420216484,35749.46169038059,35799.4609375,200,0.0,0.0
2025-08-12 00:00:00-03:00,35724.46319141986,35974.45943488676,35724.46319141986,35874.4609375,79,0.0,0.0
2025-08-13 00:00:00-03:00,36374.46167746225,36424.4609375,36149.46500729238,36424.4609375,288,0.0,0.0
2025-08-14 00:00:00-03:00,35824.604087338055,35824.604087338055,35474.60795529149,35699.60546875,188,208.69687,0.0
2025-08-18 00:00:00-03:00,35499.60970815565,35524.60943330224,35149.61355610341,35174.61328125,92,0.0,0.0
2025-08-19 00:00:00-03:00,35149.613830566406,35324.611907958984,35074.614654541016,35199.61328125,23,0.0,0.0
2025-08-20 00:00:00-03:00,35424.610200264084,35699.60717429578,35399.610475352114,35499.609375,1131,0.0,0.0
2025-08-21 00:00:00-03:00,35524.60517455544,35999.59989539749,35524.60517455544,35849.6015625,2421,0.0,0.0
2025-08-22 00:00:00-03:00,36949.59039801521,37074.5890123522,36724.59289220862,36999.58984375,390,0.0,0.0
2025-08-25 00:00:00-03:00,37299.589786686585,37674.5856625581,37174.591161396085,37649.5859375,80,0.0,0.0
2025-08-26 00:00:00-03:00,37649.58230860152,37799.580644492366,37524.58369535916,37674.58203125,92,0.0,0.0
2025-08-27 00:00:00-03:00,37624.5862124419,37949.582638197215,37624.5862124419,37649.5859375,407,0.0,0.0
2025-08-28 00:00:00-03:00,37274.58901682208,37274.58901682208,37199.58984375,37199.58984375,11,0.0,0.0
2025-08-29 00:00:00-03:00,37199.58846089009,37274.58763117414,36599.59509861767,37074.58984375,1421,0.0,0.0
2025-09-01 00:00:00-03:00,37074.593211557214,38499.57757639792,37074.593211557214,38449.578125,29,0.0,0.0
2025-09-02 00:00:00-03:00,37249.59094189257,37374.58956921436,36824.5956089985,37349.58984375,787,0.0,0.0
2025-09-03 00:00:00-03:00,37074.592155993676,37074.592155993676,36524.59820627563,36574.59765625,143,0.0,0.0
2025-09-04 00:00:00-03:00,36649.5956361382,37174.58984375,36649.5956361382,37174.58984375,224,0.0,0.0
2025-09-05 00:00:00-03:00,37374.58708175505,37424.58652935606,36949.59177714647,37124.58984375,118,0.0,0.0
2025-09-08 00:00:00-03:00,38499.57231207989,38999.56675769131,38119.5765334152,38679.5703125,154,0.0,0.0
2025-09-09 00:00:00-03:00,38679.57460570907,38679.57460570907,38019.58186424661,38359.578125,281,0.0,0.0
2025-09-10 00:00:00-03:00,38239.57612979506,38279.57568641619,37979.57901175775,38059.578125,45,0.0,0.0
2025-09-11 00:00:00-03:00,37959.582840473144,39139.569872921995,37959.582840473144,39099.5703125,998,0.0,0.0
2025-09-12 00:00:00-03:00,38979.57075297924,39119.569211301896,38759.57317561507,39019.5703125,106,0.0,0.0
2025-09-15 00:00:00-03:00,39039.57123860182,39479.56640625,38939.5723368636,39479.56640625,4161,0.0,0.0
2025-09-16 00:00:00-03:00,39399.566127947204,39399.566127947204,38979.57075297924,39019.5703125,281,0.0,0.0
2025-09-17 00:00:00-03:00,39159.57057331184,39719.564432378604,39159.57057331184,39539.56640625,84,0.0,0.0
2025-09-18 00:00:00-03:00,39759.56143500487,41079.546875,39759.56143500487,41079.546875,72,0.0,0.0
2025-09-19 00:00:00-03:00,40259.55418346774,40919.546875,40199.5548478739,40919.546875,82,0.0,0.0
2025-09-22 00:00:00-03:00,38779.573396818545,38779.573396818545,37499.587477583686,37639.5859375,489,0.0,0.0
2025-09-23 00:00:00-03:00,37119.58873581848,37159.588292645865,36059.60047989262,37019.58984375,397,0.0,0.0
2025-09-24 00:00:00-03:00,36219.60287819895,36719.59739611998,36219.60287819895,36339.6015625,457,0.0,0.0
2025-09-25 00:00:00-03:00,35999.60295024671,36479.59765625,35999.60295024671,36479.59765625,284,0.0,0.0
2025-09-26 00:00:00-03:00,36379.59822480367,38299.57702061519,36379.59822480367,38199.578125,154,0.0,0.0
2025-09-29 00:00:00-03:00,38759.57273762186,39179.56810784376,38199.578910659315,38979.5703125,4559,0.0,0.0
2025-09-30 00:00:00-03:00,38999.57096868824,40479.5546875,38819.572948832756,40479.5546875,477,0.0,0.0
2025-10-01 00:00:00-03:00,41639.54358671988,41639.54358671988,40739.553451560234,41339.546875,507,0.0,0.0
2025-10-02 00:00:00-03:00,41399.541783707864,41959.53558561309,40939.546875,40939.546875,198,0.0,0.0
2025-10-03 00:00:00-03:00,40899.54730402144,40899.54730402144,39859.55881511723,39879.55859375,2343,0.0,0.0
2025-10-06 00:00:00-03:00,40179.55437931847,40199.55415750628,39599.56081187186,39799.55859375,4147,0.0,0.0
2025-10-07 00:00:00-03:00,39959.55533214637,40719.546875,39699.55822538065,40719.546875,479,0.0,0.0
2025-10-08 00:00:00-03:00,40899.54984475408,40899.54984475408,40319.5562283737,40459.5546875,146,0.0,0.0
2025-10-09 00:00:00-03:00,40719.554625,40719.554625,37499.58984375,37499.58984375,166,0.0,0.0
2025-10-13 00:00:00-03:00,35979.605726588285,36359.6015625,35979.605726588285,36359.6015625,136,0.0,0.0
2025-10-14 00:00:00-03:00,36099.602150274295,38579.57481876959,35919.60413401254,38279.578125,2002,0.0,0.0
2025-10-15 00:00:00-03:00,38019.577394563006,38319.57405995935,36799.590955284555,36899.58984375,149,0.0,0.0
2025-10-16 00:00:00-03:00,36719.59397321429,38139.57827174273,36719.59397321429,37799.58203125,6171,0.0,0.0
2025-10-17 00:00:00-03:00,38059.58072718178,39359.56640625,38039.58094750381,39359.56640625,1661,0.0,0.0
2025-10-20 00:00:00-03:00,39599.56582991803,40319.55793591654,39519.566707029306,40259.55859375,236,0.0,0.0
2025-10-21 00:00:00-03:00,40419.552856154805,42199.53316501071,40419.552856154805,42019.53515625,999,0.0,0.0
2025-10-22 00:00:00-03:00,42019.54097607281,42059.54053911524,41479.546875,41479.546875,498,0.0,0.0
2025-10-23 00:00:00-03:00,43479.522015712944,44099.51519992964,42639.53125,42639.53125,2972,0.0,0.0
2025-10-24 00:00:00-03:00,42639.53119826159,42679.5307584851,41779.540653456126,42279.53515625,220,0.0,0.0
2025-10-27 00:00:00-03:00,39999.557291666664,42799.52630208333,35999.6015625,41999.53515625,131,0.0,0.0
2025-10-28 00:00:00-03:00,39679.56234382809,40099.557711378686,39539.563887977885,40019.55859375,3002,0.0,0.0
2025-10-29 00:00:00-03:00,39919.56135168525,39919.56135168525,39079.57058176001,39459.56640625,298,0.0,0.0
2025-10-30 00:00:00-03:00,37859.58435450683,38219.58040225174,37279.59072202891,37359.58984375,700,0.0,0.0
2025-10-31 00:00:00-03:00,36999.59152552166,37919.581368858955,36999.59152552166,37859.58203125,188,0.0,0.0
2025-11-03 00:00:00-03:00,37899.58025925742,37899.58025925742,37059.58956221847,37739.58203125,1917,0.0,0.0
2025-11-04 00:00:00-03:00,37159.58784731612,37159.58784731612,36919.590509227965,36979.58984375,3827,0.0,0.0
2025-11-05 00:00:00-03:00,36999.59138984249,37199.58918113894,36799.593598546046,37139.58984375,831,0.0,0.0
2025-11-06 00:00:00-03:00,36899.59220280196,36939.591760745374,36619.595297198044,36759.59375,2100,0.0,0.0
2025-11-07 00:00:00-03:00,36599.594921874996,36599.594921874996,35839.60333333333,35999.6015625,3110,0.0,0.0
2025-11-10 00:00:00-03:00,35999.604201158945,36259.60134261176,35619.6083790356,36239.6015625,760,0.0,0.0
2025-11-11 00:00:00-03:00,36639.59536550889,37199.58918113894,36139.60088726777,37139.58984375,250,0.0,0.0
2025-11-12 00:00:00-03:00,37159.58984375,37699.583883460036,36639.59558328848,37159.58984375,816,0.0,0.0
2025-11-13 00:00:00-03:00,37159.59028477823,37539.58609501008,37099.59094632057,37199.58984375,649,0.0,0.0
2025-11-14 00:00:00-03:00,36779.74067845838,37139.73814023774,36459.742934654496,37119.73828125,2998,219.77814,0.0
2025-11-17 00:00:00-03:00,37079.74063791322,37079.74063791322,36279.74623364325,36299.74609375,514,0.0,0.0
2025-11-18 00:00:00-03:00,35559.751953125,35859.74986049107,35259.75404575893,35279.75390625,876,0.0,0.0
2025-11-19 00:00:00-03:00,34999.75334246134,35359.75080541237,34779.754892880155,34919.75390625,322,0.0,0.0
2025-11-20 00:00:00-03:00,35479.75053125,35499.750390625,34939.754328125,34999.75390625,214,0.0,0.0
2025-11-21 00:00:00-03:00,35799.747223477476,35959.74609375,35799.747223477476,35959.74609375,11,0.0,0.0
2025-11-25 00:00:00-03:00,36099.747770621216,36399.7456745322,35919.74902827463,36339.74609375,1336,0.0,0.0
2025-11-26 00:00:00-03:00,36619.74204661885,36679.74162397541,36219.7448642418,36599.7421875,176,0.0,0.0
2025-11-27 00:00:00-03:00,36599.74139022003,38699.726551953965,36599.74139022003,37039.73828125,38,0.0,0.0
2025-11-28 00:00:00-03:00,36039.74599337069,36599.742046541825,36039.74599337069,36579.7421875,237,0.0,0.0
2025-12-01 00:00:00-03:00,36399.74553448513,36399.74553448513,35979.74847062569,36319.74609375,126,0.0,0.0
2025-12-02 00:00:00-03:00,35999.74765497553,36779.7421875,35999.74765497553,36779.7421875,186,0.0,0.0
2025-12-03 00:00:00-03:00,36919.73964886488,36979.739225759025,36539.742328535285,36559.7421875,145,0.0,0.0
2025-12-04 00:00:00-03:00,36119.74707408301,36619.74357289368,36119.74707408301,36259.74609375,690,0.0,0.0
2025-12-05 00:00:00-03:00,35999.74609375,36279.74411892361,35959.74637586805,35999.74609375,334,0.0,0.0
2025-12-09 00:00:00-03:00,36119.74439538043,36159.74411231884,35839.74637681159,35879.74609375,132,0.0,0.0
2025-12-10 00:00:00-03:00,35899.74708006729,36079.74581194506,35819.74764367716,36039.74609375,231,0.0,0.0
2025-12-11 00:00:00-03:00,36079.745433087024,36619.74162305008,36079.745433087024,36539.7421875,312,0.0,0.0
2025-12-12 00:00:00-03:00,36539.741763466285,36579.741480777135,36379.74289422286,36479.7421875,165,0.0,0.0
2025-12-15 00:00:00-03:00,37059.73818982713,37639.734092420214,36819.739885305855,37599.734375,151,0.0,0.0
2025-12-16 00:00:00-03:00,37919.73216391509,38299.72947990369,37839.73272897013,38159.73046875,2507,0.0,0.0
2025-12-17 00:00:00-03:00,38179.73326919392,39199.72614333163,38179.73326919392,39139.7265625,349,0.0,0.0
2025-12-18 00:00:00-03:00,39679.720757180155,39679.720757180155,37999.73257996084,38299.73046875,190,0.0,0.0
2025-12-19 00:00:00-03:00,38319.73008436373,38879.72613987635,38319.73008436373,38819.7265625,270,0.0,0.0
2025-12-22 00:00:00-03:00,38299.73114594345,38839.72735531184,37719.735217362584,37839.734375,230,0.0,0.0
2025-12-23 00:00:00-03:00,37799.73548211899,37859.73506224933,37279.7391209893,37399.73828125,1702,0.0,0.0
2025-12-24 00:00:00-03:00,37339.73884077699,37419.73828125,37339.73884077699,37419.73828125,45,0.0,0.0
2025-12-26 00:00:00-03:00,37919.732541157726,37919.732541157726,34999.7531366171,37659.734375,161,0.0,0.0
2025-12-29 00:00:00-03:00,37519.73536245353,37999.73197689856,37519.73536245353,37659.734375,229,0.0,0.0
2025-12-30 00:00:00-03:00,37699.73352680947,37959.73168906333,37579.734375,37579.734375,83,0.0,0.0
2026-01-02 00:00:00-03:00,37839.733529957586,37879.733248276774,37339.737050967655,37719.734375,458,0.0,0.0
2026-01-05 00:00:00-03:00,37839.73263888889,38839.725573320415,37479.73518249354,38699.7265625,609,0.0,0.0
2026-01-06 00:00:00-03:00,39079.727260400716,39239.72614375957,38699.72991242343,39179.7265625,614,0.0,0.0
2026-01-07 00:00:00-03:00,39319.72198403069,39579.720145674844,38119.73046875,38119.73046875,414,0.0,0.0
2026-01-08 00:00:00-03:00,38119.7307095326,39319.72223239302,38119.7307095326,39259.72265625,296,0.0,0.0
2026-01-09 00:00:00-03:00,39399.72227443609,39959.71832706767,39299.722979323305,39899.71875,169,0.0,0.0
2026-01-12 00:00:00-03:00,39719.71917420814,39799.718608597286,39199.72285067873,39779.71875,151,0.0,0.0
2026-01-13 00:00:00-03:00,39859.72168259682,40299.71861035253,39859.72168259682,40279.71875,255,0.0,0.0
2026-01-14 00:00:00-03:00,40779.71287229938,41019.71118248456,40179.717096836415,40499.71484375,305,0.0,0.0
2026-01-15 00:00:00-03:00,40199.71820842552,40779.714142775934,40199.71820842552,40679.71484375,1414,0.0,0.0
2026-01-16 00:00:00-03:00,41599.707593570056,41799.70618776991,41099.71110807041,41679.70703125,881,0.0,0.0
2026-01-19 00:00:00-03:00,42499.70278532609,44499.688798753195,39099.7265625,39099.7265625,63,0.0,0.0
2026-01-20 00:00:00-03:00,41039.70895179097,41459.70597322743,40679.711504845436,40759.7109375,661,0.0,0.0
2026-01-21 00:00:00-03:00,41199.70984825721,41819.70548189603,41199.70984825721,41599.70703125,3068,0.0,0.0
2026-01-22 00:00:00-03:00,41599.70581229157,42159.701852072416,41239.70835814674,41979.703125,447,0.0,0.0
2026-01-23 00:00:00-03:00,41979.70326636905,42139.702135416665,41899.70383184524,41999.703125,108,0.0,0.0
2026-01-26 00:00:00-03:00,41559.70511173518,41999.70198972276,41559.70511173518,41839.703125,438,0.0,0.0
2026-01-27 00:00:00-03:00,42039.70379013348,42139.70308554293,41499.70759492244,41579.70703125,612,0.0,0.0
2026-01-28 00:00:00-03:00,41419.709675830505,41679.70785341901,41239.7109375,41239.7109375,188,0.0,0.0
2026-01-29 00:00:00-03:00,40939.71496101079,42839.70173252814,40939.71496101079,42639.703125,1323,0.0,0.0
2026-01-30 00:00:00-03:00,42879.70117370892,42999.70033744132,42439.70424002348,42599.703125,987,0.0,0.0
2026-02-02 00:00:00-03:00,42599.70130196032,42679.70074102504,42339.703125,42339.703125,966,0.0,0.0
2026-02-03 00:00:00-03:00,42779.69935930199,43259.69598605432,42759.699499853974,42799.69921875,196,0.0,0.0
2026-02-04 00:00:00-03:00,43159.70003849224,44279.69225450502,43159.70003849224,43839.6953125,1693,0.0,0.0
2026-02-05 00:00:00-03:00,43939.689899503166,44319.68721770551,43619.69215785908,44279.6875,238,0.0,0.0
2026-02-06 00:00:00-03:00,44859.68468848403,44859.68468848403,43799.69213900135,44459.6875,291,0.0,0.0
2026-02-09 00:00:00-03:00,44859.6831204792,44859.6831204792,44219.68764127487,44239.6875,132,0.0,0.0
2026-02-10 00:00:00-03:00,43879.688075621394,45059.6796875,43879.688075621394,45059.6796875,121,0.0,0.0
2026-02-11 00:00:00-03:00,44799.68153573014,45059.6796875,44039.686938249004,45059.6796875,323,0.0,0.0
2026-02-12 00:00:00-03:00,44439.68466167121,44879.68153950954,44039.6875,44039.6875,886,0.0,0.0
2026-02-13 00:00:00-03:00,43619.69229683973,44739.68439616253,43579.69257900677,44299.6875,311,0.0,0.0
2026-02-18 00:00:00-03:00,44559.68874656121,44559.68874656121,43619.6953125,43619.6953125,773,0.0,0.0
2026-02-19 00:00:00-03:00,43719.69334858425,43799.69278746547,43299.69629445787,43439.6953125,252,0.0,0.0
2026-02-20 00:00:00-03:00,43559.6924423859,44319.68707636692,43559.6924423859,44259.6875,56,0.0,0.0
2026-02-23 00:00:00-03:00,43999.68721565059,43999.68721565059,43579.69020131938,43959.6875,918,0.0,0.0
2026-02-24 00:00:00-03:00,44279.686650815216,44439.68551856884,44019.688490715576,44159.6875,386,0.0,0.0
2026-02-25 00:00:00-03:00,44539.68875782647,44719.6875,43739.69434816637,44719.6875,86,0.0,0.0
2026-02-26 00:00:00-03:00,44839.68638093107,44959.68554162937,44279.690297672336,44679.6875,299,0.0,0.0
2026-02-27 00:00:00-03:00,45259.83328538953,45259.83328538953,44539.8359375,44539.8359375,249,219.77814,0.0
2026-03-02 00:00:00-03:00,44319.8348630213,45339.83106248614,44319.8348630213,45079.83203125,91,0.0,0.0
2026-03-03 00:00:00-03:00,45139.83328695306,45599.83158806069,45059.8335824126,45479.83203125,304,0.0,0.0
2026-03-04 00:00:00-03:00,44739.83403441089,45299.83195705886,44299.835666616054,45279.83203125,3446,0.0,0.0
2026-03-05 00:00:00-03:00,44619.83632222,44639.83624885479,43479.840504036874,43659.83984375,136,0.0,0.0
2026-03-06 00:00:00-03:00,43539.83962274322,43859.83844404037,43439.83999108786,43479.83984375,196,0.0,0.0
2026-03-09 00:00:00-03:00,43579.83999061497,43699.83955002006,42859.84263418443,43619.83984375,131,0.0,0.0
2026-03-10 00:00:00-03:00,43479.83758111339,44779.83272498292,43479.83758111339,43919.8359375,62,0.0,0.0
2026-03-11 00:00:00-03:00,43939.83852075206,44079.83800625287,43499.84013774954,43579.83984375,2599,0.0,0.0
2026-03-12 00:00:00-03:00,43399.84044117647,43719.839264705886,42499.84375,42499.84375,113,0.0,0.0
2026-03-13 00:00:00-03:00,43119.840214310505,43219.83984375,42919.840955431515,43219.83984375,9,0.0,0.0
2026-03-16 00:00:00-03:00,43199.83962100139,43319.839175504174,42999.840363496754,43139.83984375,553,0.0,0.0
2026-03-17 00:00:00-03:00,42759.842497642625,42759.842497642625,42119.84485502122,42419.84375,262,0.0,0.0
2026-03-18 00:00:00-03:00,42199.84375,42699.84189869668,42199.84375,42199.84375,224,0.0,0.0
2026-03-19 00:00:00-03:00,41999.84375,41999.84375,41999.84375,41999.84375,10,0.0,0.0
2026-03-20 00:00:00-03:00,41779.84747371495,41779.84747371495,40599.85178154206,40659.8515625,355,0.0,0.0
2026-03-23 00:00:00-03:00,40839.847506893384,41159.84631204044,40799.84765625,40799.84765625,49,0.0,0.0
2026-03-25 00:00:00-03:00,41059.84765625,41319.8466915794,40859.84839830431,41059.84765625,275,0.0,0.0
2026-03-26 00:00:00-03:00,41119.846310721296,41219.84593696332,40639.84810475957,40759.84765625,646,0.0,0.0
2026-03-27 00:00:00-03:00,40879.848986117846,41399.847065197624,40839.84913388094,41239.84765625,277,0.0,0.0
2026-03-30 00:00:00-03:00,41279.84839079074,41579.84728897963,41159.84883151519,41479.84765625,243,0.0,0.0
2026-03-31 00:00:00-03:00,41419.84787661222,41519.84750934185,41179.84875806112,41479.84765625,453,0.0,0.0
2026-04-01 00:00:00-03:00,42119.84470858896,42639.84279141104,42039.845003539405,42379.84375,262,0.0,0.0
2026-04-06 00:00:00-03:00,42319.84315702087,42319.84315702087,41959.84449122391,42159.84375,226,0.0,0.0
2026-04-07 00:00:00-03:00,42099.845304585746,42099.845304585746,41239.84846463459,41459.84765625,107,0.0,0.0
2026-04-08 00:00:00-03:00,42199.84230999183,42859.83984375,42199.84230999183,42859.83984375,84,0.0,0.0
2026-04-09 00:00:00-03:00,42719.84322009624,43719.83955015467,42719.84322009624,43639.83984375,344,0.0,0.0
2026-04-10 00:00:00-03:00,43499.83932664034,43519.839252767524,43359.83984375,43359.83984375,50,0.0,0.0
2026-04-13 00:00:00-03:00,43099.842581229546,43099.842581229546,42519.844699625995,42779.84375,358,0.0,0.0
2026-04-14 00:00:00-03:00,42339.84535705938,42779.84375,42339.84535705938,42779.84375,205,0.0,0.0
2026-04-15 00:00:00-03:00,42239.84375,42519.84271425189,42039.844489820076,42239.84375,94,0.0,0.0
2026-04-16 00:00:00-03:00,42299.84524157961,42299.84524157961,41579.84787576549,41639.84765625,197,0.0,0.0
2026-04-17 00:00:00-03:00,42299.84499589587,42939.84265068011,42299.84499589587,42639.84375,212,0.0,0.0
2026-04-20 00:00:00-03:00,42579.84196852732,42579.84196852732,42099.84375,42099.84375,4028,0.0,0.0
2026-04-21 00:00:00-03:00,42099.84638105334,42099.84638105334,40579.851927390606,40679.8515625,213,0.0,0.0
2026-04-22 00:00:00-03:00,41139.849216820985,41139.849216820985,40159.852808641976,40499.8515625,309,0.0,0.0
2026-04-23 00:00:00-03:00,38379.85963792067,39999.85371330972,38379.85963792067,39519.85546875,309,0.0,0.0
2026-04-24 00:00:00-03:00,39179.85692939931,39679.855103587666,39019.857513659044,39579.85546875,186,0.0,0.0
2026-04-27 00:00:00-03:00,39719.85362617925,40319.851415094345,39639.853920990565,40279.8515625,419,0.0,0.0
2026-04-28 00:00:00-03:00,40199.8508203125,40199.8508203125,39899.85193359375,39999.8515625,223,0.0,0.0
2026-04-29 00:00:00-03:00,39519.85443743629,39519.85443743629,39039.856205402655,39239.85546875,232,0.0,0.0
2026-04-30 00:00:00-03:00,39159.855042082294,40219.85111829801,38999.85563435162,40099.8515625,204,0.0,0.0
2026-05-01 00:00:00-03:00,40099.8515625,40099.8515625,40099.8515625,40099.8515625,0,0.0,0.0
2026-05-04 00:00:00-03:00,39879.85311146152,39879.85311146152,39199.85561608053,39239.85546875,165,0.0,0.0
2026-05-05 00:00:00-03:00,39199.853828044375,39439.85293311404,38759.85546875,38759.85546875,404,0.0,0.0
2026-05-06 00:00:00-03:00,39619.85413953993,40319.8515625,39459.85472857763,40319.8515625,244,0.0,0.0
2026-05-07 00:00:00-03:00,39659.85348354281,40259.85126695495,39659.85348354281,40179.8515625,194,0.0,0.0
2026-05-08 00:00:00-03:00,40059.850140971525,40119.849916519655,39679.8515625,39679.8515625,179,0.0,0.0
2026-05-11 00:00:00-03:00,40799.85083128079,41019.85002693965,40559.851708743845,40599.8515625,1237,0.0,0.0
2026-05-12 00:00:00-03:00,40239.85178349876,40539.85067850496,40039.85252016129,40299.8515625,582,0.0,0.0
2026-05-13 00:00:00-03:00,40159.85222483887,40439.85119453396,40099.85244561849,40339.8515625,1686,0.0,0.0
2026-05-14 00:00:00-03:00,40339.85170954061,40439.85134193908,40339.85170954061,40379.8515625,272,0.0,0.0
2026-05-15 00:00:00-03:00,39660.0,39700.0,39380.0,39460.0,534,219.77814,0.0
2026-05-18 00:00:00-03:00,39880.0,40460.0,39880.0,40260.0,763,0.0,0.0
2026-05-19 00:00:00-03:00,40520.0,40700.0,40300.0,40620.0,7514,0.0,0.0
2026-05-20 00:00:00-03:00,40320.0,40620.0,40320.0,40420.0,335,0.0,0.0
2026-05-21 00:00:00-03:00,41000.0,41800.0,41000.0,41420.0,1349,0.0,0.0
2026-05-22 00:00:00-03:00,41980.0,42560.0,41980.0,42420.0,476,0.0,0.0
2026-05-25 00:00:00-03:00,42420.0,42420.0,42420.0,42420.0,0,0.0,0.0
2026-05-26 00:00:00-03:00,43120.0,43740.0,43100.0,43100.0,1066,0.0,0.0
2026-05-27 00:00:00-03:00,43260.0,43700.0,42880.0,42920.0,669,0.0,0.0
2026-05-28 00:00:00-03:00,42620.0,43240.0,42620.0,43120.0,282,0.0,0.0
2026-05-29 00:00:00-03:00,43300.0,44440.0,43300.0,44160.0,3781,0.0,0.0
2026-06-01 00:00:00-03:00,43860.0,44200.0,43280.0,44140.0,1765,0.0,0.0
2026-06-02 00:00:00-03:00,44560.0,44560.0,43500.0,44180.0,635,0.0,0.0
2026-06-03 00:00:00-03:00,44460.0,44760.0,42300.0,42400.0,4176,0.0,0.0
2026-06-04 00:00:00-03:00,42840.0,42840.0,41060.0,41220.0,5187,0.0,0.0
2026-06-05 00:00:00-03:00,42400.0,42400.0,40300.0,40380.0,6935,0.0,0.0
2026-06-08 00:00:00-03:00,40580.0,40680.0,40180.0,40300.0,132,0.0,0.0
2026-06-09 00:00:00-03:00,40780.0,40920.0,40420.0,40880.0,4726,0.0,0.0
2026-06-10 00:00:00-03:00,40020.0,40220.0,38820.0,38840.0,968,0.0,0.0
2026-06-11 00:00:00-03:00,39000.0,41080.0,38860.0,40920.0,630,0.0,0.0
2026-06-12 00:00:00-03:00,41220.0,42160.0,41200.0,41200.0,560,0.0,0.0
2026-06-15 00:00:00-03:00,41200.0,41200.0,41200.0,41200.0,0,0.0,0.0
2026-06-16 00:00:00-03:00,43000.0,43260.0,42760.0,43040.0,311,0.0,0.0
2026-06-17 00:00:00-03:00,43300.0,43960.0,42980.0,43040.0,358,0.0,0.0
2026-06-18 00:00:00-03:00,43300.0,43980.0,42700.0,43080.0,1199,0.0,0.0
2026-06-19 00:00:00-03:00,43000.0,44980.0,43000.0,43000.0,7,0.0,0.0
2026-06-22 00:00:00-03:00,43660.0,44080.0,43400.0,43400.0,255,0.0,0.0
2026-06-23 00:00:00-03:00,43080.0,43300.0,42840.0,43160.0,7655,0.0,0.0
2026-06-24 00:00:00-03:00,43220.0,44360.0,43220.0,44020.0,859,0.0,0.0
2026-06-25 00:00:00-03:00,45000.0,45900.0,44540.0,44560.0,1566,0.0,0.0
2026-06-26 00:00:00-03:00,44540.0,45000.0,44060.0,44720.0,97,0.0,0.0
2026-06-29 00:00:00-03:00,44720.0,44720.0,44720.0,44720.0,0,0.0,0.0
2026-06-30 00:00:00-03:00,44720.0,44720.0,44720.0,44720.0,0,0.0,0.0
2026-07-01 00:00:00-03:00,44720.0,44720.0,44720.0,44720.0,0,0.0,0.0
2026-07-02 00:00:00-03:00,44720.0,44720.0,44720.0,44720.0,0,0.0,0.0
2026-07-03 00:00:00-03:00,44720.0,44720.0,44720.0,44720.0,0,0.0,0.0
2026-07-06 00:00:00-03:00,44720.0,44720.0,44720.0,44720.0,0,0.0,0.0
2026-07-07 00:00:00-03:00,44720.0,44720.0,44720.0,44720.0,0,0.0,0.0
2026-07-08 00:00:00-03:00,43700.0,43700.0,43340.0,43340.0,488,0.0,0.0
2026-07-09 00:00:00-03:00,43340.0,43340.0,43340.0,43340.0,0,0.0,0.0
2026-07-10 00:00:00-03:00,43600.0,44640.0,43540.0,44300.0,201,0.0,0.0
2026-07-13 00:00:00-03:00,44300.0,44680.0,43140.0,43480.0,754,0.0,0.0
2026-07-14 00:00:00-03:00,43540.0,44020.0,43220.0,43320.0,293,0.0,0.0
2026-07-15 00:00:00-03:00,43140.0,43880.0,43080.0,43260.0,837,0.0,0.0
2026-07-16 00:00:00-03:00,43840.0,44200.0,43660.0,44200.0,346,0.0,0.0
2026-07-17 00:00:00-03:00,44960.0,45060.0,44340.0,44400.0,49,0.0,0.0
2026-07-20 00:00:00-03:00,44480.0,44880.0,44320.0,44400.0,209,0.0,0.0
2026-07-21 00:00:00-03:00,,,,,133,0.0,0.0
