Date,Open,High,Low,Close,Volume,Dividends,Stock Splits
2008-06-04 00:00:00-03:00,17.419410705566406,17.419410705566406,17.419410705566406,17.419410705566406,4000,0.0,0.0
2008-06-05 00:00:00-03:00,17.419410705566406,17.419410705566406,17.419410705566406,17.419410705566406,0,0.0,0.0
2008-06-06 00:00:00-03:00,17.419410705566406,17.419410705566406,17.419410705566406,17.419410705566406,0,0.0,0.0
2008-06-09 00:00:00-03:00,17.419410705566406,17.419410705566406,17.419410705566406,17.419410705566406,0,0.0,0.0
2008-06-10 00:00:00-03:00,17.419410705566406,17.419410705566406,17.419410705566406,17.419410705566406,0,0.0,0.0
2008-06-11 00:00:00-03:00,17.419410705566406,17.419410705566406,17.419410705566406,17.419410705566406,0,0.0,0.0
2008-06-12 00:00:00-03:00,17.419410705566406,17.419410705566406,17.419410705566406,17.419410705566406,0,0.0,0.0
2008-06-13 00:00:00-03:00,17.419410705566406,17.419410705566406,17.419410705566406,17.419410705566406,0,0.0,0.0
2008-06-17 00:00:00-03:00,17.419410705566406,17.419410705566406,17.419410705566406,17.419410705566406,0,0.0,0.0
2008-06-18 00:00:00-03:00,17.419410705566406,17.419410705566406,17.419410705566406,17.419410705566406,0,0.0,0.0
2008-06-19 00:00:00-03:00,17.419410705566406,17.419410705566406,17.419410705566406,17.419410705566406,0,0.0,0.0
2008-06-20 00:00:00-03:00,17.419410705566406,17.419410705566406,17.419410705566406,17.419410705566406,0,0.0,0.0
2008-06-23 00:00:00-03:00,15.677462577819824,15.677462577819824,15.677462577819824,15.677462577819824,4000,0.0,0.0
2008-06-24 00:00:00-03:00,15.677462577819824,15.677462577819824,15.677462577819824,15.677462577819824,0,0.0,0.0
2008-06-25 00:00:00-03:00,15.677462577819824,15.677462577819824,15.677462577819824,15.677462577819824,0,0.0,0.0
2008-06-26 00:00:00-03:00,15.677462577819824,15.677462577819824,15.677462577819824,15.677462577819824,0,0.0,0.0
2008-06-27 00:00:00-03:00,15.677462577819824,15.677462577819824,15.677462577819824,15.677462577819824,0,0.0,0.0
2008-06-30 00:00:00-03:00,15.677462577819824,15.677462577819824,15.677462577819824,15.677462577819824,0,0.0,0.0
2008-07-01 00:00:00-03:00,15.677462577819824,15.677462577819824,15.677462577819824,15.677462577819824,0,0.0,0.0
2008-07-02 00:00:00-03:00,15.677462577819824,15.677462577819824,15.677462577819824,15.677462577819824,0,0.0,0.0
2008-07-03 00:00:00-03:00,15.677462577819824,15.677462577819824,15.677462577819824,15.677462577819824,0,0.0,0.0
2008-07-04 00:00:00-03:00,15.677462577819824,15.677462577819824,15.677462577819824,15.677462577819824,0,0.0,0.0
2008-07-07 00:00:00-03:00,15.677462577819824,15.677462577819824,15.677462577819824,15.677462577819824,0,0.0,0.0
2008-07-08 00:00:00-03:00,15.677462577819824,15.677462577819824,15.677462577819824,15.677462577819824,0,0.0,0.0
2008-07-10 00:00:00-03:00,15.677462577819824,15.677462577819824,15.677462577819824,15.677462577819824,0,0.0,0.0
2008-07-11 00:00:00-03:00,15.677462577819824,15.677462577819824,15.677462577819824,15.677462577819824,0,0.0,0.0
2008-07-14 00:00:00-03:00,15.677462577819824,15.677462577819824,15.677462577819824,15.677462577819824,0,0.0,0.0
2008-07-15 00:00:00-03:00,15.677462577819824,15.677462577819824,15.677462577819824,15.677462577819824,0,0.0,0.0
2008-07-16 00:00:00-03:00,15.677462577819824,15.677462577819824,15.677462577819824,15.677462577819824,0,0.0,0.0
2008-07-17 00:00:00-03:00,15.677462577819824,15.677462577819824,15.677462577819824,15.677462577819824,0,0.0,0.0
2008-07-18 00:00:00-03:00,15.677462577819824,15.677462577819824,15.677462577819824,15.677462577819824,0,0.0,0.0
2008-07-21 00:00:00-03:00,15.677462577819824,15.677462577819824,15.677462577819824,15.677462577819824,0,0.0,0.0
2008-07-22 00:00:00-03:00,15.677462577819824,15.677462577819824,15.677462577819824,15.677462577819824,0,0.0,0.0
2008-07-23 00:00:00-03:00,15.677462577819824,15.677462577819824,15.677462577819824,15.677462577819824,0,0.0,0.0
2008-07-24 00:00:00-03:00,15.677462577819824,15.677462577819824,15.677462577819824,15.677462577819824,0,0.0,0.0
2008-07-25 00:00:00-03:00,15.677462577819824,15.677462577819824,15.677462577819824,15.677462577819824,0,0.0,0.0
2008-07-28 00:00:00-03:00,15.677462577819824,15.677462577819824,15.677462577819824,15.677462577819824,0,0.0,0.0
2008-07-29 00:00:00-03:00,15.677462577819824,15.677462577819824,15.677462577819824,15.677462577819824,0,0.0,0.0
2008-07-30 00:00:00-03:00,15.677462577819824,15.677462577819824,15.677462577819824,15.677462577819824,0,0.0,0.0
2008-07-31 00:00:00-03:00,15.677462577819824,15.677462577819824,15.677462577819824,15.677462577819824,0,0.0,0.0
2008-08-01 00:00:00-03:00,15.677462577819824,15.677462577819824,15.677462577819824,15.677462577819824,0,0.0,0.0
2008-08-04 00:00:00-03:00,15.677462577819824,15.677462577819824,15.677462577819824,15.677462577819824,0,0.0,0.0
2008-08-05 00:00:00-03:00,15.677462577819824,15.677462577819824,15.677462577819824,15.677462577819824,0,0.0,0.0
2008-08-06 00:00:00-03:00,15.677462577819824,15.677462577819824,15.677462577819824,15.677462577819824,0,0.0,0.0
2008-08-07 00:00:00-03:00,15.677462577819824,15.677462577819824,15.677462577819824,15.677462577819824,0,0.0,0.0
2008-08-08 00:00:00-03:00,15.677462577819824,15.677462577819824,15.677462577819824,15.677462577819824,0,0.0,0.0
2008-08-11 00:00:00-03:00,15.677462577819824,15.677462577819824,15.677462577819824,15.677462577819824,0,0.0,0.0
2008-08-12 00:00:00-03:00,15.677462577819824,15.677462577819824,15.677462577819824,15.677462577819824,0,0.0,0.0
2008-08-13 00:00:00-03:00,15.677462577819824,15.677462577819824,15.677462577819824,15.677462577819824,0,0.0,0.0
2008-08-14 00:00:00-03:00,15.72826099395752,15.72826099395752,15.72826099395752,15.72826099395752,0,92.34375,0.0
2008-08-15 00:00:00-03:00,15.72826099395752,15.72826099395752,15.72826099395752,15.72826099395752,0,0.0,0.0
2008-08-19 00:00:00-03:00,15.72826099395752,15.72826099395752,15.72826099395752,15.72826099395752,0,0.0,0.0
2008-08-20 00:00:00-03:00,15.72826099395752,15.72826099395752,15.72826099395752,15.72826099395752,0,0.0,0.0
2008-08-21 00:00:00-03:00,15.72826099395752,15.72826099395752,15.72826099395752,15.72826099395752,0,0.0,0.0
2008-08-22 00:00:00-03:00,15.72826099395752,15.72826099395752,15.72826099395752,15.72826099395752,0,0.0,0.0
2008-08-25 00:00:00-03:00,15.72826099395752,15.72826099395752,15.72826099395752,15.72826099395752,0,0.0,0.0
2008-08-26 00:00:00-03:00,15.72826099395752,15.72826099395752,15.72826099395752,15.72826099395752,0,0.0,0.0
2008-08-27 00:00:00-03:00,15.72826099395752,15.72826099395752,15.72826099395752,15.72826099395752,0,0.0,0.0
2008-08-28 00:00:00-03:00,15.72826099395752,15.72826099395752,15.72826099395752,15.72826099395752,0,0.0,0.0
2008-08-29 00:00:00-03:00,15.72826099395752,15.72826099395752,15.72826099395752,15.72826099395752,0,0.0,0.0
2008-09-01 00:00:00-03:00,15.72826099395752,15.72826099395752,15.72826099395752,15.72826099395752,0,0.0,0.0
2008-09-02 00:00:00-03:00,15.72826099395752,15.72826099395752,15.72826099395752,15.72826099395752,0,0.0,0.0
2008-09-03 00:00:00-03:00,15.72826099395752,15.72826099395752,15.72826099395752,15.72826099395752,0,0.0,0.0
2008-09-04 00:00:00-03:00,15.72826099395752,15.72826099395752,15.72826099395752,15.72826099395752,0,0.0,0.0
2008-09-05 00:00:00-03:00,15.72826099395752,15.72826099395752,15.72826099395752,15.72826099395752,0,0.0,0.0
2008-09-08 00:00:00-03:00,15.72826099395752,15.72826099395752,15.72826099395752,15.72826099395752,0,0.0,0.0
2008-09-09 00:00:00-03:00,15.72826099395752,15.72826099395752,15.72826099395752,15.72826099395752,0,0.0,0.0
2008-09-10 00:00:00-03:00,15.72826099395752,15.72826099395752,15.72826099395752,15.72826099395752,0,0.0,0.0
2008-09-11 00:00:00-03:00,15.72826099395752,15.72826099395752,15.72826099395752,15.72826099395752,0,0.0,0.0
2008-09-12 00:00:00-03:00,15.72826099395752,15.72826099395752,15.72826099395752,15.72826099395752,0,0.0,0.0
2008-09-15 00:00:00-03:00,15.72826099395752,15.72826099395752,15.72826099395752,15.72826099395752,0,0.0,0.0
2008-09-16 00:00:00-03:00,15.72826099395752,15.72826099395752,15.72826099395752,15.72826099395752,0,0.0,0.0
2008-09-17 00:00:00-03:00,15.72826099395752,15.72826099395752,15.72826099395752,15.72826099395752,0,0.0,0.0
2008-09-18 00:00:00-03:00,15.72826099395752,15.72826099395752,15.72826099395752,15.72826099395752,0,0.0,0.0
2008-09-19 00:00:00-03:00,15.72826099395752,15.72826099395752,15.72826099395752,15.72826099395752,0,0.0,0.0
2008-09-22 00:00:00-03:00,15.72826099395752,15.72826099395752,15.72826099395752,15.72826099395752,0,0.0,0.0
2008-09-23 00:00:00-03:00,15.72826099395752,15.72826099395752,15.72826099395752,15.72826099395752,0,0.0,0.0
2008-09-24 00:00:00-03:00,15.72826099395752,15.72826099395752,15.72826099395752,15.72826099395752,0,0.0,0.0
2008-09-25 00:00:00-03:00,15.72826099395752,15.72826099395752,15.72826099395752,15.72826099395752,0,0.0,0.0
2008-09-26 00:00:00-03:00,15.72826099395752,15.72826099395752,15.72826099395752,15.72826099395752,0,0.0,0.0
2008-09-29 00:00:00-03:00,15.72826099395752,15.72826099395752,15.72826099395752,15.72826099395752,0,0.0,0.0
2008-09-30 00:00:00-03:00,15.72826099395752,15.72826099395752,15.72826099395752,15.72826099395752,0,0.0,0.0
2008-10-01 00:00:00-03:00,15.72826099395752,15.72826099395752,15.72826099395752,15.72826099395752,0,0.0,0.0
2008-10-02 00:00:00-03:00,15.72826099395752,15.72826099395752,15.72826099395752,15.72826099395752,0,0.0,0.0
2008-10-03 00:00:00-03:00,15.72826099395752,15.72826099395752,15.72826099395752,15.72826099395752,0,0.0,0.0
2008-10-06 00:00:00-03:00,15.72826099395752,15.72826099395752,15.72826099395752,15.72826099395752,0,0.0,0.0
2008-10-07 00:00:00-03:00,15.72826099395752,15.72826099395752,15.72826099395752,15.72826099395752,0,0.0,0.0
2008-10-08 00:00:00-03:00,15.72826099395752,15.72826099395752,15.72826099395752,15.72826099395752,0,0.0,0.0
2008-10-09 00:00:00-03:00,15.72826099395752,15.72826099395752,15.72826099395752,15.72826099395752,0,0.0,0.0
2008-10-10 00:00:00-03:00,15.72826099395752,15.72826099395752,15.72826099395752,15.72826099395752,0,0.0,0.0
2008-10-13 00:00:00-03:00,15.72826099395752,15.72826099395752,15.72826099395752,15.72826099395752,0,0.0,0.0
2008-10-14 00:00:00-03:00,15.72826099395752,15.72826099395752,15.72826099395752,15.72826099395752,0,0.0,0.0
2008-10-15 00:00:00-03:00,15.72826099395752,15.72826099395752,15.72826099395752,15.72826099395752,0,0.0,0.0
2008-10-16 00:00:00-03:00,15.72826099395752,15.72826099395752,15.72826099395752,15.72826099395752,0,0.0,0.0
2008-10-17 00:00:00-03:00,15.72826099395752,15.72826099395752,15.72826099395752,15.72826099395752,0,0.0,0.0
2008-10-20 00:00:00-02:00,15.72826099395752,15.72826099395752,15.72826099395752,15.72826099395752,0,0.0,0.0
2008-10-21 00:00:00-02:00,15.72826099395752,15.72826099395752,15.72826099395752,15.72826099395752,0,0.0,0.0
2008-10-22 00:00:00-02:00,15.72826099395752,15.72826099395752,15.72826099395752,15.72826099395752,0,0.0,0.0
2008-10-23 00:00:00-02:00,15.72826099395752,15.72826099395752,15.72826099395752,15.72826099395752,0,0.0,0.0
2008-10-24 00:00:00-02:00,15.72826099395752,15.72826099395752,15.72826099395752,15.72826099395752,0,0.0,0.0
2008-10-27 00:00:00-02:00,15.72826099395752,15.72826099395752,15.72826099395752,15.72826099395752,0,0.0,0.0
2008-10-28 00:00:00-02:00,15.72826099395752,15.72826099395752,15.72826099395752,15.72826099395752,0,0.0,0.0
2008-10-29 00:00:00-02:00,15.72826099395752,15.72826099395752,15.72826099395752,15.72826099395752,0,0.0,0.0
2008-10-30 00:00:00-02:00,15.72826099395752,15.72826099395752,15.72826099395752,15.72826099395752,0,0.0,0.0
2008-10-31 00:00:00-02:00,15.72826099395752,15.72826099395752,15.72826099395752,15.72826099395752,0,0.0,0.0
2008-11-03 00:00:00-02:00,15.72826099395752,15.72826099395752,15.72826099395752,15.72826099395752,0,0.0,0.0
2008-11-04 00:00:00-02:00,15.72826099395752,15.72826099395752,15.72826099395752,15.72826099395752,0,0.0,0.0
2008-11-05 00:00:00-02:00,15.72826099395752,15.72826099395752,15.72826099395752,15.72826099395752,0,0.0,0.0
2008-11-06 00:00:00-02:00,15.72826099395752,15.72826099395752,15.72826099395752,15.72826099395752,0,0.0,0.0
2008-11-07 00:00:00-02:00,15.72826099395752,15.72826099395752,15.72826099395752,15.72826099395752,0,0.0,0.0
2008-11-10 00:00:00-02:00,15.72826099395752,15.72826099395752,15.72826099395752,15.72826099395752,0,0.0,0.0
2008-11-11 00:00:00-02:00,15.72826099395752,15.72826099395752,15.72826099395752,15.72826099395752,0,0.0,0.0
2008-11-12 00:00:00-02:00,15.72826099395752,15.72826099395752,15.72826099395752,15.72826099395752,0,0.0,0.0
2008-11-13 00:00:00-02:00,15.779228210449219,15.779228210449219,15.779228210449219,15.779228210449219,0,92.34375,0.0
2008-11-14 00:00:00-02:00,15.779228210449219,15.779228210449219,15.779228210449219,15.779228210449219,0,0.0,0.0
2008-11-17 00:00:00-02:00,15.779228210449219,15.779228210449219,15.779228210449219,15.779228210449219,0,0.0,0.0
2008-11-18 00:00:00-02:00,15.779228210449219,15.779228210449219,15.779228210449219,15.779228210449219,0,0.0,0.0
2008-11-19 00:00:00-02:00,15.779228210449219,15.779228210449219,15.779228210449219,15.779228210449219,0,0.0,0.0
2008-11-20 00:00:00-02:00,15.779228210449219,15.779228210449219,15.779228210449219,15.779228210449219,0,0.0,0.0
2008-11-21 00:00:00-02:00,15.779228210449219,15.779228210449219,15.779228210449219,15.779228210449219,0,0.0,0.0
2008-11-24 00:00:00-02:00,15.779228210449219,15.779228210449219,15.779228210449219,15.779228210449219,0,0.0,0.0
2008-11-25 00:00:00-02:00,15.779228210449219,15.779228210449219,15.779228210449219,15.779228210449219,0,0.0,0.0
2008-11-26 00:00:00-02:00,15.779228210449219,15.779228210449219,15.779228210449219,15.779228210449219,0,0.0,0.0
2008-11-27 00:00:00-02:00,15.779228210449219,15.779228210449219,15.779228210449219,15.779228210449219,0,0.0,0.0
2008-11-28 00:00:00-02:00,15.779228210449219,15.779228210449219,15.779228210449219,15.779228210449219,0,0.0,0.0
2008-12-01 00:00:00-02:00,15.779228210449219,15.779228210449219,15.779228210449219,15.779228210449219,0,0.0,0.0
2008-12-02 00:00:00-02:00,15.779228210449219,15.779228210449219,15.779228210449219,15.779228210449219,0,0.0,0.0
2008-12-03 00:00:00-02:00,15.779228210449219,15.779228210449219,15.779228210449219,15.779228210449219,0,0.0,0.0
2008-12-04 00:00:00-02:00,15.779228210449219,15.779228210449219,15.779228210449219,15.779228210449219,0,0.0,0.0
2008-12-05 00:00:00-02:00,15.779228210449219,15.779228210449219,15.779228210449219,15.779228210449219,0,0.0,0.0
2008-12-09 00:00:00-02:00,15.779228210449219,15.779228210449219,15.779228210449219,15.779228210449219,0,0.0,0.0
2008-12-10 00:00:00-02:00,15.779228210449219,15.779228210449219,15.779228210449219,15.779228210449219,0,0.0,0.0
2008-12-11 00:00:00-02:00,15.779228210449219,15.779228210449219,15.779228210449219,15.779228210449219,0,0.0,0.0
2008-12-12 00:00:00-02:00,15.779228210449219,15.779228210449219,15.779228210449219,15.779228210449219,0,0.0,0.0
2008-12-15 00:00:00-02:00,15.779228210449219,15.779228210449219,15.779228210449219,15.779228210449219,0,0.0,0.0
2008-12-16 00:00:00-02:00,15.779228210449219,15.779228210449219,15.779228210449219,15.779228210449219,0,0.0,0.0
2008-12-17 00:00:00-02:00,15.779228210449219,15.779228210449219,15.779228210449219,15.779228210449219,0,0.0,0.0
2008-12-18 00:00:00-02:00,15.779228210449219,15.779228210449219,15.779228210449219,15.779228210449219,0,0.0,0.0
2008-12-19 00:00:00-02:00,15.779228210449219,15.779228210449219,15.779228210449219,15.779228210449219,0,0.0,0.0
2008-12-22 00:00:00-02:00,15.779228210449219,15.779228210449219,15.779228210449219,15.779228210449219,0,0.0,0.0
2008-12-23 00:00:00-02:00,15.779228210449219,15.779228210449219,15.779228210449219,15.779228210449219,0,0.0,0.0
2008-12-24 00:00:00-02:00,15.779228210449219,15.779228210449219,15.779228210449219,15.779228210449219,0,0.0,0.0
2008-12-26 00:00:00-02:00,15.779228210449219,15.779228210449219,15.779228210449219,15.779228210449219,0,0.0,0.0
2008-12-29 00:00:00-02:00,15.779228210449219,15.779228210449219,15.779228210449219,15.779228210449219,0,0.0,0.0
2008-12-30 00:00:00-02:00,15.779228210449219,15.779228210449219,15.779228210449219,15.779228210449219,0,0.0,0.0
2008-12-31 00:00:00-02:00,15.779228210449219,15.779228210449219,15.779228210449219,15.779228210449219,0,0.0,0.0
2009-01-02 00:00:00-02:00,15.779228210449219,15.779228210449219,15.779228210449219,15.779228210449219,0,0.0,0.0
2009-01-05 00:00:00-02:00,15.779228210449219,15.779228210449219,15.779228210449219,15.779228210449219,0,0.0,0.0
2009-01-06 00:00:00-02:00,15.779228210449219,15.779228210449219,15.779228210449219,15.779228210449219,0,0.0,0.0
2009-01-07 00:00:00-02:00,15.779228210449219,15.779228210449219,15.779228210449219,15.779228210449219,0,0.0,0.0
2009-01-08 00:00:00-02:00,15.779228210449219,15.779228210449219,15.779228210449219,15.779228210449219,0,0.0,0.0
2009-01-09 00:00:00-02:00,15.779228210449219,15.779228210449219,15.779228210449219,15.779228210449219,0,0.0,0.0
2009-01-12 00:00:00-02:00,15.779228210449219,15.779228210449219,15.779228210449219,15.779228210449219,0,0.0,0.0
2009-01-13 00:00:00-02:00,15.779228210449219,15.779228210449219,15.779228210449219,15.779228210449219,0,0.0,0.0
2009-01-14 00:00:00-02:00,15.779228210449219,15.779228210449219,15.779228210449219,15.779228210449219,0,0.0,0.0
2009-01-15 00:00:00-02:00,15.779228210449219,15.779228210449219,15.779228210449219,15.779228210449219,0,0.0,0.0
2009-01-16 00:00:00-02:00,15.779228210449219,15.779228210449219,15.779228210449219,15.779228210449219,0,0.0,0.0
2009-01-19 00:00:00-02:00,15.779228210449219,15.779228210449219,15.779228210449219,15.779228210449219,0,0.0,0.0
2009-01-20 00:00:00-02:00,15.779228210449219,15.779228210449219,15.779228210449219,15.779228210449219,0,0.0,0.0
2009-01-21 00:00:00-02:00,15.779228210449219,15.779228210449219,15.779228210449219,15.779228210449219,0,0.0,0.0
2009-01-22 00:00:00-02:00,15.779228210449219,15.779228210449219,15.779228210449219,15.779228210449219,0,0.0,0.0
2009-01-23 00:00:00-02:00,15.779228210449219,15.779228210449219,15.779228210449219,15.779228210449219,0,0.0,0.0
2009-01-26 00:00:00-02:00,15.779228210449219,15.779228210449219,15.779228210449219,15.779228210449219,0,0.0,0.0
2009-01-27 00:00:00-02:00,15.779228210449219,15.779228210449219,15.779228210449219,15.779228210449219,0,0.0,0.0
2009-01-28 00:00:00-02:00,15.779228210449219,15.779228210449219,15.779228210449219,15.779228210449219,0,0.0,0.0
2009-01-29 00:00:00-02:00,15.779228210449219,15.779228210449219,15.779228210449219,15.779228210449219,0,0.0,0.0
2009-01-30 00:00:00-02:00,15.779228210449219,15.779228210449219,15.779228210449219,15.779228210449219,0,0.0,0.0
2009-02-02 00:00:00-02:00,15.779228210449219,15.779228210449219,15.779228210449219,15.779228210449219,0,0.0,0.0
2009-02-03 00:00:00-02:00,15.779228210449219,15.779228210449219,15.779228210449219,15.779228210449219,0,0.0,0.0
2009-02-04 00:00:00-02:00,15.779228210449219,15.779228210449219,15.779228210449219,15.779228210449219,0,0.0,0.0
2009-02-05 00:00:00-02:00,15.779228210449219,15.779228210449219,15.779228210449219,15.779228210449219,0,0.0,0.0
2009-02-06 00:00:00-02:00,15.779228210449219,15.779228210449219,15.779228210449219,15.779228210449219,0,0.0,0.0
2009-02-09 00:00:00-02:00,15.779228210449219,15.779228210449219,15.779228210449219,15.779228210449219,0,0.0,0.0
2009-02-10 00:00:00-02:00,15.779228210449219,15.779228210449219,15.779228210449219,15.779228210449219,0,0.0,0.0
2009-02-11 00:00:00-02:00,15.830360412597656,15.830360412597656,15.830360412597656,15.830360412597656,0,92.34375,0.0
2009-02-12 00:00:00-02:00,15.830360412597656,15.830360412597656,15.830360412597656,15.830360412597656,0,0.0,0.0
2009-02-13 00:00:00-02:00,15.830360412597656,15.830360412597656,15.830360412597656,15.830360412597656,0,0.0,0.0
2009-02-16 00:00:00-02:00,15.830360412597656,15.830360412597656,15.830360412597656,15.830360412597656,0,0.0,0.0
2009-02-17 00:00:00-02:00,15.830360412597656,15.830360412597656,15.830360412597656,15.830360412597656,0,0.0,0.0
2009-02-18 00:00:00-02:00,15.830360412597656,15.830360412597656,15.830360412597656,15.830360412597656,0,0.0,0.0
2009-02-19 00:00:00-02:00,15.830360412597656,15.830360412597656,15.830360412597656,15.830360412597656,0,0.0,0.0
2009-02-20 00:00:00-02:00,15.830360412597656,15.830360412597656,15.830360412597656,15.830360412597656,0,0.0,0.0
2009-02-23 00:00:00-02:00,15.830360412597656,15.830360412597656,15.830360412597656,15.830360412597656,0,0.0,0.0
2009-02-24 00:00:00-02:00,15.830360412597656,15.830360412597656,15.830360412597656,15.830360412597656,0,0.0,0.0
2009-02-25 00:00:00-02:00,15.830360412597656,15.830360412597656,15.830360412597656,15.830360412597656,0,0.0,0.0
2009-02-26 00:00:00-02:00,15.830360412597656,15.830360412597656,15.830360412597656,15.830360412597656,0,0.0,0.0
2009-02-27 00:00:00-02:00,15.830360412597656,15.830360412597656,15.830360412597656,15.830360412597656,0,0.0,0.0
2009-03-02 00:00:00-02:00,15.830360412597656,15.830360412597656,15.830360412597656,15.830360412597656,0,0.0,0.0
2009-03-03 00:00:00-02:00,15.830360412597656,15.830360412597656,15.830360412597656,15.830360412597656,0,0.0,0.0
2009-03-04 00:00:00-02:00,15.830360412597656,15.830360412597656,15.830360412597656,15.830360412597656,0,0.0,0.0
2009-03-05 00:00:00-02:00,15.830360412597656,15.830360412597656,15.830360412597656,15.830360412597656,0,0.0,0.0
2009-03-06 00:00:00-02:00,15.830360412597656,15.830360412597656,15.830360412597656,15.830360412597656,0,0.0,0.0
2009-03-09 00:00:00-02:00,15.830360412597656,15.830360412597656,15.830360412597656,15.830360412597656,0,0.0,0.0
2009-03-10 00:00:00-02:00,15.830360412597656,15.830360412597656,15.830360412597656,15.830360412597656,0,0.0,0.0
2009-03-11 00:00:00-02:00,15.830360412597656,15.830360412597656,15.830360412597656,15.830360412597656,0,0.0,0.0
2009-03-12 00:00:00-02:00,15.830360412597656,15.830360412597656,15.830360412597656,15.830360412597656,0,0.0,0.0
2009-03-13 00:00:00-02:00,15.830360412597656,15.830360412597656,15.830360412597656,15.830360412597656,0,0.0,0.0
2009-03-16 00:00:00-03:00,15.830360412597656,15.830360412597656,15.830360412597656,15.830360412597656,0,0.0,0.0
2009-03-17 00:00:00-03:00,15.830360412597656,15.830360412597656,15.830360412597656,15.830360412597656,0,0.0,0.0
2009-03-18 00:00:00-03:00,15.830360412597656,15.830360412597656,15.830360412597656,15.830360412597656,0,0.0,0.0
2009-03-19 00:00:00-03:00,15.830360412597656,15.830360412597656,15.830360412597656,15.830360412597656,0,0.0,0.0
2009-03-20 00:00:00-03:00,15.830360412597656,15.830360412597656,15.830360412597656,15.830360412597656,0,0.0,0.0
2009-03-23 00:00:00-03:00,15.830360412597656,15.830360412597656,15.830360412597656,15.830360412597656,0,0.0,0.0
2009-03-25 00:00:00-03:00,15.830360412597656,15.830360412597656,15.830360412597656,15.830360412597656,0,0.0,0.0
2009-03-26 00:00:00-03:00,15.830360412597656,15.830360412597656,15.830360412597656,15.830360412597656,0,0.0,0.0
2009-03-27 00:00:00-03:00,15.830360412597656,15.830360412597656,15.830360412597656,15.830360412597656,0,0.0,0.0
2009-03-30 00:00:00-03:00,15.830360412597656,15.830360412597656,15.830360412597656,15.830360412597656,0,0.0,0.0
2009-03-31 00:00:00-03:00,15.830360412597656,15.830360412597656,15.830360412597656,15.830360412597656,0,0.0,0.0
2009-04-01 00:00:00-03:00,15.830360412597656,15.830360412597656,15.830360412597656,15.830360412597656,0,0.0,0.0
2009-04-03 00:00:00-03:00,15.830360412597656,15.830360412597656,15.830360412597656,15.830360412597656,0,0.0,0.0
2009-04-06 00:00:00-03:00,15.830360412597656,15.830360412597656,15.830360412597656,15.830360412597656,0,0.0,0.0
2009-04-07 00:00:00-03:00,15.830360412597656,15.830360412597656,15.830360412597656,15.830360412597656,0,0.0,0.0
2009-04-08 00:00:00-03:00,15.830360412597656,15.830360412597656,15.830360412597656,15.830360412597656,0,0.0,0.0
2009-04-13 00:00:00-03:00,15.830360412597656,15.830360412597656,15.830360412597656,15.830360412597656,0,0.0,0.0
2009-04-14 00:00:00-03:00,15.830360412597656,15.830360412597656,15.830360412597656,15.830360412597656,0,0.0,0.0
2009-04-15 00:00:00-03:00,15.830360412597656,15.830360412597656,15.830360412597656,15.830360412597656,0,0.0,0.0
2009-04-16 00:00:00-03:00,15.830360412597656,15.830360412597656,15.830360412597656,15.830360412597656,0,0.0,0.0
2009-04-17 00:00:00-03:00,15.830360412597656,15.830360412597656,15.830360412597656,15.830360412597656,0,0.0,0.0
2009-04-20 00:00:00-03:00,15.830360412597656,15.830360412597656,15.830360412597656,15.830360412597656,0,0.0,0.0
2009-04-21 00:00:00-03:00,15.830360412597656,15.830360412597656,15.830360412597656,15.830360412597656,0,0.0,0.0
2009-04-22 00:00:00-03:00,15.830360412597656,15.830360412597656,15.830360412597656,15.830360412597656,0,0.0,0.0
2009-04-23 00:00:00-03:00,15.830360412597656,15.830360412597656,15.830360412597656,15.830360412597656,0,0.0,0.0
2009-04-24 00:00:00-03:00,15.830360412597656,15.830360412597656,15.830360412597656,15.830360412597656,0,0.0,0.0
2009-04-27 00:00:00-03:00,15.830360412597656,15.830360412597656,15.830360412597656,15.830360412597656,0,0.0,0.0
2009-04-28 00:00:00-03:00,15.830360412597656,15.830360412597656,15.830360412597656,15.830360412597656,0,0.0,0.0
2009-04-29 00:00:00-03:00,15.830360412597656,15.830360412597656,15.830360412597656,15.830360412597656,0,0.0,0.0
2009-04-30 00:00:00-03:00,15.830360412597656,15.830360412597656,15.830360412597656,15.830360412597656,0,0.0,0.0
2009-05-04 00:00:00-03:00,15.830360412597656,15.830360412597656,15.830360412597656,15.830360412597656,0,0.0,0.0
2009-05-05 00:00:00-03:00,15.830360412597656,15.830360412597656,15.830360412597656,15.830360412597656,0,0.0,0.0
2009-05-06 00:00:00-03:00,15.830360412597656,15.830360412597656,15.830360412597656,15.830360412597656,0,0.0,0.0
2009-05-07 00:00:00-03:00,15.830360412597656,15.830360412597656,15.830360412597656,15.830360412597656,0,0.0,0.0
2009-05-08 00:00:00-03:00,15.830360412597656,15.830360412597656,15.830360412597656,15.830360412597656,0,0.0,0.0
2009-05-11 00:00:00-03:00,15.830360412597656,15.830360412597656,15.830360412597656,15.830360412597656,0,0.0,0.0
2009-05-12 00:00:00-03:00,15.830360412597656,15.830360412597656,15.830360412597656,15.830360412597656,0,0.0,0.0
2009-05-13 00:00:00-03:00,15.830360412597656,15.830360412597656,15.830360412597656,15.830360412597656,0,0.0,0.0
2009-05-14 00:00:00-03:00,15.83548355102539,15.83548355102539,15.83548355102539,15.83548355102539,0,9.234375,0.0
2009-05-15 00:00:00-03:00,15.83548355102539,15.83548355102539,15.83548355102539,15.83548355102539,0,0.0,0.0
2009-05-18 00:00:00-03:00,15.83548355102539,15.83548355102539,15.83548355102539,15.83548355102539,0,0.0,0.0
2009-05-19 00:00:00-03:00,15.83548355102539,15.83548355102539,15.83548355102539,15.83548355102539,0,0.0,0.0
2009-05-20 00:00:00-03:00,15.83548355102539,15.83548355102539,15.83548355102539,15.83548355102539,0,0.0,0.0
2009-05-21 00:00:00-03:00,15.83548355102539,15.83548355102539,15.83548355102539,15.83548355102539,0,0.0,0.0
2009-05-22 00:00:00-03:00,15.83548355102539,15.83548355102539,15.83548355102539,15.83548355102539,0,0.0,0.0
2009-05-25 00:00:00-03:00,15.83548355102539,15.83548355102539,15.83548355102539,15.83548355102539,0,0.0,0.0
2009-05-26 00:00:00-03:00,15.83548355102539,15.83548355102539,15.83548355102539,15.83548355102539,0,0.0,0.0
2009-05-27 00:00:00-03:00,15.83548355102539,15.83548355102539,15.83548355102539,15.83548355102539,0,0.0,0.0
2009-05-28 00:00:00-03:00,15.83548355102539,15.83548355102539,15.83548355102539,15.83548355102539,0,0.0,0.0
2009-05-29 00:00:00-03:00,15.83548355102539,15.83548355102539,15.83548355102539,15.83548355102539,0,0.0,0.0
2009-06-01 00:00:00-03:00,15.83548355102539,15.83548355102539,15.83548355102539,15.83548355102539,0,0.0,0.0
2009-06-02 00:00:00-03:00,15.83548355102539,15.83548355102539,15.83548355102539,15.83548355102539,0,0.0,0.0
2009-06-03 00:00:00-03:00,15.83548355102539,15.83548355102539,15.83548355102539,15.83548355102539,0,0.0,0.0
2009-06-04 00:00:00-03:00,15.83548355102539,15.83548355102539,15.83548355102539,15.83548355102539,0,0.0,0.0
2009-06-05 00:00:00-03:00,15.83548355102539,15.83548355102539,15.83548355102539,15.83548355102539,0,0.0,0.0
2009-06-08 00:00:00-03:00,15.83548355102539,15.83548355102539,15.83548355102539,15.83548355102539,0,0.0,0.0
2009-06-09 00:00:00-03:00,15.83548355102539,15.83548355102539,15.83548355102539,15.83548355102539,0,0.0,0.0
2009-06-10 00:00:00-03:00,15.83548355102539,15.83548355102539,15.83548355102539,15.83548355102539,0,0.0,0.0
2009-06-11 00:00:00-03:00,15.83548355102539,15.83548355102539,15.83548355102539,15.83548355102539,0,0.0,0.0
2009-06-12 00:00:00-03:00,15.83548355102539,15.83548355102539,15.83548355102539,15.83548355102539,0,0.0,0.0
2009-06-16 00:00:00-03:00,15.83548355102539,15.83548355102539,15.83548355102539,15.83548355102539,0,0.0,0.0
2009-06-17 00:00:00-03:00,15.83548355102539,15.83548355102539,15.83548355102539,15.83548355102539,0,0.0,0.0
2009-06-18 00:00:00-03:00,15.83548355102539,15.83548355102539,15.83548355102539,15.83548355102539,0,0.0,0.0
2009-06-19 00:00:00-03:00,15.83548355102539,15.83548355102539,15.83548355102539,15.83548355102539,0,0.0,0.0
2009-06-22 00:00:00-03:00,15.83548355102539,15.83548355102539,15.83548355102539,15.83548355102539,0,0.0,0.0
2009-06-23 00:00:00-03:00,15.83548355102539,15.83548355102539,15.83548355102539,15.83548355102539,0,0.0,0.0
2009-06-24 00:00:00-03:00,15.83548355102539,15.83548355102539,15.83548355102539,15.83548355102539,0,0.0,0.0
2009-06-25 00:00:00-03:00,15.83548355102539,15.83548355102539,15.83548355102539,15.83548355102539,0,0.0,0.0
2009-06-26 00:00:00-03:00,15.83548355102539,15.83548355102539,15.83548355102539,15.83548355102539,0,0.0,0.0
2009-06-29 00:00:00-03:00,15.83548355102539,15.83548355102539,15.83548355102539,15.83548355102539,0,0.0,0.0
2009-06-30 00:00:00-03:00,15.83548355102539,15.83548355102539,15.83548355102539,15.83548355102539,0,0.0,0.0
2009-07-01 00:00:00-03:00,15.83548355102539,15.83548355102539,15.83548355102539,15.83548355102539,0,0.0,0.0
2009-07-02 00:00:00-03:00,15.83548355102539,15.83548355102539,15.83548355102539,15.83548355102539,0,0.0,0.0
2009-07-03 00:00:00-03:00,15.83548355102539,15.83548355102539,15.83548355102539,15.83548355102539,0,0.0,0.0
2009-07-06 00:00:00-03:00,15.83548355102539,15.83548355102539,15.83548355102539,15.83548355102539,0,0.0,0.0
2009-07-07 00:00:00-03:00,15.83548355102539,15.83548355102539,15.83548355102539,15.83548355102539,0,0.0,0.0
2009-07-08 00:00:00-03:00,15.83548355102539,15.83548355102539,15.83548355102539,15.83548355102539,0,0.0,0.0
2009-07-10 00:00:00-03:00,15.83548355102539,15.83548355102539,15.83548355102539,15.83548355102539,0,0.0,0.0
2009-07-13 00:00:00-03:00,15.83548355102539,15.83548355102539,15.83548355102539,15.83548355102539,0,0.0,0.0
2009-07-14 00:00:00-03:00,15.83548355102539,15.83548355102539,15.83548355102539,15.83548355102539,0,0.0,0.0
2009-07-15 00:00:00-03:00,15.83548355102539,15.83548355102539,15.83548355102539,15.83548355102539,0,0.0,0.0
2009-07-16 00:00:00-03:00,15.83548355102539,15.83548355102539,15.83548355102539,15.83548355102539,0,0.0,0.0
2009-07-17 00:00:00-03:00,15.83548355102539,15.83548355102539,15.83548355102539,15.83548355102539,0,0.0,0.0
2009-07-20 00:00:00-03:00,15.83548355102539,15.83548355102539,15.83548355102539,15.83548355102539,0,0.0,0.0
2009-07-21 00:00:00-03:00,15.83548355102539,15.83548355102539,15.83548355102539,15.83548355102539,0,0.0,0.0
2009-07-22 00:00:00-03:00,15.83548355102539,15.83548355102539,15.83548355102539,15.83548355102539,0,0.0,0.0
2009-07-23 00:00:00-03:00,15.83548355102539,15.83548355102539,15.83548355102539,15.83548355102539,0,0.0,0.0
2009-07-24 00:00:00-03:00,15.83548355102539,15.83548355102539,15.83548355102539,15.83548355102539,0,0.0,0.0
2009-07-27 00:00:00-03:00,15.83548355102539,15.83548355102539,15.83548355102539,15.83548355102539,0,0.0,0.0
2009-07-28 00:00:00-03:00,15.83548355102539,15.83548355102539,15.83548355102539,15.83548355102539,0,0.0,0.0
2009-07-29 00:00:00-03:00,15.83548355102539,15.83548355102539,15.83548355102539,15.83548355102539,0,0.0,0.0
2009-07-30 00:00:00-03:00,15.83548355102539,15.83548355102539,15.83548355102539,15.83548355102539,0,0.0,0.0
2009-07-31 00:00:00-03:00,15.83548355102539,15.83548355102539,15.83548355102539,15.83548355102539,0,0.0,0.0
2009-08-03 00:00:00-03:00,15.83548355102539,15.83548355102539,15.83548355102539,15.83548355102539,0,0.0,0.0
2009-08-04 00:00:00-03:00,15.83548355102539,15.83548355102539,15.83548355102539,15.83548355102539,0,0.0,0.0
2009-08-05 00:00:00-03:00,15.83548355102539,15.83548355102539,15.83548355102539,15.83548355102539,0,0.0,0.0
2009-08-06 00:00:00-03:00,15.83548355102539,15.83548355102539,15.83548355102539,15.83548355102539,0,0.0,0.0
2009-08-07 00:00:00-03:00,15.83548355102539,15.83548355102539,15.83548355102539,15.83548355102539,0,0.0,0.0
2009-08-10 00:00:00-03:00,15.83548355102539,15.83548355102539,15.83548355102539,15.83548355102539,0,0.0,0.0
2009-08-11 00:00:00-03:00,15.83548355102539,15.83548355102539,15.83548355102539,15.83548355102539,0,0.0,0.0
2009-08-12 00:00:00-03:00,15.83548355102539,15.83548355102539,15.83548355102539,15.83548355102539,0,0.0,0.0
2009-08-13 00:00:00-03:00,15.840598106384277,15.840598106384277,15.840598106384277,15.840598106384277,0,9.234375,0.0
2009-08-14 00:00:00-03:00,15.840598106384277,15.840598106384277,15.840598106384277,15.840598106384277,0,0.0,0.0
2009-08-18 00:00:00-03:00,15.840598106384277,15.840598106384277,15.840598106384277,15.840598106384277,0,0.0,0.0
2009-08-19 00:00:00-03:00,15.840598106384277,15.840598106384277,15.840598106384277,15.840598106384277,0,0.0,0.0
2009-08-20 00:00:00-03:00,15.840598106384277,15.840598106384277,15.840598106384277,15.840598106384277,0,0.0,0.0
2009-08-21 00:00:00-03:00,15.840598106384277,15.840598106384277,15.840598106384277,15.840598106384277,0,0.0,0.0
2009-08-24 00:00:00-03:00,15.840598106384277,15.840598106384277,15.840598106384277,15.840598106384277,0,0.0,0.0
2009-08-25 00:00:00-03:00,15.840598106384277,15.840598106384277,15.840598106384277,15.840598106384277,0,0.0,0.0
2009-08-26 00:00:00-03:00,15.840598106384277,15.840598106384277,15.840598106384277,15.840598106384277,0,0.0,0.0
2009-08-27 00:00:00-03:00,15.840598106384277,15.840598106384277,15.840598106384277,15.840598106384277,0,0.0,0.0
2009-08-28 00:00:00-03:00,15.840598106384277,15.840598106384277,15.840598106384277,15.840598106384277,0,0.0,0.0
2009-08-31 00:00:00-03:00,15.840598106384277,15.840598106384277,15.840598106384277,15.840598106384277,0,0.0,0.0
2009-09-01 00:00:00-03:00,15.840598106384277,15.840598106384277,15.840598106384277,15.840598106384277,0,0.0,0.0
2009-09-02 00:00:00-03:00,15.840598106384277,15.840598106384277,15.840598106384277,15.840598106384277,0,0.0,0.0
2009-09-03 00:00:00-03:00,15.840598106384277,15.840598106384277,15.840598106384277,15.840598106384277,0,0.0,0.0
2009-09-04 00:00:00-03:00,15.840598106384277,15.840598106384277,15.840598106384277,15.840598106384277,0,0.0,0.0
2009-09-07 00:00:00-03:00,15.840598106384277,15.840598106384277,15.840598106384277,15.840598106384277,0,0.0,0.0
2009-09-08 00:00:00-03:00,15.840598106384277,15.840598106384277,15.840598106384277,15.840598106384277,0,0.0,0.0
2009-09-09 00:00:00-03:00,15.840598106384277,15.840598106384277,15.840598106384277,15.840598106384277,0,0.0,0.0
2009-09-10 00:00:00-03:00,15.840598106384277,15.840598106384277,15.840598106384277,15.840598106384277,0,0.0,0.0
2009-09-11 00:00:00-03:00,15.840598106384277,15.840598106384277,15.840598106384277,15.840598106384277,0,0.0,0.0
2009-09-14 00:00:00-03:00,15.840598106384277,15.840598106384277,15.840598106384277,15.840598106384277,0,0.0,0.0
2009-09-15 00:00:00-03:00,15.840598106384277,15.840598106384277,15.840598106384277,15.840598106384277,0,0.0,0.0
2009-09-16 00:00:00-03:00,15.840598106384277,15.840598106384277,15.840598106384277,15.840598106384277,0,0.0,0.0
2009-09-17 00:00:00-03:00,15.840598106384277,15.840598106384277,15.840598106384277,15.840598106384277,0,0.0,0.0
2009-09-18 00:00:00-03:00,15.840598106384277,15.840598106384277,15.840598106384277,15.840598106384277,0,0.0,0.0
2009-09-21 00:00:00-03:00,15.840598106384277,15.840598106384277,15.840598106384277,15.840598106384277,0,0.0,0.0
2009-09-22 00:00:00-03:00,15.840598106384277,15.840598106384277,15.840598106384277,15.840598106384277,0,0.0,0.0
2009-09-23 00:00:00-03:00,15.840598106384277,15.840598106384277,15.840598106384277,15.840598106384277,0,0.0,0.0
2009-09-24 00:00:00-03:00,15.840598106384277,15.840598106384277,15.840598106384277,15.840598106384277,0,0.0,0.0
2009-09-25 00:00:00-03:00,15.840598106384277,15.840598106384277,15.840598106384277,15.840598106384277,0,0.0,0.0
2009-09-28 00:00:00-03:00,15.840598106384277,15.840598106384277,15.840598106384277,15.840598106384277,0,0.0,0.0
2009-09-29 00:00:00-03:00,15.840598106384277,15.840598106384277,15.840598106384277,15.840598106384277,0,0.0,0.0
2009-09-30 00:00:00-03:00,15.840598106384277,15.840598106384277,15.840598106384277,15.840598106384277,0,0.0,0.0
2009-10-01 00:00:00-03:00,15.840598106384277,15.840598106384277,15.840598106384277,15.840598106384277,0,0.0,0.0
2009-10-02 00:00:00-03:00,15.840598106384277,15.840598106384277,15.840598106384277,15.840598106384277,0,0.0,0.0
2009-10-05 00:00:00-03:00,15.840598106384277,15.840598106384277,15.840598106384277,15.840598106384277,0,0.0,0.0
2009-10-06 00:00:00-03:00,15.840598106384277,15.840598106384277,15.840598106384277,15.840598106384277,0,0.0,0.0
2009-10-07 00:00:00-03:00,15.840598106384277,15.840598106384277,15.840598106384277,15.840598106384277,0,0.0,0.0
2009-10-08 00:00:00-03:00,15.840598106384277,15.840598106384277,15.840598106384277,15.840598106384277,0,0.0,0.0
2009-10-09 00:00:00-03:00,15.840598106384277,15.840598106384277,15.840598106384277,15.840598106384277,0,0.0,0.0
2009-10-13 00:00:00-03:00,15.840598106384277,15.840598106384277,15.840598106384277,15.840598106384277,0,0.0,0.0
2009-10-14 00:00:00-03:00,15.840598106384277,15.840598106384277,15.840598106384277,15.840598106384277,0,0.0,0.0
2009-10-15 00:00:00-03:00,15.840598106384277,15.840598106384277,15.840598106384277,15.840598106384277,0,0.0,0.0
2009-10-16 00:00:00-03:00,15.840598106384277,15.840598106384277,15.840598106384277,15.840598106384277,0,0.0,0.0
2009-10-19 00:00:00-03:00,15.840598106384277,15.840598106384277,15.840598106384277,15.840598106384277,0,0.0,0.0
2009-10-20 00:00:00-03:00,15.840598106384277,15.840598106384277,15.840598106384277,15.840598106384277,0,0.0,0.0
2009-10-21 00:00:00-03:00,15.840598106384277,15.840598106384277,15.840598106384277,15.840598106384277,0,0.0,0.0
2009-10-22 00:00:00-03:00,15.840598106384277,15.840598106384277,15.840598106384277,15.840598106384277,0,0.0,0.0
2009-10-23 00:00:00-03:00,15.840598106384277,15.840598106384277,15.840598106384277,15.840598106384277,0,0.0,0.0
2009-10-26 00:00:00-03:00,15.840598106384277,15.840598106384277,15.840598106384277,15.840598106384277,0,0.0,0.0
2009-10-27 00:00:00-03:00,15.840598106384277,15.840598106384277,15.840598106384277,15.840598106384277,0,0.0,0.0
2009-10-28 00:00:00-03:00,15.840598106384277,15.840598106384277,15.840598106384277,15.840598106384277,0,0.0,0.0
2009-10-29 00:00:00-03:00,15.840598106384277,15.840598106384277,15.840598106384277,15.840598106384277,0,0.0,0.0
2009-10-30 00:00:00-03:00,15.840598106384277,15.840598106384277,15.840598106384277,15.840598106384277,0,0.0,0.0
2009-11-02 00:00:00-03:00,15.840598106384277,15.840598106384277,15.840598106384277,15.840598106384277,0,0.0,0.0
2009-11-03 00:00:00-03:00,15.840598106384277,15.840598106384277,15.840598106384277,15.840598106384277,0,0.0,0.0
2009-11-04 00:00:00-03:00,15.840598106384277,15.840598106384277,15.840598106384277,15.840598106384277,0,0.0,0.0
2009-11-05 00:00:00-03:00,15.840598106384277,15.840598106384277,15.840598106384277,15.840598106384277,0,0.0,0.0
2009-11-09 00:00:00-03:00,15.840598106384277,15.840598106384277,15.840598106384277,15.840598106384277,0,0.0,0.0
2009-11-10 00:00:00-03:00,15.840598106384277,15.840598106384277,15.840598106384277,15.840598106384277,0,0.0,0.0
2009-11-11 00:00:00-03:00,15.840598106384277,15.840598106384277,15.840598106384277,15.840598106384277,0,0.0,0.0
2009-11-12 00:00:00-03:00,15.845718383789062,15.845718383789062,15.845718383789062,15.845718383789062,0,9.234375,0.0
2009-11-13 00:00:00-03:00,15.845718383789062,15.845718383789062,15.845718383789062,15.845718383789062,0,0.0,0.0
2009-11-16 00:00:00-03:00,15.845718383789062,15.845718383789062,15.845718383789062,15.845718383789062,0,0.0,0.0
2009-11-17 00:00:00-03:00,15.845718383789062,15.845718383789062,15.845718383789062,15.845718383789062,0,0.0,0.0
2009-11-18 00:00:00-03:00,15.845718383789062,15.845718383789062,15.845718383789062,15.845718383789062,0,0.0,0.0
2009-11-19 00:00:00-03:00,15.845718383789062,15.845718383789062,15.845718383789062,15.845718383789062,0,0.0,0.0
2009-11-20 00:00:00-03:00,15.845718383789062,15.845718383789062,15.845718383789062,15.845718383789062,0,0.0,0.0
2009-11-23 00:00:00-03:00,15.845718383789062,15.845718383789062,15.845718383789062,15.845718383789062,0,0.0,0.0
2009-11-24 00:00:00-03:00,15.845718383789062,15.845718383789062,15.845718383789062,15.845718383789062,0,0.0,0.0
2009-11-25 00:00:00-03:00,15.845718383789062,15.845718383789062,15.845718383789062,15.845718383789062,0,0.0,0.0
2009-11-26 00:00:00-03:00,15.845718383789062,15.845718383789062,15.845718383789062,15.845718383789062,0,0.0,0.0
2009-11-27 00:00:00-03:00,15.845718383789062,15.845718383789062,15.845718383789062,15.845718383789062,0,0.0,0.0
2009-11-30 00:00:00-03:00,15.845718383789062,15.845718383789062,15.845718383789062,15.845718383789062,0,0.0,0.0
2009-12-01 00:00:00-03:00,15.845718383789062,15.845718383789062,15.845718383789062,15.845718383789062,0,0.0,0.0
2009-12-02 00:00:00-03:00,15.845718383789062,15.845718383789062,15.845718383789062,15.845718383789062,0,0.0,0.0
2009-12-03 00:00:00-03:00,15.845718383789062,15.845718383789062,15.845718383789062,15.845718383789062,0,0.0,0.0
2009-12-04 00:00:00-03:00,15.845718383789062,15.845718383789062,15.845718383789062,15.845718383789062,0,0.0,0.0
2009-12-07 00:00:00-03:00,15.845718383789062,15.845718383789062,15.845718383789062,15.845718383789062,0,0.0,0.0
2009-12-09 00:00:00-03:00,15.845718383789062,15.845718383789062,15.845718383789062,15.845718383789062,0,0.0,0.0
2009-12-10 00:00:00-03:00,15.845718383789062,15.845718383789062,15.845718383789062,15.845718383789062,0,0.0,0.0
2009-12-11 00:00:00-03:00,15.845718383789062,15.845718383789062,15.845718383789062,15.845718383789062,0,0.0,0.0
2009-12-14 00:00:00-03:00,15.845718383789062,15.845718383789062,15.845718383789062,15.845718383789062,0,0.0,0.0
2009-12-15 00:00:00-03:00,15.845718383789062,15.845718383789062,15.845718383789062,15.845718383789062,0,0.0,0.0
2009-12-16 00:00:00-03:00,15.845718383789062,15.845718383789062,15.845718383789062,15.845718383789062,0,0.0,0.0
2009-12-17 00:00:00-03:00,15.845718383789062,15.845718383789062,15.845718383789062,15.845718383789062,0,0.0,0.0
2009-12-18 00:00:00-03:00,15.845718383789062,15.845718383789062,15.845718383789062,15.845718383789062,0,0.0,0.0
2009-12-21 00:00:00-03:00,15.845718383789062,15.845718383789062,15.845718383789062,15.845718383789062,0,0.0,0.0
2009-12-22 00:00:00-03:00,15.845718383789062,15.845718383789062,15.845718383789062,15.845718383789062,0,0.0,0.0
2009-12-23 00:00:00-03:00,15.845718383789062,15.845718383789062,15.845718383789062,15.845718383789062,0,0.0,0.0
2009-12-24 00:00:00-03:00,15.845718383789062,15.845718383789062,15.845718383789062,15.845718383789062,0,0.0,0.0
2009-12-28 00:00:00-03:00,15.845718383789062,15.845718383789062,15.845718383789062,15.845718383789062,0,0.0,0.0
2009-12-29 00:00:00-03:00,15.845718383789062,15.845718383789062,15.845718383789062,15.845718383789062,0,0.0,0.0
2009-12-30 00:00:00-03:00,15.845718383789062,15.845718383789062,15.845718383789062,15.845718383789062,0,0.0,0.0
2009-12-31 00:00:00-03:00,15.845718383789062,15.845718383789062,15.845718383789062,15.845718383789062,0,0.0,0.0
2010-01-04 00:00:00-03:00,15.845718383789062,15.845718383789062,15.845718383789062,15.845718383789062,0,0.0,0.0
2010-01-05 00:00:00-03:00,15.845718383789062,15.845718383789062,15.845718383789062,15.845718383789062,0,0.0,0.0
2010-01-06 00:00:00-03:00,15.845718383789062,15.845718383789062,15.845718383789062,15.845718383789062,0,0.0,0.0
2010-01-07 00:00:00-03:00,15.845718383789062,15.845718383789062,15.845718383789062,15.845718383789062,0,0.0,0.0
2010-01-08 00:00:00-03:00,15.845718383789062,15.845718383789062,15.845718383789062,15.845718383789062,0,0.0,0.0
2010-01-11 00:00:00-03:00,15.845718383789062,15.845718383789062,15.845718383789062,15.845718383789062,0,0.0,0.0
2010-01-12 00:00:00-03:00,15.845718383789062,15.845718383789062,15.845718383789062,15.845718383789062,0,0.0,0.0
2010-01-13 00:00:00-03:00,15.845718383789062,15.845718383789062,15.845718383789062,15.845718383789062,0,0.0,0.0
2010-01-14 00:00:00-03:00,15.845718383789062,15.845718383789062,15.845718383789062,15.845718383789062,0,0.0,0.0
2010-01-15 00:00:00-03:00,15.845718383789062,15.845718383789062,15.845718383789062,15.845718383789062,0,0.0,0.0
2010-01-18 00:00:00-03:00,15.845718383789062,15.845718383789062,15.845718383789062,15.845718383789062,0,0.0,0.0
2010-01-19 00:00:00-03:00,15.845718383789062,15.845718383789062,15.845718383789062,15.845718383789062,0,0.0,0.0
2010-01-20 00:00:00-03:00,15.845718383789062,15.845718383789062,15.845718383789062,15.845718383789062,0,0.0,0.0
2010-01-21 00:00:00-03:00,15.845718383789062,15.845718383789062,15.845718383789062,15.845718383789062,0,0.0,0.0
2010-01-22 00:00:00-03:00,15.845718383789062,15.845718383789062,15.845718383789062,15.845718383789062,0,0.0,0.0
2010-01-25 00:00:00-03:00,15.845718383789062,15.845718383789062,15.845718383789062,15.845718383789062,0,0.0,0.0
2010-01-26 00:00:00-03:00,15.845718383789062,15.845718383789062,15.845718383789062,15.845718383789062,0,0.0,0.0
2010-01-27 00:00:00-03:00,15.845718383789062,15.845718383789062,15.845718383789062,15.845718383789062,0,0.0,0.0
2010-01-28 00:00:00-03:00,15.845718383789062,15.845718383789062,15.845718383789062,15.845718383789062,0,0.0,0.0
2010-01-29 00:00:00-03:00,15.845718383789062,15.845718383789062,15.845718383789062,15.845718383789062,0,0.0,0.0
2010-02-01 00:00:00-03:00,15.845718383789062,15.845718383789062,15.845718383789062,15.845718383789062,0,0.0,0.0
2010-02-02 00:00:00-03:00,15.845718383789062,15.845718383789062,15.845718383789062,15.845718383789062,0,0.0,0.0
2010-02-03 00:00:00-03:00,15.845718383789062,15.845718383789062,15.845718383789062,15.845718383789062,0,0.0,0.0
2010-02-04 00:00:00-03:00,15.845718383789062,15.845718383789062,15.845718383789062,15.845718383789062,0,0.0,0.0
2010-02-05 00:00:00-03:00,15.845718383789062,15.845718383789062,15.845718383789062,15.845718383789062,0,0.0,0.0
2010-02-08 00:00:00-03:00,15.845718383789062,15.845718383789062,15.845718383789062,15.845718383789062,0,0.0,0.0
2010-02-09 00:00:00-03:00,15.845718383789062,15.845718383789062,15.845718383789062,15.845718383789062,0,0.0,0.0
2010-02-10 00:00:00-03:00,15.845718383789062,15.845718383789062,15.845718383789062,15.845718383789062,0,0.0,0.0
2010-02-11 00:00:00-03:00,15.897067070007324,15.897067070007324,15.897067070007324,15.897067070007324,0,92.34375,0.0
2010-02-12 00:00:00-03:00,15.897067070007324,15.897067070007324,15.897067070007324,15.897067070007324,0,0.0,0.0
2010-02-17 00:00:00-03:00,15.897067070007324,15.897067070007324,15.897067070007324,15.897067070007324,0,0.0,0.0
2010-02-18 00:00:00-03:00,15.897067070007324,15.897067070007324,15.897067070007324,15.897067070007324,0,0.0,0.0
2010-02-19 00:00:00-03:00,15.897067070007324,15.897067070007324,15.897067070007324,15.897067070007324,0,0.0,0.0
2010-02-22 00:00:00-03:00,15.897067070007324,15.897067070007324,15.897067070007324,15.897067070007324,0,0.0,0.0
2010-02-23 00:00:00-03:00,15.897067070007324,15.897067070007324,15.897067070007324,15.897067070007324,0,0.0,0.0
2010-02-24 00:00:00-03:00,15.897067070007324,15.897067070007324,15.897067070007324,15.897067070007324,0,0.0,0.0
2010-02-25 00:00:00-03:00,15.897067070007324,15.897067070007324,15.897067070007324,15.897067070007324,0,0.0,0.0
2010-02-26 00:00:00-03:00,15.897067070007324,15.897067070007324,15.897067070007324,15.897067070007324,0,0.0,0.0
2010-03-01 00:00:00-03:00,15.897067070007324,15.897067070007324,15.897067070007324,15.897067070007324,0,0.0,0.0
2010-03-02 00:00:00-03:00,15.897067070007324,15.897067070007324,15.897067070007324,15.897067070007324,0,0.0,0.0
2010-03-03 00:00:00-03:00,15.897067070007324,15.897067070007324,15.897067070007324,15.897067070007324,0,0.0,0.0
2010-03-04 00:00:00-03:00,15.897067070007324,15.897067070007324,15.897067070007324,15.897067070007324,0,0.0,0.0
2010-03-05 00:00:00-03:00,15.897067070007324,15.897067070007324,15.897067070007324,15.897067070007324,0,0.0,0.0
2010-03-08 00:00:00-03:00,15.897067070007324,15.897067070007324,15.897067070007324,15.897067070007324,0,0.0,0.0
2010-03-09 00:00:00-03:00,15.897067070007324,15.897067070007324,15.897067070007324,15.897067070007324,0,0.0,0.0
2010-03-10 00:00:00-03:00,15.897067070007324,15.897067070007324,15.897067070007324,15.897067070007324,0,0.0,0.0
2010-03-11 00:00:00-03:00,15.897067070007324,15.897067070007324,15.897067070007324,15.897067070007324,0,0.0,0.0
2010-03-12 00:00:00-03:00,15.897067070007324,15.897067070007324,15.897067070007324,15.897067070007324,0,0.0,0.0
2010-03-15 00:00:00-03:00,15.897067070007324,15.897067070007324,15.897067070007324,15.897067070007324,0,0.0,0.0
2010-03-16 00:00:00-03:00,15.897067070007324,15.897067070007324,15.897067070007324,15.897067070007324,0,0.0,0.0
2010-03-17 00:00:00-03:00,15.897067070007324,15.897067070007324,15.897067070007324,15.897067070007324,0,0.0,0.0
2010-03-18 00:00:00-03:00,15.897067070007324,15.897067070007324,15.897067070007324,15.897067070007324,0,0.0,0.0
2010-03-19 00:00:00-03:00,15.897067070007324,15.897067070007324,15.897067070007324,15.897067070007324,0,0.0,0.0
2010-03-22 00:00:00-03:00,15.897067070007324,15.897067070007324,15.897067070007324,15.897067070007324,0,0.0,0.0
2010-03-23 00:00:00-03:00,15.897067070007324,15.897067070007324,15.897067070007324,15.897067070007324,0,0.0,0.0
2010-03-25 00:00:00-03:00,15.897067070007324,15.897067070007324,15.897067070007324,15.897067070007324,0,0.0,0.0
2010-03-26 00:00:00-03:00,15.897067070007324,15.897067070007324,15.897067070007324,15.897067070007324,0,0.0,0.0
2010-03-29 00:00:00-03:00,15.897067070007324,15.897067070007324,15.897067070007324,15.897067070007324,0,0.0,0.0
2010-03-30 00:00:00-03:00,15.897067070007324,15.897067070007324,15.897067070007324,15.897067070007324,0,0.0,0.0
2010-03-31 00:00:00-03:00,15.897067070007324,15.897067070007324,15.897067070007324,15.897067070007324,0,0.0,0.0
2010-04-05 00:00:00-03:00,15.897067070007324,15.897067070007324,15.897067070007324,15.897067070007324,0,0.0,0.0
2010-04-06 00:00:00-03:00,15.897067070007324,15.897067070007324,15.897067070007324,15.897067070007324,0,0.0,0.0
2010-04-07 00:00:00-03:00,15.897067070007324,15.897067070007324,15.897067070007324,15.897067070007324,0,0.0,0.0
2010-04-08 00:00:00-03:00,15.897067070007324,15.897067070007324,15.897067070007324,15.897067070007324,0,0.0,0.0
2010-04-09 00:00:00-03:00,15.897067070007324,15.897067070007324,15.897067070007324,15.897067070007324,0,0.0,0.0
2010-04-12 00:00:00-03:00,15.897067070007324,15.897067070007324,15.897067070007324,15.897067070007324,0,0.0,0.0
2010-04-13 00:00:00-03:00,15.897067070007324,15.897067070007324,15.897067070007324,15.897067070007324,0,0.0,0.0
2010-04-14 00:00:00-03:00,15.897067070007324,15.897067070007324,15.897067070007324,15.897067070007324,0,0.0,0.0
2010-04-15 00:00:00-03:00,15.897067070007324,15.897067070007324,15.897067070007324,15.897067070007324,0,0.0,0.0
2010-04-16 00:00:00-03:00,15.897067070007324,15.897067070007324,15.897067070007324,15.897067070007324,0,0.0,0.0
2010-04-19 00:00:00-03:00,15.897067070007324,15.897067070007324,15.897067070007324,15.897067070007324,0,0.0,0.0
2010-04-20 00:00:00-03:00,15.897067070007324,15.897067070007324,15.897067070007324,15.897067070007324,0,0.0,0.0
2010-04-21 00:00:00-03:00,15.897067070007324,15.897067070007324,15.897067070007324,15.897067070007324,0,0.0,0.0
2010-04-22 00:00:00-03:00,15.897067070007324,15.897067070007324,15.897067070007324,15.897067070007324,0,0.0,0.0
2010-04-23 00:00:00-03:00,15.897067070007324,15.897067070007324,15.897067070007324,15.897067070007324,0,0.0,0.0
2010-04-26 00:00:00-03:00,15.897067070007324,15.897067070007324,15.897067070007324,15.897067070007324,0,0.0,0.0
2010-04-27 00:00:00-03:00,15.897067070007324,15.897067070007324,15.897067070007324,15.897067070007324,0,0.0,0.0
2010-04-28 00:00:00-03:00,15.897067070007324,15.897067070007324,15.897067070007324,15.897067070007324,0,0.0,0.0
2010-04-29 00:00:00-03:00,15.897067070007324,15.897067070007324,15.897067070007324,15.897067070007324,0,0.0,0.0
2010-04-30 00:00:00-03:00,15.897067070007324,15.897067070007324,15.897067070007324,15.897067070007324,0,0.0,0.0
2010-05-04 00:00:00-03:00,15.897067070007324,15.897067070007324,15.897067070007324,15.897067070007324,0,0.0,0.0
2010-05-05 00:00:00-03:00,15.897067070007324,15.897067070007324,15.897067070007324,15.897067070007324,0,0.0,0.0
2010-05-06 00:00:00-03:00,15.897067070007324,15.897067070007324,15.897067070007324,15.897067070007324,0,0.0,0.0
2010-05-07 00:00:00-03:00,15.897067070007324,15.897067070007324,15.897067070007324,15.897067070007324,0,0.0,0.0
2010-05-10 00:00:00-03:00,15.897067070007324,15.897067070007324,15.897067070007324,15.897067070007324,0,0.0,0.0
2010-05-11 00:00:00-03:00,15.897067070007324,15.897067070007324,15.897067070007324,15.897067070007324,0,0.0,0.0
2010-05-12 00:00:00-03:00,15.897067070007324,15.897067070007324,15.897067070007324,15.897067070007324,0,0.0,0.0
2010-05-13 00:00:00-03:00,15.922780990600586,15.922780990600586,15.922780990600586,15.922780990600586,0,46.171875,0.0
2010-05-14 00:00:00-03:00,15.922780990600586,15.922780990600586,15.922780990600586,15.922780990600586,0,0.0,0.0
2010-05-17 00:00:00-03:00,15.922780990600586,15.922780990600586,15.922780990600586,15.922780990600586,0,0.0,0.0
2010-05-18 00:00:00-03:00,15.922780990600586,15.922780990600586,15.922780990600586,15.922780990600586,0,0.0,0.0
2010-05-19 00:00:00-03:00,15.922780990600586,15.922780990600586,15.922780990600586,15.922780990600586,0,0.0,0.0
2010-05-20 00:00:00-03:00,15.922780990600586,15.922780990600586,15.922780990600586,15.922780990600586,0,0.0,0.0
2010-05-21 00:00:00-03:00,15.922780990600586,15.922780990600586,15.922780990600586,15.922780990600586,0,0.0,0.0
2010-05-24 00:00:00-03:00,15.922780990600586,15.922780990600586,15.922780990600586,15.922780990600586,0,0.0,0.0
2010-05-26 00:00:00-03:00,15.922780990600586,15.922780990600586,15.922780990600586,15.922780990600586,0,0.0,0.0
2010-05-27 00:00:00-03:00,15.922780990600586,15.922780990600586,15.922780990600586,15.922780990600586,0,0.0,0.0
2010-05-28 00:00:00-03:00,15.922780990600586,15.922780990600586,15.922780990600586,15.922780990600586,0,0.0,0.0
2010-05-31 00:00:00-03:00,15.922780990600586,15.922780990600586,15.922780990600586,15.922780990600586,0,0.0,0.0
2010-06-01 00:00:00-03:00,15.922780990600586,15.922780990600586,15.922780990600586,15.922780990600586,0,0.0,0.0
2010-06-02 00:00:00-03:00,15.922780990600586,15.922780990600586,15.922780990600586,15.922780990600586,0,0.0,0.0
2010-06-03 00:00:00-03:00,15.922780990600586,15.922780990600586,15.922780990600586,15.922780990600586,0,0.0,0.0
2010-06-04 00:00:00-03:00,15.922780990600586,15.922780990600586,15.922780990600586,15.922780990600586,0,0.0,0.0
2010-06-07 00:00:00-03:00,15.922780990600586,15.922780990600586,15.922780990600586,15.922780990600586,0,0.0,0.0
2010-06-08 00:00:00-03:00,15.922780990600586,15.922780990600586,15.922780990600586,15.922780990600586,0,0.0,0.0
2010-06-09 00:00:00-03:00,15.922780990600586,15.922780990600586,15.922780990600586,15.922780990600586,0,0.0,0.0
2010-06-10 00:00:00-03:00,15.922780990600586,15.922780990600586,15.922780990600586,15.922780990600586,0,0.0,0.0
2010-06-11 00:00:00-03:00,15.922780990600586,15.922780990600586,15.922780990600586,15.922780990600586,0,0.0,0.0
2010-06-14 00:00:00-03:00,15.922780990600586,15.922780990600586,15.922780990600586,15.922780990600586,0,0.0,0.0
2010-06-15 00:00:00-03:00,15.922780990600586,15.922780990600586,15.922780990600586,15.922780990600586,0,0.0,0.0
2010-06-16 00:00:00-03:00,15.922780990600586,15.922780990600586,15.922780990600586,15.922780990600586,0,0.0,0.0
2010-06-17 00:00:00-03:00,15.922780990600586,15.922780990600586,15.922780990600586,15.922780990600586,0,0.0,0.0
2010-06-18 00:00:00-03:00,15.922780990600586,15.922780990600586,15.922780990600586,15.922780990600586,0,0.0,0.0
2010-06-22 00:00:00-03:00,15.922780990600586,15.922780990600586,15.922780990600586,15.922780990600586,0,0.0,0.0
2010-06-23 00:00:00-03:00,15.922780990600586,15.922780990600586,15.922780990600586,15.922780990600586,0,0.0,0.0
2010-06-24 00:00:00-03:00,15.922780990600586,15.922780990600586,15.922780990600586,15.922780990600586,0,0.0,0.0
2010-06-25 00:00:00-03:00,15.922780990600586,15.922780990600586,15.922780990600586,15.922780990600586,0,0.0,0.0
2010-06-28 00:00:00-03:00,15.922780990600586,15.922780990600586,15.922780990600586,15.922780990600586,0,0.0,0.0
2010-06-29 00:00:00-03:00,15.922780990600586,15.922780990600586,15.922780990600586,15.922780990600586,0,0.0,0.0
2010-06-30 00:00:00-03:00,15.922780990600586,15.922780990600586,15.922780990600586,15.922780990600586,0,0.0,0.0
2010-07-01 00:00:00-03:00,15.922780990600586,15.922780990600586,15.922780990600586,15.922780990600586,0,0.0,0.0
2010-07-02 00:00:00-03:00,15.922780990600586,15.922780990600586,15.922780990600586,15.922780990600586,0,0.0,0.0
2010-07-05 00:00:00-03:00,15.922780990600586,15.922780990600586,15.922780990600586,15.922780990600586,0,0.0,0.0
2010-07-06 00:00:00-03:00,15.922780990600586,15.922780990600586,15.922780990600586,15.922780990600586,0,0.0,0.0
2010-07-07 00:00:00-03:00,15.922780990600586,15.922780990600586,15.922780990600586,15.922780990600586,0,0.0,0.0
2010-07-08 00:00:00-03:00,15.922780990600586,15.922780990600586,15.922780990600586,15.922780990600586,0,0.0,0.0
2010-07-12 00:00:00-03:00,15.922780990600586,15.922780990600586,15.922780990600586,15.922780990600586,0,0.0,0.0
2010-07-13 00:00:00-03:00,15.922780990600586,15.922780990600586,15.922780990600586,15.922780990600586,0,0.0,0.0
2010-07-14 00:00:00-03:00,15.922780990600586,15.922780990600586,15.922780990600586,15.922780990600586,0,0.0,0.0
2010-07-15 00:00:00-03:00,15.922780990600586,15.922780990600586,15.922780990600586,15.922780990600586,0,0.0,0.0
2010-07-16 00:00:00-03:00,15.922780990600586,15.922780990600586,15.922780990600586,15.922780990600586,0,0.0,0.0
2010-07-19 00:00:00-03:00,15.922780990600586,15.922780990600586,15.922780990600586,15.922780990600586,0,0.0,0.0
2010-07-20 00:00:00-03:00,15.922780990600586,15.922780990600586,15.922780990600586,15.922780990600586,0,0.0,0.0
2010-07-21 00:00:00-03:00,15.922780990600586,15.922780990600586,15.922780990600586,15.922780990600586,0,0.0,0.0
2010-07-22 00:00:00-03:00,15.922780990600586,15.922780990600586,15.922780990600586,15.922780990600586,0,0.0,0.0
2010-07-23 00:00:00-03:00,15.922780990600586,15.922780990600586,15.922780990600586,15.922780990600586,0,0.0,0.0
2010-07-26 00:00:00-03:00,15.922780990600586,15.922780990600586,15.922780990600586,15.922780990600586,0,0.0,0.0
2010-07-27 00:00:00-03:00,15.922780990600586,15.922780990600586,15.922780990600586,15.922780990600586,0,0.0,0.0
2010-07-28 00:00:00-03:00,15.922780990600586,15.922780990600586,15.922780990600586,15.922780990600586,0,0.0,0.0
2010-07-29 00:00:00-03:00,15.922780990600586,15.922780990600586,15.922780990600586,15.922780990600586,0,0.0,0.0
2010-07-30 00:00:00-03:00,15.922780990600586,15.922780990600586,15.922780990600586,15.922780990600586,0,0.0,0.0
2010-08-02 00:00:00-03:00,15.922780990600586,15.922780990600586,15.922780990600586,15.922780990600586,0,0.0,0.0
2010-08-03 00:00:00-03:00,15.922780990600586,15.922780990600586,15.922780990600586,15.922780990600586,0,0.0,0.0
2010-08-04 00:00:00-03:00,15.922780990600586,15.922780990600586,15.922780990600586,15.922780990600586,0,0.0,0.0
2010-08-05 00:00:00-03:00,15.922780990600586,15.922780990600586,15.922780990600586,15.922780990600586,0,0.0,0.0
2010-08-06 00:00:00-03:00,15.922780990600586,15.922780990600586,15.922780990600586,15.922780990600586,0,0.0,0.0
2010-08-09 00:00:00-03:00,15.922780990600586,15.922780990600586,15.922780990600586,15.922780990600586,0,0.0,0.0
2010-08-10 00:00:00-03:00,15.922780990600586,15.922780990600586,15.922780990600586,15.922780990600586,0,0.0,0.0
2010-08-11 00:00:00-03:00,15.922780990600586,15.922780990600586,15.922780990600586,15.922780990600586,0,0.0,0.0
2010-08-12 00:00:00-03:00,15.938638687133787,15.938638687133787,15.938638687133787,15.938638687133789,0,28.441875,0.0
2010-08-13 00:00:00-03:00,15.938638687133787,15.938638687133787,15.938638687133787,15.938638687133789,0,0.0,0.0
2010-08-18 00:00:00-03:00,15.938638687133787,15.938638687133787,15.938638687133787,15.938638687133789,0,0.0,0.0
2010-08-19 00:00:00-03:00,15.938638687133787,15.938638687133787,15.938638687133787,15.938638687133789,0,0.0,0.0
2010-08-20 00:00:00-03:00,15.938638687133787,15.938638687133787,15.938638687133787,15.938638687133789,0,0.0,0.0
2010-08-23 00:00:00-03:00,15.938638687133787,15.938638687133787,15.938638687133787,15.938638687133789,0,0.0,0.0
2010-08-24 00:00:00-03:00,15.938638687133787,15.938638687133787,15.938638687133787,15.938638687133789,0,0.0,0.0
2010-08-25 00:00:00-03:00,15.938638687133787,15.938638687133787,15.938638687133787,15.938638687133789,0,0.0,0.0
2010-08-26 00:00:00-03:00,15.938638687133787,15.938638687133787,15.938638687133787,15.938638687133789,0,0.0,0.0
2010-08-27 00:00:00-03:00,15.938638687133787,15.938638687133787,15.938638687133787,15.938638687133789,0,0.0,0.0
2010-08-30 00:00:00-03:00,15.938638687133787,15.938638687133787,15.938638687133787,15.938638687133789,0,0.0,0.0
2010-08-31 00:00:00-03:00,15.938638687133787,15.938638687133787,15.938638687133787,15.938638687133789,0,0.0,0.0
2010-09-01 00:00:00-03:00,15.938638687133787,15.938638687133787,15.938638687133787,15.938638687133789,0,0.0,0.0
2010-09-02 00:00:00-03:00,15.938638687133787,15.938638687133787,15.938638687133787,15.938638687133789,0,0.0,0.0
2010-09-03 00:00:00-03:00,15.938638687133787,15.938638687133787,15.938638687133787,15.938638687133789,0,0.0,0.0
2010-09-06 00:00:00-03:00,15.938638687133787,15.938638687133787,15.938638687133787,15.938638687133789,0,0.0,0.0
2010-09-07 00:00:00-03:00,15.938638687133787,15.938638687133787,15.938638687133787,15.938638687133789,0,0.0,0.0
2010-09-08 00:00:00-03:00,15.938638687133787,15.938638687133787,15.938638687133787,15.938638687133789,0,0.0,0.0
2010-09-09 00:00:00-03:00,15.938638687133787,15.938638687133787,15.938638687133787,15.938638687133789,0,0.0,0.0
2010-09-10 00:00:00-03:00,15.938638687133787,15.938638687133787,15.938638687133787,15.938638687133789,0,0.0,0.0
2010-09-13 00:00:00-03:00,15.938638687133787,15.938638687133787,15.938638687133787,15.938638687133789,0,0.0,0.0
2010-09-14 00:00:00-03:00,15.938638687133787,15.938638687133787,15.938638687133787,15.938638687133789,0,0.0,0.0
2010-09-15 00:00:00-03:00,15.938638687133787,15.938638687133787,15.938638687133787,15.938638687133789,0,0.0,0.0
2010-09-16 00:00:00-03:00,15.938638687133787,15.938638687133787,15.938638687133787,15.938638687133789,0,0.0,0.0
2010-09-17 00:00:00-03:00,15.938638687133787,15.938638687133787,15.938638687133787,15.938638687133789,0,0.0,0.0
2010-09-20 00:00:00-03:00,15.938638687133787,15.938638687133787,15.938638687133787,15.938638687133789,0,0.0,0.0
2010-09-21 00:00:00-03:00,15.938638687133787,15.938638687133787,15.938638687133787,15.938638687133789,0,0.0,0.0
2010-09-22 00:00:00-03:00,15.938638687133787,15.938638687133787,15.938638687133787,15.938638687133789,0,0.0,0.0
2010-09-23 00:00:00-03:00,15.938638687133787,15.938638687133787,15.938638687133787,15.938638687133789,0,0.0,0.0
2010-09-24 00:00:00-03:00,15.938638687133787,15.938638687133787,15.938638687133787,15.938638687133789,0,0.0,0.0
2010-09-27 00:00:00-03:00,15.938638687133787,15.938638687133787,15.938638687133787,15.938638687133789,0,0.0,0.0
2010-09-28 00:00:00-03:00,15.938638687133787,15.938638687133787,15.938638687133787,15.938638687133789,0,0.0,0.0
2010-09-29 00:00:00-03:00,15.938638687133787,15.938638687133787,15.938638687133787,15.938638687133789,0,0.0,0.0
2010-09-30 00:00:00-03:00,15.938638687133787,15.938638687133787,15.938638687133787,15.938638687133789,0,0.0,0.0
2010-10-01 00:00:00-03:00,15.938638687133787,15.938638687133787,15.938638687133787,15.938638687133789,0,0.0,0.0
2010-10-04 00:00:00-03:00,15.938638687133787,15.938638687133787,15.938638687133787,15.938638687133789,0,0.0,0.0
2010-10-05 00:00:00-03:00,15.938638687133787,15.938638687133787,15.938638687133787,15.938638687133789,0,0.0,0.0
2010-10-06 00:00:00-03:00,15.938638687133787,15.938638687133787,15.938638687133787,15.938638687133789,0,0.0,0.0
2010-10-07 00:00:00-03:00,15.938638687133787,15.938638687133787,15.938638687133787,15.938638687133789,0,0.0,0.0
2010-10-08 00:00:00-03:00,15.938638687133787,15.938638687133787,15.938638687133787,15.938638687133789,0,0.0,0.0
2010-10-12 00:00:00-03:00,15.938638687133787,15.938638687133787,15.938638687133787,15.938638687133789,0,0.0,0.0
2010-10-13 00:00:00-03:00,15.938638687133787,15.938638687133787,15.938638687133787,15.938638687133789,0,0.0,0.0
2010-10-14 00:00:00-03:00,15.938638687133787,15.938638687133787,15.938638687133787,15.938638687133789,0,0.0,0.0
2010-10-15 00:00:00-03:00,15.938638687133787,15.938638687133787,15.938638687133787,15.938638687133789,0,0.0,0.0
2010-10-18 00:00:00-03:00,15.938638687133787,15.938638687133787,15.938638687133787,15.938638687133789,0,0.0,0.0
2010-10-19 00:00:00-03:00,15.938638687133787,15.938638687133787,15.938638687133787,15.938638687133789,0,0.0,0.0
2010-10-20 00:00:00-03:00,15.938638687133787,15.938638687133787,15.938638687133787,15.938638687133789,0,0.0,0.0
2010-10-21 00:00:00-03:00,15.938638687133787,15.938638687133787,15.938638687133787,15.938638687133789,0,0.0,0.0
2010-10-22 00:00:00-03:00,15.938638687133787,15.938638687133787,15.938638687133787,15.938638687133789,0,0.0,0.0
2010-10-25 00:00:00-03:00,15.938638687133787,15.938638687133787,15.938638687133787,15.938638687133789,0,0.0,0.0
2010-10-26 00:00:00-03:00,15.938638687133787,15.938638687133787,15.938638687133787,15.938638687133789,0,0.0,0.0
2010-10-27 00:00:00-03:00,15.938638687133787,15.938638687133787,15.938638687133787,15.938638687133789,0,0.0,0.0
2010-10-28 00:00:00-03:00,15.938638687133787,15.938638687133787,15.938638687133787,15.938638687133789,0,0.0,0.0
2010-10-29 00:00:00-03:00,15.938638687133787,15.938638687133787,15.938638687133787,15.938638687133789,0,0.0,0.0
2010-11-01 00:00:00-03:00,15.938638687133787,15.938638687133787,15.938638687133787,15.938638687133789,0,0.0,0.0
2010-11-02 00:00:00-03:00,15.938638687133787,15.938638687133787,15.938638687133787,15.938638687133789,0,0.0,0.0
2010-11-03 00:00:00-03:00,15.938638687133787,15.938638687133787,15.938638687133787,15.938638687133789,0,0.0,0.0
2010-11-04 00:00:00-03:00,15.938638687133787,15.938638687133787,15.938638687133787,15.938638687133789,0,0.0,0.0
2010-11-05 00:00:00-03:00,15.938638687133787,15.938638687133787,15.938638687133787,15.938638687133789,0,0.0,0.0
2010-11-08 00:00:00-03:00,15.938638687133787,15.938638687133787,15.938638687133787,15.938638687133789,0,0.0,0.0
2010-11-09 00:00:00-03:00,15.938638687133787,15.938638687133787,15.938638687133787,15.938638687133789,0,0.0,0.0
2010-11-10 00:00:00-03:00,15.938638687133787,15.938638687133787,15.938638687133787,15.938638687133789,0,0.0,0.0
2010-11-11 00:00:00-03:00,15.938638687133787,15.938638687133787,15.938638687133787,15.938638687133789,0,0.0,0.0
2010-11-12 00:00:00-03:00,15.954508781433105,15.954508781433105,15.954508781433105,15.954508781433105,0,28.441875,0.0
2010-11-15 00:00:00-03:00,15.954508781433105,15.954508781433105,15.954508781433105,15.954508781433105,0,0.0,0.0
2010-11-16 00:00:00-03:00,15.954508781433105,15.954508781433105,15.954508781433105,15.954508781433105,0,0.0,0.0
2010-11-17 00:00:00-03:00,15.954508781433105,15.954508781433105,15.954508781433105,15.954508781433105,0,0.0,0.0
2010-11-18 00:00:00-03:00,15.954508781433105,15.954508781433105,15.954508781433105,15.954508781433105,0,0.0,0.0
2010-11-19 00:00:00-03:00,15.954508781433105,15.954508781433105,15.954508781433105,15.954508781433105,0,0.0,0.0
2010-11-22 00:00:00-03:00,15.954508781433105,15.954508781433105,15.954508781433105,15.954508781433105,0,0.0,0.0
2010-11-23 00:00:00-03:00,15.954508781433105,15.954508781433105,15.954508781433105,15.954508781433105,0,0.0,0.0
2010-11-24 00:00:00-03:00,15.954508781433105,15.954508781433105,15.954508781433105,15.954508781433105,0,0.0,0.0
2010-11-25 00:00:00-03:00,15.954508781433105,15.954508781433105,15.954508781433105,15.954508781433105,0,0.0,0.0
2010-11-26 00:00:00-03:00,15.954508781433105,15.954508781433105,15.954508781433105,15.954508781433105,0,0.0,0.0
2010-11-29 00:00:00-03:00,15.954508781433105,15.954508781433105,15.954508781433105,15.954508781433105,0,0.0,0.0
2010-11-30 00:00:00-03:00,15.954508781433105,15.954508781433105,15.954508781433105,15.954508781433105,0,0.0,0.0
2010-12-01 00:00:00-03:00,15.954508781433105,15.954508781433105,15.954508781433105,15.954508781433105,0,0.0,0.0
2010-12-02 00:00:00-03:00,15.954508781433105,15.954508781433105,15.954508781433105,15.954508781433105,0,0.0,0.0
2010-12-03 00:00:00-03:00,15.954508781433105,15.954508781433105,15.954508781433105,15.954508781433105,0,0.0,0.0
2010-12-06 00:00:00-03:00,15.954508781433105,15.954508781433105,15.954508781433105,15.954508781433105,0,0.0,0.0
2010-12-07 00:00:00-03:00,15.954508781433105,15.954508781433105,15.954508781433105,15.954508781433105,0,0.0,0.0
2010-12-09 00:00:00-03:00,15.954508781433105,15.954508781433105,15.954508781433105,15.954508781433105,0,0.0,0.0
2010-12-10 00:00:00-03:00,15.954508781433105,15.954508781433105,15.954508781433105,15.954508781433105,0,0.0,0.0
2010-12-13 00:00:00-03:00,15.954508781433105,15.954508781433105,15.954508781433105,15.954508781433105,0,0.0,0.0
2010-12-14 00:00:00-03:00,15.954508781433105,15.954508781433105,15.954508781433105,15.954508781433105,0,0.0,0.0
2010-12-15 00:00:00-03:00,15.954508781433105,15.954508781433105,15.954508781433105,15.954508781433105,0,0.0,0.0
2010-12-16 00:00:00-03:00,15.954508781433105,15.954508781433105,15.954508781433105,15.954508781433105,0,0.0,0.0
2010-12-17 00:00:00-03:00,15.954508781433105,15.954508781433105,15.954508781433105,15.954508781433105,0,0.0,0.0
2010-12-20 00:00:00-03:00,15.954508781433105,15.954508781433105,15.954508781433105,15.954508781433105,0,0.0,0.0
2010-12-21 00:00:00-03:00,15.954508781433105,15.954508781433105,15.954508781433105,15.954508781433105,0,0.0,0.0
2010-12-22 00:00:00-03:00,15.954508781433105,15.954508781433105,15.954508781433105,15.954508781433105,0,0.0,0.0
2010-12-23 00:00:00-03:00,15.954508781433105,15.954508781433105,15.954508781433105,15.954508781433105,0,0.0,0.0
2010-12-27 00:00:00-03:00,15.954508781433105,15.954508781433105,15.954508781433105,15.954508781433105,0,0.0,0.0
2010-12-28 00:00:00-03:00,15.954508781433105,15.954508781433105,15.954508781433105,15.954508781433105,0,0.0,0.0
2010-12-29 00:00:00-03:00,15.954508781433105,15.954508781433105,15.954508781433105,15.954508781433105,0,0.0,0.0
2010-12-30 00:00:00-03:00,15.954508781433105,15.954508781433105,15.954508781433105,15.954508781433105,0,0.0,0.0
2011-01-03 00:00:00-03:00,15.954508781433105,15.954508781433105,15.954508781433105,15.954508781433105,0,0.0,0.0
2011-01-04 00:00:00-03:00,15.954508781433105,15.954508781433105,15.954508781433105,15.954508781433105,0,0.0,0.0
2011-01-05 00:00:00-03:00,15.954508781433105,15.954508781433105,15.954508781433105,15.954508781433105,0,0.0,0.0
2011-01-06 00:00:00-03:00,15.954508781433105,15.954508781433105,15.954508781433105,15.954508781433105,0,0.0,0.0
2011-01-07 00:00:00-03:00,15.954508781433105,15.954508781433105,15.954508781433105,15.954508781433105,0,0.0,0.0
2011-01-10 00:00:00-03:00,15.954508781433105,15.954508781433105,15.954508781433105,15.954508781433105,0,0.0,0.0
2011-01-11 00:00:00-03:00,15.954508781433105,15.954508781433105,15.954508781433105,15.954508781433105,0,0.0,0.0
2011-01-12 00:00:00-03:00,15.954508781433105,15.954508781433105,15.954508781433105,15.954508781433105,0,0.0,0.0
2011-01-13 00:00:00-03:00,15.954508781433105,15.954508781433105,15.954508781433105,15.954508781433105,0,0.0,0.0
2011-01-14 00:00:00-03:00,15.954508781433105,15.954508781433105,15.954508781433105,15.954508781433105,0,0.0,0.0
2011-01-17 00:00:00-03:00,15.954508781433105,15.954508781433105,15.954508781433105,15.954508781433105,0,0.0,0.0
2011-01-18 00:00:00-03:00,15.954508781433105,15.954508781433105,15.954508781433105,15.954508781433105,0,0.0,0.0
2011-01-19 00:00:00-03:00,15.954508781433105,15.954508781433105,15.954508781433105,15.954508781433105,0,0.0,0.0
2011-01-20 00:00:00-03:00,15.954508781433105,15.954508781433105,15.954508781433105,15.954508781433105,0,0.0,0.0
2011-01-21 00:00:00-03:00,15.954508781433105,15.954508781433105,15.954508781433105,15.954508781433105,0,0.0,0.0
2011-01-24 00:00:00-03:00,15.954508781433105,15.954508781433105,15.954508781433105,15.954508781433105,0,0.0,0.0
2011-01-25 00:00:00-03:00,15.954508781433105,15.954508781433105,15.954508781433105,15.954508781433105,0,0.0,0.0
2011-01-26 00:00:00-03:00,15.954508781433105,15.954508781433105,15.954508781433105,15.954508781433105,0,0.0,0.0
2011-01-27 00:00:00-03:00,15.954508781433105,15.954508781433105,15.954508781433105,15.954508781433105,0,0.0,0.0
2011-01-28 00:00:00-03:00,15.954508781433105,15.954508781433105,15.954508781433105,15.954508781433105,0,0.0,0.0
2011-02-01 00:00:00-03:00,15.954508781433105,15.954508781433105,15.954508781433105,15.954508781433105,0,0.0,0.0
2011-02-02 00:00:00-03:00,15.954508781433105,15.954508781433105,15.954508781433105,15.954508781433105,0,0.0,0.0
2011-02-03 00:00:00-03:00,15.954508781433105,15.954508781433105,15.954508781433105,15.954508781433105,0,0.0,0.0
2011-02-04 00:00:00-03:00,15.954508781433105,15.954508781433105,15.954508781433105,15.954508781433105,0,0.0,0.0
2011-02-07 00:00:00-03:00,15.954508781433105,15.954508781433105,15.954508781433105,15.954508781433105,0,0.0,0.0
2011-02-08 00:00:00-03:00,15.954508781433105,15.954508781433105,15.954508781433105,15.954508781433105,0,0.0,0.0
2011-02-09 00:00:00-03:00,15.954508781433105,15.954508781433105,15.954508781433105,15.954508781433105,0,0.0,0.0
2011-02-10 00:00:00-03:00,15.954508781433105,15.954508781433105,15.954508781433105,15.954508781433105,0,0.0,0.0
2011-02-11 00:00:00-03:00,15.993252754211426,15.993252754211426,15.993252754211426,15.993252754211426,0,0.046875,0.0
2011-02-14 00:00:00-03:00,15.993252754211426,15.993252754211426,15.993252754211426,15.993252754211426,0,0.0,0.0
2011-02-15 00:00:00-03:00,15.993252754211426,15.993252754211426,15.993252754211426,15.993252754211426,0,0.0,0.0
2011-02-16 00:00:00-03:00,15.993252754211426,15.993252754211426,15.993252754211426,15.993252754211426,0,0.0,0.0
2011-02-17 00:00:00-03:00,15.993252754211426,15.993252754211426,15.993252754211426,15.993252754211426,0,0.0,0.0
2011-02-18 00:00:00-03:00,15.993252754211426,15.993252754211426,15.993252754211426,15.993252754211426,0,0.0,0.0
2011-02-21 00:00:00-03:00,15.993252754211426,15.993252754211426,15.993252754211426,15.993252754211426,0,0.0,0.0
2011-02-22 00:00:00-03:00,15.993252754211426,15.993252754211426,15.993252754211426,15.993252754211426,0,0.0,0.0
2011-02-23 00:00:00-03:00,15.993252754211426,15.993252754211426,15.993252754211426,15.993252754211426,0,0.0,0.0
2011-02-24 00:00:00-03:00,15.993252754211426,15.993252754211426,15.993252754211426,15.993252754211426,0,0.0,0.0
2011-02-25 00:00:00-03:00,15.993252754211426,15.993252754211426,15.993252754211426,15.993252754211426,0,0.0,0.0
2011-02-28 00:00:00-03:00,15.993252754211426,15.993252754211426,15.993252754211426,15.993252754211426,0,0.0,0.0
2011-03-01 00:00:00-03:00,15.993252754211426,15.993252754211426,15.993252754211426,15.993252754211426,0,0.0,0.0
2011-03-02 00:00:00-03:00,15.993252754211426,15.993252754211426,15.993252754211426,15.993252754211426,0,0.0,0.0
2011-03-03 00:00:00-03:00,15.993252754211426,15.993252754211426,15.993252754211426,15.993252754211426,0,0.0,0.0
2011-03-04 00:00:00-03:00,15.993252754211426,15.993252754211426,15.993252754211426,15.993252754211426,0,0.0,0.0
2011-03-09 00:00:00-03:00,15.993252754211426,15.993252754211426,15.993252754211426,15.993252754211426,0,0.0,0.0
2011-03-10 00:00:00-03:00,15.993252754211426,15.993252754211426,15.993252754211426,15.993252754211426,0,0.0,0.0
2011-03-11 00:00:00-03:00,15.993252754211426,15.993252754211426,15.993252754211426,15.993252754211426,0,0.0,0.0
2011-03-14 00:00:00-03:00,15.993252754211426,15.993252754211426,15.993252754211426,15.993252754211426,0,0.0,0.0
2011-03-15 00:00:00-03:00,15.993252754211426,15.993252754211426,15.993252754211426,15.993252754211426,0,0.0,0.0
2011-03-16 00:00:00-03:00,15.993252754211426,15.993252754211426,15.993252754211426,15.993252754211426,0,0.0,0.0
2011-03-17 00:00:00-03:00,15.993252754211426,15.993252754211426,15.993252754211426,15.993252754211426,0,0.0,0.0
2011-03-18 00:00:00-03:00,15.993252754211426,15.993252754211426,15.993252754211426,15.993252754211426,0,0.0,0.0
2011-03-21 00:00:00-03:00,15.993252754211426,15.993252754211426,15.993252754211426,15.993252754211426,0,0.0,0.0
2011-03-22 00:00:00-03:00,15.993252754211426,15.993252754211426,15.993252754211426,15.993252754211426,0,0.0,0.0
2011-03-23 00:00:00-03:00,15.993252754211426,15.993252754211426,15.993252754211426,15.993252754211426,0,0.0,0.0
2011-03-28 00:00:00-03:00,15.993252754211426,15.993252754211426,15.993252754211426,15.993252754211426,0,0.0,0.0
2011-03-29 00:00:00-03:00,15.993252754211426,15.993252754211426,15.993252754211426,15.993252754211426,0,0.0,0.0
2011-03-30 00:00:00-03:00,15.993252754211426,15.993252754211426,15.993252754211426,15.993252754211426,0,0.0,0.0
2011-03-31 00:00:00-03:00,15.993252754211426,15.993252754211426,15.993252754211426,15.993252754211426,0,0.0,0.0
2011-04-01 00:00:00-03:00,15.993252754211426,15.993252754211426,15.993252754211426,15.993252754211426,0,0.0,0.0
2011-04-04 00:00:00-03:00,15.993252754211426,15.993252754211426,15.993252754211426,15.993252754211426,0,0.0,0.0
2011-04-05 00:00:00-03:00,15.993252754211426,15.993252754211426,15.993252754211426,15.993252754211426,0,0.0,0.0
2011-04-06 00:00:00-03:00,15.993252754211426,15.993252754211426,15.993252754211426,15.993252754211426,0,0.0,0.0
2011-04-07 00:00:00-03:00,15.993252754211426,15.993252754211426,15.993252754211426,15.993252754211426,0,0.0,0.0
2011-04-08 00:00:00-03:00,15.993252754211426,15.993252754211426,15.993252754211426,15.993252754211426,0,0.0,0.0
2011-04-11 00:00:00-03:00,15.993252754211426,15.993252754211426,15.993252754211426,15.993252754211426,0,0.0,0.0
2011-04-12 00:00:00-03:00,15.993252754211426,15.993252754211426,15.993252754211426,15.993252754211426,0,0.0,0.0
2011-04-13 00:00:00-03:00,15.993252754211426,15.993252754211426,15.993252754211426,15.993252754211426,0,0.0,0.0
2011-04-14 00:00:00-03:00,15.993252754211426,15.993252754211426,15.993252754211426,15.993252754211426,0,0.0,0.0
2011-04-15 00:00:00-03:00,15.993252754211426,15.993252754211426,15.993252754211426,15.993252754211426,0,0.0,0.0
2011-04-18 00:00:00-03:00,15.993252754211426,15.993252754211426,15.993252754211426,15.993252754211426,0,0.0,0.0
2011-04-19 00:00:00-03:00,15.993252754211426,15.993252754211426,15.993252754211426,15.993252754211426,0,0.0,0.0
2011-04-20 00:00:00-03:00,15.993252754211426,15.993252754211426,15.993252754211426,15.993252754211426,0,0.0,0.0
2011-04-25 00:00:00-03:00,15.993252754211426,15.993252754211426,15.993252754211426,15.993252754211426,0,0.0,0.0
2011-04-26 00:00:00-03:00,15.993252754211426,15.993252754211426,15.993252754211426,15.993252754211426,0,0.0,0.0
2011-04-27 00:00:00-03:00,15.993252754211426,15.993252754211426,15.993252754211426,15.993252754211426,0,0.0,0.0
2011-04-28 00:00:00-03:00,15.993252754211426,15.993252754211426,15.993252754211426,15.993252754211426,0,0.0,0.0
2011-04-29 00:00:00-03:00,15.993252754211426,15.993252754211426,15.993252754211426,15.993252754211426,0,0.0,0.0
2011-05-02 00:00:00-03:00,15.993252754211426,15.993252754211426,15.993252754211426,15.993252754211426,0,0.0,0.0
2011-05-03 00:00:00-03:00,15.993252754211426,15.993252754211426,15.993252754211426,15.993252754211426,0,0.0,0.0
2011-05-04 00:00:00-03:00,15.993252754211426,15.993252754211426,15.993252754211426,15.993252754211426,0,0.0,0.0
2011-05-05 00:00:00-03:00,15.993252754211426,15.993252754211426,15.993252754211426,15.993252754211426,0,0.0,0.0
2011-05-06 00:00:00-03:00,15.993252754211426,15.993252754211426,15.993252754211426,15.993252754211426,0,0.0,0.0
2011-05-09 00:00:00-03:00,15.993252754211426,15.993252754211426,15.993252754211426,15.993252754211426,0,0.0,0.0
2011-05-10 00:00:00-03:00,15.993252754211426,15.993252754211426,15.993252754211426,15.993252754211426,0,0.0,0.0
2011-05-11 00:00:00-03:00,15.993252754211426,15.993252754211426,15.993252754211426,15.993252754211426,0,0.0,0.0
2011-05-12 00:00:00-03:00,15.993252754211426,15.993252754211426,15.993252754211426,15.993252754211426,0,0.0,0.0
2011-05-13 00:00:00-03:00,16.047679901123047,16.047679901123047,16.047679901123047,16.047679901123047,0,96.96093,0.0
2011-05-16 00:00:00-03:00,16.047679901123047,16.047679901123047,16.047679901123047,16.047679901123047,0,0.0,0.0
2011-05-17 00:00:00-03:00,16.047679901123047,16.047679901123047,16.047679901123047,16.047679901123047,0,0.0,0.0
2011-05-18 00:00:00-03:00,16.047679901123047,16.047679901123047,16.047679901123047,16.047679901123047,0,0.0,0.0
2011-05-19 00:00:00-03:00,16.047679901123047,16.047679901123047,16.047679901123047,16.047679901123047,0,0.0,0.0
2011-05-20 00:00:00-03:00,16.047679901123047,16.047679901123047,16.047679901123047,16.047679901123047,0,0.0,0.0
2011-05-23 00:00:00-03:00,16.047679901123047,16.047679901123047,16.047679901123047,16.047679901123047,0,0.0,0.0
2011-05-24 00:00:00-03:00,16.047679901123047,16.047679901123047,16.047679901123047,16.047679901123047,0,0.0,0.0
2011-05-26 00:00:00-03:00,16.047679901123047,16.047679901123047,16.047679901123047,16.047679901123047,0,0.0,0.0
2011-05-27 00:00:00-03:00,16.047679901123047,16.047679901123047,16.047679901123047,16.047679901123047,0,0.0,0.0
2011-05-30 00:00:00-03:00,16.047679901123047,16.047679901123047,16.047679901123047,16.047679901123047,0,0.0,0.0
2011-05-31 00:00:00-03:00,16.047679901123047,16.047679901123047,16.047679901123047,16.047679901123047,0,0.0,0.0
2011-06-01 00:00:00-03:00,16.047679901123047,16.047679901123047,16.047679901123047,16.047679901123047,0,0.0,0.0
2011-06-02 00:00:00-03:00,16.047679901123047,16.047679901123047,16.047679901123047,16.047679901123047,0,0.0,0.0
2011-06-03 00:00:00-03:00,16.047679901123047,16.047679901123047,16.047679901123047,16.047679901123047,0,0.0,0.0
2011-06-06 00:00:00-03:00,16.047679901123047,16.047679901123047,16.047679901123047,16.047679901123047,0,0.0,0.0
2011-06-07 00:00:00-03:00,16.047679901123047,16.047679901123047,16.047679901123047,16.047679901123047,0,0.0,0.0
2011-06-08 00:00:00-03:00,16.047679901123047,16.047679901123047,16.047679901123047,16.047679901123047,0,0.0,0.0
2011-06-09 00:00:00-03:00,16.047679901123047,16.047679901123047,16.047679901123047,16.047679901123047,0,0.0,0.0
2011-06-10 00:00:00-03:00,16.047679901123047,16.047679901123047,16.047679901123047,16.047679901123047,0,0.0,0.0
2011-06-13 00:00:00-03:00,16.047679901123047,16.047679901123047,16.047679901123047,16.047679901123047,0,0.0,0.0
2011-06-14 00:00:00-03:00,16.047679901123047,16.047679901123047,16.047679901123047,16.047679901123047,0,0.0,0.0
2011-06-15 00:00:00-03:00,16.047679901123047,16.047679901123047,16.047679901123047,16.047679901123047,0,0.0,0.0
2011-06-16 00:00:00-03:00,16.047679901123047,16.047679901123047,16.047679901123047,16.047679901123047,0,0.0,0.0
2011-06-17 00:00:00-03:00,16.047679901123047,16.047679901123047,16.047679901123047,16.047679901123047,0,0.0,0.0
2011-06-21 00:00:00-03:00,16.047679901123047,16.047679901123047,16.047679901123047,16.047679901123047,0,0.0,0.0
2011-06-22 00:00:00-03:00,16.047679901123047,16.047679901123047,16.047679901123047,16.047679901123047,0,0.0,0.0
2011-06-23 00:00:00-03:00,16.047679901123047,16.047679901123047,16.047679901123047,16.047679901123047,0,0.0,0.0
2011-06-24 00:00:00-03:00,16.047679901123047,16.047679901123047,16.047679901123047,16.047679901123047,0,0.0,0.0
2011-06-27 00:00:00-03:00,16.047679901123047,16.047679901123047,16.047679901123047,16.047679901123047,0,0.0,0.0
2011-06-28 00:00:00-03:00,16.047679901123047,16.047679901123047,16.047679901123047,16.047679901123047,0,0.0,0.0
2011-06-29 00:00:00-03:00,16.047679901123047,16.047679901123047,16.047679901123047,16.047679901123047,0,0.0,0.0
2011-06-30 00:00:00-03:00,16.047679901123047,16.047679901123047,16.047679901123047,16.047679901123047,0,0.0,0.0
2011-07-01 00:00:00-03:00,16.047679901123047,16.047679901123047,16.047679901123047,16.047679901123047,0,0.0,0.0
2011-07-04 00:00:00-03:00,16.047679901123047,16.047679901123047,16.047679901123047,16.047679901123047,0,0.0,0.0
2011-07-05 00:00:00-03:00,16.047679901123047,16.047679901123047,16.047679901123047,16.047679901123047,0,0.0,0.0
2011-07-06 00:00:00-03:00,16.047679901123047,16.047679901123047,16.047679901123047,16.047679901123047,0,0.0,0.0
2011-07-07 00:00:00-03:00,16.047679901123047,16.047679901123047,16.047679901123047,16.047679901123047,0,0.0,0.0
2011-07-08 00:00:00-03:00,16.047679901123047,16.047679901123047,16.047679901123047,16.047679901123047,0,0.0,0.0
2011-07-11 00:00:00-03:00,16.047679901123047,16.047679901123047,16.047679901123047,16.047679901123047,0,0.0,0.0
2011-07-12 00:00:00-03:00,16.047679901123047,16.047679901123047,16.047679901123047,16.047679901123047,0,0.0,0.0
2011-07-13 00:00:00-03:00,16.047679901123047,16.047679901123047,16.047679901123047,16.047679901123047,0,0.0,0.0
2011-07-14 00:00:00-03:00,16.047679901123047,16.047679901123047,16.047679901123047,16.047679901123047,0,0.0,0.0
2011-07-15 00:00:00-03:00,16.047679901123047,16.047679901123047,16.047679901123047,16.047679901123047,0,0.0,0.0
2011-07-18 00:00:00-03:00,16.047679901123047,16.047679901123047,16.047679901123047,16.047679901123047,0,0.0,0.0
2011-07-19 00:00:00-03:00,16.047679901123047,16.047679901123047,16.047679901123047,16.047679901123047,0,0.0,0.0
2011-07-20 00:00:00-03:00,16.047679901123047,16.047679901123047,16.047679901123047,16.047679901123047,0,0.0,0.0
2011-07-21 00:00:00-03:00,16.047679901123047,16.047679901123047,16.047679901123047,16.047679901123047,0,0.0,0.0
2011-07-22 00:00:00-03:00,16.047679901123047,16.047679901123047,16.047679901123047,16.047679901123047,0,0.0,0.0
2011-07-25 00:00:00-03:00,16.047679901123047,16.047679901123047,16.047679901123047,16.047679901123047,0,0.0,0.0
2011-07-26 00:00:00-03:00,16.047679901123047,16.047679901123047,16.047679901123047,16.047679901123047,0,0.0,0.0
2011-07-27 00:00:00-03:00,16.047679901123047,16.047679901123047,16.047679901123047,16.047679901123047,0,0.0,0.0
2011-07-28 00:00:00-03:00,16.047679901123047,16.047679901123047,16.047679901123047,16.047679901123047,0,0.0,0.0
2011-07-29 00:00:00-03:00,16.047679901123047,16.047679901123047,16.047679901123047,16.047679901123047,0,0.0,0.0
2011-08-01 00:00:00-03:00,16.047679901123047,16.047679901123047,16.047679901123047,16.047679901123047,0,0.0,0.0
2011-08-02 00:00:00-03:00,16.047679901123047,16.047679901123047,16.047679901123047,16.047679901123047,0,0.0,0.0
2011-08-03 00:00:00-03:00,16.047679901123047,16.047679901123047,16.047679901123047,16.047679901123047,0,0.0,0.0
2011-08-04 00:00:00-03:00,16.047679901123047,16.047679901123047,16.047679901123047,16.047679901123047,0,0.0,0.0
2011-08-05 00:00:00-03:00,16.047679901123047,16.047679901123047,16.047679901123047,16.047679901123047,0,0.0,0.0
2011-08-08 00:00:00-03:00,16.047679901123047,16.047679901123047,16.047679901123047,16.047679901123047,0,0.0,0.0
2011-08-09 00:00:00-03:00,16.047679901123047,16.047679901123047,16.047679901123047,16.047679901123047,0,0.0,0.0
2011-08-10 00:00:00-03:00,16.047679901123047,16.047679901123047,16.047679901123047,16.047679901123047,0,0.0,0.0
2011-08-11 00:00:00-03:00,16.102285385131836,16.102285385131836,16.102285385131836,16.102285385131836,0,96.96093,0.0
2011-08-12 00:00:00-03:00,16.102285385131836,16.102285385131836,16.102285385131836,16.102285385131836,0,0.0,0.0
2011-08-16 00:00:00-03:00,16.102285385131836,16.102285385131836,16.102285385131836,16.102285385131836,0,0.0,0.0
2011-08-17 00:00:00-03:00,16.102285385131836,16.102285385131836,16.102285385131836,16.102285385131836,0,0.0,0.0
2011-08-18 00:00:00-03:00,16.102285385131836,16.102285385131836,16.102285385131836,16.102285385131836,0,0.0,0.0
2011-08-19 00:00:00-03:00,16.102285385131836,16.102285385131836,16.102285385131836,16.102285385131836,0,0.0,0.0
2011-08-22 00:00:00-03:00,16.102285385131836,16.102285385131836,16.102285385131836,16.102285385131836,0,0.0,0.0
2011-08-23 00:00:00-03:00,16.102285385131836,16.102285385131836,16.102285385131836,16.102285385131836,0,0.0,0.0
2011-08-24 00:00:00-03:00,16.102285385131836,16.102285385131836,16.102285385131836,16.102285385131836,0,0.0,0.0
2011-08-25 00:00:00-03:00,16.102285385131836,16.102285385131836,16.102285385131836,16.102285385131836,0,0.0,0.0
2011-08-26 00:00:00-03:00,16.102285385131836,16.102285385131836,16.102285385131836,16.102285385131836,0,0.0,0.0
2011-08-29 00:00:00-03:00,16.102285385131836,16.102285385131836,16.102285385131836,16.102285385131836,0,0.0,0.0
2011-08-30 00:00:00-03:00,16.102285385131836,16.102285385131836,16.102285385131836,16.102285385131836,0,0.0,0.0
2011-08-31 00:00:00-03:00,16.102285385131836,16.102285385131836,16.102285385131836,16.102285385131836,0,0.0,0.0
2011-09-01 00:00:00-03:00,16.102285385131836,16.102285385131836,16.102285385131836,16.102285385131836,0,0.0,0.0
2011-09-02 00:00:00-03:00,16.102285385131836,16.102285385131836,16.102285385131836,16.102285385131836,0,0.0,0.0
2011-09-05 00:00:00-03:00,16.102285385131836,16.102285385131836,16.102285385131836,16.102285385131836,0,0.0,0.0
2011-09-06 00:00:00-03:00,16.102285385131836,16.102285385131836,16.102285385131836,16.102285385131836,0,0.0,0.0
2011-09-07 00:00:00-03:00,16.102285385131836,16.102285385131836,16.102285385131836,16.102285385131836,0,0.0,0.0
2011-09-08 00:00:00-03:00,16.102285385131836,16.102285385131836,16.102285385131836,16.102285385131836,0,0.0,0.0
2011-09-09 00:00:00-03:00,16.102285385131836,16.102285385131836,16.102285385131836,16.102285385131836,0,0.0,0.0
2011-09-12 00:00:00-03:00,16.102285385131836,16.102285385131836,16.102285385131836,16.102285385131836,0,0.0,0.0
2011-09-13 00:00:00-03:00,16.102285385131836,16.102285385131836,16.102285385131836,16.102285385131836,0,0.0,0.0
2011-09-14 00:00:00-03:00,16.102285385131836,16.102285385131836,16.102285385131836,16.102285385131836,0,0.0,0.0
2011-09-15 00:00:00-03:00,16.102285385131836,16.102285385131836,16.102285385131836,16.102285385131836,0,0.0,0.0
2011-09-16 00:00:00-03:00,16.102285385131836,16.102285385131836,16.102285385131836,16.102285385131836,0,0.0,0.0
2011-09-19 00:00:00-03:00,16.102285385131836,16.102285385131836,16.102285385131836,16.102285385131836,0,0.0,0.0
2011-09-20 00:00:00-03:00,16.102285385131836,16.102285385131836,16.102285385131836,16.102285385131836,0,0.0,0.0
2011-09-21 00:00:00-03:00,16.102285385131836,16.102285385131836,16.102285385131836,16.102285385131836,0,0.0,0.0
2011-09-22 00:00:00-03:00,16.102285385131836,16.102285385131836,16.102285385131836,16.102285385131836,0,0.0,0.0
2011-09-23 00:00:00-03:00,16.102285385131836,16.102285385131836,16.102285385131836,16.102285385131836,0,0.0,0.0
2011-09-26 00:00:00-03:00,16.102285385131836,16.102285385131836,16.102285385131836,16.102285385131836,0,0.0,0.0
2011-09-27 00:00:00-03:00,16.102285385131836,16.102285385131836,16.102285385131836,16.102285385131836,0,0.0,0.0
2011-09-28 00:00:00-03:00,16.102285385131836,16.102285385131836,16.102285385131836,16.102285385131836,0,0.0,0.0
2011-09-29 00:00:00-03:00,16.102285385131836,16.102285385131836,16.102285385131836,16.102285385131836,0,0.0,0.0
2011-09-30 00:00:00-03:00,16.102285385131836,16.102285385131836,16.102285385131836,16.102285385131836,0,0.0,0.0
2011-10-03 00:00:00-03:00,16.102285385131836,16.102285385131836,16.102285385131836,16.102285385131836,0,0.0,0.0
2011-10-04 00:00:00-03:00,16.102285385131836,16.102285385131836,16.102285385131836,16.102285385131836,0,0.0,0.0
2011-10-05 00:00:00-03:00,16.102285385131836,16.102285385131836,16.102285385131836,16.102285385131836,0,0.0,0.0
2011-10-06 00:00:00-03:00,16.102285385131836,16.102285385131836,16.102285385131836,16.102285385131836,0,0.0,0.0
2011-10-07 00:00:00-03:00,16.102285385131836,16.102285385131836,16.102285385131836,16.102285385131836,0,0.0,0.0
2011-10-11 00:00:00-03:00,16.102285385131836,16.102285385131836,16.102285385131836,16.102285385131836,0,0.0,0.0
2011-10-12 00:00:00-03:00,16.102285385131836,16.102285385131836,16.102285385131836,16.102285385131836,0,0.0,0.0
2011-10-13 00:00:00-03:00,16.102285385131836,16.102285385131836,16.102285385131836,16.102285385131836,0,0.0,0.0
2011-10-14 00:00:00-03:00,16.102285385131836,16.102285385131836,16.102285385131836,16.102285385131836,0,0.0,0.0
2011-10-17 00:00:00-03:00,16.102285385131836,16.102285385131836,16.102285385131836,16.102285385131836,0,0.0,0.0
2011-10-18 00:00:00-03:00,16.102285385131836,16.102285385131836,16.102285385131836,16.102285385131836,0,0.0,0.0
2011-10-19 00:00:00-03:00,16.102285385131836,16.102285385131836,16.102285385131836,16.102285385131836,0,0.0,0.0
2011-10-20 00:00:00-03:00,16.102285385131836,16.102285385131836,16.102285385131836,16.102285385131836,0,0.0,0.0
2011-10-21 00:00:00-03:00,16.102285385131836,16.102285385131836,16.102285385131836,16.102285385131836,0,0.0,0.0
2011-10-24 00:00:00-03:00,16.102285385131836,16.102285385131836,16.102285385131836,16.102285385131836,0,0.0,0.0
2011-10-25 00:00:00-03:00,16.102285385131836,16.102285385131836,16.102285385131836,16.102285385131836,0,0.0,0.0
2011-10-26 00:00:00-03:00,16.102285385131836,16.102285385131836,16.102285385131836,16.102285385131836,0,0.0,0.0
2011-10-27 00:00:00-03:00,16.102285385131836,16.102285385131836,16.102285385131836,16.102285385131836,0,0.0,0.0
2011-10-28 00:00:00-03:00,16.102285385131836,16.102285385131836,16.102285385131836,16.102285385131836,0,0.0,0.0
2011-10-31 00:00:00-03:00,16.102285385131836,16.102285385131836,16.102285385131836,16.102285385131836,0,0.0,0.0
2011-11-01 00:00:00-03:00,16.102285385131836,16.102285385131836,16.102285385131836,16.102285385131836,0,0.0,0.0
2011-11-02 00:00:00-03:00,16.102285385131836,16.102285385131836,16.102285385131836,16.102285385131836,0,0.0,0.0
2011-11-03 00:00:00-03:00,16.102285385131836,16.102285385131836,16.102285385131836,16.102285385131836,0,0.0,0.0
2011-11-04 00:00:00-03:00,16.102285385131836,16.102285385131836,16.102285385131836,16.102285385131836,0,0.0,0.0
2011-11-07 00:00:00-03:00,16.102285385131836,16.102285385131836,16.102285385131836,16.102285385131836,0,0.0,0.0
2011-11-08 00:00:00-03:00,16.102285385131836,16.102285385131836,16.102285385131836,16.102285385131836,0,0.0,0.0
2011-11-09 00:00:00-03:00,16.102285385131836,16.102285385131836,16.102285385131836,16.102285385131836,0,0.0,0.0
2011-11-10 00:00:00-03:00,16.102285385131836,16.102285385131836,16.102285385131836,16.102285385131836,0,0.0,0.0
2011-11-11 00:00:00-03:00,16.102285385131836,16.102285385131836,16.102285385131836,16.102285385131836,0,0.0,0.0
2011-11-14 00:00:00-03:00,16.157089233398438,16.157089233398438,16.157089233398438,16.157089233398438,0,96.96093,0.0
2011-11-15 00:00:00-03:00,16.157089233398438,16.157089233398438,16.157089233398438,16.157089233398438,0,0.0,0.0
2011-11-16 00:00:00-03:00,16.157089233398438,16.157089233398438,16.157089233398438,16.157089233398438,0,0.0,0.0
2011-11-17 00:00:00-03:00,16.157089233398438,16.157089233398438,16.157089233398438,16.157089233398438,0,0.0,0.0
2011-11-18 00:00:00-03:00,16.157089233398438,16.157089233398438,16.157089233398438,16.157089233398438,0,0.0,0.0
2011-11-21 00:00:00-03:00,16.157089233398438,16.157089233398438,16.157089233398438,16.157089233398438,0,0.0,0.0
2011-11-22 00:00:00-03:00,16.157089233398438,16.157089233398438,16.157089233398438,16.157089233398438,0,0.0,0.0
2011-11-23 00:00:00-03:00,16.157089233398438,16.157089233398438,16.157089233398438,16.157089233398438,0,0.0,0.0
2011-11-24 00:00:00-03:00,16.157089233398438,16.157089233398438,16.157089233398438,16.157089233398438,0,0.0,0.0
2011-11-25 00:00:00-03:00,16.157089233398438,16.157089233398438,16.157089233398438,16.157089233398438,0,0.0,0.0
2011-11-29 00:00:00-03:00,16.157089233398438,16.157089233398438,16.157089233398438,16.157089233398438,0,0.0,0.0
2011-11-30 00:00:00-03:00,16.157089233398438,16.157089233398438,16.157089233398438,16.157089233398438,0,0.0,0.0
2011-12-01 00:00:00-03:00,16.157089233398438,16.157089233398438,16.157089233398438,16.157089233398438,0,0.0,0.0
2011-12-02 00:00:00-03:00,16.157089233398438,16.157089233398438,16.157089233398438,16.157089233398438,0,0.0,0.0
2011-12-05 00:00:00-03:00,16.157089233398438,16.157089233398438,16.157089233398438,16.157089233398438,0,0.0,0.0
2011-12-06 00:00:00-03:00,16.157089233398438,16.157089233398438,16.157089233398438,16.157089233398438,0,0.0,0.0
2011-12-07 00:00:00-03:00,16.157089233398438,16.157089233398438,16.157089233398438,16.157089233398438,0,0.0,0.0
2011-12-12 00:00:00-03:00,16.157089233398438,16.157089233398438,16.157089233398438,16.157089233398438,0,0.0,0.0
2011-12-13 00:00:00-03:00,16.157089233398438,16.157089233398438,16.157089233398438,16.157089233398438,0,0.0,0.0
2011-12-14 00:00:00-03:00,16.157089233398438,16.157089233398438,16.157089233398438,16.157089233398438,0,0.0,0.0
2011-12-15 00:00:00-03:00,16.157089233398438,16.157089233398438,16.157089233398438,16.157089233398438,0,0.0,0.0
2011-12-16 00:00:00-03:00,16.157089233398438,16.157089233398438,16.157089233398438,16.157089233398438,0,0.0,0.0
2011-12-19 00:00:00-03:00,16.157089233398438,16.157089233398438,16.157089233398438,16.157089233398438,0,0.0,0.0
2011-12-20 00:00:00-03:00,16.157089233398438,16.157089233398438,16.157089233398438,16.157089233398438,0,0.0,0.0
2011-12-21 00:00:00-03:00,16.157089233398438,16.157089233398438,16.157089233398438,16.157089233398438,0,0.0,0.0
2011-12-22 00:00:00-03:00,16.157089233398438,16.157089233398438,16.157089233398438,16.157089233398438,0,0.0,0.0
2011-12-23 00:00:00-03:00,16.157089233398438,16.157089233398438,16.157089233398438,16.157089233398438,0,0.0,0.0
2011-12-27 00:00:00-03:00,16.157089233398438,16.157089233398438,16.157089233398438,16.157089233398438,0,0.0,0.0
2011-12-28 00:00:00-03:00,16.157089233398438,16.157089233398438,16.157089233398438,16.157089233398438,0,0.0,0.0
2011-12-29 00:00:00-03:00,16.157089233398438,16.157089233398438,16.157089233398438,16.157089233398438,0,0.0,0.0
2012-01-03 00:00:00-03:00,16.157089233398438,16.157089233398438,16.157089233398438,16.157089233398438,0,0.0,0.0
2012-01-04 00:00:00-03:00,16.157089233398438,16.157089233398438,16.157089233398438,16.157089233398438,0,0.0,0.0
2012-01-05 00:00:00-03:00,16.157089233398438,16.157089233398438,16.157089233398438,16.157089233398438,0,0.0,0.0
2012-01-06 00:00:00-03:00,16.157089233398438,16.157089233398438,16.157089233398438,16.157089233398438,0,0.0,0.0
2012-01-09 00:00:00-03:00,16.157089233398438,16.157089233398438,16.157089233398438,16.157089233398438,0,0.0,0.0
2012-01-10 00:00:00-03:00,16.157089233398438,16.157089233398438,16.157089233398438,16.157089233398438,0,0.0,0.0
2012-01-11 00:00:00-03:00,16.157089233398438,16.157089233398438,16.157089233398438,16.157089233398438,0,0.0,0.0
2012-01-12 00:00:00-03:00,16.157089233398438,16.157089233398438,16.157089233398438,16.157089233398438,0,0.0,0.0
2012-01-13 00:00:00-03:00,16.157089233398438,16.157089233398438,16.157089233398438,16.157089233398438,0,0.0,0.0
2012-01-16 00:00:00-03:00,16.157089233398438,16.157089233398438,16.157089233398438,16.157089233398438,0,0.0,0.0
2012-01-17 00:00:00-03:00,16.157089233398438,16.157089233398438,16.157089233398438,16.157089233398438,0,0.0,0.0
2012-01-18 00:00:00-03:00,16.157089233398438,16.157089233398438,16.157089233398438,16.157089233398438,0,0.0,0.0
2012-01-19 00:00:00-03:00,16.157089233398438,16.157089233398438,16.157089233398438,16.157089233398438,0,0.0,0.0
2012-01-20 00:00:00-03:00,16.157089233398438,16.157089233398438,16.157089233398438,16.157089233398438,0,0.0,0.0
2012-01-23 00:00:00-03:00,16.157089233398438,16.157089233398438,16.157089233398438,16.157089233398438,0,0.0,0.0
2012-01-24 00:00:00-03:00,16.157089233398438,16.157089233398438,16.157089233398438,16.157089233398438,0,0.0,0.0
2012-01-25 00:00:00-03:00,16.157089233398438,16.157089233398438,16.157089233398438,16.157089233398438,0,0.0,0.0
2012-01-26 00:00:00-03:00,16.157089233398438,16.157089233398438,16.157089233398438,16.157089233398438,0,0.0,0.0
2012-01-27 00:00:00-03:00,16.157089233398438,16.157089233398438,16.157089233398438,16.157089233398438,0,0.0,0.0
2012-01-30 00:00:00-03:00,16.157089233398438,16.157089233398438,16.157089233398438,16.157089233398438,0,0.0,0.0
2012-01-31 00:00:00-03:00,16.157089233398438,16.157089233398438,16.157089233398438,16.157089233398438,0,0.0,0.0
2012-02-01 00:00:00-03:00,16.157089233398438,16.157089233398438,16.157089233398438,16.157089233398438,0,0.0,0.0
2012-02-02 00:00:00-03:00,16.157089233398438,16.157089233398438,16.157089233398438,16.157089233398438,0,0.0,0.0
2012-02-03 00:00:00-03:00,16.157089233398438,16.157089233398438,16.157089233398438,16.157089233398438,0,0.0,0.0
2012-02-06 00:00:00-03:00,16.157089233398438,16.157089233398438,16.157089233398438,16.157089233398438,0,0.0,0.0
2012-02-07 00:00:00-03:00,16.157089233398438,16.157089233398438,16.157089233398438,16.157089233398438,0,0.0,0.0
2012-02-08 00:00:00-03:00,16.157089233398438,16.157089233398438,16.157089233398438,16.157089233398438,0,0.0,0.0
2012-02-09 00:00:00-03:00,16.157089233398438,16.157089233398438,16.157089233398438,16.157089233398438,0,0.0,0.0
2012-02-10 00:00:00-03:00,16.157089233398438,16.157089233398438,16.157089233398438,16.157089233398438,0,0.0,0.0
2012-02-13 00:00:00-03:00,16.212068557739258,16.212068557739258,16.212068557739258,16.212068557739258,0,96.96093,0.0
2012-02-14 00:00:00-03:00,16.212068557739258,16.212068557739258,16.212068557739258,16.212068557739258,0,0.0,0.0
2012-02-15 00:00:00-03:00,16.212068557739258,16.212068557739258,16.212068557739258,16.212068557739258,0,0.0,0.0
2012-02-16 00:00:00-03:00,16.212068557739258,16.212068557739258,16.212068557739258,16.212068557739258,0,0.0,0.0
2012-02-17 00:00:00-03:00,16.212068557739258,16.212068557739258,16.212068557739258,16.212068557739258,0,0.0,0.0
2012-02-22 00:00:00-03:00,16.212068557739258,16.212068557739258,16.212068557739258,16.212068557739258,0,0.0,0.0
2012-02-23 00:00:00-03:00,16.212068557739258,16.212068557739258,16.212068557739258,16.212068557739258,0,0.0,0.0
2012-02-24 00:00:00-03:00,16.212068557739258,16.212068557739258,16.212068557739258,16.212068557739258,0,0.0,0.0
2012-02-28 00:00:00-03:00,16.212068557739258,16.212068557739258,16.212068557739258,16.212068557739258,0,0.0,0.0
2012-02-29 00:00:00-03:00,16.212068557739258,16.212068557739258,16.212068557739258,16.212068557739258,0,0.0,0.0
2012-03-01 00:00:00-03:00,16.212068557739258,16.212068557739258,16.212068557739258,16.212068557739258,0,0.0,0.0
2012-03-02 00:00:00-03:00,16.212068557739258,16.212068557739258,16.212068557739258,16.212068557739258,0,0.0,0.0
2012-03-05 00:00:00-03:00,16.212068557739258,16.212068557739258,16.212068557739258,16.212068557739258,0,0.0,0.0
2012-03-06 00:00:00-03:00,16.212068557739258,16.212068557739258,16.212068557739258,16.212068557739258,0,0.0,0.0
2012-03-07 00:00:00-03:00,16.212068557739258,16.212068557739258,16.212068557739258,16.212068557739258,0,0.0,0.0
2012-03-08 00:00:00-03:00,16.212068557739258,16.212068557739258,16.212068557739258,16.212068557739258,0,0.0,0.0
2012-03-09 00:00:00-03:00,16.212068557739258,16.212068557739258,16.212068557739258,16.212068557739258,0,0.0,0.0
2012-03-12 00:00:00-03:00,16.212068557739258,16.212068557739258,16.212068557739258,16.212068557739258,0,0.0,0.0
2012-03-13 00:00:00-03:00,16.212068557739258,16.212068557739258,16.212068557739258,16.212068557739258,0,0.0,0.0
2012-03-14 00:00:00-03:00,16.212068557739258,16.212068557739258,16.212068557739258,16.212068557739258,0,0.0,0.0
2012-03-15 00:00:00-03:00,16.212068557739258,16.212068557739258,16.212068557739258,16.212068557739258,0,0.0,0.0
2012-03-16 00:00:00-03:00,16.212068557739258,16.212068557739258,16.212068557739258,16.212068557739258,0,0.0,0.0
2012-03-19 00:00:00-03:00,16.212068557739258,16.212068557739258,16.212068557739258,16.212068557739258,0,0.0,0.0
2012-03-20 00:00:00-03:00,16.212068557739258,16.212068557739258,16.212068557739258,16.212068557739258,0,0.0,0.0
2012-03-21 00:00:00-03:00,16.212068557739258,16.212068557739258,16.212068557739258,16.212068557739258,0,0.0,0.0
2012-03-22 00:00:00-03:00,16.212068557739258,16.212068557739258,16.212068557739258,16.212068557739258,0,0.0,0.0
2012-03-23 00:00:00-03:00,16.212068557739258,16.212068557739258,16.212068557739258,16.212068557739258,0,0.0,0.0
2012-03-26 00:00:00-03:00,16.212068557739258,16.212068557739258,16.212068557739258,16.212068557739258,0,0.0,0.0
2012-03-27 00:00:00-03:00,16.212068557739258,16.212068557739258,16.212068557739258,16.212068557739258,0,0.0,0.0
2012-03-28 00:00:00-03:00,16.212068557739258,16.212068557739258,16.212068557739258,16.212068557739258,0,0.0,0.0
2012-03-29 00:00:00-03:00,16.212068557739258,16.212068557739258,16.212068557739258,16.212068557739258,0,0.0,0.0
2012-03-30 00:00:00-03:00,16.212068557739258,16.212068557739258,16.212068557739258,16.212068557739258,0,0.0,0.0
2012-04-03 00:00:00-03:00,16.212068557739258,16.212068557739258,16.212068557739258,16.212068557739258,0,0.0,0.0
2012-04-04 00:00:00-03:00,16.212068557739258,16.212068557739258,16.212068557739258,16.212068557739258,0,0.0,0.0
2012-04-09 00:00:00-03:00,16.212068557739258,16.212068557739258,16.212068557739258,16.212068557739258,0,0.0,0.0
2012-04-10 00:00:00-03:00,16.212068557739258,16.212068557739258,16.212068557739258,16.212068557739258,0,0.0,0.0
2012-04-11 00:00:00-03:00,16.212068557739258,16.212068557739258,16.212068557739258,16.212068557739258,0,0.0,0.0
2012-04-12 00:00:00-03:00,16.212068557739258,16.212068557739258,16.212068557739258,16.212068557739258,0,0.0,0.0
2012-04-13 00:00:00-03:00,16.212068557739258,16.212068557739258,16.212068557739258,16.212068557739258,0,0.0,0.0
2012-04-16 00:00:00-03:00,16.212068557739258,16.212068557739258,16.212068557739258,16.212068557739258,0,0.0,0.0
2012-04-17 00:00:00-03:00,16.212068557739258,16.212068557739258,16.212068557739258,16.212068557739258,0,0.0,0.0
2012-04-18 00:00:00-03:00,16.212068557739258,16.212068557739258,16.212068557739258,16.212068557739258,0,0.0,0.0
2012-04-19 00:00:00-03:00,16.212068557739258,16.212068557739258,16.212068557739258,16.212068557739258,0,0.0,0.0
2012-04-20 00:00:00-03:00,16.212068557739258,16.212068557739258,16.212068557739258,16.212068557739258,0,0.0,0.0
2012-04-23 00:00:00-03:00,16.212068557739258,16.212068557739258,16.212068557739258,16.212068557739258,0,0.0,0.0
2012-04-24 00:00:00-03:00,16.212068557739258,16.212068557739258,16.212068557739258,16.212068557739258,0,0.0,0.0
2012-04-25 00:00:00-03:00,16.212068557739258,16.212068557739258,16.212068557739258,16.212068557739258,0,0.0,0.0
2012-04-26 00:00:00-03:00,16.212068557739258,16.212068557739258,16.212068557739258,16.212068557739258,0,0.0,0.0
2012-04-27 00:00:00-03:00,16.212068557739258,16.212068557739258,16.212068557739258,16.212068557739258,0,0.0,0.0
2012-05-02 00:00:00-03:00,16.212068557739258,16.212068557739258,16.212068557739258,16.212068557739258,0,0.0,0.0
2012-05-03 00:00:00-03:00,16.212068557739258,16.212068557739258,16.212068557739258,16.212068557739258,0,0.0,0.0
2012-05-04 00:00:00-03:00,16.212068557739258,16.212068557739258,16.212068557739258,16.212068557739258,0,0.0,0.0
2012-05-07 00:00:00-03:00,16.212068557739258,16.212068557739258,16.212068557739258,16.212068557739258,0,0.0,0.0
2012-05-08 00:00:00-03:00,16.212068557739258,16.212068557739258,16.212068557739258,16.212068557739258,0,0.0,0.0
2012-05-09 00:00:00-03:00,16.212068557739258,16.212068557739258,16.212068557739258,16.212068557739258,0,0.0,0.0
2012-05-10 00:00:00-03:00,16.212068557739258,16.212068557739258,16.212068557739258,16.212068557739258,0,0.0,0.0
2012-05-11 00:00:00-03:00,16.212068557739258,16.212068557739258,16.212068557739258,16.212068557739258,0,0.0,0.0
2012-05-14 00:00:00-03:00,16.212068557739258,16.212068557739258,16.212068557739258,16.212068557739258,0,0.0,0.0
2012-05-15 00:00:00-03:00,16.212068557739258,16.212068557739258,16.212068557739258,16.212068557739258,0,0.0,0.0
2012-05-16 00:00:00-03:00,16.212068557739258,16.212068557739258,16.212068557739258,16.212068557739258,0,0.0,0.0
2012-05-17 00:00:00-03:00,16.212068557739258,16.212068557739258,16.212068557739258,16.212068557739258,0,0.0,0.0
2012-05-18 00:00:00-03:00,16.212068557739258,16.212068557739258,16.212068557739258,16.212068557739258,0,0.0,0.0
2012-05-21 00:00:00-03:00,16.212068557739258,16.212068557739258,16.212068557739258,16.212068557739258,0,0.0,0.0
2012-05-22 00:00:00-03:00,16.267242431640625,16.267242431640625,16.267242431640625,16.267242431640625,0,96.96093,0.0
2012-05-23 00:00:00-03:00,16.267242431640625,16.267242431640625,16.267242431640625,16.267242431640625,0,0.0,0.0
2012-05-24 00:00:00-03:00,16.267242431640625,16.267242431640625,16.267242431640625,16.267242431640625,0,0.0,0.0
2012-05-28 00:00:00-03:00,16.267242431640625,16.267242431640625,16.267242431640625,16.267242431640625,0,0.0,0.0
2012-05-29 00:00:00-03:00,16.267242431640625,16.267242431640625,16.267242431640625,16.267242431640625,0,0.0,0.0
2012-05-30 00:00:00-03:00,16.267242431640625,16.267242431640625,16.267242431640625,16.267242431640625,0,0.0,0.0
2012-05-31 00:00:00-03:00,16.267242431640625,16.267242431640625,16.267242431640625,16.267242431640625,0,0.0,0.0
2012-06-01 00:00:00-03:00,16.267242431640625,16.267242431640625,16.267242431640625,16.267242431640625,0,0.0,0.0
2012-06-04 00:00:00-03:00,16.267242431640625,16.267242431640625,16.267242431640625,16.267242431640625,0,0.0,0.0
2012-06-05 00:00:00-03:00,16.267242431640625,16.267242431640625,16.267242431640625,16.267242431640625,0,0.0,0.0
2012-06-06 00:00:00-03:00,16.267242431640625,16.267242431640625,16.267242431640625,16.267242431640625,0,0.0,0.0
2012-06-07 00:00:00-03:00,16.267242431640625,16.267242431640625,16.267242431640625,16.267242431640625,0,0.0,0.0
2012-06-08 00:00:00-03:00,16.267242431640625,16.267242431640625,16.267242431640625,16.267242431640625,0,0.0,0.0
2012-06-11 00:00:00-03:00,16.267242431640625,16.267242431640625,16.267242431640625,16.267242431640625,0,0.0,0.0
2012-06-12 00:00:00-03:00,16.267242431640625,16.267242431640625,16.267242431640625,16.267242431640625,0,0.0,0.0
2012-06-13 00:00:00-03:00,16.267242431640625,16.267242431640625,16.267242431640625,16.267242431640625,0,0.0,0.0
2012-06-14 00:00:00-03:00,16.267242431640625,16.267242431640625,16.267242431640625,16.267242431640625,0,0.0,0.0
2012-06-15 00:00:00-03:00,16.267242431640625,16.267242431640625,16.267242431640625,16.267242431640625,0,0.0,0.0
2012-06-18 00:00:00-03:00,16.267242431640625,16.267242431640625,16.267242431640625,16.267242431640625,0,0.0,0.0
2012-06-19 00:00:00-03:00,16.267242431640625,16.267242431640625,16.267242431640625,16.267242431640625,0,0.0,0.0
2012-06-21 00:00:00-03:00,16.267242431640625,16.267242431640625,16.267242431640625,16.267242431640625,0,0.0,0.0
2012-06-22 00:00:00-03:00,16.267242431640625,16.267242431640625,16.267242431640625,16.267242431640625,0,0.0,0.0
2012-06-25 00:00:00-03:00,16.267242431640625,16.267242431640625,16.267242431640625,16.267242431640625,0,0.0,0.0
2012-06-26 00:00:00-03:00,16.267242431640625,16.267242431640625,16.267242431640625,16.267242431640625,0,0.0,0.0
2012-06-27 00:00:00-03:00,16.267242431640625,16.267242431640625,16.267242431640625,16.267242431640625,0,0.0,0.0
2012-06-28 00:00:00-03:00,16.267242431640625,16.267242431640625,16.267242431640625,16.267242431640625,0,0.0,0.0
2012-06-29 00:00:00-03:00,16.267242431640625,16.267242431640625,16.267242431640625,16.267242431640625,0,0.0,0.0
2012-07-02 00:00:00-03:00,16.267242431640625,16.267242431640625,16.267242431640625,16.267242431640625,0,0.0,0.0
2012-07-03 00:00:00-03:00,16.267242431640625,16.267242431640625,16.267242431640625,16.267242431640625,0,0.0,0.0
2012-07-04 00:00:00-03:00,16.267242431640625,16.267242431640625,16.267242431640625,16.267242431640625,0,0.0,0.0
2012-07-05 00:00:00-03:00,16.267242431640625,16.267242431640625,16.267242431640625,16.267242431640625,0,0.0,0.0
2012-07-06 00:00:00-03:00,16.267242431640625,16.267242431640625,16.267242431640625,16.267242431640625,0,0.0,0.0
2012-07-10 00:00:00-03:00,16.267242431640625,16.267242431640625,16.267242431640625,16.267242431640625,0,0.0,0.0
2012-07-11 00:00:00-03:00,16.267242431640625,16.267242431640625,16.267242431640625,16.267242431640625,0,0.0,0.0
2012-07-12 00:00:00-03:00,16.267242431640625,16.267242431640625,16.267242431640625,16.267242431640625,0,0.0,0.0
2012-07-13 00:00:00-03:00,16.267242431640625,16.267242431640625,16.267242431640625,16.267242431640625,0,0.0,0.0
2012-07-16 00:00:00-03:00,16.267242431640625,16.267242431640625,16.267242431640625,16.267242431640625,0,0.0,0.0
2012-07-17 00:00:00-03:00,16.267242431640625,16.267242431640625,16.267242431640625,16.267242431640625,0,0.0,0.0
2012-07-18 00:00:00-03:00,16.267242431640625,16.267242431640625,16.267242431640625,16.267242431640625,0,0.0,0.0
2012-07-19 00:00:00-03:00,16.267242431640625,16.267242431640625,16.267242431640625,16.267242431640625,0,0.0,0.0
2012-07-20 00:00:00-03:00,16.267242431640625,16.267242431640625,16.267242431640625,16.267242431640625,0,0.0,0.0
2012-07-23 00:00:00-03:00,16.267242431640625,16.267242431640625,16.267242431640625,16.267242431640625,0,0.0,0.0
2012-07-24 00:00:00-03:00,16.267242431640625,16.267242431640625,16.267242431640625,16.267242431640625,0,0.0,0.0
2012-07-25 00:00:00-03:00,16.267242431640625,16.267242431640625,16.267242431640625,16.267242431640625,0,0.0,0.0
2012-07-26 00:00:00-03:00,16.267242431640625,16.267242431640625,16.267242431640625,16.267242431640625,0,0.0,0.0
2012-07-27 00:00:00-03:00,16.267242431640625,16.267242431640625,16.267242431640625,16.267242431640625,0,0.0,0.0
2012-07-30 00:00:00-03:00,16.267242431640625,16.267242431640625,16.267242431640625,16.267242431640625,0,0.0,0.0
2012-07-31 00:00:00-03:00,16.267242431640625,16.267242431640625,16.267242431640625,16.267242431640625,0,0.0,0.0
2012-08-01 00:00:00-03:00,16.267242431640625,16.267242431640625,16.267242431640625,16.267242431640625,0,0.0,0.0
2012-08-02 00:00:00-03:00,16.267242431640625,16.267242431640625,16.267242431640625,16.267242431640625,0,0.0,0.0
2012-08-03 00:00:00-03:00,16.267242431640625,16.267242431640625,16.267242431640625,16.267242431640625,0,0.0,0.0
2012-08-06 00:00:00-03:00,16.267242431640625,16.267242431640625,16.267242431640625,16.267242431640625,0,0.0,0.0
2012-08-07 00:00:00-03:00,16.267242431640625,16.267242431640625,16.267242431640625,16.267242431640625,0,0.0,0.0
2012-08-08 00:00:00-03:00,16.267242431640625,16.267242431640625,16.267242431640625,16.267242431640625,0,0.0,0.0
2012-08-09 00:00:00-03:00,16.267242431640625,16.267242431640625,16.267242431640625,16.267242431640625,0,0.0,0.0
2012-08-10 00:00:00-03:00,16.267242431640625,16.267242431640625,16.267242431640625,16.267242431640625,0,0.0,0.0
2012-08-13 00:00:00-03:00,16.32259178161621,16.32259178161621,16.32259178161621,16.32259178161621,0,96.96093,0.0
2012-08-14 00:00:00-03:00,16.32259178161621,16.32259178161621,16.32259178161621,16.32259178161621,0,0.0,0.0
2012-08-15 00:00:00-03:00,16.32259178161621,16.32259178161621,16.32259178161621,16.32259178161621,0,0.0,0.0
2012-08-16 00:00:00-03:00,16.32259178161621,16.32259178161621,16.32259178161621,16.32259178161621,0,0.0,0.0
2012-08-17 00:00:00-03:00,16.32259178161621,16.32259178161621,16.32259178161621,16.32259178161621,0,0.0,0.0
2012-08-21 00:00:00-03:00,16.32259178161621,16.32259178161621,16.32259178161621,16.32259178161621,0,0.0,0.0
2012-08-22 00:00:00-03:00,16.32259178161621,16.32259178161621,16.32259178161621,16.32259178161621,0,0.0,0.0
2012-08-23 00:00:00-03:00,16.32259178161621,16.32259178161621,16.32259178161621,16.32259178161621,0,0.0,0.0
2012-08-24 00:00:00-03:00,16.32259178161621,16.32259178161621,16.32259178161621,16.32259178161621,0,0.0,0.0
2012-08-27 00:00:00-03:00,16.32259178161621,16.32259178161621,16.32259178161621,16.32259178161621,0,0.0,0.0
2012-08-28 00:00:00-03:00,16.32259178161621,16.32259178161621,16.32259178161621,16.32259178161621,0,0.0,0.0
2012-08-29 00:00:00-03:00,16.32259178161621,16.32259178161621,16.32259178161621,16.32259178161621,0,0.0,0.0
2012-08-30 00:00:00-03:00,16.32259178161621,16.32259178161621,16.32259178161621,16.32259178161621,0,0.0,0.0
2012-08-31 00:00:00-03:00,16.32259178161621,16.32259178161621,16.32259178161621,16.32259178161621,0,0.0,0.0
2012-09-03 00:00:00-03:00,16.32259178161621,16.32259178161621,16.32259178161621,16.32259178161621,0,0.0,0.0
2012-09-04 00:00:00-03:00,16.32259178161621,16.32259178161621,16.32259178161621,16.32259178161621,0,0.0,0.0
2012-09-05 00:00:00-03:00,16.32259178161621,16.32259178161621,16.32259178161621,16.32259178161621,0,0.0,0.0
2012-09-06 00:00:00-03:00,16.32259178161621,16.32259178161621,16.32259178161621,16.32259178161621,0,0.0,0.0
2012-09-07 00:00:00-03:00,16.32259178161621,16.32259178161621,16.32259178161621,16.32259178161621,0,0.0,0.0
2012-09-10 00:00:00-03:00,16.32259178161621,16.32259178161621,16.32259178161621,16.32259178161621,0,0.0,0.0
2012-09-11 00:00:00-03:00,16.32259178161621,16.32259178161621,16.32259178161621,16.32259178161621,0,0.0,0.0
2012-09-12 00:00:00-03:00,16.32259178161621,16.32259178161621,16.32259178161621,16.32259178161621,0,0.0,0.0
2012-09-13 00:00:00-03:00,16.32259178161621,16.32259178161621,16.32259178161621,16.32259178161621,0,0.0,0.0
2012-09-14 00:00:00-03:00,16.32259178161621,16.32259178161621,16.32259178161621,16.32259178161621,0,0.0,0.0
2012-09-17 00:00:00-03:00,16.32259178161621,16.32259178161621,16.32259178161621,16.32259178161621,0,0.0,0.0
2012-09-18 00:00:00-03:00,16.32259178161621,16.32259178161621,16.32259178161621,16.32259178161621,0,0.0,0.0
2012-09-19 00:00:00-03:00,16.32259178161621,16.32259178161621,16.32259178161621,16.32259178161621,0,0.0,0.0
2012-09-20 00:00:00-03:00,16.32259178161621,16.32259178161621,16.32259178161621,16.32259178161621,0,0.0,0.0
2012-09-21 00:00:00-03:00,16.32259178161621,16.32259178161621,16.32259178161621,16.32259178161621,0,0.0,0.0
2012-09-24 00:00:00-03:00,16.32259178161621,16.32259178161621,16.32259178161621,16.32259178161621,0,0.0,0.0
2012-09-25 00:00:00-03:00,16.32259178161621,16.32259178161621,16.32259178161621,16.32259178161621,0,0.0,0.0
2012-09-26 00:00:00-03:00,16.32259178161621,16.32259178161621,16.32259178161621,16.32259178161621,0,0.0,0.0
2012-09-27 00:00:00-03:00,16.32259178161621,16.32259178161621,16.32259178161621,16.32259178161621,0,0.0,0.0
2012-09-28 00:00:00-03:00,16.32259178161621,16.32259178161621,16.32259178161621,16.32259178161621,0,0.0,0.0
2012-10-01 00:00:00-03:00,16.32259178161621,16.32259178161621,16.32259178161621,16.32259178161621,0,0.0,0.0
2012-10-02 00:00:00-03:00,16.32259178161621,16.32259178161621,16.32259178161621,16.32259178161621,0,0.0,0.0
2012-10-03 00:00:00-03:00,16.32259178161621,16.32259178161621,16.32259178161621,16.32259178161621,0,0.0,0.0
2012-10-04 00:00:00-03:00,16.32259178161621,16.32259178161621,16.32259178161621,16.32259178161621,0,0.0,0.0
2012-10-05 00:00:00-03:00,16.32259178161621,16.32259178161621,16.32259178161621,16.32259178161621,0,0.0,0.0
2012-10-09 00:00:00-03:00,16.32259178161621,16.32259178161621,16.32259178161621,16.32259178161621,0,0.0,0.0
2012-10-10 00:00:00-03:00,16.32259178161621,16.32259178161621,16.32259178161621,16.32259178161621,0,0.0,0.0
2012-10-11 00:00:00-03:00,16.32259178161621,16.32259178161621,16.32259178161621,16.32259178161621,0,0.0,0.0
2012-10-12 00:00:00-03:00,16.32259178161621,16.32259178161621,16.32259178161621,16.32259178161621,0,0.0,0.0
2012-10-15 00:00:00-03:00,16.32259178161621,16.32259178161621,16.32259178161621,16.32259178161621,0,0.0,0.0
2012-10-16 00:00:00-03:00,16.32259178161621,16.32259178161621,16.32259178161621,16.32259178161621,0,0.0,0.0
2012-10-17 00:00:00-03:00,16.32259178161621,16.32259178161621,16.32259178161621,16.32259178161621,0,0.0,0.0
2012-10-18 00:00:00-03:00,16.32259178161621,16.32259178161621,16.32259178161621,16.32259178161621,0,0.0,0.0
2012-10-19 00:00:00-03:00,16.32259178161621,16.32259178161621,16.32259178161621,16.32259178161621,0,0.0,0.0
2012-10-22 00:00:00-03:00,16.32259178161621,16.32259178161621,16.32259178161621,16.32259178161621,0,0.0,0.0
2012-10-23 00:00:00-03:00,16.32259178161621,16.32259178161621,16.32259178161621,16.32259178161621,0,0.0,0.0
2012-10-24 00:00:00-03:00,16.32259178161621,16.32259178161621,16.32259178161621,16.32259178161621,0,0.0,0.0
2012-10-25 00:00:00-03:00,16.32259178161621,16.32259178161621,16.32259178161621,16.32259178161621,0,0.0,0.0
2012-10-26 00:00:00-03:00,16.32259178161621,16.32259178161621,16.32259178161621,16.32259178161621,0,0.0,0.0
2012-10-29 00:00:00-03:00,16.32259178161621,16.32259178161621,16.32259178161621,16.32259178161621,0,0.0,0.0
2012-10-30 00:00:00-03:00,16.32259178161621,16.32259178161621,16.32259178161621,16.32259178161621,0,0.0,0.0
2012-10-31 00:00:00-03:00,16.32259178161621,16.32259178161621,16.32259178161621,16.32259178161621,0,0.0,0.0
2012-11-01 00:00:00-03:00,16.32259178161621,16.32259178161621,16.32259178161621,16.32259178161621,0,0.0,0.0
2012-11-02 00:00:00-03:00,16.32259178161621,16.32259178161621,16.32259178161621,16.32259178161621,0,0.0,0.0
2012-11-05 00:00:00-03:00,16.32259178161621,16.32259178161621,16.32259178161621,16.32259178161621,0,0.0,0.0
2012-11-07 00:00:00-03:00,16.32259178161621,16.32259178161621,16.32259178161621,16.32259178161621,0,0.0,0.0
2012-11-08 00:00:00-03:00,16.32259178161621,16.32259178161621,16.32259178161621,16.32259178161621,0,0.0,0.0
2012-11-09 00:00:00-03:00,16.32259178161621,16.32259178161621,16.32259178161621,16.32259178161621,0,0.0,0.0
2012-11-12 00:00:00-03:00,16.32259178161621,16.32259178161621,16.32259178161621,16.32259178161621,0,0.0,0.0
2012-11-13 00:00:00-03:00,16.386106491088867,16.386106491088867,16.386106491088867,16.386106491088867,0,110.81251,0.0
2012-11-14 00:00:00-03:00,16.386106491088867,16.386106491088867,16.386106491088867,16.386106491088867,0,0.0,0.0
2012-11-15 00:00:00-03:00,16.386106491088867,16.386106491088867,16.386106491088867,16.386106491088867,0,0.0,0.0
2012-11-16 00:00:00-03:00,16.386106491088867,16.386106491088867,16.386106491088867,16.386106491088867,0,0.0,0.0
2012-11-19 00:00:00-03:00,16.386106491088867,16.386106491088867,16.386106491088867,16.386106491088867,0,0.0,0.0
2012-11-20 00:00:00-03:00,16.386106491088867,16.386106491088867,16.386106491088867,16.386106491088867,0,0.0,0.0
2012-11-21 00:00:00-03:00,16.386106491088867,16.386106491088867,16.386106491088867,16.386106491088867,0,0.0,0.0
2012-11-22 00:00:00-03:00,16.386106491088867,16.386106491088867,16.386106491088867,16.386106491088867,0,0.0,0.0
2012-11-23 00:00:00-03:00,16.386106491088867,16.386106491088867,16.386106491088867,16.386106491088867,0,0.0,0.0
2012-11-27 00:00:00-03:00,16.386106491088867,16.386106491088867,16.386106491088867,16.386106491088867,0,0.0,0.0
2012-11-28 00:00:00-03:00,16.386106491088867,16.386106491088867,16.386106491088867,16.386106491088867,0,0.0,0.0
2012-11-29 00:00:00-03:00,16.386106491088867,16.386106491088867,16.386106491088867,16.386106491088867,0,0.0,0.0
2012-11-30 00:00:00-03:00,16.386106491088867,16.386106491088867,16.386106491088867,16.386106491088867,0,0.0,0.0
2012-12-03 00:00:00-03:00,16.386106491088867,16.386106491088867,16.386106491088867,16.386106491088867,0,0.0,0.0
2012-12-04 00:00:00-03:00,16.386106491088867,16.386106491088867,16.386106491088867,16.386106491088867,0,0.0,0.0
2012-12-05 00:00:00-03:00,16.386106491088867,16.386106491088867,16.386106491088867,16.386106491088867,0,0.0,0.0
2012-12-06 00:00:00-03:00,16.386106491088867,16.386106491088867,16.386106491088867,16.386106491088867,0,0.0,0.0
2012-12-07 00:00:00-03:00,16.386106491088867,16.386106491088867,16.386106491088867,16.386106491088867,0,0.0,0.0
2012-12-10 00:00:00-03:00,16.386106491088867,16.386106491088867,16.386106491088867,16.386106491088867,0,0.0,0.0
2012-12-11 00:00:00-03:00,16.386106491088867,16.386106491088867,16.386106491088867,16.386106491088867,0,0.0,0.0
2012-12-12 00:00:00-03:00,16.386106491088867,16.386106491088867,16.386106491088867,16.386106491088867,0,0.0,0.0
2012-12-13 00:00:00-03:00,16.386106491088867,16.386106491088867,16.386106491088867,16.386106491088867,0,0.0,0.0
2012-12-14 00:00:00-03:00,16.386106491088867,16.386106491088867,16.386106491088867,16.386106491088867,0,0.0,0.0
2012-12-17 00:00:00-03:00,16.386106491088867,16.386106491088867,16.386106491088867,16.386106491088867,0,0.0,0.0
2012-12-18 00:00:00-03:00,16.386106491088867,16.386106491088867,16.386106491088867,16.386106491088867,0,0.0,0.0
2012-12-19 00:00:00-03:00,16.386106491088867,16.386106491088867,16.386106491088867,16.386106491088867,0,0.0,0.0
2012-12-20 00:00:00-03:00,16.386106491088867,16.386106491088867,16.386106491088867,16.386106491088867,0,0.0,0.0
2012-12-21 00:00:00-03:00,16.386106491088867,16.386106491088867,16.386106491088867,16.386106491088867,0,0.0,0.0
2012-12-26 00:00:00-03:00,16.386106491088867,16.386106491088867,16.386106491088867,16.386106491088867,0,0.0,0.0
2012-12-27 00:00:00-03:00,16.386106491088867,16.386106491088867,16.386106491088867,16.386106491088867,0,0.0,0.0
2012-12-28 00:00:00-03:00,16.386106491088867,16.386106491088867,16.386106491088867,16.386106491088867,0,0.0,0.0
2013-01-02 00:00:00-03:00,16.386106491088867,16.386106491088867,16.386106491088867,16.386106491088867,0,0.0,0.0
2013-01-03 00:00:00-03:00,16.386106491088867,16.386106491088867,16.386106491088867,16.386106491088867,0,0.0,0.0
2013-01-04 00:00:00-03:00,16.386106491088867,16.386106491088867,16.386106491088867,16.386106491088867,0,0.0,0.0
2013-01-07 00:00:00-03:00,16.386106491088867,16.386106491088867,16.386106491088867,16.386106491088867,0,0.0,0.0
2013-01-08 00:00:00-03:00,16.386106491088867,16.386106491088867,16.386106491088867,16.386106491088867,0,0.0,0.0
2013-01-09 00:00:00-03:00,16.386106491088867,16.386106491088867,16.386106491088867,16.386106491088867,0,0.0,0.0
2013-01-10 00:00:00-03:00,16.386106491088867,16.386106491088867,16.386106491088867,16.386106491088867,0,0.0,0.0
2013-01-11 00:00:00-03:00,16.386106491088867,16.386106491088867,16.386106491088867,16.386106491088867,0,0.0,0.0
2013-01-14 00:00:00-03:00,16.386106491088867,16.386106491088867,16.386106491088867,16.386106491088867,0,0.0,0.0
2013-01-15 00:00:00-03:00,16.386106491088867,16.386106491088867,16.386106491088867,16.386106491088867,0,0.0,0.0
2013-01-16 00:00:00-03:00,16.386106491088867,16.386106491088867,16.386106491088867,16.386106491088867,0,0.0,0.0
2013-01-17 00:00:00-03:00,16.386106491088867,16.386106491088867,16.386106491088867,16.386106491088867,0,0.0,0.0
2013-01-18 00:00:00-03:00,16.386106491088867,16.386106491088867,16.386106491088867,16.386106491088867,0,0.0,0.0
2013-01-21 00:00:00-03:00,16.386106491088867,16.386106491088867,16.386106491088867,16.386106491088867,0,0.0,0.0
2013-01-22 00:00:00-03:00,16.386106491088867,16.386106491088867,16.386106491088867,16.386106491088867,0,0.0,0.0
2013-01-23 00:00:00-03:00,16.386106491088867,16.386106491088867,16.386106491088867,16.386106491088867,0,0.0,0.0
2013-01-24 00:00:00-03:00,16.386106491088867,16.386106491088867,16.386106491088867,16.386106491088867,0,0.0,0.0
2013-01-25 00:00:00-03:00,16.386106491088867,16.386106491088867,16.386106491088867,16.386106491088867,0,0.0,0.0
2013-01-28 00:00:00-03:00,16.386106491088867,16.386106491088867,16.386106491088867,16.386106491088867,0,0.0,0.0
2013-01-29 00:00:00-03:00,16.386106491088867,16.386106491088867,16.386106491088867,16.386106491088867,0,0.0,0.0
2013-01-30 00:00:00-03:00,16.386106491088867,16.386106491088867,16.386106491088867,16.386106491088867,0,0.0,0.0
2013-01-31 00:00:00-03:00,16.386106491088867,16.386106491088867,16.386106491088867,16.386106491088867,0,0.0,0.0
2013-02-01 00:00:00-03:00,16.386106491088867,16.386106491088867,16.386106491088867,16.386106491088867,0,0.0,0.0
2013-02-04 00:00:00-03:00,16.386106491088867,16.386106491088867,16.386106491088867,16.386106491088867,0,0.0,0.0
2013-02-05 00:00:00-03:00,16.386106491088867,16.386106491088867,16.386106491088867,16.386106491088867,0,0.0,0.0
2013-02-06 00:00:00-03:00,16.386106491088867,16.386106491088867,16.386106491088867,16.386106491088867,0,0.0,0.0
2013-02-07 00:00:00-03:00,16.386106491088867,16.386106491088867,16.386106491088867,16.386106491088867,0,0.0,0.0
2013-02-08 00:00:00-03:00,16.386106491088867,16.386106491088867,16.386106491088867,16.386106491088867,0,0.0,0.0
2013-02-13 00:00:00-03:00,16.449861526489258,16.449861526489258,16.449861526489258,16.449861526489258,0,110.81251,0.0
2013-02-14 00:00:00-03:00,16.449861526489258,16.449861526489258,16.449861526489258,16.449861526489258,0,0.0,0.0
2013-02-15 00:00:00-03:00,16.449861526489258,16.449861526489258,16.449861526489258,16.449861526489258,0,0.0,0.0
2013-02-18 00:00:00-03:00,16.449861526489258,16.449861526489258,16.449861526489258,16.449861526489258,0,0.0,0.0
2013-02-19 00:00:00-03:00,16.449861526489258,16.449861526489258,16.449861526489258,16.449861526489258,0,0.0,0.0
2013-02-21 00:00:00-03:00,16.449861526489258,16.449861526489258,16.449861526489258,16.449861526489258,0,0.0,0.0
2013-02-22 00:00:00-03:00,16.449861526489258,16.449861526489258,16.449861526489258,16.449861526489258,0,0.0,0.0
2013-02-25 00:00:00-03:00,16.449861526489258,16.449861526489258,16.449861526489258,16.449861526489258,0,0.0,0.0
2013-02-26 00:00:00-03:00,16.449861526489258,16.449861526489258,16.449861526489258,16.449861526489258,0,0.0,0.0
2013-02-27 00:00:00-03:00,16.449861526489258,16.449861526489258,16.449861526489258,16.449861526489258,0,0.0,0.0
2013-02-28 00:00:00-03:00,16.449861526489258,16.449861526489258,16.449861526489258,16.449861526489258,0,0.0,0.0
2013-03-01 00:00:00-03:00,16.449861526489258,16.449861526489258,16.449861526489258,16.449861526489258,0,0.0,0.0
2013-03-04 00:00:00-03:00,16.449861526489258,16.449861526489258,16.449861526489258,16.449861526489258,0,0.0,0.0
2013-03-05 00:00:00-03:00,16.449861526489258,16.449861526489258,16.449861526489258,16.449861526489258,0,0.0,0.0
2013-03-06 00:00:00-03:00,16.449861526489258,16.449861526489258,16.449861526489258,16.449861526489258,0,0.0,0.0
2013-03-07 00:00:00-03:00,16.449861526489258,16.449861526489258,16.449861526489258,16.449861526489258,0,0.0,0.0
2013-03-08 00:00:00-03:00,16.449861526489258,16.449861526489258,16.449861526489258,16.449861526489258,0,0.0,0.0
2013-03-11 00:00:00-03:00,16.449861526489258,16.449861526489258,16.449861526489258,16.449861526489258,0,0.0,0.0
2013-03-12 00:00:00-03:00,16.449861526489258,16.449861526489258,16.449861526489258,16.449861526489258,0,0.0,0.0
2013-03-13 00:00:00-03:00,16.449861526489258,16.449861526489258,16.449861526489258,16.449861526489258,0,0.0,0.0
2013-03-14 00:00:00-03:00,16.449861526489258,16.449861526489258,16.449861526489258,16.449861526489258,0,0.0,0.0
2013-03-15 00:00:00-03:00,16.449861526489258,16.449861526489258,16.449861526489258,16.449861526489258,0,0.0,0.0
2013-03-18 00:00:00-03:00,16.449861526489258,16.449861526489258,16.449861526489258,16.449861526489258,0,0.0,0.0
2013-03-19 00:00:00-03:00,16.449861526489258,16.449861526489258,16.449861526489258,16.449861526489258,0,0.0,0.0
2013-03-20 00:00:00-03:00,16.449861526489258,16.449861526489258,16.449861526489258,16.449861526489258,0,0.0,0.0
2013-03-21 00:00:00-03:00,16.449861526489258,16.449861526489258,16.449861526489258,16.449861526489258,0,0.0,0.0
2013-03-22 00:00:00-03:00,16.449861526489258,16.449861526489258,16.449861526489258,16.449861526489258,0,0.0,0.0
2013-03-25 00:00:00-03:00,16.449861526489258,16.449861526489258,16.449861526489258,16.449861526489258,0,0.0,0.0
2013-03-26 00:00:00-03:00,16.449861526489258,16.449861526489258,16.449861526489258,16.449861526489258,0,0.0,0.0
2013-03-27 00:00:00-03:00,16.449861526489258,16.449861526489258,16.449861526489258,16.449861526489258,0,0.0,0.0
2013-04-03 00:00:00-03:00,16.449861526489258,16.449861526489258,16.449861526489258,16.449861526489258,0,0.0,0.0
2013-04-04 00:00:00-03:00,16.449861526489258,16.449861526489258,16.449861526489258,16.449861526489258,0,0.0,0.0
2013-04-05 00:00:00-03:00,16.449861526489258,16.449861526489258,16.449861526489258,16.449861526489258,0,0.0,0.0
2013-04-08 00:00:00-03:00,16.449861526489258,16.449861526489258,16.449861526489258,16.449861526489258,0,0.0,0.0
2013-04-09 00:00:00-03:00,16.449861526489258,16.449861526489258,16.449861526489258,16.449861526489258,0,0.0,0.0
2013-04-10 00:00:00-03:00,16.449861526489258,16.449861526489258,16.449861526489258,16.449861526489258,0,0.0,0.0
2013-04-11 00:00:00-03:00,16.449861526489258,16.449861526489258,16.449861526489258,16.449861526489258,0,0.0,0.0
2013-04-12 00:00:00-03:00,16.449861526489258,16.449861526489258,16.449861526489258,16.449861526489258,0,0.0,0.0
2013-04-15 00:00:00-03:00,16.449861526489258,16.449861526489258,16.449861526489258,16.449861526489258,0,0.0,0.0
2013-04-16 00:00:00-03:00,16.449861526489258,16.449861526489258,16.449861526489258,16.449861526489258,0,0.0,0.0
2013-04-17 00:00:00-03:00,16.449861526489258,16.449861526489258,16.449861526489258,16.449861526489258,0,0.0,0.0
2013-04-18 00:00:00-03:00,16.449861526489258,16.449861526489258,16.449861526489258,16.449861526489258,0,0.0,0.0
2013-04-19 00:00:00-03:00,16.449861526489258,16.449861526489258,16.449861526489258,16.449861526489258,0,0.0,0.0
2013-04-22 00:00:00-03:00,16.449861526489258,16.449861526489258,16.449861526489258,16.449861526489258,0,0.0,0.0
2013-04-23 00:00:00-03:00,16.449861526489258,16.449861526489258,16.449861526489258,16.449861526489258,0,0.0,0.0
2013-04-24 00:00:00-03:00,16.449861526489258,16.449861526489258,16.449861526489258,16.449861526489258,0,0.0,0.0
2013-04-25 00:00:00-03:00,16.449861526489258,16.449861526489258,16.449861526489258,16.449861526489258,0,0.0,0.0
2013-04-26 00:00:00-03:00,16.449861526489258,16.449861526489258,16.449861526489258,16.449861526489258,0,0.0,0.0
2013-04-29 00:00:00-03:00,16.449861526489258,16.449861526489258,16.449861526489258,16.449861526489258,0,0.0,0.0
2013-04-30 00:00:00-03:00,16.449861526489258,16.449861526489258,16.449861526489258,16.449861526489258,0,0.0,0.0
2013-05-02 00:00:00-03:00,16.449861526489258,16.449861526489258,16.449861526489258,16.449861526489258,0,0.0,0.0
2013-05-03 00:00:00-03:00,16.449861526489258,16.449861526489258,16.449861526489258,16.449861526489258,0,0.0,0.0
2013-05-06 00:00:00-03:00,16.449861526489258,16.449861526489258,16.449861526489258,16.449861526489258,0,0.0,0.0
2013-05-07 00:00:00-03:00,16.449861526489258,16.449861526489258,16.449861526489258,16.449861526489258,0,0.0,0.0
2013-05-08 00:00:00-03:00,16.449861526489258,16.449861526489258,16.449861526489258,16.449861526489258,0,0.0,0.0
2013-05-09 00:00:00-03:00,16.449861526489258,16.449861526489258,16.449861526489258,16.449861526489258,0,0.0,0.0
2013-05-10 00:00:00-03:00,16.449861526489258,16.449861526489258,16.449861526489258,16.449861526489258,0,0.0,0.0
2013-05-13 00:00:00-03:00,16.449861526489258,16.449861526489258,16.449861526489258,16.449861526489258,0,0.0,0.0
2013-05-14 00:00:00-03:00,16.449861526489258,16.449861526489258,16.449861526489258,16.449861526489258,0,0.0,0.0
2013-05-15 00:00:00-03:00,16.449861526489258,16.449861526489258,16.449861526489258,16.449861526489258,0,0.0,0.0
2013-05-16 00:00:00-03:00,16.449861526489258,16.449861526489258,16.449861526489258,16.449861526489258,0,0.0,0.0
2013-05-17 00:00:00-03:00,16.449861526489258,16.449861526489258,16.449861526489258,16.449861526489258,0,0.0,0.0
2013-05-20 00:00:00-03:00,16.449861526489258,16.449861526489258,16.449861526489258,16.449861526489258,0,0.0,0.0
2013-05-21 00:00:00-03:00,16.449861526489258,16.449861526489258,16.449861526489258,16.449861526489258,0,0.0,0.0
2013-05-22 00:00:00-03:00,16.513879776000977,16.513879776000977,16.513879776000977,16.513879776000977,0,110.81251,0.0
2013-05-23 00:00:00-03:00,16.513879776000977,16.513879776000977,16.513879776000977,16.513879776000977,0,0.0,0.0
2013-05-24 00:00:00-03:00,16.513879776000977,16.513879776000977,16.513879776000977,16.513879776000977,0,0.0,0.0
2013-05-27 00:00:00-03:00,16.513879776000977,16.513879776000977,16.513879776000977,16.513879776000977,0,0.0,0.0
2013-05-28 00:00:00-03:00,16.513879776000977,16.513879776000977,16.513879776000977,16.513879776000977,0,0.0,0.0
2013-05-29 00:00:00-03:00,16.513879776000977,16.513879776000977,16.513879776000977,16.513879776000977,0,0.0,0.0
2013-05-30 00:00:00-03:00,16.513879776000977,16.513879776000977,16.513879776000977,16.513879776000977,0,0.0,0.0
2013-05-31 00:00:00-03:00,16.513879776000977,16.513879776000977,16.513879776000977,16.513879776000977,0,0.0,0.0
2013-06-03 00:00:00-03:00,16.513879776000977,16.513879776000977,16.513879776000977,16.513879776000977,0,0.0,0.0
2013-06-04 00:00:00-03:00,16.513879776000977,16.513879776000977,16.513879776000977,16.513879776000977,0,0.0,0.0
2013-06-05 00:00:00-03:00,16.513879776000977,16.513879776000977,16.513879776000977,16.513879776000977,0,0.0,0.0
2013-06-06 00:00:00-03:00,16.513879776000977,16.513879776000977,16.513879776000977,16.513879776000977,0,0.0,0.0
2013-06-07 00:00:00-03:00,16.513879776000977,16.513879776000977,16.513879776000977,16.513879776000977,0,0.0,0.0
2013-06-10 00:00:00-03:00,16.513879776000977,16.513879776000977,16.513879776000977,16.513879776000977,0,0.0,0.0
2013-06-11 00:00:00-03:00,16.513879776000977,16.513879776000977,16.513879776000977,16.513879776000977,0,0.0,0.0
2013-06-12 00:00:00-03:00,16.513879776000977,16.513879776000977,16.513879776000977,16.513879776000977,0,0.0,0.0
2013-06-13 00:00:00-03:00,16.513879776000977,16.513879776000977,16.513879776000977,16.513879776000977,0,0.0,0.0
2013-06-14 00:00:00-03:00,16.513879776000977,16.513879776000977,16.513879776000977,16.513879776000977,0,0.0,0.0
2013-06-17 00:00:00-03:00,16.513879776000977,16.513879776000977,16.513879776000977,16.513879776000977,0,0.0,0.0
2013-06-18 00:00:00-03:00,16.513879776000977,16.513879776000977,16.513879776000977,16.513879776000977,0,0.0,0.0
2013-06-19 00:00:00-03:00,16.513879776000977,16.513879776000977,16.513879776000977,16.513879776000977,0,0.0,0.0
2013-06-24 00:00:00-03:00,16.513879776000977,16.513879776000977,16.513879776000977,16.513879776000977,0,0.0,0.0
2013-06-25 00:00:00-03:00,16.513879776000977,16.513879776000977,16.513879776000977,16.513879776000977,0,0.0,0.0
2013-06-26 00:00:00-03:00,16.513879776000977,16.513879776000977,16.513879776000977,16.513879776000977,0,0.0,0.0
2013-06-27 00:00:00-03:00,16.513879776000977,16.513879776000977,16.513879776000977,16.513879776000977,0,0.0,0.0
2013-06-28 00:00:00-03:00,16.513879776000977,16.513879776000977,16.513879776000977,16.513879776000977,0,0.0,0.0
2013-07-01 00:00:00-03:00,16.513879776000977,16.513879776000977,16.513879776000977,16.513879776000977,0,0.0,0.0
2013-07-02 00:00:00-03:00,16.513879776000977,16.513879776000977,16.513879776000977,16.513879776000977,0,0.0,0.0
2013-07-03 00:00:00-03:00,16.513879776000977,16.513879776000977,16.513879776000977,16.513879776000977,0,0.0,0.0
2013-07-04 00:00:00-03:00,16.513879776000977,16.513879776000977,16.513879776000977,16.513879776000977,0,0.0,0.0
2013-07-05 00:00:00-03:00,16.513879776000977,16.513879776000977,16.513879776000977,16.513879776000977,0,0.0,0.0
2013-07-08 00:00:00-03:00,16.513879776000977,16.513879776000977,16.513879776000977,16.513879776000977,0,0.0,0.0
2013-07-10 00:00:00-03:00,16.513879776000977,16.513879776000977,16.513879776000977,16.513879776000977,0,0.0,0.0
2013-07-11 00:00:00-03:00,16.513879776000977,16.513879776000977,16.513879776000977,16.513879776000977,0,0.0,0.0
2013-07-12 00:00:00-03:00,16.513879776000977,16.513879776000977,16.513879776000977,16.513879776000977,0,0.0,0.0
2013-07-15 00:00:00-03:00,16.513879776000977,16.513879776000977,16.513879776000977,16.513879776000977,0,0.0,0.0
2013-07-16 00:00:00-03:00,16.513879776000977,16.513879776000977,16.513879776000977,16.513879776000977,0,0.0,0.0
2013-07-17 00:00:00-03:00,16.513879776000977,16.513879776000977,16.513879776000977,16.513879776000977,0,0.0,0.0
2013-07-18 00:00:00-03:00,16.513879776000977,16.513879776000977,16.513879776000977,16.513879776000977,0,0.0,0.0
2013-07-19 00:00:00-03:00,16.513879776000977,16.513879776000977,16.513879776000977,16.513879776000977,0,0.0,0.0
2013-07-22 00:00:00-03:00,16.513879776000977,16.513879776000977,16.513879776000977,16.513879776000977,0,0.0,0.0
2013-07-23 00:00:00-03:00,16.513879776000977,16.513879776000977,16.513879776000977,16.513879776000977,0,0.0,0.0
2013-07-24 00:00:00-03:00,16.513879776000977,16.513879776000977,16.513879776000977,16.513879776000977,0,0.0,0.0
2013-07-25 00:00:00-03:00,16.513879776000977,16.513879776000977,16.513879776000977,16.513879776000977,0,0.0,0.0
2013-07-26 00:00:00-03:00,16.513879776000977,16.513879776000977,16.513879776000977,16.513879776000977,0,0.0,0.0
2013-07-29 00:00:00-03:00,16.513879776000977,16.513879776000977,16.513879776000977,16.513879776000977,0,0.0,0.0
2013-07-30 00:00:00-03:00,16.513879776000977,16.513879776000977,16.513879776000977,16.513879776000977,0,0.0,0.0
2013-07-31 00:00:00-03:00,16.513879776000977,16.513879776000977,16.513879776000977,16.513879776000977,0,0.0,0.0
2013-08-01 00:00:00-03:00,16.513879776000977,16.513879776000977,16.513879776000977,16.513879776000977,0,0.0,0.0
2013-08-02 00:00:00-03:00,16.513879776000977,16.513879776000977,16.513879776000977,16.513879776000977,0,0.0,0.0
2013-08-05 00:00:00-03:00,16.513879776000977,16.513879776000977,16.513879776000977,16.513879776000977,0,0.0,0.0
2013-08-06 00:00:00-03:00,16.513879776000977,16.513879776000977,16.513879776000977,16.513879776000977,0,0.0,0.0
2013-08-07 00:00:00-03:00,16.513879776000977,16.513879776000977,16.513879776000977,16.513879776000977,0,0.0,0.0
2013-08-08 00:00:00-03:00,16.513879776000977,16.513879776000977,16.513879776000977,16.513879776000977,0,0.0,0.0
2013-08-09 00:00:00-03:00,16.513879776000977,16.513879776000977,16.513879776000977,16.513879776000977,0,0.0,0.0
2013-08-12 00:00:00-03:00,16.513879776000977,16.513879776000977,16.513879776000977,16.513879776000977,0,0.0,0.0
2013-08-13 00:00:00-03:00,16.578125,16.578125,16.578125,16.578125,0,110.81251,0.0
2013-08-14 00:00:00-03:00,16.578125,16.578125,16.578125,16.578125,0,0.0,0.0
2013-08-15 00:00:00-03:00,16.578125,16.578125,16.578125,16.578125,0,0.0,0.0
2013-08-16 00:00:00-03:00,16.578125,16.578125,16.578125,16.578125,0,0.0,0.0
2013-08-20 00:00:00-03:00,16.578125,16.578125,16.578125,16.578125,0,0.0,0.0
2013-08-21 00:00:00-03:00,16.578125,16.578125,16.578125,16.578125,0,0.0,0.0
2013-08-22 00:00:00-03:00,16.578125,16.578125,16.578125,16.578125,0,0.0,0.0
2013-08-23 00:00:00-03:00,16.578125,16.578125,16.578125,16.578125,0,0.0,0.0
2013-08-26 00:00:00-03:00,16.578125,16.578125,16.578125,16.578125,0,0.0,0.0
2013-08-27 00:00:00-03:00,16.578125,16.578125,16.578125,16.578125,0,0.0,0.0
2013-08-28 00:00:00-03:00,16.578125,16.578125,16.578125,16.578125,0,0.0,0.0
2013-08-29 00:00:00-03:00,16.578125,16.578125,16.578125,16.578125,0,0.0,0.0
2013-08-30 00:00:00-03:00,16.578125,16.578125,16.578125,16.578125,0,0.0,0.0
2013-09-02 00:00:00-03:00,16.578125,16.578125,16.578125,16.578125,0,0.0,0.0
2013-09-03 00:00:00-03:00,16.578125,16.578125,16.578125,16.578125,0,0.0,0.0
2013-09-04 00:00:00-03:00,16.578125,16.578125,16.578125,16.578125,0,0.0,0.0
2013-09-05 00:00:00-03:00,16.578125,16.578125,16.578125,16.578125,0,0.0,0.0
2013-09-06 00:00:00-03:00,16.578125,16.578125,16.578125,16.578125,0,0.0,0.0
2013-09-09 00:00:00-03:00,16.578125,16.578125,16.578125,16.578125,0,0.0,0.0
2013-09-10 00:00:00-03:00,16.578125,16.578125,16.578125,16.578125,0,0.0,0.0
2013-09-11 00:00:00-03:00,16.578125,16.578125,16.578125,16.578125,0,0.0,0.0
2013-09-12 00:00:00-03:00,16.578125,16.578125,16.578125,16.578125,0,0.0,0.0
2013-09-13 00:00:00-03:00,16.578125,16.578125,16.578125,16.578125,0,0.0,0.0
2013-09-16 00:00:00-03:00,16.578125,16.578125,16.578125,16.578125,0,0.0,0.0
2013-09-17 00:00:00-03:00,16.578125,16.578125,16.578125,16.578125,0,0.0,0.0
2013-09-18 00:00:00-03:00,16.578125,16.578125,16.578125,16.578125,0,0.0,0.0
2013-09-19 00:00:00-03:00,16.578125,16.578125,16.578125,16.578125,0,0.0,0.0
2013-09-20 00:00:00-03:00,16.578125,16.578125,16.578125,16.578125,0,0.0,0.0
2013-09-23 00:00:00-03:00,16.578125,16.578125,16.578125,16.578125,0,0.0,0.0
2013-09-24 00:00:00-03:00,16.578125,16.578125,16.578125,16.578125,0,0.0,0.0
2013-09-25 00:00:00-03:00,16.578125,16.578125,16.578125,16.578125,0,0.0,0.0
2013-09-26 00:00:00-03:00,16.578125,16.578125,16.578125,16.578125,0,0.0,0.0
2013-09-27 00:00:00-03:00,16.578125,16.578125,16.578125,16.578125,0,0.0,0.0
2013-09-30 00:00:00-03:00,16.578125,16.578125,16.578125,16.578125,0,0.0,0.0
2013-10-01 00:00:00-03:00,16.578125,16.578125,16.578125,16.578125,0,0.0,0.0
2013-10-02 00:00:00-03:00,16.578125,16.578125,16.578125,16.578125,0,0.0,0.0
2013-10-03 00:00:00-03:00,16.578125,16.578125,16.578125,16.578125,0,0.0,0.0
2013-10-04 00:00:00-03:00,16.578125,16.578125,16.578125,16.578125,0,0.0,0.0
2013-10-07 00:00:00-03:00,16.578125,16.578125,16.578125,16.578125,0,0.0,0.0
2013-10-08 00:00:00-03:00,16.578125,16.578125,16.578125,16.578125,0,0.0,0.0
2013-10-09 00:00:00-03:00,16.578125,16.578125,16.578125,16.578125,0,0.0,0.0
2013-10-10 00:00:00-03:00,16.578125,16.578125,16.578125,16.578125,0,0.0,0.0
2013-10-11 00:00:00-03:00,16.578125,16.578125,16.578125,16.578125,0,0.0,0.0
2013-10-15 00:00:00-03:00,16.578125,16.578125,16.578125,16.578125,0,0.0,0.0
2013-10-16 00:00:00-03:00,16.578125,16.578125,16.578125,16.578125,0,0.0,0.0
2013-10-17 00:00:00-03:00,16.578125,16.578125,16.578125,16.578125,0,0.0,0.0
2013-10-18 00:00:00-03:00,16.578125,16.578125,16.578125,16.578125,0,0.0,0.0
2013-10-21 00:00:00-03:00,16.578125,16.578125,16.578125,16.578125,0,0.0,0.0
2013-10-22 00:00:00-03:00,16.578125,16.578125,16.578125,16.578125,0,0.0,0.0
2013-10-23 00:00:00-03:00,16.578125,16.578125,16.578125,16.578125,0,0.0,0.0
2013-10-24 00:00:00-03:00,16.578125,16.578125,16.578125,16.578125,0,0.0,0.0
2013-10-25 00:00:00-03:00,16.578125,16.578125,16.578125,16.578125,0,0.0,0.0
2013-10-28 00:00:00-03:00,16.578125,16.578125,16.578125,16.578125,0,0.0,0.0
2013-10-29 00:00:00-03:00,16.578125,16.578125,16.578125,16.578125,0,0.0,0.0
2013-10-30 00:00:00-03:00,16.578125,16.578125,16.578125,16.578125,0,0.0,0.0
2013-10-31 00:00:00-03:00,16.578125,16.578125,16.578125,16.578125,0,0.0,0.0
2013-11-01 00:00:00-03:00,16.578125,16.578125,16.578125,16.578125,0,0.0,0.0
2013-11-04 00:00:00-03:00,16.578125,16.578125,16.578125,16.578125,0,0.0,0.0
2013-11-05 00:00:00-03:00,16.578125,16.578125,16.578125,16.578125,0,0.0,0.0
2013-11-07 00:00:00-03:00,16.578125,16.578125,16.578125,16.578125,0,0.0,0.0
2013-11-08 00:00:00-03:00,16.578125,16.578125,16.578125,16.578125,0,0.0,0.0
2013-11-11 00:00:00-03:00,16.578125,16.578125,16.578125,16.578125,0,0.0,0.0
2013-11-12 00:00:00-03:00,16.578125,16.578125,16.578125,16.578125,0,0.0,0.0
2013-11-13 00:00:00-03:00,16.653430938720703,16.653430938720703,16.653430938720703,16.653430938720703,0,129.28125,0.0
2013-11-14 00:00:00-03:00,16.653430938720703,16.653430938720703,16.653430938720703,16.653430938720703,0,0.0,0.0
2013-11-15 00:00:00-03:00,16.653430938720703,16.653430938720703,16.653430938720703,16.653430938720703,0,0.0,0.0
2013-11-18 00:00:00-03:00,16.653430938720703,16.653430938720703,16.653430938720703,16.653430938720703,0,0.0,0.0
2013-11-19 00:00:00-03:00,16.653430938720703,16.653430938720703,16.653430938720703,16.653430938720703,0,0.0,0.0
2013-11-20 00:00:00-03:00,16.653430938720703,16.653430938720703,16.653430938720703,16.653430938720703,0,0.0,0.0
2013-11-21 00:00:00-03:00,16.653430938720703,16.653430938720703,16.653430938720703,16.653430938720703,0,0.0,0.0
2013-11-22 00:00:00-03:00,16.653430938720703,16.653430938720703,16.653430938720703,16.653430938720703,0,0.0,0.0
2013-11-26 00:00:00-03:00,16.653430938720703,16.653430938720703,16.653430938720703,16.653430938720703,0,0.0,0.0
2013-11-27 00:00:00-03:00,16.653430938720703,16.653430938720703,16.653430938720703,16.653430938720703,0,0.0,0.0
2013-11-28 00:00:00-03:00,16.653430938720703,16.653430938720703,16.653430938720703,16.653430938720703,0,0.0,0.0
2013-11-29 00:00:00-03:00,16.653430938720703,16.653430938720703,16.653430938720703,16.653430938720703,0,0.0,0.0
2013-12-02 00:00:00-03:00,16.653430938720703,16.653430938720703,16.653430938720703,16.653430938720703,0,0.0,0.0
2013-12-03 00:00:00-03:00,16.653430938720703,16.653430938720703,16.653430938720703,16.653430938720703,0,0.0,0.0
2013-12-04 00:00:00-03:00,16.653430938720703,16.653430938720703,16.653430938720703,16.653430938720703,0,0.0,0.0
2013-12-05 00:00:00-03:00,16.653430938720703,16.653430938720703,16.653430938720703,16.653430938720703,0,0.0,0.0
2013-12-06 00:00:00-03:00,16.653430938720703,16.653430938720703,16.653430938720703,16.653430938720703,0,0.0,0.0
2013-12-09 00:00:00-03:00,16.653430938720703,16.653430938720703,16.653430938720703,16.653430938720703,0,0.0,0.0
2013-12-10 00:00:00-03:00,16.653430938720703,16.653430938720703,16.653430938720703,16.653430938720703,0,0.0,0.0
2013-12-11 00:00:00-03:00,16.653430938720703,16.653430938720703,16.653430938720703,16.653430938720703,0,0.0,0.0
2013-12-12 00:00:00-03:00,16.653430938720703,16.653430938720703,16.653430938720703,16.653430938720703,0,0.0,0.0
2013-12-13 00:00:00-03:00,16.653430938720703,16.653430938720703,16.653430938720703,16.653430938720703,0,0.0,0.0
2013-12-16 00:00:00-03:00,16.653430938720703,16.653430938720703,16.653430938720703,16.653430938720703,0,0.0,0.0
2013-12-17 00:00:00-03:00,16.653430938720703,16.653430938720703,16.653430938720703,16.653430938720703,0,0.0,0.0
2013-12-18 00:00:00-03:00,16.653430938720703,16.653430938720703,16.653430938720703,16.653430938720703,0,0.0,0.0
2013-12-19 00:00:00-03:00,16.653430938720703,16.653430938720703,16.653430938720703,16.653430938720703,0,0.0,0.0
2013-12-20 00:00:00-03:00,16.653430938720703,16.653430938720703,16.653430938720703,16.653430938720703,0,0.0,0.0
2013-12-23 00:00:00-03:00,16.653430938720703,16.653430938720703,16.653430938720703,16.653430938720703,0,0.0,0.0
2013-12-26 00:00:00-03:00,16.653430938720703,16.653430938720703,16.653430938720703,16.653430938720703,0,0.0,0.0
2013-12-27 00:00:00-03:00,16.653430938720703,16.653430938720703,16.653430938720703,16.653430938720703,0,0.0,0.0
2013-12-30 00:00:00-03:00,16.653430938720703,16.653430938720703,16.653430938720703,16.653430938720703,0,0.0,0.0
2014-01-02 00:00:00-03:00,16.653430938720703,16.653430938720703,16.653430938720703,16.653430938720703,0,0.0,0.0
2014-01-03 00:00:00-03:00,16.653430938720703,16.653430938720703,16.653430938720703,16.653430938720703,0,0.0,0.0
2014-01-06 00:00:00-03:00,16.653430938720703,16.653430938720703,16.653430938720703,16.653430938720703,0,0.0,0.0
2014-01-07 00:00:00-03:00,16.653430938720703,16.653430938720703,16.653430938720703,16.653430938720703,0,0.0,0.0
2014-01-08 00:00:00-03:00,16.653430938720703,16.653430938720703,16.653430938720703,16.653430938720703,0,0.0,0.0
2014-01-09 00:00:00-03:00,16.653430938720703,16.653430938720703,16.653430938720703,16.653430938720703,0,0.0,0.0
2014-01-10 00:00:00-03:00,16.653430938720703,16.653430938720703,16.653430938720703,16.653430938720703,0,0.0,0.0
2014-01-13 00:00:00-03:00,16.653430938720703,16.653430938720703,16.653430938720703,16.653430938720703,0,0.0,0.0
2014-01-14 00:00:00-03:00,16.653430938720703,16.653430938720703,16.653430938720703,16.653430938720703,0,0.0,0.0
2014-01-15 00:00:00-03:00,16.653430938720703,16.653430938720703,16.653430938720703,16.653430938720703,0,0.0,0.0
2014-01-16 00:00:00-03:00,16.653430938720703,16.653430938720703,16.653430938720703,16.653430938720703,0,0.0,0.0
2014-01-17 00:00:00-03:00,16.653430938720703,16.653430938720703,16.653430938720703,16.653430938720703,0,0.0,0.0
2014-01-20 00:00:00-03:00,16.653430938720703,16.653430938720703,16.653430938720703,16.653430938720703,0,0.0,0.0
2014-01-21 00:00:00-03:00,16.653430938720703,16.653430938720703,16.653430938720703,16.653430938720703,0,0.0,0.0
2014-01-22 00:00:00-03:00,16.653430938720703,16.653430938720703,16.653430938720703,16.653430938720703,0,0.0,0.0
2014-01-23 00:00:00-03:00,16.653430938720703,16.653430938720703,16.653430938720703,16.653430938720703,0,0.0,0.0
2014-01-24 00:00:00-03:00,16.653430938720703,16.653430938720703,16.653430938720703,16.653430938720703,0,0.0,0.0
2014-01-27 00:00:00-03:00,16.653430938720703,16.653430938720703,16.653430938720703,16.653430938720703,0,0.0,0.0
2014-01-28 00:00:00-03:00,16.653430938720703,16.653430938720703,16.653430938720703,16.653430938720703,0,0.0,0.0
2014-01-29 00:00:00-03:00,16.653430938720703,16.653430938720703,16.653430938720703,16.653430938720703,0,0.0,0.0
2014-01-30 00:00:00-03:00,16.653430938720703,16.653430938720703,16.653430938720703,16.653430938720703,0,0.0,0.0
2014-01-31 00:00:00-03:00,16.653430938720703,16.653430938720703,16.653430938720703,16.653430938720703,0,0.0,0.0
2014-02-03 00:00:00-03:00,16.653430938720703,16.653430938720703,16.653430938720703,16.653430938720703,0,0.0,0.0
2014-02-04 00:00:00-03:00,16.653430938720703,16.653430938720703,16.653430938720703,16.653430938720703,0,0.0,0.0
2014-02-05 00:00:00-03:00,16.653430938720703,16.653430938720703,16.653430938720703,16.653430938720703,0,0.0,0.0
2014-02-06 00:00:00-03:00,16.653430938720703,16.653430938720703,16.653430938720703,16.653430938720703,0,0.0,0.0
2014-02-07 00:00:00-03:00,16.653430938720703,16.653430938720703,16.653430938720703,16.653430938720703,0,0.0,0.0
2014-02-10 00:00:00-03:00,16.653430938720703,16.653430938720703,16.653430938720703,16.653430938720703,0,0.0,0.0
2014-02-11 00:00:00-03:00,16.653430938720703,16.653430938720703,16.653430938720703,16.653430938720703,0,0.0,0.0
2014-02-12 00:00:00-03:00,16.729082107543945,16.729082107543945,16.729082107543945,16.729082107543945,0,129.28125,0.0
2014-02-13 00:00:00-03:00,16.729082107543945,16.729082107543945,16.729082107543945,16.729082107543945,0,0.0,0.0
2014-02-14 00:00:00-03:00,16.729082107543945,16.729082107543945,16.729082107543945,16.729082107543945,0,0.0,0.0
2014-02-17 00:00:00-03:00,16.729082107543945,16.729082107543945,16.729082107543945,16.729082107543945,0,0.0,0.0
2014-02-18 00:00:00-03:00,16.729082107543945,16.729082107543945,16.729082107543945,16.729082107543945,0,0.0,0.0
2014-02-19 00:00:00-03:00,16.729082107543945,16.729082107543945,16.729082107543945,16.729082107543945,0,0.0,0.0
2014-02-20 00:00:00-03:00,16.729082107543945,16.729082107543945,16.729082107543945,16.729082107543945,0,0.0,0.0
2014-02-21 00:00:00-03:00,16.729082107543945,16.729082107543945,16.729082107543945,16.729082107543945,0,0.0,0.0
2014-02-24 00:00:00-03:00,16.729082107543945,16.729082107543945,16.729082107543945,16.729082107543945,0,0.0,0.0
2014-02-25 00:00:00-03:00,16.729082107543945,16.729082107543945,16.729082107543945,16.729082107543945,0,0.0,0.0
2014-02-26 00:00:00-03:00,16.729082107543945,16.729082107543945,16.729082107543945,16.729082107543945,0,0.0,0.0
2014-02-27 00:00:00-03:00,16.729082107543945,16.729082107543945,16.729082107543945,16.729082107543945,0,0.0,0.0
2014-02-28 00:00:00-03:00,16.729082107543945,16.729082107543945,16.729082107543945,16.729082107543945,0,0.0,0.0
2014-03-03 00:00:00-03:00,16.729082107543945,16.729082107543945,16.729082107543945,16.729082107543945,0,0.0,0.0
2014-03-04 00:00:00-03:00,16.729082107543945,16.729082107543945,16.729082107543945,16.729082107543945,0,0.0,0.0
2014-03-05 00:00:00-03:00,16.729082107543945,16.729082107543945,16.729082107543945,16.729082107543945,0,0.0,0.0
2014-03-06 00:00:00-03:00,16.729082107543945,16.729082107543945,16.729082107543945,16.729082107543945,0,0.0,0.0
2014-03-07 00:00:00-03:00,16.729082107543945,16.729082107543945,16.729082107543945,16.729082107543945,0,0.0,0.0
2014-03-10 00:00:00-03:00,16.729082107543945,16.729082107543945,16.729082107543945,16.729082107543945,0,0.0,0.0
2014-03-11 00:00:00-03:00,16.729082107543945,16.729082107543945,16.729082107543945,16.729082107543945,0,0.0,0.0
2014-03-12 00:00:00-03:00,16.729082107543945,16.729082107543945,16.729082107543945,16.729082107543945,0,0.0,0.0
2014-03-13 00:00:00-03:00,16.729082107543945,16.729082107543945,16.729082107543945,16.729082107543945,0,0.0,0.0
2014-03-14 00:00:00-03:00,16.729082107543945,16.729082107543945,16.729082107543945,16.729082107543945,0,0.0,0.0
2014-03-17 00:00:00-03:00,16.729082107543945,16.729082107543945,16.729082107543945,16.729082107543945,0,0.0,0.0
2014-03-18 00:00:00-03:00,16.729082107543945,16.729082107543945,16.729082107543945,16.729082107543945,0,0.0,0.0
2014-03-19 00:00:00-03:00,16.729082107543945,16.729082107543945,16.729082107543945,16.729082107543945,0,0.0,0.0
2014-03-20 00:00:00-03:00,16.729082107543945,16.729082107543945,16.729082107543945,16.729082107543945,0,0.0,0.0
2014-03-21 00:00:00-03:00,16.729082107543945,16.729082107543945,16.729082107543945,16.729082107543945,0,0.0,0.0
2014-03-25 00:00:00-03:00,16.729082107543945,16.729082107543945,16.729082107543945,16.729082107543945,0,0.0,0.0
2014-03-26 00:00:00-03:00,16.729082107543945,16.729082107543945,16.729082107543945,16.729082107543945,0,0.0,0.0
2014-03-27 00:00:00-03:00,16.729082107543945,16.729082107543945,16.729082107543945,16.729082107543945,0,0.0,0.0
2014-03-28 00:00:00-03:00,16.729082107543945,16.729082107543945,16.729082107543945,16.729082107543945,0,0.0,0.0
2014-03-31 00:00:00-03:00,16.729082107543945,16.729082107543945,16.729082107543945,16.729082107543945,0,0.0,0.0
2014-04-01 00:00:00-03:00,16.729082107543945,16.729082107543945,16.729082107543945,16.729082107543945,0,0.0,0.0
2014-04-03 00:00:00-03:00,16.729082107543945,16.729082107543945,16.729082107543945,16.729082107543945,0,0.0,0.0
2014-04-04 00:00:00-03:00,16.729082107543945,16.729082107543945,16.729082107543945,16.729082107543945,0,0.0,0.0
2014-04-07 00:00:00-03:00,16.729082107543945,16.729082107543945,16.729082107543945,16.729082107543945,0,0.0,0.0
2014-04-08 00:00:00-03:00,16.729082107543945,16.729082107543945,16.729082107543945,16.729082107543945,0,0.0,0.0
2014-04-09 00:00:00-03:00,16.729082107543945,16.729082107543945,16.729082107543945,16.729082107543945,0,0.0,0.0
2014-04-10 00:00:00-03:00,16.729082107543945,16.729082107543945,16.729082107543945,16.729082107543945,0,0.0,0.0
2014-04-11 00:00:00-03:00,16.729082107543945,16.729082107543945,16.729082107543945,16.729082107543945,0,0.0,0.0
2014-04-14 00:00:00-03:00,16.729082107543945,16.729082107543945,16.729082107543945,16.729082107543945,0,0.0,0.0
2014-04-15 00:00:00-03:00,16.729082107543945,16.729082107543945,16.729082107543945,16.729082107543945,0,0.0,0.0
2014-04-16 00:00:00-03:00,16.729082107543945,16.729082107543945,16.729082107543945,16.729082107543945,0,0.0,0.0
2014-04-17 00:00:00-03:00,16.729082107543945,16.729082107543945,16.729082107543945,16.729082107543945,0,0.0,0.0
2014-04-18 00:00:00-03:00,16.729082107543945,16.729082107543945,16.729082107543945,16.729082107543945,0,0.0,0.0
2014-04-21 00:00:00-03:00,16.729082107543945,16.729082107543945,16.729082107543945,16.729082107543945,0,0.0,0.0
2014-04-22 00:00:00-03:00,16.729082107543945,16.729082107543945,16.729082107543945,16.729082107543945,0,0.0,0.0
2014-04-23 00:00:00-03:00,16.729082107543945,16.729082107543945,16.729082107543945,16.729082107543945,0,0.0,0.0
2014-04-24 00:00:00-03:00,16.729082107543945,16.729082107543945,16.729082107543945,16.729082107543945,0,0.0,0.0
2014-04-25 00:00:00-03:00,16.729082107543945,16.729082107543945,16.729082107543945,16.729082107543945,0,0.0,0.0
2014-04-28 00:00:00-03:00,16.729082107543945,16.729082107543945,16.729082107543945,16.729082107543945,0,0.0,0.0
2014-04-29 00:00:00-03:00,16.729082107543945,16.729082107543945,16.729082107543945,16.729082107543945,0,0.0,0.0
2014-04-30 00:00:00-03:00,16.729082107543945,16.729082107543945,16.729082107543945,16.729082107543945,0,0.0,0.0
2014-05-02 00:00:00-03:00,16.729082107543945,16.729082107543945,16.729082107543945,16.729082107543945,0,0.0,0.0
2014-05-05 00:00:00-03:00,16.729082107543945,16.729082107543945,16.729082107543945,16.729082107543945,0,0.0,0.0
2014-05-06 00:00:00-03:00,16.729082107543945,16.729082107543945,16.729082107543945,16.729082107543945,0,0.0,0.0
2014-05-07 00:00:00-03:00,16.729082107543945,16.729082107543945,16.729082107543945,16.729082107543945,0,0.0,0.0
2014-05-08 00:00:00-03:00,16.729082107543945,16.729082107543945,16.729082107543945,16.729082107543945,0,0.0,0.0
2014-05-09 00:00:00-03:00,16.729082107543945,16.729082107543945,16.729082107543945,16.729082107543945,0,0.0,0.0
2014-05-12 00:00:00-03:00,16.729082107543945,16.729082107543945,16.729082107543945,16.729082107543945,0,0.0,0.0
2014-05-13 00:00:00-03:00,16.729082107543945,16.729082107543945,16.729082107543945,16.729082107543945,0,0.0,0.0
2014-05-14 00:00:00-03:00,16.729082107543945,16.729082107543945,16.729082107543945,16.729082107543945,0,0.0,0.0
2014-05-15 00:00:00-03:00,16.729082107543945,16.729082107543945,16.729082107543945,16.729082107543945,0,0.0,0.0
2014-05-16 00:00:00-03:00,16.729082107543945,16.729082107543945,16.729082107543945,16.729082107543945,0,0.0,0.0
2014-05-19 00:00:00-03:00,16.729082107543945,16.729082107543945,16.729082107543945,16.729082107543945,0,0.0,0.0
2014-05-20 00:00:00-03:00,16.729082107543945,16.729082107543945,16.729082107543945,16.729082107543945,0,0.0,0.0
2014-05-21 00:00:00-03:00,16.805078506469727,16.805078506469727,16.805078506469727,16.805078506469727,0,129.28125,0.0
2014-05-22 00:00:00-03:00,16.805078506469727,16.805078506469727,16.805078506469727,16.805078506469727,0,0.0,0.0
2014-05-23 00:00:00-03:00,16.805078506469727,16.805078506469727,16.805078506469727,16.805078506469727,0,0.0,0.0
2014-05-26 00:00:00-03:00,16.805078506469727,16.805078506469727,16.805078506469727,16.805078506469727,0,0.0,0.0
2014-05-27 00:00:00-03:00,16.805078506469727,16.805078506469727,16.805078506469727,16.805078506469727,0,0.0,0.0
2014-05-28 00:00:00-03:00,16.805078506469727,16.805078506469727,16.805078506469727,16.805078506469727,0,0.0,0.0
2014-05-29 00:00:00-03:00,16.805078506469727,16.805078506469727,16.805078506469727,16.805078506469727,0,0.0,0.0
2014-05-30 00:00:00-03:00,16.805078506469727,16.805078506469727,16.805078506469727,16.805078506469727,0,0.0,0.0
2014-06-02 00:00:00-03:00,16.805078506469727,16.805078506469727,16.805078506469727,16.805078506469727,0,0.0,0.0
2014-06-03 00:00:00-03:00,16.805078506469727,16.805078506469727,16.805078506469727,16.805078506469727,0,0.0,0.0
2014-06-04 00:00:00-03:00,16.805078506469727,16.805078506469727,16.805078506469727,16.805078506469727,0,0.0,0.0
2014-06-05 00:00:00-03:00,16.805078506469727,16.805078506469727,16.805078506469727,16.805078506469727,0,0.0,0.0
2014-06-06 00:00:00-03:00,16.805078506469727,16.805078506469727,16.805078506469727,16.805078506469727,0,0.0,0.0
2014-06-09 00:00:00-03:00,16.805078506469727,16.805078506469727,16.805078506469727,16.805078506469727,0,0.0,0.0
2014-06-10 00:00:00-03:00,16.805078506469727,16.805078506469727,16.805078506469727,16.805078506469727,0,0.0,0.0
2014-06-11 00:00:00-03:00,16.805078506469727,16.805078506469727,16.805078506469727,16.805078506469727,0,0.0,0.0
2014-06-12 00:00:00-03:00,16.805078506469727,16.805078506469727,16.805078506469727,16.805078506469727,0,0.0,0.0
2014-06-13 00:00:00-03:00,16.805078506469727,16.805078506469727,16.805078506469727,16.805078506469727,0,0.0,0.0
2014-06-16 00:00:00-03:00,16.805078506469727,16.805078506469727,16.805078506469727,16.805078506469727,0,0.0,0.0
2014-06-17 00:00:00-03:00,16.805078506469727,16.805078506469727,16.805078506469727,16.805078506469727,0,0.0,0.0
2014-06-18 00:00:00-03:00,16.805078506469727,16.805078506469727,16.805078506469727,16.805078506469727,0,0.0,0.0
2014-06-19 00:00:00-03:00,16.805078506469727,16.805078506469727,16.805078506469727,16.805078506469727,0,0.0,0.0
2014-06-23 00:00:00-03:00,16.805078506469727,16.805078506469727,16.805078506469727,16.805078506469727,0,0.0,0.0
2014-06-24 00:00:00-03:00,16.805078506469727,16.805078506469727,16.805078506469727,16.805078506469727,0,0.0,0.0
2014-06-25 00:00:00-03:00,16.805078506469727,16.805078506469727,16.805078506469727,16.805078506469727,0,0.0,0.0
2014-06-26 00:00:00-03:00,16.805078506469727,16.805078506469727,16.805078506469727,16.805078506469727,0,0.0,0.0
2014-06-27 00:00:00-03:00,16.805078506469727,16.805078506469727,16.805078506469727,16.805078506469727,0,0.0,0.0
2014-06-30 00:00:00-03:00,16.805078506469727,16.805078506469727,16.805078506469727,16.805078506469727,0,0.0,0.0
2014-07-01 00:00:00-03:00,16.805078506469727,16.805078506469727,16.805078506469727,16.805078506469727,0,0.0,0.0
2014-07-02 00:00:00-03:00,16.805078506469727,16.805078506469727,16.805078506469727,16.805078506469727,0,0.0,0.0
2014-07-03 00:00:00-03:00,16.805078506469727,16.805078506469727,16.805078506469727,16.805078506469727,0,0.0,0.0
2014-07-04 00:00:00-03:00,16.805078506469727,16.805078506469727,16.805078506469727,16.805078506469727,0,0.0,0.0
2014-07-07 00:00:00-03:00,16.805078506469727,16.805078506469727,16.805078506469727,16.805078506469727,0,0.0,0.0
2014-07-08 00:00:00-03:00,16.805078506469727,16.805078506469727,16.805078506469727,16.805078506469727,0,0.0,0.0
2014-07-10 00:00:00-03:00,16.805078506469727,16.805078506469727,16.805078506469727,16.805078506469727,0,0.0,0.0
2014-07-11 00:00:00-03:00,16.805078506469727,16.805078506469727,16.805078506469727,16.805078506469727,0,0.0,0.0
2014-07-14 00:00:00-03:00,16.805078506469727,16.805078506469727,16.805078506469727,16.805078506469727,0,0.0,0.0
2014-07-15 00:00:00-03:00,16.805078506469727,16.805078506469727,16.805078506469727,16.805078506469727,0,0.0,0.0
2014-07-16 00:00:00-03:00,16.805078506469727,16.805078506469727,16.805078506469727,16.805078506469727,0,0.0,0.0
2014-07-17 00:00:00-03:00,16.805078506469727,16.805078506469727,16.805078506469727,16.805078506469727,0,0.0,0.0
2014-07-18 00:00:00-03:00,16.805078506469727,16.805078506469727,16.805078506469727,16.805078506469727,0,0.0,0.0
2014-07-21 00:00:00-03:00,16.805078506469727,16.805078506469727,16.805078506469727,16.805078506469727,0,0.0,0.0
2014-07-22 00:00:00-03:00,16.805078506469727,16.805078506469727,16.805078506469727,16.805078506469727,0,0.0,0.0
2014-07-23 00:00:00-03:00,16.805078506469727,16.805078506469727,16.805078506469727,16.805078506469727,0,0.0,0.0
2014-07-24 00:00:00-03:00,16.805078506469727,16.805078506469727,16.805078506469727,16.805078506469727,0,0.0,0.0
2014-07-25 00:00:00-03:00,16.805078506469727,16.805078506469727,16.805078506469727,16.805078506469727,0,0.0,0.0
2014-07-28 00:00:00-03:00,16.805078506469727,16.805078506469727,16.805078506469727,16.805078506469727,0,0.0,0.0
2014-07-29 00:00:00-03:00,16.805078506469727,16.805078506469727,16.805078506469727,16.805078506469727,0,0.0,0.0
2014-07-30 00:00:00-03:00,16.805078506469727,16.805078506469727,16.805078506469727,16.805078506469727,0,0.0,0.0
2014-07-31 00:00:00-03:00,16.805078506469727,16.805078506469727,16.805078506469727,16.805078506469727,0,0.0,0.0
2014-08-01 00:00:00-03:00,16.805078506469727,16.805078506469727,16.805078506469727,16.805078506469727,0,0.0,0.0
2014-08-04 00:00:00-03:00,16.805078506469727,16.805078506469727,16.805078506469727,16.805078506469727,0,0.0,0.0
2014-08-05 00:00:00-03:00,16.805078506469727,16.805078506469727,16.805078506469727,16.805078506469727,0,0.0,0.0
2014-08-06 00:00:00-03:00,16.805078506469727,16.805078506469727,16.805078506469727,16.805078506469727,0,0.0,0.0
2014-08-07 00:00:00-03:00,16.805078506469727,16.805078506469727,16.805078506469727,16.805078506469727,0,0.0,0.0
2014-08-08 00:00:00-03:00,16.805078506469727,16.805078506469727,16.805078506469727,16.805078506469727,0,0.0,0.0
2014-08-11 00:00:00-03:00,16.805078506469727,16.805078506469727,16.805078506469727,16.805078506469727,0,0.0,0.0
2014-08-12 00:00:00-03:00,16.805078506469727,16.805078506469727,16.805078506469727,16.805078506469727,0,0.0,0.0
2014-08-13 00:00:00-03:00,16.88141632080078,16.88141632080078,16.88141632080078,16.88141632080078,0,129.28125,0.0
2014-08-14 00:00:00-03:00,16.88141632080078,16.88141632080078,16.88141632080078,16.88141632080078,0,0.0,0.0
2014-08-15 00:00:00-03:00,16.88141632080078,16.88141632080078,16.88141632080078,16.88141632080078,0,0.0,0.0
2014-08-18 00:00:00-03:00,16.88141632080078,16.88141632080078,16.88141632080078,16.88141632080078,0,0.0,0.0
2014-08-19 00:00:00-03:00,16.88141632080078,16.88141632080078,16.88141632080078,16.88141632080078,0,0.0,0.0
2014-08-20 00:00:00-03:00,16.88141632080078,16.88141632080078,16.88141632080078,16.88141632080078,0,0.0,0.0
2014-08-21 00:00:00-03:00,16.88141632080078,16.88141632080078,16.88141632080078,16.88141632080078,0,0.0,0.0
2014-08-22 00:00:00-03:00,16.88141632080078,16.88141632080078,16.88141632080078,16.88141632080078,0,0.0,0.0
2014-08-25 00:00:00-03:00,16.88141632080078,16.88141632080078,16.88141632080078,16.88141632080078,0,0.0,0.0
2014-08-26 00:00:00-03:00,16.88141632080078,16.88141632080078,16.88141632080078,16.88141632080078,0,0.0,0.0
2014-08-27 00:00:00-03:00,16.88141632080078,16.88141632080078,16.88141632080078,16.88141632080078,0,0.0,0.0
2014-08-28 00:00:00-03:00,16.88141632080078,16.88141632080078,16.88141632080078,16.88141632080078,0,0.0,0.0
2014-08-29 00:00:00-03:00,16.88141632080078,16.88141632080078,16.88141632080078,16.88141632080078,0,0.0,0.0
2014-09-01 00:00:00-03:00,16.88141632080078,16.88141632080078,16.88141632080078,16.88141632080078,0,0.0,0.0
2014-09-02 00:00:00-03:00,16.88141632080078,16.88141632080078,16.88141632080078,16.88141632080078,0,0.0,0.0
2014-09-03 00:00:00-03:00,16.88141632080078,16.88141632080078,16.88141632080078,16.88141632080078,0,0.0,0.0
2014-09-04 00:00:00-03:00,16.88141632080078,16.88141632080078,16.88141632080078,16.88141632080078,0,0.0,0.0
2014-09-05 00:00:00-03:00,16.88141632080078,16.88141632080078,16.88141632080078,16.88141632080078,0,0.0,0.0
2014-09-08 00:00:00-03:00,16.88141632080078,16.88141632080078,16.88141632080078,16.88141632080078,0,0.0,0.0
2014-09-09 00:00:00-03:00,16.88141632080078,16.88141632080078,16.88141632080078,16.88141632080078,0,0.0,0.0
2014-09-10 00:00:00-03:00,16.88141632080078,16.88141632080078,16.88141632080078,16.88141632080078,0,0.0,0.0
2014-09-11 00:00:00-03:00,16.88141632080078,16.88141632080078,16.88141632080078,16.88141632080078,0,0.0,0.0
2014-09-12 00:00:00-03:00,16.88141632080078,16.88141632080078,16.88141632080078,16.88141632080078,0,0.0,0.0
2014-09-15 00:00:00-03:00,16.88141632080078,16.88141632080078,16.88141632080078,16.88141632080078,0,0.0,0.0
2014-09-16 00:00:00-03:00,16.88141632080078,16.88141632080078,16.88141632080078,16.88141632080078,0,0.0,0.0
2014-09-17 00:00:00-03:00,16.88141632080078,16.88141632080078,16.88141632080078,16.88141632080078,0,0.0,0.0
2014-09-18 00:00:00-03:00,16.88141632080078,16.88141632080078,16.88141632080078,16.88141632080078,0,0.0,0.0
2014-09-19 00:00:00-03:00,16.88141632080078,16.88141632080078,16.88141632080078,16.88141632080078,0,0.0,0.0
2014-09-22 00:00:00-03:00,16.88141632080078,16.88141632080078,16.88141632080078,16.88141632080078,0,0.0,0.0
2014-09-23 00:00:00-03:00,16.88141632080078,16.88141632080078,16.88141632080078,16.88141632080078,0,0.0,0.0
2014-09-24 00:00:00-03:00,16.88141632080078,16.88141632080078,16.88141632080078,16.88141632080078,0,0.0,0.0
2014-09-25 00:00:00-03:00,16.88141632080078,16.88141632080078,16.88141632080078,16.88141632080078,0,0.0,0.0
2014-09-26 00:00:00-03:00,16.88141632080078,16.88141632080078,16.88141632080078,16.88141632080078,0,0.0,0.0
2014-09-29 00:00:00-03:00,16.88141632080078,16.88141632080078,16.88141632080078,16.88141632080078,0,0.0,0.0
2014-09-30 00:00:00-03:00,16.88141632080078,16.88141632080078,16.88141632080078,16.88141632080078,0,0.0,0.0
2014-10-01 00:00:00-03:00,16.88141632080078,16.88141632080078,16.88141632080078,16.88141632080078,0,0.0,0.0
2014-10-02 00:00:00-03:00,16.88141632080078,16.88141632080078,16.88141632080078,16.88141632080078,0,0.0,0.0
2014-10-03 00:00:00-03:00,16.88141632080078,16.88141632080078,16.88141632080078,16.88141632080078,0,0.0,0.0
2014-10-06 00:00:00-03:00,16.88141632080078,16.88141632080078,16.88141632080078,16.88141632080078,0,0.0,0.0
2014-10-07 00:00:00-03:00,16.88141632080078,16.88141632080078,16.88141632080078,16.88141632080078,0,0.0,0.0
2014-10-08 00:00:00-03:00,16.88141632080078,16.88141632080078,16.88141632080078,16.88141632080078,0,0.0,0.0
2014-10-09 00:00:00-03:00,16.88141632080078,16.88141632080078,16.88141632080078,16.88141632080078,0,0.0,0.0
2014-10-10 00:00:00-03:00,16.88141632080078,16.88141632080078,16.88141632080078,16.88141632080078,0,0.0,0.0
2014-10-13 00:00:00-03:00,16.88141632080078,16.88141632080078,16.88141632080078,16.88141632080078,0,0.0,0.0
2014-10-14 00:00:00-03:00,16.88141632080078,16.88141632080078,16.88141632080078,16.88141632080078,0,0.0,0.0
2014-10-15 00:00:00-03:00,16.88141632080078,16.88141632080078,16.88141632080078,16.88141632080078,0,0.0,0.0
2014-10-16 00:00:00-03:00,16.88141632080078,16.88141632080078,16.88141632080078,16.88141632080078,0,0.0,0.0
2014-10-17 00:00:00-03:00,16.88141632080078,16.88141632080078,16.88141632080078,16.88141632080078,0,0.0,0.0
2014-10-20 00:00:00-03:00,16.88141632080078,16.88141632080078,16.88141632080078,16.88141632080078,0,0.0,0.0
2014-10-21 00:00:00-03:00,16.88141632080078,16.88141632080078,16.88141632080078,16.88141632080078,0,0.0,0.0
2014-10-22 00:00:00-03:00,16.88141632080078,16.88141632080078,16.88141632080078,16.88141632080078,0,0.0,0.0
2014-10-23 00:00:00-03:00,16.88141632080078,16.88141632080078,16.88141632080078,16.88141632080078,0,0.0,0.0
2014-10-24 00:00:00-03:00,16.88141632080078,16.88141632080078,16.88141632080078,16.88141632080078,0,0.0,0.0
2014-10-27 00:00:00-03:00,16.88141632080078,16.88141632080078,16.88141632080078,16.88141632080078,0,0.0,0.0
2014-10-28 00:00:00-03:00,16.88141632080078,16.88141632080078,16.88141632080078,16.88141632080078,0,0.0,0.0
2014-10-29 00:00:00-03:00,16.88141632080078,16.88141632080078,16.88141632080078,16.88141632080078,0,0.0,0.0
2014-10-30 00:00:00-03:00,16.88141632080078,16.88141632080078,16.88141632080078,16.88141632080078,0,0.0,0.0
2014-10-31 00:00:00-03:00,16.88141632080078,16.88141632080078,16.88141632080078,16.88141632080078,0,0.0,0.0
2014-11-03 00:00:00-03:00,16.88141632080078,16.88141632080078,16.88141632080078,16.88141632080078,0,0.0,0.0
2014-11-04 00:00:00-03:00,16.88141632080078,16.88141632080078,16.88141632080078,16.88141632080078,0,0.0,0.0
2014-11-05 00:00:00-03:00,16.88141632080078,16.88141632080078,16.88141632080078,16.88141632080078,0,0.0,0.0
2014-11-07 00:00:00-03:00,16.88141632080078,16.88141632080078,16.88141632080078,16.88141632080078,0,0.0,0.0
2014-11-10 00:00:00-03:00,16.88141632080078,16.88141632080078,16.88141632080078,16.88141632080078,0,0.0,0.0
2014-11-11 00:00:00-03:00,16.88141632080078,16.88141632080078,16.88141632080078,16.88141632080078,0,0.0,0.0
2014-11-12 00:00:00-03:00,16.88141632080078,16.88141632080078,16.88141632080078,16.88141632080078,0,0.0,0.0
2014-11-13 00:00:00-03:00,16.969112396240234,16.969112396240234,16.969112396240234,16.969112396240234,0,147.75,0.0
2014-11-14 00:00:00-03:00,16.969112396240234,16.969112396240234,16.969112396240234,16.969112396240234,0,0.0,0.0
2014-11-17 00:00:00-03:00,16.969112396240234,16.969112396240234,16.969112396240234,16.969112396240234,0,0.0,0.0
2014-11-18 00:00:00-03:00,16.969112396240234,16.969112396240234,16.969112396240234,16.969112396240234,0,0.0,0.0
2014-11-19 00:00:00-03:00,16.969112396240234,16.969112396240234,16.969112396240234,16.969112396240234,0,0.0,0.0
2014-11-20 00:00:00-03:00,16.969112396240234,16.969112396240234,16.969112396240234,16.969112396240234,0,0.0,0.0
2014-11-21 00:00:00-03:00,16.969112396240234,16.969112396240234,16.969112396240234,16.969112396240234,0,0.0,0.0
2014-11-24 00:00:00-03:00,16.969112396240234,16.969112396240234,16.969112396240234,16.969112396240234,0,0.0,0.0
2014-11-25 00:00:00-03:00,16.969112396240234,16.969112396240234,16.969112396240234,16.969112396240234,0,0.0,0.0
2014-11-26 00:00:00-03:00,16.969112396240234,16.969112396240234,16.969112396240234,16.969112396240234,0,0.0,0.0
2014-11-27 00:00:00-03:00,16.969112396240234,16.969112396240234,16.969112396240234,16.969112396240234,0,0.0,0.0
2014-11-28 00:00:00-03:00,16.969112396240234,16.969112396240234,16.969112396240234,16.969112396240234,0,0.0,0.0
2014-12-01 00:00:00-03:00,16.969112396240234,16.969112396240234,16.969112396240234,16.969112396240234,0,0.0,0.0
2014-12-02 00:00:00-03:00,16.969112396240234,16.969112396240234,16.969112396240234,16.969112396240234,0,0.0,0.0
2014-12-03 00:00:00-03:00,16.969112396240234,16.969112396240234,16.969112396240234,16.969112396240234,0,0.0,0.0
2014-12-04 00:00:00-03:00,16.969112396240234,16.969112396240234,16.969112396240234,16.969112396240234,0,0.0,0.0
2014-12-05 00:00:00-03:00,16.969112396240234,16.969112396240234,16.969112396240234,16.969112396240234,0,0.0,0.0
2014-12-09 00:00:00-03:00,16.969112396240234,16.969112396240234,16.969112396240234,16.969112396240234,0,0.0,0.0
2014-12-10 00:00:00-03:00,16.969112396240234,16.969112396240234,16.969112396240234,16.969112396240234,0,0.0,0.0
2014-12-11 00:00:00-03:00,16.969112396240234,16.969112396240234,16.969112396240234,16.969112396240234,0,0.0,0.0
2014-12-12 00:00:00-03:00,16.969112396240234,16.969112396240234,16.969112396240234,16.969112396240234,0,0.0,0.0
2014-12-15 00:00:00-03:00,16.969112396240234,16.969112396240234,16.969112396240234,16.969112396240234,0,0.0,0.0
2014-12-16 00:00:00-03:00,16.969112396240234,16.969112396240234,16.969112396240234,16.969112396240234,0,0.0,0.0
2014-12-17 00:00:00-03:00,16.969112396240234,16.969112396240234,16.969112396240234,16.969112396240234,0,0.0,0.0
2014-12-18 00:00:00-03:00,16.969112396240234,16.969112396240234,16.969112396240234,16.969112396240234,0,0.0,0.0
2014-12-19 00:00:00-03:00,16.969112396240234,16.969112396240234,16.969112396240234,16.969112396240234,0,0.0,0.0
2014-12-22 00:00:00-03:00,16.969112396240234,16.969112396240234,16.969112396240234,16.969112396240234,0,0.0,0.0
2014-12-23 00:00:00-03:00,16.969112396240234,16.969112396240234,16.969112396240234,16.969112396240234,0,0.0,0.0
2014-12-26 00:00:00-03:00,16.969112396240234,16.969112396240234,16.969112396240234,16.969112396240234,0,0.0,0.0
2014-12-29 00:00:00-03:00,16.969112396240234,16.969112396240234,16.969112396240234,16.969112396240234,0,0.0,0.0
2014-12-30 00:00:00-03:00,16.969112396240234,16.969112396240234,16.969112396240234,16.969112396240234,0,0.0,0.0
2015-01-02 00:00:00-03:00,16.969112396240234,16.969112396240234,16.969112396240234,16.969112396240234,0,0.0,0.0
2015-01-05 00:00:00-03:00,16.969112396240234,16.969112396240234,16.969112396240234,16.969112396240234,0,0.0,0.0
2015-01-06 00:00:00-03:00,16.969112396240234,16.969112396240234,16.969112396240234,16.969112396240234,0,0.0,0.0
2015-01-07 00:00:00-03:00,16.969112396240234,16.969112396240234,16.969112396240234,16.969112396240234,0,0.0,0.0
2015-01-08 00:00:00-03:00,16.969112396240234,16.969112396240234,16.969112396240234,16.969112396240234,0,0.0,0.0
2015-01-09 00:00:00-03:00,16.969112396240234,16.969112396240234,16.969112396240234,16.969112396240234,0,0.0,0.0
2015-01-12 00:00:00-03:00,16.969112396240234,16.969112396240234,16.969112396240234,16.969112396240234,0,0.0,0.0
2015-01-13 00:00:00-03:00,16.969112396240234,16.969112396240234,16.969112396240234,16.969112396240234,0,0.0,0.0
2015-01-14 00:00:00-03:00,16.969112396240234,16.969112396240234,16.969112396240234,16.969112396240234,0,0.0,0.0
2015-01-15 00:00:00-03:00,16.969112396240234,16.969112396240234,16.969112396240234,16.969112396240234,0,0.0,0.0
2015-01-16 00:00:00-03:00,16.969112396240234,16.969112396240234,16.969112396240234,16.969112396240234,0,0.0,0.0
2015-01-19 00:00:00-03:00,16.969112396240234,16.969112396240234,16.969112396240234,16.969112396240234,0,0.0,0.0
2015-01-20 00:00:00-03:00,16.969112396240234,16.969112396240234,16.969112396240234,16.969112396240234,0,0.0,0.0
2015-01-21 00:00:00-03:00,16.969112396240234,16.969112396240234,16.969112396240234,16.969112396240234,0,0.0,0.0
2015-01-22 00:00:00-03:00,16.969112396240234,16.969112396240234,16.969112396240234,16.969112396240234,0,0.0,0.0
2015-01-23 00:00:00-03:00,16.969112396240234,16.969112396240234,16.969112396240234,16.969112396240234,0,0.0,0.0
2015-01-26 00:00:00-03:00,16.969112396240234,16.969112396240234,16.969112396240234,16.969112396240234,0,0.0,0.0
2015-01-27 00:00:00-03:00,16.969112396240234,16.969112396240234,16.969112396240234,16.969112396240234,0,0.0,0.0
2015-01-28 00:00:00-03:00,16.969112396240234,16.969112396240234,16.969112396240234,16.969112396240234,0,0.0,0.0
2015-01-29 00:00:00-03:00,16.969112396240234,16.969112396240234,16.969112396240234,16.969112396240234,0,0.0,0.0
2015-01-30 00:00:00-03:00,16.969112396240234,16.969112396240234,16.969112396240234,16.969112396240234,0,0.0,0.0
2015-02-02 00:00:00-03:00,16.969112396240234,16.969112396240234,16.969112396240234,16.969112396240234,0,0.0,0.0
2015-02-03 00:00:00-03:00,16.969112396240234,16.969112396240234,16.969112396240234,16.969112396240234,0,0.0,0.0
2015-02-04 00:00:00-03:00,16.969112396240234,16.969112396240234,16.969112396240234,16.969112396240234,0,0.0,0.0
2015-02-05 00:00:00-03:00,16.969112396240234,16.969112396240234,16.969112396240234,16.969112396240234,0,0.0,0.0
2015-02-06 00:00:00-03:00,16.969112396240234,16.969112396240234,16.969112396240234,16.969112396240234,0,0.0,0.0
2015-02-09 00:00:00-03:00,16.969112396240234,16.969112396240234,16.969112396240234,16.969112396240234,0,0.0,0.0
2015-02-10 00:00:00-03:00,16.969112396240234,16.969112396240234,16.969112396240234,16.969112396240234,0,0.0,0.0
2015-02-11 00:00:00-03:00,17.023305892944336,17.023305892944336,17.023305892944336,17.023305892944336,0,91.014,0.0
2015-02-12 00:00:00-03:00,17.023305892944336,17.023305892944336,17.023305892944336,17.023305892944336,0,0.0,0.0
2015-02-13 00:00:00-03:00,17.023305892944336,17.023305892944336,17.023305892944336,17.023305892944336,0,0.0,0.0
2015-02-18 00:00:00-03:00,17.023305892944336,17.023305892944336,17.023305892944336,17.023305892944336,0,0.0,0.0
2015-02-19 00:00:00-03:00,17.023305892944336,17.023305892944336,17.023305892944336,17.023305892944336,0,0.0,0.0
2015-02-20 00:00:00-03:00,17.023305892944336,17.023305892944336,17.023305892944336,17.023305892944336,0,0.0,0.0
2015-02-23 00:00:00-03:00,17.023305892944336,17.023305892944336,17.023305892944336,17.023305892944336,0,0.0,0.0
2015-02-24 00:00:00-03:00,17.023305892944336,17.023305892944336,17.023305892944336,17.023305892944336,0,0.0,0.0
2015-02-25 00:00:00-03:00,17.023305892944336,17.023305892944336,17.023305892944336,17.023305892944336,0,0.0,0.0
2015-02-26 00:00:00-03:00,17.023305892944336,17.023305892944336,17.023305892944336,17.023305892944336,0,0.0,0.0
2015-02-27 00:00:00-03:00,17.023305892944336,17.023305892944336,17.023305892944336,17.023305892944336,0,0.0,0.0
2015-03-02 00:00:00-03:00,17.023305892944336,17.023305892944336,17.023305892944336,17.023305892944336,0,0.0,0.0
2015-03-03 00:00:00-03:00,17.023305892944336,17.023305892944336,17.023305892944336,17.023305892944336,0,0.0,0.0
2015-03-04 00:00:00-03:00,17.023305892944336,17.023305892944336,17.023305892944336,17.023305892944336,0,0.0,0.0
2015-03-05 00:00:00-03:00,17.023305892944336,17.023305892944336,17.023305892944336,17.023305892944336,0,0.0,0.0
2015-03-06 00:00:00-03:00,17.023305892944336,17.023305892944336,17.023305892944336,17.023305892944336,0,0.0,0.0
2015-03-09 00:00:00-03:00,17.023305892944336,17.023305892944336,17.023305892944336,17.023305892944336,0,0.0,0.0
2015-03-10 00:00:00-03:00,17.023305892944336,17.023305892944336,17.023305892944336,17.023305892944336,0,0.0,0.0
2015-03-11 00:00:00-03:00,17.023305892944336,17.023305892944336,17.023305892944336,17.023305892944336,0,0.0,0.0
2015-03-12 00:00:00-03:00,17.023305892944336,17.023305892944336,17.023305892944336,17.023305892944336,0,0.0,0.0
2015-03-13 00:00:00-03:00,17.023305892944336,17.023305892944336,17.023305892944336,17.023305892944336,0,0.0,0.0
2015-03-16 00:00:00-03:00,17.023305892944336,17.023305892944336,17.023305892944336,17.023305892944336,0,0.0,0.0
2015-03-17 00:00:00-03:00,17.023305892944336,17.023305892944336,17.023305892944336,17.023305892944336,0,0.0,0.0
2015-03-18 00:00:00-03:00,17.023305892944336,17.023305892944336,17.023305892944336,17.023305892944336,0,0.0,0.0
2015-03-19 00:00:00-03:00,17.023305892944336,17.023305892944336,17.023305892944336,17.023305892944336,0,0.0,0.0
2015-03-20 00:00:00-03:00,17.023305892944336,17.023305892944336,17.023305892944336,17.023305892944336,0,0.0,0.0
2015-03-25 00:00:00-03:00,17.023305892944336,17.023305892944336,17.023305892944336,17.023305892944336,0,0.0,0.0
2015-03-26 00:00:00-03:00,17.023305892944336,17.023305892944336,17.023305892944336,17.023305892944336,0,0.0,0.0
2015-03-27 00:00:00-03:00,17.023305892944336,17.023305892944336,17.023305892944336,17.023305892944336,0,0.0,0.0
2015-03-30 00:00:00-03:00,17.023305892944336,17.023305892944336,17.023305892944336,17.023305892944336,0,0.0,0.0
2015-03-31 00:00:00-03:00,17.023305892944336,17.023305892944336,17.023305892944336,17.023305892944336,0,0.0,0.0
2015-04-01 00:00:00-03:00,17.023305892944336,17.023305892944336,17.023305892944336,17.023305892944336,0,0.0,0.0
2015-04-06 00:00:00-03:00,17.023305892944336,17.023305892944336,17.023305892944336,17.023305892944336,0,0.0,0.0
2015-04-07 00:00:00-03:00,17.023305892944336,17.023305892944336,17.023305892944336,17.023305892944336,0,0.0,0.0
2015-04-08 00:00:00-03:00,17.023305892944336,17.023305892944336,17.023305892944336,17.023305892944336,0,0.0,0.0
2015-04-09 00:00:00-03:00,17.023305892944336,17.023305892944336,17.023305892944336,17.023305892944336,0,0.0,0.0
2015-04-10 00:00:00-03:00,17.023305892944336,17.023305892944336,17.023305892944336,17.023305892944336,0,0.0,0.0
2015-04-13 00:00:00-03:00,17.023305892944336,17.023305892944336,17.023305892944336,17.023305892944336,0,0.0,0.0
2015-04-14 00:00:00-03:00,17.023305892944336,17.023305892944336,17.023305892944336,17.023305892944336,0,0.0,0.0
2015-04-15 00:00:00-03:00,17.023305892944336,17.023305892944336,17.023305892944336,17.023305892944336,0,0.0,0.0
2015-04-16 00:00:00-03:00,17.023305892944336,17.023305892944336,17.023305892944336,17.023305892944336,0,0.0,0.0
2015-04-17 00:00:00-03:00,17.023305892944336,17.023305892944336,17.023305892944336,17.023305892944336,0,0.0,0.0
2015-04-20 00:00:00-03:00,17.023305892944336,17.023305892944336,17.023305892944336,17.023305892944336,0,0.0,0.0
2015-04-21 00:00:00-03:00,17.023305892944336,17.023305892944336,17.023305892944336,17.023305892944336,0,0.0,0.0
2015-04-22 00:00:00-03:00,17.023305892944336,17.023305892944336,17.023305892944336,17.023305892944336,0,0.0,0.0
2015-04-23 00:00:00-03:00,17.023305892944336,17.023305892944336,17.023305892944336,17.023305892944336,0,0.0,0.0
2015-04-24 00:00:00-03:00,17.023305892944336,17.023305892944336,17.023305892944336,17.023305892944336,0,0.0,0.0
2015-04-27 00:00:00-03:00,17.023305892944336,17.023305892944336,17.023305892944336,17.023305892944336,0,0.0,0.0
2015-04-28 00:00:00-03:00,17.023305892944336,17.023305892944336,17.023305892944336,17.023305892944336,0,0.0,0.0
2015-04-29 00:00:00-03:00,17.023305892944336,17.023305892944336,17.023305892944336,17.023305892944336,0,0.0,0.0
2015-04-30 00:00:00-03:00,17.023305892944336,17.023305892944336,17.023305892944336,17.023305892944336,0,0.0,0.0
2015-05-04 00:00:00-03:00,17.023305892944336,17.023305892944336,17.023305892944336,17.023305892944336,0,0.0,0.0
2015-05-05 00:00:00-03:00,17.023305892944336,17.023305892944336,17.023305892944336,17.023305892944336,0,0.0,0.0
2015-05-06 00:00:00-03:00,17.023305892944336,17.023305892944336,17.023305892944336,17.023305892944336,0,0.0,0.0
2015-05-07 00:00:00-03:00,17.023305892944336,17.023305892944336,17.023305892944336,17.023305892944336,0,0.0,0.0
2015-05-08 00:00:00-03:00,17.023305892944336,17.023305892944336,17.023305892944336,17.023305892944336,0,0.0,0.0
2015-05-11 00:00:00-03:00,17.023305892944336,17.023305892944336,17.023305892944336,17.023305892944336,0,0.0,0.0
2015-05-12 00:00:00-03:00,17.023305892944336,17.023305892944336,17.023305892944336,17.023305892944336,0,0.0,0.0
2015-05-13 00:00:00-03:00,17.023305892944336,17.023305892944336,17.023305892944336,17.023305892944336,0,0.0,0.0
2015-05-14 00:00:00-03:00,17.023305892944336,17.023305892944336,17.023305892944336,17.023305892944336,0,0.0,0.0
2015-05-15 00:00:00-03:00,17.023305892944336,17.023305892944336,17.023305892944336,17.023305892944336,0,0.0,0.0
2015-05-18 00:00:00-03:00,17.023305892944336,17.023305892944336,17.023305892944336,17.023305892944336,0,0.0,0.0
2015-05-19 00:00:00-03:00,17.023305892944336,17.023305892944336,17.023305892944336,17.023305892944336,0,0.0,0.0
2015-05-20 00:00:00-03:00,17.023305892944336,17.023305892944336,17.023305892944336,17.023305892944336,0,0.0,0.0
2015-05-21 00:00:00-03:00,17.111736297607422,17.111736297607422,17.111736297607422,17.111736297607422,0,147.75,0.0
2015-05-22 00:00:00-03:00,17.111736297607422,17.111736297607422,17.111736297607422,17.111736297607422,0,0.0,0.0
2015-05-26 00:00:00-03:00,17.111736297607422,17.111736297607422,17.111736297607422,17.111736297607422,0,0.0,0.0
2015-05-27 00:00:00-03:00,17.111736297607422,17.111736297607422,17.111736297607422,17.111736297607422,0,0.0,0.0
2015-05-28 00:00:00-03:00,17.111736297607422,17.111736297607422,17.111736297607422,17.111736297607422,0,0.0,0.0
2015-05-29 00:00:00-03:00,17.111736297607422,17.111736297607422,17.111736297607422,17.111736297607422,0,0.0,0.0
2015-06-01 00:00:00-03:00,17.111736297607422,17.111736297607422,17.111736297607422,17.111736297607422,0,0.0,0.0
2015-06-02 00:00:00-03:00,17.111736297607422,17.111736297607422,17.111736297607422,17.111736297607422,0,0.0,0.0
2015-06-03 00:00:00-03:00,17.111736297607422,17.111736297607422,17.111736297607422,17.111736297607422,0,0.0,0.0
2015-06-04 00:00:00-03:00,17.111736297607422,17.111736297607422,17.111736297607422,17.111736297607422,0,0.0,0.0
2015-06-05 00:00:00-03:00,17.111736297607422,17.111736297607422,17.111736297607422,17.111736297607422,0,0.0,0.0
2015-06-08 00:00:00-03:00,17.111736297607422,17.111736297607422,17.111736297607422,17.111736297607422,0,0.0,0.0
2015-06-09 00:00:00-03:00,17.111736297607422,17.111736297607422,17.111736297607422,17.111736297607422,0,0.0,0.0
2015-06-10 00:00:00-03:00,17.111736297607422,17.111736297607422,17.111736297607422,17.111736297607422,0,0.0,0.0
2015-06-11 00:00:00-03:00,17.111736297607422,17.111736297607422,17.111736297607422,17.111736297607422,0,0.0,0.0
2015-06-12 00:00:00-03:00,17.111736297607422,17.111736297607422,17.111736297607422,17.111736297607422,0,0.0,0.0
2015-06-15 00:00:00-03:00,17.111736297607422,17.111736297607422,17.111736297607422,17.111736297607422,0,0.0,0.0
2015-06-16 00:00:00-03:00,17.111736297607422,17.111736297607422,17.111736297607422,17.111736297607422,0,0.0,0.0
2015-06-17 00:00:00-03:00,17.111736297607422,17.111736297607422,17.111736297607422,17.111736297607422,0,0.0,0.0
2015-06-18 00:00:00-03:00,17.111736297607422,17.111736297607422,17.111736297607422,17.111736297607422,0,0.0,0.0
2015-06-19 00:00:00-03:00,17.111736297607422,17.111736297607422,17.111736297607422,17.111736297607422,0,0.0,0.0
2015-06-22 00:00:00-03:00,17.111736297607422,17.111736297607422,17.111736297607422,17.111736297607422,0,0.0,0.0
2015-06-23 00:00:00-03:00,17.111736297607422,17.111736297607422,17.111736297607422,17.111736297607422,0,0.0,0.0
2015-06-24 00:00:00-03:00,17.111736297607422,17.111736297607422,17.111736297607422,17.111736297607422,0,0.0,0.0
2015-06-25 00:00:00-03:00,17.111736297607422,17.111736297607422,17.111736297607422,17.111736297607422,0,0.0,0.0
2015-06-26 00:00:00-03:00,17.111736297607422,17.111736297607422,17.111736297607422,17.111736297607422,0,0.0,0.0
2015-06-29 00:00:00-03:00,17.111736297607422,17.111736297607422,17.111736297607422,17.111736297607422,0,0.0,0.0
2015-06-30 00:00:00-03:00,17.111736297607422,17.111736297607422,17.111736297607422,17.111736297607422,0,0.0,0.0
2015-07-01 00:00:00-03:00,17.111736297607422,17.111736297607422,17.111736297607422,17.111736297607422,0,0.0,0.0
2015-07-02 00:00:00-03:00,17.111736297607422,17.111736297607422,17.111736297607422,17.111736297607422,0,0.0,0.0
2015-07-03 00:00:00-03:00,17.111736297607422,17.111736297607422,17.111736297607422,17.111736297607422,0,0.0,0.0
2015-07-06 00:00:00-03:00,17.111736297607422,17.111736297607422,17.111736297607422,17.111736297607422,0,0.0,0.0
2015-07-07 00:00:00-03:00,17.111736297607422,17.111736297607422,17.111736297607422,17.111736297607422,0,0.0,0.0
2015-07-08 00:00:00-03:00,17.111736297607422,17.111736297607422,17.111736297607422,17.111736297607422,0,0.0,0.0
2015-07-10 00:00:00-03:00,17.111736297607422,17.111736297607422,17.111736297607422,17.111736297607422,0,0.0,0.0
2015-07-13 00:00:00-03:00,17.111736297607422,17.111736297607422,17.111736297607422,17.111736297607422,0,0.0,0.0
2015-07-14 00:00:00-03:00,17.111736297607422,17.111736297607422,17.111736297607422,17.111736297607422,0,0.0,0.0
2015-07-15 00:00:00-03:00,17.111736297607422,17.111736297607422,17.111736297607422,17.111736297607422,0,0.0,0.0
2015-07-16 00:00:00-03:00,17.111736297607422,17.111736297607422,17.111736297607422,17.111736297607422,0,0.0,0.0
2015-07-17 00:00:00-03:00,17.111736297607422,17.111736297607422,17.111736297607422,17.111736297607422,0,0.0,0.0
2015-07-20 00:00:00-03:00,17.111736297607422,17.111736297607422,17.111736297607422,17.111736297607422,0,0.0,0.0
2015-07-21 00:00:00-03:00,17.111736297607422,17.111736297607422,17.111736297607422,17.111736297607422,0,0.0,0.0
2015-07-22 00:00:00-03:00,17.111736297607422,17.111736297607422,17.111736297607422,17.111736297607422,0,0.0,0.0
2015-07-23 00:00:00-03:00,17.111736297607422,17.111736297607422,17.111736297607422,17.111736297607422,0,0.0,0.0
2015-07-24 00:00:00-03:00,17.111736297607422,17.111736297607422,17.111736297607422,17.111736297607422,0,0.0,0.0
2015-07-27 00:00:00-03:00,17.111736297607422,17.111736297607422,17.111736297607422,17.111736297607422,0,0.0,0.0
2015-07-28 00:00:00-03:00,17.111736297607422,17.111736297607422,17.111736297607422,17.111736297607422,0,0.0,0.0
2015-07-29 00:00:00-03:00,17.111736297607422,17.111736297607422,17.111736297607422,17.111736297607422,0,0.0,0.0
2015-07-30 00:00:00-03:00,17.111736297607422,17.111736297607422,17.111736297607422,17.111736297607422,0,0.0,0.0
2015-07-31 00:00:00-03:00,17.111736297607422,17.111736297607422,17.111736297607422,17.111736297607422,0,0.0,0.0
2015-08-03 00:00:00-03:00,17.111736297607422,17.111736297607422,17.111736297607422,17.111736297607422,0,0.0,0.0
2015-08-04 00:00:00-03:00,17.111736297607422,17.111736297607422,17.111736297607422,17.111736297607422,0,0.0,0.0
2015-08-05 00:00:00-03:00,17.111736297607422,17.111736297607422,17.111736297607422,17.111736297607422,0,0.0,0.0
2015-08-06 00:00:00-03:00,17.111736297607422,17.111736297607422,17.111736297607422,17.111736297607422,0,0.0,0.0
2015-08-07 00:00:00-03:00,17.111736297607422,17.111736297607422,17.111736297607422,17.111736297607422,0,0.0,0.0
2015-08-10 00:00:00-03:00,17.111736297607422,17.111736297607422,17.111736297607422,17.111736297607422,0,0.0,0.0
2015-08-11 00:00:00-03:00,17.111736297607422,17.111736297607422,17.111736297607422,17.111736297607422,0,0.0,0.0
2015-08-12 00:00:00-03:00,17.200632095336914,17.200632095336914,17.200632095336914,17.200632095336914,0,147.75,0.0
2015-08-13 00:00:00-03:00,17.200632095336914,17.200632095336914,17.200632095336914,17.200632095336914,0,0.0,0.0
2015-08-14 00:00:00-03:00,17.200632095336914,17.200632095336914,17.200632095336914,17.200632095336914,0,0.0,0.0
2015-08-18 00:00:00-03:00,17.200632095336914,17.200632095336914,17.200632095336914,17.200632095336914,0,0.0,0.0
2015-08-19 00:00:00-03:00,17.200632095336914,17.200632095336914,17.200632095336914,17.200632095336914,0,0.0,0.0
2015-08-20 00:00:00-03:00,17.200632095336914,17.200632095336914,17.200632095336914,17.200632095336914,0,0.0,0.0
2015-08-21 00:00:00-03:00,17.200632095336914,17.200632095336914,17.200632095336914,17.200632095336914,0,0.0,0.0
2015-08-24 00:00:00-03:00,17.200632095336914,17.200632095336914,17.200632095336914,17.200632095336914,0,0.0,0.0
2015-08-25 00:00:00-03:00,17.200632095336914,17.200632095336914,17.200632095336914,17.200632095336914,0,0.0,0.0
2015-08-26 00:00:00-03:00,17.200632095336914,17.200632095336914,17.200632095336914,17.200632095336914,0,0.0,0.0
2015-08-27 00:00:00-03:00,17.200632095336914,17.200632095336914,17.200632095336914,17.200632095336914,0,0.0,0.0
2015-08-28 00:00:00-03:00,17.200632095336914,17.200632095336914,17.200632095336914,17.200632095336914,0,0.0,0.0
2015-08-31 00:00:00-03:00,17.200632095336914,17.200632095336914,17.200632095336914,17.200632095336914,0,0.0,0.0
2015-09-01 00:00:00-03:00,17.200632095336914,17.200632095336914,17.200632095336914,17.200632095336914,0,0.0,0.0
2015-09-02 00:00:00-03:00,17.200632095336914,17.200632095336914,17.200632095336914,17.200632095336914,0,0.0,0.0
2015-09-03 00:00:00-03:00,17.200632095336914,17.200632095336914,17.200632095336914,17.200632095336914,0,0.0,0.0
2015-09-04 00:00:00-03:00,17.200632095336914,17.200632095336914,17.200632095336914,17.200632095336914,0,0.0,0.0
2015-09-07 00:00:00-03:00,17.200632095336914,17.200632095336914,17.200632095336914,17.200632095336914,0,0.0,0.0
2015-09-08 00:00:00-03:00,17.200632095336914,17.200632095336914,17.200632095336914,17.200632095336914,0,0.0,0.0
2015-09-09 00:00:00-03:00,17.200632095336914,17.200632095336914,17.200632095336914,17.200632095336914,0,0.0,0.0
2015-09-10 00:00:00-03:00,17.200632095336914,17.200632095336914,17.200632095336914,17.200632095336914,0,0.0,0.0
2015-09-11 00:00:00-03:00,17.200632095336914,17.200632095336914,17.200632095336914,17.200632095336914,0,0.0,0.0
2015-09-14 00:00:00-03:00,17.200632095336914,17.200632095336914,17.200632095336914,17.200632095336914,0,0.0,0.0
2015-09-15 00:00:00-03:00,17.200632095336914,17.200632095336914,17.200632095336914,17.200632095336914,0,0.0,0.0
2015-09-16 00:00:00-03:00,17.200632095336914,17.200632095336914,17.200632095336914,17.200632095336914,0,0.0,0.0
2015-09-17 00:00:00-03:00,17.200632095336914,17.200632095336914,17.200632095336914,17.200632095336914,0,0.0,0.0
2015-09-18 00:00:00-03:00,17.200632095336914,17.200632095336914,17.200632095336914,17.200632095336914,0,0.0,0.0
2015-09-21 00:00:00-03:00,17.200632095336914,17.200632095336914,17.200632095336914,17.200632095336914,0,0.0,0.0
2015-09-22 00:00:00-03:00,17.200632095336914,17.200632095336914,17.200632095336914,17.200632095336914,0,0.0,0.0
2015-09-23 00:00:00-03:00,17.200632095336914,17.200632095336914,17.200632095336914,17.200632095336914,0,0.0,0.0
2015-09-24 00:00:00-03:00,17.200632095336914,17.200632095336914,17.200632095336914,17.200632095336914,0,0.0,0.0
2015-09-25 00:00:00-03:00,17.200632095336914,17.200632095336914,17.200632095336914,17.200632095336914,0,0.0,0.0
2015-09-28 00:00:00-03:00,17.200632095336914,17.200632095336914,17.200632095336914,17.200632095336914,0,0.0,0.0
2015-09-29 00:00:00-03:00,17.200632095336914,17.200632095336914,17.200632095336914,17.200632095336914,0,0.0,0.0
2015-09-30 00:00:00-03:00,17.200632095336914,17.200632095336914,17.200632095336914,17.200632095336914,0,0.0,0.0
2015-10-01 00:00:00-03:00,17.200632095336914,17.200632095336914,17.200632095336914,17.200632095336914,0,0.0,0.0
2015-10-02 00:00:00-03:00,17.200632095336914,17.200632095336914,17.200632095336914,17.200632095336914,0,0.0,0.0
2015-10-05 00:00:00-03:00,17.200632095336914,17.200632095336914,17.200632095336914,17.200632095336914,0,0.0,0.0
2015-10-06 00:00:00-03:00,17.200632095336914,17.200632095336914,17.200632095336914,17.200632095336914,0,0.0,0.0
2015-10-07 00:00:00-03:00,17.200632095336914,17.200632095336914,17.200632095336914,17.200632095336914,0,0.0,0.0
2015-10-08 00:00:00-03:00,17.200632095336914,17.200632095336914,17.200632095336914,17.200632095336914,0,0.0,0.0
2015-10-09 00:00:00-03:00,17.200632095336914,17.200632095336914,17.200632095336914,17.200632095336914,0,0.0,0.0
2015-10-13 00:00:00-03:00,17.200632095336914,17.200632095336914,17.200632095336914,17.200632095336914,0,0.0,0.0
2015-10-14 00:00:00-03:00,17.200632095336914,17.200632095336914,17.200632095336914,17.200632095336914,0,0.0,0.0
2015-10-15 00:00:00-03:00,17.200632095336914,17.200632095336914,17.200632095336914,17.200632095336914,0,0.0,0.0
2015-10-16 00:00:00-03:00,17.200632095336914,17.200632095336914,17.200632095336914,17.200632095336914,0,0.0,0.0
2015-10-19 00:00:00-03:00,17.200632095336914,17.200632095336914,17.200632095336914,17.200632095336914,0,0.0,0.0
2015-10-20 00:00:00-03:00,17.200632095336914,17.200632095336914,17.200632095336914,17.200632095336914,0,0.0,0.0
2015-10-21 00:00:00-03:00,17.200632095336914,17.200632095336914,17.200632095336914,17.200632095336914,0,0.0,0.0
2015-10-22 00:00:00-03:00,17.200632095336914,17.200632095336914,17.200632095336914,17.200632095336914,0,0.0,0.0
2015-10-23 00:00:00-03:00,17.200632095336914,17.200632095336914,17.200632095336914,17.200632095336914,0,0.0,0.0
2015-10-26 00:00:00-03:00,17.200632095336914,17.200632095336914,17.200632095336914,17.200632095336914,0,0.0,0.0
2015-10-27 00:00:00-03:00,17.200632095336914,17.200632095336914,17.200632095336914,17.200632095336914,0,0.0,0.0
2015-10-28 00:00:00-03:00,17.200632095336914,17.200632095336914,17.200632095336914,17.200632095336914,0,0.0,0.0
2015-10-29 00:00:00-03:00,17.200632095336914,17.200632095336914,17.200632095336914,17.200632095336914,0,0.0,0.0
2015-10-30 00:00:00-03:00,17.200632095336914,17.200632095336914,17.200632095336914,17.200632095336914,0,0.0,0.0
2015-11-02 00:00:00-03:00,17.200632095336914,17.200632095336914,17.200632095336914,17.200632095336914,0,0.0,0.0
2015-11-03 00:00:00-03:00,17.200632095336914,17.200632095336914,17.200632095336914,17.200632095336914,0,0.0,0.0
2015-11-04 00:00:00-03:00,17.200632095336914,17.200632095336914,17.200632095336914,17.200632095336914,0,0.0,0.0
2015-11-05 00:00:00-03:00,17.200632095336914,17.200632095336914,17.200632095336914,17.200632095336914,0,0.0,0.0
2015-11-09 00:00:00-03:00,17.200632095336914,17.200632095336914,17.200632095336914,17.200632095336914,0,0.0,0.0
2015-11-10 00:00:00-03:00,17.200632095336914,17.200632095336914,17.200632095336914,17.200632095336914,0,0.0,0.0
2015-11-11 00:00:00-03:00,17.200632095336914,17.200632095336914,17.200632095336914,17.200632095336914,0,0.0,0.0
2015-11-12 00:00:00-03:00,17.29896354675293,17.29896354675293,17.29896354675293,17.29896354675293,0,162.525,0.0
2015-11-13 00:00:00-03:00,17.29896354675293,17.29896354675293,17.29896354675293,17.29896354675293,0,0.0,0.0
2015-11-16 00:00:00-03:00,17.29896354675293,17.29896354675293,17.29896354675293,17.29896354675293,0,0.0,0.0
2015-11-17 00:00:00-03:00,17.29896354675293,17.29896354675293,17.29896354675293,17.29896354675293,0,0.0,0.0
2015-11-18 00:00:00-03:00,17.29896354675293,17.29896354675293,17.29896354675293,17.29896354675293,0,0.0,0.0
2015-11-19 00:00:00-03:00,17.29896354675293,17.29896354675293,17.29896354675293,17.29896354675293,0,0.0,0.0
2015-11-20 00:00:00-03:00,17.29896354675293,17.29896354675293,17.29896354675293,17.29896354675293,0,0.0,0.0
2015-11-24 00:00:00-03:00,17.29896354675293,17.29896354675293,17.29896354675293,17.29896354675293,0,0.0,0.0
2015-11-25 00:00:00-03:00,17.29896354675293,17.29896354675293,17.29896354675293,17.29896354675293,0,0.0,0.0
2015-11-26 00:00:00-03:00,17.29896354675293,17.29896354675293,17.29896354675293,17.29896354675293,0,0.0,0.0
2015-11-27 00:00:00-03:00,17.29896354675293,17.29896354675293,17.29896354675293,17.29896354675293,0,0.0,0.0
2015-11-30 00:00:00-03:00,17.29896354675293,17.29896354675293,17.29896354675293,17.29896354675293,0,0.0,0.0
2015-12-01 00:00:00-03:00,17.29896354675293,17.29896354675293,17.29896354675293,17.29896354675293,0,0.0,0.0
2015-12-02 00:00:00-03:00,17.29896354675293,17.29896354675293,17.29896354675293,17.29896354675293,0,0.0,0.0
2015-12-03 00:00:00-03:00,17.29896354675293,17.29896354675293,17.29896354675293,17.29896354675293,0,0.0,0.0
2015-12-04 00:00:00-03:00,17.29896354675293,17.29896354675293,17.29896354675293,17.29896354675293,0,0.0,0.0
2015-12-09 00:00:00-03:00,17.29896354675293,17.29896354675293,17.29896354675293,17.29896354675293,0,0.0,0.0
2015-12-10 00:00:00-03:00,17.29896354675293,17.29896354675293,17.29896354675293,17.29896354675293,0,0.0,0.0
2015-12-11 00:00:00-03:00,17.29896354675293,17.29896354675293,17.29896354675293,17.29896354675293,0,0.0,0.0
2015-12-14 00:00:00-03:00,17.29896354675293,17.29896354675293,17.29896354675293,17.29896354675293,0,0.0,0.0
2015-12-15 00:00:00-03:00,17.29896354675293,17.29896354675293,17.29896354675293,17.29896354675293,0,0.0,0.0
2015-12-16 00:00:00-03:00,17.29896354675293,17.29896354675293,17.29896354675293,17.29896354675293,0,0.0,0.0
2015-12-17 00:00:00-03:00,17.29896354675293,17.29896354675293,17.29896354675293,17.29896354675293,0,0.0,0.0
2015-12-18 00:00:00-03:00,17.29896354675293,17.29896354675293,17.29896354675293,17.29896354675293,0,0.0,0.0
2015-12-21 00:00:00-03:00,17.29896354675293,17.29896354675293,17.29896354675293,17.29896354675293,0,0.0,0.0
2015-12-22 00:00:00-03:00,17.29896354675293,17.29896354675293,17.29896354675293,17.29896354675293,0,0.0,0.0
2015-12-23 00:00:00-03:00,17.29896354675293,17.29896354675293,17.29896354675293,17.29896354675293,0,0.0,0.0
2015-12-28 00:00:00-03:00,17.29896354675293,17.29896354675293,17.29896354675293,17.29896354675293,0,0.0,0.0
2015-12-29 00:00:00-03:00,17.29896354675293,17.29896354675293,17.29896354675293,17.29896354675293,0,0.0,0.0
2015-12-30 00:00:00-03:00,17.29896354675293,17.29896354675293,17.29896354675293,17.29896354675293,0,0.0,0.0
2016-01-04 00:00:00-03:00,17.29896354675293,17.29896354675293,17.29896354675293,17.29896354675293,0,0.0,0.0
2016-01-05 00:00:00-03:00,17.29896354675293,17.29896354675293,17.29896354675293,17.29896354675293,0,0.0,0.0
2016-01-06 00:00:00-03:00,17.29896354675293,17.29896354675293,17.29896354675293,17.29896354675293,0,0.0,0.0
2016-01-07 00:00:00-03:00,17.29896354675293,17.29896354675293,17.29896354675293,17.29896354675293,0,0.0,0.0
2016-01-08 00:00:00-03:00,17.29896354675293,17.29896354675293,17.29896354675293,17.29896354675293,0,0.0,0.0
2016-01-11 00:00:00-03:00,17.29896354675293,17.29896354675293,17.29896354675293,17.29896354675293,0,0.0,0.0
2016-01-12 00:00:00-03:00,17.29896354675293,17.29896354675293,17.29896354675293,17.29896354675293,0,0.0,0.0
2016-01-13 00:00:00-03:00,17.29896354675293,17.29896354675293,17.29896354675293,17.29896354675293,0,0.0,0.0
2016-01-14 00:00:00-03:00,17.29896354675293,17.29896354675293,17.29896354675293,17.29896354675293,0,0.0,0.0
2016-01-15 00:00:00-03:00,17.29896354675293,17.29896354675293,17.29896354675293,17.29896354675293,0,0.0,0.0
2016-01-18 00:00:00-03:00,17.29896354675293,17.29896354675293,17.29896354675293,17.29896354675293,0,0.0,0.0
2016-01-19 00:00:00-03:00,17.29896354675293,17.29896354675293,17.29896354675293,17.29896354675293,0,0.0,0.0
2016-01-20 00:00:00-03:00,17.29896354675293,17.29896354675293,17.29896354675293,17.29896354675293,0,0.0,0.0
2016-01-21 00:00:00-03:00,17.29896354675293,17.29896354675293,17.29896354675293,17.29896354675293,0,0.0,0.0
2016-01-22 00:00:00-03:00,17.29896354675293,17.29896354675293,17.29896354675293,17.29896354675293,0,0.0,0.0
2016-01-25 00:00:00-03:00,17.29896354675293,17.29896354675293,17.29896354675293,17.29896354675293,0,0.0,0.0
2016-01-26 00:00:00-03:00,17.29896354675293,17.29896354675293,17.29896354675293,17.29896354675293,0,0.0,0.0
2016-01-27 00:00:00-03:00,17.29896354675293,17.29896354675293,17.29896354675293,17.29896354675293,0,0.0,0.0
2016-01-28 00:00:00-03:00,17.29896354675293,17.29896354675293,17.29896354675293,17.29896354675293,0,0.0,0.0
2016-01-29 00:00:00-03:00,17.29896354675293,17.29896354675293,17.29896354675293,17.29896354675293,0,0.0,0.0
2016-02-01 00:00:00-03:00,17.29896354675293,17.29896354675293,17.29896354675293,17.29896354675293,0,0.0,0.0
2016-02-02 00:00:00-03:00,17.29896354675293,17.29896354675293,17.29896354675293,17.29896354675293,0,0.0,0.0
2016-02-03 00:00:00-03:00,17.29896354675293,17.29896354675293,17.29896354675293,17.29896354675293,0,0.0,0.0
2016-02-04 00:00:00-03:00,17.29896354675293,17.29896354675293,17.29896354675293,17.29896354675293,0,0.0,0.0
2016-02-05 00:00:00-03:00,17.29896354675293,17.29896354675293,17.29896354675293,17.29896354675293,0,0.0,0.0
2016-02-10 00:00:00-03:00,17.29896354675293,17.29896354675293,17.29896354675293,17.29896354675293,0,0.0,0.0
2016-02-11 00:00:00-03:00,17.397871017456055,17.397871017456055,17.397871017456055,17.397871017456055,0,162.525,0.0
2016-02-12 00:00:00-03:00,17.397871017456055,17.397871017456055,17.397871017456055,17.397871017456055,0,0.0,0.0
2016-02-15 00:00:00-03:00,17.397871017456055,17.397871017456055,17.397871017456055,17.397871017456055,0,0.0,0.0
2016-02-16 00:00:00-03:00,17.397871017456055,17.397871017456055,17.397871017456055,17.397871017456055,0,0.0,0.0
2016-02-17 00:00:00-03:00,17.397871017456055,17.397871017456055,17.397871017456055,17.397871017456055,0,0.0,0.0
2016-02-18 00:00:00-03:00,17.397871017456055,17.397871017456055,17.397871017456055,17.397871017456055,0,0.0,0.0
2016-02-19 00:00:00-03:00,17.397871017456055,17.397871017456055,17.397871017456055,17.397871017456055,0,0.0,0.0
2016-02-22 00:00:00-03:00,17.397871017456055,17.397871017456055,17.397871017456055,17.397871017456055,0,0.0,0.0
2016-02-23 00:00:00-03:00,17.397871017456055,17.397871017456055,17.397871017456055,17.397871017456055,0,0.0,0.0
2016-02-24 00:00:00-03:00,17.397871017456055,17.397871017456055,17.397871017456055,17.397871017456055,0,0.0,0.0
2016-02-25 00:00:00-03:00,17.397871017456055,17.397871017456055,17.397871017456055,17.397871017456055,0,0.0,0.0
2016-02-26 00:00:00-03:00,17.397871017456055,17.397871017456055,17.397871017456055,17.397871017456055,0,0.0,0.0
2016-02-29 00:00:00-03:00,17.397871017456055,17.397871017456055,17.397871017456055,17.397871017456055,0,0.0,0.0
2016-03-01 00:00:00-03:00,17.397871017456055,17.397871017456055,17.397871017456055,17.397871017456055,0,0.0,0.0
2016-03-02 00:00:00-03:00,17.397871017456055,17.397871017456055,17.397871017456055,17.397871017456055,0,0.0,0.0
2016-03-03 00:00:00-03:00,17.397871017456055,17.397871017456055,17.397871017456055,17.397871017456055,0,0.0,0.0
2016-03-04 00:00:00-03:00,17.397871017456055,17.397871017456055,17.397871017456055,17.397871017456055,0,0.0,0.0
2016-03-07 00:00:00-03:00,17.397871017456055,17.397871017456055,17.397871017456055,17.397871017456055,0,0.0,0.0
2016-03-08 00:00:00-03:00,17.397871017456055,17.397871017456055,17.397871017456055,17.397871017456055,0,0.0,0.0
2016-03-09 00:00:00-03:00,17.397871017456055,17.397871017456055,17.397871017456055,17.397871017456055,0,0.0,0.0
2016-03-10 00:00:00-03:00,17.397871017456055,17.397871017456055,17.397871017456055,17.397871017456055,0,0.0,0.0
2016-03-11 00:00:00-03:00,17.397871017456055,17.397871017456055,17.397871017456055,17.397871017456055,0,0.0,0.0
2016-03-14 00:00:00-03:00,17.397871017456055,17.397871017456055,17.397871017456055,17.397871017456055,0,0.0,0.0
2016-03-15 00:00:00-03:00,17.397871017456055,17.397871017456055,17.397871017456055,17.397871017456055,0,0.0,0.0
2016-03-16 00:00:00-03:00,17.397871017456055,17.397871017456055,17.397871017456055,17.397871017456055,0,0.0,0.0
2016-03-17 00:00:00-03:00,17.397871017456055,17.397871017456055,17.397871017456055,17.397871017456055,0,0.0,0.0
2016-03-18 00:00:00-03:00,17.397871017456055,17.397871017456055,17.397871017456055,17.397871017456055,0,0.0,0.0
2016-03-21 00:00:00-03:00,17.397871017456055,17.397871017456055,17.397871017456055,17.397871017456055,0,0.0,0.0
2016-03-22 00:00:00-03:00,17.397871017456055,17.397871017456055,17.397871017456055,17.397871017456055,0,0.0,0.0
2016-03-23 00:00:00-03:00,17.397871017456055,17.397871017456055,17.397871017456055,17.397871017456055,0,0.0,0.0
2016-03-28 00:00:00-03:00,17.397871017456055,17.397871017456055,17.397871017456055,17.397871017456055,0,0.0,0.0
2016-03-29 00:00:00-03:00,17.397871017456055,17.397871017456055,17.397871017456055,17.397871017456055,0,0.0,0.0
2016-03-30 00:00:00-03:00,17.397871017456055,17.397871017456055,17.397871017456055,17.397871017456055,0,0.0,0.0
2016-03-31 00:00:00-03:00,17.397871017456055,17.397871017456055,17.397871017456055,17.397871017456055,0,0.0,0.0
2016-04-01 00:00:00-03:00,17.397871017456055,17.397871017456055,17.397871017456055,17.397871017456055,0,0.0,0.0
2016-04-04 00:00:00-03:00,17.397871017456055,17.397871017456055,17.397871017456055,17.397871017456055,0,0.0,0.0
2016-04-05 00:00:00-03:00,17.397871017456055,17.397871017456055,17.397871017456055,17.397871017456055,0,0.0,0.0
2016-04-06 00:00:00-03:00,17.397871017456055,17.397871017456055,17.397871017456055,17.397871017456055,0,0.0,0.0
2016-04-07 00:00:00-03:00,17.397871017456055,17.397871017456055,17.397871017456055,17.397871017456055,0,0.0,0.0
2016-04-08 00:00:00-03:00,17.397871017456055,17.397871017456055,17.397871017456055,17.397871017456055,0,0.0,0.0
2016-04-11 00:00:00-03:00,17.397871017456055,17.397871017456055,17.397871017456055,17.397871017456055,0,0.0,0.0
2016-04-12 00:00:00-03:00,17.397871017456055,17.397871017456055,17.397871017456055,17.397871017456055,0,0.0,0.0
2016-04-13 00:00:00-03:00,17.397871017456055,17.397871017456055,17.397871017456055,17.397871017456055,0,0.0,0.0
2016-04-14 00:00:00-03:00,17.397871017456055,17.397871017456055,17.397871017456055,17.397871017456055,0,0.0,0.0
2016-04-15 00:00:00-03:00,17.397871017456055,17.397871017456055,17.397871017456055,17.397871017456055,0,0.0,0.0
2016-04-18 00:00:00-03:00,17.397871017456055,17.397871017456055,17.397871017456055,17.397871017456055,0,0.0,0.0
2016-04-19 00:00:00-03:00,17.397871017456055,17.397871017456055,17.397871017456055,17.397871017456055,0,0.0,0.0
2016-04-20 00:00:00-03:00,17.397871017456055,17.397871017456055,17.397871017456055,17.397871017456055,0,0.0,0.0
2016-04-21 00:00:00-03:00,17.397871017456055,17.397871017456055,17.397871017456055,17.397871017456055,0,0.0,0.0
2016-04-22 00:00:00-03:00,17.397871017456055,17.397871017456055,17.397871017456055,17.397871017456055,0,0.0,0.0
2016-04-25 00:00:00-03:00,17.397871017456055,17.397871017456055,17.397871017456055,17.397871017456055,0,0.0,0.0
2016-04-26 00:00:00-03:00,17.397871017456055,17.397871017456055,17.397871017456055,17.397871017456055,0,0.0,0.0
2016-04-27 00:00:00-03:00,17.397871017456055,17.397871017456055,17.397871017456055,17.397871017456055,0,0.0,0.0
2016-04-28 00:00:00-03:00,17.397871017456055,17.397871017456055,17.397871017456055,17.397871017456055,0,0.0,0.0
2016-04-29 00:00:00-03:00,17.397871017456055,17.397871017456055,17.397871017456055,17.397871017456055,0,0.0,0.0
2016-05-02 00:00:00-03:00,17.397871017456055,17.397871017456055,17.397871017456055,17.397871017456055,0,0.0,0.0
2016-05-03 00:00:00-03:00,17.397871017456055,17.397871017456055,17.397871017456055,17.397871017456055,0,0.0,0.0
2016-05-04 00:00:00-03:00,17.397871017456055,17.397871017456055,17.397871017456055,17.397871017456055,0,0.0,0.0
2016-05-05 00:00:00-03:00,17.397871017456055,17.397871017456055,17.397871017456055,17.397871017456055,0,0.0,0.0
2016-05-06 00:00:00-03:00,17.397871017456055,17.397871017456055,17.397871017456055,17.397871017456055,0,0.0,0.0
2016-05-09 00:00:00-03:00,17.397871017456055,17.397871017456055,17.397871017456055,17.397871017456055,0,0.0,0.0
2016-05-10 00:00:00-03:00,17.397871017456055,17.397871017456055,17.397871017456055,17.397871017456055,0,0.0,0.0
2016-05-11 00:00:00-03:00,17.397871017456055,17.397871017456055,17.397871017456055,17.397871017456055,0,0.0,0.0
2016-05-12 00:00:00-03:00,17.397871017456055,17.397871017456055,17.397871017456055,17.397871017456055,0,0.0,0.0
2016-05-13 00:00:00-03:00,17.397871017456055,17.397871017456055,17.397871017456055,17.397871017456055,0,0.0,0.0
2016-05-16 00:00:00-03:00,17.397871017456055,17.397871017456055,17.397871017456055,17.397871017456055,0,0.0,0.0
2016-05-17 00:00:00-03:00,17.397871017456055,17.397871017456055,17.397871017456055,17.397871017456055,0,0.0,0.0
2016-05-18 00:00:00-03:00,17.397871017456055,17.397871017456055,17.397871017456055,17.397871017456055,0,0.0,0.0
2016-05-19 00:00:00-03:00,17.397871017456055,17.397871017456055,17.397871017456055,17.397871017456055,0,0.0,0.0
2016-05-20 00:00:00-03:00,17.397871017456055,17.397871017456055,17.397871017456055,17.397871017456055,0,0.0,0.0
2016-05-23 00:00:00-03:00,17.397871017456055,17.397871017456055,17.397871017456055,17.397871017456055,0,0.0,0.0
2016-05-24 00:00:00-03:00,17.49734115600586,17.49734115600586,17.49734115600586,17.49734115600586,0,162.525,0.0
2016-05-26 00:00:00-03:00,17.49734115600586,17.49734115600586,17.49734115600586,17.49734115600586,0,0.0,0.0
2016-05-27 00:00:00-03:00,17.49734115600586,17.49734115600586,17.49734115600586,17.49734115600586,0,0.0,0.0
2016-05-30 00:00:00-03:00,17.49734115600586,17.49734115600586,17.49734115600586,17.49734115600586,0,0.0,0.0
2016-05-31 00:00:00-03:00,17.49734115600586,17.49734115600586,17.49734115600586,17.49734115600586,0,0.0,0.0
2016-06-01 00:00:00-03:00,17.49734115600586,17.49734115600586,17.49734115600586,17.49734115600586,0,0.0,0.0
2016-06-02 00:00:00-03:00,17.49734115600586,17.49734115600586,17.49734115600586,17.49734115600586,0,0.0,0.0
2016-06-03 00:00:00-03:00,17.49734115600586,17.49734115600586,17.49734115600586,17.49734115600586,0,0.0,0.0
2016-06-06 00:00:00-03:00,17.49734115600586,17.49734115600586,17.49734115600586,17.49734115600586,0,0.0,0.0
2016-06-07 00:00:00-03:00,17.49734115600586,17.49734115600586,17.49734115600586,17.49734115600586,0,0.0,0.0
2016-06-08 00:00:00-03:00,17.49734115600586,17.49734115600586,17.49734115600586,17.49734115600586,0,0.0,0.0
2016-06-09 00:00:00-03:00,17.49734115600586,17.49734115600586,17.49734115600586,17.49734115600586,0,0.0,0.0
2016-06-10 00:00:00-03:00,17.49734115600586,17.49734115600586,17.49734115600586,17.49734115600586,0,0.0,0.0
2016-06-13 00:00:00-03:00,17.49734115600586,17.49734115600586,17.49734115600586,17.49734115600586,0,0.0,0.0
2016-06-14 00:00:00-03:00,17.49734115600586,17.49734115600586,17.49734115600586,17.49734115600586,0,0.0,0.0
2016-06-15 00:00:00-03:00,17.49734115600586,17.49734115600586,17.49734115600586,17.49734115600586,0,0.0,0.0
2016-06-16 00:00:00-03:00,17.49734115600586,17.49734115600586,17.49734115600586,17.49734115600586,0,0.0,0.0
2016-06-17 00:00:00-03:00,17.49734115600586,17.49734115600586,17.49734115600586,17.49734115600586,0,0.0,0.0
2016-06-21 00:00:00-03:00,17.49734115600586,17.49734115600586,17.49734115600586,17.49734115600586,0,0.0,0.0
2016-06-22 00:00:00-03:00,17.49734115600586,17.49734115600586,17.49734115600586,17.49734115600586,0,0.0,0.0
2016-06-23 00:00:00-03:00,17.49734115600586,17.49734115600586,17.49734115600586,17.49734115600586,0,0.0,0.0
2016-06-24 00:00:00-03:00,17.49734115600586,17.49734115600586,17.49734115600586,17.49734115600586,0,0.0,0.0
2016-06-27 00:00:00-03:00,17.49734115600586,17.49734115600586,17.49734115600586,17.49734115600586,0,0.0,0.0
2016-06-28 00:00:00-03:00,17.49734115600586,17.49734115600586,17.49734115600586,17.49734115600586,0,0.0,0.0
2016-06-29 00:00:00-03:00,17.49734115600586,17.49734115600586,17.49734115600586,17.49734115600586,0,0.0,0.0
2016-06-30 00:00:00-03:00,17.49734115600586,17.49734115600586,17.49734115600586,17.49734115600586,0,0.0,0.0
2016-07-01 00:00:00-03:00,17.49734115600586,17.49734115600586,17.49734115600586,17.49734115600586,0,0.0,0.0
2016-07-04 00:00:00-03:00,17.49734115600586,17.49734115600586,17.49734115600586,17.49734115600586,0,0.0,0.0
2016-07-05 00:00:00-03:00,17.49734115600586,17.49734115600586,17.49734115600586,17.49734115600586,0,0.0,0.0
2016-07-06 00:00:00-03:00,17.49734115600586,17.49734115600586,17.49734115600586,17.49734115600586,0,0.0,0.0
2016-07-07 00:00:00-03:00,17.49734115600586,17.49734115600586,17.49734115600586,17.49734115600586,0,0.0,0.0
2016-07-11 00:00:00-03:00,17.49734115600586,17.49734115600586,17.49734115600586,17.49734115600586,0,0.0,0.0
2016-07-12 00:00:00-03:00,17.49734115600586,17.49734115600586,17.49734115600586,17.49734115600586,0,0.0,0.0
2016-07-13 00:00:00-03:00,17.49734115600586,17.49734115600586,17.49734115600586,17.49734115600586,0,0.0,0.0
2016-07-14 00:00:00-03:00,17.49734115600586,17.49734115600586,17.49734115600586,17.49734115600586,0,0.0,0.0
2016-07-15 00:00:00-03:00,17.49734115600586,17.49734115600586,17.49734115600586,17.49734115600586,0,0.0,0.0
2016-07-18 00:00:00-03:00,17.49734115600586,17.49734115600586,17.49734115600586,17.49734115600586,0,0.0,0.0
2016-07-19 00:00:00-03:00,17.49734115600586,17.49734115600586,17.49734115600586,17.49734115600586,0,0.0,0.0
2016-07-20 00:00:00-03:00,17.49734115600586,17.49734115600586,17.49734115600586,17.49734115600586,0,0.0,0.0
2016-07-21 00:00:00-03:00,17.49734115600586,17.49734115600586,17.49734115600586,17.49734115600586,0,0.0,0.0
2016-07-22 00:00:00-03:00,17.49734115600586,17.49734115600586,17.49734115600586,17.49734115600586,0,0.0,0.0
2016-07-25 00:00:00-03:00,17.49734115600586,17.49734115600586,17.49734115600586,17.49734115600586,0,0.0,0.0
2016-07-26 00:00:00-03:00,17.49734115600586,17.49734115600586,17.49734115600586,17.49734115600586,0,0.0,0.0
2016-07-27 00:00:00-03:00,17.49734115600586,17.49734115600586,17.49734115600586,17.49734115600586,0,0.0,0.0
2016-07-28 00:00:00-03:00,17.49734115600586,17.49734115600586,17.49734115600586,17.49734115600586,0,0.0,0.0
2016-07-29 00:00:00-03:00,17.49734115600586,17.49734115600586,17.49734115600586,17.49734115600586,0,0.0,0.0
2016-08-01 00:00:00-03:00,17.49734115600586,17.49734115600586,17.49734115600586,17.49734115600586,0,0.0,0.0
2016-08-02 00:00:00-03:00,17.49734115600586,17.49734115600586,17.49734115600586,17.49734115600586,0,0.0,0.0
2016-08-03 00:00:00-03:00,17.49734115600586,17.49734115600586,17.49734115600586,17.49734115600586,0,0.0,0.0
2016-08-04 00:00:00-03:00,17.49734115600586,17.49734115600586,17.49734115600586,17.49734115600586,0,0.0,0.0
2016-08-05 00:00:00-03:00,17.49734115600586,17.49734115600586,17.49734115600586,17.49734115600586,0,0.0,0.0
2016-08-08 00:00:00-03:00,17.49734115600586,17.49734115600586,17.49734115600586,17.49734115600586,0,0.0,0.0
2016-08-09 00:00:00-03:00,17.49734115600586,17.49734115600586,17.49734115600586,17.49734115600586,0,0.0,0.0
2016-08-10 00:00:00-03:00,17.49734115600586,17.49734115600586,17.49734115600586,17.49734115600586,0,0.0,0.0
2016-08-11 00:00:00-03:00,17.59737205505371,17.59737205505371,17.59737205505371,17.59737205505371,0,162.525,0.0
2016-08-12 00:00:00-03:00,17.59737205505371,17.59737205505371,17.59737205505371,17.59737205505371,0,0.0,0.0
2016-08-16 00:00:00-03:00,17.59737205505371,17.59737205505371,17.59737205505371,17.59737205505371,0,0.0,0.0
2016-08-17 00:00:00-03:00,17.59737205505371,17.59737205505371,17.59737205505371,17.59737205505371,0,0.0,0.0
2016-08-18 00:00:00-03:00,17.59737205505371,17.59737205505371,17.59737205505371,17.59737205505371,0,0.0,0.0
2016-08-19 00:00:00-03:00,17.59737205505371,17.59737205505371,17.59737205505371,17.59737205505371,0,0.0,0.0
2016-08-22 00:00:00-03:00,17.59737205505371,17.59737205505371,17.59737205505371,17.59737205505371,0,0.0,0.0
2016-08-23 00:00:00-03:00,17.59737205505371,17.59737205505371,17.59737205505371,17.59737205505371,0,0.0,0.0
2016-08-24 00:00:00-03:00,17.59737205505371,17.59737205505371,17.59737205505371,17.59737205505371,0,0.0,0.0
2016-08-25 00:00:00-03:00,17.59737205505371,17.59737205505371,17.59737205505371,17.59737205505371,0,0.0,0.0
2016-08-26 00:00:00-03:00,17.59737205505371,17.59737205505371,17.59737205505371,17.59737205505371,0,0.0,0.0
2016-08-29 00:00:00-03:00,17.59737205505371,17.59737205505371,17.59737205505371,17.59737205505371,0,0.0,0.0
2016-08-30 00:00:00-03:00,17.59737205505371,17.59737205505371,17.59737205505371,17.59737205505371,0,0.0,0.0
2016-08-31 00:00:00-03:00,17.59737205505371,17.59737205505371,17.59737205505371,17.59737205505371,0,0.0,0.0
2016-09-01 00:00:00-03:00,17.59737205505371,17.59737205505371,17.59737205505371,17.59737205505371,0,0.0,0.0
2016-09-02 00:00:00-03:00,17.59737205505371,17.59737205505371,17.59737205505371,17.59737205505371,0,0.0,0.0
2016-09-05 00:00:00-03:00,17.59737205505371,17.59737205505371,17.59737205505371,17.59737205505371,0,0.0,0.0
2016-09-06 00:00:00-03:00,17.59737205505371,17.59737205505371,17.59737205505371,17.59737205505371,0,0.0,0.0
2016-09-07 00:00:00-03:00,17.59737205505371,17.59737205505371,17.59737205505371,17.59737205505371,0,0.0,0.0
2016-09-08 00:00:00-03:00,17.59737205505371,17.59737205505371,17.59737205505371,17.59737205505371,0,0.0,0.0
2016-09-09 00:00:00-03:00,17.59737205505371,17.59737205505371,17.59737205505371,17.59737205505371,0,0.0,0.0
2016-09-12 00:00:00-03:00,17.59737205505371,17.59737205505371,17.59737205505371,17.59737205505371,0,0.0,0.0
2016-09-13 00:00:00-03:00,17.59737205505371,17.59737205505371,17.59737205505371,17.59737205505371,0,0.0,0.0
2016-09-14 00:00:00-03:00,17.59737205505371,17.59737205505371,17.59737205505371,17.59737205505371,0,0.0,0.0
2016-09-15 00:00:00-03:00,17.59737205505371,17.59737205505371,17.59737205505371,17.59737205505371,0,0.0,0.0
2016-09-16 00:00:00-03:00,17.59737205505371,17.59737205505371,17.59737205505371,17.59737205505371,0,0.0,0.0
2016-09-19 00:00:00-03:00,17.59737205505371,17.59737205505371,17.59737205505371,17.59737205505371,0,0.0,0.0
2016-09-20 00:00:00-03:00,17.59737205505371,17.59737205505371,17.59737205505371,17.59737205505371,0,0.0,0.0
2016-09-21 00:00:00-03:00,17.59737205505371,17.59737205505371,17.59737205505371,17.59737205505371,0,0.0,0.0
2016-09-22 00:00:00-03:00,17.59737205505371,17.59737205505371,17.59737205505371,17.59737205505371,0,0.0,0.0
2016-09-23 00:00:00-03:00,17.59737205505371,17.59737205505371,17.59737205505371,17.59737205505371,0,0.0,0.0
2016-09-26 00:00:00-03:00,17.59737205505371,17.59737205505371,17.59737205505371,17.59737205505371,0,0.0,0.0
2016-09-27 00:00:00-03:00,17.59737205505371,17.59737205505371,17.59737205505371,17.59737205505371,0,0.0,0.0
2016-09-28 00:00:00-03:00,17.59737205505371,17.59737205505371,17.59737205505371,17.59737205505371,0,0.0,0.0
2016-09-29 00:00:00-03:00,17.59737205505371,17.59737205505371,17.59737205505371,17.59737205505371,0,0.0,0.0
2016-09-30 00:00:00-03:00,17.59737205505371,17.59737205505371,17.59737205505371,17.59737205505371,0,0.0,0.0
2016-10-03 00:00:00-03:00,17.59737205505371,17.59737205505371,17.59737205505371,17.59737205505371,0,0.0,0.0
2016-10-04 00:00:00-03:00,17.59737205505371,17.59737205505371,17.59737205505371,17.59737205505371,0,0.0,0.0
2016-10-05 00:00:00-03:00,17.59737205505371,17.59737205505371,17.59737205505371,17.59737205505371,0,0.0,0.0
2016-10-06 00:00:00-03:00,17.59737205505371,17.59737205505371,17.59737205505371,17.59737205505371,0,0.0,0.0
2016-10-07 00:00:00-03:00,17.59737205505371,17.59737205505371,17.59737205505371,17.59737205505371,0,0.0,0.0
2016-10-11 00:00:00-03:00,17.59737205505371,17.59737205505371,17.59737205505371,17.59737205505371,0,0.0,0.0
2016-10-12 00:00:00-03:00,17.59737205505371,17.59737205505371,17.59737205505371,17.59737205505371,0,0.0,0.0
2016-10-13 00:00:00-03:00,17.59737205505371,17.59737205505371,17.59737205505371,17.59737205505371,0,0.0,0.0
2016-10-14 00:00:00-03:00,17.59737205505371,17.59737205505371,17.59737205505371,17.59737205505371,0,0.0,0.0
2016-10-17 00:00:00-03:00,17.59737205505371,17.59737205505371,17.59737205505371,17.59737205505371,0,0.0,0.0
2016-10-18 00:00:00-03:00,17.59737205505371,17.59737205505371,17.59737205505371,17.59737205505371,0,0.0,0.0
2016-10-19 00:00:00-03:00,17.59737205505371,17.59737205505371,17.59737205505371,17.59737205505371,0,0.0,0.0
2016-10-20 00:00:00-03:00,17.59737205505371,17.59737205505371,17.59737205505371,17.59737205505371,0,0.0,0.0
2016-10-21 00:00:00-03:00,17.59737205505371,17.59737205505371,17.59737205505371,17.59737205505371,0,0.0,0.0
2016-10-24 00:00:00-03:00,17.59737205505371,17.59737205505371,17.59737205505371,17.59737205505371,0,0.0,0.0
2016-10-25 00:00:00-03:00,17.59737205505371,17.59737205505371,17.59737205505371,17.59737205505371,0,0.0,0.0
2016-10-26 00:00:00-03:00,17.59737205505371,17.59737205505371,17.59737205505371,17.59737205505371,0,0.0,0.0
2016-10-27 00:00:00-03:00,17.59737205505371,17.59737205505371,17.59737205505371,17.59737205505371,0,0.0,0.0
2016-10-28 00:00:00-03:00,17.59737205505371,17.59737205505371,17.59737205505371,17.59737205505371,0,0.0,0.0
2016-10-31 00:00:00-03:00,17.59737205505371,17.59737205505371,17.59737205505371,17.59737205505371,0,0.0,0.0
2016-11-01 00:00:00-03:00,17.59737205505371,17.59737205505371,17.59737205505371,17.59737205505371,0,0.0,0.0
2016-11-02 00:00:00-03:00,17.59737205505371,17.59737205505371,17.59737205505371,17.59737205505371,0,0.0,0.0
2016-11-03 00:00:00-03:00,17.59737205505371,17.59737205505371,17.59737205505371,17.59737205505371,0,0.0,0.0
2016-11-04 00:00:00-03:00,17.59737205505371,17.59737205505371,17.59737205505371,17.59737205505371,0,0.0,0.0
2016-11-07 00:00:00-03:00,17.59737205505371,17.59737205505371,17.59737205505371,17.59737205505371,0,0.0,0.0
2016-11-08 00:00:00-03:00,17.59737205505371,17.59737205505371,17.59737205505371,17.59737205505371,0,0.0,0.0
2016-11-09 00:00:00-03:00,17.59737205505371,17.59737205505371,17.59737205505371,17.59737205505371,0,0.0,0.0
2016-11-10 00:00:00-03:00,17.59737205505371,17.59737205505371,17.59737205505371,17.59737205505371,0,0.0,0.0
2016-11-11 00:00:00-03:00,17.703157424926758,17.703157424926758,17.703157424926758,17.703157424926758,0,170.83594,0.0
2016-11-14 00:00:00-03:00,17.703157424926758,17.703157424926758,17.703157424926758,17.703157424926758,0,0.0,0.0
2016-11-15 00:00:00-03:00,17.703157424926758,17.703157424926758,17.703157424926758,17.703157424926758,0,0.0,0.0
2016-11-16 00:00:00-03:00,17.703157424926758,17.703157424926758,17.703157424926758,17.703157424926758,0,0.0,0.0
2016-11-17 00:00:00-03:00,17.703157424926758,17.703157424926758,17.703157424926758,17.703157424926758,0,0.0,0.0
2016-11-18 00:00:00-03:00,17.703157424926758,17.703157424926758,17.703157424926758,17.703157424926758,0,0.0,0.0
2016-11-21 00:00:00-03:00,17.703157424926758,17.703157424926758,17.703157424926758,17.703157424926758,0,0.0,0.0
2016-11-22 00:00:00-03:00,17.703157424926758,17.703157424926758,17.703157424926758,17.703157424926758,0,0.0,0.0
2016-11-23 00:00:00-03:00,17.703157424926758,17.703157424926758,17.703157424926758,17.703157424926758,0,0.0,0.0
2016-11-24 00:00:00-03:00,17.703157424926758,17.703157424926758,17.703157424926758,17.703157424926758,0,0.0,0.0
2016-11-25 00:00:00-03:00,17.703157424926758,17.703157424926758,17.703157424926758,17.703157424926758,0,0.0,0.0
2016-11-29 00:00:00-03:00,17.703157424926758,17.703157424926758,17.703157424926758,17.703157424926758,0,0.0,0.0
2016-11-30 00:00:00-03:00,17.703157424926758,17.703157424926758,17.703157424926758,17.703157424926758,0,0.0,0.0
2016-12-01 00:00:00-03:00,17.703157424926758,17.703157424926758,17.703157424926758,17.703157424926758,0,0.0,0.0
2016-12-02 00:00:00-03:00,17.703157424926758,17.703157424926758,17.703157424926758,17.703157424926758,0,0.0,0.0
2016-12-05 00:00:00-03:00,17.703157424926758,17.703157424926758,17.703157424926758,17.703157424926758,0,0.0,0.0
2016-12-06 00:00:00-03:00,17.703157424926758,17.703157424926758,17.703157424926758,17.703157424926758,0,0.0,0.0
2016-12-07 00:00:00-03:00,17.703157424926758,17.703157424926758,17.703157424926758,17.703157424926758,0,0.0,0.0
2016-12-12 00:00:00-03:00,17.703157424926758,17.703157424926758,17.703157424926758,17.703157424926758,0,0.0,0.0
2016-12-13 00:00:00-03:00,17.703157424926758,17.703157424926758,17.703157424926758,17.703157424926758,0,0.0,0.0
2016-12-14 00:00:00-03:00,17.703157424926758,17.703157424926758,17.703157424926758,17.703157424926758,0,0.0,0.0
2016-12-15 00:00:00-03:00,17.703157424926758,17.703157424926758,17.703157424926758,17.703157424926758,0,0.0,0.0
2016-12-16 00:00:00-03:00,17.703157424926758,17.703157424926758,17.703157424926758,17.703157424926758,0,0.0,0.0
2016-12-19 00:00:00-03:00,17.703157424926758,17.703157424926758,17.703157424926758,17.703157424926758,0,0.0,0.0
2016-12-20 00:00:00-03:00,17.703157424926758,17.703157424926758,17.703157424926758,17.703157424926758,0,0.0,0.0
2016-12-21 00:00:00-03:00,17.703157424926758,17.703157424926758,17.703157424926758,17.703157424926758,0,0.0,0.0
2016-12-22 00:00:00-03:00,17.703157424926758,17.703157424926758,17.703157424926758,17.703157424926758,0,0.0,0.0
2016-12-23 00:00:00-03:00,17.703157424926758,17.703157424926758,17.703157424926758,17.703157424926758,0,0.0,0.0
2016-12-26 00:00:00-03:00,17.703157424926758,17.703157424926758,17.703157424926758,17.703157424926758,0,0.0,0.0
2016-12-27 00:00:00-03:00,17.703157424926758,17.703157424926758,17.703157424926758,17.703157424926758,0,0.0,0.0
2016-12-28 00:00:00-03:00,17.703157424926758,17.703157424926758,17.703157424926758,17.703157424926758,0,0.0,0.0
2016-12-29 00:00:00-03:00,17.703157424926758,17.703157424926758,17.703157424926758,17.703157424926758,0,0.0,0.0
2016-12-30 00:00:00-03:00,17.703157424926758,17.703157424926758,17.703157424926758,17.703157424926758,0,0.0,0.0
2017-01-02 00:00:00-03:00,17.703157424926758,17.703157424926758,17.703157424926758,17.703157424926758,0,0.0,0.0
2017-01-03 00:00:00-03:00,17.703157424926758,17.703157424926758,17.703157424926758,17.703157424926758,0,0.0,0.0
2017-01-04 00:00:00-03:00,17.703157424926758,17.703157424926758,17.703157424926758,17.703157424926758,0,0.0,0.0
2017-01-05 00:00:00-03:00,17.703157424926758,17.703157424926758,17.703157424926758,17.703157424926758,0,0.0,0.0
2017-01-06 00:00:00-03:00,17.703157424926758,17.703157424926758,17.703157424926758,17.703157424926758,0,0.0,0.0
2017-01-09 00:00:00-03:00,17.703157424926758,17.703157424926758,17.703157424926758,17.703157424926758,0,0.0,0.0
2017-01-10 00:00:00-03:00,17.703157424926758,17.703157424926758,17.703157424926758,17.703157424926758,0,0.0,0.0
2017-01-11 00:00:00-03:00,17.703157424926758,17.703157424926758,17.703157424926758,17.703157424926758,0,0.0,0.0
2017-01-12 00:00:00-03:00,17.703157424926758,17.703157424926758,17.703157424926758,17.703157424926758,0,0.0,0.0
2017-01-13 00:00:00-03:00,17.703157424926758,17.703157424926758,17.703157424926758,17.703157424926758,0,0.0,0.0
2017-01-16 00:00:00-03:00,17.703157424926758,17.703157424926758,17.703157424926758,17.703157424926758,0,0.0,0.0
2017-01-17 00:00:00-03:00,17.703157424926758,17.703157424926758,17.703157424926758,17.703157424926758,0,0.0,0.0
2017-01-18 00:00:00-03:00,17.703157424926758,17.703157424926758,17.703157424926758,17.703157424926758,0,0.0,0.0
2017-01-19 00:00:00-03:00,17.703157424926758,17.703157424926758,17.703157424926758,17.703157424926758,0,0.0,0.0
2017-01-20 00:00:00-03:00,17.703157424926758,17.703157424926758,17.703157424926758,17.703157424926758,0,0.0,0.0
2017-01-23 00:00:00-03:00,17.703157424926758,17.703157424926758,17.703157424926758,17.703157424926758,0,0.0,0.0
2017-01-24 00:00:00-03:00,17.703157424926758,17.703157424926758,17.703157424926758,17.703157424926758,0,0.0,0.0
2017-01-25 00:00:00-03:00,17.703157424926758,17.703157424926758,17.703157424926758,17.703157424926758,0,0.0,0.0
2017-01-26 00:00:00-03:00,17.703157424926758,17.703157424926758,17.703157424926758,17.703157424926758,0,0.0,0.0
2017-01-27 00:00:00-03:00,17.703157424926758,17.703157424926758,17.703157424926758,17.703157424926758,0,0.0,0.0
2017-01-30 00:00:00-03:00,17.703157424926758,17.703157424926758,17.703157424926758,17.703157424926758,0,0.0,0.0
2017-01-31 00:00:00-03:00,17.703157424926758,17.703157424926758,17.703157424926758,17.703157424926758,0,0.0,0.0
2017-02-01 00:00:00-03:00,17.703157424926758,17.703157424926758,17.703157424926758,17.703157424926758,0,0.0,0.0
2017-02-02 00:00:00-03:00,17.703157424926758,17.703157424926758,17.703157424926758,17.703157424926758,0,0.0,0.0
2017-02-03 00:00:00-03:00,17.703157424926758,17.703157424926758,17.703157424926758,17.703157424926758,0,0.0,0.0
2017-02-06 00:00:00-03:00,17.703157424926758,17.703157424926758,17.703157424926758,17.703157424926758,0,0.0,0.0
2017-02-07 00:00:00-03:00,17.703157424926758,17.703157424926758,17.703157424926758,17.703157424926758,0,0.0,0.0
2017-02-08 00:00:00-03:00,17.703157424926758,17.703157424926758,17.703157424926758,17.703157424926758,0,0.0,0.0
2017-02-09 00:00:00-03:00,17.703157424926758,17.703157424926758,17.703157424926758,17.703157424926758,0,0.0,0.0
2017-02-10 00:00:00-03:00,17.703157424926758,17.703157424926758,17.703157424926758,17.703157424926758,0,0.0,0.0
2017-02-13 00:00:00-03:00,17.8095760345459,17.8095760345459,17.8095760345459,17.8095760345459,0,170.83594,0.0
2017-02-14 00:00:00-03:00,17.8095760345459,17.8095760345459,17.8095760345459,17.8095760345459,0,0.0,0.0
2017-02-15 00:00:00-03:00,17.8095760345459,17.8095760345459,17.8095760345459,17.8095760345459,0,0.0,0.0
2017-02-16 00:00:00-03:00,17.8095760345459,17.8095760345459,17.8095760345459,17.8095760345459,0,0.0,0.0
2017-02-17 00:00:00-03:00,17.8095760345459,17.8095760345459,17.8095760345459,17.8095760345459,0,0.0,0.0
2017-02-20 00:00:00-03:00,17.8095760345459,17.8095760345459,17.8095760345459,17.8095760345459,0,0.0,0.0
2017-02-21 00:00:00-03:00,17.8095760345459,17.8095760345459,17.8095760345459,17.8095760345459,0,0.0,0.0
2017-02-22 00:00:00-03:00,17.8095760345459,17.8095760345459,17.8095760345459,17.8095760345459,0,0.0,0.0
2017-02-23 00:00:00-03:00,17.8095760345459,17.8095760345459,17.8095760345459,17.8095760345459,0,0.0,0.0
2017-02-24 00:00:00-03:00,17.8095760345459,17.8095760345459,17.8095760345459,17.8095760345459,0,0.0,0.0
2017-03-01 00:00:00-03:00,17.8095760345459,17.8095760345459,17.8095760345459,17.8095760345459,0,0.0,0.0
2017-03-02 00:00:00-03:00,17.8095760345459,17.8095760345459,17.8095760345459,17.8095760345459,0,0.0,0.0
2017-03-03 00:00:00-03:00,17.8095760345459,17.8095760345459,17.8095760345459,17.8095760345459,0,0.0,0.0
2017-03-06 00:00:00-03:00,17.8095760345459,17.8095760345459,17.8095760345459,17.8095760345459,0,0.0,0.0
2017-03-07 00:00:00-03:00,17.8095760345459,17.8095760345459,17.8095760345459,17.8095760345459,0,0.0,0.0
2017-03-08 00:00:00-03:00,17.8095760345459,17.8095760345459,17.8095760345459,17.8095760345459,0,0.0,0.0
2017-03-09 00:00:00-03:00,17.8095760345459,17.8095760345459,17.8095760345459,17.8095760345459,0,0.0,0.0
2017-03-10 00:00:00-03:00,17.8095760345459,17.8095760345459,17.8095760345459,17.8095760345459,0,0.0,0.0
2017-03-13 00:00:00-03:00,17.8095760345459,17.8095760345459,17.8095760345459,17.8095760345459,0,0.0,0.0
2017-03-14 00:00:00-03:00,17.8095760345459,17.8095760345459,17.8095760345459,17.8095760345459,0,0.0,0.0
2017-03-15 00:00:00-03:00,17.8095760345459,17.8095760345459,17.8095760345459,17.8095760345459,0,0.0,0.0
2017-03-16 00:00:00-03:00,17.8095760345459,17.8095760345459,17.8095760345459,17.8095760345459,0,0.0,0.0
2017-03-17 00:00:00-03:00,17.8095760345459,17.8095760345459,17.8095760345459,17.8095760345459,0,0.0,0.0
2017-03-20 00:00:00-03:00,17.8095760345459,17.8095760345459,17.8095760345459,17.8095760345459,0,0.0,0.0
2017-03-21 00:00:00-03:00,17.8095760345459,17.8095760345459,17.8095760345459,17.8095760345459,0,0.0,0.0
2017-03-22 00:00:00-03:00,17.8095760345459,17.8095760345459,17.8095760345459,17.8095760345459,0,0.0,0.0
2017-03-23 00:00:00-03:00,17.8095760345459,17.8095760345459,17.8095760345459,17.8095760345459,0,0.0,0.0
2017-03-27 00:00:00-03:00,17.8095760345459,17.8095760345459,17.8095760345459,17.8095760345459,0,0.0,0.0
2017-03-28 00:00:00-03:00,17.8095760345459,17.8095760345459,17.8095760345459,17.8095760345459,0,0.0,0.0
2017-03-29 00:00:00-03:00,17.8095760345459,17.8095760345459,17.8095760345459,17.8095760345459,0,0.0,0.0
2017-03-30 00:00:00-03:00,17.8095760345459,17.8095760345459,17.8095760345459,17.8095760345459,0,0.0,0.0
2017-03-31 00:00:00-03:00,17.8095760345459,17.8095760345459,17.8095760345459,17.8095760345459,0,0.0,0.0
2017-04-03 00:00:00-03:00,17.8095760345459,17.8095760345459,17.8095760345459,17.8095760345459,0,0.0,0.0
2017-04-04 00:00:00-03:00,17.8095760345459,17.8095760345459,17.8095760345459,17.8095760345459,0,0.0,0.0
2017-04-05 00:00:00-03:00,17.8095760345459,17.8095760345459,17.8095760345459,17.8095760345459,0,0.0,0.0
2017-04-06 00:00:00-03:00,17.8095760345459,17.8095760345459,17.8095760345459,17.8095760345459,0,0.0,0.0
2017-04-07 00:00:00-03:00,17.8095760345459,17.8095760345459,17.8095760345459,17.8095760345459,0,0.0,0.0
2017-04-10 00:00:00-03:00,17.8095760345459,17.8095760345459,17.8095760345459,17.8095760345459,0,0.0,0.0
2017-04-11 00:00:00-03:00,17.8095760345459,17.8095760345459,17.8095760345459,17.8095760345459,0,0.0,0.0
2017-04-12 00:00:00-03:00,17.8095760345459,17.8095760345459,17.8095760345459,17.8095760345459,0,0.0,0.0
2017-04-17 00:00:00-03:00,17.8095760345459,17.8095760345459,17.8095760345459,17.8095760345459,0,0.0,0.0
2017-04-18 00:00:00-03:00,17.8095760345459,17.8095760345459,17.8095760345459,17.8095760345459,0,0.0,0.0
2017-04-19 00:00:00-03:00,17.8095760345459,17.8095760345459,17.8095760345459,17.8095760345459,0,0.0,0.0
2017-04-20 00:00:00-03:00,17.8095760345459,17.8095760345459,17.8095760345459,17.8095760345459,0,0.0,0.0
2017-04-21 00:00:00-03:00,17.8095760345459,17.8095760345459,17.8095760345459,17.8095760345459,0,0.0,0.0
2017-04-24 00:00:00-03:00,17.8095760345459,17.8095760345459,17.8095760345459,17.8095760345459,0,0.0,0.0
2017-04-25 00:00:00-03:00,17.8095760345459,17.8095760345459,17.8095760345459,17.8095760345459,0,0.0,0.0
2017-04-26 00:00:00-03:00,17.8095760345459,17.8095760345459,17.8095760345459,17.8095760345459,0,0.0,0.0
2017-04-27 00:00:00-03:00,17.8095760345459,17.8095760345459,17.8095760345459,17.8095760345459,0,0.0,0.0
2017-04-28 00:00:00-03:00,17.8095760345459,17.8095760345459,17.8095760345459,17.8095760345459,0,0.0,0.0
2017-05-02 00:00:00-03:00,17.8095760345459,17.8095760345459,17.8095760345459,17.8095760345459,0,0.0,0.0
2017-05-03 00:00:00-03:00,17.8095760345459,17.8095760345459,17.8095760345459,17.8095760345459,0,0.0,0.0
2017-05-04 00:00:00-03:00,17.8095760345459,17.8095760345459,17.8095760345459,17.8095760345459,0,0.0,0.0
2017-05-05 00:00:00-03:00,17.8095760345459,17.8095760345459,17.8095760345459,17.8095760345459,0,0.0,0.0
2017-05-08 00:00:00-03:00,17.8095760345459,17.8095760345459,17.8095760345459,17.8095760345459,0,0.0,0.0
2017-05-09 00:00:00-03:00,17.8095760345459,17.8095760345459,17.8095760345459,17.8095760345459,0,0.0,0.0
2017-05-10 00:00:00-03:00,17.8095760345459,17.8095760345459,17.8095760345459,17.8095760345459,0,0.0,0.0
2017-05-11 00:00:00-03:00,17.8095760345459,17.8095760345459,17.8095760345459,17.8095760345459,0,0.0,0.0
2017-05-12 00:00:00-03:00,17.8095760345459,17.8095760345459,17.8095760345459,17.8095760345459,0,0.0,0.0
2017-05-15 00:00:00-03:00,17.8095760345459,17.8095760345459,17.8095760345459,17.8095760345459,0,0.0,0.0
2017-05-16 00:00:00-03:00,17.8095760345459,17.8095760345459,17.8095760345459,17.8095760345459,0,0.0,0.0
2017-05-17 00:00:00-03:00,17.8095760345459,17.8095760345459,17.8095760345459,17.8095760345459,0,0.0,0.0
2017-05-18 00:00:00-03:00,17.8095760345459,17.8095760345459,17.8095760345459,17.8095760345459,0,0.0,0.0
2017-05-19 00:00:00-03:00,17.8095760345459,17.8095760345459,17.8095760345459,17.8095760345459,0,0.0,0.0
2017-05-22 00:00:00-03:00,17.8095760345459,17.8095760345459,17.8095760345459,17.8095760345459,0,0.0,0.0
2017-05-23 00:00:00-03:00,17.8095760345459,17.8095760345459,17.8095760345459,17.8095760345459,0,0.0,0.0
2017-05-24 00:00:00-03:00,17.916637420654297,17.916637420654297,17.916637420654297,17.916637420654297,0,170.83594,0.0
2017-05-26 00:00:00-03:00,17.916637420654297,17.916637420654297,17.916637420654297,17.916637420654297,0,0.0,0.0
2017-05-29 00:00:00-03:00,17.916637420654297,17.916637420654297,17.916637420654297,17.916637420654297,0,0.0,0.0
2017-05-30 00:00:00-03:00,17.916637420654297,17.916637420654297,17.916637420654297,17.916637420654297,0,0.0,0.0
2017-05-31 00:00:00-03:00,17.916637420654297,17.916637420654297,17.916637420654297,17.916637420654297,0,0.0,0.0
2017-06-01 00:00:00-03:00,17.916637420654297,17.916637420654297,17.916637420654297,17.916637420654297,0,0.0,0.0
2017-06-02 00:00:00-03:00,17.916637420654297,17.916637420654297,17.916637420654297,17.916637420654297,0,0.0,0.0
2017-06-05 00:00:00-03:00,17.916637420654297,17.916637420654297,17.916637420654297,17.916637420654297,0,0.0,0.0
2017-06-06 00:00:00-03:00,17.916637420654297,17.916637420654297,17.916637420654297,17.916637420654297,0,0.0,0.0
2017-06-07 00:00:00-03:00,17.916637420654297,17.916637420654297,17.916637420654297,17.916637420654297,0,0.0,0.0
2017-06-08 00:00:00-03:00,17.916637420654297,17.916637420654297,17.916637420654297,17.916637420654297,0,0.0,0.0
2017-06-09 00:00:00-03:00,17.916637420654297,17.916637420654297,17.916637420654297,17.916637420654297,0,0.0,0.0
2017-06-12 00:00:00-03:00,17.916637420654297,17.916637420654297,17.916637420654297,17.916637420654297,0,0.0,0.0
2017-06-13 00:00:00-03:00,17.916637420654297,17.916637420654297,17.916637420654297,17.916637420654297,0,0.0,0.0
2017-06-14 00:00:00-03:00,17.916637420654297,17.916637420654297,17.916637420654297,17.916637420654297,0,0.0,0.0
2017-06-15 00:00:00-03:00,17.916637420654297,17.916637420654297,17.916637420654297,17.916637420654297,0,0.0,0.0
2017-06-16 00:00:00-03:00,17.916637420654297,17.916637420654297,17.916637420654297,17.916637420654297,0,0.0,0.0
2017-06-19 00:00:00-03:00,17.916637420654297,17.916637420654297,17.916637420654297,17.916637420654297,0,0.0,0.0
2017-06-21 00:00:00-03:00,17.916637420654297,17.916637420654297,17.916637420654297,17.916637420654297,0,0.0,0.0
2017-06-22 00:00:00-03:00,17.916637420654297,17.916637420654297,17.916637420654297,17.916637420654297,0,0.0,0.0
2017-06-23 00:00:00-03:00,17.916637420654297,17.916637420654297,17.916637420654297,17.916637420654297,0,0.0,0.0
2017-06-26 00:00:00-03:00,17.916637420654297,17.916637420654297,17.916637420654297,17.916637420654297,0,0.0,0.0
2017-06-27 00:00:00-03:00,17.916637420654297,17.916637420654297,17.916637420654297,17.916637420654297,0,0.0,0.0
2017-06-28 00:00:00-03:00,17.916637420654297,17.916637420654297,17.916637420654297,17.916637420654297,0,0.0,0.0
2017-06-29 00:00:00-03:00,17.916637420654297,17.916637420654297,17.916637420654297,17.916637420654297,0,0.0,0.0
2017-06-30 00:00:00-03:00,17.916637420654297,17.916637420654297,17.916637420654297,17.916637420654297,0,0.0,0.0
2017-07-03 00:00:00-03:00,17.916637420654297,17.916637420654297,17.916637420654297,17.916637420654297,0,0.0,0.0
2017-07-04 00:00:00-03:00,17.916637420654297,17.916637420654297,17.916637420654297,17.916637420654297,0,0.0,0.0
2017-07-05 00:00:00-03:00,17.916637420654297,17.916637420654297,17.916637420654297,17.916637420654297,0,0.0,0.0
2017-07-06 00:00:00-03:00,17.916637420654297,17.916637420654297,17.916637420654297,17.916637420654297,0,0.0,0.0
2017-07-07 00:00:00-03:00,17.916637420654297,17.916637420654297,17.916637420654297,17.916637420654297,0,0.0,0.0
2017-07-10 00:00:00-03:00,17.916637420654297,17.916637420654297,17.916637420654297,17.916637420654297,0,0.0,0.0
2017-07-11 00:00:00-03:00,17.916637420654297,17.916637420654297,17.916637420654297,17.916637420654297,0,0.0,0.0
2017-07-12 00:00:00-03:00,17.916637420654297,17.916637420654297,17.916637420654297,17.916637420654297,0,0.0,0.0
2017-07-13 00:00:00-03:00,17.916637420654297,17.916637420654297,17.916637420654297,17.916637420654297,0,0.0,0.0
2017-07-14 00:00:00-03:00,17.916637420654297,17.916637420654297,17.916637420654297,17.916637420654297,0,0.0,0.0
2017-07-17 00:00:00-03:00,17.916637420654297,17.916637420654297,17.916637420654297,17.916637420654297,0,0.0,0.0
2017-07-18 00:00:00-03:00,17.916637420654297,17.916637420654297,17.916637420654297,17.916637420654297,0,0.0,0.0
2017-07-19 00:00:00-03:00,17.916637420654297,17.916637420654297,17.916637420654297,17.916637420654297,0,0.0,0.0
2017-07-20 00:00:00-03:00,17.916637420654297,17.916637420654297,17.916637420654297,17.916637420654297,0,0.0,0.0
2017-07-21 00:00:00-03:00,17.916637420654297,17.916637420654297,17.916637420654297,17.916637420654297,0,0.0,0.0
2017-07-24 00:00:00-03:00,17.916637420654297,17.916637420654297,17.916637420654297,17.916637420654297,0,0.0,0.0
2017-07-25 00:00:00-03:00,17.916637420654297,17.916637420654297,17.916637420654297,17.916637420654297,0,0.0,0.0
2017-07-26 00:00:00-03:00,17.916637420654297,17.916637420654297,17.916637420654297,17.916637420654297,0,0.0,0.0
2017-07-27 00:00:00-03:00,17.916637420654297,17.916637420654297,17.916637420654297,17.916637420654297,0,0.0,0.0
2017-07-28 00:00:00-03:00,17.916637420654297,17.916637420654297,17.916637420654297,17.916637420654297,0,0.0,0.0
2017-07-31 00:00:00-03:00,17.916637420654297,17.916637420654297,17.916637420654297,17.916637420654297,0,0.0,0.0
2017-08-01 00:00:00-03:00,17.916637420654297,17.916637420654297,17.916637420654297,17.916637420654297,0,0.0,0.0
2017-08-02 00:00:00-03:00,17.916637420654297,17.916637420654297,17.916637420654297,17.916637420654297,0,0.0,0.0
2017-08-03 00:00:00-03:00,17.916637420654297,17.916637420654297,17.916637420654297,17.916637420654297,0,0.0,0.0
2017-08-04 00:00:00-03:00,17.916637420654297,17.916637420654297,17.916637420654297,17.916637420654297,0,0.0,0.0
2017-08-07 00:00:00-03:00,17.916637420654297,17.916637420654297,17.916637420654297,17.916637420654297,0,0.0,0.0
2017-08-08 00:00:00-03:00,17.916637420654297,17.916637420654297,17.916637420654297,17.916637420654297,0,0.0,0.0
2017-08-09 00:00:00-03:00,17.916637420654297,17.916637420654297,17.916637420654297,17.916637420654297,0,0.0,0.0
2017-08-10 00:00:00-03:00,17.916637420654297,17.916637420654297,17.916637420654297,17.916637420654297,0,0.0,0.0
2017-08-11 00:00:00-03:00,18.024341583251953,18.024341583251953,18.024341583251953,18.024341583251953,0,170.83594,0.0
2017-08-14 00:00:00-03:00,18.024341583251953,18.024341583251953,18.024341583251953,18.024341583251953,0,0.0,0.0
2017-08-15 00:00:00-03:00,18.024341583251953,18.024341583251953,18.024341583251953,18.024341583251953,0,0.0,0.0
2017-08-16 00:00:00-03:00,18.024341583251953,18.024341583251953,18.024341583251953,18.024341583251953,0,0.0,0.0
2017-08-17 00:00:00-03:00,18.024341583251953,18.024341583251953,18.024341583251953,18.024341583251953,0,0.0,0.0
2017-08-18 00:00:00-03:00,18.024341583251953,18.024341583251953,18.024341583251953,18.024341583251953,0,0.0,0.0
2017-08-22 00:00:00-03:00,18.024341583251953,18.024341583251953,18.024341583251953,18.024341583251953,0,0.0,0.0
2017-08-23 00:00:00-03:00,18.024341583251953,18.024341583251953,18.024341583251953,18.024341583251953,0,0.0,0.0
2017-08-24 00:00:00-03:00,18.024341583251953,18.024341583251953,18.024341583251953,18.024341583251953,0,0.0,0.0
2017-08-25 00:00:00-03:00,18.024341583251953,18.024341583251953,18.024341583251953,18.024341583251953,0,0.0,0.0
2017-08-28 00:00:00-03:00,18.024341583251953,18.024341583251953,18.024341583251953,18.024341583251953,0,0.0,0.0
2017-08-29 00:00:00-03:00,18.024341583251953,18.024341583251953,18.024341583251953,18.024341583251953,0,0.0,0.0
2017-08-30 00:00:00-03:00,18.024341583251953,18.024341583251953,18.024341583251953,18.024341583251953,0,0.0,0.0
2017-08-31 00:00:00-03:00,18.024341583251953,18.024341583251953,18.024341583251953,18.024341583251953,0,0.0,0.0
2017-09-01 00:00:00-03:00,18.024341583251953,18.024341583251953,18.024341583251953,18.024341583251953,0,0.0,0.0
2017-09-04 00:00:00-03:00,18.024341583251953,18.024341583251953,18.024341583251953,18.024341583251953,0,0.0,0.0
2017-09-05 00:00:00-03:00,18.024341583251953,18.024341583251953,18.024341583251953,18.024341583251953,0,0.0,0.0
2017-09-06 00:00:00-03:00,18.024341583251953,18.024341583251953,18.024341583251953,18.024341583251953,0,0.0,0.0
2017-09-07 00:00:00-03:00,18.024341583251953,18.024341583251953,18.024341583251953,18.024341583251953,0,0.0,0.0
2017-09-08 00:00:00-03:00,18.024341583251953,18.024341583251953,18.024341583251953,18.024341583251953,0,0.0,0.0
2017-09-11 00:00:00-03:00,18.024341583251953,18.024341583251953,18.024341583251953,18.024341583251953,0,0.0,0.0
2017-09-12 00:00:00-03:00,18.024341583251953,18.024341583251953,18.024341583251953,18.024341583251953,0,0.0,0.0
2017-09-13 00:00:00-03:00,18.024341583251953,18.024341583251953,18.024341583251953,18.024341583251953,0,0.0,0.0
2017-09-14 00:00:00-03:00,18.024341583251953,18.024341583251953,18.024341583251953,18.024341583251953,0,0.0,0.0
2017-09-15 00:00:00-03:00,18.024341583251953,18.024341583251953,18.024341583251953,18.024341583251953,0,0.0,0.0
2017-09-18 00:00:00-03:00,18.024341583251953,18.024341583251953,18.024341583251953,18.024341583251953,0,0.0,0.0
2017-09-19 00:00:00-03:00,18.024341583251953,18.024341583251953,18.024341583251953,18.024341583251953,0,0.0,0.0
2017-09-20 00:00:00-03:00,18.024341583251953,18.024341583251953,18.024341583251953,18.024341583251953,0,0.0,0.0
2017-09-21 00:00:00-03:00,18.024341583251953,18.024341583251953,18.024341583251953,18.024341583251953,0,0.0,0.0
2017-09-22 00:00:00-03:00,18.024341583251953,18.024341583251953,18.024341583251953,18.024341583251953,0,0.0,0.0
2017-09-25 00:00:00-03:00,18.024341583251953,18.024341583251953,18.024341583251953,18.024341583251953,0,0.0,0.0
2017-09-26 00:00:00-03:00,18.024341583251953,18.024341583251953,18.024341583251953,18.024341583251953,0,0.0,0.0
2017-09-27 00:00:00-03:00,18.024341583251953,18.024341583251953,18.024341583251953,18.024341583251953,0,0.0,0.0
2017-09-28 00:00:00-03:00,18.024341583251953,18.024341583251953,18.024341583251953,18.024341583251953,0,0.0,0.0
2017-09-29 00:00:00-03:00,18.024341583251953,18.024341583251953,18.024341583251953,18.024341583251953,0,0.0,0.0
2017-10-02 00:00:00-03:00,18.024341583251953,18.024341583251953,18.024341583251953,18.024341583251953,0,0.0,0.0
2017-10-03 00:00:00-03:00,18.024341583251953,18.024341583251953,18.024341583251953,18.024341583251953,0,0.0,0.0
2017-10-04 00:00:00-03:00,18.024341583251953,18.024341583251953,18.024341583251953,18.024341583251953,0,0.0,0.0
2017-10-05 00:00:00-03:00,18.024341583251953,18.024341583251953,18.024341583251953,18.024341583251953,0,0.0,0.0
2017-10-06 00:00:00-03:00,18.024341583251953,18.024341583251953,18.024341583251953,18.024341583251953,0,0.0,0.0
2017-10-10 00:00:00-03:00,18.024341583251953,18.024341583251953,18.024341583251953,18.024341583251953,0,0.0,0.0
2017-10-11 00:00:00-03:00,18.024341583251953,18.024341583251953,18.024341583251953,18.024341583251953,0,0.0,0.0
2017-10-12 00:00:00-03:00,18.024341583251953,18.024341583251953,18.024341583251953,18.024341583251953,0,0.0,0.0
2017-10-13 00:00:00-03:00,18.024341583251953,18.024341583251953,18.024341583251953,18.024341583251953,0,0.0,0.0
2017-10-17 00:00:00-03:00,18.024341583251953,18.024341583251953,18.024341583251953,18.024341583251953,0,0.0,0.0
2017-10-18 00:00:00-03:00,18.024341583251953,18.024341583251953,18.024341583251953,18.024341583251953,0,0.0,0.0
2017-10-19 00:00:00-03:00,18.024341583251953,18.024341583251953,18.024341583251953,18.024341583251953,0,0.0,0.0
2017-10-20 00:00:00-03:00,18.024341583251953,18.024341583251953,18.024341583251953,18.024341583251953,0,0.0,0.0
2017-10-23 00:00:00-03:00,18.024341583251953,18.024341583251953,18.024341583251953,18.024341583251953,0,0.0,0.0
2017-10-24 00:00:00-03:00,18.024341583251953,18.024341583251953,18.024341583251953,18.024341583251953,0,0.0,0.0
2017-10-25 00:00:00-03:00,18.024341583251953,18.024341583251953,18.024341583251953,18.024341583251953,0,0.0,0.0
2017-10-26 00:00:00-03:00,18.024341583251953,18.024341583251953,18.024341583251953,18.024341583251953,0,0.0,0.0
2017-10-27 00:00:00-03:00,18.024341583251953,18.024341583251953,18.024341583251953,18.024341583251953,0,0.0,0.0
2017-10-30 00:00:00-03:00,18.024341583251953,18.024341583251953,18.024341583251953,18.024341583251953,0,0.0,0.0
2017-10-31 00:00:00-03:00,18.024341583251953,18.024341583251953,18.024341583251953,18.024341583251953,0,0.0,0.0
2017-11-01 00:00:00-03:00,18.024341583251953,18.024341583251953,18.024341583251953,18.024341583251953,0,0.0,0.0
2017-11-02 00:00:00-03:00,18.024341583251953,18.024341583251953,18.024341583251953,18.024341583251953,0,0.0,0.0
2017-11-03 00:00:00-03:00,18.024341583251953,18.024341583251953,18.024341583251953,18.024341583251953,0,0.0,0.0
2017-11-07 00:00:00-03:00,18.024341583251953,18.024341583251953,18.024341583251953,18.024341583251953,0,0.0,0.0
2017-11-08 00:00:00-03:00,18.024341583251953,18.024341583251953,18.024341583251953,18.024341583251953,0,0.0,0.0
2017-11-09 00:00:00-03:00,18.024341583251953,18.024341583251953,18.024341583251953,18.024341583251953,0,0.0,0.0
2017-11-10 00:00:00-03:00,18.024341583251953,18.024341583251953,18.024341583251953,18.024341583251953,0,0.0,0.0
2017-11-13 00:00:00-03:00,18.024341583251953,18.024341583251953,18.024341583251953,18.024341583251953,0,0.0,0.0
2017-11-14 00:00:00-03:00,18.13563346862793,18.13563346862793,18.13563346862793,18.13563346862793,0,175.45312,0.0
2017-11-15 00:00:00-03:00,18.13563346862793,18.13563346862793,18.13563346862793,18.13563346862793,0,0.0,0.0
2017-11-16 00:00:00-03:00,18.13563346862793,18.13563346862793,18.13563346862793,18.13563346862793,0,0.0,0.0
2017-11-17 00:00:00-03:00,18.13563346862793,18.13563346862793,18.13563346862793,18.13563346862793,0,0.0,0.0
2017-11-21 00:00:00-03:00,18.13563346862793,18.13563346862793,18.13563346862793,18.13563346862793,0,0.0,0.0
2017-11-22 00:00:00-03:00,18.13563346862793,18.13563346862793,18.13563346862793,18.13563346862793,0,0.0,0.0
2017-11-23 00:00:00-03:00,18.13563346862793,18.13563346862793,18.13563346862793,18.13563346862793,0,0.0,0.0
2017-11-24 00:00:00-03:00,18.13563346862793,18.13563346862793,18.13563346862793,18.13563346862793,0,0.0,0.0
2017-11-28 00:00:00-03:00,18.13563346862793,18.13563346862793,18.13563346862793,18.13563346862793,0,0.0,0.0
2017-11-29 00:00:00-03:00,18.13563346862793,18.13563346862793,18.13563346862793,18.13563346862793,0,0.0,0.0
2017-11-30 00:00:00-03:00,18.13563346862793,18.13563346862793,18.13563346862793,18.13563346862793,0,0.0,0.0
2017-12-01 00:00:00-03:00,18.13563346862793,18.13563346862793,18.13563346862793,18.13563346862793,0,0.0,0.0
2017-12-04 00:00:00-03:00,18.13563346862793,18.13563346862793,18.13563346862793,18.13563346862793,0,0.0,0.0
2017-12-05 00:00:00-03:00,18.13563346862793,18.13563346862793,18.13563346862793,18.13563346862793,0,0.0,0.0
2017-12-06 00:00:00-03:00,18.13563346862793,18.13563346862793,18.13563346862793,18.13563346862793,0,0.0,0.0
2017-12-07 00:00:00-03:00,18.13563346862793,18.13563346862793,18.13563346862793,18.13563346862793,0,0.0,0.0
2017-12-11 00:00:00-03:00,18.13563346862793,18.13563346862793,18.13563346862793,18.13563346862793,0,0.0,0.0
2017-12-12 00:00:00-03:00,18.13563346862793,18.13563346862793,18.13563346862793,18.13563346862793,0,0.0,0.0
2017-12-13 00:00:00-03:00,18.13563346862793,18.13563346862793,18.13563346862793,18.13563346862793,0,0.0,0.0
2017-12-14 00:00:00-03:00,18.13563346862793,18.13563346862793,18.13563346862793,18.13563346862793,0,0.0,0.0
2017-12-15 00:00:00-03:00,18.13563346862793,18.13563346862793,18.13563346862793,18.13563346862793,0,0.0,0.0
2017-12-18 00:00:00-03:00,18.13563346862793,18.13563346862793,18.13563346862793,18.13563346862793,0,0.0,0.0
2017-12-19 00:00:00-03:00,18.13563346862793,18.13563346862793,18.13563346862793,18.13563346862793,0,0.0,0.0
2017-12-20 00:00:00-03:00,18.13563346862793,18.13563346862793,18.13563346862793,18.13563346862793,0,0.0,0.0
2017-12-21 00:00:00-03:00,18.13563346862793,18.13563346862793,18.13563346862793,18.13563346862793,0,0.0,0.0
2017-12-22 00:00:00-03:00,18.13563346862793,18.13563346862793,18.13563346862793,18.13563346862793,0,0.0,0.0
2017-12-26 00:00:00-03:00,18.13563346862793,18.13563346862793,18.13563346862793,18.13563346862793,0,0.0,0.0
2017-12-27 00:00:00-03:00,18.13563346862793,18.13563346862793,18.13563346862793,18.13563346862793,0,0.0,0.0
2017-12-28 00:00:00-03:00,18.13563346862793,18.13563346862793,18.13563346862793,18.13563346862793,0,0.0,0.0
2018-01-01 00:00:00-03:00,18.13563346862793,18.13563346862793,18.13563346862793,18.13563346862793,0,0.0,0.0
2018-01-02 00:00:00-03:00,18.13563346862793,18.13563346862793,18.13563346862793,18.13563346862793,0,0.0,0.0
2018-01-03 00:00:00-03:00,18.13563346862793,18.13563346862793,18.13563346862793,18.13563346862793,0,0.0,0.0
2018-01-04 00:00:00-03:00,18.13563346862793,18.13563346862793,18.13563346862793,18.13563346862793,0,0.0,0.0
2018-01-05 00:00:00-03:00,18.13563346862793,18.13563346862793,18.13563346862793,18.13563346862793,0,0.0,0.0
2018-01-08 00:00:00-03:00,18.13563346862793,18.13563346862793,18.13563346862793,18.13563346862793,0,0.0,0.0
2018-01-09 00:00:00-03:00,18.13563346862793,18.13563346862793,18.13563346862793,18.13563346862793,0,0.0,0.0
2018-01-10 00:00:00-03:00,18.13563346862793,18.13563346862793,18.13563346862793,18.13563346862793,0,0.0,0.0
2018-01-11 00:00:00-03:00,18.13563346862793,18.13563346862793,18.13563346862793,18.13563346862793,0,0.0,0.0
2018-01-12 00:00:00-03:00,18.13563346862793,18.13563346862793,18.13563346862793,18.13563346862793,0,0.0,0.0
2018-01-15 00:00:00-03:00,18.13563346862793,18.13563346862793,18.13563346862793,18.13563346862793,0,0.0,0.0
2018-01-16 00:00:00-03:00,18.13563346862793,18.13563346862793,18.13563346862793,18.13563346862793,0,0.0,0.0
2018-01-17 00:00:00-03:00,18.13563346862793,18.13563346862793,18.13563346862793,18.13563346862793,0,0.0,0.0
2018-01-18 00:00:00-03:00,18.13563346862793,18.13563346862793,18.13563346862793,18.13563346862793,0,0.0,0.0
2018-01-19 00:00:00-03:00,18.13563346862793,18.13563346862793,18.13563346862793,18.13563346862793,0,0.0,0.0
2018-01-22 00:00:00-03:00,18.13563346862793,18.13563346862793,18.13563346862793,18.13563346862793,0,0.0,0.0
2018-01-23 00:00:00-03:00,18.13563346862793,18.13563346862793,18.13563346862793,18.13563346862793,0,0.0,0.0
2018-01-24 00:00:00-03:00,18.13563346862793,18.13563346862793,18.13563346862793,18.13563346862793,0,0.0,0.0
2018-01-25 00:00:00-03:00,18.13563346862793,18.13563346862793,18.13563346862793,18.13563346862793,0,0.0,0.0
2018-01-26 00:00:00-03:00,18.13563346862793,18.13563346862793,18.13563346862793,18.13563346862793,0,0.0,0.0
2018-01-29 00:00:00-03:00,18.13563346862793,18.13563346862793,18.13563346862793,18.13563346862793,0,0.0,0.0
2018-01-30 00:00:00-03:00,18.13563346862793,18.13563346862793,18.13563346862793,18.13563346862793,0,0.0,0.0
2018-01-31 00:00:00-03:00,18.13563346862793,18.13563346862793,18.13563346862793,18.13563346862793,0,0.0,0.0
2018-02-01 00:00:00-03:00,18.13563346862793,18.13563346862793,18.13563346862793,18.13563346862793,0,0.0,0.0
2018-02-02 00:00:00-03:00,18.13563346862793,18.13563346862793,18.13563346862793,18.13563346862793,0,0.0,0.0
2018-02-05 00:00:00-03:00,18.13563346862793,18.13563346862793,18.13563346862793,18.13563346862793,0,0.0,0.0
2018-02-06 00:00:00-03:00,18.13563346862793,18.13563346862793,18.13563346862793,18.13563346862793,0,0.0,0.0
2018-02-07 00:00:00-03:00,18.13563346862793,18.13563346862793,18.13563346862793,18.13563346862793,0,0.0,0.0
2018-02-08 00:00:00-03:00,18.13563346862793,18.13563346862793,18.13563346862793,18.13563346862793,0,0.0,0.0
2018-02-09 00:00:00-03:00,18.13563346862793,18.13563346862793,18.13563346862793,18.13563346862793,0,0.0,0.0
2018-02-14 00:00:00-03:00,18.13563346862793,18.13563346862793,18.13563346862793,18.13563346862793,0,0.0,0.0
2018-02-15 00:00:00-03:00,18.13563346862793,18.13563346862793,18.13563346862793,18.13563346862793,0,0.0,0.0
2018-02-16 00:00:00-03:00,18.13563346862793,18.13563346862793,18.13563346862793,18.13563346862793,0,0.0,0.0
2018-02-19 00:00:00-03:00,18.13563346862793,18.13563346862793,18.13563346862793,18.13563346862793,0,0.0,0.0
2018-02-20 00:00:00-03:00,18.24761962890625,18.24761962890625,18.24761962890625,18.24761962890625,0,175.45312,0.0
2018-02-21 00:00:00-03:00,18.24761962890625,18.24761962890625,18.24761962890625,18.24761962890625,0,0.0,0.0
2018-02-22 00:00:00-03:00,18.24761962890625,18.24761962890625,18.24761962890625,18.24761962890625,0,0.0,0.0
2018-02-23 00:00:00-03:00,18.24761962890625,18.24761962890625,18.24761962890625,18.24761962890625,0,0.0,0.0
2018-02-26 00:00:00-03:00,18.24761962890625,18.24761962890625,18.24761962890625,18.24761962890625,0,0.0,0.0
2018-02-27 00:00:00-03:00,18.24761962890625,18.24761962890625,18.24761962890625,18.24761962890625,0,0.0,0.0
2018-02-28 00:00:00-03:00,18.24761962890625,18.24761962890625,18.24761962890625,18.24761962890625,0,0.0,0.0
2018-03-01 00:00:00-03:00,18.24761962890625,18.24761962890625,18.24761962890625,18.24761962890625,0,0.0,0.0
2018-03-02 00:00:00-03:00,18.24761962890625,18.24761962890625,18.24761962890625,18.24761962890625,0,0.0,0.0
2018-03-05 00:00:00-03:00,18.24761962890625,18.24761962890625,18.24761962890625,18.24761962890625,0,0.0,0.0
2018-03-06 00:00:00-03:00,18.24761962890625,18.24761962890625,18.24761962890625,18.24761962890625,0,0.0,0.0
2018-03-07 00:00:00-03:00,18.24761962890625,18.24761962890625,18.24761962890625,18.24761962890625,0,0.0,0.0
2018-03-08 00:00:00-03:00,18.24761962890625,18.24761962890625,18.24761962890625,18.24761962890625,0,0.0,0.0
2018-03-09 00:00:00-03:00,18.24761962890625,18.24761962890625,18.24761962890625,18.24761962890625,0,0.0,0.0
2018-03-12 00:00:00-03:00,18.24761962890625,18.24761962890625,18.24761962890625,18.24761962890625,0,0.0,0.0
2018-03-13 00:00:00-03:00,18.24761962890625,18.24761962890625,18.24761962890625,18.24761962890625,0,0.0,0.0
2018-03-14 00:00:00-03:00,18.24761962890625,18.24761962890625,18.24761962890625,18.24761962890625,0,0.0,0.0
2018-03-15 00:00:00-03:00,18.24761962890625,18.24761962890625,18.24761962890625,18.24761962890625,0,0.0,0.0
2018-03-16 00:00:00-03:00,18.24761962890625,18.24761962890625,18.24761962890625,18.24761962890625,0,0.0,0.0
2018-03-19 00:00:00-03:00,18.24761962890625,18.24761962890625,18.24761962890625,18.24761962890625,0,0.0,0.0
2018-03-20 00:00:00-03:00,18.24761962890625,18.24761962890625,18.24761962890625,18.24761962890625,0,0.0,0.0
2018-03-21 00:00:00-03:00,18.24761962890625,18.24761962890625,18.24761962890625,18.24761962890625,0,0.0,0.0
2018-03-22 00:00:00-03:00,18.24761962890625,18.24761962890625,18.24761962890625,18.24761962890625,0,0.0,0.0
2018-03-23 00:00:00-03:00,18.24761962890625,18.24761962890625,18.24761962890625,18.24761962890625,0,0.0,0.0
2018-03-26 00:00:00-03:00,18.24761962890625,18.24761962890625,18.24761962890625,18.24761962890625,0,0.0,0.0
2018-03-27 00:00:00-03:00,18.24761962890625,18.24761962890625,18.24761962890625,18.24761962890625,0,0.0,0.0
2018-03-28 00:00:00-03:00,18.24761962890625,18.24761962890625,18.24761962890625,18.24761962890625,0,0.0,0.0
2018-04-03 00:00:00-03:00,18.24761962890625,18.24761962890625,18.24761962890625,18.24761962890625,0,0.0,0.0
2018-04-04 00:00:00-03:00,18.24761962890625,18.24761962890625,18.24761962890625,18.24761962890625,0,0.0,0.0
2018-04-05 00:00:00-03:00,18.24761962890625,18.24761962890625,18.24761962890625,18.24761962890625,0,0.0,0.0
2018-04-06 00:00:00-03:00,18.24761962890625,18.24761962890625,18.24761962890625,18.24761962890625,0,0.0,0.0
2018-04-09 00:00:00-03:00,18.24761962890625,18.24761962890625,18.24761962890625,18.24761962890625,0,0.0,0.0
2018-04-10 00:00:00-03:00,18.24761962890625,18.24761962890625,18.24761962890625,18.24761962890625,0,0.0,0.0
2018-04-11 00:00:00-03:00,18.24761962890625,18.24761962890625,18.24761962890625,18.24761962890625,0,0.0,0.0
2018-04-12 00:00:00-03:00,18.24761962890625,18.24761962890625,18.24761962890625,18.24761962890625,0,0.0,0.0
2018-04-13 00:00:00-03:00,18.24761962890625,18.24761962890625,18.24761962890625,18.24761962890625,0,0.0,0.0
2018-04-16 00:00:00-03:00,18.24761962890625,18.24761962890625,18.24761962890625,18.24761962890625,0,0.0,0.0
2018-04-17 00:00:00-03:00,18.24761962890625,18.24761962890625,18.24761962890625,18.24761962890625,0,0.0,0.0
2018-04-18 00:00:00-03:00,18.24761962890625,18.24761962890625,18.24761962890625,18.24761962890625,0,0.0,0.0
2018-04-19 00:00:00-03:00,18.24761962890625,18.24761962890625,18.24761962890625,18.24761962890625,0,0.0,0.0
2018-04-20 00:00:00-03:00,18.24761962890625,18.24761962890625,18.24761962890625,18.24761962890625,0,0.0,0.0
2018-04-23 00:00:00-03:00,18.24761962890625,18.24761962890625,18.24761962890625,18.24761962890625,0,0.0,0.0
2018-04-24 00:00:00-03:00,18.24761962890625,18.24761962890625,18.24761962890625,18.24761962890625,0,0.0,0.0
2018-04-25 00:00:00-03:00,18.24761962890625,18.24761962890625,18.24761962890625,18.24761962890625,0,0.0,0.0
2018-04-26 00:00:00-03:00,18.24761962890625,18.24761962890625,18.24761962890625,18.24761962890625,0,0.0,0.0
2018-04-27 00:00:00-03:00,18.24761962890625,18.24761962890625,18.24761962890625,18.24761962890625,0,0.0,0.0
2018-05-02 00:00:00-03:00,18.24761962890625,18.24761962890625,18.24761962890625,18.24761962890625,0,0.0,0.0
2018-05-03 00:00:00-03:00,18.24761962890625,18.24761962890625,18.24761962890625,18.24761962890625,0,0.0,0.0
2018-05-04 00:00:00-03:00,18.24761962890625,18.24761962890625,18.24761962890625,18.24761962890625,0,0.0,0.0
2018-05-07 00:00:00-03:00,18.24761962890625,18.24761962890625,18.24761962890625,18.24761962890625,0,0.0,0.0
2018-05-08 00:00:00-03:00,18.24761962890625,18.24761962890625,18.24761962890625,18.24761962890625,0,0.0,0.0
2018-05-09 00:00:00-03:00,18.24761962890625,18.24761962890625,18.24761962890625,18.24761962890625,0,0.0,0.0
2018-05-10 00:00:00-03:00,18.24761962890625,18.24761962890625,18.24761962890625,18.24761962890625,0,0.0,0.0
2018-05-11 00:00:00-03:00,18.24761962890625,18.24761962890625,18.24761962890625,18.24761962890625,0,0.0,0.0
2018-05-14 00:00:00-03:00,18.24761962890625,18.24761962890625,18.24761962890625,18.24761962890625,0,0.0,0.0
2018-05-15 00:00:00-03:00,18.24761962890625,18.24761962890625,18.24761962890625,18.24761962890625,0,0.0,0.0
2018-05-16 00:00:00-03:00,18.24761962890625,18.24761962890625,18.24761962890625,18.24761962890625,0,0.0,0.0
2018-05-17 00:00:00-03:00,18.24761962890625,18.24761962890625,18.24761962890625,18.24761962890625,0,0.0,0.0
2018-05-18 00:00:00-03:00,18.24761962890625,18.24761962890625,18.24761962890625,18.24761962890625,0,0.0,0.0
2018-05-21 00:00:00-03:00,18.24761962890625,18.24761962890625,18.24761962890625,18.24761962890625,0,0.0,0.0
2018-05-22 00:00:00-03:00,18.24761962890625,18.24761962890625,18.24761962890625,18.24761962890625,0,0.0,0.0
2018-05-23 00:00:00-03:00,18.24761962890625,18.24761962890625,18.24761962890625,18.24761962890625,0,0.0,0.0
2018-05-24 00:00:00-03:00,18.360294342041016,18.360294342041016,18.360294342041016,18.360294342041016,0,175.45312,0.0
2018-05-28 00:00:00-03:00,18.360294342041016,18.360294342041016,18.360294342041016,18.360294342041016,0,0.0,0.0
2018-05-29 00:00:00-03:00,18.360294342041016,18.360294342041016,18.360294342041016,18.360294342041016,0,0.0,0.0
2018-05-30 00:00:00-03:00,18.360294342041016,18.360294342041016,18.360294342041016,18.360294342041016,0,0.0,0.0
2018-05-31 00:00:00-03:00,18.360294342041016,18.360294342041016,18.360294342041016,18.360294342041016,0,0.0,0.0
2018-06-01 00:00:00-03:00,18.360294342041016,18.360294342041016,18.360294342041016,18.360294342041016,0,0.0,0.0
2018-06-04 00:00:00-03:00,18.360294342041016,18.360294342041016,18.360294342041016,18.360294342041016,0,0.0,0.0
2018-06-05 00:00:00-03:00,18.360294342041016,18.360294342041016,18.360294342041016,18.360294342041016,0,0.0,0.0
2018-06-06 00:00:00-03:00,18.360294342041016,18.360294342041016,18.360294342041016,18.360294342041016,0,0.0,0.0
2018-06-07 00:00:00-03:00,18.360294342041016,18.360294342041016,18.360294342041016,18.360294342041016,0,0.0,0.0
2018-06-08 00:00:00-03:00,18.360294342041016,18.360294342041016,18.360294342041016,18.360294342041016,0,0.0,0.0
2018-06-11 00:00:00-03:00,18.360294342041016,18.360294342041016,18.360294342041016,18.360294342041016,0,0.0,0.0
2018-06-12 00:00:00-03:00,18.360294342041016,18.360294342041016,18.360294342041016,18.360294342041016,0,0.0,0.0
2018-06-13 00:00:00-03:00,18.360294342041016,18.360294342041016,18.360294342041016,18.360294342041016,0,0.0,0.0
2018-06-14 00:00:00-03:00,18.360294342041016,18.360294342041016,18.360294342041016,18.360294342041016,0,0.0,0.0
2018-06-15 00:00:00-03:00,18.360294342041016,18.360294342041016,18.360294342041016,18.360294342041016,0,0.0,0.0
2018-06-18 00:00:00-03:00,18.360294342041016,18.360294342041016,18.360294342041016,18.360294342041016,0,0.0,0.0
2018-06-19 00:00:00-03:00,18.360294342041016,18.360294342041016,18.360294342041016,18.360294342041016,0,0.0,0.0
2018-06-21 00:00:00-03:00,18.360294342041016,18.360294342041016,18.360294342041016,18.360294342041016,0,0.0,0.0
2018-06-22 00:00:00-03:00,18.360294342041016,18.360294342041016,18.360294342041016,18.360294342041016,0,0.0,0.0
2018-06-25 00:00:00-03:00,18.360294342041016,18.360294342041016,18.360294342041016,18.360294342041016,0,0.0,0.0
2018-06-26 00:00:00-03:00,18.360294342041016,18.360294342041016,18.360294342041016,18.360294342041016,0,0.0,0.0
2018-06-27 00:00:00-03:00,18.360294342041016,18.360294342041016,18.360294342041016,18.360294342041016,0,0.0,0.0
2018-06-28 00:00:00-03:00,18.360294342041016,18.360294342041016,18.360294342041016,18.360294342041016,0,0.0,0.0
2018-06-29 00:00:00-03:00,18.360294342041016,18.360294342041016,18.360294342041016,18.360294342041016,0,0.0,0.0
2018-07-02 00:00:00-03:00,18.360294342041016,18.360294342041016,18.360294342041016,18.360294342041016,0,0.0,0.0
2018-07-03 00:00:00-03:00,18.360294342041016,18.360294342041016,18.360294342041016,18.360294342041016,0,0.0,0.0
2018-07-04 00:00:00-03:00,18.360294342041016,18.360294342041016,18.360294342041016,18.360294342041016,0,0.0,0.0
2018-07-05 00:00:00-03:00,18.360294342041016,18.360294342041016,18.360294342041016,18.360294342041016,0,0.0,0.0
2018-07-06 00:00:00-03:00,18.360294342041016,18.360294342041016,18.360294342041016,18.360294342041016,0,0.0,0.0
2018-07-10 00:00:00-03:00,18.360294342041016,18.360294342041016,18.360294342041016,18.360294342041016,0,0.0,0.0
2018-07-11 00:00:00-03:00,18.360294342041016,18.360294342041016,18.360294342041016,18.360294342041016,0,0.0,0.0
2018-07-12 00:00:00-03:00,18.360294342041016,18.360294342041016,18.360294342041016,18.360294342041016,0,0.0,0.0
2018-07-13 00:00:00-03:00,18.360294342041016,18.360294342041016,18.360294342041016,18.360294342041016,0,0.0,0.0
2018-07-16 00:00:00-03:00,18.360294342041016,18.360294342041016,18.360294342041016,18.360294342041016,0,0.0,0.0
2018-07-17 00:00:00-03:00,18.360294342041016,18.360294342041016,18.360294342041016,18.360294342041016,0,0.0,0.0
2018-07-18 00:00:00-03:00,18.360294342041016,18.360294342041016,18.360294342041016,18.360294342041016,0,0.0,0.0
2018-07-19 00:00:00-03:00,18.360294342041016,18.360294342041016,18.360294342041016,18.360294342041016,0,0.0,0.0
2018-07-20 00:00:00-03:00,18.360294342041016,18.360294342041016,18.360294342041016,18.360294342041016,0,0.0,0.0
2018-07-23 00:00:00-03:00,18.360294342041016,18.360294342041016,18.360294342041016,18.360294342041016,0,0.0,0.0
2018-07-24 00:00:00-03:00,18.360294342041016,18.360294342041016,18.360294342041016,18.360294342041016,0,0.0,0.0
2018-07-25 00:00:00-03:00,18.360294342041016,18.360294342041016,18.360294342041016,18.360294342041016,0,0.0,0.0
2018-07-26 00:00:00-03:00,18.360294342041016,18.360294342041016,18.360294342041016,18.360294342041016,0,0.0,0.0
2018-07-27 00:00:00-03:00,18.360294342041016,18.360294342041016,18.360294342041016,18.360294342041016,0,0.0,0.0
2018-07-30 00:00:00-03:00,18.360294342041016,18.360294342041016,18.360294342041016,18.360294342041016,0,0.0,0.0
2018-07-31 00:00:00-03:00,18.360294342041016,18.360294342041016,18.360294342041016,18.360294342041016,0,0.0,0.0
2018-08-01 00:00:00-03:00,18.360294342041016,18.360294342041016,18.360294342041016,18.360294342041016,0,0.0,0.0
2018-08-02 00:00:00-03:00,18.360294342041016,18.360294342041016,18.360294342041016,18.360294342041016,0,0.0,0.0
2018-08-03 00:00:00-03:00,18.360294342041016,18.360294342041016,18.360294342041016,18.360294342041016,0,0.0,0.0
2018-08-06 00:00:00-03:00,18.360294342041016,18.360294342041016,18.360294342041016,18.360294342041016,0,0.0,0.0
2018-08-07 00:00:00-03:00,18.360294342041016,18.360294342041016,18.360294342041016,18.360294342041016,0,0.0,0.0
2018-08-08 00:00:00-03:00,18.360294342041016,18.360294342041016,18.360294342041016,18.360294342041016,0,0.0,0.0
2018-08-09 00:00:00-03:00,18.360294342041016,18.360294342041016,18.360294342041016,18.360294342041016,0,0.0,0.0
2018-08-10 00:00:00-03:00,18.360294342041016,18.360294342041016,18.360294342041016,18.360294342041016,0,0.0,0.0
2018-08-13 00:00:00-03:00,18.360294342041016,18.360294342041016,18.360294342041016,18.360294342041016,0,0.0,0.0
2018-08-14 00:00:00-03:00,18.47366714477539,18.47366714477539,18.47366714477539,18.47366714477539,0,175.45312,0.0
2018-08-15 00:00:00-03:00,18.47366714477539,18.47366714477539,18.47366714477539,18.47366714477539,0,0.0,0.0
2018-08-16 00:00:00-03:00,18.47366714477539,18.47366714477539,18.47366714477539,18.47366714477539,0,0.0,0.0
2018-08-17 00:00:00-03:00,18.47366714477539,18.47366714477539,18.47366714477539,18.47366714477539,0,0.0,0.0
2018-08-21 00:00:00-03:00,18.47366714477539,18.47366714477539,18.47366714477539,18.47366714477539,0,0.0,0.0
2018-08-22 00:00:00-03:00,18.47366714477539,18.47366714477539,18.47366714477539,18.47366714477539,0,0.0,0.0
2018-08-23 00:00:00-03:00,18.47366714477539,18.47366714477539,18.47366714477539,18.47366714477539,0,0.0,0.0
2018-08-24 00:00:00-03:00,18.47366714477539,18.47366714477539,18.47366714477539,18.47366714477539,0,0.0,0.0
2018-08-27 00:00:00-03:00,18.47366714477539,18.47366714477539,18.47366714477539,18.47366714477539,0,0.0,0.0
2018-08-28 00:00:00-03:00,18.47366714477539,18.47366714477539,18.47366714477539,18.47366714477539,0,0.0,0.0
2018-08-29 00:00:00-03:00,18.47366714477539,18.47366714477539,18.47366714477539,18.47366714477539,0,0.0,0.0
2018-08-30 00:00:00-03:00,18.47366714477539,18.47366714477539,18.47366714477539,18.47366714477539,0,0.0,0.0
2018-08-31 00:00:00-03:00,18.47366714477539,18.47366714477539,18.47366714477539,18.47366714477539,0,0.0,0.0
2018-09-03 00:00:00-03:00,18.47366714477539,18.47366714477539,18.47366714477539,18.47366714477539,0,0.0,0.0
2018-09-04 00:00:00-03:00,18.47366714477539,18.47366714477539,18.47366714477539,18.47366714477539,0,0.0,0.0
2018-09-05 00:00:00-03:00,18.47366714477539,18.47366714477539,18.47366714477539,18.47366714477539,0,0.0,0.0
2018-09-06 00:00:00-03:00,18.47366714477539,18.47366714477539,18.47366714477539,18.47366714477539,0,0.0,0.0
2018-09-07 00:00:00-03:00,18.47366714477539,18.47366714477539,18.47366714477539,18.47366714477539,0,0.0,0.0
2018-09-10 00:00:00-03:00,18.47366714477539,18.47366714477539,18.47366714477539,18.47366714477539,0,0.0,0.0
2018-09-11 00:00:00-03:00,18.47366714477539,18.47366714477539,18.47366714477539,18.47366714477539,0,0.0,0.0
2018-09-12 00:00:00-03:00,18.47366714477539,18.47366714477539,18.47366714477539,18.47366714477539,0,0.0,0.0
2018-09-13 00:00:00-03:00,18.47366714477539,18.47366714477539,18.47366714477539,18.47366714477539,0,0.0,0.0
2018-09-14 00:00:00-03:00,18.47366714477539,18.47366714477539,18.47366714477539,18.47366714477539,0,0.0,0.0
2018-09-17 00:00:00-03:00,18.47366714477539,18.47366714477539,18.47366714477539,18.47366714477539,0,0.0,0.0
2018-09-18 00:00:00-03:00,18.47366714477539,18.47366714477539,18.47366714477539,18.47366714477539,0,0.0,0.0
2018-09-19 00:00:00-03:00,18.47366714477539,18.47366714477539,18.47366714477539,18.47366714477539,0,0.0,0.0
2018-09-20 00:00:00-03:00,18.47366714477539,18.47366714477539,18.47366714477539,18.47366714477539,0,0.0,0.0
2018-09-21 00:00:00-03:00,18.47366714477539,18.47366714477539,18.47366714477539,18.47366714477539,0,0.0,0.0
2018-09-24 00:00:00-03:00,18.47366714477539,18.47366714477539,18.47366714477539,18.47366714477539,0,0.0,0.0
2018-09-25 00:00:00-03:00,18.47366714477539,18.47366714477539,18.47366714477539,18.47366714477539,0,0.0,0.0
2018-09-26 00:00:00-03:00,18.47366714477539,18.47366714477539,18.47366714477539,18.47366714477539,0,0.0,0.0
2018-09-27 00:00:00-03:00,18.47366714477539,18.47366714477539,18.47366714477539,18.47366714477539,0,0.0,0.0
2018-09-28 00:00:00-03:00,18.47366714477539,18.47366714477539,18.47366714477539,18.47366714477539,0,0.0,0.0
2018-10-01 00:00:00-03:00,18.47366714477539,18.47366714477539,18.47366714477539,18.47366714477539,0,0.0,0.0
2018-10-02 00:00:00-03:00,18.47366714477539,18.47366714477539,18.47366714477539,18.47366714477539,0,0.0,0.0
2018-10-03 00:00:00-03:00,18.47366714477539,18.47366714477539,18.47366714477539,18.47366714477539,0,0.0,0.0
2018-10-04 00:00:00-03:00,18.47366714477539,18.47366714477539,18.47366714477539,18.47366714477539,0,0.0,0.0
2018-10-05 00:00:00-03:00,18.47366714477539,18.47366714477539,18.47366714477539,18.47366714477539,0,0.0,0.0
2018-10-08 00:00:00-03:00,18.47366714477539,18.47366714477539,18.47366714477539,18.47366714477539,0,0.0,0.0
2018-10-09 00:00:00-03:00,18.47366714477539,18.47366714477539,18.47366714477539,18.47366714477539,0,0.0,0.0
2018-10-10 00:00:00-03:00,18.47366714477539,18.47366714477539,18.47366714477539,18.47366714477539,0,0.0,0.0
2018-10-11 00:00:00-03:00,18.47366714477539,18.47366714477539,18.47366714477539,18.47366714477539,0,0.0,0.0
2018-10-12 00:00:00-03:00,18.47366714477539,18.47366714477539,18.47366714477539,18.47366714477539,0,0.0,0.0
2018-10-16 00:00:00-03:00,18.47366714477539,18.47366714477539,18.47366714477539,18.47366714477539,0,0.0,0.0
2018-10-17 00:00:00-03:00,18.47366714477539,18.47366714477539,18.47366714477539,18.47366714477539,0,0.0,0.0
2018-10-18 00:00:00-03:00,18.47366714477539,18.47366714477539,18.47366714477539,18.47366714477539,0,0.0,0.0
2018-10-19 00:00:00-03:00,18.47366714477539,18.47366714477539,18.47366714477539,18.47366714477539,0,0.0,0.0
2018-10-22 00:00:00-03:00,18.47366714477539,18.47366714477539,18.47366714477539,18.47366714477539,0,0.0,0.0
2018-10-23 00:00:00-03:00,18.47366714477539,18.47366714477539,18.47366714477539,18.47366714477539,0,0.0,0.0
2018-10-24 00:00:00-03:00,18.47366714477539,18.47366714477539,18.47366714477539,18.47366714477539,0,0.0,0.0
2018-10-25 00:00:00-03:00,18.47366714477539,18.47366714477539,18.47366714477539,18.47366714477539,0,0.0,0.0
2018-10-26 00:00:00-03:00,18.47366714477539,18.47366714477539,18.47366714477539,18.47366714477539,0,0.0,0.0
2018-10-29 00:00:00-03:00,18.47366714477539,18.47366714477539,18.47366714477539,18.47366714477539,0,0.0,0.0
2018-10-30 00:00:00-03:00,18.47366714477539,18.47366714477539,18.47366714477539,18.47366714477539,0,0.0,0.0
2018-10-31 00:00:00-03:00,18.47366714477539,18.47366714477539,18.47366714477539,18.47366714477539,0,0.0,0.0
2018-11-01 00:00:00-03:00,18.47366714477539,18.47366714477539,18.47366714477539,18.47366714477539,0,0.0,0.0
2018-11-02 00:00:00-03:00,18.47366714477539,18.47366714477539,18.47366714477539,18.47366714477539,0,0.0,0.0
2018-11-05 00:00:00-03:00,18.47366714477539,18.47366714477539,18.47366714477539,18.47366714477539,0,0.0,0.0
2018-11-07 00:00:00-03:00,18.47366714477539,18.47366714477539,18.47366714477539,18.47366714477539,0,0.0,0.0
2018-11-08 00:00:00-03:00,18.47366714477539,18.47366714477539,18.47366714477539,18.47366714477539,0,0.0,0.0
2018-11-09 00:00:00-03:00,18.47366714477539,18.47366714477539,18.47366714477539,18.47366714477539,0,0.0,0.0
2018-11-12 00:00:00-03:00,18.47366714477539,18.47366714477539,18.47366714477539,18.47366714477539,0,0.0,0.0
2018-11-13 00:00:00-03:00,18.47366714477539,18.47366714477539,18.47366714477539,18.47366714477539,0,0.0,0.0
2018-11-14 00:00:00-03:00,18.593786239624023,18.593786239624023,18.593786239624023,18.593786239624023,0,184.6875,0.0
2018-11-15 00:00:00-03:00,18.593786239624023,18.593786239624023,18.593786239624023,18.593786239624023,0,0.0,0.0
2018-11-16 00:00:00-03:00,18.593786239624023,18.593786239624023,18.593786239624023,18.593786239624023,0,0.0,0.0
2018-11-20 00:00:00-03:00,18.593786239624023,18.593786239624023,18.593786239624023,18.593786239624023,0,0.0,0.0
2018-11-21 00:00:00-03:00,18.593786239624023,18.593786239624023,18.593786239624023,18.593786239624023,0,0.0,0.0
2018-11-22 00:00:00-03:00,18.593786239624023,18.593786239624023,18.593786239624023,18.593786239624023,0,0.0,0.0
2018-11-23 00:00:00-03:00,18.593786239624023,18.593786239624023,18.593786239624023,18.593786239624023,0,0.0,0.0
2018-11-26 00:00:00-03:00,18.593786239624023,18.593786239624023,18.593786239624023,18.593786239624023,0,0.0,0.0
2018-11-27 00:00:00-03:00,18.593786239624023,18.593786239624023,18.593786239624023,18.593786239624023,0,0.0,0.0
2018-11-28 00:00:00-03:00,18.593786239624023,18.593786239624023,18.593786239624023,18.593786239624023,0,0.0,0.0
2018-11-29 00:00:00-03:00,18.593786239624023,18.593786239624023,18.593786239624023,18.593786239624023,0,0.0,0.0
2018-11-30 00:00:00-03:00,18.593786239624023,18.593786239624023,18.593786239624023,18.593786239624023,0,0.0,0.0
2018-12-03 00:00:00-03:00,18.593786239624023,18.593786239624023,18.593786239624023,18.593786239624023,0,0.0,0.0
2018-12-04 00:00:00-03:00,18.593786239624023,18.593786239624023,18.593786239624023,18.593786239624023,0,0.0,0.0
2018-12-05 00:00:00-03:00,18.593786239624023,18.593786239624023,18.593786239624023,18.593786239624023,0,0.0,0.0
2018-12-06 00:00:00-03:00,18.593786239624023,18.593786239624023,18.593786239624023,18.593786239624023,0,0.0,0.0
2018-12-07 00:00:00-03:00,18.593786239624023,18.593786239624023,18.593786239624023,18.593786239624023,0,0.0,0.0
2018-12-10 00:00:00-03:00,18.593786239624023,18.593786239624023,18.593786239624023,18.593786239624023,0,0.0,0.0
2018-12-11 00:00:00-03:00,18.593786239624023,18.593786239624023,18.593786239624023,18.593786239624023,0,0.0,0.0
2018-12-12 00:00:00-03:00,18.593786239624023,18.593786239624023,18.593786239624023,18.593786239624023,0,0.0,0.0
2018-12-13 00:00:00-03:00,18.593786239624023,18.593786239624023,18.593786239624023,18.593786239624023,0,0.0,0.0
2018-12-14 00:00:00-03:00,18.593786239624023,18.593786239624023,18.593786239624023,18.593786239624023,0,0.0,0.0
2018-12-17 00:00:00-03:00,18.593786239624023,18.593786239624023,18.593786239624023,18.593786239624023,0,0.0,0.0
2018-12-18 00:00:00-03:00,18.593786239624023,18.593786239624023,18.593786239624023,18.593786239624023,0,0.0,0.0
2018-12-19 00:00:00-03:00,18.593786239624023,18.593786239624023,18.593786239624023,18.593786239624023,0,0.0,0.0
2018-12-20 00:00:00-03:00,18.593786239624023,18.593786239624023,18.593786239624023,18.593786239624023,0,0.0,0.0
2018-12-21 00:00:00-03:00,18.593786239624023,18.593786239624023,18.593786239624023,18.593786239624023,0,0.0,0.0
2018-12-26 00:00:00-03:00,18.593786239624023,18.593786239624023,18.593786239624023,18.593786239624023,0,0.0,0.0
2018-12-27 00:00:00-03:00,18.593786239624023,18.593786239624023,18.593786239624023,18.593786239624023,0,0.0,0.0
2018-12-28 00:00:00-03:00,18.593786239624023,18.593786239624023,18.593786239624023,18.593786239624023,0,0.0,0.0
2018-12-31 00:00:00-03:00,18.593786239624023,18.593786239624023,18.593786239624023,18.593786239624023,0,0.0,0.0
2019-01-02 00:00:00-03:00,18.593786239624023,18.593786239624023,18.593786239624023,18.593786239624023,0,0.0,0.0
2019-01-03 00:00:00-03:00,18.593786239624023,18.593786239624023,18.593786239624023,18.593786239624023,0,0.0,0.0
2019-01-04 00:00:00-03:00,18.593786239624023,18.593786239624023,18.593786239624023,18.593786239624023,0,0.0,0.0
2019-01-07 00:00:00-03:00,18.593786239624023,18.593786239624023,18.593786239624023,18.593786239624023,0,0.0,0.0
2019-01-08 00:00:00-03:00,18.593786239624023,18.593786239624023,18.593786239624023,18.593786239624023,0,0.0,0.0
2019-01-09 00:00:00-03:00,18.593786239624023,18.593786239624023,18.593786239624023,18.593786239624023,0,0.0,0.0
2019-01-10 00:00:00-03:00,18.593786239624023,18.593786239624023,18.593786239624023,18.593786239624023,0,0.0,0.0
2019-01-11 00:00:00-03:00,18.593786239624023,18.593786239624023,18.593786239624023,18.593786239624023,0,0.0,0.0
2019-01-14 00:00:00-03:00,18.593786239624023,18.593786239624023,18.593786239624023,18.593786239624023,0,0.0,0.0
2019-01-15 00:00:00-03:00,18.593786239624023,18.593786239624023,18.593786239624023,18.593786239624023,0,0.0,0.0
2019-01-16 00:00:00-03:00,18.593786239624023,18.593786239624023,18.593786239624023,18.593786239624023,0,0.0,0.0
2019-01-17 00:00:00-03:00,18.593786239624023,18.593786239624023,18.593786239624023,18.593786239624023,0,0.0,0.0
2019-01-18 00:00:00-03:00,18.593786239624023,18.593786239624023,18.593786239624023,18.593786239624023,0,0.0,0.0
2019-01-21 00:00:00-03:00,18.593786239624023,18.593786239624023,18.593786239624023,18.593786239624023,0,0.0,0.0
2019-01-22 00:00:00-03:00,18.593786239624023,18.593786239624023,18.593786239624023,18.593786239624023,0,0.0,0.0
2019-01-23 00:00:00-03:00,18.593786239624023,18.593786239624023,18.593786239624023,18.593786239624023,0,0.0,0.0
2019-01-24 00:00:00-03:00,18.593786239624023,18.593786239624023,18.593786239624023,18.593786239624023,0,0.0,0.0
2019-01-25 00:00:00-03:00,18.593786239624023,18.593786239624023,18.593786239624023,18.593786239624023,0,0.0,0.0
2019-01-28 00:00:00-03:00,18.593786239624023,18.593786239624023,18.593786239624023,18.593786239624023,0,0.0,0.0
2019-01-29 00:00:00-03:00,18.593786239624023,18.593786239624023,18.593786239624023,18.593786239624023,0,0.0,0.0
2019-01-30 00:00:00-03:00,18.593786239624023,18.593786239624023,18.593786239624023,18.593786239624023,0,0.0,0.0
2019-01-31 00:00:00-03:00,18.593786239624023,18.593786239624023,18.593786239624023,18.593786239624023,0,0.0,0.0
2019-02-01 00:00:00-03:00,18.593786239624023,18.593786239624023,18.593786239624023,18.593786239624023,0,0.0,0.0
2019-02-04 00:00:00-03:00,18.593786239624023,18.593786239624023,18.593786239624023,18.593786239624023,0,0.0,0.0
2019-02-05 00:00:00-03:00,18.593786239624023,18.593786239624023,18.593786239624023,18.593786239624023,0,0.0,0.0
2019-02-06 00:00:00-03:00,18.593786239624023,18.593786239624023,18.593786239624023,18.593786239624023,0,0.0,0.0
2019-02-07 00:00:00-03:00,18.593786239624023,18.593786239624023,18.593786239624023,18.593786239624023,0,0.0,0.0
2019-02-08 00:00:00-03:00,18.593786239624023,18.593786239624023,18.593786239624023,18.593786239624023,0,0.0,0.0
2019-02-11 00:00:00-03:00,18.593786239624023,18.593786239624023,18.593786239624023,18.593786239624023,0,0.0,0.0
2019-02-12 00:00:00-03:00,18.593786239624023,18.593786239624023,18.593786239624023,18.593786239624023,0,0.0,0.0
2019-02-13 00:00:00-03:00,18.593786239624023,18.593786239624023,18.593786239624023,18.593786239624023,0,0.0,0.0
2019-02-14 00:00:00-03:00,18.593786239624023,18.593786239624023,18.593786239624023,18.593786239624023,0,0.0,0.0
2019-02-15 00:00:00-03:00,18.593786239624023,18.593786239624023,18.593786239624023,18.593786239624023,0,0.0,0.0
2019-02-18 00:00:00-03:00,18.593786239624023,18.593786239624023,18.593786239624023,18.593786239624023,0,0.0,0.0
2019-02-19 00:00:00-03:00,18.593786239624023,18.593786239624023,18.593786239624023,18.593786239624023,0,0.0,0.0
2019-02-20 00:00:00-03:00,18.714683532714844,18.714683532714844,18.714683532714844,18.714683532714844,0,184.6875,0.0
2019-02-21 00:00:00-03:00,18.714683532714844,18.714683532714844,18.714683532714844,18.714683532714844,0,0.0,0.0
2019-02-22 00:00:00-03:00,18.714683532714844,18.714683532714844,18.714683532714844,18.714683532714844,0,0.0,0.0
2019-02-25 00:00:00-03:00,18.714683532714844,18.714683532714844,18.714683532714844,18.714683532714844,0,0.0,0.0
2019-02-26 00:00:00-03:00,18.714683532714844,18.714683532714844,18.714683532714844,18.714683532714844,0,0.0,0.0
2019-02-27 00:00:00-03:00,18.714683532714844,18.714683532714844,18.714683532714844,18.714683532714844,0,0.0,0.0
2019-02-28 00:00:00-03:00,18.714683532714844,18.714683532714844,18.714683532714844,18.714683532714844,0,0.0,0.0
2019-03-01 00:00:00-03:00,18.714683532714844,18.714683532714844,18.714683532714844,18.714683532714844,0,0.0,0.0
2019-03-06 00:00:00-03:00,18.714683532714844,18.714683532714844,18.714683532714844,18.714683532714844,0,0.0,0.0
2019-03-07 00:00:00-03:00,18.714683532714844,18.714683532714844,18.714683532714844,18.714683532714844,0,0.0,0.0
2019-03-08 00:00:00-03:00,18.714683532714844,18.714683532714844,18.714683532714844,18.714683532714844,0,0.0,0.0
2019-03-11 00:00:00-03:00,18.714683532714844,18.714683532714844,18.714683532714844,18.714683532714844,0,0.0,0.0
2019-03-12 00:00:00-03:00,18.714683532714844,18.714683532714844,18.714683532714844,18.714683532714844,0,0.0,0.0
2019-03-13 00:00:00-03:00,18.714683532714844,18.714683532714844,18.714683532714844,18.714683532714844,0,0.0,0.0
2019-03-14 00:00:00-03:00,18.714683532714844,18.714683532714844,18.714683532714844,18.714683532714844,0,0.0,0.0
2019-03-15 00:00:00-03:00,18.714683532714844,18.714683532714844,18.714683532714844,18.714683532714844,0,0.0,0.0
2019-03-18 00:00:00-03:00,18.714683532714844,18.714683532714844,18.714683532714844,18.714683532714844,0,0.0,0.0
2019-03-19 00:00:00-03:00,18.714683532714844,18.714683532714844,18.714683532714844,18.714683532714844,0,0.0,0.0
2019-03-20 00:00:00-03:00,18.714683532714844,18.714683532714844,18.714683532714844,18.714683532714844,0,0.0,0.0
2019-03-21 00:00:00-03:00,18.714683532714844,18.714683532714844,18.714683532714844,18.714683532714844,0,0.0,0.0
2019-03-22 00:00:00-03:00,18.714683532714844,18.714683532714844,18.714683532714844,18.714683532714844,0,0.0,0.0
2019-03-25 00:00:00-03:00,18.714683532714844,18.714683532714844,18.714683532714844,18.714683532714844,0,0.0,0.0
2019-03-26 00:00:00-03:00,18.714683532714844,18.714683532714844,18.714683532714844,18.714683532714844,0,0.0,0.0
2019-03-27 00:00:00-03:00,18.714683532714844,18.714683532714844,18.714683532714844,18.714683532714844,0,0.0,0.0
2019-03-28 00:00:00-03:00,18.714683532714844,18.714683532714844,18.714683532714844,18.714683532714844,0,0.0,0.0
2019-03-29 00:00:00-03:00,18.714683532714844,18.714683532714844,18.714683532714844,18.714683532714844,0,0.0,0.0
2019-04-01 00:00:00-03:00,18.714683532714844,18.714683532714844,18.714683532714844,18.714683532714844,0,0.0,0.0
2019-04-03 00:00:00-03:00,18.714683532714844,18.714683532714844,18.714683532714844,18.714683532714844,0,0.0,0.0
2019-04-04 00:00:00-03:00,18.714683532714844,18.714683532714844,18.714683532714844,18.714683532714844,0,0.0,0.0
2019-04-05 00:00:00-03:00,18.714683532714844,18.714683532714844,18.714683532714844,18.714683532714844,0,0.0,0.0
2019-04-08 00:00:00-03:00,18.714683532714844,18.714683532714844,18.714683532714844,18.714683532714844,0,0.0,0.0
2019-04-09 00:00:00-03:00,18.714683532714844,18.714683532714844,18.714683532714844,18.714683532714844,0,0.0,0.0
2019-04-10 00:00:00-03:00,18.714683532714844,18.714683532714844,18.714683532714844,18.714683532714844,0,0.0,0.0
2019-04-11 00:00:00-03:00,18.714683532714844,18.714683532714844,18.714683532714844,18.714683532714844,0,0.0,0.0
2019-04-12 00:00:00-03:00,18.714683532714844,18.714683532714844,18.714683532714844,18.714683532714844,0,0.0,0.0
2019-04-15 00:00:00-03:00,18.714683532714844,18.714683532714844,18.714683532714844,18.714683532714844,0,0.0,0.0
2019-04-16 00:00:00-03:00,18.714683532714844,18.714683532714844,18.714683532714844,18.714683532714844,0,0.0,0.0
2019-04-17 00:00:00-03:00,18.714683532714844,18.714683532714844,18.714683532714844,18.714683532714844,0,0.0,0.0
2019-04-22 00:00:00-03:00,18.714683532714844,18.714683532714844,18.714683532714844,18.714683532714844,0,0.0,0.0
2019-04-23 00:00:00-03:00,18.714683532714844,18.714683532714844,18.714683532714844,18.714683532714844,0,0.0,0.0
2019-04-24 00:00:00-03:00,18.714683532714844,18.714683532714844,18.714683532714844,18.714683532714844,0,0.0,0.0
2019-04-25 00:00:00-03:00,18.714683532714844,18.714683532714844,18.714683532714844,18.714683532714844,0,0.0,0.0
2019-04-26 00:00:00-03:00,18.714683532714844,18.714683532714844,18.714683532714844,18.714683532714844,0,0.0,0.0
2019-04-29 00:00:00-03:00,18.714683532714844,18.714683532714844,18.714683532714844,18.714683532714844,0,0.0,0.0
2019-04-30 00:00:00-03:00,18.714683532714844,18.714683532714844,18.714683532714844,18.714683532714844,0,0.0,0.0
2019-05-02 00:00:00-03:00,18.714683532714844,18.714683532714844,18.714683532714844,18.714683532714844,0,0.0,0.0
2019-05-03 00:00:00-03:00,18.714683532714844,18.714683532714844,18.714683532714844,18.714683532714844,0,0.0,0.0
2019-05-06 00:00:00-03:00,18.714683532714844,18.714683532714844,18.714683532714844,18.714683532714844,0,0.0,0.0
2019-05-07 00:00:00-03:00,18.714683532714844,18.714683532714844,18.714683532714844,18.714683532714844,0,0.0,0.0
2019-05-08 00:00:00-03:00,18.714683532714844,18.714683532714844,18.714683532714844,18.714683532714844,0,0.0,0.0
2019-05-09 00:00:00-03:00,18.714683532714844,18.714683532714844,18.714683532714844,18.714683532714844,0,0.0,0.0
2019-05-10 00:00:00-03:00,18.714683532714844,18.714683532714844,18.714683532714844,18.714683532714844,0,0.0,0.0
2019-05-13 00:00:00-03:00,18.714683532714844,18.714683532714844,18.714683532714844,18.714683532714844,0,0.0,0.0
2019-05-14 00:00:00-03:00,18.714683532714844,18.714683532714844,18.714683532714844,18.714683532714844,0,0.0,0.0
2019-05-15 00:00:00-03:00,18.714683532714844,18.714683532714844,18.714683532714844,18.714683532714844,0,0.0,0.0
2019-05-16 00:00:00-03:00,18.714683532714844,18.714683532714844,18.714683532714844,18.714683532714844,0,0.0,0.0
2019-05-17 00:00:00-03:00,18.714683532714844,18.714683532714844,18.714683532714844,18.714683532714844,0,0.0,0.0
2019-05-20 00:00:00-03:00,18.714683532714844,18.714683532714844,18.714683532714844,18.714683532714844,0,0.0,0.0
2019-05-21 00:00:00-03:00,18.714683532714844,18.714683532714844,18.714683532714844,18.714683532714844,0,0.0,0.0
2019-05-22 00:00:00-03:00,18.714683532714844,18.714683532714844,18.714683532714844,18.714683532714844,0,0.0,0.0
2019-05-23 00:00:00-03:00,18.714683532714844,18.714683532714844,18.714683532714844,18.714683532714844,0,0.0,0.0
2019-05-24 00:00:00-03:00,18.836362838745117,18.836362838745117,18.836362838745117,18.836362838745117,0,184.6875,0.0
2019-05-27 00:00:00-03:00,18.836362838745117,18.836362838745117,18.836362838745117,18.836362838745117,0,0.0,0.0
2019-05-28 00:00:00-03:00,18.836362838745117,18.836362838745117,18.836362838745117,18.836362838745117,0,0.0,0.0
2019-05-29 00:00:00-03:00,18.836362838745117,18.836362838745117,18.836362838745117,18.836362838745117,0,0.0,0.0
2019-05-30 00:00:00-03:00,18.836362838745117,18.836362838745117,18.836362838745117,18.836362838745117,0,0.0,0.0
2019-05-31 00:00:00-03:00,18.836362838745117,18.836362838745117,18.836362838745117,18.836362838745117,0,0.0,0.0
2019-06-03 00:00:00-03:00,18.836362838745117,18.836362838745117,18.836362838745117,18.836362838745117,0,0.0,0.0
2019-06-04 00:00:00-03:00,18.836362838745117,18.836362838745117,18.836362838745117,18.836362838745117,0,0.0,0.0
2019-06-05 00:00:00-03:00,18.836362838745117,18.836362838745117,18.836362838745117,18.836362838745117,0,0.0,0.0
2019-06-06 00:00:00-03:00,18.836362838745117,18.836362838745117,18.836362838745117,18.836362838745117,0,0.0,0.0
2019-06-07 00:00:00-03:00,18.836362838745117,18.836362838745117,18.836362838745117,18.836362838745117,0,0.0,0.0
2019-06-10 00:00:00-03:00,18.836362838745117,18.836362838745117,18.836362838745117,18.836362838745117,0,0.0,0.0
2019-06-11 00:00:00-03:00,18.836362838745117,18.836362838745117,18.836362838745117,18.836362838745117,0,0.0,0.0
2019-06-12 00:00:00-03:00,18.836362838745117,18.836362838745117,18.836362838745117,18.836362838745117,0,0.0,0.0
2019-06-13 00:00:00-03:00,18.836362838745117,18.836362838745117,18.836362838745117,18.836362838745117,0,0.0,0.0
2019-06-14 00:00:00-03:00,18.836362838745117,18.836362838745117,18.836362838745117,18.836362838745117,0,0.0,0.0
2019-06-18 00:00:00-03:00,18.836362838745117,18.836362838745117,18.836362838745117,18.836362838745117,0,0.0,0.0
2019-06-19 00:00:00-03:00,18.836362838745117,18.836362838745117,18.836362838745117,18.836362838745117,0,0.0,0.0
2019-06-21 00:00:00-03:00,18.836362838745117,18.836362838745117,18.836362838745117,18.836362838745117,0,0.0,0.0
2019-06-24 00:00:00-03:00,18.836362838745117,18.836362838745117,18.836362838745117,18.836362838745117,0,0.0,0.0
2019-06-25 00:00:00-03:00,18.836362838745117,18.836362838745117,18.836362838745117,18.836362838745117,0,0.0,0.0
2019-06-26 00:00:00-03:00,18.836362838745117,18.836362838745117,18.836362838745117,18.836362838745117,0,0.0,0.0
2019-06-27 00:00:00-03:00,18.836362838745117,18.836362838745117,18.836362838745117,18.836362838745117,0,0.0,0.0
2019-06-28 00:00:00-03:00,18.836362838745117,18.836362838745117,18.836362838745117,18.836362838745117,0,0.0,0.0
2019-07-01 00:00:00-03:00,18.836362838745117,18.836362838745117,18.836362838745117,18.836362838745117,0,0.0,0.0
2019-07-02 00:00:00-03:00,18.836362838745117,18.836362838745117,18.836362838745117,18.836362838745117,0,0.0,0.0
2019-07-03 00:00:00-03:00,18.836362838745117,18.836362838745117,18.836362838745117,18.836362838745117,0,0.0,0.0
2019-07-04 00:00:00-03:00,18.836362838745117,18.836362838745117,18.836362838745117,18.836362838745117,0,0.0,0.0
2019-07-05 00:00:00-03:00,18.836362838745117,18.836362838745117,18.836362838745117,18.836362838745117,0,0.0,0.0
2019-07-10 00:00:00-03:00,18.836362838745117,18.836362838745117,18.836362838745117,18.836362838745117,0,0.0,0.0
2019-07-11 00:00:00-03:00,18.836362838745117,18.836362838745117,18.836362838745117,18.836362838745117,0,0.0,0.0
2019-07-12 00:00:00-03:00,18.836362838745117,18.836362838745117,18.836362838745117,18.836362838745117,0,0.0,0.0
2019-07-15 00:00:00-03:00,18.836362838745117,18.836362838745117,18.836362838745117,18.836362838745117,0,0.0,0.0
2019-07-16 00:00:00-03:00,18.836362838745117,18.836362838745117,18.836362838745117,18.836362838745117,0,0.0,0.0
2019-07-17 00:00:00-03:00,18.836362838745117,18.836362838745117,18.836362838745117,18.836362838745117,0,0.0,0.0
2019-07-18 00:00:00-03:00,18.836362838745117,18.836362838745117,18.836362838745117,18.836362838745117,0,0.0,0.0
2019-07-19 00:00:00-03:00,18.836362838745117,18.836362838745117,18.836362838745117,18.836362838745117,0,0.0,0.0
2019-07-22 00:00:00-03:00,18.836362838745117,18.836362838745117,18.836362838745117,18.836362838745117,0,0.0,0.0
2019-07-23 00:00:00-03:00,18.836362838745117,18.836362838745117,18.836362838745117,18.836362838745117,0,0.0,0.0
2019-07-24 00:00:00-03:00,18.836362838745117,18.836362838745117,18.836362838745117,18.836362838745117,0,0.0,0.0
2019-07-25 00:00:00-03:00,18.836362838745117,18.836362838745117,18.836362838745117,18.836362838745117,0,0.0,0.0
2019-07-26 00:00:00-03:00,18.836362838745117,18.836362838745117,18.836362838745117,18.836362838745117,0,0.0,0.0
2019-07-29 00:00:00-03:00,18.836362838745117,18.836362838745117,18.836362838745117,18.836362838745117,0,0.0,0.0
2019-07-30 00:00:00-03:00,18.836362838745117,18.836362838745117,18.836362838745117,18.836362838745117,0,0.0,0.0
2019-07-31 00:00:00-03:00,18.836362838745117,18.836362838745117,18.836362838745117,18.836362838745117,0,0.0,0.0
2019-08-01 00:00:00-03:00,18.836362838745117,18.836362838745117,18.836362838745117,18.836362838745117,0,0.0,0.0
2019-08-02 00:00:00-03:00,18.836362838745117,18.836362838745117,18.836362838745117,18.836362838745117,0,0.0,0.0
2019-08-05 00:00:00-03:00,18.836362838745117,18.836362838745117,18.836362838745117,18.836362838745117,0,0.0,0.0
2019-08-06 00:00:00-03:00,18.836362838745117,18.836362838745117,18.836362838745117,18.836362838745117,0,0.0,0.0
2019-08-07 00:00:00-03:00,18.836362838745117,18.836362838745117,18.836362838745117,18.836362838745117,0,0.0,0.0
2019-08-08 00:00:00-03:00,18.836362838745117,18.836362838745117,18.836362838745117,18.836362838745117,0,0.0,0.0
2019-08-09 00:00:00-03:00,18.836362838745117,18.836362838745117,18.836362838745117,18.836362838745117,0,0.0,0.0
2019-08-12 00:00:00-03:00,18.836362838745117,18.836362838745117,18.836362838745117,18.836362838745117,0,0.0,0.0
2019-08-13 00:00:00-03:00,18.836362838745117,18.836362838745117,18.836362838745117,18.836362838745117,0,0.0,0.0
2019-08-14 00:00:00-03:00,18.958833694458008,18.958833694458008,18.958833694458008,18.958833694458008,0,184.6875,0.0
2019-08-15 00:00:00-03:00,18.958833694458008,18.958833694458008,18.958833694458008,18.958833694458008,0,0.0,0.0
2019-08-16 00:00:00-03:00,18.958833694458008,18.958833694458008,18.958833694458008,18.958833694458008,0,0.0,0.0
2019-08-20 00:00:00-03:00,18.958833694458008,18.958833694458008,18.958833694458008,18.958833694458008,0,0.0,0.0
2019-08-21 00:00:00-03:00,18.958833694458008,18.958833694458008,18.958833694458008,18.958833694458008,0,0.0,0.0
2019-08-22 00:00:00-03:00,18.958833694458008,18.958833694458008,18.958833694458008,18.958833694458008,0,0.0,0.0
2019-08-23 00:00:00-03:00,18.958833694458008,18.958833694458008,18.958833694458008,18.958833694458008,0,0.0,0.0
2019-08-26 00:00:00-03:00,18.958833694458008,18.958833694458008,18.958833694458008,18.958833694458008,0,0.0,0.0
2019-08-27 00:00:00-03:00,18.958833694458008,18.958833694458008,18.958833694458008,18.958833694458008,0,0.0,0.0
2019-08-28 00:00:00-03:00,18.958833694458008,18.958833694458008,18.958833694458008,18.958833694458008,0,0.0,0.0
2019-08-29 00:00:00-03:00,18.958833694458008,18.958833694458008,18.958833694458008,18.958833694458008,0,0.0,0.0
2019-08-30 00:00:00-03:00,18.958833694458008,18.958833694458008,18.958833694458008,18.958833694458008,0,0.0,0.0
2019-09-02 00:00:00-03:00,18.958833694458008,18.958833694458008,18.958833694458008,18.958833694458008,0,0.0,0.0
2019-09-03 00:00:00-03:00,18.958833694458008,18.958833694458008,18.958833694458008,18.958833694458008,0,0.0,0.0
2019-09-04 00:00:00-03:00,18.958833694458008,18.958833694458008,18.958833694458008,18.958833694458008,0,0.0,0.0
2019-09-05 00:00:00-03:00,18.958833694458008,18.958833694458008,18.958833694458008,18.958833694458008,0,0.0,0.0
2019-09-06 00:00:00-03:00,18.958833694458008,18.958833694458008,18.958833694458008,18.958833694458008,0,0.0,0.0
2019-09-09 00:00:00-03:00,18.958833694458008,18.958833694458008,18.958833694458008,18.958833694458008,0,0.0,0.0
2019-09-10 00:00:00-03:00,18.958833694458008,18.958833694458008,18.958833694458008,18.958833694458008,0,0.0,0.0
2019-09-11 00:00:00-03:00,18.958833694458008,18.958833694458008,18.958833694458008,18.958833694458008,0,0.0,0.0
2019-09-12 00:00:00-03:00,18.958833694458008,18.958833694458008,18.958833694458008,18.958833694458008,0,0.0,0.0
2019-09-13 00:00:00-03:00,18.958833694458008,18.958833694458008,18.958833694458008,18.958833694458008,0,0.0,0.0
2019-09-16 00:00:00-03:00,18.958833694458008,18.958833694458008,18.958833694458008,18.958833694458008,0,0.0,0.0
2019-09-17 00:00:00-03:00,18.958833694458008,18.958833694458008,18.958833694458008,18.958833694458008,0,0.0,0.0
2019-09-18 00:00:00-03:00,18.958833694458008,18.958833694458008,18.958833694458008,18.958833694458008,0,0.0,0.0
2019-09-19 00:00:00-03:00,18.958833694458008,18.958833694458008,18.958833694458008,18.958833694458008,0,0.0,0.0
2019-09-20 00:00:00-03:00,18.958833694458008,18.958833694458008,18.958833694458008,18.958833694458008,0,0.0,0.0
2019-09-23 00:00:00-03:00,18.958833694458008,18.958833694458008,18.958833694458008,18.958833694458008,0,0.0,0.0
2019-09-24 00:00:00-03:00,18.958833694458008,18.958833694458008,18.958833694458008,18.958833694458008,0,0.0,0.0
2019-09-25 00:00:00-03:00,18.958833694458008,18.958833694458008,18.958833694458008,18.958833694458008,0,0.0,0.0
2019-09-26 00:00:00-03:00,18.958833694458008,18.958833694458008,18.958833694458008,18.958833694458008,0,0.0,0.0
2019-09-27 00:00:00-03:00,18.958833694458008,18.958833694458008,18.958833694458008,18.958833694458008,0,0.0,0.0
2019-09-30 00:00:00-03:00,18.958833694458008,18.958833694458008,18.958833694458008,18.958833694458008,0,0.0,0.0
2019-10-01 00:00:00-03:00,18.958833694458008,18.958833694458008,18.958833694458008,18.958833694458008,0,0.0,0.0
2019-10-02 00:00:00-03:00,18.958833694458008,18.958833694458008,18.958833694458008,18.958833694458008,0,0.0,0.0
2019-10-03 00:00:00-03:00,18.958833694458008,18.958833694458008,18.958833694458008,18.958833694458008,0,0.0,0.0
2019-10-04 00:00:00-03:00,18.958833694458008,18.958833694458008,18.958833694458008,18.958833694458008,0,0.0,0.0
2019-10-07 00:00:00-03:00,18.958833694458008,18.958833694458008,18.958833694458008,18.958833694458008,0,0.0,0.0
2019-10-08 00:00:00-03:00,18.958833694458008,18.958833694458008,18.958833694458008,18.958833694458008,0,0.0,0.0
2019-10-09 00:00:00-03:00,18.958833694458008,18.958833694458008,18.958833694458008,18.958833694458008,0,0.0,0.0
2019-10-10 00:00:00-03:00,18.958833694458008,18.958833694458008,18.958833694458008,18.958833694458008,0,0.0,0.0
2019-10-11 00:00:00-03:00,18.958833694458008,18.958833694458008,18.958833694458008,18.958833694458008,0,0.0,0.0
2019-10-15 00:00:00-03:00,18.958833694458008,18.958833694458008,18.958833694458008,18.958833694458008,0,0.0,0.0
2019-10-16 00:00:00-03:00,18.958833694458008,18.958833694458008,18.958833694458008,18.958833694458008,0,0.0,0.0
2019-10-17 00:00:00-03:00,18.958833694458008,18.958833694458008,18.958833694458008,18.958833694458008,0,0.0,0.0
2019-10-18 00:00:00-03:00,18.958833694458008,18.958833694458008,18.958833694458008,18.958833694458008,0,0.0,0.0
2019-10-21 00:00:00-03:00,18.958833694458008,18.958833694458008,18.958833694458008,18.958833694458008,0,0.0,0.0
2019-10-22 00:00:00-03:00,18.958833694458008,18.958833694458008,18.958833694458008,18.958833694458008,0,0.0,0.0
2019-10-23 00:00:00-03:00,18.958833694458008,18.958833694458008,18.958833694458008,18.958833694458008,0,0.0,0.0
2019-10-24 00:00:00-03:00,18.958833694458008,18.958833694458008,18.958833694458008,18.958833694458008,0,0.0,0.0
2019-10-25 00:00:00-03:00,18.958833694458008,18.958833694458008,18.958833694458008,18.958833694458008,0,0.0,0.0
2019-10-28 00:00:00-03:00,18.958833694458008,18.958833694458008,18.958833694458008,18.958833694458008,0,0.0,0.0
2019-10-29 00:00:00-03:00,18.958833694458008,18.958833694458008,18.958833694458008,18.958833694458008,0,0.0,0.0
2019-10-30 00:00:00-03:00,18.958833694458008,18.958833694458008,18.958833694458008,18.958833694458008,0,0.0,0.0
2019-10-31 00:00:00-03:00,18.958833694458008,18.958833694458008,18.958833694458008,18.958833694458008,0,0.0,0.0
2019-11-01 00:00:00-03:00,18.958833694458008,18.958833694458008,18.958833694458008,18.958833694458008,0,0.0,0.0
2019-11-04 00:00:00-03:00,18.958833694458008,18.958833694458008,18.958833694458008,18.958833694458008,0,0.0,0.0
2019-11-05 00:00:00-03:00,18.958833694458008,18.958833694458008,18.958833694458008,18.958833694458008,0,0.0,0.0
2019-11-06 00:00:00-03:00,18.958833694458008,18.958833694458008,18.958833694458008,18.958833694458008,0,0.0,0.0
2019-11-07 00:00:00-03:00,18.958833694458008,18.958833694458008,18.958833694458008,18.958833694458008,0,0.0,0.0
2019-11-08 00:00:00-03:00,18.958833694458008,18.958833694458008,18.958833694458008,18.958833694458008,0,0.0,0.0
2019-11-11 00:00:00-03:00,18.958833694458008,18.958833694458008,18.958833694458008,18.958833694458008,0,0.0,0.0
2019-11-12 00:00:00-03:00,18.958833694458008,18.958833694458008,18.958833694458008,18.958833694458008,0,0.0,0.0
2019-11-13 00:00:00-03:00,18.958833694458008,18.958833694458008,18.958833694458008,18.958833694458008,0,0.0,0.0
2019-11-14 00:00:00-03:00,19.085205078125,19.085205078125,19.085205078125,19.085205078125,0,189.30469,0.0
2019-11-15 00:00:00-03:00,19.085205078125,19.085205078125,19.085205078125,19.085205078125,0,0.0,0.0
2019-11-19 00:00:00-03:00,19.085205078125,19.085205078125,19.085205078125,19.085205078125,0,0.0,0.0
2019-11-20 00:00:00-03:00,19.085205078125,19.085205078125,19.085205078125,19.085205078125,0,0.0,0.0
2019-11-21 00:00:00-03:00,19.085205078125,19.085205078125,19.085205078125,19.085205078125,0,0.0,0.0
2019-11-22 00:00:00-03:00,19.085205078125,19.085205078125,19.085205078125,19.085205078125,0,0.0,0.0
2019-11-25 00:00:00-03:00,19.085205078125,19.085205078125,19.085205078125,19.085205078125,0,0.0,0.0
2019-11-26 00:00:00-03:00,19.085205078125,19.085205078125,19.085205078125,19.085205078125,0,0.0,0.0
2019-11-27 00:00:00-03:00,19.085205078125,19.085205078125,19.085205078125,19.085205078125,0,0.0,0.0
2019-11-28 00:00:00-03:00,19.085205078125,19.085205078125,19.085205078125,19.085205078125,0,0.0,0.0
2019-11-29 00:00:00-03:00,19.085205078125,19.085205078125,19.085205078125,19.085205078125,0,0.0,0.0
2019-12-02 00:00:00-03:00,19.085205078125,19.085205078125,19.085205078125,19.085205078125,0,0.0,0.0
2019-12-03 00:00:00-03:00,19.085205078125,19.085205078125,19.085205078125,19.085205078125,0,0.0,0.0
2019-12-04 00:00:00-03:00,19.085205078125,19.085205078125,19.085205078125,19.085205078125,0,0.0,0.0
2019-12-05 00:00:00-03:00,19.085205078125,19.085205078125,19.085205078125,19.085205078125,0,0.0,0.0
2019-12-06 00:00:00-03:00,19.085205078125,19.085205078125,19.085205078125,19.085205078125,0,0.0,0.0
2019-12-09 00:00:00-03:00,19.085205078125,19.085205078125,19.085205078125,19.085205078125,0,0.0,0.0
2019-12-10 00:00:00-03:00,19.085205078125,19.085205078125,19.085205078125,19.085205078125,0,0.0,0.0
2019-12-11 00:00:00-03:00,19.085205078125,19.085205078125,19.085205078125,19.085205078125,0,0.0,0.0
2019-12-12 00:00:00-03:00,19.085205078125,19.085205078125,19.085205078125,19.085205078125,0,0.0,0.0
2019-12-13 00:00:00-03:00,19.085205078125,19.085205078125,19.085205078125,19.085205078125,0,0.0,0.0
2019-12-16 00:00:00-03:00,19.085205078125,19.085205078125,19.085205078125,19.085205078125,0,0.0,0.0
2019-12-17 00:00:00-03:00,19.085205078125,19.085205078125,19.085205078125,19.085205078125,0,0.0,0.0
2019-12-18 00:00:00-03:00,19.085205078125,19.085205078125,19.085205078125,19.085205078125,0,0.0,0.0
2019-12-19 00:00:00-03:00,19.085205078125,19.085205078125,19.085205078125,19.085205078125,0,0.0,0.0
2019-12-20 00:00:00-03:00,19.085205078125,19.085205078125,19.085205078125,19.085205078125,0,0.0,0.0
2019-12-23 00:00:00-03:00,19.085205078125,19.085205078125,19.085205078125,19.085205078125,0,0.0,0.0
2019-12-26 00:00:00-03:00,19.085205078125,19.085205078125,19.085205078125,19.085205078125,0,0.0,0.0
2019-12-27 00:00:00-03:00,19.085205078125,19.085205078125,19.085205078125,19.085205078125,0,0.0,0.0
2019-12-30 00:00:00-03:00,19.085205078125,19.085205078125,19.085205078125,19.085205078125,0,0.0,0.0
2020-01-02 00:00:00-03:00,19.085205078125,19.085205078125,19.085205078125,19.085205078125,0,0.0,0.0
2020-01-03 00:00:00-03:00,19.085205078125,19.085205078125,19.085205078125,19.085205078125,0,0.0,0.0
2020-01-06 00:00:00-03:00,19.085205078125,19.085205078125,19.085205078125,19.085205078125,0,0.0,0.0
2020-01-07 00:00:00-03:00,19.085205078125,19.085205078125,19.085205078125,19.085205078125,0,0.0,0.0
2020-01-08 00:00:00-03:00,19.085205078125,19.085205078125,19.085205078125,19.085205078125,0,0.0,0.0
2020-01-09 00:00:00-03:00,19.085205078125,19.085205078125,19.085205078125,19.085205078125,0,0.0,0.0
2020-01-10 00:00:00-03:00,19.085205078125,19.085205078125,19.085205078125,19.085205078125,0,0.0,0.0
2020-01-13 00:00:00-03:00,19.085205078125,19.085205078125,19.085205078125,19.085205078125,0,0.0,0.0
2020-01-14 00:00:00-03:00,19.085205078125,19.085205078125,19.085205078125,19.085205078125,0,0.0,0.0
2020-01-15 00:00:00-03:00,19.085205078125,19.085205078125,19.085205078125,19.085205078125,0,0.0,0.0
2020-01-16 00:00:00-03:00,19.085205078125,19.085205078125,19.085205078125,19.085205078125,0,0.0,0.0
2020-01-17 00:00:00-03:00,19.085205078125,19.085205078125,19.085205078125,19.085205078125,0,0.0,0.0
2020-01-20 00:00:00-03:00,19.085205078125,19.085205078125,19.085205078125,19.085205078125,0,0.0,0.0
2020-01-21 00:00:00-03:00,19.085205078125,19.085205078125,19.085205078125,19.085205078125,0,0.0,0.0
2020-01-22 00:00:00-03:00,19.085205078125,19.085205078125,19.085205078125,19.085205078125,0,0.0,0.0
2020-01-23 00:00:00-03:00,19.085205078125,19.085205078125,19.085205078125,19.085205078125,0,0.0,0.0
2020-01-24 00:00:00-03:00,19.085205078125,19.085205078125,19.085205078125,19.085205078125,0,0.0,0.0
2020-01-27 00:00:00-03:00,19.085205078125,19.085205078125,19.085205078125,19.085205078125,0,0.0,0.0
2020-01-28 00:00:00-03:00,19.085205078125,19.085205078125,19.085205078125,19.085205078125,0,0.0,0.0
2020-01-29 00:00:00-03:00,19.085205078125,19.085205078125,19.085205078125,19.085205078125,0,0.0,0.0
2020-01-30 00:00:00-03:00,19.085205078125,19.085205078125,19.085205078125,19.085205078125,0,0.0,0.0
2020-01-31 00:00:00-03:00,19.085205078125,19.085205078125,19.085205078125,19.085205078125,0,0.0,0.0
2020-02-03 00:00:00-03:00,19.085205078125,19.085205078125,19.085205078125,19.085205078125,0,0.0,0.0
2020-02-04 00:00:00-03:00,19.085205078125,19.085205078125,19.085205078125,19.085205078125,0,0.0,0.0
2020-02-05 00:00:00-03:00,19.085205078125,19.085205078125,19.085205078125,19.085205078125,0,0.0,0.0
2020-02-06 00:00:00-03:00,19.085205078125,19.085205078125,19.085205078125,19.085205078125,0,0.0,0.0
2020-02-07 00:00:00-03:00,19.085205078125,19.085205078125,19.085205078125,19.085205078125,0,0.0,0.0
2020-02-10 00:00:00-03:00,19.085205078125,19.085205078125,19.085205078125,19.085205078125,0,0.0,0.0
2020-02-11 00:00:00-03:00,19.085205078125,19.085205078125,19.085205078125,19.085205078125,0,0.0,0.0
2020-02-12 00:00:00-03:00,19.085205078125,19.085205078125,19.085205078125,19.085205078125,0,0.0,0.0
2020-02-13 00:00:00-03:00,19.085205078125,19.085205078125,19.085205078125,19.085205078125,0,0.0,0.0
2020-02-14 00:00:00-03:00,19.085205078125,19.085205078125,19.085205078125,19.085205078125,0,0.0,0.0
2020-02-17 00:00:00-03:00,19.085205078125,19.085205078125,19.085205078125,19.085205078125,0,0.0,0.0
2020-02-18 00:00:00-03:00,19.085205078125,19.085205078125,19.085205078125,19.085205078125,0,0.0,0.0
2020-02-19 00:00:00-03:00,19.085205078125,19.085205078125,19.085205078125,19.085205078125,0,0.0,0.0
2020-02-20 00:00:00-03:00,19.21241569519043,19.21241569519043,19.21241569519043,19.21241569519043,0,189.30469,0.0
2020-02-21 00:00:00-03:00,19.21241569519043,19.21241569519043,19.21241569519043,19.21241569519043,0,0.0,0.0
2020-02-26 00:00:00-03:00,19.21241569519043,19.21241569519043,19.21241569519043,19.21241569519043,0,0.0,0.0
2020-02-27 00:00:00-03:00,19.21241569519043,19.21241569519043,19.21241569519043,19.21241569519043,0,0.0,0.0
2020-02-28 00:00:00-03:00,19.21241569519043,19.21241569519043,19.21241569519043,19.21241569519043,0,0.0,0.0
2020-03-02 00:00:00-03:00,19.21241569519043,19.21241569519043,19.21241569519043,19.21241569519043,0,0.0,0.0
2020-03-03 00:00:00-03:00,19.21241569519043,19.21241569519043,19.21241569519043,19.21241569519043,0,0.0,0.0
2020-03-04 00:00:00-03:00,19.21241569519043,19.21241569519043,19.21241569519043,19.21241569519043,0,0.0,0.0
2020-03-05 00:00:00-03:00,19.21241569519043,19.21241569519043,19.21241569519043,19.21241569519043,0,0.0,0.0
2020-03-06 00:00:00-03:00,19.21241569519043,19.21241569519043,19.21241569519043,19.21241569519043,0,0.0,0.0
2020-03-09 00:00:00-03:00,19.21241569519043,19.21241569519043,19.21241569519043,19.21241569519043,0,0.0,0.0
2020-03-10 00:00:00-03:00,19.21241569519043,19.21241569519043,19.21241569519043,19.21241569519043,0,0.0,0.0
2020-03-11 00:00:00-03:00,19.21241569519043,19.21241569519043,19.21241569519043,19.21241569519043,0,0.0,0.0
2020-03-12 00:00:00-03:00,19.21241569519043,19.21241569519043,19.21241569519043,19.21241569519043,0,0.0,0.0
2020-03-13 00:00:00-03:00,19.21241569519043,19.21241569519043,19.21241569519043,19.21241569519043,0,0.0,0.0
2020-03-16 00:00:00-03:00,19.21241569519043,19.21241569519043,19.21241569519043,19.21241569519043,0,0.0,0.0
2020-03-17 00:00:00-03:00,19.21241569519043,19.21241569519043,19.21241569519043,19.21241569519043,0,0.0,0.0
2020-03-18 00:00:00-03:00,19.21241569519043,19.21241569519043,19.21241569519043,19.21241569519043,0,0.0,0.0
2020-03-19 00:00:00-03:00,19.21241569519043,19.21241569519043,19.21241569519043,19.21241569519043,0,0.0,0.0
2020-03-20 00:00:00-03:00,19.21241569519043,19.21241569519043,19.21241569519043,19.21241569519043,0,0.0,0.0
2020-03-25 00:00:00-03:00,19.21241569519043,19.21241569519043,19.21241569519043,19.21241569519043,0,0.0,0.0
2020-03-26 00:00:00-03:00,19.21241569519043,19.21241569519043,19.21241569519043,19.21241569519043,0,0.0,0.0
2020-03-27 00:00:00-03:00,19.21241569519043,19.21241569519043,19.21241569519043,19.21241569519043,0,0.0,0.0
2020-03-30 00:00:00-03:00,19.21241569519043,19.21241569519043,19.21241569519043,19.21241569519043,0,0.0,0.0
2020-04-01 00:00:00-03:00,19.21241569519043,19.21241569519043,19.21241569519043,19.21241569519043,0,0.0,0.0
2020-04-02 00:00:00-03:00,19.21241569519043,19.21241569519043,19.21241569519043,19.21241569519043,0,0.0,0.0
2020-04-03 00:00:00-03:00,19.21241569519043,19.21241569519043,19.21241569519043,19.21241569519043,0,0.0,0.0
2020-04-06 00:00:00-03:00,19.21241569519043,19.21241569519043,19.21241569519043,19.21241569519043,0,0.0,0.0
2020-04-07 00:00:00-03:00,19.21241569519043,19.21241569519043,19.21241569519043,19.21241569519043,0,0.0,0.0
2020-04-08 00:00:00-03:00,19.21241569519043,19.21241569519043,19.21241569519043,19.21241569519043,0,0.0,0.0
2020-04-13 00:00:00-03:00,19.21241569519043,19.21241569519043,19.21241569519043,19.21241569519043,0,0.0,0.0
2020-04-14 00:00:00-03:00,19.21241569519043,19.21241569519043,19.21241569519043,19.21241569519043,0,0.0,0.0
2020-04-15 00:00:00-03:00,19.21241569519043,19.21241569519043,19.21241569519043,19.21241569519043,0,0.0,0.0
2020-04-16 00:00:00-03:00,19.21241569519043,19.21241569519043,19.21241569519043,19.21241569519043,0,0.0,0.0
2020-04-17 00:00:00-03:00,19.21241569519043,19.21241569519043,19.21241569519043,19.21241569519043,0,0.0,0.0
2020-04-20 00:00:00-03:00,19.21241569519043,19.21241569519043,19.21241569519043,19.21241569519043,0,0.0,0.0
2020-04-21 00:00:00-03:00,19.21241569519043,19.21241569519043,19.21241569519043,19.21241569519043,0,0.0,0.0
2020-04-22 00:00:00-03:00,19.21241569519043,19.21241569519043,19.21241569519043,19.21241569519043,0,0.0,0.0
2020-04-23 00:00:00-03:00,19.21241569519043,19.21241569519043,19.21241569519043,19.21241569519043,0,0.0,0.0
2020-04-24 00:00:00-03:00,19.21241569519043,19.21241569519043,19.21241569519043,19.21241569519043,0,0.0,0.0
2020-04-27 00:00:00-03:00,19.21241569519043,19.21241569519043,19.21241569519043,19.21241569519043,0,0.0,0.0
2020-04-28 00:00:00-03:00,19.21241569519043,19.21241569519043,19.21241569519043,19.21241569519043,0,0.0,0.0
2020-04-29 00:00:00-03:00,19.21241569519043,19.21241569519043,19.21241569519043,19.21241569519043,0,0.0,0.0
2020-04-30 00:00:00-03:00,19.21241569519043,19.21241569519043,19.21241569519043,19.21241569519043,0,0.0,0.0
2020-05-04 00:00:00-03:00,19.21241569519043,19.21241569519043,19.21241569519043,19.21241569519043,0,0.0,0.0
2020-05-05 00:00:00-03:00,19.21241569519043,19.21241569519043,19.21241569519043,19.21241569519043,0,0.0,0.0
2020-05-06 00:00:00-03:00,19.21241569519043,19.21241569519043,19.21241569519043,19.21241569519043,0,0.0,0.0
2020-05-07 00:00:00-03:00,19.21241569519043,19.21241569519043,19.21241569519043,19.21241569519043,0,0.0,0.0
2020-05-08 00:00:00-03:00,19.21241569519043,19.21241569519043,19.21241569519043,19.21241569519043,0,0.0,0.0
2020-05-11 00:00:00-03:00,19.21241569519043,19.21241569519043,19.21241569519043,19.21241569519043,0,0.0,0.0
2020-05-12 00:00:00-03:00,19.21241569519043,19.21241569519043,19.21241569519043,19.21241569519043,0,0.0,0.0
2020-05-13 00:00:00-03:00,19.21241569519043,19.21241569519043,19.21241569519043,19.21241569519043,0,0.0,0.0
2020-05-14 00:00:00-03:00,19.21241569519043,19.21241569519043,19.21241569519043,19.21241569519043,0,0.0,0.0
2020-05-15 00:00:00-03:00,19.21241569519043,19.21241569519043,19.21241569519043,19.21241569519043,0,0.0,0.0
2020-05-18 00:00:00-03:00,19.21241569519043,19.21241569519043,19.21241569519043,19.21241569519043,0,0.0,0.0
2020-05-19 00:00:00-03:00,19.21241569519043,19.21241569519043,19.21241569519043,19.21241569519043,0,0.0,0.0
2020-05-20 00:00:00-03:00,19.21241569519043,19.21241569519043,19.21241569519043,19.21241569519043,0,0.0,0.0
2020-05-21 00:00:00-03:00,19.21241569519043,19.21241569519043,19.21241569519043,19.21241569519043,0,0.0,0.0
2020-05-22 00:00:00-03:00,19.21241569519043,19.21241569519043,19.21241569519043,19.21241569519043,0,0.0,0.0
2020-05-26 00:00:00-03:00,19.21241569519043,19.21241569519043,19.21241569519043,19.21241569519043,0,0.0,0.0
2020-05-27 00:00:00-03:00,19.21241569519043,19.21241569519043,19.21241569519043,19.21241569519043,0,0.0,0.0
2020-05-28 00:00:00-03:00,19.21241569519043,19.21241569519043,19.21241569519043,19.21241569519043,0,0.0,0.0
2020-05-29 00:00:00-03:00,19.21241569519043,19.21241569519043,19.21241569519043,19.21241569519043,0,0.0,0.0
2020-06-01 00:00:00-03:00,19.21241569519043,19.21241569519043,19.21241569519043,19.21241569519043,0,0.0,0.0
2020-06-02 00:00:00-03:00,19.21241569519043,19.21241569519043,19.21241569519043,19.21241569519043,0,0.0,0.0
2020-06-03 00:00:00-03:00,19.21241569519043,19.21241569519043,19.21241569519043,19.21241569519043,0,0.0,0.0
2020-06-04 00:00:00-03:00,19.21241569519043,19.21241569519043,19.21241569519043,19.21241569519043,0,0.0,0.0
2020-06-05 00:00:00-03:00,19.21241569519043,19.21241569519043,19.21241569519043,19.21241569519043,0,0.0,0.0
2020-06-08 00:00:00-03:00,19.21241569519043,19.21241569519043,19.21241569519043,19.21241569519043,0,0.0,0.0
2020-06-09 00:00:00-03:00,19.21241569519043,19.21241569519043,19.21241569519043,19.21241569519043,0,0.0,0.0
2020-06-10 00:00:00-03:00,19.21241569519043,19.21241569519043,19.21241569519043,19.21241569519043,0,0.0,0.0
2020-06-11 00:00:00-03:00,19.21241569519043,19.21241569519043,19.21241569519043,19.21241569519043,0,0.0,0.0
2020-06-12 00:00:00-03:00,19.21241569519043,19.21241569519043,19.21241569519043,19.21241569519043,0,0.0,0.0
2020-06-16 00:00:00-03:00,19.21241569519043,19.21241569519043,19.21241569519043,19.21241569519043,0,0.0,0.0
2020-06-17 00:00:00-03:00,19.21241569519043,19.21241569519043,19.21241569519043,19.21241569519043,0,0.0,0.0
2020-06-18 00:00:00-03:00,19.21241569519043,19.21241569519043,19.21241569519043,19.21241569519043,0,0.0,0.0
2020-06-19 00:00:00-03:00,19.21241569519043,19.21241569519043,19.21241569519043,19.21241569519043,0,0.0,0.0
2020-06-22 00:00:00-03:00,19.21241569519043,19.21241569519043,19.21241569519043,19.21241569519043,0,0.0,0.0
2020-06-23 00:00:00-03:00,19.21241569519043,19.21241569519043,19.21241569519043,19.21241569519043,0,0.0,0.0
2020-06-24 00:00:00-03:00,19.21241569519043,19.21241569519043,19.21241569519043,19.21241569519043,0,0.0,0.0
2020-06-25 00:00:00-03:00,19.21241569519043,19.21241569519043,19.21241569519043,19.21241569519043,0,0.0,0.0
2020-06-26 00:00:00-03:00,19.21241569519043,19.21241569519043,19.21241569519043,19.21241569519043,0,0.0,0.0
2020-06-29 00:00:00-03:00,19.21241569519043,19.21241569519043,19.21241569519043,19.21241569519043,0,0.0,0.0
2020-06-30 00:00:00-03:00,19.21241569519043,19.21241569519043,19.21241569519043,19.21241569519043,0,0.0,0.0
2020-07-01 00:00:00-03:00,19.21241569519043,19.21241569519043,19.21241569519043,19.21241569519043,0,0.0,0.0
2020-07-02 00:00:00-03:00,19.21241569519043,19.21241569519043,19.21241569519043,19.21241569519043,0,0.0,0.0
2020-07-03 00:00:00-03:00,19.21241569519043,19.21241569519043,19.21241569519043,19.21241569519043,0,0.0,0.0
2020-07-06 00:00:00-03:00,19.21241569519043,19.21241569519043,19.21241569519043,19.21241569519043,0,0.0,0.0
2020-07-07 00:00:00-03:00,19.21241569519043,19.21241569519043,19.21241569519043,19.21241569519043,0,0.0,0.0
2020-07-08 00:00:00-03:00,19.21241569519043,19.21241569519043,19.21241569519043,19.21241569519043,0,0.0,0.0
2020-07-13 00:00:00-03:00,19.21241569519043,19.21241569519043,19.21241569519043,19.21241569519043,0,0.0,0.0
2020-07-14 00:00:00-03:00,19.21241569519043,19.21241569519043,19.21241569519043,19.21241569519043,0,0.0,0.0
2020-07-15 00:00:00-03:00,19.21241569519043,19.21241569519043,19.21241569519043,19.21241569519043,0,0.0,0.0
2020-07-16 00:00:00-03:00,19.21241569519043,19.21241569519043,19.21241569519043,19.21241569519043,0,0.0,0.0
2020-07-17 00:00:00-03:00,19.21241569519043,19.21241569519043,19.21241569519043,19.21241569519043,0,0.0,0.0
2020-07-20 00:00:00-03:00,19.21241569519043,19.21241569519043,19.21241569519043,19.21241569519043,0,0.0,0.0
2020-07-21 00:00:00-03:00,19.21241569519043,19.21241569519043,19.21241569519043,19.21241569519043,0,0.0,0.0
2020-07-22 00:00:00-03:00,19.21241569519043,19.21241569519043,19.21241569519043,19.21241569519043,0,0.0,0.0
2020-07-23 00:00:00-03:00,19.21241569519043,19.21241569519043,19.21241569519043,19.21241569519043,0,0.0,0.0
2020-07-24 00:00:00-03:00,19.21241569519043,19.21241569519043,19.21241569519043,19.21241569519043,0,0.0,0.0
2020-07-27 00:00:00-03:00,19.21241569519043,19.21241569519043,19.21241569519043,19.21241569519043,0,0.0,0.0
2020-07-28 00:00:00-03:00,19.21241569519043,19.21241569519043,19.21241569519043,19.21241569519043,0,0.0,0.0
2020-07-29 00:00:00-03:00,19.21241569519043,19.21241569519043,19.21241569519043,19.21241569519043,0,0.0,0.0
2020-07-30 00:00:00-03:00,19.21241569519043,19.21241569519043,19.21241569519043,19.21241569519043,0,0.0,0.0
2020-07-31 00:00:00-03:00,19.21241569519043,19.21241569519043,19.21241569519043,19.21241569519043,0,0.0,0.0
2020-08-03 00:00:00-03:00,19.21241569519043,19.21241569519043,19.21241569519043,19.21241569519043,0,0.0,0.0
2020-08-04 00:00:00-03:00,19.21241569519043,19.21241569519043,19.21241569519043,19.21241569519043,0,0.0,0.0
2020-08-05 00:00:00-03:00,19.21241569519043,19.21241569519043,19.21241569519043,19.21241569519043,0,0.0,0.0
2020-08-06 00:00:00-03:00,19.21241569519043,19.21241569519043,19.21241569519043,19.21241569519043,0,0.0,0.0
2020-08-07 00:00:00-03:00,19.21241569519043,19.21241569519043,19.21241569519043,19.21241569519043,0,0.0,0.0
2020-08-10 00:00:00-03:00,19.21241569519043,19.21241569519043,19.21241569519043,19.21241569519043,0,0.0,0.0
2020-08-11 00:00:00-03:00,19.21241569519043,19.21241569519043,19.21241569519043,19.21241569519043,0,0.0,0.0
2020-08-12 00:00:00-03:00,19.21241569519043,19.21241569519043,19.21241569519043,19.21241569519043,0,0.0,0.0
2020-08-13 00:00:00-03:00,19.340478897094727,19.340478897094727,19.340478897094727,19.340478897094727,0,189.30469,0.0
2020-08-14 00:00:00-03:00,19.340478897094727,19.340478897094727,19.340478897094727,19.340478897094727,0,0.0,0.0
2020-08-18 00:00:00-03:00,19.340478897094727,19.340478897094727,19.340478897094727,19.340478897094727,0,0.0,0.0
2020-08-19 00:00:00-03:00,19.340478897094727,19.340478897094727,19.340478897094727,19.340478897094727,0,0.0,0.0
2020-08-20 00:00:00-03:00,19.340478897094727,19.340478897094727,19.340478897094727,19.340478897094727,0,0.0,0.0
2020-08-21 00:00:00-03:00,19.340478897094727,19.340478897094727,19.340478897094727,19.340478897094727,0,0.0,0.0
2020-08-24 00:00:00-03:00,19.340478897094727,19.340478897094727,19.340478897094727,19.340478897094727,0,0.0,0.0
2020-08-25 00:00:00-03:00,19.340478897094727,19.340478897094727,19.340478897094727,19.340478897094727,0,0.0,0.0
2020-08-26 00:00:00-03:00,19.340478897094727,19.340478897094727,19.340478897094727,19.340478897094727,0,0.0,0.0
2020-08-27 00:00:00-03:00,19.340478897094727,19.340478897094727,19.340478897094727,19.340478897094727,0,0.0,0.0
2020-08-28 00:00:00-03:00,19.340478897094727,19.340478897094727,19.340478897094727,19.340478897094727,0,0.0,0.0
2020-08-31 00:00:00-03:00,19.340478897094727,19.340478897094727,19.340478897094727,19.340478897094727,0,0.0,0.0
2020-09-01 00:00:00-03:00,19.340478897094727,19.340478897094727,19.340478897094727,19.340478897094727,0,0.0,0.0
2020-09-02 00:00:00-03:00,19.340478897094727,19.340478897094727,19.340478897094727,19.340478897094727,0,0.0,0.0
2020-09-03 00:00:00-03:00,19.340478897094727,19.340478897094727,19.340478897094727,19.340478897094727,0,0.0,0.0
2020-09-04 00:00:00-03:00,19.340478897094727,19.340478897094727,19.340478897094727,19.340478897094727,0,0.0,0.0
2020-09-07 00:00:00-03:00,19.340478897094727,19.340478897094727,19.340478897094727,19.340478897094727,0,0.0,0.0
2020-09-08 00:00:00-03:00,19.340478897094727,19.340478897094727,19.340478897094727,19.340478897094727,0,0.0,0.0
2020-09-09 00:00:00-03:00,19.340478897094727,19.340478897094727,19.340478897094727,19.340478897094727,0,0.0,0.0
2020-09-10 00:00:00-03:00,19.340478897094727,19.340478897094727,19.340478897094727,19.340478897094727,0,0.0,0.0
2020-09-11 00:00:00-03:00,19.340478897094727,19.340478897094727,19.340478897094727,19.340478897094727,0,0.0,0.0
2020-09-14 00:00:00-03:00,19.340478897094727,19.340478897094727,19.340478897094727,19.340478897094727,0,0.0,0.0
2020-09-15 00:00:00-03:00,19.340478897094727,19.340478897094727,19.340478897094727,19.340478897094727,0,0.0,0.0
2020-09-16 00:00:00-03:00,19.340478897094727,19.340478897094727,19.340478897094727,19.340478897094727,0,0.0,0.0
2020-09-17 00:00:00-03:00,19.340478897094727,19.340478897094727,19.340478897094727,19.340478897094727,0,0.0,0.0
2020-09-18 00:00:00-03:00,19.340478897094727,19.340478897094727,19.340478897094727,19.340478897094727,0,0.0,0.0
2020-09-21 00:00:00-03:00,19.340478897094727,19.340478897094727,19.340478897094727,19.340478897094727,0,0.0,0.0
2020-09-22 00:00:00-03:00,19.340478897094727,19.340478897094727,19.340478897094727,19.340478897094727,0,0.0,0.0
2020-09-23 00:00:00-03:00,19.340478897094727,19.340478897094727,19.340478897094727,19.340478897094727,0,0.0,0.0
2020-09-24 00:00:00-03:00,19.340478897094727,19.340478897094727,19.340478897094727,19.340478897094727,0,0.0,0.0
2020-09-25 00:00:00-03:00,19.340478897094727,19.340478897094727,19.340478897094727,19.340478897094727,0,0.0,0.0
2020-09-28 00:00:00-03:00,19.340478897094727,19.340478897094727,19.340478897094727,19.340478897094727,0,0.0,0.0
2020-09-29 00:00:00-03:00,19.340478897094727,19.340478897094727,19.340478897094727,19.340478897094727,0,0.0,0.0
2020-09-30 00:00:00-03:00,19.340478897094727,19.340478897094727,19.340478897094727,19.340478897094727,0,0.0,0.0
2020-10-01 00:00:00-03:00,19.340478897094727,19.340478897094727,19.340478897094727,19.340478897094727,0,0.0,0.0
2020-10-02 00:00:00-03:00,19.340478897094727,19.340478897094727,19.340478897094727,19.340478897094727,0,0.0,0.0
2020-10-05 00:00:00-03:00,19.340478897094727,19.340478897094727,19.340478897094727,19.340478897094727,0,0.0,0.0
2020-10-06 00:00:00-03:00,19.340478897094727,19.340478897094727,19.340478897094727,19.340478897094727,0,0.0,0.0
2020-10-07 00:00:00-03:00,19.340478897094727,19.340478897094727,19.340478897094727,19.340478897094727,0,0.0,0.0
2020-10-08 00:00:00-03:00,19.340478897094727,19.340478897094727,19.340478897094727,19.340478897094727,0,0.0,0.0
2020-10-09 00:00:00-03:00,19.340478897094727,19.340478897094727,19.340478897094727,19.340478897094727,0,0.0,0.0
2020-10-13 00:00:00-03:00,19.340478897094727,19.340478897094727,19.340478897094727,19.340478897094727,0,0.0,0.0
2020-10-14 00:00:00-03:00,19.340478897094727,19.340478897094727,19.340478897094727,19.340478897094727,0,0.0,0.0
2020-10-15 00:00:00-03:00,19.340478897094727,19.340478897094727,19.340478897094727,19.340478897094727,0,0.0,0.0
2020-10-16 00:00:00-03:00,19.340478897094727,19.340478897094727,19.340478897094727,19.340478897094727,0,0.0,0.0
2020-10-19 00:00:00-03:00,19.340478897094727,19.340478897094727,19.340478897094727,19.340478897094727,0,0.0,0.0
2020-10-20 00:00:00-03:00,19.340478897094727,19.340478897094727,19.340478897094727,19.340478897094727,0,0.0,0.0
2020-10-21 00:00:00-03:00,19.340478897094727,19.340478897094727,19.340478897094727,19.340478897094727,0,0.0,0.0
2020-10-22 00:00:00-03:00,19.340478897094727,19.340478897094727,19.340478897094727,19.340478897094727,0,0.0,0.0
2020-10-23 00:00:00-03:00,19.340478897094727,19.340478897094727,19.340478897094727,19.340478897094727,0,0.0,0.0
2020-10-26 00:00:00-03:00,19.340478897094727,19.340478897094727,19.340478897094727,19.340478897094727,0,0.0,0.0
2020-10-27 00:00:00-03:00,19.340478897094727,19.340478897094727,19.340478897094727,19.340478897094727,0,0.0,0.0
2020-10-28 00:00:00-03:00,19.340478897094727,19.340478897094727,19.340478897094727,19.340478897094727,0,0.0,0.0
2020-10-29 00:00:00-03:00,19.340478897094727,19.340478897094727,19.340478897094727,19.340478897094727,0,0.0,0.0
2020-10-30 00:00:00-03:00,19.340478897094727,19.340478897094727,19.340478897094727,19.340478897094727,0,0.0,0.0
2020-11-02 00:00:00-03:00,19.340478897094727,19.340478897094727,19.340478897094727,19.340478897094727,0,0.0,0.0
2020-11-03 00:00:00-03:00,19.340478897094727,19.340478897094727,19.340478897094727,19.340478897094727,0,0.0,0.0
2020-11-04 00:00:00-03:00,19.340478897094727,19.340478897094727,19.340478897094727,19.340478897094727,0,0.0,0.0
2020-11-05 00:00:00-03:00,19.340478897094727,19.340478897094727,19.340478897094727,19.340478897094727,0,0.0,0.0
2020-11-06 00:00:00-03:00,19.340478897094727,19.340478897094727,19.340478897094727,19.340478897094727,0,0.0,0.0
2020-11-09 00:00:00-03:00,19.340478897094727,19.340478897094727,19.340478897094727,19.340478897094727,0,0.0,0.0
2020-11-10 00:00:00-03:00,19.340478897094727,19.340478897094727,19.340478897094727,19.340478897094727,0,0.0,0.0
2020-11-11 00:00:00-03:00,19.340478897094727,19.340478897094727,19.340478897094727,19.340478897094727,0,0.0,0.0
2020-11-12 00:00:00-03:00,19.340478897094727,19.340478897094727,19.340478897094727,19.340478897094727,0,0.0,0.0
2020-11-13 00:00:00-03:00,19.340478897094727,19.340478897094727,19.340478897094727,19.340478897094727,0,0.0,0.0
2020-11-16 00:00:00-03:00,19.340478897094727,19.340478897094727,19.340478897094727,19.340478897094727,0,0.0,0.0
2020-11-17 00:00:00-03:00,19.340478897094727,19.340478897094727,19.340478897094727,19.340478897094727,0,0.0,0.0
2020-11-18 00:00:00-03:00,19.340478897094727,19.340478897094727,19.340478897094727,19.340478897094727,0,0.0,0.0
2020-11-19 00:00:00-03:00,19.340478897094727,19.340478897094727,19.340478897094727,19.340478897094727,0,0.0,0.0
2020-11-20 00:00:00-03:00,19.340478897094727,19.340478897094727,19.340478897094727,19.340478897094727,0,0.0,0.0
2020-11-24 00:00:00-03:00,19.340478897094727,19.340478897094727,19.340478897094727,19.340478897094727,0,0.0,0.0
2020-11-25 00:00:00-03:00,19.340478897094727,19.340478897094727,19.340478897094727,19.340478897094727,0,0.0,0.0
2020-11-26 00:00:00-03:00,19.340478897094727,19.340478897094727,19.340478897094727,19.340478897094727,0,0.0,0.0
2020-11-27 00:00:00-03:00,19.340478897094727,19.340478897094727,19.340478897094727,19.340478897094727,0,0.0,0.0
2020-11-30 00:00:00-03:00,19.340478897094727,19.340478897094727,19.340478897094727,19.340478897094727,0,0.0,0.0
2020-12-01 00:00:00-03:00,19.340478897094727,19.340478897094727,19.340478897094727,19.340478897094727,0,0.0,0.0
2020-12-02 00:00:00-03:00,19.340478897094727,19.340478897094727,19.340478897094727,19.340478897094727,0,0.0,0.0
2020-12-03 00:00:00-03:00,19.340478897094727,19.340478897094727,19.340478897094727,19.340478897094727,0,0.0,0.0
2020-12-04 00:00:00-03:00,19.340478897094727,19.340478897094727,19.340478897094727,19.340478897094727,0,0.0,0.0
2020-12-09 00:00:00-03:00,19.340478897094727,19.340478897094727,19.340478897094727,19.340478897094727,0,0.0,0.0
2020-12-10 00:00:00-03:00,19.340478897094727,19.340478897094727,19.340478897094727,19.340478897094727,0,0.0,0.0
2020-12-11 00:00:00-03:00,19.340478897094727,19.340478897094727,19.340478897094727,19.340478897094727,0,0.0,0.0
2020-12-14 00:00:00-03:00,19.340478897094727,19.340478897094727,19.340478897094727,19.340478897094727,0,0.0,0.0
2020-12-15 00:00:00-03:00,19.340478897094727,19.340478897094727,19.340478897094727,19.340478897094727,0,0.0,0.0
2020-12-16 00:00:00-03:00,19.340478897094727,19.340478897094727,19.340478897094727,19.340478897094727,0,0.0,0.0
2020-12-17 00:00:00-03:00,19.340478897094727,19.340478897094727,19.340478897094727,19.340478897094727,0,0.0,0.0
2020-12-18 00:00:00-03:00,19.340478897094727,19.340478897094727,19.340478897094727,19.340478897094727,0,0.0,0.0
2020-12-21 00:00:00-03:00,19.340478897094727,19.340478897094727,19.340478897094727,19.340478897094727,0,0.0,0.0
2020-12-22 00:00:00-03:00,19.340478897094727,19.340478897094727,19.340478897094727,19.340478897094727,0,0.0,0.0
2020-12-23 00:00:00-03:00,19.340478897094727,19.340478897094727,19.340478897094727,19.340478897094727,0,0.0,0.0
2020-12-28 00:00:00-03:00,19.340478897094727,19.340478897094727,19.340478897094727,19.340478897094727,0,0.0,0.0
2020-12-29 00:00:00-03:00,19.340478897094727,19.340478897094727,19.340478897094727,19.340478897094727,0,0.0,0.0
2020-12-30 00:00:00-03:00,19.340478897094727,19.340478897094727,19.340478897094727,19.340478897094727,0,0.0,0.0
2021-01-04 00:00:00-03:00,19.340478897094727,19.340478897094727,19.340478897094727,19.340478897094727,0,0.0,0.0
2021-01-05 00:00:00-03:00,19.340478897094727,19.340478897094727,19.340478897094727,19.340478897094727,0,0.0,0.0
2021-01-06 00:00:00-03:00,19.340478897094727,19.340478897094727,19.340478897094727,19.340478897094727,0,0.0,0.0
2021-01-07 00:00:00-03:00,19.340478897094727,19.340478897094727,19.340478897094727,19.340478897094727,0,0.0,0.0
2021-01-08 00:00:00-03:00,19.340478897094727,19.340478897094727,19.340478897094727,19.340478897094727,0,0.0,0.0
2021-01-11 00:00:00-03:00,19.340478897094727,19.340478897094727,19.340478897094727,19.340478897094727,0,0.0,0.0
2021-01-12 00:00:00-03:00,19.340478897094727,19.340478897094727,19.340478897094727,19.340478897094727,0,0.0,0.0
2021-01-13 00:00:00-03:00,19.340478897094727,19.340478897094727,19.340478897094727,19.340478897094727,0,0.0,0.0
2021-01-14 00:00:00-03:00,19.340478897094727,19.340478897094727,19.340478897094727,19.340478897094727,0,0.0,0.0
2021-01-15 00:00:00-03:00,19.340478897094727,19.340478897094727,19.340478897094727,19.340478897094727,0,0.0,0.0
2021-01-18 00:00:00-03:00,19.340478897094727,19.340478897094727,19.340478897094727,19.340478897094727,0,0.0,0.0
2021-01-19 00:00:00-03:00,19.340478897094727,19.340478897094727,19.340478897094727,19.340478897094727,0,0.0,0.0
2021-01-20 00:00:00-03:00,19.340478897094727,19.340478897094727,19.340478897094727,19.340478897094727,0,0.0,0.0
2021-01-21 00:00:00-03:00,19.340478897094727,19.340478897094727,19.340478897094727,19.340478897094727,0,0.0,0.0
2021-01-22 00:00:00-03:00,19.340478897094727,19.340478897094727,19.340478897094727,19.340478897094727,0,0.0,0.0
2021-01-25 00:00:00-03:00,19.340478897094727,19.340478897094727,19.340478897094727,19.340478897094727,0,0.0,0.0
2021-01-26 00:00:00-03:00,19.340478897094727,19.340478897094727,19.340478897094727,19.340478897094727,0,0.0,0.0
2021-01-27 00:00:00-03:00,19.340478897094727,19.340478897094727,19.340478897094727,19.340478897094727,0,0.0,0.0
2021-01-28 00:00:00-03:00,19.340478897094727,19.340478897094727,19.340478897094727,19.340478897094727,0,0.0,0.0
2021-01-29 00:00:00-03:00,19.340478897094727,19.340478897094727,19.340478897094727,19.340478897094727,0,0.0,0.0
2021-02-01 00:00:00-03:00,19.340478897094727,19.340478897094727,19.340478897094727,19.340478897094727,0,0.0,0.0
2021-02-02 00:00:00-03:00,19.340478897094727,19.340478897094727,19.340478897094727,19.340478897094727,0,0.0,0.0
2021-02-03 00:00:00-03:00,19.340478897094727,19.340478897094727,19.340478897094727,19.340478897094727,0,0.0,0.0
2021-02-04 00:00:00-03:00,19.340478897094727,19.340478897094727,19.340478897094727,19.340478897094727,0,0.0,0.0
2021-02-05 00:00:00-03:00,19.340478897094727,19.340478897094727,19.340478897094727,19.340478897094727,0,0.0,0.0
2021-02-08 00:00:00-03:00,19.340478897094727,19.340478897094727,19.340478897094727,19.340478897094727,0,0.0,0.0
2021-02-09 00:00:00-03:00,19.340478897094727,19.340478897094727,19.340478897094727,19.340478897094727,0,0.0,0.0
2021-02-10 00:00:00-03:00,19.340478897094727,19.340478897094727,19.340478897094727,19.340478897094727,0,0.0,0.0
2021-02-11 00:00:00-03:00,19.340478897094727,19.340478897094727,19.340478897094727,19.340478897094727,0,0.0,0.0
2021-02-12 00:00:00-03:00,19.340478897094727,19.340478897094727,19.340478897094727,19.340478897094727,0,0.0,0.0
2021-02-17 00:00:00-03:00,19.340478897094727,19.340478897094727,19.340478897094727,19.340478897094727,0,0.0,0.0
2021-02-18 00:00:00-03:00,19.340478897094727,19.340478897094727,19.340478897094727,19.340478897094727,0,0.0,0.0
2021-02-19 00:00:00-03:00,19.340478897094727,19.340478897094727,19.340478897094727,19.340478897094727,0,0.0,0.0
2021-02-22 00:00:00-03:00,19.340478897094727,19.340478897094727,19.340478897094727,19.340478897094727,0,0.0,0.0
2021-02-23 00:00:00-03:00,19.340478897094727,19.340478897094727,19.340478897094727,19.340478897094727,0,0.0,0.0
2021-02-24 00:00:00-03:00,19.340478897094727,19.340478897094727,19.340478897094727,19.340478897094727,0,0.0,0.0
2021-02-25 00:00:00-03:00,19.340478897094727,19.340478897094727,19.340478897094727,19.340478897094727,0,0.0,0.0
2021-02-26 00:00:00-03:00,19.340478897094727,19.340478897094727,19.340478897094727,19.340478897094727,0,0.0,0.0
2021-03-01 00:00:00-03:00,19.340478897094727,19.340478897094727,19.340478897094727,19.340478897094727,0,0.0,0.0
2021-03-02 00:00:00-03:00,19.340478897094727,19.340478897094727,19.340478897094727,19.340478897094727,0,0.0,0.0
2021-03-03 00:00:00-03:00,19.340478897094727,19.340478897094727,19.340478897094727,19.340478897094727,0,0.0,0.0
2021-03-04 00:00:00-03:00,19.340478897094727,19.340478897094727,19.340478897094727,19.340478897094727,0,0.0,0.0
2021-03-05 00:00:00-03:00,19.340478897094727,19.340478897094727,19.340478897094727,19.340478897094727,0,0.0,0.0
2021-03-08 00:00:00-03:00,19.340478897094727,19.340478897094727,19.340478897094727,19.340478897094727,0,0.0,0.0
2021-03-09 00:00:00-03:00,19.340478897094727,19.340478897094727,19.340478897094727,19.340478897094727,0,0.0,0.0
2021-03-10 00:00:00-03:00,19.340478897094727,19.340478897094727,19.340478897094727,19.340478897094727,0,0.0,0.0
2021-03-11 00:00:00-03:00,19.340478897094727,19.340478897094727,19.340478897094727,19.340478897094727,0,0.0,0.0
2021-03-12 00:00:00-03:00,19.340478897094727,19.340478897094727,19.340478897094727,19.340478897094727,0,0.0,0.0
2021-03-15 00:00:00-03:00,19.340478897094727,19.340478897094727,19.340478897094727,19.340478897094727,0,0.0,0.0
2021-03-16 00:00:00-03:00,19.340478897094727,19.340478897094727,19.340478897094727,19.340478897094727,0,0.0,0.0
2021-03-17 00:00:00-03:00,19.340478897094727,19.340478897094727,19.340478897094727,19.340478897094727,0,0.0,0.0
2021-03-18 00:00:00-03:00,19.340478897094727,19.340478897094727,19.340478897094727,19.340478897094727,0,0.0,0.0
2021-03-19 00:00:00-03:00,19.340478897094727,19.340478897094727,19.340478897094727,19.340478897094727,0,0.0,0.0
2021-03-22 00:00:00-03:00,19.340478897094727,19.340478897094727,19.340478897094727,19.340478897094727,0,0.0,0.0
2021-03-23 00:00:00-03:00,19.340478897094727,19.340478897094727,19.340478897094727,19.340478897094727,0,0.0,0.0
2021-03-25 00:00:00-03:00,19.340478897094727,19.340478897094727,19.340478897094727,19.340478897094727,0,0.0,0.0
2021-03-26 00:00:00-03:00,19.340478897094727,19.340478897094727,19.340478897094727,19.340478897094727,0,0.0,0.0
2021-03-29 00:00:00-03:00,19.340478897094727,19.340478897094727,19.340478897094727,19.340478897094727,0,0.0,0.0
2021-03-30 00:00:00-03:00,19.340478897094727,19.340478897094727,19.340478897094727,19.340478897094727,0,0.0,0.0
2021-03-31 00:00:00-03:00,19.340478897094727,19.340478897094727,19.340478897094727,19.340478897094727,0,0.0,0.0
2021-04-05 00:00:00-03:00,19.340478897094727,19.340478897094727,19.340478897094727,19.340478897094727,0,0.0,0.0
2021-04-06 00:00:00-03:00,19.340478897094727,19.340478897094727,19.340478897094727,19.340478897094727,0,0.0,0.0
2021-04-07 00:00:00-03:00,19.340478897094727,19.340478897094727,19.340478897094727,19.340478897094727,0,0.0,0.0
2021-04-08 00:00:00-03:00,19.340478897094727,19.340478897094727,19.340478897094727,19.340478897094727,0,0.0,0.0
2021-04-09 00:00:00-03:00,19.340478897094727,19.340478897094727,19.340478897094727,19.340478897094727,0,0.0,0.0
2021-04-12 00:00:00-03:00,19.340478897094727,19.340478897094727,19.340478897094727,19.340478897094727,0,0.0,0.0
2021-04-13 00:00:00-03:00,19.340478897094727,19.340478897094727,19.340478897094727,19.340478897094727,0,0.0,0.0
2021-04-14 00:00:00-03:00,19.340478897094727,19.340478897094727,19.340478897094727,19.340478897094727,0,0.0,0.0
2021-04-15 00:00:00-03:00,19.340478897094727,19.340478897094727,19.340478897094727,19.340478897094727,0,0.0,0.0
2021-04-16 00:00:00-03:00,19.340478897094727,19.340478897094727,19.340478897094727,19.340478897094727,0,0.0,0.0
2021-04-19 00:00:00-03:00,19.340478897094727,19.340478897094727,19.340478897094727,19.340478897094727,0,0.0,0.0
2021-04-20 00:00:00-03:00,19.340478897094727,19.340478897094727,19.340478897094727,19.340478897094727,0,0.0,0.0
2021-04-21 00:00:00-03:00,19.340478897094727,19.340478897094727,19.340478897094727,19.340478897094727,0,0.0,0.0
2021-04-22 00:00:00-03:00,19.340478897094727,19.340478897094727,19.340478897094727,19.340478897094727,0,0.0,0.0
2021-04-23 00:00:00-03:00,19.340478897094727,19.340478897094727,19.340478897094727,19.340478897094727,0,0.0,0.0
2021-04-26 00:00:00-03:00,19.340478897094727,19.340478897094727,19.340478897094727,19.340478897094727,0,0.0,0.0
2021-04-27 00:00:00-03:00,19.340478897094727,19.340478897094727,19.340478897094727,19.340478897094727,0,0.0,0.0
2021-04-28 00:00:00-03:00,19.340478897094727,19.340478897094727,19.340478897094727,19.340478897094727,0,0.0,0.0
2021-04-29 00:00:00-03:00,19.340478897094727,19.340478897094727,19.340478897094727,19.340478897094727,0,0.0,0.0
2021-04-30 00:00:00-03:00,19.340478897094727,19.340478897094727,19.340478897094727,19.340478897094727,0,0.0,0.0
2021-05-03 00:00:00-03:00,19.340478897094727,19.340478897094727,19.340478897094727,19.340478897094727,0,0.0,0.0
2021-05-04 00:00:00-03:00,19.340478897094727,19.340478897094727,19.340478897094727,19.340478897094727,0,0.0,0.0
2021-05-05 00:00:00-03:00,2448.7943178886903,2516.7608540586625,2448.7943178886903,2482.27783203125,475,0.0,0.0
2021-05-06 00:00:00-03:00,2478.7802019817073,2478.7802019817073,2453.792498332698,2458.7900390625,482,0.0,0.0
2021-05-07 00:00:00-03:00,2473.7822638958755,2518.760123239437,2473.7822638958755,2483.77734375,217,0.0,0.0
2021-05-10 00:00:00-03:00,2548.745343608241,2548.745343608241,2478.77978515625,2478.77978515625,360,0.0,0.0
2021-05-11 00:00:00-03:00,2548.745989118304,2548.745989118304,2498.770577566964,2518.7607421875,201,0.0,0.0
2021-05-12 00:00:00-03:00,2498.770069905516,2518.76023046476,2438.7995882277833,2446.2958984375,120,0.0,0.0
2021-05-13 00:00:00-03:00,2518.7607421875,2518.7607421875,2498.770577566964,2518.7607421875,84,0.0,0.0
2021-05-14 00:00:00-03:00,2548.7457838792066,2598.72119140625,2548.7457838792066,2598.72119140625,632,0.0,0.0
2021-05-17 00:00:00-03:00,2608.716448629127,2648.69677734375,2558.7410377358487,2648.69677734375,438,0.0,0.0
2021-05-18 00:00:00-03:00,2648.69677734375,2648.69677734375,2588.726284271816,2648.69677734375,244,0.0,0.0
2021-05-19 00:00:00-03:00,2433.802346567007,2668.6867619441105,2433.802346567007,2598.72119140625,71,0.0,0.0
2021-05-20 00:00:00-03:00,2478.7803803066035,2648.69677734375,2478.7803803066035,2648.69677734375,127,0.0,0.0
2021-05-21 00:00:00-03:00,2658.6918383899865,2698.6721667868287,2633.7041331419605,2642.69970703125,272,0.0,0.0
2021-05-26 00:00:00-03:00,2698.802385202557,2748.7802071507526,2598.846741306166,2613.840087890625,91,189.30469,0.0
2021-05-27 00:00:00-03:00,2628.833951829261,2738.785181753679,2563.8627705102867,2564.362548828125,80,0.0,0.0
2021-05-28 00:00:00-03:00,2748.280405425588,2748.280405425588,2613.8400655347928,2614.33984375,22,0.0,0.0
2021-05-31 00:00:00-03:00,2698.8023621200537,2748.280405425588,2613.8400655347928,2614.33984375,18,0.0,0.0
2021-06-01 00:00:00-03:00,2614.8397989706723,2615.83935546875,2613.840242472595,2615.83935546875,35,0.0,0.0
2021-06-02 00:00:00-03:00,2745.7818804725416,2745.7818804725416,2557.3654682158713,2677.312255859375,94,0.0,0.0
2021-06-03 00:00:00-03:00,2668.815291990376,2698.3022025198575,2638.8286033163267,2693.80419921875,33,0.0,0.0
2021-06-04 00:00:00-03:00,2698.802382065066,2698.802382065066,2628.8334314189347,2690.30615234375,68,0.0,0.0
2021-06-07 00:00:00-03:00,2693.8053481944285,2738.785400390625,2537.3747222232123,2738.785400390625,185,0.0,0.0
2021-06-08 00:00:00-03:00,2683.808658534022,2693.304443359375,2683.808658534022,2693.304443359375,7,0.0,0.0
2021-06-09 00:00:00-03:00,2522.381352443321,2698.303333037743,2522.381352443321,2625.335693359375,94,0.0,0.0
2021-06-10 00:00:00-03:00,2698.802714445153,2698.802714445153,2436.4191172074297,2644.82666015625,48,0.0,0.0
2021-06-11 00:00:00-03:00,2501.8900026495735,2618.8381170363095,2501.8900026495735,2608.3427734375,27,0.0,0.0
2021-06-14 00:00:00-03:00,2598.847594381063,2598.847594381063,2489.3961283869376,2524.380615234375,63,0.0,0.0
2021-06-15 00:00:00-03:00,2493.893648369368,2608.842654206032,2398.935773982558,2578.85595703125,87,0.0,0.0
2021-06-16 00:00:00-03:00,2578.85595703125,2578.85595703125,2578.85595703125,2578.85595703125,0,0.0,0.0
2021-06-17 00:00:00-03:00,2578.356201171875,2578.356201171875,2578.356201171875,2578.356201171875,4,0.0,0.0
2021-06-18 00:00:00-03:00,2351.4565375976563,2498.89111328125,2351.4565375976563,2498.89111328125,43,0.0,0.0
2021-06-22 00:00:00-03:00,2548.8694043542073,2613.8405852495107,2548.8694043542073,2553.8671875,35,0.0,0.0
2021-06-23 00:00:00-03:00,2498.8910749846814,2548.868896484375,2498.8910749846814,2548.868896484375,21,0.0,0.0
2021-06-24 00:00:00-03:00,2421.9256672573442,2568.8604890018055,2421.9256672573442,2560.3642578125,202,0.0,0.0
2021-06-25 00:00:00-03:00,2432.9206864950593,2498.8914199826,2432.9206864950593,2459.408935546875,14,0.0,0.0
2021-06-28 00:00:00-03:00,2459.408721434241,2617.3386454279866,2459.408721434241,2616.8388671875,84,0.0,0.0
2021-06-29 00:00:00-03:00,2616.8388166085656,2616.8388166085656,2508.88671875,2508.88671875,42,0.0,0.0
2021-06-30 00:00:00-03:00,2508.88652156655,2693.8044524389848,2508.88652156655,2660.819091796875,94,0.0,0.0
2021-07-01 00:00:00-03:00,2688.8068305632773,2688.8068305632773,2549.3687068221707,2651.8232421875,40,0.0,0.0
2021-07-02 00:00:00-03:00,2558.8643710815045,2598.8466268796533,2548.8688071319675,2550.867919921875,22,0.0,0.0
2021-07-05 00:00:00-03:00,2528.8775569136424,2528.8775569136424,2499.39064468876,2509.885986328125,13,0.0,0.0
2021-07-06 00:00:00-03:00,2512.8842106673,2588.8504795657545,2512.8842106673,2514.383544921875,15,0.0,0.0
2021-07-07 00:00:00-03:00,2588.851794663915,2648.8251953125,2514.8846005306605,2648.8251953125,102,0.0,0.0
2021-07-08 00:00:00-03:00,2598.84716796875,2658.8205641526442,2598.84716796875,2598.84716796875,102,0.0,0.0
2021-07-12 00:00:00-03:00,2618.8379353701316,2628.833500008949,2548.8689828984106,2617.83837890625,145,0.0,0.0
2021-07-13 00:00:00-03:00,2617.8383136464804,2617.8383136464804,2598.846741306166,2613.840087890625,21,0.0,0.0
2021-07-14 00:00:00-03:00,2617.8388309907336,2617.8388309907336,2579.855678803774,2602.345703125,22,0.0,0.0
2021-07-15 00:00:00-03:00,2607.842692300218,2607.842692300218,2511.385498046875,2511.385498046875,38,0.0,0.0
2021-07-16 00:00:00-03:00,2578.8555893841913,2578.8555893841913,2483.8977285347733,2548.868896484375,43,0.0,0.0
2021-07-19 00:00:00-03:00,2448.91373109626,2528.87826109124,2448.91373109626,2488.89599609375,2,0.0,0.0
2021-07-20 00:00:00-03:00,2528.8782127009063,2607.8431845599466,2494.8932881033447,2495.39306640625,23,0.0,0.0
2021-07-21 00:00:00-03:00,2488.8958219555316,2538.8736497056425,2459.408903582966,2530.877197265625,153,0.0,0.0
2021-07-22 00:00:00-03:00,2528.8779296875,2558.864624505929,2499.391013116045,2528.8779296875,31,0.0,0.0
2021-07-23 00:00:00-03:00,2528.87778401351,2528.87778401351,2499.390869140625,2499.390869140625,17,0.0,0.0
2021-07-26 00:00:00-03:00,2498.891866148399,2548.8697034713673,2498.891866148399,2536.375244140625,20,0.0,0.0
2021-07-27 00:00:00-03:00,2536.375244140625,2536.375244140625,2536.375244140625,2536.375244140625,0,0.0,0.0
2021-07-28 00:00:00-03:00,2548.868896484375,2548.868896484375,2469.404160299862,2548.868896484375,5,0.0,0.0
2021-07-29 00:00:00-03:00,2498.89111328125,2498.89111328125,2498.89111328125,2498.89111328125,3,0.0,0.0
2021-07-30 00:00:00-03:00,2498.891165913908,2578.855683223153,2474.9018107211346,2475.9013671875,14,0.0,0.0
2021-08-02 00:00:00-03:00,2493.893485309409,2500.890380859375,2493.893485309409,2500.890380859375,13,0.0,0.0
2021-08-03 00:00:00-03:00,2548.8689781812377,2578.8556720421934,2548.8689781812377,2568.860107421875,6,0.0,0.0
2021-08-04 00:00:00-03:00,2576.856516015625,2578.85562890625,2498.89111328125,2498.89111328125,21,0.0,0.0
2021-08-05 00:00:00-03:00,2498.8913098521084,2560.3640360744703,2474.9019532775283,2559.8642578125,41,0.0,0.0
2021-08-06 00:00:00-03:00,2450.9128443461345,2523.8804779665534,2449.9132877211973,2488.89599609375,91,0.0,0.0
2021-08-09 00:00:00-03:00,2524.38018279503,2648.8249789771653,2524.38018279503,2637.330078125,65,0.0,0.0
2021-08-10 00:00:00-03:00,2514.884183685557,2637.3298563808994,2498.8912794967778,2636.830078125,20,0.0,0.0
2021-08-11 00:00:00-03:00,2636.830515182783,2648.8251953125,2596.8482480837265,2648.8251953125,137,0.0,0.0
2021-08-12 00:00:00-03:00,2648.8241557998786,2648.8241557998786,2516.8827261524884,2628.333251953125,14,0.0,0.0
2021-08-13 00:00:00-03:00,2628.4616314703326,2648.4537336302133,2516.505859375,2516.505859375,4,189.30469,0.0
2021-08-17 00:00:00-03:00,2638.457738196332,2638.9575407608695,2509.508676545516,2529.0009765625,123,0.0,0.0
2021-08-18 00:00:00-03:00,2501.5117080078126,2626.4623427734373,2499.0126953125,2499.0126953125,36,0.0,0.0
2021-08-19 00:00:00-03:00,2499.0131084735576,2601.4726459209733,2400.0521893780046,2598.9736328125,112,0.0,0.0
2021-08-20 00:00:00-03:00,2625.962520850476,2625.962520850476,2619.465087890625,2619.465087890625,13,0.0,0.0
2021-08-23 00:00:00-03:00,2569.985107421875,2569.985107421875,2569.985107421875,2569.985107421875,3,0.0,0.0
2021-08-24 00:00:00-03:00,2578.9814453125,2578.9814453125,2578.9814453125,2578.9814453125,1,0.0,0.0
2021-08-25 00:00:00-03:00,2558.9890267175574,2618.96533203125,2558.9890267175574,2618.96533203125,3,0.0,0.0
2021-08-26 00:00:00-03:00,2617.4659710654914,2618.965378725067,2598.9732765973945,2618.465576171875,48,0.0,0.0
2021-08-27 00:00:00-03:00,2515.0068609874456,2618.9658091363704,2515.0068609874456,2532.999755859375,7,0.0,0.0
2021-08-30 00:00:00-03:00,2548.992919921875,2549.492722455193,2548.992919921875,2548.992919921875,20,0.0,0.0
2021-08-31 00:00:00-03:00,2549.493272236309,2638.95794499269,2549.493272236309,2563.987548828125,10,0.0,0.0
2021-09-01 00:00:00-03:00,2533.998843922335,2663.9475025850184,2533.998843922335,2548.992919921875,17,0.0,0.0
2021-09-02 00:00:00-03:00,2548.992919921875,2548.992919921875,2454.0304385914524,2548.992919921875,7,0.0,0.0
2021-09-03 00:00:00-03:00,2531.500244140625,2531.500244140625,2531.500244140625,2531.500244140625,1,0.0,0.0
2021-09-06 00:00:00-03:00,2531.500244140625,2531.500244140625,2531.500244140625,2531.500244140625,0,0.0,0.0
2021-09-07 00:00:00-03:00,2531.999527466583,2531.999527466583,2479.0204611595445,2479.520263671875,33,0.0,0.0
2021-09-08 00:00:00-03:00,2479.0205078125,2499.0126086819555,2479.0205078125,2479.0205078125,7,0.0,0.0
2021-09-09 00:00:00-03:00,2638.9577428249527,2638.9577428249527,2598.973534600332,2633.959716796875,1155,0.0,0.0
2021-09-10 00:00:00-03:00,2578.980903221404,2693.4356758643694,2578.980903221404,2689.437255859375,4461,0.0,0.0
2021-09-13 00:00:00-03:00,2689.437255859375,2689.437255859375,2689.437255859375,2689.437255859375,0,0.0,0.0
2021-09-14 00:00:00-03:00,2554.99072265625,2554.99072265625,2554.99072265625,2554.99072265625,52,0.0,0.0
2021-09-15 00:00:00-03:00,2554.9905128805844,2554.9905128805844,2450.031982421875,2450.031982421875,6,0.0,0.0
2021-09-16 00:00:00-03:00,2479.0210036057692,2608.969685246394,2450.032451547476,2598.9736328125,87,0.0,0.0
2021-09-17 00:00:00-03:00,2598.9736328125,2598.9736328125,2598.9736328125,2598.9736328125,0,0.0,0.0
2021-09-20 00:00:00-03:00,2450.031961551789,2479.0205078125,2450.031961551789,2479.0205078125,16,0.0,0.0
2021-09-21 00:00:00-03:00,2480.019775390625,2480.019775390625,2480.019775390625,2480.019775390625,2,0.0,0.0
2021-09-22 00:00:00-03:00,2599.9725525458553,2687.9377907711664,2599.9725525458553,2687.43798828125,22,0.0,0.0
2021-09-23 00:00:00-03:00,2454.530606825087,2702.9325028935186,2454.530606825087,2698.93408203125,61,0.0,0.0
2021-09-24 00:00:00-03:00,2698.93408203125,2698.93408203125,2698.93408203125,2698.93408203125,0,0.0,0.0
2021-09-27 00:00:00-03:00,2732.420092773438,2750.412981622869,2726.922265625,2748.91357421875,47,0.0,0.0
2021-09-28 00:00:00-03:00,2770.906494140625,2770.906494140625,2770.906494140625,2770.906494140625,5,0.0,0.0
2021-09-29 00:00:00-03:00,2632.460693359375,2632.460693359375,2632.460693359375,2632.460693359375,2,0.0,0.0
2021-09-30 00:00:00-03:00,2593.9756928475417,2631.960693359375,2593.9756928475417,2631.960693359375,15,0.0,0.0
2021-10-01 00:00:00-03:00,2631.960693359375,2631.960693359375,2631.960693359375,2631.960693359375,0,0.0,0.0
2021-10-04 00:00:00-03:00,2566.486572265625,2566.486572265625,2566.486572265625,2566.486572265625,8,0.0,0.0
2021-10-05 00:00:00-03:00,2565.985870916193,2693.935302734375,2565.985870916193,2693.935302734375,5,0.0,0.0
2021-10-06 00:00:00-03:00,2693.935302734375,2693.935302734375,2693.935302734375,2693.935302734375,0,0.0,0.0
2021-10-07 00:00:00-03:00,2693.935302734375,2693.935302734375,2693.935302734375,2693.935302734375,0,0.0,0.0
2021-10-12 00:00:00-03:00,2678.9419777199073,2698.93408203125,2668.4461229564527,2698.93408203125,10,0.0,0.0
2021-10-13 00:00:00-03:00,2698.93408203125,2698.93408203125,2698.93408203125,2698.93408203125,0,0.0,0.0
2021-10-14 00:00:00-03:00,2687.939043430175,2707.93115234375,2687.939043430175,2707.93115234375,5,0.0,0.0
2021-10-15 00:00:00-03:00,2602.971658270008,2673.943619766617,2568.9850851589554,2597.9736328125,912,0.0,0.0
2021-10-18 00:00:00-03:00,2568.985304833386,2598.9734601427253,2568.985304833386,2569.485107421875,91,0.0,0.0
2021-10-19 00:00:00-03:00,2550.493396746999,2554.9916214326204,2534.99951171875,2534.99951171875,137,0.0,0.0
2021-10-20 00:00:00-03:00,2583.9791221217106,2628.9613505532297,2583.9791221217106,2611.46826171875,143,0.0,0.0
2021-10-21 00:00:00-03:00,2593.9754673549105,2623.963623046875,2593.9754673549105,2623.963623046875,147,0.0,0.0
2021-10-22 00:00:00-03:00,2658.949566958834,2673.943643464241,2657.4501593082937,2660.448974609375,107,0.0,0.0
2021-10-25 00:00:00-03:00,2648.9535559340184,2666.4466454543376,2646.954345703125,2646.954345703125,187,0.0,0.0
2021-10-26 00:00:00-03:00,2643.9560749557786,2648.9541015625,2643.9560749557786,2648.9541015625,57,0.0,0.0
2021-10-27 00:00:00-03:00,2538.997027853261,2560.488538128397,2529.0009765625,2529.0009765625,56,0.0,0.0
2021-10-28 00:00:00-03:00,2531.9996337890625,2548.992919921875,2531.9996337890625,2548.992919921875,51,0.0,0.0
2021-10-29 00:00:00-03:00,2599.4736897082885,2613.468164484645,2593.9758603318623,2601.472900390625,234,0.0,0.0
2021-11-01 00:00:00-03:00,2572.9840516898344,2649.453857421875,2558.989577438219,2649.453857421875,143,0.0,0.0
2021-11-02 00:00:00-03:00,2652.951904296875,2678.9416365921725,2652.951904296875,2652.951904296875,27,0.0,0.0
2021-11-03 00:00:00-03:00,2649.9536378874054,2693.936270881387,2649.9536378874054,2667.946533203125,98,0.0,0.0
2021-11-04 00:00:00-03:00,2638.9575047795506,2646.954345703125,2635.95868943321,2646.954345703125,3,0.0,0.0
2021-11-05 00:00:00-03:00,2673.9434090462532,2673.9434090462532,2646.9540737026086,2662.94775390625,89,0.0,0.0
2021-11-08 00:00:00-03:00,2530.001069711259,2685.439697265625,2530.001069711259,2685.439697265625,64,0.0,0.0
2021-11-09 00:00:00-03:00,2579.4809706046726,2696.9345703125,2578.981168052724,2696.9345703125,25,0.0,0.0
2021-11-10 00:00:00-03:00,2678.4421058872767,2678.4421058872767,2618.9655970982144,2623.963623046875,27,0.0,0.0
2021-11-11 00:00:00-03:00,2660.4496998201553,2739.9183269611294,2660.4496998201553,2707.43115234375,91,0.0,0.0
2021-11-12 00:00:00-03:00,2707.546630859375,2707.546630859375,2707.546630859375,2707.546630859375,0,170.83594,0.0
2021-11-15 00:00:00-03:00,2629.0732421875,2629.0732421875,2629.0732421875,2629.0732421875,5,0.0,0.0
2021-11-16 00:00:00-03:00,2629.0732421875,2629.0732421875,2629.0732421875,2629.0732421875,0,0.0,0.0
2021-11-17 00:00:00-03:00,2600.5839960431413,2619.077482080734,2600.5839960431413,2604.082763671875,39,0.0,0.0
2021-11-18 00:00:00-03:00,2607.081712249615,2639.0704449152545,2595.0859375,2595.0859375,23,0.0,0.0
2021-11-19 00:00:00-03:00,2543.6041975695375,2564.0969804542597,2538.6059578415566,2560.098388671875,18,0.0,0.0
2021-11-23 00:00:00-03:00,2556.099541311553,2559.098484848485,2556.099541311553,2556.599365234375,38,0.0,0.0
2021-11-24 00:00:00-03:00,2602.083740234375,2602.083740234375,2602.083740234375,2602.083740234375,1,0.0,0.0
2021-11-25 00:00:00-03:00,2602.083740234375,2602.083740234375,2602.083740234375,2602.083740234375,0,0.0,0.0
2021-11-26 00:00:00-03:00,2511.614990234375,2511.614990234375,2511.614990234375,2511.614990234375,5,0.0,0.0
2021-11-29 00:00:00-03:00,2530.608289013672,2530.608289013672,2490.622378857422,2499.119384765625,9,0.0,0.0
2021-11-30 00:00:00-03:00,2499.119384765625,2499.119384765625,2499.119384765625,2499.119384765625,0,0.0,0.0
2021-12-01 00:00:00-03:00,2489.1230826100405,2499.619384765625,2489.1230826100405,2499.619384765625,3,0.0,0.0
2021-12-02 00:00:00-03:00,2449.137724319307,2524.111328125,2449.137724319307,2524.111328125,27,0.0,0.0
2021-12-03 00:00:00-03:00,2524.111328125,2524.111328125,2524.111328125,2524.111328125,0,0.0,0.0
2021-12-06 00:00:00-03:00,2524.111328125,2524.111328125,2524.111328125,2524.111328125,0,0.0,0.0
2021-12-07 00:00:00-03:00,2529.1086366374975,2547.102294921875,2529.1086366374975,2547.102294921875,114,0.0,0.0
2021-12-09 00:00:00-03:00,2549.1019807196817,2549.1019807196817,2497.6201171875,2497.6201171875,5,0.0,0.0
2021-12-10 00:00:00-03:00,2497.6201171875,2497.6201171875,2497.6201171875,2497.6201171875,0,0.0,0.0
2021-12-13 00:00:00-03:00,2349.172119140625,2349.172119140625,2349.172119140625,2349.172119140625,1,0.0,0.0
2021-12-14 00:00:00-03:00,2360.6685284244427,2360.6685284244427,2325.1810277854133,2329.679443359375,13,0.0,0.0
2021-12-15 00:00:00-03:00,2316.683837890625,2316.683837890625,2316.683837890625,2316.683837890625,1,0.0,0.0
2021-12-16 00:00:00-03:00,2363.166719161184,2374.162841796875,2363.166719161184,2374.162841796875,23,0.0,0.0
2021-12-17 00:00:00-03:00,2353.6708984375,2353.6708984375,2353.6708984375,2353.6708984375,7,0.0,0.0
2021-12-20 00:00:00-03:00,2353.6708984375,2353.6708984375,2353.6708984375,2353.6708984375,0,0.0,0.0
2021-12-21 00:00:00-03:00,2349.172788697185,2383.66064453125,2349.172788697185,2383.66064453125,134,0.0,0.0
2021-12-22 00:00:00-03:00,2372.6640625,2372.6640625,2372.6640625,2372.6640625,10,0.0,0.0
2021-12-23 00:00:00-03:00,2369.16552734375,2369.16552734375,2369.16552734375,2369.16552734375,1,0.0,0.0
2021-12-27 00:00:00-03:00,2344.1742365549608,2344.1742365549608,2341.17529296875,2341.17529296875,2,0.0,0.0
2021-12-28 00:00:00-03:00,2317.183899640727,2317.183899640727,2293.6921733070094,2304.1884765625,3,0.0,0.0
2021-12-29 00:00:00-03:00,2356.669464599037,2356.669464599037,2345.67333984375,2345.67333984375,8,0.0,0.0
2021-12-30 00:00:00-03:00,2359.168680340764,2360.6681519596245,2343.17431640625,2343.17431640625,4,0.0,0.0
2022-01-03 00:00:00-03:00,2398.155029296875,2398.155029296875,2398.155029296875,2398.155029296875,6,0.0,0.0
2022-01-04 00:00:00-03:00,2514.114137614208,2514.114137614208,2509.61572265625,2509.61572265625,3,0.0,0.0
2022-01-05 00:00:00-03:00,2509.61572265625,2509.61572265625,2509.61572265625,2509.61572265625,0,0.0,0.0
2022-01-06 00:00:00-03:00,2580.0908591530538,2580.0908591530538,2551.10107421875,2551.10107421875,30,0.0,0.0
2022-01-07 00:00:00-03:00,2546.6032993983886,2566.596259550682,2546.6032993983886,2566.096435546875,247,0.0,0.0
2022-01-10 00:00:00-03:00,2610.080549079834,2610.080549079834,2562.5972759732495,2563.596923828125,14,0.0,0.0
2022-01-11 00:00:00-03:00,2618.0777077414773,2618.0777077414773,2556.599365234375,2556.599365234375,11,0.0,0.0
2022-01-12 00:00:00-03:00,2573.593017578125,2573.593017578125,2573.593017578125,2573.593017578125,1,0.0,0.0
2022-01-13 00:00:00-03:00,2573.593017578125,2573.593017578125,2573.593017578125,2573.593017578125,0,0.0,0.0
2022-01-14 00:00:00-03:00,2549.101806640625,2549.101806640625,2549.101806640625,2549.101806640625,10,0.0,0.0
2022-01-17 00:00:00-03:00,2549.101806640625,2549.101806640625,2549.101806640625,2549.101806640625,0,0.0,0.0
2022-01-18 00:00:00-03:00,2599.0843168218084,2599.0843168218084,2584.089599609375,2584.089599609375,5,0.0,0.0
2022-01-19 00:00:00-03:00,2618.077364726905,2621.0763078709224,2618.077364726905,2620.07666015625,6,0.0,0.0
2022-01-20 00:00:00-03:00,2592.5868040995115,2649.066909914673,2569.594902617233,2570.0947265625,828,0.0,0.0
2022-01-21 00:00:00-03:00,2648.566725646439,2661.0623225781546,2629.5734183102313,2630.0732421875,60,0.0,0.0
2022-01-24 00:00:00-03:00,2677.556884765625,2677.556884765625,2677.556884765625,2677.556884765625,2,0.0,0.0
2022-01-25 00:00:00-03:00,2698.048729193958,2719.0413276797203,2675.056835614313,2718.54150390625,8,0.0,0.0
2022-01-26 00:00:00-03:00,2746.03271484375,2746.03271484375,2746.03271484375,2746.03271484375,47,0.0,0.0
2022-01-27 00:00:00-03:00,2749.031651364457,2749.031651364457,2681.555419921875,2681.555419921875,15,0.0,0.0
2022-01-28 00:00:00-03:00,2681.555419921875,2681.555419921875,2681.555419921875,2681.555419921875,0,0.0,0.0
2022-01-31 00:00:00-03:00,2699.048654626812,2699.048654626812,2689.552001953125,2689.552001953125,6,0.0,0.0
2022-02-01 00:00:00-03:00,2690.052485351562,2699.04931640625,2690.052485351562,2699.04931640625,102,0.0,0.0
2022-02-02 00:00:00-03:00,2699.04931640625,2699.04931640625,2699.04931640625,2699.04931640625,0,0.0,0.0
2022-02-03 00:00:00-03:00,2699.049052254098,2699.049052254098,2605.08215932377,2652.5654296875,29,0.0,0.0
2022-02-04 00:00:00-03:00,2652.5654296875,2652.5654296875,2652.5654296875,2652.5654296875,0,0.0,0.0
2022-02-07 00:00:00-03:00,2652.5654296875,2652.5654296875,2652.5654296875,2652.5654296875,0,0.0,0.0
2022-02-08 00:00:00-03:00,2652.5654296875,2652.5654296875,2652.5654296875,2652.5654296875,0,0.0,0.0
2022-02-09 00:00:00-03:00,2652.5654296875,2652.5654296875,2652.5654296875,2652.5654296875,0,0.0,0.0
2022-02-10 00:00:00-03:00,2652.5654296875,2652.5654296875,2652.5654296875,2652.5654296875,0,0.0,0.0
2022-02-11 00:00:00-03:00,2652.5654296875,2652.5654296875,2652.5654296875,2652.5654296875,0,0.0,0.0
2022-02-14 00:00:00-03:00,2458.134453339411,2499.1200216952125,2458.134453339411,2458.63427734375,118,0.0,0.0
2022-02-15 00:00:00-03:00,2495.6204072521577,2503.6175886092647,2479.126220703125,2479.126220703125,13,0.0,0.0
2022-02-16 00:00:00-03:00,2457.634521484375,2457.634521484375,2457.634521484375,2457.634521484375,4,0.0,0.0
2022-02-17 00:00:00-03:00,2412.2635506527445,2446.253173828125,2412.2635506527445,2446.253173828125,2,170.83594,0.0
2022-02-18 00:00:00-03:00,2402.267333984375,2402.267333984375,2402.267333984375,2402.267333984375,1,0.0,0.0
2022-02-21 00:00:00-03:00,2402.267333984375,2402.267333984375,2402.267333984375,2402.267333984375,0,0.0,0.0
2022-02-22 00:00:00-03:00,2402.267333984375,2402.267333984375,2402.267333984375,2402.267333984375,0,0.0,0.0
2022-02-23 00:00:00-03:00,2321.291013084074,2321.291013084074,2305.2958984375,2305.2958984375,19,0.0,0.0
2022-02-24 00:00:00-03:00,2244.3149736481028,2244.3149736481028,2202.82763671875,2202.82763671875,4,0.0,0.0
2022-02-25 00:00:00-03:00,2202.82763671875,2202.82763671875,2202.82763671875,2202.82763671875,0,0.0,0.0
2022-03-02 00:00:00-03:00,2202.82763671875,2202.82763671875,2202.82763671875,2202.82763671875,0,0.0,0.0
2022-03-03 00:00:00-03:00,2140.84619140625,2140.84619140625,2140.84619140625,2140.84619140625,2,0.0,0.0
2022-03-04 00:00:00-03:00,2092.361522583008,2099.3593872070314,1999.389892578125,1999.389892578125,6,0.0,0.0
2022-03-07 00:00:00-03:00,2086.862760813931,2086.862760813931,2068.368408203125,2068.368408203125,6,0.0,0.0
2022-03-08 00:00:00-03:00,1977.3962433612992,2029.38037109375,1977.3962433612992,2029.38037109375,2,0.0,0.0
2022-03-09 00:00:00-03:00,2029.3811550946302,2069.8688086814936,2029.3811550946302,2058.372314453125,37,0.0,0.0
2022-03-10 00:00:00-03:00,2049.3743896484375,2049.3743896484375,2045.3756103515625,2045.3756103515625,33,0.0,0.0
2022-03-11 00:00:00-03:00,2002.8887939453125,2002.8887939453125,2002.8887939453125,2002.8887939453125,1,0.0,0.0
2022-03-14 00:00:00-03:00,1988.3929443359375,1988.3929443359375,1988.3929443359375,1988.3929443359375,2,0.0,0.0
2022-03-15 00:00:00-03:00,1988.3929443359375,1988.3929443359375,1988.3929443359375,1988.3929443359375,0,0.0,0.0
2022-03-16 00:00:00-03:00,2095.360592939269,2119.353271484375,2095.360592939269,2119.353271484375,3,0.0,0.0
2022-03-17 00:00:00-03:00,2177.335205078125,2177.335205078125,2177.335205078125,2177.335205078125,4,0.0,0.0
2022-03-18 00:00:00-03:00,2196.329833984375,2196.329833984375,2196.329833984375,2196.329833984375,1,0.0,0.0
2022-03-21 00:00:00-03:00,2212.324708040559,2212.324708040559,2176.335693359375,2176.335693359375,11,0.0,0.0
2022-03-22 00:00:00-03:00,2176.335693359375,2176.335693359375,2176.335693359375,2176.335693359375,0,0.0,0.0
2022-03-23 00:00:00-03:00,2176.335693359375,2176.335693359375,2176.335693359375,2176.335693359375,0,0.0,0.0
2022-03-25 00:00:00-03:00,2306.2958984375,2306.2958984375,2306.2958984375,2306.2958984375,3,0.0,0.0
2022-03-28 00:00:00-03:00,2306.2958984375,2306.2958984375,2306.2958984375,2306.2958984375,0,0.0,0.0
2022-03-29 00:00:00-03:00,2306.2958984375,2306.2958984375,2306.2958984375,2306.2958984375,0,0.0,0.0
2022-03-30 00:00:00-03:00,2306.2958984375,2306.2958984375,2306.2958984375,2306.2958984375,0,0.0,0.0
2022-03-31 00:00:00-03:00,2306.2958984375,2306.2958984375,2306.2958984375,2306.2958984375,0,0.0,0.0
2022-04-01 00:00:00-03:00,2306.2958984375,2306.2958984375,2306.2958984375,2306.2958984375,0,0.0,0.0
2022-04-04 00:00:00-03:00,2283.803143836568,2283.803143836568,2177.835477718522,2192.3310546875,8,0.0,0.0
2022-04-05 00:00:00-03:00,2191.3311161432016,2191.3311161432016,2176.335693359375,2176.335693359375,9,0.0,0.0
2022-04-06 00:00:00-03:00,2176.335693359375,2176.335693359375,2176.335693359375,2176.335693359375,0,0.0,0.0
2022-04-07 00:00:00-03:00,2144.3457599411363,2169.338134765625,2144.3457599411363,2169.338134765625,31,0.0,0.0
2022-04-08 00:00:00-03:00,2209.325500294343,2209.325500294343,2200.3282471257235,2202.32763671875,306,0.0,0.0
2022-04-11 00:00:00-03:00,2202.32763671875,2202.32763671875,2202.32763671875,2202.32763671875,0,0.0,0.0
2022-04-12 00:00:00-03:00,2202.32763671875,2202.32763671875,2202.32763671875,2202.32763671875,0,0.0,0.0
2022-04-13 00:00:00-03:00,2238.3167722978146,2244.31494140625,2238.3167722978146,2244.31494140625,4,0.0,0.0
2022-04-18 00:00:00-03:00,2244.31494140625,2244.31494140625,2244.31494140625,2244.31494140625,0,0.0,0.0
2022-04-19 00:00:00-03:00,2284.302913797313,2319.292236328125,2284.302913797313,2319.292236328125,23,0.0,0.0
2022-04-20 00:00:00-03:00,2354.2810109562565,2394.268798828125,2354.2810109562565,2394.268798828125,3,0.0,0.0
2022-04-21 00:00:00-03:00,2429.25860061676,2502.236328125,2429.25860061676,2502.236328125,3,0.0,0.0
2022-04-22 00:00:00-03:00,2502.236328125,2502.236328125,2502.236328125,2502.236328125,1,0.0,0.0
2022-04-25 00:00:00-03:00,2502.236328125,2502.236328125,2502.236328125,2502.236328125,0,0.0,0.0
2022-04-26 00:00:00-03:00,2502.23632667351,2522.230224609375,2502.23632667351,2522.230224609375,35,0.0,0.0
2022-04-27 00:00:00-03:00,2536.226318359375,2536.226318359375,2536.226318359375,2536.226318359375,4,0.0,0.0
2022-04-28 00:00:00-03:00,2449.751708984375,2449.751708984375,2449.751708984375,2449.751708984375,1,0.0,0.0
2022-04-29 00:00:00-03:00,2389.2705078125,2389.2705078125,2389.2705078125,2389.2705078125,1,0.0,0.0
2022-05-02 00:00:00-03:00,2389.2705078125,2389.2705078125,2389.2705078125,2389.2705078125,0,0.0,0.0
2022-05-03 00:00:00-03:00,2436.2568359375,2436.2568359375,2436.2568359375,2436.2568359375,1,0.0,0.0
2022-05-04 00:00:00-03:00,2454.750550092747,2475.744140625,2454.750550092747,2475.744140625,38,0.0,0.0
2022-05-05 00:00:00-03:00,2465.74755859375,2465.74755859375,2465.74755859375,2465.74755859375,1,0.0,0.0
2022-05-06 00:00:00-03:00,2465.74755859375,2465.74755859375,2465.74755859375,2465.74755859375,0,0.0,0.0
2022-05-09 00:00:00-03:00,2503.235717675859,2503.235717675859,2501.236328125,2501.236328125,64,0.0,0.0
2022-05-10 00:00:00-03:00,2501.236328125,2501.236328125,2501.236328125,2501.236328125,0,0.0,0.0
2022-05-11 00:00:00-03:00,2501.236328125,2501.236328125,2501.236328125,2501.236328125,0,0.0,0.0
2022-05-12 00:00:00-03:00,2501.236328125,2501.236328125,2501.236328125,2501.236328125,0,0.0,0.0
2022-05-13 00:00:00-03:00,2533.726806640625,2533.726806640625,2533.726806640625,2533.726806640625,1,0.0,0.0
2022-05-16 00:00:00-03:00,2532.2275390625,2532.2275390625,2532.2275390625,2532.2275390625,2,0.0,0.0
2022-05-17 00:00:00-03:00,2590.20947265625,2590.20947265625,2590.20947265625,2590.20947265625,84,0.0,0.0
2022-05-19 00:00:00-03:00,2512.23291015625,2512.23291015625,2512.23291015625,2512.23291015625,1,0.0,0.0
2022-05-20 00:00:00-03:00,2512.23291015625,2512.23291015625,2512.23291015625,2512.23291015625,0,0.0,0.0
2022-05-23 00:00:00-03:00,2512.23291015625,2512.23291015625,2512.23291015625,2512.23291015625,0,0.0,0.0
2022-05-24 00:00:00-03:00,2512.23291015625,2512.23291015625,2512.23291015625,2512.23291015625,0,0.0,0.0
2022-05-26 00:00:00-03:00,2512.3486328125,2512.3486328125,2512.3486328125,2512.3486328125,0,170.83594,0.0
2022-05-27 00:00:00-03:00,2512.3486328125,2512.3486328125,2512.3486328125,2512.3486328125,0,0.0,0.0
2022-05-30 00:00:00-03:00,2512.3486328125,2512.3486328125,2512.3486328125,2512.3486328125,0,0.0,0.0
2022-05-31 00:00:00-03:00,2512.3486328125,2512.3486328125,2512.3486328125,2512.3486328125,0,0.0,0.0
2022-06-01 00:00:00-03:00,2512.3486328125,2512.3486328125,2512.3486328125,2512.3486328125,0,0.0,0.0
2022-06-02 00:00:00-03:00,2469.3603515625,2469.3603515625,2469.3603515625,2469.3603515625,6,0.0,0.0
2022-06-03 00:00:00-03:00,2469.3603515625,2469.3603515625,2469.3603515625,2469.3603515625,0,0.0,0.0
2022-06-06 00:00:00-03:00,2469.3603515625,2469.3603515625,2469.3603515625,2469.3603515625,0,0.0,0.0
2022-06-07 00:00:00-03:00,2469.3603515625,2469.3603515625,2469.3603515625,2469.3603515625,0,0.0,0.0
2022-06-08 00:00:00-03:00,2469.3603515625,2469.3603515625,2469.3603515625,2469.3603515625,0,0.0,0.0
2022-06-09 00:00:00-03:00,2469.3603515625,2469.3603515625,2469.3603515625,2469.3603515625,0,0.0,0.0
2022-06-10 00:00:00-03:00,2462.8614188266465,2509.349365234375,2462.8614188266465,2509.349365234375,12,0.0,0.0
2022-06-13 00:00:00-03:00,2509.349365234375,2509.349365234375,2509.349365234375,2509.349365234375,0,0.0,0.0
2022-06-14 00:00:00-03:00,2509.349365234375,2509.349365234375,2509.349365234375,2509.349365234375,0,0.0,0.0
2022-06-15 00:00:00-03:00,2509.349365234375,2509.349365234375,2509.349365234375,2509.349365234375,0,0.0,0.0
2022-06-16 00:00:00-03:00,2509.349365234375,2509.349365234375,2509.349365234375,2509.349365234375,0,0.0,0.0
2022-06-21 00:00:00-03:00,2529.34423828125,2529.34423828125,2529.34423828125,2529.34423828125,4,0.0,0.0
2022-06-22 00:00:00-03:00,2529.34423828125,2529.34423828125,2529.34423828125,2529.34423828125,0,0.0,0.0
2022-06-23 00:00:00-03:00,2403.3779296875,2403.3779296875,2403.3779296875,2403.3779296875,8,0.0,0.0
2022-06-24 00:00:00-03:00,2403.3779296875,2403.3779296875,2403.3779296875,2403.3779296875,0,0.0,0.0
2022-06-27 00:00:00-03:00,2549.339111328125,2549.339111328125,2549.339111328125,2549.339111328125,21,0.0,0.0
2022-06-28 00:00:00-03:00,2620.320556640625,2620.320556640625,2620.320556640625,2620.320556640625,1,0.0,0.0
2022-06-29 00:00:00-03:00,2640.3156790343696,2648.8134765625,2640.3156790343696,2648.8134765625,29,0.0,0.0
2022-06-30 00:00:00-03:00,2648.8134765625,2648.8134765625,2648.8134765625,2648.8134765625,11,0.0,0.0
2022-07-01 00:00:00-03:00,2648.8134765625,2648.8134765625,2648.8134765625,2648.8134765625,0,0.0,0.0
2022-07-04 00:00:00-03:00,2648.8134765625,2648.8134765625,2648.8134765625,2648.8134765625,1,0.0,0.0
2022-07-05 00:00:00-03:00,2861.2582520380433,2874.2548828125,2819.2691372282607,2874.2548828125,4,0.0,0.0
2022-07-06 00:00:00-03:00,2879.253801976386,2921.242919921875,2879.253801976386,2921.242919921875,19,0.0,0.0
2022-07-07 00:00:00-03:00,2921.2432566437005,3174.177734375,2921.2432566437005,3174.177734375,6,0.0,0.0
2022-07-08 00:00:00-03:00,3167.679118463966,3252.1572265625,3167.679118463966,3252.1572265625,118,0.0,0.0
2022-07-11 00:00:00-03:00,3179.175867792676,3179.175867792676,3106.1947865508946,3136.18701171875,34,0.0,0.0
2022-07-12 00:00:00-03:00,3193.172532322137,3230.6628172194696,3193.172532322137,3212.66748046875,1102,0.0,0.0
2022-07-13 00:00:00-03:00,3037.2126782318182,3063.705810546875,3037.2126782318182,3063.705810546875,295,0.0,0.0
2022-07-14 00:00:00-03:00,3063.7057135384016,3089.698974609375,3063.7057135384016,3089.698974609375,9,0.0,0.0
2022-07-15 00:00:00-03:00,3158.18115234375,3158.18115234375,3158.18115234375,3158.18115234375,7,0.0,0.0
2022-07-18 00:00:00-03:00,3124.1903897577763,3132.6881876179177,3124.1903897577763,3129.68896484375,28,0.0,0.0
2022-07-19 00:00:00-03:00,3262.154511700916,3284.648681640625,3261.154770814707,3284.648681640625,1538,0.0,0.0
2022-07-20 00:00:00-03:00,3327.1372674069626,3331.13623046875,3327.1372674069626,3331.13623046875,2,0.0,0.0
2022-07-21 00:00:00-03:00,3341.6339160732355,3643.5556640625,3341.6339160732355,3643.5556640625,21,0.0,0.0
2022-07-22 00:00:00-03:00,3476.098876953125,3476.098876953125,3476.098876953125,3476.098876953125,200,0.0,0.0
2022-07-25 00:00:00-03:00,3506.091368531645,3559.07763671875,3506.091368531645,3559.07763671875,228,0.0,0.0
2022-07-26 00:00:00-03:00,3496.09405922144,3519.088100789096,3442.607919053197,3484.09716796875,1682,0.0,0.0
2022-07-27 00:00:00-03:00,3541.582275390625,3541.582275390625,3541.582275390625,3541.582275390625,549,0.0,0.0
2022-07-28 00:00:00-03:00,3564.5759883687033,3564.5759883687033,3279.1499766791044,3349.1318359375,580,0.0,0.0
2022-07-29 00:00:00-03:00,3245.658480574911,3245.658480574911,3191.172607421875,3191.172607421875,2,0.0,0.0
2022-08-01 00:00:00-03:00,3058.2068378977533,3060.706189677663,3013.218505859375,3013.218505859375,3,0.0,0.0
2022-08-02 00:00:00-03:00,3013.2184408723024,3057.20703125,3013.2184408723024,3057.20703125,21,0.0,0.0
2022-08-03 00:00:00-03:00,3088.6990070370925,3088.6990070370925,3032.7135257637224,3074.70263671875,2876,0.0,0.0
2022-08-04 00:00:00-03:00,3093.697998046875,3093.697998046875,3093.697998046875,3093.697998046875,65,0.0,0.0
2022-08-05 00:00:00-03:00,3093.697937851063,3093.697937851063,3089.698974609375,3089.698974609375,2,0.0,0.0
2022-08-08 00:00:00-03:00,3020.2173299638052,3043.2113712048404,3009.7200502668106,3023.216552734375,25,0.0,0.0
2022-08-09 00:00:00-03:00,3057.707369370951,3076.7024453945073,3036.712811660704,3047.7099609375,15,0.0,0.0
2022-08-10 00:00:00-03:00,3121.691156314098,3137.68701171875,3121.691156314098,3137.68701171875,293,0.0,0.0
2022-08-11 00:00:00-03:00,3137.1869223848607,3155.68212890625,3137.1869223848607,3155.68212890625,191,0.0,0.0
2022-08-12 00:00:00-03:00,3173.2939160476335,3202.787353515625,3173.2939160476335,3202.787353515625,2,170.83594,0.0
2022-08-16 00:00:00-03:00,3180.29248046875,3180.29248046875,3180.29248046875,3180.29248046875,158,0.0,0.0
2022-08-17 00:00:00-03:00,3174.294189453125,3174.294189453125,3174.294189453125,3174.294189453125,1,0.0,0.0
2022-08-18 00:00:00-03:00,3139.801513671875,3139.801513671875,3139.801513671875,3139.801513671875,1,0.0,0.0
2022-08-19 00:00:00-03:00,3295.2667128014564,3295.7666015625,3295.2667128014564,3295.7666015625,2,0.0,0.0
2022-08-22 00:00:00-03:00,3193.2894309010567,3193.2894309010567,3176.293212890625,3176.293212890625,8,0.0,0.0
2022-08-23 00:00:00-03:00,3201.287671228716,3214.78466796875,3201.287671228716,3214.78466796875,3116,0.0,0.0
2022-08-24 00:00:00-03:00,3214.78466796875,3214.78466796875,3214.78466796875,3214.78466796875,0,0.0,0.0
2022-08-25 00:00:00-03:00,3214.78466796875,3214.78466796875,3214.78466796875,3214.78466796875,0,0.0,0.0
2022-08-26 00:00:00-03:00,3214.78466796875,3214.78466796875,3214.78466796875,3214.78466796875,0,0.0,0.0
2022-08-29 00:00:00-03:00,3214.78466796875,3214.78466796875,3214.78466796875,3214.78466796875,0,0.0,0.0
2022-08-30 00:00:00-03:00,3088.8127820346285,3120.8056640625,3088.8127820346285,3120.8056640625,4,0.0,0.0
2022-08-31 00:00:00-03:00,3120.8056640625,3120.8056640625,3120.8056640625,3120.8056640625,0,0.0,0.0
2022-09-01 00:00:00-03:00,3120.8056640625,3120.8056640625,3120.8056640625,3120.8056640625,0,0.0,0.0
2022-09-05 00:00:00-03:00,3120.8056640625,3120.8056640625,3120.8056640625,3120.8056640625,0,0.0,0.0
2022-09-06 00:00:00-03:00,3120.8056640625,3120.8056640625,3120.8056640625,3120.8056640625,0,0.0,0.0
2022-09-07 00:00:00-03:00,2896.855514826178,2900.354736328125,2896.3556260401856,2900.354736328125,11,0.0,0.0
2022-09-08 00:00:00-03:00,2927.3486328125,2927.3486328125,2927.3486328125,2927.3486328125,1,0.0,0.0
2022-09-09 00:00:00-03:00,2927.3486328125,2927.3486328125,2927.3486328125,2927.3486328125,0,0.0,0.0
2022-09-12 00:00:00-03:00,2954.3421811772887,2964.83984375,2954.3421811772887,2964.83984375,2,0.0,0.0
2022-09-13 00:00:00-03:00,2964.83984375,2964.83984375,2964.83984375,2964.83984375,0,0.0,0.0
2022-09-14 00:00:00-03:00,2769.383464811879,2818.37255859375,2769.383464811879,2818.37255859375,22,0.0,0.0
2022-09-15 00:00:00-03:00,2844.36669921875,2844.36669921875,2844.36669921875,2844.36669921875,2,0.0,0.0
2022-09-16 00:00:00-03:00,2844.36669921875,2844.36669921875,2844.36669921875,2844.36669921875,0,0.0,0.0
2022-09-19 00:00:00-03:00,2760.3858777623373,2765.884654411266,2760.3858777623373,2765.384765625,90,0.0,0.0
2022-09-20 00:00:00-03:00,2647.4106694745524,2651.90966796875,2595.4222424304903,2651.90966796875,33,0.0,0.0
2022-09-21 00:00:00-03:00,2679.4036285545026,2707.397397808057,2636.9130859375,2636.9130859375,64,0.0,0.0
2022-09-22 00:00:00-03:00,2636.9130859375,2636.9130859375,2636.9130859375,2636.9130859375,0,0.0,0.0
2022-09-23 00:00:00-03:00,2635.4133464798506,2635.4133464798506,2589.423583984375,2589.423583984375,10,0.0,0.0
2022-09-26 00:00:00-03:00,2491.4459228515625,2491.4459228515625,2427.9600415910995,2463.4521484375,1522,0.0,0.0
2022-09-27 00:00:00-03:00,2449.455138458603,2449.455138458603,2435.458251953125,2435.458251953125,38,0.0,0.0
2022-09-28 00:00:00-03:00,2495.94482421875,2495.94482421875,2495.94482421875,2495.94482421875,32,0.0,0.0
2022-09-29 00:00:00-03:00,2437.9576625917016,2459.452880859375,2437.9576625917016,2459.452880859375,7,0.0,0.0
2022-09-30 00:00:00-03:00,2459.452880859375,2459.452880859375,2459.452880859375,2459.452880859375,2,0.0,0.0
2022-10-03 00:00:00-03:00,2536.435357284167,2536.435357284167,2516.939697265625,2516.939697265625,214,0.0,0.0
2022-10-04 00:00:00-03:00,2567.428466796875,2567.428466796875,2565.428911916192,2567.428466796875,192,0.0,0.0
2022-10-05 00:00:00-03:00,2540.9348909968244,2565.429443359375,2540.9348909968244,2565.429443359375,17,0.0,0.0
2022-10-06 00:00:00-03:00,2476.9486225354826,2481.947509765625,2476.9486225354826,2481.947509765625,12,0.0,0.0
2022-10-11 00:00:00-03:00,2449.4549335607758,2449.4549335607758,2427.959716796875,2427.959716796875,8,0.0,0.0
2022-10-12 00:00:00-03:00,2427.959716796875,2427.959716796875,2427.959716796875,2427.959716796875,0,0.0,0.0
2022-10-13 00:00:00-03:00,2427.959716796875,2427.959716796875,2427.959716796875,2427.959716796875,0,0.0,0.0
2022-10-14 00:00:00-03:00,2599.4212906305074,2604.9200664376103,2547.432864817897,2552.931640625,63,0.0,0.0
2022-10-17 00:00:00-03:00,2558.430707410112,2562.9297063094264,2556.43115234375,2556.43115234375,44,0.0,0.0
2022-10-18 00:00:00-03:00,2556.43115234375,2556.43115234375,2556.43115234375,2556.43115234375,0,0.0,0.0
2022-10-19 00:00:00-03:00,2482.9474016020567,2482.9474016020567,2448.455078125,2448.455078125,8,0.0,0.0
2022-10-20 00:00:00-03:00,2499.443827521963,2499.443827521963,2460.952392578125,2460.952392578125,35,0.0,0.0
2022-10-21 00:00:00-03:00,2492.44580078125,2492.44580078125,2492.44580078125,2492.44580078125,28,0.0,0.0
2022-10-24 00:00:00-03:00,2509.4415175014938,2529.936956190251,2503.9427412679247,2509.94140625,168,0.0,0.0
2022-10-25 00:00:00-03:00,2520.939488329334,2559.9308189043268,2519.9397106222827,2558.43115234375,261,0.0,0.0
2022-10-26 00:00:00-03:00,2568.927803868931,2568.927803868931,2542.93359375,2542.93359375,73,0.0,0.0
2022-10-27 00:00:00-03:00,2558.4303011339243,2599.921062172243,2546.932861328125,2546.932861328125,2812,0.0,0.0
2022-10-28 00:00:00-03:00,2545.4334432633195,2591.923095703125,2545.4334432633195,2591.923095703125,82,0.0,0.0
2022-10-31 00:00:00-03:00,2591.423742912743,2600.921630859375,2591.423742912743,2600.921630859375,8,0.0,0.0
2022-11-01 00:00:00-03:00,2539.435346406496,2550.4329010562883,2537.435791015625,2537.435791015625,23,0.0,0.0
2022-11-02 00:00:00-03:00,2531.4366161320895,2564.4292734513465,2529.4370611430436,2538.43505859375,2041,0.0,0.0
2022-11-03 00:00:00-03:00,2520.93838228509,2523.4378254561047,2513.93994140625,2513.93994140625,5,0.0,0.0
2022-11-04 00:00:00-03:00,2555.431282169118,2555.431282169118,2515.4401822916666,2549.4326171875,220,0.0,0.0
2022-11-07 00:00:00-03:00,2541.933933910232,2541.933933910232,2520.438720703125,2520.438720703125,79,0.0,0.0
2022-11-08 00:00:00-03:00,2539.434814453125,2539.434814453125,2539.434814453125,2539.434814453125,1,0.0,0.0
2022-11-09 00:00:00-03:00,2553.9315880002,2553.9315880002,2539.434814453125,2539.434814453125,28,0.0,0.0
2022-11-10 00:00:00-03:00,2642.411523364974,2692.400390625,2642.411523364974,2692.400390625,19,0.0,0.0
2022-11-11 00:00:00-03:00,2724.394010992356,2854.864990234375,2724.394010992356,2854.864990234375,43,0.0,0.0
2022-11-14 00:00:00-03:00,2799.490270322086,2864.4784373117054,2799.490270322086,2851.980712890625,45,170.83594,0.0
2022-11-15 00:00:00-03:00,2853.9802211433894,2887.47412109375,2853.9802211433894,2887.47412109375,7,0.0,0.0
2022-11-16 00:00:00-03:00,2922.468019729701,2928.4669277414623,2890.9737526679546,2892.973388671875,96,0.0,0.0
2022-11-17 00:00:00-03:00,2909.4701010338345,2991.955078125,2909.4701010338345,2991.955078125,74,0.0,0.0
2022-11-18 00:00:00-03:00,2974.458634036089,2979.457724177326,2960.461181640625,2960.461181640625,35,0.0,0.0
2022-11-22 00:00:00-03:00,3020.949856017562,3024.44921875,3019.4501291322313,3024.44921875,56,0.0,0.0
2022-11-23 00:00:00-03:00,3022.449715614635,3022.449715614635,3014.451171875,3014.451171875,90,0.0,0.0
2022-11-24 00:00:00-03:00,3124.430908203125,3124.430908203125,3124.430908203125,3124.430908203125,1,0.0,0.0
2022-11-25 00:00:00-03:00,3012.45166015625,3012.45166015625,3012.45166015625,3012.45166015625,4,0.0,0.0
2022-11-28 00:00:00-03:00,2911.9704036210014,2911.9704036210014,2872.4775861298326,2883.4755859375,26,0.0,0.0
2022-11-29 00:00:00-03:00,2874.476591442101,2875.976318359375,2874.476591442101,2875.976318359375,32,0.0,0.0
2022-11-30 00:00:00-03:00,2923.468017578125,2923.468017578125,2890.474021483707,2923.468017578125,120,0.0,0.0
2022-12-01 00:00:00-03:00,3054.943603515625,3054.943603515625,3054.943603515625,3054.943603515625,10,0.0,0.0
2022-12-02 00:00:00-03:00,3014.45135384719,3015.451171875,3014.45135384719,3015.451171875,2,0.0,0.0
2022-12-05 00:00:00-03:00,2999.4539195356783,2999.4539195356783,2998.4541015625,2998.4541015625,44,0.0,0.0
2022-12-06 00:00:00-03:00,2998.4541015625,2998.4541015625,2998.4541015625,2998.4541015625,0,0.0,0.0
2022-12-07 00:00:00-03:00,3106.9348502268413,3106.9348502268413,3053.444580078125,3053.444580078125,11,0.0,0.0
2022-12-12 00:00:00-03:00,3049.444766368559,3053.444038193305,3046.4453125,3046.4453125,136,0.0,0.0
2022-12-13 00:00:00-03:00,3046.4453125,3046.4453125,3046.4453125,3046.4453125,0,0.0,0.0
2022-12-14 00:00:00-03:00,3109.433519550398,3109.433519550398,3059.442626953125,3059.442626953125,21,0.0,0.0
2022-12-15 00:00:00-03:00,3049.4449602173645,3049.4449602173645,3009.9521484375,3009.9521484375,98,0.0,0.0
2022-12-16 00:00:00-03:00,2918.468460709796,2932.9658203125,2915.469006998892,2932.9658203125,19,0.0,0.0
2022-12-19 00:00:00-03:00,2916.4697265625,2916.4697265625,2916.4697265625,2916.4697265625,1,0.0,0.0
2022-12-20 00:00:00-03:00,2916.4697265625,2916.4697265625,2916.4697265625,2916.4697265625,0,0.0,0.0
2022-12-21 00:00:00-03:00,2920.9685345916278,2922.46826171875,2920.9685345916278,2922.46826171875,6,0.0,0.0
2022-12-22 00:00:00-03:00,2922.46826171875,2922.46826171875,2922.46826171875,2922.46826171875,0,0.0,0.0
2022-12-23 00:00:00-03:00,2901.4716300317796,2919.96826171875,2901.4716300317796,2919.96826171875,241,0.0,0.0
2022-12-26 00:00:00-03:00,2919.96826171875,2919.96826171875,2919.96826171875,2919.96826171875,0,0.0,0.0
2022-12-27 00:00:00-03:00,2919.96826171875,2919.96826171875,2919.96826171875,2919.96826171875,0,0.0,0.0
2022-12-28 00:00:00-03:00,2985.9564475579405,2989.455810546875,2985.9564475579405,2989.455810546875,109,0.0,0.0
2022-12-29 00:00:00-03:00,2989.455810546875,2989.455810546875,2989.455810546875,2989.455810546875,0,0.0,0.0
2022-12-30 00:00:00-03:00,2881.475830078125,2881.475830078125,2881.475830078125,2881.475830078125,11,0.0,0.0
2023-01-02 00:00:00-03:00,2881.475830078125,2881.475830078125,2881.475830078125,2881.475830078125,1,0.0,0.0
2023-01-03 00:00:00-03:00,2881.475830078125,2881.475830078125,2881.475830078125,2881.475830078125,0,0.0,0.0
2023-01-04 00:00:00-03:00,3098.93603515625,3098.93603515625,3098.93603515625,3098.93603515625,1,0.0,0.0
2023-01-05 00:00:00-03:00,3049.445027062743,3085.4384765625,3049.445027062743,3085.4384765625,107,0.0,0.0
2023-01-06 00:00:00-03:00,3112.43359375,3112.43359375,3112.43359375,3112.43359375,5,0.0,0.0
2023-01-09 00:00:00-03:00,3155.925570432945,3155.925570432945,3153.426025390625,3153.426025390625,28,0.0,0.0
2023-01-10 00:00:00-03:00,3089.437255859375,3089.437255859375,3089.437255859375,3089.437255859375,30,0.0,0.0
2023-01-11 00:00:00-03:00,3099.4355515179277,3154.425537109375,3099.4355515179277,3154.425537109375,55,0.0,0.0
2023-01-12 00:00:00-03:00,3240.91015625,3240.91015625,3240.91015625,3240.91015625,31,0.0,0.0
2023-01-13 00:00:00-03:00,3263.40576171875,3263.40576171875,3263.40576171875,3263.40576171875,81,0.0,0.0
2023-01-16 00:00:00-03:00,3263.40576171875,3263.40576171875,3263.40576171875,3263.40576171875,0,0.0,0.0
2023-01-17 00:00:00-03:00,3405.380966539393,3405.380966539393,3393.883056640625,3393.883056640625,60,0.0,0.0
2023-01-18 00:00:00-03:00,3393.883056640625,3393.883056640625,3393.883056640625,3393.883056640625,0,0.0,0.0
2023-01-19 00:00:00-03:00,3189.419677734375,3189.419677734375,3189.419677734375,3189.419677734375,48,0.0,0.0
2023-01-20 00:00:00-03:00,3324.394449529289,3345.390625,3324.394449529289,3345.390625,20,0.0,0.0
2023-01-23 00:00:00-03:00,3424.376953125,3424.376953125,3424.376953125,3424.376953125,4,0.0,0.0
2023-01-24 00:00:00-03:00,3277.9028707432344,3300.898681640625,3277.9028707432344,3300.898681640625,206,0.0,0.0
2023-01-25 00:00:00-03:00,3305.3985184100884,3305.3985184100884,3288.401611328125,3288.401611328125,2,0.0,0.0
2023-01-26 00:00:00-03:00,3354.388874140372,3398.380859375,3354.388874140372,3398.380859375,182,0.0,0.0
2023-01-27 00:00:00-03:00,3398.380859375,3398.380859375,3398.380859375,3398.380859375,0,0.0,0.0
2023-01-30 00:00:00-03:00,3536.856326773005,3560.35205078125,3536.856326773005,3560.35205078125,145,0.0,0.0
2023-01-31 00:00:00-03:00,3680.829547329333,3846.79931640625,3675.3305489563027,3846.79931640625,2738,0.0,0.0
2023-02-01 00:00:00-03:00,3844.8002039407634,3844.8002039407634,3732.3206764558236,3734.3203125,42,0.0,0.0
2023-02-02 00:00:00-03:00,3800.807919695519,3800.807919695519,3774.312744140625,3774.312744140625,9,0.0,0.0
2023-02-03 00:00:00-03:00,3758.8154296875,3758.8154296875,3758.8154296875,3758.8154296875,1,0.0,0.0
2023-02-06 00:00:00-03:00,3689.827836248524,3704.3251953125,3689.827836248524,3704.3251953125,176,0.0,0.0
2023-02-07 00:00:00-03:00,3694.82763671875,3694.82763671875,3694.82763671875,3694.82763671875,7,0.0,0.0
2023-02-08 00:00:00-03:00,3694.82763671875,3694.82763671875,3694.82763671875,3694.82763671875,0,0.0,0.0
2023-02-09 00:00:00-03:00,3626.839469791299,3626.839469791299,3544.3544921875,3544.3544921875,319,0.0,0.0
2023-02-10 00:00:00-03:00,3536.856201171875,3536.856201171875,3536.856201171875,3536.856201171875,1,0.0,0.0
2023-02-13 00:00:00-03:00,3636.337646484375,3636.337646484375,3636.337646484375,3636.337646484375,40,0.0,0.0
2023-02-14 00:00:00-03:00,3616.8415281648518,3629.3392528647996,3609.3428933448836,3611.342529296875,127,0.0,0.0
2023-02-15 00:00:00-03:00,3609.34326171875,3609.34326171875,3609.34326171875,3609.34326171875,110,0.0,0.0
2023-02-16 00:00:00-03:00,3580.46240234375,3580.46240234375,3580.46240234375,3580.46240234375,1,170.83594,0.0
2023-02-17 00:00:00-03:00,3548.967135032298,3548.967135032298,3547.96728515625,3547.96728515625,2,0.0,0.0
2023-02-22 00:00:00-03:00,3547.96728515625,3547.96728515625,3547.96728515625,3547.96728515625,0,0.0,0.0
2023-02-23 00:00:00-03:00,3359.4959881756754,3359.4959881756754,3329.50048828125,3329.50048828125,23,0.0,0.0
2023-02-24 00:00:00-03:00,3316.0027220576644,3336.49964827572,3316.0027220576644,3319.502197265625,144,0.0,0.0
2023-02-27 00:00:00-03:00,3434.984208647876,3434.984208647876,3409.488037109375,3409.488037109375,3,0.0,0.0
2023-02-28 00:00:00-03:00,3350.497314453125,3350.497314453125,3350.497314453125,3350.497314453125,75,0.0,0.0
2023-03-01 00:00:00-03:00,3350.497314453125,3350.497314453125,3350.497314453125,3350.497314453125,0,0.0,0.0
2023-03-02 00:00:00-03:00,3477.478271484375,3477.478271484375,3477.478271484375,3477.478271484375,3,0.0,0.0
2023-03-03 00:00:00-03:00,3537.469169880082,3537.469169880082,3470.979147325807,3504.47412109375,11,0.0,0.0
2023-03-06 00:00:00-03:00,3423.98625886321,3423.98625886321,3397.490234375,3397.490234375,8,0.0,0.0
2023-03-07 00:00:00-03:00,3491.477022295779,3491.477022295779,3379.4937959220315,3393.49169921875,1483,0.0,0.0
2023-03-08 00:00:00-03:00,3431.984731318145,3435.984130859375,3431.984731318145,3435.984130859375,12,0.0,0.0
2023-03-09 00:00:00-03:00,3508.4736328125,3508.4736328125,3508.4736328125,3508.4736328125,59,0.0,0.0
2023-03-10 00:00:00-03:00,3528.970703125,3528.970703125,3528.970703125,3528.970703125,2,0.0,0.0
2023-03-13 00:00:00-03:00,3425.485930213701,3456.4812786773978,3425.485930213701,3443.983154296875,3,0.0,0.0
2023-03-14 00:00:00-03:00,3497.474834574582,3498.974609375,3459.4805396306615,3498.974609375,3,0.0,0.0
2023-03-15 00:00:00-03:00,3440.4832126783285,3440.4832126783285,3403.48876953125,3403.48876953125,1474,0.0,0.0
2023-03-16 00:00:00-03:00,3434.484375,3434.484375,3434.484375,3434.484375,29,0.0,0.0
2023-03-17 00:00:00-03:00,3378.493384050364,3456.481689453125,3378.493384050364,3456.481689453125,3,0.0,0.0
2023-03-20 00:00:00-03:00,3456.481689453125,3456.481689453125,3456.481689453125,3456.481689453125,0,0.0,0.0
2023-03-21 00:00:00-03:00,3529.9704764895787,3536.9694265916683,3527.9707764604104,3534.9697265625,244,0.0,0.0
2023-03-22 00:00:00-03:00,3534.9697265625,3534.9697265625,3534.9697265625,3534.9697265625,0,0.0,0.0
2023-03-23 00:00:00-03:00,3534.9697265625,3534.9697265625,3534.9697265625,3534.9697265625,0,0.0,0.0
2023-03-27 00:00:00-03:00,3411.988037109375,3411.988037109375,3411.988037109375,3411.988037109375,4,0.0,0.0
2023-03-28 00:00:00-03:00,3384.4925622693727,3386.9921875,3384.4925622693727,3386.9921875,60,0.0,0.0
2023-03-29 00:00:00-03:00,3464.480370995504,3478.478271484375,3464.480370995504,3478.478271484375,4,0.0,0.0
2023-03-30 00:00:00-03:00,3548.467508911785,3556.46630859375,3548.467508911785,3556.46630859375,58,0.0,0.0
2023-03-31 00:00:00-03:00,3629.455426906834,3665.949951171875,3629.455426906834,3665.949951171875,16,0.0,0.0
2023-04-03 00:00:00-03:00,3684.4475352191507,3684.4475352191507,3660.45113336155,3663.45068359375,15,0.0,0.0
2023-04-04 00:00:00-03:00,3643.4533992085417,3643.4533992085417,3589.46149922027,3596.46044921875,21,0.0,0.0
2023-04-05 00:00:00-03:00,3593.460693359375,3593.460693359375,3593.460693359375,3593.460693359375,1,0.0,0.0
2023-04-10 00:00:00-03:00,3593.4612434904793,3632.955322265625,3593.4612434904793,3632.955322265625,6,0.0,0.0
2023-04-11 00:00:00-03:00,3632.955322265625,3632.955322265625,3632.955322265625,3632.955322265625,0,0.0,0.0
2023-04-12 00:00:00-03:00,3632.955322265625,3632.955322265625,3632.955322265625,3632.955322265625,0,0.0,0.0
2023-04-13 00:00:00-03:00,3636.4539324930197,3636.953857421875,3636.4539324930197,3636.953857421875,8,0.0,0.0
2023-04-14 00:00:00-03:00,3601.4598283730675,3605.459228515625,3601.4598283730675,3605.459228515625,71,0.0,0.0
2023-04-17 00:00:00-03:00,3665.949850810283,3733.439722603463,3665.949850810283,3699.44482421875,24,0.0,0.0
2023-04-18 00:00:00-03:00,3761.4362041110435,3861.921142578125,3761.4362041110435,3861.921142578125,2,0.0,0.0
2023-04-19 00:00:00-03:00,3861.921142578125,3861.921142578125,3861.921142578125,3861.921142578125,0,0.0,0.0
2023-04-20 00:00:00-03:00,3921.91162109375,3921.91162109375,3921.91162109375,3921.91162109375,42,0.0,0.0
2023-04-21 00:00:00-03:00,4001.898773238172,4103.883451531812,4001.898773238172,4085.38623046875,157,0.0,0.0
2023-04-24 00:00:00-03:00,4049.392912819283,4168.875,4049.392912819283,4168.875,17,0.0,0.0
2023-04-25 00:00:00-03:00,4072.8886931373086,4184.371960422152,4058.390869140625,4058.390869140625,18,0.0,0.0
2023-04-26 00:00:00-03:00,3969.4042648704162,4042.8932355172615,3960.4056154034556,4042.393310546875,34,0.0,0.0
2023-04-27 00:00:00-03:00,3822.426808306541,3822.426808306541,3710.4436007390987,3780.43310546875,1010,0.0,0.0
2023-04-28 00:00:00-03:00,3792.43095907257,3792.43095907257,3725.441010678723,3730.940185546875,187,0.0,0.0
2023-05-02 00:00:00-03:00,3710.4431864284247,3737.939060216294,3649.452339117152,3730.440185546875,159,0.0,0.0
2023-05-03 00:00:00-03:00,3794.930117098464,3794.930117098464,3618.95654296875,3618.95654296875,38,0.0,0.0
2023-05-04 00:00:00-03:00,3618.9571144109323,3618.9571144109323,3569.4645388719514,3586.9619140625,334,0.0,0.0
2023-05-05 00:00:00-03:00,3659.950867462573,3682.4474921089077,3659.950867462573,3677.4482421875,34,0.0,0.0
2023-05-08 00:00:00-03:00,3677.447751533393,3714.44219601592,3677.447751533393,3703.44384765625,33,0.0,0.0
2023-05-09 00:00:00-03:00,3654.4513608136654,3654.4513608136654,3644.4528618784707,3645.95263671875,32,0.0,0.0
2023-05-10 00:00:00-03:00,3549.467351147542,3595.46044921875,3544.4681013571935,3595.46044921875,133,0.0,0.0
2023-05-11 00:00:00-03:00,3584.462193516929,3594.460693359375,3584.462193516929,3594.460693359375,153,0.0,0.0
2023-05-12 00:00:00-03:00,3621.456862749254,3685.447265625,3621.456862749254,3685.447265625,92,0.0,0.0
2023-05-15 00:00:00-03:00,3699.444672157025,3721.441370207688,3699.444672157025,3711.44287109375,79,0.0,0.0
2023-05-16 00:00:00-03:00,3748.937691648305,3804.42936837493,3747.937841617195,3803.929443359375,227,0.0,0.0
2023-05-17 00:00:00-03:00,3810.428193216599,3863.920166015625,3810.428193216599,3863.920166015625,61,0.0,0.0
2023-05-18 00:00:00-03:00,3836.924360644433,3967.40478515625,3836.924360644433,3967.40478515625,89,0.0,0.0
2023-05-19 00:00:00-03:00,4011.8982086413184,4011.8982086413184,3943.4084822134228,3953.406982421875,208,0.0,0.0
2023-05-22 00:00:00-03:00,3859.4207195214817,3935.409313999107,3858.4208695941447,3918.411865234375,52,0.0,0.0
2023-05-23 00:00:00-03:00,3900.914529428297,3944.408001690281,3883.4171555297976,3915.412353515625,13883,0.0,0.0
2023-05-24 00:00:00-03:00,3909.5287452095563,3919.0276002170986,3783.54393142531,3832.0380859375,21879,170.83594,0.0
2023-05-29 00:00:00-03:00,3832.0381695631836,3899.530035563318,3832.0381695631836,3895.530517578125,19,0.0,0.0
2023-05-30 00:00:00-03:00,3725.050664553435,3729.550121804942,3666.057780589228,3679.55615234375,1094,0.0,0.0
2023-05-31 00:00:00-03:00,3619.5636881984938,3624.563085557884,3600.565978232811,3601.06591796875,54,0.0,0.0
2023-06-01 00:00:00-03:00,3593.567119173123,3626.5631444743785,3571.5697689722856,3605.565673828125,128,0.0,0.0
2023-06-02 00:00:00-03:00,3696.5542716742225,3791.042878293972,3696.5542716742225,3770.04541015625,373,0.0,0.0
2023-06-05 00:00:00-03:00,3752.047715618717,3793.0427739372694,3740.5491017000986,3761.046630859375,182,0.0,0.0
2023-06-06 00:00:00-03:00,3801.541302999861,3827.5381661976503,3779.5439572171153,3814.039794921875,72,0.0,0.0
2023-06-07 00:00:00-03:00,3929.526106035193,3999.5176651757693,3919.527311872254,3982.019775390625,1494,0.0,0.0
2023-06-08 00:00:00-03:00,3982.0195973317927,3982.0195973317927,3918.5272572362323,3978.52001953125,136,0.0,0.0
2023-06-09 00:00:00-03:00,3955.5227797771763,3955.5227797771763,3928.5260368413865,3946.02392578125,1820,0.0,0.0
2023-06-12 00:00:00-03:00,3890.0311016412247,3931.5260998980325,3890.0311016412247,3907.029052734375,169,0.0,0.0
2023-06-13 00:00:00-03:00,3994.0179635286026,3994.0179635286026,3936.52490234375,3936.52490234375,475,0.0,0.0
2023-06-14 00:00:00-03:00,3972.5213195192205,3977.5207171023053,3961.022705078125,3961.022705078125,8,0.0,0.0
2023-06-15 00:00:00-03:00,3987.5195626930454,4006.017333984375,3964.022393755411,4006.017333984375,67,0.0,0.0
2023-06-16 00:00:00-03:00,4045.0120630901943,4060.01025390625,4019.015199009031,4060.01025390625,50,0.0,0.0
2023-06-21 00:00:00-03:00,3960.0224363745715,3968.521411430545,3935.525390625,3935.525390625,90,0.0,0.0
2023-06-22 00:00:00-03:00,3834.0378856911693,3932.5260149754513,3834.0378856911693,3923.527099609375,89,0.0,0.0
2023-06-23 00:00:00-03:00,3907.0291046200487,3958.022958576702,3907.0291046200487,3952.023681640625,187,0.0,0.0
2023-06-26 00:00:00-03:00,3951.523650907918,4009.5166599546433,3951.523650907918,3971.521240234375,156,0.0,0.0
2023-06-27 00:00:00-03:00,3971.52168731577,4076.509043098287,3971.52168731577,4070.509765625,40,0.0,0.0
2023-06-28 00:00:00-03:00,3951.5233226976184,3963.5218752969026,3930.0259159572342,3946.52392578125,130,0.0,0.0
2023-06-29 00:00:00-03:00,4015.015875165783,4019.0153929096914,3987.0192509584263,4011.016357421875,3032,0.0,0.0
2023-06-30 00:00:00-03:00,4009.517170614331,4071.009765625,4009.517170614331,4071.009765625,11,0.0,0.0
2023-07-03 00:00:00-03:00,4114.504706971338,4126.003322798841,4074.509521484375,4074.509521484375,42,0.0,0.0
2023-07-04 00:00:00-03:00,4149.499281731205,4149.499281731205,4139.50048828125,4139.50048828125,6,0.0,0.0
2023-07-05 00:00:00-03:00,4012.0167350459524,4022.015530647313,4005.017578125,4005.017578125,10,0.0,0.0
2023-07-06 00:00:00-03:00,3994.518352704557,4048.0119026093616,3994.518352704557,4047.511962890625,33,0.0,0.0
2023-07-07 00:00:00-03:00,4092.5073880912164,4164.998662373311,4092.5073880912164,4161.9990234375,94,0.0,0.0
2023-07-10 00:00:00-03:00,4026.514524851915,4027.514404296875,4026.514524851915,4027.514404296875,64,0.0,0.0
2023-07-11 00:00:00-03:00,4090.5072361601656,4091.5071157094594,4069.509765625,4069.509765625,78,0.0,0.0
2023-07-12 00:00:00-03:00,4142.501446289418,4149.000664102809,4105.005958904467,4118.00439453125,121,0.0,0.0
2023-07-13 00:00:00-03:00,4164.498875084106,4179.4970703125,4164.498875084106,4179.4970703125,161,0.0,0.0
2023-07-14 00:00:00-03:00,4179.495635950383,4244.987732638122,4179.495635950383,4244.48779296875,103,0.0,0.0
2023-07-17 00:00:00-03:00,4213.4922152172285,4213.4922152172285,4148.000107932765,4156.9990234375,135,0.0,0.0
2023-07-18 00:00:00-03:00,4133.002763454019,4194.995305206565,4123.50390625,4123.50390625,369,0.0,0.0
2023-07-19 00:00:00-03:00,4150.500107281025,4163.498541729266,4114.004502868652,4159.4990234375,36,0.0,0.0
2023-07-20 00:00:00-03:00,4168.497641371043,4224.490893449906,4159.498725858369,4193.49462890625,8,0.0,0.0
2023-07-21 00:00:00-03:00,4173.497385856272,4240.9892578125,4173.497385856272,4240.9892578125,84,0.0,0.0
2023-07-24 00:00:00-03:00,4245.4886321810045,4334.477913449047,4245.4886321810045,4329.478515625,218,0.0,0.0
2023-07-25 00:00:00-03:00,4579.948001166286,4609.444446103391,4547.451917761003,4577.9482421875,188,0.0,0.0
2023-07-26 00:00:00-03:00,4570.448638822116,4586.946648566278,4549.451171875,4549.451171875,429,0.0,0.0
2023-07-27 00:00:00-03:00,4715.931673995835,4909.908297499533,4715.931673995835,4849.91552734375,748,0.0,0.0
2023-07-28 00:00:00-03:00,4899.409197668398,4955.902385355798,4887.41064453125,4887.41064453125,855,0.0,0.0
2023-07-31 00:00:00-03:00,4887.411815250903,4986.39990234375,4887.411815250903,4986.39990234375,105,0.0,0.0
2023-08-01 00:00:00-03:00,4968.901187409022,5044.39208984375,4965.401609150458,5044.39208984375,336,0.0,0.0
2023-08-02 00:00:00-03:00,5218.871306815621,5229.370042081751,5199.873595381672,5200.37353515625,295,0.0,0.0
2023-08-03 00:00:00-03:00,5210.871868158722,5373.352282353444,5210.871868158722,5302.36083984375,238,0.0,0.0
2023-08-04 00:00:00-03:00,5372.853013823521,5429.846150845562,5305.8610808327,5344.3564453125,149,0.0,0.0
2023-08-07 00:00:00-03:00,5399.349473541803,5416.847365354206,5369.85302734375,5369.85302734375,52,0.0,0.0
2023-08-08 00:00:00-03:00,5343.355913765823,5423.346271756329,5343.355913765823,5371.3525390625,570,0.0,0.0
2023-08-09 00:00:00-03:00,5343.3557772260765,5343.3557772260765,5260.86572265625,5260.86572265625,82,0.0,0.0
2023-08-10 00:00:00-03:00,5278.863504107275,5333.35693359375,5278.363564387215,5333.35693359375,148,0.0,0.0
2023-08-11 00:00:00-03:00,5333.357438688393,5367.853282639415,5247.867738461948,5284.86328125,34,0.0,0.0
2023-08-14 00:00:00-03:00,5571.45075790765,5705.9375,5571.45075790765,5705.9375,69,170.83594,0.0
2023-08-15 00:00:00-03:00,5767.430553669897,6000.907501360937,5767.430553669897,5983.9091796875,73,0.0,0.0
2023-08-16 00:00:00-03:00,6091.899891045732,6136.3955078125,6091.899891045732,6136.3955078125,5,0.0,0.0
2023-08-17 00:00:00-03:00,6277.879747583696,6402.367448240569,6277.879747583696,6330.87451171875,42,0.0,0.0
2023-08-18 00:00:00-03:00,6362.372419736631,6426.366107441038,6362.372419736631,6420.36669921875,38,0.0,0.0
2023-08-22 00:00:00-03:00,6333.875231976073,6333.875231976073,6257.382777126256,6321.37646484375,45,0.0,0.0
2023-08-23 00:00:00-03:00,6284.380218391634,6299.378739199252,6263.882239954558,6277.880859375,24,0.0,0.0
2023-08-24 00:00:00-03:00,6364.372202630247,6474.361353029199,6364.372202630247,6449.86376953125,56,0.0,0.0
2023-08-25 00:00:00-03:00,6492.859326712958,6541.8544921875,6452.863273264353,6541.8544921875,29,0.0,0.0
2023-08-28 00:00:00-03:00,6541.356001538206,6789.3315882672605,6541.356001538206,6784.83203125,68,0.0,0.0
2023-08-29 00:00:00-03:00,6846.324254727145,6975.3115234375,6788.8299295267925,6975.3115234375,5,0.0,0.0
2023-08-30 00:00:00-03:00,6871.8212890625,6871.8212890625,6871.8212890625,6871.8212890625,3,0.0,0.0
2023-08-31 00:00:00-03:00,6945.8159302783615,6961.81435464811,6782.33203125,6782.33203125,9,0.0,0.0
2023-09-01 00:00:00-03:00,6895.318967715907,6895.318967715907,6738.33447265625,6738.33447265625,40,0.0,0.0
2023-09-04 00:00:00-03:00,6739.33447265625,6739.33447265625,6739.33447265625,6739.33447265625,3,0.0,0.0
2023-09-05 00:00:00-03:00,6729.336104395552,6729.336104395552,6510.357708130674,6552.853515625,27,0.0,0.0
2023-09-06 00:00:00-03:00,6553.353485834144,6553.353485834144,6424.3662109375,6424.3662109375,69,0.0,0.0
2023-09-07 00:00:00-03:00,6430.865717242672,6430.865717242672,6222.88623046875,6222.88623046875,48,0.0,0.0
2023-09-08 00:00:00-03:00,6190.389846156752,6413.867819120092,6190.389846156752,6410.3681640625,52,0.0,0.0
2023-09-11 00:00:00-03:00,6414.367246926952,6474.361328737648,6357.8728198885465,6375.37109375,26,0.0,0.0
2023-09-12 00:00:00-03:00,6457.863336987765,6457.863336987765,6359.373046875,6359.373046875,68,0.0,0.0
2023-09-13 00:00:00-03:00,6329.375892052283,6329.375892052283,6235.38516000601,6239.384765625,47,0.0,0.0
2023-09-14 00:00:00-03:00,6239.38453695754,6408.367868166807,6239.38453695754,6405.3681640625,24,0.0,0.0
2023-09-15 00:00:00-03:00,6398.869072652943,6447.364291033077,6378.37109375,6378.37109375,172,0.0,0.0
2023-09-18 00:00:00-03:00,6247.38330078125,6247.38330078125,6247.38330078125,6247.38330078125,9,0.0,0.0
2023-09-19 00:00:00-03:00,6247.383399468915,6248.38330078125,6247.383399468915,6248.38330078125,7,0.0,0.0
2023-09-20 00:00:00-03:00,6038.905002396376,6313.377959289795,6038.905002396376,6234.3857421875,65,0.0,0.0
2023-09-21 00:00:00-03:00,6501.358439874824,6548.85375299295,6397.86865234375,6397.86865234375,383,0.0,0.0
2023-09-22 00:00:00-03:00,6501.859064793327,6555.853742148012,6429.3662109375,6429.3662109375,198,0.0,0.0
2023-09-25 00:00:00-03:00,6508.358133044875,6673.84181272208,6508.358133044875,6639.34521484375,354,0.0,0.0
2023-09-26 00:00:00-03:00,6642.844491330521,6747.834131067061,6597.848931443432,6699.8388671875,76,0.0,0.0
2023-09-27 00:00:00-03:00,6826.326727554213,6900.8193804328985,6826.326727554213,6896.31982421875,54,0.0,0.0
2023-09-28 00:00:00-03:00,7006.809147227404,7076.80224609375,6957.813978020962,7076.80224609375,8,0.0,0.0
2023-09-29 00:00:00-03:00,7360.774030470138,7465.763675678229,7167.29311287237,7317.2783203125,69,0.0,0.0
2023-10-02 00:00:00-03:00,7379.272951185072,7379.272951185072,7324.7783203125,7324.7783203125,19,0.0,0.0
2023-10-03 00:00:00-03:00,7318.278623259549,7598.7509765625,7269.28345280734,7598.7509765625,122,0.0,0.0
2023-10-04 00:00:00-03:00,7706.239775084309,8033.20751953125,7612.748998002386,8033.20751953125,114,0.0,0.0
2023-10-05 00:00:00-03:00,8049.20556640625,8059.704530188519,8049.20556640625,8049.20556640625,8,0.0,0.0
2023-10-06 00:00:00-03:00,7572.752501185936,7583.25146484375,7572.752501185936,7583.25146484375,2,0.0,0.0
2023-10-09 00:00:00-03:00,7583.252092000756,7931.2177734375,7540.256332512883,7931.2177734375,50,0.0,0.0
2023-10-10 00:00:00-03:00,8024.706951686832,8741.136149977732,7962.213127690766,8419.16796875,105,0.0,0.0
2023-10-11 00:00:00-03:00,8329.178346308436,8329.178346308436,7994.711340685366,8256.185546875,18,0.0,0.0
2023-10-12 00:00:00-03:00,8144.195525340545,8508.159573372952,8144.195525340545,8423.16796875,53,0.0,0.0
2023-10-17 00:00:00-03:00,8602.152884757514,8861.627332461172,8602.152884757514,8667.146484375,100,0.0,0.0
2023-10-18 00:00:00-03:00,8794.631636801023,8797.631340616657,8426.66796875,8426.66796875,20,0.0,0.0
2023-10-19 00:00:00-03:00,8252.685967772957,8423.16915157441,8133.19775390625,8133.19775390625,110,0.0,0.0
2023-10-20 00:00:00-03:00,8242.189748012293,8335.680557358302,8199.193974730171,8245.189453125,38,0.0,0.0
2023-10-23 00:00:00-03:00,8133.1976039346055,8370.174224555763,7641.246138341315,7686.24169921875,1567,0.0,0.0
2023-10-24 00:00:00-03:00,7399.2704955390145,7936.717507883909,7399.2704955390145,7438.7666015625,19,0.0,0.0
2023-10-25 00:00:00-03:00,6999.30955003355,7305.77931818859,6847.324542661393,7078.3017578125,20,0.0,0.0
2023-10-26 00:00:00-03:00,7192.29116788438,7248.285649380491,7192.29116788438,7198.79052734375,8,0.0,0.0
2023-10-27 00:00:00-03:00,7076.301880858817,7099.29961199627,6986.810709693512,7003.30908203125,20,0.0,0.0
2023-10-30 00:00:00-03:00,7219.288154328119,7219.288154328119,7031.806640625,7031.806640625,11,0.0,0.0
2023-10-31 00:00:00-03:00,7183.791457275658,7287.28125,7183.791457275658,7287.28125,1,0.0,0.0
2023-11-01 00:00:00-03:00,7356.274080242269,7412.2685546875,7348.274869607236,7412.2685546875,4,0.0,0.0
2023-11-02 00:00:00-03:00,7565.25439453125,7565.25439453125,7565.25439453125,7565.25439453125,1,0.0,0.0
2023-11-03 00:00:00-03:00,7622.748375669347,7622.748375669347,7556.7548828125,7556.7548828125,10,0.0,0.0
2023-11-07 00:00:00-03:00,7337.275297083761,7337.275297083761,7242.284679310123,7296.779296875,20,0.0,0.0
2023-11-08 00:00:00-03:00,7399.269263736024,7399.269263736024,7154.29345703125,7154.29345703125,5,0.0,0.0
2023-11-09 00:00:00-03:00,7154.29345703125,7154.29345703125,7154.29345703125,7154.29345703125,0,0.0,0.0
2023-11-10 00:00:00-03:00,7235.285935448058,7302.279323739243,7219.787465022485,7233.2861328125,28,0.0,0.0
2023-11-13 00:00:00-03:00,7195.2904096798775,7195.2904096798775,7174.29248046875,7174.29248046875,41,0.0,0.0
2023-11-14 00:00:00-03:00,7121.411766630491,7341.8935546875,7121.411766630491,7341.8935546875,5,170.83594,0.0
2023-11-15 00:00:00-03:00,7349.393720703125,7499.38134765625,7349.393720703125,7499.38134765625,11,0.0,0.0
2023-11-16 00:00:00-03:00,7370.8916015625,7370.8916015625,7370.8916015625,7370.8916015625,1,0.0,0.0
2023-11-17 00:00:00-03:00,7135.410695669264,7313.39599609375,7135.410695669264,7313.39599609375,22,0.0,0.0
2023-11-21 00:00:00-03:00,7313.39599609375,7313.39599609375,7313.39599609375,7313.39599609375,0,0.0,0.0
2023-11-22 00:00:00-03:00,7499.38134765625,7499.38134765625,7499.38134765625,7499.38134765625,9,0.0,0.0
2023-11-23 00:00:00-03:00,7499.38134765625,7499.38134765625,7499.38134765625,7499.38134765625,2,0.0,0.0
2023-11-24 00:00:00-03:00,7499.38134765625,7499.38134765625,7499.38134765625,7499.38134765625,1,0.0,0.0
2023-11-27 00:00:00-03:00,7139.410622096706,7399.38916015625,7063.916854314031,7399.38916015625,4,0.0,0.0
2023-11-28 00:00:00-03:00,6949.4261382004315,7307.896536839979,6949.4261382004315,7249.4013671875,575,0.0,0.0
2023-11-29 00:00:00-03:00,7260.400714731582,7364.89208984375,7240.902324160413,7364.89208984375,19,0.0,0.0
2023-11-30 00:00:00-03:00,7566.875727924548,7599.373046875,7530.378738949425,7599.373046875,278,0.0,0.0
2023-12-01 00:00:00-03:00,7899.847766557836,8374.30859375,7899.847766557836,8374.30859375,206,0.0,0.0
2023-12-04 00:00:00-03:00,8307.313787718713,8429.3037109375,8254.318165336781,8429.3037109375,10,0.0,0.0
2023-12-05 00:00:00-03:00,8429.302606920317,8429.302606920317,8222.819690155306,8274.3154296875,8,0.0,0.0
2023-12-06 00:00:00-03:00,8298.81426149121,8420.804181354086,8298.81426149121,8308.3134765625,17,0.0,0.0
2023-12-07 00:00:00-03:00,8514.797323088667,9159.244140625,8514.797323088667,9159.244140625,34,0.0,0.0
2023-12-11 00:00:00-03:00,9159.244140625,9159.244140625,9159.244140625,9159.244140625,0,0.0,0.0
2023-12-12 00:00:00-03:00,9099.248632212963,9402.223614142691,9099.248632212963,9283.7333984375,6,0.0,0.0
2023-12-13 00:00:00-03:00,9308.232917244331,9308.232917244331,8655.786684727205,9195.7421875,48,0.0,0.0
2023-12-14 00:00:00-03:00,9419.72265625,9419.72265625,9419.72265625,9419.72265625,1,0.0,0.0
2023-12-15 00:00:00-03:00,9419.72265625,9419.72265625,9419.72265625,9419.72265625,0,0.0,0.0
2023-12-18 00:00:00-03:00,8898.764463552701,8898.764463552701,8849.2685546875,8849.2685546875,21,0.0,0.0
2023-12-19 00:00:00-03:00,8784.275390625,8784.275390625,8784.275390625,8784.275390625,1,0.0,0.0
2023-12-20 00:00:00-03:00,8634.2861328125,8634.2861328125,8634.2861328125,8634.2861328125,3,0.0,0.0
2023-12-21 00:00:00-03:00,8634.2861328125,8634.2861328125,8634.2861328125,8634.2861328125,0,0.0,0.0
2023-12-22 00:00:00-03:00,8698.782462438168,8698.782462438168,8599.290669230213,8654.2861328125,5,0.0,0.0
2023-12-26 00:00:00-03:00,8405.30730782441,8460.802734375,8372.310027172709,8460.802734375,4,0.0,0.0
2023-12-27 00:00:00-03:00,8460.802734375,8460.802734375,8460.802734375,8460.802734375,0,0.0,0.0
2023-12-28 00:00:00-03:00,8617.7890625,8617.7890625,8617.7890625,8617.7890625,5,0.0,0.0
2023-12-29 00:00:00-03:00,8604.289001139488,8816.271484375,8587.290405785698,8816.271484375,280,0.0,0.0
2024-01-02 00:00:00-03:00,8816.271484375,8816.271484375,8816.271484375,8816.271484375,0,0.0,0.0
2024-01-03 00:00:00-03:00,8816.271484375,8816.271484375,8816.271484375,8816.271484375,0,0.0,0.0
2024-01-04 00:00:00-03:00,9667.202668809936,10028.172896720609,9667.202668809936,9957.6787109375,123,0.0,0.0
2024-01-05 00:00:00-03:00,10331.146203943665,10658.619140625,10298.64888961651,10658.619140625,52,0.0,0.0
2024-01-08 00:00:00-03:00,10993.592165045637,11117.081967436208,10549.128868182406,10619.623046875,79,0.0,0.0
2024-01-09 00:00:00-03:00,11270.569940324434,11492.551622154893,11128.081698608936,11337.064453125,203,0.0,0.0
2024-01-10 00:00:00-03:00,11399.058299731183,11399.058299731183,11146.579157566084,11159.078125,22,0.0,0.0
2024-01-11 00:00:00-03:00,11159.078125,11159.078125,11159.078125,11159.078125,0,0.0,0.0
2024-01-12 00:00:00-03:00,11159.078125,11159.078125,11159.078125,11159.078125,0,0.0,0.0
2024-01-15 00:00:00-03:00,11148.078125,11148.078125,11148.078125,11148.078125,2,0.0,0.0
2024-01-16 00:00:00-03:00,11159.079452366504,11329.0654296875,11159.079452366504,11329.0654296875,14,0.0,0.0
2024-01-17 00:00:00-03:00,11699.033277861925,11942.01319978675,11692.53381492978,11759.0283203125,97,0.0,0.0
2024-01-18 00:00:00-03:00,11949.513501226964,11949.513501226964,11699.0341796875,11699.0341796875,29,0.0,0.0
2024-01-19 00:00:00-03:00,11694.534704594445,11937.5146484375,11694.534704594445,11937.5146484375,208,0.0,0.0
2024-01-22 00:00:00-03:00,11899.017258186723,11899.017258186723,11737.530595397047,11836.0224609375,33,0.0,0.0
2024-01-23 00:00:00-03:00,11836.0224609375,11836.0224609375,11836.0224609375,11836.0224609375,0,0.0,0.0
2024-01-24 00:00:00-03:00,11686.0361328125,11686.0361328125,11686.0361328125,11686.0361328125,2,0.0,0.0
2024-01-25 00:00:00-03:00,12338.982807442317,12382.979180499648,12012.009762220789,12047.5068359375,403,0.0,0.0
2024-01-26 00:00:00-03:00,12047.5068359375,12047.5068359375,12047.5068359375,12047.5068359375,0,0.0,0.0
2024-01-29 00:00:00-03:00,11636.539874898977,11636.539874898977,11559.046268857759,11599.04296875,69,0.0,0.0
2024-01-30 00:00:00-03:00,11594.541849506953,11594.541849506953,11517.048253427716,11545.5458984375,11,0.0,0.0
2024-01-31 00:00:00-03:00,11545.548612010976,11545.548612010976,11092.5859375,11092.5859375,9,0.0,0.0
2024-02-01 00:00:00-03:00,11099.08500804757,11182.578125,11099.08500804757,11182.578125,17,0.0,0.0
2024-02-02 00:00:00-03:00,11414.554740874231,11414.554740874231,10765.108522644823,10766.6083984375,662,0.0,0.0
2024-02-05 00:00:00-03:00,10669.119305703594,10764.111464470401,10581.126569161708,10671.119140625,249,0.0,0.0
2024-02-06 00:00:00-03:00,10550.130392519053,10587.12734299988,10389.143662048427,10414.1416015625,166,0.0,0.0
2024-02-07 00:00:00-03:00,10449.13738207547,10599.125,10449.13738207547,10599.125,80,0.0,0.0
2024-02-08 00:00:00-03:00,10599.126988027672,10978.59573255187,10599.126988027672,10967.0966796875,275,0.0,0.0
2024-02-09 00:00:00-03:00,10959.097503133546,10969.0966796875,10683.120230244416,10969.0966796875,98,0.0,0.0
2024-02-14 00:00:00-03:00,10526.62959616937,10526.62959616937,10067.667545859063,10180.658203125,1358,0.0,0.0
2024-02-15 00:00:00-03:00,10119.163131118621,10199.656474207064,10060.66796875,10060.66796875,348,0.0,0.0
2024-02-16 00:00:00-03:00,9899.1826171875,9963.17733309659,9583.708666104403,9899.1826171875,153,0.0,0.0
2024-02-19 00:00:00-03:00,9899.1826171875,9899.1826171875,9899.1826171875,9899.1826171875,0,0.0,0.0
2024-02-20 00:00:00-03:00,10219.158173005864,10367.145982164853,10147.6640625,10147.6640625,315,0.0,0.0
2024-02-21 00:00:00-03:00,9773.805267280273,9851.799723349419,9658.3134765625,9658.3134765625,352,170.83594,0.0
2024-02-22 00:00:00-03:00,9633.814125354815,9633.814125354815,9446.827437779813,9478.3251953125,37,0.0,0.0
2024-02-23 00:00:00-03:00,9511.822265625,9511.822265625,9511.822265625,9511.822265625,12,0.0,0.0
2024-02-26 00:00:00-03:00,9511.822265625,9511.822265625,9511.822265625,9511.822265625,0,0.0,0.0
2024-02-27 00:00:00-03:00,9222.842453779242,9355.3330078125,9222.842453779242,9355.3330078125,151,0.0,0.0
2024-02-28 00:00:00-03:00,9267.340687593598,9499.324183441862,9267.340687593598,9347.8349609375,593,0.0,0.0
2024-02-29 00:00:00-03:00,9737.807474297158,9737.807474297158,9499.32443454567,9529.822265625,112,0.0,0.0
2024-03-01 00:00:00-03:00,9656.812733226281,9674.311487855477,9469.826040902874,9673.8115234375,120,0.0,0.0
2024-03-04 00:00:00-03:00,9599.315922020982,9661.311504017367,9527.321052605825,9578.8173828125,170,0.0,0.0
2024-03-05 00:00:00-03:00,9519.322737695602,9519.322737695602,9380.332626294374,9457.3271484375,121,0.0,0.0
2024-03-06 00:00:00-03:00,9457.328599971088,9457.328599971088,9049.357562882042,9078.85546875,1066,0.0,0.0
2024-03-07 00:00:00-03:00,9035.85685319167,9266.340448019388,9035.85685319167,9151.3486328125,339,0.0,0.0
2024-03-08 00:00:00-03:00,9065.855542165998,9410.3310546875,9065.855542165998,9410.3310546875,77,0.0,0.0
2024-03-11 00:00:00-03:00,9334.333908854167,9374.3310546875,9312.335478645833,9374.3310546875,94,0.0,0.0
2024-03-12 00:00:00-03:00,9757.80672748333,9893.797065643676,9662.8134765625,9662.8134765625,67,0.0,0.0
2024-03-13 00:00:00-03:00,9795.30327569131,9795.30327569131,9456.827350944322,9528.322265625,205,0.0,0.0
2024-03-14 00:00:00-03:00,9605.31782716967,9652.81445394362,9542.822265625,9542.822265625,426,0.0,0.0
2024-03-15 00:00:00-03:00,9649.314953732193,9649.314953732193,9546.322265625,9546.322265625,62,0.0,0.0
2024-03-18 00:00:00-03:00,9554.82031400568,9554.82031400568,9393.831765990932,9403.8310546875,179,0.0,0.0
2024-03-19 00:00:00-03:00,10091.28085662925,10541.248790188818,10091.28085662925,10455.7548828125,870,0.0,0.0
2024-03-20 00:00:00-03:00,10743.737270150366,10826.231413645866,10565.249941496466,10715.7392578125,809,0.0,0.0
2024-03-21 00:00:00-03:00,10840.230762101575,10969.22160873114,10764.736119306754,10968.2216796875,137,0.0,0.0
2024-03-22 00:00:00-03:00,10999.214239401712,11001.214096536149,10836.725847228732,10867.7236328125,417,0.0,0.0
2024-03-25 00:00:00-03:00,10949.220655942916,11116.208770056384,10928.722114988868,10989.7177734375,566,0.0,0.0
2024-03-26 00:00:00-03:00,11207.702347215101,11266.698148480722,10312.266075463207,10483.25390625,878,0.0,0.0
2024-03-27 00:00:00-03:00,10751.734127549424,10751.734127549424,10499.25211246398,10583.74609375,453,0.0,0.0
2024-04-03 00:00:00-03:00,10446.257670386549,10465.256320308761,10440.258096726902,10444.2578125,47,0.0,0.0
2024-04-04 00:00:00-03:00,10552.248911748535,10594.745886897716,10399.759765625,10399.759765625,62,0.0,0.0
2024-04-05 00:00:00-03:00,10098.781518393005,10116.2802734375,9987.28945053808,10116.2802734375,76,0.0,0.0
2024-04-08 00:00:00-03:00,9848.299215887988,9848.299215887988,9800.302631223289,9826.30078125,57,0.0,0.0
2024-04-09 00:00:00-03:00,9853.79768689634,9906.2939453125,9836.298934090952,9906.2939453125,12,0.0,0.0
2024-04-10 00:00:00-03:00,9951.291066128384,9951.291066128384,9938.2919921875,9938.2919921875,32,0.0,0.0
2024-04-11 00:00:00-03:00,9949.290423274137,9949.290423274137,9927.2919921875,9927.2919921875,10,0.0,0.0
2024-04-12 00:00:00-03:00,9783.80473936485,9824.801826013525,9704.310388424126,9743.3076171875,114,0.0,0.0
2024-04-15 00:00:00-03:00,9749.307423473252,9904.296413282314,9749.307423473252,9897.796875,4,0.0,0.0
2024-04-16 00:00:00-03:00,9749.306258114471,9816.301490862541,9675.3115234375,9675.3115234375,44,0.0,0.0
2024-04-17 00:00:00-03:00,9557.320533549748,9557.320533549748,9327.336883966525,9409.3310546875,37,0.0,0.0
2024-04-18 00:00:00-03:00,9333.83502028573,9333.83502028573,9279.8388671875,9279.8388671875,5,0.0,0.0
2024-04-19 00:00:00-03:00,9342.835529863607,9389.332222980604,9342.835529863607,9350.8349609375,238,0.0,0.0
2024-04-22 00:00:00-03:00,9279.838446515238,9279.838446515238,9199.344184897385,9232.841796875,327,0.0,0.0
2024-04-23 00:00:00-03:00,9044.356639457535,9044.356639457535,9033.357421875,9033.357421875,15,0.0,0.0
2024-04-24 00:00:00-03:00,8996.359048426171,9027.35683996793,8954.362040530883,8964.361328125,339,0.0,0.0
2024-04-25 00:00:00-03:00,8954.361691585535,8986.859375,8875.367322670376,8986.859375,97,0.0,0.0
2024-04-26 00:00:00-03:00,8899.366879487932,9168.847708029729,8899.366879487932,9155.8486328125,56,0.0,0.0
2024-04-29 00:00:00-03:00,9457.327971571944,9661.3134765625,9457.327971571944,9661.3134765625,311,0.0,0.0
2024-04-30 00:00:00-03:00,9560.320168036576,9641.314408556496,9530.822265625,9530.822265625,354,0.0,0.0
2024-05-02 00:00:00-03:00,9714.308217366537,10079.2822265625,9714.308217366537,10079.2822265625,38,0.0,0.0
2024-05-03 00:00:00-03:00,10115.780612415978,10134.279296875,10080.28313683245,10134.279296875,30,0.0,0.0
2024-05-06 00:00:00-03:00,10166.275986363637,10316.765268939394,10166.275986363637,10311.765625,31,0.0,0.0
2024-05-07 00:00:00-03:00,10866.228808794427,10920.224976612122,10490.75545665471,10705.240234375,298,0.0,0.0
2024-05-08 00:00:00-03:00,10499.253135614208,10603.745702535321,10499.253135614208,10598.24609375,52,0.0,0.0
2024-05-09 00:00:00-03:00,10598.24609375,10598.24609375,10598.24609375,10598.24609375,0,0.0,0.0
2024-05-10 00:00:00-03:00,10448.755370101404,10448.755370101404,10322.264384473592,10332.263671875,6815,0.0,0.0
2024-05-13 00:00:00-03:00,10449.256317926736,10569.247778036899,10420.258381733445,10551.7490234375,26,0.0,0.0
2024-05-14 00:00:00-03:00,10615.244461298167,10743.2353515625,10589.246311713225,10743.2353515625,90,0.0,0.0
2024-05-15 00:00:00-03:00,10864.728907474813,10864.728907474813,10807.232988080417,10842.73046875,4,0.0,0.0
2024-05-16 00:00:00-03:00,10999.2159129596,11128.206717757035,10979.2173385724,11014.21484375,16,0.0,0.0
2024-05-17 00:00:00-03:00,11099.209741362904,11344.19229871731,11099.209741362904,11164.705078125,12,0.0,0.0
2024-05-20 00:00:00-03:00,11409.187081158858,11850.655625973199,11295.695167599566,11759.662109375,3875,0.0,0.0
2024-05-21 00:00:00-03:00,11889.152464697849,12288.1240234375,11889.152464697849,12288.1240234375,45,0.0,0.0
2024-05-22 00:00:00-03:00,12921.5791015625,12921.5791015625,12921.5791015625,12921.5791015625,26,0.0,0.0
2024-05-23 00:00:00-03:00,13699.147145979809,13915.133699522265,13206.677805148052,13866.63671875,381,170.83594,0.0
2024-05-24 00:00:00-03:00,13999.128907776041,14607.091077485173,13843.638583121814,14077.6240234375,1431,0.0,0.0
2024-05-27 00:00:00-03:00,13413.165672296165,13919.134199967393,13413.165672296165,13800.1416015625,217,0.0,0.0
2024-05-28 00:00:00-03:00,13999.12802956321,14158.118126470392,13809.639832305907,14079.123046875,632,0.0,0.0
2024-05-29 00:00:00-03:00,13514.157579802619,13598.652312728504,13346.668020452495,13504.158203125,168,0.0,0.0
2024-05-30 00:00:00-03:00,13399.166092218136,13463.162109375,13399.166092218136,13463.162109375,6,0.0,0.0
2024-05-31 00:00:00-03:00,13734.14666503535,13815.6416015625,13711.14809399088,13815.6416015625,64,0.0,0.0
2024-06-03 00:00:00-03:00,14134.12158203125,14299.111328125,14109.623104580965,14299.111328125,32,0.0,0.0
2024-06-04 00:00:00-03:00,14577.092913506822,14577.092913506822,14380.605140320919,14438.1015625,215,0.0,0.0
2024-06-05 00:00:00-03:00,14268.111496409922,14595.591103605539,14268.111496409922,14553.09375,28,0.0,0.0
2024-06-06 00:00:00-03:00,14373.10461285742,14469.0986328125,14373.10461285742,14469.0986328125,7,0.0,0.0
2024-06-07 00:00:00-03:00,14633.089030373392,15086.5607999015,14633.089030373392,14918.0712890625,46,0.0,0.0
2024-06-10 00:00:00-03:00,14918.0712890625,14918.0712890625,14918.0712890625,14918.0712890625,0,0.0,0.0
2024-06-11 00:00:00-03:00,14559.595866956975,14656.58984375,14559.595866956975,14656.58984375,251,0.0,0.0
2024-06-12 00:00:00-03:00,14529.095617273351,14706.584569239354,14529.095617273351,14559.09375,35,0.0,0.0
2024-06-13 00:00:00-03:00,14249.112788980297,14445.1005859375,14249.112788980297,14445.1005859375,6,0.0,0.0
2024-06-14 00:00:00-03:00,14418.103035829647,14418.103035829647,14213.115788285082,14269.1123046875,3,0.0,0.0
2024-06-18 00:00:00-03:00,14627.088915944169,14690.5849609375,14627.088915944169,14690.5849609375,4,0.0,0.0
2024-06-19 00:00:00-03:00,14690.5849609375,14690.5849609375,14690.5849609375,14690.5849609375,0,0.0,0.0
2024-06-24 00:00:00-03:00,15372.545393273176,15443.041015625,15291.550422911507,15443.041015625,84,0.0,0.0
2024-06-25 00:00:00-03:00,15443.037650767543,15443.037650767543,15389.041015625,15389.041015625,11,0.0,0.0
2024-06-26 00:00:00-03:00,15454.0380859375,15482.036343226808,15446.03858385484,15454.0380859375,6,0.0,0.0
2024-06-27 00:00:00-03:00,14197.616481611327,14657.587857569435,14126.120930783056,14578.5927734375,376,0.0,0.0
2024-06-28 00:00:00-03:00,14363.10502750086,14552.093251546925,14363.10502750086,14544.09375,65,0.0,0.0
2024-07-01 00:00:00-03:00,15027.063350308794,15260.048828125,15027.063350308794,15260.048828125,48,0.0,0.0
2024-07-02 00:00:00-03:00,15261.050898735997,15310.0478515625,15261.050898735997,15310.0478515625,6,0.0,0.0
2024-07-03 00:00:00-03:00,15274.04935250858,15399.041573069208,15274.04935250858,15329.5458984375,19,0.0,0.0
2024-07-04 00:00:00-03:00,14674.0869140625,14674.0869140625,14674.0869140625,14674.0869140625,1,0.0,0.0
2024-07-05 00:00:00-03:00,15019.566108235676,15019.566108235676,14935.571330891928,14999.0673828125,31,0.0,0.0
2024-07-08 00:00:00-03:00,14874.07594814747,14949.0712890625,14753.083464804557,14949.0712890625,35,0.0,0.0
2024-07-10 00:00:00-03:00,14699.085503472223,14849.076171875,14574.09327980324,14849.076171875,169,0.0,0.0
2024-07-11 00:00:00-03:00,14999.067342458678,15124.0595703125,14974.068896887913,15124.0595703125,221,0.0,0.0
2024-07-12 00:00:00-03:00,15649.026985781753,15649.026985781753,15549.033203125,15549.033203125,202,0.0,0.0
2024-07-15 00:00:00-03:00,15699.022781952854,15699.022781952854,14449.1005859375,14449.1005859375,36,0.0,0.0
2024-07-16 00:00:00-03:00,14074.12424636659,14674.0869140625,14074.12424636659,14674.0869140625,35,0.0,0.0
2024-07-17 00:00:00-03:00,14824.078263346353,15124.059611002604,14824.078263346353,14999.0673828125,1390,0.0,0.0
2024-07-18 00:00:00-03:00,15099.059783173876,15099.059783173876,15024.064453125,15024.064453125,4,0.0,0.0
2024-07-19 00:00:00-03:00,15024.064453125,15024.064453125,15024.064453125,15024.064453125,0,0.0,0.0
2024-07-22 00:00:00-03:00,15524.035021058122,15524.035021058122,15349.0458984375,15349.0458984375,197,0.0,0.0
2024-07-23 00:00:00-03:00,15349.0458984375,15349.0458984375,15274.050560171518,15349.0458984375,5,0.0,0.0
2024-07-24 00:00:00-03:00,15624.025406376008,15624.025406376008,15499.033203125,15499.033203125,4,0.0,0.0
2024-07-25 00:00:00-03:00,15299.048828125,15424.041057112949,15199.055044934641,15299.048828125,27,0.0,0.0
2024-07-26 00:00:00-03:00,15299.048828125,15299.048828125,15299.048828125,15299.048828125,0,0.0,0.0
2024-07-29 00:00:00-03:00,15399.042471590908,15399.042471590908,15124.0595703125,15124.0595703125,7,0.0,0.0
2024-07-30 00:00:00-03:00,14874.07403595331,14899.072479711214,14674.086485890073,14824.0771484375,47,0.0,0.0
2024-07-31 00:00:00-03:00,14899.0732421875,14899.0732421875,14899.0732421875,14899.0732421875,6,0.0,0.0
2024-08-01 00:00:00-03:00,14899.071818369028,15174.0546875,14899.071818369028,15174.0546875,12,0.0,0.0
2024-08-02 00:00:00-03:00,15274.048828125,15274.048828125,15274.048828125,15274.048828125,1,0.0,0.0
2024-08-05 00:00:00-03:00,14749.082966780463,14874.0751953125,14749.082966780463,14874.0751953125,13,0.0,0.0
2024-08-06 00:00:00-03:00,14749.081368351613,15099.0595703125,14749.081368351613,15099.0595703125,840,0.0,0.0
2024-08-07 00:00:00-03:00,14999.066877122243,14999.066877122243,14724.083984375,14724.083984375,20,0.0,0.0
2024-08-08 00:00:00-03:00,14774.0810546875,14774.0810546875,14774.0810546875,14774.0810546875,20,0.0,0.0
2024-08-09 00:00:00-03:00,14399.102331606218,14474.09765625,14399.102331606218,14474.09765625,9,0.0,0.0
2024-08-12 00:00:00-03:00,14274.11056131712,14474.098099829445,14199.115234375,14199.115234375,28,0.0,0.0
2024-08-13 00:00:00-03:00,14299.110135869565,14449.100801630435,14299.110135869565,14374.10546875,59,0.0,0.0
2024-08-14 00:00:00-03:00,14499.099162755972,14649.08984375,14499.099162755972,14649.08984375,18,0.0,0.0
2024-08-15 00:00:00-03:00,14624.204750441237,15049.181640625,14624.204750441237,15049.181640625,21,170.83594,0.0
2024-08-16 00:00:00-03:00,15049.182832031249,15049.182832031249,14874.192333984374,14999.185546875,87,0.0,0.0
2024-08-19 00:00:00-03:00,15224.173019109987,15299.1689453125,15224.173019109987,15299.1689453125,3,0.0,0.0
2024-08-20 00:00:00-03:00,15374.163504692615,15374.163504692615,15274.1689453125,15274.1689453125,5,0.0,0.0
2024-08-21 00:00:00-03:00,15474.1591796875,15474.1591796875,15474.1591796875,15474.1591796875,22,0.0,0.0
2024-08-22 00:00:00-03:00,15474.1591796875,15474.1591796875,15474.1591796875,15474.1591796875,0,0.0,0.0
2024-08-23 00:00:00-03:00,15474.1591796875,15474.1591796875,15474.1591796875,15474.1591796875,0,0.0,0.0
2024-08-26 00:00:00-03:00,15699.1474609375,15699.1474609375,15699.1474609375,15699.1474609375,38,0.0,0.0
2024-08-27 00:00:00-03:00,15849.138671875,15849.138671875,15849.138671875,15849.138671875,1,0.0,0.0
2024-08-28 00:00:00-03:00,15924.133863823265,15924.133863823265,15674.1474609375,15674.1474609375,368,0.0,0.0
2024-08-29 00:00:00-03:00,15449.1611328125,15449.1611328125,15449.1611328125,15449.1611328125,1,0.0,0.0
2024-08-30 00:00:00-03:00,15449.159388950893,15449.159388950893,15399.162109375,15399.162109375,47,0.0,0.0
2024-09-02 00:00:00-03:00,15399.162109375,15399.162109375,15399.162109375,15399.162109375,1,0.0,0.0
2024-09-03 00:00:00-03:00,15649.150606595553,15699.147892878605,15599.1533203125,15599.1533203125,148,0.0,0.0
2024-09-04 00:00:00-03:00,15599.152650122549,15599.152650122549,15299.1689453125,15299.1689453125,28,0.0,0.0
2024-09-05 00:00:00-03:00,15299.1689453125,15299.1689453125,15299.1689453125,15299.1689453125,0,0.0,0.0
2024-09-06 00:00:00-03:00,15024.18338159463,15074.1806640625,15024.18338159463,15074.1806640625,13,0.0,0.0
2024-09-09 00:00:00-03:00,14899.190689993633,14899.190689993633,14724.2001953125,14724.2001953125,409,0.0,0.0
2024-09-10 00:00:00-03:00,14549.208944447402,14749.198070831559,14549.208944447402,14674.2021484375,20,0.0,0.0
2024-09-11 00:00:00-03:00,14549.210504212882,14649.205078125,14549.210504212882,14649.205078125,5,0.0,0.0
2024-09-12 00:00:00-03:00,14949.1884765625,14949.1884765625,14949.1884765625,14949.1884765625,15,0.0,0.0
2024-09-13 00:00:00-03:00,15299.168606899753,15299.168606899753,15149.1767578125,15149.1767578125,229,0.0,0.0
2024-09-16 00:00:00-03:00,15124.177654979674,15474.15862550813,15124.177654979674,15374.1640625,175,0.0,0.0
2024-09-17 00:00:00-03:00,15574.15340315304,15574.15340315304,15324.1669921875,15324.1669921875,230,0.0,0.0
2024-09-18 00:00:00-03:00,15349.1669921875,15449.161565426506,15324.168348877747,15349.1669921875,1847,0.0,0.0
2024-09-19 00:00:00-03:00,15324.167033948395,15324.167033948395,15199.173828125,15199.173828125,10,0.0,0.0
2024-09-20 00:00:00-03:00,14824.193359375,14824.193359375,14824.193359375,14824.193359375,1,0.0,0.0
2024-09-23 00:00:00-03:00,14799.1953125,14799.1953125,14699.200749577702,14799.1953125,26,0.0,0.0
2024-09-24 00:00:00-03:00,14899.1909765625,14999.185546875,14899.1909765625,14999.185546875,17,0.0,0.0
2024-09-25 00:00:00-03:00,14824.193359375,14824.193359375,14824.193359375,14824.193359375,16,0.0,0.0
2024-09-26 00:00:00-03:00,14949.1884765625,14949.1884765625,14949.1884765625,14949.1884765625,58,0.0,0.0
2024-09-27 00:00:00-03:00,15074.1806640625,15074.1806640625,15074.1806640625,15074.1806640625,50,0.0,0.0
2024-09-30 00:00:00-03:00,14974.186099126762,15074.1806640625,14924.188816658892,15074.1806640625,41,0.0,0.0
2024-10-01 00:00:00-03:00,15074.1806640625,15074.1806640625,15074.1806640625,15074.1806640625,0,0.0,0.0
2024-10-02 00:00:00-03:00,15074.180921311347,15074.180921311347,14849.193146366402,14899.1904296875,84,0.0,0.0
2024-10-03 00:00:00-03:00,14899.1904296875,14899.1904296875,14899.1904296875,14899.1904296875,0,0.0,0.0
2024-10-04 00:00:00-03:00,14674.202698683375,14774.197265625,14674.202698683375,14774.197265625,2,0.0,0.0
2024-10-07 00:00:00-03:00,14499.210552946892,14499.210552946892,14399.215997409327,14474.2119140625,8,0.0,0.0
2024-10-08 00:00:00-03:00,14824.195078937393,14824.195078937393,14274.224941101604,14424.216796875,125,0.0,0.0
2024-10-09 00:00:00-03:00,14199.227961546985,14199.227961546985,14099.2333984375,14099.2333984375,14,0.0,0.0
2024-10-10 00:00:00-03:00,14099.234423915474,14099.234423915474,13974.2412109375,13974.2412109375,2,0.0,0.0
2024-10-14 00:00:00-03:00,14099.234540343914,14199.229111552027,14099.234540343914,14174.23046875,8,0.0,0.0
2024-10-15 00:00:00-03:00,14149.230892737989,14149.230892737989,14049.236328125,14049.236328125,30,0.0,0.0
2024-10-16 00:00:00-03:00,14149.23182594797,14174.23046875,14149.23182594797,14174.23046875,20,0.0,0.0
2024-10-17 00:00:00-03:00,14074.234200613839,14074.234200613839,13999.23828125,13999.23828125,19,0.0,0.0
2024-10-18 00:00:00-03:00,13699.25678119349,13824.25,13649.259493670887,13824.25,23,0.0,0.0
2024-10-21 00:00:00-03:00,13824.25,13824.25,13824.25,13824.25,0,0.0,0.0
2024-10-22 00:00:00-03:00,14124.231999670474,14224.2265625,14074.234718255711,14224.2265625,15,0.0,0.0
2024-10-23 00:00:00-03:00,14574.207414182898,14599.2060546875,14499.211492669092,14599.2060546875,239,0.0,0.0
2024-10-24 00:00:00-03:00,14399.217391304348,14399.217391304348,14299.222826086956,14374.21875,20,0.0,0.0
2024-10-25 00:00:00-03:00,14324.222325562168,14324.222325562168,14174.23046875,14174.23046875,130,0.0,0.0
2024-10-28 00:00:00-03:00,14124.23165519538,14124.23165519538,14074.234375,14074.234375,7,0.0,0.0
2024-10-29 00:00:00-03:00,13799.25102833638,13799.25102833638,13674.2578125,13674.2578125,30,0.0,0.0
2024-10-30 00:00:00-03:00,14049.23683094352,14274.224609375,14049.23683094352,14274.224609375,13,0.0,0.0
2024-10-31 00:00:00-03:00,16099.12547367126,16274.115967950294,15824.140411232775,15874.1376953125,170,0.0,0.0
2024-11-01 00:00:00-03:00,16049.12847692531,16149.123046875,15899.136622000775,16149.123046875,124,0.0,0.0
2024-11-04 00:00:00-03:00,16699.09375,16699.09375,16699.09375,16699.09375,2,0.0,0.0
2024-11-05 00:00:00-03:00,16974.078125,16974.078125,16974.078125,16974.078125,19,0.0,0.0
2024-11-06 00:00:00-03:00,17324.05670067716,17324.05670067716,16999.074396046854,17074.0703125,67,0.0,0.0
2024-11-07 00:00:00-03:00,16949.079648552055,17074.072861299486,16924.081006002565,17049.07421875,4487,0.0,0.0
2024-11-08 00:00:00-03:00,16974.07899240872,16974.07899240872,16574.10069509128,16774.08984375,65,0.0,0.0
2024-11-11 00:00:00-03:00,16774.08968001497,16774.08968001497,16624.09781998503,16699.09375,39,0.0,0.0
2024-11-12 00:00:00-03:00,16599.10052316891,16724.09375,16499.105941704034,16724.09375,4,0.0,0.0
2024-11-13 00:00:00-03:00,16449.104945107858,16449.104945107858,16224.1171875,16224.1171875,35,0.0,0.0
2024-11-14 00:00:00-03:00,16224.1171875,16224.1171875,16224.1171875,16224.1171875,0,0.0,0.0
2024-11-15 00:00:00-03:00,16174.235713982434,16174.235713982434,16099.2392578125,16099.2392578125,19,170.83594,0.0
2024-11-19 00:00:00-03:00,15974.24593124271,16074.2412109375,15974.24593124271,16074.2412109375,49,0.0,0.0
2024-11-20 00:00:00-03:00,16124.238123254527,16224.2333984375,16124.238123254527,16224.2333984375,2,0.0,0.0
2024-11-21 00:00:00-03:00,16049.244611864568,16474.224609375,16049.244611864568,16474.224609375,47,0.0,0.0
2024-11-22 00:00:00-03:00,16474.220346133876,16549.216796875,16474.220346133876,16549.216796875,11,0.0,0.0
2024-11-25 00:00:00-03:00,16549.219895754177,16549.219895754177,16449.224609375,16449.224609375,2,0.0,0.0
2024-11-26 00:00:00-03:00,16199.234783653847,16249.232421875,16199.234783653847,16249.232421875,54,0.0,0.0
2024-11-27 00:00:00-03:00,16249.232421875,16249.232421875,16249.232421875,16249.232421875,0,0.0,0.0
2024-11-28 00:00:00-03:00,16249.232421875,16249.232421875,16249.232421875,16249.232421875,0,0.0,0.0
2024-11-29 00:00:00-03:00,16499.221149640358,16499.221149640358,16074.2412109375,16074.2412109375,58,0.0,0.0
2024-12-02 00:00:00-03:00,15874.250610734229,15949.2470703125,15849.251790874805,15949.2470703125,69,0.0,0.0
2024-12-03 00:00:00-03:00,15949.2470703125,15949.2470703125,15949.2470703125,15949.2470703125,0,0.0,0.0
2024-12-04 00:00:00-03:00,15949.2470703125,15949.2470703125,15949.2470703125,15949.2470703125,0,0.0,0.0
2024-12-05 00:00:00-03:00,15799.253563818993,15799.253563818993,15399.2724609375,15399.2724609375,39,0.0,0.0
2024-12-06 00:00:00-03:00,15099.287109375,15099.287109375,15099.287109375,15099.287109375,1,0.0,0.0
2024-12-09 00:00:00-03:00,14974.29296875,14974.29296875,14974.29296875,14974.29296875,4,0.0,0.0
2024-12-10 00:00:00-03:00,14649.30786792652,14874.29723791174,14649.30786792652,14799.30078125,59,0.0,0.0
2024-12-11 00:00:00-03:00,14799.30078125,14799.30078125,14799.30078125,14799.30078125,0,0.0,0.0
2024-12-12 00:00:00-03:00,14524.314088586258,14599.310546875,14524.314088586258,14599.310546875,70,0.0,0.0
2024-12-13 00:00:00-03:00,14599.310546875,14599.310546875,14599.310546875,14599.310546875,0,0.0,0.0
2024-12-16 00:00:00-03:00,15249.280914997978,15499.269126719257,15249.280914997978,15449.271484375,150,0.0,0.0
2024-12-17 00:00:00-03:00,15699.259799565561,15824.25390625,15699.259799565561,15824.25390625,16,0.0,0.0
2024-12-18 00:00:00-03:00,16224.233837272548,16224.233837272548,15799.25390625,15799.25390625,9,0.0,0.0
2024-12-19 00:00:00-03:00,15474.26953125,15474.26953125,15474.26953125,15474.26953125,32,0.0,0.0
2024-12-20 00:00:00-03:00,15474.26953125,15474.26953125,15474.26953125,15474.26953125,0,0.0,0.0
2024-12-23 00:00:00-03:00,15474.26953125,15474.26953125,15474.26953125,15474.26953125,0,0.0,0.0
2024-12-24 00:00:00-03:00,16149.238078367247,16149.238078367247,16074.241616703002,16124.2392578125,101,0.0,0.0
2024-12-26 00:00:00-03:00,16399.224609375,16399.224609375,16299.229337366616,16399.224609375,53,0.0,0.0
2024-12-27 00:00:00-03:00,16174.235713982434,16174.235713982434,16099.2392578125,16099.2392578125,162,0.0,0.0
2024-12-30 00:00:00-03:00,16049.242349750197,16049.242349750197,15899.249430593653,15949.2470703125,7,0.0,0.0
2025-01-02 00:00:00-03:00,15899.25009420217,15899.25009420217,15549.2666015625,15549.2666015625,76,0.0,0.0
2025-01-03 00:00:00-03:00,15549.2666015625,15549.2666015625,15549.2666015625,15549.2666015625,0,0.0,0.0
2025-01-06 00:00:00-03:00,15549.2666015625,15549.2666015625,15549.2666015625,15549.2666015625,0,0.0,0.0
2025-01-07 00:00:00-03:00,15549.2666015625,15549.2666015625,15549.2666015625,15549.2666015625,0,0.0,0.0
2025-01-08 00:00:00-03:00,16024.243611653646,16199.2353515625,16024.243611653646,16199.2353515625,2,0.0,0.0
2025-01-09 00:00:00-03:00,16199.2353515625,16199.2353515625,16199.2353515625,16199.2353515625,0,0.0,0.0
2025-01-10 00:00:00-03:00,16224.23417154948,16299.230631510418,16199.2353515625,16199.2353515625,11,0.0,0.0
2025-01-13 00:00:00-03:00,15949.2470703125,15949.2470703125,15949.2470703125,15949.2470703125,45,0.0,0.0
2025-01-14 00:00:00-03:00,16449.224609375,16474.223430969792,16449.224609375,16449.224609375,17,0.0,0.0
2025-01-15 00:00:00-03:00,16449.224609375,16449.224609375,16449.224609375,16449.224609375,31,0.0,0.0
2025-01-16 00:00:00-03:00,16549.21797817685,16574.216796875,16549.21797817685,16574.216796875,3,0.0,0.0
2025-01-17 00:00:00-03:00,16849.20548261834,16899.203125,16849.20548261834,16899.203125,453,0.0,0.0
2025-01-20 00:00:00-03:00,16124.2392578125,16124.2392578125,16124.2392578125,16124.2392578125,1,0.0,0.0
2025-01-21 00:00:00-03:00,17099.19419642857,17324.18359375,17099.19419642857,17324.18359375,13,0.0,0.0
2025-01-22 00:00:00-03:00,17324.182819817182,17349.181640625,17299.183999009365,17349.181640625,12,0.0,0.0
2025-01-23 00:00:00-03:00,17224.185546875,17224.185546875,17224.185546875,17224.185546875,8,0.0,0.0
2025-01-24 00:00:00-03:00,17249.185630580356,17499.173828125,17249.185630580356,17499.173828125,12,0.0,0.0
2025-01-27 00:00:00-03:00,17499.173785971223,17499.173785971223,17374.1796875,17374.1796875,64,0.0,0.0
2025-01-28 00:00:00-03:00,17349.182384402255,17349.182384402255,17199.189453125,17199.189453125,44,0.0,0.0
2025-01-29 00:00:00-03:00,17049.1953125,17049.1953125,17049.1953125,17049.1953125,2,0.0,0.0
2025-01-30 00:00:00-03:00,16799.205078125,16799.205078125,16799.205078125,16799.205078125,2,0.0,0.0
2025-01-31 00:00:00-03:00,16999.198684460487,16999.198684460487,16449.224609375,16449.224609375,1732,0.0,0.0
2025-02-03 00:00:00-03:00,16224.234050965562,16449.223429176178,16224.234050965562,16424.224609375,933,0.0,0.0
2025-02-04 00:00:00-03:00,16424.224609375,16424.224609375,16424.224609375,16424.224609375,0,0.0,0.0
2025-02-05 00:00:00-03:00,16024.243611653646,16274.231811523438,15899.24951171875,16199.2353515625,56,0.0,0.0
2025-02-06 00:00:00-03:00,16674.212890625,16674.212890625,16674.212890625,16674.212890625,1,0.0,0.0
2025-02-07 00:00:00-03:00,16999.19959379616,17024.198416728213,16924.203125,16924.203125,165,0.0,0.0
2025-02-10 00:00:00-03:00,16324.22892414122,16499.220658396946,16324.22892414122,16374.2265625,122,0.0,0.0
2025-02-11 00:00:00-03:00,16374.2265625,16374.2265625,16374.2265625,16374.2265625,0,0.0,0.0
2025-02-12 00:00:00-03:00,16274.232421875,16274.232421875,16274.232421875,16274.232421875,4,0.0,0.0
2025-02-13 00:00:00-03:00,16349.227023449319,16599.215204236007,16349.227023449319,16524.21875,1276,0.0,0.0
2025-02-14 00:00:00-03:00,16924.203125,16949.20194793205,16649.216072747415,16924.203125,2891,0.0,0.0
2025-02-17 00:00:00-03:00,16924.203125,16924.203125,16924.203125,16924.203125,0,0.0,0.0
2025-02-18 00:00:00-03:00,16924.200933003598,17374.1796875,16924.200933003598,17374.1796875,204,0.0,0.0
2025-02-19 00:00:00-03:00,17399.17928224063,17449.176923856267,17349.181640625,17349.181640625,4,0.0,0.0
2025-02-20 00:00:00-03:00,16949.203125,16949.203125,16949.203125,16949.203125,3,0.0,0.0
2025-02-21 00:00:00-03:00,16874.200756872215,16924.198388744426,16699.209045319465,16824.203125,2795,0.0,0.0
2025-02-24 00:00:00-03:00,16549.33328288003,16774.32421875,16549.33328288003,16774.32421875,34,170.83594,0.0
2025-02-25 00:00:00-03:00,16699.323423569836,16824.318359375,16699.323423569836,16824.318359375,7,0.0,0.0
2025-02-26 00:00:00-03:00,16849.318359375,16849.318359375,16849.318359375,16849.318359375,115,0.0,0.0
2025-02-27 00:00:00-03:00,17074.310546875,17149.30751853038,17074.310546875,17074.310546875,23,0.0,0.0
2025-02-28 00:00:00-03:00,16899.318359375,16899.318359375,16899.318359375,16899.318359375,1,0.0,0.0
2025-03-05 00:00:00-03:00,16899.318359375,16899.318359375,16899.318359375,16899.318359375,0,0.0,0.0
2025-03-06 00:00:00-03:00,16899.318359375,16899.318359375,16899.318359375,16899.318359375,0,0.0,0.0
2025-03-07 00:00:00-03:00,15674.36744586614,15874.359375,15624.369463582676,15874.359375,31,0.0,0.0
2025-03-10 00:00:00-03:00,15649.368693831699,15649.368693831699,14974.395922691992,15299.3828125,22,0.0,0.0
2025-03-11 00:00:00-03:00,15174.387854881536,15299.3828125,15149.388863357843,15299.3828125,3,0.0,0.0
2025-03-12 00:00:00-03:00,15624.369140625,15624.369140625,15624.369140625,15624.369140625,1,0.0,0.0
2025-03-13 00:00:00-03:00,15624.369140625,15624.369140625,15624.369140625,15624.369140625,0,0.0,0.0
2025-03-14 00:00:00-03:00,15799.36246565934,15924.357421875,15799.36246565934,15924.357421875,34,0.0,0.0
2025-03-17 00:00:00-03:00,15924.357421875,15924.357421875,15924.357421875,15924.357421875,0,0.0,0.0
2025-03-18 00:00:00-03:00,16849.318359375,16849.318359375,16849.318359375,16849.318359375,2,0.0,0.0
2025-03-19 00:00:00-03:00,17074.310546875,17074.310546875,17074.310546875,17074.310546875,22,0.0,0.0
2025-03-20 00:00:00-03:00,16799.3203125,16799.3203125,16799.3203125,16799.3203125,3,0.0,0.0
2025-03-21 00:00:00-03:00,16699.326107357356,16699.326107357356,16449.33619557057,16649.328125,980,0.0,0.0
2025-03-25 00:00:00-03:00,18074.271790799794,18324.26171875,17949.276826824695,18324.26171875,1410,0.0,0.0
2025-03-26 00:00:00-03:00,18149.26439173331,18149.26439173331,17974.271484375,17974.271484375,27,0.0,0.0
2025-03-27 00:00:00-03:00,17599.289325842696,17799.28125,17599.289325842696,17799.28125,17,0.0,0.0
2025-03-28 00:00:00-03:00,17249.30481132925,17349.30078125,17249.30481132925,17349.30078125,3,0.0,0.0
2025-03-31 00:00:00-03:00,17749.283891315976,17749.283891315976,17474.29498595756,17524.29296875,181,0.0,0.0
2025-04-01 00:00:00-03:00,17249.304063391584,17524.29296875,17249.304063391584,17524.29296875,2,0.0,0.0
2025-04-03 00:00:00-03:00,16349.339510141694,16374.338500218362,16099.349609375,16099.349609375,162,0.0,0.0
2025-04-04 00:00:00-03:00,15649.369202826434,15849.361141520701,15649.369202826434,15699.3671875,839,0.0,0.0
2025-04-07 00:00:00-03:00,15424.377534448819,15874.359375,15424.377534448819,15874.359375,1207,0.0,0.0
2025-04-08 00:00:00-03:00,15424.3779296875,15424.3779296875,15424.3779296875,15424.3779296875,2,0.0,0.0
2025-04-09 00:00:00-03:00,15099.39112903226,16449.336693548386,15099.39112903226,16274.34375,1053,0.0,0.0
2025-04-10 00:00:00-03:00,16274.34375,16274.34375,16274.34375,16274.34375,0,0.0,0.0
2025-04-11 00:00:00-03:00,16274.34375,16274.34375,16274.34375,16274.34375,0,0.0,0.0
2025-04-14 00:00:00-03:00,14774.404265426376,14774.404265426376,14749.4052734375,14749.4052734375,11,0.0,0.0
2025-04-15 00:00:00-03:00,14849.4013671875,14849.4013671875,14849.4013671875,14849.4013671875,1,0.0,0.0
2025-04-16 00:00:00-03:00,14024.4334268913,14024.4334268913,13899.4384765625,13899.4384765625,4,0.0,0.0
2025-04-21 00:00:00-03:00,13899.4384765625,13899.4384765625,13899.4384765625,13899.4384765625,0,0.0,0.0
2025-04-22 00:00:00-03:00,13149.468816583807,13299.462757457386,13074.471846147018,13199.466796875,18,0.0,0.0
2025-04-23 00:00:00-03:00,13824.441638183594,13999.4345703125,13749.444667271206,13999.4345703125,143,0.0,0.0
2025-04-24 00:00:00-03:00,13999.4345703125,13999.4345703125,13999.4345703125,13999.4345703125,0,0.0,0.0
2025-04-25 00:00:00-03:00,14224.42578125,14224.42578125,14224.42578125,14224.42578125,1,0.0,0.0
2025-04-28 00:00:00-03:00,14249.425625691372,14249.425625691372,13949.437717782079,14124.4306640625,35,0.0,0.0
2025-04-29 00:00:00-03:00,14124.4306640625,14124.4306640625,14124.4306640625,14124.4306640625,0,0.0,0.0
2025-04-30 00:00:00-03:00,13449.458038613173,13824.442928165585,13449.458038613173,13474.45703125,2628,0.0,0.0
2025-05-05 00:00:00-03:00,13249.46510513476,13449.45703125,13249.46510513476,13449.45703125,99,0.0,0.0
2025-05-06 00:00:00-03:00,13299.464021764432,13424.458984375,13274.46502924232,13424.458984375,12,0.0,0.0
2025-05-07 00:00:00-03:00,13424.458173751831,13424.458173751831,12774.484407424927,12799.4833984375,11,0.0,0.0
2025-05-08 00:00:00-03:00,12799.4833984375,12799.4833984375,12799.4833984375,12799.4833984375,0,0.0,0.0
2025-05-09 00:00:00-03:00,12874.4814453125,12874.4814453125,12874.4814453125,12874.4814453125,1,0.0,0.0
2025-05-12 00:00:00-03:00,12874.4814453125,12874.4814453125,12874.4814453125,12874.4814453125,0,0.0,0.0
2025-05-13 00:00:00-03:00,12874.4814453125,12874.4814453125,12874.4814453125,12874.4814453125,0,0.0,0.0
2025-05-14 00:00:00-03:00,12874.4814453125,12874.4814453125,12874.4814453125,12874.4814453125,0,0.0,0.0
2025-05-15 00:00:00-03:00,14399.41995233969,14499.415924230936,14374.420959366877,14424.4189453125,67,0.0,0.0
2025-05-16 00:00:00-03:00,14649.409305481991,14749.4052734375,14649.409305481991,14749.4052734375,60,0.0,0.0
2025-05-19 00:00:00-03:00,14749.4052734375,14749.4052734375,14749.4052734375,14749.4052734375,0,0.0,0.0
2025-05-20 00:00:00-03:00,14724.406123130342,14724.406123130342,14624.41015625,14624.41015625,2,0.0,0.0
2025-05-21 00:00:00-03:00,14474.41655662334,14524.41454127489,14124.4306640625,14124.4306640625,46,0.0,0.0
2025-05-22 00:00:00-03:00,14099.4306640625,14099.4306640625,14099.4306640625,14099.4306640625,1,0.0,0.0
2025-05-23 00:00:00-03:00,14099.546875,14099.546875,14099.546875,14099.546875,0,170.83594,0.0
2025-05-26 00:00:00-03:00,14099.546875,14099.546875,14099.546875,14099.546875,0,0.0,0.0
2025-05-27 00:00:00-03:00,14074.547446229202,14274.541015625,14074.547446229202,14274.541015625,32,0.0,0.0
2025-05-28 00:00:00-03:00,14199.543198529413,14199.543198529413,14024.548828125,14024.548828125,4,0.0,0.0
2025-05-29 00:00:00-03:00,14249.54296875,14249.54296875,14249.54296875,14249.54296875,13,0.0,0.0
2025-05-30 00:00:00-03:00,14424.537109375,14424.537109375,14424.537109375,14424.537109375,1,0.0,0.0
2025-06-02 00:00:00-03:00,14424.537109375,14424.537109375,14424.537109375,14424.537109375,0,0.0,0.0
2025-06-03 00:00:00-03:00,14424.537109375,14424.537109375,14424.537109375,14424.537109375,0,0.0,0.0
2025-06-04 00:00:00-03:00,14424.537109375,14424.537109375,14424.537109375,14424.537109375,0,0.0,0.0
2025-06-05 00:00:00-03:00,14199.544011343416,14199.544011343416,14049.548828125,14049.548828125,62,0.0,0.0
2025-06-06 00:00:00-03:00,14274.540554852552,14274.540554852552,14199.54296875,14199.54296875,6,0.0,0.0
2025-06-09 00:00:00-03:00,14199.543709239131,14524.533265964674,14199.543709239131,14374.5380859375,35,0.0,0.0
2025-06-10 00:00:00-03:00,14174.544921875,14174.544921875,14174.544921875,14174.544921875,3,0.0,0.0
2025-06-11 00:00:00-03:00,14124.54694662623,14149.54614476185,13974.5517578125,13974.5517578125,6,0.0,0.0
2025-06-12 00:00:00-03:00,14049.548654668073,14074.5478515625,14049.548654668073,14074.5478515625,42,0.0,0.0
2025-06-13 00:00:00-03:00,13949.551064363532,13949.551064363532,13624.5615234375,13624.5615234375,2,0.0,0.0
2025-06-17 00:00:00-03:00,13774.5582135753,13774.5582135753,13549.5654296875,13549.5654296875,216,0.0,0.0
2025-06-18 00:00:00-03:00,13474.566234447339,13499.5654296875,13474.566234447339,13499.5654296875,113,0.0,0.0
2025-06-19 00:00:00-03:00,13499.5654296875,13499.5654296875,13499.5654296875,13499.5654296875,0,0.0,0.0
2025-06-23 00:00:00-03:00,13374.570201945755,13374.570201945755,13249.57421875,13249.57421875,12,0.0,0.0
2025-06-24 00:00:00-03:00,13849.5556640625,13849.5556640625,13849.5556640625,13849.5556640625,1,0.0,0.0
2025-06-25 00:00:00-03:00,13849.555940580196,13949.552734375,13774.558345234094,13949.552734375,49,0.0,0.0
2025-06-26 00:00:00-03:00,13949.552734375,13949.552734375,13949.552734375,13949.552734375,0,0.0,0.0
2025-06-27 00:00:00-03:00,13949.552734375,13949.552734375,13949.552734375,13949.552734375,0,0.0,0.0
2025-06-30 00:00:00-03:00,13949.552734375,13949.552734375,13949.552734375,13949.552734375,0,0.0,0.0
2025-07-01 00:00:00-03:00,14699.527613146553,15249.509938808498,14699.527613146553,15224.5107421875,39,0.0,0.0
2025-07-02 00:00:00-03:00,15524.501778850985,15549.5009765625,15449.504185716438,15549.5009765625,121,0.0,0.0
2025-07-03 00:00:00-03:00,15599.498914579968,15674.496505515448,15474.5029296875,15474.5029296875,291,0.0,0.0
2025-07-04 00:00:00-03:00,15474.5029296875,15474.5029296875,15474.5029296875,15474.5029296875,0,0.0,0.0
2025-07-07 00:00:00-03:00,15699.495853838584,15874.490234375,15699.495853838584,15874.490234375,214,0.0,0.0
2025-07-08 00:00:00-03:00,15999.485007788162,16049.4833984375,15949.486617138824,16049.4833984375,44,0.0,0.0
2025-07-10 00:00:00-03:00,16624.46724714633,16749.463241485777,16624.46724714633,16699.46484375,63,0.0,0.0
2025-07-11 00:00:00-03:00,16574.469294313527,16774.462890625,16574.469294313527,16774.462890625,8,0.0,0.0
2025-07-14 00:00:00-03:00,16549.468721235273,16974.455078125,16474.471128842968,16974.455078125,38,0.0,0.0
2025-07-15 00:00:00-03:00,16724.463916614743,16724.463916614743,16299.4775390625,16299.4775390625,19,0.0,0.0
2025-07-16 00:00:00-03:00,16174.481545664781,16324.476737742043,16174.481545664781,16299.4775390625,126,0.0,0.0
2025-07-17 00:00:00-03:00,16299.4775390625,16299.4775390625,16299.4775390625,16299.4775390625,0,0.0,0.0
2025-07-18 00:00:00-03:00,16274.4775390625,16399.473526305683,16249.478341613863,16274.4775390625,99,0.0,0.0
2025-07-21 00:00:00-03:00,16574.465991432215,16774.459547889917,16524.46760231779,16549.466796875,255,0.0,0.0
2025-07-22 00:00:00-03:00,16549.466796875,16549.466796875,16549.466796875,16549.466796875,0,0.0,0.0
2025-07-23 00:00:00-03:00,17074.451282589936,17199.447265625,17074.451282589936,17199.447265625,10,0.0,0.0
2025-07-24 00:00:00-03:00,17174.44951923077,17574.43669871795,17174.44951923077,17549.4375,1621,0.0,0.0
2025-07-25 00:00:00-03:00,17499.4375,17499.4375,17499.4375,17499.4375,75,0.0,0.0
2025-07-28 00:00:00-03:00,17949.420728659596,18099.415887952015,17949.420728659596,17974.419921875,5,0.0,0.0
2025-07-29 00:00:00-03:00,17974.419921875,17974.419921875,17974.419921875,17974.419921875,12,0.0,0.0
2025-07-30 00:00:00-03:00,17499.436927009872,17724.4296875,17499.436927009872,17724.4296875,2492,0.0,0.0
2025-07-31 00:00:00-03:00,17249.44570496468,17249.44570496468,15899.489084576138,15924.48828125,983,0.0,0.0
2025-08-01 00:00:00-03:00,15499.502276082678,15874.490234375,15474.503078863188,15874.490234375,469,0.0,0.0
2025-08-04 00:00:00-03:00,15049.516956110669,15924.488872163614,15049.516956110669,15699.49609375,59,0.0,0.0
2025-08-05 00:00:00-03:00,15449.50384051983,15599.4990234375,15449.50384051983,15599.4990234375,58,0.0,0.0
2025-08-06 00:00:00-03:00,15399.505685271475,15499.502475435576,15374.50648773045,15424.5048828125,180,0.0,0.0
2025-08-07 00:00:00-03:00,15674.49676208496,16024.485525512695,15674.49676208496,15999.486328125,81,0.0,0.0
2025-08-08 00:00:00-03:00,15999.485759493671,15999.485759493671,15799.4921875,15799.4921875,437,0.0,0.0
2025-08-11 00:00:00-03:00,15874.489664324163,15874.489664324163,15674.49609375,15674.49609375,60,0.0,0.0
2025-08-12 00:00:00-03:00,15774.493380399279,16024.4853515625,15724.494986166634,16024.4853515625,4267,0.0,0.0
2025-08-13 00:00:00-03:00,16074.483225567741,16124.481618182259,15899.488851416925,16099.482421875,1217,0.0,0.0
2025-08-14 00:00:00-03:00,15549.61105405746,15624.6091781124,15449.61355531754,15499.6123046875,77,170.83594,0.0
2025-08-18 00:00:00-03:00,15224.6201171875,15324.617622062295,15124.622612312705,15224.6201171875,1379,0.0,0.0
2025-08-19 00:00:00-03:00,15324.617728803687,15424.615234375,15249.619599625203,15424.615234375,316,0.0,0.0
2025-08-20 00:00:00-03:00,15324.617108233564,15499.612735896917,15324.617108233564,15399.615234375,69,0.0,0.0
2025-08-21 00:00:00-03:00,15674.608778637656,15924.6025390625,15674.608778637656,15924.6025390625,5,0.0,0.0
2025-08-22 00:00:00-03:00,16224.594998079876,16399.590629800306,16224.594998079876,16274.59375,147,0.0,0.0
2025-08-25 00:00:00-03:00,16274.592521327893,16924.5762472181,16274.592521327893,16849.578125,139,0.0,0.0
2025-08-26 00:00:00-03:00,16649.583358787593,16799.57960526316,16624.583984375,16624.583984375,630,0.0,0.0
2025-08-27 00:00:00-03:00,16474.58832150525,16474.58832150525,16374.5908203125,16374.5908203125,52,0.0,0.0
2025-08-28 00:00:00-03:00,16374.59031580438,16549.5859375,16324.59156674849,16549.5859375,25,0.0,0.0
2025-08-29 00:00:00-03:00,16374.591997717958,16849.58016253726,16274.594489334948,16774.58203125,147,0.0,0.0
2025-09-01 00:00:00-03:00,17299.568359375,17299.568359375,17299.568359375,17299.568359375,11,0.0,0.0
2025-09-02 00:00:00-03:00,16749.58265415425,16774.58203125,16724.583277058497,16774.58203125,20,0.0,0.0
2025-09-03 00:00:00-03:00,16674.584864614946,16674.584864614946,16474.58984375,16474.58984375,82,0.0,0.0
2025-09-04 00:00:00-03:00,16574.585858319257,16649.583984375,16574.585858319257,16649.583984375,10,0.0,0.0
2025-09-05 00:00:00-03:00,16649.5831324184,16849.578125,16649.5831324184,16849.578125,76,0.0,0.0
2025-09-08 00:00:00-03:00,17299.56923885234,17569.562515990496,16939.57820266813,17099.57421875,354,0.0,0.0
2025-09-09 00:00:00-03:00,16719.58162811388,16859.578125,16719.58162811388,16859.578125,23,0.0,0.0
2025-09-10 00:00:00-03:00,16779.580078125,16779.580078125,16779.580078125,16779.580078125,2,0.0,0.0
2025-09-11 00:00:00-03:00,16749.58162189165,16889.578125,16629.584619227353,16889.578125,23,0.0,0.0
2025-09-12 00:00:00-03:00,16849.579952338263,17079.57421875,16719.583193062062,17079.57421875,369,0.0,0.0
2025-09-15 00:00:00-03:00,16959.578125,17009.57688126474,16849.58086121757,16959.578125,138,0.0,0.0
2025-09-16 00:00:00-03:00,16979.57421875,16979.57421875,16979.57421875,16979.57421875,2,0.0,0.0
2025-09-17 00:00:00-03:00,17369.567233769932,17699.559011958998,17369.567233769932,17559.5625,264,0.0,0.0
2025-09-18 00:00:00-03:00,17629.559070638905,18429.5390625,17629.559070638905,18429.5390625,29,0.0,0.0
2025-09-19 00:00:00-03:00,18379.540421102334,18379.540421102334,17989.550172776442,18199.544921875,14,0.0,0.0
2025-09-22 00:00:00-03:00,16549.58697908856,16669.583984375,16529.587478207482,16669.583984375,18,0.0,0.0
2025-09-23 00:00:00-03:00,15919.601825145171,16359.5908203125,15919.601825145171,16359.5908203125,279,0.0,0.0
2025-09-24 00:00:00-03:00,16059.599175481513,16159.5966796875,16059.599175481513,16159.5966796875,9,0.0,0.0
2025-09-25 00:00:00-03:00,16159.5966796875,16159.5966796875,16159.5966796875,16159.5966796875,0,0.0,0.0
2025-09-26 00:00:00-03:00,15849.605158822978,16699.583984375,15849.605158822978,16699.583984375,18,0.0,0.0
2025-09-29 00:00:00-03:00,16689.58305323401,17199.5703125,16619.58480196221,17199.5703125,244,0.0,0.0
2025-09-30 00:00:00-03:00,17039.574656670404,17919.55269058296,17039.574656670404,17839.5546875,227,0.0,0.0
2025-10-01 00:00:00-03:00,17919.554054054053,18129.548828125,17919.554054054053,18129.548828125,170,0.0,0.0
2025-10-02 00:00:00-03:00,18149.547124518172,18199.545876927314,18129.547623554514,18159.546875,312,0.0,0.0
2025-10-03 00:00:00-03:00,18289.54257574314,18289.54257574314,18009.549578410824,18039.548828125,6203,0.0,0.0
2025-10-06 00:00:00-03:00,17279.56725815684,17469.5625,17279.56725815684,17469.5625,2686,0.0,0.0
2025-10-07 00:00:00-03:00,17559.560938377315,17809.5546875,17559.560938377315,17809.5546875,23,0.0,0.0
2025-10-08 00:00:00-03:00,18019.54782440559,18139.544813247358,17969.549079054854,17979.548828125,554,0.0,0.0
2025-10-09 00:00:00-03:00,17739.556640625,17739.556640625,17739.556640625,17739.556640625,70,0.0,0.0
2025-10-13 00:00:00-03:00,16439.58984375,16439.58984375,16439.58984375,16439.58984375,1,0.0,0.0
2025-10-14 00:00:00-03:00,16239.5938676854,17259.568359375,16239.5938676854,17259.568359375,24,0.0,0.0
2025-10-15 00:00:00-03:00,17329.566208755878,17329.566208755878,16819.57897468401,17009.57421875,105,0.0,0.0
2025-10-16 00:00:00-03:00,17009.57421875,17009.57421875,17009.57421875,17009.57421875,0,0.0,0.0
2025-10-17 00:00:00-03:00,17699.55879877417,18099.548828125,17499.56378409876,18099.548828125,39,0.0,0.0
2025-10-20 00:00:00-03:00,18059.548784583996,18839.529296875,18059.548784583996,18839.529296875,768,0.0,0.0
2025-10-21 00:00:00-03:00,18499.539093257874,19169.522400959646,18499.539093257874,19049.525390625,23,0.0,0.0
2025-10-22 00:00:00-03:00,19279.51882598293,19389.51608069549,19229.520073840857,19329.517578125,4244,0.0,0.0
2025-10-23 00:00:00-03:00,19049.52228968228,19159.51953125,19049.52228968228,19159.51953125,200,0.0,0.0
2025-10-24 00:00:00-03:00,18889.53036295999,19149.5238989245,18889.53036295999,19089.525390625,33,0.0,0.0
2025-10-27 00:00:00-03:00,19089.525390625,19089.525390625,19089.525390625,19089.525390625,0,0.0,0.0
2025-10-28 00:00:00-03:00,17779.556895478494,17899.553904896795,17299.568857805283,17319.568359375,4380,0.0,0.0
2025-10-29 00:00:00-03:00,17179.571381729016,17219.570383781935,16439.58984375,16439.58984375,100,0.0,0.0
2025-10-30 00:00:00-03:00,15999.60094815588,15999.60094815588,14089.648584969771,14369.6416015625,2153,0.0,0.0
2025-10-31 00:00:00-03:00,14199.645235875343,14779.630745509688,14199.645235875343,14579.6357421875,322,0.0,0.0
2025-11-03 00:00:00-03:00,14339.641460272605,14339.641460272605,13859.653461602393,14099.6474609375,594,0.0,0.0
2025-11-04 00:00:00-03:00,14099.647802452131,14099.647802452131,13769.656045373464,13839.654296875,141,0.0,0.0
2025-11-05 00:00:00-03:00,13749.656934165674,13769.656435160825,13569.661425209324,13659.6591796875,541,0.0,0.0
2025-11-06 00:00:00-03:00,13699.6581816778,13699.6581816778,13259.669159784498,13659.6591796875,187,0.0,0.0
2025-11-07 00:00:00-03:00,13659.659145629448,14069.648915007785,13659.659145629448,14049.6494140625,340,0.0,0.0
2025-11-10 00:00:00-03:00,14139.647146569414,14139.647146569414,13669.658875078068,14009.650390625,209,0.0,0.0
2025-11-11 00:00:00-03:00,14209.645673814233,14269.644177714927,14049.649663412385,14059.6494140625,362,0.0,0.0
2025-11-12 00:00:00-03:00,14259.643029269368,14299.642027948945,14169.645282240317,14199.64453125,367,0.0,0.0
2025-11-13 00:00:00-03:00,14129.647166716748,14299.642921730325,13979.650912293002,14039.6494140625,271,0.0,0.0
2025-11-14 00:00:00-03:00,13749.770225772789,13849.7685546875,13579.77306661778,13849.7685546875,300,170.83594,0.0
2025-11-17 00:00:00-03:00,13969.765814035109,13969.765814035109,13689.7705078125,13689.7705078125,41,0.0,0.0
2025-11-18 00:00:00-03:00,13689.771150043434,13739.77031421452,13559.77332319861,13669.771484375,50,0.0,0.0
2025-11-19 00:00:00-03:00,13419.775026061188,13419.775026061188,13329.776534828288,13339.7763671875,66,0.0,0.0
2025-11-20 00:00:00-03:00,13599.771837490624,13599.771837490624,13329.7763671875,13329.7763671875,314,0.0,0.0
2025-11-21 00:00:00-03:00,13999.766011757425,14299.760997723657,13999.766011757425,14139.763671875,501,0.0,0.0
2025-11-25 00:00:00-03:00,14279.76115243594,14869.751284084205,14059.764832160317,14829.751953125,5832,0.0,0.0
2025-11-26 00:00:00-03:00,14799.75220459473,15109.747014285565,14799.75220459473,14989.7490234375,2525,0.0,0.0
2025-11-27 00:00:00-03:00,14989.7490234375,14989.7490234375,14989.7490234375,14989.7490234375,0,0.0,0.0
2025-11-28 00:00:00-03:00,14889.751408960345,15009.74940554028,13979.7666015625,13979.7666015625,112,0.0,0.0
2025-12-01 00:00:00-03:00,14779.75295600994,14949.75011450261,14629.755463222287,14839.751953125,83,0.0,0.0
2025-12-02 00:00:00-03:00,14999.748563998435,14999.748563998435,14309.760130054508,14389.7587890625,264,0.0,0.0
2025-12-03 00:00:00-03:00,14669.75390625,14669.75390625,14669.75390625,14669.75390625,1,0.0,0.0
2025-12-04 00:00:00-03:00,14729.75362572699,14899.750782303607,14709.753960247386,14829.751953125,51,0.0,0.0
2025-12-05 00:00:00-03:00,14879.751452020202,14879.751452020202,14819.752454229798,14849.751953125,26,0.0,0.0
2025-12-09 00:00:00-03:00,14369.75934591677,14369.75934591677,14169.7626953125,14169.7626953125,7523,0.0,0.0
2025-12-10 00:00:00-03:00,14299.7607421875,14299.7607421875,14299.7607421875,14299.7607421875,4,0.0,0.0
2025-12-11 00:00:00-03:00,14769.75184811828,14919.74932795699,14769.75184811828,14879.75,3266,0.0,0.0
2025-12-12 00:00:00-03:00,14669.754830460695,14669.754830460695,14549.7568359375,14549.7568359375,40,0.0,0.0
2025-12-15 00:00:00-03:00,14649.755076532778,14719.75390625,14649.755076532778,14719.75390625,218,0.0,0.0
2025-12-16 00:00:00-03:00,14719.754290040377,14939.750617744785,14719.754290040377,14859.751953125,90,0.0,0.0
2025-12-17 00:00:00-03:00,14809.752009377093,14929.75,14809.752009377093,14929.75,47,0.0,0.0
2025-12-18 00:00:00-03:00,14899.751117950336,14899.751117950336,14839.752120159932,14849.751953125,16,0.0,0.0
2025-12-19 00:00:00-03:00,14829.752287194866,14879.751452020202,14799.752788299664,14849.751953125,199,0.0,0.0
2025-12-22 00:00:00-03:00,14769.752541800526,14999.748688355307,14769.752541800526,14979.7490234375,257,0.0,0.0
2025-12-23 00:00:00-03:00,15119.74623112973,15149.745727620066,15019.747909495272,15069.7470703125,2203,0.0,0.0
2025-12-24 00:00:00-03:00,15129.745894676504,15129.745894676504,14989.748245948498,15059.7470703125,7,0.0,0.0
2025-12-26 00:00:00-03:00,15309.7431640625,15309.7431640625,15309.7431640625,15309.7431640625,8,0.0,0.0
2025-12-29 00:00:00-03:00,15149.746568467883,15209.745564778646,15119.7470703125,15119.7470703125,220,0.0,0.0
2025-12-30 00:00:00-03:00,15289.743517757572,15309.743182267393,15019.748046875,15019.748046875,101,0.0,0.0
2026-01-02 00:00:00-03:00,15229.745088242993,15539.739899625483,15209.74542299251,15519.740234375,121,0.0,0.0
2026-01-05 00:00:00-03:00,15599.73814396965,15709.736297548921,15599.73814396965,15649.7373046875,120,0.0,0.0
2026-01-06 00:00:00-03:00,15669.73750074452,15739.736328125,15669.73750074452,15739.736328125,72,0.0,0.0
2026-01-07 00:00:00-03:00,15849.734596132608,15849.734596132608,15279.744140625,15279.744140625,4354,0.0,0.0
2026-01-08 00:00:00-03:00,15589.738253469,16179.728347731138,15589.738253469,16169.728515625,1103,0.0,0.0
2026-01-09 00:00:00-03:00,16239.727794050517,16469.723938916995,16169.728967352023,16429.724609375,437,0.0,0.0
2026-01-12 00:00:00-03:00,16439.724805170947,16659.721122515082,16109.730329154741,16159.7294921875,267,0.0,0.0
2026-01-13 00:00:00-03:00,16189.728377920066,16249.727371290986,16189.728377920066,16239.7275390625,1460,0.0,0.0
2026-01-14 00:00:00-03:00,16349.726227610226,16539.723046157378,16219.728404393754,16329.7265625,440,0.0,0.0
2026-01-15 00:00:00-03:00,16329.7265625,16329.7265625,16329.7265625,16329.7265625,0,0.0,0.0
2026-01-16 00:00:00-03:00,16359.725281059451,16419.724273532775,16289.726456507242,16399.724609375,161,0.0,0.0
2026-01-19 00:00:00-03:00,16399.724609375,16399.724609375,16399.724609375,16399.724609375,0,0.0,0.0
2026-01-20 00:00:00-03:00,15969.73286956864,16089.730862326825,15859.734709540302,15879.734375,3969,0.0,0.0
2026-01-21 00:00:00-03:00,16179.729212655482,16279.7275390625,16039.731555685657,16279.7275390625,467,0.0,0.0
2026-01-22 00:00:00-03:00,16029.731218676297,16149.729206589032,15899.7333984375,15899.7333984375,56,0.0,0.0
2026-01-23 00:00:00-03:00,15669.737027965037,16409.724609375,15669.737027965037,16409.724609375,14479,0.0,0.0
2026-01-26 00:00:00-03:00,16199.72813356947,16519.722763368372,16199.72813356947,16409.724609375,6901,0.0,0.0
2026-01-27 00:00:00-03:00,16159.729549199623,16159.729549199623,15929.7333984375,15929.7333984375,58,0.0,0.0
2026-01-28 00:00:00-03:00,15999.732285031847,16049.731448422572,15699.7373046875,15699.7373046875,147,0.0,0.0
2026-01-29 00:00:00-03:00,15929.73247212466,15929.73247212466,14169.762029504485,14769.751953125,7665,0.0,0.0
2026-01-30 00:00:00-03:00,15129.746567803188,15129.746567803188,15009.748577840439,15099.7470703125,16,0.0,0.0
2026-02-02 00:00:00-03:00,15179.74598133993,15289.744140625,15179.74598133993,15289.744140625,4,0.0,0.0
2026-02-03 00:00:00-03:00,15589.739566167604,15869.734888715835,15549.740234375,15549.740234375,1227,0.0,0.0
2026-02-04 00:00:00-03:00,16199.727883118327,16889.716292954847,16199.727883118327,16859.716796875,1234,0.0,0.0
2026-02-05 00:00:00-03:00,16639.721205758848,16669.720703125,16319.726567186563,16669.720703125,13698,0.0,0.0
2026-02-06 00:00:00-03:00,16999.71595014451,17309.71077041185,16999.71595014451,17299.7109375,323,0.0,0.0
2026-02-09 00:00:00-03:00,17299.710105202415,17599.705078125,17299.710105202415,17599.705078125,919,0.0,0.0
2026-02-10 00:00:00-03:00,17569.70674717919,17699.704577408742,17569.70674717919,17669.705078125,24,0.0,0.0
2026-02-11 00:00:00-03:00,17789.70206578856,18099.69687413001,17789.70206578856,17959.69921875,549,0.0,0.0
2026-02-12 00:00:00-03:00,18289.69346895627,18289.69346895627,17889.70017275165,18179.6953125,519,0.0,0.0
2026-02-13 00:00:00-03:00,18019.697265625,18139.69524963582,17919.698945615983,18019.697265625,406,0.0,0.0
2026-02-18 00:00:00-03:00,18239.69470062429,18239.69470062429,17619.705078125,17619.705078125,2585,0.0,0.0
2026-02-19 00:00:00-03:00,17559.70695068503,17559.70695068503,16969.716796875,16969.716796875,147,0.0,0.0
2026-02-20 00:00:00-03:00,16969.71646271202,16969.71646271202,16949.716796875,16949.716796875,14,0.0,0.0
2026-02-23 00:00:00-03:00,15819.842414101611,15979.8408203125,15779.84281254889,15979.8408203125,1244,170.83594,0.0
2026-02-24 00:00:00-03:00,16129.839045463397,16309.837249318536,15949.840841608257,16049.83984375,6040,0.0,0.0
2026-02-25 00:00:00-03:00,15759.842891539336,15759.842891539336,15219.848274697253,15379.8466796875,25,0.0,0.0
2026-02-26 00:00:00-03:00,15559.845259626029,16209.838795535856,15559.845259626029,15809.8427734375,87,0.0,0.0
2026-02-27 00:00:00-03:00,16109.839790011267,16109.839790011267,15719.84366846537,15809.8427734375,145,0.0,0.0
2026-03-02 00:00:00-03:00,15539.844926142754,15559.8447265625,15489.845425093388,15559.8447265625,301,0.0,0.0
2026-03-03 00:00:00-03:00,15079.850366760451,15549.845703125,15079.850366760451,15549.845703125,32,0.0,0.0
2026-03-04 00:00:00-03:00,15549.845703125,15549.845703125,15549.845703125,15549.845703125,0,0.0,0.0
2026-03-05 00:00:00-03:00,15549.845703125,15549.845703125,15549.845703125,15549.845703125,0,0.0,0.0
2026-03-06 00:00:00-03:00,14699.853515625,14719.853316326531,14699.853515625,14699.853515625,58,0.0,0.0
2026-03-09 00:00:00-03:00,14299.857984639832,14299.857984639832,13729.86364539195,14159.859375,389,0.0,0.0
2026-03-10 00:00:00-03:00,14149.859016039918,14509.85542916885,14149.859016039918,14309.857421875,457,0.0,0.0
2026-03-11 00:00:00-03:00,14139.859055752588,14139.859055752588,14009.8603515625,14009.8603515625,26,0.0,0.0
2026-03-12 00:00:00-03:00,14009.86007412997,14009.86007412997,13199.8681640625,13199.8681640625,6910,0.0,0.0
2026-03-13 00:00:00-03:00,13629.864555928578,13849.862369744007,13519.865649020865,13659.8642578125,87,0.0,0.0
2026-03-16 00:00:00-03:00,13779.862901632496,13859.862105705835,13669.863996031656,13839.8623046875,359,0.0,0.0
2026-03-17 00:00:00-03:00,13879.861606738776,13879.861606738776,13809.8623046875,13809.8623046875,7,0.0,0.0
2026-03-18 00:00:00-03:00,13429.8667595598,13509.865965871399,13189.869140625,13189.869140625,199,0.0,0.0
2026-03-19 00:00:00-03:00,12959.871224165343,12959.871224165343,12399.87678855326,12579.875,118,0.0,0.0
2026-03-20 00:00:00-03:00,12579.874965291801,12589.874865900141,12379.876953125,12379.876953125,5,0.0,0.0
2026-03-23 00:00:00-03:00,13089.869439846132,13119.869140625,13089.869439846132,13119.869140625,90,0.0,0.0
2026-03-25 00:00:00-03:00,13119.869240289414,13169.868741967346,13119.869240289414,13129.869140625,8,0.0,0.0
2026-03-26 00:00:00-03:00,13239.868125119825,13239.868125119825,12989.87061520442,13039.8701171875,5,0.0,0.0
2026-03-27 00:00:00-03:00,13219.868324326591,13219.868324326591,13039.8701171875,13039.8701171875,327,0.0,0.0
2026-03-30 00:00:00-03:00,13009.870216943884,13019.8701171875,12969.870615969423,13019.8701171875,274,0.0,0.0
2026-03-31 00:00:00-03:00,13039.869762073862,13229.86786443537,12969.870461203835,13199.8681640625,2457,0.0,0.0
2026-04-01 00:00:00-03:00,13169.869140625,13269.868147007877,13169.869140625,13169.869140625,159,0.0,0.0
2026-04-06 00:00:00-03:00,12949.870894359048,13079.869598317866,12919.871193445475,12929.87109375,30,0.0,0.0
2026-04-07 00:00:00-03:00,12869.872169636792,12879.8720703125,12819.87266625825,12879.8720703125,512,0.0,0.0
2026-04-08 00:00:00-03:00,13499.86525591682,13619.864058191637,13499.86525591682,13599.8642578125,372,0.0,0.0
2026-04-09 00:00:00-03:00,13569.864756131838,13659.86385915703,13499.86545377891,13619.8642578125,53,0.0,0.0
2026-04-10 00:00:00-03:00,13719.863118125466,13719.863118125466,13409.8662109375,13409.8662109375,291,0.0,0.0
2026-04-13 00:00:00-03:00,13149.869470525038,13379.8671875,13119.869768310911,13379.8671875,11,0.0,0.0
2026-04-14 00:00:00-03:00,13369.86682805571,13529.865234375,13369.86682805571,13529.865234375,44,0.0,0.0
2026-04-15 00:00:00-03:00,13299.867165305397,13299.867165305397,13189.86826393821,13199.8681640625,14,0.0,0.0
2026-04-16 00:00:00-03:00,13149.868741359172,13229.867942827517,13109.869140625,13109.869140625,8,0.0,0.0
2026-04-17 00:00:00-03:00,13659.864140336715,13659.864140336715,13549.865234375,13549.865234375,37,0.0,0.0
2026-04-20 00:00:00-03:00,13659.86395904026,13659.86395904026,13629.8642578125,13629.8642578125,6,0.0,0.0
2026-04-21 00:00:00-03:00,13569.865045194056,13569.865045194056,13059.8701171875,13059.8701171875,56,0.0,0.0
2026-04-22 00:00:00-03:00,12579.87492944376,12579.87492944376,12169.879005670156,12179.87890625,3801,0.0,0.0
2026-04-23 00:00:00-03:00,12469.876158633475,12469.876158633475,12389.876953125,12389.876953125,55,0.0,0.0
2026-04-24 00:00:00-03:00,12329.877615906762,12359.877318135246,12189.879005507171,12199.87890625,5359,0.0,0.0
2026-04-27 00:00:00-03:00,12299.877273670052,12509.875178342469,12179.8784710001,12429.8759765625,1248,0.0,0.0
2026-04-28 00:00:00-03:00,12499.87592540559,12809.87284835565,12209.87880393618,12789.873046875,51,0.0,0.0
2026-04-29 00:00:00-03:00,12609.87400079936,12609.87400079936,12489.875199840128,12509.875,259,0.0,0.0
2026-04-30 00:00:00-03:00,11299.887140447443,11669.883445046164,11279.887340198864,11439.8857421875,4112,0.0,0.0
2026-05-01 00:00:00-03:00,11439.8857421875,11439.8857421875,11439.8857421875,11439.8857421875,0,0.0,0.0
2026-05-04 00:00:00-03:00,12159.87880574614,12339.87701175225,11649.883888728828,11659.8837890625,2826,0.0,0.0
2026-05-05 00:00:00-03:00,11899.881136741864,11959.880537431318,11789.882235477864,11829.8818359375,71,0.0,0.0
2026-05-06 00:00:00-03:00,12179.878548546394,12399.876354841977,12179.878548546394,12339.876953125,596,0.0,0.0
2026-05-07 00:00:00-03:00,12379.877035763324,12479.876042514239,12289.8779296875,12289.8779296875,368,0.0,0.0
2026-05-08 00:00:00-03:00,12409.876355326418,12409.876355326418,12309.87735165739,12349.876953125,153,0.0,0.0
2026-05-11 00:00:00-03:00,12159.879087334437,12189.878789030163,12079.8798828125,12079.8798828125,28,0.0,0.0
2026-05-12 00:00:00-03:00,12059.879583268392,12059.879583268392,12029.8798828125,12029.8798828125,31,0.0,0.0
2026-05-13 00:00:00-03:00,12119.879347225147,12239.87815264322,11869.8818359375,11869.8818359375,351,0.0,0.0
2026-05-14 00:00:00-03:00,11829.882497829862,11829.882497829862,11699.8837890625,11699.8837890625,20,0.0,0.0
2026-05-15 00:00:00-03:00,11439.886286272322,11439.886286272322,11199.888671875,11199.888671875,552,0.0,0.0
2026-05-18 00:00:00-03:00,11339.887314967105,11509.885625685307,11339.887314967105,11399.88671875,1526,0.0,0.0
2026-05-19 00:00:00-03:00,11029.890326704546,11099.889630681819,10969.890923295456,10999.890625,3709,0.0,0.0
2026-05-20 00:00:00-03:00,11229.888327655843,11489.8857421875,11229.888327655843,11489.8857421875,1019,0.0,0.0
2026-05-21 00:00:00-03:00,11319.886983864906,11799.882191661298,11319.886983864906,11639.8837890625,3301,0.0,0.0
2026-05-22 00:00:00-03:00,11480.0,11660.0,11480.0,11660.0,746,170.83594,0.0
2026-05-26 00:00:00-03:00,11800.0,11930.0,11800.0,11930.0,33,0.0,0.0
2026-05-27 00:00:00-03:00,11920.0,12060.0,11920.0,12020.0,75,0.0,0.0
2026-05-28 00:00:00-03:00,11780.0,12430.0,11780.0,12320.0,123,0.0,0.0
2026-05-29 00:00:00-03:00,12180.0,12520.0,12180.0,12430.0,221,0.0,0.0
2026-06-01 00:00:00-03:00,12070.0,12550.0,12070.0,12550.0,113,0.0,0.0
2026-06-02 00:00:00-03:00,12510.0,12770.0,12510.0,12650.0,326,0.0,0.0
2026-06-03 00:00:00-03:00,12610.0,12730.0,12570.0,12670.0,1859,0.0,0.0
2026-06-04 00:00:00-03:00,13000.0,13010.0,12660.0,12700.0,44,0.0,0.0
2026-06-05 00:00:00-03:00,12770.0,12770.0,12600.0,12660.0,126,0.0,0.0
2026-06-08 00:00:00-03:00,12560.0,12560.0,12500.0,12500.0,2,0.0,0.0
2026-06-09 00:00:00-03:00,12720.0,12850.0,12720.0,12820.0,289,0.0,0.0
2026-06-10 00:00:00-03:00,12710.0,12710.0,12060.0,12060.0,252,0.0,0.0
2026-06-11 00:00:00-03:00,12130.0,13180.0,12000.0,13180.0,4235,0.0,0.0
2026-06-12 00:00:00-03:00,13200.0,13580.0,13180.0,13550.0,8769,0.0,0.0
2026-06-15 00:00:00-03:00,13550.0,13550.0,13550.0,13550.0,0,0.0,0.0
2026-06-16 00:00:00-03:00,13650.0,13650.0,13460.0,13580.0,127,0.0,0.0
2026-06-17 00:00:00-03:00,13720.0,13940.0,13550.0,13550.0,231,0.0,0.0
2026-06-18 00:00:00-03:00,13550.0,14230.0,13550.0,13950.0,497,0.0,0.0
2026-06-19 00:00:00-03:00,13690.0,13690.0,13540.0,13540.0,7,0.0,0.0
2026-06-22 00:00:00-03:00,14050.0,14260.0,14050.0,14060.0,401,0.0,0.0
2026-06-23 00:00:00-03:00,13950.0,14280.0,13950.0,14200.0,2020,0.0,0.0
2026-06-24 00:00:00-03:00,14500.0,14970.0,14500.0,14870.0,377,0.0,0.0
2026-06-25 00:00:00-03:00,15060.0,15390.0,15030.0,15030.0,689,0.0,0.0
2026-06-26 00:00:00-03:00,14980.0,14980.0,14840.0,14890.0,363,0.0,0.0
2026-06-29 00:00:00-03:00,14660.0,14760.0,14540.0,14760.0,7662,0.0,0.0
2026-06-30 00:00:00-03:00,14670.0,14850.0,14590.0,14840.0,61,0.0,0.0
2026-07-01 00:00:00-03:00,15040.0,15290.0,15040.0,15170.0,42,0.0,0.0
2026-07-02 00:00:00-03:00,14960.0,14960.0,14960.0,14960.0,210,0.0,0.0
2026-07-03 00:00:00-03:00,14960.0,14960.0,14960.0,14960.0,0,0.0,0.0
2026-07-06 00:00:00-03:00,14960.0,14960.0,14960.0,14960.0,0,0.0,0.0
2026-07-07 00:00:00-03:00,14950.0,14950.0,14950.0,14950.0,10,0.0,0.0
2026-07-08 00:00:00-03:00,14220.0,14460.0,14210.0,14410.0,145,0.0,0.0
2026-07-10 00:00:00-03:00,14890.0,14990.0,14890.0,14980.0,341,0.0,0.0
2026-07-13 00:00:00-03:00,14920.0,14920.0,14420.0,14420.0,84,0.0,0.0
2026-07-14 00:00:00-03:00,14050.0,14050.0,14050.0,14050.0,1108,0.0,0.0
2026-07-15 00:00:00-03:00,14480.0,14540.0,14340.0,14430.0,1475,0.0,0.0
2026-07-16 00:00:00-03:00,14430.0,14430.0,14430.0,14430.0,0,0.0,0.0
2026-07-17 00:00:00-03:00,15080.0,15090.0,14750.0,14750.0,238,0.0,0.0
2026-07-20 00:00:00-03:00,14900.0,14900.0,14270.0,14270.0,159,0.0,0.0
2026-07-21 00:00:00-03:00,,,,,2,0.0,0.0
