Date,Open,High,Low,Close,Volume,Dividends,Stock Splits
2017-05-12 00:00:00-04:00,19.658604600940638,19.704859435374615,18.751996435767612,19.519838333129883,10933700,0.0,0.0
2017-05-15 00:00:00-04:00,19.436571720595783,20.629963342148248,19.436571720595783,20.370933532714844,3487300,0.0,0.0
2017-05-16 00:00:00-04:00,20.52820830616531,20.731732038615103,20.398691599598397,20.444948196411133,1289300,0.0,0.0
2017-05-17 00:00:00-04:00,20.49120302871512,20.82424346773183,20.047150286365344,20.444948196411133,1583700,0.0,0.0
2017-05-18 00:00:00-04:00,20.52820717096943,21.860365324351328,20.333933004116666,20.814990997314453,4075200,0.0,0.0
2017-05-19 00:00:00-04:00,20.87049327334842,21.730846357251842,20.64846695564888,21.018510818481445,1248600,0.0,0.0
2017-05-22 00:00:00-04:00,21.09251925427985,21.360802153367693,20.833489436686943,21.175779342651367,383100,0.0,0.0
2017-05-23 00:00:00-04:00,21.26829766632755,21.841867154516695,20.953759844499448,21.693849563598633,704000,0.0,0.0
2017-05-24 00:00:00-04:00,21.777105132372046,21.826135530056103,21.286795862005988,21.601333618164062,408800,0.0,0.0
2017-05-25 00:00:00-04:00,21.666092216616985,22.036136136064314,20.639218796205633,20.824241638183594,1080700,0.0,0.0
2017-05-26 00:00:00-04:00,20.861241552891624,21.499568306754366,20.68084528353022,21.305295944213867,721100,0.0,0.0
2017-05-30 00:00:00-04:00,21.277547556973207,21.545830525307938,20.898252285161778,21.231292724609375,843100,0.0,0.0
2017-05-31 00:00:00-04:00,21.249791136875963,21.444065292214958,20.972258645830028,21.212787628173828,484400,0.0,0.0
2017-06-01 00:00:00-04:00,21.194284991568487,21.67996773315315,21.101773573050323,21.212787628173828,486400,0.0,0.0
2017-06-02 00:00:00-04:00,21.175788464237055,21.3700626756247,20.9075072140939,20.95376205444336,546600,0.0,0.0
2017-06-05 00:00:00-04:00,20.916752271416396,21.194284759422455,20.27842543159223,20.935253143310547,422200,0.0,0.0
2017-06-06 00:00:00-04:00,20.19516616994923,21.009262795840574,20.19516616994923,20.620718002319336,1089500,0.0,0.0
2017-06-07 00:00:00-04:00,20.7224775664264,21.08327190863761,19.954635821245923,20.130407333374023,733500,0.0,0.0
2017-06-08 00:00:00-04:00,20.121155976630792,20.287676170482886,19.991641054527378,20.028644561767578,432600,0.0,0.0
2017-06-09 00:00:00-04:00,20.05639747287904,21.11102295976937,20.05639747287904,20.805736541748047,565900,0.0,0.0
2017-06-12 00:00:00-04:00,20.77798146480047,21.814106025207987,20.25066874989536,21.305295944213867,826200,0.0,0.0
2017-06-13 00:00:00-04:00,21.26829673459294,22.424685215798576,21.092525191387224,21.730852127075195,927300,0.0,0.0
2017-06-14 00:00:00-04:00,21.804858531220816,21.93437346228854,20.861245210419575,21.50882339477539,1988500,0.0,0.0
2017-06-15 00:00:00-04:00,21.35155539423073,22.71146752041455,21.06477156445904,21.268295288085938,1510300,0.0,0.0
2017-06-16 00:00:00-04:00,21.277546814763674,22.202657545840356,21.277546814763674,22.12864875793457,2465600,0.0,0.0
2017-06-19 00:00:00-04:00,22.258163695642523,22.39692995240229,21.777107456509253,22.12864875793457,460200,0.0,0.0
2017-06-20 00:00:00-04:00,21.943622748600504,21.943622748600504,20.546705533926374,20.926002502441406,1043700,0.0,0.0
2017-06-21 00:00:00-04:00,20.85199802423544,21.041645665338343,19.085034794472612,19.16829490661621,1275400,0.0,0.0
2017-06-22 00:00:00-04:00,19.168290404811835,19.492079457714098,18.418951336015674,19.48282814025879,1321900,0.0,0.0
2017-06-23 00:00:00-04:00,19.455082718771077,19.52446497705408,18.724244266195594,18.93701934814453,3690400,0.0,0.0
2017-06-26 00:00:00-04:00,18.89076057793136,19.47357954295947,18.576222798548372,18.96476936340332,790800,0.0,0.0
2017-06-27 00:00:00-04:00,19.02027228634478,20.010140285883157,18.890757374856268,19.69560432434082,1029100,0.0,0.0
2017-06-28 00:00:00-04:00,19.686352452172038,20.019391038683363,19.55683577982648,19.677101135253906,737600,0.0,0.0
2017-06-29 00:00:00-04:00,19.732611409183956,19.92688557617761,19.464330220346287,19.825122833251953,796200,0.0,0.0
2017-06-30 00:00:00-04:00,19.92688643535254,20.111907526957317,19.649352151182285,19.99164390563965,250800,0.0,0.0
2017-07-03 00:00:00-04:00,20.1211613755245,20.722483086718846,19.788120898459162,20.666976928710938,396500,0.0,0.0
2017-07-05 00:00:00-04:00,20.703974529832283,20.731728483160172,20.13040694379017,20.1859130859375,765800,0.0,0.0
2017-07-06 00:00:00-04:00,19.991646435569475,19.991646435569475,19.33019202334386,19.399574279785156,1184400,0.0,0.0
2017-07-07 00:00:00-04:00,19.418074960679295,19.630850015503846,19.038779683989006,19.122039794921875,953900,0.0,0.0
2017-07-10 00:00:00-04:00,19.08503371051705,19.871378189151496,19.011024922204907,19.741863250732422,826900,0.0,0.0
2017-07-11 00:00:00-04:00,19.640098189867576,20.167410964993664,19.445825805140487,20.10265350341797,656100,0.0,0.0
2017-07-12 00:00:00-04:00,20.148910890975873,20.66697236859491,20.102654299084897,20.472698211669922,1091800,0.0,0.0
2017-07-13 00:00:00-04:00,20.454198412555144,20.59296466649135,20.22292073449191,20.407941818237305,1577700,0.0,0.0
2017-07-14 00:00:00-04:00,20.47269792671419,20.620717254196506,20.343183000239268,20.426443099975586,211300,0.0,0.0
2017-07-17 00:00:00-04:00,20.407939673148253,21.388558195509276,20.281200323507186,21.24979019165039,1357100,0.0,0.0
2017-07-18 00:00:00-04:00,21.120278134088085,21.471819439078498,21.101775495796826,21.314552307128906,962700,0.0,0.0
2017-07-19 00:00:00-04:00,21.305299323004693,21.666091918945312,21.277545367736735,21.666091918945312,742400,0.0,0.0
2017-07-20 00:00:00-04:00,21.656842936767166,21.851117115583182,21.277547663064546,21.786357879638672,454400,0.0,0.0
2017-07-21 00:00:00-04:00,21.684598323266005,21.91587603048874,21.111028832969723,21.286800384521484,1163200,0.0,0.0
2017-07-24 00:00:00-04:00,21.2127957870122,21.416319574424378,21.0092702350908,21.407068252563477,724400,0.0,0.0
2017-07-25 00:00:00-04:00,21.53658065268458,21.795610554536758,21.26829766632755,21.693849563598633,1832300,0.0,0.0
2017-07-26 00:00:00-04:00,21.832611802409794,21.832611802409794,20.944504656410786,21.111024856567383,781200,0.0,0.0
2017-07-27 00:00:00-04:00,21.101771785092044,21.50882093337745,21.04164086798241,21.490318298339844,314200,0.0,0.0
2017-07-28 00:00:00-04:00,21.351558006078704,21.481072958365335,21.166535133233044,21.360809326171875,260800,0.0,0.0
2017-07-31 00:00:00-04:00,21.49031984827859,21.49031984827859,21.194284724359605,21.24053955078125,536900,0.0,0.0
2017-08-01 00:00:00-04:00,21.27754635281033,21.27754635281033,20.713228254462592,20.814990997314453,998200,0.0,0.0
2017-08-02 00:00:00-04:00,20.814992986226823,21.397812013457294,20.814992986226823,21.296051025390625,1444100,0.0,0.0
2017-08-03 00:00:00-04:00,22.045386826393887,22.19988013630424,21.240539780586392,21.51807403564453,2650300,0.0,0.0
2017-08-04 00:00:00-04:00,21.703094146764748,22.276663503545397,21.545827036390488,22.267412185668945,809600,0.0,0.0
2017-08-07 00:00:00-04:00,22.285916999805217,22.517194675797793,21.962127900513885,22.239662170410156,1039100,0.0,0.0
2017-08-08 00:00:00-04:00,22.2581642823687,22.470941097151744,21.952877803646377,22.322921752929688,626700,0.0,0.0
2017-08-09 00:00:00-04:00,22.23966413851288,22.261865188140977,21.721600827997197,21.83261489868164,296800,0.0,0.0
2017-08-10 00:00:00-04:00,21.638339286166534,21.638339286166534,20.833493943799553,20.963008880615234,1247900,0.0,0.0
2017-08-11 00:00:00-04:00,20.611466249293464,21.194285191799477,20.611466249293464,20.981510162353516,605300,0.0,0.0
2017-08-14 00:00:00-04:00,21.175781147708864,21.453315387440817,20.500450830692127,20.89824867248535,970300,0.0,0.0
2017-08-15 00:00:00-04:00,20.990758895874023,21.092519856616516,20.861242218870682,20.990758895874023,1061900,0.0,0.0
2017-08-16 00:00:00-04:00,21.09252520395567,21.157284441129157,20.89825278596158,21.0462703704834,536300,0.0,0.0
2017-08-17 00:00:00-04:00,20.907500897363043,21.101773285546603,20.333931521971948,20.352434158325195,417900,0.0,0.0
2017-08-18 00:00:00-04:00,20.269174183477705,20.518954482251964,20.13040793899485,20.32468032836914,506400,0.0,0.0
2017-08-21 00:00:00-04:00,20.963010471160413,21.18503685019416,20.47732765674229,20.71323013305664,714000,0.0,0.0
2017-08-22 00:00:00-04:00,20.833495185934737,21.138781672708262,20.722481115967643,21.074024200439453,245100,0.0,0.0
2017-08-23 00:00:00-04:00,20.88899828225458,21.337677509480343,20.88899828225458,21.24053955078125,612400,0.0,0.0
2017-08-24 00:00:00-04:00,21.25904514601605,21.25904514601605,20.939882564464757,21.000015258789062,230300,0.0,0.0
2017-08-25 00:00:00-04:00,21.11102517406035,21.31455065042752,21.00926243587677,21.259042739868164,572300,0.0,0.0
2017-08-28 00:00:00-04:00,21.342305028086074,21.342305028086074,21.04164508870366,21.231292724609375,355200,0.0,0.0
2017-08-29 00:00:00-04:00,21.101775899329787,21.444067656228984,20.981512277154188,21.333053588867188,262200,0.0,0.0
2017-08-30 00:00:00-04:00,21.23129305324222,21.564331733336076,21.17578513613593,21.55508041381836,368500,0.0,0.0
2017-08-31 00:00:00-04:00,21.712349487893796,22.04538993512383,21.545831028787568,21.730852127075195,382200,0.0,0.0
2017-09-01 00:00:00-04:00,21.925125122070312,22.156402805786207,21.897371164801275,21.925125122070312,465500,0.0,0.0
2017-09-05 00:00:00-04:00,21.999136162485865,22.08239627830821,21.222042924483244,21.38856315612793,450300,0.0,0.0
2017-09-06 00:00:00-04:00,21.573579663970644,21.73084854204968,21.20353576393423,21.601333618164062,400600,0.0,0.0
2017-09-07 00:00:00-04:00,21.675345320953085,21.906623010225722,21.444067631680443,21.84186553955078,247300,0.0,0.0
2017-09-08 00:00:00-04:00,21.76785583294477,22.13789976729712,21.740101876177594,21.98063087463379,404100,0.0,0.0
2017-09-11 00:00:00-04:00,22.156400930469772,22.572699667217666,22.054638193605186,22.100893020629883,386700,0.0,0.0
2017-09-12 00:00:00-04:00,22.25816329609502,23.17402269167966,22.08239353079188,22.69296646118164,655500,0.0,0.0
2017-09-13 00:00:00-04:00,22.739219150421988,22.942742853222548,22.68371300684156,22.822479248046875,331100,0.0,0.0
2017-09-14 00:00:00-04:00,22.83173443045495,23.19252707155655,22.729971679576536,23.10001564025879,480400,0.0,0.0
2017-09-15 00:00:00-04:00,23.127768943377518,23.275786523454432,22.905742573262142,23.211029052734375,517200,0.0,0.0
2017-09-18 00:00:00-04:00,23.28503571498931,24.05287750316381,23.28503571498931,23.849353790283203,703900,0.0,0.0
2017-09-19 00:00:00-04:00,23.95111572851746,24.21939868150774,23.664331902345054,23.8863582611084,421300,0.0,0.0
2017-09-20 00:00:00-04:00,23.923360048768743,24.089880234691893,23.710583275362282,24.034372329711914,561000,0.0,0.0
2017-09-21 00:00:00-04:00,24.080632300382714,24.136138448652584,23.84935462399816,23.914112091064453,432800,0.0,0.0
2017-09-22 00:00:00-04:00,23.941864925518644,24.330411502853202,23.775346476239847,24.31191062927246,269600,0.0,0.0
2017-09-25 00:00:00-04:00,24.348907644251252,24.658820573778875,24.29340150930161,24.422916412353516,485600,0.0,0.0
2017-09-26 00:00:00-04:00,24.52468347985647,24.7374585053245,24.237899673160058,24.33966064453125,660800,0.0,0.0
2017-09-27 00:00:00-04:00,24.422923229988236,25.0519988167174,24.247151694988332,25.042747497558594,557800,0.0,0.0
2017-09-28 00:00:00-04:00,25.024243970526875,25.431293176514817,25.024243970526875,25.283275604248047,694400,0.0,0.0
2017-09-29 00:00:00-04:00,25.36653589304057,25.57931093415243,25.283275787473553,25.459047317504883,298400,0.0,0.0
2017-10-02 00:00:00-04:00,25.403541036543654,25.755084119196354,25.18151466226716,25.486801147460938,473700,0.0,0.0
2017-10-03 00:00:00-04:00,25.85684123274519,25.85684123274519,25.505298226722893,25.56080436706543,400200,0.0,0.0
2017-10-04 00:00:00-04:00,25.44054257224943,25.533053989050224,24.802215737283333,24.876224517822266,665700,0.0,0.0
2017-10-05 00:00:00-04:00,24.903981731555586,25.13525942157207,24.737461512422314,24.78371810913086,417900,0.0,0.0
2017-10-06 00:00:00-04:00,24.617195807084325,24.829970840414045,24.515433067444636,24.60794448852539,414100,0.0,0.0
2017-10-09 00:00:00-04:00,24.60794535003964,24.83922302858417,24.262878037294215,24.774465560913086,372900,0.0,0.0
2017-10-10 00:00:00-04:00,24.83921843000067,25.246267562942837,24.77446097431839,24.885473251342773,257500,0.0,0.0
2017-10-11 00:00:00-04:00,24.866973467167192,24.9687362031935,24.765212495649415,24.848472595214844,273900,0.0,0.0
2017-10-12 00:00:00-04:00,24.700454766860126,24.959484616492126,24.607943350059333,24.876224517822266,269600,0.0,0.0
2017-10-13 00:00:00-04:00,25.079750830723547,25.218517078335005,24.543186712652954,24.940982818603516,379600,0.0,0.0
2017-10-16 00:00:00-04:00,24.977989040964278,25.070500464388097,24.811468831703134,24.903980255126953,399200,0.0,0.0
2017-10-17 00:00:00-04:00,24.885478448497473,25.18151360173176,24.774466148288962,24.968738555908203,545300,0.0,0.0
2017-10-18 00:00:00-04:00,24.9039787042827,25.26477129220847,24.617194897585513,24.7467098236084,566400,0.0,0.0
2017-10-19 00:00:00-04:00,24.487684382654905,24.663455944091684,24.145394344840568,24.385923385620117,495500,0.0,0.0
2017-10-20 00:00:00-04:00,24.50618309967596,24.802218251845073,24.42292299256481,24.58944320678711,796300,0.0,0.0
2017-10-23 00:00:00-04:00,24.589444816609937,24.6819562488465,24.237903491521568,24.44142723083496,467500,0.0,0.0
2017-10-24 00:00:00-04:00,24.54318702312144,24.746710737892226,24.44142428348175,24.60794448852539,608200,0.0,0.0
2017-10-25 00:00:00-04:00,24.459927468836334,24.765213930089402,24.302658578826655,24.626447677612305,527600,0.0,0.0
2017-10-26 00:00:00-04:00,26.347153524654154,27.263012948048463,25.523805528417682,26.92072296142578,2409000,0.0,0.0
2017-10-27 00:00:00-04:00,27.80882439296234,28.3638911108745,26.9669738805238,28.141864776611328,1434000,0.0,0.0
2017-10-30 00:00:00-04:00,28.15111876082837,28.15111876082837,26.64318733826495,26.939224243164062,1344900,0.0,0.0
2017-10-31 00:00:00-04:00,26.948473450510306,27.300016498580874,26.643186995348287,26.689443588256836,647600,0.0,0.0
2017-11-01 00:00:00-04:00,26.976226882093613,27.013232155701417,26.70794570647127,26.772703170776367,837500,0.0,0.0
2017-11-02 00:00:00-04:00,26.726445605533257,27.281512337877864,26.670939461651347,27.114992141723633,738300,0.0,0.0
2017-11-03 00:00:00-04:00,27.161245973875392,27.161245973875392,26.069615256169364,26.439659118652344,924900,0.0,0.0
2017-11-06 00:00:00-05:00,26.411910048969077,26.411910048969077,25.83834239723546,25.8660945892334,659100,0.0,0.0
2017-11-07 00:00:00-05:00,25.949355799045534,26.09737337769859,25.71807811183654,25.903100967407227,568300,0.0,0.0
2017-11-08 00:00:00-05:00,25.903097990835484,26.43966209292245,25.764331747357712,25.96785545349121,838500,0.0,0.0
2017-11-09 00:00:00-05:00,25.792086657455435,26.097373131106327,25.348033925692086,26.032615661621094,1080000,0.0,0.0
2017-11-10 00:00:00-05:00,26.09737767346503,26.680198529291975,26.069625475717373,26.606189727783203,792600,0.0,0.0
2017-11-13 00:00:00-05:00,26.43040747392717,27.300011863364837,25.995606161462483,27.207500457763672,883300,0.0,0.0
2017-11-14 00:00:00-05:00,26.42116425573877,26.717199432798882,26.060371604260364,26.513675689697266,1090100,0.0,0.0
2017-11-15 00:00:00-05:00,26.17137963974122,26.541423525691105,25.46829537418223,25.47754669189453,870400,0.0,0.0
2017-11-16 00:00:00-05:00,25.792084182168217,26.929971624307292,25.542305647340722,26.7264461517334,7596800,0.0,0.0
2017-11-17 00:00:00-05:00,26.828210277289777,27.96609601384448,26.569178646285945,27.799575805664062,2588000,0.0,0.0
2017-11-20 00:00:00-05:00,27.947591623569654,28.622923732669268,27.57754771999292,28.28063201904297,2904300,0.0,0.0
2017-11-21 00:00:00-05:00,28.502658683897025,28.76076569911455,27.956843258250913,28.42864990234375,1687000,0.0,0.0
2017-11-22 00:00:00-05:00,28.72468674267258,29.49252855879868,28.498035607612987,28.659929275512695,1223000,0.0,0.0
2017-11-24 00:00:00-05:00,28.798693933167584,29.154861747323555,28.669179006023064,28.807945251464844,391800,0.0,0.0
2017-11-27 00:00:00-05:00,28.983717406578158,29.214995075562825,28.881954667582157,29.103981018066406,1307800,0.0,0.0
2017-11-28 00:00:00-05:00,29.224247158019747,29.326009899675945,28.789445764185437,28.891206741333008,965700,0.0,0.0
2017-11-29 00:00:00-05:00,28.780192384523367,29.214993747222,28.706183604393633,28.817195892333984,892800,0.0,0.0
2017-11-30 00:00:00-05:00,29.085479082028822,30.075345422257595,29.039222491218165,29.98283576965332,2112800,0.0,0.0
2017-12-01 00:00:00-05:00,30.11235087418037,30.29737370950749,29.20574286299624,29.67755126953125,2144300,0.0,0.0
2017-12-04 00:00:00-05:00,30.010585968524655,30.29737151899786,28.928208282995392,29.094728469848633,785800,0.0,0.0
2017-12-05 00:00:00-05:00,29.214998860055694,29.372267765918128,28.770946101564874,28.826452255249023,630900,0.0,0.0
2017-12-06 00:00:00-05:00,28.696932923157945,29.18724044070769,28.67935488906372,29.113231658935547,463600,0.0,0.0
2017-12-07 00:00:00-05:00,29.289003523461755,29.81631632038343,29.270500886672927,29.770061492919922,845800,0.0,0.0
2017-12-08 00:00:00-05:00,29.973591932373996,30.06610160262113,29.48328256332345,29.90883445739746,637600,0.0,0.0
2017-12-11 00:00:00-05:00,29.92732938875784,30.066097403766726,29.566536784555392,29.63129425048828,331100,0.0,0.0
2017-12-12 00:00:00-05:00,29.649794594388478,29.80336329572736,29.28900201809282,29.307504653930664,435100,0.0,0.0
2017-12-13 00:00:00-05:00,29.35376237988778,29.54803654636728,29.242750082906905,29.446273803710938,1003100,0.0,0.0
2017-12-14 00:00:00-05:00,29.446270213656735,29.594287767924207,29.289001341683992,29.316755294799805,467500,0.0,0.0
2017-12-15 00:00:00-05:00,29.566534804370026,30.436141052686015,29.511028660789098,30.167858123779297,1606700,0.0,0.0
2017-12-18 00:00:00-05:00,30.34362410444751,31.055959622560383,30.34362410444751,30.880189895629883,947600,0.0,0.0
2017-12-19 00:00:00-05:00,30.87094305603169,31.10222073092049,30.676670656089243,30.79693603515625,977500,0.0,0.0
2017-12-20 00:00:00-05:00,30.89870751019923,31.592540730975994,30.565666999583463,31.463022232055664,645000,0.0,0.0
2017-12-21 00:00:00-05:00,31.555527350730994,31.97182788220845,31.32702347743667,31.8515625,333700,0.0,0.0
2017-12-22 00:00:00-05:00,31.85155943104157,32.03195572246405,31.472264212022893,31.638784408569336,323400,0.0,0.0
2017-12-26 00:00:00-05:00,31.860809198617044,31.860809198617044,31.277992035806932,31.48151397705078,148700,0.0,0.0
2017-12-27 00:00:00-05:00,31.527778352857663,31.74980297279739,31.435265153701355,31.555530548095703,311200,0.0,0.0
2017-12-28 00:00:00-05:00,31.69428954017858,31.69428954017858,31.11147236745279,31.426010131835938,282500,0.0,0.0
2017-12-29 00:00:00-05:00,31.555522030831064,31.860806683102133,31.379748764386527,31.389001846313477,442300,0.0,0.0
2018-01-02 00:00:00-05:00,31.629536688904444,31.703547246148137,30.907951400866487,31.185483932495117,814700,0.0,0.0
2018-01-03 00:00:00-05:00,31.185479633339014,31.518520036988253,31.009709877642855,31.370502471923828,806600,0.0,0.0
2018-01-04 00:00:00-05:00,31.51852798461914,32.018088716060944,31.453770504137943,31.51852798461914,488400,0.0,0.0
2018-01-05 00:00:00-05:00,31.222486150329992,32.18460212607467,31.222486150329992,31.962574005126953,416900,0.0,0.0
2018-01-08 00:00:00-05:00,32.045832038660336,32.526889995448315,31.925566667209083,32.29561233520508,573600,0.0,0.0
2018-01-09 00:00:00-05:00,32.46213150024414,32.75816661361691,32.34186613261866,32.46213150024414,418800,0.0,0.0
2018-01-10 00:00:00-05:00,32.34186480682026,32.656402543012014,31.722042416422354,31.870059967041016,424900,0.0,0.0
2018-01-11 00:00:00-05:00,32.10134129475159,32.31411632762279,31.976449376729406,32.2771110534668,248100,0.0,0.0
2018-01-12 00:00:00-05:00,32.37887398441692,32.41587925879181,31.962573470242404,31.971826553344727,542100,0.0,0.0
2018-01-16 00:00:00-05:00,32.1938496541584,33.37799367632536,32.1938496541584,32.47138214111328,974600,0.0,0.0
2018-01-17 00:00:00-05:00,32.711915047333356,32.9894475526387,32.24935969548535,32.34186935424805,868400,0.0,0.0
2018-01-18 00:00:00-05:00,32.33262230008901,32.647160104827876,32.008831411348005,32.563899993896484,443100,0.0,0.0
2018-01-19 00:00:00-05:00,32.388122289388974,33.25772855857478,32.388122289388974,33.22997283935547,518500,0.0,0.0
2018-01-22 00:00:00-05:00,33.2114721930168,33.52600994046381,32.96169190571915,33.47975158691406,660400,0.0,0.0
2018-01-23 00:00:00-05:00,34.77491528363794,35.15421057233665,33.646278972819374,33.94231414794922,927900,0.0,0.0
2018-01-24 00:00:00-05:00,34.071827587655406,34.22817010475767,33.47050424200232,33.55376434326172,435900,0.0,0.0
2018-01-25 00:00:00-05:00,33.683281102553785,33.75729165392504,32.859933128143936,33.248477935791016,660400,0.0,0.0
2018-01-26 00:00:00-05:00,33.48901176968772,33.62777627270759,33.072711202592814,33.563018798828125,229500,0.0,0.0
2018-01-29 00:00:00-05:00,33.415000400807976,33.69253292913181,33.13746787248414,33.52601623535156,414500,0.0,0.0
2018-01-30 00:00:00-05:00,33.44275820837141,33.44275820837141,31.87006907782375,32.813682556152344,795800,0.0,0.0
2018-01-31 00:00:00-05:00,33.07270954082432,33.10971481804398,31.920947637247778,31.990331649780273,756200,0.0,0.0
2018-02-01 00:00:00-05:00,32.47138649802386,32.628657163444515,31.42601387259502,32.4158821105957,680900,0.0,0.0
2018-02-02 00:00:00-05:00,32.02732916238666,32.037506847432184,31.48151374714158,31.61102867126465,637000,0.0,0.0
2018-02-05 00:00:00-05:00,31.296498357633364,32.2678639390569,30.130856836711168,31.000459671020508,827500,0.0,0.0
2018-02-06 00:00:00-05:00,30.426881506371323,31.28723448939323,30.177101266556942,30.889436721801758,633800,0.0,0.0
2018-02-07 00:00:00-05:00,30.778432446939945,31.333497437920247,30.31587711145065,30.352882385253906,790800,0.0,0.0
2018-02-08 00:00:00-05:00,30.288123138782534,30.59340780715692,29.187239246511083,29.20574188232422,873000,0.0,0.0
2018-02-09 00:00:00-05:00,29.575790502352014,29.770064680418642,28.18812435576575,29.37226676940918,1100500,0.0,0.0
2018-02-12 00:00:00-05:00,29.50177684042762,30.565655455415726,29.43701937993446,30.251117706298828,658100,0.0,0.0
2018-02-13 00:00:00-05:00,29.94582990778476,30.83393878878956,29.511028549770945,30.6026611328125,875300,0.0,0.0
2018-02-14 00:00:00-05:00,30.30662660871549,31.111475501881873,29.882001113370492,31.000459671020508,727700,0.0,0.0
2018-02-15 00:00:00-05:00,31.21323419340862,32.00882637043777,30.695170970420744,31.944068908691406,1298200,0.0,0.0
2018-02-16 00:00:00-05:00,31.925574573961363,31.925574573961363,29.57579388148306,30.389890670776367,2623800,0.0,0.0
2018-02-20 00:00:00-05:00,30.140107874278925,30.94495318378778,29.353761672973633,29.353761672973633,1042900,0.0,0.0
2018-02-21 00:00:00-05:00,29.372264735783308,29.92732974438018,28.65992907303972,29.4000186920166,1865800,0.0,0.0
2018-02-22 00:00:00-05:00,29.381511943124455,30.075343106781617,29.381511943124455,29.659046173095703,588500,0.0,0.0
2018-02-23 00:00:00-05:00,29.696050081003666,30.45464052216955,29.548034284529006,30.417638778686523,500700,0.0,0.0
2018-02-26 00:00:00-05:00,30.482401172260076,30.75068414776064,30.093852806187265,30.528656005859375,478600,0.0,0.0
2018-02-27 00:00:00-05:00,30.593412874835483,30.796938373476234,30.19561496150176,30.232620239257812,461600,0.0,0.0
2018-02-28 00:00:00-05:00,30.436144484332054,30.718303539820045,29.61279296875,29.61279296875,644900,0.0,0.0
2018-03-01 00:00:00-05:00,29.631291397983077,29.686799304446517,28.447150958898085,28.5766658782959,936600,0.0,0.0
2018-03-02 00:00:00-05:00,28.373143804658028,29.548034757722036,28.0956113144972,29.41851806640625,675200,0.0,0.0
2018-03-05 00:00:00-05:00,29.25199836326631,29.72380498769898,28.770940420961413,29.640544891357422,592500,0.0,0.0
2018-03-06 00:00:00-05:00,29.696051797724596,29.945832108014123,29.390767104493325,29.427770614624023,877300,0.0,0.0
2018-03-07 00:00:00-05:00,29.039221503249312,29.645167823931065,29.039221503249312,29.43701934814453,638800,0.0,0.0
2018-03-08 00:00:00-05:00,29.41852224855175,30.204868532981227,29.41852224855175,29.94583511352539,533300,0.0,0.0
2018-03-09 00:00:00-05:00,30.140111168804157,30.741431063630223,30.075350166944027,30.528656005859375,814800,0.0,0.0
2018-03-12 00:00:00-04:00,30.48239560878806,30.83393863221278,30.066095124339963,30.19561004638672,485300,0.0,0.0
2018-03-13 00:00:00-04:00,30.251117914931832,30.389882390224088,29.973585435330374,30.093847274780273,381100,0.0,0.0
2018-03-14 00:00:00-04:00,30.30661918784416,30.547149900130044,30.149352092825115,30.491641998291016,428900,0.0,0.0
2018-03-15 00:00:00-04:00,30.491641870777745,30.639659412712913,30.140102414317067,30.214109420776367,579400,0.0,0.0
2018-03-16 00:00:00-04:00,30.17710427923634,30.85243453770326,30.103097272467547,30.491641998291016,997400,0.0,0.0
2018-03-19 00:00:00-04:00,30.343634184158006,30.343634184158006,29.73306118424022,30.260374069213867,309100,0.0,0.0
2018-03-20 00:00:00-04:00,29.344506848674094,30.482394198691438,29.344506848674094,30.112348556518555,611000,0.0,0.0
2018-03-21 00:00:00-04:00,30.158605209523767,30.764555073575586,29.899575361695202,30.648916244506836,502800,0.0,0.0
2018-03-22 00:00:00-04:00,30.29737284871724,30.426887771061413,28.79869286577101,28.87270164489746,908000,0.0,0.0
2018-03-23 00:00:00-04:00,28.983714548165075,29.372261064320675,28.04010132828598,28.049352645874023,1004900,0.0,0.0
2018-03-26 00:00:00-04:00,28.45640385711693,28.461028633991525,27.734816913591086,28.42864990234375,674800,0.0,0.0
2018-03-27 00:00:00-04:00,28.43789932933459,28.92820857733479,27.873581304703084,28.123361587524414,489200,0.0,0.0
2018-03-28 00:00:00-04:00,28.35464257809592,28.90508457341549,27.688563509882865,27.799575805664062,739600,0.0,0.0
2018-03-29 00:00:00-04:00,27.85508200681214,28.687681232055652,27.716313998847788,28.382394790649414,665400,0.0,0.0
2018-04-02 00:00:00-04:00,28.104863300631944,28.146493354209845,26.800457307869262,26.948474884033203,923000,0.0,0.0
2018-04-03 00:00:00-04:00,27.207501130725888,27.503536224365234,26.939219988805856,27.503536224365234,583600,0.0,0.0
2018-04-04 00:00:00-04:00,26.957724352026805,27.642306035904703,26.957724352026805,27.55904769897461,291900,0.0,0.0
2018-04-05 00:00:00-04:00,27.65155696909663,28.974465490737078,27.512790723468367,28.50265884399414,1149700,0.0,0.0
2018-04-06 00:00:00-04:00,28.141861789914138,28.20939481480826,27.16124514319756,27.596046447753906,847400,0.0,0.0
2018-04-09 00:00:00-04:00,27.956845080544525,28.132616609881463,27.161251068115234,27.161251068115234,459500,0.0,0.0
2018-04-10 00:00:00-04:00,27.59604913605153,28.6414233379948,27.337017532747467,28.5766658782959,738300,0.0,0.0
2018-04-11 00:00:00-04:00,28.225124666854576,28.955961124581894,27.99384701645214,28.678428649902344,733900,0.0,0.0
2018-04-12 00:00:00-04:00,28.77094374267203,29.321383985806253,28.60442353076355,29.18724250793457,644300,0.0,0.0
2018-04-13 00:00:00-04:00,29.298257547799988,29.538786554743975,28.983719751373908,29.252002716064453,469900,0.0,0.0
2018-04-16 00:00:00-04:00,29.612789173232287,29.890325180382092,29.191865679351082,29.640544891357422,685200,0.0,0.0
2018-04-17 00:00:00-04:00,29.751553190762884,30.010582998447106,29.70529837210734,29.87181854248047,408800,0.0,0.0
2018-04-18 00:00:00-04:00,30.019841928799877,30.50089990038542,29.751558987701127,30.223363876342773,557600,0.0,0.0
2018-04-19 00:00:00-04:00,30.075344638937917,30.380632836811383,29.795962954457305,30.093847274780273,409700,0.0,0.0
2018-04-20 00:00:00-04:00,30.14935726621399,30.306624388218818,29.520281720160295,29.76080894470215,477100,0.0,0.0
2018-04-23 00:00:00-04:00,29.205744527400793,29.86257227767779,29.15948969818726,29.4000186920166,492100,0.0,0.0
2018-04-24 00:00:00-04:00,29.686802508080827,29.96525961483566,28.632176874584324,28.891206741333008,1029300,0.0,0.0
2018-04-25 00:00:00-04:00,28.928209441797158,29.37226211485466,28.590544278044568,29.307504653930664,616500,0.0,0.0
2018-04-26 00:00:00-04:00,29.36301247688623,29.404642527648935,28.493407952347784,28.54891586303711,1026000,0.0,0.0
2018-04-27 00:00:00-04:00,30.25112215970154,30.676672256737145,29.270503496560096,29.45552635192871,3195500,0.0,0.0
2018-04-30 00:00:00-04:00,29.455523699329,29.857948108839334,29.034598417554864,29.261249542236328,1283800,0.0,0.0
2018-05-01 00:00:00-04:00,28.10486519931983,29.117862649981227,27.873587500375592,28.826452255249023,1656600,0.0,0.0
2018-05-02 00:00:00-04:00,28.81719948554461,29.51103254746547,28.622927075170956,29.048477172851562,1200700,0.0,0.0
2018-05-03 00:00:00-04:00,29.002218220640074,29.881072248836155,28.678429151511637,29.307504653930664,12585800,0.0,0.0
2018-05-04 00:00:00-04:00,29.23349546492675,30.010586749620153,29.14098405154397,29.668296813964844,2271200,0.0,0.0
2018-05-07 00:00:00-04:00,29.81631573101736,30.500899162603655,29.566535432831163,29.649795532226562,3971800,0.0,0.0
2018-05-08 00:00:00-04:00,29.649798831917188,29.992088821294853,29.085482474278923,29.150239944458008,2357100,0.0,0.0
2018-05-09 00:00:00-04:00,29.437020506886554,29.890326276709743,29.140985382151143,29.649795532226562,2248000,0.0,0.0
2018-05-10 00:00:00-04:00,29.79781745286847,31.129979238038878,29.686805147110125,30.963459014892578,2354900,0.0,0.0
2018-05-11 00:00:00-04:00,30.963455182658166,31.231734594285395,30.584159949995044,30.935699462890625,1448400,0.0,0.0
2018-05-14 00:00:00-04:00,31.129974022398898,31.203981037499172,30.90794591906411,30.954200744628906,1517900,0.0,0.0
2018-05-15 00:00:00-04:00,30.769179591807198,31.314995032886678,30.65816729859259,31.111473083496094,1185200,0.0,0.0
2018-05-16 00:00:00-04:00,31.14847784799144,31.444516540289406,30.981961156536514,31.222488403320312,1358100,0.0,0.0
2018-05-17 00:00:00-04:00,31.166974696626973,32.14759319845023,31.015258732816587,31.731292724609375,1633500,0.0,0.0
2018-05-18 00:00:00-04:00,31.55553085960551,32.19848260176369,31.16698247734876,31.879318237304688,1356500,0.0,0.0
2018-05-21 00:00:00-04:00,32.09208258562579,32.62864837977056,31.814550136144536,31.842302322387695,759800,0.0,0.0
2018-05-22 00:00:00-04:00,31.83305549621582,32.63790072734473,31.56569717858564,31.83305549621582,1534900,0.0,0.0
2018-05-23 00:00:00-04:00,31.62952455111381,32.212345114189596,31.296487758372475,31.703535079956055,941000,0.0,0.0
2018-05-24 00:00:00-04:00,31.435257736657746,31.66653538645277,31.176227898172716,31.32424545288086,665400,0.0,0.0
2018-05-25 00:00:00-04:00,31.12997439373586,31.12997439373586,30.07534530158661,30.417638778686523,993000,0.0,0.0
2018-05-29 00:00:00-04:00,29.992084846004627,30.325125236507176,29.733054999621302,30.167858123779297,897400,0.0,0.0
2018-05-30 00:00:00-04:00,30.389876242172996,31.18547177735594,30.37137713909006,30.889436721801758,820900,0.0,0.0
2018-05-31 00:00:00-04:00,30.79693840395401,30.88944806941816,30.09385224196336,30.408390045166016,1066400,0.0,0.0
2018-06-01 00:00:00-04:00,30.528656173221698,30.912577999334015,29.871828357065095,29.91808319091797,672500,0.0,0.0
2018-06-04 00:00:00-04:00,30.056847705439967,30.186362636684386,29.797814313933934,30.066097259521484,975600,0.0,0.0
2018-06-05 00:00:00-04:00,30.0568504108856,30.177112269856185,29.122486558775552,29.955087661743164,1661000,0.0,0.0
2018-06-06 00:00:00-04:00,30.093844403485633,30.408382124761335,29.5665316838494,30.36212730407715,1053400,0.0,0.0
2018-06-07 00:00:00-04:00,30.510147687234742,30.972702995159498,30.352880576468458,30.630413055419922,858800,0.0,0.0
2018-06-08 00:00:00-04:00,30.52865467824574,30.584162593561558,29.38151756268301,29.45552635192871,1388100,0.0,0.0
2018-06-11 00:00:00-04:00,28.891200809088524,29.270495977097056,27.433226447437626,27.596046447753906,3923100,0.0,0.0
2018-06-12 00:00:00-04:00,27.642304831765127,28.151116736671092,26.92997098811037,27.244508743286133,2215200,0.0,0.0
2018-06-13 00:00:00-04:00,27.346271880779426,27.84583250725692,27.050236738204006,27.189002990722656,1699800,0.0,0.0
2018-06-14 00:00:00-04:00,27.56829556800762,28.021601321250486,27.327768361339135,27.80882453918457,1934900,0.0,0.0
2018-06-15 00:00:00-04:00,27.855080862219936,28.19737079771206,27.226005368927062,27.45728302001953,1388000,0.0,0.0
2018-06-18 00:00:00-04:00,27.170503063738945,27.81807951954338,27.105743830100675,27.734819412231445,1309500,0.0,0.0
2018-06-19 00:00:00-04:00,27.392526714962642,27.43878154132796,27.12424378141994,27.263010025024414,1129500,0.0,0.0
2018-06-20 00:00:00-04:00,27.438781142751072,27.52944158923493,26.09274524677404,26.125123977661133,2044200,0.0,0.0
2018-06-21 00:00:00-04:00,25.93085477217145,26.21763860855689,25.41279148543224,25.829092025756836,1984500,0.0,0.0
2018-06-22 00:00:00-04:00,26.458161585455095,27.10573789957484,26.240760045649846,26.670936584472656,3038700,0.0,0.0
2018-06-25 00:00:00-04:00,25.7273294887175,26.583057992013583,25.671823337725403,26.180633544921875,2100900,0.0,0.0
2018-06-26 00:00:00-04:00,26.19913885760825,27.040989585703755,26.19913885760825,26.855968475341797,1953200,0.0,0.0
2018-06-27 00:00:00-04:00,27.022480440192478,27.577547166674933,26.809705420468557,27.068737030029297,1885700,0.0,0.0
2018-06-28 00:00:00-04:00,26.76345626936002,27.337023988872943,26.421164490030936,27.17050552368164,1634200,0.0,0.0
2018-06-29 00:00:00-04:00,27.198254309491716,27.966096122237445,27.133496842616925,27.189002990722656,2230500,0.0,0.0
2018-07-02 00:00:00-04:00,26.80045690539903,26.97622843614486,26.273144077670207,26.421161651611328,1625000,0.0,0.0
2018-07-03 00:00:00-04:00,26.606182222860607,26.74494846598352,26.37490456281958,26.578428268432617,592800,0.0,0.0
2018-07-05 00:00:00-04:00,26.781955406175488,26.888342924677726,26.40266016125146,26.63393783569336,1614100,0.0,0.0
2018-07-06 00:00:00-04:00,26.56917794049058,26.56917794049058,26.125125240144556,26.23613929748535,1053800,0.0,0.0
2018-07-09 00:00:00-04:00,26.245391973453113,27.346272462771147,26.236140654487166,27.309268951416016,2222200,0.0,0.0
2018-07-10 00:00:00-04:00,27.216753907922012,27.45728287553348,26.837458703286966,27.077987670898438,1211200,0.0,0.0
2018-07-11 00:00:00-04:00,26.7356940394338,26.828205445596137,26.476664219589225,26.670936584472656,1313900,0.0,0.0
2018-07-12 00:00:00-04:00,26.809707805326987,26.809707805326987,25.40446547738966,25.893848419189453,2447700,0.0,0.0
2018-07-13 00:00:00-04:00,25.94935665037577,26.59693490160978,25.912353136752877,26.069622039794922,1189500,0.0,0.0
2018-07-16 00:00:00-04:00,25.82908462468009,26.37489994803698,25.81983330815612,26.00485610961914,1221800,0.0,0.0
2018-07-17 00:00:00-04:00,25.98636122834127,26.300899025950574,25.764334859059772,25.977109909057617,1281800,0.0,0.0
2018-07-18 00:00:00-04:00,25.986359655393287,26.069619759397725,25.597813091542108,25.718076705932617,897000,0.0,0.0
2018-07-19 00:00:00-04:00,25.514552689327363,26.07887077331543,25.412789949064965,26.07887077331543,507700,0.0,0.0
2018-07-20 00:00:00-04:00,25.94010085563378,26.088118403538274,25.736575403883833,25.745826721191406,647700,0.0,0.0
2018-07-23 00:00:00-04:00,25.73658196942024,25.745833289087876,25.116757667759124,25.126008987426758,706900,0.0,0.0
2018-07-24 00:00:00-04:00,25.246268871104544,25.28327237719394,24.64494557544902,24.69120216369629,1087500,0.0,0.0
2018-07-25 00:00:00-04:00,24.617200289402646,24.783720524766416,24.293411138918525,24.49693489074707,1570100,0.0,0.0
2018-07-26 00:00:00-04:00,24.533933537640962,25.116752439308538,24.487676948931828,24.63569450378418,2625600,0.0,0.0
2018-07-27 00:00:00-04:00,24.903983007200427,25.126009389247955,24.385921449089526,25.07050323486328,1992800,0.0,0.0
2018-07-30 00:00:00-04:00,25.24627467590662,25.949357333838602,25.24627467590662,25.27402687072754,2493500,0.0,0.0
2018-07-31 00:00:00-04:00,25.4220407208471,26.56917773687056,25.4220407208471,26.467416763305664,2492400,0.0,0.0
2018-08-01 00:00:00-04:00,26.467421132395792,26.592311304872496,25.3202839270095,25.597816467285156,2417400,0.0,0.0
2018-08-02 00:00:00-04:00,25.588559038166277,26.495167002093524,25.079748914301184,25.653316497802734,2705600,0.0,0.0
2018-08-03 00:00:00-04:00,25.903096905840957,26.559924587560726,25.773581985954454,26.33789825439453,1655700,0.0,0.0
2018-08-06 00:00:00-04:00,26.365655774066312,27.13349760848509,26.078871942165215,26.976228713989258,1427400,0.0,0.0
2018-08-07 00:00:00-04:00,27.253759259024715,27.60530229875425,27.003980721279426,27.281513214111328,881600,0.0,0.0
2018-08-08 00:00:00-04:00,27.263009970560095,27.383275342083298,26.920720021320093,27.08724021911621,870100,0.0,0.0
2018-08-09 00:00:00-04:00,27.022484011260214,27.438784552264007,26.55992863881543,26.615436553955078,1436700,0.0,0.0
2018-08-10 00:00:00-04:00,26.55067666459306,26.92072057592535,26.467416563979725,26.698694229125977,1093100,0.0,0.0
2018-08-13 00:00:00-04:00,26.643187170716317,26.781955185846744,26.221337274763577,26.356403350830078,583900,0.0,0.0
2018-08-14 00:00:00-04:00,26.448917318100655,26.59693490160978,26.03261676166325,26.069622039794922,657300,0.0,0.0
2018-08-15 00:00:00-04:00,25.90309384924184,25.90309384924184,24.90397458563713,25.0057373046875,785800,0.0,0.0
2018-08-16 00:00:00-04:00,24.90398143947125,25.53768180862167,24.90398143947125,25.320281982421875,881800,0.0,0.0
2018-08-17 00:00:00-04:00,25.385043579729302,25.893853868718583,25.14451453408613,25.847599029541016,1229500,0.0,0.0
2018-08-20 00:00:00-04:00,26.041868507209138,26.44891775077245,25.90772701855061,26.18988609313965,849600,0.0,0.0
2018-08-21 00:00:00-04:00,26.208385435137746,26.44891442314022,25.921601619042278,26.10662269592285,483600,0.0,0.0
2018-08-22 00:00:00-04:00,26.060371505391,26.15288293899852,25.699578855281388,25.856847763061523,965000,0.0,0.0
2018-08-23 00:00:00-04:00,25.83833974140175,25.86609193054714,25.24626951285393,25.292524337768555,739900,0.0,0.0
2018-08-24 00:00:00-04:00,25.32952939394017,25.597812335476746,25.209265783101806,25.44979476928711,1129000,0.0,0.0
2018-08-27 00:00:00-04:00,25.55155944278187,26.254642053173605,25.42204273917606,26.13437843322754,1200300,0.0,0.0
2018-08-28 00:00:00-04:00,26.134375171624267,26.43966160747352,25.98635761269787,26.152877807617188,822400,0.0,0.0
2018-08-29 00:00:00-04:00,26.28240055949146,26.69870117079642,26.18063779572602,26.606189727783203,777600,0.0,0.0
2018-08-30 00:00:00-04:00,26.550679353083037,26.698696932604037,25.847594968103923,25.977109909057617,631500,0.0,0.0
2018-08-31 00:00:00-04:00,25.884597226904457,26.06962007459774,25.72732833571776,25.8660945892334,453100,0.0,0.0
2018-09-04 00:00:00-04:00,25.86609708809902,25.86609708809902,25.237023227087462,25.301780700683594,609400,0.0,0.0
2018-09-05 00:00:00-04:00,25.18151360173176,25.33878249745106,24.8114696601889,24.968738555908203,1445300,0.0,0.0
2018-09-06 00:00:00-04:00,24.755961715891598,24.755961715891598,22.896489059332083,23.06300926208496,4134900,0.0,0.0
2018-09-07 00:00:00-04:00,22.74847365062269,23.405301440979276,22.52644728073418,23.10926628112793,2984600,0.0,0.0
2018-09-10 00:00:00-04:00,23.22028020796705,23.92336459061844,23.22028020796705,23.719839096069336,1543900,0.0,0.0
2018-09-11 00:00:00-04:00,23.645830948193254,24.358166669427195,23.377549740610505,24.21940040588379,1637200,0.0,0.0
2018-09-12 00:00:00-04:00,24.385918808464613,24.626447804097673,24.16389245045917,24.59869384765625,1961600,0.0,0.0
2018-09-13 00:00:00-04:00,24.737460919522224,26.166757080147512,24.737460919522224,25.755083084106445,3199200,0.0,0.0
2018-09-14 00:00:00-04:00,25.71807519400761,26.726445936995415,25.6348150948979,26.476667404174805,2025900,0.0,0.0
2018-09-17 00:00:00-04:00,26.5784327619675,27.392531251073834,26.46742045450406,26.569181442260742,1449900,0.0,0.0
2018-09-18 00:00:00-04:00,26.578427100203438,27.087238988634468,26.559924464731377,27.077987670898438,979600,0.0,0.0
2018-09-19 00:00:00-04:00,27.03173526240822,27.41103052569752,26.809708895934634,26.92072296142578,785700,0.0,0.0
2018-09-20 00:00:00-04:00,27.10574736667386,27.327775524813546,26.888347515446682,27.17975616455078,1086600,0.0,0.0
2018-09-21 00:00:00-04:00,27.27226760302416,27.350902943304657,26.966981091218255,27.17975616455078,3654800,0.0,0.0
2018-09-24 00:00:00-04:00,27.253757782916562,27.46190802352101,26.7171936985298,27.327768325805664,1476200,0.0,0.0
2018-09-25 00:00:00-04:00,27.457285738847425,27.466537057548205,26.86521545806644,26.939224243164062,1162500,0.0,0.0
2018-09-26 00:00:00-04:00,26.717193460783673,26.985476382843935,26.31014606556654,26.33789825439453,1365900,0.0,0.0
2018-09-27 00:00:00-04:00,26.88371505496422,26.88371505496422,25.662569276558983,25.94010353088379,1694000,0.0,0.0
2018-09-28 00:00:00-04:00,25.829087683569206,26.245388153908568,25.75507890712092,26.217634201049805,1010600,0.0,0.0
2018-10-01 00:00:00-04:00,26.356400452542005,26.467414499536936,25.866091205452705,25.9123477935791,1846300,0.0,0.0
2018-10-02 00:00:00-04:00,25.930855077148077,26.09737353072765,25.70882870786658,25.977109909057617,2083900,0.0,0.0
2018-10-03 00:00:00-04:00,26.134378654616217,26.16860835931415,25.829092178080696,25.903100967407227,2164400,0.0,0.0
2018-10-04 00:00:00-04:00,25.903099822672214,26.051117394783937,25.50530193593122,25.690324783325195,720100,0.0,0.0
2018-10-05 00:00:00-04:00,25.616315369449662,25.92160182501153,24.996491139732104,25.394289016723633,677600,0.0,0.0
2018-10-08 00:00:00-04:00,25.209264554969952,25.366533431948266,24.774463196033892,25.033493041992188,776700,0.0,0.0
2018-10-09 00:00:00-04:00,24.89473009600334,25.375788108609374,24.87622745755494,25.21851921081543,1381700,0.0,0.0
2018-10-10 00:00:00-04:00,25.28327474718193,25.28327474718193,24.18239254682106,24.228649139404297,1231200,0.0,0.0
2018-10-11 00:00:00-04:00,23.581068083781503,24.663447515121405,23.581068083781503,23.682830810546875,1182100,0.0,0.0
2018-10-12 00:00:00-04:00,24.672703127869145,24.672703127869145,23.4515572521245,23.830852508544922,1084400,0.0,0.0
2018-10-15 00:00:00-04:00,23.766090130518005,24.367411625171666,23.312786180255763,24.09912872314453,1411700,0.0,0.0
2018-10-16 00:00:00-04:00,24.293408438659196,25.153761716069464,24.17314305337135,25.116756439208984,801600,0.0,0.0
2018-10-17 00:00:00-04:00,24.950233298361194,25.005741207146777,24.33966041778789,24.876224517822266,811100,0.0,0.0
2018-10-18 00:00:00-04:00,24.29340628566804,24.78371557356368,23.900233194159437,24.080631256103516,929000,0.0,0.0
2018-10-19 00:00:00-04:00,24.099134614523365,24.191646043510822,23.460809459978275,23.59032440185547,1219800,0.0,0.0
2018-10-22 00:00:00-04:00,23.608822560724462,23.710583525243408,23.164769903255213,23.29428482055664,1517300,0.0,0.0
2018-10-23 00:00:00-04:00,22.757721597879886,23.331289193978165,22.373799843734275,23.053756713867188,1455600,0.0,0.0
2018-10-24 00:00:00-04:00,23.137019759656177,23.26653469828041,21.58283343813057,21.61983871459961,2160700,0.0,0.0
2018-10-25 00:00:00-04:00,21.878867784768776,23.016753526586267,21.73085021337017,22.720718383789062,2835900,0.0,0.0
2018-10-26 00:00:00-04:00,23.56257374991069,24.783721607770676,22.942749382587508,24.154645919799805,3224300,0.0,0.0
2018-10-29 00:00:00-04:00,24.589446092192837,24.93173787987194,23.32204346317539,23.664335250854492,1412500,0.0,0.0
2018-10-30 00:00:00-04:00,23.59957435437743,24.672702633658066,23.59957435437743,24.59869384765625,1086600,0.0,0.0
2018-10-31 00:00:00-04:00,25.209264554969952,25.533053626926307,24.922480755012486,25.033493041992188,1257900,0.0,0.0
2018-11-01 00:00:00-04:00,24.43217120454775,24.436797745748166,23.8215983397195,23.86785316467285,10006200,0.0,0.0
2018-11-02 00:00:00-04:00,24.043627025197036,24.385918762629977,23.86785549708236,23.914112091064453,2608500,0.0,0.0
2018-11-05 00:00:00-05:00,24.052875702004258,24.71895470160595,23.86785287541623,24.533933639526367,4353000,0.0,0.0
2018-11-06 00:00:00-05:00,24.506180240017198,25.445166959577374,24.24714862984162,25.33877944946289,1999400,0.0,0.0
2018-11-07 00:00:00-05:00,25.53306118250833,26.421166799182494,25.357289617517356,25.847599029541016,2013500,0.0,0.0
2018-11-08 00:00:00-05:00,25.588564100253485,26.134379603035097,24.977991125024694,25.079753875732422,3269700,0.0,0.0
2018-11-09 00:00:00-05:00,25.92160127739955,25.92160127739955,24.358163758243627,24.561687469482422,3314900,0.0,0.0
2018-11-12 00:00:00-05:00,24.617194897519077,24.802215968335766,24.21939703672583,24.33966064453125,1157400,0.0,0.0
2018-11-13 00:00:00-05:00,24.302663904660044,24.506187668593974,23.585703305985415,23.61808204650879,1295800,0.0,0.0
2018-11-14 00:00:00-05:00,23.793846548333036,23.858605779464643,23.127767480128444,23.33129119873047,1320600,0.0,0.0
2018-11-15 00:00:00-05:00,23.127765040494623,24.043624324357197,22.66520973968473,24.025121688842773,1383100,0.0,0.0
2018-11-16 00:00:00-05:00,24.01586936832394,24.07137727254952,23.525561899223216,23.58106803894043,933000,0.0,0.0
2018-11-19 00:00:00-05:00,23.377548718851717,23.400676134346664,22.595829017758184,22.60970687866211,1895700,0.0,0.0
2018-11-20 00:00:00-05:00,22.202649932546713,22.8132226645311,21.804852172267292,22.433927536010742,1062000,0.0,0.0
2018-11-21 00:00:00-05:00,22.75772194750989,23.285034726527012,22.69574005733129,22.896488189697266,953800,0.0,0.0
2018-11-23 00:00:00-05:00,22.48019107660036,22.628208659109806,22.285918661247496,22.369178771972656,253700,0.0,0.0
2018-11-26 00:00:00-05:00,22.646710362849927,23.386800009343773,22.618958170093418,23.090763092041016,1373100,0.0,0.0
2018-11-27 00:00:00-05:00,22.905742031818292,23.164773673084298,22.60045555956239,22.60970687866211,1250800,0.0,0.0
2018-11-28 00:00:00-05:00,22.63745386502834,23.59956965601608,22.63282908879649,23.44230079650879,1316000,0.0,0.0
2018-11-29 00:00:00-05:00,23.41454684559281,23.59956965601608,22.63745386502834,23.44230079650879,2197700,0.0,0.0
2018-11-30 00:00:00-05:00,23.312788680767888,23.692083899517346,22.831730727643723,22.896488189697266,1081900,0.0,0.0
2018-12-03 00:00:00-05:00,23.507060040009623,24.08525416095537,23.3405398508559,23.470056533813477,1090100,0.0,0.0
2018-12-04 00:00:00-05:00,23.368291805028402,23.47005452625306,21.425559371924706,21.53657341003418,1732900,0.0,0.0
2018-12-06 00:00:00-05:00,20.370944528587945,21.185041427612305,19.81587757881674,21.185041427612305,3272100,0.0,0.0
2018-12-07 00:00:00-05:00,21.314556079762653,21.9251291353748,20.537462779072825,20.629972457885742,1572900,0.0,0.0
2018-12-10 00:00:00-05:00,20.426443099975586,20.60221461769765,20.056399192541136,20.426443099975586,2086100,0.0,0.0
2018-12-11 00:00:00-05:00,20.81498806581325,20.91675079433325,19.908380120206512,19.963886260986328,1080300,0.0,0.0
2018-12-12 00:00:00-05:00,20.370936470536957,20.722477733112388,20.03789607951187,20.204416275024414,2509700,0.0,0.0
2018-12-13 00:00:00-05:00,20.287676070402508,20.58371118489766,19.45507686975778,19.75111198425293,1715200,0.0,0.0
2018-12-14 00:00:00-05:00,19.455078172722672,19.8436247276468,19.353315433608934,19.630847930908203,1356100,0.0,0.0
2018-12-17 00:00:00-05:00,19.39957075748751,19.584593603421727,18.74274300698744,18.96476936340332,1188700,0.0,0.0
2018-12-18 00:00:00-05:00,19.2423045083042,19.653980308774248,19.029529441438022,19.057283401489258,1623000,0.0,0.0
2018-12-19 00:00:00-05:00,18.50221215710985,19.1867937951819,18.05815948882124,18.252431869506836,1658500,0.0,0.0
2018-12-20 00:00:00-05:00,18.150673504180354,18.31719195527558,17.466090003473376,17.762126922607422,1294800,0.0,0.0
2018-12-21 00:00:00-05:00,17.81762924492848,18.59472224111913,17.78062397629639,18.372695922851562,3130600,0.0,0.0
2018-12-24 00:00:00-05:00,18.085910686763786,18.307938773250633,17.50309181213379,17.50309181213379,687800,0.0,0.0
2018-12-26 00:00:00-05:00,17.484592203174746,18.724240705454086,17.300495720968154,18.705738067626953,981500,0.0,0.0
2018-12-27 00:00:00-05:00,18.00265699993742,18.86301040649414,18.00265699993742,18.86301040649414,917300,0.0,0.0
2018-12-28 00:00:00-05:00,19.04803204928902,19.18679832029299,18.627106694021954,18.853757858276367,1394400,0.0,0.0
2018-12-31 00:00:00-05:00,19.02952270892353,19.100755906893454,18.585470092259786,18.91851043701172,907100,0.0,0.0
2019-01-02 00:00:00-05:00,18.520716251423956,19.445826932140335,18.22468111591609,19.427324295043945,1602200,0.0,0.0
2019-01-03 00:00:00-05:00,19.251551415802524,19.538336977073133,18.594723725716896,19.038776397705078,1246300,0.0,0.0
2019-01-04 00:00:00-05:00,19.42732277757683,19.667851747516416,19.085031076064375,19.371816635131836,2041900,0.0,0.0
2019-01-07 00:00:00-05:00,19.556840723125532,20.389441811127572,19.279308203464005,19.99164390563965,2296100,0.0,0.0
2019-01-08 00:00:00-05:00,20.29693016019093,20.666974103845767,19.95463840949226,20.22292137145996,1387600,0.0,0.0
2019-01-09 00:00:00-05:00,20.491196874880366,21.01850956862387,20.333928021964915,20.70397186279297,1224000,0.0,0.0
2019-01-10 00:00:00-05:00,20.444943983497854,20.893621410819446,20.370935208356574,20.805736541748047,1007700,0.0,0.0
2019-01-11 00:00:00-05:00,20.611465986314656,21.037016039777043,20.509703249830807,21.009262084960938,679600,0.0,0.0
2019-01-14 00:00:00-05:00,20.80573816192869,20.814989480105314,20.315428885618697,20.352434158325195,1200200,0.0,0.0
2019-01-15 00:00:00-05:00,20.44494733652821,20.62071886800643,20.13040954946557,20.278427124023438,1721100,0.0,0.0
2019-01-16 00:00:00-05:00,20.21366759305383,20.5837114916881,20.158161449385815,20.204416275024414,1185000,0.0,0.0
2019-01-17 00:00:00-05:00,20.074902802960338,20.662346541975914,20.04714884686559,20.565210342407227,840100,0.0,0.0
2019-01-18 00:00:00-05:00,20.740979877737693,21.51807292871158,20.481948272576915,21.481067657470703,2099500,0.0,0.0
2019-01-22 00:00:00-05:00,20.953758810932705,21.365432825649105,20.831644216223292,21.074024200439453,2240500,0.0,0.0
2019-01-23 00:00:00-05:00,21.1850321306992,21.42556109552913,20.509701824354643,20.75023078918457,1039900,0.0,0.0
2019-01-24 00:00:00-05:00,20.796493126942526,21.203542427152165,20.704908048988063,20.95376205444336,745100,0.0,0.0
2019-01-25 00:00:00-05:00,21.175785027917872,22.461690202168253,21.138781514544895,22.369178771972656,2219800,0.0,0.0
2019-01-28 00:00:00-05:00,22.045390826488624,22.25354111442357,21.75860696561651,22.17490577697754,1828500,0.0,0.0
2019-01-29 00:00:00-05:00,22.378429194695254,23.02600565109723,22.276666449107054,22.60970687866211,2079300,0.0,0.0
2019-01-30 00:00:00-05:00,22.97975085695854,23.10926579554489,22.433935380760776,22.785476684570312,1604100,0.0,0.0
2019-01-31 00:00:00-05:00,22.831730566061694,23.18327182808239,22.531068906359774,22.822479248046875,1637300,0.0,0.0
2019-02-01 00:00:00-05:00,22.933496475219727,23.18327503817167,22.5495746647329,22.933496475219727,1231200,0.0,0.0
2019-02-04 00:00:00-05:00,22.868733334909415,23.13701625514767,22.628204367819112,23.035253524780273,1009400,0.0,0.0
2019-02-05 00:00:00-05:00,23.035257236654516,23.33129239323505,22.979751085922846,23.16477394104004,953300,0.0,0.0
2019-02-06 00:00:00-05:00,23.081511823446796,23.45155573696021,23.016752594636955,23.26653289794922,1146600,0.0,0.0
2019-02-07 00:00:00-05:00,23.026002760052698,23.25728041498134,22.51719262501308,23.053756713867188,1801500,0.0,0.0
2019-02-08 00:00:00-05:00,22.887238549401243,22.933495143193614,22.15640201256811,22.54494857788086,1073400,0.0,0.0
2019-02-11 00:00:00-05:00,22.53569496289335,22.739218661316247,22.396926960164354,22.600452423095703,1284400,0.0,0.0
2019-02-12 00:00:00-05:00,22.914993387665362,23.13701975288855,22.757724491735353,22.785476684570312,1457100,0.0,0.0
2019-02-13 00:00:00-05:00,23.007502144322157,23.59957238287528,23.007502144322157,23.405298233032227,2274500,0.0,0.0
2019-02-14 00:00:00-05:00,23.29428948660806,23.766096191366834,23.220280695538577,23.4608097076416,1654300,0.0,0.0
2019-02-15 00:00:00-05:00,23.69209047446934,24.199976155817183,23.676363405819167,24.154645919799805,1428200,0.0,0.0
2019-02-19 00:00:00-05:00,24.006622439643667,24.96411183584424,23.220278022242372,23.97886848449707,2895800,0.0,0.0
2019-02-20 00:00:00-05:00,24.691204717335765,25.153760060596788,24.385918261363834,24.580190658569336,2435700,0.0,0.0
2019-02-21 00:00:00-05:00,24.65419849366355,25.098251182614945,24.543186203679966,25.024242401123047,1459000,0.0,0.0
2019-02-22 00:00:00-05:00,25.05199502109972,25.246269164982838,24.672699815599064,24.737457275390625,1350500,0.0,0.0
2019-02-25 00:00:00-05:00,24.829969339523743,25.116753139481208,24.728206606035275,25.033493041992188,1709700,0.0,0.0
2019-02-26 00:00:00-05:00,24.931731253387,24.99186217164568,24.58943955668396,24.663448333740234,1396600,0.0,0.0
2019-02-27 00:00:00-05:00,24.663449010820656,24.839220522845388,24.450673991506154,24.654197692871094,973800,0.0,0.0
2019-02-28 00:00:00-05:00,24.61719938488556,24.913234563762103,24.32116420600902,24.83922576904297,1331300,0.0,0.0
2019-03-01 00:00:00-05:00,24.94098131618694,25.486796719820134,24.792963759049982,25.292524337768555,1068600,0.0,0.0
2019-03-04 00:00:00-05:00,25.40353677439258,25.551556096917984,24.866972685454098,24.959484100341797,1085700,0.0,0.0
2019-03-05 00:00:00-05:00,24.968738274695014,25.107504530647127,24.820720699744935,24.922483444213867,864700,0.0,0.0
2019-03-06 00:00:00-05:00,24.81146728655288,24.987238803660986,24.274903181519985,24.33966064453125,973000,0.0,0.0
2019-03-07 00:00:00-05:00,24.783400057637166,24.840047324977913,24.33965982869701,24.632339477539062,1670600,0.53,0.0
2019-03-08 00:00:00-05:00,24.113071119013334,24.788122133868317,24.113071119013334,24.736196517944336,1119300,0.0,0.0
2019-03-11 00:00:00-04:00,24.792845273350103,25.62367858802648,24.792845273350103,25.60479736328125,1513900,0.0,0.0
2019-03-12 00:00:00-04:00,25.633119012027965,25.718090822517848,25.39708660528593,25.548147201538086,1379400,0.0,0.0
2019-03-13 00:00:00-04:00,25.774741524425007,26.303455482420457,25.661446962557836,26.171276092529297,1656600,0.0,0.0
2019-03-14 00:00:00-04:00,26.048533600653172,26.32233022504321,25.340436460658868,25.491497039794922,1734300,0.0,0.0
2019-03-15 00:00:00-04:00,25.491504268674966,26.445075570375117,25.43485698563095,26.350662231445312,2031600,0.0,0.0
2019-03-18 00:00:00-04:00,26.435631652300906,26.681105590880694,26.05798013171065,26.62445831298828,1505900,0.0,0.0
2019-03-19 00:00:00-04:00,26.530046127585933,26.718870995637815,26.048539742759086,26.19015884399414,2120300,0.0,0.0
2019-03-20 00:00:00-04:00,26.02965362750634,26.586690253622873,25.774738195056194,26.26568603515625,1631000,0.0,0.0
2019-03-21 00:00:00-04:00,26.199594734409366,26.530040433558757,26.13350595473633,26.426185607910156,1205500,0.0,0.0
2019-03-22 00:00:00-04:00,26.284565729378198,26.284565729378198,25.170492618311922,25.26490592956543,1126800,0.0,0.0
2019-03-25 00:00:00-04:00,25.274346238009528,25.68976190650147,25.076078113733967,25.585908889770508,1198800,0.0,0.0
2019-03-26 00:00:00-04:00,25.85026628880646,26.07213730932587,25.567028144096568,25.80306053161621,859500,0.0,0.0
2019-03-27 00:00:00-04:00,25.73697206278135,25.963562941448977,25.34043757491694,25.53870391845703,1057500,0.0,0.0
2019-03-28 00:00:00-04:00,25.519823435584772,25.973005206056744,25.463174363687564,25.73697280883789,1026400,0.0,0.0
2019-03-29 00:00:00-04:00,25.9635630905468,26.331773045398144,25.935238555256603,26.256242752075195,1581300,0.0,0.0
2019-04-01 00:00:00-04:00,26.43562752727113,26.784956254797983,26.23736118519302,26.39786148071289,863900,0.0,0.0
2019-04-02 00:00:00-04:00,26.43563527628627,26.530048619572813,26.12407250399,26.27513313293457,501100,0.0,0.0
2019-04-03 00:00:00-04:00,26.34121380524934,26.57724619024402,26.289286392425037,26.426185607910156,1215800,0.0,0.0
2019-04-04 00:00:00-04:00,26.39786229846459,26.605571959400898,26.388422587316825,26.4733943939209,553700,0.0,0.0
2019-04-05 00:00:00-04:00,26.624453577519876,26.681100845336914,26.473392996151652,26.681100845336914,804900,0.0,0.0
2019-04-08 00:00:00-04:00,26.558361948471223,26.784954612357676,26.37897864067193,26.747188568115234,634400,0.0,0.0
2019-04-09 00:00:00-04:00,26.577246536256727,26.577246536256727,26.17127054065495,26.28456687927246,899100,0.0,0.0
2019-04-10 00:00:00-04:00,26.397862706334042,26.5866893463238,26.175993475248017,26.445070266723633,633100,0.0,0.0
2019-04-11 00:00:00-04:00,26.435627219513204,26.71886536226574,26.34121390500096,26.66221809387207,937100,0.0,0.0
2019-04-12 00:00:00-04:00,26.907695845776725,26.907695845776725,26.01077193060372,26.180715560913086,1878200,0.0,0.0
2019-04-15 00:00:00-04:00,26.18071292877823,26.445069860546706,25.703928281264382,25.746414184570312,1444600,0.0,0.0
2019-04-16 00:00:00-04:00,26.00132925409214,26.20903711146477,25.831385643158065,25.888032913208008,1259200,0.0,0.0
2019-04-17 00:00:00-04:00,26.105184471789315,26.256245071781226,25.359322984427312,25.387645721435547,1152900,0.0,0.0
2019-04-18 00:00:00-04:00,25.491497753970197,25.689764094346884,25.274348390476437,25.567028045654297,1302600,0.0,0.0
2019-04-22 00:00:00-04:00,25.869155187058055,26.086304600704032,25.53870940932722,25.793624877929688,1219200,0.0,0.0
2019-04-23 00:00:00-04:00,25.79361961405635,26.39314210825754,25.765296879403603,26.246801376342773,1073200,0.0,0.0
2019-04-24 00:00:00-04:00,26.397863607189205,26.766075387656425,26.237363298740252,26.26568603515625,1470000,0.0,0.0
2019-04-25 00:00:00-04:00,25.69920479890753,26.3506546697164,25.69920479890753,26.22791862487793,1544000,0.0,0.0
2019-04-26 00:00:00-04:00,26.209037221922507,26.501716885995666,25.93523878075607,26.482833862304688,2633300,0.0,0.0
2019-04-29 00:00:00-04:00,29.26802567555009,31.316785744085188,29.26802567555009,30.731426239013672,9869800,0.0,0.0
2019-04-30 00:00:00-04:00,30.646447940690752,32.71409420389251,30.259354923629736,31.864376068115234,7293300,0.0,0.0
2019-05-01 00:00:00-04:00,31.9776729807706,32.95956876539455,31.8927011609172,32.67633056640625,4704000,0.0,0.0
2019-05-02 00:00:00-04:00,32.06263957363849,34.13972536355269,32.0248735261784,33.016212463378906,4847200,0.0,0.0
2019-05-03 00:00:00-04:00,33.17672260326709,33.45052112621124,32.553597041624634,32.76130676269531,2637600,0.0,0.0
2019-05-06 00:00:00-04:00,31.703868630491193,32.770732314877534,30.82582795467615,32.1948127746582,2183700,0.0,0.0
2019-05-07 00:00:00-04:00,31.637783674462753,32.21370334973148,31.35454549362028,32.09096908569336,1875300,0.0,0.0
2019-05-08 00:00:00-04:00,31.996548537175414,32.09096364917399,31.335657159458446,31.45839500427246,1438000,0.0,0.0
2019-05-09 00:00:00-04:00,31.19403643063688,31.93045621462679,30.73141143712536,31.562246322631836,2166400,0.0,0.0
2019-05-10 00:00:00-04:00,31.335665193060972,32.39309310913086,31.156281836627116,32.39309310913086,1306200,0.0,0.0
2019-05-13 00:00:00-04:00,31.59057331082233,31.958783252453266,31.43007301895996,31.8926944732666,1666500,0.0,0.0
2019-05-14 00:00:00-04:00,31.97768073930729,32.64801574815386,31.97768073930729,32.53471755981445,1693700,0.0,0.0
2019-05-15 00:00:00-04:00,32.17593891585391,33.601573045733026,31.840769734107862,33.290008544921875,2176400,0.0,0.0
2019-05-16 00:00:00-04:00,33.21448321550624,33.459955353417335,32.92180171122429,33.10118865966797,1766300,0.0,0.0
2019-05-17 00:00:00-04:00,32.789608001708984,33.733737239655916,32.65270883001861,32.789608001708984,2737600,0.0,0.0
2019-05-20 00:00:00-04:00,32.374201464483036,33.36553672055061,32.27034664308742,33.186153411865234,2102400,0.0,0.0
2019-05-21 00:00:00-04:00,33.27113680205285,34.092528745914905,33.23337074446691,33.88481903076172,1724500,0.0,0.0
2019-05-22 00:00:00-04:00,33.6204518559231,34.19637142348544,33.46089518157193,33.67709732055664,1741500,0.0,0.0
2019-05-23 00:00:00-04:00,33.31833278259194,33.327772493429805,32.46861474444703,32.95012283325195,1589600,0.0,0.0
2019-05-24 00:00:00-04:00,33.393857610251196,33.57324451060534,33.22391402126728,33.29944610595703,1278300,0.0,0.0
2019-05-28 00:00:00-04:00,33.308891023726694,33.60157249530927,33.1483907210182,33.32777404785156,915800,0.0,0.0
2019-05-29 00:00:00-04:00,33.1767149845592,33.27113010953235,32.81794471279872,32.98788833618164,1451600,0.0,0.0
2019-05-30 00:00:00-04:00,33.01621044994715,33.261682540331044,32.69992432371767,32.78017807006836,1268000,0.0,0.0
2019-05-31 00:00:00-04:00,32.2231316080818,32.647990481628156,31.703861252221678,32.07207107543945,1659700,0.0,0.0
2019-06-03 00:00:00-04:00,32.062638350329244,32.8462675981694,31.7699604976016,31.873811721801758,2627200,0.0,0.0
2019-06-04 00:00:00-04:00,32.411966306849266,32.56302687739463,32.034313079701825,32.27978515625,1209000,0.0,0.0
2019-06-05 00:00:00-04:00,32.364761949110445,32.59135464069642,31.61890229277071,31.722753524780273,1733600,0.0,0.0
2019-06-06 00:00:00-04:00,32.106453865847314,32.437396288786715,31.674785858438497,32.42300796508789,1541400,0.53,0.0
2019-06-07 00:00:00-04:00,32.61487042223582,32.69161305027671,32.04890634794895,32.259944915771484,1039400,0.0,0.0
2019-06-10 00:00:00-04:00,32.39424311974869,32.91224491736069,32.27913282893164,32.65324401855469,822300,0.0,0.0
2019-06-11 00:00:00-04:00,32.9410174487081,33.16164700317334,32.34627675148486,32.37505340576172,1238800,0.0,0.0
2019-06-12 00:00:00-04:00,32.28872178018309,32.45179803617827,31.617238417648085,31.741943359375,1105000,0.0,0.0
2019-06-13 00:00:00-04:00,31.789905682113716,32.14483119097699,31.789905682113716,32.11605453491211,821900,0.0,0.0
2019-06-14 00:00:00-04:00,32.202385153329885,32.202385153329885,31.530901853338182,32.058494567871094,789600,0.0,0.0
2019-06-17 00:00:00-04:00,32.06809887569509,32.37985946514998,31.943393908054997,32.221580505371094,922600,0.0,0.0
2019-06-18 00:00:00-04:00,32.44219317912877,33.26715788010314,32.24074933148306,33.180824279785156,1159900,0.0,0.0
2019-06-19 00:00:00-04:00,33.33431458807294,33.554944144792906,33.12327602978005,33.40146255493164,762300,0.0,0.0
2019-06-20 00:00:00-04:00,33.574128130096376,33.95783391529902,33.21920265732215,33.46860885620117,1491100,0.0,0.0
2019-06-21 00:00:00-04:00,33.372684850123804,33.372684850123804,32.614867923093016,32.710792541503906,1622100,0.0,0.0
2019-06-24 00:00:00-04:00,32.749162988210585,32.960201534292004,32.336680553209376,32.39423751831055,750500,0.0,0.0
2019-06-25 00:00:00-04:00,32.355871308841536,32.81631612436707,32.16401838755003,32.47098159790039,742900,0.0,0.0
2019-06-26 00:00:00-04:00,32.490167638216086,32.845096827532764,32.11605644990568,32.32709503173828,727200,0.0,0.0
2019-06-27 00:00:00-04:00,32.40382985167445,32.71079302628613,32.36066487053672,32.518943786621094,1081500,0.0,0.0
2019-06-28 00:00:00-04:00,32.63406020109095,33.3055436441008,32.528540903852075,33.1904296875,1481600,0.0,0.0
2019-07-01 00:00:00-04:00,33.6220875743816,33.94440143109712,33.11368056269205,33.41105270385742,681100,0.0,0.0
2019-07-02 00:00:00-04:00,33.36309808403849,33.54536002513485,32.6148756374465,33.08491516113281,993100,0.0,0.0
2019-07-03 00:00:00-04:00,33.15206202792344,33.516578579288186,32.82591313613525,33.1904296875,593300,0.0,0.0
2019-07-05 00:00:00-04:00,32.89306221964267,33.3870810739587,32.79713391925236,33.08491516113281,2283100,0.0,0.0
2019-07-08 00:00:00-04:00,33.04653602452129,33.57412874436046,32.41342402885636,32.710792541503906,965200,0.0,0.0
2019-07-09 00:00:00-04:00,32.38463982048082,32.72038326311295,31.646012297126358,31.70356559753418,1793600,0.0,0.0
2019-07-10 00:00:00-04:00,31.693983439317595,32.018211189283285,31.10883366005805,31.71316909790039,1624300,0.0,0.0
2019-07-11 00:00:00-04:00,31.646014445261486,31.902135431755877,30.56204874943441,30.974531173706055,3126100,0.0,0.0
2019-07-12 00:00:00-04:00,31.032088672217316,32.04890654424761,30.98412635904295,31.90501594543457,790900,0.0,0.0
2019-07-15 00:00:00-04:00,31.828277326622405,32.05849789610992,31.12801730055541,31.175979614257812,981600,0.0,0.0
2019-07-16 00:00:00-04:00,31.060867045483157,32.17360947428832,31.060867045483157,32.00094223022461,1347400,0.0,0.0
2019-07-17 00:00:00-04:00,32.00094145918523,32.192794354554536,31.56927335942669,31.588459014892578,1634400,0.0,0.0
2019-07-18 00:00:00-04:00,31.51171277611451,31.72754863086495,31.367825865570083,31.444564819335938,656800,0.0,0.0
2019-07-19 00:00:00-04:00,31.5788669906454,32.183202380698454,31.463756707541457,32.16401672363281,1115400,0.0,0.0
2019-07-22 00:00:00-04:00,32.08727264404297,32.499755057032445,32.039310338662894,32.08727264404297,795000,0.0,0.0
2019-07-23 00:00:00-04:00,32.288723335283024,32.509352914016716,31.981760124932666,32.47098159790039,729500,0.0,0.0
2019-07-24 00:00:00-04:00,32.28872604639993,32.79713322011413,32.231169067392685,32.62446594238281,756600,0.0,0.0
2019-07-25 00:00:00-04:00,32.61486907503498,32.66283138593443,31.837866465020717,32.13523864746094,907400,0.0,0.0
2019-07-26 00:00:00-04:00,32.14482838982268,32.32709028712413,31.482939742978992,31.75153160095215,1161400,0.0,0.0
2019-07-29 00:00:00-04:00,31.75153005626797,32.000939905929144,30.92656886701412,30.974531173706055,1293000,0.0,0.0
2019-07-30 00:00:00-04:00,30.773090547787252,31.876238355643135,30.696347921524325,31.847461700439453,1658500,0.0,0.0
2019-07-31 00:00:00-04:00,31.72275376180435,32.23116080519247,31.463752911600167,31.626829147338867,2816100,0.0,0.0
2019-08-01 00:00:00-04:00,29.97690318992304,31.473351514508376,29.209495200118997,29.93853187561035,4026300,0.0,0.0
2019-08-02 00:00:00-04:00,29.6987139115303,30.542864452119396,29.535641329673446,29.78504753112793,2714800,0.0,0.0
2019-08-05 00:00:00-04:00,28.844973579487974,29.19030807232396,28.585972709860982,28.95049285888672,4331700,0.0,0.0
2019-08-06 00:00:00-04:00,29.257455856208754,29.804234246679968,29.094381438906385,29.631567001342773,1379000,0.0,0.0
2019-08-07 00:00:00-04:00,29.12316221497738,29.593199847806364,28.734660882393985,29.43971824645996,1517500,0.0,0.0
2019-08-08 00:00:00-04:00,29.948118336954543,30.293452773767704,29.44930416445669,29.689119338989258,1339300,0.0,0.0
2019-08-09 00:00:00-04:00,29.689121380785434,29.76106484030619,28.998452459660065,29.171119689941406,942900,0.0,0.0
2019-08-12 00:00:00-04:00,28.92170902513553,29.26704345409718,28.787413115936907,28.96967315673828,815000,0.0,0.0
2019-08-13 00:00:00-04:00,28.75863998379877,29.68912418379838,28.662713532403103,29.324604034423828,1505000,0.0,0.0
2019-08-14 00:00:00-04:00,28.73945495045665,28.960086342341857,28.08715909204775,28.192676544189453,1727200,0.0,0.0
2019-08-15 00:00:00-04:00,28.288602952096404,28.47086303044019,28.029602077025487,28.24064064025879,1107200,0.0,0.0
2019-08-16 00:00:00-04:00,28.355748772252852,28.85456482801062,28.1830815352871,28.758638381958008,1195300,0.0,0.0
2019-08-19 00:00:00-04:00,29.20949205175073,29.391750286156235,28.7202688248651,29.01763916015625,1265800,0.0,0.0
2019-08-20 00:00:00-04:00,28.912124645831693,29.113570398128907,28.30779104823019,28.538013458251953,686800,0.0,0.0
2019-08-21 00:00:00-04:00,28.921716628785727,28.921716628785727,28.183085274714692,28.384531021118164,867700,0.0,0.0
2019-08-22 00:00:00-04:00,28.528414199377508,28.681895771466916,28.231043882159863,28.288599014282227,449100,0.0,0.0
2019-08-23 00:00:00-04:00,28.02001032735935,28.13512244170375,26.945639131821565,27.07993507385254,1473200,0.0,0.0
2019-08-26 00:00:00-04:00,27.348527640938904,27.530787718657315,26.792156409164992,27.070341110229492,1084200,0.0,0.0
2019-08-27 00:00:00-04:00,27.262190256963954,27.415671828727657,26.52355904932323,26.600299835205078,858000,0.0,0.0
2019-08-28 00:00:00-04:00,26.648270712543095,27.22382583746352,26.494789101944967,26.868900299072266,1493100,0.0,0.0
2019-08-29 00:00:00-04:00,27.185453124269042,27.502009137276122,27.05115718834025,27.329341888427734,721200,0.0,0.0
2019-08-30 00:00:00-04:00,27.540373329203423,27.68426389536124,27.28137433533736,27.5115966796875,830500,0.0,0.0
2019-09-03 00:00:00-04:00,27.13748722811415,27.31974545147265,26.322115232725974,26.341299057006836,1171100,0.0,0.0
2019-09-04 00:00:00-04:00,26.504373942287863,26.595504885283507,25.25733568856735,25.679410934448242,3811000,0.0,0.0
2019-09-05 00:00:00-04:00,26.48189351097511,27.969420896546296,26.447641395292905,27.65625762939453,2558300,0.53,0.0
2019-09-06 00:00:00-04:00,27.489889247435237,28.00856707220582,26.971211422664656,27.558393478393555,1343500,0.0,0.0
2019-09-09 00:00:00-04:00,27.812838165628825,28.39023361663416,27.631791008937395,28.15536117553711,1693200,0.0,0.0
2019-09-10 00:00:00-04:00,28.223864206433667,29.775001470330793,28.018349662570234,29.72117805480957,1973400,0.0,0.0
2019-09-11 00:00:00-04:00,29.750539500397284,29.838616905930397,29.10463977088803,29.574384689331055,1663100,0.0,0.0
2019-09-12 00:00:00-04:00,29.34929587252652,30.33771853924891,29.03613262497095,30.08327293395996,1434400,0.0,0.0
2019-09-13 00:00:00-04:00,30.279005454637687,30.807468047782894,30.279005454637687,30.562808990478516,1281800,0.0,0.0
2019-09-16 00:00:00-04:00,30.562809899343154,31.433795571935608,30.435588007065814,31.169565200805664,2385300,0.0,0.0
2019-09-17 00:00:00-04:00,30.885756678498893,31.032551729138646,30.18603167496237,30.396438598632812,1184500,0.0,0.0
2019-09-18 00:00:00-04:00,30.29857222117177,30.308358805989744,29.760323122384623,30.093059539794922,1016000,0.0,0.0
2019-09-19 00:00:00-04:00,30.073487148756087,30.10284690397012,29.34929665287868,29.388442993164062,1087700,0.0,0.0
2019-09-20 00:00:00-04:00,29.408019253494263,29.427592426936055,28.807138134955757,28.869770050048828,1424500,0.0,0.0
2019-09-23 00:00:00-04:00,28.644681949396904,28.869767826842423,28.26301256307579,28.674039840698242,1317200,0.0,0.0
2019-09-24 00:00:00-04:00,28.664250721188207,28.771899417102382,27.969418156977913,28.311941146850586,983600,0.0,0.0
2019-09-25 00:00:00-04:00,28.17493142155744,28.74254022861771,27.75411764162309,28.683820724487305,597700,0.0,0.0
2019-09-26 00:00:00-04:00,28.537031213549028,28.76211708975772,28.204294758892527,28.556604385375977,1192300,0.0,0.0
2019-09-27 00:00:00-04:00,28.6544637160991,28.908909308652316,27.969417746409672,28.06728172302246,935000,0.0,0.0
2019-09-30 00:00:00-04:00,28.116214069871408,28.116214069871408,27.519247331645026,27.68561553955078,1756300,0.0,0.0
2019-10-01 00:00:00-04:00,27.822625878288104,27.96942092659818,26.149157101072372,26.48189353942871,1882800,0.0,0.0
2019-10-02 00:00:00-04:00,26.188305445618994,26.648263796593678,25.92407321849291,26.54061508178711,1861300,0.0,0.0
2019-10-03 00:00:00-04:00,26.315528326639587,27.431174927772684,26.315528326639587,27.23544692993164,1514600,0.0,0.0
2019-10-04 00:00:00-04:00,27.2256590035855,27.636686285544318,27.0299328819768,27.61711311340332,972200,0.0,0.0
2019-10-07 00:00:00-04:00,27.431166785647605,27.46052466998938,26.980993270874023,26.980993270874023,1024900,0.0,0.0
2019-10-08 00:00:00-04:00,26.60911722180653,26.746125684365055,26.139370455062455,26.43296241760254,2736800,0.0,0.0
2019-10-09 00:00:00-04:00,26.706979794606514,26.873346137986125,26.452534187190302,26.746124267578125,604300,0.0,0.0
2019-10-10 00:00:00-04:00,26.80483943051236,27.60732065149184,26.569967014611052,27.529029846191406,1474100,0.0,0.0
2019-10-11 00:00:00-04:00,27.83240704063305,29.300360970906524,27.81772623204235,28.938264846801758,2271800,0.0,0.0
2019-10-14 00:00:00-04:00,28.644675850967996,28.899121432144003,28.360870518140906,28.44894790649414,826000,0.0,0.0
2019-10-15 00:00:00-04:00,28.45873879859458,29.114425085262834,28.302157165951446,28.762115478515625,1417400,0.0,0.0
2019-10-16 00:00:00-04:00,28.77189647415987,29.222069980500706,28.654461205792654,28.820829391479492,831600,0.0,0.0
2019-10-17 00:00:00-04:00,29.045919376399592,29.26121864367903,28.448950765697244,29.02634620666504,1189500,0.0,0.0
2019-10-18 00:00:00-04:00,28.996990132546316,30.445373144537566,28.889341418543236,30.190927505493164,2546200,0.0,0.0
2019-10-21 00:00:00-04:00,30.337722953171557,31.052126948923423,30.23985895742188,30.44537353515625,2451900,0.0,0.0
2019-10-22 00:00:00-04:00,30.58238137370853,31.746957112467044,29.9854126919816,31.296785354614258,4127700,0.0,0.0
2019-10-23 00:00:00-04:00,31.198920378605532,32.03076149910011,30.49919723207814,31.864395141601562,3299000,0.0,0.0
2019-10-24 00:00:00-04:00,31.864396539987684,32.089482421705306,31.25764126470493,31.570802688598633,1517200,0.0,0.0
2019-10-25 00:00:00-04:00,31.61973643365176,32.23627454136808,31.414219997878877,32.089481353759766,3739200,0.0,0.0
2019-10-28 00:00:00-04:00,32.29498551430075,32.57879082842467,31.629512786865234,31.629512786865234,2321800,0.0,0.0
2019-10-29 00:00:00-04:00,31.198924718740514,32.59837680627654,30.190930514800105,32.314571380615234,4255100,0.0,0.0
2019-10-30 00:00:00-04:00,32.10905346832633,32.24606193219717,30.6410973747659,31.424007415771484,2745900,0.0,0.0
2019-10-31 00:00:00-04:00,30.47472498507498,31.17444988685664,30.425793930844126,31.14998435974121,1643700,0.0,0.0
2019-11-01 00:00:00-04:00,31.43378947730004,32.148193359375,31.198917044834303,32.148193359375,1306400,0.0,0.0
2019-11-04 00:00:00-05:00,32.49072675405861,32.94579279475563,32.353718265797376,32.7255973815918,2329600,0.0,0.0
2019-11-05 00:00:00-05:00,32.823458224885314,33.077901987927504,31.903537830592647,31.942684173583984,1165900,0.0,0.0
2019-11-06 00:00:00-05:00,31.786106459345284,32.26563988719369,31.639313254804815,32.030765533447266,691600,0.0,0.0
2019-11-07 00:00:00-05:00,32.363491393188546,32.95067148488306,32.32434505822226,32.52986145019531,1027700,0.0,0.0
2019-11-08 00:00:00-05:00,32.500500617413906,33.0338591779129,32.11883317527337,33.00939178466797,893700,0.0,0.0
2019-11-11 00:00:00-05:00,32.676655549798596,33.15618883397849,32.55922027470967,33.097469329833984,841200,0.0,0.0
2019-11-12 00:00:00-05:00,33.058330363697074,33.28341624663108,32.862606105981186,32.911537170410156,849800,0.0,0.0
2019-11-13 00:00:00-05:00,32.54942731048639,32.76472839596054,32.1579752034056,32.666866302490234,666300,0.0,0.0
2019-11-14 00:00:00-05:00,32.56901514060287,32.67666573181155,32.17756285726368,32.29499816894531,876400,0.0,0.0
2019-11-15 00:00:00-05:00,32.50050805490959,33.04854568348979,32.441792270805195,32.93111038208008,833500,0.0,0.0
2019-11-18 00:00:00-05:00,32.86260248371471,33.068115171584395,32.48093126355608,33.01918411254883,806800,0.0,0.0
2019-11-19 00:00:00-05:00,33.12682694631953,33.47913650192565,32.80387900914729,32.940887451171875,2363500,0.0,0.0
2019-11-20 00:00:00-05:00,32.84302906378119,33.3519202869235,32.62772792582085,32.86260223388672,766700,0.0,0.0
2019-11-21 00:00:00-05:00,32.87238631824717,32.87238631824717,32.35371038665733,32.490718841552734,976700,0.0,0.0
2019-11-22 00:00:00-05:00,32.598366346110396,32.98981850429494,32.44178473619657,32.940887451171875,573200,0.0,0.0
2019-11-25 00:00:00-05:00,32.95068024333426,33.410640468447944,32.67666329213511,33.224700927734375,1081100,0.0,0.0
2019-11-26 00:00:00-05:00,33.19533542945118,33.27362811106052,32.64730159098794,33.214908599853516,963400,0.0,0.0
2019-11-27 00:00:00-05:00,33.23448205880791,33.49871426173278,32.86260301753638,33.39106369018555,815600,0.0,0.0
2019-11-29 00:00:00-05:00,33.35192068833878,33.5672180956899,33.12683109601632,33.14640426635742,383700,0.0,0.0
2019-12-02 00:00:00-05:00,33.28341224066024,33.518286548131265,32.823455810546875,32.823455810546875,952000,0.0,0.0
2019-12-03 00:00:00-05:00,32.38307217418239,32.686450741697854,32.17755946709168,32.559226989746094,642300,0.0,0.0
2019-12-04 00:00:00-05:00,32.72558206529259,33.13661107090692,32.598362090421105,32.666866302490234,890200,0.0,0.0
2019-12-05 00:00:00-05:00,33.32318732102773,33.66129204622504,33.14419427209377,33.333133697509766,672800,0.53,0.0
2019-12-06 00:00:00-05:00,33.591690127074706,33.93974130690361,33.571801163076024,33.89996337890625,530700,0.0,0.0
2019-12-09 00:00:00-05:00,33.7905808618538,33.89996828295478,33.60164136668191,33.66130447387695,618100,0.0,0.0
2019-12-10 00:00:00-05:00,32.865752954911436,33.581740331405186,32.865752954911436,33.253578186035156,1121400,0.0,0.0
2019-12-11 00:00:00-05:00,33.661293084491696,34.2281151716542,33.56185207719105,34.09884262084961,699300,0.0,0.0
2019-12-12 00:00:00-05:00,34.04913260766631,34.87450384416443,33.98946570884391,34.82478332519531,1253200,0.0,0.0
2019-12-13 00:00:00-05:00,34.73527692805358,35.689924330243684,34.73527692805358,35.34187698364258,2092700,0.0,0.0
2019-12-16 00:00:00-05:00,35.63025849683076,35.98824840003183,35.312038927155456,35.97830581665039,1340300,0.0,0.0
2019-12-17 00:00:00-05:00,36.01809087323565,36.16725241409804,35.53082073551497,35.87887191772461,1779500,0.0,0.0
2019-12-18 00:00:00-05:00,36.00814412761622,36.45563633250858,35.63026519320222,35.95842361450195,1757500,0.0,0.0
2019-12-19 00:00:00-05:00,36.28658676147461,36.63463415564816,36.00814505270368,36.28658676147461,816000,0.0,0.0
2019-12-20 00:00:00-05:00,36.34625060883675,36.83352076413258,36.137422168038036,36.43574905395508,1967500,0.0,0.0
2019-12-23 00:00:00-05:00,36.52524643833897,36.84346227986675,36.1473637039877,36.67441177368164,749600,0.0,0.0
2019-12-24 00:00:00-05:00,36.793741241131194,37.03240501558915,36.50535695341216,36.57496643066406,268500,0.0,0.0
2019-12-26 00:00:00-05:00,36.6744128890231,36.95285081046975,36.50535858426466,36.744022369384766,494400,0.0,0.0
2019-12-27 00:00:00-05:00,36.79374288486707,36.9230192598668,36.714187025349645,36.744022369384766,714300,0.0,0.0
2019-12-30 00:00:00-05:00,36.76391052781209,36.783799492255156,36.20703090370232,36.28658676147461,1058400,0.0,0.0
2019-12-31 00:00:00-05:00,36.25674630306906,36.753958963703894,36.05786048012881,36.475521087646484,1035500,0.0,0.0
2020-01-02 00:00:00-05:00,36.67441177368164,36.823573315592256,36.20703059681119,36.67441177368164,917100,0.0,0.0
2020-01-03 00:00:00-05:00,36.30647612606954,36.634638387136526,36.08770507879074,36.51530838012695,694500,0.0,0.0
2020-01-06 00:00:00-05:00,36.2965221168332,36.39596312580816,35.90869687102701,36.0777473449707,807300,0.0,0.0
2020-01-07 00:00:00-05:00,35.96836925355498,36.197090461477174,35.70484709758691,35.809261322021484,839500,0.0,0.0
2020-01-08 00:00:00-05:00,35.868924601728885,36.32635938457923,35.481099294815245,35.55070877075195,1131700,0.0,0.0
2020-01-09 00:00:00-05:00,35.769479997308,35.858978427902834,35.39657050206811,35.600425720214844,648800,0.0,0.0
2020-01-10 00:00:00-05:00,35.53082205714737,35.679987396990256,34.675615534703425,34.94411087036133,985700,0.0,0.0
2020-01-13 00:00:00-05:00,35.09327771720342,35.35182668481075,34.934169784806826,35.24243927001953,508800,0.0,0.0
2020-01-14 00:00:00-05:00,35.15293592508738,35.32696340261728,34.58412599951195,34.73527908325195,911100,0.0,0.0
2020-01-15 00:00:00-05:00,34.66566428466214,34.94410213644859,34.07398005618471,34.30767059326172,2567000,0.0,0.0
2020-01-16 00:00:00-05:00,34.54635111362718,35.063449148783995,34.54635111362718,34.91428756713867,762400,0.0,0.0
2020-01-17 00:00:00-05:00,35.003777201511284,35.52584829569301,34.77505979928422,35.2822151184082,578900,0.0,0.0
2020-01-21 00:00:00-05:00,34.90432687241791,35.26232059105711,34.357393710466475,34.367340087890625,1096400,0.0,0.0
2020-01-22 00:00:00-05:00,34.596054821715526,34.78499425065187,34.27783905012209,34.30767059326172,443600,0.0,0.0
2020-01-23 00:00:00-05:00,33.97951111110827,34.864552825815515,33.74085116040302,34.67560958862305,884200,0.0,0.0
2020-01-24 00:00:00-05:00,34.70544152223273,34.70544152223273,34.07895257459746,34.46677780151367,773800,0.0,0.0
2020-01-27 00:00:00-05:00,33.87013324343133,35.14299664502272,33.74085686875966,34.32756805419922,1406200,0.0,0.0
2020-01-28 00:00:00-05:00,34.50655381428213,35.570588432118534,34.4071090222132,35.381649017333984,1319400,0.0,0.0
2020-01-29 00:00:00-05:00,35.55070675987631,36.13741787632203,35.27226887187893,35.89875411987305,906400,0.0,0.0
2020-01-30 00:00:00-05:00,35.600430098791406,36.32636021693037,35.40154425151574,36.00814437866211,740500,0.0,0.0
2020-01-31 00:00:00-05:00,35.68992776619763,35.888813609159,34.899361377051875,35.113162994384766,936000,0.0,0.0
2020-02-03 00:00:00-05:00,35.37170896135536,36.226915358795104,35.19271209708045,35.570594787597656,583700,0.0,0.0
2020-02-04 00:00:00-05:00,36.30646923834656,37.012514146670924,36.102614006438394,36.35619354248047,1085500,0.0,0.0
2020-02-05 00:00:00-05:00,36.87329387033301,36.87329387033301,36.266693798707934,36.54513168334961,842200,0.0,0.0
2020-02-06 00:00:00-05:00,36.58491176119696,36.87329604065363,36.0976416409622,36.813629150390625,1152000,0.0,0.0
2020-02-07 00:00:00-05:00,37.00256590977376,37.41028014654176,36.42580118642392,36.883235931396484,2812100,0.0,0.0
2020-02-10 00:00:00-05:00,36.75395898589711,37.37050541672732,36.65451797108271,37.350616455078125,1764600,0.0,0.0
2020-02-11 00:00:00-05:00,37.589276586672646,37.996990818840075,37.330727670867375,37.52961349487305,1272000,0.0,0.0
2020-02-12 00:00:00-05:00,37.78817148412643,38.66326704381466,37.74839355108776,38.26549530029297,1770800,0.0,0.0
2020-02-13 00:00:00-05:00,38.0666054863357,38.35498978085209,37.25117691065165,37.340675354003906,1065200,0.0,0.0
2020-02-14 00:00:00-05:00,37.4401234716745,37.499786576872644,36.5351963729891,36.62469482421875,2220300,0.0,0.0
2020-02-18 00:00:00-05:00,36.26669782720895,37.70861171292668,35.94848198271918,37.340675354003906,3619600,0.0,0.0
2020-02-19 00:00:00-05:00,37.489839725991324,37.9969950296485,37.00256959284996,37.4500617980957,1948400,0.0,0.0
2020-02-20 00:00:00-05:00,37.241232359064824,38.4743177430065,37.16167650542632,38.43454360961914,1834100,0.0,0.0
2020-02-21 00:00:00-05:00,38.16605035978641,38.7428151561601,38.06660553735502,38.39476776123047,2869900,0.0,0.0
2020-02-24 00:00:00-05:00,37.072177242140725,37.21139618947934,36.35619354248047,36.35619354248047,2042300,0.0,0.0
2020-02-25 00:00:00-05:00,36.62468915072465,36.68435224668045,35.202660531156575,35.530818939208984,3193200,0.0,0.0
2020-02-26 00:00:00-05:00,35.868924601728885,36.09266880389231,35.25238190339007,35.55070877075195,2791500,0.0,0.0
2020-02-27 00:00:00-05:00,34.40712480460508,35.41149680133194,33.40275660131089,33.422645568847656,3235300,0.0,0.0
2020-02-28 00:00:00-05:00,32.73648847627993,33.40275559160713,30.876913692279796,32.607215881347656,9109500,0.0,0.0
2020-03-02 00:00:00-05:00,32.87570590243878,34.55628350435312,32.39838215384948,32.61715316772461,38314900,0.0,0.0
2020-03-03 00:00:00-05:00,32.41826742840497,32.71659809148591,30.499027946022125,31.523286819458008,18033500,0.0,0.0
2020-03-04 00:00:00-05:00,31.642614826119782,31.821611695380838,29.623932548092213,30.7774658203125,25202700,0.0,0.0
2020-03-05 00:00:00-05:00,29.74326341419994,29.971980799849554,26.63071276224931,26.68043327331543,15758700,0.0,0.0
2020-03-06 00:00:00-05:00,25.208683784463464,28.629507625745642,24.542418703410192,27.635082244873047,17039700,0.0,0.0
2020-03-09 00:00:00-04:00,25.407567155965165,26.014167231718048,22.74250878790448,23.19994354248047,11306200,0.0,0.0
2020-03-10 00:00:00-04:00,24.11481696887936,24.37336781140935,21.738140769411096,23.726991653442383,10318500,0.0,0.0
2020-03-11 00:00:00-04:00,23.05078319417554,24.00543075549784,22.334795626467713,23.359054565429688,10683700,0.0,0.0
2020-03-12 00:00:00-04:00,20.85310244914872,22.702734521308084,19.77912296457274,21.221040725708008,10578900,0.0,0.0
2020-03-13 00:00:00-04:00,22.31490837794595,23.42866385716147,20.092366815660608,22.87178611755371,8556200,0.0,0.0
2020-03-16 00:00:00-04:00,20.226615138381362,21.917139273532666,19.58023893260568,21.131542205810547,6441600,0.0,0.0
2020-03-17 00:00:00-04:00,21.38014966399142,22.483962648942036,20.634330489666137,21.4199275970459,7718300,0.0,0.0
2020-03-18 00:00:00-04:00,19.719456025091834,20.29622269347721,16.915176640986534,19.112855911254883,8292600,0.0,0.0
2020-03-19 00:00:00-04:00,18.804582621711567,22.22540624854365,18.715084191306385,19.89845085144043,5737500,0.0,0.0
2020-03-20 00:00:00-04:00,20.10727907240366,21.270756760221296,19.262019076821854,19.500680923461914,5900000,0.0,0.0
2020-03-23 00:00:00-04:00,19.38135381092602,20.09733952665836,18.178099801564084,19.391298294067383,6477500,0.0,0.0
2020-03-24 00:00:00-04:00,20.475218461875734,22.444180233670927,19.679678926821875,22.285072326660156,4696900,0.0,0.0
2020-03-25 00:00:00-04:00,22.573459872154444,25.089355202620606,21.40003746498417,23.150226593017578,5175600,0.0,0.0
2020-03-26 00:00:00-04:00,22.464076030319458,23.99549057536894,22.404411021217907,23.279504776000977,5518500,0.0,0.0
2020-03-27 00:00:00-04:00,22.25523510060272,22.931444538836242,21.56908307949713,22.503841400146484,4304400,0.0,0.0
2020-03-30 00:00:00-04:00,22.61323341818459,23.796600177870623,22.056355724038898,23.617603302001953,3760200,0.0,0.0
2020-03-31 00:00:00-04:00,23.398830083705658,24.999853670072696,23.398830083705658,24.6617488861084,6458500,0.0,0.0
2020-04-01 00:00:00-04:00,23.80654448764775,24.96007779412343,23.46843970160668,23.657381057739258,7902900,0.0,0.0
2020-04-02 00:00:00-04:00,23.398834076749228,24.55236757299155,22.464073520581753,22.91156578063965,6383200,0.0,0.0
2020-04-03 00:00:00-04:00,22.921506818132247,23.756824382647313,22.4441830374711,23.359054565429688,3826800,0.0,0.0
2020-04-06 00:00:00-04:00,24.51258602137373,25.89483863353394,24.41314310085116,25.288238525390625,5045100,0.0,0.0
2020-04-07 00:00:00-04:00,26.312495805893494,26.670489565445557,24.497670545310875,24.681638717651367,4253100,0.0,0.0
2020-04-08 00:00:00-04:00,24.761192610044972,25.7058975189289,24.28884015560301,25.556734085083008,3268900,0.0,0.0
2020-04-09 00:00:00-04:00,26.004224660588765,27.356643854700692,25.725786753600538,26.35227394104004,3299800,0.0,0.0
2020-04-13 00:00:00-04:00,26.332386225034664,26.78982293160321,25.487124188659365,26.073835372924805,3164100,0.0,0.0
2020-04-14 00:00:00-04:00,26.73015399075828,27.30692064847155,25.95450339052908,26.203109741210938,2551400,0.0,0.0
2020-04-15 00:00:00-04:00,25.37773840869259,25.427458923426,24.01537468243421,24.224205017089844,2597100,0.0,0.0
2020-04-16 00:00:00-04:00,24.055149681476806,24.641860788101788,23.08061139965081,24.46286392211914,3761900,0.0,0.0
2020-04-17 00:00:00-04:00,25.268348313394853,26.839540310525383,25.168905397785913,26.66054344177246,3811400,0.0,0.0
2020-04-20 00:00:00-04:00,26.10366836612895,26.970807110661834,25.487123745402467,26.282665252685547,4002900,0.0,0.0
2020-04-21 00:00:00-04:00,25.55673300908234,26.392050479509596,25.457290091799877,26.232940673828125,3174100,0.0,0.0
2020-04-22 00:00:00-04:00,26.66054196951199,26.94892621918105,25.80533749461964,26.670486450195312,2641900,0.0,0.0
2020-04-23 00:00:00-04:00,26.849481962449772,27.9334056452637,26.6804295927435,27.207475662231445,2991100,0.0,0.0
2020-04-24 00:00:00-04:00,27.47597182824361,27.94335296076337,27.088146545272615,27.664913177490234,3126100,0.0,0.0
2020-04-27 00:00:00-04:00,27.923465085285414,29.265939751222543,27.704692180658206,28.609619140625,3505500,0.0,0.0
2020-04-28 00:00:00-04:00,29.226164407702964,29.832764560720086,28.569843739104407,29.106834411621094,2800800,0.0,0.0
2020-04-29 00:00:00-04:00,29.832758486632077,30.31008216720642,29.54934743274633,30.15097427368164,2132600,0.0,0.0
2020-04-30 00:00:00-04:00,29.74325963104932,29.783037552215454,28.70905833803361,28.91788673400879,2507200,0.0,0.0
2020-05-01 00:00:00-04:00,28.490284286176852,28.594698486807296,27.456082966984184,27.973182678222656,1507800,0.0,0.0
2020-05-04 00:00:00-04:00,27.59529941365582,27.605243893302642,26.630707648500586,27.217418670654297,1763500,0.0,0.0
2020-05-05 00:00:00-04:00,27.35664142193935,28.22179040845425,27.35664142193935,27.436195373535156,2074000,0.0,0.0
2020-05-06 00:00:00-04:00,27.58536453008772,27.6350869456187,26.93898830191471,27.1279296875,1515600,0.0,0.0
2020-05-07 00:00:00-04:00,27.585360794622687,28.10743375834619,27.426252879901543,27.52569580078125,1705700,0.0,0.0
2020-05-08 00:00:00-04:00,28.052739695851667,29.031255445176008,27.794190760295557,29.007389068603516,1869500,0.0,0.0
2020-05-11 00:00:00-04:00,28.728949622857225,29.166497336392343,27.993075043607597,28.92783546447754,2878100,0.0,0.0
2020-05-12 00:00:00-04:00,27.35664532488627,29.236108884925848,27.247257914567406,27.306922912597656,5602100,0.0,0.0
2020-05-13 00:00:00-04:00,26.879313829799337,26.90914537189138,25.226578495483697,25.775501251220703,4952200,0.0,0.0
2020-05-14 00:00:00-04:00,25.2782941149148,26.988705145203248,24.671694005061756,26.56110191345215,3223900,0.0,0.0
2020-05-15 00:00:00-04:00,26.292607392236512,26.73015319070504,26.073832596286373,26.27271842956543,3029200,0.0,0.0
2020-05-18 00:00:00-04:00,27.1577578219433,28.798559393624974,27.1577578219433,28.540010452270508,2445800,0.0,0.0
2020-05-19 00:00:00-04:00,28.361013584173115,28.9576692186838,27.923465865969817,28.32123565673828,4322000,0.0,0.0
2020-05-20 00:00:00-04:00,28.709061441707032,29.49465650251038,28.525091381498576,28.858224868774414,2766600,0.0,0.0
2020-05-21 00:00:00-04:00,28.78861512275322,29.246049880981445,28.490286374733373,29.246049880981445,2218200,0.0,0.0
2020-05-22 00:00:00-04:00,29.29576889920246,29.29576889920246,28.27151203761125,28.38089942932129,2312000,0.0,0.0
2020-05-26 00:00:00-04:00,29.335549635659405,30.678024320363278,29.12672120969362,30.240476608276367,3931800,0.0,0.0
2020-05-27 00:00:00-04:00,30.837129666641946,31.513339193545836,29.733316944977318,29.832759857177734,3437200,0.0,0.0
2020-05-28 00:00:00-04:00,27.843908426036005,29.206271922864836,27.774298958445435,28.5897274017334,6700100,0.0,0.0
2020-05-29 00:00:00-04:00,28.400788943493705,28.52012082626121,27.595304899139812,28.042797088623047,5718600,0.0,0.0
2020-06-01 00:00:00-04:00,28.032852060371482,28.723977397651012,27.560499624397824,28.599674224853516,2916700,0.0,0.0
2020-06-02 00:00:00-04:00,28.878116018945217,29.186387377797296,28.43062380713089,28.68917465209961,2427800,0.0,0.0
2020-06-03 00:00:00-04:00,29.1665001928575,30.687971909127445,28.957671745748605,30.618362426757812,3020200,0.0,0.0
2020-06-04 00:00:00-04:00,30.45925166321367,31.10562974354931,30.260367704947086,30.508974075317383,3246100,0.0,0.0
2020-06-05 00:00:00-04:00,31.901169418828758,33.780632863007604,31.821613564071246,33.05470275878906,6281700,0.0,0.0
2020-06-08 00:00:00-04:00,34.65573512105834,34.90434155318483,33.23370602582022,34.83473205566406,6190800,0.0,0.0
2020-06-09 00:00:00-04:00,34.118736854021044,34.297733729571064,32.8259807987305,32.90553665161133,3333300,0.0,0.0
2020-06-10 00:00:00-04:00,32.74642099896433,33.08949889491338,32.37848474993972,32.59725570678711,3277800,0.0,0.0
2020-06-11 00:00:00-04:00,31.085741912682394,31.3542372576886,30.489086222685106,30.578584671020508,5547600,0.0,0.0
2020-06-12 00:00:00-04:00,31.791776549487437,31.980717889893405,30.349860984769244,31.045957565307617,3081900,0.0,0.0
2020-06-15 00:00:00-04:00,29.87253813046853,31.04595843868041,29.425045968685662,30.847074508666992,4265500,0.0,0.0
2020-06-16 00:00:00-04:00,32.45804637876217,32.88564962965879,30.946521122402352,31.195127487182617,4575600,0.0,0.0
2020-06-17 00:00:00-04:00,30.3299740329484,30.787408796464327,29.315659692044544,29.385269165039062,11689000,0.0,0.0
2020-06-18 00:00:00-04:00,29.246052394745252,30.091314408379862,29.156553952318294,29.216218948364258,5166200,0.0,0.0
2020-06-19 00:00:00-04:00,29.663707368358963,29.6835963300704,28.629506016669385,28.64939308166504,6945900,0.0,0.0
2020-06-22 00:00:00-04:00,28.45051137424923,29.285828864138626,28.271514498313515,29.007389068603516,4126000,0.0,0.0
2020-06-23 00:00:00-04:00,29.345493248276224,29.474767713371758,28.69911712936675,28.81844711303711,4871200,0.0,0.0
2020-06-24 00:00:00-04:00,28.530059559705844,28.530059559705844,26.57104069901834,27.34669303894043,10711200,0.0,0.0
2020-06-25 00:00:00-04:00,27.2074771369443,27.525692933235803,26.660542077441985,27.416305541992188,6608200,0.0,0.0
2020-06-26 00:00:00-04:00,27.356641069299318,27.615191882831798,26.929037873715444,27.078201293945312,9657300,0.0,0.0
2020-06-29 00:00:00-04:00,27.336755852161005,28.14223994911293,27.117982932303313,27.95330047607422,3721700,0.0,0.0
2020-06-30 00:00:00-04:00,27.754411268098576,28.211847913764668,27.396417536422142,27.963241577148438,3384400,0.0,0.0
2020-07-01 00:00:00-04:00,28.02290499944288,28.490284203321643,27.754409715703375,27.883686065673828,3287100,0.0,0.0
2020-07-02 00:00:00-04:00,28.450513069187515,29.0571113111216,28.191962221512316,28.301347732543945,3861400,0.0,0.0
2020-07-06 00:00:00-04:00,28.7587830481582,29.23610679165657,28.455482993419874,29.146608352661133,2797600,0.0,0.0
2020-07-07 00:00:00-04:00,28.947719565987367,28.977551109518807,27.91351639800976,27.943349838256836,2380700,0.0,0.0
2020-07-08 00:00:00-04:00,27.923463652866246,28.251623941331037,27.565469921189813,27.963241577148438,2630400,0.0,0.0
2020-07-09 00:00:00-04:00,27.8439079587235,27.953295346938937,27.008590568224534,27.704689025878906,2904900,0.0,0.0
2020-07-10 00:00:00-04:00,27.664919045860117,28.25163028372637,27.625143009364162,28.15218734741211,3594500,0.0,0.0
2020-07-13 00:00:00-04:00,28.390847798294,29.146611420061237,28.241684349842238,28.470401763916016,3655000,0.0,0.0
2020-07-14 00:00:00-04:00,28.520120310541934,29.594099649165376,28.271513964594693,29.564266204833984,3045400,0.0,0.0
2020-07-15 00:00:00-04:00,30.001815624161157,30.876909177491346,30.001815624161157,30.787410736083984,3462000,0.0,0.0
2020-07-16 00:00:00-04:00,30.71780251600471,31.145405776516196,30.280256669788567,30.508974075317383,2676800,0.0,0.0
2020-07-17 00:00:00-04:00,30.638249163821488,30.966409503380227,30.240479342646672,30.479141235351562,2905600,0.0,0.0
2020-07-20 00:00:00-04:00,30.43936467313378,31.205070854333318,30.240478817641176,31.125516891479492,3138600,0.0,0.0
2020-07-21 00:00:00-04:00,31.324400714366853,31.82161342411871,31.22495779307329,31.47356414794922,3143700,0.0,0.0
2020-07-22 00:00:00-04:00,31.543173000649805,31.97077812277884,31.334344577103458,31.722169876098633,2453500,0.0,0.0
2020-07-23 00:00:00-04:00,31.622724791325684,31.930998009807087,31.234899518887797,31.453672409057617,2109800,0.0,0.0
2020-07-24 00:00:00-04:00,31.503397340843073,31.612784743060818,31.105627555573026,31.423843383789062,2427600,0.0,0.0
2020-07-27 00:00:00-04:00,31.602838336877163,31.77686201461186,31.244844603576258,31.642614364624023,1862200,0.0,0.0
2020-07-28 00:00:00-04:00,31.692337396225405,31.791778415914745,31.006183359416923,31.175235748291016,3074800,0.0,0.0
2020-07-29 00:00:00-04:00,31.45367250245469,31.9807186126709,31.224955130682222,31.9807186126709,1957800,0.0,0.0
2020-07-30 00:00:00-04:00,31.4934543064861,31.732116188616462,31.06585105640069,31.632673263549805,1930000,0.0,0.0
2020-07-31 00:00:00-04:00,31.483511765538722,31.901172455914296,30.8371355578248,31.413902282714844,2658200,0.0,0.0
2020-08-03 00:00:00-04:00,31.662507809481678,32.47793640925303,31.473566434966138,32.44810485839844,2969600,0.0,0.0
2020-08-04 00:00:00-04:00,32.75637520724051,33.323197449198204,31.911115034056518,32.467994689941406,5173500,0.0,0.0
2020-08-05 00:00:00-04:00,32.75636500668526,33.41268549264478,32.60223031324534,32.716590881347656,2362900,0.0,0.0
2020-08-06 00:00:00-04:00,32.65692625860558,33.000004193175656,32.358599434098785,32.855812072753906,1847800,0.0,0.0
2020-08-07 00:00:00-04:00,32.75637389568243,33.730910409386524,32.57737700608043,33.71102523803711,2916200,0.0,0.0
2020-08-10 00:00:00-04:00,33.770696829637366,34.84467843727166,33.62153524642134,34.83473205566406,3477500,0.0,0.0
2020-08-11 00:00:00-04:00,35.16289004115283,36.04096727479998,35.16289004115283,35.66010284423828,3626000,0.0,0.0
2020-08-12 00:00:00-04:00,35.86892619724081,35.98825619080718,35.18277399244405,35.41149139404297,1977300,0.0,0.0
2020-08-13 00:00:00-04:00,35.172823561580394,35.262321994803,34.849634564196975,34.924217224121094,1710000,0.0,0.0
2020-08-14 00:00:00-04:00,34.65572261881932,35.40154164614052,34.327564219382495,35.202659606933594,1572700,0.0,0.0
2020-08-17 00:00:00-04:00,35.25239099354415,35.34188945617391,34.4866827673635,34.61595916748047,1595500,0.0,0.0
2020-08-18 00:00:00-04:00,34.53638934030745,34.814827203367244,34.407112992416245,34.427001953125,1917900,0.0,0.0
2020-08-19 00:00:00-04:00,34.48667782516895,34.78500472670475,34.10879506005968,34.23807144165039,1363000,0.0,0.0
2020-08-20 00:00:00-04:00,33.81047289136089,34.506571621340186,33.64142234775187,34.43696212768555,1647600,0.0,0.0
2020-08-21 00:00:00-04:00,34.40711878945591,34.7253346275474,34.23806828509632,34.51650619506836,1364700,0.0,0.0
2020-08-24 00:00:00-04:00,34.745226507101144,35.25238564960001,34.51650909137057,35.24243927001953,1304500,0.0,0.0
2020-08-25 00:00:00-04:00,35.36176437054278,35.44131642046668,34.7452179648334,35.043548583984375,1303300,0.0,0.0
2020-08-26 00:00:00-04:00,34.97393947208989,35.19271427383131,34.69550157418762,34.96399688720703,1202800,0.0,0.0
2020-08-27 00:00:00-04:00,35.192710359640536,35.30707093694923,34.88444094794406,35.09326934814453,1421600,0.0,0.0
2020-08-28 00:00:00-04:00,35.19270221819939,35.640194253271964,35.00873601014718,35.560638427734375,2421100,0.0,0.0
2020-08-31 00:00:00-04:00,35.64020594518067,35.64020594518067,34.86455535888672,34.86455535888672,1779900,0.0,0.0
2020-09-01 00:00:00-04:00,34.72533464683769,36.02803334273288,34.407118808569436,36.00814437866211,1895400,0.0,0.0
2020-09-02 00:00:00-04:00,36.057862026361796,36.15233364983165,35.48109728787697,35.89875411987305,2314700,0.0,0.0
2020-09-03 00:00:00-04:00,35.89875971383331,36.13742350747231,34.834724712117016,35.192718505859375,2030600,0.0,0.0
2020-09-04 00:00:00-04:00,35.68992776619763,35.998201012459354,34.99382921254878,35.113162994384766,2199100,0.0,0.0
2020-09-08 00:00:00-04:00,34.87449717574881,34.914275100691064,33.86018285031152,34.2778434753418,3055700,0.0,0.0
2020-09-09 00:00:00-04:00,34.66567733987947,35.471159655446705,34.46679145937464,35.22255325317383,2028000,0.0,0.0
2020-09-10 00:00:00-04:00,35.22255748283207,35.562653934642796,34.7651225581433,34.83473205566406,2172200,0.0,0.0
2020-09-11 00:00:00-04:00,35.03361123616744,35.90373358161044,34.83472536995113,35.7794303894043,2233100,0.0,0.0
2020-09-14 00:00:00-04:00,35.80925757801239,36.187140298432325,35.62031811451838,36.117530822753906,1947400,0.0,0.0
2020-09-15 00:00:00-04:00,36.16724987056561,36.395967251881906,35.78937095887701,36.12747573852539,1992800,0.0,0.0
2020-09-16 00:00:00-04:00,36.35619617983717,37.181567338975334,36.256751357787216,36.7241325378418,2970600,0.0,0.0
2020-09-17 00:00:00-04:00,36.29652533276029,37.420227042209355,35.89875367475463,36.9826774597168,3151600,0.0,0.0
2020-09-18 00:00:00-04:00,36.853400362763054,37.13183821306355,35.62031140934575,35.699867248535156,8420100,0.0,0.0
2020-09-21 00:00:00-04:00,34.944101449520645,35.242428255346105,33.83034627083771,34.46677780151367,2536000,0.0,0.0
2020-09-22 00:00:00-04:00,34.33750150801363,35.00874156382112,34.28778100588041,34.90432357788086,2757000,0.0,0.0
2020-09-23 00:00:00-04:00,35.03361796005187,35.587512301795584,34.81484308588197,34.83473205566406,2097200,0.0,0.0
2020-09-24 00:00:00-04:00,34.99383178185212,35.76948624700809,34.00935266673078,35.172828674316406,2025200,0.0,0.0
2020-09-25 00:00:00-04:00,34.84467023375336,35.41646565171248,34.64578437618947,35.172828674316406,1787200,0.0,0.0
2020-09-28 00:00:00-04:00,35.82915201852587,36.56502860831321,35.679990459313,35.84904098510742,2406100,0.0,0.0
2020-09-29 00:00:00-04:00,35.97831723601975,36.346253632815035,35.47115807367661,35.6700439453125,1470000,0.0,0.0
2020-09-30 00:00:00-04:00,35.70981975061074,36.221948278991825,35.01372113807735,35.401546478271484,2069400,0.0,0.0
2020-10-01 00:00:00-04:00,35.68991601344163,35.88880179090955,34.93415461118037,35.371700286865234,1420800,0.0,0.0
2020-10-02 00:00:00-04:00,34.79494802969032,36.376084640796634,34.665671659530624,35.87887191772461,1920700,0.0,0.0
2020-10-05 00:00:00-04:00,36.38603065174582,36.90313238763561,36.24681168312787,36.704246520996094,2247500,0.0,0.0
2020-10-06 00:00:00-04:00,36.80369064903138,37.22135138340021,36.177205237627184,36.2468147277832,2281000,0.0,0.0
2020-10-07 00:00:00-04:00,36.71419168960929,36.9429129180631,36.23686785216088,36.45564270019531,4214800,0.0,0.0
2020-10-08 00:00:00-04:00,36.69430627572381,37.10202062130151,36.28659193014611,37.022464752197266,2165800,0.0,0.0
2020-10-09 00:00:00-04:00,37.370515498124256,37.56939758140521,36.89318787663875,36.92302322387695,1914900,0.0,0.0
2020-10-12 00:00:00-04:00,37.09206190281813,37.20144928973405,36.69926346499794,37.0025634765625,2034800,0.0,0.0
2020-10-13 00:00:00-04:00,36.88324346478521,37.43017675360955,36.853411912455705,37.3207893371582,2597600,0.0,0.0
2020-10-14 00:00:00-04:00,37.360564164553786,37.887608443550256,37.092068835603115,37.161678314208984,2631900,0.0,0.0
2020-10-15 00:00:00-04:00,36.35619462085551,36.942905768779326,36.10758826653918,36.86334991455078,2636400,0.0,0.0
2020-10-16 00:00:00-04:00,37.25117600256187,37.76827768561013,36.99760024710543,37.012516021728516,1611800,0.0,0.0
2020-10-19 00:00:00-04:00,36.95284899990945,37.25117587161848,36.31641732868166,36.39596939086914,2084100,0.0,0.0
2020-10-20 00:00:00-04:00,36.73407139612641,37.58331074376175,36.72910200060219,37.03240203857422,1932800,0.0,0.0
2020-10-21 00:00:00-04:00,37.0721732015221,37.698662189694545,37.03736846848093,37.052284240722656,1648900,0.0,0.0
2020-10-22 00:00:00-04:00,36.962797504153095,37.83291989880942,36.863356462136835,37.718563079833984,1392500,0.0,0.0
2020-10-23 00:00:00-04:00,37.96716126266506,38.16604709709364,37.25117377609489,38.05665969848633,1827400,0.0,0.0
2020-10-26 00:00:00-04:00,37.539558388290466,37.539558388290466,35.824176111761176,36.35619354248047,2390300,0.0,0.0
2020-10-27 00:00:00-04:00,36.29652578281078,36.594852633298224,35.7396462133843,35.89875411987305,1882000,0.0,0.0
2020-10-28 00:00:00-04:00,35.15293217845081,35.699869117940004,34.95405015692536,35.043548583984375,1918000,0.0,0.0
2020-10-29 00:00:00-04:00,34.86455241450304,35.26232025879632,34.49661232190662,34.88444137573242,1865300,0.0,0.0
2020-10-30 00:00:00-04:00,34.75516656209665,35.08332495332122,34.17839804122148,34.74522018432617,2369300,0.0,0.0
2020-11-02 00:00:00-05:00,35.3617734844392,35.928595737424615,35.16288761822289,35.7794303894043,2145500,0.0,0.0
2020-11-03 00:00:00-05:00,36.1175274813037,38.77264507022506,35.83908960434999,38.53398132324219,3722000,0.0,0.0
2020-11-04 00:00:00-05:00,38.47431935972409,38.50415470280818,36.793741712026524,37.8577766418457,3710900,0.0,0.0
2020-11-05 00:00:00-05:00,38.35498606952561,39.98584306308781,37.947271821135054,39.578128814697266,2432600,0.0,0.0
2020-11-06 00:00:00-05:00,39.44885851441368,40.23942877453396,39.42400015250025,40.02562713623047,1899000,0.0,0.0
2020-11-09 00:00:00-05:00,41.77580737398776,45.276185068706916,41.77580737398776,42.5415153503418,4984900,0.0,0.0
2020-11-10 00:00:00-05:00,42.263078076100484,43.610523992491416,42.23324652900374,42.51168441772461,3268400,0.0,0.0
2020-11-11 00:00:00-05:00,42.909465395296984,42.929350568723116,41.964760333388504,42.372474670410156,1440600,0.0,0.0
2020-11-12 00:00:00-05:00,41.91503699854537,42.63102079022004,41.78576061936054,42.263084411621094,1609700,0.0,0.0
2020-11-13 00:00:00-05:00,42.740396471369685,43.52599332344045,42.28296177020111,42.52162170410156,2822900,0.0,0.0
2020-11-16 00:00:00-05:00,43.36689617014013,44.74914699251534,42.98901342226454,44.73920440673828,3257500,0.0,0.0
2020-11-17 00:00:00-05:00,44.311599364901994,44.719313647179504,43.50611338572504,44.391151428222656,1725200,0.0,0.0
2020-11-18 00:00:00-05:00,44.71930671659238,44.73919567769816,43.645325577468434,43.66521453857422,1458700,0.0,0.0
2020-11-19 00:00:00-05:00,43.466335512210236,44.06299305831248,43.18789760008841,43.95360565185547,1525800,0.0,0.0
2020-11-20 00:00:00-05:00,44.023213895633646,44.202210775102685,43.66422625752757,44.013267517089844,1433400,0.0,0.0
2020-11-23 00:00:00-05:00,44.540317479700384,44.82870177492182,44.212155255462456,44.2320442199707,1773800,0.0,0.0
2020-11-24 00:00:00-05:00,45.03752914857891,45.32591343699034,44.68947796805173,45.21652603149414,2076300,0.0,0.0
2020-11-25 00:00:00-05:00,45.0773013566391,45.0773013566391,44.48064389148962,44.56019973754883,1006400,0.0,0.0
2020-11-27 00:00:00-05:00,44.93808779627281,44.93808779627281,44.38121193394626,44.550262451171875,594900,0.0,0.0
2020-11-30 00:00:00-05:00,44.33148566913313,44.63975511197312,43.78454867035544,44.02321243286133,2517300,0.0,0.0
2020-12-01 00:00:00-05:00,44.778979865117755,45.38558003809401,44.51048452002504,44.550262451171875,2909300,0.0,0.0
2020-12-02 00:00:00-05:00,44.19225789195391,44.649696401840494,43.77857661304199,44.0828742980957,1760500,0.0,0.0
2020-12-03 00:00:00-05:00,43.96354802709816,44.72925607520509,43.76466217934809,44.212154388427734,1720600,0.0,0.0
2020-12-04 00:00:00-05:00,44.55025077582408,45.196628710549994,44.55025077582408,44.93807601928711,1578800,0.0,0.0
2020-12-07 00:00:00-05:00,44.84857842226006,44.99774373100611,43.92376261226984,44.0828742980957,1992700,0.0,0.0
2020-12-08 00:00:00-05:00,43.79450095299009,44.33149164595213,43.76466560775954,44.29171371459961,2148800,0.0,0.0
2020-12-09 00:00:00-05:00,44.550261136084394,44.8287028524606,44.420984760389445,44.73920440673828,2161900,0.0,0.0
2020-12-10 00:00:00-05:00,44.46075406150065,44.67952884045851,44.182316192595344,44.54030990600586,2208200,0.0,0.0
2020-12-11 00:00:00-05:00,44.05305185986391,44.38121411782486,43.83428081465577,44.072940826416016,2631600,0.0,0.0
2020-12-14 00:00:00-05:00,44.997740383327496,45.20656876529075,43.50610258056526,43.6154899597168,2269800,0.0,0.0
2020-12-15 00:00:00-05:00,44.25193383255643,44.67953709216582,43.620475322258194,44.51048278808594,1716700,0.0,0.0
2020-12-16 00:00:00-05:00,44.58009998991339,44.604958353029154,43.585674422903224,44.072940826416016,1526500,0.0,0.0
2020-12-17 00:00:00-05:00,44.19226956048539,45.32094467088195,43.71494575726933,45.18669509887695,2312200,0.0,0.0
2020-12-18 00:00:00-05:00,45.286138066417685,45.6341854731686,44.649706354969034,44.96792221069336,5238800,0.0,0.0
2020-12-21 00:00:00-05:00,44.03315604127421,45.44524209927761,43.76466072475036,45.40546417236328,1579300,0.0,0.0
2020-12-22 00:00:00-05:00,45.554632829971055,45.723683341560566,45.24635956400925,45.306026458740234,1523400,0.0,0.0
2020-12-23 00:00:00-05:00,45.52479084799668,45.733623052389554,45.07730247977447,45.50490188598633,859600,0.0,0.0
2020-12-24 00:00:00-05:00,45.524800594216785,45.783353362272244,44.93808936631549,45.773406982421875,609700,0.0,0.0
2020-12-28 00:00:00-05:00,46.0319518540918,46.55998997190635,44.798862711010145,44.84858322143555,1106000,0.0,0.0
2020-12-29 00:00:00-05:00,44.938085389569025,45.17674917023589,43.903885789164875,44.2320442199707,1010300,0.0,0.0
2020-12-30 00:00:00-05:00,44.2519279862084,45.127023354613385,44.2519279862084,44.9878044128418,1439800,0.0,0.0
2020-12-31 00:00:00-05:00,44.99775319277843,45.385578524949366,44.18232459861592,45.306026458740234,1506100,0.0,0.0
2021-01-04 00:00:00-05:00,45.42535387062963,45.50490593231323,43.595610930723225,44.062992095947266,2232100,0.0,0.0
2021-01-05 00:00:00-05:00,44.12265366664155,45.16183017588597,44.12265366664155,44.948028564453125,1797500,0.0,0.0
2021-01-06 00:00:00-05:00,45.60435215826752,47.38437464036282,45.53971207563375,46.41978073120117,1968300,0.0,0.0
2021-01-07 00:00:00-05:00,46.74793478656901,47.14570645034186,46.32033536914602,46.75788116455078,990800,0.0,0.0
2021-01-08 00:00:00-05:00,46.86727228268811,47.195430706937195,45.574519962938595,46.14134216308594,1659000,0.0,0.0
2021-01-11 00:00:00-05:00,45.6540664524315,46.41977440677659,45.335850652370105,46.2308349609375,739800,0.0,0.0
2021-01-12 00:00:00-05:00,46.72805897095214,47.51365228433534,46.28056670799178,46.79766845703125,1245200,0.0,0.0
2021-01-13 00:00:00-05:00,46.60872486956709,46.907051778461536,45.8231315612793,45.8231315612793,1577100,0.0,0.0
2021-01-14 00:00:00-05:00,46.13139699802356,46.51922232480884,45.673962191734894,46.0816764831543,1799100,0.0,0.0
2021-01-15 00:00:00-05:00,46.9070501127952,47.036326492984095,45.28613924110192,45.654075622558594,4578000,0.0,0.0
2021-01-19 00:00:00-05:00,46.10154991625718,46.33026724234705,45.67394680426238,46.03194046020508,1642900,0.0,0.0
2021-01-20 00:00:00-05:00,46.19106210795779,46.44961105135172,45.568552333336996,45.73362731933594,1367100,0.0,0.0
2021-01-21 00:00:00-05:00,45.6739561663585,45.97228300965051,45.45518137767626,45.50490188598633,1101900,0.0,0.0
2021-01-22 00:00:00-05:00,45.176749163387804,45.460160269081186,44.759088495642125,44.97786331176758,1319600,0.0,0.0
2021-01-25 00:00:00-05:00,44.74914914935505,44.96792398131692,43.91383154682979,44.261878967285156,1826100,0.0,0.0
2021-01-26 00:00:00-05:00,44.64970652374517,44.99278074214439,43.33706516556248,43.347007751464844,1485600,0.0,0.0
2021-01-27 00:00:00-05:00,42.32274882249633,42.36252295777448,40.41344997215854,40.58250427246094,2178400,0.0,0.0
2021-01-28 00:00:00-05:00,41.2487646743036,42.75034913578955,40.98026936410217,42.40229797363281,2174600,0.0,0.0
2021-01-29 00:00:00-05:00,42.13379462998484,42.41223626530747,41.16920476624724,41.60675048828125,3165200,0.0,0.0
2021-02-01 00:00:00-05:00,42.1536974896601,42.47191335487895,41.44765627579529,42.362525939941406,3118900,0.0,0.0
2021-02-02 00:00:00-05:00,42.889577193729316,43.421594738036276,42.38241801336486,43.13818359375,1257200,0.0,0.0
2021-02-03 00:00:00-05:00,42.879615835756596,43.50113161871574,42.60117797888891,43.31716537475586,1255900,0.0,0.0
2021-02-04 00:00:00-05:00,43.53594415971004,43.79449689611825,42.61112820531142,42.75035095214844,4587700,0.0,0.0
2021-02-05 00:00:00-05:00,43.3072322839468,43.86411196195618,42.94923847618595,43.53594970703125,1357100,0.0,0.0
2021-02-08 00:00:00-05:00,43.59559592822212,43.9535895661823,43.44643064792849,43.80442428588867,1275400,0.0,0.0
2021-02-09 00:00:00-05:00,43.53593371586644,44.281752610277664,43.43649271398404,43.824317932128906,1339100,0.0,0.0
2021-02-10 00:00:00-05:00,43.96354802709816,44.39115127205959,43.55583374625494,44.212154388427734,1534000,0.0,0.0
2021-02-11 00:00:00-05:00,44.19227168109714,45.01764673841615,43.25751299578936,43.7845573425293,1743700,0.0,0.0
2021-02-12 00:00:00-05:00,43.645339344085066,44.122663180887194,43.168015507282945,43.6751708984375,1683300,0.0,0.0
2021-02-16 00:00:00-05:00,44.02321263958436,44.25193002495094,43.058618793681624,43.32711410522461,1338600,0.0,0.0
2021-02-17 00:00:00-05:00,43.19783936139837,43.33706210823539,42.59124303490953,42.75035095214844,1001600,0.0,0.0
2021-02-18 00:00:00-05:00,42.46196477566511,42.770234217781244,41.7658662462086,42.53157424926758,1250200,0.0,0.0
2021-02-19 00:00:00-05:00,42.810014807781805,44.062992997463795,42.810014807781805,43.64533233642578,1610100,0.0,0.0
2021-02-22 00:00:00-05:00,43.2475630735775,44.570146906188164,43.088455158524376,43.5260009765625,3412600,0.0,0.0
2021-02-23 00:00:00-05:00,44.43093181936725,46.72805609909669,43.71096872563572,45.3259162902832,4562700,0.0,0.0
2021-02-24 00:00:00-05:00,45.58445624805988,47.99096367139035,45.20657356904472,47.83185577392578,4067000,0.0,0.0
2021-02-25 00:00:00-05:00,47.74235971005419,48.64728663298968,45.942452242072775,46.09161376953125,3534000,0.0,0.0
2021-02-26 00:00:00-05:00,46.111508033389434,46.67236317971632,45.4621483221419,46.0816764831543,2381200,0.0,0.0
2021-03-01 00:00:00-05:00,46.77777767009156,47.70259371307488,46.72805715246035,47.1954345703125,1978400,0.0,0.0
2021-03-02 00:00:00-05:00,47.00648557842203,47.235202948011136,46.489383954095175,46.53910446166992,1548500,0.0,0.0
2021-03-03 00:00:00-05:00,46.44960837853101,47.23520533558863,46.34022098027846,46.54905319213867,2813300,0.0,0.0
2021-03-04 00:00:00-05:00,46.38000774712409,47.47387814474191,45.74357599243935,46.79766845703125,3444900,0.0,0.0
2021-03-05 00:00:00-05:00,47.354540567947176,49.40305843417123,46.5490583523085,49.21411895751953,3619300,0.0,0.0
2021-03-08 00:00:00-05:00,49.54226612177829,51.32228824659769,49.214107758747694,50.26819610595703,6393300,0.0,0.0
2021-03-09 00:00:00-05:00,50.248311132783215,50.26820009476196,47.811972088578,47.82191467285156,2216300,0.0,0.0
2021-03-10 00:00:00-05:00,48.448415091325806,49.16439892377338,47.6429290122107,48.697021484375,1454000,0.0,0.0
2021-03-11 00:00:00-05:00,48.746734619140625,49.6715505646481,48.46033809480482,48.746734619140625,1405000,0.0,0.0
2021-03-12 00:00:00-05:00,48.856120418966015,49.432885171945216,48.58762510875038,49.3234977722168,2124900,0.0,0.0
2021-03-15 00:00:00-04:00,49.253885196948865,50.5068632323884,48.90583785012209,50.477027893066406,2007000,0.0,0.0
2021-03-16 00:00:00-04:00,50.0295485975364,50.22843066409013,48.66718292236328,48.66718292236328,1398700,0.0,0.0
2021-03-17 00:00:00-04:00,48.81633889517688,49.74115474217144,48.2892946918001,49.50249099731445,1286300,0.0,0.0
2021-03-18 00:00:00-04:00,49.50250073045449,50.61626003419811,49.18428487036554,49.46272659301758,2024600,0.0,0.0
2021-03-19 00:00:00-04:00,49.35333235044624,49.711326091866056,48.239573200821965,49.17433547973633,6270400,0.0,0.0
2021-03-22 00:00:00-04:00,49.12461780268306,49.12461780268306,47.75230964591223,48.537906646728516,1880400,0.0,0.0
2021-03-23 00:00:00-04:00,47.97108273523132,48.451388107155296,46.678326686680755,46.87721252441406,1574900,0.0,0.0
2021-03-24 00:00:00-04:00,47.274990277961315,48.677130113776144,47.274990277961315,48.07052993774414,1788200,0.0,0.0
2021-03-25 00:00:00-04:00,47.62302611777285,48.711923014769056,46.678321341786805,48.458343505859375,1630300,0.0,0.0
2021-03-26 00:00:00-04:00,48.98538826110215,49.681486724846266,48.51801095295385,49.43288040161133,970700,0.0,0.0
2021-03-29 00:00:00-04:00,49.31355285644531,49.6914355485273,49.09477806732969,49.31355285644531,1149300,0.0,0.0
2021-03-30 00:00:00-04:00,49.47266688271087,50.10711081492685,49.14450465842035,49.761051177978516,2069000,0.0,0.0
2021-03-31 00:00:00-04:00,49.82071075429387,50.63613927442744,48.89589483380036,48.935672760009766,2105100,0.0,0.0
2021-04-01 00:00:00-04:00,49.13455685741708,49.442830084474025,48.65723314010523,49.33344268798828,1857300,0.0,0.0
2021-04-05 00:00:00-04:00,49.741147225250664,50.28708642858725,49.58203935053436,49.81075668334961,1839800,0.0,0.0
2021-04-06 00:00:00-04:00,50.07926568800897,50.486979966042036,49.63177348201366,49.949989318847656,1249000,0.0,0.0
2021-04-07 00:00:00-04:00,49.80082960559929,50.0693211456115,49.24394997400004,49.86049270629883,1494200,0.0,0.0
2021-04-08 00:00:00-04:00,49.77099820606895,50.119049425937895,49.05501438690923,50.039493560791016,1515800,0.0,0.0
2021-04-09 00:00:00-04:00,50.28810736012971,50.447215320438595,49.4527896201498,50.29805374145508,1296100,0.0,0.0
2021-04-12 00:00:00-04:00,51.153243564088086,51.202967871121544,49.641716431326095,49.87043762207031,2920100,0.0,0.0
2021-04-13 00:00:00-04:00,49.59199038417664,49.64171089223018,48.35890509334978,48.95555877685547,2750000,0.0,0.0
2021-04-14 00:00:00-04:00,49.08484441363391,49.83563674552849,49.045066482297116,49.1246223449707,1989800,0.0,0.0
2021-04-15 00:00:00-04:00,49.243942081220695,49.462716864539665,48.74672942344596,49.064945220947266,2174100,0.0,0.0
2021-04-16 00:00:00-04:00,49.5323310051261,50.099153184978384,49.2439467259923,49.95993423461914,2722900,0.0,0.0
2021-04-19 00:00:00-04:00,49.80083044412988,50.67592214553618,49.73121716975473,50.62620162963867,2344800,0.0,0.0
2021-04-20 00:00:00-04:00,50.576465873918295,50.6162437920232,49.204158046747416,50.059364318847656,3009000,0.0,0.0
2021-04-21 00:00:00-04:00,49.8405950278906,50.84496670630145,49.53232561235242,50.66596984863281,2139100,0.0,0.0
2021-04-22 00:00:00-04:00,50.67591167285825,51.82447545791929,50.30797537913572,50.95435333251953,2674900,0.0,0.0
2021-04-23 00:00:00-04:00,51.22285365106619,51.60073638710927,50.79525419426237,51.33224105834961,1873100,0.0,0.0
2021-04-26 00:00:00-04:00,51.292463393710335,51.71012023631019,50.9245232684503,50.94441223144531,2059700,0.0,0.0
2021-04-27 00:00:00-04:00,51.173128742952166,51.173128742952166,50.367646619267056,50.924522399902344,1330000,0.0,0.0
2021-04-28 00:00:00-04:00,50.76541369966299,51.829448527832604,50.68586164371333,51.65045166015625,3508000,0.0,0.0
2021-04-29 00:00:00-04:00,50.029537512905854,51.411788053734725,49.49254694794989,50.95435333251953,3276100,0.0,0.0
2021-04-30 00:00:00-04:00,50.43725045970203,50.70077254695921,49.01522203277524,49.134552001953125,3399200,0.0,0.0
2021-05-03 00:00:00-04:00,49.253897080584395,49.51244985212172,47.981033569731366,48.03075408935547,2870300,0.0,0.0
2021-05-04 00:00:00-04:00,47.82191738016935,48.99533964932387,47.349566835086165,48.935672760009766,1974400,0.0,0.0
2021-05-05 00:00:00-04:00,49.194218883257726,49.38813150570853,48.30918100777839,49.134552001953125,1431400,0.0,0.0
2021-05-06 00:00:00-04:00,49.144503585502235,49.41299891039668,48.71690413485406,49.25389099121094,1355500,0.0,0.0
2021-05-07 00:00:00-04:00,48.995339577503785,50.407421814981134,48.59259850716149,50.248313903808594,1704400,0.0,0.0
2021-05-10 00:00:00-04:00,50.57648325353931,51.312356024193136,49.83066410322585,49.840606689453125,1495400,0.0,0.0
2021-05-11 00:00:00-04:00,47.62303755230097,48.64729462414136,46.9468278951348,47.89153289794922,6767300,0.0,0.0
2021-05-12 00:00:00-04:00,48.020808675181975,48.23957970733259,46.767830411212046,46.86727523803711,2345700,0.0,0.0
2021-05-13 00:00:00-04:00,46.80760448682936,47.6926425088025,46.80760448682936,47.30481719970703,1474700,0.0,0.0
2021-05-14 00:00:00-04:00,47.67275543916653,48.48818401720923,47.48381596640174,48.269412994384766,2554000,0.0,0.0
2021-05-17 00:00:00-04:00,48.090421740623135,48.687075572303144,47.56337739619138,48.488189697265625,2894100,0.0,0.0
2021-05-18 00:00:00-04:00,48.47823619405701,48.50309834537536,47.762248722523566,48.15007400512695,3407600,0.0,0.0
2021-05-19 00:00:00-04:00,47.473873138427734,47.64292364581209,46.49933284922444,47.473873138427734,3195300,0.0,0.0
2021-05-20 00:00:00-04:00,47.9412562563586,48.18986265112515,47.32471345949865,48.00092315673828,4055500,0.0,0.0
2021-05-21 00:00:00-04:00,48.4881849165031,49.13456299828632,48.26941388962117,48.597572326660156,2453400,0.0,0.0
2021-05-24 00:00:00-04:00,48.856118109595954,49.50249230577049,48.58762281207177,49.31355285644531,2018000,0.0,0.0
2021-05-25 00:00:00-04:00,49.27378720119491,49.61686524347192,48.39869162027101,48.40863800048828,1642400,0.0,0.0
2021-05-26 00:00:00-04:00,48.49813279658424,48.91578969181991,48.36885641754031,48.89590072631836,1228000,0.0,0.0
2021-05-27 00:00:00-04:00,49.37323082423318,49.70138928812893,49.05501494687807,49.39311599731445,3278600,0.0,0.0
2021-05-28 00:00:00-04:00,49.52238535138899,49.52238535138899,48.9555631632422,49.363277435302734,1423400,0.0,0.0
2021-06-01 00:00:00-04:00,50.04942927007656,50.327867151862606,49.741156048505125,49.7510986328125,1421100,0.0,0.0
2021-06-02 00:00:00-04:00,49.761054960457905,49.97982599984889,49.238980034286634,49.452781677246094,1467700,0.0,0.0
2021-06-03 00:00:00-04:00,49.18427414027606,49.25388360739493,48.74672837646723,48.866058349609375,1226600,0.0,0.0
2021-06-04 00:00:00-04:00,49.084838086579104,49.41299649422709,48.77656484860399,48.935672760009766,1268000,0.0,0.0
2021-06-07 00:00:00-04:00,49.11466826925106,49.14449981636295,47.85672078694334,47.941246032714844,1569100,0.0,0.0
2021-06-08 00:00:00-04:00,47.802030093134405,48.44840813968955,47.404258403957094,48.22963333129883,1323300,0.0,0.0
2021-06-09 00:00:00-04:00,48.070518006313655,48.070518006313655,47.37441955424295,47.40425109863281,1334700,0.0,0.0
2021-06-10 00:00:00-04:00,47.77220269630776,47.792091661838484,47.076104076461455,47.09599304199219,1292000,0.0,0.0
2021-06-11 00:00:00-04:00,47.40425940516209,47.69264369623488,47.26504044903923,47.682701110839844,1394200,0.0,0.0
2021-06-14 00:00:00-04:00,47.702590985693824,47.72744934637199,47.0959908423512,47.26504135131836,1652100,0.0,0.0
2021-06-15 00:00:00-04:00,47.394314351512875,47.49375537401267,46.93687957852286,47.056209564208984,2345000,0.0,0.0
2021-06-16 00:00:00-04:00,46.89710455067199,47.672755195719425,46.49933284922444,47.473873138427734,4026400,0.0,0.0
2021-06-17 00:00:00-04:00,48.02080505587719,48.23659443400362,45.693849391603955,45.73362731933594,5377400,0.0,0.0
2021-06-18 00:00:00-04:00,44.908252166927944,46.14134136648851,44.759086835387755,45.24635696411133,4236600,0.0,0.0
2021-06-21 00:00:00-04:00,45.69384954284509,46.737995491957754,45.69384954284509,46.65843963623047,2250100,0.0,0.0
2021-06-22 00:00:00-04:00,46.78771358678606,46.78771358678606,45.96234249015185,46.3402214050293,1342900,0.0,0.0
2021-06-23 00:00:00-04:00,46.37005632107664,46.777770573288656,46.06178308904052,46.54905319213867,1670000,0.0,0.0
2021-06-24 00:00:00-04:00,46.887157674137214,47.6379460965961,46.504301782681736,47.37442398071289,2688600,0.0,0.0
2021-06-25 00:00:00-04:00,47.712529569952885,48.85612028134268,47.62303113346645,48.70695495605469,4384400,0.0,0.0
2021-06-28 00:00:00-04:00,48.826282683977446,48.86606060800702,47.84279760063695,48.56773376464844,1941100,0.0,0.0
2021-06-29 00:00:00-04:00,48.75667934804262,49.03512105785064,48.234608254837774,48.269412994384766,1443000,0.0,0.0
2021-06-30 00:00:00-04:00,48.15007754220373,48.75667766198765,48.15007754220373,48.537906646728516,1635300,0.0,0.0
2021-07-01 00:00:00-04:00,48.86606017237609,49.114666505197235,48.25946011334342,48.33901596069336,2471900,0.0,0.0
2021-07-02 00:00:00-04:00,48.408620737329386,48.561761555856684,48.13018288546157,48.319122314453125,1451300,0.0,0.0
2021-07-06 00:00:00-04:00,48.905836224533836,48.9505835418821,47.5633635960457,47.990962982177734,1674800,0.0,0.0
2021-07-07 00:00:00-04:00,47.811973264184935,49.15146055583222,47.752306376781625,49.07489013671875,5212800,0.0,0.0
2021-07-08 00:00:00-04:00,48.33901411086716,48.61745197907354,47.81196991935324,47.990962982177734,3432000,0.0,0.0
2021-07-09 00:00:00-04:00,48.726838403231724,49.29366050567236,48.577673094828874,49.10472106933594,2387800,0.0,0.0
2021-07-12 00:00:00-04:00,49.224051039999395,49.422936853392734,48.876003711634574,49.10472106933594,1382900,0.0,0.0
2021-07-13 00:00:00-04:00,48.94562823608836,49.02518030986214,48.17494689461544,48.30919647216797,1358300,0.0,0.0
2021-07-14 00:00:00-04:00,48.34895415042034,48.73677938742252,47.642913139804506,47.80202102661133,1616400,0.0,0.0
2021-07-15 00:00:00-04:00,47.583260236558715,48.3986888701421,47.384378164705105,47.86170196533203,2133100,0.0,0.0
2021-07-16 00:00:00-04:00,48.050640829433476,48.6274094519591,47.826896604776096,47.89153289794922,1987500,0.0,0.0
2021-07-19 00:00:00-04:00,46.41977544336051,46.78771175912934,45.58943119007792,45.99217224121094,2869400,0.0,0.0
2021-07-20 00:00:00-04:00,46.24078443641593,47.9710864263726,46.0717339270657,47.881587982177734,2019600,0.0,0.0
2021-07-21 00:00:00-04:00,48.17990892591142,48.69701056269096,48.0705215305538,48.35890579223633,1470800,0.0,0.0
2021-07-22 00:00:00-04:00,48.51801761628078,48.69701449706738,48.0705254143143,48.22963333129883,1927200,0.0,0.0
2021-07-23 00:00:00-04:00,48.58762229351451,48.786508118457746,47.851745879254004,48.33901596069336,1902400,0.0,0.0
2021-07-26 00:00:00-04:00,48.47823765900495,48.78651089488227,48.28929820094376,48.57767868041992,961400,0.0,0.0
2021-07-27 00:00:00-04:00,48.020801882922186,48.66717609541407,47.811973466275504,47.941246032714844,1464800,0.0,0.0
2021-07-28 00:00:00-04:00,47.851749915179425,48.06058213537059,47.08604189029694,47.20537567138672,2343300,0.0,0.0
2021-07-29 00:00:00-04:00,46.98659545238683,48.34895705202009,46.98659545238683,47.91141128540039,2535700,0.0,0.0
2021-07-30 00:00:00-04:00,47.97108700319514,48.64729284215913,47.732423217995006,48.597572326660156,2133400,0.0,0.0
2021-08-02 00:00:00-04:00,48.68706435071203,49.58204868538499,48.040690147609716,48.1003532409668,1876900,0.0,0.0
2021-08-03 00:00:00-04:00,48.428525778708476,49.52736557292418,47.65287125840196,49.39311599731445,2547900,0.0,0.0
2021-08-04 00:00:00-04:00,49.44283974591917,50.73559220709646,49.09478852605022,50.039493560791016,10410400,0.0,0.0
2021-08-05 00:00:00-04:00,50.4372634093945,51.10352668458371,49.61686159961804,49.820716857910156,6823600,0.0,0.0
2021-08-06 00:00:00-04:00,50.12898176895593,50.6013322930895,49.502492735955215,49.54227066040039,4598800,0.0,0.0
2021-08-09 00:00:00-04:00,49.32349431369176,49.51243755213114,48.766618562750125,49.24394226074219,2136400,0.0,0.0
2021-08-10 00:00:00-04:00,49.2837331794256,50.82509207189677,49.19423472536302,50.77537155151367,2676100,0.0,0.0
2021-08-11 00:00:00-04:00,50.91458221539294,51.242740631103516,50.38753416374879,51.242740631103516,2295900,0.0,0.0
2021-08-12 00:00:00-04:00,51.312355571748185,51.779736782388525,51.163194019060136,51.720069885253906,2286000,0.0,0.0
2021-08-13 00:00:00-04:00,51.710118806391925,52.36146620438198,51.56095348477003,52.13772201538086,2799100,0.0,0.0
2021-08-16 00:00:00-04:00,51.948786456067985,52.17750385118157,51.38196046747797,52.00844955444336,1677300,0.0,0.0
2021-08-17 00:00:00-04:00,51.68028356226928,51.79961353497099,50.38752764984696,50.566524505615234,2778100,0.0,0.0
2021-08-18 00:00:00-04:00,50.437253069085585,50.8051893725876,50.12897985654353,50.19858932495117,1544500,0.0,0.0
2021-08-19 00:00:00-04:00,49.72127555680275,49.930104003717574,49.0351233197545,49.46272659301758,2231600,0.0,0.0
2021-08-20 00:00:00-04:00,49.47266481578699,49.86049012397672,49.17433794744351,49.80082702636719,1489300,0.0,0.0
2021-08-23 00:00:00-04:00,50.2980335493946,50.984185641503394,50.208535120560285,50.66596984863281,1637600,0.0,0.0
2021-08-24 00:00:00-04:00,50.80519693157306,51.71012394894226,50.80519693157306,51.51123809814453,1540500,0.0,0.0
2021-08-25 00:00:00-04:00,51.70018436227769,52.10789867301777,51.37202212041181,51.799625396728516,2112900,0.0,0.0
2021-08-26 00:00:00-04:00,51.70017840619964,51.90900683054785,51.04385779151109,51.531124114990234,2154800,0.0,0.0
2021-08-27 00:00:00-04:00,51.78967002373843,53.092364703196345,51.47145044651342,52.55537414550781,3400700,0.0,0.0
2021-08-30 00:00:00-04:00,52.59516174656649,53.241539810163275,52.157615911681205,52.953155517578125,2042900,0.0,0.0
2021-08-31 00:00:00-04:00,52.923327391017,53.12220946028136,52.35650514806246,52.72444152832031,2159100,0.0,0.0
2021-09-01 00:00:00-04:00,53.0128213403561,53.0128213403561,52.088005381723214,52.44599914550781,1991900,0.0,0.0
2021-09-02 00:00:00-04:00,53.132152862853424,54.15144048116887,52.605108580654544,53.49014663696289,3856500,0.0,0.0
2021-09-03 00:00:00-04:00,53.579640674860315,53.902829682880885,52.33660894665181,52.64487838745117,3760300,0.0,0.0
2021-09-07 00:00:00-04:00,52.4460025787121,52.78410740070469,51.19302432344392,51.47146224975586,2502300,0.0,0.0
2021-09-08 00:00:00-04:00,51.272572248671224,52.56532444087602,51.12340692927266,52.42610549926758,2777900,0.0,0.0
2021-09-09 00:00:00-04:00,52.426112182020184,53.84814091274085,52.426112182020184,53.5895881652832,3864200,0.0,0.0
2021-09-10 00:00:00-04:00,54.14646975554095,54.932066818536136,53.8183075165307,54.42490768432617,3696100,0.0,0.0
2021-09-13 00:00:00-04:00,55.001681136493936,55.30995064377149,53.10729779464762,53.69898223876953,3969100,0.0,0.0
2021-09-14 00:00:00-04:00,54.00723780299721,54.01718038659177,52.57526298577376,53.25147247314453,2652900,0.0,0.0
2021-09-15 00:00:00-04:00,53.14209167370761,54.71328561660134,52.93326325145419,54.67350769042969,3058900,0.0,0.0
2021-09-16 00:00:00-04:00,54.44478971909372,54.87239293725703,53.89785651713165,54.26579284667969,2961300,0.0,0.0
2021-09-17 00:00:00-04:00,53.65918302957437,54.40500193163142,53.51002152522162,53.99728775024414,8807300,0.0,0.0
2021-09-20 00:00:00-04:00,52.833818088869684,53.23158593911763,52.05816376303786,52.69459915161133,2795100,0.0,0.0
2021-09-21 00:00:00-04:00,53.03270659772491,53.122201238984125,51.869226946742764,52.6249885559082,2089700,0.0,0.0
2021-09-22 00:00:00-04:00,53.15204343166277,53.4304813561823,52.54544327316047,52.60511016845703,2314600,0.0,0.0
2021-09-23 00:00:00-04:00,52.863649207885715,53.48019183652562,52.73437285571829,53.340972900390625,2461000,0.0,0.0
2021-09-24 00:00:00-04:00,53.30121033877202,53.66915053994599,52.913384963932124,53.21171188354492,1516000,0.0,0.0
2021-09-27 00:00:00-04:00,53.331030491570594,54.43484319373957,53.03270365695421,53.08242416381836,2819000,0.0,0.0
2021-09-28 00:00:00-04:00,52.545438686171465,52.873597098075216,51.03391161149825,51.27257537841797,2336900,0.0,0.0
2021-09-29 00:00:00-04:00,51.46151021646571,51.71011654601385,50.95435497329738,51.12340545654297,1972400,0.0,0.0
2021-09-30 00:00:00-04:00,51.28251191418889,51.352121381031154,50.09914718443891,50.12897872924805,2892700,0.0,0.0
2021-10-01 00:00:00-04:00,50.34776198104785,50.884748845149865,49.741161844955506,50.586421966552734,1209300,0.0,0.0
2021-10-04 00:00:00-04:00,50.68586307419681,51.073688367297095,50.258259855283214,50.45714569091797,1620600,0.0,0.0
2021-10-05 00:00:00-04:00,50.57647503700529,51.46648620033547,50.21848129606446,50.924522399902344,1613200,0.0,0.0
2021-10-06 00:00:00-04:00,50.158820215666445,51.02397312092122,49.770994882553985,50.88475036621094,3167400,0.0,0.0
2021-10-07 00:00:00-04:00,51.51123759754064,52.157615657993524,51.38196122676365,51.41179656982422,2244900,0.0,0.0
2021-10-08 00:00:00-04:00,51.12341402389873,51.47643461580515,50.41737284008589,50.70575714111328,1342700,0.0,0.0
2021-10-11 00:00:00-04:00,50.54665532412943,50.884756388141675,49.78094715305037,49.790889739990234,1379300,0.0,0.0
2021-10-12 00:00:00-04:00,49.90026552472087,50.2980371913263,49.43785757450055,49.611881256103516,1563300,0.0,0.0
2021-10-13 00:00:00-04:00,49.84059922110705,50.56155990110406,49.47266289091342,50.45714569091797,1651600,0.0,0.0
2021-10-14 00:00:00-04:00,50.904641053023994,52.00845398825432,50.61626053495009,51.97862243652344,1756700,0.0,0.0
2021-10-15 00:00:00-04:00,52.37142369956112,52.784111222678206,52.17751101634851,52.21728515625,1229900,0.0,0.0
2021-10-18 00:00:00-04:00,51.769785927500266,52.78410025618695,51.61564741621316,52.6249885559082,1640300,0.0,0.0
2021-10-19 00:00:00-04:00,53.06254150439208,53.5995321465365,53.00287461300982,53.27136993408203,1691800,0.0,0.0
2021-10-20 00:00:00-04:00,53.46030706068488,53.77056805411882,53.17689597752648,53.26142501831055,1412800,0.0,0.0
2021-10-21 00:00:00-04:00,52.76421136165082,54.0370746180674,52.76421136165082,53.80835723876953,2410100,0.0,0.0
2021-10-22 00:00:00-04:00,54.03707279110304,54.34534601022026,53.43047273052842,53.89785385131836,1050100,0.0,0.0
2021-10-25 00:00:00-04:00,53.73875152607247,54.73317696307559,53.5498082652454,54.245906829833984,1625900,0.0,0.0
2021-10-26 00:00:00-04:00,54.46468777060766,54.49451932317746,53.592577656696584,53.639312744140625,1348600,0.0,0.0
2021-10-27 00:00:00-04:00,53.56968727880005,54.14148255755411,52.878562031931736,52.92331314086914,1511100,0.0,0.0
2021-10-28 00:00:00-04:00,52.9531564249105,54.0370803419652,52.60510902681446,54.027137756347656,1561900,0.0,0.0
2021-10-29 00:00:00-04:00,53.708906761194044,54.17628784849038,53.201751546403536,53.46030044555664,2133800,0.0,0.0
2021-11-01 00:00:00-04:00,53.61941896265037,54.48954123983065,53.57964482727337,54.18624496459961,1614000,0.0,0.0
2021-11-02 00:00:00-04:00,54.19618649670425,55.93643101724063,53.698973776551,55.916542053222656,2100200,0.0,0.0
2021-11-03 00:00:00-04:00,55.70771962626989,56.01599291163116,54.971843052008204,55.74749755859375,2096300,0.0,0.0
2021-11-04 00:00:00-04:00,56.722025867821195,58.10427657031779,56.2148667882351,56.83141326904297,2183000,0.0,0.0
2021-11-05 00:00:00-04:00,57.36840830073391,57.726402103729086,56.36404016982626,56.93086242675781,2939100,0.0,0.0
2021-11-08 00:00:00-05:00,57.50761759486739,57.945163366367936,57.26895385095612,57.5871696472168,2282800,0.0,0.0
2021-11-09 00:00:00-05:00,57.5075968047039,59.2484425410392,57.48770096949096,59.18875503540039,3092700,0.02,0.0
2021-11-10 00:00:00-05:00,58.79083774033631,59.17880078089272,57.985077397411665,58.08455276489258,1820900,0.0,0.0
2021-11-11 00:00:00-05:00,58.25367317823848,58.35812346638498,57.63194256207417,57.94529342651367,1083900,0.0,0.0
2021-11-12 00:00:00-05:00,58.2238323292645,58.2904831925626,57.57723471198193,58.14425277709961,1369400,0.0,0.0
2021-11-15 00:00:00-05:00,58.28351133227669,59.08927552576392,58.24371966463088,58.74110412597656,2400700,0.0,0.0
2021-11-16 00:00:00-05:00,58.91022100983846,60.67096258371604,58.850533504120676,59.98456954956055,2147000,0.0,0.0
2021-11-17 00:00:00-05:00,59.86520055879256,59.87017546647299,58.25367579191797,59.02959442138672,1913000,0.0,0.0
2021-11-18 00:00:00-05:00,59.68613498515776,60.939542150159475,59.507076276622904,60.58142852783203,3510100,0.0,0.0
2021-11-19 00:00:00-05:00,61.55630242646368,61.7353611373719,59.97461967660259,61.1285514831543,2734700,0.0,0.0
2021-11-22 00:00:00-05:00,61.417035057456204,61.7254109953616,59.56676425105462,59.60655212402344,1954500,0.0,0.0
2021-11-23 00:00:00-05:00,59.39765493039691,60.44216160124562,59.1390166650862,60.372528076171875,1908500,0.0,0.0
2021-11-24 00:00:00-05:00,59.70603289830007,60.720697683755624,59.68613706390968,60.700801849365234,1370700,0.0,0.0
2021-11-26 00:00:00-05:00,58.18404033650502,59.596610491552475,57.88560660144535,58.631683349609375,1882400,0.0,0.0
2021-11-29 00:00:00-05:00,59.56676595488611,60.24320914635467,58.969902306373754,59.4871826171875,1999400,0.0,0.0
2021-11-30 00:00:00-05:00,58.94005627299632,59.82539997103533,57.71649100320444,58.03481674194336,2563700,0.0,0.0
2021-12-01 00:00:00-05:00,59.11912124097682,59.526976374132985,56.77146582291009,56.801307678222656,1463700,0.0,0.0
2021-12-02 00:00:00-05:00,57.189261665445464,59.26832867044677,57.08978250567152,58.93010711669922,2415500,0.0,0.0
2021-12-03 00:00:00-05:00,59.298179153770874,59.298179153770874,57.26884953585119,58.19398498535156,2174100,0.0,0.0
2021-12-06 00:00:00-05:00,59.019637773120046,59.3976472044255,58.412828166627044,58.43272399902344,2623700,0.0,0.0
2021-12-07 00:00:00-05:00,59.01964382877224,60.10393834506363,58.91021863673561,59.41754913330078,2201800,0.0,0.0
2021-12-08 00:00:00-05:00,59.19869476172292,59.89503374117188,58.611780966939925,59.835350036621094,2614800,0.0,0.0
2021-12-09 00:00:00-05:00,59.47723489607576,60.10891149333495,59.24843849885029,59.60655212402344,1162100,0.0,0.0
2021-12-10 00:00:00-05:00,59.68614496707383,59.875149726695454,58.94006815498541,59.278289794921875,1676500,0.0,0.0
2021-12-13 00:00:00-05:00,59.24844245717727,59.984569385301285,59.163884208956325,59.32802200317383,1983300,0.0,0.0
2021-12-14 00:00:00-05:00,58.92016613024838,59.26833754950425,57.134557635648754,57.77618408203125,3232400,0.0,0.0
2021-12-15 00:00:00-05:00,58.17407841442475,59.288218397282975,57.51753116446914,59.22853469848633,2478300,0.0,0.0
2021-12-16 00:00:00-05:00,59.407606560183964,60.36258390014955,58.462575240643126,59.10917282104492,1976200,0.0,0.0
2021-12-17 00:00:00-05:00,58.870432234495006,59.17881200375521,57.855767355848855,57.91545486450195,3680200,0.0,0.0
2021-12-20 00:00:00-05:00,57.1196368007157,57.636917160012736,56.60236023616143,57.567283630371094,2193300,0.0,0.0
2021-12-21 00:00:00-05:00,58.223829694724024,59.21859871760189,57.796078711307125,58.86048126220703,1711500,0.0,0.0
2021-12-22 00:00:00-05:00,58.91021259231088,59.17880063754919,58.02486892175237,58.43272399902344,1148200,0.0,0.0
2021-12-23 00:00:00-05:00,58.731158850119726,59.7358738050736,58.65157551382039,59.42749786376953,1140200,0.0,0.0
2021-12-27 00:00:00-05:00,59.56677160994857,61.118608894973455,59.477242243909224,60.88981246948242,1197400,0.0,0.0
2021-12-28 00:00:00-05:00,60.95944372080298,61.37724867828505,60.581434229203275,61.048973083496094,1244100,0.0,0.0
2021-12-29 00:00:00-05:00,60.95944045318472,61.267820195873675,60.760489697635634,61.07881546020508,754500,0.0,0.0
2021-12-30 00:00:00-05:00,61.098701015786666,61.675668770926336,60.92959213256836,60.92959213256836,757300,0.0,0.0
2021-12-31 00:00:00-05:00,60.830125110514466,61.904473643871846,60.830125110514466,61.546356201171875,966200,0.0,0.0
2022-01-03 00:00:00-05:00,61.87462915863023,62.31232612846927,59.00969353354475,59.31807327270508,1892100,0.0,0.0
2022-01-04 00:00:00-05:00,59.83535030173763,60.75053585983135,59.41754539432019,60.422264099121094,1837800,0.0,0.0
2022-01-05 00:00:00-05:00,60.43220973284491,61.02906954564281,58.84058103555573,58.900264739990234,2537700,0.0,0.0
2022-01-06 00:00:00-05:00,59.41755152684061,60.18352410721058,58.79980159084323,59.98456954956055,1367400,0.0,0.0
2022-01-07 00:00:00-05:00,60.01441024394198,60.551582572073315,58.94005799819481,58.98979568481445,1917900,0.0,0.0
2022-01-10 00:00:00-05:00,58.17410023284771,58.78091002981189,57.656819812398616,58.681434631347656,2101600,0.0,0.0
2022-01-11 00:00:00-05:00,59.00969066078523,59.77566316677063,58.07460926380235,59.65629196166992,1543500,0.0,0.0
2022-01-12 00:00:00-05:00,59.90499073789196,60.34268773429496,59.48718578222957,59.66624450683594,1085800,0.0,0.0
2022-01-13 00:00:00-05:00,59.53691279196701,60.13377636515165,58.99476560260143,59.208641052246094,1370600,0.0,0.0
2022-01-14 00:00:00-05:00,58.4526206184788,59.188751295878866,57.985081802112596,59.04948425292969,1947700,0.0,0.0
2022-01-18 00:00:00-05:00,58.2337836728108,58.81074777405766,57.85577035456724,58.30341720581055,1756300,0.0,0.0
2022-01-19 00:00:00-05:00,58.70131721841593,59.11912217309206,57.9552404658981,58.074615478515625,1429600,0.0,0.0
2022-01-20 00:00:00-05:00,57.945298185580484,59.069388294455365,57.209167405896565,57.34843826293945,1650700,0.0,0.0
2022-01-21 00:00:00-05:00,56.851049620449835,57.5971263672025,56.313873452049705,56.970420837402344,1983700,0.0,0.0
2022-01-24 00:00:00-05:00,55.94580682875104,56.9604678076965,54.1353238676468,56.860992431640625,2971100,0.0,0.0
2022-01-25 00:00:00-05:00,55.915962579631454,56.33376751795633,54.21490856120166,55.28926086425781,2617300,0.0,0.0
2022-01-26 00:00:00-05:00,55.826428085469715,57.03507241785129,55.040563559870755,55.647369384765625,2665300,0.0,0.0
2022-01-27 00:00:00-05:00,56.39345334342606,56.92068349478157,54.32433579304025,54.54318618774414,2858800,0.0,0.0
2022-01-28 00:00:00-05:00,54.31437715739143,54.85155324184114,53.05599518168861,54.83165740966797,2409000,0.0,0.0
2022-01-31 00:00:00-05:00,54.791876028896816,56.065179080837375,54.4437046167464,55.91596221923828,1855500,0.0,0.0
2022-02-01 00:00:00-05:00,55.945810794756646,56.771467099829884,55.31413034832063,56.5128288269043,1465200,0.0,0.0
2022-02-02 00:00:00-05:00,56.67198682171682,56.940574886599634,56.13481069195119,56.4531364440918,1425000,0.0,0.0
2022-02-03 00:00:00-05:00,55.995545056202346,56.24423729348012,54.63270886370561,54.811767578125,2492900,0.0,0.0
2022-02-04 00:00:00-05:00,54.33427429199219,54.796841965566045,53.150500709877456,54.33427429199219,2240500,0.0,0.0
2022-02-07 00:00:00-05:00,54.403913296940374,54.76203073128324,54.1253792012259,54.284542083740234,1796400,0.0,0.0
2022-02-08 00:00:00-05:00,54.45365066046072,55.29422779134778,53.980138938834166,54.9112434387207,2988500,0.0,0.0
2022-02-09 00:00:00-05:00,55.726960679428394,56.2691079711635,55.63743131628265,56.025390625,2468300,0.0,0.0
2022-02-10 00:00:00-05:00,55.07041005569653,56.33376708620368,54.722238643970506,55.050514221191406,1872800,0.0,0.0
2022-02-11 00:00:00-05:00,55.219627095591854,55.28926441874162,52.682966832175765,53.04108428955078,3235600,0.0,0.0
2022-02-14 00:00:00-05:00,53.01124321868119,53.906533080644856,52.921713853010544,53.51857376098633,3217800,0.0,0.0
2022-02-15 00:00:00-05:00,54.41386119931307,55.04056668738807,54.214906654476614,54.82171630859375,2739800,0.0,0.0
2022-02-16 00:00:00-05:00,54.53323412499533,54.891351558025825,53.90155750460274,54.63270950317383,1769000,0.0,0.0
2022-02-17 00:00:00-05:00,54.155217875938014,54.21490537640456,53.001286096780376,53.031131744384766,1578400,0.0,0.0
2022-02-18 00:00:00-05:00,52.8819220962408,53.6777365705207,52.50390879792932,52.79239273071289,1827600,0.0,0.0
2022-02-22 00:00:00-05:00,52.852078047702776,53.538467291792514,52.42432707400055,52.812286376953125,2016000,0.0,0.0
2022-02-23 00:00:00-05:00,53.140559387982094,53.140559387982094,51.53898444851187,51.727989196777344,2683700,0.0,0.0
2022-02-24 00:00:00-05:00,50.20599374045208,50.97196634254447,48.74368206420818,50.06672668457031,4031900,0.0,0.0
2022-02-25 00:00:00-05:00,50.02692529384077,51.33007003048461,49.360428205508775,51.16096115112305,2025700,0.0,0.0
2022-02-28 00:00:00-05:00,50.18609995919865,51.131131327468076,49.65389866258135,50.255733489990234,3193000,0.0,0.0
2022-03-01 00:00:00-05:00,49.97720131475353,50.05678086958443,48.594469076479896,48.99237823486328,3589300,0.0,0.0
2022-03-02 00:00:00-05:00,49.52955364730342,50.64369395984978,49.36044092960618,50.176151275634766,2231700,0.0,0.0
2022-03-03 00:00:00-05:00,50.32536256454548,50.62379249790429,49.29080192047528,49.43006896972656,1859600,0.0,0.0
2022-03-04 00:00:00-05:00,48.504939529799444,48.77352764152343,46.00309585646799,46.08765411376953,5095000,0.0,0.0
2022-03-07 00:00:00-05:00,46.36618077250083,46.77403588498469,44.61538531788061,44.66512680053711,4854400,0.0,0.0
2022-03-08 00:00:00-05:00,45.11297450950327,47.35220214123136,45.0532604059411,45.72005081176758,6545800,0.02,0.0
2022-03-09 00:00:00-05:00,47.21286491216111,49.23812156632222,46.84463746497724,48.33745574951172,6328200,0.0,0.0
2022-03-10 00:00:00-05:00,47.37209871065413,48.59621304483363,47.29248370962423,48.33745574951172,5216500,0.0,0.0
2022-03-11 00:00:00-05:00,48.89477203087063,49.18338065750268,47.312384623997794,47.362144470214844,2740400,0.0,0.0
2022-03-14 00:00:00-04:00,48.03890004987428,48.03890004987428,47.173066378112054,47.431819915771484,2372500,0.0,0.0
2022-03-15 00:00:00-04:00,47.829901612385676,48.407122737334944,47.561193852062715,48.16827392578125,2128400,0.0,0.0
2022-03-16 00:00:00-04:00,48.74549187859641,50.666251680166205,48.74549187859641,49.959651947021484,3148400,0.0,0.0
2022-03-17 00:00:00-04:00,49.15352931317364,50.61649244306135,49.15352931317364,50.576683044433594,2438200,0.0,0.0
2022-03-18 00:00:00-04:00,50.56673243546496,51.30318732561813,49.72079980120991,51.153907775878906,3274000,0.0,0.0
2022-03-21 00:00:00-04:00,51.03447534330553,51.51217669639035,50.029312791354066,50.64634323120117,2068800,0.0,0.0
2022-03-22 00:00:00-04:00,50.87524688668345,51.2534285878084,50.21840698285236,50.52692413330078,2210200,0.0,0.0
2022-03-23 00:00:00-04:00,50.118887733692254,50.35773653918886,49.05898429544693,49.083866119384766,2444000,0.0,0.0
2022-03-24 00:00:00-04:00,49.38242463960901,49.49687570455384,48.825108278647726,49.153526306152344,2124700,0.0,0.0
2022-03-25 00:00:00-04:00,49.123680637824855,49.80042531797125,48.63602493143588,49.7407112121582,2214700,0.0,0.0
2022-03-28 00:00:00-04:00,49.661092716572945,49.899941530199875,49.08386779017989,49.56156921386719,2354700,0.0,0.0
2022-03-29 00:00:00-04:00,50.45726128350396,51.223575163211024,50.23831337603526,50.516971588134766,1424700,0.0,0.0
2022-03-30 00:00:00-04:00,50.18855051072581,50.77572584842761,50.09898126272272,50.55677795410156,2749200,0.0,0.0
2022-03-31 00:00:00-04:00,50.188562755273374,50.6662642623574,49.92980539949821,50.108943939208984,3593000,0.0,0.0
2022-04-01 00:00:00-04:00,50.73591140662586,51.14394820775994,49.93974250153897,50.00940704345703,3672300,0.0,0.0
2022-04-04 00:00:00-04:00,49.34262020373735,49.67601536273834,48.576306392906886,48.7255859375,3118200,0.0,0.0
2022-04-05 00:00:00-04:00,48.536496603830074,49.08386252245083,47.959271739385365,48.2180290222168,3241600,0.0,0.0
2022-04-06 00:00:00-04:00,46.92425582337858,47.700520109214516,46.47640958292201,47.630855560302734,3498400,0.0,0.0
2022-04-07 00:00:00-04:00,47.45171682960634,47.75027972295745,46.84463679514696,47.52138137817383,2376500,0.0,0.0
2022-04-08 00:00:00-04:00,47.57114633145893,47.70052499115064,46.46646009075073,46.60579299926758,2521000,0.0,0.0
2022-04-11 00:00:00-04:00,46.40675904189899,46.799868427380275,46.02857723619995,46.19776153564453,3263600,0.0,0.0
2022-04-12 00:00:00-04:00,46.48635730336332,47.123292453957696,45.73994821192935,46.028560638427734,1938200,0.0,0.0
2022-04-13 00:00:00-04:00,45.8593894912658,47.17804289208287,45.8593894912658,47.1034049987793,1955000,0.0,0.0
2022-04-14 00:00:00-04:00,47.083496452582565,47.32234528452953,46.18780384169709,46.21765899658203,1583600,0.0,0.0
2022-04-18 00:00:00-04:00,45.85938541400002,46.9441631955297,45.71905783491065,46.39679718017578,1568900,0.0,0.0
2022-04-19 00:00:00-04:00,46.297274636038615,47.924445005269604,46.297274636038615,47.720428466796875,1670800,0.0,0.0
2022-04-20 00:00:00-04:00,48.0787004838639,49.52673219250591,47.8199431980506,49.12367248535156,2400000,0.0,0.0
2022-04-21 00:00:00-04:00,49.61132981714798,49.86013288302422,47.392006925103985,47.541290283203125,1974300,0.0,0.0
2022-04-22 00:00:00-04:00,46.98397086391501,47.23277393410702,45.58072169988942,45.72005081176758,2305800,0.0,0.0
2022-04-25 00:00:00-04:00,45.282159269088275,45.47124823778155,44.252114699110315,45.45134353637695,2258800,0.0,0.0
2022-04-26 00:00:00-04:00,45.04330103532253,45.39162757184378,43.505700058662384,43.60024642944336,2311000,0.0,0.0
2022-04-27 00:00:00-04:00,43.66991775418152,44.71488993303833,43.520634387301804,44.048095703125,1771000,0.0,0.0
2022-04-28 00:00:00-04:00,44.4561294071851,45.12292358916007,43.34149274963554,44.86417007446289,2746000,0.0,0.0
2022-04-29 00:00:00-04:00,44.75470122049932,45.461301087740885,43.61020548341372,43.749534606933594,2136100,0.0,0.0
2022-05-02 00:00:00-04:00,43.560443674594325,44.58551114869128,43.08771554503121,44.336708068847656,2782400,0.0,0.0
2022-05-03 00:00:00-04:00,44.217281181373515,45.25727617468645,43.943596290273526,44.99354553222656,2554100,0.0,0.0
2022-05-04 00:00:00-04:00,45.23239460066554,47.06358517426406,44.829331083870755,46.76502227783203,3178700,0.0,0.0
2022-05-05 00:00:00-04:00,46.575939551465666,48.56636435107047,44.714893426836696,45.31201934814453,3485800,0.0,0.0
2022-05-06 00:00:00-04:00,45.033352342951396,45.132872045025486,42.88369412882474,43.590293884277344,2856800,0.0,0.0
2022-05-09 00:00:00-04:00,42.92350238972213,43.65995727697653,42.704554495246576,43.04292678833008,2607100,0.0,0.0
2022-05-10 00:00:00-04:00,43.570387884256874,43.89880972487983,41.4008250351774,42.157188415527344,3823600,0.0,0.0
2022-05-11 00:00:00-04:00,42.06761399688908,43.99832401579326,41.66952765653869,42.475650787353516,3639500,0.0,0.0
2022-05-12 00:00:00-04:00,42.187048862431666,43.62015700662431,41.79891667219071,42.724464416503906,3328800,0.0,0.0
2022-05-13 00:00:00-04:00,43.08272877615614,44.18243759041188,42.93344545624906,43.44100570678711,2592900,0.0,0.0
2022-05-16 00:00:00-04:00,43.06283117612024,43.595269536754095,42.69460373515566,43.22206497192383,2260000,0.0,0.0
2022-05-17 00:00:00-04:00,44.26702825683082,44.675065015317166,43.60023805489828,44.62530517578125,1678500,0.0,0.0
2022-05-18 00:00:00-04:00,44.11776140333763,44.71488724205342,43.14245004557048,43.421112060546875,2440400,0.0,0.0
2022-05-19 00:00:00-04:00,43.09253858045821,44.61591421977159,42.9730594042173,44.08820724487305,2516900,0.02,0.0
2022-05-20 00:00:00-04:00,44.5163554814673,44.9245795773851,43.37133852861268,44.75531768798828,3338000,0.0,0.0
2022-05-23 00:00:00-04:00,45.302922551128844,45.55183970800318,44.775219393971064,45.14361572265625,3879000,0.0,0.0
2022-05-24 00:00:00-04:00,44.94449411345907,45.07393213560464,44.03843555479101,44.84492874145508,3615600,0.0,0.0
2022-05-25 00:00:00-04:00,44.54622402763392,45.83063390006878,44.34708950690621,45.6812858581543,4066800,0.0,0.0
2022-05-26 00:00:00-04:00,46.19902915020024,47.553135390295274,45.87045665642539,47.13495635986328,3769100,0.0,0.0
2022-05-27 00:00:00-04:00,47.72239629317468,48.31979593379632,47.30421350620011,48.279972076416016,2672400,0.0,0.0
2022-05-31 00:00:00-04:00,47.49340260379634,47.871757811955824,46.637126826570956,46.94578552246094,9592400,0.0,0.0
2022-06-01 00:00:00-04:00,46.80637935578279,47.4734792948427,46.13928321489717,47.04534149169922,1625000,0.0,0.0
2022-06-02 00:00:00-04:00,47.49339609469288,48.45919211728024,47.14490978293134,48.35962677001953,1343000,0.0,0.0
2022-06-03 00:00:00-04:00,47.77218180569661,48.70313336925623,47.523264640932766,48.63841247558594,2275200,0.0,0.0
2022-06-06 00:00:00-04:00,48.976943823509465,49.41504049878077,48.7379854535204,49.11634063720703,2907700,0.0,0.0
2022-06-07 00:00:00-04:00,48.747921545333455,50.365882615440775,48.48904944531255,50.18168640136719,3085000,0.0,0.0
2022-06-08 00:00:00-04:00,49.60421105222999,50.47044170049934,49.41503537907386,50.062217712402344,3557400,0.0,0.0
2022-06-09 00:00:00-04:00,49.80334341010548,49.91286756289484,48.359623192578375,48.38949203491211,3393500,0.0,0.0
2022-06-10 00:00:00-04:00,47.423701648515966,47.423701648515966,46.039722751433075,46.238853454589844,2464500,0.0,0.0
2022-06-13 00:00:00-04:00,44.999250675421436,45.083881611038066,43.61029225712048,43.9886474609375,3599400,0.0,0.0
2022-06-14 00:00:00-04:00,44.137985722085645,44.49642318588595,43.107465194823064,43.58041000366211,3001800,0.0,0.0
2022-06-15 00:00:00-04:00,43.99859284399135,45.024134056251356,43.60032769396321,44.36699295043945,2754600,0.0,0.0
2022-06-16 00:00:00-04:00,43.35141080838005,43.361365822965865,41.653794059347504,41.897735595703125,3153200,0.0,0.0
2022-06-17 00:00:00-04:00,41.857916560690896,42.251206185867844,40.97674756050931,41.06138229370117,5401600,0.0,0.0
2022-06-21 00:00:00-04:00,41.72847071949714,42.26613267306729,41.121112268039106,41.678688049316406,1922300,0.0,0.0
2022-06-22 00:00:00-04:00,40.90207696188414,41.83800428564222,40.82242163313445,41.57912826538086,1634900,0.0,0.0
2022-06-23 00:00:00-04:00,41.409861301972555,41.54925431198537,40.22501691868898,40.782588958740234,2629400,0.0,0.0
2022-06-24 00:00:00-04:00,41.32025082095662,43.271760550577234,41.22068547077839,43.14232635498047,3161400,0.0,0.0
2022-06-27 00:00:00-04:00,43.44102283882556,43.58041583754781,42.69427137580694,43.20206069946289,1800200,0.0,0.0
2022-06-28 00:00:00-04:00,43.580417567651544,43.84924856079152,42.57479009721965,42.624576568603516,1871100,0.0,0.0
2022-06-29 00:00:00-04:00,42.63452855575726,42.63452855575726,41.36007398088104,42.096866607666016,1714900,0.0,0.0
2022-06-30 00:00:00-04:00,41.37998747923445,42.28106632713108,41.35011483912862,41.897735595703125,2838900,0.0,0.0
2022-07-01 00:00:00-04:00,41.83800092490758,42.629555750354726,41.290383877355026,42.11678695678711,3883200,0.0,0.0
2022-07-05 00:00:00-04:00,41.210723005591156,41.360074815800594,40.38432003744203,41.26050567626953,3185600,0.0,0.0
2022-07-06 00:00:00-04:00,41.150981770713045,41.55920571214471,40.60336104596108,41.290374755859375,2643300,0.0,0.0
2022-07-07 00:00:00-04:00,41.63885571135325,43.02283429688164,41.63885571135325,42.963096618652344,2368000,0.0,0.0
2022-07-08 00:00:00-04:00,43.00292498348019,43.00292498348019,41.92760488261302,42.26613235473633,1518600,0.0,0.0
2022-07-11 00:00:00-04:00,41.90769864069977,42.495143366358676,41.56917110730015,41.7882194519043,1929500,0.0,0.0
2022-07-12 00:00:00-04:00,41.59903804762807,42.48518260373316,41.47955886431075,41.54925537109375,2980000,0.0,0.0
2022-07-13 00:00:00-04:00,40.7726316393416,40.99167615776821,40.08561784570171,40.65315246582031,3077900,0.0,0.0
2022-07-14 00:00:00-04:00,39.757050183439716,39.93627084738197,39.114843437342394,39.67739486694336,4739300,0.0,0.0
2022-07-15 00:00:00-04:00,40.52371456467074,41.071331559157954,40.02588024274155,40.82241439819336,3678100,0.0,0.0
2022-07-18 00:00:00-04:00,41.32024410359985,41.97738518320001,40.74275453155853,41.04145812988281,3052700,0.0,0.0
2022-07-19 00:00:00-04:00,41.64881915678341,43.62024251933016,41.64881915678341,43.08258056640625,4499400,0.0,0.0
2022-07-20 00:00:00-04:00,43.10249574523084,44.048381699875776,42.953143932012125,43.87911605834961,2715700,0.0,0.0
2022-07-21 00:00:00-04:00,43.879118092948204,44.795135246693285,43.54059059237333,44.765262603759766,1633400,0.0,0.0
2022-07-22 00:00:00-04:00,44.80509072795625,44.99426641035365,43.98864271187857,44.347084045410156,2200200,0.0,0.0
2022-07-25 00:00:00-04:00,44.297307578267734,44.56613481791248,43.809428184111255,44.167869567871094,1401900,0.0,0.0
2022-07-26 00:00:00-04:00,44.0882092391084,44.57608857793664,43.879119721685456,44.49643325805664,1693700,0.0,0.0
2022-07-27 00:00:00-04:00,44.94448445049916,46.7566011782344,44.67565344607584,46.65703582763672,4165300,0.0,0.0
2022-07-28 00:00:00-04:00,47.05529747639745,48.23018675600597,46.78647029044028,47.95140075683594,2729400,0.0,0.0
2022-07-29 00:00:00-04:00,47.9414462140867,49.73364899444498,47.871749713607585,49.58429718017578,2896400,0.0,0.0
2022-08-01 00:00:00-04:00,48.976932045499176,49.2188795208799,48.5537736935166,48.91719436645508,2451100,0.0,0.0
2022-08-02 00:00:00-04:00,48.65832893570506,49.524563450609776,48.4392844016269,48.48906707763672,2478200,0.0,0.0
2022-08-03 00:00:00-04:00,49.04663592200679,49.68386704709881,48.688198399246524,49.67390823364258,3062000,0.0,0.0
2022-08-04 00:00:00-04:00,47.96134993457994,49.74359746532975,47.802043126132546,49.56437683105469,4849000,0.0,0.0
2022-08-05 00:00:00-04:00,48.807683049070214,49.634086144448275,48.6185073520981,49.57434844970703,3524300,0.0,0.0
2022-08-08 00:00:00-04:00,49.78342819213867,50.53017961502076,49.673904042408104,49.78342819213867,2728900,0.0,0.0
2022-08-09 00:00:00-04:00,49.5843053831055,49.5843053831055,48.986905623547315,49.33538818359375,2255700,0.0,0.0
2022-08-10 00:00:00-04:00,50.48040619703933,51.296854265151254,50.24144402673043,51.087764739990234,2565600,0.0,0.0
2022-08-11 00:00:00-04:00,51.67520745113141,52.32238983225954,51.396417630204574,51.635379791259766,2735500,0.0,0.0
2022-08-12 00:00:00-04:00,51.70507493812342,53.39771245643845,51.56568193041064,53.36783981323242,3699700,0.0,0.0
2022-08-15 00:00:00-04:00,52.76047550650883,53.4375265924495,52.64597195776823,53.26826477050781,2434200,0.0,0.0
2022-08-16 00:00:00-04:00,52.919654074874934,53.92565371193908,52.82004770512955,53.75632858276367,2806000,0.02,0.0
2022-08-17 00:00:00-04:00,52.90970311094647,52.929624389252886,51.93358327150377,52.361881256103516,3117600,0.0,0.0
2022-08-18 00:00:00-04:00,52.471440196151974,52.59096405229316,52.05310100026549,52.3718376159668,2196800,0.0,0.0
2022-08-19 00:00:00-04:00,51.804087872860144,51.8439304225592,51.02717715170194,51.61484146118164,3849200,0.0,0.0
2022-08-22 00:00:00-04:00,50.60884416917273,50.768210575902,49.16458397091658,49.393672943115234,6503900,0.0,0.0
2022-08-23 00:00:00-04:00,49.383717829744334,50.09090607403788,49.05502245446712,49.234310150146484,2796500,0.0,0.0
2022-08-24 00:00:00-04:00,48.96536990629905,49.87176696247307,48.87572607438758,49.4633903503418,2301600,0.0,0.0
2022-08-25 00:00:00-04:00,49.80205393025298,50.89769759688048,49.727350089438566,50.608848571777344,3244600,0.0,0.0
2022-08-26 00:00:00-04:00,50.77817664964054,50.86283923428483,48.0689435442602,48.09882736206055,2813900,0.0,0.0
2022-08-29 00:00:00-04:00,47.630676781300686,47.86972827538212,46.87368734929956,47.66055679321289,4018800,0.0,0.0
2022-08-30 00:00:00-04:00,47.80997337789198,47.95938106453602,47.072901283160874,47.51116180419922,4777400,0.0,0.0
2022-08-31 00:00:00-04:00,47.76016638478484,47.78008766060061,47.018116908723016,47.18246078491211,6680100,0.0,0.0
2022-09-01 00:00:00-04:00,46.98326004742849,48.22831150681036,46.48523946367574,48.188472747802734,3937800,0.0,0.0
2022-09-02 00:00:00-04:00,48.90561517022099,49.23431054815538,47.34183098939446,47.551002502441406,3518000,0.0,0.0
2022-09-06 00:00:00-04:00,47.81992775027437,47.87969157939341,47.12270207519367,47.48127365112305,3307600,0.0,0.0
2022-09-07 00:00:00-04:00,47.45139025512505,48.69146017412078,47.32190386772473,48.53707504272461,3564900,0.0,0.0
2022-09-08 00:00:00-04:00,48.12870569366311,49.1546268117653,47.66056516034878,49.11478805541992,3094300,0.0,0.0
2022-09-09 00:00:00-04:00,49.453437564953006,50.15863478096783,49.32395117003189,50.0311393737793,1780500,0.0,0.0
2022-09-12 00:00:00-04:00,50.42956078121573,51.50528316834773,50.42956078121573,51.345916748046875,2232900,0.0,0.0
2022-09-13 00:00:00-04:00,49.752247794349834,50.469394717427974,49.14466218759579,49.363792419433594,1966300,0.0,0.0
2022-09-14 00:00:00-04:00,49.45344202694059,49.46340076609695,48.46735966827011,49.40363693237305,2203600,0.0,0.0
2022-09-15 00:00:00-04:00,49.45344218172481,50.32995561484724,48.92553781449953,49.11478805541992,3242000,0.0,0.0
2022-09-16 00:00:00-04:00,48.29803801855611,48.347839317150864,46.226270560574,47.00318145751953,6046200,0.0,0.0
2022-09-19 00:00:00-04:00,46.54499602060963,48.42751292478017,46.54499602060963,48.26814651489258,2655200,0.0,0.0
2022-09-20 00:00:00-04:00,47.80997617329833,47.89962003060708,46.45535957378626,47.00318145751953,2852700,0.0,0.0
2022-09-21 00:00:00-04:00,47.341826603496685,47.95937474732629,45.95733024806303,45.96729278564453,4115500,0.0,0.0
2022-09-22 00:00:00-04:00,45.89757533419457,46.18642436312573,44.602718875171476,44.63260269165039,4080600,0.0,0.0
2022-09-23 00:00:00-04:00,44.03497584588317,44.288967388693955,42.88953086774721,43.895530700683594,2907300,0.0,0.0
2022-09-26 00:00:00-04:00,43.57679649611424,44.37362858640988,43.11861851914364,43.14849853515625,2831300,0.0,0.0
2022-09-27 00:00:00-04:00,43.79592773856378,43.94533162160866,42.03293456154874,42.76004409790039,2765000,0.0,0.0
2022-09-28 00:00:00-04:00,43.1385355719635,44.33876295927633,42.779960216545554,43.935367584228516,2275000,0.0,0.0
2022-09-29 00:00:00-04:00,43.138535973987274,43.5668338969952,42.41142651854457,43.51702880859375,2517200,0.0,0.0
2022-09-30 00:00:00-04:00,43.58675419257001,44.19433983426388,42.999089827606525,43.0887336730957,2220600,0.0,0.0
2022-10-03 00:00:00-04:00,43.92540059484139,45.553929535709486,43.34769886934897,44.85171890258789,2948100,0.0,0.0
2022-10-04 00:00:00-04:00,45.977250792532665,46.94341174445543,45.83780566536747,46.88364791870117,1852400,0.0,0.0
2022-10-05 00:00:00-04:00,46.07685742955931,46.98823590475145,45.90753227439317,46.75416564941406,2082600,0.0,0.0
2022-10-06 00:00:00-04:00,46.56491787689247,47.6008014538641,46.54499660045898,46.82388687133789,1987800,0.0,0.0
2022-10-07 00:00:00-04:00,46.106742105969055,46.286029802784626,45.140581050862394,45.469276428222656,1638400,0.0,0.0
2022-10-10 00:00:00-04:00,45.927460141185634,45.97726144105099,44.56786223724717,44.98122024536133,2065600,0.0,0.0
2022-10-11 00:00:00-04:00,44.74216046293,45.94737297588818,44.37362635214846,45.24018096923828,2279500,0.0,0.0
2022-10-12 00:00:00-04:00,45.38958877124009,45.72824286848548,44.11465748730214,44.951332092285156,1730800,0.0,0.0
2022-10-13 00:00:00-04:00,43.855687523264095,46.96333842763263,43.39750953850553,46.60476303100586,2283200,0.0,0.0
2022-10-14 00:00:00-04:00,46.9932203735201,47.32191196752604,44.85173044440817,44.93141555786133,2282300,0.0,0.0
2022-10-17 00:00:00-04:00,46.25615293236573,47.00318384806696,45.817896163008804,46.545005798339844,2226000,0.0,0.0
2022-10-18 00:00:00-04:00,47.74024418010886,48.28806595580179,46.405549123179746,46.83384704589844,3752500,0.0,0.0
2022-10-19 00:00:00-04:00,45.917495493520015,46.75417021147391,45.434418727447465,46.12666702270508,3048000,0.0,0.0
2022-10-20 00:00:00-04:00,46.246183270686295,46.65555541668945,44.961289487211985,45.021053314208984,1874800,0.0,0.0
2022-10-21 00:00:00-04:00,45.28998910977117,46.64460558609665,44.9612937296649,46.60476303100586,3317600,0.0,0.0
2022-10-24 00:00:00-04:00,47.07289902743553,47.63068339130298,46.694406158706485,47.60080337524414,1384900,0.0,0.0
2022-10-25 00:00:00-04:00,47.590843039299905,48.81099567930371,47.57092176114036,48.696449279785156,2518400,0.0,0.0
2022-10-26 00:00:00-04:00,49.00521342085267,49.413590041043335,48.09881634679072,48.41754913330078,2368000,0.0,0.0
2022-10-27 00:00:00-04:00,48.88569249226233,49.343870425255474,48.298028169651204,48.43747329711914,2656600,0.0,0.0
2022-10-28 00:00:00-04:00,48.63667805052915,50.33990704539892,48.278102725378794,50.25026321411133,2289900,0.0,0.0
2022-10-31 00:00:00-04:00,49.97138014432426,50.7980960808178,49.84189753708174,50.30007553100586,2373600,0.0,0.0
2022-11-01 00:00:00-04:00,50.89769262076424,51.43555566252854,49.941494190690904,50.100860595703125,2054000,0.0,0.0
2022-11-02 00:00:00-04:00,49.6028428500119,50.91761671401837,48.64664436702447,48.855812072753906,3045100,0.0,0.0
2022-11-03 00:00:00-04:00,49.22434523360135,52.02322185907013,47.441434700962496,51.1666259765625,4467300,0.0,0.0
2022-11-04 00:00:00-04:00,52.50132346929011,53.37784066778971,51.465439852844675,52.71049118041992,2539000,0.0,0.0
2022-11-07 00:00:00-05:00,52.979419306185065,53.46748106693855,52.34195367551552,53.02922439575195,2640500,0.0,0.0
2022-11-08 00:00:00-05:00,53.347957881183014,53.38779663390412,51.7443312466149,52.03318405151367,4688400,0.0,0.0
2022-11-09 00:00:00-05:00,51.59492627523821,52.26227576287237,51.2811747084192,51.525203704833984,2039100,0.0,0.0
2022-11-10 00:00:00-05:00,53.62684446214132,54.11490619547815,53.09894397882172,53.66668701171875,4798600,0.0,0.0
2022-11-11 00:00:00-05:00,53.78621501829241,55.50936552496408,53.572066047254296,55.09103012084961,6675600,0.0,0.0
2022-11-14 00:00:00-05:00,54.961534030723655,56.04721870177528,54.91173274848344,54.971492767333984,2762800,0.0,0.0
2022-11-15 00:00:00-05:00,55.79851855598414,56.50596314687127,54.84695270971443,55.310279846191406,2065300,0.02,0.0
2022-11-16 00:00:00-05:00,55.09107227051736,55.67894965354535,54.56795965475677,54.792152404785156,1970300,0.0,0.0
2022-11-17 00:00:00-05:00,53.87546125088044,54.174381120730125,52.600067779003204,53.59646987915039,1909500,0.0,0.0
2022-11-18 00:00:00-05:00,54.30391490227449,54.513158432783825,52.958773576460324,53.50679397583008,2725700,0.0,0.0
2022-11-21 00:00:00-05:00,53.31747392881048,53.75589327910319,53.1480873987227,53.40715026855469,1902800,0.0,0.0
2022-11-22 00:00:00-05:00,53.80571340794793,54.05481393298473,53.16801667200931,53.59646987915039,2734900,0.0,0.0
2022-11-23 00:00:00-05:00,53.67617824470716,54.004992751036895,53.317472892700984,53.44700622558594,1968000,0.0,0.0
2022-11-25 00:00:00-05:00,53.6064361667618,53.835608210518686,53.1580544285537,53.22780227661133,1213100,0.0,0.0
2022-11-28 00:00:00-05:00,52.76945356381087,53.33242317503898,52.61002938208528,52.96873474121094,2490000,0.0,0.0
2022-11-29 00:00:00-05:00,53.04844996883547,53.566575720789146,52.43067792440107,52.62995910644531,1796000,0.0,0.0
2022-11-30 00:00:00-05:00,52.78937820555442,53.950187463217055,52.11680760680908,53.77581787109375,5157500,0.0,0.0
2022-12-01 00:00:00-05:00,54.14448868539216,54.93164723364591,53.52672046569901,54.094669342041016,2856400,0.0,0.0
2022-12-02 00:00:00-05:00,53.29755302416296,54.642694415062806,53.1182003319133,54.353736877441406,2476900,0.0,0.0
2022-12-05 00:00:00-05:00,53.66621660444332,53.74592679428944,52.859129551782246,53.12815856933594,2717000,0.0,0.0
2022-12-06 00:00:00-05:00,53.1182021124368,53.61640320739165,52.19154777174295,52.540287017822266,1715500,0.0,0.0
2022-12-07 00:00:00-05:00,52.5004317431634,53.34737591300097,52.5004317431634,52.62000274658203,2460600,0.0,0.0
2022-12-08 00:00:00-05:00,52.86909725283879,53.55661333945098,52.719635416153686,53.06837463378906,2339200,0.0,0.0
2022-12-09 00:00:00-05:00,53.30752266180907,53.43705602413827,52.9488172282655,53.05842208862305,2313100,0.0,0.0
2022-12-12 00:00:00-05:00,53.40715265435185,54.06477790819595,52.90895158928897,54.04485321044922,2701400,0.0,0.0
2022-12-13 00:00:00-05:00,55.87823587720464,56.04762242272645,54.77222885324054,55.3302116394043,3686500,0.0,0.0
2022-12-14 00:00:00-05:00,55.419893734280095,55.848347018641604,54.07475217703455,54.53309631347656,3028800,0.0,0.0
2022-12-15 00:00:00-05:00,53.716039521974174,53.8256443661554,52.35096964665461,52.41075134277344,3079100,0.0,0.0
2022-12-16 00:00:00-05:00,51.743161725646104,52.14172408887403,51.08553648700072,51.61362838745117,3750100,0.0,0.0
2022-12-19 00:00:00-05:00,51.72323512432759,52.081940504193696,50.71687063167883,50.88625717163086,2479800,0.0,0.0
2022-12-20 00:00:00-05:00,50.90618875581124,51.93248180964843,50.776655405015276,51.71327590942383,1873500,0.0,0.0
2022-12-21 00:00:00-05:00,52.281222488862944,52.87906226375752,52.01219344986861,52.53032302856445,1703100,0.0,0.0
2022-12-22 00:00:00-05:00,52.09189186828847,52.09189186828847,50.56739812630874,51.81290054321289,1572800,0.0,0.0
2022-12-23 00:00:00-05:00,51.84279555371727,52.211467035466356,51.45419937655066,52.091896057128906,2037000,0.0,0.0
2022-12-27 00:00:00-05:00,52.23139701754522,52.69472415282593,51.812909953922606,52.400787353515625,1717700,0.0,0.0
2022-12-28 00:00:00-05:00,52.50042725644715,52.59508667582072,51.54388211668197,51.55384826660156,1045600,0.0,0.0
2022-12-29 00:00:00-05:00,51.98230641708538,52.94881786905533,51.922524711420046,52.60007858276367,1732000,0.0,0.0
2022-12-30 00:00:00-05:00,52.281217574696704,52.49046109614473,51.67341170680005,52.062007904052734,1518200,0.0,0.0
2023-01-03 00:00:00-05:00,52.4804963980283,52.908949601966974,51.787997247679776,52.80931091308594,2099500,0.0,0.0
2023-01-04 00:00:00-05:00,53.207881099110075,53.636334366087716,52.78939018209737,53.45698165893555,2564500,0.0,0.0
2023-01-05 00:00:00-05:00,53.17798562294129,53.5566195322791,52.719641512200845,53.197914123535156,2092000,0.0,0.0
2023-01-06 00:00:00-05:00,53.97510898065625,55.09108225643265,53.37726914082626,54.92169189453125,2983600,0.0,0.0
2023-01-09 00:00:00-05:00,55.43981567634832,56.326612992225925,55.250500633949784,55.57931137084961,2042300,0.0,0.0
2023-01-10 00:00:00-05:00,55.45974436397045,56.44618417996379,55.4099250159041,56.22697448730469,1577800,0.0,0.0
2023-01-11 00:00:00-05:00,56.665394279593194,57.01413734390039,56.04762595555548,56.57571792602539,1683100,0.0,0.0
2023-01-12 00:00:00-05:00,56.72517717402396,57.39276481913134,56.24690457731135,57.18352127075195,2091400,0.0,0.0
2023-01-13 00:00:00-05:00,56.97427408065602,57.47247514550892,56.804883742100344,57.32301330566406,1260600,0.0,0.0
2023-01-17 00:00:00-05:00,57.29312822574465,57.56215728396489,56.376439998599714,56.595645904541016,1754100,0.0,0.0
2023-01-18 00:00:00-05:00,56.834784819534306,57.103813881102866,55.58928201651667,55.69888687133789,1659300,0.0,0.0
2023-01-19 00:00:00-05:00,55.429845504913885,55.559375030973,53.58649948506789,53.68614196777344,1885700,0.0,0.0
2023-01-20 00:00:00-05:00,53.93525174261308,55.17078833272977,53.70607969446196,55.15085983276367,1801300,0.0,0.0
2023-01-23 00:00:00-05:00,55.28038295201816,56.007755961798026,55.06117329393008,55.688907623291016,2648200,0.0,0.0
2023-01-24 00:00:00-05:00,55.300319580689134,56.406326580458526,54.71244215743209,56.177154541015625,1705000,0.0,0.0
2023-01-25 00:00:00-05:00,55.51953095652936,55.86827020084014,54.692515318631365,55.74870300292969,1429500,0.0,0.0
2023-01-26 00:00:00-05:00,56.03766007339038,56.087479422016045,53.65127640478602,55.3302116394043,3741500,0.0,0.0
2023-01-27 00:00:00-05:00,55.12097419961229,55.828418910979984,54.752306417782705,55.45975112915039,2107900,0.0,0.0
2023-01-30 00:00:00-05:00,55.140890906933045,55.52948710749466,54.931647383703286,55.111000061035156,1718700,0.0,0.0
2023-01-31 00:00:00-05:00,55.340186418236826,56.02471509382667,55.03130032704056,55.79853057861328,2633100,0.0,0.0
2023-02-01 00:00:00-05:00,55.54942748699792,55.96791462297101,54.65266390852263,55.45975112915039,3451000,0.0,0.0
2023-02-02 00:00:00-05:00,55.91808796917081,56.38639819912634,55.3102820454343,55.8084831237793,2822200,0.0,0.0
2023-02-03 00:00:00-05:00,55.250505795114,57.21341565263077,55.180757941347935,56.90453338623047,3437400,0.0,0.0
2023-02-06 00:00:00-05:00,56.236934061183895,56.575710932677815,55.78855614974195,56.18711471557617,1690000,0.0,0.0
2023-02-07 00:00:00-05:00,55.82841411581604,57.29312656786223,55.66898991566612,57.09384536743164,2152500,0.0,0.0
2023-02-08 00:00:00-05:00,56.78495725660137,57.66178836643703,56.78495725660137,57.173553466796875,2167500,0.0,0.0
2023-02-09 00:00:00-05:00,57.751466350546195,57.89096204012679,55.947980933865075,56.236934661865234,2125100,0.0,0.0
2023-02-10 00:00:00-05:00,56.08748340442798,56.65044930571869,55.88820219480296,56.48604202270508,1263000,0.0,0.0
2023-02-13 00:00:00-05:00,56.74510299966503,57.6020094537547,56.40632611783824,57.213409423828125,1830800,0.0,0.0
2023-02-14 00:00:00-05:00,56.914491185110414,57.48244012091615,56.4461847474117,57.2233772277832,1204500,0.0,0.0
2023-02-15 00:00:00-05:00,56.97426798036941,58.19485893818025,56.97426798036941,58.070308685302734,2029400,0.0,0.0
2023-02-16 00:00:00-05:00,57.352911620134826,57.78136486737226,56.904529872912775,57.18352127075195,1606700,0.0,0.0
2023-02-17 00:00:00-05:00,56.90452684436791,57.6219376017415,56.715208005076256,57.37283706665039,1935100,0.0,0.0
2023-02-21 00:00:00-05:00,57.8411443147425,58.35927389125485,55.589277117758584,56.177154541015625,3334300,0.0,0.0
2023-02-22 00:00:00-05:00,56.63550089911146,57.77139879292034,56.38640035043504,57.25326919555664,3178400,0.0,0.0
2023-02-23 00:00:00-05:00,58.11016628267948,58.11016628267948,56.55577774225577,57.68171310424805,1907600,0.0,0.0
2023-02-24 00:00:00-05:00,57.053982288119414,57.67175432372868,56.46610490002179,57.47247314453125,1480300,0.0,0.0
2023-02-27 00:00:00-05:00,57.791322341455654,58.51869542515384,57.60200730903198,58.16995620727539,1976100,0.0,0.0
2023-02-28 00:00:00-05:00,58.15998833174554,58.73411286609762,57.870935573535135,57.88090133666992,3272700,0.02,0.0
2023-03-01 00:00:00-05:00,57.761283233524935,58.32942669137317,57.41242074740486,57.850990295410156,2076400,0.0,0.0
2023-03-02 00:00:00-05:00,57.542011387154346,58.37927621876172,57.21308795452753,58.100189208984375,1727900,0.0,0.0
2023-03-03 00:00:00-05:00,58.55868767617397,59.455758455102014,58.29953600796984,59.276344299316406,1908900,0.0,0.0
2023-03-06 00:00:00-05:00,59.176669374249364,60.15846247684119,59.176669374249364,59.67504119873047,2133900,0.0,0.0
2023-03-07 00:00:00-05:00,59.71490871442344,60.189360400196456,59.00024449869477,59.176666259765625,2556000,0.0,0.0
2023-03-08 00:00:00-05:00,59.216532450355054,59.57536072639922,58.64838894737672,59.2663688659668,2792700,0.0,0.0
2023-03-09 00:00:00-05:00,59.39595112647256,59.57436908213274,57.73138734148255,57.9506721496582,4290900,0.0,0.0
2023-03-10 00:00:00-05:00,58.01048311570138,58.249699470366316,55.35914507080005,55.558494567871094,4381100,0.0,0.0
2023-03-13 00:00:00-04:00,54.631521740808935,55.22956641992059,53.89392975444759,54.53184509277344,3391100,0.0,0.0
2023-03-14 00:00:00-04:00,55.75783587318638,56.4256560654596,54.80096292530472,55.518619537353516,3038700,0.0,0.0
2023-03-15 00:00:00-04:00,54.21289347119404,54.252764134855916,51.97021997093653,52.75764846801758,4200900,0.0,0.0
2023-03-16 00:00:00-04:00,52.23435132252238,53.759371738144125,51.671192512261726,53.34572219848633,4558200,0.0,0.0
2023-03-17 00:00:00-04:00,52.91213407305686,53.06663191946426,51.67118933271932,52.28916931152344,4162300,0.0,0.0
2023-03-20 00:00:00-04:00,52.68787493747518,53.94875516578012,52.35894767673008,53.73445510864258,3032100,0.0,0.0
2023-03-21 00:00:00-04:00,54.84083256660578,55.90635170355272,54.80096191061351,55.71796798706055,3367300,0.0,0.0
2023-03-22 00:00:00-04:00,55.71797406897113,56.72468352787586,54.77106679830749,54.78103256225586,2189000,0.0,0.0
2023-03-23 00:00:00-04:00,54.8209011807373,56.17148838082606,54.24278803410283,54.77106475830078,2469600,0.0,0.0
2023-03-24 00:00:00-04:00,54.093272329053,55.020244124697776,53.206171187522486,54.85079574584961,1982400,0.0,0.0
2023-03-27 00:00:00-04:00,55.618295536560446,55.698036854551546,54.9205742132396,55.60832977294922,1893700,0.0,0.0
2023-03-28 00:00:00-04:00,55.598360646169375,56.11666781037908,55.43888181120296,55.777774810791016,1886800,0.0,0.0
2023-03-29 00:00:00-04:00,56.45555580222794,56.70474169740181,55.917313356106376,56.51536178588867,4620100,0.0,0.0
2023-03-30 00:00:00-04:00,57.07353499906069,57.586861130207275,56.82933388967297,57.143310546875,2278700,0.0,0.0
2023-03-31 00:00:00-04:00,57.412422694929894,58.03040638766867,57.30278410648393,57.990535736083984,2175900,0.0,0.0
2023-04-03 00:00:00-04:00,57.905824498278676,58.40917731201633,57.17820207830536,58.100189208984375,2038500,0.0,0.0
2023-04-04 00:00:00-04:00,57.98057122308387,57.98057122308387,54.70626877137123,55.080047607421875,3569000,0.0,0.0
2023-04-05 00:00:00-04:00,54.54180193176987,54.80095355164029,53.943753589933245,54.711246490478516,6584900,0.0,0.0
2023-04-06 00:00:00-04:00,54.42219347526632,55.159785336860054,54.187961947123924,54.282649993896484,1887500,0.0,0.0
2023-04-10 00:00:00-04:00,54.093274617672314,55.458812259523555,53.953731124643355,55.28936767578125,1839400,0.0,0.0
2023-04-11 00:00:00-04:00,55.59835947333695,56.07679596814371,55.32923823208153,55.4189453125,1233900,0.0,0.0
2023-04-12 00:00:00-04:00,56.24623665423192,56.525323620704675,55.638222503895065,56.23626708984375,1957000,0.0,0.0
2023-04-13 00:00:00-04:00,56.0169952437268,56.27614692598632,54.06337855507693,55.79771041870117,2984300,0.0,0.0
2023-04-14 00:00:00-04:00,55.83757718664741,56.839305573919674,55.25946407088029,55.518619537353516,2110400,0.0,0.0
2023-04-17 00:00:00-04:00,55.797707999103864,56.02197759741182,55.38904326254349,55.89738464355469,1519700,0.0,0.0
2023-04-18 00:00:00-04:00,56.33594997926653,56.81438646161766,55.71796999818071,56.136600494384766,1622400,0.0,0.0
2023-04-19 00:00:00-04:00,55.698030515937944,55.85750933149563,54.860765783691384,55.42890930175781,2524800,0.0,0.0
2023-04-20 00:00:00-04:00,54.92057777834864,55.53856162606945,54.825889709931786,55.17973327636719,2179300,0.0,0.0
2023-04-21 00:00:00-04:00,55.418941697659115,55.418941697659115,54.651452484698936,55.1597900390625,1878100,0.0,0.0
2023-04-24 00:00:00-04:00,55.05014995179349,55.50865110674176,54.95047711020481,55.189693450927734,1232500,0.0,0.0
2023-04-25 00:00:00-04:00,54.89066771000806,55.399009056409994,54.25275243805461,54.262718200683594,1748500,0.0,0.0
2023-04-26 00:00:00-04:00,53.714512834176354,54.22285420738615,53.066631765427296,53.23607635498047,1721100,0.0,0.0
2023-04-27 00:00:00-04:00,54.372376514710545,56.87420571934107,54.36241074916477,56.81439971923828,6102700,0.0,0.0
2023-04-28 00:00:00-04:00,56.6947765738526,57.42239893969154,56.674841245740915,56.834320068359375,2479800,0.0,0.0
2023-05-01 00:00:00-04:00,56.65491109340031,57.42240418557779,56.65491109340031,56.933998107910156,1807000,0.0,0.0
2023-05-02 00:00:00-04:00,56.75457605557488,57.01373150642138,55.678095004687115,56.91405487060547,2297000,0.0,0.0
2023-05-03 00:00:00-04:00,57.282855746622005,57.55197697413342,56.15653441717238,56.44559097290039,2454200,0.0,0.0
2023-05-04 00:00:00-04:00,57.81113513402991,59.077000100996386,56.61504192252592,56.90409851074219,4120900,0.0,0.0
2023-05-05 00:00:00-04:00,58.06031926573684,59.455761936381435,57.811133346141396,58.97732162475586,3022100,0.0,0.0
2023-05-08 00:00:00-04:00,59.63517481165003,59.70494656344426,58.18989574882979,58.748069763183594,1793300,0.0,0.0
2023-05-09 00:00:00-04:00,59.36605206981254,59.694975491073485,58.558688359358065,58.77797317504883,2063000,0.0,0.0
2023-05-10 00:00:00-04:00,59.067025790925335,59.12184699471106,57.48220326847248,58.21979522705078,1575100,0.0,0.0
2023-05-11 00:00:00-04:00,57.77125726675398,58.10018447485443,57.183178399587284,57.76129150390625,1572200,0.0,0.0
2023-05-12 00:00:00-04:00,58.13008974493949,58.50885339905988,57.601816823704034,58.06031799316406,1446800,0.0,0.0
2023-05-15 00:00:00-04:00,57.86096650707338,58.87764545796964,57.86096650707338,58.738101959228516,1143300,0.0,0.0
2023-05-16 00:00:00-04:00,58.21979688554525,58.52878878820561,57.96064520758276,58.33940505981445,1527000,0.0,0.0
2023-05-17 00:00:00-04:00,58.967353922649394,59.326182243435795,58.11015377905417,58.83777618408203,1876400,0.0,0.0
2023-05-18 00:00:00-04:00,58.67829462373028,59.89432303155408,58.67829462373028,59.73484420776367,1438700,0.0,0.0
2023-05-19 00:00:00-04:00,60.45250421708282,60.861168963679866,59.10689800101305,59.565399169921875,1647000,0.0,0.0
2023-05-22 00:00:00-04:00,59.734843474727896,60.233215268241544,59.00722111247097,59.54546356201172,1917100,0.0,0.0
2023-05-23 00:00:00-04:00,59.07683945384792,59.08680855487787,57.67096038860715,57.84046173095703,2445400,0.02,0.0
2023-05-24 00:00:00-04:00,57.521394394337335,57.780636650837565,56.49440587951717,56.743675231933594,1854600,0.0,0.0
2023-05-25 00:00:00-04:00,57.14251650682803,57.950146898615195,56.89324711606922,57.41172790527344,1972600,0.0,0.0
2023-05-26 00:00:00-04:00,57.76069823324463,58.91730794814212,57.22227548573665,58.717891693115234,2068000,0.0,0.0
2023-05-30 00:00:00-04:00,59.06686816666059,59.35901112109362,58.08474629719305,58.269203186035156,1565300,0.0,0.0
2023-05-31 00:00:00-04:00,57.93019388789614,58.15952503095916,56.324902511293296,56.49440383911133,3338900,0.0,0.0
2023-06-01 00:00:00-04:00,56.75364811984124,58.08973209009685,56.44455653648911,57.98005676269531,2153100,0.0,0.0
2023-06-02 00:00:00-04:00,58.82756834935266,61.41498549643006,58.50351742400669,61.18067169189453,3217200,0.0,0.0
2023-06-05 00:00:00-04:00,61.32026589973733,61.32026589973733,59.92435588629127,60.502662658691406,2281700,0.0,0.0
2023-06-06 00:00:00-04:00,60.30324098152084,61.79885708861277,60.30324098152084,61.3102912902832,1486300,0.0,0.0
2023-06-07 00:00:00-04:00,61.56953111959998,62.62643456153779,61.04108130040534,62.50678253173828,1724300,0.0,0.0
2023-06-08 00:00:00-04:00,62.436986004847796,62.73610846548835,62.038157325176535,62.576576232910156,1270900,0.0,0.0
2023-06-09 00:00:00-04:00,62.81587709272426,62.81587709272426,61.79885767384481,62.2774543762207,1215700,0.0,0.0
2023-06-12 00:00:00-04:00,62.088012826171806,62.93552713122232,61.74900634344188,62.64637756347656,1696300,0.0,0.0
2023-06-13 00:00:00-04:00,62.70621094228811,64.0123801908218,62.70621094228811,63.91267395019531,1765400,0.0,0.0
2023-06-14 00:00:00-04:00,64.191832730442,64.26162783595669,63.53376567945999,63.93259811401367,1915700,0.0,0.0
2023-06-15 00:00:00-04:00,63.68333643261445,64.67044479355071,63.533777095444435,64.52088165283203,1961600,0.0,0.0
2023-06-16 00:00:00-04:00,64.81002901227598,65.0533191766801,63.85283565048472,64.33142852783203,4462600,0.0,0.0
2023-06-20 00:00:00-04:00,63.633471886324415,64.20180563325722,63.30443836083341,63.93259811401367,2438700,0.0,0.0
2023-06-21 00:00:00-04:00,63.593605552218285,64.52088798719363,63.25459902971602,63.94258117675781,2810700,0.0,0.0
2023-06-22 00:00:00-04:00,63.88274618824556,63.88274618824556,62.9754059422573,63.334354400634766,2803900,0.0,0.0
2023-06-23 00:00:00-04:00,62.526724431047505,63.34432761555325,61.83874237683126,63.18479537963867,5020500,0.0,0.0
2023-06-26 00:00:00-04:00,63.11500439474308,63.83289760156729,62.97541415462584,63.035240173339844,2882100,0.0,0.0
2023-06-27 00:00:00-04:00,63.33436623511281,63.822935906652276,62.96544860775587,63.743167877197266,3152300,0.0,0.0
2023-06-28 00:00:00-04:00,64.11208218648186,64.40122794871627,63.364270305830146,63.47394943237305,2829800,0.0,0.0
2023-06-29 00:00:00-04:00,63.264567614284736,64.40123154279976,62.81588198227303,64.2117919921875,2852100,0.0,0.0
2023-06-30 00:00:00-04:00,64.96957101011175,65.53790485859739,64.46205590476492,65.16898345947266,1880700,0.0,0.0
2023-07-03 00:00:00-04:00,64.72028670148448,65.12908441041552,64.31148138545787,65.04931640625,702300,0.0,0.0
2023-07-05 00:00:00-04:00,64.4311367554318,64.8598802913352,63.812946101518776,63.93259811401367,1450400,0.0,0.0
2023-07-06 00:00:00-04:00,63.38421760627152,63.49888319456819,62.73611569721847,63.37424850463867,1796100,0.0,0.0
2023-07-07 00:00:00-04:00,63.23466303362206,64.73526977244731,63.14492969610897,64.07221221923828,1271700,0.0,0.0
2023-07-10 00:00:00-04:00,64.78013423130434,65.70242646615414,64.46106969697765,65.61767578125,1395200,0.0,0.0
2023-07-11 00:00:00-04:00,65.81708476698238,66.54494704730493,65.67749453220551,66.05638122558594,1701200,0.0,0.0
2023-07-12 00:00:00-04:00,66.68453242924916,66.82412265386762,65.8669292820139,65.91678619384766,1333800,0.0,0.0
2023-07-13 00:00:00-04:00,66.02647555700368,66.714461490135,65.65755413065395,66.4851303100586,1069900,0.0,0.0
2023-07-14 00:00:00-04:00,66.43527716571025,66.47516118221161,65.70741478408071,65.92677307128906,1475800,0.0,0.0
2023-07-17 00:00:00-04:00,65.8370254229051,66.52999397391164,65.75725739803157,66.09626770019531,1985200,0.0,0.0
2023-07-18 00:00:00-04:00,65.84698804066669,66.98365559269422,65.76722002825512,66.8241195678711,2535600,0.0,0.0
2023-07-19 00:00:00-04:00,66.16606017263821,66.17603307712274,64.6704439980435,65.5279312133789,2943300,0.0,0.0
2023-07-20 00:00:00-04:00,65.82704373853939,65.87690064921021,65.03935932103528,65.39830017089844,2048700,0.0,0.0
2023-07-21 00:00:00-04:00,65.49802617915356,65.61767061567079,64.88980826986449,65.06928253173828,1483700,0.0,0.0
2023-07-24 00:00:00-04:00,65.23876727974599,65.75724412255558,64.7801126399655,65.07923126220703,1546000,0.0,0.0
2023-07-25 00:00:00-04:00,64.7003475530554,65.6675137835484,64.56075733495294,64.87982177734375,1791700,0.0,0.0
2023-07-26 00:00:00-04:00,64.65049298176245,65.14404901817996,63.8727738507506,64.33142852783203,2205600,0.0,0.0
2023-07-27 00:00:00-04:00,64.68041136199766,64.8299668809684,63.68333019412929,63.86280822753906,2450700,0.0,0.0
2023-07-28 00:00:00-04:00,64.52087886214538,64.66046909221924,63.79301280279701,64.01236724853516,2456800,0.0,0.0
2023-07-31 00:00:00-04:00,64.44110240624322,65.13407081734904,64.16192198264605,65.07923126220703,2150900,0.0,0.0
2023-08-01 00:00:00-04:00,64.58070373857454,65.86693457485605,64.52088152524429,65.81708526611328,2872000,0.0,0.0
2023-08-02 00:00:00-04:00,65.42823182310364,65.70741232104984,64.87983612563929,65.2986068725586,3487800,0.0,0.0
2023-08-03 00:00:00-04:00,66.32558324724071,67.19304329693645,65.04932543189294,66.92383575439453,3897000,0.0,0.0
2023-08-04 00:00:00-04:00,67.20302046275005,67.54202313834719,66.37544436818466,66.7144546508789,2857600,0.0,0.0
2023-08-07 00:00:00-04:00,67.32266539269592,67.80126591095483,66.93380579971557,67.71153259277344,1669600,0.0,0.0
2023-08-08 00:00:00-04:00,67.21298620086247,68.71856748609818,66.78424264637441,68.41944885253906,2451000,0.0,0.0
2023-08-09 00:00:00-04:00,68.42941507056173,68.67868440543394,67.72149107237625,67.94084930419922,2853300,0.0,0.0
2023-08-10 00:00:00-04:00,68.18014360159373,68.53909204114201,67.19303919638399,67.72148895263672,2419900,0.0,0.0
2023-08-11 00:00:00-04:00,67.56196147603498,68.12032234214473,67.46225526524341,67.8909912109375,1522900,0.0,0.0
2023-08-14 00:00:00-04:00,67.71152624817798,68.00067198440082,67.44729375284251,67.70155334472656,1723900,0.0,0.0
2023-08-15 00:00:00-04:00,67.31271092488026,67.63675810213186,66.56490272467039,66.80419921875,1638600,0.0,0.0
2023-08-16 00:00:00-04:00,66.73439579856083,67.18307762009394,66.43526951280711,66.5150375366211,1505000,0.0,0.0
2023-08-17 00:00:00-04:00,66.84406976484934,67.17310713233599,65.88687637433107,65.90681457519531,1814600,0.0,0.0
2023-08-18 00:00:00-04:00,65.2088589171416,66.96371714829786,64.81002646363841,66.29566955566406,3796400,0.0,0.0
2023-08-21 00:00:00-04:00,66.60477975321325,66.77428110177276,65.91679384693367,66.50506591796875,1553700,0.0,0.0
2023-08-22 00:00:00-04:00,67.1234379193637,67.52238241061646,66.57487782982352,66.67461395263672,1408300,0.02,0.0
2023-08-23 00:00:00-04:00,66.82423233811872,68.49982533395719,66.7544162803496,68.32029724121094,1880900,0.0,0.0
2023-08-24 00:00:00-04:00,68.30034997353398,68.96859044049299,67.99115806647683,68.06097412109375,3185100,0.0,0.0
2023-08-25 00:00:00-04:00,68.40008571858421,69.12318219644504,67.90139744290373,68.71924591064453,2648200,0.0,0.0
2023-08-28 00:00:00-04:00,68.66936469735077,69.25782073947569,68.42002059343201,68.91870880126953,1993300,0.0,0.0
2023-08-29 00:00:00-04:00,68.76911717051219,70.13552592429859,68.55966898653851,69.78644561767578,1993200,0.0,0.0
2023-08-30 00:00:00-04:00,69.94600272182517,70.46464270017111,69.48721050059785,69.70663452148438,1978100,0.0,0.0
2023-08-31 00:00:00-04:00,69.67671225095847,70.02579245073728,69.13812811013787,69.4273681640625,3960900,0.0,0.0
2023-09-01 00:00:00-04:00,69.80639073074676,70.33499914628678,69.37751845994221,69.76649475097656,2936200,0.0,0.0
2023-09-05 00:00:00-04:00,69.7764534518602,69.81634942179804,68.12081255101994,68.26044464111328,3946200,0.0,0.0
2023-09-06 00:00:00-04:00,68.12081916118213,69.86622806609434,68.07094729157592,69.82633209228516,3655300,0.0,0.0
2023-09-07 00:00:00-04:00,69.43736213967887,70.0457624788829,68.55966585525094,69.36754608154297,2989500,0.0,0.0
2023-09-08 00:00:00-04:00,69.3376130232223,69.79641292331391,69.13814076095738,69.23787689208984,2458600,0.0,0.0
2023-09-11 00:00:00-04:00,69.63681526310124,70.0557114966951,67.87644664417176,68.46988677978516,2885900,0.0,0.0
2023-09-12 00:00:00-04:00,68.11083797704238,68.98852650456098,67.77372729719072,68.1507339477539,2752300,0.0,0.0
2023-09-13 00:00:00-04:00,67.84153358769429,68.30033338877554,65.02893268420385,65.55754852294922,3511000,0.0,0.0
2023-09-14 00:00:00-04:00,66.2557350027161,66.81426352407551,65.55757435101683,66.38539123535156,2405900,0.0,0.0
2023-09-15 00:00:00-04:00,66.11608803640962,66.44522410237515,65.31319966242754,65.72711181640625,2848100,0.0,0.0
2023-09-18 00:00:00-04:00,65.70715620462093,66.32553232810878,65.44784381261675,66.2158203125,2039900,0.0,0.0
2023-09-19 00:00:00-04:00,65.99640375916131,66.57488397803039,65.10873924820456,66.0562515258789,4075000,0.0,0.0
2023-09-20 00:00:00-04:00,66.47514725423143,66.829211661171,64.77960258740363,64.84941864013672,2642200,0.0,0.0
2023-09-21 00:00:00-04:00,64.62002641750959,64.62002641750959,63.567793871937866,63.87199401855469,2343300,0.0,0.0
2023-09-22 00:00:00-04:00,63.89193196308821,64.76962809550554,63.642591659136684,64.33078002929688,1473800,0.0,0.0
2023-09-25 00:00:00-04:00,64.01162065279601,64.2110928983822,63.11398032890135,64.15125274658203,2701500,0.0,0.0
2023-09-26 00:00:00-04:00,63.42317513943851,64.04653168019681,62.43577067818561,62.625274658203125,2125500,0.0,0.0
2023-09-27 00:00:00-04:00,63.24364363672624,63.62264777158331,62.77487546478959,63.10401153564453,2107100,0.0,0.0
2023-09-28 00:00:00-04:00,63.19378584870241,64.61005888104862,63.00926979673195,64.10139465332031,2109800,0.0,0.0
2023-09-29 00:00:00-04:00,64.6100541195552,64.97409444335972,63.26359724833098,63.55283737182617,3366600,0.0,0.0
2023-10-02 00:00:00-04:00,63.403223538347035,64.09141575550143,63.113983441418064,63.433143615722656,2576900,0.0,0.0
2023-10-03 00:00:00-04:00,63.08406028557122,63.248628312485074,61.97697182042594,62.68510818481445,3038200,0.0,0.0
2023-10-04 00:00:00-04:00,62.635247609569404,63.273568003321046,62.17645530214662,63.09403991699219,1797700,0.0,0.0
2023-10-05 00:00:00-04:00,63.21372555551175,63.41320162250898,62.036820945386594,62.65519332885742,3373000,0.0,0.0
2023-10-06 00:00:00-04:00,62.29613955507535,63.7523084319526,61.97697935753211,63.25362014770508,1825000,0.0,0.0
2023-10-09 00:00:00-04:00,63.1040146185523,64.09141907466676,62.346006311806136,63.93183517456055,1572200,0.0,0.0
2023-10-10 00:00:00-04:00,63.981717482205596,65.09877452764357,63.62266125777755,64.52030181884766,1644800,0.0,0.0
2023-10-11 00:00:00-04:00,64.69981485787045,65.9016477305587,64.65991888563079,65.8168716430664,2251100,0.0,0.0
2023-10-12 00:00:00-04:00,65.9664878161896,66.61478412905753,65.2733113825041,65.8866958618164,2763900,0.0,0.0
2023-10-13 00:00:00-04:00,66.03630631030234,66.27567457287371,63.21373240228436,64.05152893066406,2504000,0.0,0.0
2023-10-16 00:00:00-04:00,64.72973779031585,65.41293827278578,64.30086558154271,64.77960205078125,1342800,0.0,0.0
2023-10-17 00:00:00-04:00,64.51031483619808,66.1659559337864,64.27094659750392,65.48774719238281,1500400,0.0,0.0
2023-10-18 00:00:00-04:00,64.61005151324541,64.61005151324541,62.11661014512461,62.226322174072266,3784900,0.0,0.0
2023-10-19 00:00:00-04:00,62.24627158510602,63.15887205983423,60.815034837385106,61.05939483642578,3395500,0.0,0.0
2023-10-20 00:00:00-04:00,61.03943844348076,61.27880665670795,60.04206201075947,60.26148223876953,3182800,0.0,0.0
2023-10-23 00:00:00-04:00,60.18169641957938,60.610568606536205,59.11450389985593,59.15439987182617,3409200,0.0,0.0
2023-10-24 00:00:00-04:00,60.371202243416626,60.500862262139925,59.29403753198591,59.523433685302734,3476500,0.0,0.0
2023-10-25 00:00:00-04:00,59.19429351359399,60.32133001934646,59.09455738587334,59.20426940917969,4150400,0.0,0.0
2023-10-26 00:00:00-04:00,59.5832759137789,60.610572527997476,59.28405990933234,59.72290802001953,2972500,0.0,0.0
2023-10-27 00:00:00-04:00,59.842588813609254,60.13182890600047,59.044688390365664,59.22421646118164,2497100,0.0,0.0
2023-10-30 00:00:00-04:00,59.86253834815177,60.63051871435335,59.35088371356097,60.411094665527344,4833600,0.0,0.0
2023-10-31 00:00:00-04:00,60.07198518010886,60.80006955693101,60.02211711684229,60.52080535888672,3751100,0.0,0.0
2023-11-01 00:00:00-04:00,60.59062118026447,61.857289766850826,60.18169697551528,61.827369689941406,5497300,0.0,0.0
2023-11-02 00:00:00-04:00,62.0866890147414,66.08617103210027,61.95702900048189,65.41792297363281,5300500,0.0,0.0
2023-11-03 00:00:00-04:00,66.70453893082129,67.00375493062938,65.12868981205169,65.18852996826172,3155500,0.0,0.0
2023-11-06 00:00:00-05:00,65.1685795110554,65.3580834887729,64.5202908471612,65.07881927490234,3379700,0.0,0.0
2023-11-07 00:00:00-05:00,64.739707551529,65.83682009973391,64.43051568467453,65.80690002441406,2530500,0.0,0.0
2023-11-08 00:00:00-05:00,66.13603666769411,66.40533259774043,65.32816409631356,65.87672424316406,2593100,0.0,0.0
2023-11-09 00:00:00-05:00,66.59482123156822,67.6420695323014,66.12606069889222,66.85414123535156,4077500,0.0,0.0
2023-11-10 00:00:00-05:00,66.81425630759169,68.1806649890546,66.81425630759169,68.16071319580078,2537300,0.0,0.0
2023-11-13 00:00:00-05:00,67.97121534900661,69.15808830308475,67.88144750006121,68.67935180664062,4608500,0.0,0.0
2023-11-14 00:00:00-05:00,69.58695355751556,69.93604141249696,69.13813718593751,69.47724914550781,2643900,0.0,0.0
2023-11-15 00:00:00-05:00,69.47726585666112,70.03579438396669,69.10823373147394,69.52713012695312,2574000,0.0,0.0
2023-11-16 00:00:00-05:00,69.69665561175752,70.42474368507438,69.57697532145384,70.01581573486328,1820000,0.0,0.0
2023-11-17 00:00:00-05:00,70.48472452223238,70.48472452223238,69.6806103038353,70.1554946899414,1943000,0.02,0.0
2023-11-20 00:00:00-05:00,70.2552719116211,70.45480863912464,69.79634885568476,70.2552719116211,2069300,0.0,0.0
2023-11-21 00:00:00-05:00,70.08565463481385,70.65432085194409,70.08066907214945,70.3749771118164,1573900,0.0,0.0
2023-11-22 00:00:00-05:00,70.4947153382775,70.80398774863751,70.2652500066393,70.54459381103516,1698300,0.0,0.0
2023-11-24 00:00:00-05:00,70.66430899476536,71.16313934326172,70.43484368537632,71.16313934326172,674900,0.0,0.0
2023-11-27 00:00:00-05:00,71.13321350424093,71.13321350424093,70.48473250368805,70.61442565917969,1807000,0.0,0.0
2023-11-28 00:00:00-05:00,70.69423720951282,71.07334553213072,69.47708994801982,69.4970474243164,2904600,0.0,0.0
2023-11-29 00:00:00-05:00,70.04576086578037,70.2353188453873,69.2975152977078,69.43718719482422,2064700,0.0,0.0
2023-11-30 00:00:00-05:00,69.77639652302665,71.35269475108981,69.34740208848821,71.26290893554688,3532500,0.0,0.0
2023-12-01 00:00:00-05:00,71.19308317272582,72.55988136008638,71.19308317272582,72.0710220336914,2451500,0.0,0.0
2023-12-04 00:00:00-05:00,71.40258763882716,71.99121150582404,71.12324381511947,71.85153198242188,2320600,0.0,0.0
2023-12-05 00:00:00-05:00,71.62207885153241,72.27055997629093,71.37266361982135,71.79167938232422,1748300,0.0,0.0
2023-12-06 00:00:00-05:00,72.10093776744658,72.80928358547449,71.04341982700338,71.21302032470703,1905600,0.0,0.0
2023-12-07 00:00:00-05:00,71.56222078334613,72.39027355803432,71.36767720937951,72.38030242919922,2302600,0.0,0.0
2023-12-08 00:00:00-05:00,72.32042255266362,73.24824731506486,72.22564356760722,73.13850402832031,2723600,0.0,0.0
2023-12-11 00:00:00-05:00,73.20835082770849,74.31575498610539,73.20835082770849,73.80695343017578,2004300,0.0,0.0
2023-12-12 00:00:00-05:00,74.0364176191999,74.67492001338681,73.89275724454995,74.0863037109375,2094800,0.0,0.0
2023-12-13 00:00:00-05:00,74.04639106481056,74.58512884854615,73.34802388816887,73.52760314941406,2115600,0.0,0.0
2023-12-14 00:00:00-05:00,73.9566022622373,75.39622778091858,73.91669491151033,75.13384246826172,2590300,0.0,0.0
2023-12-15 00:00:00-05:00,74.6848820984459,75.44809194022322,74.5252527297239,74.66492462158203,4784500,0.0,0.0
2023-12-18 00:00:00-05:00,75.01411095643991,75.10190254113091,74.29579402992185,74.64497375488281,1751900,0.0,0.0
2023-12-19 00:00:00-05:00,74.95424606785637,76.22127942637196,74.65495242311948,76.15144348144531,2263200,0.0,0.0
2023-12-20 00:00:00-05:00,75.82222400663748,76.63032685311806,74.66493377615095,74.69486999511719,2029100,0.0,0.0
2023-12-21 00:00:00-05:00,75.46306653236225,75.68255313851091,74.87445028091655,75.62269592285156,1392700,0.0,0.0
2023-12-22 00:00:00-05:00,75.90202066143902,76.6851802784246,75.73242018534614,76.30108642578125,1433700,0.0,0.0
2023-12-26 00:00:00-05:00,76.31107337187535,77.24887697076748,76.28114476536568,77.21894836425781,1346300,0.0,0.0
2023-12-27 00:00:00-05:00,77.29875523499166,77.68784230334596,77.05432562064716,77.66788482666016,1823000,0.0,0.0
2023-12-28 00:00:00-05:00,77.5581456345841,77.97716894009145,77.38854513153574,77.59805297851562,1110000,0.0,0.0
2023-12-29 00:00:00-05:00,77.7477120068528,77.83749783172885,77.09923091818159,77.15908813476562,1618100,0.0,0.0
2024-01-02 00:00:00-05:00,76.8198792799753,77.4284529585197,76.08161244150497,76.5505142211914,1790100,0.0,0.0
2024-01-03 00:00:00-05:00,76.03173194651396,76.29112589697817,74.4953333346077,74.54521942138672,2629500,0.0,0.0
2024-01-04 00:00:00-05:00,74.72480212370226,75.59276222591883,74.54522285918357,74.76470947265625,1475700,0.0,0.0
2024-01-05 00:00:00-05:00,74.6250228881836,75.11387449656736,74.41550744447208,74.6250228881836,2066600,0.0,0.0
2024-01-08 00:00:00-05:00,74.63499467557358,75.56281943282893,73.83687068095907,75.5428695678711,1882800,0.0,0.0
2024-01-09 00:00:00-05:00,74.79463351944223,75.73243713378906,74.40554640530857,75.73243713378906,2100100,0.0,0.0
2024-01-10 00:00:00-05:00,75.71248350350474,76.20632837880056,75.56283284933492,76.1115493774414,1386100,0.0,0.0
2024-01-11 00:00:00-05:00,76.15144346607862,77.55814110261653,75.3622934827931,77.50826263427734,3222000,0.0,0.0
2024-01-12 00:00:00-05:00,77.90732246139648,77.98713714626994,76.55051087628381,77.2388916015625,2961900,0.0,0.0
2024-01-16 00:00:00-05:00,76.9495728873569,77.827519241338,76.46072123851138,77.76765441894531,2610700,0.0,0.0
2024-01-17 00:00:00-05:00,76.97950679819314,77.5681229846626,76.7899488207991,77.2688217163086,2589500,0.0,0.0
2024-01-18 00:00:00-05:00,77.57811558632177,78.1866893589237,76.98051766708667,77.99713134765625,1579200,0.0,0.0
2024-01-19 00:00:00-05:00,78.38620033817536,78.73538005838756,77.68784089775095,78.69547271728516,2149400,0.0,0.0
2024-01-22 00:00:00-05:00,78.83514493850767,79.26513645540324,78.64559458190406,79.1543960571289,1820300,0.0,0.0
2024-01-23 00:00:00-05:00,79.33397636410756,79.33397636410756,78.17669389772453,79.02470397949219,2153100,0.0,0.0
2024-01-24 00:00:00-05:00,79.56344593271191,79.64326062060705,78.43109883428576,78.65557098388672,4113100,0.0,0.0
2024-01-25 00:00:00-05:00,79.15440679305712,79.56345138790479,78.50593334120296,79.06462097167969,2688400,0.0,0.0
2024-01-26 00:00:00-05:00,79.17435152834753,79.44771262278005,78.84512167985993,79.11449432373047,2170200,0.0,0.0
2024-01-29 00:00:00-05:00,78.89502134344072,80.3615840014693,78.85511399630852,80.291748046875,2658200,0.0,0.0
2024-01-30 00:00:00-05:00,79.96251705604449,80.64092672498477,79.93258844898872,80.42144012451172,2156000,0.0,0.0
2024-01-31 00:00:00-05:00,80.17201762554969,80.66086925661291,79.54349409989695,79.67318725585938,2470900,0.0,0.0
2024-02-01 00:00:00-05:00,80.1720182372084,82.0376465742407,80.1720182372084,81.79820251464844,4281300,0.0,0.0
2024-02-02 00:00:00-05:00,81.67849233683884,83.81348583731894,81.39914091947834,83.54411315917969,2395600,0.0,0.0
2024-02-05 00:00:00-05:00,82.76593529453577,83.32462288145913,82.31699099955057,82.71605682373047,2464700,0.0,0.0
2024-02-06 00:00:00-05:00,82.66617210367568,83.20490983346455,82.01769108014012,83.04528045654297,7467000,0.0,0.0
2024-02-07 00:00:00-05:00,83.36453754212458,84.77124298323025,83.17997272200505,84.37217712402344,2846300,0.0,0.0
2024-02-08 00:00:00-05:00,84.47193672041055,85.29999699756776,84.21255039698963,85.1802749633789,2500800,0.0,0.0
2024-02-09 00:00:00-05:00,85.44965095652206,86.30763987266624,85.07053497263861,85.69906616210938,4011700,0.0,0.0
2024-02-12 00:00:00-05:00,85.53943036036429,86.03826073411982,85.13039341188944,85.27006530761719,1683500,0.0,0.0
2024-02-13 00:00:00-05:00,83.96313684174063,85.18027662781229,83.54411351966573,84.9109115600586,2129400,0.0,0.0
2024-02-14 00:00:00-05:00,85.78884358783303,86.63685368153946,85.38977777563373,86.28767395019531,2309800,0.0,0.0
2024-02-15 00:00:00-05:00,86.72664407135785,87.6993617216324,86.3175995349851,87.58463287353516,2854600,0.0,0.0
2024-02-16 00:00:00-05:00,91.5054406153684,92.1040355130166,89.15096075461135,89.26070404052734,5024800,0.0,0.0
2024-02-20 00:00:00-05:00,88.06350613115029,88.2829927017298,86.39242903523287,86.5370864868164,3452800,0.0,0.0
2024-02-21 00:00:00-05:00,87.19555039606882,88.80178480003556,87.02594989665555,88.73194885253906,3305100,0.0,0.0
2024-02-22 00:00:00-05:00,90.06881992684382,90.70732225913177,89.64980419844512,90.57762908935547,2486000,0.0,0.0
2024-02-23 00:00:00-05:00,90.82703880702896,90.89687475753799,89.47021953009816,90.31822967529297,2064900,0.0,0.0
2024-02-26 00:00:00-05:00,90.11871210690984,90.92681501082359,89.98901131681593,90.5477066040039,2037100,0.0,0.0
2024-02-27 00:00:00-05:00,90.73726080016145,90.89689020648305,89.33056281181025,90.16859436035156,2167300,0.0,0.0
2024-02-28 00:00:00-05:00,90.11869679015666,90.56764108012779,89.54005173213582,89.63981628417969,2105400,0.0,0.0
2024-02-29 00:00:00-05:00,89.84933003531789,91.23607795109658,89.56000748728198,91.11636352539062,4062400,0.0,0.0
2024-03-01 00:00:00-05:00,90.72726869024848,92.22276266378654,90.55267501890263,91.4156494140625,2726200,0.0,0.0
2024-03-04 00:00:00-05:00,91.45555985759952,92.14394821630353,91.12632998069347,91.32586669921875,1913300,0.0,0.0
2024-03-05 00:00:00-05:00,90.9467709035049,91.04653547076293,89.32057877215948,89.75955200195312,4325500,0.0,0.0
2024-03-06 00:00:00-05:00,90.48799043839655,90.97695075889052,89.88926242773704,90.04891967773438,2578900,0.02,0.0
2024-03-07 00:00:00-05:00,90.71750933455466,91.20646966883909,90.07387080468195,90.96697998046875,2339300,0.0,0.0
2024-03-08 00:00:00-05:00,91.0867267814378,91.47590040462907,89.50009702738726,90.17865753173828,1962000,0.0,0.0
2024-03-11 00:00:00-04:00,89.27058906652367,89.66974368543889,88.64192568066997,89.33045959472656,2126900,0.0,0.0
2024-03-12 00:00:00-04:00,89.16079786592582,90.82725977662105,88.52215368921341,90.6676025390625,1810200,0.0,0.0
2024-03-13 00:00:00-04:00,90.87716775739011,90.92706493251038,89.90922042068092,90.33831024169922,2311300,0.0,0.0
2024-03-14 00:00:00-04:00,90.75742075527907,91.20647249980655,90.03895166786738,90.81729888916016,2036900,0.0,0.0
2024-03-15 00:00:00-04:00,89.90922307046498,91.06677057085815,89.90922307046498,90.2784423828125,2658100,0.0,0.0
2024-03-18 00:00:00-04:00,90.86719229952259,91.56571472728493,90.26846422804093,91.01687622070312,1472800,0.0,0.0
2024-03-19 00:00:00-04:00,91.07674015102336,91.5756814433475,90.51792833985711,91.36612701416016,1626900,0.0,0.0
2024-03-20 00:00:00-04:00,91.48587844677856,93.52155989494622,91.18651061698561,93.48164367675781,2647400,0.0,0.0
2024-03-21 00:00:00-04:00,93.90075324189287,95.08324932639867,93.63132828368003,94.89863586425781,2453000,0.0,0.0
2024-03-22 00:00:00-04:00,94.74895263197936,94.88865559105936,93.79098622118501,94.53939819335938,1574500,0.0,0.0
2024-03-25 00:00:00-04:00,95.0483192681854,95.96636944863747,94.16020434812457,94.27995300292969,2405000,0.0,0.0
2024-03-26 00:00:00-04:00,94.12028563339322,94.848743274299,93.9905636373919,94.25000762939453,1945400,0.0,0.0
2024-03-27 00:00:00-04:00,94.59927872536427,95.20798775388386,93.60139607051123,95.05830383300781,2460800,0.0,0.0
2024-03-28 00:00:00-04:00,94.96849017453282,95.20798749257335,94.299910624794,94.74895477294922,2557100,0.0,0.0
2024-04-01 00:00:00-04:00,94.72899964451611,94.73898060265763,93.20224041819993,93.4217758178711,1331100,0.0,0.0
2024-04-02 00:00:00-04:00,93.62134966547215,93.62134966547215,92.18439621711836,92.35404205322266,3435400,0.0,0.0
2024-04-03 00:00:00-04:00,92.35404296453686,93.76105355223342,92.14448090688371,93.1922607421875,2720800,0.0,0.0
2024-04-04 00:00:00-04:00,94.20012045192743,94.56434547497852,92.08460656571529,92.10456848144531,2866500,0.0,0.0
2024-04-05 00:00:00-04:00,92.68332413562558,94.84873495314493,92.51867260904585,94.60923767089844,2125600,0.0,0.0
2024-04-08 00:00:00-04:00,94.85871574597907,95.21296741218046,93.71115686802958,93.81094360351562,1878200,0.0,0.0
2024-04-09 00:00:00-04:00,94.28992650203872,94.36975893870627,92.1444773493499,93.3020248413086,2259500,0.0,0.0
2024-04-10 00:00:00-04:00,91.96486169912481,93.60138851186925,91.25635837174168,92.79309844970703,1628600,0.0,0.0
2024-04-11 00:00:00-04:00,92.51369221622197,93.6612586951776,92.1744157965383,92.97271728515625,1542200,0.0,0.0
2024-04-12 00:00:00-04:00,91.68545609444928,92.523681488049,91.27632816258077,91.72537231445312,1509200,0.0,0.0
2024-04-15 00:00:00-04:00,93.18227528380208,93.3219782399971,90.73746593714918,91.08672332763672,1562100,0.0,0.0
2024-04-16 00:00:00-04:00,90.99692510542042,91.53378039028688,90.27645368009776,90.68757629394531,1836800,0.0,0.0
2024-04-17 00:00:00-04:00,91.28630771181734,91.31224602184098,88.63193622183779,89.3803482055664,1836200,0.0,0.0
2024-04-18 00:00:00-04:00,90.10879415372834,90.56781919705965,88.66185993897156,88.78160858154297,1195300,0.0,0.0
2024-04-19 00:00:00-04:00,89.08097493617575,89.80943257242207,87.2748098951227,88.21282196044922,2490000,0.0,0.0
2024-04-22 00:00:00-04:00,88.69180770006403,89.14085946308454,87.91346044671708,88.44233703613281,2250400,0.0,0.0
2024-04-23 00:00:00-04:00,89.14086998522542,90.423145390306,89.00116700599271,90.37824249267578,1530000,0.0,0.0
2024-04-24 00:00:00-04:00,91.74532637785416,93.02261485568172,90.69754662885255,92.30413818359375,4269100,0.0,0.0
2024-04-25 00:00:00-04:00,91.09670540557212,92.44384542158305,90.3083772212125,91.83513641357422,2567400,0.0,0.0
2024-04-26 00:00:00-04:00,92.2742069622447,93.76104993228664,92.11454208890963,93.3020248413086,1973900,0.0,0.0
2024-04-29 00:00:00-04:00,93.27209318193722,94.00553754400177,92.25424860822946,93.1922607421875,2663200,0.0,0.0
2024-04-30 00:00:00-04:00,93.01263830835028,93.92071514897277,92.15445864413745,93.12240600585938,3619500,0.0,0.0
2024-05-01 00:00:00-04:00,92.98270450650479,94.07039292748912,92.02473808768436,92.80308532714844,3435100,0.0,0.0
2024-05-02 00:00:00-04:00,93.08248642304287,93.65127919264987,91.41602433125884,92.65339660644531,4134500,0.0,0.0
2024-05-03 00:00:00-04:00,87.81366541375212,89.31048925603199,85.72010822602478,86.536376953125,6849000,0.0,0.0
2024-05-06 00:00:00-04:00,87.88352042378781,89.34542239410656,87.47439251599148,88.29265594482422,4549400,0.0,0.0
2024-05-07 00:00:00-04:00,88.48225009585862,90.06888742068045,87.73383813079403,89.65975189208984,2983300,0.0,0.0
2024-05-08 00:00:00-04:00,89.4601842674546,90.5927832470745,88.77164277830161,90.55785369873047,3647900,0.0,0.0
2024-05-09 00:00:00-04:00,90.66761668149387,91.13662273731916,90.00402381668151,90.80731964111328,2390600,0.0,0.0
2024-05-10 00:00:00-04:00,91.6954357875325,92.00477697174333,90.73746936037995,91.0667724609375,1844400,0.0,0.0
2024-05-13 00:00:00-04:00,90.94702715206107,91.0168786353664,89.74457669143861,90.64765930175781,3208000,0.0,0.0
2024-05-14 00:00:00-04:00,90.59775661394409,91.49085813637132,90.09781801014361,91.3461685180664,1886600,0.0,0.0
2024-05-15 00:00:00-04:00,91.83524459916353,92.76347852504325,91.5457944916415,92.61376190185547,1430400,0.02,0.0
2024-05-16 00:00:00-04:00,92.28438655059901,92.59379531990768,90.48780992296007,91.22640228271484,4941800,0.0,0.0
2024-05-17 00:00:00-04:00,91.81527943694753,92.52393000608195,91.43600391984717,92.47402954101562,3170900,0.0,0.0
2024-05-20 00:00:00-04:00,92.76348666797622,94.35046321432434,92.5638619479012,93.9612045288086,2741600,0.0,0.0
2024-05-21 00:00:00-04:00,93.66177030415078,95.1289796184453,93.63182850016997,95.0191879272461,3793600,0.0,0.0
2024-05-22 00:00:00-04:00,95.21881154661708,96.17698733746893,94.90939514094205,96.09713745117188,3007800,0.0,0.0
2024-05-23 00:00:00-04:00,96.07717299539455,96.48639031191634,94.56005570682136,94.91937255859375,5266600,0.0,0.0
2024-05-24 00:00:00-04:00,95.28868459819216,95.7877349982121,94.95930950660185,95.3186264038086,3633000,0.0,0.0
2024-05-28 00:00:00-04:00,95.48830310722725,95.48830310722725,92.91320117792753,93.28250122070312,5145200,0.0,0.0
2024-05-29 00:00:00-04:00,92.6736516111769,92.6736516111769,90.83714991612254,90.9169921875,2629700,0.0,0.0
2024-05-30 00:00:00-04:00,90.68743732834044,91.9051214962889,90.4628661761969,91.82527160644531,1658400,0.0,0.0
2024-05-31 00:00:00-04:00,91.90512438246084,92.95312566367679,90.60759028392125,92.87328338623047,3551400,0.0,0.0
2024-06-03 00:00:00-04:00,93.18268206002793,93.59189938771188,88.8309623942199,89.86898803710938,3608200,0.0,0.0
2024-06-04 00:00:00-04:00,89.74921472571128,90.08857292954639,86.78485437517286,87.79293823242188,4105900,0.0,0.0
2024-06-05 00:00:00-04:00,88.09236121008499,89.70927931078458,87.42362801983305,89.5595703125,2221500,0.0,0.0
2024-06-06 00:00:00-04:00,89.22021913343346,89.47972744228271,87.64321823220904,88.2121353149414,3528800,0.0,0.0
2024-06-07 00:00:00-04:00,88.4716490169519,89.77915855006349,87.4535896123353,88.9607162475586,2142000,0.0,0.0
2024-06-10 00:00:00-04:00,88.8609063348412,91.06670802346345,88.8609063348412,91.01680755615234,2296600,0.0,0.0
2024-06-11 00:00:00-04:00,90.6974178868914,91.88515260116507,89.82407973070856,91.2064437866211,3293900,0.0,0.0
2024-06-12 00:00:00-04:00,91.90512209523246,95.1190078407876,91.58573014868128,94.56006622314453,3601800,0.0,0.0
2024-06-13 00:00:00-04:00,94.15084740523416,94.80958995328888,93.08287988657058,94.27061462402344,2979600,0.0,0.0
2024-06-14 00:00:00-04:00,92.82336908760499,93.12280235642997,89.82906685897257,91.28629302978516,2804100,0.0,0.0
2024-06-17 00:00:00-04:00,90.93695221152046,93.61186229873367,90.2682265934431,93.12279510498047,1907000,0.0,0.0
2024-06-18 00:00:00-04:00,93.12280756229234,94.609975620144,92.84333294214348,94.40037536621094,2305400,0.0,0.0
2024-06-20 00:00:00-04:00,94.18078806783679,94.86948002714188,92.32432005007004,93.0030288696289,2799400,0.0,0.0
2024-06-21 00:00:00-04:00,93.17270269781802,93.17270269781802,91.74541833284968,92.71357727050781,3619700,0.0,0.0
2024-06-24 00:00:00-04:00,92.94313972315655,93.75159885162836,92.56385658444314,92.74351501464844,2070700,0.0,0.0
2024-06-25 00:00:00-04:00,92.50397829501154,92.50397829501154,89.16034228812738,89.73924255371094,3975500,0.0,0.0
2024-06-26 00:00:00-04:00,89.24019686064348,89.97878932607735,88.28201338425298,89.62945556640625,2786500,0.0,0.0
2024-06-27 00:00:00-04:00,90.05863353333798,90.8271677561009,89.66936723724268,90.79722595214844,1951700,0.0,0.0
2024-06-28 00:00:00-04:00,90.82715733653156,91.75040346530935,90.00871512446885,90.6674575805664,2875800,0.0,0.0
2024-07-01 00:00:00-04:00,91.88514439669554,92.12469403801879,88.87088375163007,89.36993408203125,1338400,0.0,0.0
2024-07-02 00:00:00-04:00,89.32003221524852,90.52773318502666,88.88087307208644,90.4878158569336,1111900,0.0,0.0
2024-07-03 00:00:00-04:00,90.64750106500792,91.6056767787775,90.0286759183447,90.87706756591797,651700,0.0,0.0
2024-07-05 00:00:00-04:00,90.76728463478986,91.28130591180798,89.8290674930926,91.2064437866211,1378100,0.0,0.0
2024-07-08 00:00:00-04:00,91.45596689412486,92.56385931053529,91.33120430322192,91.93505859375,1359900,0.0,0.0
2024-07-09 00:00:00-04:00,92.14464656956045,92.72354674188387,91.51584593645941,91.55577087402344,1668000,0.0,0.0
2024-07-10 00:00:00-04:00,92.43411032441286,94.25065337022919,92.10473525198081,94.12090301513672,1486300,0.0,0.0
2024-07-11 00:00:00-04:00,94.52014271781478,96.81577760386841,94.43530506359996,95.3186264038086,2005700,0.0,0.0
2024-07-12 00:00:00-04:00,96.1270788060879,98.09333846127485,95.81767001676145,97.0952377319336,2807600,0.0,0.0
2024-07-15 00:00:00-04:00,97.91367653637846,99.25113542578747,97.72404258269586,98.47261810302734,2817100,0.0,0.0
2024-07-16 00:00:00-04:00,99.0914298261506,100.45883043748981,98.76205478901798,100.1494140625,3024300,0.0,0.0
2024-07-17 00:00:00-04:00,99.67033334716508,99.67033334716508,97.83382415771484,97.83382415771484,2623000,0.0,0.0
2024-07-18 00:00:00-04:00,97.5543618906862,99.40084669308176,97.15512008113748,97.72404479980469,2313600,0.0,0.0
2024-07-19 00:00:00-04:00,98.06339236386303,98.36282561551579,96.60616627662107,96.67603302001953,1549000,0.0,0.0
2024-07-22 00:00:00-04:00,97.71406795146086,99.94981156800866,96.89562561590022,99.76016998291016,2042900,0.0,0.0
2024-07-23 00:00:00-04:00,99.4607267317483,101.10759425166289,99.32099325635222,100.05958557128906,1419400,0.0,0.0
2024-07-24 00:00:00-04:00,99.2012239130124,99.6004656996905,95.38847969929863,95.5681381225586,3511200,0.0,0.0
2024-07-25 00:00:00-04:00,95.91747373303758,98.58240071850508,94.77963956812104,96.7558822631836,2901600,0.0,0.0
2024-07-26 00:00:00-04:00,97.90369306488658,99.42081037862071,97.65416789228988,98.51253509521484,1803600,0.0,0.0
2024-07-29 00:00:00-04:00,98.5424918212785,99.3309847240506,97.89871256388412,98.5524673461914,2290900,0.0,0.0
2024-07-30 00:00:00-04:00,99.36093693182377,100.4738171832038,98.18317769216664,98.6822280883789,2526400,0.0,0.0
2024-07-31 00:00:00-04:00,100.02965400722847,100.97784663228462,98.66724867525502,100.20931243896484,3310700,0.0,0.0
2024-08-01 00:00:00-04:00,91.82527407655938,95.19885205670202,90.22331893368737,91.0567398071289,7445600,0.0,0.0
2024-08-02 00:00:00-04:00,89.33001089863657,89.52962798876136,86.51536728441535,87.25395965576172,6031700,0.0,0.0
2024-08-05 00:00:00-04:00,84.57905250310908,88.40178007122338,83.56099312381102,86.87468719482422,4558000,0.0,0.0
2024-08-06 00:00:00-04:00,87.14417350771112,89.85900874933469,86.89464832175166,87.98258209228516,2968200,0.0,0.0
2024-08-07 00:00:00-04:00,89.01061997920468,89.5096703249919,86.86470196933884,87.13419342041016,2845200,0.0,0.0
2024-08-08 00:00:00-04:00,88.53154062890505,90.43292910773216,87.84285623392144,90.30816650390625,2580800,0.0,0.0
2024-08-09 00:00:00-04:00,89.88395971770157,90.57763940635517,88.43172135749377,89.3000717163086,2674900,0.0,0.0
2024-08-12 00:00:00-04:00,89.51966112467098,89.78914498389925,87.79294342992664,88.09237670898438,2064800,0.0,0.0
2024-08-13 00:00:00-04:00,88.78105912761878,89.87398067292952,87.9127163441479,89.73924255371094,2074700,0.0,0.0
2024-08-14 00:00:00-04:00,89.79912472305519,90.94694209610131,89.55958267782347,90.85710906982422,1463600,0.0,0.0
2024-08-15 00:00:00-04:00,92.3845331995149,92.6940099604868,91.09171063469294,92.06507110595703,1859200,0.02,0.0
2024-08-16 00:00:00-04:00,92.05509007246934,92.35957798965678,90.83713840371958,90.85710906982422,2260400,0.0,0.0
2024-08-19 00:00:00-04:00,91.21651859156411,91.68572268339742,90.51768988793285,90.7972183227539,1676800,0.0,0.0
2024-08-20 00:00:00-04:00,90.7472909553985,91.08172724668698,89.9286688471429,90.34796142578125,1305200,0.0,0.0
2024-08-21 00:00:00-04:00,90.52766185348703,91.30635026880114,90.36792699056235,91.0068588256836,1079200,0.0,0.0
2024-08-22 00:00:00-04:00,91.16658916298051,91.55593338383807,89.82884391522953,89.98857116699219,1201400,0.0,0.0
2024-08-23 00:00:00-04:00,90.54761503207065,91.85042285153753,90.16825619884634,91.48603820800781,1824800,0.0,0.0
2024-08-26 00:00:00-04:00,91.84543418563527,92.08502883782589,90.57757121719251,90.64745330810547,1677600,0.0,0.0
2024-08-27 00:00:00-04:00,89.87875453843431,90.74729573990095,89.61918918801135,90.47774505615234,1136900,0.0,0.0
2024-08-28 00:00:00-04:00,90.84712750313902,91.15660429139427,88.85048733823487,89.24981689453125,1853100,0.0,0.0
2024-08-29 00:00:00-04:00,90.12832267568633,91.9352793239905,89.52933223692145,90.64745330810547,2024500,0.0,0.0
2024-08-30 00:00:00-04:00,90.9768865197658,91.40616436621032,89.79886877486524,91.29634857177734,2153600,0.0,0.0
2024-09-03 00:00:00-04:00,90.43781571664081,90.84713062044864,87.38295859681861,88.1816177368164,2557200,0.0,0.0
2024-09-04 00:00:00-04:00,87.85215797060557,88.56096424024282,86.85383799366689,87.1134033203125,1619400,0.0,0.0
2024-09-05 00:00:00-04:00,86.97364725868793,87.53769291908391,85.34638066963545,87.46282196044922,2919900,0.0,0.0
2024-09-06 00:00:00-04:00,87.27313449641024,88.65082100139786,86.23488075952729,86.69410705566406,2539700,0.0,0.0
2024-09-09 00:00:00-04:00,87.84217906814564,88.46114024112262,87.21324017860434,87.30308532714844,2439300,0.0,0.0
2024-09-10 00:00:00-04:00,87.80225078817313,87.91206660979987,86.75401924070611,87.88211822509766,2492400,0.0,0.0
2024-09-11 00:00:00-04:00,87.81223086401037,89.71902581937618,86.219909162344,89.47942352294922,2259100,0.0,0.0
2024-09-12 00:00:00-04:00,89.59922958907738,90.56760131136669,87.9619852231826,89.70904541015625,2468800,0.0,0.0
2024-09-13 00:00:00-04:00,90.12833513917195,91.66475119675528,89.35963203282853,90.8770751953125,2523300,0.0,0.0
2024-09-16 00:00:00-04:00,91.65576504922662,92.01516089104551,90.38291302741071,90.7872314453125,2293800,0.0,0.0
2024-09-17 00:00:00-04:00,91.52598002218146,93.87702702786854,91.03180886878069,93.8121337890625,2156200,0.0,0.0
2024-09-18 00:00:00-04:00,94.0217827913851,95.76385402389593,93.07837064701495,93.58251953125,2213600,0.0,0.0
2024-09-19 00:00:00-04:00,95.8387246808995,97.55583638341803,94.71561462604521,97.48595428466797,2253400,0.0,0.0
2024-09-20 00:00:00-04:00,96.94686228769687,97.83536653774405,95.82874107101185,96.60742950439453,3738400,0.0,0.0
2024-09-23 00:00:00-04:00,97.17648335877182,98.09494371952637,96.67732326520941,97.32623291015625,1479100,0.0,0.0
2024-09-24 00:00:00-04:00,98.03503545102332,99.40273679525002,97.42605955164034,97.8453598022461,1775300,0.0,0.0
2024-09-25 00:00:00-04:00,98.29458389054957,98.29458389054957,94.35122303328103,94.87034606933594,3078500,0.0,0.0
2024-09-26 00:00:00-04:00,96.70726555256044,97.37613815508765,94.860367375066,96.24803924560547,2765500,0.0,0.0
2024-09-27 00:00:00-04:00,96.42773499092345,98.983439631176,96.07832447855824,97.91523742675781,3873200,0.0,0.0
2024-09-30 00:00:00-04:00,97.47596363698202,98.11488782402657,96.74719430640485,97.9950942993164,3253600,0.0,0.0
2024-10-01 00:00:00-04:00,98.18478344764907,98.51423091915012,96.66734019847709,97.83537292480469,2761600,0.0,0.0
2024-10-02 00:00:00-04:00,97.33619914017015,100.57075377895576,97.03670009618496,99.77210235595703,3412300,0.0,0.0
2024-10-03 00:00:00-04:00,99.2829246427036,99.60238674991167,98.015061546884,98.76380157470703,2118800,0.0,0.0
2024-10-04 00:00:00-04:00,99.8319994151778,100.99005426435087,99.02336265721954,100.96009826660156,2268600,0.0,0.0
2024-10-07 00:00:00-04:00,100.07159848494112,101.23963871809875,99.40272588740314,99.85196685791016,2466800,0.0,0.0
2024-10-08 00:00:00-04:00,100.14148658943144,100.14148658943144,97.49594442309001,98.70391082763672,2051800,0.0,0.0
2024-10-09 00:00:00-04:00,98.70391314005093,99.59241743872806,98.06498887171182,99.26296997070312,1350300,0.0,0.0
2024-10-10 00:00:00-04:00,98.84367304346888,99.60239081872116,98.16481508584786,98.39442443847656,1827500,0.0,0.0
2024-10-11 00:00:00-04:00,98.35450131921077,100.70055984828045,98.35450131921077,100.59074401855469,2254400,0.0,0.0
2024-10-14 00:00:00-04:00,100.97008710487627,102.50750086323843,100.61069128517721,102.26790618896484,1361100,0.0,0.0
2024-10-15 00:00:00-04:00,102.32781266384025,102.5674073608503,100.34115775061828,100.50088500976562,1932400,0.0,0.0
2024-10-16 00:00:00-04:00,100.34115277438792,100.84031281140786,100.05163903892704,100.22135162353516,1556700,0.0,0.0
2024-10-17 00:00:00-04:00,100.7903931684459,101.72881646983048,100.7903931684459,100.86027526855469,1257500,0.0,0.0
2024-10-18 00:00:00-04:00,101.27956231573609,101.27956231573609,99.90188343917194,100.23133087158203,1536300,0.0,0.0
2024-10-21 00:00:00-04:00,100.3211800459833,100.91019283818277,99.5724400058403,99.86195373535156,1842500,0.0,0.0
2024-10-22 00:00:00-04:00,99.41271503860163,99.86195602636279,98.28460847762912,98.29459381103516,1611200,0.0,0.0
2024-10-23 00:00:00-04:00,97.47596550758188,97.87529503629229,95.818758245813,96.22806549072266,2986600,0.0,0.0
2024-10-24 00:00:00-04:00,96.51757696783012,96.51757696783012,95.27966231248735,95.76883697509766,1841900,0.0,0.0
2024-10-25 00:00:00-04:00,96.73721503705877,97.09661086686948,95.50927801577595,95.95852661132812,1904900,0.0,0.0
2024-10-28 00:00:00-04:00,96.84703078478518,97.88528455722444,96.42274171426835,96.94686126708984,2803200,0.0,0.0
2024-10-29 00:00:00-04:00,96.37781178925712,97.61572643189349,95.6989538981513,97.09660339355469,1424000,0.0,0.0
2024-10-30 00:00:00-04:00,96.86699712590693,97.65068205261025,96.57748338578216,97.1165771484375,1659600,0.0,0.0
2024-10-31 00:00:00-04:00,96.32789690773946,97.23637178482568,95.78880318121203,95.8387222290039,3327400,0.0,0.0
2024-11-01 00:00:00-04:00,93.84208217110303,97.65067549652223,93.34391993118415,93.8121337890625,3880800,0.0,0.0
2024-11-04 00:00:00-05:00,93.842089194484,96.05336455518388,93.64242822155242,94.45106506347656,2520300,0.0,0.0
2024-11-05 00:00:00-05:00,94.65071404642056,97.63069977022747,94.48100147926947,97.53585815429688,2082100,0.0,0.0
2024-11-06 00:00:00-05:00,101.82864223378706,103.0765422611619,100.8303222118872,102.80699920654297,3745600,0.0,0.0
2024-11-07 00:00:00-05:00,102.75708856274993,103.7853570507508,102.36774433169285,103.3560791015625,2009600,0.0,0.0
2024-11-08 00:00:00-05:00,102.79701790160495,103.71547052976224,102.25293529632913,102.4376220703125,3035300,0.0,0.0
2024-11-11 00:00:00-05:00,103.2362828454885,105.15305556585042,102.45758678729983,104.62394714355469,2766100,0.0,0.0
2024-11-12 00:00:00-05:00,104.54406814475595,105.45253535394836,103.86521026265065,104.05489349365234,1707300,0.0,0.0
2024-11-13 00:00:00-05:00,104.21461632816394,105.01327531453968,103.97002520464943,104.1746826171875,1720000,0.0,0.0
2024-11-14 00:00:00-05:00,103.96501563186666,104.63401647964092,102.6369935658996,102.8366928100586,1594800,0.02,0.0
2024-11-15 00:00:00-05:00,102.53714961104917,103.51568662676497,101.89810285277487,102.27753448486328,1937400,0.0,0.0
2024-11-18 00:00:00-05:00,101.5486011113568,102.30747186938765,101.0593326835645,101.4986801147461,1829200,0.0,0.0
2024-11-19 00:00:00-05:00,99.83117869827562,102.28751596526726,99.69138008587518,102.22760009765625,1975800,0.0,0.0
2024-11-20 00:00:00-05:00,102.62700946137828,103.03640282789166,101.34891597632645,102.9565200805664,1990000,0.0,0.0
2024-11-21 00:00:00-05:00,103.17618879928692,103.71438792746208,102.25756010392216,102.8866195678711,2180900,0.0,0.0
2024-11-22 00:00:00-05:00,103.19615040052584,104.80375434424897,102.40732549003755,103.84518432617188,2163700,0.0,0.0
2024-11-25 00:00:00-05:00,104.55412957202022,105.87216433789143,104.39936152125328,105.19317626953125,3004100,0.0,0.0
2024-11-26 00:00:00-05:00,104.80376493290912,105.01844886434533,104.07984562725674,104.58409118652344,1426700,0.0,0.0
2024-11-27 00:00:00-05:00,104.52418585569725,105.02344161396519,103.41583746289936,103.89512634277344,1170900,0.0,0.0
2024-11-29 00:00:00-05:00,103.89512947383605,104.3993750623892,103.43580745851335,104.01494598388672,907100,0.0,0.0
2024-12-02 00:00:00-05:00,104.59407189455817,105.21315172129634,103.87514244880741,104.9635238647461,1777200,0.0,0.0
2024-12-03 00:00:00-05:00,105.04340131399691,105.4927360365548,103.6155296382057,104.08483123779297,1775400,0.0,0.0
2024-12-04 00:00:00-05:00,104.17471209261385,104.57411823719073,103.45578255598316,103.79527282714844,1588000,0.0,0.0
2024-12-05 00:00:00-05:00,103.7153888994551,104.02492501669076,102.45726231701803,102.8067398071289,1632100,0.0,0.0
2024-12-06 00:00:00-05:00,103.3459317304941,103.42081703960552,102.00293265482051,102.12774658203125,1557200,0.0,0.0
2024-12-09 00:00:00-05:00,102.76678355004903,103.04137568752205,101.28899105789081,102.3873519897461,2296700,0.0,0.0
2024-12-10 00:00:00-05:00,102.23758460169734,103.01642229739956,100.72484039626704,101.68840026855469,1416800,0.0,0.0
2024-12-11 00:00:00-05:00,102.71687176594376,102.82670863078269,101.1691760290588,101.52864074707031,1748400,0.0,0.0
2024-12-12 00:00:00-05:00,101.52865046455366,101.88811521697016,100.869629212444,101.26903533935547,1217200,0.0,0.0
2024-12-13 00:00:00-05:00,101.17916201158235,101.89309400607436,100.58005669506399,100.94950103759766,1441900,0.0,0.0
2024-12-16 00:00:00-05:00,100.94950959532773,100.96948409112616,99.60152061437982,99.70137023925781,1956100,0.0,0.0
2024-12-17 00:00:00-05:00,98.91254730345405,99.52163993129149,97.13519804243522,97.40480041503906,3065600,0.0,0.0
2024-12-18 00:00:00-05:00,97.42476674983362,97.52461637622552,92.66187024679216,92.73176574707031,2789500,0.0,0.0
2024-12-19 00:00:00-05:00,93.87006736579359,94.57900960996587,91.05426526698001,91.12416076660156,3183200,0.0,0.0
2024-12-20 00:00:00-05:00,90.75470879726652,93.65039364444613,90.27542754774215,92.14263916015625,5175400,0.0,0.0
2024-12-23 00:00:00-05:00,91.8131316007499,92.17259635889626,90.74472457460332,91.65337371826172,1571400,0.0,0.0
2024-12-24 00:00:00-05:00,91.3837657012063,92.43320374706929,91.12415820592896,92.21253204345703,592100,0.0,0.0
2024-12-26 00:00:00-05:00,91.99286091291559,92.52706821719838,91.44368416375067,92.14263916015625,850000,0.0,0.0
2024-12-27 00:00:00-05:00,91.44368017965331,92.49211262858267,90.85955189709885,91.4336929321289,1153300,0.0,0.0
2024-12-30 00:00:00-05:00,90.36527940129984,90.92444333330393,89.31683941075495,90.38524627685547,1113300,0.0,0.0
2024-12-31 00:00:00-05:00,90.97438188839642,91.26395113283095,90.0257990261066,90.32534790039062,1257900,0.0,0.0
2025-01-02 00:00:00-05:00,91.16409154819473,91.54352312804933,90.09568468209422,90.38524627685547,2149100,0.0,0.0
2025-01-03 00:00:00-05:00,90.70477246651241,92.57199153826976,90.39523636841713,92.3523178100586,2473200,0.0,0.0
2025-01-06 00:00:00-05:00,92.94145098535499,93.45068635844754,90.84457838745686,91.13414001464844,1833700,0.0,0.0
2025-01-07 00:00:00-05:00,90.9843642025864,91.14412206993396,88.17854190530083,89.02728271484375,3893100,0.0,0.0
2025-01-08 00:00:00-05:00,88.41819511249132,89.31684935525735,87.36476519027836,89.09718322753906,2441300,0.0,0.0
2025-01-10 00:00:00-05:00,88.11863724296711,88.2534384244914,86.61088278995184,86.89046478271484,2452200,0.0,0.0
2025-01-13 00:00:00-05:00,86.0017925834682,88.25843070208343,85.87198883121708,88.04874420166016,2969300,0.0,0.0
2025-01-14 00:00:00-05:00,88.78763316608165,90.09568829959366,88.69277336279991,89.26692199707031,1919100,0.0,0.0
2025-01-15 00:00:00-05:00,90.52505214835895,91.61342597742717,90.30537840941803,90.3952407836914,2139200,0.0,0.0
2025-01-16 00:00:00-05:00,90.69480432074943,91.11417733604915,90.15061736389349,90.61492156982422,2132200,0.0,0.0
2025-01-17 00:00:00-05:00,91.593469715299,92.49212403433174,91.09421393004139,91.74324035644531,2556800,0.0,0.0
2025-01-21 00:00:00-05:00,92.69182491217774,94.50911554802073,92.4721511620146,93.9399642944336,2989100,0.0,0.0
2025-01-22 00:00:00-05:00,94.35933932830078,94.52908445960978,93.5106060537174,94.0897445678711,2400400,0.0,0.0
2025-01-23 00:00:00-05:00,94.05977390127363,94.64889960787198,92.73674930032789,93.91998291015625,2067300,0.0,0.0
2025-01-24 00:00:00-05:00,93.85008469258881,93.94294856900825,92.71178230191234,92.97139739990234,1691500,0.0,0.0
2025-01-27 00:00:00-05:00,91.79315948486328,92.79167095206813,90.97438038647682,91.79315948486328,2127600,0.0,0.0
2025-01-28 00:00:00-05:00,91.67333418395826,91.67333418395826,90.4351821136438,90.80463409423828,2561600,0.0,0.0
2025-01-29 00:00:00-05:00,90.81461925256869,92.11268726943459,90.73474412106853,91.06424713134766,1667000,0.0,0.0
2025-01-30 00:00:00-05:00,92.18257698925623,94.23950814361578,91.34383102582187,93.87006378173828,2534900,0.0,0.0
2025-01-31 00:00:00-05:00,94.13965873461856,95.70732141384913,93.3558312040222,93.6603775024414,2857300,0.0,0.0
2025-02-03 00:00:00-05:00,91.26394330368349,92.81163139980983,90.17556191844974,92.3722915649414,1830700,0.0,0.0
2025-02-04 00:00:00-05:00,93.55055281054729,93.95993859890388,92.44220434206075,92.52208709716797,1388000,0.0,0.0
2025-02-05 00:00:00-05:00,92.87154913432134,93.12117698885652,91.25395789443981,92.3223648071289,1669100,0.0,0.0
2025-02-06 00:00:00-05:00,92.92147352170662,93.5105992412648,91.64338007878166,92.23250579833984,2277100,0.0,0.0
2025-02-07 00:00:00-05:00,92.60195753173569,92.60195753173569,90.46514345838123,90.81462097167969,2379700,0.0,0.0
2025-02-10 00:00:00-05:00,91.46365475735466,92.3123880354808,90.35530634800035,92.04279327392578,2253900,0.0,0.0
2025-02-11 00:00:00-05:00,91.46364754377198,92.14263563632994,90.96439181742166,92.03279876708984,1953900,0.0,0.0
2025-02-12 00:00:00-05:00,90.49509030981295,91.41372663696099,90.1755669493382,91.21401977539062,2054700,0.0,0.0
2025-02-13 00:00:00-05:00,91.02430874867504,92.60195107267165,90.7147650144544,92.41223907470703,2619000,0.0,0.0
2025-02-14 00:00:00-05:00,87.86901223373218,89.08719748585867,85.44262897755645,85.5924072265625,7442400,0.0,0.0
2025-02-18 00:00:00-05:00,85.8719888736604,86.97034999843679,85.56245274688801,86.6208724975586,3974800,0.0,0.0
2025-02-19 00:00:00-05:00,86.12161823468868,87.04024700086283,85.26289772168815,85.56245422363281,2217600,0.0,0.0
2025-02-20 00:00:00-05:00,85.44262035854962,87.06021157217198,85.22294663123871,86.64083099365234,3180000,0.0,0.0
2025-02-21 00:00:00-05:00,86.74068863589018,86.76065551208617,83.1360618485358,83.56542205810547,2647900,0.0,0.0
2025-02-24 00:00:00-05:00,83.81505542172282,84.1245915403603,82.27734684023298,82.80655670166016,2744900,0.0,0.0
2025-02-25 00:00:00-05:00,82.65677654716062,83.57540525210966,81.58537571237022,83.265869140625,2369700,0.0,0.0
2025-02-26 00:00:00-05:00,83.95484560970448,84.7436705793791,83.10611239004173,83.23591613769531,2033500,0.0,0.0
2025-02-27 00:00:00-05:00,83.27585996596598,84.54396620901476,82.69672147221036,82.96631622314453,2466000,0.0,0.0
2025-02-28 00:00:00-05:00,83.48553685203721,84.87346705681747,82.95632704103949,84.65379333496094,3844800,0.0,0.0
2025-03-03 00:00:00-05:00,85.33279436396055,85.8420373768597,81.78808300642712,82.47705078125,2886800,0.0,0.0
2025-03-04 00:00:00-05:00,81.26884998780415,82.72667585668394,79.84596805987778,81.3287582397461,3079200,0.0,0.0
2025-03-05 00:00:00-05:00,81.74823338221049,84.48482457353482,81.39367902514807,84.32502746582031,3466400,0.02,0.0
2025-03-06 00:00:00-05:00,83.36622307369635,85.40368765866408,82.5572325840433,84.6446304321289,3910600,0.0,0.0
2025-03-07 00:00:00-05:00,84.12528197514007,85.29382551010622,82.19768119852614,85.12403869628906,4479400,0.0,0.0
2025-03-10 00:00:00-04:00,83.59592945783511,85.03913252784018,82.25759918996985,83.41615295410156,4090500,0.0,0.0
2025-03-11 00:00:00-04:00,83.1065510235728,83.97547216820674,81.72826940579338,82.78694915771484,2482900,0.0,0.0
2025-03-12 00:00:00-04:00,83.4261518609825,83.77072416615697,80.98918290141418,81.38868713378906,2542800,0.0,0.0
2025-03-13 00:00:00-04:00,81.14898920059204,81.9579797622515,79.69080520134594,79.90054321289062,2181200,0.0,0.0
2025-03-14 00:00:00-04:00,81.23887150861135,82.15773352242353,80.35996829964907,81.76821899414062,1923900,0.0,0.0
2025-03-17 00:00:00-04:00,81.73825176099619,83.45611465320117,81.50854196721853,82.86685180664062,1968500,0.0,0.0
2025-03-18 00:00:00-04:00,82.5073017447188,82.69706797943027,80.98918710684671,81.508544921875,1849600,0.0,0.0
2025-03-19 00:00:00-04:00,81.84810892531858,82.43737934361066,80.82938043899678,82.02788543701172,2361000,0.0,0.0
2025-03-20 00:00:00-04:00,80.97919575665063,82.21365910935694,80.78344029520791,81.5684585571289,1473100,0.0,0.0
2025-03-21 00:00:00-04:00,80.53973503226077,81.01914157336486,79.75071637038832,80.85933685302734,2946300,0.0,0.0
2025-03-24 00:00:00-04:00,81.87808789327698,82.78695264197376,81.2288944328308,82.12777709960938,3134500,0.0,0.0
2025-03-25 00:00:00-04:00,82.59717730871266,82.94674825500066,81.2888084500189,82.26759338378906,1984000,0.0,0.0
2025-03-26 00:00:00-04:00,82.21764994473398,83.05660952187768,81.05309928511353,81.27881622314453,1782000,0.0,0.0
2025-03-27 00:00:00-04:00,80.97920112338306,81.49356025277307,79.75072693771264,81.19892883300781,1963500,0.0,0.0
2025-03-28 00:00:00-04:00,80.8992902665678,81.66832954967536,78.93173840756589,79.34123229980469,1769100,0.0,0.0
2025-03-31 00:00:00-04:00,78.10277710992834,80.4548526784409,77.08404854758558,79.93050384521484,2928000,0.0,0.0
2025-04-01 00:00:00-04:00,79.61089829980504,80.7794418490297,78.8618307498032,80.50978088378906,2016700,0.0,0.0
2025-04-02 00:00:00-04:00,79.32125513689668,81.9679619109293,79.32125513689668,81.59841918945312,1683600,0.0,0.0
2025-04-03 00:00:00-04:00,77.84309116235949,78.26256710191713,72.91422220287889,73.42858123779297,4805000,0.0,0.0
2025-04-04 00:00:00-04:00,70.65205021742835,70.67202961953684,67.10646833410024,69.61334228515625,6552900,0.0,0.0
2025-04-07 00:00:00-04:00,68.17513161093058,71.92046907855563,65.55838642371613,67.85552978515625,6227400,0.0,0.0
2025-04-08 00:00:00-04:00,70.55217834091344,71.57091452382603,65.52843295589389,66.6670150756836,4638500,0.0,0.0
2025-04-09 00:00:00-04:00,65.808080824517,74.0478239089214,65.61831460602039,73.22884368896484,7395500,0.0,0.0
2025-04-10 00:00:00-04:00,71.29124675458779,73.0690399878411,69.32370255975788,70.85179901123047,7486400,0.0,0.0
2025-04-11 00:00:00-04:00,70.86177897898078,73.34868844342736,69.03406015969095,72.90923309326172,4559400,0.0,0.0
2025-04-14 00:00:00-04:00,73.9279714990428,74.03783535145773,72.58964110767442,73.2787857055664,1751800,0.0,0.0
2025-04-15 00:00:00-04:00,73.23884223521574,74.26756057990072,72.5896487534513,72.73946380615234,1727500,0.0,0.0
2025-04-16 00:00:00-04:00,71.8006182106352,72.59962661478433,70.67202588819023,71.27127838134766,1353700,0.0,0.0
2025-04-17 00:00:00-04:00,71.78064501765864,72.88926553715375,71.6108505916781,71.95043182373047,1891000,0.0,0.0
2025-04-21 00:00:00-04:00,70.80186726903727,71.17141001947078,68.88425608713747,69.6333236694336,2308000,0.0,0.0
2025-04-22 00:00:00-04:00,70.68201571449583,72.52972189908296,70.22758715949746,72.1601791381836,2011000,0.0,0.0
2025-04-23 00:00:00-04:00,75.10650477229535,76.4847939680793,73.113989926944,73.2787857055664,2032800,0.0,0.0
2025-04-24 00:00:00-04:00,73.25880779786122,76.0453401097683,72.97116383549358,75.64583587646484,1802000,0.0,0.0
2025-04-25 00:00:00-04:00,75.18640987939533,75.95345283808528,74.51724465934196,74.88678741455078,3403600,0.0,0.0
2025-04-28 00:00:00-04:00,75.12648437036194,76.02536697432332,74.05281628621859,74.7070083618164,7044300,0.0,0.0
2025-04-29 00:00:00-04:00,74.00787237596772,75.26630799286127,73.79813437647033,74.76692962646484,7168700,0.0,0.0
2025-04-30 00:00:00-04:00,73.87803588898277,75.53596808388114,72.63957968822515,75.33621978759766,4848400,0.0,0.0
2025-05-01 00:00:00-04:00,75.95545251901666,77.28879184189063,75.25631823464859,76.11524963378906,4644700,0.0,0.0
2025-05-02 00:00:00-04:00,75.89551995890592,78.29253757739953,75.10650124674004,76.63460540771484,4538900,0.0,0.0
2025-05-05 00:00:00-04:00,76.21512823397741,77.88305786500939,75.89053532507434,76.85433197021484,3667200,0.0,0.0
2025-05-06 00:00:00-04:00,76.00538381170253,76.80938326492499,75.53596694064099,75.82560729980469,3216700,0.0,0.0
2025-05-07 00:00:00-04:00,76.33497643770657,78.05283921581659,76.16518962403289,77.76319885253906,5279800,0.0,0.0
2025-05-08 00:00:00-04:00,78.7619575053932,79.78068603234043,77.78317254271829,79.13150024414062,3707500,0.0,0.0
2025-05-09 00:00:00-04:00,79.52101220286625,80.22013885374452,78.96969654679711,79.22138214111328,3023700,0.0,0.0
2025-05-12 00:00:00-04:00,82.95674143718722,84.56474057362387,82.57721657774573,84.11530303955078,7019400,0.0,0.0
2025-05-13 00:00:00-04:00,84.39493560791016,85.26385662301661,83.93550847046912,84.39493560791016,2783700,0.0,0.0
2025-05-14 00:00:00-04:00,84.00543390357845,84.44488932791258,83.06660008610446,83.13651275634766,2857600,0.0,0.0
2025-05-15 00:00:00-04:00,82.91673278808594,83.45619196420765,82.587062021277,82.91673278808594,2732400,0.02,0.0
2025-05-16 00:00:00-04:00,82.82683282911304,83.99565731915331,82.56709151296816,83.92572784423828,2206500,0.0,0.0
2025-05-19 00:00:00-04:00,82.75689208121204,83.86577915004123,82.62702523973991,83.4661865234375,2818300,0.0,0.0
2025-05-20 00:00:00-04:00,82.94669750131904,83.40623508377834,82.49715202027456,82.83680725097656,2362200,0.0,0.0
2025-05-21 00:00:00-04:00,81.9377125604542,82.54710120613044,80.98367642786256,81.10855102539062,3765800,0.0,0.0
2025-05-22 00:00:00-04:00,80.6989534820234,81.69795019781321,80.49915718756147,81.1185302734375,3892500,0.0,0.0
2025-05-23 00:00:00-04:00,79.6400206735809,80.87877448684797,79.38027938924193,80.29935455322266,3790800,0.0,0.0
2025-05-27 00:00:00-04:00,81.52812852861325,82.63701557371522,80.72892804902497,82.50714111328125,3025700,0.0,0.0
2025-05-28 00:00:00-04:00,82.62701869360721,82.88675997771425,81.50813961123399,81.75788879394531,2367200,0.0,0.0
2025-05-29 00:00:00-04:00,82.48715796536142,82.48715796536142,81.35829442790696,82.06758117675781,2455700,0.0,0.0
2025-05-30 00:00:00-04:00,81.64801915213225,81.81784679417036,80.87878727885618,81.55810546875,5060200,0.0,0.0
2025-06-02 00:00:00-04:00,81.32832314729389,81.50813523231528,79.54511042010049,80.97866821289062,2418400,0.0,0.0
2025-06-03 00:00:00-04:00,81.16848033533961,82.13750833543679,80.72891935672071,81.8677749633789,1970600,0.0,0.0
2025-06-04 00:00:00-04:00,82.34730282649268,82.48716176246529,81.52313355224403,81.7978515625,1762900,0.0,0.0
2025-06-05 00:00:00-04:00,82.15748859569084,82.1874572779864,81.158491869891,81.7878646850586,1961200,0.0,0.0
2025-06-06 00:00:00-04:00,83.11652741266099,83.45619027448596,82.76688007088556,83.03661346435547,2139400,0.0,0.0
2025-06-09 00:00:00-04:00,83.61603121282513,83.91573330905383,83.13651700494832,83.37627410888672,1689800,0.0,0.0
2025-06-10 00:00:00-04:00,83.69593803468572,84.8148170254046,83.16647103018808,84.6150131225586,2804100,0.0,0.0
2025-06-11 00:00:00-04:00,84.814822733332,84.814822733332,82.80184495984267,83.11652374267578,2777100,0.0,0.0
2025-06-12 00:00:00-04:00,82.21743719593334,82.68695927543563,81.52812698587562,82.43721008300781,1820300,0.0,0.0
2025-06-13 00:00:00-04:00,81.2983495912801,81.84780083098507,80.13652202607456,80.41923522949219,2209700,0.0,0.0
2025-06-16 00:00:00-04:00,81.40825483580971,82.20745540047044,80.89877190703642,81.52813720703125,1564100,0.0,0.0
2025-06-17 00:00:00-04:00,80.74890146407756,81.69295299831403,80.33930917703567,80.55908966064453,1655900,0.0,0.0
2025-06-18 00:00:00-04:00,80.89875804450058,81.57807612153412,80.55909519511374,80.70894622802734,1778000,0.0,0.0
2025-06-20 00:00:00-04:00,81.618040132595,81.64801644055449,79.97469365711306,80.30935668945312,2896000,0.0,0.0
2025-06-23 00:00:00-04:00,80.31933745320887,81.98766013893152,79.65999596252179,81.8478012084961,1707100,0.0,0.0
2025-06-24 00:00:00-04:00,82.56707587908113,84.01561799450339,82.06757754662661,83.60603332519531,2657800,0.0,0.0
2025-06-25 00:00:00-04:00,83.87576738412042,84.07557130994871,83.16648059634603,83.19644927978516,1650300,0.0,0.0
2025-06-26 00:00:00-04:00,83.56608296090181,85.07457024704175,83.24640429315103,84.85478973388672,1679000,0.0,0.0
2025-06-27 00:00:00-04:00,84.80482838435131,85.36426409166255,83.67596486874402,84.1854476928711,2878100,0.0,0.0
2025-06-30 00:00:00-04:00,83.88576603692664,83.88576603692664,82.996659457342,83.0965576171875,2641700,0.0,0.0
2025-07-01 00:00:00-04:00,82.77686967269754,86.08354641064622,82.49715180772476,85.21442413330078,2776100,0.0,0.0
2025-07-02 00:00:00-04:00,85.37426247729202,86.5031260759982,84.98465434934296,86.46317291259766,2594500,0.0,0.0
2025-07-03 00:00:00-04:00,86.94268360540383,87.34228381905385,86.80781691367716,86.89273834228516,1240600,0.0,0.0
2025-07-07 00:00:00-04:00,86.5530799754364,87.4341989113613,85.77885595047067,86.75287628173828,5127200,0.0,0.0
2025-07-08 00:00:00-04:00,86.9826439681524,87.68193862235192,86.6429887423241,86.9227066040039,2050000,0.0,0.0
2025-07-09 00:00:00-04:00,87.73188948839207,88.02159944467755,86.96266538647129,87.61200714111328,1783700,0.0,0.0
2025-07-10 00:00:00-04:00,87.76186716886367,90.34927283866193,87.41221981395599,88.60102844238281,3712500,0.0,0.0
2025-07-11 00:00:00-04:00,87.65197233563678,89.06555364544347,87.62200365274354,88.9306869506836,2286800,0.0,0.0
2025-07-14 00:00:00-04:00,87.98164717252904,88.41121609798775,86.65297960986129,87.55207824707031,2635500,0.0,0.0
2025-07-15 00:00:00-04:00,88.03159071693057,88.15146544134085,86.1934328513277,86.21341705322266,2182800,0.0,0.0
2025-07-16 00:00:00-04:00,86.18344566523812,86.43319485098868,84.34030307666082,86.04358673095703,2654300,0.0,0.0
2025-07-17 00:00:00-04:00,86.24338336119645,87.74387524479687,85.99862643602725,87.66195678710938,2493900,0.0,0.0
2025-07-18 00:00:00-04:00,86.24339628361578,87.29233835921161,84.6050421278597,85.46417999267578,4273700,0.0,0.0
2025-07-21 00:00:00-04:00,86.29333939482302,86.29333939482302,83.80583953857422,83.80583953857422,2569500,0.0,0.0
2025-07-22 00:00:00-04:00,83.75587778306324,85.43419250613078,83.48615203370407,85.35427856445312,2593400,0.0,0.0
2025-07-23 00:00:00-04:00,86.31331290644131,87.17245064336336,85.6739556540909,86.74288177490234,2834600,0.0,0.0
2025-07-24 00:00:00-04:00,86.23339051277779,87.38223818448778,85.93368846911794,86.80281829833984,2749500,0.0,0.0
2025-07-25 00:00:00-04:00,87.17246100238371,88.27135593408792,86.75287656300455,88.18144226074219,2081200,0.0,0.0
2025-07-28 00:00:00-04:00,88.18144335872368,88.57605135921243,87.56207022642336,87.74188995361328,1947600,0.0,0.0
2025-07-29 00:00:00-04:00,88.24137337477401,88.38123229199488,86.61300400439782,86.98263549804688,2309200,0.0,0.0
2025-07-30 00:00:00-04:00,87.21242140034315,87.41221770640443,85.24439653650333,85.67396545410156,2826100,0.0,0.0
2025-07-31 00:00:00-04:00,85.28436047869246,86.61302044448469,84.32532445496857,84.54509735107422,4827900,0.0,0.0
2025-08-01 00:00:00-04:00,79.12054534784369,79.27039639567016,73.79589807277134,74.90478515625,12246100,0.0,0.0
2025-08-04 00:00:00-04:00,75.60407244477601,78.95070994881972,75.30437037861203,78.5211410522461,6799300,0.0,0.0
2025-08-05 00:00:00-04:00,78.36130611135331,78.43123557773649,76.672999195008,77.57209777832031,4172600,0.0,0.0
2025-08-06 00:00:00-04:00,77.53214585812205,77.77190296716832,76.31336848604681,76.40328216552734,4007100,0.0,0.0
2025-08-07 00:00:00-04:00,77.34231622652315,77.35230832677597,76.03363309775796,76.20346069335938,2403500,0.0,0.0
2025-08-08 00:00:00-04:00,76.44322320175425,76.7828860389326,75.6140617433498,75.81385803222656,1773600,0.0,0.0
2025-08-11 00:00:00-04:00,76.13354155861641,76.66300861772095,75.5491293732799,76.37329864501953,2539000,0.0,0.0
2025-08-12 00:00:00-04:00,77.02265830261437,79.16051102659361,76.72296381018464,78.35132598876953,2759900,0.0,0.0
2025-08-13 00:00:00-04:00,78.64103349728792,80.72893326187837,77.81186427997831,80.68897247314453,3312100,0.0,0.0
2025-08-14 00:00:00-04:00,79.81962357116016,80.27927498613457,79.16012636658928,80.1393814086914,3142200,0.02,0.0
2025-08-15 00:00:00-04:00,80.33924076147846,80.3742103466105,77.65626471484025,78.26081085205078,2918000,0.0,0.0
2025-08-18 00:00:00-04:00,78.16088387564929,79.07019214885732,77.75119008732652,78.83037567138672,2316000,0.0,0.0
2025-08-19 00:00:00-04:00,78.80039284717205,80.50909939779135,78.660499278604,79.77964782714844,1754600,0.0,0.0
2025-08-20 00:00:00-04:00,79.47987718042047,79.5498239629608,78.58055595945375,78.98025512695312,2989500,0.0,0.0
2025-08-21 00:00:00-04:00,78.8503597762444,79.06020013354883,77.21159235151042,77.3914566040039,1849000,0.0,0.0
2025-08-22 00:00:00-04:00,78.39070850539612,81.35846515306577,77.93105706439688,80.56906127929688,2184400,0.0,0.0
2025-08-25 00:00:00-04:00,80.69896710499033,80.93878358841408,79.61978149414062,79.61978149414062,1437600,0.0,0.0
2025-08-26 00:00:00-04:00,79.63975279298866,81.20856574616941,79.35996566100141,81.06867218017578,4712800,0.0,0.0
2025-08-27 00:00:00-04:00,80.77888629023721,81.42839645508171,80.37919476445029,80.57904052734375,1693200,0.0,0.0
2025-08-28 00:00:00-04:00,80.80887269869434,80.80887269869434,79.6347578377413,80.19933319091797,1431300,0.0,0.0
2025-08-29 00:00:00-04:00,79.88956821277223,80.44915013113376,79.00024151280158,79.36996459960938,1923000,0.0,0.0
2025-09-02 00:00:00-04:00,78.54059309816653,78.86535203942287,77.1716334145232,77.88109588623047,2228700,0.0,0.0
2025-09-03 00:00:00-04:00,77.52136372101127,78.0459684294563,76.81190128262605,77.3215103149414,1567300,0.0,0.0
2025-09-04 00:00:00-04:00,77.3315071762347,79.63975881324622,77.09169070549238,79.14013671875,2898000,0.0,0.0
2025-09-05 00:00:00-04:00,79.86959108004076,81.43840420580875,79.46290099870644,80.8888168334961,3149700,0.0,0.0
2025-09-08 00:00:00-04:00,80.88881326200121,81.2185656708292,79.15013052469702,80.31924438476562,4536500,0.0,0.0
2025-09-09 00:00:00-04:00,79.98948942151014,80.46912229729568,78.96026164398165,79.59978485107422,3291700,0.0,0.0
2025-09-10 00:00:00-04:00,79.61977749885489,81.0586915744504,79.3100142389918,80.17935180664062,2742800,0.0,0.0
2025-09-11 00:00:00-04:00,79.98949509767614,82.29774658230518,79.88956458647144,80.95875549316406,4317800,0.0,0.0
2025-09-12 00:00:00-04:00,80.7489156485917,81.23855076095712,78.70046975771805,78.7304458618164,3643400,0.0,0.0
2025-09-15 00:00:00-04:00,79.19010305424774,80.02946452507108,78.39070464273463,78.9902572631836,3002800,0.0,0.0
2025-09-16 00:00:00-04:00,78.88033407963331,79.33998546470214,77.43642661640126,77.64126586914062,3499700,0.0,0.0
2025-09-17 00:00:00-04:00,78.17087767335227,80.13938235742911,77.79115999554419,78.94029235839844,5521200,0.0,0.0
2025-09-18 00:00:00-04:00,79.69971732883648,81.5283283704537,79.2850300824364,81.46837615966797,4119700,0.0,0.0
2025-09-19 00:00:00-04:00,81.70819970211026,82.16785877003268,80.30926383844614,81.54832458496094,13598000,0.0,0.0
2025-09-22 00:00:00-04:00,80.5690529901776,81.86807343334185,79.75966766904033,81.73817443847656,3649800,0.0,0.0
2025-09-23 00:00:00-04:00,82.12787477198172,82.32772054193073,80.69895540832678,81.25852966308594,4315100,0.0,0.0
2025-09-24 00:00:00-04:00,81.00872153249138,81.76814920795395,80.56405819838801,80.84884643554688,3747500,0.0,0.0
2025-09-25 00:00:00-04:00,80.07942706799881,80.67897204448026,79.31001241251273,80.43915557861328,3363400,0.0,0.0
2025-09-26 00:00:00-04:00,81.10864224991019,82.51658140342953,80.31923849137809,82.23779296875,3010400,0.0,0.0
2025-09-29 00:00:00-04:00,82.85732532966041,82.96724279902396,81.5882885792286,82.48760986328125,3073100,0.0,0.0
2025-09-30 00:00:00-04:00,82.29775053326848,82.93726619281682,81.30850093859651,82.55755615234375,3569800,0.0,0.0
2025-10-01 00:00:00-04:00,81.79812979098119,83.73166485405164,81.56830027348134,83.4368896484375,3552800,0.0,0.0
2025-10-02 00:00:00-04:00,83.40690873743485,84.51607033144626,82.48760596765369,84.11637115478516,2870500,0.0,0.0
2025-10-03 00:00:00-04:00,83.76664647363576,84.53606118408297,83.31698199143305,83.88655090332031,2801600,0.0,0.0
2025-10-06 00:00:00-04:00,83.93651239088257,84.55604653636904,83.2969967158899,83.34696197509766,3621900,0.0,0.0
2025-10-07 00:00:00-04:00,83.73665815964016,84.236280206837,80.89880096727589,81.28850555419922,3699400,0.0,0.0
2025-10-08 00:00:00-04:00,81.45837776886664,81.81810626399208,80.18934108368303,80.92877960205078,3190100,0.0,0.0
2025-10-09 00:00:00-04:00,81.20856930435525,81.34847050010627,78.20084988008026,78.42068481445312,2556600,0.0,0.0
2025-10-10 00:00:00-04:00,78.88032998621709,79.40492702846035,75.86260860030349,76.04247283935547,2238600,0.0,0.0
2025-10-13 00:00:00-04:00,76.83187657610434,77.73119777136426,76.02249131218406,76.04247283935547,2754600,0.0,0.0
2025-10-14 00:00:00-04:00,74.72347798769886,77.5313516724093,74.36374947576672,77.1816177368164,4094600,0.0,0.0
2025-10-15 00:00:00-04:00,77.64126551778105,78.20084741224233,75.92257202541671,76.61204528808594,2629700,0.0,0.0
2025-10-16 00:00:00-04:00,76.91182774378761,77.55134342563912,74.92333390876894,75.75270080566406,2549600,0.0,0.0
2025-10-17 00:00:00-04:00,74.55360844795185,77.27155382159278,74.55360844795185,77.16163635253906,2923000,0.0,0.0
2025-10-20 00:00:00-04:00,77.91106822855616,78.7904003431975,77.73619745143364,78.41069030761719,1826300,0.0,0.0
2025-10-21 00:00:00-04:00,77.72120929167667,80.54907208492956,77.70122776293809,79.49986267089844,1848800,0.0,0.0
2025-10-22 00:00:00-04:00,79.56981202320159,80.50910400039471,78.04096963385749,78.0709457397461,3114000,0.0,0.0
2025-10-23 00:00:00-04:00,78.86034894018984,80.5690555749802,78.44066821381216,80.29926300048828,1800100,0.0,0.0
2025-10-24 00:00:00-04:00,81.12863393769551,81.12863393769551,79.63975468427633,79.71969604492188,1724400,0.0,0.0
2025-10-27 00:00:00-04:00,80.9287849504086,81.23855583389985,79.89956465274776,80.17935180664062,3377300,0.0,0.0
2025-10-28 00:00:00-04:00,80.68897081739603,80.68897081739603,78.38071910725823,78.7904052734375,3927000,0.0,0.0
2025-10-29 00:00:00-04:00,79.26004521870611,81.34346834467779,78.77041772262864,79.63975524902344,4414600,0.0,0.0
2025-10-30 00:00:00-04:00,79.29002825345982,81.01872412854017,78.47064828848546,78.67050170898438,5546600,0.0,0.0
2025-10-31 00:00:00-04:00,76.37223887999458,79.15013669513009,74.94331928730482,76.2723159790039,6946200,0.0,0.0
2025-11-03 00:00:00-05:00,75.94255828857422,76.70198600607584,74.64353779471314,75.94255828857422,5061000,0.0,0.0
2025-11-04 00:00:00-05:00,75.3629936481053,77.561335401427,75.23309465020738,77.1816177368164,4103200,0.0,0.0
2025-11-05 00:00:00-05:00,76.87186136335819,79.77466472403633,76.87186136335819,78.34075164794922,4141000,0.0,0.0
2025-11-06 00:00:00-05:00,78.3807121598593,79.48987375635751,77.26155598742453,77.62128448486328,3060500,0.0,0.0
2025-11-07 00:00:00-05:00,76.81190043973977,77.83112611681403,75.98751944305015,77.44142150878906,2576900,0.0,0.0
2025-11-10 00:00:00-05:00,77.88110085904695,78.05097055531026,75.95255911261337,77.19161987304688,2764800,0.0,0.0
2025-11-11 00:00:00-05:00,77.0916887850676,77.45141729403396,76.53710796904679,77.27155303955078,2784000,0.0,0.0
2025-11-12 00:00:00-05:00,77.50137223185041,78.86034485763953,77.36147866363338,77.65126037597656,2857000,0.0,0.0
2025-11-13 00:00:00-05:00,77.1915031290816,78.18100746518479,75.70724281213123,76.1620101928711,2396900,0.02,0.0
2025-11-14 00:00:00-05:00,74.94261190859211,75.86215128769389,74.6027774963911,75.43236541748047,2165900,0.0,0.0
2025-11-17 00:00:00-05:00,74.9626090272299,75.11253577040254,73.32342725321509,73.63327026367188,2939000,0.0,0.0
2025-11-18 00:00:00-05:00,73.15351240880854,74.19299481544064,72.41387585708003,73.52332305908203,1928100,0.0,0.0
2025-11-19 00:00:00-05:00,73.693242589621,73.89313982213088,72.85365743678011,73.67324829101562,4479300,0.0,0.0
2025-11-20 00:00:00-05:00,73.27344801025124,75.51633253231698,73.27344801025124,74.50283813476562,4222900,0.0,0.0
2025-11-21 00:00:00-05:00,74.34291706114786,79.35541635468888,74.34291706114786,78.50084686279297,3894100,0.0,0.0
2025-11-24 00:00:00-05:00,78.55080753359138,78.72572332029428,76.75170967671524,77.70123291015625,5826200,0.0,0.0
2025-11-25 00:00:00-05:00,78.41088109828027,79.83017886939368,77.76121129439909,79.42037963867188,2269700,0.0,0.0
2025-11-26 00:00:00-05:00,79.2104837114295,80.38989563512172,79.0455650700194,79.8301773071289,2230100,0.0,0.0
2025-11-28 00:00:00-05:00,79.76021794960695,80.67975744411955,79.71023982737853,80.29994201660156,1043900,0.0,0.0
2025-12-01 00:00:00-05:00,79.64027388803152,80.8296830245531,79.09054505377597,79.15052032470703,2145600,0.0,0.0
2025-12-02 00:00:00-05:00,79.25046394839976,79.70023651129266,78.13101967717733,79.14051818847656,2103100,0.0,0.0
2025-12-03 00:00:00-05:00,79.44037357653231,80.12003482456632,78.97060670465126,79.71023559570312,1525000,0.0,0.0
2025-12-04 00:00:00-05:00,79.7702084521525,80.20999153126692,79.40039779525257,79.95011901855469,2120300,0.0,0.0
2025-12-05 00:00:00-05:00,79.81018565107925,80.07505291331368,79.32542685968629,79.82018280029297,1621000,0.0,0.0
2025-12-08 00:00:00-05:00,79.73022414038242,80.18000435034926,78.85066564457503,79.27045440673828,2839100,0.0,0.0
2025-12-09 00:00:00-05:00,79.22048563516341,79.67025822932528,78.28095184889818,78.3409194946289,2324900,0.0,0.0
2025-12-10 00:00:00-05:00,78.5008426884255,81.03457483077626,78.44087504322616,80.93962860107422,2243000,0.0,0.0
2025-12-11 00:00:00-05:00,81.42938037264652,83.4983479680253,80.56980855760119,83.39839935302734,2535800,0.0,0.0
2025-12-12 00:00:00-05:00,83.72823064617734,84.42788621593314,81.37440907105766,81.71923828125,3541900,0.0,0.0
2025-12-15 00:00:00-05:00,82.08904512071128,82.3289309409527,80.93962464081324,81.58929443359375,3538900,0.0,0.0
2025-12-16 00:00:00-05:00,81.83916963080192,81.8691610774712,79.45036196069924,79.57030487060547,2411300,0.0,0.0
2025-12-17 00:00:00-05:00,79.35041815209036,80.32993291164422,77.64127161681164,78.0810546875,3235300,0.0,0.0
2025-12-18 00:00:00-05:00,79.02057858393414,79.9301285221325,78.56080885302605,78.81068420410156,3291700,0.0,0.0
2025-12-19 00:00:00-05:00,78.77070400152985,79.51034053835622,78.27095329450208,79.24047088623047,6617900,0.0,0.0
2025-12-22 00:00:00-05:00,79.9501178218233,81.3594185084771,79.1105402749076,81.07955932617188,1901100,0.0,0.0
2025-12-23 00:00:00-05:00,80.72972442662174,81.42937997940969,80.25996517584086,81.40938568115234,1514800,0.0,0.0
2025-12-24 00:00:00-05:00,81.39940257541753,81.66426985628178,81.23548286938143,81.52933502197266,633000,0.0,0.0
2025-12-26 00:00:00-05:00,81.17950379257466,81.67925448558427,80.83966935602112,81.23947143554688,900200,0.0,0.0
2025-12-29 00:00:00-05:00,81.31943464667116,81.77920437635014,80.7697058255384,80.85966491699219,1452400,0.0,0.0
2025-12-30 00:00:00-05:00,80.73971942014656,81.11453243376491,80.44986310787752,80.60978698730469,1182100,0.0,0.0
2025-12-31 00:00:00-05:00,80.62977785640781,80.73472886094362,79.10054190133906,79.18050384521484,1306700,0.0,0.0
2026-01-02 00:00:00-05:00,79.79020252836149,80.09004838779921,78.61079051315497,79.7202377319336,1647600,0.0,0.0
2026-01-05 00:00:00-05:00,79.11053460923006,82.71873514895061,78.92062690958468,82.16900634765625,2348700,0.0,0.0
2026-01-06 00:00:00-05:00,82.03907943698646,83.42838581857558,81.05157305842886,83.3884048461914,2625700,0.0,0.0
2026-01-07 00:00:00-05:00,83.41838685966191,83.75822130476064,80.8496685380253,81.2894515991211,2059100,0.0,0.0
2026-01-08 00:00:00-05:00,81.25947268209126,84.50285007668676,80.85967056837843,84.32794189453125,2432400,0.0,0.0
2026-01-09 00:00:00-05:00,84.67776203791277,85.81719305360103,84.34792473716335,85.46736907958984,2502300,0.0,0.0
2026-01-12 00:00:00-05:00,85.25747193389635,86.37690861447624,84.90764034562467,85.99710083007812,2134300,0.0,0.0
2026-01-13 00:00:00-05:00,86.20699732264525,87.13653394662609,84.90864138108105,85.7872085571289,2403000,0.0,0.0
2026-01-14 00:00:00-05:00,85.4873509513995,86.037079755106,84.21798756682763,85.9471206665039,2764100,0.0,0.0
2026-01-15 00:00:00-05:00,86.35691931611998,87.62628269227895,86.35691931611998,87.27645874023438,1858000,0.0,0.0
2026-01-16 00:00:00-05:00,86.98660921123279,88.3959099036682,86.98660921123279,88.11605072021484,2535900,0.0,0.0
2026-01-20 00:00:00-05:00,87.00660318845414,87.1065518070904,84.6177953627709,85.11754608154297,5000900,0.0,0.0
2026-01-21 00:00:00-05:00,86.31694123132391,90.80470036745932,85.88715532570802,89.77521514892578,3672900,0.0,0.0
2026-01-22 00:00:00-05:00,90.30495477949778,90.75473500883216,87.16652082621916,87.50635528564453,5614600,0.0,0.0
2026-01-23 00:00:00-05:00,87.60629456840662,87.8861537254043,86.76670947182353,87.16651153564453,2290200,0.0,0.0
2026-01-26 00:00:00-05:00,87.20649671638915,87.32143724165229,86.17701149960247,86.7467269897461,2423800,0.0,0.0
2026-01-27 00:00:00-05:00,86.7467271131852,87.30644545500967,86.16701447310102,86.22698211669922,3504200,0.0,0.0
2026-01-28 00:00:00-05:00,85.82718258807463,86.4818547439797,84.88764889072627,85.20748901367188,2932000,0.0,0.0
2026-01-29 00:00:00-05:00,86.2769670403618,88.82569885253906,85.36742466317263,88.82569885253906,8478000,0.0,0.0
2026-01-30 00:00:00-05:00,88.13603529194492,88.18101102558647,85.14752818906432,86.04707336425781,3674300,0.0,0.0
2026-02-02 00:00:00-05:00,86.04707519955173,89.11555193700465,85.99710470296996,88.89566040039062,3417000,0.0,0.0
2026-02-03 00:00:00-05:00,89.20549876067113,93.97311701984722,88.85567480045326,93.67327117919922,6447900,0.0,0.0
2026-02-04 00:00:00-05:00,94.95263290465866,99.39042155639166,94.5928117909727,97.36143493652344,13512500,0.0,0.0
2026-02-05 00:00:00-05:00,96.61180775459798,97.95113595326741,95.02259658351855,95.95213317871094,5365300,0.0,0.0
2026-02-06 00:00:00-05:00,97.36143670301308,99.26048329508944,96.89166981686701,98.45088958740234,6260100,0.0,0.0
2026-02-09 00:00:00-05:00,97.86118597993888,99.485375759016,97.60131348012119,98.3409423828125,4794500,0.0,0.0
2026-02-10 00:00:00-05:00,98.64079926021383,99.46039013355092,97.52135490553282,97.7512435913086,6858500,0.0,0.0
2026-02-11 00:00:00-05:00,98.38092197609996,99.95013885103762,96.63179454620679,96.7017593383789,9183100,0.0,0.0
2026-02-12 00:00:00-05:00,97.82120364480248,99.37042622173558,93.92314670425166,94.16302490234375,8677100,0.0,0.0
2026-02-13 00:00:00-05:00,96.4119006031648,100.90965673868273,94.66277321713004,98.47087097167969,6975400,0.0,0.0
2026-02-17 00:00:00-05:00,97.06157565973366,99.69026143661655,97.06157565973366,98.71075439453125,4708000,0.0,0.0
2026-02-18 00:00:00-05:00,99.59032094068532,99.95014206215633,96.89167015524336,97.15153503417969,2957600,0.0,0.0
2026-02-19 00:00:00-05:00,96.62179781957232,97.3914181624206,95.08756714680848,96.15203094482422,2846200,0.0,0.0
2026-02-20 00:00:00-05:00,95.81220251000592,97.61130803697819,94.84268495522588,95.55233001708984,3696100,0.0,0.0
2026-02-23 00:00:00-05:00,95.31244802618883,96.15702787533776,93.7082450263937,93.89315795898438,2916700,0.0,0.0
2026-02-24 00:00:00-05:00,94.01309894417857,95.37142250153916,93.77322074410843,94.59281158447266,2507900,0.0,0.0
2026-02-25 00:00:00-05:00,94.88266890197693,95.28247099002331,92.13404003184503,92.97361755371094,4850900,0.0,0.0
2026-02-26 00:00:00-05:00,93.44338957343474,94.50286630885391,92.44189020631482,94.48287200927734,2929800,0.0,0.0
2026-02-27 00:00:00-05:00,93.16352672604576,94.12304717708874,92.24398724699509,94.09306335449219,3201000,0.0,0.0
2026-03-02 00:00:00-05:00,92.70375616351473,94.50286175924236,91.55432801211043,93.92314910888672,2856300,0.0,0.0
2026-03-03 00:00:00-05:00,91.26447319313029,92.61880098693088,89.7452343737911,91.4943618774414,2567900,0.0,0.0
2026-03-04 00:00:00-05:00,91.84426802279525,92.16917393254343,90.42465999800393,91.81427001953125,2608900,0.02,0.0
2026-03-05 00:00:00-05:00,91.18445053245536,91.92424111770164,89.25499083372279,90.48464965820312,3231800,0.0,0.0
2026-03-06 00:00:00-05:00,88.49519537591912,89.35495503387922,86.01089863284186,86.4057846069336,2660000,0.0,0.0
2026-03-09 00:00:00-04:00,84.53630911605795,86.99561906206522,82.92675952756119,86.63572692871094,2748400,0.0,0.0
2026-03-10 00:00:00-04:00,86.57573998338184,88.09531847050539,85.49604068367678,86.39579010009766,2824700,0.0,0.0
2026-03-11 00:00:00-04:00,85.4860497804271,85.80595983957882,84.1964102093056,85.1461410522461,2170200,0.0,0.0
2026-03-12 00:00:00-04:00,83.86650192565087,84.43634196440874,80.99730306256747,81.14726257324219,3345500,0.0,0.0
2026-03-13 00:00:00-04:00,81.96702683330916,82.18696641655804,79.73765588075631,82.10698699951172,8087000,0.0,0.0
2026-03-16 00:00:00-04:00,82.98675057243001,84.78624180605307,82.96675190327718,83.7865219116211,4302700,0.0,0.0
2026-03-17 00:00:00-04:00,84.63628361140422,84.68626502604364,82.04700531176344,84.03644561767578,2360700,0.0,0.0
2026-03-18 00:00:00-04:00,83.8265088863517,84.54630840720777,81.91704791649036,82.00701904296875,2822700,0.0,0.0
2026-03-19 00:00:00-04:00,80.65739705847476,82.98674611801232,80.08755705432571,82.1369857788086,4070600,0.0,0.0
2026-03-20 00:00:00-04:00,81.87705437065594,82.79679476987727,80.63740393573777,81.36719512939453,4280300,0.0,0.0
2026-03-23 00:00:00-04:00,83.9264758199209,84.70626368624782,82.24694621759436,82.2669448852539,2072500,0.0,0.0
2026-03-24 00:00:00-04:00,81.10727056918996,83.63656825535344,80.54243402735102,83.126708984375,2776900,0.0,0.0
2026-03-25 00:00:00-04:00,84.27638343089129,84.75624467068786,82.46688537973289,83.6265640258789,2052900,0.0,0.0
2026-03-26 00:00:00-04:00,82.63684356565729,84.07643491266467,81.21223977843687,81.36719512939453,1731800,0.0,0.0
2026-03-27 00:00:00-04:00,80.91733012827153,81.03729163331684,78.76793084487304,79.42774200439453,3016000,0.0,0.0
2026-03-30 00:00:00-04:00,79.28778061734197,79.63768867439083,76.68351462172602,76.91844940185547,3951700,0.0,0.0
2026-03-31 00:00:00-04:00,78.50799854138693,80.60840787005112,77.53826906725149,80.0975570678711,2975800,0.0,0.0
2026-04-01 00:00:00-04:00,80.22751479148864,81.69210065276711,79.9475944649137,79.97758483886719,2395900,0.0,0.0
2026-04-02 00:00:00-04:00,77.72821712975747,79.46772750609692,75.98870675341803,77.88817596435547,3190800,0.0,0.0
2026-04-06 00:00:00-04:00,77.4282982037497,78.67794799804688,76.77848641252082,78.67794799804688,2044700,0.0,0.0
2026-04-07 00:00:00-04:00,78.37803823055823,79.57769900677434,78.00813913805062,79.52771759033203,3055500,0.0,0.0
2026-04-08 00:00:00-04:00,81.90704811139827,85.19612735307892,81.90704811139827,84.64627838134766,3156700,0.0,0.0
2026-04-09 00:00:00-04:00,83.95647434150082,87.59545389787478,83.95647434150082,87.005615234375,2984000,0.0,0.0
2026-04-10 00:00:00-04:00,87.29553807524228,87.29553807524228,85.13614713874176,85.3560791015625,3172300,0.0,0.0
2026-04-13 00:00:00-04:00,84.95619592194055,88.15429720954435,84.90620687870658,87.66543579101562,2966300,0.0,0.0
2026-04-14 00:00:00-04:00,86.23583710125439,89.07503783736972,86.23583710125439,88.29525756835938,3668000,0.0,0.0
2026-04-15 00:00:00-04:00,87.67542832233141,88.04532741487259,82.48688745610593,83.36663818359375,5978100,0.0,0.0
2026-04-16 00:00:00-04:00,83.47661011960287,84.71126478364825,83.03173507734917,83.64656066894531,3300900,0.0,0.0
2026-04-17 00:00:00-04:00,84.8162326431311,87.21556192824922,84.50632191489657,85.77597045898438,6630800,0.0,0.0
2026-04-20 00:00:00-04:00,85.30609868881199,86.11586934612315,85.14613984786999,85.98590850830078,2107000,0.0,0.0
2026-04-21 00:00:00-04:00,86.1958482999789,87.4954795529391,84.7512533947926,84.78623962402344,2406800,0.0,0.0
2026-04-22 00:00:00-04:00,85.74597168795549,86.12086664704935,83.09672007883148,83.67655181884766,2608600,0.0,0.0
2026-04-23 00:00:00-04:00,84.23639933512777,85.52603889729338,83.40663000309559,84.92620086669922,3898100,0.0,0.0
2026-04-24 00:00:00-04:00,84.06644226170084,85.28610175326905,83.18669150041342,83.7865219116211,4511000,0.0,0.0
2026-04-27 00:00:00-04:00,83.12670578602452,85.03616670424887,83.11670645204491,83.98646545410156,5005000,0.0,0.0
2026-04-28 00:00:00-04:00,83.43661998004168,83.43661998004168,80.45745901924217,81.1672592163086,5395200,0.0,0.0
2026-04-29 00:00:00-04:00,79.54771064604583,80.22752047038675,76.7884816381612,77.43830108642578,6022200,0.0,0.0
2026-04-30 00:00:00-04:00,76.93844201187153,79.9875907349131,76.93844201187153,79.83763122558594,3752200,0.0,0.0
2026-05-01 00:00:00-04:00,80.06755739192768,80.37747572525272,77.21835740656523,77.96814727783203,3472700,0.0,0.0
2026-05-04 00:00:00-04:00,77.5082830523422,78.22308675094207,75.28890364179135,75.53883361816406,4421400,0.0,0.0
2026-05-05 00:00:00-04:00,76.38859814387,76.85346421756594,75.6587992902661,75.79875946044922,2650500,0.0,0.0
2026-05-06 00:00:00-04:00,78.07811886532488,80.1075489432131,77.56326375205795,78.62796783447266,4848700,0.0,0.0
2026-05-07 00:00:00-04:00,79.11782665245175,79.85761719023839,76.96842749477064,77.47828674316406,3832900,0.0,0.0
2026-05-08 00:00:00-04:00,78.0381331890637,78.11811261184717,75.45886163598637,75.7287826538086,2808200,0.0,0.0
2026-05-11 00:00:00-04:00,75.71877907518054,75.76176629638431,74.62908810304788,74.67906951904297,2855900,0.0,0.0
2026-05-12 00:00:00-04:00,75.0989598979194,75.18893102575612,72.16978035353632,73.18949127197266,3693500,0.0,0.0
2026-05-13 00:00:00-04:00,73.1195125641242,73.12951189871367,70.95012222091371,71.37000274658203,5484500,0.0,0.0
2026-05-14 00:00:00-04:00,72.16000366210938,72.45999908447266,70.26000213623047,71.81999969482422,3520500,0.02,0.0
2026-05-15 00:00:00-04:00,70.76000213623047,71.125,70.2300033569336,70.3499984741211,2870700,0.0,0.0
2026-05-18 00:00:00-04:00,70.52999877929688,71.125,69.62999725341797,69.97000122070312,3167600,0.0,0.0
2026-05-19 00:00:00-04:00,69.5199966430664,69.58999633789062,68.06999969482422,68.54000091552734,2380800,0.0,0.0
2026-05-20 00:00:00-04:00,68.94999694824219,70.65499877929688,68.41000366210938,70.37000274658203,5200800,0.0,0.0
2026-05-21 00:00:00-04:00,69.61000061035156,70.37000274658203,68.27999877929688,70.27999877929688,5171500,0.0,0.0
2026-05-22 00:00:00-04:00,70.69999694824219,71.52999877929688,69.63999938964844,70.91000366210938,4447800,0.0,0.0
2026-05-26 00:00:00-04:00,71.55999755859375,72.51000213623047,71.11000061035156,72.43000030517578,4309500,0.0,0.0
2026-05-27 00:00:00-04:00,72.68000030517578,72.94999694824219,70.88999938964844,70.95999908447266,3810100,0.0,0.0
2026-05-28 00:00:00-04:00,70.61000061035156,71.11000061035156,69.16000366210938,70.98999786376953,4192200,0.0,0.0
2026-05-29 00:00:00-04:00,70.55999755859375,72.66999816894531,69.72000122070312,71.63999938964844,5366800,0.0,0.0
2026-06-01 00:00:00-04:00,70.56999969482422,71.4800033569336,69.70999908447266,70.95999908447266,3493400,0.0,0.0
2026-06-02 00:00:00-04:00,71.55000305175781,72.25,70.96499633789062,71.62000274658203,3235600,0.0,0.0
2026-06-03 00:00:00-04:00,71.20999908447266,72.16000366210938,69.9000015258789,70.06999969482422,4248400,0.0,0.0
2026-06-04 00:00:00-04:00,71.29000091552734,72.55999755859375,70.56999969482422,72.01000213623047,3430300,0.0,0.0
2026-06-05 00:00:00-04:00,71.63999938964844,72.37000274658203,71.29000091552734,72.25,3923100,0.0,0.0
2026-06-08 00:00:00-04:00,71.68000030517578,74.02999877929688,71.66999816894531,72.45999908447266,4379200,0.0,0.0
2026-06-09 00:00:00-04:00,73.08000183105469,74.45999908447266,72.25,73.91000366210938,3491000,0.0,0.0
2026-06-10 00:00:00-04:00,73.43000030517578,74.05000305175781,70.26000213623047,70.4800033569336,3120400,0.0,0.0
2026-06-11 00:00:00-04:00,70.9800033569336,73.27999877929688,69.83999633789062,73.19999694824219,4296400,0.0,0.0
2026-06-12 00:00:00-04:00,73.95999908447266,74.68000030517578,72.99500274658203,74.0,2322400,0.0,0.0
2026-06-15 00:00:00-04:00,75.9000015258789,77.90499877929688,75.9000015258789,76.7699966430664,5643900,0.0,0.0
2026-06-16 00:00:00-04:00,77.23999786376953,79.41999816894531,76.41000366210938,78.5199966430664,5520400,0.0,0.0
2026-06-17 00:00:00-04:00,78.12999725341797,80.86000061035156,76.86000061035156,77.06999969482422,8720400,0.0,0.0
2026-06-18 00:00:00-04:00,78.31999969482422,79.41000366210938,77.80999755859375,77.91000366210938,5707400,0.0,0.0
2026-06-22 00:00:00-04:00,77.4800033569336,78.70999908447266,77.16999816894531,77.87000274658203,2678700,0.0,0.0
2026-06-23 00:00:00-04:00,76.7300033569336,78.23999786376953,76.11000061035156,76.63999938964844,2337800,0.0,0.0
2026-06-24 00:00:00-04:00,77.12999725341797,79.41999816894531,76.91000366210938,78.31999969482422,5478500,0.0,0.0
2026-06-25 00:00:00-04:00,79.47000122070312,82.61000061035156,79.11499786376953,81.69999694824219,5279400,0.0,0.0
2026-06-26 00:00:00-04:00,81.5999984741211,81.92500305175781,80.33000183105469,81.37000274658203,8240800,0.0,0.0
2026-06-29 00:00:00-04:00,80.66000366210938,81.13999938964844,79.75,80.9800033569336,2957800,0.0,0.0
2026-06-30 00:00:00-04:00,81.61000061035156,83.19999694824219,80.1500015258789,81.98999786376953,4421600,0.0,0.0
2026-07-01 00:00:00-04:00,81.62999725341797,82.7300033569336,80.29000091552734,80.86000061035156,2899800,0.0,0.0
2026-07-02 00:00:00-04:00,81.37000274658203,81.78500366210938,79.38999938964844,80.58999633789062,3077000,0.0,0.0
2026-07-06 00:00:00-04:00,80.8499984741211,81.08999633789062,79.80999755859375,80.62999725341797,2241000,0.0,0.0
2026-07-07 00:00:00-04:00,80.04000091552734,80.16999816894531,77.37999725341797,78.70999908447266,3425000,0.0,0.0
2026-07-08 00:00:00-04:00,77.69999694824219,77.95500183105469,75.4000015258789,76.70999908447266,5607300,0.0,0.0
2026-07-09 00:00:00-04:00,77.6500015258789,78.5250015258789,76.5999984741211,77.05000305175781,2861700,0.0,0.0
2026-07-10 00:00:00-04:00,77.47000122070312,79.62999725341797,77.23500061035156,78.8499984741211,3122700,0.0,0.0
2026-07-13 00:00:00-04:00,78.91000366210938,80.72000122070312,78.02999877929688,78.55999755859375,3338600,0.0,0.0
2026-07-14 00:00:00-04:00,80.25,80.45500183105469,78.51000213623047,79.01000213623047,3511500,0.0,0.0
2026-07-15 00:00:00-04:00,79.05000305175781,79.45500183105469,78.08000183105469,79.13999938964844,2335100,0.0,0.0
2026-07-16 00:00:00-04:00,81.0,85.0999984741211,81.0,84.77999877929688,8291400,0.0,0.0
2026-07-17 00:00:00-04:00,83.4800033569336,85.0479965209961,81.81500244140625,82.23999786376953,4279000,0.0,0.0
2026-07-20 00:00:00-04:00,82.11000061035156,82.61499786376953,79.8550033569336,80.18000030517578,4390200,0.0,0.0
2026-07-21 00:00:00-04:00,80.73999786376953,81.2300033569336,78.80000305175781,80.9000015258789,3413900,0.0,0.0
