Date,Open,High,Low,Close,Volume,Dividends,Stock Splits
2020-03-13 00:00:00-03:00,1772.61328125,1772.61328125,1772.61328125,1772.61328125,62,0.0,0.0
2020-03-16 00:00:00-03:00,1772.61328125,1772.61328125,1772.61328125,1772.61328125,0,0.0,0.0
2020-03-17 00:00:00-03:00,1772.61328125,1772.61328125,1772.61328125,1772.61328125,0,0.0,0.0
2020-03-18 00:00:00-03:00,1772.61328125,1772.61328125,1772.61328125,1772.61328125,0,0.0,0.0
2020-03-19 00:00:00-03:00,1772.61328125,1772.61328125,1772.61328125,1772.61328125,0,0.0,0.0
2020-03-20 00:00:00-03:00,1772.61328125,1772.61328125,1772.61328125,1772.61328125,0,0.0,0.0
2020-03-25 00:00:00-03:00,1772.61328125,1772.61328125,1772.61328125,1772.61328125,0,0.0,0.0
2020-03-26 00:00:00-03:00,1746.618896484375,1746.618896484375,1746.618896484375,1746.618896484375,2,0.0,0.0
2020-03-27 00:00:00-03:00,1746.618896484375,1746.618896484375,1746.618896484375,1746.618896484375,0,0.0,0.0
2020-03-30 00:00:00-03:00,1686.631897652568,1750.1180419921875,1686.631897652568,1750.1180419921875,20,0.0,0.0
2020-04-01 00:00:00-03:00,1800.6070556640625,1800.6070556640625,1800.6070556640625,1800.6070556640625,10,0.0,0.0
2020-04-02 00:00:00-03:00,1806.1058556674784,1806.1058556674784,1806.1058556674784,1800.6070556640625,484,0.0,0.0
2020-04-03 00:00:00-03:00,1800.6070556640625,1800.6070556640625,1800.6070556640625,1800.6070556640625,0,0.0,0.0
2020-04-06 00:00:00-03:00,1800.6070556640625,1800.6070556640625,1800.6070556640625,1800.6070556640625,0,0.0,0.0
2020-04-07 00:00:00-03:00,1889.587646484375,1889.587646484375,1889.587646484375,1889.587646484375,4,0.0,0.0
2020-04-08 00:00:00-03:00,1924.5799560546875,1924.5799560546875,1924.5799560546875,1924.5799560546875,6,0.0,0.0
2020-04-13 00:00:00-03:00,2019.5591482002044,2139.532958984375,2019.5591482002044,2139.532958984375,30,0.0,0.0
2020-04-14 00:00:00-03:00,2399.476318359375,2399.476318359375,2399.476318359375,2399.476318359375,6,0.0,0.0
2020-04-15 00:00:00-03:00,2479.458984375,2479.458984375,2479.458984375,2479.458984375,6,0.0,0.0
2020-04-16 00:00:00-03:00,2559.441346153846,2599.4326171875,2559.441346153846,2599.4326171875,6,0.0,0.0
2020-04-17 00:00:00-03:00,2599.4326171875,2599.4326171875,2599.4326171875,2599.4326171875,0,0.0,0.0
2020-04-20 00:00:00-03:00,2351.9867234611274,2388.478759765625,2351.9867234611274,2388.478759765625,14,0.0,0.0
2020-04-21 00:00:00-03:00,2399.47628257329,2399.47628257329,2301.99755859375,2301.99755859375,12,0.0,0.0
2020-04-22 00:00:00-03:00,2501.454345703125,2501.454345703125,2501.454345703125,2501.454345703125,20,0.0,0.0
2020-04-23 00:00:00-03:00,2560.4412452362803,2561.94091796875,2508.9524814214938,2561.94091796875,80,0.0,0.0
2020-04-24 00:00:00-03:00,2561.94091796875,2561.94091796875,2561.94091796875,2561.94091796875,0,0.0,0.0
2020-04-27 00:00:00-03:00,2561.94091796875,2561.94091796875,2561.94091796875,2561.94091796875,0,0.0,0.0
2020-04-28 00:00:00-03:00,2561.94091796875,2561.94091796875,2561.94091796875,2561.94091796875,0,0.0,0.0
2020-04-29 00:00:00-03:00,2470.460817686116,2470.460817686116,2460.962890625,2460.962890625,30,0.0,0.0
2020-04-30 00:00:00-03:00,2460.962890625,2460.962890625,2460.962890625,2460.962890625,0,0.0,0.0
2020-05-04 00:00:00-03:00,2382.4799695677784,2382.4799695677784,2373.48193359375,2373.48193359375,486,0.0,0.0
2020-05-05 00:00:00-03:00,2373.48193359375,2373.48193359375,2373.48193359375,2373.48193359375,0,0.0,0.0
2020-05-06 00:00:00-03:00,2373.48193359375,2373.48193359375,2373.48193359375,2373.48193359375,0,0.0,0.0
2020-05-07 00:00:00-03:00,2607.43075860464,2617.928466796875,2607.43075860464,2617.928466796875,12,0.0,0.0
2020-05-08 00:00:00-03:00,2729.4044056630505,2894.368408203125,2729.4044056630505,2894.368408203125,12,0.0,0.0
2020-05-11 00:00:00-03:00,2899.3673998688996,2919.363037109375,2879.3717626284247,2919.363037109375,70,0.0,0.0
2020-05-12 00:00:00-03:00,2912.364501953125,2912.364501953125,2912.364501953125,2912.364501953125,10,0.0,0.0
2020-05-13 00:00:00-03:00,2953.35546875,2953.35546875,2953.35546875,2953.35546875,6,0.0,0.0
2020-05-14 00:00:00-03:00,3016.341640191985,3027.339239808197,2990.847204718039,2998.845458984375,126,0.0,0.0
2020-05-15 00:00:00-03:00,3099.323783275228,3099.323783275228,3009.343415373689,3073.829345703125,34,0.0,0.0
2020-05-18 00:00:00-03:00,3207.2999074206805,3269.286376953125,3178.8061270710887,3269.286376953125,48,0.0,0.0
2020-05-19 00:00:00-03:00,3343.2704934336657,3343.2704934336657,3252.7902363595786,3259.288818359375,54,0.0,0.0
2020-05-20 00:00:00-03:00,3199.3017784473313,3199.3017784473313,3189.303960389683,3193.802978515625,556,0.0,0.0
2020-05-21 00:00:00-03:00,3189.3042205790766,3189.3042205790766,3085.326904296875,3085.326904296875,36,0.0,0.0
2020-05-22 00:00:00-03:00,2953.3553232576182,3100.3232421875,2953.3553232576182,3100.3232421875,12,0.0,0.0
2020-05-26 00:00:00-03:00,3100.3232421875,3100.3232421875,3100.3232421875,3100.3232421875,0,0.0,0.0
2020-05-27 00:00:00-03:00,3100.3232421875,3100.3232421875,3100.3232421875,3100.3232421875,0,0.0,0.0
2020-05-28 00:00:00-03:00,3100.3232421875,3100.3232421875,3100.3232421875,3100.3232421875,0,0.0,0.0
2020-05-29 00:00:00-03:00,2977.85009765625,2977.85009765625,2977.85009765625,2977.85009765625,4,0.0,0.0
2020-06-01 00:00:00-03:00,2899.367062598368,3017.34130859375,2899.367062598368,3017.34130859375,4,0.0,0.0
2020-06-02 00:00:00-03:00,3179.3062462439902,3199.3018830128203,3119.3193359375,3119.3193359375,24,0.0,0.0
2020-06-03 00:00:00-03:00,3203.300537109375,3203.300537109375,3203.300537109375,3203.300537109375,6,0.0,0.0
2020-06-04 00:00:00-03:00,3328.7738162030746,3349.769235977895,3241.292900474656,3253.290283203125,14,0.0,0.0
2020-06-05 00:00:00-03:00,3383.761474609375,3383.761474609375,3383.761474609375,3383.761474609375,2,0.0,0.0
2020-06-08 00:00:00-03:00,3429.2516109614203,3461.24462890625,3429.2516109614203,3461.24462890625,16,0.0,0.0
2020-06-09 00:00:00-03:00,3461.24462890625,3461.24462890625,3461.24462890625,3461.24462890625,0,0.0,0.0
2020-06-10 00:00:00-03:00,3461.24462890625,3461.24462890625,3461.24462890625,3461.24462890625,0,0.0,0.0
2020-06-11 00:00:00-03:00,3503.235361366748,3503.235361366748,3286.28271484375,3286.28271484375,20,0.0,0.0
2020-06-12 00:00:00-03:00,3286.28271484375,3286.28271484375,3286.28271484375,3286.28271484375,0,0.0,0.0
2020-06-16 00:00:00-03:00,3389.260347599388,3399.758056640625,3389.260347599388,3399.758056640625,20,0.0,0.0
2020-06-17 00:00:00-03:00,3482.7397042721886,3482.7397042721886,3361.76611328125,3361.76611328125,34,0.0,0.0
2020-06-18 00:00:00-03:00,3249.291117344082,3292.28173828125,3249.291117344082,3292.28173828125,50,0.0,0.0
2020-06-19 00:00:00-03:00,3299.2801601544593,3299.2801601544593,3249.2910668187856,3270.786376953125,16,0.0,0.0
2020-06-22 00:00:00-03:00,3270.786376953125,3270.786376953125,3270.786376953125,3270.786376953125,0,0.0,0.0
2020-06-23 00:00:00-03:00,3260.28857421875,3260.28857421875,3260.28857421875,3260.28857421875,4,0.0,0.0
2020-06-24 00:00:00-03:00,3260.28857421875,3260.28857421875,3260.28857421875,3260.28857421875,0,0.0,0.0
2020-06-25 00:00:00-03:00,3260.2885587334986,3260.2885587334986,3199.8017578125,3199.8017578125,4,0.0,0.0
2020-06-26 00:00:00-03:00,3199.8017578125,3199.8017578125,3199.8017578125,3199.8017578125,0,0.0,0.0
2020-06-29 00:00:00-03:00,3199.8017578125,3199.8017578125,3199.8017578125,3199.8017578125,0,0.0,0.0
2020-06-30 00:00:00-03:00,3199.8017578125,3199.8017578125,3199.8017578125,3199.8017578125,0,0.0,0.0
2020-07-01 00:00:00-03:00,3199.8017578125,3199.8017578125,3199.8017578125,3199.8017578125,0,0.0,0.0
2020-07-02 00:00:00-03:00,3255.7894010043656,3402.75732421875,3255.7894010043656,3402.75732421875,4,0.0,0.0
2020-07-03 00:00:00-03:00,3402.75732421875,3402.75732421875,3402.75732421875,3402.75732421875,0,0.0,0.0
2020-07-06 00:00:00-03:00,3413.2551216900847,3413.2551216900847,3408.756103515625,3408.756103515625,14,0.0,0.0
2020-07-07 00:00:00-03:00,3422.2529296875,3422.2529296875,3422.2529296875,3422.2529296875,2,0.0,0.0
2020-07-08 00:00:00-03:00,3579.7188850615944,3582.2183396664414,3579.218994140625,3579.218994140625,16,0.0,0.0
2020-07-13 00:00:00-03:00,3591.7161140441895,3591.7161140441895,3499.236297607422,3519.23193359375,50,0.0,0.0
2020-07-14 00:00:00-03:00,3319.775634765625,3319.775634765625,3319.775634765625,3319.775634765625,2,0.0,0.0
2020-07-15 00:00:00-03:00,3539.2275119936035,3539.2275119936035,3516.732421875,3516.732421875,4,0.0,0.0
2020-07-16 00:00:00-03:00,3480.24072265625,3480.24072265625,3480.24072265625,3480.24072265625,4,0.0,0.0
2020-07-17 00:00:00-03:00,3614.7111556840177,3615.7109375,3532.2291558654774,3615.7109375,18,0.0,0.0
2020-07-20 00:00:00-03:00,3786.673597650191,3786.673597650191,3706.191162109375,3706.191162109375,10,0.0,0.0
2020-07-21 00:00:00-03:00,3785.174072265625,3785.174072265625,3785.174072265625,3785.174072265625,4,0.0,0.0
2020-07-22 00:00:00-03:00,3676.6976662115044,3788.17333984375,3676.6976662115044,3788.17333984375,22,0.0,0.0
2020-07-23 00:00:00-03:00,3504.2353151183197,3504.2353151183197,3439.249496150362,3449.247314453125,68,0.0,0.0
2020-07-24 00:00:00-03:00,3299.2799092955506,3539.2275390625,3299.2799092955506,3539.2275390625,22,0.0,0.0
2020-07-27 00:00:00-03:00,3629.2078238859303,3715.688946962,3593.2156801779706,3678.697021484375,78,0.0,0.0
2020-07-28 00:00:00-03:00,3678.697021484375,3678.697021484375,3678.697021484375,3678.697021484375,0,0.0,0.0
2020-07-29 00:00:00-03:00,3719.1884765625,3719.1884765625,3719.1884765625,3719.1884765625,40,0.0,0.0
2020-07-30 00:00:00-03:00,3728.1862476193887,3814.16748046875,3654.2023960978454,3814.16748046875,26,0.0,0.0
2020-07-31 00:00:00-03:00,3814.16762037281,3889.1512564220784,3794.671875,3794.671875,72,0.0,0.0
2020-08-03 00:00:00-03:00,4068.11222625922,4068.11222625922,4023.621935261792,4024.121826171875,42,0.0,0.0
2020-08-04 00:00:00-03:00,4006.125827294178,4006.125827294178,3730.1860398389263,3805.169677734375,64,0.0,0.0
2020-08-05 00:00:00-03:00,3934.14111328125,3934.14111328125,3934.14111328125,3934.14111328125,4,0.0,0.0
2020-08-06 00:00:00-03:00,3935.1413153391413,4016.62353515625,3933.141751662648,4016.62353515625,12,0.0,0.0
2020-08-07 00:00:00-03:00,3909.14713874425,3924.1438668980004,3909.14713874425,3912.146484375,38,0.0,0.0
2020-08-10 00:00:00-03:00,3799.170986077724,3929.6425159943406,3799.170986077724,3899.149169921875,14,0.0,0.0
2020-08-11 00:00:00-03:00,3994.12841796875,3994.12841796875,3994.12841796875,3994.12841796875,4,0.0,0.0
2020-08-12 00:00:00-03:00,4138.09716796875,4138.09716796875,4138.09716796875,4138.09716796875,6,0.0,0.0
2020-08-13 00:00:00-03:00,4107.103733256856,4117.101551497501,4037.618896484375,4037.618896484375,26,0.0,0.0
2020-08-14 00:00:00-03:00,3949.1382919989055,3996.6279296875,3949.1382919989055,3996.6279296875,39,0.0,0.0
2020-08-18 00:00:00-03:00,4399.039899308604,4555.005859375,4399.039899308604,4555.005859375,138,0.0,0.0
2020-08-19 00:00:00-03:00,4707.972098344398,4828.445795063552,4690.4759183229435,4823.94677734375,149,0.0,0.0
2020-08-20 00:00:00-03:00,4848.941180139721,5008.90625,4848.941180139721,5008.90625,319,0.0,0.0
2020-08-21 00:00:00-03:00,5038.9008700196755,5108.385713366177,5018.905231646581,5081.3916015625,143,0.0,0.0
2020-08-24 00:00:00-03:00,5198.8652928197735,5198.8652928197735,5023.903480080647,5111.88427734375,149,0.0,0.0
2020-08-25 00:00:00-03:00,5289.345335117556,5398.82143646816,5195.865741726857,5298.84326171875,473,0.0,0.0
2020-08-26 00:00:00-03:00,5312.83991585665,5312.83991585665,5158.87353515625,5158.87353515625,262,0.0,0.0
2020-08-27 00:00:00-03:00,4898.931315104167,5033.901871744792,4898.931315104167,4948.92041015625,100,0.0,0.0
2020-08-28 00:00:00-03:00,4948.920087890625,5032.401871191407,4948.920087890625,4998.9091796875,30,0.0,0.0
2020-08-31 00:00:00-03:00,4998.9084291064055,5042.898823282541,4838.943359375,4838.943359375,213,0.0,0.0
2020-09-01 00:00:00-03:00,5078.891106456946,5364.328785766682,5078.891106456946,5329.33642578125,75,0.0,0.0
2020-09-02 00:00:00-03:00,5372.3273724834735,5382.825081129808,5195.365998159556,5198.865234375,71,0.0,0.0
2020-09-03 00:00:00-03:00,4998.909074274439,5178.86980094832,4751.463075097855,4908.9287109375,164,0.0,0.0
2020-09-04 00:00:00-03:00,4798.952558635395,4798.952558635395,4461.026315964818,4688.9765625,51,0.0,0.0
2020-09-07 00:00:00-03:00,4749.963523672037,4888.933199485637,4749.963523672037,4828.9462890625,27,0.0,0.0
2020-09-08 00:00:00-03:00,4828.946098513719,4828.946098513719,4711.971627804381,4713.97119140625,10,0.0,0.0
2020-09-09 00:00:00-03:00,4708.972199583355,4848.941649252499,4702.4736179915735,4825.44677734375,24,0.0,0.0
2020-09-10 00:00:00-03:00,4848.941524993448,4868.937160148061,4768.958984375,4768.958984375,35,0.0,0.0
2020-09-11 00:00:00-03:00,4766.959619140624,4833.944999694824,4701.973802185058,4798.95263671875,73,0.0,0.0
2020-09-14 00:00:00-03:00,4933.923454006674,4997.909492721248,4933.923454006674,4938.92236328125,54,0.0,0.0
2020-09-15 00:00:00-03:00,5055.896962149744,5055.896962149744,4938.922482305662,4948.42041015625,40,0.0,0.0
2020-09-16 00:00:00-03:00,4965.916389079033,5161.873629316499,4935.423043021673,5054.89697265625,56,0.0,0.0
2020-09-17 00:00:00-03:00,4998.408935597276,4998.408935597276,4709.971896309384,4842.94287109375,61,0.0,0.0
2020-09-18 00:00:00-03:00,5029.402138654283,5029.402138654283,4994.90966796875,4994.90966796875,10,0.0,0.0
2020-09-21 00:00:00-03:00,4994.910377604167,5169.372319335937,4994.910377604167,5098.8876953125,23,0.0,0.0
2020-09-22 00:00:00-03:00,5157.874282347237,5466.30696622088,5157.874282347237,5420.81689453125,120,0.0,0.0
2020-09-23 00:00:00-03:00,5356.33083698754,5619.273442704334,5356.33083698754,5534.2919921875,112,0.0,0.0
2020-09-24 00:00:00-03:00,5489.302341671224,5489.302341671224,5143.877706565604,5283.84716796875,157,0.0,0.0
2020-09-25 00:00:00-03:00,5175.370687763342,5298.8437448364175,5175.370687763342,5294.3447265625,30,0.0,0.0
2020-09-28 00:00:00-03:00,5316.839386033325,5698.756017373064,5316.839386033325,5518.29541015625,24,0.0,0.0
2020-09-29 00:00:00-03:00,5419.317152965199,5566.285075017756,5419.317152965199,5498.7998046875,42,0.0,0.0
2020-09-30 00:00:00-03:00,5598.778354510523,5829.727961634082,5498.800169608549,5724.2509765625,389,0.0,0.0
2020-10-01 00:00:00-03:00,5798.734634742012,5998.691001457254,5728.7499063916775,5788.73681640625,104,0.0,0.0
2020-10-02 00:00:00-03:00,5698.756348420915,5762.742384613712,5600.27783959294,5745.74609375,72,0.0,0.0
2020-10-05 00:00:00-03:00,5757.743487413195,5848.7236328125,5739.247523788061,5848.7236328125,109,0.0,0.0
2020-10-06 00:00:00-03:00,5898.712723691239,6023.685450888088,5848.7236328125,5848.7236328125,120,0.0,0.0
2020-10-07 00:00:00-03:00,5998.6903125,6293.62591953125,5948.7012265625,6248.6357421875,66,0.0,0.0
2020-10-08 00:00:00-03:00,6023.685380573963,6023.685380573963,5898.712654835915,6020.68603515625,504,0.0,0.0
2020-10-09 00:00:00-03:00,6018.686259669427,6303.6240643215515,5998.690624255243,6292.62646484375,180,0.0,0.0
2020-10-13 00:00:00-03:00,6698.538001476829,6698.538001476829,6528.575096961746,6537.0732421875,436,0.0,0.0
2020-10-14 00:00:00-03:00,6548.570869459077,6700.537704903013,6448.592688245962,6607.05810546875,417,0.0,0.0
2020-10-15 00:00:00-03:00,6595.560192297609,6898.494061975672,6398.603187919463,6703.53662109375,68,0.0,0.0
2020-10-16 00:00:00-03:00,6867.001470347498,6982.476271224711,6867.001470347498,6918.490234375,296,0.0,0.0
2020-10-19 00:00:00-03:00,6948.483030404617,6968.478665024487,6698.53759765625,6698.53759765625,97,0.0,0.0
2020-10-20 00:00:00-03:00,6698.538155789796,7138.44215408047,6698.538155789796,7128.4443359375,506,0.0,0.0
2020-10-21 00:00:00-03:00,7198.428965988083,7594.342559117428,7098.450785904915,7550.85205078125,1750,0.0,0.0
2020-10-22 00:00:00-03:00,7475.368399429631,7475.368399429631,7176.433645995171,7400.384765625,70,0.0,0.0
2020-10-23 00:00:00-03:00,7400.385098348774,7527.357390633331,6998.472803085844,7500.36328125,111,0.0,0.0
2020-10-26 00:00:00-03:00,7547.352549034797,7547.352549034797,6755.525390625,6755.525390625,120,0.0,0.0
2020-10-27 00:00:00-03:00,6835.508158922401,7101.4501174236975,6835.508158922401,6944.484375,92,0.0,0.0
2020-10-28 00:00:00-03:00,6948.4836861070735,6948.4836861070735,6214.643826308139,6448.5927734375,258,0.0,0.0
2020-10-29 00:00:00-03:00,6698.538236262702,6898.9944924374295,6488.584052738051,6641.05078125,133,0.0,0.0
2020-10-30 00:00:00-03:00,6677.042457112542,6677.042457112542,6188.649069330932,6437.5947265625,75,0.0,0.0
2020-11-02 00:00:00-03:00,6398.6038223140495,6398.6038223140495,5898.712898695764,6048.68017578125,193,0.0,0.0
2020-11-03 00:00:00-03:00,5998.690754048191,6498.581650218874,5869.219011939984,6452.091796875,68,0.0,0.0
2020-11-04 00:00:00-03:00,6248.63607062388,6807.01418989483,6248.63607062388,6697.5380859375,163,0.0,0.0
2020-11-05 00:00:00-03:00,6798.516456117021,7038.963986660572,6773.521910322474,6954.482421875,175,0.0,0.0
2020-11-06 00:00:00-03:00,7136.942436662946,7136.942436662946,6954.4822566964285,6998.47265625,31,0.0,0.0
2020-11-09 00:00:00-03:00,6998.471929653116,6998.471929653116,6413.599632674963,6474.08642578125,604,0.0,0.0
2020-11-10 00:00:00-03:00,6473.587771951528,6473.587771951528,5958.700095881252,6215.64404296875,249,0.0,0.0
2020-11-11 00:00:00-03:00,6155.656533888076,6471.587582240948,6155.656533888076,6257.63427734375,303,0.0,0.0
2020-11-12 00:00:00-03:00,6576.5647232127585,6773.521739094928,6421.598543203944,6575.56494140625,346,0.0,0.0
2020-11-13 00:00:00-03:00,6603.558336030124,6965.979213669931,6602.558554298705,6830.5087890625,333,0.0,0.0
2020-11-16 00:00:00-03:00,6826.0103488400755,6830.509367012141,6247.636568275597,6258.13427734375,407,0.0,0.0
2020-11-17 00:00:00-03:00,6448.592866665783,6668.044980500378,6404.102574794988,6482.58544921875,137,0.0,0.0
2020-11-18 00:00:00-03:00,6618.555247091335,6668.544335060303,6446.092893598397,6455.5908203125,1374,0.0,0.0
2020-11-19 00:00:00-03:00,6459.589994340716,6628.55311290496,6398.603306574923,6538.57275390625,575,0.0,0.0
2020-11-20 00:00:00-03:00,6528.575019519665,6790.017954834274,6528.575019519665,6742.5283203125,222,0.0,0.0
2020-11-24 00:00:00-03:00,6748.526574248777,6854.503436007351,6658.546219925461,6698.03759765625,161,0.0,0.0
2020-11-25 00:00:00-03:00,6698.037798034063,6730.530704733982,6551.569772448274,6553.5693359375,34,0.0,0.0
2020-11-26 00:00:00-03:00,6648.548987886883,6783.51953125,6648.548987886883,6783.51953125,17,0.0,0.0
2020-11-27 00:00:00-03:00,6783.51919833424,6791.017561486415,6618.555208986391,6777.5205078125,40,0.0,0.0
2020-11-30 00:00:00-03:00,6698.537914943483,6698.537914943483,6193.648116876847,6512.07861328125,326,0.0,0.0
2020-12-01 00:00:00-03:00,6515.577986145019,6537.57318572998,6348.61442565918,6398.603515625,44,0.0,0.0
2020-12-02 00:00:00-03:00,6338.616850468086,6338.616850468086,6057.178263179952,6234.1396484375,96,0.0,0.0
2020-12-03 00:00:00-03:00,6234.639425006018,6436.595352499799,6227.141061361447,6229.140625,238,0.0,0.0
2020-12-04 00:00:00-03:00,6213.644058211371,6248.636422175554,6096.1696934744705,6133.16162109375,209,0.0,0.0
2020-12-09 00:00:00-03:00,6133.66118757533,6247.636309887243,5898.7124705288425,5910.2099609375,215,0.0,0.0
2020-12-10 00:00:00-03:00,5851.222455193015,5851.222455193015,5716.251924402573,5778.73828125,91,0.0,0.0
2020-12-11 00:00:00-03:00,5778.73886055412,5978.69522251101,5778.73886055412,5902.2119140625,70,0.0,0.0
2020-12-14 00:00:00-03:00,5798.23446352108,5968.697257905138,5653.765995553359,5691.2578125,197,0.0,0.0
2020-12-15 00:00:00-03:00,5678.760824389731,6078.673558501684,5558.787004156145,5938.7041015625,121,0.0,0.0
2020-12-16 00:00:00-03:00,5708.754030166754,5998.690749737395,5688.758394334296,5948.70166015625,97,0.0,0.0
2020-12-17 00:00:00-03:00,5998.6902517558465,6248.63567891234,5953.700074867677,6156.65576171875,431,0.0,0.0
2020-12-18 00:00:00-03:00,6156.656165573845,6156.656165573845,5819.729707665695,5863.22021484375,241,0.0,0.0
2020-12-21 00:00:00-03:00,5868.7197265625,5868.7197265625,5598.778614778535,5868.7197265625,149,0.0,0.0
2020-12-22 00:00:00-03:00,5868.719154325278,5873.218172416328,5709.253957542504,5843.724609375,124,0.0,0.0
2020-12-23 00:00:00-03:00,5998.690765881147,6338.616575947745,5948.701676165471,6098.6689453125,28,0.0,0.0
2020-12-28 00:00:00-03:00,5898.7126167672495,6002.689923910265,5580.782004541489,5622.27294921875,261,0.0,0.0
2020-12-29 00:00:00-03:00,5775.2397219186505,6136.160961356482,5775.2397219186505,6128.66259765625,459,0.0,0.0
2020-12-30 00:00:00-03:00,6228.640330693493,6453.591225461717,6198.64687805773,6386.10595703125,1077,0.0,0.0
2021-01-04 00:00:00-03:00,6348.614883969632,6348.614883969632,6163.655237743745,6277.63037109375,307,0.0,0.0
2021-01-05 00:00:00-03:00,6378.607469710058,7044.961996130395,6378.607469710058,6980.47607421875,1881,0.0,0.0
2021-01-06 00:00:00-03:00,6898.494812287896,6948.483905130562,6498.582069546568,6628.5537109375,389,0.0,0.0
2021-01-07 00:00:00-03:00,6628.553476062351,6793.51747659784,6373.109220687701,6520.0771484375,1101,0.0,0.0
2021-01-08 00:00:00-03:00,6518.576729971622,6998.471949356035,6518.576729971622,6870.0,77,0.0,0.0
2021-01-11 00:00:00-03:00,6890.496405455124,6988.475025265716,6738.529566565226,6878.4990234375,96,0.0,0.0
2021-01-12 00:00:00-03:00,6878.498309235074,6889.495908276002,6675.042726977903,6698.53759765625,339,0.0,0.0
2021-01-13 00:00:00-03:00,6698.538382439696,6797.516785404104,6618.55583458967,6673.0439453125,70,0.0,0.0
2021-01-14 00:00:00-03:00,6678.542355212084,6848.505259461493,6661.546064787142,6664.54541015625,88,0.0,0.0
2021-01-15 00:00:00-03:00,6373.609237937297,6663.545971898366,6373.609237937297,6585.56298828125,47,0.0,0.0
2021-01-18 00:00:00-03:00,6598.559840425532,6598.559840425532,6304.124102091392,6461.08984375,25,0.0,0.0
2021-01-19 00:00:00-03:00,6598.560084726709,6848.505542481508,6598.560084726709,6809.01416015625,115,0.0,0.0
2021-01-20 00:00:00-03:00,6898.495215353165,7127.945164907303,6898.495215353165,7091.453125,375,0.0,0.0
2021-01-21 00:00:00-03:00,7188.430463223559,7248.417365559221,6982.4754318711175,7243.41845703125,2593,0.0,0.0
2021-01-22 00:00:00-03:00,7248.417750508691,7278.411203269417,7188.43084498724,7247.41796875,576,0.0,0.0
2021-01-25 00:00:00-03:00,7280.410903056218,7598.3415082707015,7280.410903056218,7449.3740234375,209,0.0,0.0
2021-01-26 00:00:00-03:00,7198.929009079,7413.382209891089,7198.929009079,7408.38330078125,173,0.0,0.0
2021-01-27 00:00:00-03:00,7348.396095795157,7348.396095795157,7000.472035749345,7160.93701171875,161,0.0,0.0
2021-01-28 00:00:00-03:00,7076.455903901345,7148.4401967921185,6649.549055785228,7086.95361328125,356,0.0,0.0
2021-01-29 00:00:00-03:00,7086.453612998188,7098.450994961504,6808.514264181385,6898.49462890625,192,0.0,0.0
2021-02-01 00:00:00-03:00,6908.492008301476,7028.4658203125,6908.492008301476,7028.4658203125,90,0.0,0.0
2021-02-02 00:00:00-03:00,7168.435187577457,7362.3928481618395,7168.435187577457,7361.39306640625,153,0.0,0.0
2021-02-03 00:00:00-03:00,7361.393908431301,7590.843847584497,7361.393908431301,7483.8671875,90,0.0,0.0
2021-02-04 00:00:00-03:00,7484.3662054232,7484.3662054232,7310.904071220565,7347.89599609375,78,0.0,0.0
2021-02-05 00:00:00-03:00,7398.385152468338,7553.351327959228,7398.385152468338,7538.8544921875,321,0.0,0.0
2021-02-08 00:00:00-03:00,7398.38525390625,7462.371288534629,7338.398346442145,7398.38525390625,175,0.0,0.0
2021-02-09 00:00:00-03:00,7498.363221671916,7577.845871821639,7398.385045382957,7538.3544921875,251,0.0,0.0
2021-02-10 00:00:00-03:00,7618.3371726147,7778.302257603984,7559.849938415492,7697.81982421875,905,0.0,0.0
2021-02-11 00:00:00-03:00,7698.319464504552,7698.319464504552,7486.365733793517,7495.36376953125,215,0.0,0.0
2021-02-12 00:00:00-03:00,7498.36333308674,7548.352421973985,7443.875226199642,7496.36376953125,32,0.0,0.0
2021-02-17 00:00:00-03:00,7998.254045358986,8180.714215768738,7790.299440179652,7846.787109375,256,0.0,0.0
2021-02-18 00:00:00-03:00,7678.324551642885,7698.320188496122,7383.8887989789755,7637.33349609375,184,0.0,0.0
2021-02-19 00:00:00-03:00,7353.895615587736,7834.790699687756,7348.396815249794,7598.34228515625,75,0.0,0.0
2021-02-22 00:00:00-03:00,7497.364380927773,7498.364162816149,7058.460131930934,7065.95849609375,257,0.0,0.0
2021-02-23 00:00:00-03:00,7148.4400322244255,7148.4400322244255,6798.51639428337,6853.50439453125,322,0.0,0.0
2021-02-24 00:00:00-03:00,6908.491641608588,7278.410875674461,6898.493824471673,6948.48291015625,308,0.0,0.0
2021-02-25 00:00:00-03:00,7098.450847793908,7131.443647509007,6948.483576361642,7007.470703125,52,0.0,0.0
2021-02-26 00:00:00-03:00,6824.010678721469,7000.972057394635,6824.010678721469,6953.482421875,36,0.0,0.0
2021-03-01 00:00:00-03:00,6948.484060402685,7448.375,6948.484060402685,7448.375,77,0.0,0.0
2021-03-02 00:00:00-03:00,7499.363205347895,7499.363205347895,7269.413393692114,7299.90673828125,277,0.0,0.0
2021-03-03 00:00:00-03:00,7251.416850958787,7251.416850958787,7086.952757206861,7096.45068359375,65,0.0,0.0
2021-03-04 00:00:00-03:00,7048.961483106198,7179.433006196101,6819.0116722964085,6825.51025390625,88,0.0,0.0
2021-03-05 00:00:00-03:00,6898.494649251302,7198.42919921875,6638.551372612847,7198.42919921875,158,0.0,0.0
2021-03-08 00:00:00-03:00,6734.529831712433,6779.520010220013,6548.570427214436,6553.5693359375,125,0.0,0.0
2021-03-09 00:00:00-03:00,6718.533200290276,6938.485180061683,6718.533200290276,6888.49609375,79,0.0,0.0
2021-03-10 00:00:00-03:00,6698.538805288987,6978.477740435392,6698.538805288987,6863.0029296875,64,0.0,0.0
2021-03-11 00:00:00-03:00,6980.976777386301,6983.476232014797,6748.5274969362745,6883.498046875,149,0.0,0.0
2021-03-12 00:00:00-03:00,6699.537966648536,6998.472730419304,6316.621530112737,6318.62109375,1111,0.0,0.0
2021-03-15 00:00:00-03:00,6298.625412801281,6448.592684534645,6278.629776570166,6419.09912109375,327,0.0,0.0
2021-03-16 00:00:00-03:00,6504.58056640625,6593.061258094992,6391.605219956218,6504.58056640625,765,0.0,0.0
2021-03-17 00:00:00-03:00,6487.583740793049,6598.55951444508,6343.615169568793,6553.5693359375,501,0.0,0.0
2021-03-18 00:00:00-03:00,6460.590422589391,6533.574498858196,6388.606128187281,6396.1044921875,151,0.0,0.0
2021-03-19 00:00:00-03:00,6370.609842161178,6598.560100166945,6355.613114660799,6587.5625,385,0.0,0.0
2021-03-22 00:00:00-03:00,6588.562015146087,6588.562015146087,6344.615257680891,6409.60107421875,1523,0.0,0.0
2021-03-23 00:00:00-03:00,6389.606056723301,6389.606056723301,6219.643135483594,6282.62939453125,289,0.0,0.0
2021-03-25 00:00:00-03:00,6198.646956907923,6198.646956907923,5720.251381282045,5874.2177734375,723,0.0,0.0
2021-03-26 00:00:00-03:00,5998.690819516102,6206.64543459266,5816.730531324114,6007.18896484375,202,0.0,0.0
2021-03-29 00:00:00-03:00,6068.175003845642,6077.173039109603,5868.718555494509,5928.20556640625,516,0.0,0.0
2021-03-30 00:00:00-03:00,5998.691011192649,6136.66090445008,5998.691011192649,6079.67333984375,160,0.0,0.0
2021-03-31 00:00:00-03:00,6134.66126412219,6383.60693797591,6134.66126412219,6294.12646484375,166,0.0,0.0
2021-04-05 00:00:00-03:00,6127.6627533990695,6146.658607912788,6038.682171729544,6121.6640625,361,0.0,0.0
2021-04-06 00:00:00-03:00,6138.660050751374,6334.11738624354,6064.676199976847,6274.63037109375,543,0.0,0.0
2021-04-07 00:00:00-03:00,6216.64334574262,6216.64334574262,6130.662109375,6130.662109375,321,0.0,0.0
2021-04-08 00:00:00-03:00,6198.646883736022,6333.117529842876,6198.646883736022,6258.6337890625,134,0.0,0.0
2021-04-09 00:00:00-03:00,6128.662368674683,6165.654294880387,6062.676770578023,6118.66455078125,273,0.0,0.0
2021-04-12 00:00:00-03:00,6098.668680552649,6098.668680552649,5925.2065467697175,5972.1962890625,418,0.0,0.0
2021-04-13 00:00:00-03:00,5968.697328202119,6048.679871963621,5887.7150026435975,5975.69580078125,276,0.0,0.0
2021-04-14 00:00:00-03:00,5983.6941742321005,6055.178574141473,5899.7125016113,5938.2041015625,1106,0.0,0.0
2021-04-15 00:00:00-03:00,5923.706905524394,5938.703631867493,5883.715635276128,5909.7099609375,800,0.0,0.0
2021-04-16 00:00:00-03:00,5938.703954436636,6103.667953170987,5849.723373301137,5859.72119140625,801,0.0,0.0
2021-04-19 00:00:00-03:00,5878.717176072582,5941.703431530504,5798.73462945935,5878.21728515625,605,0.0,0.0
2021-04-20 00:00:00-03:00,5848.72388542166,5848.72388542166,5656.765768156539,5735.74853515625,840,0.0,0.0
2021-04-21 00:00:00-03:00,5754.243952950278,5893.713509276673,5740.7468991122405,5822.72900390625,2299,0.0,0.0
2021-04-22 00:00:00-03:00,5998.690767843463,6058.677675521897,5798.734408915348,5872.71826171875,1736,0.0,0.0
2021-04-23 00:00:00-03:00,5988.693523244867,5988.693523244867,5885.216097592805,5940.2041015625,2689,0.0,0.0
2021-04-26 00:00:00-03:00,5938.703834926252,5948.701652830168,5837.725874096698,5897.212890625,1554,0.0,0.0
2021-04-27 00:00:00-03:00,6098.669368484322,6318.621378495232,5998.691182115726,6185.650390625,1053,0.0,0.0
2021-04-28 00:00:00-03:00,6296.625950300283,6498.581879477903,6154.656930779381,6227.14111328125,1413,0.0,0.0
2021-04-29 00:00:00-03:00,6238.638630319149,6478.586269946809,6069.175609832115,6108.6669921875,535,0.0,0.0
2021-04-30 00:00:00-03:00,6063.176458127927,6298.625061621888,6035.682459843069,6084.171875,997,0.0,0.0
2021-05-03 00:00:00-03:00,6083.672182795637,6223.641633180418,6083.672182795637,6114.16552734375,526,0.0,0.0
2021-05-04 00:00:00-03:00,6138.660076894175,6138.660076894175,5798.734274590589,6028.68408203125,599,0.0,0.0
2021-05-05 00:00:00-03:00,6098.668509895227,6109.666108847497,5999.690119324796,6011.6875,271,0.0,0.0
2021-05-06 00:00:00-03:00,6198.647394618157,6198.647394618157,5953.200953428035,5999.19091796875,522,0.0,0.0
2021-05-07 00:00:00-03:00,6090.670507421483,6090.670507421483,5948.701496907063,5992.69189453125,308,0.0,0.0
2021-05-10 00:00:00-03:00,5748.745301249835,5887.714970271352,5648.767122097664,5675.76123046875,632,0.0,0.0
2021-05-11 00:00:00-03:00,5675.760793473985,5978.6946529812285,5607.275746027629,5758.74267578125,402,0.0,0.0
2021-05-12 00:00:00-03:00,5748.745182291666,5748.745182291666,5593.7790078125,5623.7724609375,218,0.0,0.0
2021-05-13 00:00:00-03:00,5623.772597202035,5623.772597202035,5368.828239462209,5373.8271484375,882,0.0,0.0
2021-05-14 00:00:00-03:00,5429.315237491689,5488.302365566822,5359.830400182846,5450.810546875,989,0.0,0.0
2021-05-17 00:00:00-03:00,5451.810648244888,5498.800397092772,5418.8178458623315,5494.80126953125,300,0.0,0.0
2021-05-18 00:00:00-03:00,5670.762160726865,5741.2467750306805,5625.771981384003,5677.2607421875,593,0.0,0.0
2021-05-19 00:00:00-03:00,5678.761307208362,5819.730557968288,5648.767849599867,5750.74560546875,735,0.0,0.0
2021-05-20 00:00:00-03:00,5920.707557924575,6138.160089813902,5920.707557924575,6084.171875,2642,0.0,0.0
2021-05-21 00:00:00-03:00,6198.647045205551,6198.647045205551,5975.695707934448,5988.69287109375,648,0.0,0.0
2021-05-26 00:00:00-03:00,5970.69673386804,6068.675347384294,5913.7091729453205,6024.18505859375,184,0.0,0.0
2021-05-27 00:00:00-03:00,5899.212703520134,6053.17910574742,5898.7128126038115,6019.1865234375,343,0.0,0.0
2021-05-28 00:00:00-03:00,6059.677170415169,6118.1644026325075,6016.686555281057,6086.17138671875,384,0.0,0.0
2021-05-31 00:00:00-03:00,6088.671324588347,6198.647325525082,5998.690960185563,6128.66259765625,44,0.0,0.0
2021-06-01 00:00:00-03:00,6251.6356796132495,6536.57349645153,6199.647025312931,6522.07666015625,1225,0.0,0.0
2021-06-02 00:00:00-03:00,6518.576734634665,6518.576734634665,6369.609260177523,6407.10107421875,683,0.0,0.0
2021-06-03 00:00:00-03:00,6198.64708587358,6338.616536199758,5936.70425740602,6293.12646484375,1491,0.0,0.0
2021-06-04 00:00:00-03:00,6298.625399315246,6397.103907542635,6268.631945032793,6269.1318359375,1115,0.0,0.0
2021-06-07 00:00:00-03:00,6148.657720437028,6202.146043696114,5998.690458962954,6153.15673828125,471,0.0,0.0
2021-06-08 00:00:00-03:00,6258.634176041753,6258.634176041753,6048.679994417349,6079.17333984375,622,0.0,0.0
2021-06-09 00:00:00-03:00,6088.671281738281,6186.649900065104,5998.69091796875,5998.69091796875,1511,0.0,0.0
2021-06-10 00:00:00-03:00,5998.690578654661,6042.6809762314615,5898.71240234375,5898.71240234375,395,0.0,0.0
2021-06-11 00:00:00-03:00,5898.712248243903,5898.712248243903,5840.225016629959,5862.22021484375,974,0.0,0.0
2021-06-14 00:00:00-03:00,5886.71517986841,5887.714961658469,5790.2362371276995,5850.22314453125,6008,0.0,0.0
2021-06-15 00:00:00-03:00,5873.718429196456,5873.718429196456,5808.732608277686,5829.72802734375,813,0.0,0.0
2021-06-16 00:00:00-03:00,5843.724312249444,6018.686118005415,5843.724312249444,5954.2001953125,327,0.0,0.0
2021-06-17 00:00:00-03:00,5950.701046148226,6246.136556755888,5950.701046148226,6158.15576171875,984,0.0,0.0
2021-06-18 00:00:00-03:00,6158.156321205983,6158.656212132291,5977.695696808275,5981.69482421875,382,0.0,0.0
2021-06-22 00:00:00-03:00,6007.188579414317,6261.633032016621,6007.188579414317,6220.14208984375,786,0.0,0.0
2021-06-23 00:00:00-03:00,6274.130398968386,6274.130398968386,6115.165100038264,6164.654296875,272,0.0,0.0
2021-06-24 00:00:00-03:00,6200.646207738895,6373.608444749348,6191.648172287484,6324.619140625,412,0.0,0.0
2021-06-25 00:00:00-03:00,6324.620182681512,6697.538824499438,6248.636759683757,6678.54296875,1437,0.0,0.0
2021-06-28 00:00:00-03:00,6669.543685059749,6736.029167754468,6528.57446611305,6552.0693359375,1441,0.0,0.0
2021-06-29 00:00:00-03:00,6563.067784364325,6798.016513029969,6563.067784364325,6768.52294921875,1179,0.0,0.0
2021-06-30 00:00:00-03:00,6738.529163075892,6889.49621109139,6613.556441208758,6852.00439453125,759,0.0,0.0
2021-07-01 00:00:00-03:00,6858.503114192542,6858.503114192542,6578.064320674902,6649.048828125,557,0.0,0.0
2021-07-02 00:00:00-03:00,6648.549118285742,6648.549118285742,6418.599299157063,6571.56591796875,668,0.0,0.0
2021-07-05 00:00:00-03:00,6203.645882846452,6567.5664471262435,6203.645882846452,6556.56884765625,229,0.0,0.0
2021-07-06 00:00:00-03:00,6423.597865624379,6423.597865624379,6208.644785296092,6283.62841796875,699,0.0,0.0
2021-07-07 00:00:00-03:00,6249.135984878703,6362.111325458064,6233.639367365605,6315.12158203125,209,0.0,0.0
2021-07-08 00:00:00-03:00,6278.630305409238,6278.630305409238,6105.668037441755,6168.654296875,570,0.0,0.0
2021-07-12 00:00:00-03:00,6288.627408895747,6330.61824374052,6232.639629102717,6261.63330078125,217,0.0,0.0
2021-07-13 00:00:00-03:00,6528.57545384908,6669.544694123616,6528.57545384908,6612.55712890625,101,0.0,0.0
2021-07-14 00:00:00-03:00,6693.539187909451,6693.539187909451,6473.587190696595,6524.076171875,133,0.0,0.0
2021-07-15 00:00:00-03:00,6714.534329619809,6762.5238543103615,6614.556153181157,6704.03662109375,417,0.0,0.0
2021-07-16 00:00:00-03:00,6549.5709442460875,6635.552183935473,6549.5709442460875,6628.5537109375,923,0.0,0.0
2021-07-19 00:00:00-03:00,6591.561040744008,6597.559731210331,6338.616259414078,6596.06005859375,303,0.0,0.0
2021-07-20 00:00:00-03:00,6398.6037083238825,6628.553529091772,6398.6037083238825,6612.05712890625,285,0.0,0.0
2021-07-21 00:00:00-03:00,6404.102967122396,6758.525651041667,6404.102967122396,6748.52783203125,144,0.0,0.0
2021-07-22 00:00:00-03:00,6753.526381802624,6855.50413027692,6753.526381802624,6814.01318359375,297,0.0,0.0
2021-07-23 00:00:00-03:00,6668.544604574896,6668.544604574896,6378.607882636857,6492.5830078125,1973,0.0,0.0
2021-07-26 00:00:00-03:00,6308.623571471329,6308.623571471329,5895.713661008943,6002.1904296875,5444,0.0,0.0
2021-07-27 00:00:00-03:00,5973.696087060762,5998.690631358088,5598.7779226008815,5896.712890625,2547,0.0,0.0
2021-07-28 00:00:00-03:00,6051.179724264706,6426.597813725491,6051.179724264706,6373.609375,2198,0.0,0.0
2021-07-29 00:00:00-03:00,6448.592129283441,6507.579251086188,6248.6357841893805,6497.08154296875,631,0.0,0.0
2021-07-30 00:00:00-03:00,6306.1232901272915,6498.581274011477,6306.1232901272915,6457.09033203125,611,0.0,0.0
2021-08-02 00:00:00-03:00,6461.590336976348,6550.071033993586,6456.591427540346,6466.08935546875,966,0.0,0.0
2021-08-03 00:00:00-03:00,6438.595112573819,6438.595112573819,6121.164375269132,6348.61474609375,310,0.0,0.0
2021-08-04 00:00:00-03:00,6479.586418561527,6590.562208171206,6422.098959979937,6423.5986328125,6379,0.0,0.0
2021-08-05 00:00:00-03:00,6430.595613363186,6430.595613363186,6251.634696884329,6363.1103515625,75,0.0,0.0
2021-08-06 00:00:00-03:00,6397.603296249975,6397.603296249975,6149.657426978214,6179.65087890625,501,0.0,0.0
2021-08-09 00:00:00-03:00,6148.657874282525,6386.605935108419,6148.657874282525,6368.60986328125,610,0.0,0.0
2021-08-10 00:00:00-03:00,6458.590516869578,6458.590516869578,6333.617790149966,6338.61669921875,159,0.0,0.0
2021-08-11 00:00:00-03:00,6298.625311232706,6336.617019459189,6264.632730187957,6286.6279296875,281,0.0,0.0
2021-08-12 00:00:00-03:00,5972.696552093069,6273.630877868097,5972.696552093069,6150.65771484375,399,0.0,0.0
2021-08-13 00:00:00-03:00,6150.6576999636245,6289.127480757669,6083.172427735481,6184.150390625,1637,0.0,0.0
2021-08-17 00:00:00-03:00,5755.7437212138475,5837.225936478556,5665.263469907637,5677.7607421875,1189,0.0,0.0
2021-08-18 00:00:00-03:00,5618.77369452536,5867.219470875813,5618.77369452536,5834.7265625,279,0.0,0.0
2021-08-19 00:00:00-03:00,5625.27246605291,5625.27246605291,5504.798755547378,5582.78173828125,733,0.0,0.0
2021-08-20 00:00:00-03:00,5768.740955201525,5773.239973277505,5648.767139842048,5736.248046875,383,0.0,0.0
2021-08-23 00:00:00-03:00,5725.250413523707,5798.734375,5598.7780172413795,5798.734375,892,0.0,0.0
2021-08-24 00:00:00-03:00,6140.660034965449,6653.548116687572,6140.660034965449,6601.0595703125,1489,0.0,0.0
2021-08-25 00:00:00-03:00,6601.059241896743,6702.537093173156,6499.581390620329,6689.0400390625,390,0.0,0.0
2021-08-26 00:00:00-03:00,6748.527146907788,6893.995398741134,6712.535002124279,6765.5234375,795,0.0,0.0
2021-08-27 00:00:00-03:00,6788.518172302494,6888.4963486250645,6700.537377138633,6742.0283203125,1296,0.0,0.0
2021-08-30 00:00:00-03:00,6498.581756006578,6737.529608265897,6498.581756006578,6725.5322265625,4064,0.0,0.0
2021-08-31 00:00:00-03:00,6806.514572959515,6987.475080848128,6806.514572959515,6926.98828125,370,0.0,0.0
2021-09-01 00:00:00-03:00,6998.47234403433,7204.4273873016255,6981.476054055961,7142.44091796875,347,0.0,0.0
2021-09-02 00:00:00-03:00,7098.450715862653,7157.437841529681,6973.477991991832,7125.44482421875,691,0.0,0.0
2021-09-03 00:00:00-03:00,7125.445356016366,7125.445356016366,6994.473931624876,7067.4580078125,199,0.0,0.0
2021-09-06 00:00:00-03:00,7150.438844630281,7150.438844630281,7098.4501953125,7098.4501953125,64,0.0,0.0
2021-09-07 00:00:00-03:00,7340.398126493675,7508.861363256707,7242.919398989842,7399.38525390625,1496,0.0,0.0
2021-09-08 00:00:00-03:00,7298.407168040135,7398.385348424246,7171.434878952314,7248.91796875,899,0.0,0.0
2021-09-09 00:00:00-03:00,7171.934888166107,7273.412742930011,7168.435651794938,7258.416015625,248,0.0,0.0
2021-09-10 00:00:00-03:00,7371.891274297489,7559.350366171197,7290.908946608048,7370.3916015625,879,0.0,0.0
2021-09-13 00:00:00-03:00,7128.444305206513,7283.9103766594735,7124.445177966565,7148.43994140625,362,0.0,0.0
2021-09-14 00:00:00-03:00,7188.431284875232,7188.431284875232,6920.989648059638,6976.4775390625,372,0.0,0.0
2021-09-15 00:00:00-03:00,6752.526338607264,6878.498846552854,6688.040411920831,6866.50146484375,386,0.0,0.0
2021-09-16 00:00:00-03:00,6815.513043410913,6961.981088131421,6773.022313713838,6933.4873046875,229,0.0,0.0
2021-09-17 00:00:00-03:00,6997.972457693359,7098.45052498362,6997.972457693359,7057.45947265625,855,0.0,0.0
2021-09-20 00:00:00-03:00,6836.00777383065,6873.499589774877,6648.548694109517,6804.5146484375,911,0.0,0.0
2021-09-21 00:00:00-03:00,6791.518034732029,6865.501890844228,6791.518034732029,6858.50341796875,146,0.0,0.0
2021-09-22 00:00:00-03:00,6998.472563094448,7167.435686403442,6846.505730295825,7147.93994140625,68,0.0,0.0
2021-09-23 00:00:00-03:00,7128.444095407871,7198.9287109375,7077.455224599204,7198.9287109375,197,0.0,0.0
2021-09-24 00:00:00-03:00,7003.471829164866,7126.444996186605,6998.47291993634,7086.95361328125,154,0.0,0.0
2021-09-27 00:00:00-03:00,7297.40718001236,7397.885248458893,7279.910998939581,7393.38623046875,230,0.0,0.0
2021-09-28 00:00:00-03:00,7212.425468151587,7352.394911669915,7146.439873350089,7309.404296875,266,0.0,0.0
2021-09-29 00:00:00-03:00,7173.434519632189,7173.434519632189,6938.485793205212,6944.984375,400,0.0,0.0
2021-09-30 00:00:00-03:00,7098.450543346121,7098.450543346121,6938.485460679166,6938.9853515625,353,0.0,0.0
2021-10-01 00:00:00-03:00,6771.521988952677,6788.518279195139,6712.534863993545,6785.01904296875,100,0.0,0.0
2021-10-04 00:00:00-03:00,6678.541802565137,6696.037982437127,6603.558174542325,6657.54638671875,113,0.0,0.0
2021-10-05 00:00:00-03:00,6882.997514389271,6895.494786366882,6786.51857472211,6847.00537109375,113,0.0,0.0
2021-10-06 00:00:00-03:00,6826.509937669224,6967.479167489282,6826.509937669224,6923.48876953125,34,0.0,0.0
2021-10-07 00:00:00-03:00,7248.418188714362,7405.883825227812,7211.42626140644,7390.38720703125,390,0.0,0.0
2021-10-12 00:00:00-03:00,7398.8852208773715,7620.336889875998,7398.8852208773715,7508.361328125,212,0.0,0.0
2021-10-13 00:00:00-03:00,7582.345585735104,7763.306101428412,7582.345585735104,7718.31591796875,308,0.0,0.0
2021-10-14 00:00:00-03:00,7317.90311288089,7848.287374289909,7317.90311288089,7842.78857421875,2386,0.0,0.0
2021-10-15 00:00:00-03:00,7757.807001709261,7955.763801288929,7757.807001709261,7927.27001953125,261,0.0,0.0
2021-10-18 00:00:00-03:00,8039.245646939212,8039.245646939212,7958.763210105659,8028.248046875,56,0.0,0.0
2021-10-19 00:00:00-03:00,8123.7277606887155,8338.180976449928,8123.7277606887155,8326.18359375,546,0.0,0.0
2021-10-20 00:00:00-03:00,8314.185176229386,8403.165753512265,8313.185394462163,8366.173828125,540,0.0,0.0
2021-10-21 00:00:00-03:00,8357.675710134226,8357.675710134226,8209.70800810661,8299.1884765625,206,0.0,0.0
2021-10-22 00:00:00-03:00,8374.172334918438,8468.15182387287,8294.18979112743,8304.6875,229,0.0,0.0
2021-10-25 00:00:00-03:00,8341.179522857175,8498.645155705071,8341.179522857175,8385.169921875,2270,0.0,0.0
2021-10-26 00:00:00-03:00,8346.678093647079,8358.675474868107,8106.730469226488,8196.2109375,128,0.0,0.0
2021-10-27 00:00:00-03:00,8147.221991126567,8215.707045291761,8081.736282399264,8135.224609375,191,0.0,0.0
2021-10-28 00:00:00-03:00,8038.745557403564,8318.1845703125,8038.745557403564,8318.1845703125,30,0.0,0.0
2021-10-29 00:00:00-03:00,8108.23119647141,8227.705133336804,8108.23119647141,8178.7158203125,705,0.0,0.0
2021-11-01 00:00:00-03:00,8423.162660545351,8841.07150233858,8423.162660545351,8837.572265625,230,0.0,0.0
2021-11-02 00:00:00-03:00,8843.070683745982,8843.070683745982,8662.610055321318,8786.5830078125,94,0.0,0.0
2021-11-03 00:00:00-03:00,8798.0807636145,8798.0807636145,8608.122201672822,8729.595703125,157,0.0,0.0
2021-11-04 00:00:00-03:00,8735.093560635418,8775.58472341506,8645.613089801393,8667.1083984375,504,0.0,0.0
2021-11-05 00:00:00-03:00,8580.127226594863,8768.086201029708,8378.171307255298,8447.15625,189,0.0,0.0
2021-11-08 00:00:00-03:00,8438.159055088561,8455.155347024167,8164.2188203617525,8325.68359375,190,0.0,0.0
2021-11-09 00:00:00-03:00,8309.685092025458,8562.129955857068,8158.218173726493,8213.7060546875,192,0.0,0.0
2021-11-10 00:00:00-03:00,8303.187712805102,8417.6627270274,8298.188803887098,8299.6884765625,191,0.0,0.0
2021-11-11 00:00:00-03:00,8499.14486376874,9073.01960224695,8499.14486376874,8952.5458984375,430,0.0,0.0
2021-11-12 00:00:00-03:00,9237.984332148042,9305.46960730172,9098.014872570042,9295.9716796875,229,0.0,0.0
2021-11-15 00:00:00-03:00,9295.972548708269,9295.972548708269,8791.082665174425,8879.0634765625,1511,0.0,0.0
2021-11-16 00:00:00-03:00,8883.06086157151,9118.009573160627,8883.06086157151,9050.0244140625,314,0.0,0.0
2021-11-17 00:00:00-03:00,9144.503687213131,9144.503687213131,8794.580078125,8794.580078125,264,0.0,0.0
2021-11-18 00:00:00-03:00,9058.024590321653,9487.930834674666,8848.070377963204,9336.4638671875,2168,0.0,0.0
2021-11-19 00:00:00-03:00,9357.957609689214,9897.839779478976,9357.957609689214,9843.8515625,522,0.0,0.0
2021-11-23 00:00:00-03:00,9857.84876534671,10007.8160386532,9500.92665487726,9598.9052734375,560,0.0,0.0
2021-11-24 00:00:00-03:00,9766.368749908628,9766.368749908628,9564.912712327978,9616.9013671875,113,0.0,0.0
2021-11-25 00:00:00-03:00,9597.905750674414,9635.8974609375,9397.949380868697,9635.8974609375,38,0.0,0.0
2021-11-26 00:00:00-03:00,9396.948902313226,9497.92686157843,9021.030954949701,9404.447265625,332,0.0,0.0
2021-11-29 00:00:00-03:00,9558.91399676067,9558.91399676067,9146.004104420732,9222.9873046875,93,0.0,0.0
2021-11-30 00:00:00-03:00,9197.992207379135,9271.476166862001,8981.539455977223,9037.02734375,1615,0.0,0.0
2021-12-01 00:00:00-03:00,9241.482610920622,9401.947581878892,9198.991886523572,9394.44921875,482,0.0,0.0
2021-12-02 00:00:00-03:00,9567.411678112072,9567.411678112072,9097.514244733873,9122.5087890625,1502,0.0,0.0
2021-12-03 00:00:00-03:00,8668.107721602308,8788.081530897842,8098.232127448522,8472.650390625,1147,0.0,0.0
2021-12-06 00:00:00-03:00,8295.688855090983,8408.164299043707,8212.706971996971,8337.6796875,416,0.0,0.0
2021-12-07 00:00:00-03:00,8408.663994582148,8672.106472743066,8408.164103731748,8524.638671875,592,0.0,0.0
2021-12-09 00:00:00-03:00,8524.139540779472,8728.59491681623,8396.16747167089,8434.1591796875,292,0.0,0.0
2021-12-10 00:00:00-03:00,8553.133124593682,8553.133124593682,8278.193135199965,8362.1748046875,293,0.0,0.0
2021-12-13 00:00:00-03:00,8248.199371108434,8300.188021689966,7961.262011168056,7978.25830078125,233,0.0,0.0
2021-12-14 00:00:00-03:00,7750.308234273006,7942.766223836674,7750.308234273006,7811.294921875,34,0.0,0.0
2021-12-15 00:00:00-03:00,7826.791758793735,7826.791758793735,7092.4520325583135,7313.40380859375,238,0.0,0.0
2021-12-16 00:00:00-03:00,7498.363812591437,7498.363812591437,7293.408535047271,7346.39697265625,89,0.0,0.0
2021-12-17 00:00:00-03:00,7249.91740065801,7368.391538695378,7193.429731467197,7361.39306640625,114,0.0,0.0
2021-12-20 00:00:00-03:00,7095.451644438819,7149.439863235451,6968.4793520837775,7034.96484375,88,0.0,0.0
2021-12-21 00:00:00-03:00,7228.422565090525,7667.326784464624,7228.422565090525,7634.333984375,82,0.0,0.0
2021-12-22 00:00:00-03:00,7575.346765530085,7711.317091531416,7442.375784955252,7694.32080078125,310,0.0,0.0
2021-12-23 00:00:00-03:00,7193.929769592457,7193.929769592457,6947.483561795287,7082.4541015625,1904,0.0,0.0
2021-12-27 00:00:00-03:00,6998.4723254086175,6998.4723254086175,6722.032668554977,6728.53125,341,0.0,0.0
2021-12-28 00:00:00-03:00,6718.534137499051,6718.534137499051,6497.582345179514,6584.0634765625,383,0.0,0.0
2021-12-29 00:00:00-03:00,6648.549108197984,6648.549108197984,6568.566562535452,6609.5576171875,128,0.0,0.0
2021-12-30 00:00:00-03:00,6847.505454120918,7231.421660046226,6847.505454120918,7187.93115234375,938,0.0,0.0
2022-01-03 00:00:00-03:00,6977.976881701954,7042.962696919466,6878.498595330531,7017.46826171875,305,0.0,0.0
2022-01-04 00:00:00-03:00,7072.456807204098,7072.456807204098,6494.582897879251,6541.07275390625,1524,0.0,0.0
2022-01-05 00:00:00-03:00,6547.57100598383,6734.530202520549,6398.603517834251,6629.05322265625,484,0.0,0.0
2022-01-06 00:00:00-03:00,6698.537899557982,7188.430969824163,6698.537899557982,7082.4541015625,834,0.0,0.0
2022-01-07 00:00:00-03:00,7243.918885600508,7391.386698122221,7114.447145115342,7194.4296875,668,0.0,0.0
2022-01-10 00:00:00-03:00,7208.426490215875,7414.381532793471,7208.426490215875,7388.38720703125,385,0.0,0.0
2022-01-11 00:00:00-03:00,7548.3523763931635,8113.229077408016,7499.363069579486,8039.7451171875,650,0.0,0.0
2022-01-12 00:00:00-03:00,8339.180567155905,8343.179694630862,7992.756149637679,8009.75244140625,516,0.0,0.0
2022-01-13 00:00:00-03:00,7798.298018862051,7798.298018862051,7418.380935891849,7528.35693359375,635,0.0,0.0
2022-01-14 00:00:00-03:00,7560.350196525622,7692.321398051856,7560.350196525622,7645.83154296875,178,0.0,0.0
2022-01-17 00:00:00-03:00,7698.319847170798,7763.3056640625,7698.319847170798,7763.3056640625,43,0.0,0.0
2022-01-18 00:00:00-03:00,7645.331510781558,7908.274127145563,7634.833801763223,7848.787109375,510,0.0,0.0
2022-01-19 00:00:00-03:00,7849.287213604266,7878.28088691907,7594.342844801682,7798.29833984375,67,0.0,0.0
2022-01-20 00:00:00-03:00,8298.188759209484,8842.070046560082,8298.188759209484,8532.1376953125,636,0.0,0.0
2022-01-21 00:00:00-03:00,8501.145876121835,8648.113821998573,8199.211728810438,8229.705078125,203,0.0,0.0
2022-01-24 00:00:00-03:00,7998.25413239357,8015.750313308181,7780.80159816912,7961.26220703125,153,0.0,0.0
2022-01-25 00:00:00-03:00,8229.203536215173,8298.1884765625,8050.742494881872,8298.1884765625,137,0.0,0.0
2022-01-26 00:00:00-03:00,8113.22947747144,8298.189114357727,8113.22947747144,8193.7119140625,53,0.0,0.0
2022-01-27 00:00:00-03:00,8009.752257326879,8009.752257326879,7705.318685292174,7800.7978515625,130,0.0,0.0
2022-01-28 00:00:00-03:00,7548.352753429878,7749.808790491616,7476.368462271342,7685.82275390625,60,0.0,0.0
2022-01-31 00:00:00-03:00,8098.233419038103,8368.17453300604,8091.734836664801,8317.685546875,153,0.0,0.0
2022-02-01 00:00:00-03:00,8448.156773426253,8511.642921960285,8323.184040091546,8334.181640625,79,0.0,0.0
2022-02-02 00:00:00-03:00,8228.204138419682,8228.204138419682,7932.7686192334095,7986.7568359375,223,0.0,0.0
2022-02-03 00:00:00-03:00,8038.245417134306,8038.245417134306,7911.27313256017,8017.25,95,0.0,0.0
2022-02-04 00:00:00-03:00,8071.738618891291,8240.701748462434,8048.243745844416,8082.236328125,38,0.0,0.0
2022-02-07 00:00:00-03:00,8082.23562869018,8088.2343191617465,7998.2539620882535,8043.244140625,174,0.0,0.0
2022-02-08 00:00:00-03:00,7641.331905480129,8168.2168870564765,7518.858641261718,8065.7392578125,69,0.0,0.0
2022-02-09 00:00:00-03:00,8404.165446355924,8598.12310714501,8294.189453125,8294.189453125,97,0.0,0.0
2022-02-10 00:00:00-03:00,8207.208337843562,8338.179746329066,8196.210738657755,8298.1884765625,30,0.0,0.0
2022-02-11 00:00:00-03:00,8198.210361888634,8213.207088160381,7896.776163826509,7951.76416015625,79,0.0,0.0
2022-02-14 00:00:00-03:00,7928.2696188783575,7952.264381911533,7910.7734375,7910.7734375,119,0.0,0.0
2022-02-15 00:00:00-03:00,8008.252073071887,8027.247926928112,8008.252073071887,8017.75,31,0.0,0.0
2022-02-16 00:00:00-03:00,7959.2630950364055,7959.2630950364055,7878.280767351699,7929.76953125,43,0.0,0.0
2022-02-17 00:00:00-03:00,7996.255148108598,8058.241622124944,7935.2684559312265,7943.7666015625,89,0.0,0.0
2022-02-18 00:00:00-03:00,7498.363864037298,7498.363864037298,7388.387860698084,7438.376953125,112,0.0,0.0
2022-02-21 00:00:00-03:00,7438.376953125,7438.376953125,7438.376953125,7438.376953125,0,0.0,0.0
2022-02-22 00:00:00-03:00,7220.4242941554585,7258.416003263449,7098.450912282437,7108.44873046875,36,0.0,0.0
2022-02-23 00:00:00-03:00,7113.94775390625,7113.94775390625,7113.94775390625,7113.94775390625,1,0.0,0.0
2022-02-24 00:00:00-03:00,7048.462293286536,7048.462293286536,6788.019112094885,7047.96240234375,167,0.0,0.0
2022-02-25 00:00:00-03:00,7164.436616889106,7198.42919921875,7136.942616475423,7198.42919921875,11,0.0,0.0
2022-03-02 00:00:00-03:00,7253.916829585103,7253.916829585103,7132.943232123895,7208.4267578125,21,0.0,0.0
2022-03-03 00:00:00-03:00,7120.945923066601,7120.945923066601,6810.513671875,6810.513671875,23,0.0,0.0
2022-03-04 00:00:00-03:00,6537.573134673254,6537.573134673254,6374.108811761635,6447.5927734375,223,0.0,0.0
2022-03-07 00:00:00-03:00,6423.097973840728,6423.097973840728,6080.672718016858,6104.66748046875,232,0.0,0.0
2022-03-08 00:00:00-03:00,5998.690767843463,5998.690767843463,5741.2469557235145,5872.71826171875,702,0.0,0.0
2022-03-09 00:00:00-03:00,5978.69483942698,6042.180980280427,5978.69483942698,6034.6826171875,20,0.0,0.0
2022-03-10 00:00:00-03:00,5498.80009765625,5498.80009765625,4928.924451171875,4998.9091796875,1012,0.0,0.0
2022-03-11 00:00:00-03:00,5098.886872589842,5098.886872589842,4550.006697481642,4569.50244140625,457,0.0,0.0
2022-03-14 00:00:00-03:00,4285.065069696415,4324.0565623978055,3989.129637911502,4012.62451171875,588,0.0,0.0
2022-03-15 00:00:00-03:00,3999.1270899908695,4455.027578249828,3999.1270899908695,4380.0439453125,425,0.0,0.0
2022-03-16 00:00:00-03:00,5398.821896140372,6241.637981037841,5398.821896140372,6207.1455078125,757,0.0,0.0
2022-03-17 00:00:00-03:00,6247.636688323459,6248.636470158684,5740.747297864186,6032.68359375,341,0.0,0.0
2022-03-18 00:00:00-03:00,6561.068791099021,6658.547527423921,6309.123749520818,6357.11328125,334,0.0,0.0
2022-03-21 00:00:00-03:00,5798.234613893761,6054.17875755387,5758.743232352455,6047.68017578125,291,0.0,0.0
2022-03-22 00:00:00-03:00,6319.620821620228,6537.573256221273,6226.64111328125,6226.64111328125,203,0.0,0.0
2022-03-23 00:00:00-03:00,6226.641006119853,6848.505281297526,6226.641006119853,6409.60107421875,355,0.0,0.0
2022-03-25 00:00:00-03:00,5862.7204682018455,6068.675518756004,5838.725705030488,5984.69384765625,319,0.0,0.0
2022-03-28 00:00:00-03:00,5833.726905548879,5880.716650974893,5772.740214676816,5848.7236328125,32,0.0,0.0
2022-03-29 00:00:00-03:00,6078.673390606865,6184.650262219418,6028.684300223585,6029.68408203125,123,0.0,0.0
2022-03-30 00:00:00-03:00,6019.686504431799,6019.686504431799,5886.215627776485,5907.7109375,101,0.0,0.0
2022-03-31 00:00:00-03:00,5598.777971283935,5640.2689151782715,5504.798483908812,5579.2822265625,233,0.0,0.0
2022-04-01 00:00:00-03:00,5840.72522410635,5840.72522410635,5588.780212727575,5628.771484375,648,0.0,0.0
2022-04-04 00:00:00-03:00,5827.727640872602,6081.6721975344035,5827.727640872602,5993.69140625,122,0.0,0.0
2022-04-05 00:00:00-03:00,5798.734007878879,5862.220147447899,5743.7460129765805,5765.7412109375,297,0.0,0.0
2022-04-06 00:00:00-03:00,5548.788659613228,5573.783203125,5495.800227368273,5573.783203125,513,0.0,0.0
2022-04-07 00:00:00-03:00,5395.322470991922,5476.8046875,5368.828253354326,5476.8046875,196,0.0,0.0
2022-04-08 00:00:00-03:00,5428.81555382072,5486.303011342762,5410.319589226671,5442.8125,24,0.0,0.0
2022-04-11 00:00:00-03:00,5422.816162909837,5488.8017578125,5390.323256328979,5488.8017578125,287,0.0,0.0
2022-04-12 00:00:00-03:00,5515.796323610021,5547.789341981513,5410.819232078563,5414.818359375,81,0.0,0.0
2022-04-13 00:00:00-03:00,5508.29798149407,5528.793508968547,5508.29798149407,5526.7939453125,11,0.0,0.0
2022-04-18 00:00:00-03:00,5439.813045375218,5457.809118673647,5372.327770506108,5442.3125,81,0.0,0.0
2022-04-19 00:00:00-03:00,5325.338004150277,5377.32666015625,5243.355892756243,5377.32666015625,93,0.0,0.0
2022-04-20 00:00:00-03:00,5196.365720326664,5238.8564453125,5104.385798004383,5238.8564453125,563,0.0,0.0
2022-04-21 00:00:00-03:00,5198.865403771879,5198.865403771879,5048.898132509228,5112.38427734375,127,0.0,0.0
2022-04-22 00:00:00-03:00,5328.836736668578,5578.782174598624,5328.836736668578,5448.810546875,268,0.0,0.0
2022-04-25 00:00:00-03:00,5593.778722247355,5634.269881899012,5526.793347021158,5611.27490234375,80,0.0,0.0
2022-04-26 00:00:00-03:00,5608.776147248641,5750.245278235394,5556.287600416101,5748.74560546875,204,0.0,0.0
2022-04-27 00:00:00-03:00,6091.670879563988,6115.665644229922,5998.691166483494,6026.68505859375,358,0.0,0.0
2022-04-28 00:00:00-03:00,5962.199048194492,5973.696539441953,5907.7109375,5907.7109375,107,0.0,0.0
2022-04-29 00:00:00-03:00,6298.625418871678,6498.581781375541,6298.625418871678,6470.587890625,842,0.0,0.0
2022-05-02 00:00:00-03:00,6508.579068767491,6698.53759765625,6508.579068767491,6698.53759765625,34,0.0,0.0
2022-05-03 00:00:00-03:00,6758.024859359771,6758.024859359771,6411.1005859375,6411.1005859375,67,0.0,0.0
2022-05-04 00:00:00-03:00,6375.108279503629,6375.108279503629,6268.631523953228,6323.11962890625,162,0.0,0.0
2022-05-05 00:00:00-03:00,6323.11962890625,6323.11962890625,6323.11962890625,6323.11962890625,0,0.0,0.0
2022-05-06 00:00:00-03:00,5837.725746871653,5839.7253104088595,5766.241350416555,5836.22607421875,66,0.0,0.0
2022-05-09 00:00:00-03:00,5698.756307004554,5698.756307004554,5034.401295424813,5295.84423828125,1139,0.0,0.0
2022-05-10 00:00:00-03:00,5400.322023481806,5400.322023481806,5298.844158928738,5376.8271484375,41,0.0,0.0
2022-05-11 00:00:00-03:00,5160.373919551895,5186.868138067467,5158.874246805731,5164.373046875,37,0.0,0.0
2022-05-12 00:00:00-03:00,5130.380171962291,5167.871988477654,5010.90625,5010.90625,58,0.0,0.0
2022-05-13 00:00:00-03:00,5118.883174136664,5442.8125,5118.883174136664,5442.8125,158,0.0,0.0
2022-05-16 00:00:00-03:00,5454.309545408374,5576.782814460253,5433.814018750712,5478.80419921875,68,0.0,0.0
2022-05-17 00:00:00-03:00,5548.789049599571,5676.26123046875,5478.804322847865,5676.26123046875,217,0.0,0.0
2022-05-19 00:00:00-03:00,5599.399861474007,5607.399004133255,5548.9052734375,5548.9052734375,82,930.825,0.0
2022-05-20 00:00:00-03:00,5694.389273145111,5699.388736949452,5449.415546732372,5476.91259765625,47,0.0,0.0
2022-05-23 00:00:00-03:00,5519.407808052392,5624.39654353165,5519.407808052392,5620.39697265625,63,0.0,0.0
2022-05-24 00:00:00-03:00,5262.935543472023,5324.428948226185,5248.937044828799,5308.4306640625,279,0.0,0.0
2022-05-26 00:00:00-03:00,5599.399413633166,5699.388688876616,5599.399413633166,5685.89013671875,81,0.0,0.0
2022-05-27 00:00:00-03:00,5634.3955078125,5634.3955078125,5634.3955078125,5634.3955078125,2,0.0,0.0
2022-05-30 00:00:00-03:00,5809.377048767718,5819.3759765625,5809.377048767718,5819.3759765625,2,0.0,0.0
2022-05-31 00:00:00-03:00,5989.357999815323,6054.351033202301,5921.865234375,5921.865234375,63,0.0,0.0
2022-06-01 00:00:00-03:00,5800.8779296875,5800.8779296875,5800.8779296875,5800.8779296875,15,0.0,0.0
2022-06-02 00:00:00-03:00,6017.354520768251,6106.84492116851,6017.354520768251,6081.34765625,255,0.0,0.0
2022-06-03 00:00:00-03:00,5869.370366205587,5940.362750532776,5869.370366205587,5930.86376953125,82,0.0,0.0
2022-06-06 00:00:00-03:00,6342.319789954744,6369.31689453125,6299.324401184753,6369.31689453125,118,0.0,0.0
2022-06-07 00:00:00-03:00,6419.3117396505995,6505.302519963676,6419.3117396505995,6503.302734375,49,0.0,0.0
2022-06-08 00:00:00-03:00,6769.27450412975,7049.244498392132,6769.27450412975,7025.2470703125,343,0.0,0.0
2022-06-09 00:00:00-03:00,6749.276313581098,6754.275777517084,6469.306333165882,6748.7763671875,307,0.0,0.0
2022-06-10 00:00:00-03:00,6899.260327043955,7019.247463166459,6843.266330186787,7009.24853515625,470,0.0,0.0
2022-06-13 00:00:00-03:00,6839.26646728341,7019.247163790868,6829.267539699662,6988.25048828125,118,0.0,0.0
2022-06-14 00:00:00-03:00,7103.2382625,7574.187758789063,7103.2382625,7499.19580078125,124,0.0,0.0
2022-06-15 00:00:00-03:00,7549.19058750936,7700.674345656071,7524.19326768317,7678.1767578125,1445,0.0,0.0
2022-06-16 00:00:00-03:00,7352.21193085154,7530.692799837941,7307.216753796145,7502.69580078125,312,0.0,0.0
2022-06-21 00:00:00-03:00,7529.1927431347785,7699.17451821219,7529.1927431347785,7669.177734375,112,0.0,0.0
2022-06-22 00:00:00-03:00,7309.71608838979,7496.696036208528,7238.723701784814,7312.2158203125,259,0.0,0.0
2022-06-23 00:00:00-03:00,7509.194576695573,7509.194576695573,7189.228895664603,7361.21044921875,47,0.0,0.0
2022-06-24 00:00:00-03:00,7699.174312432315,7699.174312432315,7437.70235363997,7617.18310546875,69,0.0,0.0
2022-06-27 00:00:00-03:00,7998.1429408847835,8099.132119160738,7765.667852279244,8010.6416015625,406,0.0,0.0
2022-06-28 00:00:00-03:00,8099.131961215224,8216.61936929458,7845.659127614229,8086.63330078125,319,0.0,0.0
2022-06-29 00:00:00-03:00,8087.633062560008,8139.127542713539,8014.640886808399,8103.63134765625,85,0.0,0.0
2022-06-30 00:00:00-03:00,7999.1425129127465,8156.1256847286595,7999.1425129127465,8130.62841796875,64,0.0,0.0
2022-07-01 00:00:00-03:00,8200.12113900791,8375.60233153271,8169.624407543485,8328.107421875,50,0.0,0.0
2022-07-04 00:00:00-03:00,8699.067784913117,8852.051390785728,8274.113324155867,8602.578125,125,0.0,0.0
2022-07-05 00:00:00-03:00,8844.052162226337,9022.533034013495,8641.57386229973,8866.0498046875,73,0.0,0.0
2022-07-06 00:00:00-03:00,8792.057274454057,8792.057274454057,8268.613400557015,8679.5693359375,233,0.0,0.0
2022-07-07 00:00:00-03:00,8893.047600833333,9373.99609375,8840.05327625,9373.99609375,44,0.0,0.0
2022-07-08 00:00:00-03:00,9118.521690310712,9352.496587567437,9095.024211312708,9347.9970703125,116,0.0,0.0
2022-07-11 00:00:00-03:00,9099.02385259368,9099.02385259368,8639.073196308726,8939.041015625,243,0.0,0.0
2022-07-12 00:00:00-03:00,8810.554830520594,9099.023884439359,8739.0625,8739.0625,2579,0.0,0.0
2022-07-13 00:00:00-03:00,8924.04301423952,9114.022641433414,8908.544676231597,9015.533203125,869,0.0,0.0
2022-07-14 00:00:00-03:00,8959.039575289575,9101.024354272959,8959.039575289575,9064.0283203125,97,0.0,0.0
2022-07-15 00:00:00-03:00,8810.055778457046,9079.026951355123,8735.563762171148,9048.0302734375,691,0.0,0.0
2022-07-18 00:00:00-03:00,9551.475832727474,9561.974706974386,9431.988644869747,9444.4873046875,133,0.0,0.0
2022-07-19 00:00:00-03:00,9491.98266817705,9712.958984375,9491.98266817705,9712.958984375,1053,0.0,0.0
2022-07-20 00:00:00-03:00,9718.9588182682,9799.4501953125,9655.965566668314,9799.4501953125,1511,0.0,0.0
2022-07-21 00:00:00-03:00,10187.907287303875,10808.34074218385,10187.907287303875,10698.3525390625,1412,0.0,0.0
2022-07-22 00:00:00-03:00,10662.855700318114,10662.855700318114,9978.929096884356,10018.9248046875,161,0.0,0.0
2022-07-25 00:00:00-03:00,10121.914138740738,10388.885498519832,10075.919073011006,10322.892578125,546,0.0,0.0
2022-07-26 00:00:00-03:00,10557.36766515935,10578.865359415251,10430.881231514168,10479.8759765625,799,0.0,0.0
2022-07-27 00:00:00-03:00,10444.880823139427,10590.365234375,10444.880823139427,10590.365234375,262,0.0,0.0
2022-07-28 00:00:00-03:00,10144.912625725292,10144.912625725292,9438.988289655703,9757.9541015625,633,0.0,0.0
2022-07-29 00:00:00-03:00,9051.029985826759,9139.020555728743,8524.086459254653,8620.076171875,135,0.0,0.0
2022-08-01 00:00:00-03:00,8520.586572650565,8520.586572650565,7945.148261019936,8244.1162109375,1377,0.0,0.0
2022-08-02 00:00:00-03:00,8232.616895960973,8703.06643134078,8232.616895960973,8639.5732421875,1052,0.0,0.0
2022-08-03 00:00:00-03:00,8629.075249166643,8876.048781790532,8626.075570632749,8830.0537109375,4140,0.0,0.0
2022-08-04 00:00:00-03:00,9199.012515108783,9354.995770799758,8999.033982171635,9306.5009765625,164,0.0,0.0
2022-08-05 00:00:00-03:00,9139.019711885838,9139.019711885838,8822.0537109375,8822.0537109375,56,0.0,0.0
2022-08-08 00:00:00-03:00,8587.07877911537,8587.07877911537,8238.61616214731,8365.6025390625,211,0.0,0.0
2022-08-09 00:00:00-03:00,8323.608038485818,8335.606752698302,8229.1181640625,8229.1181640625,1457,0.0,0.0
2022-08-10 00:00:00-03:00,7967.14546807613,8087.132598619445,7875.155334659588,7998.64208984375,4175,0.0,0.0
2022-08-11 00:00:00-03:00,8299.110071721783,8364.103102403942,8114.129907472563,8137.12744140625,854,0.0,0.0
2022-08-12 00:00:00-03:00,8114.130204363567,8201.620825790777,7944.148425590701,8199.12109375,581,0.0,0.0
2022-08-16 00:00:00-03:00,8187.622260026871,8239.116739649682,8079.6338367402,8084.63330078125,233,0.0,0.0
2022-08-17 00:00:00-03:00,8014.140567448239,8059.1357421875,7942.648234251415,8059.1357421875,651,0.0,0.0
2022-08-18 00:00:00-03:00,7849.157871189963,8119.12890625,7829.160016741072,8119.12890625,223,0.0,0.0
2022-08-19 00:00:00-03:00,8136.1279107428845,8338.606207649045,8136.1279107428845,8272.61328125,164,0.0,0.0
2022-08-22 00:00:00-03:00,8442.095879909879,8463.093631121308,8263.614994612719,8279.61328125,1264,0.0,0.0
2022-08-23 00:00:00-03:00,8372.102376662466,8650.072573809506,8368.102805480494,8580.080078125,975,0.0,0.0
2022-08-24 00:00:00-03:00,8820.054295862334,9246.008624174015,8820.054295862334,8871.048828125,1526,0.0,0.0
2022-08-25 00:00:00-03:00,9528.978568961315,9918.936768530559,9528.978568961315,9611.4697265625,2149,0.0,0.0
2022-08-26 00:00:00-03:00,9783.951518555208,9783.951518555208,9367.99609375,9367.99609375,1456,0.0,0.0
2022-08-29 00:00:00-03:00,9577.972740061852,9577.972740061852,9151.018531897493,9169.0166015625,258,0.0,0.0
2022-08-30 00:00:00-03:00,8999.035169596606,9127.521393962512,8947.04074417227,9072.02734375,1072,0.0,0.0
2022-08-31 00:00:00-03:00,9543.975933324906,9543.975933324906,9272.005115738277,9392.4921875,2297,0.0,0.0
2022-09-01 00:00:00-03:00,9230.009897913884,9230.009897913884,9135.520033830591,9167.5166015625,385,0.0,0.0
2022-09-05 00:00:00-03:00,9167.516521296368,9277.504721911802,9167.016574929934,9276.0048828125,9,0.0,0.0
2022-09-06 00:00:00-03:00,8452.092536180402,8499.087490539858,8422.595703125,8422.595703125,583,0.0,0.0
2022-09-07 00:00:00-03:00,8395.100115279254,8479.591058554754,8379.101830162,8463.5927734375,929,0.0,0.0
2022-09-08 00:00:00-03:00,8496.588955724863,8515.58691867382,8470.091796875,8470.091796875,187,0.0,0.0
2022-09-09 00:00:00-03:00,8581.579768024674,8589.078963860407,8549.083252736495,8569.5810546875,294,0.0,0.0
2022-09-12 00:00:00-03:00,8511.087593876373,8687.568674740938,8511.087593876373,8654.072265625,730,0.0,0.0
2022-09-13 00:00:00-03:00,8248.115556150742,8285.111589073227,8056.636088457341,8082.63330078125,79,0.0,0.0
2022-09-14 00:00:00-03:00,8031.139188825699,8131.62841796875,8031.139188825699,8131.62841796875,1473,0.0,0.0
2022-09-15 00:00:00-03:00,8209.619478674613,8586.0791015625,8209.619478674613,8586.0791015625,2996,0.0,0.0
2022-09-16 00:00:00-03:00,8409.098211769016,8464.092314224106,8314.1083984375,8314.1083984375,1862,0.0,0.0
2022-09-19 00:00:00-03:00,8460.093159723228,8632.074724960481,8460.093159723228,8618.576171875,635,0.0,0.0
2022-09-20 00:00:00-03:00,8682.069173716496,8708.066386490495,8569.081287429502,8598.578125,2188,0.0,0.0
2022-09-21 00:00:00-03:00,8305.610980169358,8424.09829746907,8201.622110978049,8284.11328125,1892,0.0,0.0
2022-09-22 00:00:00-03:00,8245.616681579118,8429.097026097372,8245.616681579118,8414.0986328125,1930,0.0,0.0
2022-09-23 00:00:00-03:00,8329.106402676964,8393.099537103293,8133.127428496329,8187.62158203125,525,0.0,0.0
2022-09-26 00:00:00-03:00,8459.592753860394,8459.592753860394,8256.61452219162,8304.609375,1317,0.0,0.0
2022-09-27 00:00:00-03:00,8324.10753004603,8324.10753004603,7981.644247278371,8074.63427734375,369,0.0,0.0
2022-09-28 00:00:00-03:00,7914.1511784652985,8152.125654836081,7914.1511784652985,8149.1259765625,982,0.0,0.0
2022-09-29 00:00:00-03:00,7824.6608781043615,7886.154283510205,7750.668813063186,7854.15771484375,1889,0.0,0.0
2022-09-30 00:00:00-03:00,7737.170407579978,7887.154326052063,7664.6781803184695,7864.65673828125,815,0.0,0.0
2022-10-03 00:00:00-03:00,7546.190873631665,7674.177150539689,7540.191516901602,7664.17822265625,179,0.0,0.0
2022-10-04 00:00:00-03:00,7975.144386931607,8141.126579538258,7975.144386931607,8092.1318359375,1235,0.0,0.0
2022-10-05 00:00:00-03:00,8197.620436211655,8291.6103515625,8180.122313672935,8291.6103515625,2508,0.0,0.0
2022-10-06 00:00:00-03:00,8099.13109639281,8114.62943367603,7934.648742645079,7951.14697265625,668,0.0,0.0
2022-10-11 00:00:00-03:00,7148.7335340290765,7259.721634214716,7056.243450541044,7086.240234375,2143,0.0,0.0
2022-10-12 00:00:00-03:00,7029.246247388018,7196.228341742754,7029.246247388018,7162.73193359375,93,0.0,0.0
2022-10-13 00:00:00-03:00,6841.765751842378,7139.733774355937,6838.266127416884,7097.73828125,1619,0.0,0.0
2022-10-14 00:00:00-03:00,6746.2765946951795,6826.268017190454,6611.291069234405,6611.791015625,239,0.0,0.0
2022-10-17 00:00:00-03:00,6966.253287518447,6986.751090359573,6818.7690963444875,6860.2646484375,348,0.0,0.0
2022-10-18 00:00:00-03:00,6864.263785747233,6864.263785747233,6774.2734375,6774.2734375,15,0.0,0.0
2022-10-19 00:00:00-03:00,6459.307408549708,6459.307408549708,6179.337427993374,6243.33056640625,289,0.0,0.0
2022-10-20 00:00:00-03:00,6532.299062209402,6584.293483032131,6374.8159606790205,6384.31494140625,2978,0.0,0.0
2022-10-21 00:00:00-03:00,6299.324495799863,6397.31398795675,6248.829910555753,6379.31591796875,1152,0.0,0.0
2022-10-24 00:00:00-03:00,5248.437180076516,5597.899705212111,5066.956641272193,5582.4013671875,13865,0.0,0.0
2022-10-25 00:00:00-03:00,5754.382506142349,5789.878697101176,5695.38883666148,5783.37939453125,326,0.0,0.0
2022-10-26 00:00:00-03:00,5969.859788220829,6487.80424350906,5969.859788220829,6283.326171875,3811,0.0,0.0
2022-10-27 00:00:00-03:00,6074.348716623164,6189.336387802039,6047.3516112159505,6093.3466796875,865,0.0,0.0
2022-10-28 00:00:00-03:00,5742.884036988251,5834.3742240491765,5650.393957172561,5804.37744140625,7414,0.0,0.0
2022-10-31 00:00:00-03:00,5777.38069864359,5852.372659944779,5698.889112481679,5734.88525390625,1402,0.0,0.0
2022-11-01 00:00:00-03:00,6049.350919790682,6049.350919790682,5820.37548828125,5820.37548828125,1366,0.0,0.0
2022-11-02 00:00:00-03:00,5820.375974538285,6189.336416834218,5820.375974538285,6029.853515625,9618,0.0,0.0
2022-11-03 00:00:00-03:00,5976.858723827054,6286.32552015068,5976.858723827054,6198.3349609375,803,0.0,0.0
2022-11-04 00:00:00-03:00,6674.284201120176,6838.7665608331745,6606.791439535815,6742.77685546875,4980,0.0,0.0
2022-11-07 00:00:00-03:00,6995.749782306443,6995.749782306443,6688.282754784221,6784.2724609375,3177,0.0,0.0
2022-11-08 00:00:00-03:00,6832.268076150537,6878.76309525503,6768.274931576611,6864.2646484375,169,0.0,0.0
2022-11-09 00:00:00-03:00,6587.293579690011,6625.789451398885,6495.303444697375,6533.79931640625,1795,0.0,0.0
2022-11-10 00:00:00-03:00,6799.27069627193,7149.233158580044,6799.27069627193,7124.23583984375,3527,0.0,0.0
2022-11-11 00:00:00-03:00,7624.18225379881,7996.142358508732,7518.693568188873,7525.19287109375,1458,0.0,0.0
2022-11-14 00:00:00-03:00,7979.1445297662385,8061.135739219977,7784.665380513164,7897.1533203125,2914,0.0,0.0
2022-11-15 00:00:00-03:00,8499.087963096543,8689.06757638929,8401.098478345548,8663.5703125,5284,0.0,0.0
2022-11-16 00:00:00-03:00,8689.06868743676,8699.067615730703,8556.082941127313,8646.5732421875,1037,0.0,0.0
2022-11-17 00:00:00-03:00,8648.072845605939,9660.464307760642,8648.072845605939,9655.46484375,1024,0.0,0.0
2022-11-18 00:00:00-03:00,9928.435923313238,9928.435923313238,9243.0093836656,9285.0048828125,3955,0.0,0.0
2022-11-22 00:00:00-03:00,8499.089456362795,8579.080886540327,8273.613612549876,8504.5888671875,1460,0.0,0.0
2022-11-23 00:00:00-03:00,8699.067278280494,8699.067278280494,8491.58952422955,8570.5810546875,60,0.0,0.0
2022-11-24 00:00:00-03:00,8120.130093427594,8359.1044921875,8120.130093427594,8359.1044921875,44,0.0,0.0
2022-11-25 00:00:00-03:00,8209.11995289522,8499.0888671875,8055.136460477942,8499.0888671875,90,0.0,0.0
2022-11-28 00:00:00-03:00,8059.63546278918,8319.107629850007,8059.135516417194,8066.134765625,270,0.0,0.0
2022-11-29 00:00:00-03:00,8701.06672799397,8756.560775730542,8594.078203528863,8704.06640625,1592,0.0,0.0
2022-11-30 00:00:00-03:00,8989.034746824866,9484.481545162098,8989.034746824866,9348.99609375,2231,0.0,0.0
2022-12-01 00:00:00-03:00,9326.499926408656,9326.499926408656,8969.038256755362,9089.025390625,1916,0.0,0.0
2022-12-02 00:00:00-03:00,9348.99764799736,9686.461466842184,8999.03516919532,9654.96484375,3321,0.0,0.0
2022-12-05 00:00:00-03:00,9908.938269904878,10025.925734847246,9598.97148245074,9742.9560546875,2702,0.0,0.0
2022-12-06 00:00:00-03:00,10057.42115098862,10338.89095801783,9921.435738001152,10332.8916015625,1999,0.0,0.0
2022-12-07 00:00:00-03:00,10029.424773708932,10029.424773708932,9853.943586551171,9928.935546875,445,0.0,0.0
2022-12-12 00:00:00-03:00,9902.937919201373,9996.927838870692,9542.976524723132,9615.46875,683,0.0,0.0
2022-12-13 00:00:00-03:00,9555.975418304017,10038.923637100797,9517.9794921875,9517.9794921875,3057,0.0,0.0
2022-12-14 00:00:00-03:00,9671.962074411651,9828.445281756365,9632.466312813463,9718.95703125,656,0.0,0.0
2022-12-15 00:00:00-03:00,9711.457454694664,9711.457454694664,9382.992716072558,9487.9814453125,615,0.0,0.0
2022-12-16 00:00:00-03:00,9625.967802415616,9626.967695196588,9434.488334859514,9434.98828125,87,0.0,0.0
2022-12-19 00:00:00-03:00,9584.472227363605,9599.970565428821,9484.482949523497,9580.47265625,46,0.0,0.0
2022-12-20 00:00:00-03:00,9345.498875321337,9379.495233504713,9250.509050985433,9335.0,53,0.0,0.0
2022-12-21 00:00:00-03:00,9511.479997038476,9752.9541015625,9511.479997038476,9752.9541015625,298,0.0,0.0
2022-12-22 00:00:00-03:00,9936.934118527808,9936.934118527808,9604.9697265625,9604.9697265625,1610,0.0,0.0
2022-12-23 00:00:00-03:00,9813.947672183387,9813.947672183387,9498.9814453125,9498.9814453125,122,0.0,0.0
2022-12-26 00:00:00-03:00,9400.990892994543,9400.990892994543,8931.04133761192,8934.041015625,7,0.0,0.0
2022-12-27 00:00:00-03:00,9598.970163316582,10118.914380496231,9598.970163316582,9948.9326171875,124,0.0,0.0
2022-12-28 00:00:00-03:00,9688.96103314272,9785.950632752094,9667.96328477368,9698.9599609375,67,0.0,0.0
2022-12-29 00:00:00-03:00,9998.927809718101,9998.927809718101,9698.959975426558,9771.9521484375,78,0.0,0.0
2022-12-30 00:00:00-03:00,9334.5,9334.5,9334.5,9334.5,1,0.0,0.0
2023-01-02 00:00:00-03:00,9199.013671875,9199.013671875,9199.013671875,9199.013671875,2,0.0,0.0
2023-01-03 00:00:00-03:00,9649.465461017728,10066.420758385158,9649.465461017728,9882.9404296875,1163,0.0,0.0
2023-01-04 00:00:00-03:00,10632.359823505652,11396.277903644677,10504.873494686639,11255.79296875,1269,0.0,0.0
2023-01-05 00:00:00-03:00,11598.756024832304,11598.756024832304,10960.824443466527,11254.29296875,169,0.0,0.0
2023-01-06 00:00:00-03:00,10971.322490985576,11007.81857400412,10699.851626888736,10918.828125,1232,0.0,0.0
2023-01-09 00:00:00-03:00,11354.782809253094,11354.782809253094,10503.874023529743,10585.865234375,193,0.0,0.0
2023-01-10 00:00:00-03:00,10666.356462381409,10752.84718973046,10598.863698265099,10611.8623046875,98,0.0,0.0
2023-01-11 00:00:00-03:00,10470.877348547474,10612.362179030615,10346.890641975673,10583.865234375,1074,0.0,0.0
2023-01-12 00:00:00-03:00,10738.348406768007,10872.833984375,10668.855859231307,10872.833984375,152,0.0,0.0
2023-01-13 00:00:00-03:00,11047.315757278067,11388.779153314676,10946.826529454704,11086.8115234375,282,0.0,0.0
2023-01-16 00:00:00-03:00,11098.810546875,11498.767683699325,11098.810546875,11098.810546875,7,0.0,0.0
2023-01-17 00:00:00-03:00,11231.295122370877,11231.295122370877,10738.847951414486,10850.8359375,439,0.0,0.0
2023-01-18 00:00:00-03:00,10948.825346775115,10948.825346775115,10214.904086087176,10385.8857421875,494,0.0,0.0
2023-01-19 00:00:00-03:00,10298.895893018254,10674.855587753678,10298.895893018254,10666.8564453125,933,0.0,0.0
2023-01-20 00:00:00-03:00,11026.316588684753,11126.80580357143,10848.83563701923,10918.828125,287,0.0,0.0
2023-01-23 00:00:00-03:00,10964.324959617821,11174.302456450592,10964.324959617821,11098.810546875,370,0.0,0.0
2023-01-24 00:00:00-03:00,10988.321430378357,11108.808507348245,10962.32421875,10962.32421875,82,0.0,0.0
2023-01-25 00:00:00-03:00,11088.810985402732,11242.294527896809,11003.320152287139,11211.2978515625,485,0.0,0.0
2023-01-26 00:00:00-03:00,11454.77075260484,11650.749721486696,11358.781053560664,11611.75390625,234,0.0,0.0
2023-01-27 00:00:00-03:00,11998.713286026665,11998.713286026665,11699.745346649834,11774.7373046875,130,0.0,0.0
2023-01-30 00:00:00-03:00,11148.804559054985,11296.788691318674,11038.31640625,11038.31640625,499,0.0,0.0
2023-01-31 00:00:00-03:00,10988.821019186758,11194.79892000136,10966.823379293937,11031.81640625,571,0.0,0.0
2023-02-01 00:00:00-03:00,11198.79925271739,11399.777703592052,10874.334042225713,11038.81640625,122,0.0,0.0
2023-02-02 00:00:00-03:00,11003.820054594771,11003.820054594771,10648.858117349777,10782.84375,2334,0.0,0.0
2023-02-03 00:00:00-03:00,10729.848692499583,10745.846975891625,10502.873046875,10502.873046875,1546,0.0,0.0
2023-02-06 00:00:00-03:00,10415.384052802567,10440.38137448644,10198.907247020226,10381.3876953125,545,0.0,0.0
2023-02-07 00:00:00-03:00,10416.383197736417,10512.372906110086,10294.396276678213,10328.892578125,179,0.0,0.0
2023-02-08 00:00:00-03:00,10391.385505775901,10394.885130435052,10083.418535770708,10106.916015625,3917,0.0,0.0
2023-02-09 00:00:00-03:00,10396.884099561254,10396.884099561254,10169.908460919169,10226.90234375,462,0.0,0.0
2023-02-10 00:00:00-03:00,10092.417810562598,10092.417810562598,9626.4677734375,9626.4677734375,373,0.0,0.0
2023-02-13 00:00:00-03:00,9798.949033698009,9914.936593688719,9667.963082329188,9687.9609375,544,0.0,0.0
2023-02-14 00:00:00-03:00,9730.95694850937,9730.95694850937,9567.974418442886,9629.9677734375,1606,0.0,0.0
2023-02-15 00:00:00-03:00,9601.470453849244,9635.466808489273,9407.491253844375,9626.4677734375,223,0.0,0.0
2023-02-16 00:00:00-03:00,9976.930455875468,10131.913841389669,9875.44133568391,10011.4267578125,647,0.0,0.0
2023-02-17 00:00:00-03:00,9936.93498989412,10055.9222372072,9696.96070959883,9785.951171875,241,0.0,0.0
2023-02-22 00:00:00-03:00,8999.034990748296,8999.034990748296,8490.089567382642,8578.580078125,1918,0.0,0.0
2023-02-23 00:00:00-03:00,8999.03394308349,8999.03394308349,8471.090618422591,8551.08203125,1988,0.0,0.0
2023-02-24 00:00:00-03:00,8598.078738035894,8598.078738035894,8159.625717146402,8230.1181640625,933,0.0,0.0
2023-02-27 00:00:00-03:00,8299.109933206691,8445.094276610087,8139.12709112078,8158.625,2267,0.0,0.0
2023-02-28 00:00:00-03:00,8199.121153625076,8237.117080922364,8066.135408084572,8154.1259765625,523,0.0,0.0
2023-03-01 00:00:00-03:00,8560.082994118575,8560.082994118575,8302.610576061628,8414.0986328125,2231,0.0,0.0
2023-03-02 00:00:00-03:00,8444.09428780409,8770.559271222448,8372.102009684268,8749.5615234375,797,0.0,0.0
2023-03-03 00:00:00-03:00,8807.554260405632,8989.534719665871,8799.055173022598,8849.0498046875,934,0.0,0.0
2023-03-06 00:00:00-03:00,8929.043158606843,9095.025371857542,8799.057087988827,8949.041015625,939,0.0,0.0
2023-03-07 00:00:00-03:00,8939.041145089286,8959.538946372768,8657.071390848214,8749.0615234375,1982,0.0,0.0
2023-03-08 00:00:00-03:00,8634.073639702023,8939.040919390398,8492.088873420878,8929.0419921875,5658,0.0,0.0
2023-03-09 00:00:00-03:00,8679.069277566985,8695.567508336553,8004.6416015625,8004.6416015625,22541,0.0,0.0
2023-03-10 00:00:00-03:00,7999.141741911211,8107.630101785882,7799.163198363432,7973.14453125,2734,0.0,0.0
2023-03-13 00:00:00-03:00,7959.14696058555,8049.137315667548,7849.158748818665,7968.14599609375,1479,0.0,0.0
2023-03-14 00:00:00-03:00,7869.155981242732,8012.640591574159,7869.155981242732,7953.14697265625,625,0.0,0.0
2023-03-15 00:00:00-03:00,7899.1523939903545,7899.1523939903545,7704.173315910845,7813.16162109375,1548,0.0,0.0
2023-03-16 00:00:00-03:00,7839.159112445962,8030.138626537439,7827.160399518749,7979.64404296875,936,0.0,0.0
2023-03-17 00:00:00-03:00,7937.148626564395,7937.148626564395,7798.163534716014,7829.66015625,1892,0.0,0.0
2023-03-20 00:00:00-03:00,7827.16087121995,7958.646774971282,7749.169232492925,7861.1572265625,799,0.0,0.0
2023-03-21 00:00:00-03:00,7879.154894991795,7938.148567428916,7755.168193598523,7921.150390625,1475,0.0,0.0
2023-03-22 00:00:00-03:00,7913.651246000774,7913.651246000774,7629.681702269115,7666.677734375,1682,0.0,0.0
2023-03-23 00:00:00-03:00,7959.146666313694,8087.632890763608,7743.169822102167,7819.66162109375,1417,0.0,0.0
2023-03-27 00:00:00-03:00,7699.174227849418,7839.159213810316,7695.674603200395,7812.162109375,947,0.0,0.0
2023-03-28 00:00:00-03:00,7999.142196438457,8174.123431985548,7950.147450485272,8127.62841796875,2016,0.0,0.0
2023-03-29 00:00:00-03:00,8122.12951294963,8233.61756424766,8072.13487111195,8155.1259765625,4281,0.0,0.0
2023-03-30 00:00:00-03:00,8669.070238240844,9059.528361428047,8669.070238240844,8941.541015625,6774,0.0,0.0
2023-03-31 00:00:00-03:00,8904.54588611339,9021.033404583122,8834.053439314108,8913.544921875,3560,0.0,0.0
2023-04-03 00:00:00-03:00,8776.559237616197,8780.05886249021,8545.084049520709,8618.576171875,2686,0.0,0.0
2023-04-04 00:00:00-03:00,8535.584213225193,8535.584213225193,8345.104649865572,8437.5947265625,8832,0.0,0.0
2023-04-05 00:00:00-03:00,8250.418296455537,8331.412585876564,8216.920658238198,8268.9169921875,1254,458.025,0.0
2023-04-10 00:00:00-03:00,8039.433256753507,8100.428956835841,7958.938931235018,8055.43212890625,1438,0.0,0.0
2023-04-11 00:00:00-03:00,8130.426513488677,8193.922034778376,7984.43681099583,7995.43603515625,1667,0.0,0.0
2023-04-12 00:00:00-03:00,7659.959488938911,7668.958853915146,7362.480480002246,7376.4794921875,9283,0.0,0.0
2023-04-13 00:00:00-03:00,7461.97362789442,7554.967068081245,7444.474862267867,7544.9677734375,4993,0.0,0.0
2023-04-14 00:00:00-03:00,7551.967692062761,7556.46737489815,7375.480131963578,7439.9755859375,4735,0.0,0.0
2023-04-17 00:00:00-03:00,7606.464177277841,7838.947800416674,7606.464177277841,7804.9501953125,3761,0.0,0.0
2023-04-18 00:00:00-03:00,7785.950940271942,8063.43137254902,7755.953055701448,8031.93359375,3588,0.0,0.0
2023-04-19 00:00:00-03:00,7985.436688820616,8085.929599818171,7824.948010063327,7973.9375,4696,0.0,0.0
2023-04-20 00:00:00-03:00,7921.441505544612,7926.941117799155,7771.452080420691,7867.4453125,4703,0.0,0.0
2023-04-21 00:00:00-03:00,7864.445544045469,8091.429541311626,7655.460277840066,8082.43017578125,2396,0.0,0.0
2023-04-24 00:00:00-03:00,7982.437038513929,8042.432807311478,7636.961403188042,8017.4345703125,4718,0.0,0.0
2023-04-25 00:00:00-03:00,7883.4438719446825,8141.425672929174,7857.445705953997,7869.94482421875,5280,0.0,0.0
2023-04-26 00:00:00-03:00,7976.437238085756,8063.931065130071,7789.950395299872,8041.9326171875,2456,0.0,0.0
2023-04-27 00:00:00-03:00,8063.431170239517,8063.431170239517,7860.445489738696,7952.93896484375,2101,0.0,0.0
2023-04-28 00:00:00-03:00,7979.437467548078,8149.425483774039,7979.437467548078,8124.42724609375,1719,0.0,0.0
2023-05-02 00:00:00-03:00,8099.429054981382,8099.429054981382,7736.4546417766605,7854.9462890625,2203,0.0,0.0
2023-05-03 00:00:00-03:00,7887.443649420663,7949.939241216909,7738.954123312781,7766.9521484375,788,0.0,0.0
2023-05-04 00:00:00-03:00,8003.435613989778,8099.42884474228,7996.436107580742,8045.9326171875,2231,0.0,0.0
2023-05-05 00:00:00-03:00,8049.431978005787,8201.92121734068,7986.4364233953065,8164.923828125,2482,0.0,0.0
2023-05-08 00:00:00-03:00,8164.924328156333,8244.918688116226,8031.933704723011,8227.419921875,4580,0.0,0.0
2023-05-09 00:00:00-03:00,8051.93241596488,8069.431182469616,7976.437737615876,8062.931640625,2393,0.0,0.0
2023-05-10 00:00:00-03:00,8099.428988720765,8099.428988720765,7788.950877486469,7909.4423828125,2787,0.0,0.0
2023-05-11 00:00:00-03:00,8304.914372930463,8619.392197298248,8284.915783145549,8530.8984375,8684,0.0,0.0
2023-05-12 00:00:00-03:00,8255.9179936883,8281.416196175922,8136.926382079397,8242.4189453125,4149,0.0,0.0
2023-05-15 00:00:00-03:00,8423.405486969656,8966.367165438853,8406.90665143606,8896.8720703125,6251,0.0,0.0
2023-05-16 00:00:00-03:00,8898.372689515523,9239.348651660124,8817.878364141212,9170.353515625,4127,0.0,0.0
2023-05-17 00:00:00-03:00,8946.869203231397,9069.360567008525,8887.373397968222,9030.86328125,2225,0.0,0.0
2023-05-18 00:00:00-03:00,8819.377575791792,8907.871330378817,8671.887984813413,8855.875,3847,0.0,0.0
2023-05-19 00:00:00-03:00,8811.878519620903,8811.878519620903,8602.39329410481,8626.3916015625,3490,0.0,0.0
2023-05-22 00:00:00-03:00,9006.864438661478,9006.864438661478,8827.377104024816,8884.873046875,5878,0.0,0.0
2023-05-23 00:00:00-03:00,8778.880557992563,8794.879429104572,8611.892340760971,8663.888671875,3206,0.0,0.0
2023-05-24 00:00:00-03:00,8457.40357695739,8457.40357695739,8264.417186516059,8336.412109375,4099,0.0,0.0
2023-05-29 00:00:00-03:00,8099.42839704241,8399.4072265625,7669.458741396949,8399.4072265625,812,0.0,0.0
2023-05-30 00:00:00-03:00,8084.930159831894,8084.930159831894,7710.456553393573,7821.44873046875,7229,0.0,0.0
2023-05-31 00:00:00-03:00,7819.448160294828,8166.423673290008,7691.457192965194,8018.93408203125,6375,0.0,0.0
2023-06-01 00:00:00-03:00,8274.917096819196,8738.884413950984,8274.917096819196,8581.3955078125,7123,0.0,0.0
2023-06-02 00:00:00-03:00,8899.372825909117,8963.368315893182,8698.38699017791,8785.380859375,3757,0.0,0.0
2023-06-05 00:00:00-03:00,8751.882872123762,9030.863200181178,8627.891615209355,9015.8642578125,2409,0.0,0.0
2023-06-06 00:00:00-03:00,9104.35686518872,9347.339700800016,8864.873782353718,9303.8427734375,5830,0.0,0.0
2023-06-07 00:00:00-03:00,9300.344438169803,9300.344438169803,9026.363750495517,9143.85546875,3094,0.0,0.0
2023-06-08 00:00:00-03:00,9224.348703938225,9402.836101624183,9223.348774539425,9308.3427734375,3148,0.0,0.0
2023-06-09 00:00:00-03:00,9244.848018314346,9272.346079046987,9080.859583399679,9125.3564453125,3928,0.0,0.0
2023-06-12 00:00:00-03:00,9248.847388444243,9359.339591960443,9162.853456295888,9175.8525390625,3231,0.0,0.0
2023-06-13 00:00:00-03:00,9553.826033106814,9672.31767421029,9458.832734331876,9510.3291015625,2862,0.0,0.0
2023-06-14 00:00:00-03:00,9662.81897853576,9749.312882570875,9569.82553257893,9699.31640625,3466,0.0,0.0
2023-06-15 00:00:00-03:00,9849.305442862884,10147.284429865233,9849.305442862884,10109.287109375,2287,0.0,0.0
2023-06-16 00:00:00-03:00,10252.777291661503,10252.777291661503,9970.797168167228,10085.7890625,5562,0.0,0.0
2023-06-21 00:00:00-03:00,9349.339771661855,9366.838535940366,9170.852376021037,9265.345703125,5893,0.0,0.0
2023-06-22 00:00:00-03:00,9265.346159177756,9390.33733874793,9208.350181293757,9354.83984375,2851,0.0,0.0
2023-06-23 00:00:00-03:00,9288.344812326312,9288.344812326312,8889.372955278384,9040.3623046875,5447,0.0,0.0
2023-06-26 00:00:00-03:00,9399.337983505777,9399.337983505777,8882.374394412958,8915.3720703125,3557,0.0,0.0
2023-06-27 00:00:00-03:00,8749.883084109626,9153.35463709954,8749.883084109626,9113.857421875,1157,0.0,0.0
2023-06-28 00:00:00-03:00,8853.876458068236,8853.876458068236,8715.386211364024,8791.380859375,4270,0.0,0.0
2023-06-29 00:00:00-03:00,8630.391202670484,8719.384924955002,8559.89617546758,8610.892578125,4237,0.0,0.0
2023-06-30 00:00:00-03:00,8624.391976906054,8781.380909123358,8624.391976906054,8754.3828125,2716,0.0,0.0
2023-07-03 00:00:00-03:00,8822.877704044016,9138.355452740778,8822.877704044016,9027.36328125,1501,0.0,0.0
2023-07-04 00:00:00-03:00,9199.352398754525,9558.827093031943,9099.359437898498,9252.8486328125,1083,0.0,0.0
2023-07-05 00:00:00-03:00,9219.349996089404,9219.349996089404,8889.873225621785,8989.3662109375,3166,0.0,0.0
2023-07-06 00:00:00-03:00,8989.365978560343,8989.365978560343,8714.38537298703,8778.380859375,3003,0.0,0.0
2023-07-07 00:00:00-03:00,9179.35304752066,9310.343815410117,9003.865415729824,9255.84765625,2608,0.0,0.0
2023-07-10 00:00:00-03:00,9225.84828132169,9321.34153562898,9175.851813097977,9262.345703125,2392,0.0,0.0
2023-07-11 00:00:00-03:00,9699.31583251361,9699.31583251361,9108.357517357368,9275.845703125,2670,0.0,0.0
2023-07-12 00:00:00-03:00,9548.327713991228,9763.81254196956,9548.327713991228,9667.3193359375,4137,0.0,0.0
2023-07-13 00:00:00-03:00,9969.79701813604,10363.269273954356,9969.79701813604,10345.7705078125,5375,0.0,0.0
2023-07-14 00:00:00-03:00,10097.287675792642,10318.272086205612,10027.79257840033,10285.2744140625,4652,0.0,0.0
2023-07-17 00:00:00-03:00,10299.273906172533,10299.273906172533,10027.293080689142,10084.2890625,3639,0.0,0.0
2023-07-18 00:00:00-03:00,9799.308897389237,9805.30847426519,9360.339855965372,9512.8291015625,13189,0.0,0.0
2023-07-19 00:00:00-03:00,9689.815770218085,9781.309309558155,9627.320183237161,9639.3193359375,2444,0.0,0.0
2023-07-20 00:00:00-03:00,9675.81827701491,9826.807638853308,9675.81827701491,9757.8125,6383,0.0,0.0
2023-07-21 00:00:00-03:00,9896.302442266266,9985.296169391828,9785.310265738877,9878.3037109375,1291,0.0,0.0
2023-07-24 00:00:00-03:00,9810.308328328496,10339.271034034926,9720.814638043572,10249.77734375,2897,0.0,0.0
2023-07-25 00:00:00-03:00,10407.266490895387,10563.25549671588,10373.768851824962,10447.263671875,1640,0.0,0.0
2023-07-26 00:00:00-03:00,10599.253227231362,10656.249211566474,10549.256749744422,10575.7548828125,10167,0.0,0.0
2023-07-27 00:00:00-03:00,10495.260207043344,10592.253370161026,10277.275572407725,10335.271484375,7682,0.0,0.0
2023-07-28 00:00:00-03:00,10835.23647125141,11121.216319052988,10831.236753100338,11086.71875,7661,0.0,0.0
2023-07-31 00:00:00-03:00,11130.215205506285,11478.190669661903,11130.215205506285,11426.1943359375,3707,0.0,0.0
2023-08-01 00:00:00-03:00,11309.702224015966,11407.19534694082,11171.21199298938,11227.7080078125,2620,0.0,0.0
2023-08-02 00:00:00-03:00,11055.22024500897,11055.22024500897,10744.242179144481,10868.7333984375,3366,0.0,0.0
2023-08-03 00:00:00-03:00,11083.21855344837,11486.690105804597,11083.21855344837,11426.6943359375,3798,0.0,0.0
2023-08-04 00:00:00-03:00,11489.190162631725,11626.180506607403,11395.196787933084,11457.6923828125,3983,0.0,0.0
2023-08-07 00:00:00-03:00,11323.201707020327,11646.678901670723,11305.202975942408,11621.6806640625,2815,0.0,0.0
2023-08-08 00:00:00-03:00,11299.203237815886,11473.190969088448,11299.203237815886,11356.19921875,2645,0.0,0.0
2023-08-09 00:00:00-03:00,11539.185820703684,11539.185820703684,11096.717040317082,11183.2109375,2378,0.0,0.0
2023-08-10 00:00:00-03:00,11795.169276603025,11795.169276603025,11448.19371378671,11508.689453125,3686,0.0,0.0
2023-08-11 00:00:00-03:00,10999.224022938708,11085.717920937272,10705.244762689255,10963.2265625,7464,0.0,0.0
2023-08-14 00:00:00-03:00,11655.17788696289,12061.149251247974,11567.184093718834,12031.1513671875,7560,0.0,0.0
2023-08-15 00:00:00-03:00,11989.1542712747,12647.10785847226,11739.671870050093,12625.609375,7532,0.0,0.0
2023-08-16 00:00:00-03:00,12059.149697600684,12699.104573758597,12025.152094804795,12575.61328125,9785,0.0,0.0
2023-08-17 00:00:00-03:00,12599.111053758877,12964.0853025384,12533.11571014395,12955.0859375,2689,0.0,0.0
2023-08-18 00:00:00-03:00,12335.129094565878,12365.126976605192,12085.646708938917,12351.6279296875,5707,0.0,0.0
2023-08-22 00:00:00-03:00,12299.133035282744,12424.624189423232,12249.136559529563,12413.125,3593,0.0,0.0
2023-08-23 00:00:00-03:00,12603.111730950292,12699.10496533392,12569.114127106091,12678.1064453125,3502,0.0,0.0
2023-08-24 00:00:00-03:00,12799.098035324469,12799.098035324469,12442.623156450003,12596.6123046875,2974,0.0,0.0
2023-08-25 00:00:00-03:00,12516.117753367254,12737.102176431421,12410.125224657746,12718.103515625,3262,0.0,0.0
2023-08-28 00:00:00-03:00,12955.085923389524,13369.056714704997,12955.085923389524,13287.0625,8589,0.0,0.0
2023-08-29 00:00:00-03:00,13609.04050868018,13887.020909959614,13599.041213670129,13865.0224609375,5942,0.0,0.0
2023-08-30 00:00:00-03:00,13854.023131684107,13854.023131684107,13327.060288638455,13586.5419921875,8007,0.0,0.0
2023-08-31 00:00:00-03:00,13399.055575812308,13399.055575812308,12875.092507026813,12940.587890625,6866,0.0,0.0
2023-09-01 00:00:00-03:00,13279.063932117624,13583.042504057667,13026.581730095057,13091.5771484375,9637,0.0,0.0
2023-09-04 00:00:00-03:00,13278.063061395616,13503.547150584915,12565.113369191755,13369.056640625,926,0.0,0.0
2023-09-05 00:00:00-03:00,13011.082887221486,13066.079010707283,12623.610199026103,13037.0810546875,3515,0.0,0.0
2023-09-06 00:00:00-03:00,13054.578943886376,13064.578238393584,12874.091678031258,12900.08984375,9786,0.0,0.0
2023-09-07 00:00:00-03:00,12351.129541468303,12351.129541468303,11949.157870834377,11972.15625,5908,0.0,0.0
2023-09-08 00:00:00-03:00,11951.156132189084,12011.151895904892,11813.165875642724,11935.6572265625,3365,0.0,0.0
2023-09-11 00:00:00-03:00,11781.668901508136,11781.668901508136,11574.183537870289,11725.6728515625,1552,0.0,0.0
2023-09-12 00:00:00-03:00,11600.18172553264,11779.169099799545,11600.18172553264,11753.6708984375,3339,0.0,0.0
2023-09-13 00:00:00-03:00,11799.167675665209,11887.161468500679,11660.17748016373,11781.1689453125,4813,0.0,0.0
2023-09-14 00:00:00-03:00,11776.16933324382,11813.666688257546,11708.674094219115,11781.6689453125,2860,0.0,0.0
2023-09-15 00:00:00-03:00,11691.675608673797,11774.669756676356,11572.683998886994,11647.6787109375,11299,0.0,0.0
2023-09-18 00:00:00-03:00,11438.19293605271,11442.192653837848,11334.700238362224,11432.193359375,2178,0.0,0.0
2023-09-19 00:00:00-03:00,11405.695579035577,11405.695579035577,11197.210283087747,11298.703125,1320,0.0,0.0
2023-09-20 00:00:00-03:00,11301.203376249834,11391.197032581676,11248.207111965527,11263.2060546875,1055,0.0,0.0
2023-09-21 00:00:00-03:00,11107.217819740787,11314.703208433279,11053.721586993564,11177.212890625,2402,0.0,0.0
2023-09-22 00:00:00-03:00,11556.184967153076,11556.184967153076,11394.196391858553,11437.193359375,1049,0.0,0.0
2023-09-25 00:00:00-03:00,11207.210565410505,11340.701162348612,11119.216763683513,11326.7021484375,6149,0.0,0.0
2023-09-26 00:00:00-03:00,11142.21446852636,11366.198677532004,11086.718381027193,11247.70703125,1600,0.0,0.0
2023-09-27 00:00:00-03:00,11235.707875225724,11449.692789148949,11156.21347963275,11386.197265625,3326,0.0,0.0
2023-09-28 00:00:00-03:00,11199.210136954107,11714.173817358693,11199.210136954107,11700.1748046875,4932,0.0,0.0
2023-09-29 00:00:00-03:00,11704.17402018623,12167.141347939005,11704.17402018623,11983.654296875,2668,0.0,0.0
2023-10-02 00:00:00-03:00,11983.15518430551,12171.141931188806,11946.157792631668,12051.150390625,1036,0.0,0.0
2023-10-03 00:00:00-03:00,11938.158267812258,12433.123368957,11759.170887802342,12257.6357421875,1752,0.0,0.0
2023-10-04 00:00:00-03:00,12397.625710848877,12859.09316784422,12254.13582985466,12781.5986328125,1621,0.0,0.0
2023-10-05 00:00:00-03:00,12199.139815729779,13330.560037164061,12199.139815729779,12838.5947265625,1128,0.0,0.0
2023-10-06 00:00:00-03:00,12779.09844539605,13677.535061451477,12693.10451219542,12762.599609375,1231,0.0,0.0
2023-10-09 00:00:00-03:00,12799.097549663755,13155.572415011811,12632.60928856852,12936.087890625,2607,0.0,0.0
2023-10-10 00:00:00-03:00,13516.546425022585,14896.949039392379,13516.546425022585,14492.9775390625,2220,0.0,0.0
2023-10-11 00:00:00-03:00,14692.964151418932,14700.463622708958,13718.53284846822,14087.5068359375,1709,0.0,0.0
2023-10-12 00:00:00-03:00,14288.993176541473,14288.993176541473,12883.092238387708,13263.5654296875,13599,0.0,0.0
2023-10-17 00:00:00-03:00,12894.089819618725,13377.055727557914,12499.117700289575,12949.0859375,5410,0.0,0.0
2023-10-18 00:00:00-03:00,12699.105583242712,12849.095019265265,12263.636253990571,12298.6337890625,3949,0.0,0.0
2023-10-19 00:00:00-03:00,12194.13968465195,12280.633582374163,11780.168890929448,11931.658203125,3279,0.0,0.0
2023-10-20 00:00:00-03:00,11999.153643182837,12777.09877104919,11823.666021151288,12280.6337890625,4135,0.0,0.0
2023-10-23 00:00:00-03:00,12249.136776405008,12358.129095476694,11164.713198118377,11889.662109375,1631,0.0,0.0
2023-10-24 00:00:00-03:00,11899.16054602047,12385.126262437776,10838.235391455115,11198.7099609375,1727,0.0,0.0
2023-10-25 00:00:00-03:00,11198.210031476701,11297.203048095704,10309.272740827288,11199.2099609375,2863,0.0,0.0
2023-10-26 00:00:00-03:00,11200.21002500738,11699.174831942357,10709.244653854927,11644.1787109375,2568,0.0,0.0
2023-10-27 00:00:00-03:00,11644.180029851263,11644.180029851263,10743.243472797078,11052.7216796875,1657,0.0,0.0
2023-10-30 00:00:00-03:00,11099.21797502029,11291.204448101724,10839.236292722519,11088.21875,3331,0.0,0.0
2023-10-31 00:00:00-03:00,10997.224763552538,10997.224763552538,10624.751020651709,10874.7333984375,49,0.0,0.0
2023-11-01 00:00:00-03:00,11017.2231702073,11191.210902247241,10634.250173820534,11190.7109375,1509,0.0,0.0
2023-11-02 00:00:00-03:00,11199.210261128637,11516.687873441882,11199.210261128637,11411.1953125,687,0.0,0.0
2023-11-03 00:00:00-03:00,11522.186971069956,11999.15331535533,11522.186971069956,11819.166015625,1342,0.0,0.0
2023-11-07 00:00:00-03:00,11674.177583560107,12447.123131490896,11363.69945596307,11505.689453125,1992,0.0,0.0
2023-11-08 00:00:00-03:00,11409.195654653284,11505.688851907802,11147.214124283508,11164.712890625,1037,0.0,0.0
2023-11-09 00:00:00-03:00,11896.160970946732,11896.160970946732,10899.231283795862,11187.7109375,2302,0.0,0.0
2023-11-10 00:00:00-03:00,11191.211016344585,11512.188387345892,10629.25063471613,11344.7001953125,1388,0.0,0.0
2023-11-13 00:00:00-03:00,11344.699277822014,11649.177787371775,11274.204253443499,11331.7001953125,2223,0.0,0.0
2023-11-14 00:00:00-03:00,11299.202815903758,11978.154914310719,11299.202815903758,11613.1806640625,4095,0.0,0.0
2023-11-15 00:00:00-03:00,12179.14123331996,12829.095404227839,12179.14123331996,12617.1103515625,7180,0.0,0.0
2023-11-16 00:00:00-03:00,11999.153627110636,12298.132538319476,11899.160680218049,12169.6416015625,3466,0.0,0.0
2023-11-17 00:00:00-03:00,12200.139694124162,12689.105214198476,11692.175513760661,12076.1484375,4722,0.0,0.0
2023-11-21 00:00:00-03:00,12819.096935266054,12819.096935266054,11599.182874343698,12379.1279296875,3176,0.0,0.0
2023-11-22 00:00:00-03:00,12819.095917819657,13658.036750506919,12309.131883647424,13099.076171875,6266,0.0,0.0
2023-11-23 00:00:00-03:00,13159.07144523232,13649.036871384587,13159.07144523232,13396.5546875,857,0.0,0.0
2023-11-24 00:00:00-03:00,13399.054989280476,13939.016906758941,12976.584785327415,13292.5625,2237,0.0,0.0
2023-11-27 00:00:00-03:00,13289.062414582912,13289.062414582912,11749.171058792264,12346.62890625,2958,0.0,0.0
2023-11-28 00:00:00-03:00,12369.12698595063,12369.12698595063,11101.216475183823,11899.16015625,1442,0.0,0.0
2023-11-29 00:00:00-03:00,11501.188973068674,11645.178819366874,11025.222536694071,11189.7109375,1980,0.0,0.0
2023-11-30 00:00:00-03:00,11189.7110590135,11579.683563639323,10833.236192605536,11399.1962890625,3520,0.0,0.0
2023-12-01 00:00:00-03:00,11449.192383652193,12324.63063097861,11254.206137817067,12210.638671875,1895,0.0,0.0
2023-12-04 00:00:00-03:00,12016.652548722055,12433.623142673965,11399.69605839033,11645.6787109375,1485,0.0,0.0
2023-12-05 00:00:00-03:00,11709.17373910418,12002.653029661573,11183.210853812225,11901.66015625,1679,0.0,0.0
2023-12-06 00:00:00-03:00,12099.147230837782,12560.114741037469,11699.175421553888,12553.115234375,2909,0.0,0.0
2023-12-07 00:00:00-03:00,12998.083648206632,13552.544559271375,12560.114524588314,13298.0625,2198,0.0,0.0
2023-12-11 00:00:00-03:00,12999.083691065192,13199.069594004657,12349.129506511932,12884.091796875,4508,0.0,0.0
2023-12-12 00:00:00-03:00,12999.084224112856,13138.574397133145,12639.109584060501,12891.591796875,11292,0.0,0.0
2023-12-13 00:00:00-03:00,12987.083282327587,13697.033169181035,11709.17348599138,12686.6044921875,5492,0.0,0.0
2023-12-14 00:00:00-03:00,12829.095843478159,13324.060959808765,12512.618147884952,13219.068359375,3746,0.0,0.0
2023-12-15 00:00:00-03:00,13400.056300901604,14511.977993805313,13400.056300901604,13728.033203125,3087,0.0,0.0
2023-12-18 00:00:00-03:00,13799.025970415547,14236.995055563519,12519.116315188598,12645.107421875,26519,0.0,0.0
2023-12-19 00:00:00-03:00,12679.105617698266,13198.568974827149,12549.114787232904,13138.0732421875,14435,0.0,0.0
2023-12-20 00:00:00-03:00,13077.077867477661,13077.077867477661,12489.11932748096,12505.6181640625,12971,0.0,0.0
2023-12-21 00:00:00-03:00,12599.111955846362,13229.067553638679,12599.111955846362,13176.0712890625,13668,0.0,0.0
2023-12-22 00:00:00-03:00,13099.076241562198,13155.072292671166,12871.092319189971,12961.5859375,1827,0.0,0.0
2023-12-26 00:00:00-03:00,12489.118781765075,13189.069394033733,12299.132187006438,12345.62890625,2058,0.0,0.0
2023-12-27 00:00:00-03:00,12345.628795733752,12479.119375592858,12045.149999871119,12122.64453125,4024,0.0,0.0
2023-12-28 00:00:00-03:00,12229.137288305514,13541.54470375122,12229.137288305514,13441.5517578125,6528,0.0,0.0
2023-12-29 00:00:00-03:00,13441.052549614296,14131.003915425475,13441.052549614296,14048.009765625,7530,0.0,0.0
2024-01-02 00:00:00-03:00,13849.023113622545,13849.023113622545,13241.065997876514,13567.54296875,11047,0.0,0.0
2024-01-03 00:00:00-03:00,13567.54302285422,14490.47792428728,13304.06160733135,14357.4873046875,6017,0.0,0.0
2024-01-04 00:00:00-03:00,14490.477871180023,14928.946942464047,14231.996103957856,14827.4541015625,3289,0.0,0.0
2024-01-05 00:00:00-03:00,14928.947730434282,15318.420278391694,14252.495410297724,15184.9296875,8911,0.0,0.0
2024-01-08 00:00:00-03:00,15118.933130534522,15645.89594533556,14298.990989857386,15582.900390625,5998,0.0,0.0
2024-01-09 00:00:00-03:00,15582.900618649623,15598.899489921338,15099.43472740751,15253.923828125,24172,0.0,0.0
2024-01-10 00:00:00-03:00,15298.9207245211,15577.90104361531,14858.95176250873,15033.439453125,10130,0.0,0.0
2024-01-11 00:00:00-03:00,15048.937912669908,15488.406896897046,14154.00107334502,14528.974609375,4268,0.0,0.0
2024-01-12 00:00:00-03:00,14710.962723638379,14988.943123119854,13799.027024620013,14209.998046875,10703,0.0,0.0
2024-01-15 00:00:00-03:00,14209.997592194362,14748.95957250488,13749.030109962177,14341.98828125,962,0.0,0.0
2024-01-16 00:00:00-03:00,14343.98869782012,14546.474421856965,13822.02549808069,14294.4921875,7235,0.0,0.0
2024-01-17 00:00:00-03:00,13899.019152007702,15038.938708359414,13524.54557845181,14377.9853515625,8436,0.0,0.0
2024-01-18 00:00:00-03:00,15038.940543120823,15038.940543120823,14074.008520241063,14139.50390625,7877,0.0,0.0
2024-01-19 00:00:00-03:00,14149.002393864088,14613.969610340893,13784.52809191614,14598.470703125,26622,0.0,0.0
2024-01-22 00:00:00-03:00,14558.97369323578,14558.97369323578,13764.02973127682,14213.498046875,12777,0.0,0.0
2024-01-23 00:00:00-03:00,14923.947401606225,15266.923211237778,14420.982876111555,14828.9541015625,10000,0.0,0.0
2024-01-24 00:00:00-03:00,7599.4639489373785,7733.954462244231,7481.972236568939,7704.45654296875,15291,0.0,0.0
2024-01-25 00:00:00-03:00,7999.435701585541,7999.435701585541,7591.964445536028,7662.45947265625,3974,0.0,0.0
2024-01-26 00:00:00-03:00,7699.4573639106075,7699.4573639106075,7299.985517562259,7385.4794921875,5275,0.0,0.0
2024-01-29 00:00:00-03:00,7299.485291603993,7514.47013238411,7276.48691328798,7312.484375,6177,0.0,0.0
2024-01-30 00:00:00-03:00,7389.478978566913,7389.478978566913,7089.500129639974,7215.9912109375,5930,0.0,0.0
2024-01-31 00:00:00-03:00,7269.4869746139275,7269.4869746139275,6974.507792012675,7078.00048828125,16784,0.0,0.0
2024-02-01 00:00:00-03:00,6999.506547432414,7195.992695513909,6910.512821329345,7175.494140625,18690,0.0,0.0
2024-02-02 00:00:00-03:00,7175.493874656887,7296.9853052269555,6984.5073459418,7012.50537109375,10320,0.0,0.0
2024-02-05 00:00:00-03:00,7020.504849065927,7321.983585997045,6978.507811085473,7248.48876953125,9425,0.0,0.0
2024-02-06 00:00:00-03:00,7400.977874305221,7675.958474917791,7400.977874305221,7516.4697265625,20486,0.0,0.0
2024-02-07 00:00:00-03:00,7399.477902551458,7449.474374865995,7179.493424367495,7286.98583984375,24719,0.0,0.0
2024-02-08 00:00:00-03:00,7306.484906442484,7306.484906442484,6919.512187297385,6940.0107421875,11990,0.0,0.0
2024-02-09 00:00:00-03:00,6880.014589009347,6999.506158428229,6811.519421601871,6893.013671875,10137,0.0,0.0
2024-02-14 00:00:00-03:00,6893.013879050734,7099.4993169304735,6697.027700724203,6799.0205078125,5592,0.0,0.0
2024-02-15 00:00:00-03:00,6696.527762195135,7131.497088244842,6582.535800885557,6834.01806640625,38598,0.0,0.0
2024-02-16 00:00:00-03:00,6999.5066849226805,7179.993964441043,6699.527826997422,6789.521484375,14394,0.0,0.0
2024-02-19 00:00:00-03:00,6787.521474204651,7104.999091773888,6599.534727423497,7009.005859375,2132,0.0,0.0
2024-02-20 00:00:00-03:00,7009.005496532285,7149.495584593172,6469.543556967528,6595.53466796875,23902,0.0,0.0
2024-02-21 00:00:00-03:00,6666.52989435088,6787.0213976161085,6614.033596247772,6626.53271484375,8617,0.0,0.0
2024-02-22 00:00:00-03:00,6626.53289561454,6982.007838181459,6434.546428742956,6587.53564453125,6799,0.0,0.0
2024-02-23 00:00:00-03:00,6599.5347445870575,6700.527624769375,6456.544825121005,6656.03076171875,7797,0.0,0.0
2024-02-26 00:00:00-03:00,6499.541759859522,6799.520610314577,6449.54528478368,6468.5439453125,3417,0.0,0.0
2024-02-27 00:00:00-03:00,6520.040697009304,6699.528053057639,6487.043021524095,6564.03759765625,3984,0.0,0.0
2024-02-28 00:00:00-03:00,6573.536524134592,6573.536524134592,6090.070611536619,6163.5654296875,66852,0.0,0.0
2024-02-29 00:00:00-03:00,6279.557342264366,6279.557342264366,6009.576373727522,6047.07373046875,13345,0.0,0.0
2024-03-01 00:00:00-03:00,6278.557174952953,6353.551885595009,5995.577133463593,6293.05615234375,3507,0.0,0.0
2024-03-04 00:00:00-03:00,6353.551891117826,6353.551891117826,5745.59476965109,5801.5908203125,19419,0.0,0.0
2024-03-05 00:00:00-03:00,5834.588403756278,5834.588403756278,5580.106355983189,5599.60498046875,21176,0.0,0.0
2024-03-06 00:00:00-03:00,5879.584945592395,6613.033169672671,5879.584945592395,6363.55078125,59656,0.0,0.0
2024-03-07 00:00:00-03:00,6394.54908718884,6394.54908718884,6056.072954895888,6183.56396484375,9717,0.0,0.0
2024-03-08 00:00:00-03:00,6199.062969475215,6514.540728466977,6121.068468044605,6503.54150390625,7001,0.0,0.0
2024-03-11 00:00:00-03:00,6649.530754742782,7004.005740089597,6649.530754742782,6684.0283203125,17437,0.0,0.0
2024-03-12 00:00:00-03:00,6789.521242477245,7529.469065663278,6789.521242477245,7346.98193359375,19128,0.0,0.0
2024-03-13 00:00:00-03:00,7529.468624752152,7759.9523588830125,7348.481397517075,7375.4794921875,18763,0.0,0.0
2024-03-14 00:00:00-03:00,7257.488052692819,7257.488052692819,7069.0013486514035,7143.49609375,13166,0.0,0.0
2024-03-15 00:00:00-03:00,7149.495855721977,7419.476818105884,7149.495855721977,7388.47900390625,10458,0.0,0.0
2024-03-18 00:00:00-03:00,7419.476996237981,7539.9685027132755,7419.476996237981,7487.97216796875,3389,0.0,0.0
2024-03-19 00:00:00-03:00,7374.480367268475,7486.472475896823,7257.988575704166,7428.4765625,7392,0.0,0.0
2024-03-20 00:00:00-03:00,7499.471295908662,7712.956245465529,7495.471577884177,7687.9580078125,8523,0.0,0.0
2024-03-21 00:00:00-03:00,7683.4582565489845,7687.457974537818,7403.477997330646,7409.9775390625,8068,0.0,0.0
2024-03-22 00:00:00-03:00,7398.978047622833,7398.978047622833,7219.490709350207,7246.98876953125,4048,0.0,0.0
2024-03-25 00:00:00-03:00,7199.492279360907,7630.961851380939,7199.492279360907,7228.490234375,4233,0.0,0.0
2024-03-26 00:00:00-03:00,7199.49249507874,7335.982873631275,7133.497147207185,7238.48974609375,5768,0.0,0.0
2024-03-27 00:00:00-03:00,7388.479200053418,7491.471940289648,7324.983675733024,7370.48046875,4847,0.0,0.0
2024-04-03 00:00:00-03:00,7455.974472688286,7455.974472688286,7242.489519973346,7315.484375,3893,0.0,0.0
2024-04-04 00:00:00-03:00,7162.181186841882,7196.179673453068,6880.193739066746,6899.69287109375,5875,280.725,0.0
2024-04-05 00:00:00-03:00,6880.193818097105,6926.691748849451,6661.703541336082,6813.69677734375,5444,0.0,0.0
2024-04-08 00:00:00-03:00,6841.195429032821,6902.192713425279,6699.201750611033,6712.201171875,5184,0.0,0.0
2024-04-09 00:00:00-03:00,6864.194131713403,6973.689252614068,6824.1959140327945,6969.189453125,14097,0.0,0.0
2024-04-10 00:00:00-03:00,6999.688515085121,6999.688515085121,6866.694433298504,6945.69091796875,3325,0.0,0.0
2024-04-11 00:00:00-03:00,7044.68637327663,7094.684147394988,6997.1884878641895,7085.1845703125,493,0.0,0.0
2024-04-12 00:00:00-03:00,6829.695501389097,6829.695501389097,6654.7033033300795,6658.703125,6071,0.0,0.0
2024-04-15 00:00:00-03:00,6736.700157276749,6907.692546603501,6734.200268543903,6790.69775390625,4329,0.0,0.0
2024-04-16 00:00:00-03:00,6674.202933834308,6809.696903050662,6646.704157794089,6746.69970703125,5942,0.0,0.0
2024-04-17 00:00:00-03:00,6749.699523434003,6821.696318350632,6676.702773032421,6701.70166015625,1150,0.0,0.0
2024-04-18 00:00:00-03:00,6713.70119918436,6772.698573439928,6649.704047449508,6758.19921875,1499,0.0,0.0
2024-04-19 00:00:00-03:00,6650.70370813445,6848.694887537641,6595.206180574464,6828.19580078125,3626,0.0,0.0
2024-04-22 00:00:00-03:00,6799.697541914076,7179.1806620841335,6799.697541914076,7157.181640625,4835,0.0,0.0
2024-04-23 00:00:00-03:00,7194.679565177788,7341.173040688358,7194.679565177788,7268.67626953125,4007,0.0,0.0
2024-04-24 00:00:00-03:00,7470.167498784221,7483.666897918628,7349.172884320277,7437.6689453125,6912,0.0,0.0
2024-04-25 00:00:00-03:00,7426.6697234376015,7745.155559833841,7426.6697234376015,7718.65673828125,3649,0.0,0.0
2024-04-26 00:00:00-03:00,7800.652899395731,8242.633232882836,7800.652899395731,8230.1337890625,6972,0.0,0.0
2024-04-29 00:00:00-03:00,8209.634603413675,8216.134314122832,8055.641457381311,8151.13720703125,8410,0.0,0.0
2024-04-30 00:00:00-03:00,8144.637511670042,8144.637511670042,7871.149683623173,7899.1484375,3883,0.0,0.0
2024-05-02 00:00:00-03:00,8199.635009095276,9138.09323544112,8199.635009095276,9104.5947265625,31615,0.0,0.0
2024-05-03 00:00:00-03:00,9000.599562232434,9214.590041770012,9000.599562232434,9197.0908203125,7969,0.0,0.0
2024-05-06 00:00:00-03:00,9299.5854736853,9299.5854736853,8974.599959819952,9070.095703125,24078,0.0,0.0
2024-05-07 00:00:00-03:00,9076.595796294881,9076.595796294881,8737.6108921477,8793.6083984375,9397,0.0,0.0
2024-05-08 00:00:00-03:00,8899.604199878437,8899.604199878437,8569.618875613281,8585.6181640625,7121,0.0,0.0
2024-05-09 00:00:00-03:00,8255.633001422475,8807.108485953058,8255.633001422475,8787.109375,4974,0.0,0.0
2024-05-10 00:00:00-03:00,9099.094591328845,9099.094591328845,8662.614038648473,8679.61328125,5066,0.0,0.0
2024-05-13 00:00:00-03:00,8821.607558229494,9279.587184353853,8821.607558229494,9088.095703125,13168,0.0,0.0
2024-05-14 00:00:00-03:00,9049.59748027921,9093.095545515911,8856.606064401432,9067.5966796875,6408,0.0,0.0
2024-05-15 00:00:00-03:00,9099.595286220854,9210.09037183925,9061.596976234438,9156.0927734375,13585,0.0,0.0
2024-05-16 00:00:00-03:00,9199.590512948207,9519.07629217505,9119.594073705179,9412.0810546875,50573,0.0,0.0
2024-05-17 00:00:00-03:00,9424.579682660433,9852.06061786864,9424.579682660433,9766.064453125,4074,0.0,0.0
2024-05-20 00:00:00-03:00,9799.563716256163,9954.056838109385,9412.58094501217,9936.5576171875,14346,0.0,0.0
2024-05-21 00:00:00-03:00,9848.561847752459,10043.553172791724,9490.077796334117,9987.5556640625,20921,0.0,0.0
2024-05-22 00:00:00-03:00,10044.552804633353,10397.03711161526,9949.557033957377,10243.5439453125,12593,0.0,0.0
2024-05-23 00:00:00-03:00,10242.543813745824,10352.538914742801,9701.567907933417,9801.0634765625,32789,0.0,0.0
2024-05-24 00:00:00-03:00,9819.561906143013,9819.561906143013,9262.086777561066,9346.5830078125,40959,0.0,0.0
2024-05-27 00:00:00-03:00,9689.568541666667,9998.554783088235,8969.100622753269,9562.07421875,2474,0.0,0.0
2024-05-28 00:00:00-03:00,9573.074649594157,9573.074649594157,9104.59546503941,9253.0888671875,26511,0.0,0.0
2024-05-29 00:00:00-03:00,9207.590851941612,9207.590851941612,8733.111935863604,8922.603515625,8837,0.0,0.0
2024-05-30 00:00:00-03:00,9589.573033762785,9589.573033762785,8930.102396039474,9190.0908203125,16491,0.0,0.0
2024-05-31 00:00:00-03:00,9169.592140183378,9315.585646450201,8992.600012722913,9287.0869140625,7843,0.0,0.0
2024-06-03 00:00:00-03:00,9279.586174389173,9939.556742826335,9279.586174389173,9679.068359375,6180,0.0,0.0
2024-06-04 00:00:00-03:00,9944.557227048377,10132.048879142048,9688.068646984233,9848.0615234375,5719,0.0,0.0
2024-06-05 00:00:00-03:00,9869.56052051045,10329.04006044708,9869.56052051045,10000.5546875,11517,0.0,0.0
2024-06-06 00:00:00-03:00,9949.556937719219,9952.056826397038,9684.568737870415,9693.068359375,7552,0.0,0.0
2024-06-07 00:00:00-03:00,9691.068531688727,9777.06470294449,9530.0756994541,9651.0703125,4980,0.0,0.0
2024-06-10 00:00:00-03:00,9699.568025374,9785.564195495872,9548.574749927457,9692.068359375,5224,0.0,0.0
2024-06-11 00:00:00-03:00,9692.567851855652,9710.067071643898,9499.576456476703,9593.572265625,4700,0.0,0.0
2024-06-12 00:00:00-03:00,9593.572096546086,9718.566521402065,9459.578073100478,9633.5703125,5893,0.0,0.0
2024-06-13 00:00:00-03:00,9625.571004991423,9789.06371840469,9237.588296707954,9400.0810546875,2870,0.0,0.0
2024-06-14 00:00:00-03:00,9294.585912821525,9294.585912821525,9037.597362031302,9140.5927734375,3147,0.0,0.0
2024-06-18 00:00:00-03:00,9143.59278613112,9499.076954489565,9050.596927741992,9231.5888671875,2880,0.0,0.0
2024-06-19 00:00:00-03:00,9232.58903892115,9589.57314884153,8999.599409757431,9368.0830078125,836,0.0,0.0
2024-06-24 00:00:00-03:00,9386.581708000893,9562.573865304414,9219.589149650392,9313.5849609375,5235,0.0,0.0
2024-06-25 00:00:00-03:00,9274.586838528468,9274.586838528468,8953.60113770177,9075.595703125,13624,0.0,0.0
2024-06-26 00:00:00-03:00,9034.598075637206,9242.588822702237,8970.60092269412,9241.5888671875,4879,0.0,0.0
2024-06-27 00:00:00-03:00,9005.099687221345,9099.595486504275,8824.607710813212,8831.107421875,7918,0.0,0.0
2024-06-28 00:00:00-03:00,8826.107324179628,8864.605611380774,8658.61477596685,8736.111328125,16747,0.0,0.0
2024-07-01 00:00:00-03:00,8998.099180850983,9142.592744404126,8822.606998127267,9098.0947265625,8749,0.0,0.0
2024-07-02 00:00:00-03:00,9078.596321211802,9404.581826302125,9069.59672137802,9334.0849609375,21547,0.0,0.0
2024-07-03 00:00:00-03:00,9459.578774717704,9513.076392523983,9254.58790274972,9342.583984375,5346,0.0,0.0
2024-07-04 00:00:00-03:00,9430.579642276807,9659.569435308445,9430.579642276807,9596.072265625,1584,0.0,0.0
2024-07-05 00:00:00-03:00,9499.57668029694,9499.57668029694,9074.095640563639,9357.5830078125,18365,0.0,0.0
2024-07-08 00:00:00-03:00,9328.584947558476,9328.584947558476,9129.593801180072,9196.5908203125,10052,0.0,0.0
2024-07-10 00:00:00-03:00,9249.58719233031,9349.58272954469,9179.590316280242,9299.5849609375,12561,0.0,0.0
2024-07-11 00:00:00-03:00,9599.573148148149,10174.547581500772,9599.573148148149,10124.5498046875,21337,0.0,0.0
2024-07-12 00:00:00-03:00,10299.540889928838,10299.540889928838,9989.554707804766,10099.5498046875,120408,0.0,0.0
2024-07-15 00:00:00-03:00,9899.559335982349,9899.559335982349,8699.612749802669,8709.6123046875,18544,0.0,0.0
2024-07-16 00:00:00-03:00,8769.6094609375,8869.605007812499,8439.62415625,8749.6103515625,6242,0.0,0.0
2024-07-17 00:00:00-03:00,8699.612492873433,8899.603584663626,8699.612492873433,8769.609375,5783,0.0,0.0
2024-07-18 00:00:00-03:00,8859.605261736751,8929.602143037155,8629.61550889257,8679.61328125,7875,0.0,0.0
2024-07-19 00:00:00-03:00,8789.608570312499,8789.608570312499,8619.616140625,8749.6103515625,4991,0.0,0.0
2024-07-22 00:00:00-03:00,8759.61002094972,9019.59844622905,8759.61002094972,8949.6015625,7299,0.0,0.0
2024-07-23 00:00:00-03:00,8749.610437696878,8789.608656840635,8569.618451549972,8729.611328125,15784,0.0,0.0
2024-07-24 00:00:00-03:00,8699.61273619186,8749.610510537792,8529.620303415699,8599.6171875,5703,0.0,0.0
2024-07-25 00:00:00-03:00,8729.610712756848,9199.58975456621,8729.610712756848,8759.609375,11495,0.0,0.0
2024-07-26 00:00:00-03:00,8659.613834189498,8779.608483162101,8649.614280108448,8759.609375,3033,0.0,0.0
2024-07-29 00:00:00-03:00,8759.610065406978,8759.610065406978,8549.61941315407,8599.6171875,7704,0.0,0.0
2024-07-30 00:00:00-03:00,8499.620791647932,8509.620345520458,8289.630160324865,8339.6279296875,5547,0.0,0.0
2024-07-31 00:00:00-03:00,8349.628739659925,8509.621625689339,8269.63229664522,8499.6220703125,223,0.0,0.0
2024-08-01 00:00:00-03:00,8279.631564208688,8449.623999705726,8199.635123974787,8229.6337890625,12843,0.0,0.0
2024-08-02 00:00:00-03:00,8219.633450207079,8329.628545039533,8079.639693147591,8299.6298828125,6874,0.0,0.0
2024-08-05 00:00:00-03:00,8159.637264784946,8399.62659610215,8039.642599126344,8369.6279296875,22866,0.0,0.0
2024-08-06 00:00:00-03:00,8509.621625689339,8539.620291819852,8339.629184283089,8499.6220703125,3532,0.0,0.0
2024-08-07 00:00:00-03:00,8599.616614831644,8599.616614831644,8319.629097139452,8389.6259765625,2667,0.0,0.0
2024-08-08 00:00:00-03:00,8489.621984246474,8619.61619601939,8489.621984246474,8509.62109375,4978,0.0,0.0
2024-08-09 00:00:00-03:00,8509.621166001642,8509.621166001642,8099.6394176983895,8379.626953125,4059,0.0,0.0
2024-08-12 00:00:00-03:00,8379.626422359208,8499.621072798718,8329.628651342744,8389.6259765625,1697,0.0,0.0
2024-08-13 00:00:00-03:00,8409.624977644955,8409.624977644955,8249.632112434112,8299.6298828125,6235,0.0,0.0
2024-08-14 00:00:00-03:00,8279.63165156821,8279.63165156821,8049.641883469093,8209.634765625,16994,0.0,0.0
2024-08-15 00:00:00-03:00,8429.624586317273,8749.610335738571,8429.624586317273,8639.615234375,36815,0.0,0.0
2024-08-16 00:00:00-03:00,9199.59083897293,9439.580165207006,9009.59928903762,9419.5810546875,17221,0.0,0.0
2024-08-19 00:00:00-03:00,9599.572697368421,9669.569581620066,9429.580264185855,9499.5771484375,3467,0.0,0.0
2024-08-20 00:00:00-03:00,9279.586987704917,9279.586987704917,8989.599894339139,9149.5927734375,15453,0.0,0.0
2024-08-21 00:00:00-03:00,8499.621568048397,8739.61088291094,8449.6237941187,8729.611328125,81799,0.0,0.0
2024-08-22 00:00:00-03:00,8629.615938911349,8709.612378669508,8459.623504425263,8579.6181640625,29260,0.0,0.0
2024-08-23 00:00:00-03:00,8609.616927308607,8719.61203323241,8579.618262056661,8669.6142578125,20928,0.0,0.0
2024-08-26 00:00:00-03:00,8549.619928175403,8549.619928175403,8199.635486671146,8369.6279296875,62928,0.0,0.0
2024-08-27 00:00:00-03:00,8499.621282909131,8669.613708567314,8499.621282909131,8569.6181640625,21682,0.0,0.0
2024-08-28 00:00:00-03:00,8529.62027567497,8579.618049858294,8329.629178941677,8379.626953125,31077,0.0,0.0
2024-08-29 00:00:00-03:00,8449.623850899956,8599.617173696997,8449.623850899956,8489.6220703125,39031,0.0,0.0
2024-08-30 00:00:00-03:00,8629.616219876287,8779.60954930635,8609.617109285613,8739.611328125,16708,0.0,0.0
2024-09-02 00:00:00-03:00,8699.611882990057,8849.60519131747,8559.618128551136,8799.607421875,3477,0.0,0.0
2024-09-03 00:00:00-03:00,8839.606881078376,8839.606881078376,8669.614441057638,8739.611328125,23724,0.0,0.0
2024-09-04 00:00:00-03:00,8749.610611155063,8829.60705102848,8649.61506131329,8689.61328125,27281,0.0,0.0
2024-09-05 00:00:00-03:00,8649.614844912574,8689.613063848587,8369.627312360491,8399.6259765625,44403,0.0,0.0
2024-09-06 00:00:00-03:00,8379.626748285062,8419.624966653964,8159.636547256098,8199.634765625,11766,0.0,0.0
2024-09-09 00:00:00-03:00,8189.635412415461,8189.635412415461,7979.644760815065,8039.64208984375,25520,0.0,0.0
2024-09-10 00:00:00-03:00,8149.637380428291,8209.634710836352,8019.643164544159,8109.63916015625,21023,0.0,0.0
2024-09-11 00:00:00-03:00,8149.637093354192,8349.628187669632,8129.637983922647,8289.630859375,17328,0.0,0.0
2024-09-12 00:00:00-03:00,8129.638598370296,8399.62659610215,8129.638598370296,8369.6279296875,36699,0.0,0.0
2024-09-13 00:00:00-03:00,8369.627193692835,8369.627193692835,8169.636101848323,8199.634765625,50584,0.0,0.0
2024-09-16 00:00:00-03:00,8449.62376345911,8449.62376345911,8109.638901970815,8169.63623046875,17972,0.0,0.0
2024-09-17 00:00:00-03:00,8539.619918604218,8569.61858342367,8339.628819807866,8359.6279296875,27305,0.0,0.0
2024-09-18 00:00:00-03:00,8449.624099731445,8449.624099731445,8269.632107074443,8319.6298828125,37376,0.0,0.0
2024-09-19 00:00:00-03:00,8659.614274515394,8799.608038768529,8649.614719925885,8769.609375,38436,0.0,0.0
2024-09-20 00:00:00-03:00,8799.608211626575,8799.608211626575,8609.61667069373,8729.611328125,29781,0.0,0.0
2024-09-23 00:00:00-03:00,8869.604886239034,9209.589740953947,8869.604886239034,9119.59375,46502,0.0,0.0
2024-09-24 00:00:00-03:00,9759.566004247574,10349.539768848605,9759.566004247574,10299.5419921875,60165,0.0,0.0
2024-09-25 00:00:00-03:00,10274.543407843212,10274.543407843212,10024.55451714143,10174.5478515625,15646,0.0,0.0
2024-09-26 00:00:00-03:00,11149.503570228495,11699.479082661292,11099.505796370968,11624.482421875,70867,0.0,0.0
2024-09-27 00:00:00-03:00,11674.480396708504,12274.453693327356,11674.480396708504,12199.45703125,46623,0.0,0.0
2024-09-30 00:00:00-03:00,12774.431415719697,13149.414725378789,12124.46034564394,12374.44921875,41272,0.0,0.0
2024-10-01 00:00:00-03:00,12574.439669324578,13399.402908067543,12574.439669324578,13324.40625,42931,0.0,0.0
2024-10-02 00:00:00-03:00,13899.380722128379,14324.361787373311,13574.39520164696,13874.3818359375,41593,0.0,0.0
2024-10-03 00:00:00-03:00,13699.3896484375,13774.38630709683,13449.400786239736,13699.3896484375,20319,0.0,0.0
2024-10-04 00:00:00-03:00,14049.37454665685,14474.355627249673,14049.37454665685,14324.3623046875,25307,0.0,0.0
2024-10-07 00:00:00-03:00,14449.357014266305,14449.357014266305,13599.394836956522,14374.3603515625,40864,0.0,0.0
2024-10-08 00:00:00-03:00,13824.384869791666,13824.384869791666,12974.422689732142,13124.416015625,27120,0.0,0.0
2024-10-09 00:00:00-03:00,13049.419267003677,13099.41704197304,12599.439292279412,12749.4326171875,21894,0.0,0.0
2024-10-10 00:00:00-03:00,12874.427328109741,13149.415096282959,12749.432888031006,12799.4306640625,9786,0.0,0.0
2024-10-14 00:00:00-03:00,13099.416443810096,13324.406420898436,12949.423125751202,12999.4208984375,7464,0.0,0.0
2024-10-15 00:00:00-03:00,12699.434537208686,12699.434537208686,11774.47572249073,11799.474609375,20798,0.0,0.0
2024-10-16 00:00:00-03:00,11824.473322728736,12399.447712628866,11824.473322728736,12124.4599609375,14094,0.0,0.0
2024-10-17 00:00:00-03:00,11799.474352051837,11799.474352051837,11499.487715982723,11574.484375,11419,0.0,0.0
2024-10-18 00:00:00-03:00,11699.479041623174,12074.4623442393,11699.479041623174,11974.466796875,12282,0.0,0.0
2024-10-21 00:00:00-03:00,11974.466106688422,11974.466106688422,11774.475023486946,11849.4716796875,6725,0.0,0.0
2024-10-22 00:00:00-03:00,11574.483930369672,12274.452720975181,11574.483930369672,12024.4638671875,11725,0.0,0.0
2024-10-23 00:00:00-03:00,12249.454573291843,12249.454573291843,11799.474609375,11799.474609375,8944,0.0,0.0
2024-10-24 00:00:00-03:00,11599.48410443723,11649.48188074946,11449.49077550054,11549.486328125,8024,0.0,0.0
2024-10-25 00:00:00-03:00,11549.48576108871,12049.46349966398,11549.48576108871,11624.482421875,7345,0.0,0.0
2024-10-28 00:00:00-03:00,12174.457179460109,12199.456064838876,11974.466096429964,12024.4638671875,8585,0.0,0.0
2024-10-29 00:00:00-03:00,11974.466955850292,12099.461391715116,11824.4736328125,11824.4736328125,5691,0.0,0.0
2024-10-30 00:00:00-03:00,11799.475209686147,11799.475209686147,11499.48855181277,11549.486328125,5754,0.0,0.0
2024-10-31 00:00:00-03:00,11699.479356263382,11724.478243776766,11499.488256156317,11674.48046875,9468,0.0,0.0
2024-11-01 00:00:00-03:00,11899.469450487868,11949.467221288238,11699.478367286392,11849.4716796875,3574,0.0,0.0
2024-11-04 00:00:00-03:00,11949.467652925532,12024.464311835107,11724.477676196808,11749.4765625,9483,0.0,0.0
2024-11-05 00:00:00-03:00,11899.470294331395,12124.460278888082,11774.47585846657,11824.4736328125,6954,0.0,0.0
2024-11-06 00:00:00-03:00,11224.500272831208,11424.491369006375,11199.501385809313,11274.498046875,9573,0.0,0.0
2024-11-07 00:00:00-03:00,11349.49501183221,12074.462754878761,11349.49501183221,12049.4638671875,12482,0.0,0.0
2024-11-08 00:00:00-03:00,11999.464738175677,11999.464738175677,10949.511573585305,11099.5048828125,9051,0.0,0.0
2024-11-11 00:00:00-03:00,11124.504724743625,11374.493594962583,11124.504724743625,11274.498046875,12719,0.0,0.0
2024-11-12 00:00:00-03:00,10774.519975353422,10774.519975353422,10399.536681547619,10499.5322265625,28426,0.0,0.0
2024-11-13 00:00:00-03:00,10699.523333459443,10699.523333459443,10299.54115276937,10324.5400390625,32743,0.0,0.0
2024-11-14 00:00:00-03:00,10299.541295213447,10399.536841768917,9589.572914669607,9779.564453125,96360,0.0,0.0
2024-11-15 00:00:00-03:00,9949.556364425505,9949.556364425505,9659.569294507575,9899.55859375,35172,0.0,0.0
2024-11-19 00:00:00-03:00,9919.558569587629,9919.558569587629,9629.571474307346,9699.568359375,19029,0.0,0.0
2024-11-20 00:00:00-03:00,9699.56729841821,9879.55926890432,9649.569528838734,9719.56640625,8980,0.0,0.0
2024-11-21 00:00:00-03:00,9789.563938729818,9929.55770292003,9649.570174539605,9909.55859375,3815,0.0,0.0
2024-11-22 00:00:00-03:00,9789.564706909434,9999.555369672556,9589.573599515983,9619.572265625,9884,0.0,0.0
2024-11-25 00:00:00-03:00,9499.577161648023,9609.572265625,9399.581612578044,9609.572265625,13934,0.0,0.0
2024-11-26 00:00:00-03:00,9649.57068157878,9809.56356334589,9589.573350916115,9789.564453125,12610,0.0,0.0
2024-11-27 00:00:00-03:00,10199.545607596852,10324.5400390625,10099.550062424334,10324.5400390625,40563,0.0,0.0
2024-11-28 00:00:00-03:00,10449.534883939303,10799.519305889422,9999.554912860576,10399.537109375,3171,0.0,0.0
2024-11-29 00:00:00-03:00,10499.532089051312,10499.532089051312,10124.548800156623,10474.533203125,3904,0.0,0.0
2024-12-02 00:00:00-03:00,10499.533098831918,10549.530875493023,9999.555332220874,10299.5419921875,11822,0.0,0.0
2024-12-03 00:00:00-03:00,10299.54087781326,10399.536420316303,10074.550907181418,10274.5419921875,8452,0.0,0.0
2024-12-04 00:00:00-03:00,10274.542604398,10274.542604398,9799.563749206853,9849.5615234375,8351,0.0,0.0
2024-12-05 00:00:00-03:00,9979.555303863064,10124.548842847047,9899.558868561557,9949.556640625,8209,0.0,0.0
2024-12-06 00:00:00-03:00,10024.554107329986,10374.538540004849,9969.556553623936,9989.5556640625,16579,0.0,0.0
2024-12-09 00:00:00-03:00,10449.535461149604,11374.494341681986,10449.535461149604,11049.5087890625,70805,0.0,0.0
2024-12-10 00:00:00-03:00,10449.53512867647,10699.524007352942,10449.53512867647,10624.52734375,15558,0.0,0.0
2024-12-11 00:00:00-03:00,10449.534191567824,10474.533077193584,10199.54533531022,10274.5419921875,13672,0.0,0.0
2024-12-12 00:00:00-03:00,10299.54229691339,10299.54229691339,9949.557849930896,10174.5478515625,15009,0.0,0.0
2024-12-13 00:00:00-03:00,10299.54202353395,10549.530907600309,9889.560253665124,10124.5498046875,8343,0.0,0.0
2024-12-16 00:00:00-03:00,9999.554802389706,10249.543672449448,9959.556583180147,10199.5458984375,21075,0.0,0.0
2024-12-17 00:00:00-03:00,10249.543740915698,10749.521484375,10199.545966569767,10749.521484375,16432,0.0,0.0
2024-12-18 00:00:00-03:00,10849.517056368202,11099.505928634751,10549.530409648345,10574.529296875,26166,0.0,0.0
2024-12-19 00:00:00-03:00,10599.528207632211,10749.52153132512,10324.540447528545,10399.537109375,18327,0.0,0.0
2024-12-20 00:00:00-03:00,10299.541560246395,10424.53599665715,9939.557583383414,10399.537109375,14489,0.0,0.0
2024-12-23 00:00:00-03:00,10849.516477772886,10849.516477772886,10324.539874009683,10649.525390625,17808,0.0,0.0
2024-12-24 00:00:00-03:00,10699.523162411971,10849.516477772886,10624.526504731513,10649.525390625,4772,0.0,0.0
2024-12-26 00:00:00-03:00,10649.525800371503,10849.516895214161,10624.52691351617,10724.5224609375,18846,0.0,0.0
2024-12-27 00:00:00-03:00,10699.523333459443,10699.523333459443,10249.543380183111,10324.5400390625,9596,0.0,0.0
2024-12-30 00:00:00-03:00,10324.540333467372,10499.532542509192,9749.565932329964,10199.5458984375,4511,0.0,0.0
2025-01-02 00:00:00-03:00,10274.54200427367,10374.537546894338,10024.553147722,10099.5498046875,5027,0.0,0.0
2025-01-03 00:00:00-03:00,10174.54725672587,10449.535020421163,10174.54725672587,10424.5361328125,3762,0.0,0.0
2025-01-06 00:00:00-03:00,10499.532932117225,10824.518475254186,10299.541828648325,10449.53515625,16204,0.0,0.0
2025-01-07 00:00:00-03:00,10399.537245203837,10599.528346073143,10249.54391955186,10424.5361328125,4233,0.0,0.0
2025-01-08 00:00:00-03:00,10349.5390625,10399.536835748793,10149.54796950483,10349.5390625,10250,0.0,0.0
2025-01-09 00:00:00-03:00,9999.555068597561,10624.527260384908,9999.555068597561,10249.5439453125,641,0.0,0.0
2025-01-10 00:00:00-03:00,10099.550394590737,10099.550394590737,9759.565529822336,9849.5615234375,13347,0.0,0.0
2025-01-13 00:00:00-03:00,9849.561452005573,10074.551434411793,9749.565904269475,9979.5556640625,3413,0.0,0.0
2025-01-14 00:00:00-03:00,9999.554649758455,10499.532382246376,9999.554649758455,10349.5390625,6058,0.0,0.0
2025-01-15 00:00:00-03:00,10474.533476840856,10699.523456057006,10424.53570368171,10524.53125,12298,0.0,0.0
2025-01-16 00:00:00-03:00,10549.52999906994,10699.523316592262,10499.5322265625,10499.5322265625,1969,0.0,0.0
2025-01-17 00:00:00-03:00,10624.526694114471,11674.479920356373,10624.526694114471,11574.484375,36700,0.0,0.0
2025-01-20 00:00:00-03:00,11599.483626302084,12224.45580444336,11599.483626302084,11999.4658203125,7013,0.0,0.0
2025-01-21 00:00:00-03:00,11999.464869281046,12024.46375442538,11374.492740672658,11474.48828125,27677,0.0,0.0
2025-01-22 00:00:00-03:00,11524.48673853381,11749.476718244881,11524.48673853381,11599.4833984375,5946,0.0,0.0
2025-01-23 00:00:00-03:00,11649.48160665761,11649.48160665761,11374.493843410326,11499.48828125,6560,0.0,0.0
2025-01-24 00:00:00-03:00,11549.486138980263,11899.470567434211,11299.497261513157,11874.4716796875,38128,0.0,0.0
2025-01-27 00:00:00-03:00,11999.464992088608,12049.462762888976,11649.480596486022,11849.4716796875,21315,0.0,0.0
2025-01-28 00:00:00-03:00,11849.47279194079,11974.467230674343,11674.480577713815,11874.4716796875,15928,0.0,0.0
2025-01-29 00:00:00-03:00,11699.478907884415,12224.455525545894,11699.478907884415,11949.4677734375,16552,0.0,0.0
2025-01-30 00:00:00-03:00,11949.46798200474,12524.4423828125,11749.476886071607,12524.4423828125,25484,0.0,0.0
2025-01-31 00:00:00-03:00,12499.443845630187,12549.441621012707,11949.468316422459,12049.4638671875,9866,0.0,0.0
2025-02-03 00:00:00-03:00,11724.477524701286,12174.457472344406,11499.487550879727,11899.4697265625,23562,0.0,0.0
2025-02-04 00:00:00-03:00,12274.45310931225,12599.438629518074,12274.45310931225,12449.4453125,13873,0.0,0.0
2025-02-05 00:00:00-03:00,12374.448844877747,12374.448844877747,11924.468886882192,11949.4677734375,14351,0.0,0.0
2025-02-06 00:00:00-03:00,11949.468614878146,12249.455274665881,11874.47194993121,11924.4697265625,4580,0.0,0.0
2025-02-07 00:00:00-03:00,12099.460523323803,12349.449377111487,11949.467211051195,12024.4638671875,23012,0.0,0.0
2025-02-10 00:00:00-03:00,12324.451982089178,12549.44197770541,12199.45754008016,12474.4453125,19178,0.0,0.0
2025-02-11 00:00:00-03:00,11999.465932377048,12399.44813012295,11999.465932377048,12199.45703125,18013,0.0,0.0
2025-02-12 00:00:00-03:00,12199.45622996795,12199.45622996795,11599.48297275641,11699.478515625,34398,0.0,0.0
2025-02-13 00:00:00-03:00,11549.485873909884,11874.471407158431,11349.494776526164,11824.4736328125,9225,0.0,0.0
2025-02-14 00:00:00-03:00,12224.455894886363,12624.43809185606,12224.455894886363,12374.44921875,36134,0.0,0.0
2025-02-17 00:00:00-03:00,12399.448268149285,12674.43603216066,11499.488313202966,12224.4560546875,4540,0.0,0.0
2025-02-18 00:00:00-03:00,12474.443814692115,12474.443814692115,11749.47613808676,11849.4716796875,52049,0.0,0.0
2025-02-19 00:00:00-03:00,11824.47390419408,11999.466118421053,11749.477240953947,11874.4716796875,7275,0.0,0.0
2025-02-20 00:00:00-03:00,12099.461171875,13024.419980468749,12099.461171875,12499.443359375,41725,0.0,0.0
2025-02-21 00:00:00-03:00,12624.43844795227,13174.413984298706,12574.440671920776,12799.4306640625,74049,0.0,0.0
2025-02-24 00:00:00-03:00,12649.436001656704,12649.436001656704,11824.472784157355,12024.4638671875,142722,0.0,0.0
2025-02-25 00:00:00-03:00,12124.460233653104,12349.450217370379,12074.46245949371,12174.4580078125,95463,0.0,0.0
2025-02-26 00:00:00-03:00,12774.43204530946,13174.41426199234,12774.43204530946,12849.4287109375,133821,0.0,0.0
2025-02-27 00:00:00-03:00,12999.421035268715,13224.411014725289,12799.429942418426,13024.419921875,78095,0.0,0.0
2025-02-28 00:00:00-03:00,12999.421768188477,12999.421768188477,12499.444007873535,12799.4306640625,30118,0.0,0.0
2025-03-05 00:00:00-03:00,12799.43042671614,13474.400390625,12799.43042671614,13474.400390625,52673,0.0,0.0
2025-03-06 00:00:00-03:00,13599.394119685767,14374.359593417861,13174.413053445587,13524.3974609375,192048,0.0,0.0
2025-03-07 00:00:00-03:00,13549.397274656792,13549.397274656792,12749.432859916908,12974.4228515625,103087,0.0,0.0
2025-03-10 00:00:00-03:00,12574.440866107214,12699.435308116232,12299.453093687374,12474.4453125,84042,0.0,0.0
2025-03-11 00:00:00-03:00,12549.441132812499,12624.437792968749,12399.447812499999,12499.443359375,40574,0.0,0.0
2025-03-12 00:00:00-03:00,12374.448380008822,12424.44615124118,12149.458409463206,12399.447265625,18775,0.0,0.0
2025-03-13 00:00:00-03:00,12499.443608791747,12974.422465925834,12499.443608791747,12724.43359375,29988,0.0,0.0
2025-03-14 00:00:00-03:00,13149.414318049066,13399.403183411216,13149.414318049066,13374.404296875,76137,0.0,0.0
2025-03-17 00:00:00-03:00,13674.390317883172,14224.365796847393,13674.390317883172,14149.369140625,48051,0.0,0.0
2025-03-18 00:00:00-03:00,14249.365066868568,14649.347244184177,14174.368408621891,14574.3505859375,28089,0.0,0.0
2025-03-19 00:00:00-03:00,14424.357421875,14699.345171685442,14374.359649182192,14424.357421875,31209,0.0,0.0
2025-03-20 00:00:00-03:00,13999.376266891892,13999.376266891892,13649.391860219594,13874.3818359375,19816,0.0,0.0
2025-03-21 00:00:00-03:00,13699.389941586096,13749.387715095534,13474.399960793622,13574.3955078125,79478,0.0,0.0
2025-03-25 00:00:00-03:00,13574.395527853894,13824.384395770172,13374.404433520871,13399.4033203125,20119,0.0,0.0
2025-03-26 00:00:00-03:00,13374.404007523148,13799.385069444445,13374.404007523148,13499.3984375,10428,0.0,0.0
2025-03-27 00:00:00-03:00,13799.385313624101,14024.375291563625,13724.388654310927,13899.380859375,15515,0.0,0.0
2025-03-28 00:00:00-03:00,13574.395780174886,13649.392441943808,13449.401343893349,13624.3935546875,3444,0.0,0.0
2025-03-31 00:00:00-03:00,13499.3984375,13674.390639467592,13399.402893518518,13499.3984375,12851,0.0,0.0
2025-04-01 00:00:00-03:00,13674.390916887685,13749.387576395296,13449.400938364854,13549.396484375,3205,0.0,0.0
2025-04-03 00:00:00-03:00,13199.412950664137,13274.409615156546,13049.419621679317,13174.4140625,8018,0.0,0.0
2025-04-04 00:00:00-03:00,12549.44101324314,12549.44101324314,11599.483326981708,12299.4521484375,29220,0.0,0.0
2025-04-07 00:00:00-03:00,11999.465704449152,12474.444555250264,11399.492419226695,11799.474609375,27179,0.0,0.0
2025-04-08 00:00:00-03:00,12099.717240963024,12174.715488324364,11199.738272626932,11324.7353515625,15585,369.375,0.0
2025-04-09 00:00:00-03:00,11599.729069010416,12124.716807047525,11374.73432413737,11999.7197265625,18081,0.0,0.0
2025-04-10 00:00:00-03:00,12174.715832468879,12549.70707987552,11949.721084024895,12049.71875,36436,0.0,0.0
2025-04-11 00:00:00-03:00,12224.714259413422,12399.710169057376,11674.727114818135,12199.71484375,14752,0.0,0.0
2025-04-14 00:00:00-03:00,12099.717582987552,12449.709413900415,11649.728086099585,12049.71875,7499,0.0,0.0
2025-04-15 00:00:00-03:00,11724.726180275537,11749.725596438171,11499.731434811827,11624.728515625,19962,0.0,0.0
2025-04-16 00:00:00-03:00,11224.737753252093,11224.737753252093,10324.758779717404,10449.755859375,17823,0.0,0.0
2025-04-21 00:00:00-03:00,9819.770397961816,9819.770397961816,8999.789570433437,9689.7734375,4834,0.0,0.0
2025-04-22 00:00:00-03:00,9489.778528645833,9759.772227564103,9349.781795873398,9749.7724609375,8770,0.0,0.0
2025-04-23 00:00:00-03:00,9839.770464321862,10174.762649845015,9799.771397393724,9879.76953125,16071,0.0,0.0
2025-04-24 00:00:00-03:00,9859.769420847251,9889.768719287962,9679.77363020298,9729.7724609375,21090,0.0,0.0
2025-04-25 00:00:00-03:00,9789.77125071894,9809.770783406824,9639.774755559816,9779.771484375,14661,0.0,0.0
2025-04-28 00:00:00-03:00,9739.771952644724,9869.768908891521,9559.776167072234,9759.771484375,8802,0.0,0.0
2025-04-29 00:00:00-03:00,9919.768213190184,9939.767745878067,9749.772185343174,9779.771484375,7236,0.0,0.0
2025-04-30 00:00:00-03:00,9599.775961538462,9769.771994190705,9519.77782852564,9749.7724609375,7102,0.0,0.0
2025-05-05 00:00:00-03:00,10074.764247433575,10449.755472524155,10074.764247433575,10349.7578125,11072,0.0,0.0
2025-05-06 00:00:00-03:00,10374.758016345571,10474.755683972999,10249.760931811286,10299.759765625,5030,0.0,0.0
2025-05-07 00:00:00-03:00,10049.765285026173,10099.764117289984,9699.77345917949,9909.7685546875,24908,0.0,0.0
2025-05-08 00:00:00-03:00,9789.770935120558,9919.767893401015,9729.772338991117,9849.76953125,11059,0.0,0.0
2025-05-09 00:00:00-03:00,9849.76961321328,9919.767975946776,9649.77429111758,9769.771484375,8869,0.0,0.0
2025-05-12 00:00:00-03:00,10224.761115991329,10499.754691238039,10224.761115991329,10449.755859375,41086,0.0,0.0
2025-05-13 00:00:00-03:00,10899.745713975693,10999.743381076389,10749.749213324652,10799.748046875,45055,0.0,0.0
2025-05-14 00:00:00-03:00,10524.753717542271,10524.753717542271,10274.759567481884,10349.7578125,13963,0.0,0.0
2025-05-15 00:00:00-03:00,9929.76753796546,9999.765899260281,9849.769410771378,9969.7666015625,23418,0.0,0.0
2025-05-16 00:00:00-03:00,9879.769105619907,9899.768638222378,9769.771676306325,9819.7705078125,13945,0.0,0.0
2025-05-19 00:00:00-03:00,9799.770741749491,9829.77003993852,9609.775186552306,9809.7705078125,17630,0.0,0.0
2025-05-20 00:00:00-03:00,9989.766173763217,10049.764769401436,9899.76828030589,9929.767578125,20041,0.0,0.0
2025-05-21 00:00:00-03:00,9949.767232694636,9949.767232694636,9769.771443560461,9809.7705078125,18622,0.0,0.0
2025-05-22 00:00:00-03:00,9799.771484375,9879.769618941327,9719.773349808673,9799.771484375,8700,0.0,0.0
2025-05-23 00:00:00-03:00,9759.77227085479,9759.77227085479,9649.774837474253,9709.7734375,9993,0.0,0.0
2025-05-26 00:00:00-03:00,9709.773420024672,9839.770386513159,9389.780887129935,9499.7783203125,2939,0.0,0.0
2025-05-27 00:00:00-03:00,9579.776410180817,9579.776410180817,9429.779911065252,9539.77734375,27361,0.0,0.0
2025-05-28 00:00:00-03:00,9399.780636100646,9439.779702637245,9269.7836698567,9289.783203125,9001,0.0,0.0
2025-05-29 00:00:00-03:00,9409.780089461876,9869.769339318673,9399.780323160641,9819.7705078125,23614,0.0,0.0
2025-05-30 00:00:00-03:00,9729.772927684295,9859.76989383013,9679.774094551281,9749.7724609375,22799,0.0,0.0
2025-06-02 00:00:00-03:00,9739.772377402622,9879.769105619907,9709.773078498918,9819.7705078125,6768,0.0,0.0
2025-06-03 00:00:00-03:00,9679.773397312243,9749.771758656443,9579.7757382491,9719.7724609375,5984,0.0,0.0
2025-06-04 00:00:00-03:00,9799.771040571823,10049.765199770083,9799.771040571823,9989.7666015625,15149,0.0,0.0
2025-06-05 00:00:00-03:00,9959.767429711246,10074.764744411728,9859.769764754306,9869.76953125,4889,0.0,0.0
2025-06-06 00:00:00-03:00,9849.770187870148,9939.768088063887,9789.77158774099,9919.7685546875,13253,0.0,0.0
2025-06-09 00:00:00-03:00,9999.766390931372,10224.761134727329,9999.766390931372,10199.76171875,33378,0.0,0.0
2025-06-10 00:00:00-03:00,10099.764064438587,10124.763480439671,9989.76663403381,10074.7646484375,13880,0.0,0.0
2025-06-11 00:00:00-03:00,10149.762896440758,10174.762312441842,10049.765232436415,10074.7646484375,6838,0.0,0.0
2025-06-12 00:00:00-03:00,10099.764267578124,10124.76368408203,9979.767068359375,9999.7666015625,4775,0.0,0.0
2025-06-13 00:00:00-03:00,10199.761469841984,10199.761469841984,9699.77316249679,9729.7724609375,16478,0.0,0.0
2025-06-17 00:00:00-03:00,9969.766764820655,10124.763138797305,9759.771677497452,9809.7705078125,3614,0.0,0.0
2025-06-18 00:00:00-03:00,9669.773597693218,9669.773597693218,9399.779919164037,9509.77734375,17932,0.0,0.0
2025-06-19 00:00:00-03:00,9299.782419786097,9969.766744652406,9119.786631016043,9349.78125,1825,0.0,0.0
2025-06-23 00:00:00-03:00,9229.784518409819,9409.780316168624,9179.78568569904,9369.78125,13140,0.0,0.0
2025-06-24 00:00:00-03:00,9539.776714230373,9729.772267239154,9539.776714230373,9679.7734375,7545,0.0,0.0
2025-06-25 00:00:00-03:00,9719.773263537449,9899.769064714068,9679.774196609313,9879.76953125,6323,0.0,0.0
2025-06-26 00:00:00-03:00,9869.769248753117,10049.765040523691,9869.769248753117,10024.765625,27981,0.0,0.0
2025-06-27 00:00:00-03:00,10049.764769401436,10049.764769401436,9879.768748426486,9929.767578125,14726,0.0,0.0
2025-06-30 00:00:00-03:00,9809.77042684372,9919.767852628918,9729.772298999937,9889.7685546875,8612,0.0,0.0
2025-07-01 00:00:00-03:00,9929.768409282862,10174.7626953125,9849.770275069102,10174.7626953125,17778,0.0,0.0
2025-07-02 00:00:00-03:00,9949.767568432073,10099.764064438587,9949.767568432073,10074.7646484375,30498,0.0,0.0
2025-07-03 00:00:00-03:00,9999.766688193045,10099.764355074974,9839.770421181956,9919.7685546875,19763,0.0,0.0
2025-07-04 00:00:00-03:00,10074.764143504734,10224.760631993637,9799.770581275076,9969.7666015625,1609,0.0,0.0
2025-07-07 00:00:00-03:00,10099.763667099634,10299.75898724022,10074.764252082061,10224.7607421875,10262,0.0,0.0
2025-07-08 00:00:00-03:00,10399.756642512077,10549.753132548309,10274.759567481884,10349.7578125,12149,0.0,0.0
2025-07-10 00:00:00-03:00,10024.765354552177,10024.765354552177,9869.768982486783,9929.767578125,77673,0.0,0.0
2025-07-11 00:00:00-03:00,9979.766448511755,9989.766214492227,9859.769256746082,9889.7685546875,16542,0.0,0.0
2025-07-14 00:00:00-03:00,9849.770145033257,10024.766061315575,9759.772245230923,9959.767578125,17254,0.0,0.0
2025-07-15 00:00:00-03:00,10249.760350136861,10349.758012089416,10199.761519160584,10274.759765625,118534,0.0,0.0
2025-07-16 00:00:00-03:00,10124.763086904393,10174.761916963182,9899.768351639852,10099.763671875,122460,0.0,0.0
2025-07-17 00:00:00-03:00,10024.765597164489,10549.753321704275,10024.765597164489,10524.75390625,285426,0.0,0.0
2025-07-18 00:00:00-03:00,10949.74433149858,11074.74141290838,10899.745498934659,10999.7431640625,85284,0.0,0.0
2025-07-21 00:00:00-03:00,10849.746688771802,10999.743186773256,10699.750190770348,10749.7490234375,21880,0.0,0.0
2025-07-22 00:00:00-03:00,10724.749810176376,10774.748643790252,10624.752142948624,10674.7509765625,19976,0.0,0.0
2025-07-23 00:00:00-03:00,10724.749607103924,10874.746105105378,10699.750190770348,10749.7490234375,23420,0.0,0.0
2025-07-24 00:00:00-03:00,10724.74922287632,10749.74863831426,10524.7538993728,10649.7509765625,14929,0.0,0.0
2025-07-25 00:00:00-03:00,10649.751559755561,10699.750393369437,10524.754475720873,10674.7509765625,13055,0.0,0.0
2025-07-28 00:00:00-03:00,10749.7490234375,10849.746688771802,10674.750774436772,10749.7490234375,8377,0.0,0.0
2025-07-29 00:00:00-03:00,10799.747891566265,10824.747307981928,10374.7578125,10374.7578125,20102,0.0,0.0
2025-07-30 00:00:00-03:00,10374.757611580442,10499.754691238039,10299.759363785886,10449.755859375,8598,0.0,0.0
2025-07-31 00:00:00-03:00,10474.755257009347,10874.745911214954,10299.759345794393,10699.75,30140,0.0,0.0
2025-08-01 00:00:00-03:00,10574.753323089455,10649.75157360782,10324.759154694906,10549.75390625,16768,0.0,0.0
2025-08-04 00:00:00-03:00,10699.749608464452,10774.747853383595,10199.761309003496,10724.7490234375,5350,0.0,0.0
2025-08-05 00:00:00-03:00,10674.750593325207,10749.748841053488,10524.754097868647,10574.7529296875,6373,0.0,0.0
2025-08-06 00:00:00-03:00,10599.751957786397,10599.751957786397,10374.757222833383,10474.7548828125,12702,0.0,0.0
2025-08-07 00:00:00-03:00,10549.75390625,10649.75157360782,10499.75507257109,10549.75390625,8744,0.0,0.0
2025-08-08 00:00:00-03:00,10524.754299200149,10524.754299200149,10374.757800874257,10499.7548828125,12231,0.0,0.0
2025-08-11 00:00:00-03:00,10524.753717542271,10524.753717542271,10299.758982487923,10349.7578125,8582,0.0,0.0
2025-08-12 00:00:00-03:00,10499.75448393486,10699.74980743838,10424.756237621039,10649.7509765625,10288,0.0,0.0
2025-08-13 00:00:00-03:00,10799.748046875,10799.748046875,10624.752129448785,10799.748046875,20675,0.0,0.0
2025-08-14 00:00:00-03:00,10699.749821589543,10849.746314415564,10299.759174053486,10399.7568359375,31685,0.0,0.0
2025-08-18 00:00:00-03:00,10424.756645331325,10574.7531438253,10274.760146837349,10374.7578125,16546,0.0,0.0
2025-08-19 00:00:00-03:00,10349.758420138889,10399.75725308642,10124.763671875,10124.763671875,7720,0.0,0.0
2025-08-20 00:00:00-03:00,10199.7621122543,10249.7609461379,10049.765610603501,10174.7626953125,5584,0.0,0.0
2025-08-21 00:00:00-03:00,10149.762877383475,10349.758205016647,10124.763461429327,10324.7587890625,4156,0.0,0.0
2025-08-22 00:00:00-03:00,10399.756633254718,10674.750198076357,10349.757803287146,10599.751953125,11346,0.0,0.0
2025-08-25 00:00:00-03:00,10799.747455561926,10999.742778813074,10724.749209342746,10899.7451171875,17786,0.0,0.0
2025-08-26 00:00:00-03:00,10874.746105105378,10974.74377043968,10724.749607103924,10749.7490234375,10261,0.0,0.0
2025-08-27 00:00:00-03:00,10449.756050037202,10549.753715587798,10349.758384486608,10499.7548828125,110498,0.0,0.0
2025-08-28 00:00:00-03:00,10224.7607421875,10274.759572222647,10099.763667099634,10224.7607421875,36216,0.0,0.0
2025-08-29 00:00:00-03:00,10349.758571534361,10624.752156768365,10099.76440313981,10549.75390625,39889,0.0,0.0
2025-09-01 00:00:00-03:00,10549.753118626166,10749.748438410546,10224.760723976544,10724.7490234375,7719,0.0,0.0
2025-09-02 00:00:00-03:00,10624.75174337832,10849.746486179272,10399.757000577367,10824.7470703125,14479,0.0,0.0
2025-09-03 00:00:00-03:00,10699.75,10774.748247663552,10524.754088785046,10699.75,14657,0.0,0.0
2025-09-04 00:00:00-03:00,10674.75039200044,10699.74980743838,10474.75506849692,10649.7509765625,18495,0.0,0.0
2025-09-05 00:00:00-03:00,10749.748813855593,10949.744140625,10724.749398009417,10949.744140625,19720,0.0,0.0
2025-09-08 00:00:00-03:00,11529.730413394935,11879.722229933375,11359.73438821912,11819.7236328125,130108,0.0,0.0
2025-09-09 00:00:00-03:00,11869.72282556363,12199.715119787386,11799.724460122226,12169.7158203125,137481,0.0,0.0
2025-09-10 00:00:00-03:00,12179.715565557066,12179.715565557066,11759.725373641304,11959.720703125,49548,0.0,0.0
2025-09-11 00:00:00-03:00,11999.71950301205,12469.70851688002,11979.719970507029,12449.708984375,174898,0.0,0.0
2025-09-12 00:00:00-03:00,12469.70902758573,12479.708794247788,12269.71369434458,12429.7099609375,127010,0.0,0.0
2025-09-15 00:00:00-03:00,12489.708389439784,12749.702319083846,12379.710957667296,12589.7060546875,113426,0.0,0.0
2025-09-16 00:00:00-03:00,12499.707678736837,12959.696921314351,12229.71399287612,12819.7001953125,229347,0.0,0.0
2025-09-17 00:00:00-03:00,12989.69654558573,13249.690471825323,12899.698648041256,13209.69140625,268022,0.0,0.0
2025-09-18 00:00:00-03:00,13059.694833806818,13839.676607954545,12879.699039772728,13749.6787109375,138487,0.0,0.0
2025-09-19 00:00:00-03:00,13849.676652469023,14059.671749726676,13639.68155521137,13719.6796875,122196,0.0,0.0
2025-09-22 00:00:00-03:00,13349.688009964793,13349.688009964793,12119.716755114103,12159.7158203125,230469,0.0,0.0
2025-09-23 00:00:00-03:00,11679.727582689004,11809.724550647015,11419.733646772982,11639.728515625,113764,0.0,0.0
2025-09-24 00:00:00-03:00,11499.73124453896,12529.707173397666,11499.73124453896,12159.7158203125,210870,0.0,0.0
2025-09-25 00:00:00-03:00,12129.717045957743,12409.710514454706,11919.72194458502,12349.7119140625,149735,0.0,0.0
2025-09-26 00:00:00-03:00,11999.71926713948,12819.700083727344,11939.720670803783,12689.703125,101390,0.0,0.0
2025-09-29 00:00:00-03:00,13009.696452678907,13349.688519851145,12879.699485818932,13309.689453125,106303,0.0,0.0
2025-09-30 00:00:00-03:00,13349.68788481645,13529.68367652184,13099.693729670074,13449.685546875,194286,0.0,0.0
2025-10-01 00:00:00-03:00,13599.681958830759,14299.665589064694,13569.682660392162,14239.6669921875,182943,0.0,0.0
2025-10-02 00:00:00-03:00,14399.663591056034,14549.6600867962,13839.676673626078,13919.6748046875,233375,0.0,0.0
2025-10-03 00:00:00-03:00,14009.672940736358,14079.671306607275,13439.686247216036,13469.685546875,248860,0.0,0.0
2025-10-06 00:00:00-03:00,13449.685342977336,13799.677154876374,13229.690489783654,13649.6806640625,118496,0.0,0.0
2025-10-07 00:00:00-03:00,13639.681492158672,13699.680091097785,13339.6884974631,13549.68359375,80499,0.0,0.0
2025-10-08 00:00:00-03:00,13699.679854828286,13699.679854828286,13199.691538958641,13539.68359375,130310,0.0,0.0
2025-10-09 00:00:00-03:00,13509.6847136252,13539.684013507418,12399.710617983159,12469.708984375,126089,0.0,0.0
2025-10-13 00:00:00-03:00,11869.722889704335,11939.72125552399,11849.723356613005,11879.72265625,20531,0.0,0.0
2025-10-14 00:00:00-03:00,11679.726666148425,12239.713561100747,11459.731814560013,12059.7177734375,227653,0.0,0.0
2025-10-15 00:00:00-03:00,12169.715670756157,12349.71146539347,11939.721044275144,12079.7177734375,49579,0.0,0.0
2025-10-16 00:00:00-03:00,11999.71924826247,12359.710825710345,11939.720652021158,12229.7138671875,258852,0.0,0.0
2025-10-17 00:00:00-03:00,11949.721233716335,12889.699305657201,11949.721233716335,12809.701171875,92964,0.0,0.0
2025-10-20 00:00:00-03:00,12769.701644310142,13299.68926149764,12589.705849793632,13249.6904296875,119081,0.0,0.0
2025-10-21 00:00:00-03:00,13009.696036998821,13289.689495135613,12759.701877948113,13249.6904296875,81500,0.0,0.0
2025-10-22 00:00:00-03:00,13209.691103463161,13259.689934286262,12989.696247841519,13029.6953125,73832,0.0,0.0
2025-10-23 00:00:00-03:00,13029.695242637052,13259.689863190124,12809.700388194984,12859.69921875,139938,0.0,0.0
2025-10-24 00:00:00-03:00,12849.699562313559,13019.695587651559,12759.701666546382,12989.6962890625,143022,0.0,0.0
2025-10-27 00:00:00-03:00,11999.7196875,12669.704036718751,10999.743046875,12499.7080078125,72282,0.0,0.0
2025-10-28 00:00:00-03:00,12569.706458050272,12959.697350543478,12489.708326256794,12879.69921875,272219,0.0,0.0
2025-10-29 00:00:00-03:00,13059.69462477993,13059.69462477993,12659.703977772886,12779.701171875,158570,0.0,0.0
2025-10-30 00:00:00-03:00,12449.709494261615,12559.706927544248,12209.715094372234,12429.7099609375,138640,0.0,0.0
2025-10-31 00:00:00-03:00,12289.712996773098,12469.708793308424,12169.71579908288,12419.7099609375,119033,0.0,0.0
2025-11-03 00:00:00-03:00,12459.709217747595,12499.708284257218,12139.71668567061,12469.708984375,114722,0.0,0.0
2025-11-04 00:00:00-03:00,12369.71119351556,12369.71119351556,11699.72683622733,12129.716796875,90394,0.0,0.0
2025-11-05 00:00:00-03:00,12129.716647632891,12129.716647632891,11859.72295473422,12039.71875,108719,0.0,0.0
2025-11-06 00:00:00-03:00,12139.716606247415,12269.713571553195,11929.721508445771,12089.7177734375,55778,0.0,0.0
2025-11-07 00:00:00-03:00,11989.720263171928,11989.720263171928,11569.730062126708,11719.7265625,84115,0.0,0.0
2025-11-10 00:00:00-03:00,11709.725941204202,11719.725707165948,11439.732260237068,11599.728515625,130460,0.0,0.0
2025-11-11 00:00:00-03:00,11499.731424534573,11779.72488530585,11499.731424534573,11749.7255859375,75059,0.0,0.0
2025-11-12 00:00:00-03:00,11759.724853515625,11829.723215738932,11469.731638590494,11519.73046875,129639,0.0,0.0
2025-11-13 00:00:00-03:00,11699.72646760435,11699.72646760435,11209.737923234596,11319.7353515625,111220,0.0,0.0
2025-11-14 00:00:00-03:00,10839.746984460851,11199.73858173077,10799.747918097528,10919.7451171875,727844,0.0,0.0
2025-11-17 00:00:00-03:00,11149.739229247602,11189.738293747143,10899.745076125457,10939.744140625,68543,0.0,0.0
2025-11-18 00:00:00-03:00,10959.743755755064,11009.742586757597,10739.748899343922,10859.74609375,48674,0.0,0.0
2025-11-19 00:00:00-03:00,10789.747982506473,10789.747982506473,10539.753821651366,10619.751953125,32243,0.0,0.0
2025-11-20 00:00:00-03:00,10929.744952742827,10939.744719396755,10599.752653163217,10629.751953125,57785,0.0,0.0
2025-11-21 00:00:00-03:00,10589.752406336325,10959.743755755064,10439.755913328729,10859.74609375,9697,0.0,0.0
2025-11-25 00:00:00-03:00,10849.74654163388,11149.739533568458,10849.74654163388,11119.740234375,20739,0.0,0.0
2025-11-26 00:00:00-03:00,11099.74099488385,11339.73539477323,11099.74099488385,11299.736328125,40801,0.0,0.0
2025-11-27 00:00:00-03:00,11299.736415162657,11689.727317986853,11199.738747771837,11219.73828125,9691,0.0,0.0
2025-11-28 00:00:00-03:00,11329.73554206942,11499.731574033392,11249.737409380492,11379.734375,39080,0.0,0.0
2025-12-01 00:00:00-03:00,11379.733866159539,11429.73269685444,11269.736438630756,11399.7333984375,6358,0.0,0.0
2025-12-02 00:00:00-03:00,11419.7333984375,11439.732931534589,11239.737600563705,11419.7333984375,22498,0.0,0.0
2025-12-03 00:00:00-03:00,11349.7347338259,11409.733331537756,11209.738005831572,11239.7373046875,7752,0.0,0.0
2025-12-04 00:00:00-03:00,11209.738196481954,11339.735160401904,11189.738663571192,11289.736328125,32855,0.0,0.0
2025-12-05 00:00:00-03:00,11239.737180897886,11399.733439700703,11209.73788237236,11359.734375,20887,0.0,0.0
2025-12-09 00:00:00-03:00,10999.742574605856,11179.738362190315,10909.744680813626,11099.740234375,24610,0.0,0.0
2025-12-10 00:00:00-03:00,11079.740894758968,11259.73668546805,11059.74136245796,11149.7392578125,15293,0.0,0.0
2025-12-11 00:00:00-03:00,11199.73860062893,11199.73860062893,10989.743501867139,11129.740234375,37174,0.0,0.0
2025-12-12 00:00:00-03:00,11199.738130063006,11279.736259563457,11049.741637249663,11109.740234375,14432,0.0,0.0
2025-12-15 00:00:00-03:00,11149.739810816332,11149.739810816332,10989.74354447278,11089.7412109375,36925,0.0,0.0
2025-12-16 00:00:00-03:00,11099.740234375,11119.739766328828,10819.746787021397,11099.740234375,15001,0.0,0.0
2025-12-17 00:00:00-03:00,11229.737664751012,11239.737431148831,11079.741168783723,11119.740234375,15733,0.0,0.0
2025-12-18 00:00:00-03:00,11289.735983919563,11289.735983919563,11089.740660909472,11149.7392578125,28424,0.0,0.0
2025-12-19 00:00:00-03:00,11099.740618024554,11199.73828125,11019.742487444197,11199.73828125,24506,0.0,0.0
2025-12-22 00:00:00-03:00,11199.738791368514,11249.737625258553,11079.741590032423,11179.7392578125,14992,0.0,0.0
2025-12-23 00:00:00-03:00,11249.737521210407,11349.73518806561,11019.742887443439,11049.7421875,26498,0.0,0.0
2025-12-24 00:00:00-03:00,11089.740935181542,11239.737431148831,11049.741869590265,11119.740234375,1052,0.0,0.0
2025-12-26 00:00:00-03:00,11129.740337581872,11489.731938797457,10959.744303674512,11259.7373046875,20114,0.0,0.0
2025-12-29 00:00:00-03:00,11099.740468187445,11159.739065312782,10969.743507749214,11109.740234375,453051,0.0,0.0
2025-12-30 00:00:00-03:00,11149.739748776614,11269.736947866586,10899.745584005837,10919.7451171875,778000,0.0,0.0
2026-01-02 00:00:00-03:00,11379.733866159539,11419.73293071546,11139.739478824013,11399.7333984375,69567,0.0,0.0
2026-01-05 00:00:00-03:00,11329.735226187227,11479.731720796943,11099.740601118996,11449.732421875,36744,0.0,0.0
2026-01-06 00:00:00-03:00,11799.724242631004,11799.724242631004,11349.734758801857,11449.732421875,21108,0.0,0.0
2026-01-07 00:00:00-03:00,11309.735278802458,11309.735278802458,11069.7408962284,11139.7392578125,22935,0.0,0.0
2026-01-08 00:00:00-03:00,11119.740443760984,11389.734141586117,10949.744411797014,11379.734375,30447,0.0,0.0
2026-01-09 00:00:00-03:00,11389.733479601846,11409.733011611681,11199.7379255084,11309.7353515625,26667,0.0,0.0
2026-01-12 00:00:00-03:00,11449.732283900434,11859.72269755975,11409.733219153182,11819.7236328125,75016,0.0,0.0
2026-01-13 00:00:00-03:00,11789.724956748583,11789.724956748583,11439.733121730602,11469.732421875,52589,0.0,0.0
2026-01-14 00:00:00-03:00,11419.733441344464,11559.730173550088,11219.738109622145,11379.734375,51111,0.0,0.0
2026-01-15 00:00:00-03:00,11459.732532429245,11459.732532429245,11049.742101513364,11129.740234375,32516,0.0,0.0
2026-01-16 00:00:00-03:00,11149.739229247602,11179.738527622258,10809.747181001485,10939.744140625,96102,0.0,0.0
2026-01-19 00:00:00-03:00,10959.743438357731,11159.738756575938,10809.746949694076,10929.744140625,4698,0.0,0.0
2026-01-20 00:00:00-03:00,10779.748046875,10919.744774756495,10759.748514320501,10779.748046875,49786,0.0,0.0
2026-01-21 00:00:00-03:00,10839.746358640372,11079.740742964512,10839.746358640372,11059.7412109375,25178,0.0,0.0
2026-01-22 00:00:00-03:00,11049.74189185928,11389.733950070333,10999.743059769418,11329.7353515625,60103,0.0,0.0
2026-01-23 00:00:00-03:00,11299.735626247782,11329.734924370563,11139.739369592946,11269.736328125,36309,0.0,0.0
2026-01-26 00:00:00-03:00,11039.742394911504,11369.734694759403,11039.742394911504,11299.736328125,28948,0.0,0.0
2026-01-27 00:00:00-03:00,11169.73879011351,11169.73879011351,10999.742765554933,11149.7392578125,45807,0.0,0.0
2026-01-28 00:00:00-03:00,10999.742888712603,11229.73751274932,10999.742888712603,11029.7421875,34299,0.0,0.0
2026-01-29 00:00:00-03:00,10999.743249914149,11249.737414684925,10889.745817415007,10919.7451171875,20550,0.0,0.0
2026-01-30 00:00:00-03:00,10949.74463619403,10949.74463619403,10649.751632462687,10719.75,30310,0.0,0.0
2026-02-02 00:00:00-03:00,10709.749573613555,10759.748404489435,10599.75214568662,10649.7509765625,18745,0.0,0.0
2026-02-03 00:00:00-03:00,10659.750756835938,10659.750756835938,10349.758004995492,10399.7568359375,50832,0.0,0.0
2026-02-04 00:00:00-03:00,10319.759065233236,10419.756730594023,10149.763034119898,10289.759765625,41008,0.0,0.0
2026-02-05 00:00:00-03:00,10399.757433252427,10409.75720001517,10199.762097997573,10299.759765625,41143,0.0,0.0
2026-02-06 00:00:00-03:00,10279.760060647704,10499.754925758843,10279.760060647704,10459.755859375,15084,0.0,0.0
2026-02-09 00:00:00-03:00,10329.759022341937,10489.755289870951,10289.759955459684,10339.7587890625,20983,0.0,0.0
2026-02-10 00:00:00-03:00,10449.756007619782,10559.753439278938,10269.760210359345,10539.75390625,12857,0.0,0.0
2026-02-11 00:00:00-03:00,10389.7570697491,10439.755900691105,10249.760343111479,10399.7568359375,19060,0.0,0.0
2026-02-12 00:00:00-03:00,10339.75846812186,10339.75846812186,9919.768278894473,9949.767578125,14522,0.0,0.0
2026-02-13 00:00:00-03:00,9984.766718378534,10109.763797977665,9844.769989227509,9989.7666015625,20030,0.0,0.0
2026-02-18 00:00:00-03:00,10009.76657253621,10139.763541010705,9909.768904478904,9924.7685546875,17995,0.0,0.0
2026-02-19 00:00:00-03:00,9904.769035993304,9994.76693738042,9794.771600964605,9799.771484375,33412,0.0,0.0
2026-02-20 00:00:00-03:00,9799.771123707114,9979.766919856836,9674.774043047584,9909.7685546875,14126,0.0,0.0
2026-02-23 00:00:00-03:00,10009.766512966107,10009.766512966107,9704.7736272064,9754.7724609375,14909,0.0,0.0
2026-02-24 00:00:00-03:00,9779.771089029457,9969.76664188381,9764.771440119901,9929.767578125,21926,0.0,0.0
2026-02-25 00:00:00-03:00,9959.767680717294,10099.764415185207,9864.769896614067,10089.7646484375,20840,0.0,0.0
2026-02-26 00:00:00-03:00,9924.767928862235,10029.765473701584,9864.76933181118,9939.767578125,10738,0.0,0.0
2026-02-27 00:00:00-03:00,9939.767755130115,9949.767521483363,9634.774881356001,9654.7744140625,11089,0.0,0.0
2026-03-02 00:00:00-03:00,9569.776717160603,9619.775550583594,9404.780566864729,9584.7763671875,28246,0.0,0.0
2026-03-03 00:00:00-03:00,9459.778863188976,9534.777109990158,9239.784005905512,9524.77734375,21139,0.0,0.0
2026-03-04 00:00:00-03:00,9414.77993071934,9419.77981384771,9224.784371841308,9274.783203125,27228,0.0,0.0
2026-03-05 00:00:00-03:00,9269.783627034767,9354.78164303239,8999.789929159968,9329.7822265625,184261,0.0,0.0
2026-03-06 00:00:00-03:00,9784.771121818863,10069.764455464072,9669.773811751498,10019.765625,45822,0.0,0.0
2026-03-09 00:00:00-03:00,10029.765309792698,10129.762969910273,9959.766947710395,10099.763671875,17164,0.0,0.0
2026-03-10 00:00:00-03:00,10099.764371760859,10309.759472559846,10079.764838351432,10129.763671875,15686,0.0,0.0
2026-03-11 00:00:00-03:00,10209.76171875,10229.761251989472,10129.763585792116,10209.76171875,9270,0.0,0.0
2026-03-12 00:00:00-03:00,10259.760123537562,10349.758019358067,10139.762929110222,10149.7626953125,17300,0.0,0.0
2026-03-13 00:00:00-03:00,10269.7603790342,10419.756879214836,10229.761312319364,10379.7578125,21861,0.0,0.0
2026-03-16 00:00:00-03:00,10399.756521609359,10699.749498194245,10399.756521609359,10469.7548828125,15934,0.0,0.0
2026-03-17 00:00:00-03:00,10539.753756728469,10559.753289473685,10439.756093002392,10449.755859375,9529,0.0,0.0
2026-03-18 00:00:00-03:00,10499.754539695947,10619.75173443533,10329.758513815155,10359.7578125,9069,0.0,0.0
2026-03-19 00:00:00-03:00,10109.764010099085,10329.758874809451,10079.764710365855,10249.7607421875,15785,0.0,0.0
2026-03-20 00:00:00-03:00,10199.761695289038,10199.761695289038,9959.76730245871,9989.7666015625,19231,0.0,0.0
2026-03-23 00:00:00-03:00,10099.764458955224,10119.763992537313,9984.767140858208,10049.765625,4028,0.0,0.0
2026-03-25 00:00:00-03:00,10429.75618700179,10849.746369028708,10429.75618700179,10819.7470703125,37533,0.0,0.0
2026-03-26 00:00:00-03:00,10659.75059000651,10659.75059000651,10539.753397623697,10559.7529296875,14980,0.0,0.0
2026-03-27 00:00:00-03:00,10579.752695940753,10629.751527207014,10489.754799661483,10569.7529296875,13372,0.0,0.0
2026-03-30 00:00:00-03:00,10699.750233426705,10769.748599439776,10549.753734827264,10709.75,17280,0.0,0.0
2026-03-31 00:00:00-03:00,10699.750064684913,10919.744925827967,10599.75240052898,10869.74609375,70089,0.0,0.0
2026-04-01 00:00:00-03:00,10749.748555634029,10819.746918321878,10629.751362454857,10729.7490234375,19168,0.0,0.0
2026-04-06 00:00:00-03:00,10609.752506664692,10639.751806872038,10539.754139514218,10549.75390625,8389,0.0,0.0
2026-04-07 00:00:00-03:00,10569.753205793406,10569.753205793406,10429.756474590844,10539.75390625,8213,0.0,0.0
2026-04-08 00:00:00-03:00,10759.748598130842,10849.746495327103,10689.75023364486,10699.75,46016,0.0,0.0
2026-04-09 00:00:00-03:00,10420.0,10530.0,10300.0,10470.0,9622,369.375,0.0
2026-04-10 00:00:00-03:00,10580.0,10700.0,10540.0,10660.0,13880,0.0,0.0
2026-04-13 00:00:00-03:00,10600.0,10620.0,10430.0,10600.0,13932,0.0,0.0
2026-04-14 00:00:00-03:00,10830.0,11450.0,10830.0,11420.0,71257,0.0,0.0
2026-04-15 00:00:00-03:00,11340.0,11650.0,11340.0,11400.0,45477,0.0,0.0
2026-04-16 00:00:00-03:00,11430.0,11560.0,11280.0,11350.0,19378,0.0,0.0
2026-04-17 00:00:00-03:00,11490.0,11580.0,11430.0,11490.0,13089,0.0,0.0
2026-04-20 00:00:00-03:00,11520.0,11530.0,11340.0,11500.0,7148,0.0,0.0
2026-04-21 00:00:00-03:00,11460.0,11510.0,11150.0,11170.0,16865,0.0,0.0
2026-04-22 00:00:00-03:00,11210.0,11330.0,11180.0,11220.0,15967,0.0,0.0
2026-04-23 00:00:00-03:00,11200.0,11240.0,11000.0,11040.0,15505,0.0,0.0
2026-04-24 00:00:00-03:00,11130.0,11330.0,11130.0,11310.0,18158,0.0,0.0
2026-04-27 00:00:00-03:00,11260.0,11310.0,11200.0,11300.0,13002,0.0,0.0
2026-04-28 00:00:00-03:00,11210.0,11300.0,11120.0,11170.0,14242,0.0,0.0
2026-04-29 00:00:00-03:00,11140.0,11280.0,10900.0,11030.0,72663,0.0,0.0
2026-04-30 00:00:00-03:00,11040.0,11390.0,11030.0,11320.0,12860,0.0,0.0
2026-05-01 00:00:00-03:00,11320.0,11320.0,11320.0,11320.0,0,0.0,0.0
2026-05-04 00:00:00-03:00,11280.0,11320.0,11140.0,11220.0,91668,0.0,0.0
2026-05-05 00:00:00-03:00,11150.0,11200.0,10990.0,11000.0,13147,0.0,0.0
2026-05-06 00:00:00-03:00,10960.0,11350.0,10950.0,11320.0,33772,0.0,0.0
2026-05-07 00:00:00-03:00,11310.0,11330.0,11150.0,11220.0,10947,0.0,0.0
2026-05-08 00:00:00-03:00,11240.0,11270.0,11140.0,11170.0,9067,0.0,0.0
2026-05-11 00:00:00-03:00,11230.0,11480.0,11230.0,11260.0,46230,0.0,0.0
2026-05-12 00:00:00-03:00,11510.0,11660.0,11280.0,11570.0,47373,0.0,0.0
2026-05-13 00:00:00-03:00,11970.0,12700.0,11930.0,12500.0,403545,0.0,0.0
2026-05-14 00:00:00-03:00,12490.0,12490.0,12120.0,12130.0,66226,0.0,0.0
2026-05-15 00:00:00-03:00,12000.0,12040.0,11820.0,11860.0,43884,0.0,0.0
2026-05-18 00:00:00-03:00,11940.0,11950.0,11690.0,11720.0,22403,0.0,0.0
2026-05-19 00:00:00-03:00,11770.0,12150.0,11770.0,12070.0,43698,0.0,0.0
2026-05-20 00:00:00-03:00,12130.0,12180.0,12020.0,12040.0,13689,0.0,0.0
2026-05-21 00:00:00-03:00,11720.0,11720.0,11550.0,11610.0,25204,0.0,0.0
2026-05-22 00:00:00-03:00,11400.0,11470.0,11280.0,11320.0,15158,0.0,0.0
2026-05-25 00:00:00-03:00,11320.0,11320.0,11320.0,11320.0,0,0.0,0.0
2026-05-26 00:00:00-03:00,11250.0,11270.0,11080.0,11150.0,18641,0.0,0.0
2026-05-27 00:00:00-03:00,11000.0,11180.0,10950.0,11070.0,40101,0.0,0.0
2026-05-28 00:00:00-03:00,10830.0,10850.0,10630.0,10800.0,48228,0.0,0.0
2026-05-29 00:00:00-03:00,10680.0,10800.0,10610.0,10700.0,23038,0.0,0.0
2026-06-01 00:00:00-03:00,10700.0,10900.0,10610.0,10880.0,49150,0.0,0.0
2026-06-02 00:00:00-03:00,11250.0,11500.0,11250.0,11320.0,35565,0.0,0.0
2026-06-03 00:00:00-03:00,11130.0,11170.0,10980.0,11120.0,11926,0.0,0.0
2026-06-04 00:00:00-03:00,11190.0,11280.0,11050.0,11060.0,34722,0.0,0.0
2026-06-05 00:00:00-03:00,11220.0,11250.0,10860.0,10860.0,14509,0.0,0.0
2026-06-08 00:00:00-03:00,10970.0,11010.0,10820.0,10910.0,13199,0.0,0.0
2026-06-09 00:00:00-03:00,11030.0,11030.0,10830.0,10850.0,7098,0.0,0.0
2026-06-10 00:00:00-03:00,10850.0,10910.0,10720.0,10740.0,4035,0.0,0.0
2026-06-11 00:00:00-03:00,10520.0,10530.0,10250.0,10510.0,45471,0.0,0.0
2026-06-12 00:00:00-03:00,10580.0,10750.0,10560.0,10670.0,9803,0.0,0.0
2026-06-15 00:00:00-03:00,10670.0,10670.0,10670.0,10670.0,0,0.0,0.0
2026-06-16 00:00:00-03:00,10560.0,10650.0,10480.0,10610.0,20612,0.0,0.0
2026-06-17 00:00:00-03:00,10630.0,10690.0,10420.0,10500.0,13337,0.0,0.0
2026-06-18 00:00:00-03:00,10400.0,10490.0,10330.0,10360.0,11245,0.0,0.0
2026-06-19 00:00:00-03:00,10540.0,10540.0,10210.0,10470.0,1054,0.0,0.0
2026-06-22 00:00:00-03:00,10350.0,10460.0,10200.0,10330.0,15811,0.0,0.0
2026-06-23 00:00:00-03:00,10150.0,10290.0,10050.0,10150.0,20883,0.0,0.0
2026-06-24 00:00:00-03:00,10000.0,10060.0,9865.0,9900.0,20824,0.0,0.0
2026-06-25 00:00:00-03:00,9800.0,9800.0,9575.0,9690.0,44718,0.0,0.0
2026-06-26 00:00:00-03:00,9500.0,9815.0,9500.0,9765.0,19048,0.0,0.0
2026-06-29 00:00:00-03:00,9810.0,9860.0,9735.0,9775.0,26574,0.0,0.0
2026-06-30 00:00:00-03:00,9800.0,10010.0,9750.0,9935.0,14986,0.0,0.0
2026-07-01 00:00:00-03:00,10030.0,10410.0,10030.0,10330.0,10247,0.0,0.0
2026-07-02 00:00:00-03:00,10360.0,10500.0,10280.0,10490.0,12908,0.0,0.0
2026-07-03 00:00:00-03:00,10500.0,10830.0,10120.0,10630.0,1513,0.0,0.0
2026-07-06 00:00:00-03:00,10630.0,10630.0,10630.0,10630.0,0,0.0,0.0
2026-07-07 00:00:00-03:00,10580.0,10640.0,10400.0,10420.0,9923,0.0,0.0
2026-07-08 00:00:00-03:00,10800.0,10900.0,10710.0,10870.0,9348,0.0,0.0
2026-07-09 00:00:00-03:00,10870.0,10870.0,10870.0,10870.0,0,0.0,0.0
2026-07-10 00:00:00-03:00,11040.0,11220.0,10990.0,11030.0,15396,0.0,0.0
2026-07-13 00:00:00-03:00,11180.0,11530.0,11180.0,11300.0,23975,0.0,0.0
2026-07-14 00:00:00-03:00,11330.0,11350.0,11180.0,11190.0,14855,0.0,0.0
2026-07-15 00:00:00-03:00,11400.0,11630.0,11400.0,11440.0,13297,0.0,0.0
2026-07-16 00:00:00-03:00,11560.0,11710.0,11560.0,11590.0,9711,0.0,0.0
2026-07-17 00:00:00-03:00,11500.0,11750.0,11470.0,11660.0,28876,0.0,0.0
2026-07-20 00:00:00-03:00,11960.0,12120.0,11880.0,12020.0,49511,0.0,0.0
2026-07-21 00:00:00-03:00,12110.0,12160.0,11890.0,11910.0,21476,0.0,0.0
