Date,Open,High,Low,Close,Volume,Dividends,Stock Splits
2000-02-07 00:00:00-03:00,0.03677817061543465,0.03677817061543465,0.03677817061543465,0.03677817061543465,79503,0.0,0.0
2000-02-08 00:00:00-03:00,0.03677817061543465,0.03677817061543465,0.03677817061543465,0.03677817061543465,0,0.0,0.0
2000-02-09 00:00:00-03:00,0.03677817061543465,0.03677817061543465,0.03677817061543465,0.03677817061543465,0,0.0,0.0
2000-02-10 00:00:00-03:00,0.03677817061543465,0.03677817061543465,0.03677817061543465,0.03677817061543465,0,0.0,0.0
2000-02-11 00:00:00-03:00,0.03677817061543465,0.03677817061543465,0.03677817061543465,0.03677817061543465,0,0.0,0.0
2000-02-14 00:00:00-03:00,0.03591178357601166,0.03591178357601166,0.03591178357601166,0.03591178357601166,75282,0.0,0.0
2000-02-15 00:00:00-03:00,0.03591178357601166,0.03591178357601166,0.03591178357601166,0.03591178357601166,0,0.0,0.0
2000-02-16 00:00:00-03:00,0.03591178357601166,0.03591178357601166,0.03591178357601166,0.03591178357601166,79503,0.0,0.0
2000-02-17 00:00:00-03:00,0.03591178357601166,0.03591178357601166,0.03591178357601166,0.03591178357601166,0,0.0,0.0
2000-02-18 00:00:00-03:00,0.03591178357601166,0.03591178357601166,0.03591178357601166,0.03591178357601166,0,0.0,0.0
2000-02-21 00:00:00-03:00,0.03591178357601166,0.03591178357601166,0.03591178357601166,0.03591178357601166,0,0.0,0.0
2000-02-22 00:00:00-03:00,0.03591178357601166,0.03591178357601166,0.03591178357601166,0.03591178357601166,0,0.0,0.0
2000-02-23 00:00:00-03:00,0.03591178357601166,0.03591178357601166,0.03591178357601166,0.03591178357601166,0,0.0,0.0
2000-02-24 00:00:00-03:00,0.03591178357601166,0.03591178357601166,0.03591178357601166,0.03591178357601166,0,0.0,0.0
2000-02-25 00:00:00-03:00,0.03591178357601166,0.03591178357601166,0.03591178357601166,0.03591178357601166,0,0.0,0.0
2000-02-28 00:00:00-03:00,0.03591178357601166,0.03591178357601166,0.03591178357601166,0.03591178357601166,0,0.0,0.0
2000-02-29 00:00:00-03:00,0.03591178357601166,0.03591178357601166,0.03591178357601166,0.03591178357601166,0,0.0,0.0
2000-03-01 00:00:00-03:00,0.03591178357601166,0.03591178357601166,0.03591178357601166,0.03591178357601166,0,0.0,0.0
2000-03-02 00:00:00-03:00,0.03591178357601166,0.03591178357601166,0.03591178357601166,0.03591178357601166,0,0.0,0.0
2000-03-03 00:00:00-03:00,0.03591178357601166,0.03591178357601166,0.03591178357601166,0.03591178357601166,0,0.0,0.0
2000-03-06 00:00:00-03:00,0.03591178357601166,0.03591178357601166,0.03591178357601166,0.03591178357601166,0,0.0,0.0
2000-03-07 00:00:00-03:00,0.03591178357601166,0.03591178357601166,0.03591178357601166,0.03591178357601166,0,0.0,0.0
2000-03-08 00:00:00-03:00,0.03591178357601166,0.03591178357601166,0.03591178357601166,0.03591178357601166,0,0.0,0.0
2000-03-09 00:00:00-03:00,0.03591178357601166,0.03591178357601166,0.03591178357601166,0.03591178357601166,0,0.0,0.0
2000-03-10 00:00:00-03:00,0.03591178357601166,0.03591178357601166,0.03591178357601166,0.03591178357601166,0,0.0,0.0
2000-03-13 00:00:00-03:00,0.03591178357601166,0.03591178357601166,0.03591178357601166,0.03591178357601166,0,0.0,0.0
2000-03-14 00:00:00-03:00,0.03591178357601166,0.03591178357601166,0.03591178357601166,0.03591178357601166,0,0.0,0.0
2000-03-15 00:00:00-03:00,0.03591178357601166,0.03591178357601166,0.03591178357601166,0.03591178357601166,0,0.0,0.0
2000-03-16 00:00:00-03:00,0.03591178357601166,0.03591178357601166,0.03591178357601166,0.03591178357601166,0,0.0,0.0
2000-03-17 00:00:00-03:00,0.03591178357601166,0.03591178357601166,0.03591178357601166,0.03591178357601166,0,0.0,0.0
2000-03-20 00:00:00-03:00,0.03591178357601166,0.03591178357601166,0.03591178357601166,0.03591178357601166,0,0.0,0.0
2000-03-21 00:00:00-03:00,0.03591178357601166,0.03591178357601166,0.03591178357601166,0.03591178357601166,0,0.0,0.0
2000-03-22 00:00:00-03:00,0.03591178357601166,0.03591178357601166,0.03591178357601166,0.03591178357601166,0,0.0,0.0
2000-03-23 00:00:00-03:00,0.03591178357601166,0.03591178357601166,0.03591178357601166,0.03591178357601166,0,0.0,0.0
2000-03-24 00:00:00-03:00,0.03591178357601166,0.03591178357601166,0.03591178357601166,0.03591178357601166,0,0.0,0.0
2000-03-27 00:00:00-03:00,0.03591178357601166,0.03591178357601166,0.03591178357601166,0.03591178357601166,0,0.0,0.0
2000-03-28 00:00:00-03:00,0.03591178357601166,0.03591178357601166,0.03591178357601166,0.03591178357601166,0,0.0,0.0
2000-03-29 00:00:00-03:00,0.03591178357601166,0.03591178357601166,0.03591178357601166,0.03591178357601166,0,0.0,0.0
2000-03-30 00:00:00-03:00,0.03591178357601166,0.03591178357601166,0.03591178357601166,0.03591178357601166,0,0.0,0.0
2000-03-31 00:00:00-03:00,0.030957616865634918,0.030957616865634918,0.030957616865634918,0.030957616865634918,628231,0.0,0.0
2000-04-03 00:00:00-03:00,0.030957616865634918,0.030957616865634918,0.030957616865634918,0.030957616865634918,0,0.0,0.0
2000-04-04 00:00:00-03:00,0.030957616865634918,0.030957616865634918,0.030957616865634918,0.030957616865634918,0,0.0,0.0
2000-04-05 00:00:00-03:00,0.030957616865634918,0.030957616865634918,0.030957616865634918,0.030957616865634918,0,0.0,0.0
2000-04-06 00:00:00-03:00,0.030957616865634918,0.030957616865634918,0.030957616865634918,0.030957616865634918,0,0.0,0.0
2000-04-07 00:00:00-03:00,0.030957616865634918,0.030957616865634918,0.030957616865634918,0.030957616865634918,0,0.0,0.0
2000-04-10 00:00:00-03:00,0.030957616865634918,0.030957616865634918,0.030957616865634918,0.030957616865634918,0,0.0,0.0
2000-04-11 00:00:00-03:00,0.030957616865634918,0.030957616865634918,0.030957616865634918,0.030957616865634918,0,0.0,0.0
2000-04-12 00:00:00-03:00,0.030957616865634918,0.030957616865634918,0.030957616865634918,0.030957616865634918,0,0.0,0.0
2000-04-13 00:00:00-03:00,0.030957616865634918,0.030957616865634918,0.030957616865634918,0.030957616865634918,0,0.0,0.0
2000-04-14 00:00:00-03:00,0.030957616865634918,0.030957616865634918,0.030957616865634918,0.030957616865634918,0,0.0,0.0
2000-04-17 00:00:00-03:00,0.030957616865634918,0.030957616865634918,0.030957616865634918,0.030957616865634918,0,0.0,0.0
2000-04-18 00:00:00-03:00,0.030957616865634918,0.030957616865634918,0.030957616865634918,0.030957616865634918,0,0.0,0.0
2000-04-19 00:00:00-03:00,0.030957616865634918,0.030957616865634918,0.030957616865634918,0.030957616865634918,0,0.0,0.0
2000-04-20 00:00:00-03:00,0.030957616865634918,0.030957616865634918,0.030957616865634918,0.030957616865634918,0,0.0,0.0
2000-04-21 00:00:00-03:00,0.030957616865634918,0.030957616865634918,0.030957616865634918,0.030957616865634918,0,0.0,0.0
2000-04-24 00:00:00-03:00,0.030957616865634918,0.030957616865634918,0.030957616865634918,0.030957616865634918,0,0.0,0.0
2000-04-25 00:00:00-03:00,0.030957616865634918,0.030957616865634918,0.030957616865634918,0.030957616865634918,0,0.0,0.0
2000-04-26 00:00:00-03:00,0.030957616865634918,0.030957616865634918,0.030957616865634918,0.030957616865634918,0,0.0,0.0
2000-04-27 00:00:00-03:00,0.030957616865634918,0.030957616865634918,0.030957616865634918,0.030957616865634918,0,0.0,0.0
2000-04-28 00:00:00-03:00,0.030957616865634918,0.030957616865634918,0.030957616865634918,0.030957616865634918,159007,0.0,0.0
2000-05-01 00:00:00-03:00,0.030957616865634918,0.030957616865634918,0.030957616865634918,0.030957616865634918,0,0.0,0.0
2000-05-02 00:00:00-03:00,0.03343470022082329,0.03343470022082329,0.03343470022082329,0.03343470022082329,39751,0.0,0.0
2000-05-03 00:00:00-03:00,0.03343470022082329,0.03343470022082329,0.03343470022082329,0.03343470022082329,0,0.0,0.0
2000-05-04 00:00:00-03:00,0.03343470022082329,0.03343470022082329,0.03343470022082329,0.03343470022082329,0,0.0,0.0
2000-05-05 00:00:00-03:00,0.03343470022082329,0.03343470022082329,0.03343470022082329,0.03343470022082329,0,0.0,0.0
2000-05-08 00:00:00-03:00,0.03343470022082329,0.03343470022082329,0.03343470022082329,0.03343470022082329,0,0.0,0.0
2000-05-09 00:00:00-03:00,0.03343470022082329,0.03343470022082329,0.03343470022082329,0.03343470022082329,0,0.0,0.0
2000-05-10 00:00:00-03:00,0.030957616865634918,0.030957616865634918,0.030957616865634918,0.030957616865634918,39235,0.0,0.0
2000-05-11 00:00:00-03:00,0.030957616865634918,0.030957616865634918,0.030957616865634918,0.030957616865634918,0,0.0,0.0
2000-05-12 00:00:00-03:00,0.030957616865634918,0.030957616865634918,0.030957616865634918,0.030957616865634918,0,0.0,0.0
2000-05-15 00:00:00-03:00,0.030957616865634918,0.030957616865634918,0.030957616865634918,0.030957616865634918,0,0.0,0.0
2000-05-16 00:00:00-03:00,0.030957616865634918,0.030957616865634918,0.030957616865634918,0.030957616865634918,0,0.0,0.0
2000-05-17 00:00:00-03:00,0.030957616865634918,0.030957616865634918,0.030957616865634918,0.030957616865634918,0,0.0,0.0
2000-05-18 00:00:00-03:00,0.030957616865634918,0.030957616865634918,0.030957616865634918,0.030957616865634918,0,0.0,0.0
2000-05-19 00:00:00-03:00,0.030957616865634918,0.030957616865634918,0.030957616865634918,0.030957616865634918,0,0.0,0.0
2000-05-22 00:00:00-03:00,0.030957616865634918,0.030957616865634918,0.030957616865634918,0.030957616865634918,0,0.0,0.0
2000-05-23 00:00:00-03:00,0.030957616865634918,0.030957616865634918,0.030957616865634918,0.030957616865634918,0,0.0,0.0
2000-05-24 00:00:00-03:00,0.030957616865634918,0.030957616865634918,0.030957616865634918,0.030957616865634918,0,0.0,0.0
2000-05-25 00:00:00-03:00,0.030957616865634918,0.030957616865634918,0.030957616865634918,0.030957616865634918,0,0.0,0.0
2000-05-26 00:00:00-03:00,0.030957616865634918,0.030957616865634918,0.030957616865634918,0.030957616865634918,0,0.0,0.0
2000-05-29 00:00:00-03:00,0.030957616865634918,0.030957616865634918,0.030957616865634918,0.030957616865634918,0,0.0,0.0
2000-05-30 00:00:00-03:00,0.030957616865634918,0.030957616865634918,0.030957616865634918,0.030957616865634918,0,0.0,0.0
2000-05-31 00:00:00-03:00,0.030957616865634918,0.030957616865634918,0.030957616865634918,0.030957616865634918,0,0.0,0.0
2000-06-01 00:00:00-03:00,0.030957616865634918,0.030957616865634918,0.030957616865634918,0.030957616865634918,0,0.0,0.0
2000-06-02 00:00:00-03:00,0.030957616865634918,0.030957616865634918,0.030957616865634918,0.030957616865634918,0,0.0,0.0
2000-06-05 00:00:00-03:00,0.030957616865634918,0.030957616865634918,0.030957616865634918,0.030957616865634918,0,0.0,0.0
2000-06-06 00:00:00-03:00,0.030957616865634918,0.030957616865634918,0.030957616865634918,0.030957616865634918,0,0.0,0.0
2000-06-07 00:00:00-03:00,0.030957616865634918,0.030957616865634918,0.030957616865634918,0.030957616865634918,0,0.0,0.0
2000-06-08 00:00:00-03:00,0.030957616865634918,0.030957616865634918,0.030957616865634918,0.030957616865634918,0,0.0,0.0
2000-06-09 00:00:00-03:00,0.030957616865634918,0.030957616865634918,0.030957616865634918,0.030957616865634918,0,0.0,0.0
2000-06-12 00:00:00-03:00,0.030957616865634918,0.030957616865634918,0.030957616865634918,0.030957616865634918,0,0.0,0.0
2000-06-13 00:00:00-03:00,0.030957616865634918,0.030957616865634918,0.030957616865634918,0.030957616865634918,0,0.0,0.0
2000-06-14 00:00:00-03:00,0.030957616865634918,0.030957616865634918,0.030957616865634918,0.030957616865634918,0,0.0,0.0
2000-06-15 00:00:00-03:00,0.030957616865634918,0.030957616865634918,0.030957616865634918,0.030957616865634918,0,0.0,0.0
2000-06-16 00:00:00-03:00,0.030957616865634918,0.030957616865634918,0.030957616865634918,0.030957616865634918,0,0.0,0.0
2000-06-19 00:00:00-03:00,0.030957616865634918,0.030957616865634918,0.030957616865634918,0.030957616865634918,0,0.0,0.0
2000-06-20 00:00:00-03:00,0.030957616865634918,0.030957616865634918,0.030957616865634918,0.030957616865634918,0,0.0,0.0
2000-06-21 00:00:00-03:00,0.030957616865634918,0.030957616865634918,0.030957616865634918,0.030957616865634918,0,0.0,0.0
2000-06-22 00:00:00-03:00,0.030957616865634918,0.030957616865634918,0.030957616865634918,0.030957616865634918,0,0.0,0.0
2000-06-23 00:00:00-03:00,0.030957616865634918,0.030957616865634918,0.030957616865634918,0.030957616865634918,0,0.0,0.0
2000-06-26 00:00:00-03:00,0.030957616865634918,0.030957616865634918,0.030957616865634918,0.030957616865634918,0,0.0,0.0
2000-06-27 00:00:00-03:00,0.030957616865634918,0.030957616865634918,0.030957616865634918,0.030957616865634918,0,0.0,0.0
2000-06-28 00:00:00-03:00,0.030957616865634918,0.030957616865634918,0.030957616865634918,0.030957616865634918,0,0.0,0.0
2000-06-29 00:00:00-03:00,0.030957616865634918,0.030957616865634918,0.030957616865634918,0.030957616865634918,0,0.0,0.0
2000-06-30 00:00:00-03:00,0.030957616865634918,0.030957616865634918,0.030957616865634918,0.030957616865634918,0,0.0,0.0
2000-07-03 00:00:00-03:00,0.030957616865634918,0.030957616865634918,0.030957616865634918,0.030957616865634918,0,0.0,0.0
2000-07-04 00:00:00-03:00,0.030957616865634918,0.030957616865634918,0.030957616865634918,0.030957616865634918,0,0.0,0.0
2000-07-05 00:00:00-03:00,0.030957616865634918,0.030957616865634918,0.030957616865634918,0.030957616865634918,0,0.0,0.0
2000-07-06 00:00:00-03:00,0.030957616865634918,0.030957616865634918,0.030957616865634918,0.030957616865634918,0,0.0,0.0
2000-07-07 00:00:00-03:00,0.030957616865634918,0.030957616865634918,0.030957616865634918,0.030957616865634918,0,0.0,0.0
2000-07-10 00:00:00-03:00,0.030957616865634918,0.030957616865634918,0.030957616865634918,0.030957616865634918,0,0.0,0.0
2000-07-11 00:00:00-03:00,0.030957616865634918,0.030957616865634918,0.030957616865634918,0.030957616865634918,0,0.0,0.0
2000-07-12 00:00:00-03:00,0.030957616865634918,0.030957616865634918,0.030957616865634918,0.030957616865634918,0,0.0,0.0
2000-07-13 00:00:00-03:00,0.030957616865634918,0.030957616865634918,0.030957616865634918,0.030957616865634918,0,0.0,0.0
2000-07-14 00:00:00-03:00,0.030957616865634918,0.030957616865634918,0.030957616865634918,0.030957616865634918,492924,0.0,0.0
2000-07-17 00:00:00-03:00,0.030957616865634918,0.030957616865634918,0.030957616865634918,0.030957616865634918,0,0.0,0.0
2000-07-18 00:00:00-03:00,0.030957616865634918,0.030957616865634918,0.030957616865634918,0.030957616865634918,0,0.0,0.0
2000-07-19 00:00:00-03:00,0.030957616865634918,0.030957616865634918,0.030957616865634918,0.030957616865634918,0,0.0,0.0
2000-07-20 00:00:00-03:00,0.030957616865634918,0.030957616865634918,0.030957616865634918,0.030957616865634918,0,0.0,0.0
2000-07-21 00:00:00-03:00,0.030957616865634918,0.030957616865634918,0.030957616865634918,0.030957616865634918,0,0.0,0.0
2000-07-24 00:00:00-03:00,0.030957616865634918,0.030957616865634918,0.030957616865634918,0.030957616865634918,0,0.0,0.0
2000-07-25 00:00:00-03:00,0.030957616865634918,0.030957616865634918,0.030957616865634918,0.030957616865634918,0,0.0,0.0
2000-07-26 00:00:00-03:00,0.030957616865634918,0.030957616865634918,0.030957616865634918,0.030957616865634918,0,0.0,0.0
2000-07-27 00:00:00-03:00,0.030957616865634918,0.030957616865634918,0.030957616865634918,0.030957616865634918,0,0.0,0.0
2000-07-28 00:00:00-03:00,0.030957616865634918,0.030957616865634918,0.030957616865634918,0.030957616865634918,0,0.0,0.0
2000-07-31 00:00:00-03:00,0.030957616865634918,0.030957616865634918,0.030957616865634918,0.030957616865634918,0,0.0,0.0
2000-08-01 00:00:00-03:00,0.030957616865634918,0.030957616865634918,0.030957616865634918,0.030957616865634918,0,0.0,0.0
2000-08-02 00:00:00-03:00,0.030957616865634918,0.030957616865634918,0.030957616865634918,0.030957616865634918,0,0.0,0.0
2000-08-03 00:00:00-03:00,0.030957616865634918,0.030957616865634918,0.030957616865634918,0.030957616865634918,0,0.0,0.0
2000-08-04 00:00:00-03:00,0.030957616865634918,0.030957616865634918,0.030957616865634918,0.030957616865634918,0,0.0,0.0
2000-08-07 00:00:00-03:00,0.030957616865634918,0.030957616865634918,0.030957616865634918,0.030957616865634918,0,0.0,0.0
2000-08-08 00:00:00-03:00,0.030957616865634918,0.030957616865634918,0.030957616865634918,0.030957616865634918,0,0.0,0.0
2000-08-09 00:00:00-03:00,0.030957616865634918,0.030957616865634918,0.030957616865634918,0.030957616865634918,0,0.0,0.0
2000-08-10 00:00:00-03:00,0.030957616865634918,0.030957616865634918,0.030957616865634918,0.030957616865634918,36786,0.0,0.0
2000-08-11 00:00:00-03:00,0.030957616865634918,0.030957616865634918,0.030957616865634918,0.030957616865634918,0,0.0,0.0
2000-08-14 00:00:00-03:00,0.030957616865634918,0.030957616865634918,0.030957616865634918,0.030957616865634918,0,0.0,0.0
2000-08-15 00:00:00-03:00,0.030957616865634918,0.030957616865634918,0.030957616865634918,0.030957616865634918,0,0.0,0.0
2000-08-16 00:00:00-03:00,0.030957616865634918,0.030957616865634918,0.030957616865634918,0.030957616865634918,0,0.0,0.0
2000-08-17 00:00:00-03:00,0.030957616865634918,0.030957616865634918,0.030957616865634918,0.030957616865634918,0,0.0,0.0
2000-08-18 00:00:00-03:00,0.030957616865634918,0.030957616865634918,0.030957616865634918,0.030957616865634918,0,0.0,0.0
2000-08-21 00:00:00-03:00,0.030957616865634918,0.030957616865634918,0.030957616865634918,0.030957616865634918,0,0.0,0.0
2000-08-22 00:00:00-03:00,0.030957616865634918,0.030957616865634918,0.030957616865634918,0.030957616865634918,0,0.0,0.0
2000-08-23 00:00:00-03:00,0.030957616865634918,0.030957616865634918,0.030957616865634918,0.030957616865634918,0,0.0,0.0
2000-08-24 00:00:00-03:00,0.030957616865634918,0.030957616865634918,0.030957616865634918,0.030957616865634918,0,0.0,0.0
2000-08-25 00:00:00-03:00,0.030957616865634918,0.030957616865634918,0.030957616865634918,0.030957616865634918,0,0.0,0.0
2000-08-28 00:00:00-03:00,0.030957616865634918,0.030957616865634918,0.030957616865634918,0.030957616865634918,0,0.0,0.0
2000-08-29 00:00:00-03:00,0.030957616865634918,0.030957616865634918,0.030957616865634918,0.030957616865634918,0,0.0,0.0
2000-08-30 00:00:00-03:00,0.030957616865634918,0.030957616865634918,0.030957616865634918,0.030957616865634918,0,0.0,0.0
2000-08-31 00:00:00-03:00,0.030957616865634918,0.030957616865634918,0.030957616865634918,0.030957616865634918,0,0.0,0.0
2000-09-01 00:00:00-03:00,0.030957616865634918,0.030957616865634918,0.030957616865634918,0.030957616865634918,0,0.0,0.0
2000-09-04 00:00:00-03:00,0.030957616865634918,0.030957616865634918,0.030957616865634918,0.030957616865634918,0,0.0,0.0
2000-09-05 00:00:00-03:00,0.030957616865634918,0.030957616865634918,0.030957616865634918,0.030957616865634918,0,0.0,0.0
2000-09-06 00:00:00-03:00,0.030957616865634918,0.030957616865634918,0.030957616865634918,0.030957616865634918,0,0.0,0.0
2000-09-07 00:00:00-03:00,0.030957616865634918,0.030957616865634918,0.030957616865634918,0.030957616865634918,0,0.0,0.0
2000-09-08 00:00:00-03:00,0.030957616865634918,0.030957616865634918,0.030957616865634918,0.030957616865634918,0,0.0,0.0
2000-09-11 00:00:00-03:00,0.030957616865634918,0.030957616865634918,0.030957616865634918,0.030957616865634918,0,0.0,0.0
2000-09-12 00:00:00-03:00,0.030957616865634918,0.030957616865634918,0.030957616865634918,0.030957616865634918,0,0.0,0.0
2000-09-13 00:00:00-03:00,0.030957616865634918,0.030957616865634918,0.030957616865634918,0.030957616865634918,0,0.0,0.0
2000-09-14 00:00:00-03:00,0.030957616865634918,0.030957616865634918,0.030957616865634918,0.030957616865634918,0,0.0,0.0
2000-09-15 00:00:00-03:00,0.030957616865634918,0.030957616865634918,0.030957616865634918,0.030957616865634918,0,0.0,0.0
2000-09-18 00:00:00-03:00,0.030957616865634918,0.030957616865634918,0.030957616865634918,0.030957616865634918,0,0.0,0.0
2000-09-19 00:00:00-03:00,0.030957616865634918,0.030957616865634918,0.030957616865634918,0.030957616865634918,0,0.0,0.0
2000-09-20 00:00:00-03:00,0.030957616865634918,0.030957616865634918,0.030957616865634918,0.030957616865634918,0,0.0,0.0
2000-09-21 00:00:00-03:00,0.030957616865634918,0.030957616865634918,0.030957616865634918,0.030957616865634918,0,0.0,0.0
2000-09-22 00:00:00-03:00,0.030957616865634918,0.030957616865634918,0.030957616865634918,0.030957616865634918,0,0.0,0.0
2000-09-25 00:00:00-03:00,0.030957616865634918,0.030957616865634918,0.030957616865634918,0.030957616865634918,0,0.0,0.0
2000-09-26 00:00:00-03:00,0.030957616865634918,0.030957616865634918,0.030957616865634918,0.030957616865634918,0,0.0,0.0
2000-09-27 00:00:00-03:00,0.030957616865634918,0.030957616865634918,0.030957616865634918,0.030957616865634918,0,0.0,0.0
2000-09-28 00:00:00-03:00,0.030957616865634918,0.030957616865634918,0.030957616865634918,0.030957616865634918,0,0.0,0.0
2000-09-29 00:00:00-03:00,0.030957616865634918,0.030957616865634918,0.030957616865634918,0.030957616865634918,0,0.0,0.0
2000-10-02 00:00:00-03:00,0.030957616865634918,0.030957616865634918,0.030957616865634918,0.030957616865634918,0,0.0,0.0
2000-10-03 00:00:00-03:00,0.030957616865634918,0.030957616865634918,0.030957616865634918,0.030957616865634918,0,0.0,0.0
2000-10-04 00:00:00-03:00,0.030957616865634918,0.030957616865634918,0.030957616865634918,0.030957616865634918,0,0.0,0.0
2000-10-05 00:00:00-03:00,0.030957616865634918,0.030957616865634918,0.030957616865634918,0.030957616865634918,0,0.0,0.0
2000-10-06 00:00:00-03:00,0.030957616865634918,0.030957616865634918,0.030957616865634918,0.030957616865634918,0,0.0,0.0
2000-10-09 00:00:00-03:00,0.030957616865634918,0.030957616865634918,0.030957616865634918,0.030957616865634918,0,0.0,0.0
2000-10-10 00:00:00-03:00,0.030957616865634918,0.030957616865634918,0.030957616865634918,0.030957616865634918,0,0.0,0.0
2000-10-11 00:00:00-03:00,0.03467324376106262,0.03467324376106262,0.03467324376106262,0.03467324376106262,87883,0.0,0.0
2000-10-12 00:00:00-03:00,0.03467324376106262,0.03467324376106262,0.03467324376106262,0.03467324376106262,0,0.0,0.0
2000-10-13 00:00:00-03:00,0.03467324376106262,0.03467324376106262,0.03467324376106262,0.03467324376106262,0,0.0,0.0
2000-10-16 00:00:00-03:00,0.03467324376106262,0.03467324376106262,0.03467324376106262,0.03467324376106262,0,0.0,0.0
2000-10-17 00:00:00-03:00,0.03467324376106262,0.03467324376106262,0.03467324376106262,0.03467324376106262,0,0.0,0.0
2000-10-18 00:00:00-03:00,0.03467324376106262,0.03467324376106262,0.03467324376106262,0.03467324376106262,0,0.0,0.0
2000-10-19 00:00:00-03:00,0.03467324376106262,0.03467324376106262,0.03467324376106262,0.03467324376106262,0,0.0,0.0
2000-10-20 00:00:00-03:00,0.03467324376106262,0.03467324376106262,0.03467324376106262,0.03467324376106262,0,0.0,0.0
2000-10-23 00:00:00-03:00,0.03467324376106262,0.03467324376106262,0.03467324376106262,0.03467324376106262,0,0.0,0.0
2000-10-24 00:00:00-03:00,0.03467324376106262,0.03467324376106262,0.03467324376106262,0.03467324376106262,0,0.0,0.0
2000-10-25 00:00:00-03:00,0.03467324376106262,0.03467324376106262,0.03467324376106262,0.03467324376106262,0,0.0,0.0
2000-10-26 00:00:00-03:00,0.03467324376106262,0.03467324376106262,0.03467324376106262,0.03467324376106262,0,0.0,0.0
2000-10-27 00:00:00-03:00,0.03467324376106262,0.03467324376106262,0.03467324376106262,0.03467324376106262,0,0.0,0.0
2000-10-30 00:00:00-03:00,0.03467324376106262,0.03467324376106262,0.03467324376106262,0.03467324376106262,0,0.0,0.0
2000-10-31 00:00:00-03:00,0.03467324376106262,0.03467324376106262,0.03467324376106262,0.03467324376106262,0,0.0,0.0
2000-11-01 00:00:00-03:00,0.03467324376106262,0.03467324376106262,0.03467324376106262,0.03467324376106262,0,0.0,0.0
2000-11-02 00:00:00-03:00,0.03467324376106262,0.03467324376106262,0.03467324376106262,0.03467324376106262,0,0.0,0.0
2000-11-03 00:00:00-03:00,0.03467324376106262,0.03467324376106262,0.03467324376106262,0.03467324376106262,0,0.0,0.0
2000-11-06 00:00:00-03:00,0.03467324376106262,0.03467324376106262,0.03467324376106262,0.03467324376106262,0,0.0,0.0
2000-11-07 00:00:00-03:00,0.03467324376106262,0.03467324376106262,0.03467324376106262,0.03467324376106262,0,0.0,0.0
2000-11-08 00:00:00-03:00,0.03467324376106262,0.03467324376106262,0.03467324376106262,0.03467324376106262,0,0.0,0.0
2000-11-09 00:00:00-03:00,0.03467324376106262,0.03467324376106262,0.03467324376106262,0.03467324376106262,0,0.0,0.0
2000-11-10 00:00:00-03:00,0.03467324376106262,0.03467324376106262,0.03467324376106262,0.03467324376106262,0,0.0,0.0
2000-11-13 00:00:00-03:00,0.03467324376106262,0.03467324376106262,0.03467324376106262,0.03467324376106262,0,0.0,0.0
2000-11-14 00:00:00-03:00,0.03467324376106262,0.03467324376106262,0.03467324376106262,0.03467324376106262,0,0.0,0.0
2000-11-15 00:00:00-03:00,0.03467324376106262,0.03467324376106262,0.03467324376106262,0.03467324376106262,0,0.0,0.0
2000-11-16 00:00:00-03:00,0.03467324376106262,0.03467324376106262,0.03467324376106262,0.03467324376106262,0,0.0,0.0
2000-11-17 00:00:00-03:00,0.03467324376106262,0.03467324376106262,0.03467324376106262,0.03467324376106262,0,0.0,0.0
2000-11-20 00:00:00-03:00,0.03467324376106262,0.03467324376106262,0.03467324376106262,0.03467324376106262,0,0.0,0.0
2000-11-21 00:00:00-03:00,0.03467324376106262,0.03467324376106262,0.03467324376106262,0.03467324376106262,0,0.0,0.0
2000-11-22 00:00:00-03:00,0.03467324376106262,0.03467324376106262,0.03467324376106262,0.03467324376106262,0,0.0,0.0
2000-11-23 00:00:00-03:00,0.03467324376106262,0.03467324376106262,0.03467324376106262,0.03467324376106262,0,0.0,0.0
2000-11-24 00:00:00-03:00,0.03467324376106262,0.03467324376106262,0.03467324376106262,0.03467324376106262,0,0.0,0.0
2000-11-27 00:00:00-03:00,0.03467324376106262,0.03467324376106262,0.03467324376106262,0.03467324376106262,0,0.0,0.0
2000-11-28 00:00:00-03:00,0.03467324376106262,0.03467324376106262,0.03467324376106262,0.03467324376106262,0,0.0,0.0
2000-11-29 00:00:00-03:00,0.03467324376106262,0.03467324376106262,0.03467324376106262,0.03467324376106262,0,0.0,0.0
2000-11-30 00:00:00-03:00,0.03467324376106262,0.03467324376106262,0.03467324376106262,0.03467324376106262,0,0.0,0.0
2000-12-01 00:00:00-03:00,0.03343470022082329,0.03343470022082329,0.03343470022082329,0.03343470022082329,39751,0.0,0.0
2000-12-04 00:00:00-03:00,0.03343470022082329,0.03343470022082329,0.03343470022082329,0.03343470022082329,0,0.0,0.0
2000-12-05 00:00:00-03:00,0.03343470022082329,0.03343470022082329,0.03343470022082329,0.03343470022082329,0,0.0,0.0
2000-12-06 00:00:00-03:00,0.03343470022082329,0.03343470022082329,0.03343470022082329,0.03343470022082329,0,0.0,0.0
2000-12-07 00:00:00-03:00,0.03343470022082329,0.03343470022082329,0.03343470022082329,0.03343470022082329,0,0.0,0.0
2000-12-08 00:00:00-03:00,0.03343470022082329,0.03343470022082329,0.03343470022082329,0.03343470022082329,0,0.0,0.0
2000-12-11 00:00:00-03:00,0.03343470022082329,0.03343470022082329,0.03343470022082329,0.03343470022082329,0,0.0,0.0
2000-12-12 00:00:00-03:00,0.03343470022082329,0.03343470022082329,0.03343470022082329,0.03343470022082329,0,0.0,0.0
2000-12-13 00:00:00-03:00,0.03343470022082329,0.03343470022082329,0.03343470022082329,0.03343470022082329,0,0.0,0.0
2000-12-14 00:00:00-03:00,0.03343470022082329,0.03343470022082329,0.03343470022082329,0.03343470022082329,0,0.0,0.0
2000-12-15 00:00:00-03:00,0.03343470022082329,0.03343470022082329,0.03343470022082329,0.03343470022082329,0,0.0,0.0
2000-12-18 00:00:00-03:00,0.03343470022082329,0.03343470022082329,0.03343470022082329,0.03343470022082329,0,0.0,0.0
2000-12-19 00:00:00-03:00,0.03343470022082329,0.03343470022082329,0.03343470022082329,0.03343470022082329,0,0.0,0.0
2000-12-20 00:00:00-03:00,0.03343470022082329,0.03343470022082329,0.03343470022082329,0.03343470022082329,0,0.0,0.0
2000-12-21 00:00:00-03:00,0.03343470022082329,0.03343470022082329,0.03343470022082329,0.03343470022082329,0,0.0,0.0
2000-12-22 00:00:00-03:00,0.03343470022082329,0.03343470022082329,0.03343470022082329,0.03343470022082329,0,0.0,0.0
2000-12-25 00:00:00-03:00,0.03343470022082329,0.03343470022082329,0.03343470022082329,0.03343470022082329,0,0.0,0.0
2000-12-26 00:00:00-03:00,0.03343470022082329,0.03343470022082329,0.03343470022082329,0.03343470022082329,0,0.0,0.0
2000-12-27 00:00:00-03:00,0.03343470022082329,0.03343470022082329,0.03343470022082329,0.03343470022082329,0,0.0,0.0
2000-12-28 00:00:00-03:00,0.03343470022082329,0.03343470022082329,0.03343470022082329,0.03343470022082329,0,0.0,0.0
2000-12-29 00:00:00-03:00,0.03343470022082329,0.03343470022082329,0.03343470022082329,0.03343470022082329,0,0.0,0.0
2001-01-01 00:00:00-03:00,0.03343470022082329,0.03343470022082329,0.03343470022082329,0.03343470022082329,0,0.0,0.0
2001-01-02 00:00:00-03:00,0.03343470022082329,0.03343470022082329,0.03343470022082329,0.03343470022082329,0,0.0,0.0
2001-01-03 00:00:00-03:00,0.03343470022082329,0.03343470022082329,0.03343470022082329,0.03343470022082329,0,0.0,0.0
2001-01-04 00:00:00-03:00,0.03343470022082329,0.03343470022082329,0.03343470022082329,0.03343470022082329,0,0.0,0.0
2001-01-05 00:00:00-03:00,0.03343470022082329,0.03343470022082329,0.03343470022082329,0.03343470022082329,0,0.0,0.0
2001-01-08 00:00:00-03:00,0.03343470022082329,0.03343470022082329,0.03343470022082329,0.03343470022082329,0,0.0,0.0
2001-01-09 00:00:00-03:00,0.03343470022082329,0.03343470022082329,0.03343470022082329,0.03343470022082329,0,0.0,0.0
2001-01-10 00:00:00-03:00,0.03343470022082329,0.03343470022082329,0.03343470022082329,0.03343470022082329,0,0.0,0.0
2001-01-11 00:00:00-03:00,0.03343470022082329,0.03343470022082329,0.03343470022082329,0.03343470022082329,0,0.0,0.0
2001-01-12 00:00:00-03:00,0.03343470022082329,0.03343470022082329,0.03343470022082329,0.03343470022082329,0,0.0,0.0
2001-01-15 00:00:00-03:00,0.03343470022082329,0.03343470022082329,0.03343470022082329,0.03343470022082329,0,0.0,0.0
2001-01-16 00:00:00-03:00,0.03343470022082329,0.03343470022082329,0.03343470022082329,0.03343470022082329,0,0.0,0.0
2001-01-17 00:00:00-03:00,0.03343470022082329,0.03343470022082329,0.03343470022082329,0.03343470022082329,0,0.0,0.0
2001-01-18 00:00:00-03:00,0.03343470022082329,0.03343470022082329,0.03343470022082329,0.03343470022082329,0,0.0,0.0
2001-01-19 00:00:00-03:00,0.03343470022082329,0.03343470022082329,0.03343470022082329,0.03343470022082329,0,0.0,0.0
2001-01-22 00:00:00-03:00,0.03343470022082329,0.03343470022082329,0.03343470022082329,0.03343470022082329,0,0.0,0.0
2001-01-23 00:00:00-03:00,0.03343470022082329,0.03343470022082329,0.03343470022082329,0.03343470022082329,0,0.0,0.0
2001-01-24 00:00:00-03:00,0.03343470022082329,0.03343470022082329,0.03343470022082329,0.03343470022082329,0,0.0,0.0
2001-01-25 00:00:00-03:00,0.03343470022082329,0.03343470022082329,0.03343470022082329,0.03343470022082329,0,0.0,0.0
2001-01-26 00:00:00-03:00,0.03343470022082329,0.03343470022082329,0.03343470022082329,0.03343470022082329,0,0.0,0.0
2001-01-29 00:00:00-03:00,0.03343470022082329,0.03343470022082329,0.03343470022082329,0.03343470022082329,0,0.0,0.0
2001-01-30 00:00:00-03:00,0.03343470022082329,0.03343470022082329,0.03343470022082329,0.03343470022082329,0,0.0,0.0
2001-01-31 00:00:00-03:00,0.03343470022082329,0.03343470022082329,0.03343470022082329,0.03343470022082329,0,0.0,0.0
2001-02-01 00:00:00-03:00,0.03343470022082329,0.03343470022082329,0.03343470022082329,0.03343470022082329,0,0.0,0.0
2001-02-02 00:00:00-03:00,0.03343470022082329,0.03343470022082329,0.03343470022082329,0.03343470022082329,0,0.0,0.0
2001-02-05 00:00:00-03:00,0.03343470022082329,0.03343470022082329,0.03343470022082329,0.03343470022082329,0,0.0,0.0
2001-02-06 00:00:00-03:00,0.03343470022082329,0.03343470022082329,0.03343470022082329,0.03343470022082329,0,0.0,0.0
2001-02-07 00:00:00-03:00,0.03343470022082329,0.03343470022082329,0.03343470022082329,0.03343470022082329,0,0.0,0.0
2001-02-08 00:00:00-03:00,0.03343470022082329,0.03343470022082329,0.03343470022082329,0.03343470022082329,0,0.0,0.0
2001-02-09 00:00:00-03:00,0.03269137814640999,0.03269137814640999,0.02972006184958806,0.03269137814640999,91493,0.0,0.0
2001-02-12 00:00:00-03:00,0.03269137814640999,0.03269137814640999,0.03269137814640999,0.03269137814640999,0,0.0,0.0
2001-02-13 00:00:00-03:00,0.03467324376106262,0.03467324376106262,0.03467324376106262,0.03467324376106262,68293,0.0,0.0
2001-02-14 00:00:00-03:00,0.03467324376106262,0.03467324376106262,0.03467324376106262,0.03467324376106262,0,0.0,0.0
2001-02-15 00:00:00-03:00,0.03467324376106262,0.03467324376106262,0.03467324376106262,0.03467324376106262,0,0.0,0.0
2001-02-16 00:00:00-03:00,0.03467324376106262,0.03467324376106262,0.03467324376106262,0.03467324376106262,0,0.0,0.0
2001-02-19 00:00:00-03:00,0.03467324376106262,0.03467324376106262,0.03467324376106262,0.03467324376106262,0,0.0,0.0
2001-02-20 00:00:00-03:00,0.03467324376106262,0.03467324376106262,0.03467324376106262,0.03467324376106262,0,0.0,0.0
2001-02-21 00:00:00-03:00,0.03467324376106262,0.03467324376106262,0.03467324376106262,0.03467324376106262,0,0.0,0.0
2001-02-22 00:00:00-03:00,0.03467324376106262,0.03467324376106262,0.03467324376106262,0.03467324376106262,0,0.0,0.0
2001-02-23 00:00:00-03:00,0.03467324376106262,0.03467324376106262,0.03467324376106262,0.03467324376106262,0,0.0,0.0
2001-02-26 00:00:00-03:00,0.03467324376106262,0.03467324376106262,0.03467324376106262,0.03467324376106262,0,0.0,0.0
2001-02-27 00:00:00-03:00,0.03467324376106262,0.03467324376106262,0.03467324376106262,0.03467324376106262,0,0.0,0.0
2001-02-28 00:00:00-03:00,0.03467324376106262,0.03467324376106262,0.03467324376106262,0.03467324376106262,0,0.0,0.0
2001-03-01 00:00:00-03:00,0.03467324376106262,0.03467324376106262,0.03467324376106262,0.03467324376106262,0,0.0,0.0
2001-03-02 00:00:00-03:00,0.03467324376106262,0.03467324376106262,0.03467324376106262,0.03467324376106262,0,0.0,0.0
2001-03-05 00:00:00-03:00,0.03467324376106262,0.03467324376106262,0.03467324376106262,0.03467324376106262,0,0.0,0.0
2001-03-06 00:00:00-03:00,0.03467324376106262,0.03467324376106262,0.03467324376106262,0.03467324376106262,0,0.0,0.0
2001-03-07 00:00:00-03:00,0.03467324376106262,0.03467324376106262,0.03467324376106262,0.03467324376106262,0,0.0,0.0
2001-03-08 00:00:00-03:00,0.03467324376106262,0.03467324376106262,0.03467324376106262,0.03467324376106262,0,0.0,0.0
2001-03-09 00:00:00-03:00,0.03467324376106262,0.03467324376106262,0.03467324376106262,0.03467324376106262,0,0.0,0.0
2001-03-12 00:00:00-03:00,0.03467324376106262,0.03467324376106262,0.03467324376106262,0.03467324376106262,0,0.0,0.0
2001-03-13 00:00:00-03:00,0.03467324376106262,0.03467324376106262,0.03467324376106262,0.03467324376106262,0,0.0,0.0
2001-03-14 00:00:00-03:00,0.03467324376106262,0.03467324376106262,0.03467324376106262,0.03467324376106262,0,0.0,0.0
2001-03-15 00:00:00-03:00,0.03467324376106262,0.03467324376106262,0.03467324376106262,0.03467324376106262,0,0.0,0.0
2001-03-16 00:00:00-03:00,0.03467324376106262,0.03467324376106262,0.03467324376106262,0.03467324376106262,0,0.0,0.0
2001-03-19 00:00:00-03:00,0.03467324376106262,0.03467324376106262,0.03467324376106262,0.03467324376106262,0,0.0,0.0
2001-03-20 00:00:00-03:00,0.03467324376106262,0.03467324376106262,0.03467324376106262,0.03467324376106262,0,0.0,0.0
2001-03-21 00:00:00-03:00,0.03467324376106262,0.03467324376106262,0.03467324376106262,0.03467324376106262,0,0.0,0.0
2001-03-22 00:00:00-03:00,0.03467324376106262,0.03467324376106262,0.03467324376106262,0.03467324376106262,0,0.0,0.0
2001-03-23 00:00:00-03:00,0.03467324376106262,0.03467324376106262,0.03467324376106262,0.03467324376106262,0,0.0,0.0
2001-03-26 00:00:00-03:00,0.03467324376106262,0.03467324376106262,0.03467324376106262,0.03467324376106262,0,0.0,0.0
2001-03-27 00:00:00-03:00,0.03467324376106262,0.03467324376106262,0.03467324376106262,0.03467324376106262,0,0.0,0.0
2001-03-28 00:00:00-03:00,0.03467324376106262,0.03467324376106262,0.03467324376106262,0.03467324376106262,0,0.0,0.0
2001-03-29 00:00:00-03:00,0.03467324376106262,0.03467324376106262,0.03467324376106262,0.03467324376106262,0,0.0,0.0
2001-03-30 00:00:00-03:00,0.03467324376106262,0.03467324376106262,0.03467324376106262,0.03467324376106262,0,0.0,0.0
2001-04-02 00:00:00-03:00,0.03467324376106262,0.03467324376106262,0.03467324376106262,0.03467324376106262,0,0.0,0.0
2001-04-03 00:00:00-03:00,0.03467324376106262,0.03467324376106262,0.03467324376106262,0.03467324376106262,0,0.0,0.0
2001-04-04 00:00:00-03:00,0.03467324376106262,0.03467324376106262,0.03467324376106262,0.03467324376106262,0,0.0,0.0
2001-04-05 00:00:00-03:00,0.03467324376106262,0.03467324376106262,0.03467324376106262,0.03467324376106262,0,0.0,0.0
2001-04-06 00:00:00-03:00,0.03467324376106262,0.03467324376106262,0.03467324376106262,0.03467324376106262,0,0.0,0.0
2001-04-09 00:00:00-03:00,0.03467324376106262,0.03467324376106262,0.03467324376106262,0.03467324376106262,0,0.0,0.0
2001-04-10 00:00:00-03:00,0.03467324376106262,0.03467324376106262,0.03467324376106262,0.03467324376106262,0,0.0,0.0
2001-04-11 00:00:00-03:00,0.03467324376106262,0.03467324376106262,0.03467324376106262,0.03467324376106262,0,0.0,0.0
2001-04-12 00:00:00-03:00,0.03467324376106262,0.03467324376106262,0.03467324376106262,0.03467324376106262,0,0.0,0.0
2001-04-13 00:00:00-03:00,0.03467324376106262,0.03467324376106262,0.03467324376106262,0.03467324376106262,0,0.0,0.0
2001-04-16 00:00:00-03:00,0.03467324376106262,0.03467324376106262,0.03467324376106262,0.03467324376106262,0,0.0,0.0
2001-04-17 00:00:00-03:00,0.03467324376106262,0.03467324376106262,0.03467324376106262,0.03467324376106262,41453,0.0,0.0
2001-04-18 00:00:00-03:00,0.03467324376106262,0.03467324376106262,0.03467324376106262,0.03467324376106262,0,0.0,0.0
2001-04-19 00:00:00-03:00,0.03467324376106262,0.03467324376106262,0.03467324376106262,0.03467324376106262,0,0.0,0.0
2001-04-20 00:00:00-03:00,0.03467324376106262,0.03467324376106262,0.03467324376106262,0.03467324376106262,0,0.0,0.0
2001-04-23 00:00:00-03:00,0.03467324376106262,0.03467324376106262,0.03467324376106262,0.03467324376106262,0,0.0,0.0
2001-04-24 00:00:00-03:00,0.03467324376106262,0.03467324376106262,0.03467324376106262,0.03467324376106262,0,0.0,0.0
2001-04-25 00:00:00-03:00,0.03467324376106262,0.03467324376106262,0.03467324376106262,0.03467324376106262,0,0.0,0.0
2001-04-26 00:00:00-03:00,0.03467324376106262,0.03467324376106262,0.03467324376106262,0.03467324376106262,0,0.0,0.0
2001-04-27 00:00:00-03:00,0.03467324376106262,0.03467324376106262,0.03467324376106262,0.03467324376106262,280648,0.0,0.0
2001-04-30 00:00:00-03:00,0.03467324376106262,0.03467324376106262,0.03467324376106262,0.03467324376106262,88718,0.0,0.0
2001-05-01 00:00:00-03:00,0.03467324376106262,0.03467324376106262,0.03467324376106262,0.03467324376106262,0,0.0,0.0
2001-05-02 00:00:00-03:00,0.03467324376106262,0.03467324376106262,0.03467324376106262,0.03467324376106262,0,0.0,0.0
2001-05-03 00:00:00-03:00,0.0371493399143219,0.0371493399143219,0.0371493399143219,0.0371493399143219,68476,0.0,0.0
2001-05-04 00:00:00-03:00,0.038387879729270935,0.038387879729270935,0.038387879729270935,0.038387879729270935,39751,0.0,0.0
2001-05-07 00:00:00-03:00,0.038387879729270935,0.038387879729270935,0.038387879729270935,0.038387879729270935,36595,0.0,0.0
2001-05-08 00:00:00-03:00,0.038387879729270935,0.038387879729270935,0.038387879729270935,0.038387879729270935,0,0.0,0.0
2001-05-09 00:00:00-03:00,0.038387879729270935,0.038387879729270935,0.038387879729270935,0.038387879729270935,0,0.0,0.0
2001-05-10 00:00:00-03:00,0.038387879729270935,0.038387879729270935,0.038387879729270935,0.038387879729270935,0,0.0,0.0
2001-05-11 00:00:00-03:00,0.038387879729270935,0.038387879729270935,0.038387879729270935,0.038387879729270935,0,0.0,0.0
2001-05-14 00:00:00-03:00,0.038387879729270935,0.038387879729270935,0.038387879729270935,0.038387879729270935,0,0.0,0.0
2001-05-15 00:00:00-03:00,0.038387879729270935,0.038387879729270935,0.038387879729270935,0.038387879729270935,25679,0.0,0.0
2001-05-16 00:00:00-03:00,0.038387879729270935,0.038387879729270935,0.038387879729270935,0.038387879729270935,0,0.0,0.0
2001-05-17 00:00:00-03:00,0.038387879729270935,0.038387879729270935,0.038387879729270935,0.038387879729270935,0,0.0,0.0
2001-05-18 00:00:00-03:00,0.038387879729270935,0.038387879729270935,0.038387879729270935,0.038387879729270935,0,0.0,0.0
2001-05-21 00:00:00-03:00,0.038387879729270935,0.038387879729270935,0.038387879729270935,0.038387879729270935,0,0.0,0.0
2001-05-22 00:00:00-03:00,0.04210350289940834,0.04210350289940834,0.039626423030653626,0.04210350289940834,152671,0.0,0.0
2001-05-23 00:00:00-03:00,0.04210350289940834,0.04210350289940834,0.04210350289940834,0.04210350289940834,43727,0.0,0.0
2001-05-24 00:00:00-03:00,0.04210350289940834,0.04210350289940834,0.04210350289940834,0.04210350289940834,0,0.0,0.0
2001-05-25 00:00:00-03:00,0.04210350289940834,0.04210350289940834,0.04210350289940834,0.04210350289940834,0,0.0,0.0
2001-05-28 00:00:00-03:00,0.04210350289940834,0.04210350289940834,0.04210350289940834,0.04210350289940834,0,0.0,0.0
2001-05-29 00:00:00-03:00,0.04210350289940834,0.04210350289940834,0.04210350289940834,0.04210350289940834,0,0.0,0.0
2001-05-30 00:00:00-03:00,0.04210350289940834,0.04210350289940834,0.04210350289940834,0.04210350289940834,0,0.0,0.0
2001-05-31 00:00:00-03:00,0.04210350289940834,0.04210350289940834,0.04210350289940834,0.04210350289940834,0,0.0,0.0
2001-06-01 00:00:00-03:00,0.04210350289940834,0.04210350289940834,0.04210350289940834,0.04210350289940834,0,0.0,0.0
2001-06-04 00:00:00-03:00,0.04210350289940834,0.04210350289940834,0.04210350289940834,0.04210350289940834,0,0.0,0.0
2001-06-05 00:00:00-03:00,0.04210350289940834,0.04210350289940834,0.04210350289940834,0.04210350289940834,0,0.0,0.0
2001-06-06 00:00:00-03:00,0.04210350289940834,0.04210350289940834,0.04210350289940834,0.04210350289940834,0,0.0,0.0
2001-06-07 00:00:00-03:00,0.04210350289940834,0.04210350289940834,0.04210350289940834,0.04210350289940834,0,0.0,0.0
2001-06-08 00:00:00-03:00,0.04210350289940834,0.04210350289940834,0.04210350289940834,0.04210350289940834,0,0.0,0.0
2001-06-11 00:00:00-03:00,0.04210350289940834,0.04210350289940834,0.04210350289940834,0.04210350289940834,0,0.0,0.0
2001-06-12 00:00:00-03:00,0.04210350289940834,0.04210350289940834,0.04210350289940834,0.04210350289940834,0,0.0,0.0
2001-06-13 00:00:00-03:00,0.04210350289940834,0.04210350289940834,0.04210350289940834,0.04210350289940834,0,0.0,0.0
2001-06-14 00:00:00-03:00,0.04210350289940834,0.04210350289940834,0.04210350289940834,0.04210350289940834,0,0.0,0.0
2001-06-15 00:00:00-03:00,0.04210350289940834,0.04210350289940834,0.04210350289940834,0.04210350289940834,0,0.0,0.0
2001-06-18 00:00:00-03:00,0.04210350289940834,0.04210350289940834,0.04210350289940834,0.04210350289940834,0,0.0,0.0
2001-06-19 00:00:00-03:00,0.04210350289940834,0.04210350289940834,0.04210350289940834,0.04210350289940834,0,0.0,0.0
2001-06-20 00:00:00-03:00,0.04210350289940834,0.04210350289940834,0.04210350289940834,0.04210350289940834,0,0.0,0.0
2001-06-21 00:00:00-03:00,0.04210350289940834,0.04210350289940834,0.04210350289940834,0.04210350289940834,0,0.0,0.0
2001-06-22 00:00:00-03:00,0.04210350289940834,0.04210350289940834,0.04210350289940834,0.04210350289940834,0,0.0,0.0
2001-06-25 00:00:00-03:00,0.04210350289940834,0.04210350289940834,0.04210350289940834,0.04210350289940834,0,0.0,0.0
2001-06-26 00:00:00-03:00,0.04210350289940834,0.04210350289940834,0.04210350289940834,0.04210350289940834,0,0.0,0.0
2001-06-27 00:00:00-03:00,0.04210350289940834,0.04210350289940834,0.04210350289940834,0.04210350289940834,0,0.0,0.0
2001-06-28 00:00:00-03:00,0.04210350289940834,0.04210350289940834,0.04210350289940834,0.04210350289940834,0,0.0,0.0
2001-06-29 00:00:00-03:00,0.04210350289940834,0.04210350289940834,0.04210350289940834,0.04210350289940834,0,0.0,0.0
2001-07-02 00:00:00-03:00,0.04210350289940834,0.04210350289940834,0.04210350289940834,0.04210350289940834,0,0.0,0.0
2001-07-03 00:00:00-03:00,0.04210350289940834,0.04210350289940834,0.04210350289940834,0.04210350289940834,0,0.0,0.0
2001-07-04 00:00:00-03:00,0.04210350289940834,0.04210350289940834,0.04210350289940834,0.04210350289940834,0,0.0,0.0
2001-07-05 00:00:00-03:00,0.04210350289940834,0.04210350289940834,0.04210350289940834,0.04210350289940834,0,0.0,0.0
2001-07-06 00:00:00-03:00,0.04210350289940834,0.04210350289940834,0.04210350289940834,0.04210350289940834,0,0.0,0.0
2001-07-09 00:00:00-03:00,0.04210350289940834,0.04210350289940834,0.04210350289940834,0.04210350289940834,0,0.0,0.0
2001-07-10 00:00:00-03:00,0.04210350289940834,0.04210350289940834,0.04210350289940834,0.04210350289940834,0,0.0,0.0
2001-07-11 00:00:00-03:00,0.04210350289940834,0.04210350289940834,0.04210350289940834,0.04210350289940834,0,0.0,0.0
2001-07-12 00:00:00-03:00,0.04210350289940834,0.04210350289940834,0.04210350289940834,0.04210350289940834,0,0.0,0.0
2001-07-13 00:00:00-03:00,0.04210350289940834,0.04210350289940834,0.04210350289940834,0.04210350289940834,0,0.0,0.0
2001-07-16 00:00:00-03:00,0.04210350289940834,0.04210350289940834,0.04210350289940834,0.04210350289940834,0,0.0,0.0
2001-07-17 00:00:00-03:00,0.04210350289940834,0.04210350289940834,0.04210350289940834,0.04210350289940834,0,0.0,0.0
2001-07-18 00:00:00-03:00,0.04210350289940834,0.04210350289940834,0.04210350289940834,0.04210350289940834,0,0.0,0.0
2001-07-19 00:00:00-03:00,0.04210350289940834,0.04210350289940834,0.04210350289940834,0.04210350289940834,0,0.0,0.0
2001-07-20 00:00:00-03:00,0.04210350289940834,0.04210350289940834,0.04210350289940834,0.04210350289940834,0,0.0,0.0
2001-07-23 00:00:00-03:00,0.04210350289940834,0.04210350289940834,0.04210350289940834,0.04210350289940834,0,0.0,0.0
2001-07-24 00:00:00-03:00,0.04210350289940834,0.04210350289940834,0.04210350289940834,0.04210350289940834,0,0.0,0.0
2001-07-25 00:00:00-03:00,0.04210350289940834,0.04210350289940834,0.04210350289940834,0.04210350289940834,0,0.0,0.0
2001-07-26 00:00:00-03:00,0.04210350289940834,0.04210350289940834,0.04210350289940834,0.04210350289940834,0,0.0,0.0
2001-07-27 00:00:00-03:00,0.04210350289940834,0.04210350289940834,0.04210350289940834,0.04210350289940834,0,0.0,0.0
2001-07-30 00:00:00-03:00,0.04210350289940834,0.04210350289940834,0.04210350289940834,0.04210350289940834,0,0.0,0.0
2001-07-31 00:00:00-03:00,0.04210350289940834,0.04210350289940834,0.04210350289940834,0.04210350289940834,0,0.0,0.0
2001-08-01 00:00:00-03:00,0.04210350289940834,0.04210350289940834,0.04210350289940834,0.04210350289940834,0,0.0,0.0
2001-08-02 00:00:00-03:00,0.04210350289940834,0.04210350289940834,0.04210350289940834,0.04210350289940834,0,0.0,0.0
2001-08-03 00:00:00-03:00,0.04210350289940834,0.04210350289940834,0.04210350289940834,0.04210350289940834,0,0.0,0.0
2001-08-06 00:00:00-03:00,0.04210350289940834,0.04210350289940834,0.04210350289940834,0.04210350289940834,0,0.0,0.0
2001-08-07 00:00:00-03:00,0.04210350289940834,0.04210350289940834,0.04210350289940834,0.04210350289940834,0,0.0,0.0
2001-08-08 00:00:00-03:00,0.04210350289940834,0.04210350289940834,0.04210350289940834,0.04210350289940834,0,0.0,0.0
2001-08-09 00:00:00-03:00,0.04210350289940834,0.04210350289940834,0.04210350289940834,0.04210350289940834,0,0.0,0.0
2001-08-10 00:00:00-03:00,0.04210350289940834,0.04210350289940834,0.04210350289940834,0.04210350289940834,0,0.0,0.0
2001-08-13 00:00:00-03:00,0.04210350289940834,0.04210350289940834,0.04210350289940834,0.04210350289940834,0,0.0,0.0
2001-08-14 00:00:00-03:00,0.04210350289940834,0.04210350289940834,0.04210350289940834,0.04210350289940834,0,0.0,0.0
2001-08-15 00:00:00-03:00,0.04210350289940834,0.04210350289940834,0.04210350289940834,0.04210350289940834,0,0.0,0.0
2001-08-16 00:00:00-03:00,0.04210350289940834,0.04210350289940834,0.04210350289940834,0.04210350289940834,0,0.0,0.0
2001-08-17 00:00:00-03:00,0.04210350289940834,0.04210350289940834,0.04210350289940834,0.04210350289940834,0,0.0,0.0
2001-08-20 00:00:00-03:00,0.04210350289940834,0.04210350289940834,0.04210350289940834,0.04210350289940834,0,0.0,0.0
2001-08-21 00:00:00-03:00,0.04210350289940834,0.04210350289940834,0.04210350289940834,0.04210350289940834,0,0.0,0.0
2001-08-22 00:00:00-03:00,0.04210350289940834,0.04210350289940834,0.04210350289940834,0.04210350289940834,0,0.0,0.0
2001-08-23 00:00:00-03:00,0.04210350289940834,0.04210350289940834,0.04210350289940834,0.04210350289940834,0,0.0,0.0
2001-08-24 00:00:00-03:00,0.04210350289940834,0.04210350289940834,0.04210350289940834,0.04210350289940834,0,0.0,0.0
2001-08-27 00:00:00-03:00,0.04210350289940834,0.04210350289940834,0.04210350289940834,0.04210350289940834,0,0.0,0.0
2001-08-28 00:00:00-03:00,0.04210350289940834,0.04210350289940834,0.04210350289940834,0.04210350289940834,0,0.0,0.0
2001-08-29 00:00:00-03:00,0.04210350289940834,0.04210350289940834,0.04210350289940834,0.04210350289940834,0,0.0,0.0
2001-08-30 00:00:00-03:00,0.04210350289940834,0.04210350289940834,0.04210350289940834,0.04210350289940834,0,0.0,0.0
2001-08-31 00:00:00-03:00,0.04210350289940834,0.04210350289940834,0.04210350289940834,0.04210350289940834,0,0.0,0.0
2001-09-03 00:00:00-03:00,0.04210350289940834,0.04210350289940834,0.04210350289940834,0.04210350289940834,0,0.0,0.0
2001-09-04 00:00:00-03:00,0.04210350289940834,0.04210350289940834,0.04210350289940834,0.04210350289940834,0,0.0,0.0
2001-09-05 00:00:00-03:00,0.04210350289940834,0.04210350289940834,0.04210350289940834,0.04210350289940834,0,0.0,0.0
2001-09-06 00:00:00-03:00,0.04210350289940834,0.04210350289940834,0.04210350289940834,0.04210350289940834,0,0.0,0.0
2001-09-07 00:00:00-03:00,0.04210350289940834,0.04210350289940834,0.04210350289940834,0.04210350289940834,0,0.0,0.0
2001-09-10 00:00:00-03:00,0.04210350289940834,0.04210350289940834,0.04210350289940834,0.04210350289940834,0,0.0,0.0
2001-09-11 00:00:00-03:00,0.04210350289940834,0.04210350289940834,0.04210350289940834,0.04210350289940834,0,0.0,0.0
2001-09-12 00:00:00-03:00,0.04210350289940834,0.04210350289940834,0.04210350289940834,0.04210350289940834,0,0.0,0.0
2001-09-13 00:00:00-03:00,0.04210350289940834,0.04210350289940834,0.04210350289940834,0.04210350289940834,0,0.0,0.0
2001-09-14 00:00:00-03:00,0.04210350289940834,0.04210350289940834,0.04210350289940834,0.04210350289940834,0,0.0,0.0
2001-09-17 00:00:00-03:00,0.04210350289940834,0.04210350289940834,0.04210350289940834,0.04210350289940834,0,0.0,0.0
2001-09-18 00:00:00-03:00,0.04210350289940834,0.04210350289940834,0.04210350289940834,0.04210350289940834,0,0.0,0.0
2001-09-19 00:00:00-03:00,0.04210350289940834,0.04210350289940834,0.04210350289940834,0.04210350289940834,0,0.0,0.0
2001-09-20 00:00:00-03:00,0.04210350289940834,0.04210350289940834,0.04210350289940834,0.04210350289940834,0,0.0,0.0
2001-09-21 00:00:00-03:00,0.04210350289940834,0.04210350289940834,0.04210350289940834,0.04210350289940834,0,0.0,0.0
2001-09-24 00:00:00-03:00,0.04210350289940834,0.04210350289940834,0.04210350289940834,0.04210350289940834,0,0.0,0.0
2001-09-25 00:00:00-03:00,0.04210350289940834,0.04210350289940834,0.04210350289940834,0.04210350289940834,0,0.0,0.0
2001-09-26 00:00:00-03:00,0.04210350289940834,0.04210350289940834,0.04210350289940834,0.04210350289940834,0,0.0,0.0
2001-09-27 00:00:00-03:00,0.04210350289940834,0.04210350289940834,0.04210350289940834,0.04210350289940834,0,0.0,0.0
2001-09-28 00:00:00-03:00,0.04210350289940834,0.04210350289940834,0.04210350289940834,0.04210350289940834,0,0.0,0.0
2001-10-01 00:00:00-03:00,0.04210350289940834,0.04210350289940834,0.04210350289940834,0.04210350289940834,0,0.0,0.0
2001-10-02 00:00:00-03:00,0.04210350289940834,0.04210350289940834,0.04210350289940834,0.04210350289940834,0,0.0,0.0
2001-10-03 00:00:00-03:00,0.04210350289940834,0.04210350289940834,0.04210350289940834,0.04210350289940834,0,0.0,0.0
2001-10-04 00:00:00-03:00,0.04210350289940834,0.04210350289940834,0.04210350289940834,0.04210350289940834,0,0.0,0.0
2001-10-05 00:00:00-03:00,0.04210350289940834,0.04210350289940834,0.04210350289940834,0.04210350289940834,0,0.0,0.0
2001-10-08 00:00:00-03:00,0.04210350289940834,0.04210350289940834,0.04210350289940834,0.04210350289940834,0,0.0,0.0
2001-10-09 00:00:00-03:00,0.04210350289940834,0.04210350289940834,0.04210350289940834,0.04210350289940834,0,0.0,0.0
2001-10-10 00:00:00-03:00,0.04210350289940834,0.04210350289940834,0.04210350289940834,0.04210350289940834,0,0.0,0.0
2001-10-11 00:00:00-03:00,0.04210350289940834,0.04210350289940834,0.04210350289940834,0.04210350289940834,0,0.0,0.0
2001-10-12 00:00:00-03:00,0.04210350289940834,0.04210350289940834,0.04210350289940834,0.04210350289940834,0,0.0,0.0
2001-10-15 00:00:00-03:00,0.04210350289940834,0.04210350289940834,0.04210350289940834,0.04210350289940834,0,0.0,0.0
2001-10-16 00:00:00-03:00,0.04210350289940834,0.04210350289940834,0.04210350289940834,0.04210350289940834,0,0.0,0.0
2001-10-17 00:00:00-03:00,0.04210350289940834,0.04210350289940834,0.04210350289940834,0.04210350289940834,0,0.0,0.0
2001-10-18 00:00:00-03:00,0.04210350289940834,0.04210350289940834,0.04210350289940834,0.04210350289940834,0,0.0,0.0
2001-10-19 00:00:00-03:00,0.04210350289940834,0.04210350289940834,0.04210350289940834,0.04210350289940834,0,0.0,0.0
2001-10-22 00:00:00-03:00,0.04210350289940834,0.04210350289940834,0.04210350289940834,0.04210350289940834,0,0.0,0.0
2001-10-23 00:00:00-03:00,0.04210350289940834,0.04210350289940834,0.04210350289940834,0.04210350289940834,0,0.0,0.0
2001-10-24 00:00:00-03:00,0.04210350289940834,0.04210350289940834,0.04210350289940834,0.04210350289940834,0,0.0,0.0
2001-10-25 00:00:00-03:00,0.04210350289940834,0.04210350289940834,0.04210350289940834,0.04210350289940834,0,0.0,0.0
2001-10-26 00:00:00-03:00,0.04210350289940834,0.04210350289940834,0.04210350289940834,0.04210350289940834,0,0.0,0.0
2001-10-29 00:00:00-03:00,0.04210350289940834,0.04210350289940834,0.04210350289940834,0.04210350289940834,0,0.0,0.0
2001-10-30 00:00:00-03:00,0.04210350289940834,0.04210350289940834,0.04210350289940834,0.04210350289940834,0,0.0,0.0
2001-10-31 00:00:00-03:00,0.04210350289940834,0.04210350289940834,0.04210350289940834,0.04210350289940834,0,0.0,0.0
2001-11-01 00:00:00-03:00,0.04210350289940834,0.04210350289940834,0.04210350289940834,0.04210350289940834,0,0.0,0.0
2001-11-02 00:00:00-03:00,0.04210350289940834,0.04210350289940834,0.04210350289940834,0.04210350289940834,0,0.0,0.0
2001-11-05 00:00:00-03:00,0.04210350289940834,0.04210350289940834,0.04210350289940834,0.04210350289940834,0,0.0,0.0
2001-11-06 00:00:00-03:00,0.04210350289940834,0.04210350289940834,0.04210350289940834,0.04210350289940834,0,0.0,0.0
2001-11-07 00:00:00-03:00,0.04210350289940834,0.04210350289940834,0.04210350289940834,0.04210350289940834,0,0.0,0.0
2001-11-08 00:00:00-03:00,0.04210350289940834,0.04210350289940834,0.04210350289940834,0.04210350289940834,0,0.0,0.0
2001-11-09 00:00:00-03:00,0.04210350289940834,0.04210350289940834,0.04210350289940834,0.04210350289940834,0,0.0,0.0
2001-11-12 00:00:00-03:00,0.04210350289940834,0.04210350289940834,0.04210350289940834,0.04210350289940834,0,0.0,0.0
2001-11-13 00:00:00-03:00,0.04210350289940834,0.04210350289940834,0.04210350289940834,0.04210350289940834,0,0.0,0.0
2001-11-14 00:00:00-03:00,0.04210350289940834,0.04210350289940834,0.04210350289940834,0.04210350289940834,0,0.0,0.0
2001-11-15 00:00:00-03:00,0.04210350289940834,0.04210350289940834,0.04210350289940834,0.04210350289940834,0,0.0,0.0
2001-11-16 00:00:00-03:00,0.04210350289940834,0.04210350289940834,0.04210350289940834,0.04210350289940834,0,0.0,0.0
2001-11-19 00:00:00-03:00,0.04210350289940834,0.04210350289940834,0.04210350289940834,0.04210350289940834,0,0.0,0.0
2001-11-20 00:00:00-03:00,0.04210350289940834,0.04210350289940834,0.04210350289940834,0.04210350289940834,0,0.0,0.0
2001-11-21 00:00:00-03:00,0.04210350289940834,0.04210350289940834,0.04210350289940834,0.04210350289940834,0,0.0,0.0
2001-11-22 00:00:00-03:00,0.04210350289940834,0.04210350289940834,0.04210350289940834,0.04210350289940834,0,0.0,0.0
2001-11-23 00:00:00-03:00,0.04210350289940834,0.04210350289940834,0.04210350289940834,0.04210350289940834,0,0.0,0.0
2001-11-26 00:00:00-03:00,0.04210350289940834,0.04210350289940834,0.04210350289940834,0.04210350289940834,0,0.0,0.0
2001-11-27 00:00:00-03:00,0.04210350289940834,0.04210350289940834,0.04210350289940834,0.04210350289940834,0,0.0,0.0
2001-11-28 00:00:00-03:00,0.04210350289940834,0.04210350289940834,0.04210350289940834,0.04210350289940834,0,0.0,0.0
2001-11-29 00:00:00-03:00,0.04210350289940834,0.04210350289940834,0.04210350289940834,0.04210350289940834,0,0.0,0.0
2001-11-30 00:00:00-03:00,0.04210350289940834,0.04210350289940834,0.04210350289940834,0.04210350289940834,0,0.0,0.0
2001-12-03 00:00:00-03:00,0.04210350289940834,0.04210350289940834,0.04210350289940834,0.04210350289940834,0,0.0,0.0
2001-12-04 00:00:00-03:00,0.04210350289940834,0.04210350289940834,0.04210350289940834,0.04210350289940834,0,0.0,0.0
2001-12-05 00:00:00-03:00,0.04210350289940834,0.04210350289940834,0.04210350289940834,0.04210350289940834,0,0.0,0.0
2001-12-06 00:00:00-03:00,0.04210350289940834,0.04210350289940834,0.04210350289940834,0.04210350289940834,0,0.0,0.0
2001-12-07 00:00:00-03:00,0.04210350289940834,0.04210350289940834,0.04210350289940834,0.04210350289940834,0,0.0,0.0
2001-12-10 00:00:00-03:00,0.04210350289940834,0.04210350289940834,0.04210350289940834,0.04210350289940834,0,0.0,0.0
2001-12-11 00:00:00-03:00,0.04210350289940834,0.04210350289940834,0.04210350289940834,0.04210350289940834,0,0.0,0.0
2001-12-12 00:00:00-03:00,0.04210350289940834,0.04210350289940834,0.04210350289940834,0.04210350289940834,0,0.0,0.0
2001-12-13 00:00:00-03:00,0.04210350289940834,0.04210350289940834,0.04210350289940834,0.04210350289940834,0,0.0,0.0
2001-12-14 00:00:00-03:00,0.04210350289940834,0.04210350289940834,0.04210350289940834,0.04210350289940834,0,0.0,0.0
2001-12-17 00:00:00-03:00,0.04210350289940834,0.04210350289940834,0.04210350289940834,0.04210350289940834,0,0.0,0.0
2001-12-18 00:00:00-03:00,0.04210350289940834,0.04210350289940834,0.04210350289940834,0.04210350289940834,0,0.0,0.0
2001-12-19 00:00:00-03:00,0.04210350289940834,0.04210350289940834,0.04210350289940834,0.04210350289940834,0,0.0,0.0
2001-12-20 00:00:00-03:00,0.04210350289940834,0.04210350289940834,0.04210350289940834,0.04210350289940834,0,0.0,0.0
2001-12-21 00:00:00-03:00,0.04210350289940834,0.04210350289940834,0.04210350289940834,0.04210350289940834,0,0.0,0.0
2001-12-24 00:00:00-03:00,0.04210350289940834,0.04210350289940834,0.04210350289940834,0.04210350289940834,0,0.0,0.0
2001-12-25 00:00:00-03:00,0.04210350289940834,0.04210350289940834,0.04210350289940834,0.04210350289940834,0,0.0,0.0
2001-12-26 00:00:00-03:00,0.04210350289940834,0.04210350289940834,0.04210350289940834,0.04210350289940834,0,0.0,0.0
2001-12-27 00:00:00-03:00,0.04210350289940834,0.04210350289940834,0.04210350289940834,0.04210350289940834,0,0.0,0.0
2001-12-28 00:00:00-03:00,0.04210350289940834,0.04210350289940834,0.04210350289940834,0.04210350289940834,0,0.0,0.0
2001-12-31 00:00:00-03:00,0.04210350289940834,0.04210350289940834,0.04210350289940834,0.04210350289940834,0,0.0,0.0
2002-01-01 00:00:00-03:00,0.04210350289940834,0.04210350289940834,0.04210350289940834,0.04210350289940834,0,0.0,0.0
2002-01-02 00:00:00-03:00,0.04210350289940834,0.04210350289940834,0.04210350289940834,0.04210350289940834,0,0.0,0.0
2002-01-03 00:00:00-03:00,0.04210350289940834,0.04210350289940834,0.04210350289940834,0.04210350289940834,0,0.0,0.0
2002-01-04 00:00:00-03:00,0.04210350289940834,0.04210350289940834,0.04210350289940834,0.04210350289940834,0,0.0,0.0
2002-01-07 00:00:00-03:00,0.04210350289940834,0.04210350289940834,0.04210350289940834,0.04210350289940834,0,0.0,0.0
2002-01-08 00:00:00-03:00,0.04210350289940834,0.04210350289940834,0.04210350289940834,0.04210350289940834,0,0.0,0.0
2002-01-09 00:00:00-03:00,0.04210350289940834,0.04210350289940834,0.04210350289940834,0.04210350289940834,0,0.0,0.0
2002-01-10 00:00:00-03:00,0.04210350289940834,0.04210350289940834,0.04210350289940834,0.04210350289940834,0,0.0,0.0
2002-01-11 00:00:00-03:00,0.04210350289940834,0.04210350289940834,0.04210350289940834,0.04210350289940834,0,0.0,0.0
2002-01-14 00:00:00-03:00,0.04210350289940834,0.04210350289940834,0.04210350289940834,0.04210350289940834,0,0.0,0.0
2002-01-15 00:00:00-03:00,0.04210350289940834,0.04210350289940834,0.04210350289940834,0.04210350289940834,0,0.0,0.0
2002-01-16 00:00:00-03:00,0.04210350289940834,0.04210350289940834,0.04210350289940834,0.04210350289940834,0,0.0,0.0
2002-01-17 00:00:00-03:00,0.04210350289940834,0.04210350289940834,0.04210350289940834,0.04210350289940834,0,0.0,0.0
2002-01-18 00:00:00-03:00,0.04210350289940834,0.04210350289940834,0.04210350289940834,0.04210350289940834,0,0.0,0.0
2002-01-21 00:00:00-03:00,0.04210350289940834,0.04210350289940834,0.04210350289940834,0.04210350289940834,0,0.0,0.0
2002-01-22 00:00:00-03:00,0.04210350289940834,0.04210350289940834,0.04210350289940834,0.04210350289940834,0,0.0,0.0
2002-01-23 00:00:00-03:00,0.04210350289940834,0.04210350289940834,0.04210350289940834,0.04210350289940834,0,0.0,0.0
2002-01-24 00:00:00-03:00,0.04210350289940834,0.04210350289940834,0.04210350289940834,0.04210350289940834,0,0.0,0.0
2002-01-25 00:00:00-03:00,0.04210350289940834,0.04210350289940834,0.04210350289940834,0.04210350289940834,0,0.0,0.0
2002-01-28 00:00:00-03:00,0.04210350289940834,0.04210350289940834,0.04210350289940834,0.04210350289940834,0,0.0,0.0
2002-01-29 00:00:00-03:00,0.04210350289940834,0.04210350289940834,0.04210350289940834,0.04210350289940834,0,0.0,0.0
2002-01-30 00:00:00-03:00,0.04210350289940834,0.04210350289940834,0.04210350289940834,0.04210350289940834,0,0.0,0.0
2002-01-31 00:00:00-03:00,0.04210350289940834,0.04210350289940834,0.04210350289940834,0.04210350289940834,0,0.0,0.0
2002-02-01 00:00:00-03:00,0.04210350289940834,0.04210350289940834,0.04210350289940834,0.04210350289940834,0,0.0,0.0
2002-02-04 00:00:00-03:00,0.04210350289940834,0.04210350289940834,0.04210350289940834,0.04210350289940834,0,0.0,0.0
2002-02-05 00:00:00-03:00,0.04210350289940834,0.04210350289940834,0.04210350289940834,0.04210350289940834,0,0.0,0.0
2002-02-06 00:00:00-03:00,0.04210350289940834,0.04210350289940834,0.04210350289940834,0.04210350289940834,0,0.0,0.0
2002-02-07 00:00:00-03:00,0.04210350289940834,0.04210350289940834,0.04210350289940834,0.04210350289940834,0,0.0,0.0
2002-02-08 00:00:00-03:00,0.04210350289940834,0.04210350289940834,0.04210350289940834,0.04210350289940834,0,0.0,0.0
2002-02-11 00:00:00-03:00,0.04210350289940834,0.04210350289940834,0.04210350289940834,0.04210350289940834,0,0.0,0.0
2002-02-12 00:00:00-03:00,0.04210350289940834,0.04210350289940834,0.04210350289940834,0.04210350289940834,0,0.0,0.0
2002-02-13 00:00:00-03:00,0.04210350289940834,0.04210350289940834,0.04210350289940834,0.04210350289940834,0,0.0,0.0
2002-02-14 00:00:00-03:00,0.04210350289940834,0.04210350289940834,0.04210350289940834,0.04210350289940834,0,0.0,0.0
2002-02-15 00:00:00-03:00,0.04210350289940834,0.04210350289940834,0.04210350289940834,0.04210350289940834,0,0.0,0.0
2002-02-18 00:00:00-03:00,0.04210350289940834,0.04210350289940834,0.04210350289940834,0.04210350289940834,0,0.0,0.0
2002-02-19 00:00:00-03:00,0.04210350289940834,0.04210350289940834,0.04210350289940834,0.04210350289940834,0,0.0,0.0
2002-02-20 00:00:00-03:00,0.04210350289940834,0.04210350289940834,0.04210350289940834,0.04210350289940834,0,0.0,0.0
2002-02-21 00:00:00-03:00,0.04210350289940834,0.04210350289940834,0.04210350289940834,0.04210350289940834,0,0.0,0.0
2002-02-22 00:00:00-03:00,0.04210350289940834,0.04210350289940834,0.04210350289940834,0.04210350289940834,0,0.0,0.0
2002-02-25 00:00:00-03:00,0.04210350289940834,0.04210350289940834,0.04210350289940834,0.04210350289940834,0,0.0,0.0
2002-02-26 00:00:00-03:00,0.04210350289940834,0.04210350289940834,0.04210350289940834,0.04210350289940834,0,0.0,0.0
2002-02-27 00:00:00-03:00,0.04210350289940834,0.04210350289940834,0.04210350289940834,0.04210350289940834,0,0.0,0.0
2002-02-28 00:00:00-03:00,0.04210350289940834,0.04210350289940834,0.04210350289940834,0.04210350289940834,0,0.0,0.0
2002-03-01 00:00:00-03:00,0.04210350289940834,0.04210350289940834,0.04210350289940834,0.04210350289940834,0,0.0,0.0
2002-03-04 00:00:00-03:00,0.04210350289940834,0.04210350289940834,0.04210350289940834,0.04210350289940834,0,0.0,0.0
2002-03-05 00:00:00-03:00,0.04210350289940834,0.04210350289940834,0.04210350289940834,0.04210350289940834,0,0.0,0.0
2002-03-06 00:00:00-03:00,0.04210350289940834,0.04210350289940834,0.04210350289940834,0.04210350289940834,0,0.0,0.0
2002-03-07 00:00:00-03:00,0.04210350289940834,0.04210350289940834,0.04210350289940834,0.04210350289940834,0,0.0,0.0
2002-03-08 00:00:00-03:00,0.04210350289940834,0.04210350289940834,0.04210350289940834,0.04210350289940834,0,0.0,0.0
2002-03-11 00:00:00-03:00,0.04210350289940834,0.04210350289940834,0.04210350289940834,0.04210350289940834,0,0.0,0.0
2002-03-12 00:00:00-03:00,0.04210350289940834,0.04210350289940834,0.04210350289940834,0.04210350289940834,0,0.0,0.0
2002-03-13 00:00:00-03:00,0.04210350289940834,0.04210350289940834,0.04210350289940834,0.04210350289940834,0,0.0,0.0
2002-03-14 00:00:00-03:00,0.04210350289940834,0.04210350289940834,0.04210350289940834,0.04210350289940834,0,0.0,0.0
2002-03-15 00:00:00-03:00,0.04210350289940834,0.04210350289940834,0.04210350289940834,0.04210350289940834,0,0.0,0.0
2002-03-18 00:00:00-03:00,0.04210350289940834,0.04210350289940834,0.04210350289940834,0.04210350289940834,0,0.0,0.0
2002-03-19 00:00:00-03:00,0.04210350289940834,0.04210350289940834,0.04210350289940834,0.04210350289940834,0,0.0,0.0
2002-03-20 00:00:00-03:00,0.04210350289940834,0.04210350289940834,0.04210350289940834,0.04210350289940834,0,0.0,0.0
2002-03-21 00:00:00-03:00,0.04210350289940834,0.04210350289940834,0.04210350289940834,0.04210350289940834,0,0.0,0.0
2002-03-22 00:00:00-03:00,0.04210350289940834,0.04210350289940834,0.04210350289940834,0.04210350289940834,0,0.0,0.0
2002-03-25 00:00:00-03:00,0.04210350289940834,0.04210350289940834,0.04210350289940834,0.04210350289940834,0,0.0,0.0
2002-03-26 00:00:00-03:00,0.04210350289940834,0.04210350289940834,0.04210350289940834,0.04210350289940834,0,0.0,0.0
2002-03-27 00:00:00-03:00,0.04210350289940834,0.04210350289940834,0.04210350289940834,0.04210350289940834,0,0.0,0.0
2002-03-28 00:00:00-03:00,0.04210350289940834,0.04210350289940834,0.04210350289940834,0.04210350289940834,0,0.0,0.0
2002-03-29 00:00:00-03:00,0.04210350289940834,0.04210350289940834,0.04210350289940834,0.04210350289940834,0,0.0,0.0
2002-04-01 00:00:00-03:00,0.04210350289940834,0.04210350289940834,0.04210350289940834,0.04210350289940834,0,0.0,0.0
2002-04-02 00:00:00-03:00,0.04210350289940834,0.04210350289940834,0.04210350289940834,0.04210350289940834,0,0.0,0.0
2002-04-03 00:00:00-03:00,0.04210350289940834,0.04210350289940834,0.04210350289940834,0.04210350289940834,0,0.0,0.0
2002-04-04 00:00:00-03:00,0.04210350289940834,0.04210350289940834,0.04210350289940834,0.04210350289940834,0,0.0,0.0
2002-04-05 00:00:00-03:00,0.04210350289940834,0.04210350289940834,0.04210350289940834,0.04210350289940834,0,0.0,0.0
2002-04-08 00:00:00-03:00,0.04210350289940834,0.04210350289940834,0.04210350289940834,0.04210350289940834,0,0.0,0.0
2002-04-09 00:00:00-03:00,0.04210350289940834,0.04210350289940834,0.04210350289940834,0.04210350289940834,0,0.0,0.0
2002-04-10 00:00:00-03:00,0.04210350289940834,0.04210350289940834,0.04210350289940834,0.04210350289940834,0,0.0,0.0
2002-04-11 00:00:00-03:00,0.04210350289940834,0.04210350289940834,0.04210350289940834,0.04210350289940834,0,0.0,0.0
2002-04-12 00:00:00-03:00,0.04210350289940834,0.04210350289940834,0.04210350289940834,0.04210350289940834,0,0.0,0.0
2002-04-15 00:00:00-03:00,0.04210350289940834,0.04210350289940834,0.04210350289940834,0.04210350289940834,0,0.0,0.0
2002-04-16 00:00:00-03:00,0.04210350289940834,0.04210350289940834,0.04210350289940834,0.04210350289940834,0,0.0,0.0
2002-04-17 00:00:00-03:00,0.04210350289940834,0.04210350289940834,0.04210350289940834,0.04210350289940834,0,0.0,0.0
2002-04-18 00:00:00-03:00,0.04210350289940834,0.04210350289940834,0.04210350289940834,0.04210350289940834,0,0.0,0.0
2002-04-19 00:00:00-03:00,0.04210350289940834,0.04210350289940834,0.04210350289940834,0.04210350289940834,0,0.0,0.0
2002-04-22 00:00:00-03:00,0.04210350289940834,0.04210350289940834,0.04210350289940834,0.04210350289940834,0,0.0,0.0
2002-04-23 00:00:00-03:00,0.04210350289940834,0.04210350289940834,0.04210350289940834,0.04210350289940834,0,0.0,0.0
2002-04-24 00:00:00-03:00,0.04210350289940834,0.04210350289940834,0.04210350289940834,0.04210350289940834,0,0.0,0.0
2002-04-25 00:00:00-03:00,0.04210350289940834,0.04210350289940834,0.04210350289940834,0.04210350289940834,0,0.0,0.0
2002-04-26 00:00:00-03:00,0.04210350289940834,0.04210350289940834,0.04210350289940834,0.04210350289940834,0,0.0,0.0
2002-04-29 00:00:00-03:00,0.04210350289940834,0.04210350289940834,0.04210350289940834,0.04210350289940834,0,0.0,0.0
2002-04-30 00:00:00-03:00,0.04210350289940834,0.04210350289940834,0.04210350289940834,0.04210350289940834,0,0.0,0.0
2002-05-01 00:00:00-03:00,0.04210350289940834,0.04210350289940834,0.04210350289940834,0.04210350289940834,0,0.0,0.0
2002-05-02 00:00:00-03:00,0.04210350289940834,0.04210350289940834,0.04210350289940834,0.04210350289940834,0,0.0,0.0
2002-05-03 00:00:00-03:00,0.04210350289940834,0.04210350289940834,0.04210350289940834,0.04210350289940834,0,0.0,0.0
2002-05-06 00:00:00-03:00,0.04210350289940834,0.04210350289940834,0.04210350289940834,0.04210350289940834,0,0.0,0.0
2002-05-07 00:00:00-03:00,0.04210350289940834,0.04210350289940834,0.04210350289940834,0.04210350289940834,0,0.0,0.0
2002-05-08 00:00:00-03:00,0.04210350289940834,0.04210350289940834,0.04210350289940834,0.04210350289940834,0,0.0,0.0
2002-05-09 00:00:00-03:00,0.04210350289940834,0.04210350289940834,0.04210350289940834,0.04210350289940834,0,0.0,0.0
2002-05-10 00:00:00-03:00,0.04210350289940834,0.04210350289940834,0.04210350289940834,0.04210350289940834,0,0.0,0.0
2002-05-13 00:00:00-03:00,0.04210350289940834,0.04210350289940834,0.04210350289940834,0.04210350289940834,0,0.0,0.0
2002-05-14 00:00:00-03:00,0.04210350289940834,0.04210350289940834,0.04210350289940834,0.04210350289940834,0,0.0,0.0
2002-05-15 00:00:00-03:00,0.04210350289940834,0.04210350289940834,0.04210350289940834,0.04210350289940834,0,0.0,0.0
2002-05-16 00:00:00-03:00,0.04210350289940834,0.04210350289940834,0.04210350289940834,0.04210350289940834,0,0.0,0.0
2002-05-17 00:00:00-03:00,0.04210350289940834,0.04210350289940834,0.04210350289940834,0.04210350289940834,0,0.0,0.0
2002-05-20 00:00:00-03:00,0.04210350289940834,0.04210350289940834,0.04210350289940834,0.04210350289940834,0,0.0,0.0
2002-05-21 00:00:00-03:00,0.04210350289940834,0.04210350289940834,0.04210350289940834,0.04210350289940834,0,0.0,0.0
2002-05-22 00:00:00-03:00,0.04210350289940834,0.04210350289940834,0.04210350289940834,0.04210350289940834,0,0.0,0.0
2002-05-23 00:00:00-03:00,0.04210350289940834,0.04210350289940834,0.04210350289940834,0.04210350289940834,0,0.0,0.0
2002-05-24 00:00:00-03:00,0.04210350289940834,0.04210350289940834,0.04210350289940834,0.04210350289940834,0,0.0,0.0
2002-05-27 00:00:00-03:00,0.04210350289940834,0.04210350289940834,0.04210350289940834,0.04210350289940834,0,0.0,0.0
2002-05-28 00:00:00-03:00,0.04210350289940834,0.04210350289940834,0.04210350289940834,0.04210350289940834,0,0.0,0.0
2002-05-29 00:00:00-03:00,0.04210350289940834,0.04210350289940834,0.04210350289940834,0.04210350289940834,0,0.0,0.0
2002-05-30 00:00:00-03:00,0.04210350289940834,0.04210350289940834,0.04210350289940834,0.04210350289940834,0,0.0,0.0
2002-05-31 00:00:00-03:00,0.04210350289940834,0.04210350289940834,0.04210350289940834,0.04210350289940834,0,0.0,0.0
2002-06-03 00:00:00-03:00,0.04210350289940834,0.04210350289940834,0.04210350289940834,0.04210350289940834,0,0.0,0.0
2002-06-04 00:00:00-03:00,0.04210350289940834,0.04210350289940834,0.04210350289940834,0.04210350289940834,0,0.0,0.0
2002-06-05 00:00:00-03:00,0.04210350289940834,0.04210350289940834,0.04210350289940834,0.04210350289940834,0,0.0,0.0
2002-06-06 00:00:00-03:00,0.04210350289940834,0.04210350289940834,0.04210350289940834,0.04210350289940834,0,0.0,0.0
2002-06-07 00:00:00-03:00,0.04210350289940834,0.04210350289940834,0.04210350289940834,0.04210350289940834,0,0.0,0.0
2002-06-10 00:00:00-03:00,0.04210350289940834,0.04210350289940834,0.04210350289940834,0.04210350289940834,0,0.0,0.0
2002-06-11 00:00:00-03:00,0.04210350289940834,0.04210350289940834,0.04210350289940834,0.04210350289940834,0,0.0,0.0
2002-06-12 00:00:00-03:00,0.04210350289940834,0.04210350289940834,0.04210350289940834,0.04210350289940834,0,0.0,0.0
2002-06-13 00:00:00-03:00,0.04210350289940834,0.04210350289940834,0.04210350289940834,0.04210350289940834,0,0.0,0.0
2002-06-14 00:00:00-03:00,0.04210350289940834,0.04210350289940834,0.04210350289940834,0.04210350289940834,0,0.0,0.0
2002-06-17 00:00:00-03:00,0.04210350289940834,0.04210350289940834,0.04210350289940834,0.04210350289940834,0,0.0,0.0
2002-06-18 00:00:00-03:00,0.04210350289940834,0.04210350289940834,0.04210350289940834,0.04210350289940834,0,0.0,0.0
2002-06-19 00:00:00-03:00,0.04210350289940834,0.04210350289940834,0.04210350289940834,0.04210350289940834,0,0.0,0.0
2002-06-20 00:00:00-03:00,0.04210350289940834,0.04210350289940834,0.04210350289940834,0.04210350289940834,0,0.0,0.0
2002-06-21 00:00:00-03:00,0.04210350289940834,0.04210350289940834,0.04210350289940834,0.04210350289940834,0,0.0,0.0
2002-06-24 00:00:00-03:00,0.04210350289940834,0.04210350289940834,0.04210350289940834,0.04210350289940834,0,0.0,0.0
2002-06-25 00:00:00-03:00,0.04210350289940834,0.04210350289940834,0.04210350289940834,0.04210350289940834,0,0.0,0.0
2002-06-26 00:00:00-03:00,0.04210350289940834,0.04210350289940834,0.04210350289940834,0.04210350289940834,0,0.0,0.0
2002-06-27 00:00:00-03:00,0.04210350289940834,0.04210350289940834,0.04210350289940834,0.04210350289940834,0,0.0,0.0
2002-06-28 00:00:00-03:00,0.04210350289940834,0.04210350289940834,0.04210350289940834,0.04210350289940834,0,0.0,0.0
2002-07-01 00:00:00-03:00,0.04210350289940834,0.04210350289940834,0.04210350289940834,0.04210350289940834,0,0.0,0.0
2002-07-02 00:00:00-03:00,0.04210350289940834,0.04210350289940834,0.04210350289940834,0.04210350289940834,0,0.0,0.0
2002-07-03 00:00:00-03:00,0.04210350289940834,0.04210350289940834,0.04210350289940834,0.04210350289940834,0,0.0,0.0
2002-07-04 00:00:00-03:00,0.04210350289940834,0.04210350289940834,0.04210350289940834,0.04210350289940834,0,0.0,0.0
2002-07-05 00:00:00-03:00,0.04210350289940834,0.04210350289940834,0.04210350289940834,0.04210350289940834,0,0.0,0.0
2002-07-08 00:00:00-03:00,0.04210350289940834,0.04210350289940834,0.04210350289940834,0.04210350289940834,0,0.0,0.0
2002-07-09 00:00:00-03:00,0.04210350289940834,0.04210350289940834,0.04210350289940834,0.04210350289940834,0,0.0,0.0
2002-07-10 00:00:00-03:00,0.04210350289940834,0.04210350289940834,0.04210350289940834,0.04210350289940834,0,0.0,0.0
2002-07-11 00:00:00-03:00,0.04210350289940834,0.04210350289940834,0.04210350289940834,0.04210350289940834,0,0.0,0.0
2002-07-12 00:00:00-03:00,0.04210350289940834,0.04210350289940834,0.04210350289940834,0.04210350289940834,0,0.0,0.0
2002-07-15 00:00:00-03:00,0.04210350289940834,0.04210350289940834,0.04210350289940834,0.04210350289940834,0,0.0,0.0
2002-07-16 00:00:00-03:00,0.04210350289940834,0.04210350289940834,0.04210350289940834,0.04210350289940834,0,0.0,0.0
2002-07-17 00:00:00-03:00,0.04210350289940834,0.04210350289940834,0.04210350289940834,0.04210350289940834,0,0.0,0.0
2002-07-18 00:00:00-03:00,0.04210350289940834,0.04210350289940834,0.04210350289940834,0.04210350289940834,0,0.0,0.0
2002-07-19 00:00:00-03:00,0.04210350289940834,0.04210350289940834,0.04210350289940834,0.04210350289940834,0,0.0,0.0
2002-07-22 00:00:00-03:00,0.04210350289940834,0.04210350289940834,0.04210350289940834,0.04210350289940834,0,0.0,0.0
2002-07-23 00:00:00-03:00,0.04210350289940834,0.04210350289940834,0.04210350289940834,0.04210350289940834,0,0.0,0.0
2002-07-24 00:00:00-03:00,0.04210350289940834,0.04210350289940834,0.04210350289940834,0.04210350289940834,0,0.0,0.0
2002-07-25 00:00:00-03:00,0.04210350289940834,0.04210350289940834,0.04210350289940834,0.04210350289940834,0,0.0,0.0
2002-07-26 00:00:00-03:00,0.04210350289940834,0.04210350289940834,0.04210350289940834,0.04210350289940834,0,0.0,0.0
2002-07-29 00:00:00-03:00,0.04210350289940834,0.04210350289940834,0.04210350289940834,0.04210350289940834,0,0.0,0.0
2002-07-30 00:00:00-03:00,0.04210350289940834,0.04210350289940834,0.04210350289940834,0.04210350289940834,0,0.0,0.0
2002-07-31 00:00:00-03:00,0.04210350289940834,0.04210350289940834,0.04210350289940834,0.04210350289940834,0,0.0,0.0
2002-08-01 00:00:00-03:00,0.04210350289940834,0.04210350289940834,0.04210350289940834,0.04210350289940834,0,0.0,0.0
2002-08-02 00:00:00-03:00,0.04210350289940834,0.04210350289940834,0.04210350289940834,0.04210350289940834,0,0.0,0.0
2002-08-05 00:00:00-03:00,0.04210350289940834,0.04210350289940834,0.04210350289940834,0.04210350289940834,0,0.0,0.0
2002-08-06 00:00:00-03:00,0.04210350289940834,0.04210350289940834,0.04210350289940834,0.04210350289940834,0,0.0,0.0
2002-08-07 00:00:00-03:00,0.04210350289940834,0.04210350289940834,0.04210350289940834,0.04210350289940834,0,0.0,0.0
2002-08-08 00:00:00-03:00,0.04210350289940834,0.04210350289940834,0.04210350289940834,0.04210350289940834,0,0.0,0.0
2002-08-09 00:00:00-03:00,0.04210350289940834,0.04210350289940834,0.04210350289940834,0.04210350289940834,0,0.0,0.0
2002-08-12 00:00:00-03:00,0.04210350289940834,0.04210350289940834,0.04210350289940834,0.04210350289940834,0,0.0,0.0
2002-08-13 00:00:00-03:00,0.04210350289940834,0.04210350289940834,0.04210350289940834,0.04210350289940834,0,0.0,0.0
2002-08-14 00:00:00-03:00,0.04210350289940834,0.04210350289940834,0.04210350289940834,0.04210350289940834,0,0.0,0.0
2002-08-15 00:00:00-03:00,0.04210350289940834,0.04210350289940834,0.04210350289940834,0.04210350289940834,0,0.0,0.0
2002-08-16 00:00:00-03:00,0.04210350289940834,0.04210350289940834,0.04210350289940834,0.04210350289940834,0,0.0,0.0
2002-08-19 00:00:00-03:00,0.04210350289940834,0.04210350289940834,0.04210350289940834,0.04210350289940834,0,0.0,0.0
2002-08-20 00:00:00-03:00,0.04210350289940834,0.04210350289940834,0.04210350289940834,0.04210350289940834,0,0.0,0.0
2002-08-21 00:00:00-03:00,0.04210350289940834,0.04210350289940834,0.04210350289940834,0.04210350289940834,0,0.0,0.0
2002-08-22 00:00:00-03:00,0.04210350289940834,0.04210350289940834,0.04210350289940834,0.04210350289940834,0,0.0,0.0
2002-08-23 00:00:00-03:00,0.04210350289940834,0.04210350289940834,0.04210350289940834,0.04210350289940834,0,0.0,0.0
2002-08-26 00:00:00-03:00,0.04210350289940834,0.04210350289940834,0.04210350289940834,0.04210350289940834,0,0.0,0.0
2002-08-27 00:00:00-03:00,0.04210350289940834,0.04210350289940834,0.04210350289940834,0.04210350289940834,0,0.0,0.0
2002-08-28 00:00:00-03:00,0.04210350289940834,0.04210350289940834,0.04210350289940834,0.04210350289940834,0,0.0,0.0
2002-08-29 00:00:00-03:00,0.04210350289940834,0.04210350289940834,0.04210350289940834,0.04210350289940834,0,0.0,0.0
2002-08-30 00:00:00-03:00,0.04210350289940834,0.04210350289940834,0.04210350289940834,0.04210350289940834,0,0.0,0.0
2002-09-02 00:00:00-03:00,0.04210350289940834,0.04210350289940834,0.04210350289940834,0.04210350289940834,0,0.0,0.0
2002-09-03 00:00:00-03:00,0.04210350289940834,0.04210350289940834,0.04210350289940834,0.04210350289940834,0,0.0,0.0
2002-09-04 00:00:00-03:00,0.04210350289940834,0.04210350289940834,0.04210350289940834,0.04210350289940834,0,0.0,0.0
2002-09-05 00:00:00-03:00,0.04210350289940834,0.04210350289940834,0.04210350289940834,0.04210350289940834,0,0.0,0.0
2002-09-06 00:00:00-03:00,0.04210350289940834,0.04210350289940834,0.04210350289940834,0.04210350289940834,0,0.0,0.0
2002-09-09 00:00:00-03:00,0.04210350289940834,0.04210350289940834,0.04210350289940834,0.04210350289940834,0,0.0,0.0
2002-09-10 00:00:00-03:00,0.04210350289940834,0.04210350289940834,0.04210350289940834,0.04210350289940834,0,0.0,0.0
2002-09-11 00:00:00-03:00,0.04210350289940834,0.04210350289940834,0.04210350289940834,0.04210350289940834,0,0.0,0.0
2002-09-12 00:00:00-03:00,0.04210350289940834,0.04210350289940834,0.04210350289940834,0.04210350289940834,0,0.0,0.0
2002-09-13 00:00:00-03:00,0.04210350289940834,0.04210350289940834,0.04210350289940834,0.04210350289940834,0,0.0,0.0
2002-09-16 00:00:00-03:00,0.04210350289940834,0.04210350289940834,0.04210350289940834,0.04210350289940834,0,0.0,0.0
2002-09-17 00:00:00-03:00,0.04210350289940834,0.04210350289940834,0.04210350289940834,0.04210350289940834,0,0.0,0.0
2002-09-18 00:00:00-03:00,0.04210350289940834,0.04210350289940834,0.04210350289940834,0.04210350289940834,0,0.0,0.0
2002-09-19 00:00:00-03:00,0.04210350289940834,0.04210350289940834,0.04210350289940834,0.04210350289940834,0,0.0,0.0
2002-09-20 00:00:00-03:00,0.04210350289940834,0.04210350289940834,0.04210350289940834,0.04210350289940834,0,0.0,0.0
2002-09-23 00:00:00-03:00,0.04210350289940834,0.04210350289940834,0.04210350289940834,0.04210350289940834,0,0.0,0.0
2002-09-24 00:00:00-03:00,0.04210350289940834,0.04210350289940834,0.04210350289940834,0.04210350289940834,0,0.0,0.0
2002-09-25 00:00:00-03:00,0.04210350289940834,0.04210350289940834,0.04210350289940834,0.04210350289940834,0,0.0,0.0
2002-09-26 00:00:00-03:00,0.04210350289940834,0.04210350289940834,0.04210350289940834,0.04210350289940834,0,0.0,0.0
2002-09-27 00:00:00-03:00,0.04210350289940834,0.04210350289940834,0.04210350289940834,0.04210350289940834,0,0.0,0.0
2002-09-30 00:00:00-03:00,0.04210350289940834,0.04210350289940834,0.04210350289940834,0.04210350289940834,0,0.0,0.0
2002-10-01 00:00:00-03:00,0.04210350289940834,0.04210350289940834,0.04210350289940834,0.04210350289940834,0,0.0,0.0
2002-10-02 00:00:00-03:00,0.04210350289940834,0.04210350289940834,0.04210350289940834,0.04210350289940834,0,0.0,0.0
2002-10-03 00:00:00-03:00,0.04210350289940834,0.04210350289940834,0.04210350289940834,0.04210350289940834,0,0.0,0.0
2002-10-04 00:00:00-03:00,0.04210350289940834,0.04210350289940834,0.04210350289940834,0.04210350289940834,0,0.0,0.0
2002-10-07 00:00:00-03:00,0.04210350289940834,0.04210350289940834,0.04210350289940834,0.04210350289940834,0,0.0,0.0
2002-10-08 00:00:00-03:00,0.04210350289940834,0.04210350289940834,0.04210350289940834,0.04210350289940834,0,0.0,0.0
2002-10-09 00:00:00-03:00,0.04210350289940834,0.04210350289940834,0.04210350289940834,0.04210350289940834,0,0.0,0.0
2002-10-10 00:00:00-03:00,0.04210350289940834,0.04210350289940834,0.04210350289940834,0.04210350289940834,0,0.0,0.0
2002-10-11 00:00:00-03:00,0.04210350289940834,0.04210350289940834,0.04210350289940834,0.04210350289940834,0,0.0,0.0
2002-10-14 00:00:00-03:00,0.04210350289940834,0.04210350289940834,0.04210350289940834,0.04210350289940834,0,0.0,0.0
2002-10-15 00:00:00-03:00,0.04210350289940834,0.04210350289940834,0.04210350289940834,0.04210350289940834,0,0.0,0.0
2002-10-16 00:00:00-03:00,0.04210350289940834,0.04210350289940834,0.04210350289940834,0.04210350289940834,0,0.0,0.0
2002-10-17 00:00:00-03:00,0.04210350289940834,0.04210350289940834,0.04210350289940834,0.04210350289940834,0,0.0,0.0
2002-10-18 00:00:00-03:00,0.04210350289940834,0.04210350289940834,0.04210350289940834,0.04210350289940834,0,0.0,0.0
2002-10-21 00:00:00-03:00,0.04210350289940834,0.04210350289940834,0.04210350289940834,0.04210350289940834,0,0.0,0.0
2002-10-22 00:00:00-03:00,0.04210350289940834,0.04210350289940834,0.04210350289940834,0.04210350289940834,0,0.0,0.0
2002-10-23 00:00:00-03:00,0.04210350289940834,0.04210350289940834,0.04210350289940834,0.04210350289940834,0,0.0,0.0
2002-10-24 00:00:00-03:00,0.04210350289940834,0.04210350289940834,0.04210350289940834,0.04210350289940834,0,0.0,0.0
2002-10-25 00:00:00-03:00,0.04210350289940834,0.04210350289940834,0.04210350289940834,0.04210350289940834,0,0.0,0.0
2002-10-28 00:00:00-03:00,0.04210350289940834,0.04210350289940834,0.04210350289940834,0.04210350289940834,0,0.0,0.0
2002-10-29 00:00:00-03:00,0.04210350289940834,0.04210350289940834,0.04210350289940834,0.04210350289940834,0,0.0,0.0
2002-10-30 00:00:00-03:00,0.04210350289940834,0.04210350289940834,0.04210350289940834,0.04210350289940834,0,0.0,0.0
2002-10-31 00:00:00-03:00,0.04210350289940834,0.04210350289940834,0.04210350289940834,0.04210350289940834,0,0.0,0.0
2002-11-01 00:00:00-03:00,0.04210350289940834,0.04210350289940834,0.04210350289940834,0.04210350289940834,0,0.0,0.0
2002-11-04 00:00:00-03:00,0.04210350289940834,0.04210350289940834,0.04210350289940834,0.04210350289940834,0,0.0,0.0
2002-11-05 00:00:00-03:00,0.04210350289940834,0.04210350289940834,0.04210350289940834,0.04210350289940834,0,0.0,0.0
2002-11-06 00:00:00-03:00,0.04210350289940834,0.04210350289940834,0.04210350289940834,0.04210350289940834,0,0.0,0.0
2002-11-07 00:00:00-03:00,0.04210350289940834,0.04210350289940834,0.04210350289940834,0.04210350289940834,0,0.0,0.0
2002-11-08 00:00:00-03:00,0.04210350289940834,0.04210350289940834,0.04210350289940834,0.04210350289940834,0,0.0,0.0
2002-11-11 00:00:00-03:00,0.04210350289940834,0.04210350289940834,0.04210350289940834,0.04210350289940834,0,0.0,0.0
2002-11-12 00:00:00-03:00,0.04210350289940834,0.04210350289940834,0.04210350289940834,0.04210350289940834,0,0.0,0.0
2002-11-13 00:00:00-03:00,0.04210350289940834,0.04210350289940834,0.04210350289940834,0.04210350289940834,0,0.0,0.0
2002-11-14 00:00:00-03:00,0.04210350289940834,0.04210350289940834,0.04210350289940834,0.04210350289940834,0,0.0,0.0
2002-11-15 00:00:00-03:00,0.04210350289940834,0.04210350289940834,0.04210350289940834,0.04210350289940834,0,0.0,0.0
2002-11-18 00:00:00-03:00,0.06810794025659561,0.06810794025659561,0.06810794025659561,0.06810794025659561,41095,0.0,0.0
2002-11-19 00:00:00-03:00,0.07826240360736847,0.07826240360736847,0.07491892928419734,0.07826240360736847,379575,0.0,0.0
2002-11-20 00:00:00-03:00,0.08544554561376572,0.08606481648371477,0.08544554561376572,0.08544554561376572,117912,0.0,0.0
2002-11-21 00:00:00-03:00,0.09039872884750366,0.09039872884750366,0.08668310366032776,0.09039872884750366,203219,0.0,0.0
2002-11-22 00:00:00-03:00,0.08668310195207596,0.09535190361462191,0.08668310195207596,0.08668310195207596,224996,0.0,0.0
2002-11-25 00:00:00-03:00,0.08792164921760559,0.0891601910005919,0.08792164921760559,0.08792164921760559,112100,0.0,0.0
2002-11-26 00:00:00-03:00,0.08792164921760559,0.0891601910005919,0.08792164921760559,0.08792164921760559,245508,0.0,0.0
2002-11-27 00:00:00-03:00,0.08792164921760559,0.08792164921760559,0.08792164921760559,0.08792164921760559,0,0.0,0.0
2002-11-28 00:00:00-03:00,0.08792164921760559,0.08792164921760559,0.08792164921760559,0.08792164921760559,0,0.0,0.0
2002-11-29 00:00:00-03:00,0.08792164921760559,0.08792164921760559,0.08792164921760559,0.08792164921760559,0,0.0,0.0
2002-12-02 00:00:00-03:00,0.08792164921760559,0.08792164921760559,0.08792164921760559,0.08792164921760559,0,0.0,0.0
2002-12-03 00:00:00-03:00,0.09287482500076294,0.09287482500076294,0.09163726616688941,0.09287482500076294,55660,0.0,0.0
2002-12-04 00:00:00-03:00,0.09287482500076294,0.09287482500076294,0.09287482500076294,0.09287482500076294,0,0.0,0.0
2002-12-05 00:00:00-03:00,0.09287482500076294,0.09287482500076294,0.09287482500076294,0.09287482500076294,0,0.0,0.0
2002-12-06 00:00:00-03:00,0.09287482500076294,0.09287482500076294,0.09287482500076294,0.09287482500076294,0,0.0,0.0
2002-12-09 00:00:00-03:00,0.08916018903255463,0.09039873078820254,0.08916018903255463,0.08916018903255463,69033,0.0,0.0
2002-12-10 00:00:00-03:00,0.08916018903255463,0.08916018903255463,0.08916018903255463,0.08916018903255463,0,0.0,0.0
2002-12-11 00:00:00-03:00,0.08296846598386765,0.08296846598386765,0.08049138972446396,0.08296846598386765,89314,0.0,0.0
2002-12-12 00:00:00-03:00,0.08296846598386765,0.08296846598386765,0.08296846598386765,0.08296846598386765,0,0.0,0.0
2002-12-13 00:00:00-03:00,0.08296846598386765,0.08296846598386765,0.08296846598386765,0.08296846598386765,0,0.0,0.0
2002-12-16 00:00:00-03:00,0.08296846598386765,0.08296846598386765,0.08296846598386765,0.08296846598386765,0,0.0,0.0
2002-12-17 00:00:00-03:00,0.07553820312023163,0.07801528663792316,0.07553820312023163,0.07553820312023163,55652,0.0,0.0
2002-12-18 00:00:00-03:00,0.07553820312023163,0.07553820312023163,0.07553820312023163,0.07553820312023163,0,0.0,0.0
2002-12-19 00:00:00-03:00,0.07553820312023163,0.07553820312023163,0.07553820312023163,0.07553820312023163,0,0.0,0.0
2002-12-20 00:00:00-03:00,0.07553820312023163,0.07553820312023163,0.07553820312023163,0.07553820312023163,0,0.0,0.0
2002-12-23 00:00:00-03:00,0.07553820312023163,0.07553820312023163,0.07553820312023163,0.07553820312023163,0,0.0,0.0
2002-12-24 00:00:00-03:00,0.07553820312023163,0.07553820312023163,0.07553820312023163,0.07553820312023163,0,0.0,0.0
2002-12-25 00:00:00-03:00,0.07553820312023163,0.07553820312023163,0.07553820312023163,0.07553820312023163,0,0.0,0.0
2002-12-26 00:00:00-03:00,0.07553820312023163,0.07553820312023163,0.07553820312023163,0.07553820312023163,0,0.0,0.0
2002-12-27 00:00:00-03:00,0.07429966330528259,0.07429966330528259,0.07429966330528259,0.07429966330528259,20201,0.0,0.0
2002-12-30 00:00:00-03:00,0.07429966330528259,0.07429966330528259,0.07429966330528259,0.07429966330528259,0,0.0,0.0
2002-12-31 00:00:00-03:00,0.07429966330528259,0.07429966330528259,0.07429966330528259,0.07429966330528259,0,0.0,0.0
2003-01-01 00:00:00-03:00,0.07429966330528259,0.07429966330528259,0.07429966330528259,0.07429966330528259,0,0.0,0.0
2003-01-02 00:00:00-03:00,0.07429966330528259,0.07429966330528259,0.07429966330528259,0.07429966330528259,0,0.0,0.0
2003-01-03 00:00:00-03:00,0.07058502733707428,0.07182356911315403,0.07058502733707428,0.07058502733707428,47129,0.0,0.0
2003-01-06 00:00:00-03:00,0.07553820312023163,0.07677674487907739,0.06934648459605626,0.07553820312023163,101955,0.0,0.0
2003-01-07 00:00:00-03:00,0.07553820312023163,0.07553820312023163,0.07553820312023163,0.07553820312023163,0,0.0,0.0
2003-01-08 00:00:00-03:00,0.07553820312023163,0.07553820312023163,0.07553820312023163,0.07553820312023163,0,0.0,0.0
2003-01-09 00:00:00-03:00,0.07553820312023163,0.07553820312023163,0.07553820312023163,0.07553820312023163,0,0.0,0.0
2003-01-10 00:00:00-03:00,0.07553820312023163,0.07553820312023163,0.07553820312023163,0.07553820312023163,0,0.0,0.0
2003-01-13 00:00:00-03:00,0.07553820312023163,0.07553820312023163,0.07553820312023163,0.07553820312023163,0,0.0,0.0
2003-01-14 00:00:00-03:00,0.07553820312023163,0.07553820312023163,0.07553820312023163,0.07553820312023163,0,0.0,0.0
2003-01-15 00:00:00-03:00,0.07553820312023163,0.07553820312023163,0.07553820312023163,0.07553820312023163,0,0.0,0.0
2003-01-16 00:00:00-03:00,0.07553820312023163,0.07553820312023163,0.07553820312023163,0.07553820312023163,0,0.0,0.0
2003-01-17 00:00:00-03:00,0.07553820312023163,0.07553820312023163,0.07553820312023163,0.07553820312023163,0,0.0,0.0
2003-01-20 00:00:00-03:00,0.07553820312023163,0.07553820312023163,0.07553820312023163,0.07553820312023163,0,0.0,0.0
2003-01-21 00:00:00-03:00,0.07553820312023163,0.07553820312023163,0.07553820312023163,0.07553820312023163,0,0.0,0.0
2003-01-22 00:00:00-03:00,0.07553820312023163,0.07553820312023163,0.07553820312023163,0.07553820312023163,0,0.0,0.0
2003-01-23 00:00:00-03:00,0.07553820312023163,0.07553820312023163,0.07553820312023163,0.07553820312023163,0,0.0,0.0
2003-01-24 00:00:00-03:00,0.07553820312023163,0.07553820312023163,0.07553820312023163,0.07553820312023163,0,0.0,0.0
2003-01-27 00:00:00-03:00,0.07553820312023163,0.07553820312023163,0.07553820312023163,0.07553820312023163,0,0.0,0.0
2003-01-28 00:00:00-03:00,0.07553820312023163,0.07553820312023163,0.07553820312023163,0.07553820312023163,0,0.0,0.0
2003-01-29 00:00:00-03:00,0.07553820312023163,0.07553820312023163,0.07553820312023163,0.07553820312023163,0,0.0,0.0
2003-01-30 00:00:00-03:00,0.07553820312023163,0.07553820312023163,0.07553820312023163,0.07553820312023163,0,0.0,0.0
2003-01-31 00:00:00-03:00,0.07553820312023163,0.07553820312023163,0.07553820312023163,0.07553820312023163,0,0.0,0.0
2003-02-03 00:00:00-03:00,0.07553820312023163,0.07553820312023163,0.07553820312023163,0.07553820312023163,0,0.0,0.0
2003-02-04 00:00:00-03:00,0.07553820312023163,0.07553820312023163,0.07553820312023163,0.07553820312023163,0,0.0,0.0
2003-02-05 00:00:00-03:00,0.07553820312023163,0.07553820312023163,0.07553820312023163,0.07553820312023163,0,0.0,0.0
2003-02-06 00:00:00-03:00,0.07553820312023163,0.07553820312023163,0.07553820312023163,0.07553820312023163,0,0.0,0.0
2003-02-07 00:00:00-03:00,0.07553820312023163,0.07553820312023163,0.07553820312023163,0.07553820312023163,0,0.0,0.0
2003-02-10 00:00:00-03:00,0.07553820312023163,0.07553820312023163,0.07553820312023163,0.07553820312023163,0,0.0,0.0
2003-02-11 00:00:00-03:00,0.07553820312023163,0.07553820312023163,0.07553820312023163,0.07553820312023163,0,0.0,0.0
2003-02-12 00:00:00-03:00,0.07553820312023163,0.07553820312023163,0.07553820312023163,0.07553820312023163,0,0.0,0.0
2003-02-13 00:00:00-03:00,0.07553820312023163,0.07553820312023163,0.07553820312023163,0.07553820312023163,0,0.0,0.0
2003-02-14 00:00:00-03:00,0.07553820312023163,0.07553820312023163,0.07553820312023163,0.07553820312023163,0,0.0,0.0
2003-02-17 00:00:00-03:00,0.07553820312023163,0.07553820312023163,0.07553820312023163,0.07553820312023163,0,0.0,0.0
2003-02-18 00:00:00-03:00,0.07553820312023163,0.07553820312023163,0.07553820312023163,0.07553820312023163,0,0.0,0.0
2003-02-19 00:00:00-03:00,0.07553820312023163,0.07553820312023163,0.07553820312023163,0.07553820312023163,0,0.0,0.0
2003-02-20 00:00:00-03:00,0.07553820312023163,0.07553820312023163,0.07553820312023163,0.07553820312023163,0,0.0,0.0
2003-02-21 00:00:00-03:00,0.07553820312023163,0.07553820312023163,0.07553820312023163,0.07553820312023163,0,0.0,0.0
2003-02-24 00:00:00-03:00,0.07553820312023163,0.07553820312023163,0.07553820312023163,0.07553820312023163,0,0.0,0.0
2003-02-25 00:00:00-03:00,0.07553820312023163,0.07553820312023163,0.07553820312023163,0.07553820312023163,0,0.0,0.0
2003-02-26 00:00:00-03:00,0.07553820312023163,0.07553820312023163,0.07553820312023163,0.07553820312023163,0,0.0,0.0
2003-02-27 00:00:00-03:00,0.07553820312023163,0.07553820312023163,0.07553820312023163,0.07553820312023163,0,0.0,0.0
2003-02-28 00:00:00-03:00,0.07553820312023163,0.07553820312023163,0.07553820312023163,0.07553820312023163,0,0.0,0.0
2003-03-03 00:00:00-03:00,0.07553820312023163,0.07553820312023163,0.07553820312023163,0.07553820312023163,0,0.0,0.0
2003-03-04 00:00:00-03:00,0.07553820312023163,0.07553820312023163,0.07553820312023163,0.07553820312023163,0,0.0,0.0
2003-03-05 00:00:00-03:00,0.07553820312023163,0.07553820312023163,0.07553820312023163,0.07553820312023163,0,0.0,0.0
2003-03-06 00:00:00-03:00,0.07553820312023163,0.07553820312023163,0.07553820312023163,0.07553820312023163,0,0.0,0.0
2003-03-07 00:00:00-03:00,0.07553820312023163,0.07553820312023163,0.07553820312023163,0.07553820312023163,0,0.0,0.0
2003-03-10 00:00:00-03:00,0.07553820312023163,0.07553820312023163,0.07553820312023163,0.07553820312023163,0,0.0,0.0
2003-03-11 00:00:00-03:00,0.07553820312023163,0.07553820312023163,0.07553820312023163,0.07553820312023163,0,0.0,0.0
2003-03-12 00:00:00-03:00,0.07553820312023163,0.07553820312023163,0.07553820312023163,0.07553820312023163,0,0.0,0.0
2003-03-13 00:00:00-03:00,0.07553820312023163,0.07553820312023163,0.07553820312023163,0.07553820312023163,0,0.0,0.0
2003-03-14 00:00:00-03:00,0.07553820312023163,0.07553820312023163,0.07553820312023163,0.07553820312023163,0,0.0,0.0
2003-03-17 00:00:00-03:00,0.07553820312023163,0.07553820312023163,0.07553820312023163,0.07553820312023163,0,0.0,0.0
2003-03-18 00:00:00-03:00,0.07553820312023163,0.07553820312023163,0.07553820312023163,0.07553820312023163,0,0.0,0.0
2003-03-19 00:00:00-03:00,0.07553820312023163,0.07553820312023163,0.07553820312023163,0.07553820312023163,0,0.0,0.0
2003-03-20 00:00:00-03:00,0.07553820312023163,0.07553820312023163,0.07553820312023163,0.07553820312023163,0,0.0,0.0
2003-03-21 00:00:00-03:00,0.07553820312023163,0.07553820312023163,0.07553820312023163,0.07553820312023163,0,0.0,0.0
2003-03-24 00:00:00-03:00,0.07553820312023163,0.07553820312023163,0.07553820312023163,0.07553820312023163,0,0.0,0.0
2003-03-25 00:00:00-03:00,0.07553820312023163,0.07553820312023163,0.07553820312023163,0.07553820312023163,0,0.0,0.0
2003-03-26 00:00:00-03:00,0.07553820312023163,0.07553820312023163,0.07553820312023163,0.07553820312023163,0,0.0,0.0
2003-03-27 00:00:00-03:00,0.07553820312023163,0.07553820312023163,0.07553820312023163,0.07553820312023163,0,0.0,0.0
2003-03-28 00:00:00-03:00,0.07553820312023163,0.07553820312023163,0.07553820312023163,0.07553820312023163,0,0.0,0.0
2003-03-31 00:00:00-03:00,0.07553820312023163,0.07553820312023163,0.07553820312023163,0.07553820312023163,0,0.0,0.0
2003-04-01 00:00:00-03:00,0.07553820312023163,0.07553820312023163,0.07553820312023163,0.07553820312023163,0,0.0,0.0
2003-04-02 00:00:00-03:00,0.07553820312023163,0.07553820312023163,0.07553820312023163,0.07553820312023163,0,0.0,0.0
2003-04-03 00:00:00-03:00,0.07553820312023163,0.07553820312023163,0.07553820312023163,0.07553820312023163,0,0.0,0.0
2003-04-04 00:00:00-03:00,0.07553820312023163,0.07553820312023163,0.07553820312023163,0.07553820312023163,0,0.0,0.0
2003-04-07 00:00:00-03:00,0.07553820312023163,0.07553820312023163,0.07553820312023163,0.07553820312023163,0,0.0,0.0
2003-04-08 00:00:00-03:00,0.06810794025659561,0.06810794025659561,0.06810794025659561,0.06810794025659561,83200,0.0,0.0
2003-04-09 00:00:00-03:00,0.06810794025659561,0.06810794025659561,0.06810794025659561,0.06810794025659561,0,0.0,0.0
2003-04-10 00:00:00-03:00,0.06810794025659561,0.06810794025659561,0.06810794025659561,0.06810794025659561,0,0.0,0.0
2003-04-11 00:00:00-03:00,0.06810794025659561,0.06810794025659561,0.06810794025659561,0.06810794025659561,0,0.0,0.0
2003-04-14 00:00:00-03:00,0.06810794025659561,0.06810794025659561,0.06810794025659561,0.06810794025659561,0,0.0,0.0
2003-04-15 00:00:00-03:00,0.06810794025659561,0.06810794025659561,0.06810794025659561,0.06810794025659561,0,0.0,0.0
2003-04-16 00:00:00-03:00,0.06810794025659561,0.06810794025659561,0.06810794025659561,0.06810794025659561,0,0.0,0.0
2003-04-17 00:00:00-03:00,0.06810794025659561,0.06810794025659561,0.06810794025659561,0.06810794025659561,0,0.0,0.0
2003-04-18 00:00:00-03:00,0.06810794025659561,0.06810794025659561,0.06810794025659561,0.06810794025659561,0,0.0,0.0
2003-04-21 00:00:00-03:00,0.06810794025659561,0.06810794025659561,0.06810794025659561,0.06810794025659561,0,0.0,0.0
2003-04-22 00:00:00-03:00,0.06810794025659561,0.06810794025659561,0.06810794025659561,0.06810794025659561,0,0.0,0.0
2003-04-23 00:00:00-03:00,0.06810794025659561,0.06810794025659561,0.06810794025659561,0.06810794025659561,0,0.0,0.0
2003-04-24 00:00:00-03:00,0.06810794025659561,0.06810794025659561,0.06810794025659561,0.06810794025659561,0,0.0,0.0
2003-04-25 00:00:00-03:00,0.06810794025659561,0.06810794025659561,0.06810794025659561,0.06810794025659561,0,0.0,0.0
2003-04-28 00:00:00-03:00,0.06810794025659561,0.06810794025659561,0.06810794025659561,0.06810794025659561,0,0.0,0.0
2003-04-29 00:00:00-03:00,0.06810794025659561,0.06810794025659561,0.06810794025659561,0.06810794025659561,0,0.0,0.0
2003-04-30 00:00:00-03:00,0.06810794025659561,0.06810794025659561,0.06810794025659561,0.06810794025659561,0,0.0,0.0
2003-05-01 00:00:00-03:00,0.06810794025659561,0.06810794025659561,0.06810794025659561,0.06810794025659561,0,0.0,0.0
2003-05-02 00:00:00-03:00,0.06810794025659561,0.06810794025659561,0.06810794025659561,0.06810794025659561,0,0.0,0.0
2003-05-05 00:00:00-03:00,0.06810794025659561,0.06810794025659561,0.06810794025659561,0.06810794025659561,0,0.0,0.0
2003-05-06 00:00:00-03:00,0.06810794025659561,0.06810794025659561,0.06810794025659561,0.06810794025659561,0,0.0,0.0
2003-05-07 00:00:00-03:00,0.06810794025659561,0.06810794025659561,0.06810794025659561,0.06810794025659561,0,0.0,0.0
2003-05-08 00:00:00-03:00,0.06810794025659561,0.06810794025659561,0.06810794025659561,0.06810794025659561,0,0.0,0.0
2003-05-09 00:00:00-03:00,0.06810794025659561,0.06810794025659561,0.06810794025659561,0.06810794025659561,0,0.0,0.0
2003-05-12 00:00:00-03:00,0.06810794025659561,0.06810794025659561,0.06810794025659561,0.06810794025659561,0,0.0,0.0
2003-05-13 00:00:00-03:00,0.06810794025659561,0.06810794025659561,0.06810794025659561,0.06810794025659561,0,0.0,0.0
2003-05-14 00:00:00-03:00,0.06810794025659561,0.06810794025659561,0.06810794025659561,0.06810794025659561,0,0.0,0.0
2003-05-15 00:00:00-03:00,0.06810794025659561,0.06810794025659561,0.06810794025659561,0.06810794025659561,0,0.0,0.0
2003-05-16 00:00:00-03:00,0.06810794025659561,0.06810794025659561,0.06810794025659561,0.06810794025659561,0,0.0,0.0
2003-05-19 00:00:00-03:00,0.06810794025659561,0.06810794025659561,0.06810794025659561,0.06810794025659561,0,0.0,0.0
2003-05-20 00:00:00-03:00,0.06810794025659561,0.06810794025659561,0.06810794025659561,0.06810794025659561,0,0.0,0.0
2003-05-21 00:00:00-03:00,0.08049138635396957,0.08049138635396957,0.08049138635396957,0.08049138635396957,66950,0.0,0.0
2003-05-22 00:00:00-03:00,0.08544554561376572,0.08544554561376572,0.08544554561376572,0.08544554561376572,14000,0.0,0.0
2003-05-23 00:00:00-03:00,0.0780152827501297,0.0780152827501297,0.0780152827501297,0.0780152827501297,35776,0.0,0.0
2003-05-26 00:00:00-03:00,0.0780152827501297,0.0780152827501297,0.0780152827501297,0.0780152827501297,15900,0.0,0.0
2003-05-27 00:00:00-03:00,0.0780152827501297,0.0780152827501297,0.07429965765875592,0.0780152827501297,79503,0.0,0.0
2003-05-28 00:00:00-03:00,0.0780152827501297,0.08049138320970815,0.0780152827501297,0.0780152827501297,89274,0.0,0.0
2003-05-29 00:00:00-03:00,0.07863456010818481,0.07863456010818481,0.07801528920835829,0.07863456010818481,83200,0.0,0.0
2003-05-30 00:00:00-03:00,0.0780152827501297,0.0780152827501297,0.0780152827501297,0.0780152827501297,38551,0.0,0.0
2003-06-02 00:00:00-03:00,0.07306210696697235,0.07306210696697235,0.07306210696697235,0.07306210696697235,43727,0.0,0.0
2003-06-03 00:00:00-03:00,0.06810794025659561,0.06810794025659561,0.06810794025659561,0.06810794025659561,23851,0.0,0.0
2003-06-04 00:00:00-03:00,0.06687038391828537,0.06687038391828537,0.06687038391828537,0.06687038391828537,41342,0.0,0.0
2003-06-05 00:00:00-03:00,0.06191622465848923,0.06191622465848923,0.06191622465848923,0.06191622465848923,60820,0.0,0.0
2003-06-06 00:00:00-03:00,0.06810794025659561,0.06810794025659561,0.061916221967024905,0.06810794025659561,53267,0.0,0.0
2003-06-09 00:00:00-03:00,0.06810794025659561,0.06810794025659561,0.06810794025659561,0.06810794025659561,0,0.0,0.0
2003-06-10 00:00:00-03:00,0.08172991871833801,0.08172991871833801,0.0804913843391676,0.08172991871833801,83359,0.0,0.0
2003-06-11 00:00:00-03:00,0.08916018903255463,0.08916018903255463,0.08668310552125881,0.08916018903255463,206964,0.0,0.0
2003-06-12 00:00:00-03:00,0.08668310195207596,0.09163726143534602,0.08668310195207596,0.08668310195207596,544331,0.0,0.0
2003-06-13 00:00:00-03:00,0.08668310195207596,0.08668310195207596,0.08668310195207596,0.08668310195207596,23851,0.0,0.0
2003-06-16 00:00:00-03:00,0.08668310195207596,0.08668310195207596,0.08668310195207596,0.08668310195207596,0,0.0,0.0
2003-06-17 00:00:00-03:00,0.08668310195207596,0.08668310195207596,0.08668310195207596,0.08668310195207596,0,0.0,0.0
2003-06-18 00:00:00-03:00,0.08668310195207596,0.08668310195207596,0.08668310195207596,0.08668310195207596,0,0.0,0.0
2003-06-19 00:00:00-03:00,0.08668310195207596,0.08668310195207596,0.08668310195207596,0.08668310195207596,0,0.0,0.0
2003-06-20 00:00:00-03:00,0.08668310195207596,0.08668310195207596,0.08668310195207596,0.08668310195207596,0,0.0,0.0
2003-06-23 00:00:00-03:00,0.08668310195207596,0.08668310195207596,0.08668310195207596,0.08668310195207596,0,0.0,0.0
2003-06-24 00:00:00-03:00,0.08668310195207596,0.08668310195207596,0.08668310195207596,0.08668310195207596,0,0.0,0.0
2003-06-25 00:00:00-03:00,0.08668310195207596,0.08668310195207596,0.08668310195207596,0.08668310195207596,0,0.0,0.0
2003-06-26 00:00:00-03:00,0.08668310195207596,0.08668310195207596,0.08668310195207596,0.08668310195207596,0,0.0,0.0
2003-06-27 00:00:00-03:00,0.08668310195207596,0.08668310195207596,0.08668310195207596,0.08668310195207596,0,0.0,0.0
2003-06-30 00:00:00-03:00,0.08668310195207596,0.08668310195207596,0.08668310195207596,0.08668310195207596,0,0.0,0.0
2003-07-01 00:00:00-03:00,0.08668310195207596,0.08668310195207596,0.08668310195207596,0.08668310195207596,0,0.0,0.0
2003-07-02 00:00:00-03:00,0.08668310195207596,0.08668310195207596,0.08668310195207596,0.08668310195207596,0,0.0,0.0
2003-07-03 00:00:00-03:00,0.08668310195207596,0.08668310195207596,0.08668310195207596,0.08668310195207596,0,0.0,0.0
2003-07-04 00:00:00-03:00,0.08668310195207596,0.08668310195207596,0.08668310195207596,0.08668310195207596,0,0.0,0.0
2003-07-07 00:00:00-03:00,0.08668310195207596,0.08668310195207596,0.08668310195207596,0.08668310195207596,0,0.0,0.0
2003-07-08 00:00:00-03:00,0.0780152827501297,0.0780152827501297,0.0780152827501297,0.0780152827501297,13515,0.0,0.0
2003-07-09 00:00:00-03:00,0.0780152827501297,0.0780152827501297,0.0780152827501297,0.0780152827501297,0,0.0,0.0
2003-07-10 00:00:00-03:00,0.0780152827501297,0.0780152827501297,0.0780152827501297,0.0780152827501297,0,0.0,0.0
2003-07-11 00:00:00-03:00,0.0780152827501297,0.0780152827501297,0.0780152827501297,0.0780152827501297,0,0.0,0.0
2003-07-14 00:00:00-03:00,0.0780152827501297,0.0780152827501297,0.0780152827501297,0.0780152827501297,0,0.0,0.0
2003-07-15 00:00:00-03:00,0.07182356715202332,0.07182356715202332,0.07182356715202332,0.07182356715202332,15900,0.0,0.0
2003-07-16 00:00:00-03:00,0.07182356715202332,0.07182356715202332,0.07182356715202332,0.07182356715202332,0,0.0,0.0
2003-07-17 00:00:00-03:00,0.07182356715202332,0.07182356715202332,0.07182356715202332,0.07182356715202332,0,0.0,0.0
2003-07-18 00:00:00-03:00,0.07182356715202332,0.07182356715202332,0.07182356715202332,0.07182356715202332,0,0.0,0.0
2003-07-21 00:00:00-03:00,0.07182356715202332,0.07182356715202332,0.07182356715202332,0.07182356715202332,0,0.0,0.0
2003-07-22 00:00:00-03:00,0.07182356715202332,0.07182356715202332,0.07182356715202332,0.07182356715202332,0,0.0,0.0
2003-07-23 00:00:00-03:00,0.07182356715202332,0.07182356715202332,0.07182356715202332,0.07182356715202332,0,0.0,0.0
2003-07-24 00:00:00-03:00,0.07182356715202332,0.07182356715202332,0.07182356715202332,0.07182356715202332,0,0.0,0.0
2003-07-25 00:00:00-03:00,0.07182356715202332,0.07182356715202332,0.07182356715202332,0.07182356715202332,0,0.0,0.0
2003-07-28 00:00:00-03:00,0.07182356715202332,0.07182356715202332,0.07182356715202332,0.07182356715202332,0,0.0,0.0
2003-07-29 00:00:00-03:00,0.07182356715202332,0.07182356715202332,0.07182356715202332,0.07182356715202332,0,0.0,0.0
2003-07-30 00:00:00-03:00,0.07182356715202332,0.07182356715202332,0.07182356715202332,0.07182356715202332,0,0.0,0.0
2003-07-31 00:00:00-03:00,0.07182356715202332,0.07182356715202332,0.07182356715202332,0.07182356715202332,0,0.0,0.0
2003-08-01 00:00:00-03:00,0.07182356715202332,0.07182356715202332,0.07182356715202332,0.07182356715202332,0,0.0,0.0
2003-08-04 00:00:00-03:00,0.07182356715202332,0.07182356715202332,0.07182356715202332,0.07182356715202332,0,0.0,0.0
2003-08-05 00:00:00-03:00,0.07182356715202332,0.07182356715202332,0.07182356715202332,0.07182356715202332,0,0.0,0.0
2003-08-06 00:00:00-03:00,0.07182356715202332,0.07182356715202332,0.07182356715202332,0.07182356715202332,0,0.0,0.0
2003-08-07 00:00:00-03:00,0.07182356715202332,0.07182356715202332,0.07182356715202332,0.07182356715202332,0,0.0,0.0
2003-08-08 00:00:00-03:00,0.07182356715202332,0.07182356715202332,0.07182356715202332,0.07182356715202332,0,0.0,0.0
2003-08-11 00:00:00-03:00,0.07182356715202332,0.07182356715202332,0.07182356715202332,0.07182356715202332,0,0.0,0.0
2003-08-12 00:00:00-03:00,0.07182356715202332,0.07182356715202332,0.07182356715202332,0.07182356715202332,0,0.0,0.0
2003-08-13 00:00:00-03:00,0.07182356715202332,0.07182356715202332,0.07182356715202332,0.07182356715202332,0,0.0,0.0
2003-08-14 00:00:00-03:00,0.07182356715202332,0.07182356715202332,0.07182356715202332,0.07182356715202332,0,0.0,0.0
2003-08-15 00:00:00-03:00,0.07182356715202332,0.07182356715202332,0.07182356715202332,0.07182356715202332,0,0.0,0.0
2003-08-18 00:00:00-03:00,0.07182356715202332,0.07182356715202332,0.07182356715202332,0.07182356715202332,0,0.0,0.0
2003-08-19 00:00:00-03:00,0.07182356715202332,0.07182356715202332,0.07182356715202332,0.07182356715202332,0,0.0,0.0
2003-08-20 00:00:00-03:00,0.07182356715202332,0.07182356715202332,0.07182356715202332,0.07182356715202332,0,0.0,0.0
2003-08-21 00:00:00-03:00,0.07182356715202332,0.07182356715202332,0.07182356715202332,0.07182356715202332,0,0.0,0.0
2003-08-22 00:00:00-03:00,0.07182356715202332,0.07182356715202332,0.07182356715202332,0.07182356715202332,0,0.0,0.0
2003-08-25 00:00:00-03:00,0.07182356715202332,0.07182356715202332,0.07182356715202332,0.07182356715202332,0,0.0,0.0
2003-08-26 00:00:00-03:00,0.07182356715202332,0.07182356715202332,0.07182356715202332,0.07182356715202332,0,0.0,0.0
2003-08-27 00:00:00-03:00,0.07182356715202332,0.07182356715202332,0.07182356715202332,0.07182356715202332,0,0.0,0.0
2003-08-28 00:00:00-03:00,0.07182356715202332,0.07182356715202332,0.07182356715202332,0.07182356715202332,0,0.0,0.0
2003-08-29 00:00:00-03:00,0.07182356715202332,0.07182356715202332,0.07182356715202332,0.07182356715202332,0,0.0,0.0
2003-09-01 00:00:00-03:00,0.07182356715202332,0.07182356715202332,0.07182356715202332,0.07182356715202332,0,0.0,0.0
2003-09-02 00:00:00-03:00,0.07182356715202332,0.07182356715202332,0.07182356715202332,0.07182356715202332,0,0.0,0.0
2003-09-03 00:00:00-03:00,0.07182356715202332,0.07182356715202332,0.07182356715202332,0.07182356715202332,0,0.0,0.0
2003-09-04 00:00:00-03:00,0.07182356715202332,0.07182356715202332,0.07182356715202332,0.07182356715202332,0,0.0,0.0
2003-09-05 00:00:00-03:00,0.07182356715202332,0.07182356715202332,0.07182356715202332,0.07182356715202332,0,0.0,0.0
2003-09-08 00:00:00-03:00,0.07182356715202332,0.07182356715202332,0.07182356715202332,0.07182356715202332,0,0.0,0.0
2003-09-09 00:00:00-03:00,0.07182356715202332,0.07182356715202332,0.07182356715202332,0.07182356715202332,0,0.0,0.0
2003-09-10 00:00:00-03:00,0.07182356715202332,0.07182356715202332,0.07182356715202332,0.07182356715202332,0,0.0,0.0
2003-09-11 00:00:00-03:00,0.07182356715202332,0.07182356715202332,0.07182356715202332,0.07182356715202332,0,0.0,0.0
2003-09-12 00:00:00-03:00,0.07182356715202332,0.07182356715202332,0.07182356715202332,0.07182356715202332,0,0.0,0.0
2003-09-15 00:00:00-03:00,0.07182356715202332,0.07182356715202332,0.07182356715202332,0.07182356715202332,0,0.0,0.0
2003-09-16 00:00:00-03:00,0.07182356715202332,0.07182356715202332,0.07182356715202332,0.07182356715202332,0,0.0,0.0
2003-09-17 00:00:00-03:00,0.0643932968378067,0.0643932968378067,0.0643932968378067,0.0643932968378067,15900,0.0,0.0
2003-09-18 00:00:00-03:00,0.0643932968378067,0.0643932968378067,0.0643932968378067,0.0643932968378067,0,0.0,0.0
2003-09-19 00:00:00-03:00,0.0643932968378067,0.0643932968378067,0.0643932968378067,0.0643932968378067,0,0.0,0.0
2003-09-22 00:00:00-03:00,0.0643932968378067,0.0643932968378067,0.0643932968378067,0.0643932968378067,0,0.0,0.0
2003-09-23 00:00:00-03:00,0.0643932968378067,0.0643932968378067,0.0643932968378067,0.0643932968378067,0,0.0,0.0
2003-09-24 00:00:00-03:00,0.06191622465848923,0.06439330085466757,0.06191622465848923,0.06191622465848923,107330,0.0,0.0
2003-09-25 00:00:00-03:00,0.055724501609802246,0.055724501609802246,0.055724501609802246,0.055724501609802246,75528,0.0,0.0
2003-09-26 00:00:00-03:00,0.055724501609802246,0.055724501609802246,0.055724501609802246,0.055724501609802246,215240,0.0,0.0
2003-09-29 00:00:00-03:00,0.05696304515004158,0.05696304515004158,0.05572450336358227,0.05696304515004158,79503,0.0,0.0
2003-09-30 00:00:00-03:00,0.05820158123970032,0.05820158123970032,0.05820158123970032,0.05820158123970032,40467,0.0,0.0
2003-10-01 00:00:00-03:00,0.06067866459488869,0.06067866459488869,0.05820158111369373,0.06067866459488869,134282,0.0,0.0
2003-10-02 00:00:00-03:00,0.06067866459488869,0.06067866459488869,0.06067866459488869,0.06067866459488869,0,0.0,0.0
2003-10-03 00:00:00-03:00,0.06315476447343826,0.06810794111340332,0.06315476447343826,0.06315476447343826,112028,0.0,0.0
2003-10-06 00:00:00-03:00,0.0643932968378067,0.0643932968378067,0.06315476248464433,0.0643932968378067,77142,0.0,0.0
2003-10-07 00:00:00-03:00,0.0643932968378067,0.0643932968378067,0.0643932968378067,0.0643932968378067,23851,0.0,0.0
2003-10-08 00:00:00-03:00,0.06810794025659561,0.06810794025659561,0.06687038147936075,0.06810794025659561,79503,0.0,0.0
2003-10-09 00:00:00-03:00,0.06810794025659561,0.06810794025659561,0.06810794025659561,0.06810794025659561,0,0.0,0.0
2003-10-10 00:00:00-03:00,0.07491893321275711,0.07491893321275711,0.07182356904553895,0.07491893321275711,92145,0.0,0.0
2003-10-13 00:00:00-03:00,0.07491893321275711,0.07491893321275711,0.07491893321275711,0.07491893321275711,0,0.0,0.0
2003-10-14 00:00:00-03:00,0.07491893321275711,0.07491893321275711,0.07491893321275711,0.07491893321275711,0,0.0,0.0
2003-10-15 00:00:00-03:00,0.08049138635396957,0.08049138635396957,0.07925382754317255,0.08049138635396957,101049,0.0,0.0
2003-10-16 00:00:00-03:00,0.08296846598386765,0.08296846598386765,0.08049138972446396,0.08296846598386765,143321,0.0,0.0
2003-10-17 00:00:00-03:00,0.09411336481571198,0.09411336481571198,0.08544554582022466,0.09411336481571198,251844,0.0,0.0
2003-10-20 00:00:00-03:00,0.10352549701929092,0.10352549701929092,0.0941133686697812,0.10352549701929092,393846,0.0,0.0
2003-10-21 00:00:00-03:00,0.1052582710981369,0.10649681288575467,0.1040207122452617,0.1052582710981369,621800,0.0,0.0
2003-10-22 00:00:00-03:00,0.09906654059886932,0.10773534978403587,0.09906654059886932,0.09906654059886932,225791,0.0,0.0
2003-10-23 00:00:00-03:00,0.09906654059886932,0.09906654059886932,0.09906654059886932,0.09906654059886932,0,0.0,0.0
2003-10-24 00:00:00-03:00,0.09535190463066101,0.09906653951418544,0.09535190463066101,0.09535190463066101,91079,0.0,0.0
2003-10-27 00:00:00-03:00,0.10154362767934799,0.10154362767934799,0.10154362767934799,0.10154362767934799,93019,0.0,0.0
2003-10-28 00:00:00-03:00,0.10154362767934799,0.10154362767934799,0.10154362767934799,0.10154362767934799,0,0.0,0.0
2003-10-29 00:00:00-03:00,0.10402070730924606,0.10525826610339634,0.10402070730924606,0.10402070730924606,67737,0.0,0.0
2003-10-30 00:00:00-03:00,0.10154362767934799,0.1027821694548823,0.10154362767934799,0.10154362767934799,98386,0.0,0.0
2003-10-31 00:00:00-03:00,0.10402070730924606,0.10402070730924606,0.1015436238515537,0.10402070730924606,110677,0.0,0.0
2003-11-03 00:00:00-03:00,0.10402070730924606,0.10402070730924606,0.10402070730924606,0.10402070730924606,0,0.0,0.0
2003-11-04 00:00:00-03:00,0.10402070730924606,0.10402070730924606,0.10402070730924606,0.10402070730924606,159007,0.0,0.0
2003-11-05 00:00:00-03:00,0.10402070730924606,0.10402070730924606,0.10402070730924606,0.10402070730924606,0,0.0,0.0
2003-11-06 00:00:00-03:00,0.10402070730924606,0.10402070730924606,0.10402070730924606,0.10402070730924606,0,0.0,0.0
2003-11-07 00:00:00-03:00,0.10402070730924606,0.10402070730924606,0.10402070730924606,0.10402070730924606,0,0.0,0.0
2003-11-10 00:00:00-03:00,0.09535190463066101,0.09535190463066101,0.09535190463066101,0.09535190463066101,44919,0.0,0.0
2003-11-11 00:00:00-03:00,0.09535190463066101,0.09535190463066101,0.09535190463066101,0.09535190463066101,0,0.0,0.0
2003-11-12 00:00:00-03:00,0.09535190463066101,0.09535190463066101,0.09535190463066101,0.09535190463066101,0,0.0,0.0
2003-11-13 00:00:00-03:00,0.09535190463066101,0.09535190463066101,0.09535190463066101,0.09535190463066101,0,0.0,0.0
2003-11-14 00:00:00-03:00,0.09535190463066101,0.09535190463066101,0.09535190463066101,0.09535190463066101,0,0.0,0.0
2003-11-17 00:00:00-03:00,0.09535190463066101,0.09535190463066101,0.09535190463066101,0.09535190463066101,0,0.0,0.0
2003-11-18 00:00:00-03:00,0.09535190463066101,0.09535190463066101,0.09535190463066101,0.09535190463066101,0,0.0,0.0
2003-11-19 00:00:00-03:00,0.09535190463066101,0.09535190463066101,0.09535190463066101,0.09535190463066101,0,0.0,0.0
2003-11-20 00:00:00-03:00,0.08668310195207596,0.08668310195207596,0.08668310195207596,0.08668310195207596,15900,0.0,0.0
2003-11-21 00:00:00-03:00,0.08668310195207596,0.08668310195207596,0.08668310195207596,0.08668310195207596,47702,0.0,0.0
2003-11-24 00:00:00-03:00,0.08792164921760559,0.08792164921760559,0.08420700680338557,0.08792164921760559,85482,0.0,0.0
2003-11-25 00:00:00-03:00,0.08916018903255463,0.08916018903255463,0.08792164727690673,0.08916018903255463,107648,0.0,0.0
2003-11-26 00:00:00-03:00,0.08916018903255463,0.08916018903255463,0.08916018903255463,0.08916018903255463,166759,0.0,0.0
2003-11-27 00:00:00-03:00,0.08916018903255463,0.08916018903255463,0.08916018903255463,0.08916018903255463,79503,0.0,0.0
2003-11-28 00:00:00-03:00,0.09287482500076294,0.09287482500076294,0.09039873173362221,0.09287482500076294,143758,0.0,0.0
2003-12-01 00:00:00-03:00,0.09287482500076294,0.09287482500076294,0.09287482500076294,0.09287482500076294,0,0.0,0.0
2003-12-02 00:00:00-03:00,0.09411336481571198,0.09411336481571198,0.09411336481571198,0.09411336481571198,23731,0.0,0.0
2003-12-03 00:00:00-03:00,0.09597117453813553,0.09597117453813553,0.09597117453813553,0.09597117453813553,55771,0.0,0.0
2003-12-04 00:00:00-03:00,0.09597117453813553,0.09597117453813553,0.09597117453813553,0.09597117453813553,0,0.0,0.0
2003-12-05 00:00:00-03:00,0.09597117453813553,0.09597117453813553,0.09597117453813553,0.09597117453813553,0,0.0,0.0
2003-12-08 00:00:00-03:00,0.09597117453813553,0.09597117453813553,0.09597117453813553,0.09597117453813553,0,0.0,0.0
2003-12-09 00:00:00-03:00,0.09782899171113968,0.09782899171113968,0.09782899171113968,0.09782899171113968,39751,0.0,0.0
2003-12-10 00:00:00-03:00,0.09782899171113968,0.09782899171113968,0.09782899171113968,0.09782899171113968,0,0.0,0.0
2003-12-11 00:00:00-03:00,0.09782899171113968,0.09782899171113968,0.09782899171113968,0.09782899171113968,0,0.0,0.0
2003-12-12 00:00:00-03:00,0.09659045189619064,0.09659045189619064,0.09535191010720652,0.09659045189619064,42526,0.0,0.0
2003-12-15 00:00:00-03:00,0.09535190463066101,0.09535190463066101,0.09535190463066101,0.09535190463066101,39751,0.0,0.0
2003-12-16 00:00:00-03:00,0.09535190463066101,0.09535190463066101,0.09535190463066101,0.09535190463066101,52758,0.0,0.0
2003-12-17 00:00:00-03:00,0.09535190463066101,0.09535190463066101,0.09473263377173682,0.09535190463066101,65590,0.0,0.0
2003-12-18 00:00:00-03:00,0.09535190463066101,0.09535190463066101,0.09535190463066101,0.09535190463066101,0,0.0,0.0
2003-12-19 00:00:00-03:00,0.09535190463066101,0.09535190463066101,0.09535190463066101,0.09535190463066101,0,0.0,0.0
2003-12-22 00:00:00-03:00,0.09535190463066101,0.09535190463066101,0.09535190463066101,0.09535190463066101,0,0.0,0.0
2003-12-23 00:00:00-03:00,0.08792164921760559,0.08792164921760559,0.08792164921760559,0.08792164921760559,19875,0.0,0.0
2003-12-24 00:00:00-03:00,0.08792164921760559,0.08792164921760559,0.08792164921760559,0.08792164921760559,0,0.0,0.0
2003-12-25 00:00:00-03:00,0.08792164921760559,0.08792164921760559,0.08792164921760559,0.08792164921760559,0,0.0,0.0
2003-12-26 00:00:00-03:00,0.08792164921760559,0.08792164921760559,0.08792164921760559,0.08792164921760559,0,0.0,0.0
2003-12-29 00:00:00-03:00,0.08049138635396957,0.08049138635396957,0.08049138635396957,0.08049138635396957,27428,0.0,0.0
2003-12-30 00:00:00-03:00,0.08049138635396957,0.08049138635396957,0.08049138635396957,0.08049138635396957,119255,0.0,0.0
2003-12-31 00:00:00-03:00,0.08049138635396957,0.08049138635396957,0.08049138635396957,0.08049138635396957,95404,0.0,0.0
2004-01-01 00:00:00-03:00,0.08049138635396957,0.08049138635396957,0.08049138635396957,0.08049138635396957,0,0.0,0.0
2004-01-02 00:00:00-03:00,0.08172991871833801,0.08420700214734578,0.0804913843391676,0.08172991871833801,387446,0.0,0.0
2004-01-05 00:00:00-03:00,0.08172991871833801,0.08172991871833801,0.08172991871833801,0.08172991871833801,0,0.0,0.0
2004-01-06 00:00:00-03:00,0.09411336481571198,0.09411336481571198,0.08792164637129905,0.09411336481571198,184695,0.0,0.0
2004-01-07 00:00:00-03:00,0.0916372612118721,0.0916372612118721,0.0916372612118721,0.0916372612118721,55517,0.0,0.0
2004-01-08 00:00:00-03:00,0.0916372612118721,0.0916372612118721,0.0916372612118721,0.0916372612118721,0,0.0,0.0
2004-01-09 00:00:00-03:00,0.0916372612118721,0.0916372612118721,0.0916372612118721,0.0916372612118721,30219,0.0,0.0
2004-01-12 00:00:00-03:00,0.09535190463066101,0.09535190463066101,0.09163726241180309,0.09535190463066101,152512,0.0,0.0
2004-01-13 00:00:00-03:00,0.09906654059886932,0.09906654059886932,0.09782898913749162,0.09906654059886932,75528,0.0,0.0
2004-01-14 00:00:00-03:00,0.09906654059886932,0.10154362406168775,0.09906654059886932,0.09906654059886932,113293,0.0,0.0
2004-01-15 00:00:00-03:00,0.09906654059886932,0.10154362406168775,0.09782898913749162,0.09906654059886932,71561,0.0,0.0
2004-01-16 00:00:00-03:00,0.09782899171113968,0.09782899171113968,0.09782899171113968,0.09782899171113968,31801,0.0,0.0
2004-01-19 00:00:00-03:00,0.10340143740177155,0.10340143740177155,0.0978289898404219,0.10340143740177155,87454,0.0,0.0
2004-01-20 00:00:00-03:00,0.10402070730924606,0.10402070730924606,0.10340143644482297,0.10402070730924606,46732,0.0,0.0
2004-01-21 00:00:00-03:00,0.10402070730924606,0.10402070730924606,0.10402070730924606,0.10402070730924606,0,0.0,0.0
2004-01-22 00:00:00-03:00,0.10402070730924606,0.10402070730924606,0.10402070730924606,0.10402070730924606,0,0.0,0.0
2004-01-23 00:00:00-03:00,0.10402070730924606,0.10402070730924606,0.10402070730924606,0.10402070730924606,0,0.0,0.0
2004-01-26 00:00:00-03:00,0.10402070730924606,0.10402070730924606,0.10402070730924606,0.10402070730924606,0,0.0,0.0
2004-01-27 00:00:00-03:00,0.10649681091308594,0.10649681091308594,0.10649681091308594,0.10649681091308594,9540,0.0,0.0
2004-01-28 00:00:00-03:00,0.10649681091308594,0.10649681091308594,0.10649681091308594,0.10649681091308594,27826,0.0,0.0
2004-01-29 00:00:00-03:00,0.10649681091308594,0.10649681091308594,0.10649681091308594,0.10649681091308594,0,0.0,0.0
2004-01-30 00:00:00-03:00,0.10649681091308594,0.10649681091308594,0.10649681091308594,0.10649681091308594,0,0.0,0.0
2004-02-02 00:00:00-03:00,0.10649681091308594,0.10649681091308594,0.10649681091308594,0.10649681091308594,0,0.0,0.0
2004-02-03 00:00:00-03:00,0.10649681091308594,0.1071160817954239,0.10649681091308594,0.10649681091308594,35649,0.0,0.0
2004-02-04 00:00:00-03:00,0.10649681091308594,0.10649681091308594,0.10649681091308594,0.10649681091308594,0,0.0,0.0
2004-02-05 00:00:00-03:00,0.10649681091308594,0.10649681091308594,0.10649681091308594,0.10649681091308594,0,0.0,0.0
2004-02-06 00:00:00-03:00,0.10649681091308594,0.10649681091308594,0.10649681091308594,0.10649681091308594,0,0.0,0.0
2004-02-09 00:00:00-03:00,0.10649681091308594,0.10649681091308594,0.10649681091308594,0.10649681091308594,0,0.0,0.0
2004-02-10 00:00:00-03:00,0.10649681091308594,0.10649681091308594,0.10649681091308594,0.10649681091308594,0,0.0,0.0
2004-02-11 00:00:00-03:00,0.10649681091308594,0.10649681091308594,0.10649681091308594,0.10649681091308594,0,0.0,0.0
2004-02-12 00:00:00-03:00,0.10649681091308594,0.10649681091308594,0.10649681091308594,0.10649681091308594,0,0.0,0.0
2004-02-13 00:00:00-03:00,0.10649681091308594,0.10649681091308594,0.10649681091308594,0.10649681091308594,0,0.0,0.0
2004-02-16 00:00:00-03:00,0.10773535072803497,0.10773535072803497,0.10773535072803497,0.10773535072803497,14310,0.0,0.0
2004-02-17 00:00:00-03:00,0.10402070730924606,0.10959315481902442,0.10402070730924606,0.10402070730924606,119255,0.0,0.0
2004-02-18 00:00:00-03:00,0.10402070730924606,0.10402070730924606,0.10402070730924606,0.10402070730924606,0,0.0,0.0
2004-02-19 00:00:00-03:00,0.10402070730924606,0.10402070730924606,0.10402070730924606,0.10402070730924606,0,0.0,0.0
2004-02-20 00:00:00-03:00,0.10402070730924606,0.10402070730924606,0.10402070730924606,0.10402070730924606,0,0.0,0.0
2004-02-23 00:00:00-03:00,0.10402070730924606,0.10402070730924606,0.10402070730924606,0.10402070730924606,0,0.0,0.0
2004-02-24 00:00:00-03:00,0.10402070730924606,0.10402070730924606,0.10402070730924606,0.10402070730924606,0,0.0,0.0
2004-02-25 00:00:00-03:00,0.10402070730924606,0.10402070730924606,0.10402070730924606,0.10402070730924606,0,0.0,0.0
2004-02-26 00:00:00-03:00,0.09535190463066101,0.09906653951418544,0.09535190463066101,0.09535190463066101,125624,0.0,0.0
2004-02-27 00:00:00-03:00,0.09535190463066101,0.09535190463066101,0.09535190463066101,0.09535190463066101,42129,0.0,0.0
2004-03-01 00:00:00-03:00,0.09411336481571198,0.09411336481571198,0.09411336481571198,0.09411336481571198,146923215098,0.0,0.0
2004-03-02 00:00:00-03:00,0.09535190913905224,0.09720972180366516,0.09535190913905224,0.09720972180366516,1090555054926,0.0,0.0
2004-03-03 00:00:00-03:00,0.0965904464776065,0.09968581050634384,0.0965904464776065,0.09968581050634384,23851,0.0,0.0
2004-03-04 00:00:00-03:00,0.09968581501604651,0.10154362767934799,0.09968581501604651,0.10154362767934799,27826,0.0,0.0
2004-03-05 00:00:00-03:00,0.10030508041381836,0.10030508041381836,0.10030508041381836,0.10030508041381836,0,0.0,0.0
2004-03-08 00:00:00-03:00,0.09906654059886932,0.09906654059886932,0.09906654059886932,0.09906654059886932,0,0.0,0.0
2004-03-09 00:00:00-03:00,0.10030508041381836,0.10030508041381836,0.10030508041381836,0.10030508041381836,32731,0.0,0.0
2004-03-10 00:00:00-03:00,0.10030508041381836,0.10030508041381836,0.10030508041381836,0.10030508041381836,9540,0.0,0.0
2004-03-11 00:00:00-03:00,0.10154362767934799,0.10154362767934799,0.10154362767934799,0.10154362767934799,27826,0.0,0.0
2004-03-12 00:00:00-03:00,0.10092435777187347,0.10092435777187347,0.10092435777187347,0.10092435777187347,7950,0.0,0.0
2004-03-15 00:00:00-03:00,0.1009243548664336,0.10278216749429703,0.1009243548664336,0.10278216749429703,53466,0.0,0.0
2004-03-16 00:00:00-03:00,0.10278216749429703,0.10278216749429703,0.10278216749429703,0.10278216749429703,0,0.0,0.0
2004-03-17 00:00:00-03:00,0.10278216579309696,0.10278216579309696,0.09906654059886932,0.09906654059886932,54348,0.0,0.0
2004-03-18 00:00:00-03:00,0.09782899171113968,0.09968581408707057,0.09782899171113968,0.09782899171113968,0,0.0,0.0
2004-03-19 00:00:00-03:00,0.09906654320507442,0.09906654320507442,0.09782899171113968,0.09782899171113968,232676,0.0,0.0
2004-03-22 00:00:00-03:00,0.09535190463066101,0.09535190463066101,0.09287482119496428,0.09535190463066101,85911,0.0,0.0
2004-03-23 00:00:00-03:00,0.08668310195207596,0.09535190361462191,0.08668310195207596,0.08668310195207596,0,0.0,0.0
2004-03-24 00:00:00-03:00,0.09039872884750366,0.09535190549370857,0.09039872884750366,0.09039872884750366,0,0.0,0.0
2004-03-25 00:00:00-03:00,0.09535190463066101,0.09535190463066101,0.09535190463066101,0.09535190463066101,0,0.0,0.0
2004-03-26 00:00:00-03:00,0.09039873078820254,0.09039873078820254,0.08916018903255463,0.08916018903255463,31801,0.0,0.0
2004-03-29 00:00:00-03:00,0.08916018806889836,0.08977945894002914,0.08916018806889836,0.08977945894002914,51216,0.0,0.0
2004-03-30 00:00:00-03:00,0.08977945894002914,0.08977945894002914,0.08977945894002914,0.08977945894002914,11925,0.0,0.0
2004-03-31 00:00:00-03:00,0.08916018514394457,0.0916372612118721,0.08916018514394457,0.0916372612118721,105859,0.0,0.0
2004-04-01 00:00:00-03:00,0.09039872901906784,0.09906654059886932,0.09039872901906784,0.09906654059886932,112919,0.0,0.0
2004-04-02 00:00:00-03:00,0.10278216476719065,0.10897388309240341,0.10278216476719065,0.10897388309240341,558928,0.0,0.0
2004-04-05 00:00:00-03:00,0.10897388309240341,0.10897388309240341,0.10897388309240341,0.10897388309240341,0,0.0,0.0
2004-04-06 00:00:00-03:00,0.10402070730924606,0.10402070730924606,0.10402070730924606,0.10402070730924606,35959,0.0,0.0
2004-04-07 00:00:00-03:00,0.11268852651119232,0.11268852651119232,0.11268852651119232,0.11268852651119232,24312,0.0,0.0
2004-04-08 00:00:00-03:00,0.11268852651119232,0.11268852651119232,0.11268852651119232,0.11268852651119232,0,0.0,0.0
2004-04-09 00:00:00-03:00,0.11268852651119232,0.11268852651119232,0.11268852651119232,0.11268852651119232,0,0.0,0.0
2004-04-12 00:00:00-03:00,0.11268852567246522,0.12011878574030428,0.11144998394948792,0.11764170229434967,214660,0.0,0.0
2004-04-13 00:00:00-03:00,0.11578488349914551,0.11578488349914551,0.11578488349914551,0.11578488349914551,0,0.0,0.0
2004-04-14 00:00:00-03:00,0.10649681091308594,0.1164041547604352,0.10649681091308594,0.10649681091308594,18285,0.0,0.0
2004-04-15 00:00:00-03:00,0.10402070730924606,0.11392706793529013,0.10402070730924606,0.10402070730924606,7950,0.0,0.0
2004-04-16 00:00:00-03:00,0.11144998669624329,0.11144998669624329,0.11144998669624329,0.11144998669624329,130259,0.0,0.0
2004-04-19 00:00:00-03:00,0.1052582710981369,0.11268853155376701,0.1052582710981369,0.1052582710981369,0,0.0,0.0
2004-04-20 00:00:00-03:00,0.11268852651119232,0.11268852651119232,0.11268852651119232,0.11268852651119232,31801,0.0,0.0
2004-04-21 00:00:00-03:00,0.11268852620644396,0.11268852620644396,0.10402070730924606,0.10402070730924606,104945,0.0,0.0
2004-04-22 00:00:00-03:00,0.10030508041381836,0.10897388209802251,0.10030508041381836,0.10030508041381836,7950,0.0,0.0
2004-04-23 00:00:00-03:00,0.10030508041381836,0.10030508041381836,0.10030508041381836,0.10030508041381836,0,0.0,0.0
2004-04-26 00:00:00-03:00,0.10773535072803497,0.10773535072803497,0.10773535072803497,0.10773535072803497,0,0.0,0.0
2004-04-27 00:00:00-03:00,0.10463997721672058,0.10463997721672058,0.10463997721672058,0.10463997721672058,0,0.0,0.0
2004-04-28 00:00:00-03:00,0.10649681091308594,0.10649681091308594,0.10649681091308594,0.10649681091308594,0,0.0,0.0
2004-04-29 00:00:00-03:00,0.10463997721672058,0.10463997721672058,0.10463997721672058,0.10463997721672058,0,0.0,0.0
2004-04-30 00:00:00-03:00,0.11144998669624329,0.11144998669624329,0.11144998669624329,0.11144998669624329,15900,0.0,0.0
2004-05-03 00:00:00-03:00,0.10897388309240341,0.10711607784916659,0.10711607784916659,0.10897388309240341,0,0.0,0.0
2004-05-04 00:00:00-03:00,0.09287482500076294,0.10649681125058508,0.09287482500076294,0.09287482500076294,0,0.0,0.0
2004-05-05 00:00:00-03:00,0.09906654059886932,0.10463997839021079,0.09906654059886932,0.09906654059886932,0,0.0,0.0
2004-05-06 00:00:00-03:00,0.10154362586495806,0.10959315699203467,0.10030508411155412,0.10711608082056046,255414,0.0,0.0
2004-05-07 00:00:00-03:00,0.09906654412827935,0.10154362767934799,0.09906654412827935,0.10154362767934799,39751,0.0,0.0
2004-05-10 00:00:00-03:00,0.10154362767934799,0.10154362767934799,0.10154362767934799,0.10154362767934799,0,0.0,0.0
2004-05-11 00:00:00-03:00,0.10402070924620598,0.10402070924620598,0.10278216749429703,0.10278216749429703,9540,0.0,0.0
2004-05-12 00:00:00-03:00,0.10154362767934799,0.10154362767934799,0.10154362767934799,0.10154362767934799,0,0.0,0.0
2004-05-13 00:00:00-03:00,0.10030508041381836,0.10030508041381836,0.10030508041381836,0.10030508041381836,9540,0.0,0.0
2004-05-14 00:00:00-03:00,0.10092435777187347,0.10092435777187347,0.10092435777187347,0.10092435777187347,0,0.0,0.0
2004-05-17 00:00:00-03:00,0.10092435777187347,0.10092435777187347,0.10092435777187347,0.10092435777187347,0,0.0,0.0
2004-05-18 00:00:00-03:00,0.10092435777187347,0.10092435777187347,0.10092435777187347,0.10092435777187347,0,0.0,0.0
2004-05-19 00:00:00-03:00,0.10092435777187347,0.10092435777187347,0.10092435777187347,0.10092435777187347,0,0.0,0.0
2004-05-20 00:00:00-03:00,0.10092435777187347,0.10092435777187347,0.10092435777187347,0.10092435777187347,0,0.0,0.0
2004-05-21 00:00:00-03:00,0.09720972180366516,0.09720972180366516,0.09720972180366516,0.09720972180366516,39751,0.0,0.0
2004-05-24 00:00:00-03:00,0.0984482616186142,0.0984482616186142,0.0984482616186142,0.0984482616186142,0,0.0,0.0
2004-05-25 00:00:00-03:00,0.0984482616186142,0.0984482616186142,0.0984482616186142,0.0984482616186142,0,0.0,0.0
2004-05-26 00:00:00-03:00,0.09906654059886932,0.10030508233027853,0.0965904474060824,0.09906654059886932,228971,0.0,0.0
2004-05-27 00:00:00-03:00,0.08668310195207596,0.09906653845856439,0.08668310195207596,0.08668310195207596,0,0.0,0.0
2004-05-28 00:00:00-03:00,0.09535190567467319,0.09906654059886932,0.09535190567467319,0.09906654059886932,209890,0.0,0.0
2004-05-31 00:00:00-03:00,0.09782899171113968,0.09782899171113968,0.09782899171113968,0.09782899171113968,0,0.0,0.0
2004-06-01 00:00:00-03:00,0.09782899269186945,0.09782899269186945,0.09287482558623503,0.09720972180366516,55652,0.0,0.0
2004-06-02 00:00:00-03:00,0.08668310195207596,0.09782898702392365,0.08668310195207596,0.08668310195207596,0,0.0,0.0
2004-06-03 00:00:00-03:00,0.09287482652923826,0.09659045189619064,0.09287482652923826,0.09659045189619064,81889,0.0,0.0
2004-06-04 00:00:00-03:00,0.08668310195207596,0.09659044531927277,0.08668310195207596,0.08668310195207596,0,0.0,0.0
2004-06-07 00:00:00-03:00,0.09906654059886932,0.09906654059886932,0.09906654059886932,0.09906654059886932,0,0.0,0.0
2004-06-08 00:00:00-03:00,0.09906654059886932,0.09906654059886932,0.09906654059886932,0.09906654059886932,10335,0.0,0.0
2004-06-09 00:00:00-03:00,0.09720972180366516,0.09720972180366516,0.09720972180366516,0.09720972180366516,0,0.0,0.0
2004-06-10 00:00:00-03:00,0.09535190463066101,0.09535190463066101,0.09535190463066101,0.09535190463066101,0,0.0,0.0
2004-06-11 00:00:00-03:00,0.09039872802928821,0.09535190463066101,0.09039872802928821,0.09535190463066101,23453,0.0,0.0
2004-06-14 00:00:00-03:00,0.09535190463066101,0.09535190463066101,0.09535190463066101,0.09535190463066101,0,0.0,0.0
2004-06-15 00:00:00-03:00,0.09411336481571198,0.09411336481571198,0.09411336481571198,0.09411336481571198,0,0.0,0.0
2004-06-16 00:00:00-03:00,0.09411336481571198,0.09411336481571198,0.09411336481571198,0.09411336481571198,0,0.0,0.0
2004-06-17 00:00:00-03:00,0.09411336481571198,0.09411336481571198,0.09411336481571198,0.09411336481571198,0,0.0,0.0
2004-06-18 00:00:00-03:00,0.09535190463066101,0.09535190463066101,0.09535190463066101,0.09535190463066101,0,0.0,0.0
2004-06-21 00:00:00-03:00,0.09535190463066101,0.09535190463066101,0.09535190463066101,0.09535190463066101,0,0.0,0.0
2004-06-22 00:00:00-03:00,0.08668310195207596,0.09287482020532017,0.08668310195207596,0.08668310195207596,0,0.0,0.0
2004-06-23 00:00:00-03:00,0.08668310195207596,0.09287482020532017,0.08668310195207596,0.08668310195207596,0,0.0,0.0
2004-06-24 00:00:00-03:00,0.08977945717036402,0.09535190463066101,0.08977945717036402,0.09535190463066101,107497,0.0,0.0
2004-06-25 00:00:00-03:00,0.09535190463066101,0.09535190463066101,0.09535190463066101,0.09535190463066101,0,0.0,0.0
2004-06-28 00:00:00-03:00,0.08668310195207596,0.09287482020532017,0.08668310195207596,0.08668310195207596,0,0.0,0.0
2004-06-29 00:00:00-03:00,0.08668310642781926,0.09287482500076294,0.08668310642781926,0.09287482500076294,66783,0.0,0.0
2004-06-30 00:00:00-03:00,0.08668310642781926,0.09287482500076294,0.08668310642781926,0.09287482500076294,51677,0.0,0.0
2004-07-01 00:00:00-03:00,0.08668310195207596,0.09287482020532017,0.08668310195207596,0.08668310195207596,0,0.0,0.0
2004-07-02 00:00:00-03:00,0.0866831037463471,0.09473263472318649,0.0866831037463471,0.09473263472318649,101367,0.0,0.0
2004-07-05 00:00:00-03:00,0.08296846598386765,0.09473263985403695,0.08296846598386765,0.08296846598386765,0,0.0,0.0
2004-07-06 00:00:00-03:00,0.08916019143278613,0.09225653856992722,0.08668310785480614,0.09225653856992722,292176,0.0,0.0
2004-07-07 00:00:00-03:00,0.08916018811418977,0.09411336481571198,0.08916018811418977,0.09411336481571198,51280,0.0,0.0
2004-07-08 00:00:00-03:00,0.0916372612118721,0.0916372612118721,0.0916372612118721,0.0916372612118721,95404,0.0,0.0
2004-07-09 00:00:00-03:00,0.0916372612118721,0.0916372612118721,0.0916372612118721,0.0916372612118721,0,0.0,0.0
2004-07-12 00:00:00-03:00,0.09039872684557503,0.0916372612118721,0.09039872684557503,0.0916372612118721,50882,0.0,0.0
2004-07-13 00:00:00-03:00,0.08916018711844503,0.09039872884750366,0.08916018711844503,0.09039872884750366,91429,0.0,0.0
2004-07-14 00:00:00-03:00,0.09039872884750366,0.09039872884750366,0.09039872884750366,0.09039872884750366,54857,0.0,0.0
2004-07-15 00:00:00-03:00,0.09039872884750366,0.09039872884750366,0.09039872884750366,0.09039872884750366,64398,0.0,0.0
2004-07-16 00:00:00-03:00,0.0916372612118721,0.0916372612118721,0.0916372612118721,0.0916372612118721,26594,0.0,0.0
2004-07-19 00:00:00-03:00,0.09039873322177613,0.09225653856992722,0.09039873322177613,0.09225653856992722,43743,0.0,0.0
2004-07-20 00:00:00-03:00,0.09287482043735945,0.100800303444114,0.09287482043735945,0.10030508041381836,310065,0.0,0.0
2004-07-21 00:00:00-03:00,0.10030508399047912,0.10278216749429703,0.10030508399047912,0.10278216749429703,129488,0.0,0.0
2004-07-22 00:00:00-03:00,0.10402071031845843,0.10649681091308594,0.10278216855378251,0.10649681091308594,90634,0.0,0.0
2004-07-23 00:00:00-03:00,0.09906654059886932,0.10649680805262667,0.09906654059886932,0.09906654059886932,0,0.0,0.0
2004-07-26 00:00:00-03:00,0.09782899171113968,0.10525826909031213,0.09782899171113968,0.09782899171113968,0,0.0,0.0
2004-07-27 00:00:00-03:00,0.09906654059886932,0.10649680805262667,0.09906654059886932,0.09906654059886932,0,0.0,0.0
2004-07-28 00:00:00-03:00,0.1052582710981369,0.1052582710981369,0.1052582710981369,0.1052582710981369,23851,0.0,0.0
2004-07-29 00:00:00-03:00,0.10525826914841001,0.10649681091308594,0.10525826914841001,0.10649681091308594,102560,0.0,0.0
2004-07-30 00:00:00-03:00,0.10525826914841001,0.10649681091308594,0.10525826914841001,0.10649681091308594,39751,0.0,0.0
2004-08-02 00:00:00-03:00,0.09906654059886932,0.10525826632121744,0.09906654059886932,0.09906654059886932,0,0.0,0.0
2004-08-03 00:00:00-03:00,0.10773535072803497,0.10773535072803497,0.10773535072803497,0.10773535072803497,23851,0.0,0.0
2004-08-04 00:00:00-03:00,0.10463997930708761,0.10773535072803497,0.10463997930708761,0.10773535072803497,139926,0.0,0.0
2004-08-05 00:00:00-03:00,0.10773534870869002,0.10897388309240341,0.10773534870869002,0.10897388309240341,52472,0.0,0.0
2004-08-06 00:00:00-03:00,0.1083546131849289,0.1083546131849289,0.1083546131849289,0.1083546131849289,19080,0.0,0.0
2004-08-09 00:00:00-03:00,0.10278216749429703,0.10773535156721861,0.10278216749429703,0.10278216749429703,0,0.0,0.0
2004-08-10 00:00:00-03:00,0.10711607985690419,0.10773535072803497,0.10711607985690419,0.10773535072803497,275083,0.0,0.0
2004-08-11 00:00:00-03:00,0.10278216749429703,0.10649680981530966,0.10278216749429703,0.10278216749429703,0,0.0,0.0
2004-08-12 00:00:00-03:00,0.10649681091308594,0.10649681091308594,0.10649681091308594,0.10649681091308594,9540,0.0,0.0
2004-08-13 00:00:00-03:00,0.10525826914841001,0.10649681091308594,0.10525826914841001,0.10649681091308594,42932,0.0,0.0
2004-08-16 00:00:00-03:00,0.10649681091308594,0.10649681091308594,0.10649681091308594,0.10649681091308594,0,0.0,0.0
2004-08-17 00:00:00-03:00,0.10340144135145282,0.1052582710981369,0.10340144135145282,0.1052582710981369,117665,0.0,0.0
2004-08-18 00:00:00-03:00,0.1052582710981369,0.1052582710981369,0.1052582710981369,0.1052582710981369,15900,0.0,0.0
2004-08-19 00:00:00-03:00,0.1052582710981369,0.1052582710981369,0.1052582710981369,0.1052582710981369,11925,0.0,0.0
2004-08-20 00:00:00-03:00,0.1045159325003624,0.1045159325003624,0.1045159325003624,0.1045159325003624,9540,0.0,0.0
2004-08-23 00:00:00-03:00,0.1045159325003624,0.1045159325003624,0.1045159325003624,0.1045159325003624,22261,0.0,0.0
2004-08-24 00:00:00-03:00,0.10451593148005359,0.10773535072803497,0.10451593148005359,0.10773535072803497,90992,0.0,0.0
2004-08-25 00:00:00-03:00,0.1064968089857734,0.10773535072803497,0.1064968089857734,0.10773535072803497,29853,0.0,0.0
2004-08-26 00:00:00-03:00,0.10649680698964314,0.10897388309240341,0.10649680698964314,0.10897388309240341,152607,0.0,0.0
2004-08-27 00:00:00-03:00,0.1083546131849289,0.1083546131849289,0.1083546131849289,0.1083546131849289,9580,0.0,0.0
2004-08-30 00:00:00-03:00,0.10773534870869002,0.10897388309240341,0.10773534870869002,0.10897388309240341,107688,0.0,0.0
2004-08-31 00:00:00-03:00,0.1083546131849289,0.1083546131849289,0.1083546131849289,0.1083546131849289,15900,0.0,0.0
2004-09-01 00:00:00-03:00,0.1083546131849289,0.1083546131849289,0.1083546131849289,0.1083546131849289,15900,0.0,0.0
2004-09-02 00:00:00-03:00,0.10897388612395487,0.11144998669624329,0.10835461524720388,0.11144998669624329,92264,0.0,0.0
2004-09-03 00:00:00-03:00,0.11144998290343626,0.11392706632614136,0.11144998290343626,0.11392706632614136,79503,0.0,0.0
2004-09-06 00:00:00-03:00,0.11640415340662003,0.11640415340662003,0.1139270699060774,0.11640415340662003,51677,0.0,0.0
2004-09-07 00:00:00-03:00,0.11516561359167099,0.11516561359167099,0.11516561359167099,0.11516561359167099,32612,0.0,0.0
2004-09-08 00:00:00-03:00,0.11454634270612868,0.11516561359167099,0.11454634270612868,0.11516561359167099,23851,0.0,0.0
2004-09-09 00:00:00-03:00,0.1139270699060774,0.11640415340662003,0.1139270699060774,0.11640415340662003,59627,0.0,0.0
2004-09-10 00:00:00-03:00,0.11516561359167099,0.11516561359167099,0.11516561359167099,0.11516561359167099,11925,0.0,0.0
2004-09-13 00:00:00-03:00,0.11392706739544253,0.11764170229434967,0.11392706739544253,0.11764170229434967,143107,0.0,0.0
2004-09-14 00:00:00-03:00,0.11764170229434967,0.11764170229434967,0.11764170229434967,0.11764170229434967,23851,0.0,0.0
2004-09-15 00:00:00-03:00,0.11764170229434967,0.11764170229434967,0.11764170229434967,0.11764170229434967,8745,0.0,0.0
2004-09-16 00:00:00-03:00,0.11764170585392277,0.12011878937482834,0.11764170585392277,0.12011878937482834,51677,0.0,0.0
2004-09-17 00:00:00-03:00,0.12011879041481845,0.12383343279361725,0.12011879041481845,0.12383343279361725,54857,0.0,0.0
2004-09-20 00:00:00-03:00,0.11516561359167099,0.12259587394811548,0.11516561359167099,0.11516561359167099,0,0.0,0.0
2004-09-21 00:00:00-03:00,0.12259587015977715,0.12631051242351532,0.12259587015977715,0.12631051242351532,25838,0.0,0.0
2004-09-22 00:00:00-03:00,0.1238334289578905,0.12631051242351532,0.1238334289578905,0.12631051242351532,50882,0.0,0.0
2004-09-23 00:00:00-03:00,0.12383342526971547,0.1287875920534134,0.12383342526971547,0.1287875920534134,67578,0.0,0.0
2004-09-24 00:00:00-03:00,0.12754905223846436,0.12754905223846436,0.12754905223846436,0.12754905223846436,15900,0.0,0.0
2004-09-27 00:00:00-03:00,0.12631051242351532,0.12631051242351532,0.12631051242351532,0.12631051242351532,39751,0.0,0.0
2004-09-28 00:00:00-03:00,0.12631051863712725,0.13126368820667267,0.12631051863712725,0.13126368820667267,68635,0.0,0.0
2004-09-29 00:00:00-03:00,0.1287876022246076,0.13126368820667267,0.1287876022246076,0.13126368820667267,46072,0.0,0.0
2004-09-30 00:00:00-03:00,0.13126368005713632,0.13621686398983002,0.13126368005713632,0.13621686398983002,47702,0.0,0.0
2004-10-01 00:00:00-03:00,0.13621686398983002,0.13621686398983002,0.13621686398983002,0.13621686398983002,74232,0.0,0.0
2004-10-04 00:00:00-03:00,0.12259587805638272,0.13002514839172363,0.12259587805638272,0.13002514839172363,269255,0.0,0.0
2004-10-05 00:00:00-03:00,0.13002514839172363,0.13002514839172363,0.13002514839172363,0.13002514839172363,11925,0.0,0.0
2004-10-06 00:00:00-03:00,0.1287875920534134,0.1287875920534134,0.1287875920534134,0.1287875920534134,0,0.0,0.0
2004-10-07 00:00:00-03:00,0.1287875920534134,0.1287875920534134,0.1287875920534134,0.1287875920534134,7950,0.0,0.0
2004-10-08 00:00:00-03:00,0.12631051242351532,0.12631051242351532,0.12631051242351532,0.12631051242351532,0,0.0,0.0
2004-10-11 00:00:00-03:00,0.12631051242351532,0.12631051242351532,0.12631051242351532,0.12631051242351532,0,0.0,0.0
2004-10-12 00:00:00-03:00,0.12383342526971547,0.1287875920534134,0.12383342526971547,0.1287875920534134,75528,0.0,0.0
2004-10-13 00:00:00-03:00,0.12878759841359674,0.13374076783657074,0.12878759841359674,0.13374076783657074,122936,0.0,0.0
2004-10-14 00:00:00-03:00,0.13621686398983002,0.13621686398983002,0.13374076349082636,0.13621686398983002,174908,0.0,0.0
2004-10-15 00:00:00-03:00,0.13621686862869944,0.1424085944890976,0.13621686862869944,0.1424085944890976,536651,0.0,0.0
2004-10-18 00:00:00-03:00,0.13869395214674665,0.1424085944890976,0.13869395214674665,0.1424085944890976,72602,0.0,0.0
2004-10-19 00:00:00-03:00,0.14240859066742342,0.14488567411899567,0.14240859066742342,0.14488567411899567,15900,0.0,0.0
2004-10-20 00:00:00-03:00,0.1325022280216217,0.14488567990459392,0.1325022280216217,0.1325022280216217,0,0.0,0.0
2004-10-21 00:00:00-03:00,0.1436471405095562,0.14860031008720398,0.1436471405095562,0.14860031008720398,92224,0.0,0.0
2004-10-22 00:00:00-03:00,0.14860031008720398,0.14860031008720398,0.14860031008720398,0.14860031008720398,0,0.0,0.0
2004-10-25 00:00:00-03:00,0.1461242139339447,0.1461242139339447,0.1461242139339447,0.1461242139339447,7950,0.0,0.0
2004-10-26 00:00:00-03:00,0.13374076783657074,0.14612421953803348,0.13374076783657074,0.13374076783657074,0,0.0,0.0
2004-10-27 00:00:00-03:00,0.1461242139339447,0.1461242139339447,0.1461242139339447,0.1461242139339447,27826,0.0,0.0
2004-10-28 00:00:00-03:00,0.13869395852088928,0.1448856846658488,0.13869395852088928,0.13869395852088928,0,0.0,0.0
2004-10-29 00:00:00-03:00,0.14488567411899567,0.14488567411899567,0.14488567411899567,0.14488567411899567,0,0.0,0.0
2004-11-01 00:00:00-03:00,0.1386939502697069,0.14364713430404663,0.13621686678518377,0.14364713430404663,118508,0.0,0.0
2004-11-02 00:00:00-03:00,0.1436471286678956,0.14736275374889374,0.1436471286678956,0.14736275374889374,21863,0.0,0.0
2004-11-03 00:00:00-03:00,0.14240859699688427,0.14240859699688427,0.1362168710274511,0.14117103815078735,99157,0.0,0.0
2004-11-04 00:00:00-03:00,0.14117103815078735,0.14117103815078735,0.14117103815078735,0.14117103815078735,7155,0.0,0.0
2004-11-05 00:00:00-03:00,0.14117103815078735,0.14117103815078735,0.14117103815078735,0.14117103815078735,1590,0.0,0.0
2004-11-08 00:00:00-03:00,0.13002514839172363,0.14117104177026188,0.13002514839172363,0.13002514839172363,0,0.0,0.0
2004-11-09 00:00:00-03:00,0.13993249833583832,0.13993249833583832,0.13993249833583832,0.13993249833583832,0,0.0,0.0
2004-11-10 00:00:00-03:00,0.13869395852088928,0.13869395852088928,0.13869395852088928,0.13869395852088928,0,0.0,0.0
2004-11-11 00:00:00-03:00,0.13745540380477905,0.13745540380477905,0.13745540380477905,0.13745540380477905,0,0.0,0.0
2004-11-12 00:00:00-03:00,0.12383343279361725,0.13869395350760386,0.12383343279361725,0.12383343279361725,0,0.0,0.0
2004-11-15 00:00:00-03:00,0.11764170229434967,0.1349793058759824,0.11764170229434967,0.11764170229434967,0,0.0,0.0
2004-11-16 00:00:00-03:00,0.11764170229434967,0.1300251389840732,0.11764170229434967,0.11764170229434967,0,0.0,0.0
2004-11-17 00:00:00-03:00,0.13621686398983002,0.13621686398983002,0.13621686398983002,0.13621686398983002,0,0.0,0.0
2004-11-18 00:00:00-03:00,0.14117103815078735,0.14117103815078735,0.14117103815078735,0.14117103815078735,0,0.0,0.0
2004-11-19 00:00:00-03:00,0.11144998669624329,0.1374554097749212,0.11144998669624329,0.11144998669624329,0,0.0,0.0
2004-11-22 00:00:00-03:00,0.12383343279361725,0.12383343279361725,0.12259587395717066,0.12383343279361725,87454,0.0,0.0
2004-11-23 00:00:00-03:00,0.1213573266022019,0.12754905223846436,0.1213573266022019,0.12754905223846436,58824,0.0,0.0
2004-11-24 00:00:00-03:00,0.1213573266022019,0.12754905223846436,0.1213573266022019,0.12754905223846436,79503,0.0,0.0
2004-11-25 00:00:00-03:00,0.11516561359167099,0.12135733217703086,0.11516561359167099,0.11516561359167099,0,0.0,0.0
2004-11-26 00:00:00-03:00,0.11764170229434967,0.12631051142049957,0.11764170229434967,0.11764170229434967,0,0.0,0.0
2004-11-29 00:00:00-03:00,0.1213573266022019,0.12754905223846436,0.1213573266022019,0.12754905223846436,93997,0.0,0.0
2004-11-30 00:00:00-03:00,0.12754905223846436,0.12754905223846436,0.12754905223846436,0.12754905223846436,0,0.0,0.0
2004-12-01 00:00:00-03:00,0.12507197260856628,0.12507197260856628,0.12507197260856628,0.12507197260856628,0,0.0,0.0
2004-12-02 00:00:00-03:00,0.12507197260856628,0.12507197260856628,0.12507197260856628,0.12507197260856628,11130,0.0,0.0
2004-12-03 00:00:00-03:00,0.12507197260856628,0.12507197260856628,0.12507197260856628,0.12507197260856628,0,0.0,0.0
2004-12-06 00:00:00-03:00,0.12631051242351532,0.12631051242351532,0.12631051242351532,0.12631051242351532,0,0.0,0.0
2004-12-07 00:00:00-03:00,0.12383343279361725,0.12383343279361725,0.12383343279361725,0.12383343279361725,0,0.0,0.0
2004-12-08 00:00:00-03:00,0.12383343279361725,0.12383343279361725,0.12383343279361725,0.12383343279361725,0,0.0,0.0
2004-12-09 00:00:00-03:00,0.12754905223846436,0.12754905223846436,0.12754905223846436,0.12754905223846436,11925,0.0,0.0
2004-12-10 00:00:00-03:00,0.12507197260856628,0.12631051436037058,0.12507197260856628,0.12507197260856628,7950,0.0,0.0
2004-12-13 00:00:00-03:00,0.12507197260856628,0.12507197260856628,0.12507197260856628,0.12507197260856628,0,0.0,0.0
2004-12-14 00:00:00-03:00,0.12383343279361725,0.12383343279361725,0.12383343279361725,0.12383343279361725,0,0.0,0.0
2004-12-15 00:00:00-03:00,0.12383343279361725,0.12383343279361725,0.12383343279361725,0.12383343279361725,0,0.0,0.0
2004-12-16 00:00:00-03:00,0.12507197260856628,0.12507197260856628,0.12507197260856628,0.12507197260856628,0,0.0,0.0
2004-12-17 00:00:00-03:00,0.1238334289578905,0.12631051242351532,0.1238334289578905,0.12631051242351532,23851,0.0,0.0
2004-12-20 00:00:00-03:00,0.12383343279361725,0.12383343279361725,0.12383343279361725,0.12383343279361725,0,0.0,0.0
2004-12-21 00:00:00-03:00,0.1052582710981369,0.12383343443750786,0.1052582710981369,0.1052582710981369,0,0.0,0.0
2004-12-22 00:00:00-03:00,0.1052582710981369,0.12383343443750786,0.1052582710981369,0.1052582710981369,0,0.0,0.0
2004-12-23 00:00:00-03:00,0.12383342709589631,0.12754905223846436,0.12383342709589631,0.12754905223846436,31801,0.0,0.0
2004-12-24 00:00:00-03:00,0.12754905223846436,0.12754905223846436,0.12754905223846436,0.12754905223846436,0,0.0,0.0
2004-12-27 00:00:00-03:00,0.12383343279361725,0.12631051633596946,0.12383343279361725,0.12383343279361725,0,0.0,0.0
2004-12-28 00:00:00-03:00,0.11764170396798494,0.12135732918977737,0.11516561075682884,0.12135732918977737,104945,0.0,0.0
2004-12-29 00:00:00-03:00,0.10773535072803497,0.1201187876105703,0.10773535072803497,0.10773535072803497,0,0.0,0.0
2004-12-30 00:00:00-03:00,0.11392706632614136,0.11949951375721236,0.11392706632614136,0.11392706632614136,0,0.0,0.0
2004-12-31 00:00:00-03:00,0.12135732918977737,0.12135732918977737,0.12135732918977737,0.12135732918977737,0,0.0,0.0
2005-01-03 00:00:00-03:00,0.12011878744917989,0.12135732918977737,0.12011878744917989,0.12135732918977737,79503,0.0,0.0
2005-01-04 00:00:00-03:00,0.12135732481253629,0.1287875920534134,0.11764169972476286,0.1287875920534134,506352,0.0,0.0
2005-01-05 00:00:00-03:00,0.11578488349914551,0.1238334317384145,0.11578488349914551,0.11578488349914551,0,0.0,0.0
2005-01-06 00:00:00-03:00,0.11578488349914551,0.1238334317384145,0.11578488349914551,0.11578488349914551,0,0.0,0.0
2005-01-07 00:00:00-03:00,0.1238334350496469,0.13126368820667267,0.1238334350496469,0.13126368820667267,214660,0.0,0.0
2005-01-10 00:00:00-03:00,0.1238334289578905,0.12631051242351532,0.11888024496133993,0.12631051242351532,143107,0.0,0.0
2005-01-11 00:00:00-03:00,0.12631051242351532,0.12631051242351532,0.12631051242351532,0.12631051242351532,15900,0.0,0.0
2005-01-12 00:00:00-03:00,0.12754905223846436,0.12754905223846436,0.12754905223846436,0.12754905223846436,11925,0.0,0.0
2005-01-13 00:00:00-03:00,0.1188802495598793,0.12631051730947315,0.1188802495598793,0.1188802495598793,0,0.0,0.0
2005-01-14 00:00:00-03:00,0.11516561359167099,0.12754905809772452,0.11516561359167099,0.11516561359167099,0,0.0,0.0
2005-01-17 00:00:00-03:00,0.11764170229434967,0.12631051142049957,0.11764170229434967,0.11764170229434967,0,0.0,0.0
2005-01-18 00:00:00-03:00,0.11764170687246625,0.12383343279361725,0.11764170687246625,0.12383343279361725,71553,0.0,0.0
2005-01-19 00:00:00-03:00,0.11640415340662003,0.12259587188792997,0.11640415340662003,0.11640415340662003,0,0.0,0.0
2005-01-20 00:00:00-03:00,0.11640415340662003,0.12135733013765868,0.11640415340662003,0.11640415340662003,0,0.0,0.0
2005-01-21 00:00:00-03:00,0.11640415249742632,0.12135732918977737,0.11640415249742632,0.12135732918977737,43727,0.0,0.0
2005-01-24 00:00:00-03:00,0.12011878937482834,0.12011878937482834,0.12011878937482834,0.12011878937482834,0,0.0,0.0
2005-01-25 00:00:00-03:00,0.12011878937482834,0.12011878937482834,0.12011878937482834,0.12011878937482834,0,0.0,0.0
2005-01-26 00:00:00-03:00,0.12011878937482834,0.12011878937482834,0.12011878937482834,0.12011878937482834,0,0.0,0.0
2005-01-27 00:00:00-03:00,0.12011878937482834,0.12011878937482834,0.12011878937482834,0.12011878937482834,8745,0.0,0.0
2005-01-28 00:00:00-03:00,0.1188802495598793,0.1188802495598793,0.1188802495598793,0.1188802495598793,11925,0.0,0.0
2005-01-31 00:00:00-03:00,0.12011878937482834,0.12011878937482834,0.12011878937482834,0.12011878937482834,0,0.0,0.0
2005-02-01 00:00:00-03:00,0.1188802495598793,0.1188802495598793,0.1188802495598793,0.1188802495598793,0,0.0,0.0
2005-02-02 00:00:00-03:00,0.11144998669624329,0.11888024694720581,0.11144998669624329,0.11144998669624329,0,0.0,0.0
2005-02-03 00:00:00-03:00,0.1188802495598793,0.1188802495598793,0.1188802495598793,0.1188802495598793,0,0.0,0.0
2005-02-04 00:00:00-03:00,0.1188802495598793,0.1188802495598793,0.1188802495598793,0.1188802495598793,8347,0.0,0.0
2005-02-07 00:00:00-03:00,0.11640415340662003,0.12011878838738736,0.11640415340662003,0.11640415340662003,15900,0.0,0.0
2005-02-08 00:00:00-03:00,0.11640415537135346,0.12383343279361725,0.11640415537135346,0.12383343279361725,83876,0.0,0.0
2005-02-09 00:00:00-03:00,0.11764170396798494,0.12135732918977737,0.11764170396798494,0.12135732918977737,47702,0.0,0.0
2005-02-10 00:00:00-03:00,0.12135733113528113,0.12135733113528113,0.11764170585392277,0.12011878937482834,107409,0.0,0.0
2005-02-11 00:00:00-03:00,0.12011878937482834,0.12011878937482834,0.12011878937482834,0.12011878937482834,24264,0.0,0.0
2005-02-14 00:00:00-03:00,0.12135732918977737,0.12135732918977737,0.12135732918977737,0.12135732918977737,24646,0.0,0.0
2005-02-15 00:00:00-03:00,0.11949951946735382,0.11949951946735382,0.11949951946735382,0.11949951946735382,0,0.0,0.0
2005-02-16 00:00:00-03:00,0.11949951946735382,0.11949951946735382,0.11949951946735382,0.11949951946735382,8745,0.0,0.0
2005-02-17 00:00:00-03:00,0.11268852651119232,0.1194995157682361,0.11268852651119232,0.11268852651119232,0,0.0,0.0
2005-02-18 00:00:00-03:00,0.11949951946735382,0.11949951946735382,0.11949951946735382,0.11949951946735382,8745,0.0,0.0
2005-02-21 00:00:00-03:00,0.11764170777915749,0.1188802495598793,0.11764170777915749,0.1188802495598793,24646,0.0,0.0
2005-02-22 00:00:00-03:00,0.11764170229434967,0.11764170229434967,0.11764170229434967,0.11764170229434967,0,0.0,0.0
2005-02-23 00:00:00-03:00,0.12011878937482834,0.12011878937482834,0.12011878937482834,0.12011878937482834,16695,0.0,0.0
2005-02-24 00:00:00-03:00,0.11268852651119232,0.12011878663433391,0.11268852651119232,0.11268852651119232,0,0.0,0.0
2005-02-25 00:00:00-03:00,0.1164041562685066,0.1188802495598793,0.1164041562685066,0.1188802495598793,48497,0.0,0.0
2005-02-28 00:00:00-03:00,0.11516561359167099,0.11888024863486162,0.11516561359167099,0.11516561359167099,0,0.0,0.0
2005-03-01 00:00:00-03:00,0.11144998669624329,0.11949951782395678,0.11144998669624329,0.11144998669624329,0,0.0,0.0
2005-03-02 00:00:00-03:00,0.1188802495598793,0.1188802495598793,0.1188802495598793,0.1188802495598793,9142,0.0,0.0
2005-03-03 00:00:00-03:00,0.1188802495598793,0.1188802495598793,0.1188802495598793,0.1188802495598793,0,0.0,0.0
2005-03-04 00:00:00-03:00,0.11949951946735382,0.11949951946735382,0.11949951946735382,0.11949951946735382,0,0.0,0.0
2005-03-07 00:00:00-03:00,0.12011878937482834,0.12011878937482834,0.12011878937482834,0.12011878937482834,0,0.0,0.0
2005-03-08 00:00:00-03:00,0.11888024761437554,0.12011878937482834,0.11888024761437554,0.12011878937482834,7950,0.0,0.0
2005-03-09 00:00:00-03:00,0.11516561359167099,0.11764170686377699,0.11516561359167099,0.11516561359167099,7950,0.0,0.0
2005-03-10 00:00:00-03:00,0.12011878937482834,0.12011878937482834,0.12011878937482834,0.12011878937482834,0,0.0,0.0
2005-03-11 00:00:00-03:00,0.12011878937482834,0.12011878937482834,0.12011878937482834,0.12011878937482834,0,0.0,0.0
2005-03-14 00:00:00-03:00,0.12011878937482834,0.12011878937482834,0.12011878937482834,0.12011878937482834,0,0.0,0.0
2005-03-15 00:00:00-03:00,0.12011878937482834,0.12011878937482834,0.12011878937482834,0.12011878937482834,0,0.0,0.0
2005-03-16 00:00:00-03:00,0.12011878937482834,0.12011878937482834,0.12011878937482834,0.12011878937482834,0,0.0,0.0
2005-03-17 00:00:00-03:00,0.12011878937482834,0.12011878937482834,0.12011878937482834,0.12011878937482834,0,0.0,0.0
2005-03-18 00:00:00-03:00,0.11826097220182419,0.11826097220182419,0.11826097220182419,0.11826097220182419,0,0.0,0.0
2005-03-21 00:00:00-03:00,0.11764170229434967,0.11764170229434967,0.11764170229434967,0.11764170229434967,0,0.0,0.0
2005-03-22 00:00:00-03:00,0.12011878937482834,0.12011878937482834,0.12011878937482834,0.12011878937482834,0,0.0,0.0
2005-03-23 00:00:00-03:00,0.1188802495598793,0.1188802495598793,0.1188802495598793,0.1188802495598793,0,0.0,0.0
2005-03-24 00:00:00-03:00,0.1188802495598793,0.1188802495598793,0.1188802495598793,0.1188802495598793,0,0.0,0.0
2005-03-25 00:00:00-03:00,0.1188802495598793,0.1188802495598793,0.1188802495598793,0.1188802495598793,0,0.0,0.0
2005-03-28 00:00:00-03:00,0.12011878937482834,0.12011878937482834,0.12011878937482834,0.12011878937482834,0,0.0,0.0
2005-03-29 00:00:00-03:00,0.12011878937482834,0.12011878937482834,0.12011878937482834,0.12011878937482834,0,0.0,0.0
2005-03-30 00:00:00-03:00,0.1188802495598793,0.1188802495598793,0.1188802495598793,0.1188802495598793,0,0.0,0.0
2005-03-31 00:00:00-03:00,0.1188802495598793,0.1188802495598793,0.1188802495598793,0.1188802495598793,0,0.0,0.0
2005-04-01 00:00:00-03:00,0.1188802495598793,0.1188802495598793,0.1188802495598793,0.1188802495598793,0,0.0,0.0
2005-04-04 00:00:00-03:00,0.12011878937482834,0.12011878937482834,0.12011878937482834,0.12011878937482834,0,0.0,0.0
2005-04-05 00:00:00-03:00,0.12011878937482834,0.12011878937482834,0.12011878937482834,0.12011878937482834,0,0.0,0.0
2005-04-06 00:00:00-03:00,0.11764170229434967,0.11764170229434967,0.11764170229434967,0.11764170229434967,0,0.0,0.0
2005-04-07 00:00:00-03:00,0.11764170229434967,0.11764170229434967,0.11764170229434967,0.11764170229434967,0,0.0,0.0
2005-04-08 00:00:00-03:00,0.11764170229434967,0.11764170229434967,0.11764170229434967,0.11764170229434967,0,0.0,0.0
2005-04-11 00:00:00-03:00,0.11516561359167099,0.11516561359167099,0.11516561359167099,0.11516561359167099,0,0.0,0.0
2005-04-12 00:00:00-03:00,0.11144998669624329,0.11144998669624329,0.11144998669624329,0.11144998669624329,0,0.0,0.0
2005-04-13 00:00:00-03:00,0.08668310195207596,0.10773534745644375,0.08668310195207596,0.08668310195207596,0,0.0,0.0
2005-04-14 00:00:00-03:00,0.11144998669624329,0.11144998669624329,0.11144998669624329,0.11144998669624329,0,0.0,0.0
2005-04-15 00:00:00-03:00,0.09906654059886932,0.10525826632121744,0.09906654059886932,0.09906654059886932,0,0.0,0.0
2005-04-18 00:00:00-03:00,0.11144998669624329,0.11144998669624329,0.11144998669624329,0.11144998669624329,0,0.0,0.0
2005-04-19 00:00:00-03:00,0.11144998669624329,0.11144998669624329,0.11144998669624329,0.11144998669624329,0,0.0,0.0
2005-04-20 00:00:00-03:00,0.11144998669624329,0.11144998669624329,0.11144998669624329,0.11144998669624329,0,0.0,0.0
2005-04-21 00:00:00-03:00,0.08668310195207596,0.10525826404714202,0.08668310195207596,0.08668310195207596,0,0.0,0.0
2005-04-22 00:00:00-03:00,0.11144998669624329,0.11144998669624329,0.11144998669624329,0.11144998669624329,0,0.0,0.0
2005-04-25 00:00:00-03:00,0.07429966330528259,0.11144999009296357,0.07429966330528259,0.07429966330528259,0,0.0,0.0
2005-04-26 00:00:00-03:00,0.09906654059886932,0.11144998470823202,0.09906654059886932,0.09906654059886932,0,0.0,0.0
2005-04-27 00:00:00-03:00,0.09535190463066101,0.11144998348796127,0.09535190463066101,0.09535190463066101,0,0.0,0.0
2005-04-28 00:00:00-03:00,0.11144998669624329,0.11144998669624329,0.11144998669624329,0.11144998669624329,0,0.0,0.0
2005-04-29 00:00:00-03:00,0.09782899271782133,0.10761129856109619,0.09782899271782133,0.10761129856109619,121823,0.0,0.0
2005-05-02 00:00:00-03:00,0.0978289908747953,0.10711608082056046,0.0978289908747953,0.10711608082056046,149141,0.0,0.0
2005-05-03 00:00:00-03:00,0.09906654039386134,0.10402070730924606,0.09906654039386134,0.10402070730924606,52814,0.0,0.0
2005-05-04 00:00:00-03:00,0.1046399812007964,0.10649681091308594,0.1046399812007964,0.10649681091308594,33391,0.0,0.0
2005-05-05 00:00:00-03:00,0.09287482500076294,0.10897388745245326,0.09287482500076294,0.09287482500076294,0,0.0,0.0
2005-05-06 00:00:00-03:00,0.09287482500076294,0.10525826948198409,0.09287482500076294,0.09287482500076294,0,0.0,0.0
2005-05-09 00:00:00-03:00,0.08792164921760559,0.10525827070452945,0.08792164921760559,0.08792164921760559,0,0.0,0.0
2005-05-10 00:00:00-03:00,0.08792164921760559,0.10525827070452945,0.08792164921760559,0.08792164921760559,0,0.0,0.0
2005-05-11 00:00:00-03:00,0.10649680606449256,0.10959315299987793,0.10587753521034882,0.10959315299987793,98179,0.0,0.0
2005-05-12 00:00:00-03:00,0.09039872884750366,0.10773534957956922,0.09039872884750366,0.09039872884750366,0,0.0,0.0
2005-05-13 00:00:00-03:00,0.08792164921760559,0.10649681248751576,0.08792164921760559,0.08792164921760559,0,0.0,0.0
2005-05-16 00:00:00-03:00,0.1102124278774568,0.11144998669624329,0.1102124278774568,0.11144998669624329,28056,0.0,0.0
2005-05-17 00:00:00-03:00,0.09287482500076294,0.10525826948198409,0.09287482500076294,0.09287482500076294,0,0.0,0.0
2005-05-18 00:00:00-03:00,0.10897388309240341,0.10897388309240341,0.10897388309240341,0.10897388309240341,0,0.0,0.0
2005-05-19 00:00:00-03:00,0.10897388309240341,0.10897388309240341,0.10897388309240341,0.10897388309240341,0,0.0,0.0
2005-05-20 00:00:00-03:00,0.11392706632614136,0.11392706632614136,0.11392706632614136,0.11392706632614136,0,0.0,0.0
2005-05-23 00:00:00-03:00,0.1120692566037178,0.1120692566037178,0.1120692566037178,0.1120692566037178,11925,0.0,0.0
2005-05-24 00:00:00-03:00,0.11392706632614136,0.11392706632614136,0.11392706632614136,0.11392706632614136,0,0.0,0.0
2005-05-25 00:00:00-03:00,0.11392706632614136,0.11392706632614136,0.11392706632614136,0.11392706632614136,0,0.0,0.0
2005-05-26 00:00:00-03:00,0.1120692566037178,0.1120692566037178,0.1120692566037178,0.1120692566037178,0,0.0,0.0
2005-05-27 00:00:00-03:00,0.1120692566037178,0.1120692566037178,0.1120692566037178,0.1120692566037178,0,0.0,0.0
2005-05-30 00:00:00-03:00,0.11392706632614136,0.11392706632614136,0.11392706632614136,0.11392706632614136,0,0.0,0.0
2005-05-31 00:00:00-03:00,0.10278216749429703,0.11206925742885204,0.10278216749429703,0.10278216749429703,0,0.0,0.0
2005-06-01 00:00:00-03:00,0.10278216749429703,0.11268852830480651,0.10278216749429703,0.10278216749429703,0,0.0,0.0
2005-06-02 00:00:00-03:00,0.10278216749429703,0.11144998655289756,0.10278216749429703,0.10278216749429703,0,0.0,0.0
2005-06-03 00:00:00-03:00,0.10278216749429703,0.10773535156721861,0.10278216749429703,0.10278216749429703,0,0.0,0.0
2005-06-06 00:00:00-03:00,0.10773535072803497,0.10773535072803497,0.10773535072803497,0.10773535072803497,0,0.0,0.0
2005-06-07 00:00:00-03:00,0.11392706632614136,0.11392706632614136,0.11392706632614136,0.11392706632614136,0,0.0,0.0
2005-06-08 00:00:00-03:00,0.11392706632614136,0.11392706632614136,0.11392706632614136,0.11392706632614136,0,0.0,0.0
2005-06-09 00:00:00-03:00,0.10773535072803497,0.10773535072803497,0.10773535072803497,0.10773535072803497,0,0.0,0.0
2005-06-10 00:00:00-03:00,0.11144998669624329,0.11144998669624329,0.11144998669624329,0.11144998669624329,0,0.0,0.0
2005-06-13 00:00:00-03:00,0.10773535072803497,0.10773535072803497,0.10773535072803497,0.10773535072803497,0,0.0,0.0
2005-06-14 00:00:00-03:00,0.10773535072803497,0.10773535072803497,0.10773535072803497,0.10773535072803497,0,0.0,0.0
2005-06-15 00:00:00-03:00,0.10649681091308594,0.10649681091308594,0.10649681091308594,0.10649681091308594,0,0.0,0.0
2005-06-16 00:00:00-03:00,0.10649681091308594,0.10649681091308594,0.10649681091308594,0.10649681091308594,0,0.0,0.0
2005-06-17 00:00:00-03:00,0.09287482500076294,0.11144998805492777,0.09287482500076294,0.09287482500076294,0,0.0,0.0
2005-06-20 00:00:00-03:00,0.09287482500076294,0.09287482500076294,0.09287482500076294,0.09287482500076294,0,0.0,0.0
2005-06-21 00:00:00-03:00,0.09287482500076294,0.10649681125058508,0.09287482500076294,0.09287482500076294,0,0.0,0.0
2005-06-22 00:00:00-03:00,0.10154362587299234,0.11144998669624329,0.10154362587299234,0.11144998669624329,222610,0.0,0.0
2005-06-23 00:00:00-03:00,0.09906654059886932,0.11021242591152074,0.09906654059886932,0.09906654059886932,0,0.0,0.0
2005-06-24 00:00:00-03:00,0.09906654059886932,0.11021242591152074,0.09906654059886932,0.09906654059886932,0,0.0,0.0
2005-06-27 00:00:00-03:00,0.09906654059886932,0.10525826632121744,0.09906654059886932,0.09906654059886932,80163,0.0,0.0
2005-06-28 00:00:00-03:00,0.10897388309240341,0.10897388309240341,0.10897388309240341,0.10897388309240341,83479,0.0,0.0
2005-06-29 00:00:00-03:00,0.09906654146691055,0.10773535072803497,0.09906654146691055,0.10773535072803497,57155,0.0,0.0
2005-06-30 00:00:00-03:00,0.09906654059886932,0.11021242591152074,0.09906654059886932,0.09906654059886932,0,0.0,0.0
2005-07-01 00:00:00-03:00,0.1052582710981369,0.1052582710981369,0.1052582710981369,0.1052582710981369,0,0.0,0.0
2005-07-04 00:00:00-03:00,0.1052582710981369,0.1052582710981369,0.1052582710981369,0.1052582710981369,0,0.0,0.0
2005-07-05 00:00:00-03:00,0.10030508041381836,0.10513519942122238,0.10030508041381836,0.10030508041381836,0,0.0,0.0
2005-07-06 00:00:00-03:00,0.1052582710981369,0.1052582710981369,0.1052582710981369,0.1052582710981369,17490,0.0,0.0
2005-07-07 00:00:00-03:00,0.1052582710981369,0.1052582710981369,0.1052582710981369,0.1052582710981369,0,0.0,0.0
2005-07-08 00:00:00-03:00,0.1052582710981369,0.1052582710981369,0.1052582710981369,0.1052582710981369,0,0.0,0.0
2005-07-11 00:00:00-03:00,0.1052582710981369,0.1052582710981369,0.1052582710981369,0.1052582710981369,0,0.0,0.0
2005-07-12 00:00:00-03:00,0.1052582710981369,0.1052582710981369,0.1052582710981369,0.1052582710981369,0,0.0,0.0
2005-07-13 00:00:00-03:00,0.1052582710981369,0.1052582710981369,0.1052582710981369,0.1052582710981369,9540,0.0,0.0
2005-07-14 00:00:00-03:00,0.10030508041381836,0.10030508041381836,0.10030508041381836,0.10030508041381836,161218,0.0,0.0
2005-07-15 00:00:00-03:00,0.10030508041381836,0.10030508041381836,0.10030508041381836,0.10030508041381836,27174,0.0,0.0
2005-07-18 00:00:00-03:00,0.10216289758682251,0.10216289758682251,0.10216289758682251,0.10216289758682251,35808,0.0,0.0
2005-07-19 00:00:00-03:00,0.09659045178547429,0.10092435777187347,0.09659045178547429,0.10092435777187347,123231,0.0,0.0
2005-07-20 00:00:00-03:00,0.09720972180366516,0.1003050859746192,0.09720972180366516,0.09720972180366516,7950,0.0,0.0
2005-07-21 00:00:00-03:00,0.09287482500076294,0.10278216887950958,0.09287482500076294,0.09287482500076294,26037,0.0,0.0
2005-07-22 00:00:00-03:00,0.09659045189619064,0.09906654520408134,0.09659045189619064,0.09659045189619064,0,0.0,0.0
2005-07-25 00:00:00-03:00,0.09659045178547429,0.10092435777187347,0.09659045178547429,0.10092435777187347,106614,0.0,0.0
2005-07-26 00:00:00-03:00,0.10030508212270753,0.10402070730924606,0.10030508212270753,0.10402070730924606,50087,0.0,0.0
2005-07-27 00:00:00-03:00,0.10402070730924606,0.10402070730924606,0.10402070730924606,0.10402070730924606,0,0.0,0.0
2005-07-28 00:00:00-03:00,0.10649681091308594,0.10649681091308594,0.10649681091308594,0.10649681091308594,11925,0.0,0.0
2005-07-29 00:00:00-03:00,0.1052582710981369,0.1052582710981369,0.1052582710981369,0.1052582710981369,0,0.0,0.0
2005-08-01 00:00:00-03:00,0.1052582710981369,0.1052582710981369,0.1052582710981369,0.1052582710981369,0,0.0,0.0
2005-08-02 00:00:00-03:00,0.10897388309240341,0.10897388309240341,0.10897388309240341,0.10897388309240341,17490,0.0,0.0
2005-08-03 00:00:00-03:00,0.10773535072803497,0.10773535072803497,0.10773535072803497,0.10773535072803497,0,0.0,0.0
2005-08-04 00:00:00-03:00,0.10773535072803497,0.10773535072803497,0.10773535072803497,0.10773535072803497,11074,0.0,0.0
2005-08-05 00:00:00-03:00,0.10773535072803497,0.10773535072803497,0.10773535072803497,0.10773535072803497,0,0.0,0.0
2005-08-08 00:00:00-03:00,0.10649681091308594,0.10649681091308594,0.10649681091308594,0.10649681091308594,0,0.0,0.0
2005-08-09 00:00:00-03:00,0.10030508041381836,0.10711607687173808,0.10030508041381836,0.10030508041381836,0,0.0,0.0
2005-08-10 00:00:00-03:00,0.10649680699756879,0.10649680699756879,0.10637373477220535,0.10637373477220535,49610,0.0,0.0
2005-08-11 00:00:00-03:00,0.1052582710981369,0.1052582710981369,0.1052582710981369,0.1052582710981369,0,0.0,0.0
2005-08-12 00:00:00-03:00,0.09572307765483856,0.10525827083148447,0.09572307765483856,0.09572307765483856,0,0.0,0.0
2005-08-15 00:00:00-03:00,0.09572307765483856,0.09572307765483856,0.09572307765483856,0.09572307765483856,0,0.0,0.0
2005-08-16 00:00:00-03:00,0.10402070730924606,0.10402070730924606,0.10402070730924606,0.10402070730924606,0,0.0,0.0
2005-08-17 00:00:00-03:00,0.10525826527059627,0.10897388309240341,0.10525826527059627,0.10897388309240341,51733,0.0,0.0
2005-08-18 00:00:00-03:00,0.10897388309240341,0.10897388309240341,0.10897388309240341,0.10897388309240341,0,0.0,0.0
2005-08-19 00:00:00-03:00,0.10711608082056046,0.10711608082056046,0.10711608082056046,0.10711608082056046,0,0.0,0.0
2005-08-22 00:00:00-03:00,0.10897388309240341,0.10897388309240341,0.10897388309240341,0.10897388309240341,0,0.0,0.0
2005-08-23 00:00:00-03:00,0.10773535072803497,0.10773535072803497,0.10773535072803497,0.10773535072803497,0,0.0,0.0
2005-08-24 00:00:00-03:00,0.10897388309240341,0.10897388309240341,0.10897388309240341,0.10897388309240341,9937,0.0,0.0
2005-08-25 00:00:00-03:00,0.10773535072803497,0.10773535072803497,0.10773535072803497,0.10773535072803497,5803,0.0,0.0
2005-08-26 00:00:00-03:00,0.10897388309240341,0.10897388309240341,0.10897388309240341,0.10897388309240341,0,0.0,0.0
2005-08-29 00:00:00-03:00,0.09906654059886932,0.10761129462275523,0.09906654059886932,0.09906654059886932,0,0.0,0.0
2005-08-30 00:00:00-03:00,0.09906654059886932,0.10773534978403587,0.09906654059886932,0.09906654059886932,0,0.0,0.0
2005-08-31 00:00:00-03:00,0.10773535072803497,0.10773535072803497,0.10773535072803497,0.10773535072803497,21863,0.0,0.0
2005-09-01 00:00:00-03:00,0.10959315299987793,0.10959315299987793,0.10959315299987793,0.10959315299987793,39751,0.0,0.0
2005-09-02 00:00:00-03:00,0.10897388309240341,0.10897388309240341,0.10897388309240341,0.10897388309240341,0,0.0,0.0
2005-09-05 00:00:00-03:00,0.10897388309240341,0.10897388309240341,0.10897388309240341,0.10897388309240341,0,0.0,0.0
2005-09-06 00:00:00-03:00,0.10773535072803497,0.10773535072803497,0.10773535072803497,0.10773535072803497,0,0.0,0.0
2005-09-07 00:00:00-03:00,0.10773535072803497,0.10773535072803497,0.10773535072803497,0.10773535072803497,0,0.0,0.0
2005-09-08 00:00:00-03:00,0.10649681091308594,0.10649681091308594,0.10649681091308594,0.10649681091308594,0,0.0,0.0
2005-09-09 00:00:00-03:00,0.10773535072803497,0.10773535072803497,0.10773535072803497,0.10773535072803497,0,0.0,0.0
2005-09-12 00:00:00-03:00,0.10637373477220535,0.10637373477220535,0.10637373477220535,0.10637373477220535,0,0.0,0.0
2005-09-13 00:00:00-03:00,0.10761129856109619,0.10761129856109619,0.10761129856109619,0.10761129856109619,0,0.0,0.0
2005-09-14 00:00:00-03:00,0.09498073905706406,0.1052582677185192,0.09498073905706406,0.09498073905706406,0,0.0,0.0
2005-09-15 00:00:00-03:00,0.09535190463066101,0.1052582651687401,0.09535190463066101,0.09535190463066101,0,0.0,0.0
2005-09-16 00:00:00-03:00,0.09498073905706406,0.10773535121422088,0.09498073905706406,0.09498073905706406,0,0.0,0.0
2005-09-19 00:00:00-03:00,0.09498073905706406,0.10773535121422088,0.09498073905706406,0.09498073905706406,0,0.0,0.0
2005-09-20 00:00:00-03:00,0.09374219924211502,0.10402071105021725,0.09374219924211502,0.09374219924211502,15900,0.0,0.0
2005-09-21 00:00:00-03:00,0.09287482500076294,0.10402071064811057,0.09287482500076294,0.09287482500076294,0,0.0,0.0
2005-09-22 00:00:00-03:00,0.10463997721672058,0.10463997721672058,0.10463997721672058,0.10463997721672058,46851,0.0,0.0
2005-09-23 00:00:00-03:00,0.10463997721672058,0.10463997721672058,0.10463997721672058,0.10463997721672058,20424,0.0,0.0
2005-09-26 00:00:00-03:00,0.09906654059886932,0.10402070752450618,0.09906654059886932,0.09906654059886932,1772,0.0,0.0
2005-09-27 00:00:00-03:00,0.1015436238515537,0.10402070730924606,0.1015436238515537,0.10402070730924606,109651,0.0,0.0
2005-09-28 00:00:00-03:00,0.09906654412827935,0.10154362767934799,0.09906654412827935,0.10154362767934799,382755,0.0,0.0
2005-09-29 00:00:00-03:00,0.09906654059886932,0.10129651134449152,0.09906654059886932,0.09906654059886932,0,0.0,0.0
2005-09-30 00:00:00-03:00,0.10154362406168775,0.10154362406168775,0.09906654059886932,0.09906654059886932,45857,0.0,0.0
2005-10-03 00:00:00-03:00,0.09906654059886932,0.09906654059886932,0.09782898913749162,0.09906654059886932,209095,0.0,0.0
2005-10-04 00:00:00-03:00,0.097828992747891,0.09894347935914993,0.09708566669347315,0.09894347935914993,103355,0.0,0.0
2005-10-05 00:00:00-03:00,0.09535190463066101,0.09894347462428375,0.09535190463066101,0.09535190463066101,0,0.0,0.0
2005-10-06 00:00:00-03:00,0.09894347935914993,0.09894347935914993,0.09894347935914993,0.09894347935914993,14708,0.0,0.0
2005-10-07 00:00:00-03:00,0.09659045189619064,0.0989434803071114,0.09659045189619064,0.09659045189619064,0,0.0,0.0
2005-10-10 00:00:00-03:00,0.09659045189619064,0.09659045189619064,0.09659045189619064,0.09659045189619064,0,0.0,0.0
2005-10-11 00:00:00-03:00,0.09782899171113968,0.09782899171113968,0.09782899171113968,0.09782899171113968,79503,0.0,0.0
2005-10-12 00:00:00-03:00,0.09782899171113968,0.09782899171113968,0.09535190818315507,0.09782899171113968,143107,0.0,0.0
2005-10-13 00:00:00-03:00,0.09535190818315507,0.09782899171113968,0.09535190818315507,0.09782899171113968,107370,0.0,0.0
2005-10-14 00:00:00-03:00,0.0965904474060824,0.09906654059886932,0.0965904474060824,0.09906654059886932,484417,0.0,0.0
2005-10-17 00:00:00-03:00,0.10030508590381366,0.10154362767934799,0.10030508590381366,0.10154362767934799,63062,0.0,0.0
2005-10-18 00:00:00-03:00,0.10154362767934799,0.10154362767934799,0.10154362767934799,0.10154362767934799,14223,0.0,0.0
2005-10-19 00:00:00-03:00,0.09411336481571198,0.10080030630447322,0.09411336481571198,0.09411336481571198,9540,0.0,0.0
2005-10-20 00:00:00-03:00,0.10154362767934799,0.10154362767934799,0.10154362767934799,0.10154362767934799,21227,0.0,0.0
2005-10-21 00:00:00-03:00,0.09535190463066101,0.1014195751252933,0.09535190463066101,0.09535190463066101,0,0.0,0.0
2005-10-24 00:00:00-03:00,0.09906654412827935,0.10154362767934799,0.09906654412827935,0.10154362767934799,266568,0.0,0.0
2005-10-25 00:00:00-03:00,0.09906654059886932,0.10340143665880157,0.09906654059886932,0.09906654059886932,0,0.0,0.0
2005-10-26 00:00:00-03:00,0.09906654059886932,0.1001820174390294,0.09906654059886932,0.09906654059886932,2782,0.0,0.0
2005-10-27 00:00:00-03:00,0.09906654059886932,0.10340143665880157,0.09906654059886932,0.09906654059886932,0,0.0,0.0
2005-10-28 00:00:00-03:00,0.09906654223857017,0.10278216749429703,0.09906654223857017,0.10278216749429703,67578,0.0,0.0
2005-10-31 00:00:00-03:00,0.10278216749429703,0.10278216749429703,0.10278216749429703,0.10278216749429703,43727,0.0,0.0
2005-11-01 00:00:00-03:00,0.10278216558039989,0.10402070730924606,0.10278216558039989,0.10402070730924606,53267,0.0,0.0
2005-11-02 00:00:00-03:00,0.10030508041381836,0.10389665771347713,0.10030508041381836,0.10030508041381836,0,0.0,0.0
2005-11-03 00:00:00-03:00,0.1052582710981369,0.1052582710981369,0.1052582710981369,0.1052582710981369,47702,0.0,0.0
2005-11-04 00:00:00-03:00,0.10154362767934799,0.1027821694548823,0.10154362767934799,0.10154362767934799,0,0.0,0.0
2005-11-07 00:00:00-03:00,0.09906654059886932,0.10278216579309696,0.09906654059886932,0.09906654059886932,0,0.0,0.0
2005-11-08 00:00:00-03:00,0.09906654059886932,0.10278216579309696,0.09906654059886932,0.09906654059886932,8347,0.0,0.0
2005-11-09 00:00:00-03:00,0.09906654039386134,0.10402070730924606,0.09906654039386134,0.10402070730924606,80696,0.0,0.0
2005-11-10 00:00:00-03:00,0.09906654059886932,0.10340143665880157,0.09906654059886932,0.09906654059886932,0,0.0,0.0
2005-11-11 00:00:00-03:00,0.09906654059886932,0.10402070752450618,0.09906654059886932,0.09906654059886932,0,0.0,0.0
2005-11-14 00:00:00-03:00,0.09906654059886932,0.10340143665880157,0.09906654059886932,0.09906654059886932,0,0.0,0.0
2005-11-15 00:00:00-03:00,0.09906654059886932,0.09906654059886932,0.09906654059886932,0.09906654059886932,0,0.0,0.0
2005-11-16 00:00:00-03:00,0.10402070730924606,0.10402070730924606,0.10402070730924606,0.10402070730924606,9937,0.0,0.0
2005-11-17 00:00:00-03:00,0.09906654059886932,0.10340143665880157,0.09906654059886932,0.09906654059886932,0,0.0,0.0
2005-11-18 00:00:00-03:00,0.09906654059886932,0.09906654059886932,0.09906654059886932,0.09906654059886932,49491,0.0,0.0
2005-11-21 00:00:00-03:00,0.09782899171113968,0.10092435585106288,0.09782899171113968,0.09782899171113968,0,0.0,0.0
2005-11-22 00:00:00-03:00,0.09906654059886932,0.10278216579309696,0.09906654059886932,0.09906654059886932,1542,0.0,0.0
2005-11-23 00:00:00-03:00,0.09906654059886932,0.10402070752450618,0.09906654059886932,0.09906654059886932,0,0.0,0.0
2005-11-24 00:00:00-03:00,0.09906654059886932,0.10402070752450618,0.09906654059886932,0.09906654059886932,0,0.0,0.0
2005-11-25 00:00:00-03:00,0.10030508041381836,0.10030508041381836,0.10030508041381836,0.10030508041381836,11925,0.0,0.0
2005-11-28 00:00:00-03:00,0.0965904455605952,0.10030508041381836,0.0965904455605952,0.10030508041381836,3975,0.0,0.0
2005-11-29 00:00:00-03:00,0.09782899171113968,0.10154362673305903,0.09782899171113968,0.09782899171113968,0,0.0,0.0
2005-11-30 00:00:00-03:00,0.09782899171113968,0.10030508496906673,0.09782899171113968,0.09782899171113968,0,0.0,0.0
2005-12-01 00:00:00-03:00,0.09906654059886932,0.10154362406168775,0.09906654059886932,0.09906654059886932,3975,0.0,0.0
2005-12-02 00:00:00-03:00,0.09906654059886932,0.10154362406168775,0.09906654059886932,0.09906654059886932,3975,0.0,0.0
2005-12-05 00:00:00-03:00,0.09659045189619064,0.10141958095033603,0.09659045189619064,0.09659045189619064,0,0.0,0.0
2005-12-06 00:00:00-03:00,0.09906654059886932,0.10092435319598314,0.09906654059886932,0.09906654059886932,0,0.0,0.0
2005-12-07 00:00:00-03:00,0.09906654059886932,0.09906654059886932,0.09906654059886932,0.09906654059886932,0,0.0,0.0
2005-12-08 00:00:00-03:00,0.09906654059886932,0.09906654059886932,0.09906654059886932,0.09906654059886932,0,0.0,0.0
2005-12-09 00:00:00-03:00,0.10154362767934799,0.10154362767934799,0.10154362767934799,0.10154362767934799,0,0.0,0.0
2005-12-12 00:00:00-03:00,0.10154362767934799,0.10154362767934799,0.10154362767934799,0.10154362767934799,0,0.0,0.0
2005-12-13 00:00:00-03:00,0.10030508041381836,0.10030508041381836,0.10030508041381836,0.10030508041381836,0,0.0,0.0
2005-12-14 00:00:00-03:00,0.10092435777187347,0.10092435777187347,0.10092435777187347,0.10092435777187347,0,0.0,0.0
2005-12-15 00:00:00-03:00,0.10030508041381836,0.10030508041381836,0.10030508041381836,0.10030508041381836,0,0.0,0.0
2005-12-16 00:00:00-03:00,0.10030508041381836,0.10030508041381836,0.10030508041381836,0.10030508041381836,0,0.0,0.0
2005-12-19 00:00:00-03:00,0.09906654059886932,0.09906654059886932,0.09906654059886932,0.09906654059886932,0,0.0,0.0
2005-12-20 00:00:00-03:00,0.09906654059886932,0.09906654059886932,0.09906654059886932,0.09906654059886932,0,0.0,0.0
2005-12-21 00:00:00-03:00,0.10030508041381836,0.10030508041381836,0.10030508041381836,0.10030508041381836,0,0.0,0.0
2005-12-22 00:00:00-03:00,0.09659045189619064,0.09659045189619064,0.09659045189619064,0.09659045189619064,0,0.0,0.0
2005-12-23 00:00:00-03:00,0.09906654059886932,0.10030508233027853,0.09906654059886932,0.09906654059886932,3975,0.0,0.0
2005-12-26 00:00:00-03:00,0.09906654059886932,0.09906654059886932,0.09906654059886932,0.09906654059886932,0,0.0,0.0
2005-12-27 00:00:00-03:00,0.09906654059886932,0.09906654059886932,0.09906654059886932,0.09906654059886932,0,0.0,0.0
2005-12-28 00:00:00-03:00,0.09906654059886932,0.09906654059886932,0.09906654059886932,0.09906654059886932,0,0.0,0.0
2005-12-29 00:00:00-03:00,0.09782899171113968,0.09782899171113968,0.09782899171113968,0.09782899171113968,0,0.0,0.0
2005-12-30 00:00:00-03:00,0.09782899171113968,0.09782899171113968,0.09782899171113968,0.09782899171113968,0,0.0,0.0
2006-01-02 00:00:00-03:00,0.10030508041381836,0.10030508041381836,0.10030508041381836,0.10030508041381836,30656,0.0,0.0
2006-01-03 00:00:00-03:00,0.09906654039386134,0.10402070730924606,0.09906654039386134,0.10402070730924606,99379,0.0,0.0
2006-01-04 00:00:00-03:00,0.10402070730924606,0.10402070730924606,0.10402070730924606,0.10402070730924606,79503,0.0,0.0
2006-01-05 00:00:00-03:00,0.09906654039386134,0.10402070730924606,0.09906654039386134,0.10402070730924606,69168,0.0,0.0
2006-01-06 00:00:00-03:00,0.09906654059886932,0.10278216579309696,0.09906654059886932,0.09906654059886932,7950,0.0,0.0
2006-01-09 00:00:00-03:00,0.09906654059886932,0.10278216579309696,0.09906654059886932,0.09906654059886932,12164,0.0,0.0
2006-01-10 00:00:00-03:00,0.09906654039386134,0.10402070730924606,0.09906654039386134,0.10402070730924606,154650,0.0,0.0
2006-01-11 00:00:00-03:00,0.09968581050634384,0.10340143566485503,0.09968581050634384,0.09968581050634384,0,0.0,0.0
2006-01-12 00:00:00-03:00,0.09906654059886932,0.10340143665880157,0.09906654059886932,0.09906654059886932,0,0.0,0.0
2006-01-13 00:00:00-03:00,0.09906654059886932,0.10402070752450618,0.09906654059886932,0.09906654059886932,0,0.0,0.0
2006-01-16 00:00:00-03:00,0.09906654059886932,0.10402070752450618,0.09906654059886932,0.09906654059886932,795,0.0,0.0
2006-01-17 00:00:00-03:00,0.10402070924620598,0.10402070924620598,0.09906654223857017,0.10278216749429703,125616,0.0,0.0
2006-01-18 00:00:00-03:00,0.09906654059886932,0.10154362406168775,0.09906654059886932,0.09906654059886932,0,0.0,0.0
2006-01-19 00:00:00-03:00,0.10278216558039989,0.10402070730924606,0.10278216558039989,0.10402070730924606,100166,0.0,0.0
2006-01-20 00:00:00-03:00,0.10377260924677434,0.1052582710981369,0.10377260924677434,0.1052582710981369,131181,0.0,0.0
2006-01-23 00:00:00-03:00,0.09906654509479065,0.1052582710981369,0.09906654509479065,0.1052582710981369,78708,0.0,0.0
2006-01-24 00:00:00-03:00,0.1052582710981369,0.1052582710981369,0.1052582710981369,0.1052582710981369,9937,0.0,0.0
2006-01-25 00:00:00-03:00,0.10402070648623753,0.10897388309240341,0.10402070648623753,0.10897388309240341,96597,0.0,0.0
2006-01-26 00:00:00-03:00,0.09906654059886932,0.10773534978403587,0.09906654059886932,0.09906654059886932,0,0.0,0.0
2006-01-27 00:00:00-03:00,0.09906654059886932,0.10649680805262667,0.09906654059886932,0.09906654059886932,0,0.0,0.0
2006-01-30 00:00:00-03:00,0.09906654059886932,0.10525826632121744,0.09906654059886932,0.09906654059886932,0,0.0,0.0
2006-01-31 00:00:00-03:00,0.09906654059886932,0.10773534978403587,0.09906654059886932,0.09906654059886932,0,0.0,0.0
2006-02-01 00:00:00-03:00,0.10649680995228467,0.11144998669624329,0.10649680995228467,0.11144998669624329,115280,0.0,0.0
2006-02-02 00:00:00-03:00,0.10154362767934799,0.10525827007121799,0.10154362767934799,0.10154362767934799,7950,0.0,0.0
2006-02-03 00:00:00-03:00,0.10525826819878271,0.11144998669624329,0.10525826819878271,0.11144998669624329,79503,0.0,0.0
2006-02-06 00:00:00-03:00,0.11144998669624329,0.11144998669624329,0.11144998669624329,0.11144998669624329,0,0.0,0.0
2006-02-07 00:00:00-03:00,0.11144998669624329,0.11144998669624329,0.11144998669624329,0.11144998669624329,0,0.0,0.0
2006-02-08 00:00:00-03:00,0.11144998669624329,0.11144998669624329,0.11144998669624329,0.11144998669624329,0,0.0,0.0
2006-02-09 00:00:00-03:00,0.11144998669624329,0.11144998669624329,0.11144998669624329,0.11144998669624329,0,0.0,0.0
2006-02-10 00:00:00-03:00,0.11144998669624329,0.11144998669624329,0.11144998669624329,0.11144998669624329,112895,0.0,0.0
2006-02-13 00:00:00-03:00,0.11144998669624329,0.11144998669624329,0.11144998669624329,0.11144998669624329,31801,0.0,0.0
2006-02-14 00:00:00-03:00,0.11120286583900452,0.11120286583900452,0.11120286583900452,0.11120286583900452,0,0.0,0.0
2006-02-15 00:00:00-03:00,0.1113269180059433,0.1113269180059433,0.1113269180059433,0.1113269180059433,0,0.0,0.0
2006-02-16 00:00:00-03:00,0.11132691801418,0.11392706632614136,0.11132691801418,0.11392706632614136,65590,0.0,0.0
2006-02-17 00:00:00-03:00,0.11380301415920258,0.11380301415920258,0.11380301415920258,0.11380301415920258,0,0.0,0.0
2006-02-20 00:00:00-03:00,0.11330779641866684,0.11330779641866684,0.11330779641866684,0.11330779641866684,0,0.0,0.0
2006-02-21 00:00:00-03:00,0.11144998669624329,0.11144998669624329,0.11144998669624329,0.11144998669624329,0,0.0,0.0
2006-02-22 00:00:00-03:00,0.11144998669624329,0.11144998669624329,0.11144998669624329,0.11144998669624329,0,0.0,0.0
2006-02-23 00:00:00-03:00,0.11392706632614136,0.11392706632614136,0.11392706632614136,0.11392706632614136,9937,0.0,0.0
2006-02-24 00:00:00-03:00,0.11144998669624329,0.11144998669624329,0.11144998669624329,0.11144998669624329,0,0.0,0.0
2006-02-27 00:00:00-03:00,0.10897388309240341,0.10897388309240341,0.10897388309240341,0.10897388309240341,0,0.0,0.0
2006-02-28 00:00:00-03:00,0.11083169875420779,0.11144998669624329,0.11083169875420779,0.11144998669624329,42160,0.0,0.0
2006-03-01 00:00:00-03:00,0.11144998669624329,0.11144998669624329,0.11144998669624329,0.11144998669624329,0,0.0,0.0
2006-03-02 00:00:00-03:00,0.11144998669624329,0.11144998669624329,0.11144998669624329,0.11144998669624329,0,0.0,0.0
2006-03-03 00:00:00-03:00,0.11144998669624329,0.11144998669624329,0.11144998669624329,0.11144998669624329,0,0.0,0.0
2006-03-06 00:00:00-03:00,0.11144998669624329,0.11144998669624329,0.11144998669624329,0.11144998669624329,11925,0.0,0.0
2006-03-07 00:00:00-03:00,0.11144998669624329,0.11144998669624329,0.11144998669624329,0.11144998669624329,0,0.0,0.0
2006-03-08 00:00:00-03:00,0.11144998669624329,0.11144998669624329,0.11144998669624329,0.11144998669624329,0,0.0,0.0
2006-03-09 00:00:00-03:00,0.1120692566037178,0.1120692566037178,0.1120692566037178,0.1120692566037178,0,0.0,0.0
2006-03-10 00:00:00-03:00,0.11083170026540756,0.11144998821587346,0.11083170026540756,0.11083170026540756,7950,0.0,0.0
2006-03-13 00:00:00-03:00,0.11144998669624329,0.11144998669624329,0.11144998669624329,0.11144998669624329,19875,0.0,0.0
2006-03-14 00:00:00-03:00,0.11144998669624329,0.11144998669624329,0.11144998669624329,0.11144998669624329,0,0.0,0.0
2006-03-15 00:00:00-03:00,0.11144998669624329,0.11144998669624329,0.11144998669624329,0.11144998669624329,0,0.0,0.0
2006-03-16 00:00:00-03:00,0.11144998669624329,0.11144998669624329,0.11144998669624329,0.11144998669624329,0,0.0,0.0
2006-03-17 00:00:00-03:00,0.11144998669624329,0.11144998669624329,0.11144998669624329,0.11144998669624329,0,0.0,0.0
2006-03-20 00:00:00-03:00,0.11144998669624329,0.11144998669624329,0.11144998669624329,0.11144998669624329,9142,0.0,0.0
2006-03-21 00:00:00-03:00,0.09659045189619064,0.11144998988910143,0.09659045189619064,0.09659045189619064,0,0.0,0.0
2006-03-22 00:00:00-03:00,0.09659045189619064,0.11144998988910143,0.09659045189619064,0.09659045189619064,0,0.0,0.0
2006-03-23 00:00:00-03:00,0.09659045189619064,0.11144998988910143,0.09659045189619064,0.09659045189619064,0,0.0,0.0
2006-03-24 00:00:00-03:00,0.09659045189619064,0.09659045189619064,0.09659045189619064,0.09659045189619064,0,0.0,0.0
2006-03-27 00:00:00-03:00,0.11144998669624329,0.11144998669624329,0.11144998669624329,0.11144998669624329,11925,0.0,0.0
2006-03-28 00:00:00-03:00,0.11021243035793304,0.11021243035793304,0.11021243035793304,0.11021243035793304,0,0.0,0.0
2006-03-29 00:00:00-03:00,0.11144998669624329,0.11144998669624329,0.11144998669624329,0.11144998669624329,0,0.0,0.0
2006-03-30 00:00:00-03:00,0.11144998669624329,0.11144998669624329,0.11144998669624329,0.11144998669624329,0,0.0,0.0
2006-03-31 00:00:00-03:00,0.11144998669624329,0.11144998669624329,0.11144998669624329,0.11144998669624329,0,0.0,0.0
2006-04-03 00:00:00-03:00,0.11144998669624329,0.11144998669624329,0.11144998669624329,0.11144998669624329,9937,0.0,0.0
2006-04-04 00:00:00-03:00,0.11144998669624329,0.11144998669624329,0.11144998669624329,0.11144998669624329,0,0.0,0.0
2006-04-05 00:00:00-03:00,0.1113269180059433,0.1113269180059433,0.1113269180059433,0.1113269180059433,0,0.0,0.0
2006-04-06 00:00:00-03:00,0.1113269180059433,0.1113269180059433,0.1113269180059433,0.1113269180059433,7950,0.0,0.0
2006-04-07 00:00:00-03:00,0.1113269180059433,0.1113269180059433,0.1113269180059433,0.1113269180059433,0,0.0,0.0
2006-04-10 00:00:00-03:00,0.11144998669624329,0.11144998669624329,0.11144998669624329,0.11144998669624329,55692,0.0,0.0
2006-04-11 00:00:00-03:00,0.11144998669624329,0.11144998669624329,0.11144998669624329,0.11144998669624329,23851,0.0,0.0
2006-04-12 00:00:00-03:00,0.11144998669624329,0.11144998669624329,0.11144998669624329,0.11144998669624329,65034,0.0,0.0
2006-04-13 00:00:00-03:00,0.11144998669624329,0.11144998669624329,0.11144998669624329,0.11144998669624329,0,0.0,0.0
2006-04-14 00:00:00-03:00,0.11144998669624329,0.11144998669624329,0.11144998669624329,0.11144998669624329,0,0.0,0.0
2006-04-17 00:00:00-03:00,0.11021243035793304,0.11021243035793304,0.11021243035793304,0.11021243035793304,0,0.0,0.0
2006-04-18 00:00:00-03:00,0.11021243035793304,0.11021243035793304,0.11021243035793304,0.11021243035793304,0,0.0,0.0
2006-04-19 00:00:00-03:00,0.09906654059886932,0.11021242591152074,0.09906654059886932,0.09906654059886932,0,0.0,0.0
2006-04-20 00:00:00-03:00,0.09906654059886932,0.11021242591152074,0.09906654059886932,0.09906654059886932,0,0.0,0.0
2006-04-21 00:00:00-03:00,0.11144998669624329,0.11144998669624329,0.11144998669624329,0.11144998669624329,9937,0.0,0.0
2006-04-24 00:00:00-03:00,0.09906654059886932,0.11144998470823202,0.09906654059886932,0.09906654059886932,0,0.0,0.0
2006-04-25 00:00:00-03:00,0.09906654059886932,0.11144998470823202,0.09906654059886932,0.09906654059886932,0,0.0,0.0
2006-04-26 00:00:00-03:00,0.10649681091308594,0.11021242887177994,0.10649681091308594,0.10649681091308594,12951,0.0,0.0
2006-04-27 00:00:00-03:00,0.10773535072803497,0.1114499856847795,0.10773535072803497,0.10773535072803497,0,0.0,0.0
2006-04-28 00:00:00-03:00,0.1114499847789967,0.11268852651119232,0.1114499847789967,0.11268852651119232,86182,0.0,0.0
2006-05-02 00:00:00-03:00,0.11268852651119232,0.11268852651119232,0.11268852651119232,0.11268852651119232,0,0.0,0.0
2006-05-03 00:00:00-03:00,0.11268852651119232,0.11268852651119232,0.11268852651119232,0.11268852651119232,0,0.0,0.0
2006-05-04 00:00:00-03:00,0.11144998669624329,0.11144998669624329,0.11144998669624329,0.11144998669624329,0,0.0,0.0
2006-05-05 00:00:00-03:00,0.11144998398153855,0.11244140565395355,0.11144998398153855,0.11244140565395355,59627,0.0,0.0
2006-05-08 00:00:00-03:00,0.10897388346956312,0.11244140565395355,0.10897388346956312,0.11244140565395355,65590,0.0,0.0
2006-05-09 00:00:00-03:00,0.11244140645850563,0.11268852651119232,0.11244140645850563,0.11268852651119232,39751,0.0,0.0
2006-05-10 00:00:00-03:00,0.11268853004950176,0.11516561359167099,0.11268853004950176,0.11516561359167099,126196,0.0,0.0
2006-05-11 00:00:00-03:00,0.11516561359167099,0.11516561359167099,0.11516561359167099,0.11516561359167099,12657,0.0,0.0
2006-05-12 00:00:00-03:00,0.11516561359167099,0.11516561359167099,0.11516561359167099,0.11516561359167099,0,0.0,0.0
2006-05-15 00:00:00-03:00,0.11516560803749391,0.11516560803749391,0.10402070584001845,0.11392706632614136,117665,0.0,0.0
2006-05-16 00:00:00-03:00,0.1052582710981369,0.11516561512900254,0.1052582710981369,0.1052582710981369,0,0.0,0.0
2006-05-17 00:00:00-03:00,0.11144998669624329,0.11144998669624329,0.11144998669624329,0.11144998669624329,6360,0.0,0.0
2006-05-18 00:00:00-03:00,0.11144998669624329,0.11144998669624329,0.11144998669624329,0.11144998669624329,0,0.0,0.0
2006-05-19 00:00:00-03:00,0.11144998669624329,0.11144998669624329,0.11144998669624329,0.11144998669624329,0,0.0,0.0
2006-05-22 00:00:00-03:00,0.1027821641286659,0.11392706632614136,0.1027821641286659,0.11392706632614136,146223,0.0,0.0
2006-05-23 00:00:00-03:00,0.11144998669624329,0.11144998669624329,0.11144998669624329,0.11144998669624329,0,0.0,0.0
2006-05-24 00:00:00-03:00,0.11144998669624329,0.11144998669624329,0.11144998669624329,0.11144998669624329,0,0.0,0.0
2006-05-26 00:00:00-03:00,0.11392706632614136,0.11392706632614136,0.11392706632614136,0.11392706632614136,0,0.0,0.0
2006-05-29 00:00:00-03:00,0.11392706632614136,0.11392706632614136,0.11392706632614136,0.11392706632614136,15900,0.0,0.0
2006-05-30 00:00:00-03:00,0.09906654059886932,0.11392706817105044,0.09906654059886932,0.09906654059886932,0,0.0,0.0
2006-05-31 00:00:00-03:00,0.09906654059886932,0.11392706817105044,0.09906654059886932,0.09906654059886932,0,0.0,0.0
2006-06-01 00:00:00-03:00,0.11392706632614136,0.11392706632614136,0.11392706632614136,0.11392706632614136,0,0.0,0.0
2006-06-02 00:00:00-03:00,0.11392706632614136,0.11392706632614136,0.11392706632614136,0.11392706632614136,0,0.0,0.0
2006-06-05 00:00:00-03:00,0.11392706632614136,0.11392706632614136,0.11392706632614136,0.11392706632614136,8673,0.0,0.0
2006-06-06 00:00:00-03:00,0.11392706632614136,0.11392706632614136,0.11392706632614136,0.11392706632614136,0,0.0,0.0
2006-06-07 00:00:00-03:00,0.11392706632614136,0.11392706632614136,0.11392706632614136,0.11392706632614136,0,0.0,0.0
2006-06-08 00:00:00-03:00,0.11392706632614136,0.11392706632614136,0.11392706632614136,0.11392706632614136,0,0.0,0.0
2006-06-09 00:00:00-03:00,0.11392706632614136,0.11392706632614136,0.11392706632614136,0.11392706632614136,0,0.0,0.0
2006-06-12 00:00:00-03:00,0.11392706632614136,0.11392706632614136,0.11392706632614136,0.11392706632614136,8904,0.0,0.0
2006-06-13 00:00:00-03:00,0.11392706632614136,0.11392706632614136,0.11392706632614136,0.11392706632614136,0,0.0,0.0
2006-06-14 00:00:00-03:00,0.11392706632614136,0.11392706632614136,0.11392706632614136,0.11392706632614136,0,0.0,0.0
2006-06-15 00:00:00-03:00,0.11392706632614136,0.11392706632614136,0.11392706632614136,0.11392706632614136,0,0.0,0.0
2006-06-16 00:00:00-03:00,0.11392706632614136,0.11392706632614136,0.11392706632614136,0.11392706632614136,0,0.0,0.0
2006-06-19 00:00:00-03:00,0.11392706632614136,0.11392706632614136,0.11392706632614136,0.11392706632614136,0,0.0,0.0
2006-06-21 00:00:00-03:00,0.1126885246147888,0.11392706632614136,0.1126885246147888,0.11392706632614136,43910,0.0,0.0
2006-06-22 00:00:00-03:00,0.11144998669624329,0.11392707020324717,0.11144998669624329,0.11144998669624329,4293,0.0,0.0
2006-06-23 00:00:00-03:00,0.11144998669624329,0.11392707020324717,0.11144998669624329,0.11144998669624329,0,0.0,0.0
2006-06-26 00:00:00-03:00,0.11268852651119232,0.11268852651119232,0.11268852651119232,0.11268852651119232,0,0.0,0.0
2006-06-27 00:00:00-03:00,0.11392706632614136,0.11392706632614136,0.11392706632614136,0.11392706632614136,23827,0.0,0.0
2006-06-28 00:00:00-03:00,0.11392706632614136,0.11392706632614136,0.11392706632614136,0.11392706632614136,0,0.0,0.0
2006-06-29 00:00:00-03:00,0.11144998290343626,0.11392706632614136,0.11144998290343626,0.11392706632614136,51677,0.0,0.0
2006-06-30 00:00:00-03:00,0.11392706632614136,0.11392706632614136,0.11392706632614136,0.11392706632614136,0,0.0,0.0
2006-07-03 00:00:00-03:00,0.1052582710981369,0.11392707334138477,0.1052582710981369,0.1052582710981369,0,0.0,0.0
2006-07-04 00:00:00-03:00,0.11392706632614136,0.11392706632614136,0.11392706632614136,0.11392706632614136,9142,0.0,0.0
2006-07-05 00:00:00-03:00,0.10649681091308594,0.11392707123108337,0.10649681091308594,0.10649681091308594,0,0.0,0.0
2006-07-06 00:00:00-03:00,0.1052582710981369,0.11367995327763998,0.1052582710981369,0.1052582710981369,3975,0.0,0.0
2006-07-07 00:00:00-03:00,0.10897388309240341,0.11367994698383958,0.10897388309240341,0.10897388309240341,0,0.0,0.0
2006-07-10 00:00:00-03:00,0.10649681091308594,0.11367995117191602,0.10649681091308594,0.10649681091308594,0,0.0,0.0
2006-07-11 00:00:00-03:00,0.11367995291948318,0.11367995291948318,0.11367995291948318,0.11367995291948318,27866,0.0,0.0
2006-07-12 00:00:00-03:00,0.11367995291948318,0.11367995291948318,0.11367995291948318,0.11367995291948318,9142,0.0,0.0
2006-07-13 00:00:00-03:00,0.1052582710981369,0.11367995327763998,0.1052582710981369,0.1052582710981369,0,0.0,0.0
2006-07-14 00:00:00-03:00,0.11367995291948318,0.11367995291948318,0.11367995291948318,0.11367995291948318,0,0.0,0.0
2006-07-17 00:00:00-03:00,0.1052582710981369,0.11367995327763998,0.1052582710981369,0.1052582710981369,0,0.0,0.0
2006-07-18 00:00:00-03:00,0.11367995291948318,0.11367995291948318,0.11367995291948318,0.11367995291948318,0,0.0,0.0
2006-07-19 00:00:00-03:00,0.11367995291948318,0.11367995291948318,0.11367995291948318,0.11367995291948318,9540,0.0,0.0
2006-07-20 00:00:00-03:00,0.11318374425172806,0.11318374425172806,0.11318374425172806,0.11318374425172806,0,0.0,0.0
2006-07-21 00:00:00-03:00,0.11268852651119232,0.11268852651119232,0.11268852651119232,0.11268852651119232,0,0.0,0.0
2006-07-24 00:00:00-03:00,0.10649681091308594,0.11268852946640744,0.10649681091308594,0.10649681091308594,0,0.0,0.0
2006-07-25 00:00:00-03:00,0.10278216749429703,0.11268852830480651,0.10278216749429703,0.10278216749429703,0,0.0,0.0
2006-07-26 00:00:00-03:00,0.11244140565395355,0.11244140565395355,0.11244140565395355,0.11244140565395355,15900,0.0,0.0
2006-07-27 00:00:00-03:00,0.10278216749429703,0.11206925742885204,0.10278216749429703,0.10278216749429703,0,0.0,0.0
2006-07-28 00:00:00-03:00,0.10402070730924606,0.1119461904510264,0.10402070730924606,0.10402070730924606,0,0.0,0.0
2006-07-31 00:00:00-03:00,0.1052582710981369,0.11206926065995813,0.1052582710981369,0.1052582710981369,0,0.0,0.0
2006-08-01 00:00:00-03:00,0.1052582710981369,0.11194619576312397,0.1052582710981369,0.1052582710981369,7950,0.0,0.0
2006-08-02 00:00:00-03:00,0.11268852651119232,0.11268852651119232,0.11268852651119232,0.11268852651119232,58880,0.0,0.0
2006-08-03 00:00:00-03:00,0.1052582710981369,0.11144998976614925,0.1052582710981369,0.1052582710981369,0,0.0,0.0
2006-08-04 00:00:00-03:00,0.10154362767934799,0.11268853045435712,0.10154362767934799,0.10154362767934799,0,0.0,0.0
2006-08-07 00:00:00-03:00,0.10278216749429703,0.11144998655289756,0.10278216749429703,0.10278216749429703,0,0.0,0.0
2006-08-08 00:00:00-03:00,0.11268852651119232,0.11268852651119232,0.1114499847789967,0.11268852651119232,62808,0.0,0.0
2006-08-09 00:00:00-03:00,0.11268852651119232,0.11268852651119232,0.11268852651119232,0.11268852651119232,75528,0.0,0.0
2006-08-10 00:00:00-03:00,0.11256546161986505,0.11268852651119232,0.11256546161986505,0.11268852651119232,47702,0.0,0.0
2006-08-11 00:00:00-03:00,0.10897388309240341,0.11256546042483512,0.10897388309240341,0.10897388309240341,7950,0.0,0.0
2006-08-14 00:00:00-03:00,0.10810651564432781,0.10959315299987793,0.10773534777278009,0.10959315299987793,85236,0.0,0.0
2006-08-15 00:00:00-03:00,0.11021243035793304,0.11021243035793304,0.11021243035793304,0.11021243035793304,65590,0.0,0.0
2006-08-16 00:00:00-03:00,0.1052582710981369,0.11144998976614925,0.1052582710981369,0.1052582710981369,0,0.0,0.0
2006-08-17 00:00:00-03:00,0.10649681091308594,0.11144998770173152,0.10649681091308594,0.10649681091308594,0,0.0,0.0
2006-08-18 00:00:00-03:00,0.11021243035793304,0.11021243035793304,0.11021243035793304,0.11021243035793304,11925,0.0,0.0
2006-08-22 00:00:00-03:00,0.10773535072803497,0.11021242687722449,0.10773535072803497,0.10773535072803497,29018,0.0,0.0
2006-08-23 00:00:00-03:00,0.1052582710981369,0.11021243091327405,0.1052582710981369,0.1052582710981369,0,0.0,0.0
2006-08-24 00:00:00-03:00,0.1052582710981369,0.11021243091327405,0.1052582710981369,0.1052582710981369,731,0.0,0.0
2006-08-25 00:00:00-03:00,0.11021243035793304,0.11021243035793304,0.11021243035793304,0.11021243035793304,9937,0.0,0.0
2006-08-28 00:00:00-03:00,0.10278216749429703,0.11021242773570283,0.10278216749429703,0.10278216749429703,0,0.0,0.0
2006-08-29 00:00:00-03:00,0.10402070730924606,0.11021242568344751,0.10402070730924606,0.10402070730924606,0,0.0,0.0
2006-08-30 00:00:00-03:00,0.11021243035793304,0.11021243035793304,0.11021243035793304,0.11021243035793304,0,0.0,0.0
2006-08-31 00:00:00-03:00,0.11021243035793304,0.11021243035793304,0.11021243035793304,0.11021243035793304,0,0.0,0.0
2006-09-01 00:00:00-03:00,0.11021243035793304,0.11021243035793304,0.11021243035793304,0.11021243035793304,9937,0.0,0.0
2006-09-04 00:00:00-03:00,0.10402070730924606,0.11021242568344751,0.10402070730924606,0.10402070730924606,0,0.0,0.0
2006-09-05 00:00:00-03:00,0.10278216749429703,0.11021242773570283,0.10278216749429703,0.10278216749429703,0,0.0,0.0
2006-09-06 00:00:00-03:00,0.11021243035793304,0.11021243035793304,0.11021243035793304,0.11021243035793304,0,0.0,0.0
2006-09-07 00:00:00-03:00,0.11021243035793304,0.11021243035793304,0.11021243035793304,0.11021243035793304,11925,0.0,0.0
2006-09-08 00:00:00-03:00,0.11021243035793304,0.11021243035793304,0.11021243035793304,0.11021243035793304,0,0.0,0.0
2006-09-11 00:00:00-03:00,0.11021243035793304,0.11021243035793304,0.11021243035793304,0.11021243035793304,0,0.0,0.0
2006-09-12 00:00:00-03:00,0.11021243035793304,0.11021243035793304,0.11021243035793304,0.11021243035793304,19875,0.0,0.0
2006-09-13 00:00:00-03:00,0.11021243035793304,0.11021243035793304,0.11021243035793304,0.11021243035793304,0,0.0,0.0
2006-09-14 00:00:00-03:00,0.11021243035793304,0.11021243035793304,0.11021243035793304,0.11021243035793304,11925,0.0,0.0
2006-09-15 00:00:00-03:00,0.11021243035793304,0.11021243035793304,0.11021243035793304,0.11021243035793304,0,0.0,0.0
2006-09-18 00:00:00-03:00,0.11021243035793304,0.11021243035793304,0.11021243035793304,0.11021243035793304,26291,0.0,0.0
2006-09-19 00:00:00-03:00,0.11021243035793304,0.11021243035793304,0.11021243035793304,0.11021243035793304,0,0.0,0.0
2006-09-20 00:00:00-03:00,0.11021243035793304,0.11021243035793304,0.11021243035793304,0.11021243035793304,0,0.0,0.0
2006-09-21 00:00:00-03:00,0.10154362767934799,0.11021242983802144,0.10154362767934799,0.10154362767934799,0,0.0,0.0
2006-09-22 00:00:00-03:00,0.1052582710981369,0.1052582710981369,0.1052582710981369,0.1052582710981369,0,0.0,0.0
2006-09-25 00:00:00-03:00,0.10525827128903245,0.10872579365968704,0.10525827128903245,0.10872579365968704,46716,0.0,0.0
2006-09-26 00:00:00-03:00,0.11021243035793304,0.11021243035793304,0.11021243035793304,0.11021243035793304,10144,0.0,0.0
2006-09-27 00:00:00-03:00,0.10897388309240341,0.10897388309240341,0.10897388309240341,0.10897388309240341,0,0.0,0.0
2006-09-28 00:00:00-03:00,0.10402070730924606,0.10897388395460132,0.10402070730924606,0.10402070730924606,651,0.0,0.0
2006-09-29 00:00:00-03:00,0.10402070730924606,0.10897388395460132,0.10402070730924606,0.10402070730924606,0,0.0,0.0
2006-10-02 00:00:00-03:00,0.11021243035793304,0.11021243035793304,0.11021243035793304,0.11021243035793304,17888,0.0,0.0
2006-10-03 00:00:00-03:00,0.10897388309240341,0.10897388309240341,0.10897388309240341,0.10897388309240341,0,0.0,0.0
2006-10-04 00:00:00-03:00,0.10402070730924606,0.10649680783224251,0.10402070730924606,0.10402070730924606,0,0.0,0.0
2006-10-05 00:00:00-03:00,0.10340143549920106,0.10463997721672058,0.10340143549920106,0.10463997721672058,69104,0.0,0.0
2006-10-06 00:00:00-03:00,0.10154362767934799,0.10773535362228663,0.10154362767934799,0.10154362767934799,0,0.0,0.0
2006-10-09 00:00:00-03:00,0.10030508688240841,0.1052582710981369,0.10030508688240841,0.1052582710981369,55652,0.0,0.0
2006-10-10 00:00:00-03:00,0.1052582710981369,0.1052582710981369,0.1052582710981369,0.1052582710981369,4770,0.0,0.0
2006-10-11 00:00:00-03:00,0.10525826724351184,0.10773535072803497,0.10525826724351184,0.10773535072803497,63205,0.0,0.0
2006-10-13 00:00:00-03:00,0.1102124278774568,0.11144998669624329,0.1102124278774568,0.11144998669624329,141278,0.0,0.0
2006-10-16 00:00:00-03:00,0.11144998669624329,0.11144998669624329,0.11144998669624329,0.11144998669624329,0,0.0,0.0
2006-10-17 00:00:00-03:00,0.11330779641866684,0.11330779641866684,0.11330779641866684,0.11330779641866684,10335,0.0,0.0
2006-10-18 00:00:00-03:00,0.11665126612757959,0.11665126612757959,0.11640415340662003,0.11640415340662003,104770,0.0,0.0
2006-10-19 00:00:00-03:00,0.11640415404746773,0.13374076783657074,0.11640415404746773,0.13374076783657074,707322,0.0,0.0
2006-10-20 00:00:00-03:00,0.1424085869742296,0.15726910675821942,0.1424085869742296,0.14736275374889374,774272,0.0,0.0
2006-10-23 00:00:00-03:00,0.14736275374889374,0.14736275374889374,0.1436471286678956,0.14736275374889374,111178,0.0,0.0
2006-10-24 00:00:00-03:00,0.14240858880517482,0.1461242139339447,0.14240858880517482,0.1461242139339447,111305,0.0,0.0
2006-10-25 00:00:00-03:00,0.14488567411899567,0.14488567411899567,0.14488567411899567,0.14488567411899567,22658,0.0,0.0
2006-10-26 00:00:00-03:00,0.13126368820667267,0.13745541424062616,0.13126368820667267,0.13126368820667267,795,0.0,0.0
2006-10-27 00:00:00-03:00,0.13745540570667503,0.13993248914036507,0.13497930520767137,0.13621686398983002,193027,0.0,0.0
2006-10-30 00:00:00-03:00,0.13621687488899947,0.13869395852088928,0.13250223237592976,0.13869395852088928,275163,0.0,0.0
2006-10-31 00:00:00-03:00,0.13374076349082636,0.13621686398983002,0.13250222177398133,0.13621686398983002,222253,0.0,0.0
2006-11-01 00:00:00-03:00,0.1362168710274511,0.14117103815078735,0.1362168710274511,0.14117103815078735,123231,0.0,0.0
2006-11-02 00:00:00-03:00,0.14117103566479386,0.1424085944890976,0.14117103566479386,0.1424085944890976,205517,0.0,0.0
2006-11-03 00:00:00-03:00,0.14117104215277912,0.14117104215277912,0.13869395852088928,0.13869395852088928,50445,0.0,0.0
2006-11-06 00:00:00-03:00,0.13869395852088928,0.13869395852088928,0.13869395852088928,0.13869395852088928,0,0.0,0.0
2006-11-07 00:00:00-03:00,0.13374076783657074,0.13869395193021217,0.13374076783657074,0.13374076783657074,0,0.0,0.0
2006-11-08 00:00:00-03:00,0.13621687488899947,0.13869395852088928,0.13621687488899947,0.13869395852088928,23851,0.0,0.0
2006-11-09 00:00:00-03:00,0.13621686398983002,0.13621686398983002,0.13621686398983002,0.13621686398983002,15900,0.0,0.0
2006-11-10 00:00:00-03:00,0.13126368820667267,0.13621687244688596,0.13126368820667267,0.13126368820667267,0,0.0,0.0
2006-11-13 00:00:00-03:00,0.13621686398983002,0.13621686398983002,0.13621686398983002,0.13621686398983002,27826,0.0,0.0
2006-11-14 00:00:00-03:00,0.13250222177398133,0.13621686398983002,0.13126368005713632,0.13621686398983002,99379,0.0,0.0
2006-11-15 00:00:00-03:00,0.1362168710274511,0.14117103815078735,0.1362168710274511,0.14117103815078735,47662,0.0,0.0
2006-11-16 00:00:00-03:00,0.14117103815078735,0.14364713877771834,0.14117103815078735,0.14117103815078735,89648,0.0,0.0
2006-11-17 00:00:00-03:00,0.1362168710274511,0.14117103815078735,0.1362168710274511,0.14117103815078735,25441,0.0,0.0
2006-11-20 00:00:00-03:00,0.13621686398983002,0.14364713135621376,0.13621686398983002,0.13621686398983002,0,0.0,0.0
2006-11-21 00:00:00-03:00,0.14364713430404663,0.14364713430404663,0.14364713430404663,0.14364713430404663,31801,0.0,0.0
2006-11-22 00:00:00-03:00,0.14364713430404663,0.14364713430404663,0.14364713430404663,0.14364713430404663,40546,0.0,0.0
2006-11-23 00:00:00-03:00,0.14240858880517482,0.1461242139339447,0.14240858880517482,0.1461242139339447,97392,0.0,0.0
2006-11-24 00:00:00-03:00,0.14488567222435475,0.1461242139339447,0.14488567222435475,0.1461242139339447,47702,0.0,0.0
2006-11-27 00:00:00-03:00,0.14240858880517482,0.1461242139339447,0.14240858880517482,0.1461242139339447,37009,0.0,0.0
2006-11-28 00:00:00-03:00,0.1424085944890976,0.1424085944890976,0.1424085944890976,0.1424085944890976,51677,0.0,0.0
2006-11-29 00:00:00-03:00,0.14488567252786666,0.15479202568531036,0.14488567252786666,0.15479202568531036,97598,0.0,0.0
2006-11-30 00:00:00-03:00,0.1547920346788836,0.15850766003131866,0.1547920346788836,0.15850766003131866,55016,0.0,0.0
2006-12-01 00:00:00-03:00,0.15479202568531036,0.15850765082186385,0.15479202568531036,0.15479202568531036,81571,0.0,0.0
2006-12-04 00:00:00-03:00,0.1547920238031348,0.1560305655002594,0.1547920238031348,0.1560305655002594,155954,0.0,0.0
2006-12-05 00:00:00-03:00,0.15479202568531036,0.15479202568531036,0.15479202568531036,0.15479202568531036,7950,0.0,0.0
2006-12-06 00:00:00-03:00,0.15355446690780855,0.15479202568531036,0.15355446690780855,0.15479202568531036,47702,0.0,0.0
2006-12-07 00:00:00-03:00,0.14860030241956587,0.15355446934700012,0.14860030241956587,0.15355446934700012,222610,0.0,0.0
2006-12-08 00:00:00-03:00,0.15355446934700012,0.15355446934700012,0.15355446934700012,0.15355446934700012,0,0.0,0.0
2006-12-11 00:00:00-03:00,0.1523159295320511,0.1523159295320511,0.1523159295320511,0.1523159295320511,9540,0.0,0.0
2006-12-12 00:00:00-03:00,0.15231592519562406,0.15479202568531036,0.15231592519562406,0.15479202568531036,37796,0.0,0.0
2006-12-13 00:00:00-03:00,0.15850765561993932,0.16098375618457794,0.15850765561993932,0.16098375618457794,21831,0.0,0.0
2006-12-14 00:00:00-03:00,0.16098375618457794,0.16098375618457794,0.16098375618457794,0.16098375618457794,31801,0.0,0.0
2006-12-15 00:00:00-03:00,0.16346084458397037,0.17584428191184998,0.16346084458397037,0.17584428191184998,46112,0.0,0.0
2006-12-18 00:00:00-03:00,0.18575063566612335,0.18575063566612335,0.17584428191184998,0.17584428191184998,27317,0.0,0.0
2006-12-19 00:00:00-03:00,0.163460835814476,0.17212963025161684,0.163460835814476,0.163460835814476,0,0.0,0.0
2006-12-20 00:00:00-03:00,0.17584428191184998,0.17584428191184998,0.17584428191184998,0.17584428191184998,11130,0.0,0.0
2006-12-21 00:00:00-03:00,0.1461242139339447,0.17336718753018684,0.1461242139339447,0.1461242139339447,0,0.0,0.0
2006-12-22 00:00:00-03:00,0.1461242139339447,0.17336718753018684,0.1461242139339447,0.1461242139339447,0,0.0,0.0
2006-12-26 00:00:00-03:00,0.1461242139339447,0.17212962875527751,0.1461242139339447,0.1461242139339447,0,0.0,0.0
2006-12-27 00:00:00-03:00,0.15850766003131866,0.17089109733262156,0.15850766003131866,0.15850766003131866,0,0.0,0.0
2006-12-28 00:00:00-03:00,0.1733671898338341,0.1733671898338341,0.17212963104248047,0.17212963104248047,22436,0.0,0.0
2006-12-29 00:00:00-03:00,0.17212963104248047,0.17212963104248047,0.17212963104248047,0.17212963104248047,0,0.0,0.0
2007-01-02 00:00:00-03:00,0.1560305655002594,0.17212962702287096,0.1560305655002594,0.1560305655002594,0,0.0,0.0
2007-01-03 00:00:00-03:00,0.15726912021636963,0.17212964127203392,0.15726912021636963,0.15726912021636963,0,0.0,0.0
2007-01-04 00:00:00-03:00,0.16841401159763336,0.16841401159763336,0.16841401159763336,0.16841401159763336,18285,0.0,0.0
2007-01-05 00:00:00-03:00,0.16841401159763336,0.16841401159763336,0.16841401159763336,0.16841401159763336,29416,0.0,0.0
2007-01-08 00:00:00-03:00,0.1659379109959389,0.16841401159763336,0.1659379109959389,0.16841401159763336,23851,0.0,0.0
2007-01-09 00:00:00-03:00,0.1560305655002594,0.16717546023437257,0.1560305655002594,0.1560305655002594,0,0.0,0.0
2007-01-10 00:00:00-03:00,0.1560305655002594,0.16469937444546084,0.1560305655002594,0.1560305655002594,0,0.0,0.0
2007-01-11 00:00:00-03:00,0.16841401225044808,0.17955892233809145,0.16841401225044808,0.177082821726799,173867,0.0,0.0
2007-01-12 00:00:00-03:00,0.16098375618457794,0.17584427664059218,0.16098375618457794,0.16098375618457794,0,0.0,0.0
2007-01-15 00:00:00-03:00,0.16717547178268433,0.1758442813267183,0.16717547178268433,0.16717547178268433,0,0.0,0.0
2007-01-16 00:00:00-03:00,0.17460574209690094,0.17460574209690094,0.17460574209690094,0.17460574209690094,14469,0.0,0.0
2007-01-17 00:00:00-03:00,0.16717547178268433,0.1733671977613547,0.16717547178268433,0.16717547178268433,0,0.0,0.0
2007-01-18 00:00:00-03:00,0.16717546177285716,0.1733671873807907,0.16717546177285716,0.1733671873807907,39672,0.0,0.0
2007-01-19 00:00:00-03:00,0.16717546413829126,0.17212963104248047,0.16717546413829126,0.17212963104248047,81340,0.0,0.0
2007-01-22 00:00:00-03:00,0.17212962860694783,0.1733671873807907,0.17212962860694783,0.1733671873807907,50087,0.0,0.0
2007-01-23 00:00:00-03:00,0.17460573384571856,0.1795589178800583,0.17460573384571856,0.1795589178800583,101709,0.0,0.0
2007-01-24 00:00:00-03:00,0.1795589178800583,0.1795589178800583,0.1795589178800583,0.1795589178800583,7950,0.0,0.0
2007-01-25 00:00:00-03:00,0.17336719450410062,0.17832136154174805,0.17336719450410062,0.17832136154174805,31801,0.0,0.0
2007-01-26 00:00:00-03:00,0.17832136154174805,0.17832136154174805,0.17832136154174805,0.17832136154174805,7950,0.0,0.0
2007-01-29 00:00:00-03:00,0.16841401159763336,0.17832136280859265,0.16841401159763336,0.16841401159763336,0,0.0,0.0
2007-01-30 00:00:00-03:00,0.17584428191184998,0.17584428191184998,0.17584428191184998,0.17584428191184998,7950,0.0,0.0
2007-01-31 00:00:00-03:00,0.17832135421488138,0.17832135421488138,0.1733671873807907,0.1733671873807907,49594,0.0,0.0
2007-02-01 00:00:00-03:00,0.17089109122753143,0.17089109122753143,0.17089109122753143,0.17089109122753143,42606,0.0,0.0
2007-02-02 00:00:00-03:00,0.173367192103457,0.1795589178800583,0.173367192103457,0.1795589178800583,49292,0.0,0.0
2007-02-05 00:00:00-03:00,0.17955892222249098,0.18575063347816467,0.17955892222249098,0.18575063347816467,66274,0.0,0.0
2007-02-06 00:00:00-03:00,0.18575063347816467,0.18575063347816467,0.18575063347816467,0.18575063347816467,66171,0.0,0.0
2007-02-07 00:00:00-03:00,0.18575063219373264,0.20432579517364502,0.18575063219373264,0.20432579517364502,572372,0.0,0.0
2007-02-08 00:00:00-03:00,0.2043257996674196,0.21051752568712198,0.19937263010927456,0.20184969902038574,275258,0.0,0.0
2007-02-09 00:00:00-03:00,0.19194234907627106,0.20432578559194509,0.19194234907627106,0.19194234907627106,0,0.0,0.0
2007-02-12 00:00:00-03:00,0.19194234907627106,0.2092799524142234,0.19194234907627106,0.19194234907627106,0,0.0,0.0
2007-02-13 00:00:00-03:00,0.20432579517364502,0.20432579517364502,0.20432579517364502,0.20432579517364502,41373,0.0,0.0
2007-02-14 00:00:00-03:00,0.19565798576770313,0.20308823883533478,0.19565798576770313,0.20308823883533478,95953,0.0,0.0
2007-02-15 00:00:00-03:00,0.20308822772645796,0.20308822772645796,0.2006111443042755,0.2006111443042755,32692,0.0,0.0
2007-02-16 00:00:00-03:00,0.19813407957553864,0.19813407957553864,0.19813407957553864,0.19813407957553864,15900,0.0,0.0
2007-02-19 00:00:00-03:00,0.19813407957553864,0.19813407957553864,0.19813407957553864,0.19813407957553864,33391,0.0,0.0
2007-02-20 00:00:00-03:00,0.1981340839607859,0.20432579517364502,0.1981340839607859,0.20432579517364502,18842,0.0,0.0
2007-02-21 00:00:00-03:00,0.19937262383443088,0.20556433498859406,0.19937262383443088,0.20556433498859406,237716,0.0,0.0
2007-02-22 00:00:00-03:00,0.2105175256729126,0.2105175256729126,0.2105175256729126,0.2105175256729126,28621,0.0,0.0
2007-02-23 00:00:00-03:00,0.2043257894319536,0.20804141461849213,0.20308823063780332,0.20804141461849213,196374,0.0,0.0
2007-02-26 00:00:00-03:00,0.20804141461849213,0.20804141461849213,0.20804141461849213,0.20804141461849213,24646,0.0,0.0
2007-02-27 00:00:00-03:00,0.19441944398886396,0.20308823883533478,0.19441944398886396,0.20308823883533478,94124,0.0,0.0
2007-02-28 00:00:00-03:00,0.19565798767135117,0.20184969902038574,0.19565798767135117,0.20184969902038574,34186,0.0,0.0
2007-03-01 00:00:00-03:00,0.19194234907627106,0.20184968511548337,0.19194234907627106,0.19194234907627106,0,0.0,0.0
2007-03-02 00:00:00-03:00,0.19194234907627106,0.1981340746694415,0.19194234907627106,0.19194234907627106,0,0.0,0.0
2007-03-05 00:00:00-03:00,0.18575063347816467,0.18575063347816467,0.18575063347816467,0.18575063347816467,19875,0.0,0.0
2007-03-06 00:00:00-03:00,0.19441944360733032,0.19441944360733032,0.19441944360733032,0.19441944360733032,126935,0.0,0.0
2007-03-07 00:00:00-03:00,0.18575063410720372,0.19441944360733032,0.18575063410720372,0.19441944360733032,21466,0.0,0.0
2007-03-08 00:00:00-03:00,0.19813407957553864,0.19813407957553864,0.19813407957553864,0.19813407957553864,56320,0.0,0.0
2007-03-09 00:00:00-03:00,0.19813407555275997,0.2006111443042755,0.19813407555275997,0.2006111443042755,23851,0.0,0.0
2007-03-12 00:00:00-03:00,0.2006111443042755,0.20432578650286737,0.2006111443042755,0.2006111443042755,540,0.0,0.0
2007-03-13 00:00:00-03:00,0.20432579517364502,0.20432579517364502,0.20432579517364502,0.20432579517364502,7950,0.0,0.0
2007-03-14 00:00:00-03:00,0.1869891732931137,0.19813408325692525,0.1869891732931137,0.1869891732931137,0,0.0,0.0
2007-03-15 00:00:00-03:00,0.19813408639064584,0.20308823883533478,0.19813408639064584,0.20308823883533478,25441,0.0,0.0
2007-03-16 00:00:00-03:00,0.1869891732931137,0.2030882356232585,0.1869891732931137,0.1869891732931137,0,0.0,0.0
2007-03-19 00:00:00-03:00,0.18946625292301178,0.20308823145507893,0.18946625292301178,0.18946625292301178,0,0.0,0.0
2007-03-20 00:00:00-03:00,0.19194234907627106,0.20308822682105296,0.19194234907627106,0.19194234907627106,1057,0.0,0.0
2007-03-21 00:00:00-03:00,0.20184969902038574,0.20184969902038574,0.20184969902038574,0.20184969902038574,8244,0.0,0.0
2007-03-22 00:00:00-03:00,0.18946625292301178,0.2006111479874182,0.18946625292301178,0.18946625292301178,0,0.0,0.0
2007-03-23 00:00:00-03:00,0.19441943542797074,0.19937261939048767,0.19194235197936615,0.19937261939048767,192796,0.0,0.0
2007-03-26 00:00:00-03:00,0.19813408831838505,0.20184969902038574,0.19441944588046167,0.20184969902038574,90181,0.0,0.0
2007-03-27 00:00:00-03:00,0.18946625292301178,0.19813407919042464,0.18946625292301178,0.18946625292301178,0,0.0,0.0
2007-03-28 00:00:00-03:00,0.18822771155504037,0.19813407957553864,0.18822771155504037,0.19813407957553864,47702,0.0,0.0
2007-03-29 00:00:00-03:00,0.19813407766618538,0.19937261939048767,0.19194235197936615,0.19937261939048767,497153,0.0,0.0
2007-03-30 00:00:00-03:00,0.19813407766618538,0.19937261939048767,0.19813407766618538,0.19937261939048767,86492,0.0,0.0
2007-04-03 00:00:00-03:00,0.19813408831838505,0.20184969902038574,0.19813408831838505,0.20184969902038574,39751,0.0,0.0
2007-04-04 00:00:00-03:00,0.19194234907627106,0.20184968511548337,0.19194234907627106,0.19194234907627106,0,0.0,0.0
2007-04-05 00:00:00-03:00,0.19194234907627106,0.19194234907627106,0.19194234907627106,0.19194234907627106,0,0.0,0.0
2007-04-09 00:00:00-03:00,0.20184969902038574,0.20184969902038574,0.20184969902038574,0.20184969902038574,7950,0.0,0.0
2007-04-10 00:00:00-03:00,0.18822771310806274,0.20061115003254207,0.18822771310806274,0.18822771310806274,0,0.0,0.0
2007-04-11 00:00:00-03:00,0.19813407555275997,0.2006111443042755,0.19813407555275997,0.2006111443042755,73684,0.0,0.0
2007-04-12 00:00:00-03:00,0.18822771310806274,0.19937262295675276,0.18822771310806274,0.18822771310806274,0,0.0,0.0
2007-04-13 00:00:00-03:00,0.18822771310806274,0.1981340812102961,0.18822771310806274,0.18822771310806274,0,0.0,0.0
2007-04-16 00:00:00-03:00,0.18822771577304936,0.19565798342227936,0.18451307341579626,0.19565798342227936,185824,0.0,0.0
2007-04-17 00:00:00-03:00,0.18575062348310062,0.19194234907627106,0.18451306471220846,0.19194234907627106,29965,0.0,0.0
2007-04-18 00:00:00-03:00,0.1845130708034027,0.18822771310806274,0.1845130708034027,0.18822771310806274,196374,0.0,0.0
2007-04-19 00:00:00-03:00,0.18822770689423976,0.19194234907627106,0.18575062348310062,0.19194234907627106,836452,0.0,0.0
2007-04-20 00:00:00-03:00,0.19194235345597266,0.19194235345597266,0.18698916945535105,0.18946625292301178,426649,0.0,0.0
2007-04-23 00:00:00-03:00,0.18946625681161408,0.19070479857086425,0.1869891732931137,0.1869891732931137,201407,0.0,0.0
2007-04-24 00:00:00-03:00,0.19070479273796082,0.19070479273796082,0.19070479273796082,0.19070479273796082,7950,0.0,0.0
2007-04-25 00:00:00-03:00,0.19194234907627106,0.19194234907627106,0.19194234907627106,0.19194234907627106,5565,0.0,0.0
2007-04-26 00:00:00-03:00,0.18822771310806274,0.18822771310806274,0.18575062961514946,0.18822771310806274,32596,0.0,0.0
2007-04-27 00:00:00-03:00,0.18822771310806274,0.18822771310806274,0.18822771310806274,0.18822771310806274,7950,0.0,0.0
2007-04-30 00:00:00-03:00,0.18946625292301178,0.18946625292301178,0.18946625292301178,0.18946625292301178,5565,0.0,0.0
2007-05-02 00:00:00-03:00,0.19070479273796082,0.19070479273796082,0.19070479273796082,0.19070479273796082,5565,0.0,0.0
2007-05-03 00:00:00-03:00,0.19070479273796082,0.19070479273796082,0.19070479273796082,0.19070479273796082,5565,0.0,0.0
2007-05-04 00:00:00-03:00,0.179558912560597,0.19194234907627106,0.179558912560597,0.19194234907627106,83479,0.0,0.0
2007-05-07 00:00:00-03:00,0.1795589178800583,0.1907047959550386,0.1795589178800583,0.1795589178800583,0,0.0,0.0
2007-05-08 00:00:00-03:00,0.19070479273796082,0.19070479273796082,0.19070479273796082,0.19070479273796082,15900,0.0,0.0
2007-05-09 00:00:00-03:00,0.1795589178800583,0.18946625421277702,0.1795589178800583,0.1795589178800583,0,0.0,0.0
2007-05-10 00:00:00-03:00,0.18203599750995636,0.18946625020081584,0.18203599750995636,0.18203599750995636,0,0.0,0.0
2007-05-11 00:00:00-03:00,0.18698916945535105,0.18946625292301178,0.18698916945535105,0.18946625292301178,39751,0.0,0.0
2007-05-14 00:00:00-03:00,0.1795589178800583,0.18575062898599232,0.1795589178800583,0.1795589178800583,0,0.0,0.0
2007-05-15 00:00:00-03:00,0.18575063347816467,0.18946625879480763,0.18575063347816467,0.18575063347816467,7513,0.0,0.0
2007-05-16 00:00:00-03:00,0.18575062772152068,0.18946625292301178,0.18203600012539659,0.18946625292301178,43758,0.0,0.0
2007-05-17 00:00:00-03:00,0.18946625292301178,0.18946625292301178,0.18946625292301178,0.18946625292301178,7950,0.0,0.0
2007-05-18 00:00:00-03:00,0.18575063347816467,0.18575063347816467,0.18575063347816467,0.18575063347816467,7099,0.0,0.0
2007-05-21 00:00:00-03:00,0.1795589178800583,0.18822771247051545,0.1795589178800583,0.1795589178800583,0,0.0,0.0
2007-05-22 00:00:00-03:00,0.18575063347816467,0.18575063347816467,0.18575063347816467,0.18575063347816467,7950,0.0,0.0
2007-05-23 00:00:00-03:00,0.17832136154174805,0.1857506315581114,0.17832136154174805,0.17832136154174805,0,0.0,0.0
2007-05-24 00:00:00-03:00,0.18822771310806274,0.18822771310806274,0.18822771310806274,0.18822771310806274,5565,0.0,0.0
2007-05-28 00:00:00-03:00,0.18575063347816467,0.18575063347816467,0.18575063347816467,0.18575063347816467,79503,0.0,0.0
2007-05-29 00:00:00-03:00,0.177082821726799,0.18451307475947062,0.177082821726799,0.177082821726799,0,0.0,0.0
2007-05-30 00:00:00-03:00,0.18575063347816467,0.18575063347816467,0.18575063347816467,0.18575063347816467,39259,0.0,0.0
2007-05-31 00:00:00-03:00,0.18203599750995636,0.18575062505270976,0.18203599750995636,0.18203599750995636,0,0.0,0.0
2007-06-01 00:00:00-03:00,0.1845130708034027,0.18822771310806274,0.1845130708034027,0.18822771310806274,86357,0.0,0.0
2007-06-04 00:00:00-03:00,0.1882277195720808,0.1882277195720808,0.18451307713985443,0.18451307713985443,13515,0.0,0.0
2007-06-05 00:00:00-03:00,0.1845130727093334,0.1869891732931137,0.1845130727093334,0.1869891732931137,15900,0.0,0.0
2007-06-06 00:00:00-03:00,0.1869891732931137,0.1869891732931137,0.1869891732931137,0.1869891732931137,20830,0.0,0.0
2007-06-07 00:00:00-03:00,0.18327452648245748,0.18327452648245748,0.18079745769500732,0.18079745769500732,51677,0.0,0.0
2007-06-08 00:00:00-03:00,0.177082821726799,0.18575063359775137,0.177082821726799,0.177082821726799,7950,0.0,0.0
2007-06-11 00:00:00-03:00,0.18575063347816467,0.18575063347816467,0.18575063347816467,0.18575063347816467,7950,0.0,0.0
2007-06-12 00:00:00-03:00,0.17832136154174805,0.1857506315581114,0.17832136154174805,0.17832136154174805,0,0.0,0.0
2007-06-13 00:00:00-03:00,0.1795589178800583,0.1795589178800583,0.1795589178800583,0.1795589178800583,5565,0.0,0.0
2007-06-14 00:00:00-03:00,0.18451307713985443,0.18451307713985443,0.18451307713985443,0.18451307713985443,7950,0.0,0.0
2007-06-15 00:00:00-03:00,0.1832745224237442,0.1832745224237442,0.1795589119895196,0.1832745224237442,75107,0.0,0.0
2007-06-19 00:00:00-03:00,0.1795589159659487,0.18079745769500732,0.17584427371346886,0.18079745769500732,84472,0.0,0.0
2007-06-20 00:00:00-03:00,0.17584428191184998,0.18327453502725902,0.17584428191184998,0.17584428191184998,0,0.0,0.0
2007-06-21 00:00:00-03:00,0.18575063566612335,0.18575063566612335,0.17584428191184998,0.17584428191184998,25043,0.0,0.0
2007-06-22 00:00:00-03:00,0.17460573626351247,0.17832136154174805,0.17336719450410062,0.17832136154174805,151558,0.0,0.0
2007-06-25 00:00:00-03:00,0.1733671873807907,0.18575062392599093,0.1733671873807907,0.1733671873807907,0,0.0,0.0
2007-06-26 00:00:00-03:00,0.17460574209690094,0.18079746816609893,0.17460574209690094,0.17460574209690094,0,0.0,0.0
2007-06-27 00:00:00-03:00,0.1733671873807907,0.1820359964057696,0.1733671873807907,0.1733671873807907,0,0.0,0.0
2007-06-28 00:00:00-03:00,0.1795589178800583,0.1795589178800583,0.1795589178800583,0.1795589178800583,7950,0.0,0.0
2007-06-29 00:00:00-03:00,0.1795589178800583,0.1795589178800583,0.1795589178800583,0.1795589178800583,15900,0.0,0.0
2007-07-02 00:00:00-03:00,0.17955892433751744,0.17955892433751744,0.17460574012504687,0.17584428191184998,63603,0.0,0.0
2007-07-03 00:00:00-03:00,0.18327453286846634,0.18575063347816467,0.18327453286846634,0.18575063347816467,338130,0.0,0.0
2007-07-04 00:00:00-03:00,0.18451307464068067,0.18575063347816467,0.18451307464068067,0.18575063347816467,35776,0.0,0.0
2007-07-05 00:00:00-03:00,0.177082821726799,0.18451307475947062,0.177082821726799,0.177082821726799,2663,0.0,0.0
2007-07-06 00:00:00-03:00,0.18575063347816467,0.18575063347816467,0.18575063347816467,0.18575063347816467,111305,0.0,0.0
2007-07-10 00:00:00-03:00,0.177082821726799,0.18451307475947062,0.177082821726799,0.177082821726799,0,0.0,0.0
2007-07-11 00:00:00-03:00,0.18451307713985443,0.18451307713985443,0.18451307713985443,0.18451307713985443,15670,0.0,0.0
2007-07-12 00:00:00-03:00,0.17955892465456227,0.18451307713985443,0.17955892465456227,0.18451307713985443,23461,0.0,0.0
2007-07-13 00:00:00-03:00,0.177082821726799,0.18451307475947062,0.177082821726799,0.177082821726799,0,0.0,0.0
2007-07-16 00:00:00-03:00,0.177082821726799,0.177082821726799,0.177082821726799,0.177082821726799,7735,0.0,0.0
2007-07-17 00:00:00-03:00,0.18203599750995636,0.18203599750995636,0.18203599750995636,0.18203599750995636,7950,0.0,0.0
2007-07-18 00:00:00-03:00,0.1795589178800583,0.18575062898599232,0.1795589178800583,0.1795589178800583,0,0.0,0.0
2007-07-19 00:00:00-03:00,0.1832745224237442,0.1832745224237442,0.1832745224237442,0.1832745224237442,15900,0.0,0.0
2007-07-20 00:00:00-03:00,0.1795589178800583,0.18575062898599232,0.1795589178800583,0.1795589178800583,15900,0.0,0.0
2007-07-23 00:00:00-03:00,0.18575063599322017,0.1931809037923813,0.18575063599322017,0.1931809037923813,77913,0.0,0.0
2007-07-24 00:00:00-03:00,0.18575063347816467,0.19194235940450596,0.18575063347816467,0.18575063347816467,7377,0.0,0.0
2007-07-25 00:00:00-03:00,0.1931809037923813,0.1931809037923813,0.1931809037923813,0.1931809037923813,28271,0.0,0.0
2007-07-26 00:00:00-03:00,0.1795589178800583,0.18698917072825388,0.1795589178800583,0.1795589178800583,0,0.0,0.0
2007-07-27 00:00:00-03:00,0.1931809037923813,0.1931809037923813,0.1931809037923813,0.1931809037923813,79503,0.0,0.0
2007-07-30 00:00:00-03:00,0.18575063347816467,0.1944194429489346,0.18575063347816467,0.18575063347816467,2385,0.0,0.0
2007-07-31 00:00:00-03:00,0.1919423600545131,0.19441944360733032,0.18822771766002092,0.19441944360733032,57242,0.0,0.0
2007-08-01 00:00:00-03:00,0.1931808971591794,0.1931808971591794,0.18822771310806274,0.18822771310806274,39751,0.0,0.0
2007-08-02 00:00:00-03:00,0.18822771310806274,0.18822771310806274,0.18822771310806274,0.18822771310806274,47074,0.0,0.0
2007-08-03 00:00:00-03:00,0.1832745224237442,0.19318089016743925,0.1832745224237442,0.1832745224237442,0,0.0,0.0
2007-08-06 00:00:00-03:00,0.1832745224237442,0.1894662479972222,0.1832745224237442,0.1832745224237442,0,0.0,0.0
2007-08-07 00:00:00-03:00,0.18079745769500732,0.1931808944455344,0.18079745769500732,0.18079745769500732,0,0.0,0.0
2007-08-08 00:00:00-03:00,0.1931809037923813,0.1931809037923813,0.1931809037923813,0.1931809037923813,7950,0.0,0.0
2007-08-09 00:00:00-03:00,0.1931809037923813,0.1931809037923813,0.1931809037923813,0.1931809037923813,49642,0.0,0.0
2007-08-10 00:00:00-03:00,0.19070479273796082,0.19070479273796082,0.19070479273796082,0.19070479273796082,0,0.0,0.0
2007-08-13 00:00:00-03:00,0.19813407957553864,0.19813407957553864,0.19813407957553864,0.19813407957553864,0,0.0,0.0
2007-08-14 00:00:00-03:00,0.1795589178800583,0.18575062898599232,0.1795589178800583,0.1795589178800583,0,0.0,0.0
2007-08-15 00:00:00-03:00,0.18451307889780155,0.18451307889780155,0.17460574209690094,0.17460574209690094,71553,0.0,0.0
2007-08-16 00:00:00-03:00,0.16098375618457794,0.18822771359725532,0.16098375618457794,0.16098375618457794,7950,0.0,0.0
2007-08-17 00:00:00-03:00,0.18575063347816467,0.18575063347816467,0.18575063347816467,0.18575063347816467,7950,0.0,0.0
2007-08-21 00:00:00-03:00,0.17089109122753143,0.18698917037142518,0.17089109122753143,0.17089109122753143,0,0.0,0.0
2007-08-22 00:00:00-03:00,0.1832745224237442,0.1832745224237442,0.1832745224237442,0.1832745224237442,31801,0.0,0.0
2007-08-23 00:00:00-03:00,0.17460574209690094,0.18575063776383874,0.17460574209690094,0.17460574209690094,0,0.0,0.0
2007-08-24 00:00:00-03:00,0.1795589119895196,0.1832745224237442,0.177082811520933,0.1832745224237442,31801,0.0,0.0
2007-08-27 00:00:00-03:00,0.1770828125063587,0.17955891298872426,0.1733671873807907,0.1733671873807907,135156,0.0,0.0
2007-08-28 00:00:00-03:00,0.1696525514125824,0.1696525514125824,0.1696525514125824,0.1696525514125824,47702,0.0,0.0
2007-08-29 00:00:00-03:00,0.16965254759038587,0.17212963104248047,0.16965254759038587,0.17212963104248047,95404,0.0,0.0
2007-08-30 00:00:00-03:00,0.16717547178268433,0.18575063504802772,0.16717547178268433,0.16717547178268433,0,0.0,0.0
2007-08-31 00:00:00-03:00,0.17212963104248047,0.17212963104248047,0.17212963104248047,0.17212963104248047,31801,0.0,0.0
2007-09-03 00:00:00-03:00,0.16469937562942505,0.17584427044365483,0.16469937562942505,0.16469937562942505,0,0.0,0.0
2007-09-04 00:00:00-03:00,0.1733671873807907,0.1733671873807907,0.1733671873807907,0.1733671873807907,7950,0.0,0.0
2007-09-05 00:00:00-03:00,0.1609837604746817,0.1733671977613547,0.1609837604746817,0.16717547178268433,123135,0.0,0.0
2007-09-06 00:00:00-03:00,0.16222229599952698,0.17336719107359622,0.16222229599952698,0.16222229599952698,0,0.0,0.0
2007-09-07 00:00:00-03:00,0.16222229599952698,0.16222229599952698,0.16222229599952698,0.16222229599952698,0,0.0,0.0
2007-09-10 00:00:00-03:00,0.160983756740308,0.17336719373971984,0.160983756740308,0.1696525514125824,11925,0.0,0.0
2007-09-11 00:00:00-03:00,0.1696525514125824,0.1696525514125824,0.1696525514125824,0.1696525514125824,0,0.0,0.0
2007-09-12 00:00:00-03:00,0.1696525514125824,0.1696525514125824,0.1696525514125824,0.1696525514125824,0,0.0,0.0
2007-09-13 00:00:00-03:00,0.1696525514125824,0.1696525514125824,0.1696525514125824,0.1696525514125824,0,0.0,0.0
2007-09-14 00:00:00-03:00,0.1696525514125824,0.1696525514125824,0.1696525514125824,0.1696525514125824,0,0.0,0.0
2007-09-17 00:00:00-03:00,0.1696525514125824,0.1696525514125824,0.1696525514125824,0.1696525514125824,0,0.0,0.0
2007-09-18 00:00:00-03:00,0.1696525514125824,0.1696525514125824,0.1696525514125824,0.1696525514125824,0,0.0,0.0
2007-09-19 00:00:00-03:00,0.1733671873807907,0.1733671873807907,0.1733671873807907,0.1733671873807907,11369,0.0,0.0
2007-09-20 00:00:00-03:00,0.1733671873807907,0.1733671873807907,0.1733671873807907,0.1733671873807907,0,0.0,0.0
2007-09-21 00:00:00-03:00,0.17460574209690094,0.17460574209690094,0.17460574209690094,0.17460574209690094,11925,0.0,0.0
2007-09-24 00:00:00-03:00,0.1733671873807907,0.1733671873807907,0.1733671873807907,0.1733671873807907,17570,0.0,0.0
2007-09-25 00:00:00-03:00,0.1733671873807907,0.1733671873807907,0.1733671873807907,0.1733671873807907,0,0.0,0.0
2007-09-26 00:00:00-03:00,0.1733671873807907,0.17460572908931338,0.1733671873807907,0.1733671873807907,78231,0.0,0.0
2007-09-27 00:00:00-03:00,0.17089109122753143,0.17460573351252098,0.17089109122753143,0.17089109122753143,0,0.0,0.0
2007-09-28 00:00:00-03:00,0.17336719177262291,0.17336719177262291,0.17089109122753143,0.17089109122753143,27476,0.0,0.0
2007-10-01 00:00:00-03:00,0.17089109122753143,0.17089109122753143,0.17089109122753143,0.17089109122753143,31769,0.0,0.0
2007-10-02 00:00:00-03:00,0.17089109122753143,0.17089109122753143,0.17089109122753143,0.17089109122753143,11925,0.0,0.0
2007-10-03 00:00:00-03:00,0.17212962860694783,0.1733671873807907,0.17212962860694783,0.1733671873807907,59627,0.0,0.0
2007-10-04 00:00:00-03:00,0.17336720029611075,0.17460574209690094,0.17336720029611075,0.17460574209690094,35776,0.0,0.0
2007-10-05 00:00:00-03:00,0.17584428389769113,0.17584428389769113,0.17460574209690094,0.17460574209690094,51240,0.0,0.0
2007-10-08 00:00:00-03:00,0.17584427984057835,0.18575063347816467,0.17584427984057835,0.18575063347816467,130251,0.0,0.0
2007-10-09 00:00:00-03:00,0.17955892465456227,0.18451307713985443,0.17955892465456227,0.18451307713985443,114398,0.0,0.0
2007-10-10 00:00:00-03:00,0.1795589178800583,0.1795589178800583,0.1795589178800583,0.1795589178800583,7950,0.0,0.0
2007-10-11 00:00:00-03:00,0.18203600849943777,0.2129946092545244,0.18203600849943777,0.2105175256729126,836094,0.0,0.0
2007-10-12 00:00:00-03:00,0.21051751802053084,0.2278551219214279,0.2241394966840744,0.2241394966840744,594689,0.0,0.0
2007-10-16 00:00:00-03:00,0.2216633992524332,0.24023856222629547,0.2216633992524332,0.24023856222629547,451454,0.0,0.0
2007-10-17 00:00:00-03:00,0.24395319985853622,0.27243473051754113,0.2414761163799977,0.26995861530303955,2061011,0.0,0.0
2007-10-18 00:00:00-03:00,0.27615034106468167,0.2823420668263238,0.26005127899425684,0.26995861530303955,894331,0.0,0.0
2007-10-19 00:00:00-03:00,0.2724347318436482,0.2749118153342442,0.26005128026008606,0.26005128026008606,399896,0.0,0.0
2007-10-22 00:00:00-03:00,0.26005128924710386,0.27862643792304426,0.26005128924710386,0.2724347412586212,243258,0.0,0.0
2007-10-23 00:00:00-03:00,0.27738891283283557,0.29224845105201636,0.27738891283283557,0.28729525208473206,487645,0.0,0.0
2007-10-24 00:00:00-03:00,0.2910098693804339,0.29720159494886883,0.2897723106144857,0.29348695278167725,355382,0.0,0.0
2007-10-25 00:00:00-03:00,0.2934869515868994,0.2934869515868994,0.2848181426525116,0.2848181426525116,359842,0.0,0.0
2007-10-26 00:00:00-03:00,0.29224843430886954,0.29720160365104675,0.2910098779013157,0.29720160365104675,171847,0.0,0.0
2007-10-29 00:00:00-03:00,0.3033933387098686,0.3095850646495819,0.29720161277015533,0.3095850646495819,140133,0.0,0.0
2007-10-30 00:00:00-03:00,0.3095850599969751,0.3133006705951347,0.30339333415031433,0.30339333415031433,147583,0.0,0.0
2007-10-31 00:00:00-03:00,0.30339332444913253,0.3095850500978092,0.2910098731517792,0.2910098731517792,203052,0.0,0.0
2007-11-01 00:00:00-03:00,0.2910098731517792,0.2910098731517792,0.2910098731517792,0.2910098731517792,135156,0.0,0.0
2007-11-02 00:00:00-03:00,0.29100989306263025,0.33187583088874817,0.29100989306263025,0.33187583088874817,1146350,0.0,0.0
2007-11-05 00:00:00-03:00,0.32816021423627967,0.37150226661939545,0.32816021423627967,0.3529270887374878,1318087,0.0,0.0
2007-11-06 00:00:00-03:00,0.3529270887374878,0.3529270887374878,0.3529270887374878,0.3529270887374878,0,0.0,0.0
2007-11-07 00:00:00-03:00,0.36531053345490694,0.3962691333062534,0.36531053345490694,0.3838856816291809,646851,0.0,0.0
2007-11-08 00:00:00-03:00,0.3900773981642175,0.39503156506466075,0.35911879905124583,0.37150225043296814,448831,0.0,0.0
2007-11-09 00:00:00-03:00,0.37150226373223455,0.39626913804096486,0.37150226373223455,0.3900774121284485,327357,0.0,0.0
2007-11-12 00:00:00-03:00,0.3900774121284485,0.4024608639534812,0.3838856862159321,0.3900774121284485,159023,0.0,0.0
2007-11-13 00:00:00-03:00,0.39626913972686056,0.4358965495681131,0.39626913972686056,0.43341946601867676,498306,0.0,0.0
2007-11-14 00:00:00-03:00,0.4396111812408746,0.4841917594888328,0.4396111812408746,0.46685513854026794,681730,0.0,0.0
2007-11-15 00:00:00-03:00,0.4767615113754,0.5015283854324101,0.46314050085408487,0.4730468690395355,808077,0.0,0.0
2007-11-16 00:00:00-03:00,0.48295324121101607,0.48295324121101607,0.4643780635089481,0.47056978940963745,218262,0.0,0.0
2007-11-19 00:00:00-03:00,0.47676151531032673,0.48295324121101607,0.47056978940963745,0.47056978940963745,205414,0.0,0.0
2007-11-20 00:00:00-03:00,0.47056977213115453,0.47056977213115453,0.4458028987791278,0.46314048767089844,481706,0.0,0.0
2007-11-21 00:00:00-03:00,0.44580290199613615,0.4519946277141571,0.43961117627811513,0.4519946277141571,285029,0.0,0.0
2007-11-22 00:00:00-03:00,0.4458028972148895,0.44827998064941005,0.43961117156327495,0.4458028972148895,163547,0.0,0.0
2007-11-23 00:00:00-03:00,0.4458029008417911,0.46437804860642207,0.43961117513980275,0.4619019627571106,237462,0.0,0.0
2007-11-26 00:00:00-03:00,0.47056977213115453,0.48295322347783487,0.46314048767089844,0.46314048767089844,537398,0.0,0.0
2007-11-27 00:00:00-03:00,0.46314048493828236,0.4643780437178965,0.455710232257843,0.455710232257843,138225,0.0,0.0
2007-11-28 00:00:00-03:00,0.46685513767194914,0.46685513767194914,0.4507570731685184,0.4581863284111023,223557,0.0,0.0
2007-11-29 00:00:00-03:00,0.45818632078447413,0.46437804645781433,0.45075706566555207,0.46314048767089844,168039,0.0,0.0
2007-11-30 00:00:00-03:00,0.45818632549579347,0.469332218170166,0.45818632549579347,0.469332218170166,72348,0.0,0.0
2007-12-03 00:00:00-03:00,0.47056977213115453,0.47056977213115453,0.46314048767089844,0.46314048767089844,47447,0.0,0.0
2007-12-04 00:00:00-03:00,0.4458028972148895,0.45694876039421123,0.4458028972148895,0.4458028972148895,0,0.0,0.0
2007-12-05 00:00:00-03:00,0.458186345828513,0.458186345828513,0.44580292314630027,0.45694878697395325,99459,0.0,0.0
2007-12-06 00:00:00-03:00,0.4569487863330544,0.4569487863330544,0.43465802697308875,0.43961119651794434,96541,0.0,0.0
2007-12-07 00:00:00-03:00,0.42103601850867467,0.4420882800930773,0.42103601850867467,0.43961119651794434,34957,0.0,0.0
2007-12-10 00:00:00-03:00,0.42970481514930725,0.45199463491542996,0.42970481514930725,0.42970481514930725,0,0.0,0.0
2007-12-11 00:00:00-03:00,0.4396111919575353,0.4396111919575353,0.43341946601867676,0.43341946601867676,26665,0.0,0.0
2007-12-12 00:00:00-03:00,0.4334194526732943,0.4334194526732943,0.42103600117687495,0.4235130846500397,132763,0.0,0.0
2007-12-13 00:00:00-03:00,0.40865257382392883,0.4173213829350402,0.40865257382392883,0.40865257382392883,200532,0.0,0.0
2007-12-14 00:00:00-03:00,0.40865258986599756,0.40865258986599756,0.37150226373223455,0.3900774121284485,181682,0.0,0.0
2007-12-17 00:00:00-03:00,0.39007741664353146,0.39626914262771606,0.37150226803231323,0.39626914262771606,116059,0.0,0.0
2007-12-18 00:00:00-03:00,0.39626913237253975,0.39626913237253975,0.3727407854991516,0.3937930464744568,85832,0.0,0.0
2007-12-19 00:00:00-03:00,0.38512423882103825,0.3937930481861297,0.37893251297017816,0.39255449175834656,79169,0.0,0.0
2007-12-20 00:00:00-03:00,0.3925544888336097,0.4210360050201416,0.39131596175638916,0.4210360050201416,155541,0.0,0.0
2007-12-21 00:00:00-03:00,0.4210359946084312,0.4458028972148895,0.4210359946084312,0.4458028972148895,321855,0.0,0.0
2007-12-24 00:00:00-03:00,0.4458028972148895,0.4458028972148895,0.4458028972148895,0.4458028972148895,0,0.0,0.0
2007-12-26 00:00:00-03:00,0.44580291633834807,0.44580291633834807,0.44332680106163025,0.44332680106163025,163078,0.0,0.0
2007-12-27 00:00:00-03:00,0.44580291633834807,0.44580291633834807,0.4334194645039101,0.44332680106163025,166799,0.0,0.0
2007-12-28 00:00:00-03:00,0.44332680720997597,0.44332680720997597,0.43341947051485447,0.43961119651794434,104150,0.0,0.0
2008-01-02 00:00:00-02:00,0.43961117156327495,0.4458028972148895,0.4334194459116604,0.4458028972148895,121792,0.0,0.0
2008-01-03 00:00:00-02:00,0.45447169524173575,0.48295324121101607,0.45447169524173575,0.47056978940963745,352711,0.0,0.0
2008-01-04 00:00:00-02:00,0.4829532332804842,0.4891449297381651,0.4705697816824531,0.4755239486694336,636452,0.0,0.0
2008-01-07 00:00:00-02:00,0.4755239564779699,0.48295324121101607,0.4643780635089481,0.47056978940963745,125361,0.0,0.0
2008-01-08 00:00:00-02:00,0.46933222592964285,0.46933222592964285,0.4643780589103699,0.4643780589103699,36571,0.0,0.0
2008-01-09 00:00:00-02:00,0.4619019674909336,0.4680936932563782,0.4532331582454293,0.4680936932563782,135554,0.0,0.0
2008-01-10 00:00:00-02:00,0.4643780589103699,0.47676151058911936,0.4643780589103699,0.4643780589103699,99411,0.0,0.0
2008-01-11 00:00:00-02:00,0.4643780498088649,0.4643780498088649,0.44704142905601263,0.4519946277141571,118532,0.0,0.0
2008-01-14 00:00:00-02:00,0.4519946277141571,0.4519946277141571,0.4334194505600941,0.4519946277141571,44522,0.0,0.0
2008-01-15 00:00:00-02:00,0.4458029225210342,0.4458029225210342,0.43341947051485447,0.43961119651794434,139926,0.0,0.0
2008-01-16 00:00:00-02:00,0.43961119651794434,0.43961119651794434,0.43961119651794434,0.43961119651794434,6121,0.0,0.0
2008-01-17 00:00:00-02:00,0.42103602017709724,0.42103602017709724,0.41236820816993713,0.41236820816993713,73922,0.0,0.0
2008-01-18 00:00:00-02:00,0.40865259296427997,0.40865259296427997,0.40246086700481976,0.40617647767066956,39831,0.0,0.0
2008-01-21 00:00:00-02:00,0.369026156491667,0.3814096085863066,0.367787629365921,0.367787629365921,225194,0.0,0.0
2008-01-22 00:00:00-02:00,0.35911882019227,0.3838856950723856,0.3566427342016432,0.37645643949508667,229170,0.0,0.0
2008-01-23 00:00:00-02:00,0.37150225043296814,0.37150225043296814,0.37150225043296814,0.37150225043296814,58713,0.0,0.0
2008-01-24 00:00:00-02:00,0.371502245543063,0.371502245543063,0.36407296115957205,0.36531051993370056,91954,0.0,0.0
2008-01-25 00:00:00-02:00,0.36531054127541107,0.3715022672464987,0.35911881530432344,0.36159589886665344,97400,0.0,0.0
2008-01-28 00:00:00-02:00,0.35540415976958273,0.35788124324042775,0.350450990433261,0.35168951749801636,131626,0.0,0.0
2008-01-29 00:00:00-02:00,0.35911879905124583,0.37769397612382927,0.35911879905124583,0.37150225043296814,114883,0.0,0.0
2008-01-30 00:00:00-02:00,0.37150225043296814,0.37150225043296814,0.37150225043296814,0.37150225043296814,33121,0.0,0.0
2008-01-31 00:00:00-02:00,0.35911881923675537,0.3603573757021506,0.35788126037677626,0.35911881923675537,108506,0.0,0.0
2008-02-01 00:00:00-02:00,0.3640729659516891,0.3727407774874119,0.3640729659516891,0.37150225043296814,28056,0.0,0.0
2008-02-04 00:00:00-02:00,0.37769397012351247,0.37769397012351247,0.35911879334602753,0.37521785497665405,109508,0.0,0.0
2008-02-05 00:00:00-02:00,0.37150225043296814,0.37150225043296814,0.37150225043296814,0.37150225043296814,34266,0.0,0.0
2008-02-06 00:00:00-02:00,0.37150227131453223,0.37150227131453223,0.35911881923675537,0.35911881923675537,104945,0.0,0.0
2008-02-07 00:00:00-02:00,0.371502245543063,0.371502245543063,0.36531051993370056,0.36531051993370056,59890,0.0,0.0
2008-02-08 00:00:00-02:00,0.3640729784965515,0.3640729784965515,0.3640729784965515,0.3640729784965515,15900,0.0,0.0
2008-02-11 00:00:00-02:00,0.3529270887374878,0.3529270887374878,0.3529270887374878,0.3529270887374878,63603,0.0,0.0
2008-02-12 00:00:00-02:00,0.3529270845870281,0.3640729775328844,0.3467353880405426,0.3467353880405426,115797,0.0,0.0
2008-02-13 00:00:00-02:00,0.34673538115061775,0.34673538115061775,0.34054365538583203,0.34178218245506287,63444,0.0,0.0
2008-02-14 00:00:00-02:00,0.35168953270874764,0.37150226959361304,0.3467353948941233,0.36902615427970886,29972,0.0,0.0
2008-02-15 00:00:00-02:00,0.36531051993370056,0.36531051993370056,0.36531051993370056,0.36531051993370056,14517,0.0,0.0
2008-02-18 00:00:00-02:00,0.3690261559891579,0.3690261559891579,0.35911881923675537,0.35911881923675537,59643,0.0,0.0
2008-02-19 00:00:00-02:00,0.3702646942492779,0.37893250584602356,0.3702646942492779,0.37893250584602356,166640,0.0,0.0
2008-02-20 00:00:00-02:00,0.3739793317354208,0.3739793317354208,0.372740775346756,0.372740775346756,26395,0.0,0.0
2008-02-21 00:00:00-02:00,0.38512422601856633,0.3913159516635983,0.38017105676014484,0.38264814019203186,114270,0.0,0.0
2008-02-22 00:00:00-02:00,0.38264814170130795,0.40865257382392883,0.38264814170130795,0.40865257382392883,184425,0.0,0.0
2008-02-25 00:00:00-02:00,0.4086525928090051,0.41484431876611266,0.3975076973438263,0.3975076973438263,300437,0.0,0.0
2008-02-26 00:00:00-02:00,0.39503157602486083,0.40617647132002177,0.39503157602486083,0.4012233018875122,94053,0.0,0.0
2008-02-27 00:00:00-02:00,0.40369937035995973,0.4061764537718904,0.40246084332466125,0.40246084332466125,103100,0.0,0.0
2008-02-28 00:00:00-02:00,0.39626914262771606,0.39626914262771606,0.39007741664353146,0.39626914262771606,109445,0.0,0.0
2008-02-29 00:00:00-02:00,0.41979845897267504,0.421036017823485,0.4049379527568817,0.4049379527568817,97145,0.0,0.0
2008-03-03 00:00:00-02:00,0.39255449175834656,0.40493794346006673,0.39255449175834656,0.39255449175834656,0,0.0,0.0
2008-03-04 00:00:00-02:00,0.3900774121284485,0.4012233051187604,0.3900774121284485,0.3900774121284485,8991,0.0,0.0
2008-03-05 00:00:00-02:00,0.3962691431927664,0.4049379527568817,0.3962691431927664,0.4049379527568817,61607,0.0,0.0
2008-03-06 00:00:00-02:00,0.4049379278417791,0.4123681804925057,0.4049379278417791,0.4111296534538269,82119,0.0,0.0
2008-03-07 00:00:00-02:00,0.40865257382392883,0.40865257382392883,0.40865257382392883,0.40865257382392883,28064,0.0,0.0
2008-03-10 00:00:00-02:00,0.4074150341201764,0.4074150341201764,0.40617647767066956,0.40617647767066956,8761,0.0,0.0
2008-03-11 00:00:00-02:00,0.40617647767066956,0.40617647767066956,0.3962691410453596,0.40617647767066956,71839,0.0,0.0
2008-03-12 00:00:00-02:00,0.3900774121284485,0.3900774121284485,0.3900774121284485,0.3900774121284485,7950,0.0,0.0
2008-03-13 00:00:00-02:00,0.38264814789575025,0.38264814789575025,0.3776939809322357,0.3776939809322357,184639,0.0,0.0
2008-03-14 00:00:00-02:00,0.3690261325153575,0.38264814019203186,0.36531052203819386,0.38264814019203186,84751,0.0,0.0
2008-03-17 00:00:00-03:00,0.37150225043296814,0.37150225043296814,0.37026469164255027,0.37150225043296814,34981,0.0,0.0
2008-03-18 00:00:00-03:00,0.37150225043296814,0.37150225043296814,0.37150225043296814,0.37150225043296814,23294,0.0,0.0
2008-03-19 00:00:00-03:00,0.371502245543063,0.371502245543063,0.36531051993370056,0.36531051993370056,62394,0.0,0.0
2008-03-20 00:00:00-03:00,0.36531051993370056,0.36531051993370056,0.36531051993370056,0.36531051993370056,0,0.0,0.0
2008-03-25 00:00:00-03:00,0.35911881923675537,0.35911881923675537,0.35911881923675537,0.35911881923675537,5565,0.0,0.0
2008-03-26 00:00:00-03:00,0.37150225043296814,0.37150225043296814,0.37150225043296814,0.37150225043296814,3975,0.0,0.0
2008-03-27 00:00:00-03:00,0.3603573757021506,0.3603573757021506,0.35911881923675537,0.35911881923675537,12482,0.0,0.0
2008-03-28 00:00:00-03:00,0.3504509925842285,0.3504509925842285,0.3504509925842285,0.3504509925842285,41978,0.0,0.0
2008-03-31 00:00:00-03:00,0.34302073913720094,0.3776939809322357,0.34302073913720094,0.3776939809322357,51057,0.0,0.0
2008-04-01 00:00:00-03:00,0.3715022551625479,0.3776939809322357,0.3715022551625479,0.3776939809322357,21466,0.0,0.0
2008-04-03 00:00:00-03:00,0.37769398133961823,0.3888398447435081,0.37769398133961823,0.386362761259079,540682,0.0,0.0
2008-04-04 00:00:00-03:00,0.38388567777464994,0.3888398447435081,0.38388567777464994,0.386362761259079,60899,0.0,0.0
2008-04-07 00:00:00-03:00,0.3863627680526458,0.3925544939378835,0.3863627680526458,0.3913159668445587,285212,0.0,0.0
2008-04-08 00:00:00-03:00,0.3937930474023361,0.3937930474023361,0.3838856816291809,0.3838856816291809,156249,0.0,0.0
2008-04-09 00:00:00-03:00,0.3838856950723856,0.3838856950723856,0.3715022723029957,0.37645643949508667,112895,0.0,0.0
2008-04-10 00:00:00-03:00,0.3715022592934432,0.3838856816291809,0.36531053345490694,0.3838856816291809,140984,0.0,0.0
2008-04-11 00:00:00-03:00,0.38512423377213484,0.38512423377213484,0.35292707785348465,0.3776939809322357,49045,0.0,0.0
2008-04-14 00:00:00-03:00,0.35911881923675537,0.3776939973534207,0.35911881923675537,0.35911881923675537,5120,0.0,0.0
2008-04-15 00:00:00-03:00,0.3566427230834961,0.3653105348592713,0.3566427230834961,0.3566427230834961,0,0.0,0.0
2008-04-16 00:00:00-03:00,0.3826481430242726,0.3826481430242726,0.37150225043296814,0.37150225043296814,36571,0.0,0.0
2008-04-17 00:00:00-03:00,0.37150225043296814,0.37150225043296814,0.37150225043296814,0.37150225043296814,12927,0.0,0.0
2008-04-18 00:00:00-03:00,0.37150225043296814,0.37150225043296814,0.37150225043296814,0.37150225043296814,76188,0.0,0.0
2008-04-21 00:00:00-03:00,0.35911881923675537,0.35911881923675537,0.35292709319786697,0.35911881923675537,113094,0.0,0.0
2008-04-22 00:00:00-03:00,0.3467353921181873,0.3529270887374878,0.3467353921181873,0.3529270887374878,22658,0.0,0.0
2008-04-23 00:00:00-03:00,0.3529270887374878,0.3529270887374878,0.3529270887374878,0.3529270887374878,29225,0.0,0.0
2008-04-24 00:00:00-03:00,0.3529270887374878,0.3529270887374878,0.3529270887374878,0.3529270887374878,8673,0.0,0.0
2008-04-25 00:00:00-03:00,0.34549781680107117,0.34549781680107117,0.34549781680107117,0.34549781680107117,23851,0.0,0.0
2008-04-28 00:00:00-03:00,0.3467353880405426,0.3467353880405426,0.3467353880405426,0.3467353880405426,52472,0.0,0.0
2008-04-29 00:00:00-03:00,0.3467353880405426,0.3467353880405426,0.3467353880405426,0.3467353880405426,57656,0.0,0.0
2008-04-30 00:00:00-03:00,0.3467353880405426,0.3467353880405426,0.3467353880405426,0.3467353880405426,0,0.0,0.0
2008-05-02 00:00:00-03:00,0.3467353880405426,0.3467353880405426,0.3467353880405426,0.3467353880405426,0,0.0,0.0
2008-05-05 00:00:00-03:00,0.3467353880405426,0.3467353880405426,0.3467353880405426,0.3467353880405426,0,0.0,0.0
2008-05-06 00:00:00-03:00,0.3467353880405426,0.3467353880405426,0.3467353880405426,0.3467353880405426,0,0.0,0.0
2008-05-07 00:00:00-03:00,0.32816019391507584,0.3393060863018036,0.31330065696123044,0.3393060863018036,63698,0.0,0.0
2008-05-08 00:00:00-03:00,0.3393060863018036,0.3393060863018036,0.3393060863018036,0.3393060863018036,0,0.0,0.0
2008-05-09 00:00:00-03:00,0.34549781680107117,0.34549781680107117,0.34549781680107117,0.34549781680107117,18588,0.0,0.0
2008-05-12 00:00:00-03:00,0.3343519462346907,0.3343519462346907,0.32196849408979683,0.3232070505619049,68110,0.0,0.0
2008-05-13 00:00:00-03:00,0.33930611344045114,0.33930611344045114,0.3232070505619049,0.3232070505619049,20671,0.0,0.0
2008-05-14 00:00:00-03:00,0.32196848012934787,0.340543657541275,0.32196848012934787,0.340543657541275,39966,0.0,0.0
2008-05-15 00:00:00-03:00,0.340543657541275,0.340543657541275,0.340543657541275,0.340543657541275,31801,0.0,0.0
2008-05-16 00:00:00-03:00,0.340543657541275,0.340543657541275,0.340543657541275,0.340543657541275,0,0.0,0.0
2008-05-19 00:00:00-03:00,0.34054365538583203,0.34178218245506287,0.3343519296210463,0.34178218245506287,150023,0.0,0.0
2008-05-20 00:00:00-03:00,0.34425925936410345,0.34425925936410345,0.3368290066719055,0.3368290066719055,35816,0.0,0.0
2008-05-21 00:00:00-03:00,0.3405436477963283,0.3442592582625476,0.32816019654273987,0.32816019654273987,78708,0.0,0.0
2008-05-22 00:00:00-03:00,0.33435192704200745,0.33435192704200745,0.33435192704200745,0.33435192704200745,26562,0.0,0.0
2008-05-23 00:00:00-03:00,0.33435192704200745,0.33435192704200745,0.33435192704200745,0.33435192704200745,0,0.0,0.0
2008-05-26 00:00:00-03:00,0.33435192704200745,0.33435192704200745,0.33435192704200745,0.33435192704200745,16059,0.0,0.0
2008-05-27 00:00:00-03:00,0.33435192704200745,0.33435192704200745,0.33435192704200745,0.33435192704200745,0,0.0,0.0
2008-05-28 00:00:00-03:00,0.309585049003691,0.32816019654273987,0.309585049003691,0.32816019654273987,115280,0.0,0.0
2008-05-29 00:00:00-03:00,0.32444557547569275,0.32444557547569275,0.32320704835338365,0.32444557547569275,29710,0.0,0.0
2008-05-30 00:00:00-03:00,0.32320704835338365,0.32444557547569275,0.3219684918897388,0.32444557547569275,82469,0.0,0.0
2008-06-02 00:00:00-03:00,0.3157767550893548,0.3157767550893548,0.3133006691932678,0.3133006691932678,21609,0.0,0.0
2008-06-03 00:00:00-03:00,0.30958506246787637,0.31082358956336975,0.30958506246787637,0.31082358956336975,65026,0.0,0.0
2008-06-04 00:00:00-03:00,0.31206214427948,0.31206214427948,0.31206214427948,0.31206214427948,41087,0.0,0.0
2008-06-05 00:00:00-03:00,0.31082359578808183,0.3157767653465271,0.31082359578808183,0.3157767653465271,132652,0.0,0.0
2008-06-06 00:00:00-03:00,0.3157767572814196,0.3157767572814196,0.3095850607608169,0.31206214427948,122436,0.0,0.0
2008-06-09 00:00:00-03:00,0.3157767452891514,0.3343519221695341,0.3157767452891514,0.32816019654273987,70655,0.0,0.0
2008-06-10 00:00:00-03:00,0.3095850607608169,0.31330067136814405,0.3095850607608169,0.31206214427948,37366,0.0,0.0
2008-06-11 00:00:00-03:00,0.3095850646495819,0.3095850646495819,0.3095850646495819,0.3095850646495819,13070,0.0,0.0
2008-06-12 00:00:00-03:00,0.3095850646495819,0.3095850646495819,0.3095850646495819,0.3095850646495819,30211,0.0,0.0
2008-06-13 00:00:00-03:00,0.3133006691932678,0.3133006691932678,0.3133006691932678,0.3133006691932678,95404,0.0,0.0
2008-06-17 00:00:00-03:00,0.29720160365104675,0.29720160365104675,0.29720160365104675,0.29720160365104675,24725,0.0,0.0
2008-06-18 00:00:00-03:00,0.29720160365104675,0.29720160365104675,0.29720160365104675,0.29720160365104675,0,0.0,0.0
2008-06-19 00:00:00-03:00,0.28605670225462027,0.2922484278678894,0.28481814587436344,0.2922484278678894,141413,0.0,0.0
2008-06-20 00:00:00-03:00,0.2922484278678894,0.2922484278678894,0.2922484278678894,0.2922484278678894,0,0.0,0.0
2008-06-23 00:00:00-03:00,0.2972016093034218,0.32073092460632324,0.2972016093034218,0.32073092460632324,136325,0.0,0.0
2008-06-24 00:00:00-03:00,0.3244455759754145,0.3331143856048584,0.3244455759754145,0.3331143856048584,132851,0.0,0.0
2008-06-25 00:00:00-03:00,0.33435194446499467,0.3368290280547639,0.3331143856048584,0.3331143856048584,154666,0.0,0.0
2008-06-26 00:00:00-03:00,0.3331143856048584,0.3331143856048584,0.3331143856048584,0.3331143856048584,0,0.0,0.0
2008-06-27 00:00:00-03:00,0.3331143856048584,0.3331143856048584,0.3331143856048584,0.3331143856048584,0,0.0,0.0
2008-06-30 00:00:00-03:00,0.3343519439500148,0.3343519439500148,0.32444557547569275,0.32444557547569275,29861,0.0,0.0
2008-07-01 00:00:00-03:00,0.31577674051037985,0.3219684660434723,0.30339331878552833,0.3219684660434723,105255,0.0,0.0
2008-07-02 00:00:00-03:00,0.30339333415031433,0.30339333415031433,0.30339333415031433,0.30339333415031433,3975,0.0,0.0
2008-07-03 00:00:00-03:00,0.2972015932797849,0.2972015932797849,0.29224842411045543,0.2947255074977875,43727,0.0,0.0
2008-07-04 00:00:00-03:00,0.2872952503298958,0.2885338068008423,0.2872952503298958,0.2885338068008423,21863,0.0,0.0
2008-07-07 00:00:00-03:00,0.28481816225783796,0.28481816225783796,0.2823420763015747,0.2823420763015747,90769,0.0,0.0
2008-07-08 00:00:00-03:00,0.27491182483482185,0.27491182483482185,0.2724347412586212,0.2724347412586212,69168,0.0,0.0
2008-07-10 00:00:00-03:00,0.2724347412586212,0.2724347412586212,0.2724347412586212,0.2724347412586212,30211,0.0,0.0
2008-07-11 00:00:00-03:00,0.2612898051738739,0.2612898051738739,0.2612898051738739,0.2612898051738739,18683,0.0,0.0
2008-07-14 00:00:00-03:00,0.2575751841068268,0.2575751841068268,0.2575751841068268,0.2575751841068268,7950,0.0,0.0
2008-07-15 00:00:00-03:00,0.2575751841068268,0.2575751841068268,0.2575751841068268,0.2575751841068268,0,0.0,0.0
2008-07-16 00:00:00-03:00,0.2575751841068268,0.2575751841068268,0.2575751841068268,0.2575751841068268,0,0.0,0.0
2008-07-17 00:00:00-03:00,0.27986499273990656,0.2823420763015747,0.2786264362884048,0.2823420763015747,100421,0.0,0.0
2008-07-18 00:00:00-03:00,0.2910098677193434,0.3219684660434723,0.2910098677193434,0.3219684660434723,127206,0.0,0.0
2008-07-21 00:00:00-03:00,0.3343519183322088,0.3343519183322088,0.32939874914522393,0.33063727617263794,406885,0.0,0.0
2008-07-22 00:00:00-03:00,0.32816019654273987,0.32816019654273987,0.32816019654273987,0.32816019654273987,22785,0.0,0.0
2008-07-23 00:00:00-03:00,0.3281602201622438,0.3281602201622438,0.3232070505619049,0.3232070505619049,48926,0.0,0.0
2008-07-24 00:00:00-03:00,0.32816021331163553,0.32816021331163553,0.31825384497642517,0.31825384497642517,16687,0.0,0.0
2008-07-25 00:00:00-03:00,0.3157767653465271,0.3157767653465271,0.3157767653465271,0.3157767653465271,6765,0.0,0.0
2008-07-28 00:00:00-03:00,0.3009172120207425,0.3009172120207425,0.2972016015075477,0.2984401285648346,42868,0.0,0.0
2008-07-29 00:00:00-03:00,0.2984401285648346,0.2984401285648346,0.2984401285648346,0.2984401285648346,0,0.0,0.0
2008-07-30 00:00:00-03:00,0.2984401285648346,0.2984401285648346,0.2984401285648346,0.2984401285648346,0,0.0,0.0
2008-07-31 00:00:00-03:00,0.2984401285648346,0.2984401285648346,0.2984401285648346,0.2984401285648346,0,0.0,0.0
2008-08-01 00:00:00-03:00,0.2984401285648346,0.2984401285648346,0.2984401285648346,0.2984401285648346,0,0.0,0.0
2008-08-04 00:00:00-03:00,0.2984401285648346,0.2984401285648346,0.2984401285648346,0.2984401285648346,0,0.0,0.0
2008-08-05 00:00:00-03:00,0.2984401285648346,0.2984401285648346,0.2984401285648346,0.2984401285648346,0,0.0,0.0
2008-08-06 00:00:00-03:00,0.2984401285648346,0.2984401285648346,0.2984401285648346,0.2984401285648346,0,0.0,0.0
2008-08-07 00:00:00-03:00,0.2984401285648346,0.2984401285648346,0.2984401285648346,0.2984401285648346,0,0.0,0.0
2008-08-08 00:00:00-03:00,0.2984401285648346,0.2984401285648346,0.2984401285648346,0.2984401285648346,0,0.0,0.0
2008-08-11 00:00:00-03:00,0.2984401285648346,0.2984401285648346,0.2984401285648346,0.2984401285648346,0,0.0,0.0
2008-08-12 00:00:00-03:00,0.2984401285648346,0.2984401285648346,0.2984401285648346,0.2984401285648346,0,0.0,0.0
2008-08-13 00:00:00-03:00,0.2984401285648346,0.2984401285648346,0.2984401285648346,0.2984401285648346,0,0.0,0.0
2008-08-14 00:00:00-03:00,0.2984401285648346,0.2984401285648346,0.2984401285648346,0.2984401285648346,0,0.0,0.0
2008-08-15 00:00:00-03:00,0.2984401285648346,0.2984401285648346,0.2984401285648346,0.2984401285648346,0,0.0,0.0
2008-08-19 00:00:00-03:00,0.2724347412586212,0.2724347412586212,0.2724347412586212,0.2724347412586212,31801,0.0,0.0
2008-08-20 00:00:00-03:00,0.27738891242563407,0.2786264419555664,0.27738891242563407,0.2786264419555664,49356,0.0,0.0
2008-08-21 00:00:00-03:00,0.2786264419555664,0.2786264419555664,0.2786264419555664,0.2786264419555664,0,0.0,0.0
2008-08-22 00:00:00-03:00,0.2724347327021423,0.2724347327021423,0.2687200903892517,0.2687200903892517,130505,0.0,0.0
2008-08-25 00:00:00-03:00,0.26624301075935364,0.26624301075935364,0.26624301075935364,0.26624301075935364,10335,0.0,0.0
2008-08-26 00:00:00-03:00,0.2662429982944128,0.2662429982944128,0.25385954707166414,0.2650054395198822,101764,0.0,0.0
2008-08-27 00:00:00-03:00,0.2724347327021423,0.2724347327021423,0.2687200903892517,0.2687200903892517,235729,0.0,0.0
2008-08-28 00:00:00-03:00,0.27738890442916186,0.27738890442916186,0.26872009497164157,0.2749118208885193,39076,0.0,0.0
2008-08-29 00:00:00-03:00,0.2749118208885193,0.2749118208885193,0.2749118208885193,0.2749118208885193,0,0.0,0.0
2008-09-01 00:00:00-03:00,0.27862643792304426,0.27862643792304426,0.26624301525286254,0.2724347412586212,60025,0.0,0.0
2008-09-02 00:00:00-03:00,0.2724347412586212,0.2724347412586212,0.2724347412586212,0.2724347412586212,49689,0.0,0.0
2008-09-03 00:00:00-03:00,0.27243473350697806,0.27862642999522746,0.27243473350697806,0.27738890051841736,154237,0.0,0.0
2008-09-04 00:00:00-03:00,0.2848181526994909,0.2848181526994909,0.26995861530303955,0.26995861530303955,64581,0.0,0.0
2008-09-05 00:00:00-03:00,0.2687200882344375,0.27243473051754113,0.26624300475589896,0.26995861530303955,155827,0.0,0.0
2008-09-08 00:00:00-03:00,0.27491180429854706,0.2848181426525116,0.2711971621464777,0.2848181426525116,104150,0.0,0.0
2008-09-09 00:00:00-03:00,0.2687200903892517,0.2687200903892517,0.2687200903892517,0.2687200903892517,23851,0.0,0.0
2008-09-10 00:00:00-03:00,0.2687200903892517,0.2687200903892517,0.2687200903892517,0.2687200903892517,0,0.0,0.0
2008-09-11 00:00:00-03:00,0.2674815253329568,0.2724347239057871,0.2650054395198822,0.2650054395198822,558276,0.0,0.0
2008-09-12 00:00:00-03:00,0.26500546023489274,0.2786264419555664,0.26500546023489274,0.2786264419555664,12911,0.0,0.0
2008-09-15 00:00:00-03:00,0.26252835988998413,0.26252835988998413,0.26252835988998413,0.26252835988998413,39751,0.0,0.0
2008-09-16 00:00:00-03:00,0.2538595507350891,0.2662430021365423,0.2538595507350891,0.26252835988998413,94522,0.0,0.0
2008-09-17 00:00:00-03:00,0.25385954809207245,0.2600512737283349,0.25385954809207245,0.2550981044769287,475830,0.0,0.0
2008-09-18 00:00:00-03:00,0.2550981108842703,0.26005128026008606,0.25138346858308525,0.26005128026008606,181610,0.0,0.0
2008-09-19 00:00:00-03:00,0.2625283624727954,0.26995861530303955,0.2625283624727954,0.26995861530303955,79933,0.0,0.0
2008-09-22 00:00:00-03:00,0.26995861530303955,0.26995861530303955,0.26995861530303955,0.26995861530303955,0,0.0,0.0
2008-09-23 00:00:00-03:00,0.2637668886439846,0.2637668886439846,0.2612898051738739,0.2612898051738739,31801,0.0,0.0
2008-09-24 00:00:00-03:00,0.2612898051738739,0.2612898051738739,0.2612898051738739,0.2612898051738739,0,0.0,0.0
2008-09-25 00:00:00-03:00,0.26995861530303955,0.26995861530303955,0.26995861530303955,0.26995861530303955,67554,0.0,0.0
2008-09-26 00:00:00-03:00,0.26624301075935364,0.26624301075935364,0.26624301075935364,0.26624301075935364,42216,0.0,0.0
2008-09-29 00:00:00-03:00,0.2538595583299851,0.2588137253865393,0.24890638887882233,0.24890638887882233,186142,0.0,0.0
2008-09-30 00:00:00-03:00,0.250144898891449,0.250144898891449,0.250144898891449,0.250144898891449,15503,0.0,0.0
2008-10-01 00:00:00-03:00,0.2501449121671199,0.26005128026008606,0.2501449121671199,0.26005128026008606,601152,0.0,0.0
2008-10-02 00:00:00-03:00,0.2526220105575616,0.2526220105575616,0.25014492692086526,0.2513834834098816,46772,0.0,0.0
2008-10-03 00:00:00-03:00,0.2513834834098816,0.2513834834098816,0.2513834834098816,0.2513834834098816,22261,0.0,0.0
2008-10-06 00:00:00-03:00,0.23156976699829102,0.23156976699829102,0.23156976699829102,0.23156976699829102,5008,0.0,0.0
2008-10-07 00:00:00-03:00,0.23156977093171305,0.23528439867128767,0.22909268736839294,0.22909268736839294,189561,0.0,0.0
2008-10-08 00:00:00-03:00,0.22909268271697314,0.22909268271697314,0.22290095686912537,0.22290095686912537,135792,0.0,0.0
2008-10-09 00:00:00-03:00,0.2229009630408137,0.2229009630408137,0.2105175256729126,0.2105175256729126,554142,0.0,0.0
2008-10-10 00:00:00-03:00,0.1931809018309217,0.19441944360733032,0.19070480121283814,0.19441944360733032,589394,0.0,0.0
2008-10-13 00:00:00-03:00,0.19441944360733032,0.19441944360733032,0.19441944360733032,0.19441944360733032,0,0.0,0.0
2008-10-14 00:00:00-03:00,0.21299460574348458,0.22166340053081512,0.21299460574348458,0.22166340053081512,287350,0.0,0.0
2008-10-15 00:00:00-03:00,0.2105175256729126,0.2105175256729126,0.2105175256729126,0.2105175256729126,232095,0.0,0.0
2008-10-16 00:00:00-03:00,0.2030882325173226,0.2068028748035431,0.2030882325173226,0.2068028748035431,141668,0.0,0.0
2008-10-17 00:00:00-03:00,0.21299460530281067,0.21299460530281067,0.21299460530281067,0.21299460530281067,15900,0.0,0.0
2008-10-20 00:00:00-02:00,0.22290095486488312,0.22290095486488312,0.21547168493270874,0.21547168493270874,76323,0.0,0.0
2008-10-21 00:00:00-02:00,0.20061115287285725,0.20061115287285725,0.19565798342227936,0.19565798342227936,96748,0.0,0.0
2008-10-22 00:00:00-02:00,0.18575062898599232,0.18575062898599232,0.1795589178800583,0.1795589178800583,241429,0.0,0.0
2008-10-23 00:00:00-02:00,0.1857506359941008,0.1857506359941008,0.18203600823254226,0.18451307713985443,91429,0.0,0.0
2008-10-24 00:00:00-02:00,0.17832136154174805,0.17832136154174805,0.17832136154174805,0.17832136154174805,118039,0.0,0.0
2008-10-27 00:00:00-02:00,0.1733671873807907,0.1733671873807907,0.1733671873807907,0.1733671873807907,1113054,0.0,0.0
2008-10-28 00:00:00-02:00,0.17584427724762203,0.17584427724762203,0.1696525514125824,0.1696525514125824,95722,0.0,0.0
2008-10-29 00:00:00-02:00,0.1696525514125824,0.1696525514125824,0.1696525514125824,0.1696525514125824,119255,0.0,0.0
2008-10-30 00:00:00-02:00,0.1795589178800583,0.1795589178800583,0.1795589178800583,0.1795589178800583,30179,0.0,0.0
2008-10-31 00:00:00-02:00,0.1795589178800583,0.1795589178800583,0.1795589178800583,0.1795589178800583,0,0.0,0.0
2008-11-03 00:00:00-02:00,0.1795589178800583,0.1795589178800583,0.1795589178800583,0.1795589178800583,0,0.0,0.0
2008-11-04 00:00:00-02:00,0.20432578756336306,0.20927995443344116,0.20432578756336306,0.20927995443344116,34584,0.0,0.0
2008-11-05 00:00:00-02:00,0.21051751321627377,0.21051751321627377,0.20927995443344116,0.20927995443344116,23851,0.0,0.0
2008-11-06 00:00:00-02:00,0.20927995443344116,0.20927995443344116,0.20927995443344116,0.20927995443344116,0,0.0,0.0
2008-11-07 00:00:00-02:00,0.20804141739515805,0.21547168493270874,0.20804141739515805,0.21547168493270874,47424,0.0,0.0
2008-11-10 00:00:00-02:00,0.21547168493270874,0.21547168493270874,0.21547168493270874,0.21547168493270874,0,0.0,0.0
2008-11-11 00:00:00-02:00,0.2129946014419555,0.21547168493270874,0.2129946014419555,0.21547168493270874,20233,0.0,0.0
2008-11-12 00:00:00-02:00,0.21547168493270874,0.21547168493270874,0.21547168493270874,0.21547168493270874,0,0.0,0.0
2008-11-13 00:00:00-02:00,0.21547168493270874,0.21547168493270874,0.21547168493270874,0.21547168493270874,0,0.0,0.0
2008-11-14 00:00:00-02:00,0.21547168493270874,0.21547168493270874,0.21547168493270874,0.21547168493270874,0,0.0,0.0
2008-11-17 00:00:00-02:00,0.21547168493270874,0.21547168493270874,0.21547168493270874,0.21547168493270874,0,0.0,0.0
2008-11-18 00:00:00-02:00,0.20432579517364502,0.20432579517364502,0.20432579517364502,0.20432579517364502,40976,0.0,0.0
2008-11-19 00:00:00-02:00,0.20184969902038574,0.20184969902038574,0.20184969902038574,0.20184969902038574,31801,0.0,0.0
2008-11-20 00:00:00-02:00,0.19565798336820936,0.20432579517364502,0.19565798336820936,0.20432579517364502,29615,0.0,0.0
2008-11-21 00:00:00-02:00,0.19194235541272278,0.19194235541272278,0.18822771310806274,0.18822771310806274,30211,0.0,0.0
2008-11-24 00:00:00-02:00,0.18822771310806274,0.18822771310806274,0.18822771310806274,0.18822771310806274,13531,0.0,0.0
2008-11-25 00:00:00-02:00,0.18822771310806274,0.18822771310806274,0.18822771310806274,0.18822771310806274,0,0.0,0.0
2008-11-26 00:00:00-02:00,0.19813407957553864,0.19813407957553864,0.19813407957553864,0.19813407957553864,5565,0.0,0.0
2008-11-27 00:00:00-02:00,0.20432579517364502,0.20432579517364502,0.20432579517364502,0.20432579517364502,26156,0.0,0.0
2008-11-28 00:00:00-02:00,0.20432579517364502,0.20432579517364502,0.20432579517364502,0.20432579517364502,0,0.0,0.0
2008-12-01 00:00:00-02:00,0.20432579517364502,0.20432579517364502,0.20432579517364502,0.20432579517364502,0,0.0,0.0
2008-12-02 00:00:00-02:00,0.20804141461849213,0.20804141461849213,0.20804141461849213,0.20804141461849213,5533,0.0,0.0
2008-12-03 00:00:00-02:00,0.2167092263698578,0.2167092263698578,0.2167092263698578,0.2167092263698578,30052,0.0,0.0
2008-12-04 00:00:00-02:00,0.2167092263698578,0.2167092263698578,0.2167092263698578,0.2167092263698578,23851,0.0,0.0
2008-12-05 00:00:00-02:00,0.2340468466281891,0.2340468466281891,0.2340468466281891,0.2340468466281891,5962,0.0,0.0
2008-12-09 00:00:00-02:00,0.22661658673981064,0.22909268736839294,0.22661658673981064,0.22909268736839294,28231,0.0,0.0
2008-12-10 00:00:00-02:00,0.23156976699829102,0.23156976699829102,0.23156976699829102,0.23156976699829102,20050,0.0,0.0
2008-12-11 00:00:00-02:00,0.24271465837955475,0.24271465837955475,0.24271465837955475,0.24271465837955475,23493,0.0,0.0
2008-12-12 00:00:00-02:00,0.24271465837955475,0.24271465837955475,0.24271465837955475,0.24271465837955475,0,0.0,0.0
2008-12-15 00:00:00-02:00,0.24271466467717673,0.24766783416271212,0.24271466467717673,0.2476678341627121,39751,0.0,0.0
2008-12-16 00:00:00-02:00,0.24766783416271212,0.24766783416271212,0.24766783416271212,0.2476678341627121,21625,0.0,0.0
2008-12-17 00:00:00-02:00,0.2550981061538164,0.2550981061538164,0.24766782408385474,0.2538595497608185,24089,0.0,0.0
2008-12-18 00:00:00-02:00,0.24766783416271212,0.24766783416271212,0.24766783416271212,0.2476678341627121,39751,0.0,0.0
2008-12-19 00:00:00-02:00,0.24766783416271212,0.24766783416271212,0.24766783416271212,0.2476678341627121,0,0.0,0.0
2008-12-22 00:00:00-02:00,0.24766783416271212,0.24766783416271212,0.24766783416271212,0.2476678341627121,0,0.0,0.0
2008-12-23 00:00:00-02:00,0.24766782408385474,0.2538595497608185,0.24766782408385474,0.2538595497608185,33423,0.0,0.0
2008-12-24 00:00:00-02:00,0.2538595497608185,0.2538595497608185,0.2538595497608185,0.2538595497608185,0,0.0,0.0
2008-12-26 00:00:00-02:00,0.2538595497608185,0.2538595497608185,0.2538595497608185,0.2538595497608185,15900,0.0,0.0
2008-12-29 00:00:00-02:00,0.24766783416271212,0.250144917708179,0.24766783416271212,0.2476678341627121,53617,0.0,0.0
2008-12-30 00:00:00-02:00,0.24766783416271212,0.24766783416271212,0.24766783416271212,0.2476678341627121,0,0.0,0.0
2008-12-31 00:00:00-02:00,0.24766783416271212,0.24766783416271212,0.24766783416271212,0.2476678341627121,0,0.0,0.0
2009-01-02 00:00:00-02:00,0.24766783416271212,0.24766783416271212,0.24766783416271212,0.2476678341627121,0,0.0,0.0
2009-01-05 00:00:00-02:00,0.24766783244401624,0.24890638887882233,0.24766783244401624,0.24890638887882233,37096,0.0,0.0
2009-01-06 00:00:00-02:00,0.2575751841068268,0.2575751841068268,0.2575751841068268,0.2575751841068268,4372,0.0,0.0
2009-01-07 00:00:00-02:00,0.25014492692086526,0.2513834834098816,0.25014492692086526,0.2513834834098816,17721,0.0,0.0
2009-01-08 00:00:00-02:00,0.24766783416271212,0.24766783416271212,0.24766783416271212,0.2476678341627121,39751,0.0,0.0
2009-01-09 00:00:00-02:00,0.24519174998983032,0.24766783594774489,0.22909268736839294,0.22909268736839294,478772,0.0,0.0
2009-01-12 00:00:00-02:00,0.22413949862563848,0.22413949862563848,0.22290095686912537,0.22290095686912537,29933,0.0,0.0
2009-01-13 00:00:00-02:00,0.217947768099787,0.217947768099787,0.2167092263698578,0.2167092263698578,47702,0.0,0.0
2009-01-14 00:00:00-02:00,0.2167092263698578,0.2167092263698578,0.2167092263698578,0.2167092263698578,6002,0.0,0.0
2009-01-15 00:00:00-02:00,0.2105175256729126,0.2105175256729126,0.2105175256729126,0.2105175256729126,19875,0.0,0.0
2009-01-16 00:00:00-02:00,0.21547168493270874,0.21547168493270874,0.21547168493270874,0.21547168493270874,5024,0.0,0.0
2009-01-19 00:00:00-02:00,0.21175606548786163,0.21175606548786163,0.21175606548786163,0.21175606548786163,11925,0.0,0.0
2009-01-20 00:00:00-02:00,0.20804141461849213,0.20804141461849213,0.20804141461849213,0.20804141461849213,27985,0.0,0.0
2009-01-21 00:00:00-02:00,0.20804141461849213,0.20804141461849213,0.20804141461849213,0.20804141461849213,0,0.0,0.0
2009-01-22 00:00:00-02:00,0.20804141461849213,0.20804141461849213,0.20804141461849213,0.20804141461849213,0,0.0,0.0
2009-01-23 00:00:00-02:00,0.21299460530281067,0.21299460530281067,0.21299460530281067,0.21299460530281067,9540,0.0,0.0
2009-01-26 00:00:00-02:00,0.2167092310212776,0.22290095686912537,0.2167092310212776,0.22290095686912537,59015,0.0,0.0
2009-01-27 00:00:00-02:00,0.2167092263698578,0.2167092263698578,0.2167092263698578,0.2167092263698578,15900,0.0,0.0
2009-01-28 00:00:00-02:00,0.2377614825963974,0.2377614825963974,0.2377614825963974,0.2377614825963974,5167,0.0,0.0
2009-01-29 00:00:00-02:00,0.2377614825963974,0.2377614825963974,0.2377614825963974,0.2377614825963974,0,0.0,0.0
2009-01-30 00:00:00-02:00,0.2377614825963974,0.2377614825963974,0.2377614825963974,0.2377614825963974,0,0.0,0.0
2009-02-02 00:00:00-02:00,0.2377614825963974,0.2377614825963974,0.2377614825963974,0.2377614825963974,0,0.0,0.0
2009-02-03 00:00:00-02:00,0.2377614825963974,0.2377614825963974,0.2377614825963974,0.2377614825963974,0,0.0,0.0
2009-02-04 00:00:00-02:00,0.2377614825963974,0.2377614825963974,0.2377614825963974,0.2377614825963974,0,0.0,0.0
2009-02-05 00:00:00-02:00,0.2377614825963974,0.2377614825963974,0.2377614825963974,0.2377614825963974,0,0.0,0.0
2009-02-06 00:00:00-02:00,0.22290095208480712,0.22290095208480712,0.2142331405153632,0.2167092263698578,945301,0.0,0.0
2009-02-09 00:00:00-02:00,0.2167092263698578,0.2167092263698578,0.2167092263698578,0.2167092263698578,0,0.0,0.0
2009-02-10 00:00:00-02:00,0.2167092263698578,0.2167092263698578,0.2167092263698578,0.2167092263698578,19239,0.0,0.0
2009-02-11 00:00:00-02:00,0.2167092263698578,0.2167092263698578,0.2167092263698578,0.2167092263698578,0,0.0,0.0
2009-02-12 00:00:00-02:00,0.21670922258318082,0.21918630599975586,0.21670922258318082,0.21918630599975586,41787,0.0,0.0
2009-02-13 00:00:00-02:00,0.2167092263698578,0.2167092263698578,0.2167092263698578,0.2167092263698578,8983,0.0,0.0
2009-02-16 00:00:00-02:00,0.2167092263698578,0.2167092263698578,0.2167092263698578,0.2167092263698578,0,0.0,0.0
2009-02-17 00:00:00-02:00,0.2167092263698578,0.2167092263698578,0.2167092263698578,0.2167092263698578,0,0.0,0.0
2009-02-18 00:00:00-02:00,0.2167092263698578,0.2167092263698578,0.2167092263698578,0.2167092263698578,0,0.0,0.0
2009-02-19 00:00:00-02:00,0.2167092263698578,0.2167092263698578,0.2167092263698578,0.2167092263698578,0,0.0,0.0
2009-02-20 00:00:00-02:00,0.2167092263698578,0.2167092263698578,0.2167092263698578,0.2167092263698578,0,0.0,0.0
2009-02-23 00:00:00-02:00,0.2167092263698578,0.2167092263698578,0.2167092263698578,0.2167092263698578,0,0.0,0.0
2009-02-24 00:00:00-02:00,0.2167092263698578,0.2167092263698578,0.2167092263698578,0.2167092263698578,0,0.0,0.0
2009-02-25 00:00:00-02:00,0.2167092263698578,0.2167092263698578,0.2167092263698578,0.2167092263698578,0,0.0,0.0
2009-02-26 00:00:00-02:00,0.2167092263698578,0.2167092263698578,0.2167092263698578,0.2167092263698578,0,0.0,0.0
2009-02-27 00:00:00-02:00,0.20432579517364502,0.20432579517364502,0.20432579517364502,0.20432579517364502,7950,0.0,0.0
2009-03-02 00:00:00-02:00,0.19565798342227936,0.19565798342227936,0.19565798342227936,0.19565798342227936,18683,0.0,0.0
2009-03-03 00:00:00-02:00,0.18822770929522462,0.19070479273796082,0.18822770929522462,0.19070479273796082,35776,0.0,0.0
2009-03-04 00:00:00-02:00,0.19070479273796082,0.19070479273796082,0.19070479273796082,0.19070479273796082,0,0.0,0.0
2009-03-05 00:00:00-02:00,0.18203599750995636,0.18203599750995636,0.18203599750995636,0.18203599750995636,15900,0.0,0.0
2009-03-06 00:00:00-02:00,0.1832745224237442,0.1832745224237442,0.1832745224237442,0.1832745224237442,15900,0.0,0.0
2009-03-09 00:00:00-02:00,0.1832745224237442,0.1832745224237442,0.1832745224237442,0.1832745224237442,0,0.0,0.0
2009-03-10 00:00:00-02:00,0.1832745224237442,0.1832745224237442,0.1832745224237442,0.1832745224237442,0,0.0,0.0
2009-03-11 00:00:00-02:00,0.1795589159659487,0.18079745769500732,0.1795589159659487,0.18079745769500732,54293,0.0,0.0
2009-03-12 00:00:00-02:00,0.18079745769500732,0.18079745769500732,0.18079745769500732,0.18079745769500732,0,0.0,0.0
2009-03-13 00:00:00-02:00,0.18079745769500732,0.18079745769500732,0.18079745769500732,0.18079745769500732,0,0.0,0.0
2009-03-16 00:00:00-03:00,0.18079745769500732,0.18079745769500732,0.18079745769500732,0.18079745769500732,0,0.0,0.0
2009-03-17 00:00:00-03:00,0.18079745769500732,0.18079745769500732,0.18079745769500732,0.18079745769500732,0,0.0,0.0
2009-03-18 00:00:00-03:00,0.18079745769500732,0.18079745769500732,0.18079745769500732,0.18079745769500732,0,0.0,0.0
2009-03-19 00:00:00-03:00,0.18079745769500732,0.18079745769500732,0.18079745769500732,0.18079745769500732,3975,0.0,0.0
2009-03-20 00:00:00-03:00,0.19813407957553864,0.19813407957553864,0.19813407957553864,0.19813407957553864,14867,0.0,0.0
2009-03-23 00:00:00-03:00,0.2006111443042755,0.2006111443042755,0.2006111443042755,0.2006111443042755,45285,0.0,0.0
2009-03-25 00:00:00-03:00,0.19937262577953246,0.19937262577953246,0.19565798342227936,0.19565798342227936,29607,0.0,0.0
2009-03-26 00:00:00-03:00,0.19441944360733032,0.19441944360733032,0.19441944360733032,0.19441944360733032,39751,0.0,0.0
2009-03-27 00:00:00-03:00,0.19441944360733032,0.19441944360733032,0.19441944360733032,0.19441944360733032,0,0.0,0.0
2009-03-30 00:00:00-03:00,0.19441944360733032,0.19441944360733032,0.19441944360733032,0.19441944360733032,0,0.0,0.0
2009-03-31 00:00:00-03:00,0.19070479924833278,0.20432579517364502,0.19070479924833278,0.20432579517364502,31801,0.0,0.0
2009-04-01 00:00:00-03:00,0.2105175256729126,0.2105175256729126,0.2105175256729126,0.2105175256729126,31801,0.0,0.0
2009-04-03 00:00:00-03:00,0.2105175256729126,0.2105175256729126,0.2105175256729126,0.2105175256729126,0,0.0,0.0
2009-04-06 00:00:00-03:00,0.2105175256729126,0.2105175256729126,0.2105175256729126,0.2105175256729126,0,0.0,0.0
2009-04-07 00:00:00-03:00,0.2105175256729126,0.2105175256729126,0.2105175256729126,0.2105175256729126,0,0.0,0.0
2009-04-08 00:00:00-03:00,0.21051751639784516,0.21051751639784516,0.19813407957553864,0.19813407957553864,78907,0.0,0.0
2009-04-13 00:00:00-03:00,0.19813407957553864,0.19813407957553864,0.19813407957553864,0.19813407957553864,0,0.0,0.0
2009-04-14 00:00:00-03:00,0.1981340839607859,0.20432579517364502,0.1981340839607859,0.20432579517364502,16695,0.0,0.0
2009-04-15 00:00:00-03:00,0.20432579517364502,0.20432579517364502,0.20432579517364502,0.20432579517364502,0,0.0,0.0
2009-04-16 00:00:00-03:00,0.20432579517364502,0.20432579517364502,0.20432579517364502,0.20432579517364502,0,0.0,0.0
2009-04-17 00:00:00-03:00,0.1981340883050115,0.2105175256729126,0.1981340883050115,0.2105175256729126,90475,0.0,0.0
2009-04-20 00:00:00-03:00,0.2105175256729126,0.2105175256729126,0.2105175256729126,0.2105175256729126,0,0.0,0.0
2009-04-21 00:00:00-03:00,0.2105175256729126,0.2105175256729126,0.2105175256729126,0.2105175256729126,0,0.0,0.0
2009-04-22 00:00:00-03:00,0.21051752176715646,0.21299460530281067,0.21051752176715646,0.21299460530281067,72229,0.0,0.0
2009-04-23 00:00:00-03:00,0.21299460530281067,0.21299460530281067,0.21299460530281067,0.21299460530281067,0,0.0,0.0
2009-04-24 00:00:00-03:00,0.2142331451177597,0.2142331451177597,0.2142331451177597,0.2142331451177597,17856,0.0,0.0
2009-04-27 00:00:00-03:00,0.19194234907627106,0.19194234907627106,0.19194234907627106,0.19194234907627106,108141,0.0,0.0
2009-04-28 00:00:00-03:00,0.19194234907627106,0.19194234907627106,0.19194234907627106,0.19194234907627106,15900,0.0,0.0
2009-04-29 00:00:00-03:00,0.19194234907627106,0.19194234907627106,0.19194234907627106,0.19194234907627106,0,0.0,0.0
2009-04-30 00:00:00-03:00,0.19441944160455935,0.20432579517364502,0.19441944160455935,0.20432579517364502,43766,0.0,0.0
2009-05-04 00:00:00-03:00,0.20432579517364502,0.20432579517364502,0.20432579517364502,0.20432579517364502,15900,0.0,0.0
2009-05-05 00:00:00-03:00,0.18575063347816467,0.18575063347816467,0.18575063347816467,0.18575063347816467,2567,0.0,0.0
2009-05-06 00:00:00-03:00,0.20432579965362813,0.2105175256729126,0.2006111572159555,0.2105175256729126,102178,0.0,0.0
2009-05-07 00:00:00-03:00,0.2105175256729126,0.2105175256729126,0.2105175256729126,0.2105175256729126,0,0.0,0.0
2009-05-08 00:00:00-03:00,0.2105175256729126,0.2105175256729126,0.2105175256729126,0.2105175256729126,0,0.0,0.0
2009-05-11 00:00:00-03:00,0.2006111443042755,0.2006111443042755,0.2006111443042755,0.2006111443042755,16695,0.0,0.0
2009-05-12 00:00:00-03:00,0.2105175256729126,0.2105175256729126,0.2105175256729126,0.2105175256729126,27031,0.0,0.0
2009-05-13 00:00:00-03:00,0.2105175256729126,0.2105175256729126,0.2105175256729126,0.2105175256729126,0,0.0,0.0
2009-05-14 00:00:00-03:00,0.20927995443344116,0.20927995443344116,0.20927995443344116,0.20927995443344116,7847,0.0,0.0
2009-05-15 00:00:00-03:00,0.20927995443344116,0.20927995443344116,0.20927995443344116,0.20927995443344116,0,0.0,0.0
2009-05-18 00:00:00-03:00,0.21175606548786163,0.21175606548786163,0.21175606548786163,0.21175606548786163,10733,0.0,0.0
2009-05-19 00:00:00-03:00,0.20061115349399336,0.21670923300089753,0.20061115349399336,0.21299460530281067,78812,0.0,0.0
2009-05-20 00:00:00-03:00,0.2105175256729126,0.2105175256729126,0.2105175256729126,0.2105175256729126,23851,0.0,0.0
2009-05-21 00:00:00-03:00,0.21051752407025567,0.2204248607158661,0.21051752407025567,0.2204248607158661,62975,0.0,0.0
2009-05-22 00:00:00-03:00,0.23033122718334198,0.23033122718334198,0.23033122718334198,0.23033122718334198,7950,0.0,0.0
2009-05-25 00:00:00-03:00,0.23033122718334198,0.23033122718334198,0.23033122718334198,0.23033122718334198,0,0.0,0.0
2009-05-26 00:00:00-03:00,0.2229009594915637,0.23033122718334198,0.2229009594915637,0.23033122718334198,16298,0.0,0.0
2009-05-27 00:00:00-03:00,0.23033122718334198,0.23033122718334198,0.23033122718334198,0.23033122718334198,0,0.0,0.0
2009-05-28 00:00:00-03:00,0.23033122718334198,0.23033122718334198,0.23033122718334198,0.23033122718334198,0,0.0,0.0
2009-05-29 00:00:00-03:00,0.22909268736839294,0.22909268736839294,0.22909268736839294,0.22909268736839294,19510,0.0,0.0
2009-06-01 00:00:00-03:00,0.22909267966806962,0.2340468466281891,0.22909267966806962,0.2340468466281891,38686,0.0,0.0
2009-06-02 00:00:00-03:00,0.2340468466281891,0.2340468466281891,0.2340468466281891,0.2340468466281891,0,0.0,0.0
2009-06-03 00:00:00-03:00,0.22290095686912537,0.22290095686912537,0.22290095686912537,0.22290095686912537,15900,0.0,0.0
2009-06-04 00:00:00-03:00,0.23156976699829102,0.23156976699829102,0.23156976699829102,0.23156976699829102,95404,0.0,0.0
2009-06-05 00:00:00-03:00,0.23156977093171305,0.23156977093171305,0.22909268736839294,0.22909268736839294,76721,0.0,0.0
2009-06-08 00:00:00-03:00,0.22661657631397247,0.22661657631397247,0.22661657631397247,0.22661657631397247,46318,0.0,0.0
2009-06-09 00:00:00-03:00,0.22909268736839294,0.22909268736839294,0.22909268736839294,0.22909268736839294,26753,0.0,0.0
2009-06-10 00:00:00-03:00,0.22909268736839294,0.22909268736839294,0.22909268736839294,0.22909268736839294,10096,0.0,0.0
2009-06-11 00:00:00-03:00,0.23404685292337304,0.23900002241134644,0.23404685292337304,0.23900002241134644,109103,0.0,0.0
2009-06-12 00:00:00-03:00,0.23900001799837034,0.2414761185646057,0.23900001799837034,0.2414761185646057,69963,0.0,0.0
2009-06-16 00:00:00-03:00,0.2414761185646057,0.2414761185646057,0.2414761185646057,0.2414761185646057,0,0.0,0.0
2009-06-17 00:00:00-03:00,0.22909268736839294,0.22909268736839294,0.22909268736839294,0.22909268736839294,111305,0.0,0.0
2009-06-18 00:00:00-03:00,0.22909268736839294,0.22909268736839294,0.22909268736839294,0.22909268736839294,0,0.0,0.0
2009-06-19 00:00:00-03:00,0.22909268736839294,0.22909268736839294,0.22909268736839294,0.22909268736839294,0,0.0,0.0
2009-06-22 00:00:00-03:00,0.22909268736839294,0.22909268736839294,0.22909268736839294,0.22909268736839294,0,0.0,0.0
2009-06-23 00:00:00-03:00,0.22537803649902344,0.22537803649902344,0.22537803649902344,0.22537803649902344,26236,0.0,0.0
2009-06-24 00:00:00-03:00,0.22537803649902344,0.22537803649902344,0.22537803649902344,0.22537803649902344,0,0.0,0.0
2009-06-25 00:00:00-03:00,0.22909268736839294,0.22909268736839294,0.22909268736839294,0.22909268736839294,13841,0.0,0.0
2009-06-26 00:00:00-03:00,0.22909268736839294,0.22909268736839294,0.22909268736839294,0.22909268736839294,0,0.0,0.0
2009-06-29 00:00:00-03:00,0.23528439697550688,0.24766783416271212,0.23528439697550688,0.2476678341627121,56105,0.0,0.0
2009-06-30 00:00:00-03:00,0.24766783416271212,0.24766783416271212,0.24766783416271212,0.2476678341627121,0,0.0,0.0
2009-07-01 00:00:00-03:00,0.24766783416271212,0.24766783416271212,0.24766783416271212,0.2476678341627121,0,0.0,0.0
2009-07-02 00:00:00-03:00,0.24766783416271212,0.24766783416271212,0.24766783416271212,0.2476678341627121,0,0.0,0.0
2009-07-03 00:00:00-03:00,0.24766781553231654,0.250144898891449,0.24766781553231654,0.250144898891449,121466,0.0,0.0
2009-07-06 00:00:00-03:00,0.26005128026008606,0.26005128026008606,0.26005128026008606,0.26005128026008606,7950,0.0,0.0
2009-07-07 00:00:00-03:00,0.26005128026008606,0.26005128026008606,0.26005128026008606,0.26005128026008606,0,0.0,0.0
2009-07-08 00:00:00-03:00,0.25633662939071655,0.25633662939071655,0.25633662939071655,0.25633662939071655,5565,0.0,0.0
2009-07-10 00:00:00-03:00,0.25633662939071655,0.25633662939071655,0.25633662939071655,0.25633662939071655,0,0.0,0.0
2009-07-13 00:00:00-03:00,0.23528438389912687,0.25633662939071655,0.23528438389912687,0.25633662939071655,13515,0.0,0.0
2009-07-14 00:00:00-03:00,0.25633662939071655,0.25633662939071655,0.25633662939071655,0.25633662939071655,0,0.0,0.0
2009-07-15 00:00:00-03:00,0.25633662939071655,0.25633662939071655,0.25633662939071655,0.25633662939071655,0,0.0,0.0
2009-07-16 00:00:00-03:00,0.2538595497608185,0.2538595497608185,0.2538595497608185,0.2538595497608185,7950,0.0,0.0
2009-07-17 00:00:00-03:00,0.24766783416271212,0.24766783416271212,0.24766783416271212,0.2476678341627121,23851,0.0,0.0
2009-07-20 00:00:00-03:00,0.2538595497608185,0.2538595497608185,0.2538595497608185,0.2538595497608185,6360,0.0,0.0
2009-07-21 00:00:00-03:00,0.2352843927469477,0.2414761185646057,0.2352843927469477,0.2414761185646057,14239,0.0,0.0
2009-07-22 00:00:00-03:00,0.2414761185646057,0.2414761185646057,0.2414761185646057,0.2414761185646057,0,0.0,0.0
2009-07-23 00:00:00-03:00,0.24766783416271212,0.24766783416271212,0.24766783416271212,0.2476678341627121,7950,0.0,0.0
2009-07-24 00:00:00-03:00,0.24766783416271212,0.24766783416271212,0.24766783416271212,0.2476678341627121,0,0.0,0.0
2009-07-27 00:00:00-03:00,0.24766783416271212,0.24766783416271212,0.24766783416271212,0.2476678341627121,0,0.0,0.0
2009-07-28 00:00:00-03:00,0.24890638218309044,0.24890638218309044,0.24395319819450378,0.24395319819450378,44291,0.0,0.0
2009-07-29 00:00:00-03:00,0.2414761185646057,0.2414761185646057,0.2414761185646057,0.2414761185646057,15900,0.0,0.0
2009-07-30 00:00:00-03:00,0.24147611473286174,0.24395319819450378,0.24147611473286174,0.24395319819450378,74367,0.0,0.0
2009-07-31 00:00:00-03:00,0.24395319819450378,0.24395319819450378,0.24395319819450378,0.24395319819450378,27031,0.0,0.0
2009-08-03 00:00:00-03:00,0.24271466031507993,0.24271466031507993,0.2414761185646057,0.2414761185646057,45317,0.0,0.0
2009-08-04 00:00:00-03:00,0.2414761185646057,0.2414761185646057,0.2414761185646057,0.2414761185646057,58021,0.0,0.0
2009-08-05 00:00:00-03:00,0.24147611755541018,0.26005128026008606,0.24147611755541018,0.26005128026008606,47702,0.0,0.0
2009-08-06 00:00:00-03:00,0.26005128026008606,0.26005128026008606,0.26005128026008606,0.26005128026008606,0,0.0,0.0
2009-08-07 00:00:00-03:00,0.26005128026008606,0.2724347318436482,0.253859554468305,0.26005128026008606,95404,0.0,0.0
2009-08-10 00:00:00-03:00,0.2711971778281411,0.2848181591217925,0.26624301075935364,0.26624301075935364,73143,0.0,0.0
2009-08-11 00:00:00-03:00,0.2724347412586212,0.2724347412586212,0.2724347412586212,0.2724347412586212,70941,0.0,0.0
2009-08-12 00:00:00-03:00,0.2724347412586212,0.2724347412586212,0.2724347412586212,0.2724347412586212,0,0.0,0.0
2009-08-13 00:00:00-03:00,0.2699586298535698,0.2786264419555664,0.2699586298535698,0.2786264419555664,274288,0.0,0.0
2009-08-14 00:00:00-03:00,0.2811035215854645,0.2811035215854645,0.27986499446765206,0.2811035215854645,107854,0.0,0.0
2009-08-18 00:00:00-03:00,0.2811035215854645,0.2811035215854645,0.2811035215854645,0.2811035215854645,0,0.0,0.0
2009-08-19 00:00:00-03:00,0.2811035215854645,0.2811035215854645,0.2811035215854645,0.2811035215854645,0,0.0,0.0
2009-08-20 00:00:00-03:00,0.2811035215854645,0.2811035215854645,0.2811035215854645,0.2811035215854645,0,0.0,0.0
2009-08-21 00:00:00-03:00,0.28358059700666677,0.28358059700666677,0.27243473350697806,0.27738890051841736,64875,0.0,0.0
2009-08-24 00:00:00-03:00,0.27738890051841736,0.27738890051841736,0.27738890051841736,0.27738890051841736,0,0.0,0.0
2009-08-25 00:00:00-03:00,0.27738890051841736,0.27738890051841736,0.27738890051841736,0.27738890051841736,0,0.0,0.0
2009-08-26 00:00:00-03:00,0.26005128026008606,0.26005128026008606,0.26005128026008606,0.26005128026008606,39751,0.0,0.0
2009-08-27 00:00:00-03:00,0.26005128026008606,0.26005128026008606,0.26005128026008606,0.26005128026008606,23851,0.0,0.0
2009-08-28 00:00:00-03:00,0.25633662564897436,0.2588137090206146,0.25633662564897436,0.2588137090206146,48497,0.0,0.0
2009-08-31 00:00:00-03:00,0.26748154624151865,0.2786264419555664,0.26748154624151865,0.2786264419555664,29018,0.0,0.0
2009-09-01 00:00:00-03:00,0.2786264419555664,0.2786264419555664,0.2786264419555664,0.2786264419555664,0,0.0,0.0
2009-09-02 00:00:00-03:00,0.2786264419555664,0.2786264419555664,0.2786264419555664,0.2786264419555664,0,0.0,0.0
2009-09-03 00:00:00-03:00,0.2786264419555664,0.2786264419555664,0.2786264419555664,0.2786264419555664,0,0.0,0.0
2009-09-04 00:00:00-03:00,0.2786264419555664,0.2786264419555664,0.2786264419555664,0.2786264419555664,0,0.0,0.0
2009-09-07 00:00:00-03:00,0.2786264419555664,0.2786264419555664,0.2786264419555664,0.2786264419555664,0,0.0,0.0
2009-09-08 00:00:00-03:00,0.27615035594894044,0.2786264419555664,0.27615035594894044,0.2786264419555664,176363,0.0,0.0
2009-09-09 00:00:00-03:00,0.2798649734755293,0.2848181426525116,0.2798649734755293,0.2848181426525116,53052,0.0,0.0
2009-09-10 00:00:00-03:00,0.2786264419555664,0.2786264419555664,0.2786264419555664,0.2786264419555664,66624,0.0,0.0
2009-09-11 00:00:00-03:00,0.2786264341303971,0.2848181600518743,0.2786264341303971,0.28358060121536255,305867,0.0,0.0
2009-09-14 00:00:00-03:00,0.28358060121536255,0.28358060121536255,0.28358060121536255,0.28358060121536255,53339,0.0,0.0
2009-09-15 00:00:00-03:00,0.2823420763015747,0.2823420763015747,0.2823420763015747,0.2823420763015747,24375,0.0,0.0
2009-09-16 00:00:00-03:00,0.2823420763015747,0.2823420763015747,0.2823420763015747,0.2823420763015747,0,0.0,0.0
2009-09-17 00:00:00-03:00,0.28729523562535797,0.29720160365104675,0.28729523562535797,0.29720160365104675,68707,0.0,0.0
2009-09-18 00:00:00-03:00,0.29720160365104675,0.29720160365104675,0.2947255177826429,0.29720160365104675,103895,0.0,0.0
2009-09-21 00:00:00-03:00,0.2959640344935517,0.3219684660434723,0.2959640344935517,0.3219684660434723,897702,0.0,0.0
2009-09-22 00:00:00-03:00,0.3442592756608128,0.3442592756608128,0.3095850646495819,0.3095850646495819,17490,0.0,0.0
2009-09-23 00:00:00-03:00,0.33435192704200745,0.33435192704200745,0.33435192704200745,0.33435192704200745,87136,0.0,0.0
2009-09-24 00:00:00-03:00,0.32196847091594566,0.33063727996733067,0.32196847091594566,0.32816019654273987,102560,0.0,0.0
2009-09-25 00:00:00-03:00,0.32816021037708104,0.3467353880405426,0.32816021037708104,0.3467353880405426,1395293,0.0,0.0
2009-09-28 00:00:00-03:00,0.3529270845870281,0.3529270845870281,0.3467353880405426,0.3467353880405426,149228,0.0,0.0
2009-09-29 00:00:00-03:00,0.3467353820258228,0.35292707846490273,0.3467353820258228,0.3504509925842285,262482,0.0,0.0
2009-09-30 00:00:00-03:00,0.3529270845870281,0.3529270845870281,0.3467353880405426,0.3467353880405426,205501,0.0,0.0
2009-10-01 00:00:00-03:00,0.34425926208496094,0.34425926208496094,0.34425926208496094,0.34425926208496094,140721,0.0,0.0
2009-10-02 00:00:00-03:00,0.34425926208496094,0.34425926208496094,0.34425926208496094,0.34425926208496094,0,0.0,0.0
2009-10-05 00:00:00-03:00,0.35292706871497564,0.36531051993370056,0.35292706871497564,0.36531051993370056,30267,0.0,0.0
2009-10-06 00:00:00-03:00,0.37150227131453223,0.37150227131453223,0.35911881923675537,0.35911881923675537,256264,0.0,0.0
2009-10-07 00:00:00-03:00,0.3578812355502096,0.36531051993370056,0.3578812355502096,0.36531051993370056,113165,0.0,0.0
2009-10-08 00:00:00-03:00,0.36531051993370056,0.38636275083807115,0.36531051993370056,0.36531051993370056,234949,0.0,0.0
2009-10-09 00:00:00-03:00,0.3715022551625479,0.3863627608423463,0.3715022551625479,0.3776939809322357,119868,0.0,0.0
2009-10-13 00:00:00-03:00,0.390077413788002,0.43341946601867676,0.390077413788002,0.43341946601867676,519573,0.0,0.0
2009-10-14 00:00:00-03:00,0.45199464852412413,0.4581863451858784,0.43961119651794434,0.43961119651794434,75894,0.0,0.0
2009-10-15 00:00:00-03:00,0.43961119651794434,0.43961119651794434,0.43961119651794434,0.43961119651794434,5740,0.0,0.0
2009-10-16 00:00:00-03:00,0.43961119651794434,0.43961119651794434,0.43961119651794434,0.43961119651794434,0,0.0,0.0
2009-10-19 00:00:00-03:00,0.4272277355194092,0.4272277355194092,0.4272277355194092,0.4272277355194092,15900,0.0,0.0
2009-10-20 00:00:00-03:00,0.40865259160457773,0.43341946601867676,0.4012233068257333,0.43341946601867676,71227,0.0,0.0
2009-10-21 00:00:00-03:00,0.40865259160457773,0.43341946601867676,0.4012233068257333,0.43341946601867676,71227,0.0,0.0
2009-10-22 00:00:00-03:00,0.42722772782246976,0.43341945358368505,0.42722772782246976,0.4321818947792053,20933,0.0,0.0
2009-10-23 00:00:00-03:00,0.4210360050201416,0.4210360050201416,0.4210360050201416,0.4210360050201416,4770,0.0,0.0
2009-10-26 00:00:00-03:00,0.4210360050201416,0.4210360050201416,0.4210360050201416,0.4210360050201416,7791,0.0,0.0
2009-10-27 00:00:00-03:00,0.4210360050201416,0.4210360050201416,0.4210360050201416,0.4210360050201416,0,0.0,0.0
2009-10-28 00:00:00-03:00,0.4024608481544749,0.40865257382392883,0.396269122485021,0.40865257382392883,87851,0.0,0.0
2009-10-29 00:00:00-03:00,0.40865257382392883,0.40865257382392883,0.40865257382392883,0.40865257382392883,0,0.0,0.0
2009-10-30 00:00:00-03:00,0.40246086861190067,0.40246086861190067,0.38883985779448615,0.39626914262771606,91564,0.0,0.0
2009-11-02 00:00:00-03:00,0.3962691340949753,0.3962691340949753,0.39255449175834656,0.39255449175834656,21338,0.0,0.0
2009-11-03 00:00:00-03:00,0.39255449175834656,0.39255449175834656,0.39255449175834656,0.39255449175834656,0,0.0,0.0
2009-11-04 00:00:00-03:00,0.39255449175834656,0.39255449175834656,0.39255449175834656,0.39255449175834656,0,0.0,0.0
2009-11-05 00:00:00-03:00,0.39255449175834656,0.39255449175834656,0.39255449175834656,0.39255449175834656,0,0.0,0.0
2009-11-09 00:00:00-03:00,0.39255449175834656,0.39255449175834656,0.39255449175834656,0.39255449175834656,0,0.0,0.0
2009-11-10 00:00:00-03:00,0.3876013215637999,0.3876013215637999,0.3838856816291809,0.3838856816291809,262148,0.0,0.0
2009-11-11 00:00:00-03:00,0.3838856816291809,0.3838856816291809,0.3838856816291809,0.3838856816291809,0,0.0,0.0
2009-11-12 00:00:00-03:00,0.3838856816291809,0.3838856816291809,0.3814095957252636,0.3838856816291809,296549,0.0,0.0
2009-11-13 00:00:00-03:00,0.38512423634529114,0.38512423634529114,0.38512423634529114,0.38512423634529114,31292,0.0,0.0
2009-11-16 00:00:00-03:00,0.38512423805449886,0.38512423805449886,0.3838856816291809,0.3838856816291809,28422,0.0,0.0
2009-11-17 00:00:00-03:00,0.3838856816291809,0.3838856816291809,0.3838856816291809,0.3838856816291809,0,0.0,0.0
2009-11-18 00:00:00-03:00,0.3838856816291809,0.3838856816291809,0.3838856816291809,0.3838856816291809,0,0.0,0.0
2009-11-19 00:00:00-03:00,0.3838856816291809,0.3838856816291809,0.3838856816291809,0.3838856816291809,0,0.0,0.0
2009-11-20 00:00:00-03:00,0.3838856816291809,0.3838856816291809,0.3838856816291809,0.3838856816291809,47702,0.0,0.0
2009-11-23 00:00:00-03:00,0.3838856816291809,0.3838856816291809,0.3838856816291809,0.3838856816291809,0,0.0,0.0
2009-11-24 00:00:00-03:00,0.3838856816291809,0.3838856816291809,0.3838856816291809,0.3838856816291809,0,0.0,0.0
2009-11-25 00:00:00-03:00,0.3838856816291809,0.3838856816291809,0.3838856816291809,0.3838856816291809,58832,0.0,0.0
2009-11-26 00:00:00-03:00,0.3838856816291809,0.3838856816291809,0.3838856816291809,0.3838856816291809,0,0.0,0.0
2009-11-27 00:00:00-03:00,0.37150225043296814,0.37150225043296814,0.37150225043296814,0.37150225043296814,20671,0.0,0.0
2009-11-30 00:00:00-03:00,0.3838856816291809,0.3838856816291809,0.3838856816291809,0.3838856816291809,10168,0.0,0.0
2009-12-01 00:00:00-03:00,0.396269122485021,0.40865257382392883,0.396269122485021,0.40865257382392883,56447,0.0,0.0
2009-12-02 00:00:00-03:00,0.41732140248141847,0.41732140248141847,0.3962691410453596,0.40617647767066956,23453,0.0,0.0
2009-12-03 00:00:00-03:00,0.4148443043231964,0.4148443043231964,0.4148443043231964,0.4148443043231964,4770,0.0,0.0
2009-12-04 00:00:00-03:00,0.39626914262771606,0.39626914262771606,0.39626914262771606,0.39626914262771606,13515,0.0,0.0
2009-12-07 00:00:00-03:00,0.4024608444230878,0.4111296534538269,0.4024608444230878,0.4111296534538269,54062,0.0,0.0
2009-12-09 00:00:00-03:00,0.4148442956471834,0.4148442956471834,0.4111296534538269,0.4111296534538269,23851,0.0,0.0
2009-12-10 00:00:00-03:00,0.4086525785816555,0.4148443043231964,0.4086525785816555,0.4148443043231964,88352,0.0,0.0
2009-12-11 00:00:00-03:00,0.4148443043231964,0.4148443043231964,0.41360674552264903,0.4148443043231964,288599,0.0,0.0
2009-12-14 00:00:00-03:00,0.4210360050201416,0.4235130885159174,0.4210360050201416,0.4210360050201416,121243,0.0,0.0
2009-12-15 00:00:00-03:00,0.4210360141409596,0.43341946601867676,0.4210360141409596,0.43341946601867676,23286,0.0,0.0
2009-12-16 00:00:00-03:00,0.42722773410849124,0.43961118581312586,0.42722773410849124,0.43713507056236267,129567,0.0,0.0
2009-12-17 00:00:00-03:00,0.4458029225210342,0.45199464852412413,0.43341947051485447,0.43961119651794434,60263,0.0,0.0
2009-12-18 00:00:00-03:00,0.4334194459116604,0.4458028972148895,0.4334194459116604,0.4458028972148895,151383,0.0,0.0
2009-12-21 00:00:00-03:00,0.4519946365729552,0.4705697847497446,0.4519946365729552,0.4643780589103699,254078,0.0,0.0
2009-12-22 00:00:00-03:00,0.46809368629329956,0.46933221334423864,0.46314048767089844,0.46314048767089844,118063,0.0,0.0
2009-12-23 00:00:00-03:00,0.47056979394849374,0.47676151990890503,0.4680937079958384,0.47676151990890503,517005,0.0,0.0
2009-12-24 00:00:00-03:00,0.47056979394849374,0.47676151990890503,0.4680937079958384,0.47676151990890503,517005,0.0,0.0
2009-12-28 00:00:00-03:00,0.47676151990890503,0.48171568702502265,0.47676151990890503,0.47676151990890503,82286,0.0,0.0
2009-12-29 00:00:00-03:00,0.47676151990890503,0.47676151990890503,0.47676151990890503,0.47676151990890503,0,0.0,0.0
2009-12-30 00:00:00-03:00,0.48914494324117197,0.49409911036491394,0.4854303301744382,0.49409911036491394,61893,0.0,0.0
2009-12-31 00:00:00-03:00,0.48914494324117197,0.49409911036491394,0.4854303301744382,0.49409911036491394,61893,0.0,0.0
2010-01-04 00:00:00-03:00,0.4953366494535741,0.5423943400382996,0.4953366494535741,0.5423943400382996,118421,0.0,0.0
2010-01-05 00:00:00-03:00,0.5448703765869141,0.5448703765869141,0.5448703765869141,0.5448703765869141,34146,0.0,0.0
2010-01-06 00:00:00-03:00,0.5300109237991546,0.538678765296936,0.527533810830207,0.538678765296936,57521,0.0,0.0
2010-01-07 00:00:00-03:00,0.5262953087141592,0.5324870347976685,0.5262953087141592,0.5324870347976685,29806,0.0,0.0
2010-01-08 00:00:00-03:00,0.5262953043476867,0.5349640846252441,0.5201035783155478,0.5349640846252441,35069,0.0,0.0
2010-01-11 00:00:00-03:00,0.5262952997775051,0.532487025755877,0.5139118478207614,0.5201035737991333,27683,0.0,0.0
2010-01-12 00:00:00-03:00,0.495336651802063,0.495336651802063,0.495336651802063,0.495336651802063,89990,0.0,0.0
2010-01-13 00:00:00-03:00,0.49533667979359736,0.5052440166473389,0.49533667979359736,0.5052440166473389,36571,0.0,0.0
2010-01-14 00:00:00-03:00,0.5052440108812806,0.5324870303299599,0.5052440108812806,0.5262953042984009,77420,0.0,0.0
2010-01-15 00:00:00-03:00,0.522580628023042,0.5262952997775051,0.5201035737991333,0.5201035737991333,31801,0.0,0.0
2010-01-18 00:00:00-03:00,0.5262953042984009,0.5262953042984009,0.5262953042984009,0.5262953042984009,12625,0.0,0.0
2010-01-19 00:00:00-03:00,0.5262953042984009,0.5262953042984009,0.5262953042984009,0.5262953042984009,14310,0.0,0.0
2010-01-20 00:00:00-03:00,0.5139118522352829,0.5448704237104065,0.5139118522352829,0.5262953042984009,40634,0.0,0.0
2010-01-21 00:00:00-03:00,0.5201035782668418,0.5262953042984009,0.5201035782668418,0.5262953042984009,21227,0.0,0.0
2010-01-22 00:00:00-03:00,0.5077201128005981,0.5077201128005981,0.4953366610643865,0.5077201128005981,26411,0.0,0.0
2010-01-25 00:00:00-03:00,0.5077201128005981,0.5077201128005981,0.5077201128005981,0.5077201128005981,1939,0.0,0.0
2010-01-26 00:00:00-03:00,0.49533666988564584,0.5201035737991333,0.49533666988564584,0.5201035737991333,12227,0.0,0.0
2010-01-27 00:00:00-03:00,0.5262952855450538,0.5262952855450538,0.5015283823013306,0.5015283823013306,22261,0.0,0.0
2010-01-28 00:00:00-03:00,0.5015283823013306,0.5015283823013306,0.5015283823013306,0.5015283823013306,0,0.0,0.0
2010-01-29 00:00:00-03:00,0.5077201128005981,0.5077201128005981,0.5077201128005981,0.5077201128005981,9111,0.0,0.0
2010-02-01 00:00:00-03:00,0.4953366613795876,0.4953366613795876,0.47056978723273923,0.4718083143234253,113690,0.0,0.0
2010-02-02 00:00:00-03:00,0.47304687750655255,0.47676151990890503,0.47056979394849374,0.47676151990890503,52234,0.0,0.0
2010-02-03 00:00:00-03:00,0.47056978940963745,0.47304687294380365,0.47056978940963745,0.47056978940963745,119637,0.0,0.0
2010-02-04 00:00:00-03:00,0.47056977996390836,0.47056977996390836,0.4581863284111023,0.4581863284111023,87040,0.0,0.0
2010-02-05 00:00:00-03:00,0.45199462286650416,0.45199462286650416,0.4458028972148895,0.4458028972148895,87454,0.0,0.0
2010-02-08 00:00:00-03:00,0.4458028972148895,0.4458028972148895,0.4458028972148895,0.4458028972148895,22261,0.0,0.0
2010-02-09 00:00:00-03:00,0.4470414332711854,0.4581863284111023,0.4470414332711854,0.4581863284111023,15900,0.0,0.0
2010-02-10 00:00:00-03:00,0.4581863330709951,0.4705697847497446,0.4581863330709951,0.4643780589103699,15900,0.0,0.0
2010-02-11 00:00:00-03:00,0.4643780635089481,0.47056978940963745,0.4643780635089481,0.47056978940963745,18961,0.0,0.0
2010-02-12 00:00:00-03:00,0.4643780589103699,0.4643780589103699,0.4643780589103699,0.4643780589103699,15900,0.0,0.0
2010-02-17 00:00:00-03:00,0.4581863191767848,0.459424875564712,0.4458028972148895,0.4458028972148895,27540,0.0,0.0
2010-02-18 00:00:00-03:00,0.4458028972148895,0.4458028972148895,0.4458028972148895,0.4458028972148895,0,0.0,0.0
2010-02-19 00:00:00-03:00,0.4643780589103699,0.4643780589103699,0.4643780589103699,0.4643780589103699,8745,0.0,0.0
2010-02-22 00:00:00-03:00,0.4581863284111023,0.4581863284111023,0.4581863284111023,0.4581863284111023,7950,0.0,0.0
2010-02-23 00:00:00-03:00,0.4519946277141571,0.4519946277141571,0.4519946277141571,0.4519946277141571,3975,0.0,0.0
2010-02-24 00:00:00-03:00,0.4581863284111023,0.4581863284111023,0.4581863284111023,0.4581863284111023,19875,0.0,0.0
2010-02-25 00:00:00-03:00,0.4581863284111023,0.4581863284111023,0.4581863284111023,0.4581863284111023,15789,0.0,0.0
2010-02-26 00:00:00-03:00,0.4643780589103699,0.4643780589103699,0.4643780589103699,0.4643780589103699,14549,0.0,0.0
2010-03-01 00:00:00-03:00,0.4643780589103699,0.4643780589103699,0.4643780589103699,0.4643780589103699,3975,0.0,0.0
2010-03-02 00:00:00-03:00,0.47056977996390836,0.47056977996390836,0.4581863284111023,0.4581863284111023,27969,0.0,0.0
2010-03-03 00:00:00-03:00,0.4581863284111023,0.4581863284111023,0.4581863284111023,0.4581863284111023,0,0.0,0.0
2010-03-04 00:00:00-03:00,0.4519946277141571,0.4519946277141571,0.4519946277141571,0.4519946277141571,9771,0.0,0.0
2010-03-05 00:00:00-03:00,0.4519946491580744,0.458186345828513,0.4519946491580744,0.45694878697395325,22849,0.0,0.0
2010-03-08 00:00:00-03:00,0.4581863284111023,0.4581863284111023,0.4581863284111023,0.4581863284111023,7950,0.0,0.0
2010-03-09 00:00:00-03:00,0.4519946277141571,0.4519946277141571,0.4519946277141571,0.4519946277141571,6741,0.0,0.0
2010-03-10 00:00:00-03:00,0.4581863284111023,0.4581863284111023,0.4581863284111023,0.4581863284111023,18603,0.0,0.0
2010-03-11 00:00:00-03:00,0.4519946277141571,0.4519946277141571,0.4519946277141571,0.4519946277141571,20162,0.0,0.0
2010-03-12 00:00:00-03:00,0.4519946277141571,0.4519946277141571,0.4519946277141571,0.4519946277141571,0,0.0,0.0
2010-03-15 00:00:00-03:00,0.4519946277141571,0.4519946277141571,0.4519946277141571,0.4519946277141571,5422,0.0,0.0
2010-03-16 00:00:00-03:00,0.45694878697395325,0.45694878697395325,0.45694878697395325,0.45694878697395325,25870,0.0,0.0
2010-03-17 00:00:00-03:00,0.4569487592802146,0.4829532206058502,0.4569487592802146,0.4829532206058502,18063,0.0,0.0
2010-03-18 00:00:00-03:00,0.47056978940963745,0.47056978940963745,0.47056978940963745,0.47056978940963745,3975,0.0,0.0
2010-03-19 00:00:00-03:00,0.48295324302168546,0.5139118432998657,0.48295324302168546,0.5139118432998657,27349,0.0,0.0
2010-03-22 00:00:00-03:00,0.5077201363631417,0.5114357471466064,0.5077201363631417,0.5114357471466064,16791,0.0,0.0
2010-03-23 00:00:00-03:00,0.5114357471466064,0.5114357471466064,0.49533668405223236,0.5114357471466064,18325,0.0,0.0
2010-03-25 00:00:00-03:00,0.495336651802063,0.495336651802063,0.495336651802063,0.495336651802063,3975,0.0,0.0
2010-03-26 00:00:00-03:00,0.495336651802063,0.495336651802063,0.495336651802063,0.495336651802063,0,0.0,0.0
2010-03-29 00:00:00-03:00,0.4916220009326935,0.4916220009326935,0.4916220009326935,0.4916220009326935,7155,0.0,0.0
2010-03-30 00:00:00-03:00,0.4829532206058502,0.4829532206058502,0.4829532206058502,0.4829532206058502,3975,0.0,0.0
2010-03-31 00:00:00-03:00,0.4829532206058502,0.4829532206058502,0.4829532206058502,0.4829532206058502,3975,0.0,0.0
2010-04-05 00:00:00-03:00,0.4891449213027954,0.4891449213027954,0.4891449213027954,0.4891449213027954,4054,0.0,0.0
2010-04-06 00:00:00-03:00,0.48295322963874454,0.495336651802063,0.48295322963874454,0.495336651802063,6360,0.0,0.0
2010-04-07 00:00:00-03:00,0.495336651802063,0.495336651802063,0.495336651802063,0.495336651802063,0,0.0,0.0
2010-04-08 00:00:00-03:00,0.495336651802063,0.495336651802063,0.495336651802063,0.495336651802063,0,0.0,0.0
2010-04-09 00:00:00-03:00,0.4891449213027954,0.4891449213027954,0.4891449213027954,0.4891449213027954,3800,0.0,0.0
2010-04-12 00:00:00-03:00,0.5201035737991333,0.5201035737991333,0.5201035737991333,0.5201035737991333,0,0.0,0.0
2010-04-13 00:00:00-03:00,0.49533664314528913,0.5077200944335221,0.4891449175011727,0.4916220009326935,46000,0.0,0.0
2010-04-14 00:00:00-03:00,0.5077201128005981,0.5077201128005981,0.5077201128005981,0.5077201128005981,2385,0.0,0.0
2010-04-15 00:00:00-03:00,0.4891449213027954,0.4891449213027954,0.4891449213027954,0.4891449213027954,6296,0.0,0.0
2010-04-16 00:00:00-03:00,0.4891449213027954,0.4891449213027954,0.4891449213027954,0.4891449213027954,0,0.0,0.0
2010-04-19 00:00:00-03:00,0.4829532206058502,0.4829532206058502,0.4829532206058502,0.4829532206058502,3975,0.0,0.0
2010-04-20 00:00:00-03:00,0.4829532206058502,0.4829532206058502,0.4829532206058502,0.4829532206058502,12720,0.0,0.0
2010-04-21 00:00:00-03:00,0.4829532206058502,0.4829532206058502,0.4829532206058502,0.4829532206058502,5350,0.0,0.0
2010-04-22 00:00:00-03:00,0.4829532206058502,0.4829532206058502,0.4829532206058502,0.4829532206058502,7950,0.0,0.0
2010-04-23 00:00:00-03:00,0.495336651802063,0.5015283775543894,0.495336651802063,0.495336651802063,20114,0.0,0.0
2010-04-26 00:00:00-03:00,0.495336651802063,0.495336651802063,0.495336651802063,0.495336651802063,0,0.0,0.0
2010-04-27 00:00:00-03:00,0.4829532206058502,0.4829532206058502,0.4829532206058502,0.4829532206058502,7950,0.0,0.0
2010-04-28 00:00:00-03:00,0.4780000220129043,0.4829532206058502,0.4780000220129043,0.4829532206058502,8347,0.0,0.0
2010-04-29 00:00:00-03:00,0.4767614949693304,0.4829532206058502,0.4767614949693304,0.4829532206058502,20352,0.0,0.0
2010-04-30 00:00:00-03:00,0.47676151990890503,0.47676151990890503,0.47676151990890503,0.47676151990890503,36015,0.0,0.0
2010-05-04 00:00:00-03:00,0.4643780589103699,0.4643780589103699,0.4643780589103699,0.4643780589103699,15105,0.0,0.0
2010-05-05 00:00:00-03:00,0.4519946365729552,0.4643780589103699,0.4519946365729552,0.4643780589103699,17490,0.0,0.0
2010-05-06 00:00:00-03:00,0.43341946601867676,0.43341946601867676,0.43341946601867676,0.43341946601867676,18285,0.0,0.0
2010-05-07 00:00:00-03:00,0.4210360050201416,0.4210360050201416,0.4210360050201416,0.4210360050201416,3975,0.0,0.0
2010-05-10 00:00:00-03:00,0.4458028972148895,0.45199462286650416,0.4458028972148895,0.4458028972148895,45627,0.0,0.0
2010-05-11 00:00:00-03:00,0.44580290199613615,0.4519946277141571,0.44580290199613615,0.4519946277141571,10200,0.0,0.0
2010-05-12 00:00:00-03:00,0.4519946319760338,0.4631404953799899,0.4519946319760338,0.4581863284111023,26776,0.0,0.0
2010-05-13 00:00:00-03:00,0.46437805418750533,0.46437805418750533,0.4581863284111023,0.4581863284111023,15455,0.0,0.0
2010-05-14 00:00:00-03:00,0.4458028972148895,0.4458028972148895,0.4458028972148895,0.4458028972148895,11925,0.0,0.0
2010-05-17 00:00:00-03:00,0.43341946601867676,0.43341946601867676,0.43341946601867676,0.43341946601867676,18945,0.0,0.0
2010-05-18 00:00:00-03:00,0.4272277355194092,0.4272277355194092,0.4272277355194092,0.4272277355194092,15900,0.0,0.0
2010-05-19 00:00:00-03:00,0.4210360050201416,0.4210360050201416,0.4210360050201416,0.4210360050201416,3100,0.0,0.0
2010-05-20 00:00:00-03:00,0.4148443043231964,0.4148443043231964,0.4148443043231964,0.4148443043231964,12370,0.0,0.0
2010-05-21 00:00:00-03:00,0.42103600072340297,0.42103600072340297,0.4148443043231964,0.4148443043231964,24026,0.0,0.0
2010-05-24 00:00:00-03:00,0.4148443043231964,0.4148443043231964,0.4148443043231964,0.4148443043231964,0,0.0,0.0
2010-05-26 00:00:00-03:00,0.41484430688425866,0.42227455973625183,0.41484430688425866,0.42227455973625183,13515,0.0,0.0
2010-05-27 00:00:00-03:00,0.44580291789639387,0.44580291789639387,0.43341946601867676,0.43341946601867676,32946,0.0,0.0
2010-05-28 00:00:00-03:00,0.4334194505600941,0.4519946277141571,0.4334194505600941,0.4519946277141571,27826,0.0,0.0
2010-05-31 00:00:00-03:00,0.43961119651794434,0.4458029225210342,0.43961119651794434,0.43961119651794434,36158,0.0,0.0
2010-06-01 00:00:00-03:00,0.4396111934877727,0.47676151990890503,0.43341946752736143,0.47676151990890503,48465,0.0,0.0
2010-06-02 00:00:00-03:00,0.43961119651794434,0.4458029225210342,0.43961119651794434,0.43961119651794434,36158,0.0,0.0
2010-06-03 00:00:00-03:00,0.43961119651794434,0.43961119651794434,0.43961119651794434,0.43961119651794434,0,0.0,0.0
2010-06-04 00:00:00-03:00,0.4284662902355194,0.4284662902355194,0.4284662902355194,0.4284662902355194,7950,0.0,0.0
2010-06-07 00:00:00-03:00,0.4643780448283994,0.4643780448283994,0.4458028972148895,0.4458028972148895,41342,0.0,0.0
2010-06-08 00:00:00-03:00,0.4458028972148895,0.4458028972148895,0.4458028972148895,0.4458028972148895,0,0.0,0.0
2010-06-09 00:00:00-03:00,0.4458028972148895,0.4458028972148895,0.444565338432316,0.4458028972148895,205326,0.0,0.0
2010-06-10 00:00:00-03:00,0.4519946277141571,0.4519946277141571,0.4519946277141571,0.4519946277141571,66783,0.0,0.0
2010-06-11 00:00:00-03:00,0.4519946277141571,0.4519946277141571,0.4519946277141571,0.4519946277141571,0,0.0,0.0
2010-06-14 00:00:00-03:00,0.4519946277141571,0.4519946277141571,0.4519946277141571,0.4519946277141571,0,0.0,0.0
2010-06-15 00:00:00-03:00,0.4519946277141571,0.4519946277141571,0.4519946277141571,0.4519946277141571,5581,0.0,0.0
2010-06-16 00:00:00-03:00,0.4519946277141571,0.4519946277141571,0.4519946277141571,0.4519946277141571,0,0.0,0.0
2010-06-17 00:00:00-03:00,0.4519946277141571,0.4519946277141571,0.4519946277141571,0.4519946277141571,0,0.0,0.0
2010-06-18 00:00:00-03:00,0.4581863284111023,0.4581863284111023,0.4581863284111023,0.4581863284111023,2782,0.0,0.0
2010-06-22 00:00:00-03:00,0.469332218170166,0.469332218170166,0.469332218170166,0.469332218170166,2385,0.0,0.0
2010-06-23 00:00:00-03:00,0.469332218170166,0.469332218170166,0.469332218170166,0.469332218170166,0,0.0,0.0
2010-06-24 00:00:00-03:00,0.4680936932563782,0.4680936932563782,0.4680936932563782,0.4680936932563782,2385,0.0,0.0
2010-06-25 00:00:00-03:00,0.4680936932563782,0.4680936932563782,0.4680936932563782,0.4680936932563782,0,0.0,0.0
2010-06-28 00:00:00-03:00,0.4680936932563782,0.4680936932563782,0.4680936932563782,0.4680936932563782,0,0.0,0.0
2010-06-29 00:00:00-03:00,0.4680936932563782,0.4680936932563782,0.4680936932563782,0.4680936932563782,0,0.0,0.0
2010-06-30 00:00:00-03:00,0.43961119651794434,0.43961119651794434,0.43961119651794434,0.43961119651794434,25361,0.0,0.0
2010-07-01 00:00:00-03:00,0.43961119651794434,0.43961119651794434,0.43961119651794434,0.43961119651794434,0,0.0,0.0
2010-07-02 00:00:00-03:00,0.43961119651794434,0.43961119651794434,0.43961119651794434,0.43961119651794434,0,0.0,0.0
2010-07-05 00:00:00-03:00,0.43961119651794434,0.43961119651794434,0.43961119651794434,0.43961119651794434,0,0.0,0.0
2010-07-06 00:00:00-03:00,0.43961119651794434,0.43961119651794434,0.43961119651794434,0.43961119651794434,7950,0.0,0.0
2010-07-07 00:00:00-03:00,0.43961119651794434,0.43961119651794434,0.43961119651794434,0.43961119651794434,0,0.0,0.0
2010-07-08 00:00:00-03:00,0.4519946277141571,0.4519946277141571,0.4519946277141571,0.4519946277141571,2385,0.0,0.0
2010-07-12 00:00:00-03:00,0.4519946277141571,0.4519946277141571,0.4519946277141571,0.4519946277141571,0,0.0,0.0
2010-07-13 00:00:00-03:00,0.4519946277141571,0.4519946277141571,0.4519946277141571,0.4519946277141571,0,0.0,0.0
2010-07-14 00:00:00-03:00,0.4519946277141571,0.4519946277141571,0.4519946277141571,0.4519946277141571,0,0.0,0.0
2010-07-15 00:00:00-03:00,0.4519946277141571,0.4519946277141571,0.4519946277141571,0.4519946277141571,0,0.0,0.0
2010-07-16 00:00:00-03:00,0.4519946277141571,0.4519946277141571,0.4519946277141571,0.4519946277141571,0,0.0,0.0
2010-07-19 00:00:00-03:00,0.455710232257843,0.455710232257843,0.455710232257843,0.455710232257843,2385,0.0,0.0
2010-07-20 00:00:00-03:00,0.4495185315608978,0.4495185315608978,0.4495185315608978,0.4495185315608978,19605,0.0,0.0
2010-07-21 00:00:00-03:00,0.4581863284111023,0.4581863284111023,0.4581863284111023,0.4581863284111023,3259,0.0,0.0
2010-07-22 00:00:00-03:00,0.4829532206058502,0.4829532206058502,0.4829532206058502,0.4829532206058502,3529,0.0,0.0
2010-07-23 00:00:00-03:00,0.4829532206058502,0.4829532206058502,0.4829532206058502,0.4829532206058502,0,0.0,0.0
2010-07-26 00:00:00-03:00,0.47676151990890503,0.47676151990890503,0.47676151990890503,0.47676151990890503,19875,0.0,0.0
2010-07-27 00:00:00-03:00,0.4767614949693304,0.4829532206058502,0.4767614949693304,0.4829532206058502,23294,0.0,0.0
2010-07-28 00:00:00-03:00,0.47676151531032673,0.47676151531032673,0.47056978940963745,0.47056978940963745,14191,0.0,0.0
2010-07-29 00:00:00-03:00,0.47056978940963745,0.47056978940963745,0.47056978940963745,0.47056978940963745,0,0.0,0.0
2010-07-30 00:00:00-03:00,0.47056978940963745,0.47056978940963745,0.47056978940963745,0.47056978940963745,11933,0.0,0.0
2010-08-02 00:00:00-03:00,0.47056978940963745,0.47056978940963745,0.47056978940963745,0.47056978940963745,10112,0.0,0.0
2010-08-03 00:00:00-03:00,0.46066340804100037,0.46066340804100037,0.46066340804100037,0.46066340804100037,44848,0.0,0.0
2010-08-04 00:00:00-03:00,0.46066340537065975,0.46066340537065975,0.45323315262794495,0.45323315262794495,30354,0.0,0.0
2010-08-05 00:00:00-03:00,0.45323315262794495,0.45323315262794495,0.45323315262794495,0.45323315262794495,0,0.0,0.0
2010-08-06 00:00:00-03:00,0.45323315262794495,0.45323315262794495,0.45323315262794495,0.45323315262794495,21434,0.0,0.0
2010-08-09 00:00:00-03:00,0.45323315262794495,0.45323315262794495,0.45323315262794495,0.45323315262794495,0,0.0,0.0
2010-08-10 00:00:00-03:00,0.45323315262794495,0.45323315262794495,0.45323315262794495,0.45323315262794495,0,0.0,0.0
2010-08-11 00:00:00-03:00,0.43341946601867676,0.43341946601867676,0.43341946601867676,0.43341946601867676,42534,0.0,0.0
2010-08-12 00:00:00-03:00,0.43341946601867676,0.43341946601867676,0.43341946601867676,0.43341946601867676,0,0.0,0.0
2010-08-13 00:00:00-03:00,0.43341946601867676,0.43341946601867676,0.43341946601867676,0.43341946601867676,0,0.0,0.0
2010-08-18 00:00:00-03:00,0.4334194505600941,0.4519946277141571,0.4334194505600941,0.4519946277141571,26236,0.0,0.0
2010-08-19 00:00:00-03:00,0.4519946277141571,0.4519946277141571,0.4519946277141571,0.4519946277141571,0,0.0,0.0
2010-08-20 00:00:00-03:00,0.4519946277141571,0.4519946277141571,0.4519946277141571,0.4519946277141571,0,0.0,0.0
2010-08-23 00:00:00-03:00,0.4445653557777405,0.4445653557777405,0.4445653557777405,0.4445653557777405,2544,0.0,0.0
2010-08-24 00:00:00-03:00,0.43341946601867676,0.43341946601867676,0.43341946601867676,0.43341946601867676,6439,0.0,0.0
2010-08-25 00:00:00-03:00,0.43341946601867676,0.43341946601867676,0.43341946601867676,0.43341946601867676,0,0.0,0.0
2010-08-26 00:00:00-03:00,0.43341946601867676,0.43341946601867676,0.43341946601867676,0.43341946601867676,15900,0.0,0.0
2010-08-27 00:00:00-03:00,0.44332680106163025,0.44332680106163025,0.44332680106163025,0.44332680106163025,7950,0.0,0.0
2010-08-30 00:00:00-03:00,0.43589654564857483,0.43589654564857483,0.43589654564857483,0.43589654564857483,6956,0.0,0.0
2010-08-31 00:00:00-03:00,0.43589654564857483,0.43589654564857483,0.43589654564857483,0.43589654564857483,0,0.0,0.0
2010-09-01 00:00:00-03:00,0.4185599088668823,0.4185599088668823,0.4185599088668823,0.4185599088668823,12323,0.0,0.0
2010-09-02 00:00:00-03:00,0.43341946601867676,0.43341946601867676,0.43341946601867676,0.43341946601867676,58554,0.0,0.0
2010-09-03 00:00:00-03:00,0.43341946601867676,0.43341946601867676,0.43341946601867676,0.43341946601867676,0,0.0,0.0
2010-09-06 00:00:00-03:00,0.4458028972148895,0.4458028972148895,0.4458028972148895,0.4458028972148895,27094,0.0,0.0
2010-09-07 00:00:00-03:00,0.43961119651794434,0.43961119651794434,0.43961119651794434,0.43961119651794434,7950,0.0,0.0
2010-09-08 00:00:00-03:00,0.43961119651794434,0.43961119651794434,0.43961119651794434,0.43961119651794434,0,0.0,0.0
2010-09-09 00:00:00-03:00,0.4396111919575353,0.4396111919575353,0.43341946601867676,0.43341946601867676,23851,0.0,0.0
2010-09-10 00:00:00-03:00,0.43589654564857483,0.43589654564857483,0.43589654564857483,0.43589654564857483,22261,0.0,0.0
2010-09-13 00:00:00-03:00,0.43961117627811513,0.4519946277141571,0.43961117627811513,0.4519946277141571,33391,0.0,0.0
2010-09-14 00:00:00-03:00,0.4519946277141571,0.4519946277141571,0.4519946277141571,0.4519946277141571,22817,0.0,0.0
2010-09-15 00:00:00-03:00,0.4519946277141571,0.4519946277141571,0.4519946277141571,0.4519946277141571,0,0.0,0.0
2010-09-16 00:00:00-03:00,0.48295322347783487,0.48295322347783487,0.45818632078447413,0.46314048767089844,21768,0.0,0.0
2010-09-17 00:00:00-03:00,0.479238598844493,0.479238598844493,0.47056978940963745,0.47056978940963745,14771,0.0,0.0
2010-09-20 00:00:00-03:00,0.4767614949693304,0.4829532206058502,0.4767614949693304,0.4829532206058502,69550,0.0,0.0
2010-09-21 00:00:00-03:00,0.4792385973600118,0.48047712445259094,0.4792385973600118,0.48047712445259094,18047,0.0,0.0
2010-09-22 00:00:00-03:00,0.4792385995388031,0.480477126637013,0.4792385995388031,0.4792385995388031,43250,0.0,0.0
2010-09-23 00:00:00-03:00,0.47923860346696384,0.47923860346696384,0.47676151990890503,0.47676151990890503,15105,0.0,0.0
2010-09-24 00:00:00-03:00,0.4767615205086948,0.4854303300380707,0.4767615205086948,0.4854303300380707,69168,0.0,0.0
2010-09-27 00:00:00-03:00,0.4854303300380707,0.4854303300380707,0.4854303300380707,0.4854303300380707,2385,0.0,0.0
2010-09-28 00:00:00-03:00,0.4792385995388031,0.4792385995388031,0.4792385995388031,0.4792385995388031,23851,0.0,0.0
2010-09-29 00:00:00-03:00,0.4829532206058502,0.4829532206058502,0.4829532206058502,0.4829532206058502,51454,0.0,0.0
2010-09-30 00:00:00-03:00,0.48295324258553635,0.48790740966796875,0.4804771273083816,0.48790740966796875,67164,0.0,0.0
2010-10-01 00:00:00-03:00,0.48914494324117197,0.49533666921111213,0.4879074137363092,0.49409911036491394,136190,0.0,0.0
2010-10-04 00:00:00-03:00,0.4891449213027954,0.4953366469950338,0.4891449213027954,0.4891449213027954,41071,0.0,0.0
2010-10-05 00:00:00-03:00,0.4891449175011727,0.4916220009326935,0.4891449175011727,0.4916220009326935,17888,0.0,0.0
2010-10-06 00:00:00-03:00,0.4916220009326935,0.4916220009326935,0.4916220009326935,0.4916220009326935,71458,0.0,0.0
2010-10-07 00:00:00-03:00,0.4916220009326935,0.4916220009326935,0.4916220009326935,0.4916220009326935,37366,0.0,0.0
2010-10-08 00:00:00-03:00,0.4916220036159844,0.4990522563457489,0.4916220036159844,0.4990522563457489,43782,0.0,0.0
2010-10-12 00:00:00-03:00,0.4990522563457489,0.4990522563457489,0.4990522563457489,0.4990522563457489,23056,0.0,0.0
2010-10-13 00:00:00-03:00,0.531249463558197,0.5324870223982772,0.5015283927016276,0.531249463558197,80855,0.0,0.0
2010-10-14 00:00:00-03:00,0.5312494759287708,0.5349640890636383,0.5262953087141592,0.5324870347976685,87319,0.0,0.0
2010-10-15 00:00:00-03:00,0.5262953042984009,0.5262953042984009,0.5262953042984009,0.5262953042984009,16091,0.0,0.0
2010-10-18 00:00:00-03:00,0.5262953042984009,0.5262953042984009,0.5262953042984009,0.5262953042984009,3975,0.0,0.0
2010-10-19 00:00:00-03:00,0.5262953042984009,0.5262953042984009,0.5262953042984009,0.5262953042984009,0,0.0,0.0
2010-10-20 00:00:00-03:00,0.5262953042984009,0.5262953042984009,0.5201035782668418,0.5262953042984009,62537,0.0,0.0
2010-10-21 00:00:00-03:00,0.5324870347976685,0.5324870347976685,0.5324870347976685,0.5324870347976685,37366,0.0,0.0
2010-10-22 00:00:00-03:00,0.5324869990481955,0.536202609539032,0.5324869990481955,0.536202609539032,31435,0.0,0.0
2010-10-25 00:00:00-03:00,0.5262953042984009,0.5262953042984009,0.5262953042984009,0.5262953042984009,7004,0.0,0.0
2010-10-26 00:00:00-03:00,0.531249463558197,0.531249463558197,0.5201035705196173,0.531249463558197,27667,0.0,0.0
2010-10-27 00:00:00-03:00,0.531249463558197,0.531249463558197,0.531249463558197,0.531249463558197,0,0.0,0.0
2010-10-28 00:00:00-03:00,0.5324870347976685,0.5324870347976685,0.5312494759287708,0.5324870347976685,17729,0.0,0.0
2010-10-29 00:00:00-03:00,0.5324870347976685,0.5324870347976685,0.5324870347976685,0.5324870347976685,12490,0.0,0.0
2010-11-01 00:00:00-03:00,0.5262953009243172,0.5374411940574646,0.5262953009243172,0.5374411940574646,38400,0.0,0.0
2010-11-02 00:00:00-03:00,0.538678756460801,0.5436328649520874,0.5374411976020587,0.5436328649520874,61909,0.0,0.0
2010-11-03 00:00:00-03:00,0.5448703765869141,0.5448703765869141,0.5448703765869141,0.5448703765869141,4372,0.0,0.0
2010-11-04 00:00:00-03:00,0.5324869842774538,0.5448703765869141,0.5324869842774538,0.5448703765869141,6757,0.0,0.0
2010-11-05 00:00:00-03:00,0.5386787286986803,0.5696372985839844,0.5386787286986803,0.5696372985839844,51844,0.0,0.0
2010-11-08 00:00:00-03:00,0.5448703765869141,0.5448703765869141,0.5448703765869141,0.5448703765869141,13913,0.0,0.0
2010-11-09 00:00:00-03:00,0.5448703765869141,0.5448703765869141,0.5448703765869141,0.5448703765869141,0,0.0,0.0
2010-11-10 00:00:00-03:00,0.5448703765869141,0.5448703765869141,0.5448703765869141,0.5448703765869141,0,0.0,0.0
2010-11-11 00:00:00-03:00,0.5448703765869141,0.5448703765869141,0.5386787097735172,0.5448703765869141,13913,0.0,0.0
2010-11-12 00:00:00-03:00,0.5448703765869141,0.5448703765869141,0.5448703765869141,0.5448703765869141,3975,0.0,0.0
2010-11-15 00:00:00-03:00,0.5510621070861816,0.5510621070861816,0.5510621070861816,0.5510621070861816,17490,0.0,0.0
2010-11-16 00:00:00-03:00,0.5510621450083216,0.5510621450083216,0.5201035737991333,0.5201035737991333,38559,0.0,0.0
2010-11-17 00:00:00-03:00,0.5201035782668418,0.5262953042984009,0.5201035782668418,0.5262953042984009,12323,0.0,0.0
2010-11-18 00:00:00-03:00,0.5448703765869141,0.5448703765869141,0.5448703765869141,0.5448703765869141,6360,0.0,0.0
2010-11-19 00:00:00-03:00,0.5399172074476624,0.5448703765869141,0.5399172074476624,0.5448703765869141,18285,0.0,0.0
2010-11-22 00:00:00-03:00,0.5399172074476624,0.5448703765869141,0.5399172074476624,0.5448703765869141,18285,0.0,0.0
2010-11-23 00:00:00-03:00,0.5324870391626708,0.538678765296936,0.5201035868941404,0.538678765296936,22149,0.0,0.0
2010-11-24 00:00:00-03:00,0.538678765296936,0.5448704327485288,0.538678765296936,0.538678765296936,0,0.0,0.0
2010-11-25 00:00:00-03:00,0.538678765296936,0.5498246000037517,0.538678765296936,0.538678765296936,0,0.0,0.0
2010-11-26 00:00:00-03:00,0.5201035737991333,0.5448704190299498,0.5201035737991333,0.5201035737991333,0,0.0,0.0
2010-11-29 00:00:00-03:00,0.5201035737991333,0.5448704190299498,0.5201035737991333,0.5201035737991333,0,0.0,0.0
2010-11-30 00:00:00-03:00,0.5262953042984009,0.538678756361519,0.5262953042984009,0.5262953042984009,0,0.0,0.0
2010-12-01 00:00:00-03:00,0.538678765296936,0.538678765296936,0.538678765296936,0.538678765296936,13881,0.0,0.0
2010-12-02 00:00:00-03:00,0.5448703765869141,0.5448703765869141,0.5448703765869141,0.5448703765869141,9969,0.0,0.0
2010-12-03 00:00:00-03:00,0.5510621037970737,0.5572538293123965,0.5510621037970737,0.5535392165184021,34393,0.0,0.0
2010-12-06 00:00:00-03:00,0.5572538375854492,0.6005959168361709,0.5448703863709573,0.5572538375854492,24932,0.0,0.0
2010-12-07 00:00:00-03:00,0.5510621070861816,0.5510621070861816,0.5510621070861816,0.5510621070861816,4770,0.0,0.0
2010-12-09 00:00:00-03:00,0.557253832638461,0.557253832638461,0.5510621070861816,0.5510621070861816,16489,0.0,0.0
2010-12-10 00:00:00-03:00,0.5262953042984009,0.5510621497419654,0.5262953042984009,0.5262953042984009,795,0.0,0.0
2010-12-13 00:00:00-03:00,0.5262952635597316,0.5510621070861816,0.5262952635597316,0.5510621070861816,29122,0.0,0.0
2010-12-14 00:00:00-03:00,0.5262953042984009,0.5510621497419654,0.5262953042984009,0.5262953042984009,0,0.0,0.0
2010-12-15 00:00:00-03:00,0.5262953042984009,0.5448704237104065,0.5262953042984009,0.5262953042984009,0,0.0,0.0
2010-12-16 00:00:00-03:00,0.5448703765869141,0.5448703765869141,0.5448703765869141,0.5448703765869141,3577,0.0,0.0
2010-12-17 00:00:00-03:00,0.5262953042984009,0.5510621497419654,0.5262953042984009,0.5262953042984009,0,0.0,0.0
2010-12-20 00:00:00-03:00,0.5262953042984009,0.5448704237104065,0.5262953042984009,0.5262953042984009,0,0.0,0.0
2010-12-21 00:00:00-03:00,0.5448703765869141,0.5448703765869141,0.5448703765869141,0.5448703765869141,3975,0.0,0.0
2010-12-22 00:00:00-03:00,0.5436328649520874,0.5436328649520874,0.5436328649520874,0.5436328649520874,10478,0.0,0.0
2010-12-23 00:00:00-03:00,0.5287723541259766,0.5436328603101297,0.5287723541259766,0.5287723541259766,795,0.0,0.0
2010-12-27 00:00:00-03:00,0.5287723541259766,0.5287723541259766,0.5287723541259766,0.5287723541259766,0,0.0,0.0
2010-12-28 00:00:00-03:00,0.5436328738694864,0.5448704327485288,0.538678765296936,0.538678765296936,79233,0.0,0.0
2010-12-29 00:00:00-03:00,0.5448703765869141,0.5448703765869141,0.5448703765869141,0.5448703765869141,8347,0.0,0.0
2010-12-30 00:00:00-03:00,0.5448703863709573,0.5572538375854492,0.5448703863709573,0.5572538375854492,51375,0.0,0.0
2011-01-03 00:00:00-03:00,0.5634455995334205,0.6067876815795898,0.5634455995334205,0.6067876815795898,157139,0.0,0.0
2011-01-04 00:00:00-03:00,0.6067876894816931,0.6253628090607097,0.6067876894816931,0.6191710829734802,36373,0.0,0.0
2011-01-05 00:00:00-03:00,0.6439379328914668,0.6439379328914668,0.631554481763759,0.6427003741264343,28764,0.0,0.0
2011-01-06 00:00:00-03:00,0.6687048363803115,0.705855131149292,0.6439379340792131,0.705855131149292,137740,0.0,0.0
2011-01-07 00:00:00-03:00,0.7739640759141645,0.8111144304275513,0.7615806244097022,0.8111144304275513,81435,0.0,0.0
2011-01-10 00:00:00-03:00,0.8358812750002543,0.9287571026284355,0.8358812750002543,0.8916067481040955,209150,0.0,0.0
2011-01-11 00:00:00-03:00,0.8977985075395047,0.8977985075395047,0.8544564843177795,0.8544564843177795,61957,0.0,0.0
2011-01-12 00:00:00-03:00,0.8173061783220122,0.8420730233192444,0.804922726482061,0.8420730233192444,54658,0.0,0.0
2011-01-13 00:00:00-03:00,0.8977984551543249,0.8977984551543249,0.854456434461541,0.8668398857116699,22261,0.0,0.0
2011-01-14 00:00:00-03:00,0.7801558375358582,0.8532189324365229,0.7801558375358582,0.7801558375358582,795,0.0,0.0
2011-01-17 00:00:00-03:00,0.8668399362904642,0.8668399362904642,0.8482647583314372,0.8544564843177795,86706,0.0,0.0
2011-01-18 00:00:00-03:00,0.9039902091026306,0.9039902091026306,0.8916067574645113,0.9039902091026306,53108,0.0,0.0
2011-01-19 00:00:00-03:00,0.9163736701011658,0.9225653959834716,0.9163736701011658,0.9163736701011658,66083,0.0,0.0
2011-01-20 00:00:00-03:00,0.9287570945678219,0.9597156643867493,0.9287570945678219,0.9597156643867493,78470,0.0,0.0
2011-01-21 00:00:00-03:00,1.027824649140225,1.040208101272583,1.0092494709416877,1.040208101272583,149960,0.0,0.0
2011-01-24 00:00:00-03:00,1.0525915622711182,1.0711667406261176,1.0525915622711182,1.0525915622711182,111957,0.0,0.0
2011-01-25 00:00:00-03:00,1.0525915302876065,1.058783256217801,1.0030577228460507,1.0092494487762451,118977,0.0,0.0
2011-01-26 00:00:00-03:00,1.009249409124943,1.009249409124943,1.0067733526229858,1.0067733526229858,22960,0.0,0.0
2011-01-27 00:00:00-03:00,1.0080119229613616,1.0080119229613616,0.9894367456436157,0.9894367456436157,21307,0.0,0.0
2011-01-28 00:00:00-03:00,0.9659074259475542,1.0092494487762451,0.9584781998617761,1.0092494487762451,113976,0.0,0.0
2011-02-01 00:00:00-03:00,0.9782908660929643,0.9906743764877319,0.9782908660929643,0.9906743764877319,19422,0.0,0.0
2011-02-02 00:00:00-03:00,1.015441162546588,1.015441162546588,0.9906743764877319,0.9906743764877319,16640,0.0,0.0
2011-02-03 00:00:00-03:00,0.9906743708875367,0.9906743708875367,0.9844825863838196,0.9844825863838196,7139,0.0,0.0
2011-02-04 00:00:00-03:00,0.9745762348175049,0.9782908477462484,0.9745762348175049,0.9745762348175049,0,0.0,0.0
2011-02-07 00:00:00-03:00,0.9659074043016749,0.978290855884552,0.9659074043016749,0.978290855884552,17005,0.0,0.0
2011-02-08 00:00:00-03:00,0.9782908414877067,0.9782908414877067,0.9597156643867493,0.9597156643867493,36269,0.0,0.0
2011-02-09 00:00:00-03:00,0.9535240441058462,0.9535240441058462,0.9039902360754056,0.9411405920982361,12855,0.0,0.0
2011-02-10 00:00:00-03:00,0.8916067528165807,0.9039902043901453,0.8916067528165807,0.897798478603363,55008,0.0,0.0
2011-02-11 00:00:00-03:00,0.8668399217253889,0.9163736701011658,0.8668399217253889,0.9163736701011658,34218,0.0,0.0
2011-02-14 00:00:00-03:00,0.9411405459684602,0.9597156643867493,0.9411405459684602,0.9597156643867493,15026,0.0,0.0
2011-02-15 00:00:00-03:00,0.9659073996238321,0.9720991253852844,0.9659073996238321,0.9720991253852844,10096,0.0,0.0
2011-02-16 00:00:00-03:00,0.9720991253852844,0.9720991253852844,0.9720991253852844,0.9720991253852844,0,0.0,0.0
2011-02-17 00:00:00-03:00,0.9720991253852844,0.9720991253852844,0.9720991253852844,0.9720991253852844,0,0.0,0.0
2011-02-18 00:00:00-03:00,0.9720991253852844,0.9720991253852844,0.9720991253852844,0.9720991253852844,0,0.0,0.0
2011-02-21 00:00:00-03:00,0.978290855884552,0.978290855884552,0.978290855884552,0.978290855884552,3132,0.0,0.0
2011-02-22 00:00:00-03:00,0.978290855884552,0.978290855884552,0.978290855884552,0.978290855884552,0,0.0,0.0
2011-02-23 00:00:00-03:00,0.978290855884552,0.978290855884552,0.978290855884552,0.978290855884552,0,0.0,0.0
2011-02-24 00:00:00-03:00,0.9287571310997009,0.9287571310997009,0.9287571310997009,0.9287571310997009,4976,0.0,0.0
2011-02-25 00:00:00-03:00,0.9163736701011658,0.9163736701011658,0.9163736701011658,0.9163736701011658,31245,0.0,0.0
2011-02-28 00:00:00-03:00,0.9163736701011658,0.9163736701011658,0.9163736701011658,0.9163736701011658,0,0.0,0.0
2011-03-01 00:00:00-03:00,0.9163736701011658,0.9163736701011658,0.9163736701011658,0.9163736701011658,0,0.0,0.0
2011-03-02 00:00:00-03:00,0.8668399217253889,0.9163736701011658,0.8668399217253889,0.9163736701011658,24844,0.0,0.0
2011-03-03 00:00:00-03:00,0.9275195722587144,0.9287571310997009,0.9275195722587144,0.9287571310997009,6360,0.0,0.0
2011-03-04 00:00:00-03:00,0.9163736746871411,0.9225654006004333,0.9163736746871411,0.9225654006004333,6153,0.0,0.0
2011-03-09 00:00:00-03:00,0.9287571310997009,0.9287571310997009,0.9225654051558355,0.9287571310997009,11003,0.0,0.0
2011-03-10 00:00:00-03:00,0.9287571265137257,0.9287571265137257,0.9225654006004333,0.9225654006004333,7218,0.0,0.0
2011-03-11 00:00:00-03:00,0.9225654006004333,0.9225654006004333,0.9225654006004333,0.9225654006004333,0,0.0,0.0
2011-03-14 00:00:00-03:00,0.9225654006004333,0.9225654006004333,0.9225654006004333,0.9225654006004333,0,0.0,0.0
2011-03-15 00:00:00-03:00,0.8358812973992688,0.8606482010791713,0.8358812973992688,0.8420730233192444,60899,0.0,0.0
2011-03-16 00:00:00-03:00,0.8482647583314372,0.8544564843177795,0.8420730323450949,0.8544564843177795,21943,0.0,0.0
2011-03-17 00:00:00-03:00,0.8556950092315674,0.8556950092315674,0.8556950092315674,0.8556950092315674,8721,0.0,0.0
2011-03-18 00:00:00-03:00,0.8916067754365081,0.9287571310997009,0.8916067754365081,0.9287571310997009,14159,0.0,0.0
2011-03-21 00:00:00-03:00,0.9659074143808665,0.9906743764877319,0.9287571179272428,0.9906743764877319,42240,0.0,0.0
2011-03-22 00:00:00-03:00,0.9906743764877319,0.9906743764877319,0.9906743764877319,0.9906743764877319,0,0.0,0.0
2011-03-23 00:00:00-03:00,0.9906743764877319,0.9906743764877319,0.9906743764877319,0.9906743764877319,0,0.0,0.0
2011-03-28 00:00:00-03:00,0.9906743764877319,0.9906743764877319,0.9906743764877319,0.9906743764877319,0,0.0,0.0
2011-03-29 00:00:00-03:00,0.9720991402369155,0.9906743764877319,0.9720991402369155,0.9906743764877319,114652,0.0,0.0
2011-03-30 00:00:00-03:00,0.9906743838383375,1.0402080736889192,0.9906743838383375,1.0030577182769775,61575,0.0,0.0
2011-03-31 00:00:00-03:00,1.0030577182769775,1.0030577182769775,1.0030577182769775,1.0030577182769775,96859,0.0,0.0
2011-04-01 00:00:00-03:00,1.0253485441207886,1.0389705520814492,1.0092494233352651,1.0253485441207886,270,0.0,0.0
2011-04-04 00:00:00-03:00,1.0278246447336818,1.040208096812949,1.0278246447336818,1.0340163707733154,89266,0.0,0.0
2011-04-05 00:00:00-03:00,1.040208094485971,1.1268922588469257,1.040208094485971,1.1231775283813477,287374,0.0,0.0
2011-04-06 00:00:00-03:00,1.1516590024298181,1.1516590024298181,1.1145087650325576,1.1392755508422852,71919,0.0,0.0
2011-04-07 00:00:00-03:00,1.1516590071607544,1.1764259104375612,1.1454672813415527,1.1454672813415527,26776,0.0,0.0
2011-04-08 00:00:00-03:00,1.1454672813415527,1.1454672813415527,1.114508769610883,1.1454672813415527,19557,0.0,0.0
2011-04-11 00:00:00-03:00,1.1454672813415527,1.1454672813415527,1.1454672813415527,1.1454672813415527,0,0.0,0.0
2011-04-12 00:00:00-03:00,1.2197680201344765,1.2197680201344765,1.170234212404719,1.1826176643371582,49427,0.0,0.0
2011-04-13 00:00:00-03:00,1.188809390303378,1.188809390303378,1.1578507604722794,1.1826176643371582,5167,0.0,0.0
2011-04-14 00:00:00-03:00,1.175188422203064,1.175188422203064,1.175188422203064,1.175188422203064,2623,0.0,0.0
2011-04-15 00:00:00-03:00,1.1442297927935963,1.175188422203064,1.1392755670576327,1.175188422203064,12331,0.0,0.0
2011-04-18 00:00:00-03:00,1.175188422203064,1.175188422203064,1.175188422203064,1.175188422203064,0,0.0,0.0
2011-04-19 00:00:00-03:00,1.1392755508422852,1.1454672766360516,1.1268922166200905,1.1392755508422852,48735,0.0,0.0
2011-04-20 00:00:00-03:00,1.1392755601520934,1.1516590118408203,1.1392755601520934,1.1516590118408203,30418,0.0,0.0
2011-04-25 00:00:00-03:00,1.1145087480545044,1.1145087480545044,1.1145087480545044,1.1145087480545044,8355,0.0,0.0
2011-04-26 00:00:00-03:00,1.0959335565567017,1.0959335565567017,1.0959335565567017,1.0959335565567017,14708,0.0,0.0
2011-04-27 00:00:00-03:00,1.0897418452567291,1.1145087480545044,1.0897418452567291,1.1145087480545044,19454,0.0,0.0
2011-04-28 00:00:00-03:00,1.1392755508422852,1.1392755508422852,1.1392755508422852,1.1392755508422852,2385,0.0,0.0
2011-04-29 00:00:00-03:00,1.1392755508422852,1.1392755508422852,1.1392755508422852,1.1392755508422852,4372,0.0,0.0
2011-05-02 00:00:00-03:00,1.1392755508422852,1.1392755508422852,1.1392755508422852,1.1392755508422852,0,0.0,0.0
2011-05-03 00:00:00-03:00,1.1392755508422852,1.1392755508422852,1.1392755508422852,1.1392755508422852,0,0.0,0.0
2011-05-04 00:00:00-03:00,1.1392755508422852,1.1392755508422852,1.1392755508422852,1.1392755508422852,0,0.0,0.0
2011-05-05 00:00:00-03:00,1.1392755508422852,1.1392755508422852,1.1392755508422852,1.1392755508422852,0,0.0,0.0
2011-05-06 00:00:00-03:00,1.1392755508422852,1.1392755508422852,1.1392755508422852,1.1392755508422852,0,0.0,0.0
2011-05-09 00:00:00-03:00,1.077358365058899,1.077358365058899,1.064974913991034,1.077358365058899,40228,0.0,0.0
2011-05-10 00:00:00-03:00,1.077358365058899,1.077358365058899,1.0525914629231694,1.077358365058899,31523,0.0,0.0
2011-05-11 00:00:00-03:00,1.064974928466248,1.1008876647162518,1.064974928466248,1.0959335565567017,7505,0.0,0.0
2011-05-12 00:00:00-03:00,1.0773584667444507,1.0773584667444507,1.0525915622711182,1.0525915622711182,4181,0.0,0.0
2011-05-13 00:00:00-03:00,1.040208101272583,1.052591553404941,1.040208101272583,1.040208101272583,10192,0.0,0.0
2011-05-16 00:00:00-03:00,1.0278246311916222,1.0278246311916222,1.0154411792755127,1.0154411792755127,15821,0.0,0.0
2011-05-17 00:00:00-03:00,1.077358365058899,1.077358365058899,0.9906743249491791,1.077358365058899,75838,0.0,0.0
2011-05-18 00:00:00-03:00,1.077358365058899,1.077358365058899,1.077358365058899,1.077358365058899,0,0.0,0.0
2011-05-19 00:00:00-03:00,1.089741826057434,1.089741826057434,1.089741826057434,1.089741826057434,3975,0.0,0.0
2011-05-20 00:00:00-03:00,1.089741826057434,1.089741826057434,1.089741826057434,1.089741826057434,11408,0.0,0.0
2011-05-23 00:00:00-03:00,1.089741826057434,1.089741826057434,1.089741826057434,1.089741826057434,0,0.0,0.0
2011-05-24 00:00:00-03:00,1.0761208534240723,1.0761208534240723,1.034016387988448,1.0761208534240723,27253,0.0,0.0
2011-05-26 00:00:00-03:00,1.0761208534240723,1.0761208534240723,1.0761208534240723,1.0761208534240723,0,0.0,0.0
2011-05-27 00:00:00-03:00,1.0761208534240723,1.0761208534240723,1.0761208534240723,1.0761208534240723,0,0.0,0.0
2011-05-30 00:00:00-03:00,1.0649749040603638,1.0649749040603638,1.0154411002507973,1.0649749040603638,2583,0.0,0.0
2011-05-31 00:00:00-03:00,1.0649749040603638,1.0649749040603638,1.0649749040603638,1.0649749040603638,2734,0.0,0.0
2011-06-01 00:00:00-03:00,1.0649749040603638,1.0649749040603638,1.0649749040603638,1.0649749040603638,0,0.0,0.0
2011-06-02 00:00:00-03:00,1.0649749040603638,1.0649749040603638,1.0649749040603638,1.0649749040603638,0,0.0,0.0
2011-06-03 00:00:00-03:00,1.0649749040603638,1.0649749040603638,1.0649749040603638,1.0649749040603638,0,0.0,0.0
2011-06-06 00:00:00-03:00,1.0154411792755127,1.0154411792755127,1.0154411792755127,1.0154411792755127,1121,0.0,0.0
2011-06-07 00:00:00-03:00,1.0154412055611193,1.0525915622711182,1.0154412055611193,1.0525915622711182,27253,0.0,0.0
2011-06-08 00:00:00-03:00,1.0525915622711182,1.0525915622711182,1.0525915622711182,1.0525915622711182,0,0.0,0.0
2011-06-09 00:00:00-03:00,1.0525915622711182,1.0525915622711182,1.0525915622711182,1.0525915622711182,0,0.0,0.0
2011-06-10 00:00:00-03:00,1.0587832703378892,1.0587832703378892,1.003057736222975,1.0278246402740479,21386,0.0,0.0
2011-06-13 00:00:00-03:00,1.0030577182769775,1.0030577182769775,1.0030577182769775,1.0030577182769775,3180,0.0,0.0
2011-06-14 00:00:00-03:00,1.0030577182769775,1.0030577182769775,0.9906743838383375,1.0030577182769775,13173,0.0,0.0
2011-06-15 00:00:00-03:00,0.9659073948860168,0.9659073948860168,0.9659073948860168,0.9659073948860168,5096,0.0,0.0
2011-06-16 00:00:00-03:00,0.9659073948860168,0.9659073948860168,0.9659073948860168,0.9659073948860168,0,0.0,0.0
2011-06-17 00:00:00-03:00,0.9659073948860168,0.9659073948860168,0.9659073948860168,0.9659073948860168,0,0.0,0.0
2011-06-21 00:00:00-03:00,0.9535239934921265,0.9535239934921265,0.9535239934921265,0.9535239934921265,7513,0.0,0.0
2011-06-22 00:00:00-03:00,0.9163736701011658,0.9163736701011658,0.9163736701011658,0.9163736701011658,27977,0.0,0.0
2011-06-23 00:00:00-03:00,0.8668399180494235,0.9906743764877319,0.8482647404812768,0.9906743764877319,197893,0.0,0.0
2011-06-24 00:00:00-03:00,0.9659073861597463,0.9659073861597463,0.9510478783122162,0.9535239934921265,17562,0.0,0.0
2011-06-27 00:00:00-03:00,0.9535239934921265,0.9535239934921265,0.9535239934921265,0.9535239934921265,0,0.0,0.0
2011-06-28 00:00:00-03:00,0.9535239934921265,0.9535239934921265,0.9535239934921265,0.9535239934921265,0,0.0,0.0
2011-06-29 00:00:00-03:00,0.9981045126914978,0.9981045126914978,0.9981045126914978,0.9981045126914978,2067,0.0,0.0
2011-06-30 00:00:00-03:00,0.9981045442100089,0.9981045442100089,0.91018194291495,0.99686598777771,38161,0.0,0.0
2011-07-01 00:00:00-03:00,0.9782908262988351,1.024109959602356,0.9782908262988351,1.024109959602356,17912,0.0,0.0
2011-07-04 00:00:00-03:00,1.052591535023841,1.052591535023841,1.0154411792755127,1.0154411792755127,5128,0.0,0.0
2011-07-05 00:00:00-03:00,1.017918301168852,1.0278246402740479,1.017918301168852,1.0278246402740479,10096,0.0,0.0
2011-07-06 00:00:00-03:00,1.0278246402740479,1.0278246402740479,1.0278246402740479,1.0278246402740479,0,0.0,0.0
2011-07-07 00:00:00-03:00,1.0278246402740479,1.0278246402740479,1.0278246402740479,1.0278246402740479,0,0.0,0.0
2011-07-08 00:00:00-03:00,1.0278246402740479,1.0278246402740479,1.0278246402740479,1.0278246402740479,0,0.0,0.0
2011-07-11 00:00:00-03:00,1.0278246402740479,1.0278246402740479,1.0278246402740479,1.0278246402740479,0,0.0,0.0
2011-07-12 00:00:00-03:00,1.0278246402740479,1.0278246402740479,1.0278246402740479,1.0278246402740479,0,0.0,0.0
2011-07-13 00:00:00-03:00,1.0278246402740479,1.0278246402740479,1.0278246402740479,1.0278246402740479,0,0.0,0.0
2011-07-14 00:00:00-03:00,0.9287571179272428,0.9906743764877319,0.9287571179272428,0.9906743764877319,10017,0.0,0.0
2011-07-15 00:00:00-03:00,1.0340163707733154,1.0340163707733154,1.0340163707733154,1.0340163707733154,1987,0.0,0.0
2011-07-18 00:00:00-03:00,1.0340163707733154,1.0340163707733154,1.0340163707733154,1.0340163707733154,0,0.0,0.0
2011-07-19 00:00:00-03:00,0.9906743564930122,0.9906743564930122,0.9659073948860168,0.9659073948860168,7648,0.0,0.0
2011-07-20 00:00:00-03:00,0.9287571082357126,0.978290855884552,0.9287571082357126,0.978290855884552,14724,0.0,0.0
2011-07-21 00:00:00-03:00,0.9535239934921265,0.9535239934921265,0.9287570907915507,0.9535239934921265,7242,0.0,0.0
2011-07-22 00:00:00-03:00,0.9535239934921265,0.9535239934921265,0.9535239934921265,0.9535239934921265,0,0.0,0.0
2011-07-25 00:00:00-03:00,0.9436176419258118,0.9436176419258118,0.9436176419258118,0.9436176419258118,2385,0.0,0.0
2011-07-26 00:00:00-03:00,0.9436176419258118,0.9436176419258118,0.9436176419258118,0.9436176419258118,0,0.0,0.0
2011-07-27 00:00:00-03:00,0.9436176419258118,0.9436176419258118,0.9436176419258118,0.9436176419258118,0,0.0,0.0
2011-07-28 00:00:00-03:00,0.9659073948860168,0.9659073948860168,0.9659073948860168,0.9659073948860168,2385,0.0,0.0
2011-07-29 00:00:00-03:00,0.9659073948860168,0.9659073948860168,0.9659073948860168,0.9659073948860168,0,0.0,0.0
2011-08-01 00:00:00-03:00,0.9659073948860168,0.9659073948860168,0.9659073948860168,0.9659073948860168,2011,0.0,0.0
2011-08-02 00:00:00-03:00,0.9411405920982361,0.9411405920982361,0.9411405920982361,0.9411405920982361,7815,0.0,0.0
2011-08-03 00:00:00-03:00,0.9411405920982361,0.9411405920982361,0.9411405920982361,0.9411405920982361,0,0.0,0.0
2011-08-04 00:00:00-03:00,0.9287571310997009,0.9287571310997009,0.9287571310997009,0.9287571310997009,12879,0.0,0.0
2011-08-05 00:00:00-03:00,0.8420730233192444,0.8792233788390982,0.8420730233192444,0.8420730233192444,5406,0.0,0.0
2011-08-08 00:00:00-03:00,0.8420730233192444,0.8420730233192444,0.8420730233192444,0.8420730233192444,0,0.0,0.0
2011-08-09 00:00:00-03:00,0.8420729801722743,0.9052287338949316,0.7615806060196095,0.786347508430481,52711,0.0,0.0
2011-08-10 00:00:00-03:00,0.7553889155387878,0.7553889155387878,0.7430055224402522,0.7553889155387878,23779,0.0,0.0
2011-08-11 00:00:00-03:00,0.8668398857116699,0.8668398857116699,0.8668398857116699,0.8668398857116699,20949,0.0,0.0
2011-08-12 00:00:00-03:00,0.8668398857116699,0.8668398857116699,0.8668398857116699,0.8668398857116699,0,0.0,0.0
2011-08-16 00:00:00-03:00,0.8358812928199768,0.8358812928199768,0.8358812928199768,0.8358812928199768,0,0.0,0.0
2011-08-17 00:00:00-03:00,0.8296895623207092,0.8296895623207092,0.8296895623207092,0.8296895623207092,2345,0.0,0.0
2011-08-18 00:00:00-03:00,0.7801558375358582,0.7801558375358582,0.7801558375358582,0.7801558375358582,6360,0.0,0.0
2011-08-19 00:00:00-03:00,0.7615806414293907,0.7615806414293907,0.7553889155387878,0.7553889155387878,9572,0.0,0.0
2011-08-22 00:00:00-03:00,0.7615806414293907,0.7615806414293907,0.7553889155387878,0.7553889155387878,9572,0.0,0.0
2011-08-23 00:00:00-03:00,0.8049226999282837,0.8049226999282837,0.7801557970654222,0.8049226999282837,14263,0.0,0.0
2011-08-24 00:00:00-03:00,0.8358812575863475,0.8668398857116699,0.8358812575863475,0.8668398857116699,5867,0.0,0.0
2011-08-25 00:00:00-03:00,0.8668398857116699,0.8668398857116699,0.8668398857116699,0.8668398857116699,0,0.0,0.0
2011-08-26 00:00:00-03:00,0.8668398857116699,0.8668398857116699,0.8668398857116699,0.8668398857116699,0,0.0,0.0
2011-08-29 00:00:00-03:00,0.9039902091026306,0.9039902091026306,0.9039902091026306,0.9039902091026306,8896,0.0,0.0
2011-08-30 00:00:00-03:00,0.8977984709283187,0.9039901966621695,0.8916067451944677,0.9027526378631592,3132,0.0,0.0
2011-08-31 00:00:00-03:00,0.9535239934921265,0.9535239934921265,0.9535239934921265,0.9535239934921265,1192,0.0,0.0
2011-09-01 00:00:00-03:00,0.9535239934921265,0.9535239934921265,0.9535239934921265,0.9535239934921265,0,0.0,0.0
2011-09-02 00:00:00-03:00,0.9535239934921265,0.9535239934921265,0.9535239934921265,0.9535239934921265,0,0.0,0.0
2011-09-05 00:00:00-03:00,0.9535239934921265,0.9535239934921265,0.9535239934921265,0.9535239934921265,0,0.0,0.0
2011-09-06 00:00:00-03:00,0.6067876816634397,0.6154564619064331,0.6067876816634397,0.6154564619064331,126761,0.0,0.0
2011-09-07 00:00:00-03:00,0.6389847663322283,0.6389847663322283,0.615456420350188,0.6315544843673706,20806,0.0,0.0
2011-09-08 00:00:00-03:00,0.6315545077840903,0.6315545077840903,0.6266013383865356,0.6266013383865356,19470,0.0,0.0
2011-09-09 00:00:00-03:00,0.6266013383865356,0.6266013383865356,0.6266013383865356,0.6266013383865356,0,0.0,0.0
2011-09-12 00:00:00-03:00,0.5981197953224182,0.5981197953224182,0.5981197953224182,0.5981197953224182,16266,0.0,0.0
2011-09-13 00:00:00-03:00,0.5906895399093628,0.5906895399093628,0.5906895399093628,0.5906895399093628,6654,0.0,0.0
2011-09-14 00:00:00-03:00,0.5783060700830316,0.5783060700830316,0.5584923955100767,0.5659226775169373,30688,0.0,0.0
2011-09-15 00:00:00-03:00,0.5498245634808021,0.5498245634808021,0.5423943400382996,0.5423943400382996,26005,0.0,0.0
2011-09-16 00:00:00-03:00,0.5213421073761176,0.5423943386113775,0.5213421073761176,0.5337255001068115,58896,0.0,0.0
2011-09-19 00:00:00-03:00,0.5262953042984009,0.5262953042984009,0.5262953042984009,0.5262953042984009,16004,0.0,0.0
2011-09-20 00:00:00-03:00,0.521342134730771,0.5262953042984009,0.521342134730771,0.5262953042984009,14111,0.0,0.0
2011-09-21 00:00:00-03:00,0.5101971626281738,0.5101971626281738,0.5101971626281738,0.5101971626281738,6082,0.0,0.0
2011-09-22 00:00:00-03:00,0.5015284001721648,0.5262953042984009,0.5015284001721648,0.5262953042984009,33224,0.0,0.0
2011-09-23 00:00:00-03:00,0.5176274180412292,0.5176274180412292,0.5176274180412292,0.5176274180412292,25552,0.0,0.0
2011-09-26 00:00:00-03:00,0.5262953042984009,0.5262953042984009,0.5262953042984009,0.5262953042984009,3649,0.0,0.0
2011-09-27 00:00:00-03:00,0.526295308670825,0.549824595451355,0.526295308670825,0.549824595451355,12172,0.0,0.0
2011-09-28 00:00:00-03:00,0.549824595451355,0.549824595451355,0.549824595451355,0.549824595451355,0,0.0,0.0
2011-09-29 00:00:00-03:00,0.549824595451355,0.549824595451355,0.549824595451355,0.549824595451355,0,0.0,0.0
2011-09-30 00:00:00-03:00,0.549824595451355,0.549824595451355,0.549824595451355,0.549824595451355,0,0.0,0.0
2011-10-03 00:00:00-03:00,0.5213420987129211,0.5213420987129211,0.5213420987129211,0.5213420987129211,18667,0.0,0.0
2011-10-04 00:00:00-03:00,0.5213420987129211,0.5213420987129211,0.5213420987129211,0.5213420987129211,0,0.0,0.0
2011-10-05 00:00:00-03:00,0.5213420987129211,0.5213420987129211,0.5213420987129211,0.5213420987129211,0,0.0,0.0
2011-10-06 00:00:00-03:00,0.5213420987129211,0.5213420987129211,0.5213420987129211,0.5213420987129211,0,0.0,0.0
2011-10-07 00:00:00-03:00,0.48543030981380797,0.49781376123428345,0.48543030981380797,0.49781376123428345,27261,0.0,0.0
2011-10-11 00:00:00-03:00,0.5015283823013306,0.5015283823013306,0.5015283823013306,0.5015283823013306,12172,0.0,0.0
2011-10-12 00:00:00-03:00,0.5015284043388272,0.549824595451355,0.5015284043388272,0.549824595451355,10709,0.0,0.0
2011-10-13 00:00:00-03:00,0.5002908067501669,0.5213420987129211,0.5002908067501669,0.5213420987129211,70519,0.0,0.0
2011-10-14 00:00:00-03:00,0.526295308692145,0.5461089847334929,0.526295308692145,0.5411558151245117,23644,0.0,0.0
2011-10-17 00:00:00-03:00,0.5411558151245117,0.5411558151245117,0.5411558151245117,0.5411558151245117,0,0.0,0.0
2011-10-18 00:00:00-03:00,0.5523006916046143,0.5523006916046143,0.5523006916046143,0.5523006916046143,1884,0.0,0.0
2011-10-19 00:00:00-03:00,0.5448704282371513,0.549824595451355,0.5448704282371513,0.549824595451355,21537,0.0,0.0
2011-10-20 00:00:00-03:00,0.526295308670825,0.549824595451355,0.526295308670825,0.549824595451355,7815,0.0,0.0
2011-10-21 00:00:00-03:00,0.521342134730771,0.5262953042984009,0.521342134730771,0.5262953042984009,13022,0.0,0.0
2011-10-24 00:00:00-03:00,0.5262953042984009,0.5262953042984009,0.5262953042984009,0.5262953042984009,29448,0.0,0.0
2011-10-25 00:00:00-03:00,0.5262953042984009,0.5262953042984009,0.5262953042984009,0.5262953042984009,0,0.0,0.0
2011-10-26 00:00:00-03:00,0.510197175371528,0.510197175371528,0.49409911036491394,0.49409911036491394,38638,0.0,0.0
2011-10-27 00:00:00-03:00,0.501528382654221,0.5337255094686564,0.4940990980236461,0.5101971626281738,93941,0.0,0.0
2011-10-28 00:00:00-03:00,0.5176274539443779,0.5176274539443779,0.5139118432998657,0.5139118432998657,16719,0.0,0.0
2011-10-31 00:00:00-03:00,0.49409911036491394,0.49533666921111213,0.49409911036491394,0.49409911036491394,51121,0.0,0.0
2011-11-01 00:00:00-03:00,0.4940990917768591,0.4940990917768591,0.469332218170166,0.469332218170166,17538,0.0,0.0
2011-11-02 00:00:00-03:00,0.5052440166473389,0.5052440166473389,0.5052440166473389,0.5052440166473389,2432,0.0,0.0
2011-11-03 00:00:00-03:00,0.49409910669115975,0.5139118432998657,0.49409910669115975,0.5139118432998657,7155,0.0,0.0
2011-11-04 00:00:00-03:00,0.5139118432998657,0.5139118432998657,0.5139118432998657,0.5139118432998657,0,0.0,0.0
2011-11-07 00:00:00-03:00,0.5139118432998657,0.5139118432998657,0.5139118432998657,0.5139118432998657,0,0.0,0.0
2011-11-08 00:00:00-03:00,0.5139118432998657,0.5139118432998657,0.5139118432998657,0.5139118432998657,0,0.0,0.0
2011-11-09 00:00:00-03:00,0.5139118432998657,0.5139118432998657,0.5139118432998657,0.5139118432998657,0,0.0,0.0
2011-11-10 00:00:00-03:00,0.49781377322933174,0.49781377322933174,0.46066341807275074,0.48171567916870117,74193,0.0,0.0
2011-11-11 00:00:00-03:00,0.4817156758399139,0.4817156758399139,0.4656166136264801,0.4656166136264801,20671,0.0,0.0
2011-11-14 00:00:00-03:00,0.4656166136264801,0.4817156758399139,0.4396111832803016,0.4656166136264801,84345,0.0,0.0
2011-11-15 00:00:00-03:00,0.45323315262794495,0.45323315262794495,0.45199462557393294,0.45323315262794495,41986,0.0,0.0
2011-11-16 00:00:00-03:00,0.46066340537065975,0.46066340537065975,0.45323315262794495,0.45323315262794495,14358,0.0,0.0
2011-11-17 00:00:00-03:00,0.45323316759671034,0.45323316759671034,0.4445653557777405,0.4445653557777405,27134,0.0,0.0
2011-11-18 00:00:00-03:00,0.4371350766721636,0.4371350766721636,0.43341946601867676,0.43341946601867676,16552,0.0,0.0
2011-11-21 00:00:00-03:00,0.6625131368637085,0.6625131368637085,0.6625131368637085,0.6625131368637085,0,0.0,0.0
2011-11-22 00:00:00-03:00,0.4160828482866901,0.4160828482866901,0.4049379527568817,0.4049379527568817,12172,0.0,0.0
2011-11-23 00:00:00-03:00,0.6191710829734802,0.6191710829734802,0.6191710829734802,0.6191710829734802,0,0.0,0.0
2011-11-24 00:00:00-03:00,0.6191710829734802,0.6191710829734802,0.6191710829734802,0.6191710829734802,0,0.0,0.0
2011-11-25 00:00:00-03:00,0.39626914262771606,0.39626914262771606,0.39626914262771606,0.39626914262771606,19470,0.0,0.0
2011-11-29 00:00:00-03:00,0.404937955020505,0.42103602017709724,0.404937955020505,0.41236820816993713,119255,0.0,0.0
2011-11-30 00:00:00-03:00,0.43713507056236267,0.43713507056236267,0.43713507056236267,0.43713507056236267,39815,0.0,0.0
2011-12-01 00:00:00-03:00,0.43713507056236267,0.43713507056236267,0.43713507056236267,0.43713507056236267,8276,0.0,0.0
2011-12-02 00:00:00-03:00,0.45323315262794495,0.45323315262794495,0.45323315262794495,0.45323315262794495,2432,0.0,0.0
2011-12-05 00:00:00-03:00,0.4656166136264801,0.4656166136264801,0.4656166136264801,0.4656166136264801,3649,0.0,0.0
2011-12-06 00:00:00-03:00,0.7120468616485596,0.7120468616485596,0.7120468616485596,0.7120468616485596,0,0.0,0.0
2011-12-07 00:00:00-03:00,0.7120468616485596,0.7120468616485596,0.7120468616485596,0.7120468616485596,0,0.0,0.0
2011-12-12 00:00:00-03:00,0.7120468616485596,0.7120468616485596,0.7120468616485596,0.7120468616485596,0,0.0,0.0
2011-12-13 00:00:00-03:00,0.47676151990890503,0.47676151990890503,0.47676151990890503,0.47676151990890503,3052,0.0,0.0
2011-12-14 00:00:00-03:00,0.46314048767089844,0.46314048767089844,0.46314048767089844,0.46314048767089844,2130,0.0,0.0
2011-12-15 00:00:00-03:00,0.4445653557777405,0.4445653557777405,0.4445653557777405,0.4445653557777405,6574,0.0,0.0
2011-12-16 00:00:00-03:00,0.45323316759671034,0.45323316759671034,0.4445653557777405,0.4445653557777405,62672,0.0,0.0
2011-12-19 00:00:00-03:00,0.4445653557777405,0.4445653557777405,0.4445653557777405,0.4445653557777405,4865,0.0,0.0
2011-12-20 00:00:00-03:00,0.6810882687568665,0.6810882687568665,0.6810882687568665,0.6810882687568665,0,0.0,0.0
2011-12-21 00:00:00-03:00,0.44456533736919274,0.455710232257843,0.44456533736919274,0.455710232257843,25552,0.0,0.0
2011-12-22 00:00:00-03:00,0.4557102454937354,0.4656166136264801,0.4557102454937354,0.4656166136264801,10955,0.0,0.0
2011-12-23 00:00:00-03:00,0.4656166136264801,0.4656166136264801,0.4656166136264801,0.4656166136264801,0,0.0,0.0
2011-12-27 00:00:00-03:00,0.4656166136264801,0.4656166136264801,0.4656166136264801,0.4656166136264801,12172,0.0,0.0
2011-12-28 00:00:00-03:00,0.7120468616485596,0.7120468616485596,0.7120468616485596,0.7120468616485596,0,0.0,0.0
2011-12-29 00:00:00-03:00,0.46561660763780893,0.469332218170166,0.46561660763780893,0.469332218170166,9675,0.0,0.0
2012-01-03 00:00:00-03:00,0.4854303300380707,0.4854303300380707,0.4854303300380707,0.4854303300380707,2432,0.0,0.0
2012-01-04 00:00:00-03:00,0.5015283823013306,0.5015283823013306,0.5015283823013306,0.5015283823013306,2432,0.0,0.0
2012-01-05 00:00:00-03:00,0.45323315262794495,0.45323315262794495,0.45323315262794495,0.45323315262794495,12172,0.0,0.0
2012-01-06 00:00:00-03:00,0.47676151990890503,0.47676151990890503,0.47676151990890503,0.47676151990890503,4285,0.0,0.0
2012-01-09 00:00:00-03:00,0.4445653557777405,0.4445653557777405,0.4445653557777405,0.4445653557777405,24336,0.0,0.0
2012-01-10 00:00:00-03:00,0.4445653557777405,0.4445653557777405,0.4445653557777405,0.4445653557777405,55501,0.0,0.0
2012-01-11 00:00:00-03:00,0.4445653557777405,0.4445653557777405,0.4445653557777405,0.4445653557777405,202051,0.0,0.0
2012-01-12 00:00:00-03:00,0.4445653557777405,0.4445653557777405,0.4445653557777405,0.4445653557777405,114008,0.0,0.0
2012-01-13 00:00:00-03:00,0.4445653557777405,0.4445653557777405,0.4445653557777405,0.4445653557777405,181793,0.0,0.0
2012-01-16 00:00:00-03:00,0.4854303300380707,0.4854303300380707,0.4854303300380707,0.4854303300380707,4499,0.0,0.0
2012-01-17 00:00:00-03:00,0.48171567916870117,0.48171567916870117,0.48171567916870117,0.48171567916870117,5112,0.0,0.0
2012-01-18 00:00:00-03:00,0.4445653557777405,0.4445653557777405,0.4445653557777405,0.4445653557777405,20408,0.0,0.0
2012-01-19 00:00:00-03:00,0.4495185315608978,0.4495185315608978,0.4495185315608978,0.4495185315608978,30783,0.0,0.0
2012-01-20 00:00:00-03:00,0.4656166136264801,0.4656166136264801,0.4656166136264801,0.4656166136264801,31737,0.0,0.0
2012-01-23 00:00:00-03:00,0.46066340804100037,0.46561660670440347,0.46066340804100037,0.46066340804100037,22388,0.0,0.0
2012-01-24 00:00:00-03:00,0.45323315262794495,0.46066340537065975,0.45323315262794495,0.45323315262794495,47455,0.0,0.0
2012-01-25 00:00:00-03:00,0.4445653557777405,0.4445653557777405,0.4445653557777405,0.4445653557777405,12172,0.0,0.0
2012-01-26 00:00:00-03:00,0.46066340804100037,0.46066340804100037,0.46066340804100037,0.46066340804100037,4857,0.0,0.0
2012-01-27 00:00:00-03:00,0.705855131149292,0.705855131149292,0.705855131149292,0.705855131149292,0,0.0,0.0
2012-01-30 00:00:00-03:00,0.45694878697395325,0.45694878697395325,0.45694878697395325,0.45694878697395325,4380,0.0,0.0
2012-01-31 00:00:00-03:00,0.4445653557777405,0.4445653557777405,0.4445653557777405,0.4445653557777405,24336,0.0,0.0
2012-02-01 00:00:00-03:00,0.4470414502649361,0.45694878697395325,0.44456536429174054,0.45694878697395325,30736,0.0,0.0
2012-02-02 00:00:00-03:00,0.45694878697395325,0.45694878697395325,0.45694878697395325,0.45694878697395325,3005,0.0,0.0
2012-02-03 00:00:00-03:00,0.45694878697395325,0.45694878697395325,0.45694878697395325,0.45694878697395325,9246,0.0,0.0
2012-02-06 00:00:00-03:00,0.4606634294071202,0.4606634294071202,0.45694878697395325,0.45694878697395325,15224,0.0,0.0
2012-02-07 00:00:00-03:00,0.45323315262794495,0.45323315262794495,0.45323315262794495,0.45323315262794495,25417,0.0,0.0
2012-02-08 00:00:00-03:00,0.45694878697395325,0.4606634294071202,0.4532331762767102,0.45694878697395325,40046,0.0,0.0
2012-02-09 00:00:00-03:00,0.45323315262794495,0.45323315262794495,0.45323315262794495,0.45323315262794495,17792,0.0,0.0
2012-02-10 00:00:00-03:00,0.45323315262794495,0.45323315262794495,0.45323315262794495,0.45323315262794495,6392,0.0,0.0
2012-02-13 00:00:00-03:00,0.45323317397520185,0.45323317397520185,0.4445653620342472,0.4495185315608978,48362,0.0,0.0
2012-02-14 00:00:00-03:00,0.4495185315608978,0.4495185315608978,0.4495185315608978,0.4495185315608978,0,0.0,0.0
2012-02-15 00:00:00-03:00,0.4495185252346836,0.4495185252346836,0.4445653557777405,0.4445653557777405,75473,0.0,0.0
2012-02-16 00:00:00-03:00,0.44704142212867737,0.44704142212867737,0.44704142212867737,0.44704142212867737,3625,0.0,0.0
2012-02-17 00:00:00-03:00,0.4495185315608978,0.4495185315608978,0.4495185315608978,0.4495185315608978,6082,0.0,0.0
2012-02-22 00:00:00-03:00,0.4495185252346836,0.4495185252346836,0.4445653557777405,0.4445653557777405,53116,0.0,0.0
2012-02-23 00:00:00-03:00,0.4445653557777405,0.4445653557777405,0.4445653557777405,0.4445653557777405,4380,0.0,0.0
2012-02-24 00:00:00-03:00,0.4445653557777405,0.4445653557777405,0.4445653557777405,0.4445653557777405,18254,0.0,0.0
2012-02-28 00:00:00-03:00,0.4445653557777405,0.4445653557777405,0.4445653557777405,0.4445653557777405,73294,0.0,0.0
2012-02-29 00:00:00-03:00,0.4445653557777405,0.4445653557777405,0.4445653557777405,0.4445653557777405,42478,0.0,0.0
2012-03-01 00:00:00-03:00,0.4445653410952437,0.45323315262794495,0.4445653410952437,0.45323315262794495,32986,0.0,0.0
2012-03-02 00:00:00-03:00,0.6934717297554016,0.6934717297554016,0.6934717297554016,0.6934717297554016,0,0.0,0.0
2012-03-05 00:00:00-03:00,0.6934717297554016,0.6934717297554016,0.6934717297554016,0.6934717297554016,0,0.0,0.0
2012-03-06 00:00:00-03:00,0.4656166153358555,0.4656166153358555,0.4643780589103699,0.4643780589103699,33137,0.0,0.0
2012-03-07 00:00:00-03:00,0.47056978940963745,0.47056978940963745,0.47056978940963745,0.47056978940963745,16520,0.0,0.0
2012-03-08 00:00:00-03:00,0.48914493067946896,0.5015283823013306,0.48914493067946896,0.5015283823013306,70440,0.0,0.0
2012-03-09 00:00:00-03:00,0.5077201218423896,0.5201035737991333,0.5077201218423896,0.5201035737991333,27977,0.0,0.0
2012-03-12 00:00:00-03:00,0.5324869842774538,0.5572538275790407,0.5262952587813905,0.5448703765869141,41548,0.0,0.0
2012-03-13 00:00:00-03:00,0.5572538471567954,0.5820207500111735,0.5572538471567954,0.5696372985839844,124065,0.0,0.0
2012-03-14 00:00:00-03:00,0.5696372985839844,0.5944042014383625,0.5696372985839844,0.5696372985839844,42447,0.0,0.0
2012-03-15 00:00:00-03:00,0.5696372985839844,0.5696372985839844,0.5696372985839844,0.5696372985839844,0,0.0,0.0
2012-03-16 00:00:00-03:00,0.569637332616052,0.569637332616052,0.5324870347976685,0.5324870347976685,22086,0.0,0.0
2012-03-19 00:00:00-03:00,0.5324870347976685,0.5324870347976685,0.5324870347976685,0.5324870347976685,0,0.0,0.0
2012-03-20 00:00:00-03:00,0.5324870347976685,0.5324870347976685,0.5324870347976685,0.5324870347976685,0,0.0,0.0
2012-03-21 00:00:00-03:00,0.5139118432998657,0.5139118432998657,0.48295324302168546,0.5139118432998657,32183,0.0,0.0
2012-03-22 00:00:00-03:00,0.5015283823013306,0.5015283823013306,0.5015283823013306,0.5015283823013306,4547,0.0,0.0
2012-03-23 00:00:00-03:00,0.5015284058958189,0.5052440166473389,0.5015284058958189,0.5052440166473389,18985,0.0,0.0
2012-03-26 00:00:00-03:00,0.5077201081122613,0.5077201081122613,0.5015283823013306,0.5015283823013306,7998,0.0,0.0
2012-03-27 00:00:00-03:00,0.5015283823013306,0.5015283823013306,0.5015283823013306,0.5015283823013306,0,0.0,0.0
2012-03-28 00:00:00-03:00,0.4891449213027954,0.4891449213027954,0.4891449213027954,0.4891449213027954,7,0.0,0.0
2012-03-29 00:00:00-03:00,0.4829532458693163,0.4866688565357368,0.47056979394849374,0.47676151990890503,4730,0.0,0.0
2012-03-30 00:00:00-03:00,0.47676151990890503,0.47676151990890503,0.47676151990890503,0.47676151990890503,0,0.0,0.0
2012-04-03 00:00:00-03:00,0.47056978940963745,0.47056978940963745,0.47056978940963745,0.47056978940963745,3076,0.0,0.0
2012-04-04 00:00:00-03:00,0.47056978940963745,0.47056978940963745,0.47056978940963745,0.47056978940963745,0,0.0,0.0
2012-04-09 00:00:00-03:00,0.4458028972148895,0.4458028972148895,0.4458028972148895,0.4458028972148895,95,0.0,0.0
2012-04-10 00:00:00-03:00,0.4458028972148895,0.4458028972148895,0.4458028972148895,0.4458028972148895,0,0.0,0.0
2012-04-11 00:00:00-03:00,0.45818633760825883,0.47056978940963745,0.45818633760825883,0.47056978940963745,36802,0.0,0.0
2012-04-12 00:00:00-03:00,0.47056978940963745,0.47056978940963745,0.47056978940963745,0.47056978940963745,0,0.0,0.0
2012-04-13 00:00:00-03:00,0.47056978940963745,0.47056978940963745,0.47056978940963745,0.47056978940963745,0,0.0,0.0
2012-04-16 00:00:00-03:00,0.47056978940963745,0.47056978940963745,0.47056978940963745,0.47056978940963745,0,0.0,0.0
2012-04-17 00:00:00-03:00,0.47056978940963745,0.47056978940963745,0.47056978940963745,0.47056978940963745,0,0.0,0.0
2012-04-18 00:00:00-03:00,0.47056978940963745,0.47056978940963745,0.47056978940963745,0.47056978940963745,0,0.0,0.0
2012-04-19 00:00:00-03:00,0.47056978940963745,0.47056978940963745,0.47056978940963745,0.47056978940963745,0,0.0,0.0
2012-04-20 00:00:00-03:00,0.47056978940963745,0.47056978940963745,0.47056978940963745,0.47056978940963745,0,0.0,0.0
2012-04-23 00:00:00-03:00,0.47056978940963745,0.47056978940963745,0.47056978940963745,0.47056978940963745,0,0.0,0.0
2012-04-24 00:00:00-03:00,0.40865257382392883,0.40865257382392883,0.40865257382392883,0.40865257382392883,37462,0.0,0.0
2012-04-25 00:00:00-03:00,0.3962691238550786,0.3962691238550786,0.37150225043296814,0.37150225043296814,44180,0.0,0.0
2012-04-26 00:00:00-03:00,0.37150225043296814,0.37150225043296814,0.37150225043296814,0.37150225043296814,118095,0.0,0.0
2012-04-27 00:00:00-03:00,0.37150225043296814,0.3838856724733563,0.37150225043296814,0.37150225043296814,19613,0.0,0.0
2012-05-02 00:00:00-03:00,0.37150225043296814,0.37150225043296814,0.37150225043296814,0.37150225043296814,3188,0.0,0.0
2012-05-03 00:00:00-03:00,0.37150225043296814,0.37150225043296814,0.37150225043296814,0.37150225043296814,15,0.0,0.0
2012-05-04 00:00:00-03:00,0.371502245543063,0.371502245543063,0.36531051993370056,0.36531051993370056,102114,0.0,0.0
2012-05-07 00:00:00-03:00,0.36283445358276367,0.36283445358276367,0.36283445358276367,0.36283445358276367,7,0.0,0.0
2012-05-08 00:00:00-03:00,0.36283445358276367,0.36283445358276367,0.36283445358276367,0.36283445358276367,1900,0.0,0.0
2012-05-09 00:00:00-03:00,0.38388566742045416,0.38388566742045416,0.36531051993370056,0.36531051993370056,23135,0.0,0.0
2012-05-10 00:00:00-03:00,0.36531051993370056,0.36531051993370056,0.36531051993370056,0.36531051993370056,0,0.0,0.0
2012-05-11 00:00:00-03:00,0.36531051993370056,0.36531051993370056,0.36531051993370056,0.36531051993370056,0,0.0,0.0
2012-05-14 00:00:00-03:00,0.36531052474210696,0.37150225043296814,0.36531052474210696,0.37150225043296814,125091,0.0,0.0
2012-05-15 00:00:00-03:00,0.3752178787129999,0.4061764792925874,0.3752178787129999,0.39626914262771606,44506,0.0,0.0
2012-05-16 00:00:00-03:00,0.41484429451495897,0.41484429451495897,0.40246084332466125,0.40246084332466125,10709,0.0,0.0
2012-05-17 00:00:00-03:00,0.40246084332466125,0.40246084332466125,0.40246084332466125,0.40246084332466125,0,0.0,0.0
2012-05-18 00:00:00-03:00,0.40246084332466125,0.40246084332466125,0.40246084332466125,0.40246084332466125,0,0.0,0.0
2012-05-21 00:00:00-03:00,0.40246084332466125,0.40246084332466125,0.40246084332466125,0.40246084332466125,0,0.0,0.0
2012-05-22 00:00:00-03:00,0.40246086136968223,0.4272277355194092,0.40246086136968223,0.4272277355194092,3553,0.0,0.0
2012-05-23 00:00:00-03:00,0.40246084332466125,0.40246084332466125,0.40246084332466125,0.40246084332466125,23,0.0,0.0
2012-05-24 00:00:00-03:00,0.40246084332466125,0.40246084332466125,0.39998475751807516,0.40246084332466125,27484,0.0,0.0
2012-05-28 00:00:00-03:00,0.40246084332466125,0.40246084332466125,0.40246084332466125,0.40246084332466125,31,0.0,0.0
2012-05-29 00:00:00-03:00,0.3962691177295124,0.41484429451495897,0.3962691177295124,0.40246084332466125,44927,0.0,0.0
2012-05-30 00:00:00-03:00,0.40246084332466125,0.40246084332466125,0.40246084332466125,0.40246084332466125,0,0.0,0.0
2012-05-31 00:00:00-03:00,0.40246084332466125,0.40246084332466125,0.40246084332466125,0.40246084332466125,0,0.0,0.0
2012-06-01 00:00:00-03:00,0.40246084332466125,0.40246084332466125,0.40246084332466125,0.40246084332466125,0,0.0,0.0
2012-06-04 00:00:00-03:00,0.40246084332466125,0.40246084332466125,0.40246084332466125,0.40246084332466125,0,0.0,0.0
2012-06-05 00:00:00-03:00,0.40246084332466125,0.40246084332466125,0.40246084332466125,0.40246084332466125,0,0.0,0.0
2012-06-06 00:00:00-03:00,0.3739793300628662,0.3739793300628662,0.3739793300628662,0.3739793300628662,7918,0.0,0.0
2012-06-07 00:00:00-03:00,0.36531051993370056,0.36531051993370056,0.36531051993370056,0.36531051993370056,12720,0.0,0.0
2012-06-08 00:00:00-03:00,0.3640729784965515,0.3640729784965515,0.3640729784965515,0.3640729784965515,9667,0.0,0.0
2012-06-11 00:00:00-03:00,0.3467353880405426,0.3467353880405426,0.3467353880405426,0.3467353880405426,22658,0.0,0.0
2012-06-12 00:00:00-03:00,0.3467353880405426,0.3467353880405426,0.3467353880405426,0.3467353880405426,0,0.0,0.0
2012-06-13 00:00:00-03:00,0.3467353880405426,0.3467353880405426,0.3467353880405426,0.3467353880405426,0,0.0,0.0
2012-06-14 00:00:00-03:00,0.340543657541275,0.340543657541275,0.340543657541275,0.340543657541275,12601,0.0,0.0
2012-06-15 00:00:00-03:00,0.340543657541275,0.340543657541275,0.340543657541275,0.340543657541275,9222,0.0,0.0
2012-06-18 00:00:00-03:00,0.340543657541275,0.340543657541275,0.340543657541275,0.340543657541275,0,0.0,0.0
2012-06-19 00:00:00-03:00,0.340543657541275,0.340543657541275,0.340543657541275,0.340543657541275,0,0.0,0.0
2012-06-21 00:00:00-03:00,0.340543657541275,0.340543657541275,0.340543657541275,0.340543657541275,0,0.0,0.0
2012-06-22 00:00:00-03:00,0.340543657541275,0.340543657541275,0.340543657541275,0.340543657541275,0,0.0,0.0
2012-06-25 00:00:00-03:00,0.340543657541275,0.340543657541275,0.340543657541275,0.340543657541275,0,0.0,0.0
2012-06-26 00:00:00-03:00,0.340543657541275,0.340543657541275,0.340543657541275,0.340543657541275,0,0.0,0.0
2012-06-27 00:00:00-03:00,0.340543657541275,0.340543657541275,0.340543657541275,0.340543657541275,0,0.0,0.0
2012-06-28 00:00:00-03:00,0.340543657541275,0.340543657541275,0.340543657541275,0.340543657541275,3975,0.0,0.0
2012-06-29 00:00:00-03:00,0.340543657541275,0.340543657541275,0.340543657541275,0.340543657541275,0,0.0,0.0
2012-07-02 00:00:00-03:00,0.340543657541275,0.340543657541275,0.340543657541275,0.340543657541275,0,0.0,0.0
2012-07-03 00:00:00-03:00,0.340543657541275,0.340543657541275,0.340543657541275,0.340543657541275,0,0.0,0.0
2012-07-04 00:00:00-03:00,0.340543657541275,0.340543657541275,0.340543657541275,0.340543657541275,14906,0.0,0.0
2012-07-05 00:00:00-03:00,0.32816020593332357,0.340543657541275,0.32816020593332357,0.340543657541275,31213,0.0,0.0
2012-07-06 00:00:00-03:00,0.340543657541275,0.340543657541275,0.340543657541275,0.340543657541275,0,0.0,0.0
2012-07-10 00:00:00-03:00,0.340543657541275,0.340543657541275,0.340543657541275,0.340543657541275,0,0.0,0.0
2012-07-11 00:00:00-03:00,0.340543657541275,0.340543657541275,0.340543657541275,0.340543657541275,0,0.0,0.0
2012-07-12 00:00:00-03:00,0.340543657541275,0.340543657541275,0.340543657541275,0.340543657541275,0,0.0,0.0
2012-07-13 00:00:00-03:00,0.32816021423627967,0.3529270887374878,0.32816021423627967,0.3529270887374878,20996,0.0,0.0
2012-07-16 00:00:00-03:00,0.35292706871497564,0.36531051993370056,0.35292706871497564,0.36531051993370056,23183,0.0,0.0
2012-07-17 00:00:00-03:00,0.36531051993370056,0.36531051993370056,0.36531051993370056,0.36531051993370056,0,0.0,0.0
2012-07-18 00:00:00-03:00,0.3653105293928602,0.3776939809322357,0.3653105293928602,0.3776939809322357,1017,0.0,0.0
2012-07-19 00:00:00-03:00,0.3776939809322357,0.3776939809322357,0.3776939809322357,0.3776939809322357,0,0.0,0.0
2012-07-20 00:00:00-03:00,0.3776939809322357,0.3776939809322357,0.3776939809322357,0.3776939809322357,0,0.0,0.0
2012-07-23 00:00:00-03:00,0.3653105418631879,0.3702647089958191,0.3653105418631879,0.3702647089958191,26355,0.0,0.0
2012-07-24 00:00:00-03:00,0.3653105452756438,0.3653105452756438,0.35911881923675537,0.35911881923675537,24693,0.0,0.0
2012-07-25 00:00:00-03:00,0.35911881923675537,0.35911881923675537,0.35911881923675537,0.35911881923675537,0,0.0,0.0
2012-07-26 00:00:00-03:00,0.35911879905124583,0.37150225043296814,0.35911879905124583,0.37150225043296814,9206,0.0,0.0
2012-07-27 00:00:00-03:00,0.37150225043296814,0.37150225043296814,0.37150225043296814,0.37150225043296814,0,0.0,0.0
2012-07-30 00:00:00-03:00,0.37150225043296814,0.37150225043296814,0.37150225043296814,0.37150225043296814,0,0.0,0.0
2012-07-31 00:00:00-03:00,0.37150225043296814,0.37150225043296814,0.37150225043296814,0.37150225043296814,6535,0.0,0.0
2012-08-01 00:00:00-03:00,0.37150225043296814,0.37150225043296814,0.37150225043296814,0.37150225043296814,0,0.0,0.0
2012-08-02 00:00:00-03:00,0.37150225043296814,0.37150225043296814,0.37150225043296814,0.37150225043296814,0,0.0,0.0
2012-08-03 00:00:00-03:00,0.37150225043296814,0.37150225043296814,0.37150225043296814,0.37150225043296814,0,0.0,0.0
2012-08-06 00:00:00-03:00,0.37150225043296814,0.37150225043296814,0.37150225043296814,0.37150225043296814,0,0.0,0.0
2012-08-07 00:00:00-03:00,0.37150225043296814,0.37150225043296814,0.37150225043296814,0.37150225043296814,0,0.0,0.0
2012-08-08 00:00:00-03:00,0.37150225043296814,0.37150225043296814,0.37150225043296814,0.37150225043296814,0,0.0,0.0
2012-08-09 00:00:00-03:00,0.37150225043296814,0.37150225043296814,0.37150225043296814,0.37150225043296814,0,0.0,0.0
2012-08-10 00:00:00-03:00,0.37150225043296814,0.37150225043296814,0.37150225043296814,0.37150225043296814,0,0.0,0.0
2012-08-13 00:00:00-03:00,0.37150225043296814,0.37150225043296814,0.37150225043296814,0.37150225043296814,0,0.0,0.0
2012-08-14 00:00:00-03:00,0.37150225043296814,0.37150225043296814,0.37150225043296814,0.37150225043296814,0,0.0,0.0
2012-08-15 00:00:00-03:00,0.37150225043296814,0.37150225043296814,0.37150225043296814,0.37150225043296814,0,0.0,0.0
2012-08-16 00:00:00-03:00,0.37150225043296814,0.37150225043296814,0.37150225043296814,0.37150225043296814,0,0.0,0.0
2012-08-17 00:00:00-03:00,0.37150225043296814,0.37150225043296814,0.37150225043296814,0.37150225043296814,0,0.0,0.0
2012-08-21 00:00:00-03:00,0.33435192704200745,0.33435192704200745,0.33435192704200745,0.33435192704200745,7417,0.0,0.0
2012-08-22 00:00:00-03:00,0.3653105348592713,0.3653105348592713,0.3566427230834961,0.3566427230834961,8737,0.0,0.0
2012-08-23 00:00:00-03:00,0.3566427230834961,0.3566427230834961,0.3566427230834961,0.3566427230834961,0,0.0,0.0
2012-08-24 00:00:00-03:00,0.32196848448926046,0.3467353880405426,0.32196848448926046,0.3467353880405426,11440,0.0,0.0
2012-08-27 00:00:00-03:00,0.3467353880405426,0.3467353880405426,0.3467353880405426,0.3467353880405426,14755,0.0,0.0
2012-08-28 00:00:00-03:00,0.3467353880405426,0.3467353880405426,0.3467353880405426,0.3467353880405426,0,0.0,0.0
2012-08-29 00:00:00-03:00,0.340543657541275,0.340543657541275,0.340543657541275,0.340543657541275,26792,0.0,0.0
2012-08-30 00:00:00-03:00,0.340543657541275,0.340543657541275,0.340543657541275,0.340543657541275,16568,0.0,0.0
2012-08-31 00:00:00-03:00,0.340543657541275,0.340543657541275,0.340543657541275,0.340543657541275,0,0.0,0.0
2012-09-03 00:00:00-03:00,0.340543657541275,0.340543657541275,0.340543657541275,0.340543657541275,0,0.0,0.0
2012-09-04 00:00:00-03:00,0.340543657541275,0.340543657541275,0.340543657541275,0.340543657541275,0,0.0,0.0
2012-09-05 00:00:00-03:00,0.340543657541275,0.340543657541275,0.340543657541275,0.340543657541275,3975,0.0,0.0
2012-09-06 00:00:00-03:00,0.340543657541275,0.340543657541275,0.340543657541275,0.340543657541275,0,0.0,0.0
2012-09-07 00:00:00-03:00,0.340543657541275,0.340543657541275,0.340543657541275,0.340543657541275,0,0.0,0.0
2012-09-10 00:00:00-03:00,0.340543657541275,0.340543657541275,0.340543657541275,0.340543657541275,0,0.0,0.0
2012-09-11 00:00:00-03:00,0.340543657541275,0.340543657541275,0.340543657541275,0.340543657541275,0,0.0,0.0
2012-09-12 00:00:00-03:00,0.340543657541275,0.340543657541275,0.340543657541275,0.340543657541275,0,0.0,0.0
2012-09-13 00:00:00-03:00,0.340543657541275,0.340543657541275,0.340543657541275,0.340543657541275,0,0.0,0.0
2012-09-14 00:00:00-03:00,0.340543657541275,0.340543657541275,0.340543657541275,0.340543657541275,0,0.0,0.0
2012-09-17 00:00:00-03:00,0.32816019654273987,0.32816019654273987,0.32816019654273987,0.32816019654273987,9111,0.0,0.0
2012-09-18 00:00:00-03:00,0.3219684660434723,0.3219684660434723,0.3219684660434723,0.3219684660434723,9707,0.0,0.0
2012-09-19 00:00:00-03:00,0.3157767653465271,0.3157767653465271,0.3157767653465271,0.3157767653465271,15,0.0,0.0
2012-09-20 00:00:00-03:00,0.2996786832809448,0.2996786832809448,0.2996786832809448,0.2996786832809448,9381,0.0,0.0
2012-09-21 00:00:00-03:00,0.29967867950009397,0.3021557629108429,0.29967867950009397,0.3021557629108429,10685,0.0,0.0
2012-09-24 00:00:00-03:00,0.3021557629108429,0.3021557629108429,0.3021557629108429,0.3021557629108429,0,0.0,0.0
2012-09-25 00:00:00-03:00,0.3021557629108429,0.3021557629108429,0.3021557629108429,0.3021557629108429,0,0.0,0.0
2012-09-26 00:00:00-03:00,0.2972015998389442,0.2996786832809448,0.2972015998389442,0.2996786832809448,12386,0.0,0.0
2012-09-27 00:00:00-03:00,0.2996786832809448,0.2996786832809448,0.2996786832809448,0.2996786832809448,0,0.0,0.0
2012-09-28 00:00:00-03:00,0.2996786832809448,0.2996786832809448,0.2996786832809448,0.2996786832809448,0,0.0,0.0
2012-10-01 00:00:00-03:00,0.2996786832809448,0.2996786832809448,0.2996786832809448,0.2996786832809448,0,0.0,0.0
2012-10-02 00:00:00-03:00,0.2996786832809448,0.2996786832809448,0.2996786832809448,0.2996786832809448,0,0.0,0.0
2012-10-03 00:00:00-03:00,0.30339333415031433,0.30339333415031433,0.30339333415031433,0.30339333415031433,7950,0.0,0.0
2012-10-04 00:00:00-03:00,0.30339333415031433,0.30339333415031433,0.30339333415031433,0.30339333415031433,0,0.0,0.0
2012-10-05 00:00:00-03:00,0.30339333415031433,0.30339333415031433,0.30339333415031433,0.30339333415031433,7155,0.0,0.0
2012-10-09 00:00:00-03:00,0.30339333415031433,0.30339333415031433,0.30339333415031433,0.30339333415031433,0,0.0,0.0
2012-10-10 00:00:00-03:00,0.30339333415031433,0.30339333415031433,0.30339333415031433,0.30339333415031433,0,0.0,0.0
2012-10-11 00:00:00-03:00,0.30339333415031433,0.30339333415031433,0.30339333415031433,0.30339333415031433,3283,0.0,0.0
2012-10-12 00:00:00-03:00,0.30339333415031433,0.30339333415031433,0.30339333415031433,0.30339333415031433,0,0.0,0.0
2012-10-15 00:00:00-03:00,0.30339333415031433,0.30339333415031433,0.30339333415031433,0.30339333415031433,0,0.0,0.0
2012-10-16 00:00:00-03:00,0.30339333415031433,0.30339333415031433,0.30339333415031433,0.30339333415031433,0,0.0,0.0
2012-10-17 00:00:00-03:00,0.30339333415031433,0.30339333415031433,0.30339333415031433,0.30339333415031433,0,0.0,0.0
2012-10-18 00:00:00-03:00,0.30339333415031433,0.30339333415031433,0.30339333415031433,0.30339333415031433,0,0.0,0.0
2012-10-19 00:00:00-03:00,0.30339333415031433,0.30339333415031433,0.30339333415031433,0.30339333415031433,0,0.0,0.0
2012-10-22 00:00:00-03:00,0.30339333415031433,0.30339333415031433,0.30339333415031433,0.30339333415031433,0,0.0,0.0
2012-10-23 00:00:00-03:00,0.30339333415031433,0.30339333415031433,0.30339333415031433,0.30339333415031433,0,0.0,0.0
2012-10-24 00:00:00-03:00,0.29720160365104675,0.29720160365104675,0.29720160365104675,0.29720160365104675,15,0.0,0.0
2012-10-25 00:00:00-03:00,0.29100988683044204,0.3095850646495819,0.29100988683044204,0.3095850646495819,2496,0.0,0.0
2012-10-26 00:00:00-03:00,0.3095850646495819,0.3095850646495819,0.3095850646495819,0.3095850646495819,0,0.0,0.0
2012-10-29 00:00:00-03:00,0.3095850646495819,0.3095850646495819,0.3095850646495819,0.3095850646495819,0,0.0,0.0
2012-10-30 00:00:00-03:00,0.3095850646495819,0.3095850646495819,0.3095850646495819,0.3095850646495819,0,0.0,0.0
2012-10-31 00:00:00-03:00,0.3095850646495819,0.3095850646495819,0.29100988683044204,0.3095850646495819,2496,0.0,0.0
2012-11-01 00:00:00-03:00,0.3095850646495819,0.3095850646495819,0.3095850646495819,0.3095850646495819,0,0.0,0.0
2012-11-02 00:00:00-03:00,0.3095850500978092,0.2910098731517792,0.2910098731517792,0.2910098731517792,1685,0.0,0.0
2012-11-05 00:00:00-03:00,0.3095850646495819,0.3095850646495819,0.3095850646495819,0.3095850646495819,0,0.0,0.0
2012-11-07 00:00:00-03:00,0.26252835988998413,0.26252835988998413,0.26252835988998413,0.26252835988998413,5970,0.0,0.0
2012-11-08 00:00:00-03:00,0.26252835988998413,0.26252835988998413,0.26252835988998413,0.26252835988998413,0,0.0,0.0
2012-11-09 00:00:00-03:00,0.26252835988998413,0.26252835988998413,0.26252835988998413,0.26252835988998413,0,0.0,0.0
2012-11-12 00:00:00-03:00,0.24766783416271212,0.24766783416271212,0.24766783416271212,0.2476678341627121,19080,0.0,0.0
2012-11-13 00:00:00-03:00,0.24766783416271212,0.24766783416271212,0.24766783416271212,0.2476678341627121,0,0.0,0.0
2012-11-14 00:00:00-03:00,0.24766783416271212,0.24766783416271212,0.24766783416271212,0.2476678341627121,0,0.0,0.0
2012-11-15 00:00:00-03:00,0.24766783416271212,0.24766783416271212,0.24766783416271212,0.2476678341627121,163197,0.0,0.0
2012-11-16 00:00:00-03:00,0.24766783416271212,0.24766783416271212,0.24766783416271212,0.2476678341627121,0,0.0,0.0
2012-11-19 00:00:00-03:00,0.24766783416271212,0.24766783416271212,0.24766783416271212,0.2476678341627121,0,0.0,0.0
2012-11-20 00:00:00-03:00,0.24766783416271212,0.24766783416271212,0.24766783416271212,0.2476678341627121,0,0.0,0.0
2012-11-21 00:00:00-03:00,0.24766783416271212,0.24766783416271212,0.24766783416271212,0.2476678341627121,0,0.0,0.0
2012-11-22 00:00:00-03:00,0.24766783416271212,0.24766783416271212,0.24766783416271212,0.2476678341627121,0,0.0,0.0
2012-11-23 00:00:00-03:00,0.24766783416271212,0.24766783416271212,0.24766783416271212,0.2476678341627121,0,0.0,0.0
2012-11-27 00:00:00-03:00,0.24766783416271212,0.24766783416271212,0.24766783416271212,0.2476678341627121,0,0.0,0.0
2012-11-28 00:00:00-03:00,0.24766783416271212,0.24766783416271212,0.24766783416271212,0.2476678341627121,0,0.0,0.0
2012-11-29 00:00:00-03:00,0.24766783416271212,0.24766783416271212,0.24766783416271212,0.2476678341627121,0,0.0,0.0
2012-11-30 00:00:00-03:00,0.24766783416271212,0.24766783416271212,0.24766783416271212,0.2476678341627121,0,0.0,0.0
2012-12-03 00:00:00-03:00,0.24766783416271212,0.24766783416271212,0.24766783416271212,0.2476678341627121,0,0.0,0.0
2012-12-04 00:00:00-03:00,0.23156976699829102,0.23156976699829102,0.23156976699829102,0.23156976699829102,7950,0.0,0.0
2012-12-05 00:00:00-03:00,0.22290095686912537,0.22290095686912537,0.22290095686912537,0.22290095686912537,31801,0.0,0.0
2012-12-06 00:00:00-03:00,0.22290095686912537,0.22290095686912537,0.22290095686912537,0.22290095686912537,0,0.0,0.0
2012-12-07 00:00:00-03:00,0.22290095686912537,0.22290095686912537,0.22290095686912537,0.22290095686912537,0,0.0,0.0
2012-12-10 00:00:00-03:00,0.22290095686912537,0.22290095686912537,0.22290095686912537,0.22290095686912537,0,0.0,0.0
2012-12-11 00:00:00-03:00,0.22290095686912537,0.22290095686912537,0.22290095686912537,0.22290095686912537,0,0.0,0.0
2012-12-12 00:00:00-03:00,0.22290095686912537,0.22290095686912537,0.22290095686912537,0.22290095686912537,0,0.0,0.0
2012-12-13 00:00:00-03:00,0.22290095686912537,0.22290095686912537,0.22290095686912537,0.22290095686912537,15,0.0,0.0
2012-12-14 00:00:00-03:00,0.22290095686912537,0.22290095686912537,0.22290095686912537,0.22290095686912537,0,0.0,0.0
2012-12-17 00:00:00-03:00,0.22290095686912537,0.22290095686912537,0.22290095686912537,0.22290095686912537,31,0.0,0.0
2012-12-18 00:00:00-03:00,0.22290096139483045,0.22909268736839294,0.22290096139483045,0.22909268736839294,46016,0.0,0.0
2012-12-19 00:00:00-03:00,0.22909268736839294,0.22909268736839294,0.22909268736839294,0.22909268736839294,0,0.0,0.0
2012-12-20 00:00:00-03:00,0.22909268736839294,0.22909268736839294,0.22909268736839294,0.22909268736839294,0,0.0,0.0
2012-12-21 00:00:00-03:00,0.22909268736839294,0.22909268736839294,0.22909268736839294,0.22909268736839294,12346,0.0,0.0
2012-12-26 00:00:00-03:00,0.24766783416271212,0.24766783416271212,0.24766783416271212,0.2476678341627121,6479,0.0,0.0
2012-12-27 00:00:00-03:00,0.24766783416271212,0.24766783416271212,0.24766783416271212,0.2476678341627121,11925,0.0,0.0
2012-12-28 00:00:00-03:00,0.24766783416271212,0.24766783416271212,0.24766783416271212,0.2476678341627121,0,0.0,0.0
2013-01-02 00:00:00-03:00,0.23652293449742193,0.2414761185646057,0.23652293449742193,0.2414761185646057,38893,0.0,0.0
2013-01-03 00:00:00-03:00,0.2414761185646057,0.2414761185646057,0.2414761185646057,0.2414761185646057,68421,0.0,0.0
2013-01-04 00:00:00-03:00,0.24147610473980877,0.250144898891449,0.24147610473980877,0.250144898891449,124423,0.0,0.0
2013-01-07 00:00:00-03:00,0.2501449247088775,0.25262200832366943,0.2501449247088775,0.25262200832366943,59627,0.0,0.0
2013-01-08 00:00:00-03:00,0.250144898891449,0.250144898891449,0.250144898891449,0.250144898891449,23851,0.0,0.0
2013-01-09 00:00:00-03:00,0.25014490752851654,0.2538595497608185,0.25014490752851654,0.2538595497608185,25003,0.0,0.0
2013-01-10 00:00:00-03:00,0.2563366508110991,0.2563366508110991,0.2501449247088775,0.25262200832366943,72881,0.0,0.0
2013-01-11 00:00:00-03:00,0.24890638023819306,0.24890638023819306,0.24519173800945282,0.24519173800945282,24693,0.0,0.0
2013-01-14 00:00:00-03:00,0.24519172977850742,0.250144898891449,0.24519172977850742,0.250144898891449,270,0.0,0.0
2013-01-15 00:00:00-03:00,0.24766783416271212,0.24766783416271212,0.24766783416271212,0.2476678341627121,8880,0.0,0.0
2013-01-16 00:00:00-03:00,0.24766783416271212,0.24766783416271212,0.24766783416271212,0.2476678341627121,0,0.0,0.0
2013-01-17 00:00:00-03:00,0.24766781553231654,0.250144898891449,0.24766781553231654,0.250144898891449,135967,0.0,0.0
2013-01-18 00:00:00-03:00,0.250144898891449,0.250144898891449,0.250144898891449,0.250144898891449,91357,0.0,0.0
2013-01-21 00:00:00-03:00,0.25014490752851654,0.2538595497608185,0.25014490752851654,0.2538595497608185,148409,0.0,0.0
2013-01-22 00:00:00-03:00,0.25385956009164856,0.25385956009164856,0.24023856406644062,0.2476678341627121,199077,0.0,0.0
2013-01-23 00:00:00-03:00,0.24766783667495787,0.24766783667495787,0.24519175070977292,0.24643027782440186,83455,0.0,0.0
2013-01-24 00:00:00-03:00,0.24643025803173685,0.2588137090206146,0.24643025803173685,0.2588137090206146,45476,0.0,0.0
2013-01-25 00:00:00-03:00,0.258813717643426,0.26252835988998413,0.25757519058700884,0.26252835988998413,152218,0.0,0.0
2013-01-28 00:00:00-03:00,0.26252837282330455,0.2724347412586212,0.26252837282330455,0.2724347412586212,34584,0.0,0.0
2013-01-29 00:00:00-03:00,0.26005128026008606,0.26005128026008606,0.26005128026008606,0.26005128026008606,34838,0.0,0.0
2013-01-30 00:00:00-03:00,0.2848181410095202,0.2860566973686218,0.2848181410095202,0.2860566973686218,115248,0.0,0.0
2013-01-31 00:00:00-03:00,0.2860566973686218,0.2860566973686218,0.2860566973686218,0.2860566973686218,0,0.0,0.0
2013-02-01 00:00:00-03:00,0.2860566973686218,0.2860566973686218,0.2860566973686218,0.2860566973686218,26458,0.0,0.0
2013-02-04 00:00:00-03:00,0.2860566973686218,0.2860566973686218,0.2860566973686218,0.2860566973686218,0,0.0,0.0
2013-02-05 00:00:00-03:00,0.29100989414630773,0.29100989414630773,0.2786264419555664,0.2786264419555664,56447,0.0,0.0
2013-02-06 00:00:00-03:00,0.28481816805093707,0.28481816805093707,0.2786264419555664,0.2786264419555664,117848,0.0,0.0
2013-02-07 00:00:00-03:00,0.2972015988004558,0.2972015988004558,0.2910098731517792,0.2910098731517792,14660,0.0,0.0
2013-02-08 00:00:00-03:00,0.29720160365104675,0.29720160365104675,0.29720160365104675,0.29720160365104675,42375,0.0,0.0
2013-02-13 00:00:00-03:00,0.29720160365104675,0.29720160365104675,0.29720160365104675,0.29720160365104675,0,0.0,0.0
2013-02-14 00:00:00-03:00,0.29720160365104675,0.29720160365104675,0.29720160365104675,0.29720160365104675,13245,0.0,0.0
2013-02-15 00:00:00-03:00,0.29720159494886883,0.29720159494886883,0.29348695278167725,0.29348695278167725,7,0.0,0.0
2013-02-18 00:00:00-03:00,0.29348695278167725,0.29348695278167725,0.29348695278167725,0.29348695278167725,0,0.0,0.0
2013-02-19 00:00:00-03:00,0.29348695278167725,0.29348695278167725,0.29348695278167725,0.29348695278167725,26745,0.0,0.0
2013-02-21 00:00:00-03:00,0.29348695278167725,0.29348695278167725,0.29348695278167725,0.29348695278167725,0,0.0,0.0
2013-02-22 00:00:00-03:00,0.29348695278167725,0.29348695278167725,0.29348695278167725,0.29348695278167725,0,0.0,0.0
2013-02-25 00:00:00-03:00,0.29348695278167725,0.29348695278167725,0.29348695278167725,0.29348695278167725,0,0.0,0.0
2013-02-26 00:00:00-03:00,0.29348695278167725,0.29348695278167725,0.29348695278167725,0.29348695278167725,0,0.0,0.0
2013-02-27 00:00:00-03:00,0.29348695278167725,0.29348695278167725,0.29348695278167725,0.29348695278167725,0,0.0,0.0
2013-02-28 00:00:00-03:00,0.29348695278167725,0.29348695278167725,0.29348695278167725,0.29348695278167725,0,0.0,0.0
2013-03-01 00:00:00-03:00,0.29348695278167725,0.29348695278167725,0.29348695278167725,0.29348695278167725,0,0.0,0.0
2013-03-04 00:00:00-03:00,0.29348695278167725,0.29348695278167725,0.29348695278167725,0.29348695278167725,0,0.0,0.0
2013-03-05 00:00:00-03:00,0.2724347412586212,0.2724347412586212,0.2724347412586212,0.2724347412586212,7751,0.0,0.0
2013-03-06 00:00:00-03:00,0.27243473666061163,0.27243473666061163,0.26624301075935364,0.26624301075935364,25194,0.0,0.0
2013-03-07 00:00:00-03:00,0.26624301075935364,0.26624301075935364,0.26624301075935364,0.26624301075935364,0,0.0,0.0
2013-03-08 00:00:00-03:00,0.26624301075935364,0.26624301075935364,0.26624301075935364,0.26624301075935364,5358,0.0,0.0
2013-03-11 00:00:00-03:00,0.26624301075935364,0.26624301075935364,0.26624301075935364,0.26624301075935364,0,0.0,0.0
2013-03-12 00:00:00-03:00,0.26624301075935364,0.26624301075935364,0.26624301075935364,0.26624301075935364,24200,0.0,0.0
2013-03-13 00:00:00-03:00,0.26624301075935364,0.26624301075935364,0.26624301075935364,0.26624301075935364,4412,0.0,0.0
2013-03-14 00:00:00-03:00,0.26005128107955755,0.2687200903892517,0.26005128107955755,0.2687200903892517,16338,0.0,0.0
2013-03-15 00:00:00-03:00,0.27243473734787665,0.2749118208885193,0.27243473734787665,0.2749118208885193,22388,0.0,0.0
2013-03-18 00:00:00-03:00,0.2749118208885193,0.2749118208885193,0.2749118208885193,0.2749118208885193,0,0.0,0.0
2013-03-19 00:00:00-03:00,0.2749118208885193,0.2749118208885193,0.2749118208885193,0.2749118208885193,0,0.0,0.0
2013-03-20 00:00:00-03:00,0.2749118208885193,0.2749118208885193,0.2749118208885193,0.2749118208885193,0,0.0,0.0
2013-03-21 00:00:00-03:00,0.2749118208885193,0.2749118208885193,0.2749118208885193,0.2749118208885193,0,0.0,0.0
2013-03-22 00:00:00-03:00,0.2513834772705553,0.2724347412586212,0.2513834772705553,0.2724347412586212,26339,0.0,0.0
2013-03-25 00:00:00-03:00,0.2575751857652825,0.2575751857652825,0.25633662939071655,0.25633662939071655,22833,0.0,0.0
2013-03-26 00:00:00-03:00,0.2550981044769287,0.2550981044769287,0.2550981044769287,0.2550981044769287,23580,0.0,0.0
2013-03-27 00:00:00-03:00,0.2550981044769287,0.2550981044769287,0.2550981044769287,0.2550981044769287,0,0.0,0.0
2013-04-03 00:00:00-03:00,0.2550981044769287,0.2550981044769287,0.2550981044769287,0.2550981044769287,0,0.0,0.0
2013-04-04 00:00:00-03:00,0.256336637958901,0.26005128026008606,0.256336637958901,0.26005128026008606,40252,0.0,0.0
2013-04-05 00:00:00-03:00,0.26005128026008606,0.26005128026008606,0.26005128026008606,0.26005128026008606,7473,0.0,0.0
2013-04-08 00:00:00-03:00,0.25262200832366943,0.25262200832366943,0.25262200832366943,0.25262200832366943,39863,0.0,0.0
2013-04-09 00:00:00-03:00,0.25262200832366943,0.25262200832366943,0.25262200832366943,0.25262200832366943,0,0.0,0.0
2013-04-10 00:00:00-03:00,0.25262200832366943,0.25262200832366943,0.25262200832366943,0.25262200832366943,0,0.0,0.0
2013-04-11 00:00:00-03:00,0.25262200832366943,0.25262200832366943,0.25262200832366943,0.25262200832366943,0,0.0,0.0
2013-04-12 00:00:00-03:00,0.25262200125364587,0.25262200125364587,0.24766783416271212,0.2476678341627121,23851,0.0,0.0
2013-04-15 00:00:00-03:00,0.24147611284602277,0.24519173800945282,0.24147611284602277,0.24519173800945282,103,0.0,0.0
2013-04-16 00:00:00-03:00,0.24519173800945282,0.24519173800945282,0.24519173800945282,0.24519173800945282,0,0.0,0.0
2013-04-17 00:00:00-03:00,0.24766782773657217,0.24766782773657217,0.24271465837955475,0.24271465837955475,34067,0.0,0.0
2013-04-18 00:00:00-03:00,0.24271465837955475,0.24271465837955475,0.24271465837955475,0.24271465837955475,7950,0.0,0.0
2013-04-19 00:00:00-03:00,0.24271465837955475,0.24271465837955475,0.24271465837955475,0.24271465837955475,28907,0.0,0.0
2013-04-22 00:00:00-03:00,0.24271465837955475,0.24271465837955475,0.24271465837955475,0.24271465837955475,4229,0.0,0.0
2013-04-23 00:00:00-03:00,0.24271465837955475,0.24271465837955475,0.24271465837955475,0.24271465837955475,0,0.0,0.0
2013-04-24 00:00:00-03:00,0.24271465837955475,0.24271465837955475,0.24271465837955475,0.24271465837955475,50731,0.0,0.0
2013-04-25 00:00:00-03:00,0.24271465837955475,0.24271465837955475,0.24271465837955475,0.24271465837955475,0,0.0,0.0
2013-04-26 00:00:00-03:00,0.24271465837955475,0.24271465837955475,0.24271465837955475,0.24271465837955475,0,0.0,0.0
2013-04-29 00:00:00-03:00,0.24519173800945282,0.24519173800945282,0.24519173800945282,0.24519173800945282,43687,0.0,0.0
2013-04-30 00:00:00-03:00,0.24519173800945282,0.24519173800945282,0.24519173800945282,0.24519173800945282,0,0.0,0.0
2013-05-02 00:00:00-03:00,0.24519173800945282,0.24519173800945282,0.24519173800945282,0.24519173800945282,10383,0.0,0.0
2013-05-03 00:00:00-03:00,0.2451917482226436,0.24766783416271212,0.2451917482226436,0.2476678341627121,22698,0.0,0.0
2013-05-06 00:00:00-03:00,0.24766783416271212,0.24766783416271212,0.24766783416271212,0.2476678341627121,15900,0.0,0.0
2013-05-07 00:00:00-03:00,0.24766783416271212,0.24766783416271212,0.24766783416271212,0.2476678341627121,15,0.0,0.0
2013-05-08 00:00:00-03:00,0.24766783416271212,0.24766783416271212,0.24766783416271212,0.2476678341627121,0,0.0,0.0
2013-05-09 00:00:00-03:00,0.24766783416271212,0.24766783416271212,0.24766783416271212,0.2476678341627121,0,0.0,0.0
2013-05-10 00:00:00-03:00,0.24766783416271212,0.24766783416271212,0.24766783416271212,0.2476678341627121,0,0.0,0.0
2013-05-13 00:00:00-03:00,0.24643027782440186,0.24643027782440186,0.24643027782440186,0.24643027782440186,4770,0.0,0.0
2013-05-14 00:00:00-03:00,0.24147612535388277,0.24643027782440186,0.24147612535388277,0.24643027782440186,79503,0.0,0.0
2013-05-15 00:00:00-03:00,0.2538595497608185,0.2538595497608185,0.2538595497608185,0.2538595497608185,19875,0.0,0.0
2013-05-16 00:00:00-03:00,0.250144898891449,0.250144898891449,0.250144898891449,0.250144898891449,9659,0.0,0.0
2013-05-17 00:00:00-03:00,0.250144898891449,0.250144898891449,0.250144898891449,0.250144898891449,32302,0.0,0.0
2013-05-20 00:00:00-03:00,0.26624301075935364,0.26624301075935364,0.26624301075935364,0.26624301075935364,29575,0.0,0.0
2013-05-21 00:00:00-03:00,0.26624301075935364,0.26624301075935364,0.26624301075935364,0.26624301075935364,0,0.0,0.0
2013-05-22 00:00:00-03:00,0.26624301075935364,0.26624301075935364,0.26624301075935364,0.26624301075935364,0,0.0,0.0
2013-05-23 00:00:00-03:00,0.26624301075935364,0.26624301075935364,0.26624301075935364,0.26624301075935364,0,0.0,0.0
2013-05-24 00:00:00-03:00,0.26624301075935364,0.26624301075935364,0.26624301075935364,0.26624301075935364,0,0.0,0.0
2013-05-27 00:00:00-03:00,0.26624301075935364,0.26624301075935364,0.26624301075935364,0.26624301075935364,0,0.0,0.0
2013-05-28 00:00:00-03:00,0.26624301075935364,0.26624301075935364,0.26624301075935364,0.26624301075935364,0,0.0,0.0
2013-05-29 00:00:00-03:00,0.26624301075935364,0.26624301075935364,0.26624301075935364,0.26624301075935364,0,0.0,0.0
2013-05-30 00:00:00-03:00,0.26624301075935364,0.26624301075935364,0.26624301075935364,0.26624301075935364,0,0.0,0.0
2013-05-31 00:00:00-03:00,0.26624301075935364,0.26624301075935364,0.26624301075935364,0.26624301075935364,0,0.0,0.0
2013-06-03 00:00:00-03:00,0.26624301075935364,0.26624301075935364,0.26624301075935364,0.26624301075935364,0,0.0,0.0
2013-06-04 00:00:00-03:00,0.26624301075935364,0.26624301075935364,0.26624301075935364,0.26624301075935364,0,0.0,0.0
2013-06-05 00:00:00-03:00,0.26624301075935364,0.26624301075935364,0.26624301075935364,0.26624301075935364,0,0.0,0.0
2013-06-06 00:00:00-03:00,0.26624301075935364,0.26624301075935364,0.26624301075935364,0.26624301075935364,0,0.0,0.0
2013-06-07 00:00:00-03:00,0.26624301075935364,0.26624301075935364,0.26624301075935364,0.26624301075935364,0,0.0,0.0
2013-06-10 00:00:00-03:00,0.26624301075935364,0.26624301075935364,0.26624301075935364,0.26624301075935364,0,0.0,0.0
2013-06-11 00:00:00-03:00,0.26624301075935364,0.26624301075935364,0.26624301075935364,0.26624301075935364,0,0.0,0.0
2013-06-12 00:00:00-03:00,0.26624301075935364,0.26624301075935364,0.26624301075935364,0.26624301075935364,0,0.0,0.0
2013-06-13 00:00:00-03:00,0.26624301075935364,0.26624301075935364,0.26624301075935364,0.26624301075935364,0,0.0,0.0
2013-06-14 00:00:00-03:00,0.26624301075935364,0.26624301075935364,0.26624301075935364,0.26624301075935364,0,0.0,0.0
2013-06-17 00:00:00-03:00,0.26624301075935364,0.26624301075935364,0.26624301075935364,0.26624301075935364,0,0.0,0.0
2013-06-18 00:00:00-03:00,0.26624301075935364,0.26624301075935364,0.26624301075935364,0.26624301075935364,0,0.0,0.0
2013-06-19 00:00:00-03:00,0.26624301075935364,0.26624301075935364,0.26624301075935364,0.26624301075935364,0,0.0,0.0
2013-06-24 00:00:00-03:00,0.26624301075935364,0.26624301075935364,0.26624301075935364,0.26624301075935364,0,0.0,0.0
2013-06-25 00:00:00-03:00,0.26624301075935364,0.26624301075935364,0.26624301075935364,0.26624301075935364,0,0.0,0.0
2013-06-26 00:00:00-03:00,0.26624301075935364,0.26624301075935364,0.26624301075935364,0.26624301075935364,0,0.0,0.0
2013-06-27 00:00:00-03:00,0.26624301075935364,0.26624301075935364,0.26624301075935364,0.26624301075935364,0,0.0,0.0
2013-06-28 00:00:00-03:00,0.26624301075935364,0.26624301075935364,0.26624301075935364,0.26624301075935364,0,0.0,0.0
2013-07-01 00:00:00-03:00,0.26624301075935364,0.26624301075935364,0.26624301075935364,0.26624301075935364,7831,0.0,0.0
2013-07-02 00:00:00-03:00,0.26624301075935364,0.26624301075935364,0.26624301075935364,0.26624301075935364,7831,0.0,0.0
2013-07-03 00:00:00-03:00,0.26624301075935364,0.26624301075935364,0.26624301075935364,0.26624301075935364,0,0.0,0.0
2013-07-04 00:00:00-03:00,0.26624301075935364,0.26624301075935364,0.26624301075935364,0.26624301075935364,0,0.0,0.0
2013-07-05 00:00:00-03:00,0.26624301075935364,0.26624301075935364,0.26624301075935364,0.26624301075935364,0,0.0,0.0
2013-07-08 00:00:00-03:00,0.26624301075935364,0.26624301075935364,0.26624301075935364,0.26624301075935364,0,0.0,0.0
2013-07-10 00:00:00-03:00,0.18575063347816467,0.18575063347816467,0.18575063347816467,0.18575063347816467,11257,0.0,0.0
2013-07-11 00:00:00-03:00,0.20432579517364502,0.20432579517364502,0.20432579517364502,0.20432579517364502,39354,0.0,0.0
2013-07-12 00:00:00-03:00,0.2241394966840744,0.2241394966840744,0.2241394966840744,0.2241394966840744,13149,0.0,0.0
2013-07-15 00:00:00-03:00,0.2241394966840744,0.2241394966840744,0.2241394966840744,0.2241394966840744,0,0.0,0.0
2013-07-16 00:00:00-03:00,0.2241394966840744,0.2241394966840744,0.2241394966840744,0.2241394966840744,0,0.0,0.0
2013-07-17 00:00:00-03:00,0.24643027782440186,0.24643027782440186,0.24643027782440186,0.24643027782440186,49030,0.0,0.0
2013-07-18 00:00:00-03:00,0.22909268736839294,0.22909268736839294,0.22909268736839294,0.22909268736839294,30449,0.0,0.0
2013-07-19 00:00:00-03:00,0.22290095686912537,0.22290095686912537,0.22290095686912537,0.22290095686912537,44474,0.0,0.0
2013-07-22 00:00:00-03:00,0.2414761185646057,0.2414761185646057,0.2414761185646057,0.2414761185646057,13022,0.0,0.0
2013-07-23 00:00:00-03:00,0.2414761185646057,0.2414761185646057,0.2414761185646057,0.2414761185646057,0,0.0,0.0
2013-07-24 00:00:00-03:00,0.23528438806533813,0.23528438806533813,0.23528438806533813,0.23528438806533813,39131,0.0,0.0
2013-07-25 00:00:00-03:00,0.22661657631397247,0.22661657631397247,0.22661657631397247,0.22661657631397247,22253,0.0,0.0
2013-07-26 00:00:00-03:00,0.22661657631397247,0.22661657631397247,0.22661657631397247,0.22661657631397247,0,0.0,0.0
2013-07-29 00:00:00-03:00,0.22661657631397247,0.22661657631397247,0.22661657631397247,0.22661657631397247,0,0.0,0.0
2013-07-30 00:00:00-03:00,0.22661657631397247,0.22661657631397247,0.22661657631397247,0.22661657631397247,0,0.0,0.0
2013-07-31 00:00:00-03:00,0.22661657631397247,0.22661657631397247,0.22661657631397247,0.22661657631397247,0,0.0,0.0
2013-08-01 00:00:00-03:00,0.22537803649902344,0.22537803649902344,0.22537803649902344,0.22537803649902344,23843,0.0,0.0
2013-08-02 00:00:00-03:00,0.22537803649902344,0.22537803649902344,0.22537803649902344,0.22537803649902344,0,0.0,0.0
2013-08-05 00:00:00-03:00,0.22537803649902344,0.22537803649902344,0.22537803649902344,0.22537803649902344,15678,0.0,0.0
2013-08-06 00:00:00-03:00,0.22537803649902344,0.22537803649902344,0.22537803649902344,0.22537803649902344,0,0.0,0.0
2013-08-07 00:00:00-03:00,0.22166340249724306,0.22166340249724306,0.2204248607158661,0.2204248607158661,62855,0.0,0.0
2013-08-08 00:00:00-03:00,0.21918630982971624,0.21918630982971624,0.2167092263698578,0.2167092263698578,42399,0.0,0.0
2013-08-09 00:00:00-03:00,0.2167092263698578,0.2167092263698578,0.2167092263698578,0.2167092263698578,0,0.0,0.0
2013-08-12 00:00:00-03:00,0.2167092263698578,0.2167092263698578,0.2167092263698578,0.2167092263698578,0,0.0,0.0
2013-08-13 00:00:00-03:00,0.20432579517364502,0.20432579517364502,0.20432579517364502,0.20432579517364502,53847,0.0,0.0
2013-08-14 00:00:00-03:00,0.2105175116470897,0.21918630599975586,0.2105175116470897,0.21918630599975586,88344,0.0,0.0
2013-08-15 00:00:00-03:00,0.22537803649902344,0.22537803649902344,0.22537803649902344,0.22537803649902344,88853,0.0,0.0
2013-08-16 00:00:00-03:00,0.22537803649902344,0.22537803649902344,0.22537803649902344,0.22537803649902344,0,0.0,0.0
2013-08-20 00:00:00-03:00,0.22537803649902344,0.22537803649902344,0.22537803649902344,0.22537803649902344,0,0.0,0.0
2013-08-21 00:00:00-03:00,0.22537803649902344,0.22537803649902344,0.22537803649902344,0.22537803649902344,0,0.0,0.0
2013-08-22 00:00:00-03:00,0.22537803649902344,0.22537803649902344,0.22537803649902344,0.22537803649902344,14469,0.0,0.0
2013-08-23 00:00:00-03:00,0.22537803649902344,0.22537803649902344,0.22537803649902344,0.22537803649902344,0,0.0,0.0
2013-08-26 00:00:00-03:00,0.22537803649902344,0.22537803649902344,0.22537803649902344,0.22537803649902344,0,0.0,0.0
2013-08-27 00:00:00-03:00,0.22537803649902344,0.22537803649902344,0.22537803649902344,0.22537803649902344,0,0.0,0.0
2013-08-28 00:00:00-03:00,0.22537803649902344,0.22537803649902344,0.22537803649902344,0.22537803649902344,31666,0.0,0.0
2013-08-29 00:00:00-03:00,0.22537803649902344,0.22537803649902344,0.22537803649902344,0.22537803649902344,0,0.0,0.0
2013-08-30 00:00:00-03:00,0.2154716831577021,0.22537803649902344,0.2154716831577021,0.22537803649902344,143186,0.0,0.0
2013-09-02 00:00:00-03:00,0.24147612464485013,0.24766783594774489,0.22909268736839294,0.22909268736839294,148545,0.0,0.0
2013-09-03 00:00:00-03:00,0.23528438806533813,0.23528438806533813,0.23528438806533813,0.23528438806533813,22030,0.0,0.0
2013-09-04 00:00:00-03:00,0.23528438806533813,0.23652292979116826,0.2253780347987512,0.23528438806533813,164795,0.0,0.0
2013-09-05 00:00:00-03:00,0.23528439867128767,0.23528439867128767,0.22909268736839294,0.22909268736839294,107958,0.0,0.0
2013-09-06 00:00:00-03:00,0.22909268736839294,0.22909268736839294,0.22909268736839294,0.22909268736839294,89465,0.0,0.0
2013-09-09 00:00:00-03:00,0.23280830221903845,0.23528438806533813,0.23280830221903845,0.23528438806533813,102202,0.0,0.0
2013-09-10 00:00:00-03:00,0.23528438806533813,0.23528438806533813,0.23528438806533813,0.23528438806533813,0,0.0,0.0
2013-09-11 00:00:00-03:00,0.22042485629081696,0.22290095686912537,0.22042485629081696,0.22290095686912537,100636,0.0,0.0
2013-09-12 00:00:00-03:00,0.22290095302867582,0.22537803649902344,0.22290095302867582,0.22537803649902344,70106,0.0,0.0
2013-09-13 00:00:00-03:00,0.23528438806533813,0.23528438806533813,0.23528438806533813,0.23528438806533813,67975,0.0,0.0
2013-09-16 00:00:00-03:00,0.24766783416271212,0.24766783416271212,0.2451917482226436,0.2476678341627121,154428,0.0,0.0
2013-09-17 00:00:00-03:00,0.23776148052097373,0.24766783416271212,0.23776148052097373,0.2476678341627121,27826,0.0,0.0
2013-09-18 00:00:00-03:00,0.24766783416271212,0.24766783416271212,0.24766783416271212,0.2476678341627121,19080,0.0,0.0
2013-09-19 00:00:00-03:00,0.24766784109408554,0.25262200832366943,0.24766784109408554,0.25262200832366943,65940,0.0,0.0
2013-09-20 00:00:00-03:00,0.23528438806533813,0.23528438806533813,0.23528438806533813,0.23528438806533813,42296,0.0,0.0
2013-09-23 00:00:00-03:00,0.23528438806533813,0.23528438806533813,0.23528438806533813,0.23528438806533813,12084,0.0,0.0
2013-09-24 00:00:00-03:00,0.2538595497608185,0.2538595497608185,0.2538595497608185,0.2538595497608185,12871,0.0,0.0
2013-09-25 00:00:00-03:00,0.24766781553231654,0.250144898891449,0.24766781553231654,0.250144898891449,63261,0.0,0.0
2013-09-26 00:00:00-03:00,0.24766783416271212,0.24766783416271212,0.24766783416271212,0.2476678341627121,254412,0.0,0.0
2013-09-27 00:00:00-03:00,0.2538595497608185,0.2538595497608185,0.2538595497608185,0.2538595497608185,64374,0.0,0.0
2013-09-30 00:00:00-03:00,0.24766783416271212,0.24766783416271212,0.24766783416271212,0.2476678341627121,23851,0.0,0.0
2013-10-01 00:00:00-03:00,0.23528439697550688,0.24766783416271212,0.23528439697550688,0.2476678341627121,327158,0.0,0.0
2013-10-02 00:00:00-03:00,0.24766783416271212,0.24766783416271212,0.24766783416271212,0.2476678341627121,79503,0.0,0.0
2013-10-03 00:00:00-03:00,0.250144898891449,0.250144898891449,0.250144898891449,0.250144898891449,26522,0.0,0.0
2013-10-04 00:00:00-03:00,0.24766784109408554,0.25262200832366943,0.24766784109408554,0.25262200832366943,194601,0.0,0.0
2013-10-07 00:00:00-03:00,0.25262200832366943,0.25262200832366943,0.25262200832366943,0.25262200832366943,0,0.0,0.0
2013-10-08 00:00:00-03:00,0.26872009882906317,0.2724347412586212,0.26872009882906317,0.2724347412586212,168452,0.0,0.0
2013-10-09 00:00:00-03:00,0.27243473443745037,0.27243473443745037,0.266243008586719,0.2674815356731415,465869,0.0,0.0
2013-10-10 00:00:00-03:00,0.2835806056953367,0.29100989057069276,0.2835806056953367,0.2897723317146301,825703,0.0,0.0
2013-10-11 00:00:00-03:00,0.2972015988004558,0.3071089349284833,0.2910098731517792,0.2910098731517792,766481,0.0,0.0
2013-10-15 00:00:00-03:00,0.2972015988004558,0.30339332444913253,0.2910098731517792,0.2910098731517792,444204,0.0,0.0
2013-10-16 00:00:00-03:00,0.2848181600518743,0.2848181600518743,0.2625283692497833,0.28358060121536255,633995,0.0,0.0
2013-10-17 00:00:00-03:00,0.28358060121536255,0.28358060121536255,0.28358060121536255,0.28358060121536255,200270,0.0,0.0
2013-10-18 00:00:00-03:00,0.29472552824044107,0.29472552824044107,0.2823420763015747,0.2823420763015747,102067,0.0,0.0
2013-10-21 00:00:00-03:00,0.27862642640185353,0.2996786871248201,0.2662430042437258,0.29720160365104675,212959,0.0,0.0
2013-10-22 00:00:00-03:00,0.2786264218544258,0.2910098731517792,0.2786264218544258,0.2910098731517792,614994,0.0,0.0
2013-10-23 00:00:00-03:00,0.2910098945735046,0.2910098945735046,0.28729525208473206,0.28729525208473206,90435,0.0,0.0
2013-10-24 00:00:00-03:00,0.2848181426525116,0.2848181426525116,0.2848181426525116,0.2848181426525116,53299,0.0,0.0
2013-10-25 00:00:00-03:00,0.2848181426525116,0.2848181426525116,0.278626417109283,0.2848181426525116,316171,0.0,0.0
2013-10-28 00:00:00-03:00,0.26624301075935364,0.26624301075935364,0.26624301075935364,0.26624301075935364,13674,0.0,0.0
2013-10-29 00:00:00-03:00,0.2563366436371154,0.2563366436371154,0.24766783416271212,0.2476678341627121,102766,0.0,0.0
2013-10-30 00:00:00-03:00,0.24766782408385474,0.2538595497608185,0.24766782408385474,0.2538595497608185,60574,0.0,0.0
2013-10-31 00:00:00-03:00,0.26624301075935364,0.26624301075935364,0.26624301075935364,0.26624301075935364,119152,0.0,0.0
2013-11-01 00:00:00-03:00,0.26624301525286254,0.2724347412586212,0.26252837282330455,0.2724347412586212,134926,0.0,0.0
2013-11-04 00:00:00-03:00,0.27367326617240906,0.27367326617240906,0.27367326617240906,0.27367326617240906,22078,0.0,0.0
2013-11-05 00:00:00-03:00,0.2736732723368893,0.2786264419555664,0.2736732723368893,0.2786264419555664,120567,0.0,0.0
2013-11-07 00:00:00-03:00,0.25385954281329726,0.2860566973686218,0.25385954281329726,0.2860566973686218,83566,0.0,0.0
2013-11-08 00:00:00-03:00,0.2848181426525116,0.2848181426525116,0.2848181426525116,0.2848181426525116,15884,0.0,0.0
2013-11-11 00:00:00-03:00,0.2848181426525116,0.2848181426525116,0.2848181426525116,0.2848181426525116,0,0.0,0.0
2013-11-12 00:00:00-03:00,0.2848181426525116,0.2848181426525116,0.2848181426525116,0.2848181426525116,0,0.0,0.0
2013-11-13 00:00:00-03:00,0.2848181426525116,0.2848181426525116,0.2848181426525116,0.2848181426525116,0,0.0,0.0
2013-11-14 00:00:00-03:00,0.2600512781094857,0.2612898051738739,0.2600512781094857,0.2612898051738739,42494,0.0,0.0
2013-11-15 00:00:00-03:00,0.261289811954625,0.26624301075935364,0.261289811954625,0.26624301075935364,121998,0.0,0.0
2013-11-18 00:00:00-03:00,0.26005128026008606,0.26005128026008606,0.26005128026008606,0.26005128026008606,113491,0.0,0.0
2013-11-19 00:00:00-03:00,0.25385955047804243,0.25385955047804243,0.23528438806533813,0.23528438806533813,73326,0.0,0.0
2013-11-20 00:00:00-03:00,0.2414761229044433,0.24766783416271212,0.2414761229044433,0.2476678341627121,292979,0.0,0.0
2013-11-21 00:00:00-03:00,0.24766783416271212,0.24766783416271212,0.24766783416271212,0.2476678341627121,0,0.0,0.0
2013-11-22 00:00:00-03:00,0.2538595497608185,0.2538595497608185,0.2538595497608185,0.2538595497608185,17307,0.0,0.0
2013-11-26 00:00:00-03:00,0.2538595497608185,0.2538595497608185,0.2538595497608185,0.2538595497608185,33407,0.0,0.0
2013-11-27 00:00:00-03:00,0.24766783416271212,0.24766783416271212,0.24766783416271212,0.2476678341627121,31801,0.0,0.0
2013-11-28 00:00:00-03:00,0.24766783667495787,0.24766783667495787,0.24643027782440186,0.24643027782440186,174829,0.0,0.0
2013-11-29 00:00:00-03:00,0.24643027782440186,0.24643027782440186,0.24643027782440186,0.24643027782440186,13666,0.0,0.0
2013-12-02 00:00:00-03:00,0.24643027782440186,0.24643027782440186,0.24643027782440186,0.24643027782440186,0,0.0,0.0
2013-12-03 00:00:00-03:00,0.24643027782440186,0.24643027782440186,0.24643027782440186,0.24643027782440186,0,0.0,0.0
2013-12-04 00:00:00-03:00,0.24643027782440186,0.24643027782440186,0.24643027782440186,0.24643027782440186,140809,0.0,0.0
2013-12-05 00:00:00-03:00,0.24643027782440186,0.24643027782440186,0.24643027782440186,0.24643027782440186,0,0.0,0.0
2013-12-06 00:00:00-03:00,0.24766783416271212,0.24766783416271212,0.24766783416271212,0.2476678341627121,74988,0.0,0.0
2013-12-09 00:00:00-03:00,0.25385956009164856,0.25385956009164856,0.24766783416271212,0.2476678341627121,63428,0.0,0.0
2013-12-10 00:00:00-03:00,0.24766783416271212,0.24766783416271212,0.24766783416271212,0.2476678341627121,15010,0.0,0.0
2013-12-11 00:00:00-03:00,0.24766783416271212,0.24766783416271212,0.24766783416271212,0.2476678341627121,159007,0.0,0.0
2013-12-12 00:00:00-03:00,0.24766783416271212,0.24766783416271212,0.24766783416271212,0.2476678341627121,0,0.0,0.0
2013-12-13 00:00:00-03:00,0.24766783416271212,0.24766783416271212,0.24766783416271212,0.2476678341627121,0,0.0,0.0
2013-12-16 00:00:00-03:00,0.24766783416271212,0.24766783416271212,0.24766783416271212,0.2476678341627121,0,0.0,0.0
2013-12-17 00:00:00-03:00,0.24766783416271212,0.24766783416271212,0.24766783416271212,0.2476678341627121,46716,0.0,0.0
2013-12-18 00:00:00-03:00,0.24766783416271212,0.24766783416271212,0.24766783416271212,0.2476678341627121,0,0.0,0.0
2013-12-19 00:00:00-03:00,0.2451917482226436,0.24766783416271212,0.2414761229044433,0.2476678341627121,54905,0.0,0.0
2013-12-20 00:00:00-03:00,0.24766782971159634,0.24766782971159634,0.2414761185646057,0.2414761185646057,90165,0.0,0.0
2013-12-23 00:00:00-03:00,0.24766783416271212,0.24766783416271212,0.24766783416271212,0.2476678341627121,47702,0.0,0.0
2013-12-26 00:00:00-03:00,0.2414761229044433,0.24766783416271212,0.2414761229044433,0.2476678341627121,28486,0.0,0.0
2013-12-27 00:00:00-03:00,0.2538595497608185,0.2538595497608185,0.2538595497608185,0.2538595497608185,90841,0.0,0.0
2013-12-30 00:00:00-03:00,0.26005128026008606,0.26005128026008606,0.26005128026008606,0.26005128026008606,25568,0.0,0.0
2014-01-02 00:00:00-03:00,0.26005128026008606,0.26005128026008606,0.26005128026008606,0.26005128026008606,0,0.0,0.0
2014-01-03 00:00:00-03:00,0.25385956009164856,0.25385956009164856,0.24766783416271212,0.2476678341627121,45714,0.0,0.0
2014-01-06 00:00:00-03:00,0.24766783416271212,0.24766783416271212,0.24766783416271212,0.2476678341627121,39751,0.0,0.0
2014-01-07 00:00:00-03:00,0.24766783416271212,0.24766783416271212,0.24766783416271212,0.2476678341627121,0,0.0,0.0
2014-01-08 00:00:00-03:00,0.24766783416271212,0.24766783416271212,0.24766783416271212,0.2476678341627121,0,0.0,0.0
2014-01-09 00:00:00-03:00,0.24766782971159634,0.24766782971159634,0.2414761185646057,0.2414761185646057,39354,0.0,0.0
2014-01-10 00:00:00-03:00,0.2414761185646057,0.2414761185646057,0.2414761185646057,0.2414761185646057,0,0.0,0.0
2014-01-13 00:00:00-03:00,0.26005128026008606,0.26005128026008606,0.26005128026008606,0.26005128026008606,35840,0.0,0.0
2014-01-14 00:00:00-03:00,0.2414761185646057,0.2414761185646057,0.2414761185646057,0.2414761185646057,0,0.0,0.0
2014-01-15 00:00:00-03:00,0.2848181426525116,0.2848181426525116,0.2848181426525116,0.2848181426525116,13714,0.0,0.0
2014-01-16 00:00:00-03:00,0.25881371106002055,0.2848181426525116,0.25881371106002055,0.2848181426525116,99872,0.0,0.0
2014-01-17 00:00:00-03:00,0.2848181426525116,0.2848181426525116,0.2848181426525116,0.2848181426525116,0,0.0,0.0
2014-01-20 00:00:00-03:00,0.2848181426525116,0.2848181426525116,0.2848181426525116,0.2848181426525116,0,0.0,0.0
2014-01-21 00:00:00-03:00,0.2848181426525116,0.2848181426525116,0.2848181426525116,0.2848181426525116,0,0.0,0.0
2014-01-22 00:00:00-03:00,0.2848181426525116,0.2848181426525116,0.2848181426525116,0.2848181426525116,0,0.0,0.0
2014-01-23 00:00:00-03:00,0.2848181426525116,0.2848181426525116,0.2848181426525116,0.2848181426525116,0,0.0,0.0
2014-01-24 00:00:00-03:00,0.2848181426525116,0.2848181426525116,0.2848181426525116,0.2848181426525116,0,0.0,0.0
2014-01-27 00:00:00-03:00,0.2848181426525116,0.2848181426525116,0.2848181426525116,0.2848181426525116,0,0.0,0.0
2014-01-28 00:00:00-03:00,0.28358060121536255,0.28358060121536255,0.28358060121536255,0.28358060121536255,23572,0.0,0.0
2014-01-29 00:00:00-03:00,0.2786264419555664,0.2786264419555664,0.2786264419555664,0.2786264419555664,16624,0.0,0.0
2014-01-30 00:00:00-03:00,0.2786264419555664,0.2786264419555664,0.2786264419555664,0.2786264419555664,0,0.0,0.0
2014-01-31 00:00:00-03:00,0.2724347412586212,0.2724347412586212,0.2724347412586212,0.2724347412586212,7831,0.0,0.0
2014-02-03 00:00:00-03:00,0.2724347209073878,0.2848181426525116,0.2724347209073878,0.2848181426525116,30108,0.0,0.0
2014-02-04 00:00:00-03:00,0.2848181426525116,0.2848181426525116,0.28234205686668856,0.2848181426525116,79289,0.0,0.0
2014-02-05 00:00:00-03:00,0.28481816225783796,0.28481816225783796,0.2823420763015747,0.2823420763015747,45221,0.0,0.0
2014-02-06 00:00:00-03:00,0.2848181521515846,0.29720160365104675,0.2848181521515846,0.29720160365104675,419232,0.0,0.0
2014-02-07 00:00:00-03:00,0.29720160365104675,0.29720160365104675,0.29720160365104675,0.29720160365104675,19136,0.0,0.0
2014-02-10 00:00:00-03:00,0.29720160365104675,0.29720160365104675,0.29720160365104675,0.29720160365104675,0,0.0,0.0
2014-02-11 00:00:00-03:00,0.29720160365104675,0.29720160365104675,0.29720160365104675,0.29720160365104675,0,0.0,0.0
2014-02-12 00:00:00-03:00,0.2959640622138977,0.2959640622138977,0.2959640622138977,0.2959640622138977,43321,0.0,0.0
2014-02-13 00:00:00-03:00,0.2959640622138977,0.2959640622138977,0.2959640622138977,0.2959640622138977,0,0.0,0.0
2014-02-14 00:00:00-03:00,0.28977231436979284,0.2910098731517792,0.28977231436979284,0.2910098731517792,47296,0.0,0.0
2014-02-17 00:00:00-03:00,0.2910098731517792,0.2910098731517792,0.2910098731517792,0.2910098731517792,0,0.0,0.0
2014-02-18 00:00:00-03:00,0.2724347412586212,0.2724347412586212,0.2724347412586212,0.2724347412586212,66512,0.0,0.0
2014-02-19 00:00:00-03:00,0.2724347412586212,0.2724347412586212,0.2724347412586212,0.2724347412586212,80457,0.0,0.0
2014-02-20 00:00:00-03:00,0.2724347412586212,0.2724347412586212,0.2724347412586212,0.2724347412586212,0,0.0,0.0
2014-02-21 00:00:00-03:00,0.26995862259705405,0.26995862259705405,0.24766783416271212,0.2476678341627121,61838,0.0,0.0
2014-02-24 00:00:00-03:00,0.24890638887882233,0.24890638887882233,0.24890638887882233,0.24890638887882233,15829,0.0,0.0
2014-02-25 00:00:00-03:00,0.24890638887882233,0.24890638887882233,0.24890638887882233,0.24890638887882233,44736,0.0,0.0
2014-02-26 00:00:00-03:00,0.24890638887882233,0.24890638887882233,0.24890638887882233,0.24890638887882233,0,0.0,0.0
2014-02-27 00:00:00-03:00,0.24890638887882233,0.24890638887882233,0.24890638887882233,0.24890638887882233,0,0.0,0.0
2014-02-28 00:00:00-03:00,0.2711971700191498,0.2711971700191498,0.2711971700191498,0.2711971700191498,13054,0.0,0.0
2014-03-03 00:00:00-03:00,0.2711971700191498,0.2711971700191498,0.2711971700191498,0.2711971700191498,0,0.0,0.0
2014-03-04 00:00:00-03:00,0.2711971700191498,0.2711971700191498,0.2711971700191498,0.2711971700191498,0,0.0,0.0
2014-03-05 00:00:00-03:00,0.2711971700191498,0.2711971700191498,0.2711971700191498,0.2711971700191498,0,0.0,0.0
2014-03-06 00:00:00-03:00,0.2711971700191498,0.2711971700191498,0.2711971700191498,0.2711971700191498,0,0.0,0.0
2014-03-07 00:00:00-03:00,0.2711971700191498,0.2711971700191498,0.2711971700191498,0.2711971700191498,0,0.0,0.0
2014-03-10 00:00:00-03:00,0.2711971700191498,0.2711971700191498,0.2711971700191498,0.2711971700191498,0,0.0,0.0
2014-03-11 00:00:00-03:00,0.2711971700191498,0.2711971700191498,0.2711971700191498,0.2711971700191498,0,0.0,0.0
2014-03-12 00:00:00-03:00,0.2711971700191498,0.2711971700191498,0.2711971700191498,0.2711971700191498,0,0.0,0.0
2014-03-13 00:00:00-03:00,0.2711971700191498,0.2711971700191498,0.2711971700191498,0.2711971700191498,0,0.0,0.0
2014-03-14 00:00:00-03:00,0.2711971700191498,0.2711971700191498,0.2711971700191498,0.2711971700191498,0,0.0,0.0
2014-03-17 00:00:00-03:00,0.2711971700191498,0.2711971700191498,0.2711971700191498,0.2711971700191498,0,0.0,0.0
2014-03-18 00:00:00-03:00,0.24766783416271212,0.24766783416271212,0.24766783416271212,0.2476678341627121,63603,0.0,0.0
2014-03-19 00:00:00-03:00,0.24766783416271212,0.24766783416271212,0.24766783416271212,0.2476678341627121,7950,0.0,0.0
2014-03-20 00:00:00-03:00,0.24766783416271212,0.24766783416271212,0.24766783416271212,0.2476678341627121,0,0.0,0.0
2014-03-21 00:00:00-03:00,0.24766783416271212,0.24766783416271212,0.24766783416271212,0.2476678341627121,22483,0.0,0.0
2014-03-25 00:00:00-03:00,0.24766783416271212,0.24766783416271212,0.24766783416271212,0.2476678341627121,32358,0.0,0.0
2014-03-26 00:00:00-03:00,0.22661657631397247,0.22661657631397247,0.22661657631397247,0.22661657631397247,68723,0.0,0.0
2014-03-27 00:00:00-03:00,0.22661657631397247,0.22661657631397247,0.22661657631397247,0.22661657631397247,0,0.0,0.0
2014-03-28 00:00:00-03:00,0.22661657631397247,0.22661657631397247,0.22661657631397247,0.22661657631397247,79305,0.0,0.0
2014-03-31 00:00:00-03:00,0.22661657631397247,0.22661657631397247,0.22661657631397247,0.22661657631397247,0,0.0,0.0
2014-04-01 00:00:00-03:00,0.22661657631397247,0.22661657631397247,0.22661657631397247,0.22661657631397247,0,0.0,0.0
2014-04-03 00:00:00-03:00,0.22909268736839294,0.22909268736839294,0.22909268736839294,0.22909268736839294,43210,0.0,0.0
2014-04-04 00:00:00-03:00,0.22909268736839294,0.22909268736839294,0.22909268736839294,0.22909268736839294,0,0.0,0.0
2014-04-07 00:00:00-03:00,0.22909268736839294,0.22909268736839294,0.22909268736839294,0.22909268736839294,0,0.0,0.0
2014-04-08 00:00:00-03:00,0.23528438806533813,0.23528438806533813,0.23528438806533813,0.23528438806533813,32143,0.0,0.0
2014-04-09 00:00:00-03:00,0.23528438806533813,0.23528438806533813,0.23528438806533813,0.23528438806533813,17474,0.0,0.0
2014-04-10 00:00:00-03:00,0.23528438806533813,0.23528438806533813,0.23528438806533813,0.23528438806533813,0,0.0,0.0
2014-04-11 00:00:00-03:00,0.23528439389415348,0.23528439389415348,0.22290095686912537,0.22290095686912537,143091,0.0,0.0
2014-04-14 00:00:00-03:00,0.22290095686912537,0.22290095686912537,0.22290095686912537,0.22290095686912537,0,0.0,0.0
2014-04-15 00:00:00-03:00,0.22290095686912537,0.22290095686912537,0.22290095686912537,0.22290095686912537,0,0.0,0.0
2014-04-16 00:00:00-03:00,0.23528438806533813,0.23528438806533813,0.23528438806533813,0.23528438806533813,30211,0.0,0.0
2014-04-17 00:00:00-03:00,0.23528438806533813,0.23528438806533813,0.23528438806533813,0.23528438806533813,0,0.0,0.0
2014-04-18 00:00:00-03:00,0.23528438806533813,0.23528438806533813,0.23528438806533813,0.23528438806533813,0,0.0,0.0
2014-04-21 00:00:00-03:00,0.23528438806533813,0.23528438806533813,0.23528438806533813,0.23528438806533813,0,0.0,0.0
2014-04-22 00:00:00-03:00,0.23528438806533813,0.23528438806533813,0.23528438806533813,0.23528438806533813,0,0.0,0.0
2014-04-23 00:00:00-03:00,0.23528438806533813,0.23528438806533813,0.23528438806533813,0.23528438806533813,0,0.0,0.0
2014-04-24 00:00:00-03:00,0.23404685449503315,0.23404685449503315,0.22909268736839294,0.22909268736839294,86977,0.0,0.0
2014-04-25 00:00:00-03:00,0.22909268736839294,0.22909268736839294,0.22909268736839294,0.22909268736839294,28589,0.0,0.0
2014-04-28 00:00:00-03:00,0.22909268736839294,0.22909268736839294,0.22909268736839294,0.22909268736839294,0,0.0,0.0
2014-04-29 00:00:00-03:00,0.22290095686912537,0.22290095686912537,0.22290095686912537,0.22290095686912537,18603,0.0,0.0
2014-04-30 00:00:00-03:00,0.22290095686912537,0.22290095686912537,0.22290095686912537,0.22290095686912537,0,0.0,0.0
2014-05-02 00:00:00-03:00,0.22290095686912537,0.22290095686912537,0.22290095686912537,0.22290095686912537,0,0.0,0.0
2014-05-05 00:00:00-03:00,0.22290095686912537,0.22290095686912537,0.22290095686912537,0.22290095686912537,0,0.0,0.0
2014-05-06 00:00:00-03:00,0.22290095686912537,0.22290095686912537,0.22290095686912537,0.22290095686912537,36086,0.0,0.0
2014-05-07 00:00:00-03:00,0.22909268736839294,0.22909268736839294,0.22909268736839294,0.22909268736839294,36770,0.0,0.0
2014-05-08 00:00:00-03:00,0.22909268736839294,0.22909268736839294,0.22909268736839294,0.22909268736839294,46756,0.0,0.0
2014-05-09 00:00:00-03:00,0.22909268736839294,0.22909268736839294,0.22909268736839294,0.22909268736839294,0,0.0,0.0
2014-05-12 00:00:00-03:00,0.22909268736839294,0.22909268736839294,0.22909268736839294,0.22909268736839294,0,0.0,0.0
2014-05-13 00:00:00-03:00,0.22909268736839294,0.22909268736839294,0.22909268736839294,0.22909268736839294,0,0.0,0.0
2014-05-14 00:00:00-03:00,0.22290095686912537,0.22290095686912537,0.22290095686912537,0.22290095686912537,29551,0.0,0.0
2014-05-15 00:00:00-03:00,0.22290095686912537,0.22290095686912537,0.22290095686912537,0.22290095686912537,21466,0.0,0.0
2014-05-16 00:00:00-03:00,0.22290095686912537,0.22290095686912537,0.22290095686912537,0.22290095686912537,0,0.0,0.0
2014-05-19 00:00:00-03:00,0.22290095686912537,0.22290095686912537,0.22290095686912537,0.22290095686912537,0,0.0,0.0
2014-05-20 00:00:00-03:00,0.216709235421268,0.22909268736839294,0.216709235421268,0.22909268736839294,60001,0.0,0.0
2014-05-21 00:00:00-03:00,0.22290094927172777,0.2278551161289215,0.22290094927172777,0.2278551161289215,84695,0.0,0.0
2014-05-22 00:00:00-03:00,0.2278551161289215,0.2278551161289215,0.2278551161289215,0.2278551161289215,0,0.0,0.0
2014-05-23 00:00:00-03:00,0.2278551161289215,0.2278551161289215,0.2278551161289215,0.2278551161289215,0,0.0,0.0
2014-05-26 00:00:00-03:00,0.22909267704154807,0.23528438806533813,0.22909267704154807,0.23528438806533813,37374,0.0,0.0
2014-05-27 00:00:00-03:00,0.24519173893728563,0.24519173893728563,0.23528438806533813,0.23528438806533813,54460,0.0,0.0
2014-05-28 00:00:00-03:00,0.2538595532326147,0.26995861530303955,0.2538595532326147,0.26995861530303955,147758,0.0,0.0
2014-05-29 00:00:00-03:00,0.27615035635432383,0.30958507288688464,0.27615035635432383,0.28729525208473206,1029019,0.0,0.0
2014-05-30 00:00:00-03:00,0.30339331928219737,0.30339331928219737,0.2848181426525116,0.2848181426525116,174829,0.0,0.0
2014-06-02 00:00:00-03:00,0.2786264251976214,0.2786264251976214,0.2711971700191498,0.2711971700191498,68548,0.0,0.0
2014-06-03 00:00:00-03:00,0.26128980136972535,0.263766884803772,0.260051274323369,0.263766884803772,40046,0.0,0.0
2014-06-04 00:00:00-03:00,0.26500545192688313,0.26624301075935364,0.26500545192688313,0.26624301075935364,105151,0.0,0.0
2014-06-05 00:00:00-03:00,0.2724347412586212,0.2724347412586212,0.2724347412586212,0.2724347412586212,17490,0.0,0.0
2014-06-06 00:00:00-03:00,0.2724347412586212,0.2724347412586212,0.2724347412586212,0.2724347412586212,0,0.0,0.0
2014-06-09 00:00:00-03:00,0.2848181426525116,0.2848181426525116,0.28234205686668856,0.2848181426525116,462816,0.0,0.0
2014-06-10 00:00:00-03:00,0.2848181426525116,0.2848181426525116,0.2848181426525116,0.2848181426525116,31793,0.0,0.0
2014-06-11 00:00:00-03:00,0.2848181426525116,0.2848181426525116,0.2848181426525116,0.2848181426525116,258101,0.0,0.0
2014-06-12 00:00:00-03:00,0.2848181426525116,0.2848181426525116,0.2848181426525116,0.2848181426525116,0,0.0,0.0
2014-06-13 00:00:00-03:00,0.2848181426525116,0.2848181426525116,0.2848181426525116,0.2848181426525116,0,0.0,0.0
2014-06-16 00:00:00-03:00,0.2848181426525116,0.2848181426525116,0.2848181426525116,0.2848181426525116,0,0.0,0.0
2014-06-17 00:00:00-03:00,0.2848181426525116,0.2848181426525116,0.2848181426525116,0.2848181426525116,0,0.0,0.0
2014-06-18 00:00:00-03:00,0.2848181426525116,0.2848181426525116,0.2848181426525116,0.2848181426525116,0,0.0,0.0
2014-06-19 00:00:00-03:00,0.2848181426525116,0.2848181426525116,0.2848181426525116,0.2848181426525116,0,0.0,0.0
2014-06-23 00:00:00-03:00,0.2848181426525116,0.2848181426525116,0.2848181426525116,0.2848181426525116,0,0.0,0.0
2014-06-24 00:00:00-03:00,0.2848181426525116,0.2848181426525116,0.2848181426525116,0.2848181426525116,0,0.0,0.0
2014-06-25 00:00:00-03:00,0.2848181426525116,0.2848181426525116,0.2848181426525116,0.2848181426525116,0,0.0,0.0
2014-06-26 00:00:00-03:00,0.2848181426525116,0.2848181426525116,0.2848181426525116,0.2848181426525116,0,0.0,0.0
2014-06-27 00:00:00-03:00,0.2848181426525116,0.2848181426525116,0.2848181426525116,0.2848181426525116,0,0.0,0.0
2014-06-30 00:00:00-03:00,0.2848181426525116,0.2848181426525116,0.2848181426525116,0.2848181426525116,0,0.0,0.0
2014-07-01 00:00:00-03:00,0.2848181426525116,0.2848181426525116,0.2848181426525116,0.2848181426525116,0,0.0,0.0
2014-07-02 00:00:00-03:00,0.2848181426525116,0.2848181426525116,0.2848181426525116,0.2848181426525116,0,0.0,0.0
2014-07-03 00:00:00-03:00,0.2848181426525116,0.2848181426525116,0.2848181426525116,0.2848181426525116,0,0.0,0.0
2014-07-04 00:00:00-03:00,0.2848181426525116,0.2848181426525116,0.2848181426525116,0.2848181426525116,0,0.0,0.0
2014-07-07 00:00:00-03:00,0.25385954707166414,0.2724347239057871,0.2526219882971335,0.2650054395198822,770376,0.0,0.0
2014-07-08 00:00:00-03:00,0.2550981061538164,0.2550981061538164,0.25138346392151445,0.2538595497608185,334639,0.0,0.0
2014-07-10 00:00:00-03:00,0.25385956944114285,0.25385956944114285,0.2513834834098816,0.2513834834098816,197718,0.0,0.0
2014-07-11 00:00:00-03:00,0.2513834834098816,0.2513834834098816,0.2513834834098816,0.2513834834098816,0,0.0,0.0
2014-07-14 00:00:00-03:00,0.25262200832366943,0.25262200832366943,0.25262200832366943,0.25262200832366943,49411,0.0,0.0
2014-07-15 00:00:00-03:00,0.25262200832366943,0.25262200832366943,0.25262200832366943,0.25262200832366943,0,0.0,0.0
2014-07-16 00:00:00-03:00,0.2513834834098816,0.2513834834098816,0.2513834834098816,0.2513834834098816,45834,0.0,0.0
2014-07-17 00:00:00-03:00,0.2513834834098816,0.2513834834098816,0.2513834834098816,0.2513834834098816,0,0.0,0.0
2014-07-18 00:00:00-03:00,0.24766783416271212,0.24766783416271212,0.24766783416271212,0.2476678341627121,23771,0.0,0.0
2014-07-21 00:00:00-03:00,0.24766783416271212,0.24766783416271212,0.24766783416271212,0.2476678341627121,11925,0.0,0.0
2014-07-22 00:00:00-03:00,0.24766783416271212,0.24766783416271212,0.24766783416271212,0.2476678341627121,0,0.0,0.0
2014-07-23 00:00:00-03:00,0.237761476208945,0.237761476208945,0.23280830681324005,0.23280830681324005,116854,0.0,0.0
2014-07-24 00:00:00-03:00,0.22909268736839294,0.22909268736839294,0.22909268736839294,0.22909268736839294,97074,0.0,0.0
2014-07-25 00:00:00-03:00,0.22661658213866473,0.22661658213866473,0.22290095686912537,0.22290095686912537,132898,0.0,0.0
2014-07-28 00:00:00-03:00,0.2229009539527714,0.2229009539527714,0.2068028748035431,0.2068028748035431,173278,0.0,0.0
2014-07-29 00:00:00-03:00,0.22537803649902344,0.22537803649902344,0.22537803649902344,0.22537803649902344,20090,0.0,0.0
2014-07-30 00:00:00-03:00,0.22537803649902344,0.22537803649902344,0.22537803649902344,0.22537803649902344,0,0.0,0.0
2014-07-31 00:00:00-03:00,0.2167092310212776,0.22290095686912537,0.2167092310212776,0.22290095686912537,22165,0.0,0.0
2014-08-01 00:00:00-03:00,0.2278551161289215,0.2278551161289215,0.2278551161289215,0.2278551161289215,10240,0.0,0.0
2014-08-04 00:00:00-03:00,0.2278551161289215,0.2278551161289215,0.2278551161289215,0.2278551161289215,0,0.0,0.0
2014-08-05 00:00:00-03:00,0.22290095686912537,0.22290095686912537,0.22290095686912537,0.22290095686912537,32326,0.0,0.0
2014-08-06 00:00:00-03:00,0.22661657823419723,0.22661657823419723,0.22537803649902344,0.22537803649902344,24161,0.0,0.0
2014-08-07 00:00:00-03:00,0.23528438806533813,0.23528438806533813,0.23528438806533813,0.23528438806533813,106495,0.0,0.0
2014-08-08 00:00:00-03:00,0.23528438806533813,0.23528438806533813,0.23528438806533813,0.23528438806533813,0,0.0,0.0
2014-08-11 00:00:00-03:00,0.23528438806533813,0.23528438806533813,0.23528438806533813,0.23528438806533813,0,0.0,0.0
2014-08-12 00:00:00-03:00,0.23528438806533813,0.23528438806533813,0.23528438806533813,0.23528438806533813,13412,0.0,0.0
2014-08-13 00:00:00-03:00,0.23528438806533813,0.23528438806533813,0.23528438806533813,0.23528438806533813,121052,0.0,0.0
2014-08-14 00:00:00-03:00,0.23528438806533813,0.23528438806533813,0.23528438806533813,0.23528438806533813,0,0.0,0.0
2014-08-15 00:00:00-03:00,0.23528438806533813,0.23528438806533813,0.23528438806533813,0.23528438806533813,15328,0.0,0.0
2014-08-18 00:00:00-03:00,0.23528438806533813,0.23528438806533813,0.23528438806533813,0.23528438806533813,0,0.0,0.0
2014-08-19 00:00:00-03:00,0.22537803649902344,0.22537803649902344,0.22537803649902344,0.22537803649902344,14469,0.0,0.0
2014-08-21 00:00:00-03:00,0.23528439867128767,0.23528439867128767,0.2278551285214707,0.22909268736839294,163952,0.0,0.0
2014-08-22 00:00:00-03:00,0.2414761185646057,0.2414761185646057,0.2414761185646057,0.2414761185646057,30227,0.0,0.0
2014-08-25 00:00:00-03:00,0.2414761185646057,0.2414761185646057,0.2414761185646057,0.2414761185646057,15503,0.0,0.0
2014-08-26 00:00:00-03:00,0.2414761185646057,0.2414761185646057,0.2414761185646057,0.2414761185646057,10852,0.0,0.0
2014-08-27 00:00:00-03:00,0.25385956009164856,0.25385956009164856,0.2464302753247094,0.2476678341627121,174312,0.0,0.0
2014-08-28 00:00:00-03:00,0.24766783416271212,0.24766783416271212,0.24766783416271212,0.2476678341627121,0,0.0,0.0
2014-08-29 00:00:00-03:00,0.24766783416271212,0.24766783416271212,0.24766783416271212,0.2476678341627121,36571,0.0,0.0
2014-09-01 00:00:00-03:00,0.26005128026008606,0.26005128026008606,0.26005128026008606,0.26005128026008606,45778,0.0,0.0
2014-09-02 00:00:00-03:00,0.27243473666061163,0.27243473666061163,0.26624301075935364,0.26624301075935364,132103,0.0,0.0
2014-09-03 00:00:00-03:00,0.2600512877214407,0.2823420763015747,0.2600512877214407,0.2823420763015747,674837,0.0,0.0
2014-09-04 00:00:00-03:00,0.2872952260436708,0.2872952260436708,0.2798649734755293,0.2848181426525116,283868,0.0,0.0
2014-09-05 00:00:00-03:00,0.2848181426525116,0.2848181426525116,0.2848181426525116,0.2848181426525116,0,0.0,0.0
2014-09-08 00:00:00-03:00,0.2848181426525116,0.29100986819574015,0.2848181426525116,0.2848181426525116,134870,0.0,0.0
2014-09-09 00:00:00-03:00,0.28481816225783796,0.2984401413068707,0.2823420763015747,0.2823420763015747,251725,0.0,0.0
2014-09-10 00:00:00-03:00,0.2848181598402969,0.2848181598402969,0.2749118208885193,0.2749118208885193,123827,0.0,0.0
2014-09-11 00:00:00-03:00,0.27738890051841736,0.27738890051841736,0.27738890051841736,0.27738890051841736,158498,0.0,0.0
2014-09-12 00:00:00-03:00,0.295964053058317,0.29967869543731157,0.28358060121536255,0.28358060121536255,210224,0.0,0.0
2014-09-15 00:00:00-03:00,0.2996786871248201,0.2996786871248201,0.2910098779013157,0.29720160365104675,415932,0.0,0.0
2014-09-16 00:00:00-03:00,0.29720160365104675,0.2996786871248201,0.29720160365104675,0.29720160365104675,141699,0.0,0.0
2014-09-17 00:00:00-03:00,0.2910098677461227,0.2947255074977875,0.2910098677461227,0.2947255074977875,228955,0.0,0.0
2014-09-18 00:00:00-03:00,0.2947255074977875,0.2947255074977875,0.2947255074977875,0.2947255074977875,0,0.0,0.0
2014-09-19 00:00:00-03:00,0.27862642640185353,0.29720160365104675,0.27862642640185353,0.29720160365104675,219446,0.0,0.0
2014-09-22 00:00:00-03:00,0.29720159373896876,0.29720159373896876,0.2848181426525116,0.2848181426525116,318484,0.0,0.0
2014-09-23 00:00:00-03:00,0.28358060205057206,0.3095850646495819,0.28358060205057206,0.3095850646495819,595754,0.0,0.0
2014-09-24 00:00:00-03:00,0.31577675608795175,0.3838856816291809,0.31577675608795175,0.3838856816291809,849642,0.0,0.0
2014-09-25 00:00:00-03:00,0.4098911111014984,0.4098911111014984,0.3838856807246459,0.3937930464744568,474590,0.0,0.0
2014-09-26 00:00:00-03:00,0.4086525872424477,0.432181902565399,0.3962691354969167,0.4272277355194092,658435,0.0,0.0
2014-09-29 00:00:00-03:00,0.45199463021844677,0.5077201033067158,0.45199463021844677,0.495336651802063,1871927,0.0,0.0
2014-09-30 00:00:00-03:00,0.520103542624641,0.582020740014433,0.520103542624641,0.5572538375854492,2268874,0.0,0.0
2014-10-01 00:00:00-03:00,0.5696372966192264,0.5696372966192264,0.4891449213027954,0.4891449213027954,1389346,0.0,0.0
2014-10-02 00:00:00-03:00,0.48295323903296355,0.48295323903296355,0.42103600964664367,0.4272277355194092,242486,0.0,0.0
2014-10-03 00:00:00-03:00,0.4210360050201416,0.48914493018948546,0.4111296662477951,0.4210360050201416,1461059,0.0,0.0
2014-10-06 00:00:00-03:00,0.41732140169784027,0.458186341096983,0.41732140169784027,0.4420882761478424,232819,0.0,0.0
2014-10-07 00:00:00-03:00,0.4334194459116604,0.4581863191767848,0.4334194459116604,0.4458028972148895,79535,0.0,0.0
2014-10-08 00:00:00-03:00,0.4458028972148895,0.45075706408393057,0.4458028972148895,0.4458028972148895,97893,0.0,0.0
2014-10-09 00:00:00-03:00,0.43341946601867676,0.43341946601867676,0.43341946601867676,0.43341946601867676,8514,0.0,0.0
2014-10-10 00:00:00-03:00,0.43341946601867676,0.43341946601867676,0.43341946601867676,0.43341946601867676,0,0.0,0.0
2014-10-13 00:00:00-03:00,0.43341946601867676,0.43341946601867676,0.43341946601867676,0.43341946601867676,0,0.0,0.0
2014-10-14 00:00:00-03:00,0.42103601722311895,0.42103601722311895,0.39007741664353146,0.39626914262771606,31642,0.0,0.0
2014-10-15 00:00:00-03:00,0.39626914262771606,0.39626914262771606,0.39626914262771606,0.39626914262771606,0,0.0,0.0
2014-10-16 00:00:00-03:00,0.35664273010178166,0.39626914262771606,0.35664273010178166,0.39626914262771606,73270,0.0,0.0
2014-10-17 00:00:00-03:00,0.39626914262771606,0.39626914262771606,0.39626914262771606,0.39626914262771606,0,0.0,0.0
2014-10-20 00:00:00-03:00,0.40865257382392883,0.40865257382392883,0.40865257382392883,0.40865257382392883,94816,0.0,0.0
2014-10-21 00:00:00-03:00,0.40865257382392883,0.40865257382392883,0.40865257382392883,0.40865257382392883,36675,0.0,0.0
2014-10-22 00:00:00-03:00,0.4098910987377167,0.4098910987377167,0.4098910987377167,0.4098910987377167,15900,0.0,0.0
2014-10-23 00:00:00-03:00,0.37150225043296814,0.37150225043296814,0.37150225043296814,0.37150225043296814,15900,0.0,0.0
2014-10-24 00:00:00-03:00,0.3937930551678584,0.3937930551678584,0.3529270887374878,0.3529270887374878,18683,0.0,0.0
2014-10-27 00:00:00-03:00,0.3529270887374878,0.3529270887374878,0.3529270887374878,0.3529270887374878,0,0.0,0.0
2014-10-28 00:00:00-03:00,0.32196847091594566,0.32939875292570214,0.32196847091594566,0.32816019654273987,95802,0.0,0.0
2014-10-29 00:00:00-03:00,0.32939877662725725,0.33187583088874817,0.32939877662725725,0.33187583088874817,76824,0.0,0.0
2014-10-30 00:00:00-03:00,0.33187583088874817,0.33187583088874817,0.33187583088874817,0.33187583088874817,0,0.0,0.0
2014-10-31 00:00:00-03:00,0.3343519444225374,0.35911881923675537,0.3343519444225374,0.35911881923675537,9961,0.0,0.0
2014-11-03 00:00:00-03:00,0.36531051993370056,0.36531051993370056,0.36531051993370056,0.36531051993370056,3975,0.0,0.0
2014-11-04 00:00:00-03:00,0.36531051993370056,0.36531051993370056,0.36531051993370056,0.36531051993370056,11035,0.0,0.0
2014-11-05 00:00:00-03:00,0.36531051993370056,0.36531051993370056,0.36531051993370056,0.36531051993370056,0,0.0,0.0
2014-11-07 00:00:00-03:00,0.37150225043296814,0.37150225043296814,0.37150225043296814,0.37150225043296814,37366,0.0,0.0
2014-11-10 00:00:00-03:00,0.37150225043296814,0.37150225043296814,0.37150225043296814,0.37150225043296814,0,0.0,0.0
2014-11-11 00:00:00-03:00,0.37150225043296814,0.37150225043296814,0.37150225043296814,0.37150225043296814,0,0.0,0.0
2014-11-12 00:00:00-03:00,0.34673539650031426,0.35911881923675537,0.34673539650031426,0.35911881923675537,31475,0.0,0.0
2014-11-13 00:00:00-03:00,0.37150227131453223,0.37150227131453223,0.35911881923675537,0.35911881923675537,22587,0.0,0.0
2014-11-14 00:00:00-03:00,0.35911881923675537,0.35911881923675537,0.35911881923675537,0.35911881923675537,39751,0.0,0.0
2014-11-17 00:00:00-03:00,0.35911881923675537,0.35911881923675537,0.35911881923675537,0.35911881923675537,0,0.0,0.0
2014-11-18 00:00:00-03:00,0.35911881923675537,0.35911881923675537,0.35911881923675537,0.35911881923675537,0,0.0,0.0
2014-11-19 00:00:00-03:00,0.35540416836738586,0.35540416836738586,0.35540416836738586,0.35540416836738586,15900,0.0,0.0
2014-11-20 00:00:00-03:00,0.35540416836738586,0.35540416836738586,0.35540416836738586,0.35540416836738586,0,0.0,0.0
2014-11-21 00:00:00-03:00,0.35540416836738586,0.35540416836738586,0.35540416836738586,0.35540416836738586,0,0.0,0.0
2014-11-24 00:00:00-03:00,0.35540416836738586,0.35540416836738586,0.35540416836738586,0.35540416836738586,0,0.0,0.0
2014-11-25 00:00:00-03:00,0.37150225043296814,0.37150225043296814,0.37150225043296814,0.37150225043296814,12164,0.0,0.0
2014-11-26 00:00:00-03:00,0.37150225043296814,0.37150225043296814,0.37150225043296814,0.37150225043296814,0,0.0,0.0
2014-11-27 00:00:00-03:00,0.37150225043296814,0.37150225043296814,0.37150225043296814,0.37150225043296814,0,0.0,0.0
2014-11-28 00:00:00-03:00,0.37150225043296814,0.37150225043296814,0.37150225043296814,0.37150225043296814,0,0.0,0.0
2014-12-01 00:00:00-03:00,0.37150225043296814,0.37150225043296814,0.37150225043296814,0.37150225043296814,0,0.0,0.0
2014-12-02 00:00:00-03:00,0.37150225043296814,0.37150225043296814,0.37150225043296814,0.37150225043296814,0,0.0,0.0
2014-12-03 00:00:00-03:00,0.37150225043296814,0.37150225043296814,0.37150225043296814,0.37150225043296814,0,0.0,0.0
2014-12-04 00:00:00-03:00,0.37150225043296814,0.37150225043296814,0.37150225043296814,0.37150225043296814,0,0.0,0.0
2014-12-05 00:00:00-03:00,0.37150225043296814,0.37150225043296814,0.37150225043296814,0.37150225043296814,0,0.0,0.0
2014-12-09 00:00:00-03:00,0.37150225043296814,0.37150225043296814,0.37150225043296814,0.37150225043296814,0,0.0,0.0
2014-12-10 00:00:00-03:00,0.37150225043296814,0.37150225043296814,0.37150225043296814,0.37150225043296814,0,0.0,0.0
2014-12-11 00:00:00-03:00,0.37150225043296814,0.37150225043296814,0.37150225043296814,0.37150225043296814,0,0.0,0.0
2014-12-12 00:00:00-03:00,0.37150225043296814,0.37150225043296814,0.37150225043296814,0.37150225043296814,7950,0.0,0.0
2014-12-15 00:00:00-03:00,0.37150225043296814,0.37150225043296814,0.37150225043296814,0.37150225043296814,0,0.0,0.0
2014-12-16 00:00:00-03:00,0.37150225043296814,0.37150225043296814,0.37150225043296814,0.37150225043296814,0,0.0,0.0
2014-12-17 00:00:00-03:00,0.37150225043296814,0.37150225043296814,0.37150225043296814,0.37150225043296814,0,0.0,0.0
2014-12-18 00:00:00-03:00,0.37150225043296814,0.37150225043296814,0.37150225043296814,0.37150225043296814,0,0.0,0.0
2014-12-19 00:00:00-03:00,0.3702647089958191,0.3702647089958191,0.3702647089958191,0.3702647089958191,15900,0.0,0.0
2014-12-22 00:00:00-03:00,0.3702647089958191,0.3702647089958191,0.3702647089958191,0.3702647089958191,0,0.0,0.0
2014-12-23 00:00:00-03:00,0.33435192704200745,0.33435192704200745,0.33435192704200745,0.33435192704200745,14239,0.0,0.0
2014-12-29 00:00:00-03:00,0.35911881923675537,0.35911881923675537,0.35911881923675537,0.35911881923675537,14708,0.0,0.0
2014-12-30 00:00:00-03:00,0.35788126037677626,0.35911881923675537,0.35788126037677626,0.35911881923675537,21943,0.0,0.0
2015-01-02 00:00:00-03:00,0.3529270887374878,0.3529270887374878,0.3529270887374878,0.3529270887374878,26514,0.0,0.0
2015-01-05 00:00:00-03:00,0.3529270887374878,0.3529270887374878,0.3529270887374878,0.3529270887374878,0,0.0,0.0
2015-01-06 00:00:00-03:00,0.3529270887374878,0.3529270887374878,0.3529270887374878,0.3529270887374878,0,0.0,0.0
2015-01-07 00:00:00-03:00,0.3529270887374878,0.3529270887374878,0.3529270887374878,0.3529270887374878,0,0.0,0.0
2015-01-08 00:00:00-03:00,0.3529270887374878,0.3529270887374878,0.3529270887374878,0.3529270887374878,0,0.0,0.0
2015-01-09 00:00:00-03:00,0.3529270887374878,0.3529270887374878,0.3529270887374878,0.3529270887374878,0,0.0,0.0
2015-01-12 00:00:00-03:00,0.3529270887374878,0.3529270887374878,0.3529270887374878,0.3529270887374878,0,0.0,0.0
2015-01-13 00:00:00-03:00,0.3529270887374878,0.3529270887374878,0.3529270887374878,0.3529270887374878,0,0.0,0.0
2015-01-14 00:00:00-03:00,0.3529270887374878,0.3529270887374878,0.3529270887374878,0.3529270887374878,0,0.0,0.0
2015-01-15 00:00:00-03:00,0.3529270887374878,0.3529270887374878,0.3529270887374878,0.3529270887374878,0,0.0,0.0
2015-01-16 00:00:00-03:00,0.3529270887374878,0.3529270887374878,0.3529270887374878,0.3529270887374878,0,0.0,0.0
2015-01-19 00:00:00-03:00,0.31825384497642517,0.3219684873684458,0.3157767614252561,0.31825384497642517,114247,0.0,0.0
2015-01-20 00:00:00-03:00,0.3207309285275943,0.32816021331163553,0.3157767614252561,0.31825384497642517,101152,0.0,0.0
2015-01-21 00:00:00-03:00,0.32196847292470726,0.34549781680107117,0.32196847292470726,0.34549781680107117,68301,0.0,0.0
2015-01-22 00:00:00-03:00,0.3368290066719055,0.3368290066719055,0.3368290066719055,0.3368290066719055,33455,0.0,0.0
2015-01-23 00:00:00-03:00,0.3343519317372993,0.340543657541275,0.3343519317372993,0.340543657541275,22372,0.0,0.0
2015-01-26 00:00:00-03:00,0.3405436621527221,0.3467353880405426,0.3405436621527221,0.3467353880405426,27055,0.0,0.0
2015-01-27 00:00:00-03:00,0.340543657541275,0.340543657541275,0.340543657541275,0.340543657541275,14310,0.0,0.0
2015-01-28 00:00:00-03:00,0.340543657541275,0.340543657541275,0.340543657541275,0.340543657541275,0,0.0,0.0
2015-01-29 00:00:00-03:00,0.340543657541275,0.340543657541275,0.340543657541275,0.340543657541275,0,0.0,0.0
2015-01-30 00:00:00-03:00,0.340543657541275,0.340543657541275,0.340543657541275,0.340543657541275,0,0.0,0.0
2015-02-02 00:00:00-03:00,0.340543657541275,0.340543657541275,0.340543657541275,0.340543657541275,0,0.0,0.0
2015-02-03 00:00:00-03:00,0.340543657541275,0.340543657541275,0.340543657541275,0.340543657541275,0,0.0,0.0
2015-02-04 00:00:00-03:00,0.340543657541275,0.340543657541275,0.340543657541275,0.340543657541275,0,0.0,0.0
2015-02-05 00:00:00-03:00,0.340543657541275,0.340543657541275,0.340543657541275,0.340543657541275,0,0.0,0.0
2015-02-06 00:00:00-03:00,0.33930609872824863,0.340543657541275,0.33930609872824863,0.340543657541275,86102,0.0,0.0
2015-02-09 00:00:00-03:00,0.340543657541275,0.340543657541275,0.340543657541275,0.340543657541275,0,0.0,0.0
2015-02-10 00:00:00-03:00,0.340543657541275,0.340543657541275,0.340543657541275,0.340543657541275,10065,0.0,0.0
2015-02-11 00:00:00-03:00,0.340543657541275,0.340543657541275,0.340543657541275,0.340543657541275,0,0.0,0.0
2015-02-12 00:00:00-03:00,0.32196847091594566,0.32816019654273987,0.32196847091594566,0.32816019654273987,24105,0.0,0.0
2015-02-13 00:00:00-03:00,0.32816019654273987,0.32816019654273987,0.32816019654273987,0.32816019654273987,0,0.0,0.0
2015-02-18 00:00:00-03:00,0.3219684660434723,0.3219684660434723,0.3219684660434723,0.3219684660434723,20671,0.0,0.0
2015-02-19 00:00:00-03:00,0.3219684660434723,0.3219684660434723,0.3219684660434723,0.3219684660434723,55446,0.0,0.0
2015-02-20 00:00:00-03:00,0.3095850686677851,0.3157767653465271,0.3095850686677851,0.3157767653465271,92932,0.0,0.0
2015-02-23 00:00:00-03:00,0.30958505606716896,0.30958505606716896,0.3058704137802124,0.3058704137802124,22253,0.0,0.0
2015-02-24 00:00:00-03:00,0.30587042454547947,0.31701532006263733,0.29967869855949414,0.31701532006263733,91413,0.0,0.0
2015-02-25 00:00:00-03:00,0.3219684719461758,0.3368290066719055,0.3219684719461758,0.3368290066719055,39298,0.0,0.0
2015-02-26 00:00:00-03:00,0.3368290066719055,0.3368290066719055,0.3368290066719055,0.3368290066719055,7950,0.0,0.0
2015-02-27 00:00:00-03:00,0.3467353880405426,0.3467353880405426,0.3467353880405426,0.3467353880405426,3871,0.0,0.0
2015-03-02 00:00:00-03:00,0.3467353880405426,0.3467353880405426,0.3467353880405426,0.3467353880405426,0,0.0,0.0
2015-03-03 00:00:00-03:00,0.3467353880405426,0.3467353880405426,0.3467353880405426,0.3467353880405426,3975,0.0,0.0
2015-03-04 00:00:00-03:00,0.3467353880405426,0.3467353880405426,0.3467353880405426,0.3467353880405426,30378,0.0,0.0
2015-03-05 00:00:00-03:00,0.3405436621527221,0.3467353880405426,0.3405436621527221,0.3467353880405426,47702,0.0,0.0
2015-03-06 00:00:00-03:00,0.3467353880405426,0.3467353880405426,0.3467353880405426,0.3467353880405426,0,0.0,0.0
2015-03-09 00:00:00-03:00,0.3405436621527221,0.3467353880405426,0.33435193626490156,0.3467353880405426,80585,0.0,0.0
2015-03-10 00:00:00-03:00,0.3467353880405426,0.3467353880405426,0.3467353880405426,0.3467353880405426,0,0.0,0.0
2015-03-11 00:00:00-03:00,0.33435193626490156,0.3467353880405426,0.33435193626490156,0.3467353880405426,18285,0.0,0.0
2015-03-12 00:00:00-03:00,0.34673539650031426,0.35911881923675537,0.33682902801199205,0.35911881923675537,169796,0.0,0.0
2015-03-13 00:00:00-03:00,0.3591188056118676,0.3591188056118676,0.340543657541275,0.340543657541275,45317,0.0,0.0
2015-03-16 00:00:00-03:00,0.33559045268357907,0.37150225043296814,0.33559045268357907,0.37150225043296814,87843,0.0,0.0
2015-03-17 00:00:00-03:00,0.3591187943243381,0.38388566742045416,0.3591187943243381,0.36531051993370056,158530,0.0,0.0
2015-03-18 00:00:00-03:00,0.36531051993370056,0.36531051993370056,0.36531051993370056,0.36531051993370056,22022,0.0,0.0
2015-03-19 00:00:00-03:00,0.3653105293928602,0.3776939809322357,0.3653105293928602,0.3776939809322357,54221,0.0,0.0
2015-03-20 00:00:00-03:00,0.3776939809322357,0.3776939809322357,0.3776939809322357,0.3776939809322357,0,0.0,0.0
2015-03-25 00:00:00-03:00,0.3776939809322357,0.3776939809322357,0.3776939809322357,0.3776939809322357,0,0.0,0.0
2015-03-26 00:00:00-03:00,0.3467353880405426,0.3467353880405426,0.3467353880405426,0.3467353880405426,136555,0.0,0.0
2015-03-27 00:00:00-03:00,0.3702647089958191,0.3702647089958191,0.3702647089958191,0.3702647089958191,26450,0.0,0.0
2015-03-30 00:00:00-03:00,0.3838856816291809,0.3838856816291809,0.3838856816291809,0.3838856816291809,15884,0.0,0.0
2015-03-31 00:00:00-03:00,0.3838856816291809,0.3838856816291809,0.3838856816291809,0.3838856816291809,10613,0.0,0.0
2015-04-01 00:00:00-03:00,0.3838856816291809,0.3838856816291809,0.3838856816291809,0.3838856816291809,0,0.0,0.0
2015-04-06 00:00:00-03:00,0.3838856816291809,0.3838856816291809,0.3838856816291809,0.3838856816291809,0,0.0,0.0
2015-04-07 00:00:00-03:00,0.39626914262771606,0.39626914262771606,0.39626914262771606,0.39626914262771606,18309,0.0,0.0
2015-04-08 00:00:00-03:00,0.39626914262771606,0.39626914262771606,0.39626914262771606,0.39626914262771606,0,0.0,0.0
2015-04-09 00:00:00-03:00,0.39626914262771606,0.39626914262771606,0.39626914262771606,0.39626914262771606,0,0.0,0.0
2015-04-10 00:00:00-03:00,0.3702647089958191,0.3702647089958191,0.3702647089958191,0.3702647089958191,15105,0.0,0.0
2015-04-13 00:00:00-03:00,0.3702647089958191,0.3702647089958191,0.3702647089958191,0.3702647089958191,0,0.0,0.0
2015-04-14 00:00:00-03:00,0.35911881923675537,0.35911881923675537,0.35911881923675537,0.35911881923675537,500230,0.0,0.0
2015-04-15 00:00:00-03:00,0.3467353880405426,0.3467353880405426,0.3454978292107579,0.3467353880405426,28820,0.0,0.0
2015-04-16 00:00:00-03:00,0.3467353880405426,0.3467353880405426,0.3467353880405426,0.3467353880405426,0,0.0,0.0
2015-04-17 00:00:00-03:00,0.3467353921181873,0.3529270887374878,0.3467353921181873,0.3529270887374878,55652,0.0,0.0
2015-04-20 00:00:00-03:00,0.3529270887374878,0.3529270887374878,0.3529270887374878,0.3529270887374878,0,0.0,0.0
2015-04-21 00:00:00-03:00,0.3529270887374878,0.3529270887374878,0.3529270887374878,0.3529270887374878,0,0.0,0.0
2015-04-22 00:00:00-03:00,0.3529270887374878,0.3529270887374878,0.3529270887374878,0.3529270887374878,38233,0.0,0.0
2015-04-23 00:00:00-03:00,0.35911881923675537,0.35911881923675537,0.35911881923675537,0.35911881923675537,5024,0.0,0.0
2015-04-24 00:00:00-03:00,0.3467353784760585,0.3467353784760585,0.33435192704200745,0.33435192704200745,21799,0.0,0.0
2015-04-27 00:00:00-03:00,0.3504509925842285,0.3504509925842285,0.3504509925842285,0.3504509925842285,23851,0.0,0.0
2015-04-28 00:00:00-03:00,0.3467353880405426,0.3467353880405426,0.3467353880405426,0.3467353880405426,16695,0.0,0.0
2015-04-29 00:00:00-03:00,0.3467353880405426,0.3467353880405426,0.3467353880405426,0.3467353880405426,0,0.0,0.0
2015-04-30 00:00:00-03:00,0.3467353880405426,0.3467353880405426,0.3467353880405426,0.3467353880405426,7950,0.0,0.0
2015-05-04 00:00:00-03:00,0.3467353880405426,0.3467353880405426,0.3467353880405426,0.3467353880405426,0,0.0,0.0
2015-05-05 00:00:00-03:00,0.3467353880405426,0.3467353880405426,0.3467353880405426,0.3467353880405426,0,0.0,0.0
2015-05-06 00:00:00-03:00,0.340543652759033,0.3454978196804111,0.33435192704200745,0.33435192704200745,41342,0.0,0.0
2015-05-07 00:00:00-03:00,0.33435192704200745,0.33435192704200745,0.33435192704200745,0.33435192704200745,0,0.0,0.0
2015-05-08 00:00:00-03:00,0.33435192704200745,0.33435192704200745,0.33435192704200745,0.33435192704200745,0,0.0,0.0
2015-05-11 00:00:00-03:00,0.33435192704200745,0.33435192704200745,0.33435192704200745,0.33435192704200745,0,0.0,0.0
2015-05-12 00:00:00-03:00,0.33435191710965717,0.33435191710965717,0.3219684660434723,0.3219684660434723,43727,0.0,0.0
2015-05-13 00:00:00-03:00,0.33435192704200745,0.33435192704200745,0.33435192704200745,0.33435192704200745,127206,0.0,0.0
2015-05-14 00:00:00-03:00,0.3133006691932678,0.3133006691932678,0.3133006691932678,0.3133006691932678,31801,0.0,0.0
2015-05-15 00:00:00-03:00,0.31577675971523533,0.3194923996925354,0.31577675971523533,0.3194923996925354,66640,0.0,0.0
2015-05-18 00:00:00-03:00,0.3157767653465271,0.3157767653465271,0.3157767653465271,0.3157767653465271,15900,0.0,0.0
2015-05-19 00:00:00-03:00,0.3095850646495819,0.3095850646495819,0.3095850646495819,0.3095850646495819,32199,0.0,0.0
2015-05-20 00:00:00-03:00,0.299678681153193,0.3033933233551299,0.299678681153193,0.30091720819473267,59842,0.0,0.0
2015-05-21 00:00:00-03:00,0.29720160365104675,0.29720160365104675,0.29720160365104675,0.29720160365104675,8347,0.0,0.0
2015-05-22 00:00:00-03:00,0.29720160365104675,0.29720160365104675,0.29720160365104675,0.29720160365104675,0,0.0,0.0
2015-05-26 00:00:00-03:00,0.29720160365104675,0.29720160365104675,0.29720160365104675,0.29720160365104675,0,0.0,0.0
2015-05-27 00:00:00-03:00,0.28358060121536255,0.2848181600518743,0.28358060121536255,0.28358060121536255,37764,0.0,0.0
2015-05-28 00:00:00-03:00,0.28358060121536255,0.28358060121536255,0.28358060121536255,0.28358060121536255,0,0.0,0.0
2015-05-29 00:00:00-03:00,0.28358060121536255,0.28358060121536255,0.28358060121536255,0.28358060121536255,0,0.0,0.0
2015-06-01 00:00:00-03:00,0.29720160365104675,0.29720160365104675,0.29720160365104675,0.29720160365104675,15900,0.0,0.0
2015-06-02 00:00:00-03:00,0.30339333415031433,0.30339333415031433,0.30339333415031433,0.30339333415031433,8960,0.0,0.0
2015-06-03 00:00:00-03:00,0.3083474934101105,0.3083474934101105,0.3083474934101105,0.3083474934101105,86444,0.0,0.0
2015-06-04 00:00:00-03:00,0.3083474934101105,0.3083474934101105,0.3083474934101105,0.3083474934101105,0,0.0,0.0
2015-06-05 00:00:00-03:00,0.3083474934101105,0.3083474934101105,0.3083474934101105,0.3083474934101105,0,0.0,0.0
2015-06-08 00:00:00-03:00,0.3083474934101105,0.3083474934101105,0.3083474934101105,0.3083474934101105,0,0.0,0.0
2015-06-09 00:00:00-03:00,0.3083474934101105,0.3083474934101105,0.3083474934101105,0.3083474934101105,0,0.0,0.0
2015-06-10 00:00:00-03:00,0.3083474934101105,0.3083474934101105,0.3083474934101105,0.3083474934101105,0,0.0,0.0
2015-06-11 00:00:00-03:00,0.31082358956336975,0.31082358956336975,0.31082358956336975,0.31082358956336975,3219,0.0,0.0
2015-06-12 00:00:00-03:00,0.31082358956336975,0.31082358956336975,0.31082358956336975,0.31082358956336975,0,0.0,0.0
2015-06-15 00:00:00-03:00,0.31082358956336975,0.31082358956336975,0.31082358956336975,0.31082358956336975,0,0.0,0.0
2015-06-16 00:00:00-03:00,0.31082358956336975,0.31082358956336975,0.31082358956336975,0.31082358956336975,0,0.0,0.0
2015-06-17 00:00:00-03:00,0.31082358956336975,0.31082358956336975,0.31082358956336975,0.31082358956336975,0,0.0,0.0
2015-06-18 00:00:00-03:00,0.31082358956336975,0.31082358956336975,0.31082358956336975,0.31082358956336975,0,0.0,0.0
2015-06-19 00:00:00-03:00,0.31082358956336975,0.31082358956336975,0.31082358956336975,0.31082358956336975,0,0.0,0.0
2015-06-22 00:00:00-03:00,0.31082358956336975,0.31082358956336975,0.31082358956336975,0.31082358956336975,0,0.0,0.0
2015-06-23 00:00:00-03:00,0.2972015988004558,0.2972015988004558,0.2910098731517792,0.2910098731517792,158403,0.0,0.0
2015-06-24 00:00:00-03:00,0.29348695278167725,0.29348695278167725,0.29348695278167725,0.29348695278167725,10057,0.0,0.0
2015-06-25 00:00:00-03:00,0.29348695278167725,0.29348695278167725,0.29348695278167725,0.29348695278167725,0,0.0,0.0
2015-06-26 00:00:00-03:00,0.29967869181620493,0.30339333415031433,0.29967869181620493,0.30339333415031433,63603,0.0,0.0
2015-06-29 00:00:00-03:00,0.30339333415031433,0.30339333415031433,0.30339333415031433,0.30339333415031433,0,0.0,0.0
2015-06-30 00:00:00-03:00,0.30339333415031433,0.30339333415031433,0.30339333415031433,0.30339333415031433,0,0.0,0.0
2015-07-01 00:00:00-03:00,0.3058704137802124,0.3058704137802124,0.3058704137802124,0.3058704137802124,89044,0.0,0.0
2015-07-02 00:00:00-03:00,0.3058704137802124,0.3058704137802124,0.3058704137802124,0.3058704137802124,0,0.0,0.0
2015-07-03 00:00:00-03:00,0.3058704137802124,0.3058704137802124,0.3058704137802124,0.3058704137802124,0,0.0,0.0
2015-07-06 00:00:00-03:00,0.3058704137802124,0.3058704137802124,0.3058704137802124,0.3058704137802124,0,0.0,0.0
2015-07-07 00:00:00-03:00,0.2848181426525116,0.2848181426525116,0.2848181426525116,0.2848181426525116,22873,0.0,0.0
2015-07-08 00:00:00-03:00,0.2848181426525116,0.2848181426525116,0.2848181426525116,0.2848181426525116,41715,0.0,0.0
2015-07-10 00:00:00-03:00,0.2860566973686218,0.2860566973686218,0.2860566973686218,0.2860566973686218,31006,0.0,0.0
2015-07-13 00:00:00-03:00,0.2860566973686218,0.2860566973686218,0.2860566973686218,0.2860566973686218,0,0.0,0.0
2015-07-14 00:00:00-03:00,0.2860566973686218,0.2860566973686218,0.2860566973686218,0.2860566973686218,0,0.0,0.0
2015-07-15 00:00:00-03:00,0.2860566973686218,0.2860566973686218,0.2860566973686218,0.2860566973686218,0,0.0,0.0
2015-07-16 00:00:00-03:00,0.2860566973686218,0.2860566973686218,0.2860566973686218,0.2860566973686218,0,0.0,0.0
2015-07-17 00:00:00-03:00,0.2860566973686218,0.2860566973686218,0.2860566973686218,0.2860566973686218,0,0.0,0.0
2015-07-20 00:00:00-03:00,0.2860566973686218,0.2860566973686218,0.2860566973686218,0.2860566973686218,0,0.0,0.0
2015-07-21 00:00:00-03:00,0.2860566973686218,0.2860566973686218,0.2860566973686218,0.2860566973686218,0,0.0,0.0
2015-07-22 00:00:00-03:00,0.2910098665170314,0.2910098665170314,0.2860566973686218,0.2860566973686218,123175,0.0,0.0
2015-07-23 00:00:00-03:00,0.2860566973686218,0.2860566973686218,0.2860566973686218,0.2860566973686218,0,0.0,0.0
2015-07-24 00:00:00-03:00,0.2860566973686218,0.2860566973686218,0.2860566973686218,0.2860566973686218,0,0.0,0.0
2015-07-27 00:00:00-03:00,0.2860566973686218,0.2860566973686218,0.2860566973686218,0.2860566973686218,0,0.0,0.0
2015-07-28 00:00:00-03:00,0.2860566973686218,0.2860566973686218,0.2860566973686218,0.2860566973686218,0,0.0,0.0
2015-07-29 00:00:00-03:00,0.2860566973686218,0.2860566973686218,0.2860566973686218,0.2860566973686218,0,0.0,0.0
2015-07-30 00:00:00-03:00,0.2860566973686218,0.2860566973686218,0.2860566973686218,0.2860566973686218,0,0.0,0.0
2015-07-31 00:00:00-03:00,0.2860566973686218,0.2860566973686218,0.2860566973686218,0.2860566973686218,0,0.0,0.0
2015-08-03 00:00:00-03:00,0.2860566973686218,0.2860566973686218,0.2860566973686218,0.2860566973686218,0,0.0,0.0
2015-08-04 00:00:00-03:00,0.2860566973686218,0.2860566973686218,0.2860566973686218,0.2860566973686218,0,0.0,0.0
2015-08-05 00:00:00-03:00,0.2860566973686218,0.2860566973686218,0.2860566973686218,0.2860566973686218,0,0.0,0.0
2015-08-06 00:00:00-03:00,0.31004777550697327,0.31004777550697327,0.31004777550697327,0.31004777550697327,0,0.0,0.0
2015-08-07 00:00:00-03:00,0.20267178118228912,0.20267178118228912,0.20267178118228912,0.20267178118228912,5075,0.0,0.0
2015-08-10 00:00:00-03:00,0.20267178118228912,0.20267178118228912,0.20267178118228912,0.20267178118228912,45419,0.0,0.0
2015-08-11 00:00:00-03:00,0.20267178118228912,0.20267178118228912,0.20267178118228912,0.20267178118228912,0,0.0,0.0
2015-08-12 00:00:00-03:00,0.217435821890831,0.217435821890831,0.217435821890831,0.217435821890831,9535,0.0,0.0
2015-08-13 00:00:00-03:00,0.23488468070701737,0.25501736998558044,0.23488468070701737,0.25501736998558044,25673,0.0,0.0
2015-08-14 00:00:00-03:00,0.25501736058148006,0.2684394952544755,0.25501736058148006,0.2617279291152954,321260,0.0,0.0
2015-08-18 00:00:00-03:00,0.25501736998558044,0.25501736998558044,0.25501736998558044,0.25501736998558044,156900,0.0,0.0
2015-08-19 00:00:00-03:00,0.24830679595470428,0.24830679595470428,0.24830679595470428,0.24830679595470428,11905,0.0,0.0
2015-08-20 00:00:00-03:00,0.25233254183670484,0.25233254183670484,0.2281731218099594,0.2281731218099594,99971,0.0,0.0
2015-08-21 00:00:00-03:00,0.22817312735583511,0.24562197923660278,0.22817312735583511,0.24562197923660278,55674,0.0,0.0
2015-08-24 00:00:00-03:00,0.24562197923660278,0.24562197923660278,0.24562197923660278,0.24562197923660278,0,0.0,0.0
2015-08-25 00:00:00-03:00,0.24830679595470428,0.24830679595470428,0.24830679595470428,0.24830679595470428,33221,0.0,0.0
2015-08-26 00:00:00-03:00,0.23488467931747437,0.23488467931747437,0.23488467931747437,0.23488467931747437,15785,0.0,0.0
2015-08-27 00:00:00-03:00,0.2483068069925087,0.2509906589984894,0.2483068069925087,0.2509906589984894,203471,0.0,0.0
2015-08-28 00:00:00-03:00,0.24159524438058688,0.24830679595470428,0.24159524438058688,0.24830679595470428,191214,0.0,0.0
2015-08-31 00:00:00-03:00,0.24562197923660278,0.24562197923660278,0.24562197923660278,0.24562197923660278,19805,0.0,0.0
2015-09-01 00:00:00-03:00,0.24562197923660278,0.24562197923660278,0.24562197923660278,0.24562197923660278,0,0.0,0.0
2015-09-02 00:00:00-03:00,0.2415952439755811,0.2415952439755811,0.23756851255893707,0.23756851255893707,27507,0.0,0.0
2015-09-03 00:00:00-03:00,0.2415952439755811,0.2415952439755811,0.23756851255893707,0.23756851255893707,110101,0.0,0.0
2015-09-04 00:00:00-03:00,0.23756851255893707,0.23756851255893707,0.23756851255893707,0.23756851255893707,0,0.0,0.0
2015-09-07 00:00:00-03:00,0.23756851255893707,0.23756851255893707,0.23756851255893707,0.23756851255893707,0,0.0,0.0
2015-09-08 00:00:00-03:00,0.23891042172908783,0.23891042172908783,0.23891042172908783,0.23891042172908783,56136,0.0,0.0
2015-09-09 00:00:00-03:00,0.23891042172908783,0.23891042172908783,0.23891042172908783,0.23891042172908783,0,0.0,0.0
2015-09-10 00:00:00-03:00,0.26843950152397156,0.26843950152397156,0.26843950152397156,0.26843950152397156,36602,0.0,0.0
2015-09-11 00:00:00-03:00,0.26843950152397156,0.26843950152397156,0.26843950152397156,0.26843950152397156,0,0.0,0.0
2015-09-14 00:00:00-03:00,0.25501736998558044,0.25501736998558044,0.25501736998558044,0.25501736998558044,8428,0.0,0.0
2015-09-15 00:00:00-03:00,0.25501736998558044,0.25501736998558044,0.25501736998558044,0.25501736998558044,0,0.0,0.0
2015-09-16 00:00:00-03:00,0.25501736998558044,0.25501736998558044,0.25501736998558044,0.25501736998558044,0,0.0,0.0
2015-09-17 00:00:00-03:00,0.25501736998558044,0.25501736998558044,0.25501736998558044,0.25501736998558044,0,0.0,0.0
2015-09-18 00:00:00-03:00,0.25501736998558044,0.25501736998558044,0.25501736998558044,0.25501736998558044,0,0.0,0.0
2015-09-21 00:00:00-03:00,0.25501736998558044,0.25501736998558044,0.25501736998558044,0.25501736998558044,0,0.0,0.0
2015-09-22 00:00:00-03:00,0.24159523844718933,0.24159523844718933,0.24159523844718933,0.24159523844718933,15403,0.0,0.0
2015-09-23 00:00:00-03:00,0.23488467931747437,0.23488467931747437,0.23488467931747437,0.23488467931747437,12469,0.0,0.0
2015-09-24 00:00:00-03:00,0.23488467931747437,0.23488467931747437,0.23488467931747437,0.23488467931747437,0,0.0,0.0
2015-09-25 00:00:00-03:00,0.23488467931747437,0.23488467931747437,0.23488467931747437,0.23488467931747437,0,0.0,0.0
2015-09-28 00:00:00-03:00,0.23488467931747437,0.23488467931747437,0.23488467931747437,0.23488467931747437,0,0.0,0.0
2015-09-29 00:00:00-03:00,0.23488467931747437,0.23488467931747437,0.23488467931747437,0.23488467931747437,0,0.0,0.0
2015-09-30 00:00:00-03:00,0.23488467931747437,0.23488467931747437,0.23488467931747437,0.23488467931747437,0,0.0,0.0
2015-10-01 00:00:00-03:00,0.23488467931747437,0.23488467931747437,0.23488467931747437,0.23488467931747437,0,0.0,0.0
2015-10-02 00:00:00-03:00,0.23488467931747437,0.23488467931747437,0.23488467931747437,0.23488467931747437,0,0.0,0.0
2015-10-05 00:00:00-03:00,0.23488467931747437,0.23488467931747437,0.23488467931747437,0.23488467931747437,0,0.0,0.0
2015-10-06 00:00:00-03:00,0.24830679595470428,0.24830679595470428,0.24830679595470428,0.24830679595470428,25673,0.0,0.0
2015-10-07 00:00:00-03:00,0.25501736998558044,0.25501736998558044,0.24830680120430404,0.25501736998558044,39998,0.0,0.0
2015-10-08 00:00:00-03:00,0.25501736998558044,0.25501736998558044,0.25501736998558044,0.25501736998558044,0,0.0,0.0
2015-10-09 00:00:00-03:00,0.25501736998558044,0.25501736998558044,0.25501736998558044,0.25501736998558044,0,0.0,0.0
2015-10-13 00:00:00-03:00,0.25501736998558044,0.25501736998558044,0.25501736998558044,0.25501736998558044,14670,0.0,0.0
2015-10-14 00:00:00-03:00,0.25501736998558044,0.25501736998558044,0.25501736998558044,0.25501736998558044,0,0.0,0.0
2015-10-15 00:00:00-03:00,0.25501736998558044,0.25501736998558044,0.25501736998558044,0.25501736998558044,0,0.0,0.0
2015-10-16 00:00:00-03:00,0.25501736998558044,0.25501736998558044,0.25501736998558044,0.25501736998558044,0,0.0,0.0
2015-10-19 00:00:00-03:00,0.25501736998558044,0.25501736998558044,0.25501736998558044,0.25501736998558044,0,0.0,0.0
2015-10-20 00:00:00-03:00,0.26843950515353476,0.26843950515353476,0.25501736998558044,0.25501736998558044,51346,0.0,0.0
2015-10-21 00:00:00-03:00,0.25501736998558044,0.25501736998558044,0.25501736998558044,0.25501736998558044,0,0.0,0.0
2015-10-22 00:00:00-03:00,0.26843950152397156,0.26843950152397156,0.26843950152397156,0.26843950152397156,22005,0.0,0.0
2015-10-23 00:00:00-03:00,0.26843949219632024,0.2751500606536865,0.26843949219632024,0.2751500606536865,90927,0.0,0.0
2015-10-26 00:00:00-03:00,0.2751500606536865,0.2751500606536865,0.2751500606536865,0.2751500606536865,77225,0.0,0.0
2015-10-27 00:00:00-03:00,0.2751500606536865,0.2751500606536865,0.2724662088398142,0.2751500606536865,34035,0.0,0.0
2015-10-28 00:00:00-03:00,0.2952837256135352,0.3154163988213675,0.2952837256135352,0.30199429392814636,285992,0.0,0.0
2015-10-29 00:00:00-03:00,0.3154164159179078,0.32883855087998326,0.30870487897551185,0.32212698459625244,486801,0.0,0.0
2015-10-30 00:00:00-03:00,0.3382339269844783,0.3758154809474945,0.33554910691930395,0.3758154809474945,666837,0.0,0.0
2015-11-02 00:00:00-03:00,0.40937029040747164,0.5368789837678738,0.40937029040747164,0.5073509216308594,1198464,0.0,0.0
2015-11-03 00:00:00-03:00,0.5355370231627777,0.5664070402376264,0.46976933349188704,0.5328522324562073,1741974,0.0,0.0
2015-11-04 00:00:00-03:00,0.5060090015638589,0.5503011565314107,0.49661361238633045,0.5033242106437683,243074,0.0,0.0
2015-11-05 00:00:00-03:00,0.4992974551096669,0.4992974551096669,0.48184860307737726,0.48856014013290405,355948,0.0,0.0
2015-11-09 00:00:00-03:00,0.48990205873931303,0.5435905400025393,0.48990205873931303,0.5368790030479431,794953,0.0,0.0
2015-11-10 00:00:00-03:00,0.5503011287684147,0.5905674743671598,0.5503011287684147,0.5758024454116821,1283523,0.0,0.0
2015-11-11 00:00:00-03:00,0.5905674512270704,0.6174107220908472,0.5838559146484604,0.6039885878562927,1406784,0.0,0.0
2015-11-12 00:00:00-03:00,0.6039886050637504,0.6174107396806975,0.5838559312823441,0.6026467084884644,597321,0.0,0.0
2015-11-13 00:00:00-03:00,0.6013047867983603,0.6241223112921562,0.5650651856209978,0.5999628901481628,369797,0.0,0.0
2015-11-16 00:00:00-03:00,0.6039885925378238,0.6415701461706723,0.6013047407602429,0.622779369354248,841187,0.0,0.0
2015-11-17 00:00:00-03:00,0.6241222677854545,0.6482816872453282,0.5972779989242554,0.5972779989242554,589245,0.0,0.0
2015-11-18 00:00:00-03:00,0.5838559436982422,0.5838559436982422,0.5167462667917567,0.5503011345863342,739617,0.0,0.0
2015-11-19 00:00:00-03:00,0.5503011509402329,0.570433825748072,0.5355370603126074,0.5489591956138611,354496,0.0,0.0
2015-11-20 00:00:00-03:00,0.5368789885857164,0.5758024395963465,0.5368789885857164,0.5583545565605164,635053,0.0,0.0
2015-11-24 00:00:00-03:00,0.5368789729715192,0.6039885878562927,0.5368789729715192,0.6039885878562927,604817,0.0,0.0
2015-11-25 00:00:00-03:00,0.6268061236762023,0.6268061236762023,0.5637231946744271,0.583855926990509,295191,0.0,0.0
2015-11-26 00:00:00-03:00,0.5905674955834519,0.5945932441796522,0.5771453603407869,0.5932513475418091,344769,0.0,0.0
2015-11-27 00:00:00-03:00,0.5932513475418091,0.5932513475418091,0.5932513475418091,0.5932513475418091,0,0.0,0.0
2015-11-30 00:00:00-03:00,0.6039885966782156,0.6241222677854545,0.5932513116489415,0.5972779989242554,793457,0.0,0.0
2015-12-01 00:00:00-03:00,0.6107001807248496,0.6321748111317811,0.6107001807248496,0.6174107789993286,980850,0.0,0.0
2015-12-02 00:00:00-03:00,0.6039885966782156,0.6174107311088152,0.5905674598529627,0.5972779989242554,333458,0.0,0.0
2015-12-03 00:00:00-03:00,0.6174107789993286,0.6174107789993286,0.6026467468668761,0.6174107789993286,214723,0.0,0.0
2015-12-04 00:00:00-03:00,0.6174107742473415,0.6375444467613214,0.6174107742473415,0.630832850933075,390702,0.0,0.0
2015-12-09 00:00:00-03:00,0.6241223076825888,0.6643877159430146,0.6241223076825888,0.6442549824714661,489720,0.0,0.0
2015-12-10 00:00:00-03:00,0.6576771216698849,0.664387719892715,0.6053315331347671,0.630832850933075,400568,0.0,0.0
2015-12-11 00:00:00-03:00,0.6442549912600772,0.6442549912600772,0.6039886435276184,0.6174107789993286,98643,0.0,0.0
2015-12-14 00:00:00-03:00,0.6174107356714508,0.6227793782257618,0.5905674642172278,0.6160687804222107,241357,0.0,0.0
2015-12-15 00:00:00-03:00,0.6160687668711248,0.6174107220908472,0.5851978111855163,0.6039885878562927,124089,0.0,0.0
2015-12-16 00:00:00-03:00,0.5637232033340058,0.5771453380584717,0.5435905293913256,0.5771453380584717,147144,0.0,0.0
2015-12-17 00:00:00-03:00,0.6039885878562927,0.6174107220908472,0.5503011072060736,0.6039885878562927,190986,0.0,0.0
2015-12-18 00:00:00-03:00,0.6039886133156834,0.6039886133156834,0.5570116696585652,0.5637232065200806,122366,0.0,0.0
2015-12-21 00:00:00-03:00,0.5637232108060382,0.5637232108060382,0.5167462667917567,0.5503011345863342,85499,0.0,0.0
2015-12-22 00:00:00-03:00,0.5449324234369762,0.5570116639137268,0.5368789900649018,0.5570116639137268,104856,0.0,0.0
2015-12-23 00:00:00-03:00,0.5570116768007126,0.5690918564796448,0.5570116768007126,0.5690918564796448,90875,0.0,0.0
2015-12-28 00:00:00-03:00,0.5623813041262419,0.5623813041262419,0.5570116639137268,0.5570116639137268,56957,0.0,0.0
2015-12-29 00:00:00-03:00,0.5704337985756209,0.5704337985756209,0.5570116639137268,0.5570116639137268,10856,0.0,0.0
2015-12-30 00:00:00-03:00,0.5435905365965036,0.5516430311901561,0.5435905365965036,0.5503011345863342,239494,0.0,0.0
2016-01-04 00:00:00-03:00,0.5100347109510595,0.5234568453553173,0.5100347109510595,0.5207729935646057,55637,0.0,0.0
2016-01-05 00:00:00-03:00,0.5207729935646057,0.5207729935646057,0.5073509178430152,0.5207729935646057,338556,0.0,0.0
2016-01-06 00:00:00-03:00,0.48319148973623954,0.5167462696953573,0.48319148973623954,0.5046660900115967,102040,0.0,0.0
2016-01-07 00:00:00-03:00,0.4831914807417676,0.4899020493030548,0.4764799145751115,0.4899020493030548,168621,0.0,0.0
2016-01-08 00:00:00-03:00,0.5033242106437683,0.5033242106437683,0.48319150629004093,0.5033242106437683,100712,0.0,0.0
2016-01-11 00:00:00-03:00,0.5033241874002455,0.5033241874002455,0.4630578122882073,0.4764799177646637,89504,0.0,0.0
2016-01-12 00:00:00-03:00,0.44963568654075964,0.4925868533153436,0.44963568654075964,0.46976935863494873,180152,0.0,0.0
2016-01-13 00:00:00-03:00,0.46574264764785767,0.46574264764785767,0.46574264764785767,0.46574264764785767,4401,0.0,0.0
2016-01-14 00:00:00-03:00,0.42950301416160896,0.44695186614990234,0.42279244538707017,0.44695186614990234,425669,0.0,0.0
2016-01-15 00:00:00-03:00,0.4026587316451365,0.434871643781662,0.4026587316451365,0.434871643781662,58681,0.0,0.0
2016-01-18 00:00:00-03:00,0.42010761564470905,0.4214495122432709,0.42010761564470905,0.4214495122432709,22922,0.0,0.0
2016-01-19 00:00:00-03:00,0.4214495122432709,0.4214495122432709,0.4214495122432709,0.4214495122432709,0,0.0,0.0
2016-01-20 00:00:00-03:00,0.4214495122432709,0.4214495122432709,0.4214495122432709,0.4214495122432709,0,0.0,0.0
2016-01-21 00:00:00-03:00,0.39594816608902605,0.4295030044107361,0.39594816608902605,0.4214495122432709,130222,0.0,0.0
2016-01-22 00:00:00-03:00,0.41608086491716645,0.4415831790508274,0.41608086491716645,0.43621453642845154,173052,0.0,0.0
2016-01-25 00:00:00-03:00,0.4482937496090619,0.46708452701568604,0.4482937496090619,0.46708452701568604,219300,0.0,0.0
2016-01-26 00:00:00-03:00,0.4670845384433473,0.47916474756812777,0.4670845384433473,0.46976935863494873,294391,0.0,0.0
2016-01-27 00:00:00-03:00,0.48721821400117515,0.48721821400117515,0.47782185673713684,0.47782185673713684,47165,0.0,0.0
2016-01-28 00:00:00-03:00,0.4630578249211929,0.4818486029211349,0.4630578249211929,0.47782185673713684,77247,0.0,0.0
2016-01-29 00:00:00-03:00,0.46976935863494873,0.46976935863494873,0.46976935863494873,0.46976935863494873,7335,0.0,0.0
2016-02-01 00:00:00-03:00,0.4697693627640719,0.4697693627640719,0.45634725689888,0.45634725689888,19907,0.0,0.0
2016-02-02 00:00:00-03:00,0.4160808773243365,0.455005327318648,0.4160808773243365,0.4375564754009247,77019,0.0,0.0
2016-02-03 00:00:00-03:00,0.4429251253604889,0.4429251253604889,0.4429251253604889,0.4429251253604889,23223,0.0,0.0
2016-02-04 00:00:00-03:00,0.41608087900713087,0.44695186614990234,0.41608087900713087,0.44695186614990234,28445,0.0,0.0
2016-02-05 00:00:00-03:00,0.44963567764938667,0.45500531792640686,0.4227924349498303,0.45500531792640686,80511,0.0,0.0
2016-02-10 00:00:00-03:00,0.44963568449020386,0.44963568449020386,0.44963568449020386,0.44963568449020386,3300,0.0,0.0
2016-02-11 00:00:00-03:00,0.45634725689888,0.45634725689888,0.45634725689888,0.45634725689888,33309,0.0,0.0
2016-02-12 00:00:00-03:00,0.4496356811023856,0.46305781602859497,0.4496356811023856,0.46305781602859497,136412,0.0,0.0
2016-02-15 00:00:00-03:00,0.46305781602859497,0.46305781602859497,0.46305781602859497,0.46305781602859497,0,0.0,0.0
2016-02-16 00:00:00-03:00,0.429502999066311,0.44426703033091947,0.4227924305276216,0.4254762530326843,351723,0.0,0.0
2016-02-17 00:00:00-03:00,0.44292511055820233,0.4550053194854945,0.42950300503041233,0.4536624252796173,245208,0.0,0.0
2016-02-18 00:00:00-03:00,0.45634725689888,0.45634725689888,0.4375564788673569,0.45634725689888,53099,0.0,0.0
2016-02-19 00:00:00-03:00,0.45634725689888,0.45634725689888,0.45634725689888,0.45634725689888,17758,0.0,0.0
2016-02-22 00:00:00-03:00,0.4630578295343089,0.4630578295343089,0.4388983791363752,0.4429251253604889,63346,0.0,0.0
2016-02-23 00:00:00-03:00,0.4429251253604889,0.45097858846738054,0.43755648249103196,0.4429251253604889,186248,0.0,0.0
2016-02-24 00:00:00-03:00,0.43621455120021296,0.44695186614990234,0.42950301416160896,0.44695186614990234,27463,0.0,0.0
2016-02-25 00:00:00-03:00,0.44963568449020386,0.4563472508065691,0.4469518619162376,0.44963568449020386,168922,0.0,0.0
2016-02-26 00:00:00-03:00,0.44963568449020386,0.4630578195175434,0.44963568449020386,0.44963568449020386,143440,0.0,0.0
2016-02-29 00:00:00-03:00,0.4429251177991819,0.46976935863494873,0.43621454905760426,0.46976935863494873,238805,0.0,0.0
2016-03-01 00:00:00-03:00,0.47647992898475,0.47647992898475,0.4603739712556321,0.4684264659881592,102040,0.0,0.0
2016-03-02 00:00:00-03:00,0.463057821392494,0.4684264641675556,0.4590310752391815,0.4590310752391815,80900,0.0,0.0
2016-03-03 00:00:00-03:00,0.4536624324641199,0.4590310752391815,0.4536624324641199,0.4590310752391815,220078,0.0,0.0
2016-03-04 00:00:00-03:00,0.46305781602859497,0.4697693529530566,0.46305781602859497,0.46305781602859497,221523,0.0,0.0
2016-03-07 00:00:00-03:00,0.4563472508065691,0.4563472508065691,0.43621454706825535,0.44963568449020386,39962,0.0,0.0
2016-03-08 00:00:00-03:00,0.42279244702659946,0.45634725689888,0.42279244702659946,0.45634725689888,8552,0.0,0.0
2016-03-09 00:00:00-03:00,0.44695186614990234,0.44695186614990234,0.44695186614990234,0.44695186614990234,22005,0.0,0.0
2016-03-10 00:00:00-03:00,0.4644006961460716,0.4644006961460716,0.4295029938220978,0.4295029938220978,34622,0.0,0.0
2016-03-11 00:00:00-03:00,0.42950301582716094,0.4791647517798334,0.42950301582716094,0.45634725689888,427268,0.0,0.0
2016-03-14 00:00:00-03:00,0.48319149017333984,0.48319149017333984,0.48319149017333984,0.48319149017333984,6124,0.0,0.0
2016-03-15 00:00:00-03:00,0.45634725689888,0.45634725689888,0.45634725689888,0.45634725689888,8435,0.0,0.0
2016-03-16 00:00:00-03:00,0.45634725689888,0.45634725689888,0.45634725689888,0.45634725689888,0,0.0,0.0
2016-03-17 00:00:00-03:00,0.4295030068570982,0.4697693529530566,0.4295030068570982,0.46305781602859497,158161,0.0,0.0
2016-03-18 00:00:00-03:00,0.48319149017333984,0.48319149017333984,0.45634724953480615,0.48319149017333984,57728,0.0,0.0
2016-03-21 00:00:00-03:00,0.430844899983118,0.4764799177646637,0.430844899983118,0.4764799177646637,74833,0.0,0.0
2016-03-22 00:00:00-03:00,0.4764799177646637,0.4764799177646637,0.4764799177646637,0.4764799177646637,14670,0.0,0.0
2016-03-23 00:00:00-03:00,0.42950301582716094,0.45634725689888,0.42950301582716094,0.45634725689888,52762,0.0,0.0
2016-03-28 00:00:00-03:00,0.43218780093124737,0.4563472508065691,0.43218780093124737,0.44963568449020386,248649,0.0,0.0
2016-03-29 00:00:00-03:00,0.44963568449020386,0.44963568449020386,0.44963568449020386,0.44963568449020386,0,0.0,0.0
2016-03-30 00:00:00-03:00,0.4429250989996244,0.4429250989996244,0.4295029938220978,0.4295029938220978,183791,0.0,0.0
2016-03-31 00:00:00-03:00,0.4429251253604889,0.4429251253604889,0.4429251253604889,0.4429251253604889,11369,0.0,0.0
2016-04-01 00:00:00-03:00,0.4295030193841403,0.4429251253604889,0.4295030193841403,0.4429251253604889,184957,0.0,0.0
2016-04-04 00:00:00-03:00,0.4496356942166247,0.4496356942166247,0.4429251253604889,0.4429251253604889,62980,0.0,0.0
2016-04-05 00:00:00-03:00,0.44292511244197275,0.46305781602859497,0.44292511244197275,0.46305781602859497,58828,0.0,0.0
2016-04-06 00:00:00-03:00,0.4295030193841403,0.4429251253604889,0.41608088406645605,0.4429251253604889,166458,0.0,0.0
2016-04-07 00:00:00-03:00,0.4429251021723844,0.4429251021723844,0.39863297926075647,0.41608086228370667,87692,0.0,0.0
2016-04-08 00:00:00-03:00,0.39863297566457573,0.40802836418151855,0.39863297566457573,0.40802836418151855,275217,0.0,0.0
2016-04-11 00:00:00-03:00,0.41339704925951404,0.41339704925951404,0.4093703031539917,0.4093703031539917,46945,0.0,0.0
2016-04-12 00:00:00-03:00,0.41608088406645605,0.4429251253604889,0.41608088406645605,0.4429251253604889,62349,0.0,0.0
2016-04-13 00:00:00-03:00,0.416080868482215,0.4295030032971754,0.416080868482215,0.4227924346923828,140542,0.0,0.0
2016-04-14 00:00:00-03:00,0.40265873366725463,0.4227924346923828,0.40265873366725463,0.4227924346923828,54640,0.0,0.0
2016-04-15 00:00:00-03:00,0.4227924346923828,0.4227924346923828,0.4227924346923828,0.4227924346923828,42258,0.0,0.0
2016-04-18 00:00:00-03:00,0.42279242839388986,0.42279242839388986,0.40265872766870076,0.41608086228370667,105898,0.0,0.0
2016-04-19 00:00:00-03:00,0.4093702937788839,0.41608086228370667,0.4093702937788839,0.41608086228370667,166648,0.0,0.0
2016-04-20 00:00:00-03:00,0.41608086228370667,0.41608086228370667,0.41608086228370667,0.41608086228370667,10929,0.0,0.0
2016-04-21 00:00:00-03:00,0.4295029938220978,0.4295029938220978,0.42816106791528413,0.4295029938220978,106910,0.0,0.0
2016-04-22 00:00:00-03:00,0.4295029938220978,0.4295029938220978,0.4295029938220978,0.4295029938220978,0,0.0,0.0
2016-04-25 00:00:00-03:00,0.4227924346923828,0.4227924346923828,0.4227924346923828,0.4227924346923828,9058,0.0,0.0
2016-04-26 00:00:00-03:00,0.4227924310698285,0.43621453642845154,0.4227924310698285,0.43621453642845154,176918,0.0,0.0
2016-04-27 00:00:00-03:00,0.4295030032971754,0.4295030032971754,0.4227924346923828,0.4227924346923828,23685,0.0,0.0
2016-04-28 00:00:00-03:00,0.4295030032971754,0.4295030032971754,0.4227924346923828,0.4227924346923828,23127,0.0,0.0
2016-04-29 00:00:00-03:00,0.42279243256915494,0.44963567511756136,0.41608086639269204,0.434871643781662,115896,0.0,0.0
2016-05-02 00:00:00-03:00,0.4429251021723844,0.44963567067720717,0.41608086228370667,0.41608086228370667,132650,0.0,0.0
2016-05-03 00:00:00-03:00,0.41608086228370667,0.41608086228370667,0.41608086228370667,0.41608086228370667,0,0.0,0.0
2016-05-04 00:00:00-03:00,0.4160808850080713,0.4160808850080713,0.41071224212646484,0.41071224212646484,57104,0.0,0.0
2016-05-05 00:00:00-03:00,0.4107122258138397,0.4227924346923828,0.4107122258138397,0.4227924346923828,60295,0.0,0.0
2016-05-06 00:00:00-03:00,0.4160808850080713,0.4160808850080713,0.41071224212646484,0.41071224212646484,63853,0.0,0.0
2016-05-09 00:00:00-03:00,0.4053435508627081,0.4053435508627081,0.40265873074531555,0.40265873074531555,69596,0.0,0.0
2016-05-10 00:00:00-03:00,0.406685471534729,0.406685471534729,0.406685471534729,0.406685471534729,80885,0.0,0.0
2016-05-11 00:00:00-03:00,0.40265872554268534,0.406685471534729,0.40265872554268534,0.406685471534729,63288,0.0,0.0
2016-05-12 00:00:00-03:00,0.4026587421710023,0.40534356236457825,0.4026587421710023,0.40534356236457825,58681,0.0,0.0
2016-05-13 00:00:00-03:00,0.4187656823805852,0.4187656823805852,0.40265872766870076,0.41608086228370667,77019,0.0,0.0
2016-05-16 00:00:00-03:00,0.406685471534729,0.406685471534729,0.3892375886039027,0.406685471534729,16826,0.0,0.0
2016-05-17 00:00:00-03:00,0.40668548299562735,0.41608087181249515,0.40668548299562735,0.4093703031539917,179690,0.0,0.0
2016-05-18 00:00:00-03:00,0.40265873074531555,0.40265873074531555,0.40265873074531555,0.40265873074531555,36390,0.0,0.0
2016-05-19 00:00:00-03:00,0.40265873074531555,0.40265873074531555,0.40265873074531555,0.40265873074531555,0,0.0,0.0
2016-05-20 00:00:00-03:00,0.4040016531944275,0.4040016531944275,0.4040016531944275,0.4040016531944275,8978,0.0,0.0
2016-05-23 00:00:00-03:00,0.41071224212646484,0.41071224212646484,0.41071224212646484,0.41071224212646484,7995,0.0,0.0
2016-05-24 00:00:00-03:00,0.4040016531944275,0.4040016531944275,0.4040016531944275,0.4040016531944275,73352,0.0,0.0
2016-05-26 00:00:00-03:00,0.4040016531944275,0.4040016531944275,0.4040016531944275,0.4040016531944275,5868,0.0,0.0
2016-05-27 00:00:00-03:00,0.4147389531135559,0.4147389531135559,0.4147389531135559,0.4147389531135559,14670,0.0,0.0
2016-05-30 00:00:00-03:00,0.3892375995730981,0.4187656919708595,0.3892375995730981,0.4093703031539917,57948,0.0,0.0
2016-05-31 00:00:00-03:00,0.40265873074531555,0.40265873074531555,0.39192144548648133,0.40265873074531555,166340,0.0,0.0
2016-06-01 00:00:00-03:00,0.402658736890105,0.41608087181249515,0.402658736890105,0.4093703031539917,218714,0.0,0.0
2016-06-02 00:00:00-03:00,0.40265873074531555,0.40265873074531555,0.40265873074531555,0.40265873074531555,19071,0.0,0.0
2016-06-03 00:00:00-03:00,0.40131684966499287,0.4026587463021826,0.3919214606285095,0.3919214606285095,62349,0.0,0.0
2016-06-06 00:00:00-03:00,0.39997491240501404,0.39997491240501404,0.39997491240501404,0.39997491240501404,7701,0.0,0.0
2016-06-07 00:00:00-03:00,0.3838679533983373,0.40265873074531555,0.3838679533983373,0.40265873074531555,40343,0.0,0.0
2016-06-08 00:00:00-03:00,0.4160808698025842,0.4160808698025842,0.39997491240501404,0.39997491240501404,35641,0.0,0.0
2016-06-09 00:00:00-03:00,0.3959481716156006,0.3959481716156006,0.3959481716156006,0.3959481716156006,44744,0.0,0.0
2016-06-10 00:00:00-03:00,0.3959481716156006,0.3959481716156006,0.3959481716156006,0.3959481716156006,58681,0.0,0.0
2016-06-13 00:00:00-03:00,0.3959481716156006,0.3959481716156006,0.3959481716156006,0.3959481716156006,11369,0.0,0.0
2016-06-14 00:00:00-03:00,0.3959481716156006,0.3959481716156006,0.3959481716156006,0.3959481716156006,23105,0.0,0.0
2016-06-15 00:00:00-03:00,0.3959481716156006,0.3959481716156006,0.3959481716156006,0.3959481716156006,0,0.0,0.0
2016-06-16 00:00:00-03:00,0.3959481716156006,0.3959481716156006,0.3959481716156006,0.3959481716156006,3667,0.0,0.0
2016-06-21 00:00:00-03:00,0.39192145146741403,0.4093703031539917,0.39192145146741403,0.4093703031539917,103140,0.0,0.0
2016-06-22 00:00:00-03:00,0.4093703103083849,0.4147389531135559,0.4093703103083849,0.4147389531135559,92401,0.0,0.0
2016-06-23 00:00:00-03:00,0.41608087181249515,0.41608087181249515,0.4093703031539917,0.4093703031539917,78604,0.0,0.0
2016-06-24 00:00:00-03:00,0.3878947144288627,0.3919214606285095,0.3758155027766643,0.3919214606285095,134293,0.0,0.0
2016-06-27 00:00:00-03:00,0.39192143825538767,0.39729008078575134,0.39192143825538767,0.39729008078575134,36676,0.0,0.0
2016-06-28 00:00:00-03:00,0.39729008078575134,0.39729008078575134,0.39729008078575134,0.39729008078575134,0,0.0,0.0
2016-06-29 00:00:00-03:00,0.41339704925951404,0.41339704925951404,0.3892375995730981,0.4093703031539917,119578,0.0,0.0
2016-06-30 00:00:00-03:00,0.41608086228370667,0.41608086228370667,0.41608086228370667,0.41608086228370667,13328,0.0,0.0
2016-07-01 00:00:00-03:00,0.4160808773243365,0.4496356869307874,0.4160808773243365,0.4375564754009247,355068,0.0,0.0
2016-07-04 00:00:00-03:00,0.44829375880883715,0.46037396788597107,0.44292511605220486,0.46037396788597107,310000,0.0,0.0
2016-07-05 00:00:00-03:00,0.45634725689888,0.45634725689888,0.4536624366836799,0.45634725689888,106463,0.0,0.0
2016-07-06 00:00:00-03:00,0.45903106314131586,0.4899020493030548,0.45903106314131586,0.4899020493030548,285757,0.0,0.0
2016-07-07 00:00:00-03:00,0.48587529516610894,0.5167462514725162,0.4831914726966937,0.5073509216308594,584668,0.0,0.0
2016-07-11 00:00:00-03:00,0.5234568818693577,0.5503011525504112,0.5234568818693577,0.5476163029670715,1205469,0.0,0.0
2016-07-12 00:00:00-03:00,0.5596965174719406,0.6107001483638467,0.5596965174719406,0.5758024454116821,1822485,0.0,0.0
2016-07-13 00:00:00-03:00,0.5758024714917125,0.630832850933075,0.5650651857122236,0.630832850933075,1149993,0.0,0.0
2016-07-14 00:00:00-03:00,0.6442549733159316,0.6845213786095403,0.6254641954365275,0.6509655714035034,4226969,0.0,0.0
2016-07-15 00:00:00-03:00,0.7046540531123113,0.7046540531123113,0.6039886267049933,0.6509655714035034,1578802,0.0,0.0
2016-07-18 00:00:00-03:00,0.6576771104096467,0.6778097849735141,0.6308328401324436,0.6710992455482483,2818805,0.0,0.0
2016-07-19 00:00:00-03:00,0.6778097925489555,0.6912319278375676,0.6174107705769131,0.6442549824714661,1716051,0.0,0.0
2016-07-20 00:00:00-03:00,0.6241223076825888,0.6549923268697943,0.6174107705769131,0.6442549824714661,492236,0.0,0.0
2016-07-21 00:00:00-03:00,0.6442549318772895,0.657677066111844,0.5972779902003483,0.6039885878562927,904366,0.0,0.0
2016-07-22 00:00:00-03:00,0.6107001373444073,0.6107001373444073,0.5771453291927102,0.583855926990509,547375,0.0,0.0
2016-07-25 00:00:00-03:00,0.5771453256774078,0.6415701508522034,0.5435905177300878,0.6415701508522034,726604,0.0,0.0
2016-07-26 00:00:00-03:00,0.676467888346075,0.6912319201121156,0.6388863324732185,0.6710992455482483,3361465,0.0,0.0
2016-07-27 00:00:00-03:00,0.6845213823078639,0.6845213823078639,0.6442549767967044,0.6697563529014587,463270,0.0,0.0
2016-07-28 00:00:00-03:00,0.671099245588882,0.6778097850145542,0.6308328401706393,0.6388863325119019,863134,0.0,0.0
2016-07-29 00:00:00-03:00,0.6388863325119019,0.6509655734183962,0.6174107637138956,0.6388863325119019,334339,0.0,0.0
2016-08-01 00:00:00-03:00,0.6710992603851992,0.6710992603851992,0.637544449940886,0.6496236324310303,294692,0.0,0.0
2016-08-02 00:00:00-03:00,0.644254979019262,0.644254979019262,0.6254642009735107,0.6254642009735107,182038,0.0,0.0
2016-08-03 00:00:00-03:00,0.6294909574801468,0.6375444499997149,0.6187536716461182,0.6187536716461182,285156,0.0,0.0
2016-08-04 00:00:00-03:00,0.6200955510139465,0.6281490433089686,0.6200955510139465,0.6200955510139465,129583,0.0,0.0
2016-08-05 00:00:00-03:00,0.630832797642735,0.630832797642735,0.6039885878562927,0.6039885878562927,411578,0.0,0.0
2016-08-08 00:00:00-03:00,0.6039885910803992,0.6241222620010376,0.5905674543795344,0.6241222620010376,240096,0.0,0.0
2016-08-09 00:00:00-03:00,0.6308328557883669,0.6308328557883669,0.6066734344545268,0.6174107789993286,114752,0.0,0.0
2016-08-10 00:00:00-03:00,0.6174107429065194,0.6174107429065194,0.5704337996457758,0.5892245769500732,904740,0.0,0.0
2016-08-11 00:00:00-03:00,0.5704338154546942,0.5878826379776001,0.5368790059510921,0.5878826379776001,329263,0.0,0.0
2016-08-12 00:00:00-03:00,0.599962869008133,0.599962869008133,0.5637232104250238,0.5825139880180359,177820,0.0,0.0
2016-08-16 00:00:00-03:00,0.5838559436982422,0.5838559436982422,0.5503011345863342,0.5503011345863342,88990,0.0,0.0
2016-08-17 00:00:00-03:00,0.5503011345863342,0.5503011345863342,0.5435905365965036,0.5503011345863342,267764,0.0,0.0
2016-08-18 00:00:00-03:00,0.5503011520537598,0.5825140069016631,0.5503011520537598,0.579829216003418,77159,0.0,0.0
2016-08-19 00:00:00-03:00,0.5811720873893083,0.5811720873893083,0.5637232065200806,0.5637232065200806,27140,0.0,0.0
2016-08-22 00:00:00-03:00,0.5905674761207319,0.5905674761207319,0.550301130402424,0.5637232065200806,132760,0.0,0.0
2016-08-23 00:00:00-03:00,0.5704337985756209,0.5704337985756209,0.5570116639137268,0.5570116639137268,106705,0.0,0.0
2016-08-24 00:00:00-03:00,0.5503011247267959,0.5704337985756209,0.5503011247267959,0.5570116639137268,298917,0.0,0.0
2016-08-25 00:00:00-03:00,0.5570116696585652,0.5637232065200806,0.5570116696585652,0.5637232065200806,75618,0.0,0.0
2016-08-26 00:00:00-03:00,0.5771453413204063,0.5771453413204063,0.550301130402424,0.5637232065200806,154633,0.0,0.0
2016-08-29 00:00:00-03:00,0.5503011247267959,0.5637232007060216,0.5503011247267959,0.5570116639137268,147731,0.0,0.0
2016-08-30 00:00:00-03:00,0.5570116639137268,0.5583545580988704,0.5570116639137268,0.5570116639137268,158609,0.0,0.0
2016-08-31 00:00:00-03:00,0.5583545521247181,0.583855926990509,0.5503011188388118,0.583855926990509,113043,0.0,0.0
2016-09-01 00:00:00-03:00,0.5798291867850688,0.6039886066435539,0.5771453349448085,0.5905674695968628,294288,0.0,0.0
2016-09-02 00:00:00-03:00,0.5905674695968628,0.5905674695968628,0.5771453349448085,0.5905674695968628,55190,0.0,0.0
2016-09-05 00:00:00-03:00,0.590567501020605,0.5999628901481628,0.5771453656543669,0.5999628901481628,308951,0.0,0.0
2016-09-06 00:00:00-03:00,0.6013047923846698,0.6013047923846698,0.5838559693003181,0.5851978659629822,242362,0.0,0.0
2016-09-07 00:00:00-03:00,0.5851978433563938,0.5851978433563938,0.5623813171374593,0.5690918564796448,58446,0.0,0.0
2016-09-08 00:00:00-03:00,0.5690918459661847,0.5771453380584717,0.5503011272922086,0.5771453380584717,614001,0.0,0.0
2016-09-09 00:00:00-03:00,0.5771453322076626,0.5972780059462478,0.5503011217135326,0.5704337954521179,267170,0.0,0.0
2016-09-12 00:00:00-03:00,0.5704337954521179,0.5704337954521179,0.5704337954521179,0.5704337954521179,36676,0.0,0.0
2016-09-13 00:00:00-03:00,0.5704338087958687,0.5704338087958687,0.5503011345863342,0.5503011345863342,68048,0.0,0.0
2016-09-14 00:00:00-03:00,0.5503011158791943,0.5543278031591572,0.5503011158791943,0.5529859066009521,32326,0.0,0.0
2016-09-15 00:00:00-03:00,0.554327829241883,0.5570116811672435,0.5503011417724528,0.5556697845458984,77943,0.0,0.0
2016-09-16 00:00:00-03:00,0.550301130402424,0.5637232065200806,0.5113776202004408,0.5637232065200806,148912,0.0,0.0
2016-09-19 00:00:00-03:00,0.5637232201993001,0.5637232201993001,0.5435905456542969,0.5435905456542969,281723,0.0,0.0
2016-09-20 00:00:00-03:00,0.5449324204531102,0.5704337954521179,0.5449324204531102,0.5704337954521179,347227,0.0,0.0
2016-09-21 00:00:00-03:00,0.570433798157434,0.5905674695968628,0.570433798157434,0.5905674695968628,1123058,0.0,0.0
2016-09-22 00:00:00-03:00,0.6080153542543707,0.6093582484420336,0.5771453364506616,0.5892245769500732,347461,0.0,0.0
2016-09-23 00:00:00-03:00,0.5704338012348888,0.5771453380584717,0.5704338012348888,0.5771453380584717,48463,0.0,0.0
2016-09-26 00:00:00-03:00,0.5758024471214125,0.5758024471214125,0.5570116696585652,0.5637232065200806,103367,0.0,0.0
2016-09-27 00:00:00-03:00,0.5570116975778572,0.5570116975778572,0.5503011579853613,0.5543278455734253,132385,0.0,0.0
2016-09-28 00:00:00-03:00,0.5583545521307564,0.5583545521307564,0.539563775062561,0.539563775062561,800785,0.0,0.0
2016-09-29 00:00:00-03:00,0.5516430213065756,0.5905674700298098,0.5516430213065756,0.5570116639137268,790450,0.0,0.0
2016-09-30 00:00:00-03:00,0.5650651586027099,0.5771453380584717,0.5637232033340058,0.5771453380584717,463145,0.0,0.0
2016-10-03 00:00:00-03:00,0.5771453364506616,0.5905674711377361,0.5758024422629987,0.5892245769500732,576349,0.0,0.0
2016-10-04 00:00:00-03:00,0.594593239645523,0.6174107637552486,0.5878826415367309,0.6066734194755554,1020885,0.0,0.0
2016-10-05 00:00:00-03:00,0.6174107705769131,0.6710992530486902,0.6174107705769131,0.6442549824714661,2056009,0.0,0.0
2016-10-06 00:00:00-03:00,0.6710992570382899,0.6710992570382899,0.6174107742473415,0.630832850933075,493953,0.0,0.0
2016-10-07 00:00:00-03:00,0.6415701698207644,0.6415701698207644,0.6039886148025534,0.6281490325927734,535808,0.0,0.0
2016-10-11 00:00:00-03:00,0.6214374741237371,0.6214374741237371,0.6039885938177921,0.6107001304626465,327385,0.0,0.0
2016-10-12 00:00:00-03:00,0.617410728184826,0.617410728184826,0.6039885938177921,0.6107001304626465,171798,0.0,0.0
2016-10-13 00:00:00-03:00,0.583855941542602,0.6013047637974008,0.5637232087247296,0.5945932269096375,482393,0.0,0.0
2016-10-14 00:00:00-03:00,0.5959361154151165,0.5959361154151165,0.5704338012348888,0.5771453380584717,646034,0.0,0.0
2016-10-17 00:00:00-03:00,0.577145316992516,0.6039885878562927,0.5637231827579615,0.6039885878562927,2611923,0.0,0.0
2016-10-18 00:00:00-03:00,0.6107001476829571,0.6241222824284637,0.6039886108488531,0.6093582510948181,1553737,0.0,0.0
2016-10-19 00:00:00-03:00,0.6120421209567373,0.6174107637552486,0.5905674910800215,0.6066734194755554,1378771,0.0,0.0
2016-10-20 00:00:00-03:00,0.5905674598529627,0.5972779989242554,0.5838559231763233,0.5972779989242554,292990,0.0,0.0
2016-10-21 00:00:00-03:00,0.5972780372269723,0.5972780372269723,0.5704338253269536,0.5811721086502075,1493691,0.0,0.0
2016-10-24 00:00:00-03:00,0.5771453380584717,0.5905674727829375,0.5771453380584717,0.5771453380584717,999760,0.0,0.0
2016-10-25 00:00:00-03:00,0.5798291810062219,0.5892245695402181,0.5771453291927102,0.583855926990509,122028,0.0,0.0
2016-10-26 00:00:00-03:00,0.5905674920718376,0.5905674920718376,0.5704338198661901,0.5744605660438538,214811,0.0,0.0
2016-10-27 00:00:00-03:00,0.5771453606375017,0.5771453606375017,0.5610384345054626,0.5610384345054626,620346,0.0,0.0
2016-10-28 00:00:00-03:00,0.5610384099410982,0.5623813041262419,0.5570116639137268,0.5570116639137268,179500,0.0,0.0
2016-10-31 00:00:00-03:00,0.5543278090361868,0.5704337954521179,0.5543278090361868,0.5704337954521179,223878,0.0,0.0
2016-11-01 00:00:00-03:00,0.5637231855315014,0.5704337832204621,0.5435905122246154,0.5462743639945984,362403,0.0,0.0
2016-11-02 00:00:00-03:00,0.550301141659327,0.550301141659327,0.5113776306611284,0.523456871509552,1108152,0.0,0.0
2016-11-03 00:00:00-03:00,0.5341951477936473,0.5637232108060382,0.5328522535844435,0.5503011345863342,260517,0.0,0.0
2016-11-04 00:00:00-03:00,0.550301130402424,0.5637232065200806,0.550301130402424,0.5637232065200806,305144,0.0,0.0
2016-11-07 00:00:00-03:00,0.5771453322076626,0.5771453322076626,0.5637231976192636,0.5704337954521179,168306,0.0,0.0
2016-11-08 00:00:00-03:00,0.5637232065200806,0.5637232065200806,0.5637232065200806,0.5637232065200806,84354,0.0,0.0
2016-11-09 00:00:00-03:00,0.5086928417516883,0.5503011437559454,0.5086928417516883,0.5435905456542969,441976,0.0,0.0
2016-11-10 00:00:00-03:00,0.5758024551070773,0.5905674843111693,0.5368790030479431,0.5368790030479431,172869,0.0,0.0
2016-11-11 00:00:00-03:00,0.510034723250951,0.510034723250951,0.4831914807417676,0.4899020493030548,572484,0.0,0.0
2016-11-14 00:00:00-03:00,0.4899020667711606,0.4899020667711606,0.42950301582716094,0.45634725689888,628297,0.0,0.0
2016-11-15 00:00:00-03:00,0.4966136077529597,0.536879016084741,0.4899020706353903,0.5167462825775146,832869,0.0,0.0
2016-11-16 00:00:00-03:00,0.5368789873671876,0.5368789873671876,0.4845333725091157,0.5261416435241699,310646,0.0,0.0
2016-11-17 00:00:00-03:00,0.4992974176048022,0.535537015579644,0.4992974176048022,0.5274835824966431,284870,0.0,0.0
2016-11-18 00:00:00-03:00,0.5368790065844394,0.5368790065844394,0.523456871509552,0.523456871509552,81927,0.0,0.0
2016-11-21 00:00:00-03:00,0.5247997622790872,0.5368790030479431,0.5234568680614692,0.5368790030479431,406400,0.0,0.0
2016-11-22 00:00:00-03:00,0.5368790122629647,0.5435905493327581,0.5234568770461124,0.5301684141159058,172979,0.0,0.0
2016-11-23 00:00:00-03:00,0.5368790030479431,0.5435905400025393,0.5368790030479431,0.5368790030479431,116387,0.0,0.0
2016-11-24 00:00:00-03:00,0.5368790030479431,0.5435905400025393,0.5234568680614692,0.5368790030479431,215904,0.0,0.0
2016-11-25 00:00:00-03:00,0.5368789768793101,0.5368789768793101,0.5301683791745211,0.5341951251029968,109529,0.0,0.0
2016-11-29 00:00:00-03:00,0.5301684178899125,0.5301684178899125,0.5167462825775146,0.5167462825775146,70183,0.0,0.0
2016-11-30 00:00:00-03:00,0.5167462700295912,0.5368790030479431,0.5100347330749951,0.5368790030479431,218303,0.0,0.0
2016-12-01 00:00:00-03:00,0.5167462770165034,0.5167462770165034,0.5100347399711609,0.5100347399711609,21770,0.0,0.0
2016-12-02 00:00:00-03:00,0.5100347399711609,0.5167462770165034,0.5033242005312198,0.5100347399711609,101644,0.0,0.0
2016-12-05 00:00:00-03:00,0.4966135714878983,0.5341951251029968,0.4966135714878983,0.5341951251029968,13496,0.0,0.0
2016-12-06 00:00:00-03:00,0.5033242005312198,0.5167462770165034,0.5033242005312198,0.5100347399711609,79807,0.0,0.0
2016-12-07 00:00:00-03:00,0.49661361238633045,0.5100347502185343,0.49661361238633045,0.5033242106437683,150371,0.0,0.0
2016-12-12 00:00:00-03:00,0.49661358612837647,0.5033241840309981,0.4697693460138243,0.4899020493030548,252206,0.0,0.0
2016-12-13 00:00:00-03:00,0.48587530851364136,0.48587530851364136,0.48319148597049855,0.48587530851364136,143256,0.0,0.0
2016-12-14 00:00:00-03:00,0.4831914729763509,0.4845333695411682,0.4831914729763509,0.4845333695411682,248502,0.0,0.0
2016-12-15 00:00:00-03:00,0.469769349158456,0.4764799177646637,0.469769349158456,0.4764799177646637,118493,0.0,0.0
2016-12-16 00:00:00-03:00,0.4764799238756785,0.4966135958219392,0.4764799238756785,0.48319149017333984,67968,0.0,0.0
2016-12-19 00:00:00-03:00,0.48319149017333984,0.48319149017333984,0.48319149017333984,0.48319149017333984,16137,0.0,0.0
2016-12-20 00:00:00-03:00,0.48453338296855814,0.5033241898901476,0.48453338296855814,0.49661359190940857,53525,0.0,0.0
2016-12-21 00:00:00-03:00,0.5006393509824001,0.5100347399711609,0.48587531918407195,0.5100347399711609,182258,0.0,0.0
2016-12-22 00:00:00-03:00,0.5221149674704024,0.5234568640724063,0.47647992012176943,0.49661359190940857,596485,0.0,0.0
2016-12-23 00:00:00-03:00,0.49661359190940857,0.49661359190940857,0.49661359190940857,0.49661359190940857,0,0.0,0.0
2016-12-26 00:00:00-03:00,0.4764799238756785,0.4966135958219392,0.4764799238756785,0.48319149017333984,68276,0.0,0.0
2016-12-27 00:00:00-03:00,0.48319149017333984,0.48319149017333984,0.48319149017333984,0.48319149017333984,29340,0.0,0.0
2016-12-28 00:00:00-03:00,0.4831914839762469,0.4831914839762469,0.4764799177646637,0.4764799177646637,43886,0.0,0.0
2016-12-29 00:00:00-03:00,0.4751380253591088,0.5060089826583862,0.46976935330092534,0.5060089826583862,73550,0.0,0.0
2016-12-30 00:00:00-03:00,0.5060089826583862,0.5060089826583862,0.5060089826583862,0.5060089826583862,0,0.0,0.0
2017-01-02 00:00:00-03:00,0.5060089861487267,0.5060089861487267,0.46976935654129265,0.4925868511199951,283601,0.0,0.0
2017-01-03 00:00:00-03:00,0.5019822166562471,0.530168382018785,0.5019822166562471,0.5207729935646057,197515,0.0,0.0
2017-01-04 00:00:00-03:00,0.523456871509552,0.523456871509552,0.523456871509552,0.523456871509552,9396,0.0,0.0
2017-01-05 00:00:00-03:00,0.5167462770165034,0.5234568751391152,0.4979555577216525,0.5100347399711609,504838,0.0,0.0
2017-01-06 00:00:00-03:00,0.5274836196792775,0.5274836196792775,0.4966136008654981,0.5113776326179504,428486,0.0,0.0
2017-01-09 00:00:00-03:00,0.516746275410836,0.5234568735125961,0.5033241989672582,0.5113776326179504,510017,0.0,0.0
2017-01-10 00:00:00-03:00,0.5019822482046834,0.5019822482046834,0.4925868591600254,0.4979555606842041,181517,0.0,0.0
2017-01-11 00:00:00-03:00,0.4966135696116349,0.5019822120666504,0.4711112562729749,0.5019822120666504,301352,0.0,0.0
2017-01-12 00:00:00-03:00,0.5019822120666504,0.5019822120666504,0.5019822120666504,0.5019822120666504,20538,0.0,0.0
2017-01-13 00:00:00-03:00,0.5019822346054742,0.5154043694896634,0.4899020550059585,0.49661359190940857,326116,0.0,0.0
2017-01-16 00:00:00-03:00,0.5006393403980899,0.5100347291882172,0.49661359190940857,0.49661359190940857,133280,0.0,0.0
2017-01-17 00:00:00-03:00,0.5033241898901476,0.514061475282279,0.49661359190940857,0.49661359190940857,480977,0.0,0.0
2017-01-18 00:00:00-03:00,0.4966135808420241,0.5100347178217333,0.4899020440881454,0.49392879009246826,86584,0.0,0.0
2017-01-19 00:00:00-03:00,0.4831914931192623,0.4966135988496936,0.4831914931192623,0.49124395847320557,71555,0.0,0.0
2017-01-20 00:00:00-03:00,0.49258684581534684,0.49661359190940857,0.47647992012176943,0.49661359190940857,122461,0.0,0.0
2017-01-23 00:00:00-03:00,0.49661358612837647,0.49661358612837647,0.4899020493030548,0.4899020493030548,157046,0.0,0.0
2017-01-24 00:00:00-03:00,0.49661359190940857,0.49661359190940857,0.49661359190940857,0.49661359190940857,7929,0.0,0.0
2017-01-25 00:00:00-03:00,0.4966135958219392,0.4966135958219392,0.48319149017333984,0.48319149017333984,130940,0.0,0.0
2017-01-26 00:00:00-03:00,0.4764799145751115,0.4899020493030548,0.4764799145751115,0.4899020493030548,158477,0.0,0.0
2017-01-27 00:00:00-03:00,0.4899020493030548,0.5033241840309981,0.4858753032558681,0.4899020493030548,243338,0.0,0.0
2017-01-30 00:00:00-03:00,0.4791647509745144,0.4899020659477956,0.47782185673713684,0.47782185673713684,196906,0.0,0.0
2017-01-31 00:00:00-03:00,0.4805066642839645,0.4872182011604309,0.47782184414403567,0.4872182011604309,164066,0.0,0.0
2017-02-01 00:00:00-03:00,0.4697693551834055,0.48319149017333984,0.4697693551834055,0.48319149017333984,86115,0.0,0.0
2017-02-02 00:00:00-03:00,0.4697693567151932,0.4818485975265503,0.4697693567151932,0.4818485975265503,144518,0.0,0.0
2017-02-03 00:00:00-03:00,0.48319148442389326,0.4939287991141902,0.48319148442389326,0.4872182011604309,167631,0.0,0.0
2017-02-06 00:00:00-03:00,0.4858753127398267,0.487218206957791,0.48050667000146463,0.48319149017333984,183820,0.0,0.0
2017-02-07 00:00:00-03:00,0.4845333867859158,0.4925868496961531,0.48319149017333984,0.48319149017333984,80364,0.0,0.0
2017-02-08 00:00:00-03:00,0.4831914839762469,0.4831914839762469,0.4764799177646637,0.4764799177646637,44011,0.0,0.0
2017-02-09 00:00:00-03:00,0.475138021169298,0.4764799177646637,0.475138021169298,0.4764799177646637,142185,0.0,0.0
2017-02-10 00:00:00-03:00,0.47513802726310256,0.48319149017333984,0.47513802726310256,0.48319149017333984,131755,0.0,0.0
2017-02-13 00:00:00-03:00,0.4724532086317664,0.4818485975265503,0.4724532086317664,0.4818485975265503,193972,0.0,0.0
2017-02-14 00:00:00-03:00,0.48319149174889336,0.48319149174889336,0.4791647456099772,0.4818485975265503,60808,0.0,0.0
2017-02-15 00:00:00-03:00,0.4831914807417676,0.4899020493030548,0.4831914807417676,0.4899020493030548,258617,0.0,0.0
2017-02-16 00:00:00-03:00,0.4899020493030548,0.4899020493030548,0.4899020493030548,0.4899020493030548,9535,0.0,0.0
2017-02-17 00:00:00-03:00,0.4831914863665542,0.49661359190940857,0.4697693514823651,0.49661359190940857,364714,0.0,0.0
2017-02-20 00:00:00-03:00,0.4831914931192623,0.49124395847320557,0.4831914931192623,0.49124395847320557,142545,0.0,0.0
2017-02-21 00:00:00-03:00,0.4899020618524483,0.49124395847320557,0.4764799267806819,0.49124395847320557,298293,0.0,0.0
2017-02-22 00:00:00-03:00,0.49661360300114615,0.49661360300114615,0.47782185673713684,0.47782185673713684,105223,0.0,0.0
2017-02-23 00:00:00-03:00,0.47916474756812777,0.47916474756812777,0.46976935863494873,0.46976935863494873,318194,0.0,0.0
2017-02-24 00:00:00-03:00,0.4684264659881592,0.4684264659881592,0.44963568805837806,0.4684264659881592,54551,0.0,0.0
2017-03-01 00:00:00-03:00,0.45500531792640686,0.4563472438636413,0.44292510904050786,0.45500531792640686,197449,0.0,0.0
2017-03-02 00:00:00-03:00,0.45500533469149423,0.4563472606781731,0.4429251253604889,0.4429251253604889,91096,0.0,0.0
2017-03-03 00:00:00-03:00,0.4429251253604889,0.44695187158460253,0.4362145565043531,0.4429251253604889,279926,0.0,0.0
2017-03-06 00:00:00-03:00,0.4402402884589476,0.44426703453063965,0.4402402884589476,0.44426703453063965,182822,0.0,0.0
2017-03-07 00:00:00-03:00,0.44426704706530723,0.48856014013290405,0.44426704706530723,0.48856014013290405,167074,0.0,0.0
2017-03-08 00:00:00-03:00,0.4899020669507249,0.5637232237869741,0.4899020669507249,0.5623813271522522,4569112,0.0,0.0
2017-03-09 00:00:00-03:00,0.5623813100839059,0.6039886134847767,0.5207730090776606,0.5315103530883789,2783985,0.0,0.0
2017-03-10 00:00:00-03:00,0.5368789748509193,0.5368789748509193,0.4858752870962682,0.5019822120666504,639608,0.0,0.0
2017-03-13 00:00:00-03:00,0.4831914807417676,0.5194301119317075,0.4764799145751115,0.4899020493030548,490579,0.0,0.0
2017-03-14 00:00:00-03:00,0.4831914878792659,0.5033241914658881,0.46305781602859497,0.46305781602859497,392419,0.0,0.0
2017-03-15 00:00:00-03:00,0.4764799145751115,0.4899020493030548,0.4764799145751115,0.4899020493030548,166641,0.0,0.0
2017-03-16 00:00:00-03:00,0.5073509399813333,0.5073509399813333,0.48184859595537555,0.48319149017333984,183307,0.0,0.0
2017-03-17 00:00:00-03:00,0.4764799177646637,0.4912439491778203,0.475138021169298,0.4764799177646637,237382,0.0,0.0
2017-03-20 00:00:00-03:00,0.4831914898525561,0.4831914898525561,0.4630578179196619,0.47245320677757263,367076,0.0,0.0
2017-03-21 00:00:00-03:00,0.47245319152030485,0.47245319152030485,0.4617158770561218,0.4617158770561218,408791,0.0,0.0
2017-03-22 00:00:00-03:00,0.4590310795086758,0.4630578256994415,0.45097858473254876,0.45634725689888,675162,0.0,0.0
2017-03-23 00:00:00-03:00,0.4630578256994415,0.4630578256994415,0.45634725689888,0.45634725689888,42206,0.0,0.0
2017-03-27 00:00:00-03:00,0.4563472322806822,0.463057800719234,0.45232048630714417,0.45232048630714417,136457,0.0,0.0
2017-03-28 00:00:00-03:00,0.45634725689888,0.45634725689888,0.44292512169235276,0.45634725689888,379494,0.0,0.0
2017-03-29 00:00:00-03:00,0.4563472606781731,0.4563472606781731,0.4429251253604889,0.4429251253604889,193018,0.0,0.0
2017-03-30 00:00:00-03:00,0.44560994559792366,0.44560994559792366,0.4429251253604889,0.4429251253604889,113739,0.0,0.0
2017-03-31 00:00:00-03:00,0.44426704173688025,0.4697693564925737,0.4429251157792296,0.44963568449020386,301902,0.0,0.0
2017-04-03 00:00:00-03:00,0.4496356904929142,0.4630578256994415,0.4496356904929142,0.45634725689888,275261,0.0,0.0
2017-04-04 00:00:00-03:00,0.46842646249285014,0.4818485975265503,0.4496356847032822,0.4818485975265503,350505,0.0,0.0
2017-04-05 00:00:00-03:00,0.5019822422485227,0.5019822422485227,0.46976935863494873,0.46976935863494873,270618,0.0,0.0
2017-04-06 00:00:00-03:00,0.4724532029817886,0.4899020546044025,0.4563472455654584,0.48587530851364136,178729,0.0,0.0
2017-04-07 00:00:00-03:00,0.48319148597049855,0.48587530851364136,0.46708453094878877,0.48587530851364136,193033,0.0,0.0
2017-04-10 00:00:00-03:00,0.47647992161346947,0.47647992161346947,0.45634724736818205,0.46305781602859497,452399,0.0,0.0
2017-04-11 00:00:00-03:00,0.46305782742266627,0.469769364512273,0.4563472585971321,0.46574264764785767,129400,0.0,0.0
2017-04-12 00:00:00-03:00,0.45768912884252216,0.45903105474569594,0.45232048630714417,0.45232048630714417,334757,0.0,0.0
2017-04-17 00:00:00-03:00,0.44426705134716776,0.4496356942166247,0.4429251253604889,0.4429251253604889,114040,0.0,0.0
2017-04-18 00:00:00-03:00,0.45366243062721184,0.4563472508065691,0.44963568449020386,0.44963568449020386,36147,0.0,0.0
2017-04-19 00:00:00-03:00,0.4563472606781731,0.4563472606781731,0.4429251253604889,0.4429251253604889,81640,0.0,0.0
2017-04-20 00:00:00-03:00,0.4429251253604889,0.4429251253604889,0.4429251253604889,0.4429251253604889,108201,0.0,0.0
2017-04-21 00:00:00-03:00,0.4496356811023856,0.46305781602859497,0.44695185854864083,0.46305781602859497,59510,0.0,0.0
2017-04-24 00:00:00-03:00,0.46305781030016674,0.46708452701568604,0.46305781030016674,0.46708452701568604,116615,0.0,0.0
2017-04-25 00:00:00-03:00,0.4630578295343089,0.4630578295343089,0.4429251253604889,0.4429251253604889,169084,0.0,0.0
2017-04-26 00:00:00-03:00,0.4295030193841403,0.44426705134716776,0.4295030193841403,0.4429251253604889,554065,0.0,0.0
2017-04-27 00:00:00-03:00,0.4429251253604889,0.4563472606781731,0.4429251253604889,0.4429251253604889,357188,0.0,0.0
2017-04-28 00:00:00-03:00,0.43755648249103196,0.4429251253604889,0.43755648249103196,0.4429251253604889,78853,0.0,0.0
2017-05-02 00:00:00-03:00,0.44292511233523213,0.44292511233523213,0.40265873690764276,0.44158318638801575,527790,0.0,0.0
2017-05-03 00:00:00-03:00,0.4295030032971754,0.44292510877080116,0.416080868482215,0.4227924346923828,145736,0.0,0.0
2017-05-04 00:00:00-03:00,0.4429250989996244,0.4429250989996244,0.4295029938220978,0.4295029938220978,67087,0.0,0.0
2017-05-05 00:00:00-03:00,0.4295030067535922,0.44158318638801575,0.4295030067535922,0.44158318638801575,91741,0.0,0.0
2017-05-08 00:00:00-03:00,0.4482937475981227,0.4482937475981227,0.43621453642845154,0.43621453642845154,147276,0.0,0.0
2017-05-09 00:00:00-03:00,0.4536624234488863,0.4536624234488863,0.4227924346923828,0.4227924346923828,44488,0.0,0.0
2017-05-10 00:00:00-03:00,0.4227924346923828,0.4227924346923828,0.417423762682673,0.4227924346923828,188669,0.0,0.0
2017-05-11 00:00:00-03:00,0.4295029938220978,0.4295029938220978,0.41608085930323724,0.4295029938220978,62532,0.0,0.0
2017-05-12 00:00:00-03:00,0.43352971419394404,0.43352971419394404,0.4268191456794739,0.4268191456794739,74437,0.0,0.0
2017-05-15 00:00:00-03:00,0.42279242684050183,0.42279242684050183,0.4174237549304962,0.4174237549304962,71679,0.0,0.0
2017-05-16 00:00:00-03:00,0.41608086228370667,0.41608086228370667,0.40265872766870076,0.41608086228370667,582298,0.0,0.0
2017-05-17 00:00:00-03:00,0.4093703031539917,0.41608087181249515,0.40668548299562735,0.4093703031539917,513677,0.0,0.0
2017-05-18 00:00:00-03:00,0.40265873074531555,0.4093702969067801,0.395948162189219,0.40265873074531555,652790,0.0,0.0
2017-05-19 00:00:00-03:00,0.4026587405241621,0.428161084651947,0.4026587405241621,0.428161084651947,903339,0.0,0.0
2017-05-22 00:00:00-03:00,0.4308448934738046,0.43352971357068315,0.41608086228370667,0.41608086228370667,34372,0.0,0.0
2017-05-23 00:00:00-03:00,0.402658736890105,0.41339704925951404,0.402658736890105,0.4093703031539917,227252,0.0,0.0
2017-05-24 00:00:00-03:00,0.40534354776557924,0.41608086228370667,0.40534354776557924,0.41608086228370667,60713,0.0,0.0
2017-05-26 00:00:00-03:00,0.40400165119048725,0.41608086228370667,0.40265872766870076,0.41608086228370667,392265,0.0,0.0
2017-05-29 00:00:00-03:00,0.41608086434756253,0.41608086434756253,0.40265872966597976,0.4040016531944275,163545,0.0,0.0
2017-05-30 00:00:00-03:00,0.41608086546287665,0.42144950809229376,0.40265873074531555,0.40265873074531555,159768,0.0,0.0
2017-05-31 00:00:00-03:00,0.40265874392720297,0.4147389531135559,0.40265874392720297,0.4147389531135559,80606,0.0,0.0
2017-06-01 00:00:00-03:00,0.41473895130466726,0.41473895130466726,0.40534356236457825,0.40534356236457825,115309,0.0,0.0
2017-06-02 00:00:00-03:00,0.40534356236457825,0.40534356236457825,0.39863299361806526,0.40534356236457825,76550,0.0,0.0
2017-06-05 00:00:00-03:00,0.4026587421710023,0.4093703085229116,0.4026587421710023,0.40534356236457825,135554,0.0,0.0
2017-06-06 00:00:00-03:00,0.4093702969067801,0.4187656855802692,0.40265873074531555,0.40265873074531555,162482,0.0,0.0
2017-06-07 00:00:00-03:00,0.41473894362108005,0.4214495122432709,0.41473894362108005,0.4214495122432709,215677,0.0,0.0
2017-06-08 00:00:00-03:00,0.4214495026468737,0.4214495026468737,0.406685471534729,0.406685471534729,67197,0.0,0.0
2017-06-09 00:00:00-03:00,0.40668547678938755,0.40668547678938755,0.40265873074531555,0.40265873074531555,226027,0.0,0.0
2017-06-12 00:00:00-03:00,0.404001673845225,0.404001673845225,0.3892376124858856,0.3892376124858856,190752,0.0,0.0
2017-06-13 00:00:00-03:00,0.40265873074531555,0.40265873074531555,0.40265873074531555,0.40265873074531555,77019,0.0,0.0
2017-06-14 00:00:00-03:00,0.3959481716156006,0.3959481716156006,0.3959481716156006,0.3959481716156006,4767,0.0,0.0
2017-06-15 00:00:00-03:00,0.3825260753406814,0.3892376124858856,0.3825260753406814,0.3892376124858856,119343,0.0,0.0
2017-06-16 00:00:00-03:00,0.4093703031539917,0.4093703031539917,0.402658736890105,0.4093703031539917,123459,0.0,0.0
2017-06-19 00:00:00-03:00,0.4093703108902803,0.4093703108902803,0.38252606987953186,0.38252606987953186,96091,0.0,0.0
2017-06-21 00:00:00-03:00,0.3556818098013918,0.3758154809474945,0.3556818098013918,0.3758154809474945,62694,0.0,0.0
2017-06-22 00:00:00-03:00,0.37715737855803205,0.40937029008583875,0.37715737855803205,0.40802836418151855,88770,0.0,0.0
2017-06-23 00:00:00-03:00,0.4080283709801007,0.4080283709801007,0.38923759363312244,0.40265873074531555,48625,0.0,0.0
2017-06-26 00:00:00-03:00,0.39997491240501404,0.39997491240501404,0.39997491240501404,0.39997491240501404,7335,0.0,0.0
2017-06-27 00:00:00-03:00,0.38252606987953186,0.3892376069289185,0.38252606987953186,0.38252606987953186,117378,0.0,0.0
2017-06-28 00:00:00-03:00,0.39594815448824855,0.39594815448824855,0.3758154809474945,0.3758154809474945,178539,0.0,0.0
2017-06-29 00:00:00-03:00,0.3758154939920428,0.41473894586533716,0.3758154939920428,0.4093703031539917,221853,0.0,0.0
2017-06-30 00:00:00-03:00,0.40265873874790026,0.42681915680983645,0.40265873874790026,0.41876569390296936,242223,0.0,0.0
2017-07-03 00:00:00-03:00,0.4227924305276216,0.4254762530326843,0.4227924305276216,0.4254762530326843,118742,0.0,0.0
2017-07-04 00:00:00-03:00,0.4295030104056631,0.4295030104056631,0.3932633514342902,0.3959481716156006,216022,0.0,0.0
2017-07-05 00:00:00-03:00,0.39729009024814843,0.39729009024814843,0.3905795216560364,0.3905795216560364,43189,0.0,0.0
2017-07-06 00:00:00-03:00,0.3905795123534673,0.39729008078575134,0.3905795123534673,0.39729008078575134,149975,0.0,0.0
2017-07-07 00:00:00-03:00,0.39729008078575134,0.39729008078575134,0.39729008078575134,0.39729008078575134,12469,0.0,0.0
2017-07-10 00:00:00-03:00,0.3892376124858856,0.3892376124858856,0.3892376124858856,0.3892376124858856,52872,0.0,0.0
2017-07-11 00:00:00-03:00,0.39594816823160156,0.41473894586533716,0.39594816823160156,0.4093703031539917,132033,0.0,0.0
2017-07-12 00:00:00-03:00,0.4160808571098867,0.4214494996315261,0.4160808571098867,0.4201076030731201,52813,0.0,0.0
2017-07-13 00:00:00-03:00,0.42144951115059026,0.4227924346923828,0.42010761455550755,0.4227924346923828,116505,0.0,0.0
2017-07-14 00:00:00-03:00,0.41608086228370667,0.42279242839388986,0.41608086228370667,0.41608086228370667,104629,0.0,0.0
2017-07-17 00:00:00-03:00,0.4174237714982432,0.4174237714982432,0.40534356236457825,0.40534356236457825,153746,0.0,0.0
2017-07-18 00:00:00-03:00,0.4093703085229116,0.4093703085229116,0.40534356236457825,0.40534356236457825,91521,0.0,0.0
2017-07-19 00:00:00-03:00,0.40534356236457825,0.40534356236457825,0.40534356236457825,0.40534356236457825,8963,0.0,0.0
2017-07-20 00:00:00-03:00,0.40534356236457825,0.40534356236457825,0.40534356236457825,0.40534356236457825,0,0.0,0.0
2017-07-21 00:00:00-03:00,0.4295029938220978,0.4429250989996244,0.4295029938220978,0.4295029938220978,136214,0.0,0.0
2017-07-24 00:00:00-03:00,0.4295029938220978,0.4295029938220978,0.4295029938220978,0.4295029938220978,0,0.0,0.0
2017-07-25 00:00:00-03:00,0.4295030067348853,0.44695185842146296,0.4093703031539917,0.4093703031539917,119534,0.0,0.0
2017-07-26 00:00:00-03:00,0.4093703031539917,0.4093703031539917,0.4093703031539917,0.4093703031539917,36676,0.0,0.0
2017-07-27 00:00:00-03:00,0.4093703011764967,0.4093703011764967,0.3758154921766369,0.39997491240501404,348584,0.0,0.0
2017-07-28 00:00:00-03:00,0.39997491240501404,0.39997491240501404,0.39997491240501404,0.39997491240501404,0,0.0,0.0
2017-07-31 00:00:00-03:00,0.4093702969067801,0.4227924316243412,0.40265873074531555,0.40265873074531555,161763,0.0,0.0
2017-08-01 00:00:00-03:00,0.4227924479590812,0.429503016774443,0.3919214606285095,0.3919214606285095,242773,0.0,0.0
2017-08-02 00:00:00-03:00,0.3919214606285095,0.3919214606285095,0.3919214606285095,0.3919214606285095,0,0.0,0.0
2017-08-03 00:00:00-03:00,0.39192145146741403,0.4093703031539917,0.39192145146741403,0.4093703031539917,33419,0.0,0.0
2017-08-04 00:00:00-03:00,0.4093702969067801,0.4093702969067801,0.40265873074531555,0.40265873074531555,49630,0.0,0.0
2017-08-07 00:00:00-03:00,0.38923759645766953,0.4227924346923828,0.38923759645766953,0.4227924346923828,146440,0.0,0.0
2017-08-08 00:00:00-03:00,0.4187656919708595,0.4187656919708595,0.4093703031539917,0.4093703031539917,39558,0.0,0.0
2017-08-09 00:00:00-03:00,0.4227924293930098,0.4227924293930098,0.3892375915788802,0.3932633399963379,89827,0.0,0.0
2017-08-10 00:00:00-03:00,0.3932633399963379,0.3932633399963379,0.3932633399963379,0.3932633399963379,0,0.0,0.0
2017-08-11 00:00:00-03:00,0.3932633514342902,0.4026587403314564,0.3932633514342902,0.3959481716156006,51830,0.0,0.0
2017-08-14 00:00:00-03:00,0.3959481716156006,0.3959481716156006,0.3959481716156006,0.3959481716156006,0,0.0,0.0
2017-08-15 00:00:00-03:00,0.3959481716156006,0.3959481716156006,0.3959481716156006,0.3959481716156006,0,0.0,0.0
2017-08-16 00:00:00-03:00,0.3959481716156006,0.3959481716156006,0.3959481716156006,0.3959481716156006,0,0.0,0.0
2017-08-17 00:00:00-03:00,0.3959481716156006,0.3959481716156006,0.3959481716156006,0.3959481716156006,0,0.0,0.0
2017-08-18 00:00:00-03:00,0.3959481716156006,0.3959481716156006,0.3959481716156006,0.3959481716156006,0,0.0,0.0
2017-08-22 00:00:00-03:00,0.3959481716156006,0.3959481716156006,0.3959481716156006,0.3959481716156006,0,0.0,0.0
2017-08-23 00:00:00-03:00,0.3959481716156006,0.3959481716156006,0.3959481716156006,0.3959481716156006,0,0.0,0.0
2017-08-24 00:00:00-03:00,0.3959481716156006,0.3959481716156006,0.3959481716156006,0.3959481716156006,0,0.0,0.0
2017-08-25 00:00:00-03:00,0.3959481716156006,0.3959481716156006,0.3959481716156006,0.3959481716156006,0,0.0,0.0
2017-08-28 00:00:00-03:00,0.3959481716156006,0.3959481716156006,0.3959481716156006,0.3959481716156006,0,0.0,0.0
2017-08-29 00:00:00-03:00,0.3959481716156006,0.3959481716156006,0.3959481716156006,0.3959481716156006,0,0.0,0.0
2017-08-30 00:00:00-03:00,0.3959481716156006,0.3959481716156006,0.3959481716156006,0.3959481716156006,0,0.0,0.0
2017-08-31 00:00:00-03:00,0.3959481716156006,0.3959481716156006,0.3959481716156006,0.3959481716156006,0,0.0,0.0
2017-09-01 00:00:00-03:00,0.3959481716156006,0.3959481716156006,0.3959481716156006,0.3959481716156006,0,0.0,0.0
2017-09-04 00:00:00-03:00,0.3959481716156006,0.3959481716156006,0.3959481716156006,0.3959481716156006,0,0.0,0.0
2017-09-05 00:00:00-03:00,0.3959481716156006,0.3959481716156006,0.3959481716156006,0.3959481716156006,0,0.0,0.0
2017-09-06 00:00:00-03:00,0.3959481716156006,0.3959481716156006,0.3959481716156006,0.3959481716156006,0,0.0,0.0
2017-09-07 00:00:00-03:00,0.3959481716156006,0.3959481716156006,0.3959481716156006,0.3959481716156006,0,0.0,0.0
2017-09-08 00:00:00-03:00,0.3959481716156006,0.3959481716156006,0.3959481716156006,0.3959481716156006,0,0.0,0.0
2017-09-11 00:00:00-03:00,0.3959481716156006,0.3959481716156006,0.3959481716156006,0.3959481716156006,0,0.0,0.0
2017-09-12 00:00:00-03:00,0.3959481716156006,0.3959481716156006,0.3959481716156006,0.3959481716156006,0,0.0,0.0
2017-09-13 00:00:00-03:00,0.3959481716156006,0.3959481716156006,0.3959481716156006,0.3959481716156006,0,0.0,0.0
2017-09-14 00:00:00-03:00,0.3959481716156006,0.3959481716156006,0.3959481716156006,0.3959481716156006,0,0.0,0.0
2017-09-15 00:00:00-03:00,0.3959481716156006,0.3959481716156006,0.3959481716156006,0.3959481716156006,0,0.0,0.0
2017-09-18 00:00:00-03:00,0.3959481716156006,0.3959481716156006,0.3959481716156006,0.3959481716156006,0,0.0,0.0
2017-09-19 00:00:00-03:00,0.3959481716156006,0.3959481716156006,0.3959481716156006,0.3959481716156006,0,0.0,0.0
2017-09-20 00:00:00-03:00,0.3959481716156006,0.3959481716156006,0.3959481716156006,0.3959481716156006,0,0.0,0.0
2017-09-21 00:00:00-03:00,0.3959481716156006,0.3959481716156006,0.3959481716156006,0.3959481716156006,0,0.0,0.0
2017-09-22 00:00:00-03:00,0.3959481716156006,0.3959481716156006,0.3959481716156006,0.3959481716156006,0,0.0,0.0
2017-09-25 00:00:00-03:00,0.3959481716156006,0.3959481716156006,0.3959481716156006,0.3959481716156006,0,0.0,0.0
2017-09-26 00:00:00-03:00,0.3959481716156006,0.3959481716156006,0.3959481716156006,0.3959481716156006,0,0.0,0.0
2017-09-27 00:00:00-03:00,0.3959481716156006,0.3959481716156006,0.3959481716156006,0.3959481716156006,0,0.0,0.0
2017-09-28 00:00:00-03:00,0.3959481716156006,0.3959481716156006,0.3959481716156006,0.3959481716156006,0,0.0,0.0
2017-09-29 00:00:00-03:00,0.3959481716156006,0.3959481716156006,0.3959481716156006,0.3959481716156006,0,0.0,0.0
2017-10-02 00:00:00-03:00,0.395948162189219,0.40265873074531555,0.395948162189219,0.40265873074531555,43277,0.0,0.0
2017-10-03 00:00:00-03:00,0.39863299039600597,0.48990205886561283,0.39594817022413076,0.48319149017333984,1714635,0.0,0.0
2017-10-04 00:00:00-03:00,0.4831914839762469,0.5033241874002455,0.469769349158456,0.4764799177646637,807086,0.0,0.0
2017-10-05 00:00:00-03:00,0.49929744574348356,0.49929744574348356,0.4697693533145951,0.4737960994243622,464062,0.0,0.0
2017-10-06 00:00:00-03:00,0.4737960994243622,0.4737960994243622,0.4737960994243622,0.4737960994243622,0,0.0,0.0
2017-10-10 00:00:00-03:00,0.4295030120519661,0.49124395908751267,0.41608087696341517,0.46976935863494873,2049393,0.0,0.0
2017-10-11 00:00:00-03:00,0.4697693529530566,0.500639341965425,0.4482937551548458,0.46305781602859497,841202,0.0,0.0
2017-10-12 00:00:00-03:00,0.45634724736818205,0.47782184756100926,0.45634724736818205,0.46305781602859497,333414,0.0,0.0
2017-10-13 00:00:00-03:00,0.4429251253604889,0.4697693666545217,0.4429251253604889,0.4429251253604889,123503,0.0,0.0
2017-10-17 00:00:00-03:00,0.44426703090066627,0.4576891362592893,0.4295029996171238,0.43621453642845154,220958,0.0,0.0
2017-10-18 00:00:00-03:00,0.43487165284654866,0.44963568449020386,0.43487165284654866,0.44963568449020386,45478,0.0,0.0
2017-10-19 00:00:00-03:00,0.45500532142064226,0.4697693529530566,0.45500532142064226,0.46305781602859497,146095,0.0,0.0
2017-10-20 00:00:00-03:00,0.45634725689888,0.45634725689888,0.45634725689888,0.45634725689888,7335,0.0,0.0
2017-10-23 00:00:00-03:00,0.46305781039255894,0.46305781039255894,0.4308448982193416,0.4456099271774292,300377,0.0,0.0
2017-10-24 00:00:00-03:00,0.44024028486187555,0.45500531375078473,0.43621453642845154,0.43621453642845154,106191,0.0,0.0
2017-10-25 00:00:00-03:00,0.4362145565043531,0.46842647240376584,0.4362145565043531,0.4429251253604889,1824091,0.0,0.0
2017-10-26 00:00:00-03:00,0.4630578195175434,0.46440071373925007,0.44963568449020386,0.44963568449020386,417843,0.0,0.0
2017-10-27 00:00:00-03:00,0.44963569187581376,0.5033242035257117,0.44963569187581376,0.4979555606842041,2104928,0.0,0.0
2017-10-30 00:00:00-03:00,0.5127195754767294,0.5704338044588909,0.5127195754767294,0.5637232065200806,2694334,0.0,0.0
2017-10-31 00:00:00-03:00,0.5637232002927542,0.6039886066435539,0.5637232002927542,0.5905674695968628,1532128,0.0,0.0
2017-11-01 00:00:00-03:00,0.5905674977253407,0.5972780372269723,0.5771453624339958,0.5811721086502075,945362,0.0,0.0
2017-11-02 00:00:00-03:00,0.5704337985756209,0.5704337985756209,0.5462743786994244,0.5570116639137268,578572,0.0,0.0
2017-11-03 00:00:00-03:00,0.5435905400025393,0.5435905400025393,0.5234568680614692,0.5368790030479431,538023,0.0,0.0
2017-11-07 00:00:00-03:00,0.514061475978731,0.5570116738934953,0.514061475978731,0.5503011345863342,538016,0.0,0.0
2017-11-08 00:00:00-03:00,0.5368790024860993,0.5704338117731403,0.5368790024860993,0.5690918564796448,250842,0.0,0.0
2017-11-09 00:00:00-03:00,0.5690918753812368,0.5771453678897904,0.5637232324715652,0.5664070844650269,275576,0.0,0.0
2017-11-10 00:00:00-03:00,0.5637232143382213,0.5637232143382213,0.5234568680614692,0.5368790030479431,200860,0.0,0.0
2017-11-13 00:00:00-03:00,0.550301141659327,0.550301141659327,0.5167462734334705,0.523456871509552,76058,0.0,0.0
2017-11-14 00:00:00-03:00,0.522114944027626,0.5301683771714837,0.5019822120666504,0.5019822120666504,144804,0.0,0.0
2017-11-15 00:00:00-03:00,0.5019822622529959,0.5234568929026796,0.4697693773557077,0.5086928606033325,315626,0.0,0.0
2017-11-16 00:00:00-03:00,0.5167462514725162,0.5167462514725162,0.5073509216308594,0.5073509216308594,362124,0.0,0.0
2017-11-17 00:00:00-03:00,0.5100347124362775,0.5301683835626322,0.5100347124362775,0.5194301009178162,194258,0.0,0.0
2017-11-21 00:00:00-03:00,0.5234568680614692,0.5368790030479431,0.5167462700295912,0.5368790030479431,78420,0.0,0.0
2017-11-22 00:00:00-03:00,0.5368789996839608,0.5503011345863342,0.5368789996839608,0.5503011345863342,385619,0.0,0.0
2017-11-23 00:00:00-03:00,0.5368790135714763,0.5637232253879362,0.5368790135714763,0.5610384345054626,110028,0.0,0.0
2017-11-24 00:00:00-03:00,0.5435905268571966,0.5704337985756209,0.5435905268571966,0.5570116639137268,164228,0.0,0.0
2017-11-28 00:00:00-03:00,0.5503011345863342,0.5677499569055553,0.5503011345863342,0.5503011345863342,63082,0.0,0.0
2017-11-29 00:00:00-03:00,0.5435905365965036,0.5503011345863342,0.5368789996839608,0.5503011345863342,391634,0.0,0.0
2017-11-30 00:00:00-03:00,0.5368789768793101,0.5368789768793101,0.5341951251029968,0.5341951251029968,75552,0.0,0.0
2017-12-01 00:00:00-03:00,0.5368790086299203,0.5435905456542969,0.5341951566948862,0.5435905456542969,345085,0.0,0.0
2017-12-04 00:00:00-03:00,0.5435905493327581,0.5435905493327581,0.5301684141159058,0.5301684141159058,208261,0.0,0.0
2017-12-05 00:00:00-03:00,0.5301684157138312,0.5301684157138312,0.5180882357785026,0.5288255214691162,148398,0.0,0.0
2017-12-06 00:00:00-03:00,0.5127195715904236,0.5127195715904236,0.5127195715904236,0.5127195715904236,58168,0.0,0.0
2017-12-07 00:00:00-03:00,0.5127195715904236,0.5127195715904236,0.5127195715904236,0.5127195715904236,0,0.0,0.0
2017-12-11 00:00:00-03:00,0.5167462770165034,0.5167462770165034,0.4966136024086081,0.5100347399711609,61080,0.0,0.0
2017-12-12 00:00:00-03:00,0.5100347502185343,0.5100347502185343,0.5033242106437683,0.5033242106437683,103382,0.0,0.0
2017-12-13 00:00:00-03:00,0.503324182930215,0.5127195715904236,0.503324182930215,0.5127195715904236,64968,0.0,0.0
2017-12-14 00:00:00-03:00,0.4979555606842041,0.4979555606842041,0.4966136053631758,0.4979555606842041,301741,0.0,0.0
2017-12-15 00:00:00-03:00,0.5100347024336955,0.5274835824966431,0.5100347024336955,0.5274835824966431,293606,0.0,0.0
2017-12-18 00:00:00-03:00,0.5261416435241699,0.5261416435241699,0.5261416435241699,0.5261416435241699,69684,0.0,0.0
2017-12-19 00:00:00-03:00,0.5261416660052642,0.5261416660052642,0.5100347399711609,0.5100347399711609,210058,0.0,0.0
2017-12-20 00:00:00-03:00,0.4899020411462509,0.5100347147589407,0.4899020411462509,0.5073509216308594,85183,0.0,0.0
2017-12-21 00:00:00-03:00,0.5033241861158991,0.5100347253636488,0.48990205133235776,0.49929744005203247,241776,0.0,0.0
2017-12-22 00:00:00-03:00,0.5073509467104134,0.5221149785087414,0.48990206536326547,0.5100347399711609,127163,0.0,0.0
2017-12-26 00:00:00-03:00,0.5100347532887151,0.5221149921417236,0.5100347532887151,0.5221149921417236,44268,0.0,0.0
2017-12-27 00:00:00-03:00,0.5167462770165034,0.5167462770165034,0.5100347399711609,0.5100347399711609,151171,0.0,0.0
2017-12-28 00:00:00-03:00,0.5100347147589407,0.5100347147589407,0.49661357785982635,0.5073509216308594,252910,0.0,0.0
2018-01-01 00:00:00-03:00,0.5073509216308594,0.5073509216308594,0.5073509216308594,0.5073509216308594,0,0.0,0.0
2018-01-02 00:00:00-03:00,0.48990206196636576,0.523456871509552,0.48990206196636576,0.523456871509552,107042,0.0,0.0
2018-01-03 00:00:00-03:00,0.5167462873987219,0.5167462873987219,0.49661361238633045,0.5033242106437683,85227,0.0,0.0
2018-01-04 00:00:00-03:00,0.5113776444812904,0.5234568856561598,0.5033242106437683,0.5033242106437683,243991,0.0,0.0
2018-01-05 00:00:00-03:00,0.5167462825775146,0.5503011513971388,0.5167462825775146,0.5167462825775146,283608,0.0,0.0
2018-01-08 00:00:00-03:00,0.5368790065844394,0.5368790065844394,0.49661359896517165,0.523456871509552,386829,0.0,0.0
2018-01-09 00:00:00-03:00,0.5489591934279735,0.5489591934279735,0.4966136053631758,0.4979555606842041,569601,0.0,0.0
2018-01-10 00:00:00-03:00,0.4979555511171851,0.5019822385603013,0.48319149017333984,0.48319149017333984,587360,0.0,0.0
2018-01-11 00:00:00-03:00,0.49661358612837647,0.5033241840309981,0.4899020493030548,0.4899020493030548,357958,0.0,0.0
2018-01-12 00:00:00-03:00,0.4966136192612432,0.5127196069191742,0.4925868729454016,0.5086928606033325,252162,0.0,0.0
2018-01-15 00:00:00-03:00,0.5100347572792437,0.5100347572792437,0.48721822995364883,0.5086928606033325,219909,0.0,0.0
2018-01-16 00:00:00-03:00,0.5100347502185343,0.5234568856561598,0.49929746438367134,0.5033242106437683,305130,0.0,0.0
2018-01-17 00:00:00-03:00,0.5086928184893167,0.510034715054134,0.4831914729763509,0.4845333695411682,1074946,0.0,0.0
2018-01-18 00:00:00-03:00,0.4858753021932461,0.5261416476063437,0.4845333762684635,0.5127195715904236,1133466,0.0,0.0
2018-01-19 00:00:00-03:00,0.5221149676453991,0.5368789991365406,0.5127195788521227,0.5180882215499878,476979,0.0,0.0
2018-01-22 00:00:00-03:00,0.5180882213763407,0.520773012185729,0.49661359190940857,0.49661359190940857,523037,0.0,0.0
2018-01-23 00:00:00-03:00,0.5086928213759037,0.5771453322076626,0.5086928213759037,0.5704337954521179,652797,0.0,0.0
2018-01-24 00:00:00-03:00,0.5972779931849341,0.6697563095507689,0.5838559175659764,0.6684143543243408,1966475,0.0,0.0
2018-01-25 00:00:00-03:00,0.6684143860473973,0.6979425078222454,0.6415701748527844,0.6778097748756409,1801323,0.0,0.0
2018-01-26 00:00:00-03:00,0.6778097965410097,0.7784752249717712,0.6778097965410097,0.7784752249717712,2484987,0.0,0.0
2018-01-29 00:00:00-03:00,0.7650531392345696,0.8187406237818987,0.7583415434861063,0.7851858139038086,1692498,0.0,0.0
2018-01-30 00:00:00-03:00,0.785185779555077,0.785185779555077,0.6845213543244718,0.7113645672798157,911847,0.0,0.0
2018-01-31 00:00:00-03:00,0.7113645672798157,0.7395507330989486,0.6979424913407974,0.7113645672798157,445247,0.0,0.0
2018-02-01 00:00:00-03:00,0.7113645622591168,0.7113645622591168,0.671099214966273,0.6939167380332947,675272,0.0,0.0
2018-02-02 00:00:00-03:00,0.6845213368738201,0.6845213368738201,0.6241222607600121,0.6362015008926392,491466,0.0,0.0
2018-02-05 00:00:00-03:00,0.630832845023369,0.630832845023369,0.5905674955834519,0.5932513475418091,423469,0.0,0.0
2018-02-06 00:00:00-03:00,0.5932513214371231,0.5932513214371231,0.5771453349448085,0.5905674695968628,149902,0.0,0.0
2018-02-07 00:00:00-03:00,0.5878826050030923,0.6241222620010376,0.5878826050030923,0.6241222620010376,135525,0.0,0.0
2018-02-08 00:00:00-03:00,0.6241222677854545,0.6308328068567474,0.5972779989242554,0.5972779989242554,28666,0.0,0.0
2018-02-09 00:00:00-03:00,0.6039886099020348,0.6039886099020348,0.5637232033340058,0.5771453380584717,145185,0.0,0.0
2018-02-14 00:00:00-03:00,0.6039886066435539,0.6174107412956082,0.5905674695968628,0.5905674695968628,59561,0.0,0.0
2018-02-15 00:00:00-03:00,0.5905674598529627,0.5972779989242554,0.5771453254223631,0.5972779989242554,44194,0.0,0.0
2018-02-16 00:00:00-03:00,0.6039886214219199,0.6039886214219199,0.563723214085908,0.6013047695159912,149565,0.0,0.0
2018-02-19 00:00:00-03:00,0.5986199640403386,0.5986199640403386,0.5905674695968628,0.5905674695968628,27228,0.0,0.0
2018-02-20 00:00:00-03:00,0.5972780153768732,0.5972780153768732,0.5570116696585652,0.5637232065200806,440861,0.0,0.0
2018-02-21 00:00:00-03:00,0.5704337887457236,0.5972779989242554,0.5704337887457236,0.5972779989242554,16504,0.0,0.0
2018-02-22 00:00:00-03:00,0.5972780405596801,0.6174107741476649,0.5704338285098756,0.5999628901481628,63809,0.0,0.0
2018-02-23 00:00:00-03:00,0.5892245710405516,0.5892245710405516,0.5637231961098269,0.5717766880989075,95885,0.0,0.0
2018-02-26 00:00:00-03:00,0.5650651878096319,0.5771453678897904,0.5637232324715652,0.5664070844650269,90839,0.0,0.0
2018-02-27 00:00:00-03:00,0.5637232143382213,0.5637232143382213,0.5368790030479431,0.5368790030479431,160347,0.0,0.0
2018-02-28 00:00:00-03:00,0.5368790030479431,0.5368790030479431,0.5033241937257871,0.5368790030479431,144423,0.0,0.0
2018-03-01 00:00:00-03:00,0.5382208962877827,0.5838559436982422,0.5382208962877827,0.5503011345863342,383925,0.0,0.0
2018-03-02 00:00:00-03:00,0.5704337985756209,0.583855933237515,0.5435905268571966,0.5570116639137268,100815,0.0,0.0
2018-03-05 00:00:00-03:00,0.5637232033340058,0.5905674727829375,0.5637232033340058,0.5771453380584717,298924,0.0,0.0
2018-03-06 00:00:00-03:00,0.5905674598529627,0.5972779989242554,0.5838559231763233,0.5972779989242554,128806,0.0,0.0
2018-03-07 00:00:00-03:00,0.5972779989242554,0.5972779989242554,0.5972779989242554,0.5972779989242554,0,0.0,0.0
2018-03-08 00:00:00-03:00,0.551643011800487,0.5972779989242554,0.5503011152438313,0.5972779989242554,7701,0.0,0.0
2018-03-09 00:00:00-03:00,0.5972780087788742,0.5972780087788742,0.5744605441818534,0.5905674695968628,148684,0.0,0.0
2018-03-12 00:00:00-03:00,0.5905674695968628,0.5905674695968628,0.5905674695968628,0.5905674695968628,0,0.0,0.0
2018-03-13 00:00:00-03:00,0.6026467133159995,0.6026467133159995,0.5771453380584717,0.5771453380584717,8582,0.0,0.0
2018-03-14 00:00:00-03:00,0.5758024438670677,0.5771453380584717,0.5758024438670677,0.5771453380584717,22005,0.0,0.0
2018-03-15 00:00:00-03:00,0.5771453380584717,0.5771453380584717,0.5771453380584717,0.5771453380584717,7335,0.0,0.0
2018-03-16 00:00:00-03:00,0.5704338012348888,0.5771453380584717,0.5704338012348888,0.5771453380584717,5134,0.0,0.0
2018-03-19 00:00:00-03:00,0.5771453380584717,0.5771453380584717,0.5771453380584717,0.5771453380584717,0,0.0,0.0
2018-03-20 00:00:00-03:00,0.5503011380344172,0.5503011380344172,0.5368790030479431,0.5368790030479431,50612,0.0,0.0
2018-03-21 00:00:00-03:00,0.5637231976192636,0.5704337954521179,0.5503011217135326,0.5704337954521179,163575,0.0,0.0
2018-03-22 00:00:00-03:00,0.5771453254223631,0.5972779989242554,0.5771453254223631,0.5972779989242554,56481,0.0,0.0
2018-03-23 00:00:00-03:00,0.5972779989242554,0.5972779989242554,0.5972779989242554,0.5972779989242554,410,0.0,0.0
2018-03-26 00:00:00-03:00,0.5972779989242554,0.5972779989242554,0.5972779989242554,0.5972779989242554,14472,0.0,0.0
2018-03-27 00:00:00-03:00,0.5677499463171737,0.5905674695968628,0.5677499463171737,0.5905674695968628,192857,0.0,0.0
2018-03-28 00:00:00-03:00,0.5905674695968628,0.5905674695968628,0.5905674695968628,0.5905674695968628,7335,0.0,0.0
2018-04-03 00:00:00-03:00,0.5838559328094882,0.5905674695968628,0.5838559328094882,0.5905674695968628,33507,0.0,0.0
2018-04-04 00:00:00-03:00,0.5905674695968628,0.5905674695968628,0.5905674695968628,0.5905674695968628,11002,0.0,0.0
2018-04-05 00:00:00-03:00,0.5905674695968628,0.5905674695968628,0.5905674695968628,0.5905674695968628,0,0.0,0.0
2018-04-06 00:00:00-03:00,0.5610384157274673,0.5905674761207319,0.5610384157274673,0.5637232065200806,75552,0.0,0.0
2018-04-09 00:00:00-03:00,0.562381309926461,0.5637232065200806,0.5368789956020983,0.5637232065200806,295396,0.0,0.0
2018-04-10 00:00:00-03:00,0.5503011243233683,0.5905674695968628,0.536878989671314,0.5905674695968628,148171,0.0,0.0
2018-04-11 00:00:00-03:00,0.5771453349448085,0.5905674695968628,0.5771453349448085,0.5905674695968628,80687,0.0,0.0
2018-04-12 00:00:00-03:00,0.570433798157434,0.5905674695968628,0.5637232002927542,0.5905674695968628,1210310,0.0,0.0
2018-04-13 00:00:00-03:00,0.5838559146484604,0.6039885878562927,0.570433780413906,0.6039885878562927,189453,0.0,0.0
2018-04-16 00:00:00-03:00,0.6013047448822367,0.6039885966782156,0.5838559231763233,0.5972779989242554,78926,0.0,0.0
2018-04-17 00:00:00-03:00,0.5905674598529627,0.5972779989242554,0.5838559231763233,0.5972779989242554,48471,0.0,0.0
2018-04-18 00:00:00-03:00,0.5905674512270704,0.6039885878562927,0.5905674512270704,0.6039885878562927,120884,0.0,0.0
2018-04-19 00:00:00-03:00,0.5838559328094882,0.5932513214371231,0.5798291867850688,0.5905674695968628,221266,0.0,0.0
2018-04-20 00:00:00-03:00,0.5771453291927102,0.583855926990509,0.5771453291927102,0.583855926990509,21418,0.0,0.0
2018-04-23 00:00:00-03:00,0.5771453291927102,0.583855926990509,0.5771453291927102,0.583855926990509,10276,0.0,0.0
2018-04-24 00:00:00-03:00,0.5771453291927102,0.583855926990509,0.5771453291927102,0.583855926990509,206699,0.0,0.0
2018-04-25 00:00:00-03:00,0.5637232033340058,0.5771453380584717,0.5503011272922086,0.5771453380584717,227406,0.0,0.0
2018-04-26 00:00:00-03:00,0.5503011272922086,0.5771453380584717,0.5503011272922086,0.5771453380584717,234646,0.0,0.0
2018-04-27 00:00:00-03:00,0.5771453380584717,0.5771453380584717,0.5771453380584717,0.5771453380584717,2934,0.0,0.0
2018-05-02 00:00:00-03:00,0.5503011345863342,0.5570116738934953,0.5503011345863342,0.5503011345863342,48493,0.0,0.0
2018-05-03 00:00:00-03:00,0.5503011380344172,0.5503011380344172,0.5368790030479431,0.5368790030479431,139464,0.0,0.0
2018-05-04 00:00:00-03:00,0.5435905435832453,0.550301141659327,0.523456871509552,0.523456871509552,118830,0.0,0.0
2018-05-07 00:00:00-03:00,0.5100347399711609,0.5234568751391152,0.5100347399711609,0.5100347399711609,48045,0.0,0.0
2018-05-08 00:00:00-03:00,0.46976936141403475,0.5100347399711609,0.46976936141403475,0.5100347399711609,72640,0.0,0.0
2018-05-09 00:00:00-03:00,0.5100347399711609,0.5100347399711609,0.5100347399711609,0.5100347399711609,154039,0.0,0.0
2018-05-10 00:00:00-03:00,0.5234568840157088,0.53553706407547,0.5234568840157088,0.53553706407547,55380,0.0,0.0
2018-05-11 00:00:00-03:00,0.5435905565704252,0.5435905565704252,0.53553706407547,0.53553706407547,20582,0.0,0.0
2018-05-14 00:00:00-03:00,0.5301684085083579,0.5355370512807,0.523456871509552,0.523456871509552,46211,0.0,0.0
2018-05-15 00:00:00-03:00,0.5113776240884176,0.5503011345863342,0.5113776240884176,0.5503011345863342,130398,0.0,0.0
2018-05-16 00:00:00-03:00,0.5368790086299203,0.5503011437559454,0.5234568735038952,0.5435905456542969,22482,0.0,0.0
2018-05-17 00:00:00-03:00,0.5570116639137268,0.5570116639137268,0.5570116639137268,0.5570116639137268,5156,0.0,0.0
2018-05-18 00:00:00-03:00,0.5315103529395767,0.5704338044588909,0.5315103529395767,0.5637232065200806,365997,0.0,0.0
2018-05-21 00:00:00-03:00,0.5637232065200806,0.5637232065200806,0.5637232065200806,0.5637232065200806,14670,0.0,0.0
2018-05-22 00:00:00-03:00,0.5637232065200806,0.5637232065200806,0.5637232065200806,0.5637232065200806,0,0.0,0.0
2018-05-23 00:00:00-03:00,0.5637232065200806,0.5637232065200806,0.5637232065200806,0.5637232065200806,0,0.0,0.0
2018-05-24 00:00:00-03:00,0.5771453457084116,0.5838559436982422,0.5435905365965036,0.5503011345863342,127361,0.0,0.0
2018-05-28 00:00:00-03:00,0.5503011345863342,0.5503011345863342,0.5503011345863342,0.5503011345863342,0,0.0,0.0
2018-05-29 00:00:00-03:00,0.5368790030479431,0.5368790030479431,0.5368790030479431,0.5368790030479431,5501,0.0,0.0
2018-05-30 00:00:00-03:00,0.5503011437559454,0.5503011437559454,0.5435905456542969,0.5435905456542969,5868,0.0,0.0
2018-05-31 00:00:00-03:00,0.540905773639679,0.540905773639679,0.540905773639679,0.540905773639679,2200,0.0,0.0
2018-06-01 00:00:00-03:00,0.5570116639137268,0.5570116639137268,0.5570116639137268,0.5570116639137268,7335,0.0,0.0
2018-06-04 00:00:00-03:00,0.5368789996839608,0.5503011345863342,0.5368789996839608,0.5503011345863342,6821,0.0,0.0
2018-06-05 00:00:00-03:00,0.5368790030479431,0.5368790030479431,0.5368790030479431,0.5368790030479431,62349,0.0,0.0
2018-06-06 00:00:00-03:00,0.5368790030479431,0.5503011380344172,0.5368790030479431,0.5368790030479431,161374,0.0,0.0
2018-06-07 00:00:00-03:00,0.5368789996839608,0.5503011345863342,0.5234568647815873,0.5503011345863342,31468,0.0,0.0
2018-06-08 00:00:00-03:00,0.550301130402424,0.5637232065200806,0.550301130402424,0.5637232065200806,161352,0.0,0.0
2018-06-11 00:00:00-03:00,0.5100347399711609,0.5100347399711609,0.5100347399711609,0.5100347399711609,2809,0.0,0.0
2018-06-12 00:00:00-03:00,0.5113776360699277,0.5368790122629647,0.5100347418292602,0.5301684141159058,88939,0.0,0.0
2018-06-13 00:00:00-03:00,0.5100347399711609,0.5100347399711609,0.5100347399711609,0.5100347399711609,30991,0.0,0.0
2018-06-14 00:00:00-03:00,0.5100347330749951,0.5368790030479431,0.5100347330749951,0.5368790030479431,45118,0.0,0.0
2018-06-15 00:00:00-03:00,0.5368790030479431,0.5368790030479431,0.5100347330749951,0.5368790030479431,68107,0.0,0.0
2018-06-18 00:00:00-03:00,0.523456871509552,0.5368790065844394,0.5033241970412532,0.523456871509552,21301,0.0,0.0
2018-06-19 00:00:00-03:00,0.5167462700295912,0.5368790030479431,0.5167462700295912,0.5368790030479431,165409,0.0,0.0
2018-06-21 00:00:00-03:00,0.5368789956020983,0.5637232065200806,0.5368789956020983,0.5637232065200806,27763,0.0,0.0
2018-06-22 00:00:00-03:00,0.5368789900649018,0.5570116639137268,0.5368789900649018,0.5570116639137268,12836,0.0,0.0
2018-06-25 00:00:00-03:00,0.5570116639137268,0.5570116639137268,0.5570116639137268,0.5570116639137268,0,0.0,0.0
2018-06-26 00:00:00-03:00,0.5570116639137268,0.5570116639137268,0.5570116639137268,0.5570116639137268,0,0.0,0.0
2018-06-27 00:00:00-03:00,0.5570116639137268,0.5570116639137268,0.5570116639137268,0.5570116639137268,0,0.0,0.0
2018-06-28 00:00:00-03:00,0.5570116883017852,0.5610384345054626,0.5570116883017852,0.5610384345054626,3506,0.0,0.0
2018-06-29 00:00:00-03:00,0.5637232065200806,0.5637232065200806,0.5637232065200806,0.5637232065200806,4584,0.0,0.0
2018-07-02 00:00:00-03:00,0.5637232143382213,0.5637232143382213,0.5368790030479431,0.5368790030479431,13210,0.0,0.0
2018-07-03 00:00:00-03:00,0.5368790103070695,0.5503011454750238,0.5033242005312198,0.5100347399711609,132048,0.0,0.0
2018-07-04 00:00:00-03:00,0.5100347572792437,0.5100347572792437,0.4697693773557077,0.5086928606033325,152851,0.0,0.0
2018-07-05 00:00:00-03:00,0.523456871509552,0.523456871509552,0.523456871509552,0.523456871509552,1687,0.0,0.0
2018-07-06 00:00:00-03:00,0.523456871509552,0.523456871509552,0.523456871509552,0.523456871509552,0,0.0,0.0
2018-07-10 00:00:00-03:00,0.5234568807723431,0.5234568807723431,0.5167462825775146,0.5167462825775146,25673,0.0,0.0
2018-07-11 00:00:00-03:00,0.5167462825775146,0.5167462825775146,0.5167462825775146,0.5167462825775146,0,0.0,0.0
2018-07-12 00:00:00-03:00,0.46976935863494873,0.46976935863494873,0.46976935863494873,0.46976935863494873,5831,0.0,0.0
2018-07-13 00:00:00-03:00,0.4711112887396375,0.4711112887396375,0.45634725689888,0.45634725689888,168570,0.0,0.0
2018-07-16 00:00:00-03:00,0.45500532692396245,0.46976935863494873,0.45500532692396245,0.46976935863494873,170910,0.0,0.0
2018-07-17 00:00:00-03:00,0.4697693514823651,0.49661359190940857,0.4697693514823651,0.49661359190940857,73352,0.0,0.0
2018-07-18 00:00:00-03:00,0.49661359190940857,0.49661359190940857,0.49661359190940857,0.49661359190940857,15858,0.0,0.0
2018-07-19 00:00:00-03:00,0.49661359190940857,0.49661359190940857,0.49661359190940857,0.49661359190940857,0,0.0,0.0
2018-07-20 00:00:00-03:00,0.49661359190940857,0.49661359190940857,0.49661359190940857,0.49661359190940857,0,0.0,0.0
2018-07-23 00:00:00-03:00,0.5100347364346646,0.523456871509552,0.5033241970412532,0.523456871509552,170910,0.0,0.0
2018-07-24 00:00:00-03:00,0.5234568888071357,0.5234568888071357,0.5221149921417236,0.5221149921417236,12946,0.0,0.0
2018-07-25 00:00:00-03:00,0.523456871509552,0.523456871509552,0.523456871509552,0.523456871509552,51346,0.0,0.0
2018-07-26 00:00:00-03:00,0.523456871509552,0.5301684085083579,0.5221149748884827,0.523456871509552,189923,0.0,0.0
2018-07-27 00:00:00-03:00,0.5301684085083579,0.5301684085083579,0.523456871509552,0.523456871509552,42544,0.0,0.0
2018-07-30 00:00:00-03:00,0.523456871509552,0.523456871509552,0.523456871509552,0.523456871509552,7335,0.0,0.0
2018-07-31 00:00:00-03:00,0.5019822417375136,0.523456871509552,0.4831914932316193,0.523456871509552,144158,0.0,0.0
2018-08-01 00:00:00-03:00,0.2952837328741892,0.3758154839736912,0.2952837328741892,0.3623933494091034,2619838,0.0,0.0
2018-08-02 00:00:00-03:00,0.3489712356050876,0.3556818039196988,0.2952837256135352,0.30199429392814636,4269953,0.0,0.0
2018-08-03 00:00:00-03:00,0.30870488767977244,0.3288385601519341,0.2684395086049422,0.27380815148353577,4606273,0.0,0.0
2018-08-06 00:00:00-03:00,0.2724662299554759,0.2724662299554759,0.24696391418718883,0.26038604974746704,2525052,0.0,0.0
2018-08-07 00:00:00-03:00,0.2657546911409774,0.2657546911409774,0.2509906589984894,0.2509906589984894,587000,0.0,0.0
2018-08-08 00:00:00-03:00,0.2550173645941086,0.260386036631509,0.24830679595470428,0.24830679595470428,282405,0.0,0.0
2018-08-09 00:00:00-03:00,0.25501735737947034,0.26172792582902754,0.2536754608154297,0.2536754608154297,494738,0.0,0.0
2018-08-10 00:00:00-03:00,0.25367546188269446,0.25367546188269446,0.25233253836631775,0.25233253836631775,180284,0.0,0.0
2018-08-13 00:00:00-03:00,0.252332548285334,0.252332548285334,0.22146255889959096,0.23488467931747437,412745,0.0,0.0
2018-08-14 00:00:00-03:00,0.22817312764116865,0.24159524805905203,0.22817312764116865,0.23488467931747437,928961,0.0,0.0
2018-08-15 00:00:00-03:00,0.23488467931747437,0.24159524805905203,0.23354178508964343,0.23488467931747437,290291,0.0,0.0
2018-08-16 00:00:00-03:00,0.23488467331474422,0.23488467331474422,0.21609389592860453,0.2281731218099594,547097,0.0,0.0
2018-08-17 00:00:00-03:00,0.22683121289439384,0.24830679595470428,0.22683121289439384,0.24830679595470428,525868,0.0,0.0
2018-08-21 00:00:00-03:00,0.25770218670868056,0.28186160716911063,0.25501736653749757,0.26843950152397156,3540532,0.0,0.0
2018-08-22 00:00:00-03:00,0.28186159805491345,0.30199430108092506,0.26978138941262664,0.28588834404945374,7841763,0.0,0.0
2018-08-23 00:00:00-03:00,0.2885721758596536,0.2885721758596536,0.26172793522804055,0.26843950152397156,1763429,0.0,0.0
2018-08-24 00:00:00-03:00,0.2751500681177021,0.2751500681177021,0.24428006453130993,0.24830679595470428,2120786,0.0,0.0
2018-08-27 00:00:00-03:00,0.2603860386158105,0.27515007021451454,0.2536754699252675,0.26843950152397156,3487674,0.0,0.0
2018-08-28 00:00:00-03:00,0.2711233099864379,0.2711233099864379,0.2442800536858815,0.2563592791557312,1230328,0.0,0.0
2018-08-29 00:00:00-03:00,0.26441275897434124,0.26441275897434124,0.24830680120430404,0.25501736998558044,2003782,0.0,0.0
2018-08-30 00:00:00-03:00,0.2483067892188681,0.2818615973750722,0.2483067892188681,0.2751500606536865,2542620,0.0,0.0
2018-08-31 00:00:00-03:00,0.28454546977064726,0.29528375325358086,0.28186161776264695,0.2925989329814911,3496440,0.0,0.0
2018-09-03 00:00:00-03:00,0.2952837347984314,0.2952837347984314,0.2550173601836027,0.2952837347984314,2570200,0.0,0.0
2018-09-04 00:00:00-03:00,0.26843950664773136,0.29662567377090454,0.26843950664773136,0.29662567377090454,987789,0.0,0.0
2018-09-05 00:00:00-03:00,0.30870486224275756,0.30870486224275756,0.2885721596935919,0.30199429392814636,1204442,0.0,0.0
2018-09-06 00:00:00-03:00,0.28857216675699104,0.31541640654183484,0.28857216675699104,0.30736294388771057,618644,0.0,0.0
2018-09-07 00:00:00-03:00,0.3087048739944948,0.3100477681880039,0.2952837368543584,0.30467912554740906,1198324,0.0,0.0
2018-09-10 00:00:00-03:00,0.30870488715188243,0.3154164242720404,0.29528374943972036,0.3060210645198822,358193,0.0,0.0
2018-09-11 00:00:00-03:00,0.3060210398273126,0.3060210398273126,0.28991408557198106,0.30199429392814636,115258,0.0,0.0
2018-09-12 00:00:00-03:00,0.3046791308809413,0.30736295344553505,0.29259892185343916,0.3006523847579956,607363,0.0,0.0
2018-09-13 00:00:00-03:00,0.2939408535484758,0.30736295944980535,0.2832035385282395,0.29662567377090454,2654071,0.0,0.0
2018-09-14 00:00:00-03:00,0.285888339949235,0.29528372837240546,0.27649295152606457,0.28857216238975525,2143951,0.0,0.0
2018-09-17 00:00:00-03:00,0.30199430332177696,0.30199430332177696,0.2818616001463771,0.2952837347984314,302599,0.0,0.0
2018-09-18 00:00:00-03:00,0.2832035260665073,0.2979675572973575,0.2818616001463771,0.2952837347984314,517191,0.0,0.0
2018-09-19 00:00:00-03:00,0.295283750557974,0.323469917945198,0.2925989303103936,0.3154164254665375,2157257,0.0,0.0
2018-09-20 00:00:00-03:00,0.32883855522473393,0.32883855522473393,0.3060210604578719,0.3194431662559509,1107478,0.0,0.0
2018-09-21 00:00:00-03:00,0.32212699434803177,0.32212699434803177,0.30870488832096254,0.3154164254665375,982596,0.0,0.0
2018-09-24 00:00:00-03:00,0.31138968226353464,0.3140745022843117,0.30199429392814636,0.30199429392814636,466050,0.0,0.0
2018-09-25 00:00:00-03:00,0.30199429392814636,0.30467911394892344,0.29125697971436904,0.30199429392814636,992638,0.0,0.0
2018-09-26 00:00:00-03:00,0.30467912710097605,0.30870487556858917,0.29930948682763114,0.3033362329006195,1185400,0.0,0.0
2018-09-27 00:00:00-03:00,0.3181002643095472,0.3181002643095472,0.29796756089131526,0.3033362329006195,1918452,0.0,0.0
2018-09-28 00:00:00-03:00,0.30467911394892344,0.3221269671359787,0.2979675480289802,0.30199429392814636,842596,0.0,0.0
2018-10-01 00:00:00-03:00,0.31675835025870835,0.31675835025870835,0.30467913853321427,0.3060210645198822,1752470,0.0,0.0
2018-10-02 00:00:00-03:00,0.30602105147688247,0.3073629480650214,0.30467912554740906,0.30467912554740906,432689,0.0,0.0
2018-10-03 00:00:00-03:00,0.31138968226353464,0.31138968226353464,0.2885721596935919,0.30199429392814636,957223,0.0,0.0
2018-10-04 00:00:00-03:00,0.30870486255521884,0.30870486255521884,0.2764929492226162,0.2791767716407776,3999012,0.0,0.0
2018-10-05 00:00:00-03:00,0.28454546822924426,0.28454546822924426,0.27515007906529576,0.2832035422325134,1658257,0.0,0.0
2018-10-08 00:00:00-03:00,0.29662566071856156,0.29662566071856156,0.2818616001463771,0.2952837347984314,255955,0.0,0.0
2018-10-09 00:00:00-03:00,0.2818616032600403,0.3019943066578417,0.26843949780104914,0.2818616032600403,651616,0.0,0.0
2018-10-10 00:00:00-03:00,0.2818616146041333,0.2845454665820586,0.27380815148353577,0.27380815148353577,1402353,0.0,0.0
2018-10-11 00:00:00-03:00,0.27112331087463476,0.28186159343057193,0.2670975625514984,0.2670975625514984,995484,0.0,0.0
2018-10-12 00:00:00-03:00,0.25770218313467136,0.28723027526389644,0.25770218313467136,0.2818616032600403,4763664,0.0,0.0
2018-10-16 00:00:00-03:00,0.28186160716911063,0.28186160716911063,0.2630708294456586,0.26843950152397156,1009193,0.0,0.0
2018-10-17 00:00:00-03:00,0.27515005680311055,0.27515005680311055,0.25501735410740467,0.2670975625514984,1040911,0.0,0.0
2018-10-18 00:00:00-03:00,0.2751500819773421,0.2751500819773421,0.25501737743964015,0.26038604974746704,883732,0.0,0.0
2018-10-19 00:00:00-03:00,0.26843950694055796,0.26843950694055796,0.2617279405092006,0.2644127607345581,316690,0.0,0.0
2018-10-22 00:00:00-03:00,0.2644127425111793,0.26843948843965504,0.2644127425111793,0.2670975625514984,1180045,0.0,0.0
2018-10-23 00:00:00-03:00,0.2617279291152954,0.2684394952544755,0.25501736058148006,0.2617279291152954,347469,0.0,0.0
2018-10-24 00:00:00-03:00,0.26307082330154974,0.2751500637882909,0.2617279291152954,0.2617279291152954,151362,0.0,0.0
2018-10-25 00:00:00-03:00,0.2684395086049422,0.2751500774724984,0.2684395086049422,0.27380815148353577,276610,0.0,0.0
2018-10-26 00:00:00-03:00,0.2751500774724984,0.2818616146041333,0.2684395086049422,0.27380815148353577,299804,0.0,0.0
2018-10-29 00:00:00-03:00,0.26843949219632024,0.2751500606536865,0.26843949219632024,0.2751500606536865,35942,0.0,0.0
2018-10-30 00:00:00-03:00,0.26172793114897547,0.27112331986427307,0.26172793114897547,0.27112331986427307,291369,0.0,0.0
2018-10-31 00:00:00-03:00,0.26843948843965504,0.27112331087463476,0.2590441000358804,0.2670975625514984,1280185,0.0,0.0
2018-11-01 00:00:00-03:00,0.26709757140765494,0.27112331986427307,0.2657546772109661,0.27112331986427307,457035,0.0,0.0
2018-11-02 00:00:00-03:00,0.27112332765260777,0.30199431481464556,0.27112332765260777,0.2872302830219269,2909249,0.0,0.0
2018-11-05 00:00:00-03:00,0.2872302900427371,0.3019943221963351,0.2872302900427371,0.2925989329814911,1300137,0.0,0.0
2018-11-07 00:00:00-03:00,0.2939408406142723,0.2952837347984314,0.2885721686697227,0.2952837347984314,603886,0.0,0.0
2018-11-08 00:00:00-03:00,0.3019943103763455,0.30602105649482947,0.28723027880060836,0.2899141013622284,408710,0.0,0.0
2018-11-09 00:00:00-03:00,0.2791767815022384,0.29394084215164185,0.27783488491642405,0.29394084215164185,222858,0.0,0.0
2018-11-12 00:00:00-03:00,0.29528372837240546,0.3019942967497143,0.2791767739665848,0.28857216238975525,346361,0.0,0.0
2018-11-13 00:00:00-03:00,0.2818616032600403,0.2818616032600403,0.2818616032600403,0.2818616032600403,110028,0.0,0.0
2018-11-14 00:00:00-03:00,0.28051870906104653,0.2818616032600403,0.2751500663985249,0.2818616032600403,260033,0.0,0.0
2018-11-15 00:00:00-03:00,0.2818615958213116,0.2818615958213116,0.2751500591369232,0.2764929533004761,231081,0.0,0.0
2018-11-16 00:00:00-03:00,0.2751500606536865,0.2751500606536865,0.26843949219632024,0.2751500606536865,473854,0.0,0.0
2018-11-20 00:00:00-03:00,0.27380814426094957,0.27380814426094957,0.26843950152397156,0.26843950152397156,98717,0.0,0.0
2018-11-21 00:00:00-03:00,0.25501736653749757,0.26843950152397156,0.25501736653749757,0.26843950152397156,657587,0.0,0.0
2018-11-22 00:00:00-03:00,0.26843950152397156,0.26843950152397156,0.26172793522804055,0.26843950152397156,82887,0.0,0.0
2018-11-23 00:00:00-03:00,0.26843950152397156,0.27515007021451454,0.26843950152397156,0.26843950152397156,474405,0.0,0.0
2018-11-26 00:00:00-03:00,0.2644127623739756,0.27380815148353577,0.26172794213197165,0.27380815148353577,322081,0.0,0.0
2018-11-27 00:00:00-03:00,0.2724662183073846,0.27380814426094957,0.2644127553992236,0.26843950152397156,141202,0.0,0.0
2018-11-28 00:00:00-03:00,0.2711233177575889,0.2711233177575889,0.2617279291152954,0.2617279291152954,276148,0.0,0.0
2018-11-29 00:00:00-03:00,0.259044106612182,0.2617279291152954,0.25501736058148006,0.2617279291152954,707554,0.0,0.0
2018-11-30 00:00:00-03:00,0.2617279291152954,0.2617279291152954,0.2617279291152954,0.2617279291152954,0,0.0,0.0
2018-12-03 00:00:00-03:00,0.26441274767645595,0.2684394936835938,0.2617279275836891,0.26307082176208496,134337,0.0,0.0
2018-12-04 00:00:00-03:00,0.2684394952544755,0.2684394952544755,0.2617279291152954,0.2617279291152954,88646,0.0,0.0
2018-12-05 00:00:00-03:00,0.26172793522804055,0.26843950152397156,0.25635929249106254,0.26843950152397156,424892,0.0,0.0
2018-12-06 00:00:00-03:00,0.26172793522804055,0.2764929644321326,0.26172793522804055,0.26843950152397156,1554383,0.0,0.0
2018-12-07 00:00:00-03:00,0.2657546867152005,0.26843950694055796,0.2630708347539157,0.2644127607345581,367054,0.0,0.0
2018-12-10 00:00:00-03:00,0.26843950152397156,0.26843950152397156,0.26843950152397156,0.26843950152397156,2200,0.0,0.0
2018-12-11 00:00:00-03:00,0.261727920089021,0.2630708142289626,0.25770217180252075,0.25770217180252075,98731,0.0,0.0
2018-12-12 00:00:00-03:00,0.25770218068995815,0.2617279291152954,0.25770218068995815,0.2617279291152954,274967,0.0,0.0
2018-12-13 00:00:00-03:00,0.2657546659808516,0.2657546659808516,0.25770217180252075,0.25770217180252075,335307,0.0,0.0
2018-12-14 00:00:00-03:00,0.25770218483120544,0.26038603671878235,0.256359290623371,0.2590441107749939,141393,0.0,0.0
2018-12-17 00:00:00-03:00,0.25904411616477396,0.25904411616477396,0.24964872717601314,0.25501736998558044,217415,0.0,0.0
2018-12-18 00:00:00-03:00,0.26172793876685685,0.26575468494605037,0.25501736998558044,0.25501736998558044,283682,0.0,0.0
2018-12-19 00:00:00-03:00,0.25770217745423774,0.25770217745423774,0.24428005762043817,0.2536754608154297,326527,0.0,0.0
2018-12-20 00:00:00-03:00,0.2550173703725472,0.259044116557851,0.23488468106343452,0.24428007006645203,813878,0.0,0.0
2018-12-21 00:00:00-03:00,0.24293716645025437,0.2442800606362261,0.23219985188799647,0.24025332927703857,347740,0.0,0.0
2018-12-26 00:00:00-03:00,0.24159523844718933,0.24159523844718933,0.22817311856330477,0.24159523844718933,289403,0.0,0.0
2018-12-27 00:00:00-03:00,0.2335417868256215,0.24964872755483344,0.2335417868256215,0.24428007006645203,548586,0.0,0.0
2018-12-28 00:00:00-03:00,0.24428007539011692,0.2617279448679176,0.24293718112303783,0.2509906589984894,764571,0.0,0.0
2018-12-31 00:00:00-03:00,0.2509906589984894,0.2509906589984894,0.2509906589984894,0.2509906589984894,0,0.0,0.0
2019-01-02 00:00:00-03:00,0.2509906531477223,0.25501736998558044,0.24830680120430404,0.25501736998558044,867638,0.0,0.0
2019-01-03 00:00:00-03:00,0.2483068069925087,0.2536754792685588,0.24428007539011692,0.2509906589984894,860831,0.0,0.0
2019-01-04 00:00:00-03:00,0.25501735178663465,0.25904409767846526,0.2496487093601928,0.25770217180252075,352229,0.0,0.0
2019-01-07 00:00:00-03:00,0.25770217180252075,0.2684394859967377,0.25501735178663465,0.25770217180252075,1059285,0.0,0.0
2019-01-08 00:00:00-03:00,0.2536754733552067,0.26172793876685685,0.25233254977809605,0.25501736998558044,307286,0.0,0.0
2019-01-09 00:00:00-03:00,0.25904409767846526,0.2670975601207932,0.25770217180252075,0.25770217180252075,667768,0.0,0.0
2019-01-10 00:00:00-03:00,0.25770219019306484,0.25770219019306484,0.2429371754600029,0.25501736998558044,93223,0.0,0.0
2019-01-11 00:00:00-03:00,0.26172793323351295,0.26172793323351295,0.23756851295719253,0.24830679595470428,1174470,0.0,0.0
2019-01-14 00:00:00-03:00,0.25501736815803283,0.25501736815803283,0.24159524775693397,0.24562197923660278,735120,0.0,0.0
2019-01-15 00:00:00-03:00,0.23488467574118255,0.2523325444433856,0.23488467574118255,0.24830679595470428,653655,0.0,0.0
2019-01-16 00:00:00-03:00,0.2523325460379055,0.2523325460379055,0.24696390330791473,0.24696390330791473,654022,0.0,0.0
2019-01-17 00:00:00-03:00,0.24964872189804296,0.24964872189804296,0.23891042422986383,0.24830679595470428,1785538,0.0,0.0
2019-01-18 00:00:00-03:00,0.24830679595470428,0.25367546799210466,0.24562197580398124,0.24830679595470428,1429097,0.0,0.0
2019-01-21 00:00:00-03:00,0.2483068069925087,0.25233255566014373,0.24293718112303783,0.2509906589984894,883460,0.0,0.0
2019-01-22 00:00:00-03:00,0.24562196988852783,0.2550173584523807,0.24562196988852783,0.25233253836631775,200647,0.0,0.0
2019-01-23 00:00:00-03:00,0.24830679595470428,0.24964872189804296,0.24428006453130993,0.24830679595470428,771407,0.0,0.0
2019-01-24 00:00:00-03:00,0.25501736620559423,0.25501736620559423,0.24428006607494526,0.24696390330791473,366357,0.0,0.0
2019-01-25 00:00:00-03:00,0.24830678892991317,0.2536754608154297,0.24562196885514578,0.2536754608154297,813438,0.0,0.0
2019-01-28 00:00:00-03:00,0.24293716850222638,0.24964872002601624,0.24293716850222638,0.24964872002601624,64916,0.0,0.0
2019-01-29 00:00:00-03:00,0.24964872002601624,0.24964872002601624,0.24293716850222638,0.24964872002601624,946477,0.0,0.0
2019-01-30 00:00:00-03:00,0.25501735737947034,0.25501735737947034,0.24562196885514578,0.2536754608154297,249969,0.0,0.0
2019-01-31 00:00:00-03:00,0.24830680120430404,0.26172793876685685,0.24696390696852874,0.25501736998558044,879506,0.0,0.0
2019-02-01 00:00:00-03:00,0.2603860421364831,0.2603860421364831,0.24964872717601314,0.25501736998558044,916703,0.0,0.0
2019-02-04 00:00:00-03:00,0.25501735410740467,0.2670975625514984,0.2523325340670855,0.2670975625514984,1712068,0.0,0.0
2019-02-05 00:00:00-03:00,0.2751500621781396,0.2751500621781396,0.2617279275836891,0.26307082176208496,523859,0.0,0.0
2019-02-06 00:00:00-03:00,0.2577021756074832,0.26575466990470886,0.25635928144771386,0.26575466990470886,229914,0.0,0.0
2019-02-07 00:00:00-03:00,0.25501735555195587,0.27112331241041854,0.24964871304624622,0.26575466990470886,1040874,0.0,0.0
2019-02-08 00:00:00-03:00,0.26843950694055796,0.26843950694055796,0.2644127607345581,0.2644127607345581,34768,0.0,0.0
2019-02-11 00:00:00-03:00,0.2550173646795825,0.2684394995682703,0.2536754680771288,0.2590441107749939,261280,0.0,0.0
2019-02-12 00:00:00-03:00,0.2617279405092006,0.26709758095991554,0.2590441178892513,0.2644127607345581,482972,0.0,0.0
2019-02-13 00:00:00-03:00,0.2644127440089509,0.26843948996023625,0.25501735555195587,0.26575466990470886,27331,0.0,0.0
2019-02-14 00:00:00-03:00,0.27112331087463476,0.27112331087463476,0.2563592799955613,0.2670975625514984,172597,0.0,0.0
2019-02-15 00:00:00-03:00,0.2630708406920915,0.2630708406920915,0.26038604974746704,0.26038604974746704,68180,0.0,0.0
2019-02-18 00:00:00-03:00,0.26038603253440584,0.26441274922377356,0.25501736058148006,0.2617279291152954,816035,0.0,0.0
2019-02-19 00:00:00-03:00,0.26172793876685685,0.26172793876685685,0.25501736998558044,0.25501736998558044,270999,0.0,0.0
2019-02-20 00:00:00-03:00,0.25501736998558044,0.25501736998558044,0.2509906531477223,0.25501736998558044,1078995,0.0,0.0
2019-02-21 00:00:00-03:00,0.25501736998558044,0.25501736998558044,0.25501736998558044,0.25501736998558044,25629,0.0,0.0
2019-02-22 00:00:00-03:00,0.25501736998558044,0.25501736998558044,0.24696390696852874,0.25501736998558044,823884,0.0,0.0
2019-02-25 00:00:00-03:00,0.2563592832848449,0.2563592832848449,0.2509906407406623,0.2536754608154297,610333,0.0,0.0
2019-02-26 00:00:00-03:00,0.2509906589984894,0.2509906589984894,0.24562198672243926,0.2509906589984894,587161,0.0,0.0
2019-02-27 00:00:00-03:00,0.24964872002601624,0.24964872002601624,0.24964872002601624,0.24964872002601624,50708,0.0,0.0
2019-02-28 00:00:00-03:00,0.24428006607494526,0.24696390330791473,0.2415952459072565,0.24696390330791473,385560,0.0,0.0
2019-03-01 00:00:00-03:00,0.2456219813695297,0.2456219813695297,0.23891042964333525,0.24428007006645203,369951,0.0,0.0
2019-03-06 00:00:00-03:00,0.23488467534742624,0.2415952439755811,0.23488467534742624,0.23756851255893707,320724,0.0,0.0
2019-03-07 00:00:00-03:00,0.2415952439755811,0.2415952439755811,0.23219985520120398,0.23756851255893707,913608,0.0,0.0
2019-03-08 00:00:00-03:00,0.23756850712268848,0.24159523844718933,0.23756850712268848,0.24159523844718933,635999,0.0,0.0
2019-03-11 00:00:00-03:00,0.24830678985647606,0.24830678985647606,0.23756850712268848,0.24159523844718933,409620,0.0,0.0
2019-03-12 00:00:00-03:00,0.24830679595470428,0.24830679595470428,0.23488467574118255,0.24830679595470428,1410495,0.0,0.0
2019-03-13 00:00:00-03:00,0.2536754733552067,0.25501736998558044,0.24830680120430404,0.25501736998558044,695312,0.0,0.0
2019-03-14 00:00:00-03:00,0.25770219620028256,0.25904412220327294,0.2509906589984894,0.2509906589984894,645851,0.0,0.0
2019-03-15 00:00:00-03:00,0.2509906479255059,0.2590441107749939,0.24830679603792902,0.2590441107749939,776263,0.0,0.0
2019-03-18 00:00:00-03:00,0.259044106612182,0.2684394952544755,0.25501736058148006,0.2617279291152954,2547395,0.0,0.0
2019-03-19 00:00:00-03:00,0.2670975693322517,0.2684394952544755,0.259044106612182,0.2617279291152954,1186375,0.0,0.0
2019-03-20 00:00:00-03:00,0.25501735555195587,0.26575466990470886,0.25501735555195587,0.26575466990470886,336150,0.0,0.0
2019-03-21 00:00:00-03:00,0.25501736998558044,0.2603860421364831,0.25501736998558044,0.25501736998558044,117143,0.0,0.0
2019-03-22 00:00:00-03:00,0.2523325444433856,0.25367546799210466,0.24830679595470428,0.24830679595470428,517484,0.0,0.0
2019-03-25 00:00:00-03:00,0.2483068015810881,0.2483068015810881,0.23891042964333525,0.24428007006645203,793993,0.0,0.0
2019-03-26 00:00:00-03:00,0.2483068034498029,0.2483068034498029,0.2281731310544323,0.23219986259937286,918926,0.0,0.0
2019-03-27 00:00:00-03:00,0.22817312391097389,0.22817312391097389,0.2254892866979761,0.22683121263980865,977637,0.0,0.0
2019-03-28 00:00:00-03:00,0.23488468090760692,0.24025333839242669,0.22817312918586508,0.23354178667068481,718660,0.0,0.0
2019-03-29 00:00:00-03:00,0.23488467931747437,0.24025333676594915,0.23085794783277006,0.23488467931747437,362601,0.0,0.0
2019-04-01 00:00:00-03:00,0.23488467534742624,0.2429371699166702,0.22817312378455995,0.23756851255893707,844195,0.0,0.0
2019-04-03 00:00:00-03:00,0.23085794597373926,0.23085794597373926,0.2254892885684967,0.2254892885684967,359425,0.0,0.0
2019-04-04 00:00:00-03:00,0.22817312580375793,0.22817312580375793,0.21877773694623714,0.2254892885684967,768737,0.0,0.0
2019-04-05 00:00:00-03:00,0.22817312580375793,0.22817312580375793,0.2254892885684967,0.2254892885684967,69024,0.0,0.0
2019-04-08 00:00:00-03:00,0.22414639042816256,0.2281731218099594,0.22414639042816256,0.2281731218099594,393336,0.0,0.0
2019-04-09 00:00:00-03:00,0.2281731218099594,0.2281731218099594,0.21877773311688958,0.2281731218099594,1197143,0.0,0.0
2019-04-10 00:00:00-03:00,0.2281731310544323,0.23488468283113675,0.2268312197412556,0.23219986259937286,686385,0.0,0.0
2019-04-11 00:00:00-03:00,0.2321998497670782,0.2321998497670782,0.22146254997356216,0.2308579385280609,1033143,0.0,0.0
2019-04-12 00:00:00-03:00,0.23488466985046816,0.23891041823818698,0.22817311844467095,0.2308579385280609,1304252,0.0,0.0
2019-04-15 00:00:00-03:00,0.22817312378455995,0.23756851255893707,0.2214625551564051,0.23756851255893707,601671,0.0,0.0
2019-04-16 00:00:00-03:00,0.23891042172908783,0.23891042172908783,0.23085794190130088,0.23891042172908783,379355,0.0,0.0
2019-04-17 00:00:00-03:00,0.2375685201281579,0.2483068034498029,0.23219986259937286,0.23219986259937286,933758,0.0,0.0
2019-04-22 00:00:00-03:00,0.2321998553298488,0.2321998553298488,0.22683121263980865,0.22683121263980865,244042,0.0,0.0
2019-04-23 00:00:00-03:00,0.22548928462167436,0.23488467331474422,0.22280446449868643,0.2281731218099594,412327,0.0,0.0
2019-04-24 00:00:00-03:00,0.2241463943514797,0.22817312580375793,0.21877773694623714,0.2254892885684967,867631,0.0,0.0
2019-04-25 00:00:00-03:00,0.22548928462167436,0.2335417791212324,0.21475100173509273,0.2281731218099594,1461174,0.0,0.0
2019-04-26 00:00:00-03:00,0.22817312918586508,0.23354178667068481,0.22817312918586508,0.23354178667068481,2912946,0.0,0.0
2019-04-29 00:00:00-03:00,0.23488467331474422,0.23488467331474422,0.22548928462167436,0.2281731218099594,726311,0.0,0.0
2019-04-30 00:00:00-03:00,0.22817311973351306,0.23219985107866542,0.22817311973351306,0.22951503098011017,209471,0.0,0.0
2019-05-02 00:00:00-03:00,0.23085794598332093,0.24159524612358424,0.23085794598332093,0.23622660338878632,903529,0.0,0.0
2019-05-03 00:00:00-03:00,0.24696389780944186,0.24696389780944186,0.23488467199590965,0.24025332927703857,1118253,0.0,0.0
2019-05-06 00:00:00-03:00,0.24830678985647606,0.24830678985647606,0.2348846699725915,0.24159523844718933,644604,0.0,0.0
2019-05-07 00:00:00-03:00,0.2415952459072565,0.248306797523785,0.23756851445841676,0.24696390330791473,805538,0.0,0.0
2019-05-08 00:00:00-03:00,0.24696389786141038,0.2657546751459974,0.24696389786141038,0.2617279291152954,3693816,0.0,0.0
2019-05-09 00:00:00-03:00,0.26575469134095936,0.2925989329814911,0.2617279450648694,0.2925989329814911,7460229,0.0,0.0
2019-05-10 00:00:00-03:00,0.2979675572973575,0.31004776602928164,0.28588834617079656,0.2952837347984314,5474439,0.0,0.0
2019-05-13 00:00:00-03:00,0.2912569976772979,0.31541641827429995,0.2912569976772979,0.31004777550697327,2894314,0.0,0.0
2019-05-14 00:00:00-03:00,0.31541641289330974,0.32212698150730523,0.3019943074012767,0.3140745162963867,1184138,0.0,0.0
2019-05-15 00:00:00-03:00,0.3140745022843117,0.31944314472053376,0.2952837256135352,0.30199429392814636,1497381,0.0,0.0
2019-05-16 00:00:00-03:00,0.3019943074012767,0.31541641289330974,0.3019943074012767,0.3140745162963867,2017242,0.0,0.0
2019-05-17 00:00:00-03:00,0.3288385444276501,0.34897124767303467,0.3288385444276501,0.34897124767303467,4414200,0.0,0.0
2019-05-20 00:00:00-03:00,0.34628643288931915,0.38923759907749617,0.3355491181389648,0.37715739011764526,4991812,0.0,0.0
2019-05-21 00:00:00-03:00,0.3811841399612055,0.4066854864713936,0.3784993197798951,0.3959481716156006,6337633,0.0,0.0
2019-05-22 00:00:00-03:00,0.40400166011589667,0.4388983658554449,0.40265873656444157,0.43084490299224854,7409095,0.0,0.0
2019-05-23 00:00:00-03:00,0.4362145545151215,0.469769364512273,0.42413434523920446,0.46574264764785767,12961626,0.0,0.0
2019-05-24 00:00:00-03:00,0.47647991889953634,0.5033241885990555,0.37581549195841024,0.4214495122432709,13987888,0.0,0.0
2019-05-27 00:00:00-03:00,0.4415831796299851,0.4630578088303222,0.39192144548648133,0.40265873074531555,2892634,0.0,0.0
2019-05-28 00:00:00-03:00,0.4160808573703364,0.4187656774355107,0.36910391491656613,0.3758154809474945,3610965,0.0,0.0
2019-05-29 00:00:00-03:00,0.37581550306162803,0.37581550306162803,0.3489712619103484,0.3597085475921631,6850298,0.0,0.0
2019-05-30 00:00:00-03:00,0.36239334343576135,0.3744725836258386,0.3489712384337446,0.35568180680274963,2105456,0.0,0.0
2019-05-31 00:00:00-03:00,0.35568183501281186,0.35568183501281186,0.34091777360921866,0.34628644585609436,2125716,0.0,0.0
2019-06-03 00:00:00-03:00,0.3556818182927421,0.3677620271370667,0.348971249706958,0.35836663842201233,1261899,0.0,0.0
2019-06-04 00:00:00-03:00,0.3758154853853834,0.43621453366756163,0.36239335077037743,0.41608086228370667,10503089,0.0,0.0
2019-06-05 00:00:00-03:00,0.42413432597127293,0.44292510321908085,0.3892375915788802,0.3932633399963379,5760703,0.0,0.0
2019-06-06 00:00:00-03:00,0.39326334207182645,0.4093702969067801,0.38923759363312244,0.40265873074531555,1937105,0.0,0.0
2019-06-07 00:00:00-03:00,0.4026587403314564,0.40534356051276677,0.3825260659198323,0.3959481716156006,1621104,0.0,0.0
2019-06-10 00:00:00-03:00,0.39729010735868503,0.4013168535977929,0.38118414934900563,0.3892376124858856,1470615,0.0,0.0
2019-06-11 00:00:00-03:00,0.395948162189219,0.40265873074531555,0.3758154882568957,0.40265873074531555,4506704,0.0,0.0
2019-06-12 00:00:00-03:00,0.4093703108902803,0.42950301485164216,0.38252606987953186,0.38252606987953186,4573880,0.0,0.0
2019-06-13 00:00:00-03:00,0.38923758606266884,0.3932633344230742,0.3758154809474945,0.3758154809474945,892431,0.0,0.0
2019-06-14 00:00:00-03:00,0.35836662913975736,0.3744725860234264,0.34897124066805824,0.3650771975517273,2448392,0.0,0.0
2019-06-18 00:00:00-03:00,0.36910393296786914,0.38252606808079676,0.3664201103767891,0.3731306791305542,1081995,0.0,0.0
2019-06-19 00:00:00-03:00,0.3811841421145891,0.3811841421145891,0.362393364214104,0.3731306791305542,396101,0.0,0.0
2019-06-21 00:00:00-03:00,0.3825260753291044,0.3825260753291044,0.369103939961847,0.3784993290901184,942406,0.0,0.0
2019-06-24 00:00:00-03:00,0.3691039367439222,0.38252607199416266,0.3691039367439222,0.3704468309879303,846476,0.0,0.0
2019-06-25 00:00:00-03:00,0.3704468309879303,0.3744726089277382,0.36642011412538583,0.3704468309879303,586883,0.0,0.0
2019-06-26 00:00:00-03:00,0.370446812064127,0.37313066388689775,0.3623933494091034,0.3623933494091034,727132,0.0,0.0
2019-06-27 00:00:00-03:00,0.3623933695459098,0.37984222173690796,0.3623933695459098,0.37984222173690796,897250,0.0,0.0
2019-06-28 00:00:00-03:00,0.3905795204975708,0.46574263006594785,0.38923759456766943,0.41339704394340515,6730734,0.0,0.0
2019-07-01 00:00:00-03:00,0.43218780862995637,0.4603739758030409,0.4187657027048593,0.43352973461151123,5993142,0.0,0.0
2019-07-02 00:00:00-03:00,0.4362145565043531,0.45500533469149423,0.4335297362669183,0.4429251253604889,6198403,0.0,0.0
2019-07-03 00:00:00-03:00,0.4563472606781731,0.45768915732351634,0.4335297362669183,0.4429251253604889,958896,0.0,0.0
2019-07-04 00:00:00-03:00,0.4563472396757042,0.4563472396757042,0.43621453642845154,0.43621453642845154,838532,0.0,0.0
2019-07-05 00:00:00-03:00,0.43621455483869415,0.44292512366920606,0.41608088247767633,0.43352973461151123,883475,0.0,0.0
2019-07-10 00:00:00-03:00,0.4402402902090589,0.44292511035554016,0.4187656901173894,0.4321877956390381,1537571,0.0,0.0
2019-07-11 00:00:00-03:00,0.4429250989996244,0.4429250989996244,0.42547624783763754,0.4295029938220978,746563,0.0,0.0
2019-07-12 00:00:00-03:00,0.42279242536534417,0.4402402789219778,0.4187656793808839,0.4295029938220978,1107976,0.0,0.0
2019-07-15 00:00:00-03:00,0.42950299689871263,0.42950299689871263,0.41608086228370667,0.41608086228370667,667321,0.0,0.0
2019-07-16 00:00:00-03:00,0.41608086228370667,0.4429251021723844,0.41473893636728054,0.41608086228370667,960238,0.0,0.0
2019-07-17 00:00:00-03:00,0.4227924357885452,0.4295030044107361,0.41608086956097645,0.4214495122432709,416207,0.0,0.0
2019-07-18 00:00:00-03:00,0.4295030044107361,0.4295030044107361,0.4133970470225182,0.4214495122432709,2052063,0.0,0.0
2019-07-19 00:00:00-03:00,0.4295030142411293,0.4295030142411293,0.4093703103083849,0.4147389531135559,338204,0.0,0.0
2019-07-22 00:00:00-03:00,0.4295030142411293,0.4295030142411293,0.391921458316861,0.4147389531135559,355684,0.0,0.0
2019-07-23 00:00:00-03:00,0.4147389477788684,0.4227924400270704,0.40265873874790026,0.41876569390296936,333150,0.0,0.0
2019-07-24 00:00:00-03:00,0.4026587327734802,0.42279243375391795,0.4026587327734802,0.4120541214942932,866046,0.0,0.0
2019-07-25 00:00:00-03:00,0.4227924400270704,0.4295030087165352,0.4147389477788684,0.41876569390296936,727066,0.0,0.0
2019-07-26 00:00:00-03:00,0.4093702937788839,0.42950299689871263,0.4093702937788839,0.41608086228370667,2028238,0.0,0.0
2019-07-29 00:00:00-03:00,0.41608087908416613,0.4295030142411293,0.4093703103083849,0.4147389531135559,1197613,0.0,0.0
2019-07-30 00:00:00-03:00,0.416080868482215,0.4227924346923828,0.416080868482215,0.4227924346923828,770513,0.0,0.0
2019-07-31 00:00:00-03:00,0.4227924291077802,0.45634723755793843,0.4227924291077802,0.4482937455177307,1642721,0.0,0.0
2019-08-01 00:00:00-03:00,0.4509785787119105,0.4630578195175434,0.43621454706825535,0.44963568449020386,2096529,0.0,0.0
2019-08-02 00:00:00-03:00,0.44963568805837806,0.4684264659881592,0.44963568805837806,0.4684264659881592,5053420,0.0,0.0
2019-08-05 00:00:00-03:00,0.4684264606544598,0.47245320677757263,0.4456099344209131,0.47245320677757263,5807194,0.0,0.0
2019-08-06 00:00:00-03:00,0.48319149555455765,0.5046660960884998,0.4764799291821508,0.4791647493839264,2775352,0.0,0.0
2019-08-07 00:00:00-03:00,0.4845333921820781,0.4899020643215651,0.4724532123528548,0.4791647493839264,2111529,0.0,0.0
2019-08-08 00:00:00-03:00,0.4831914878792659,0.4858753104330107,0.45634724736818205,0.46305781602859497,707144,0.0,0.0
2019-08-09 00:00:00-03:00,0.4724531892281501,0.4724531892281501,0.4429250977982281,0.45232048630714417,2199728,0.0,0.0
2019-08-12 00:00:00-03:00,0.4227924310305983,0.4227924310305983,0.3221269782756108,0.34897124767303467,1996418,0.0,0.0
2019-08-13 00:00:00-03:00,0.3221269904043482,0.3758155018793434,0.3221269904043482,0.361051470041275,4223792,0.0,0.0
2019-08-14 00:00:00-03:00,0.37581549806930864,0.37581549806930864,0.3355491222066184,0.3422606885433197,2683390,0.0,0.0
2019-08-15 00:00:00-03:00,0.34897126357684116,0.381184147722859,0.34897126357684116,0.37984222173690796,2118468,0.0,0.0
2019-08-16 00:00:00-03:00,0.39863299701832144,0.44963569070674575,0.3959481768018445,0.42413434386253357,1746800,0.0,0.0
2019-08-20 00:00:00-03:00,0.44963567411276106,0.4563472402742257,0.363735279466014,0.40265873074531555,755607,0.0,0.0
2019-08-21 00:00:00-03:00,0.40265872966597976,0.41608086434756253,0.40265872966597976,0.4040016531944275,900338,0.0,0.0
2019-08-22 00:00:00-03:00,0.404001654277363,0.41608086546287665,0.38655277351572986,0.40265873074531555,370993,0.0,0.0
2019-08-23 00:00:00-03:00,0.40937031673467283,0.40937031673467283,0.3825260753406814,0.3892376124858856,271674,0.0,0.0
2019-08-26 00:00:00-03:00,0.38252607199416266,0.38252607199416266,0.3556818308350173,0.3704468309879303,497312,0.0,0.0
2019-08-27 00:00:00-03:00,0.35299797524011517,0.35299797524011517,0.3234699117665015,0.34091776609420776,1536588,0.0,0.0
2019-08-28 00:00:00-03:00,0.3489712545204034,0.3489712545204034,0.32212698459625244,0.32212698459625244,609277,0.0,0.0
2019-08-29 00:00:00-03:00,0.32212698864982503,0.32212698864982503,0.29528374533460594,0.3087048828601837,1079751,0.0,0.0
2019-08-30 00:00:00-03:00,0.2993094739073693,0.3221269671359787,0.2993094739073693,0.30199429392814636,1277867,0.0,0.0
2019-09-02 00:00:00-03:00,0.3087048719270463,0.3221269772413284,0.3019943034019199,0.31675833463668823,748162,0.0,0.0
2019-09-03 00:00:00-03:00,0.3221269671359787,0.3248117871567558,0.2952837256135352,0.30199429392814636,1115216,0.0,0.0
2019-09-04 00:00:00-03:00,0.31675834585504825,0.31675834585504825,0.30333624006540694,0.3087048828601837,458223,0.0,0.0
2019-09-05 00:00:00-03:00,0.31541640778885666,0.3503131421017689,0.31541640778885666,0.339575856924057,688299,0.0,0.0
2019-09-06 00:00:00-03:00,0.3489712441858496,0.3623933494091034,0.33554910962126183,0.3623933494091034,1609845,0.0,0.0
2019-09-09 00:00:00-03:00,0.3758154809474945,0.3825260493730742,0.3556818098013918,0.3758154809474945,932533,0.0,0.0
2019-09-10 00:00:00-03:00,0.3758155064595578,0.39326336111957716,0.3758155064595578,0.3892376124858856,601003,0.0,0.0
2019-09-11 00:00:00-03:00,0.3892376103324089,0.402658748020403,0.3825260732243366,0.4013168513774872,996276,0.0,0.0
2019-09-12 00:00:00-03:00,0.3892375906590552,0.41608086228370667,0.3892375906590552,0.41608086228370667,430518,0.0,0.0
2019-09-13 00:00:00-03:00,0.4160808737322177,0.42681915680983645,0.4066854848720013,0.41876569390296936,804313,0.0,0.0
2019-09-16 00:00:00-03:00,0.42681915484056937,0.42681915484056937,0.402658736890105,0.4093703031539917,797572,0.0,0.0
2019-09-17 00:00:00-03:00,0.40937028779368334,0.40937028779368334,0.3986329734325409,0.3986329734325409,184759,0.0,0.0
2019-09-18 00:00:00-03:00,0.39594816823160156,0.41339704925951404,0.39594816823160156,0.4093703031539917,951780,0.0,0.0
2019-09-19 00:00:00-03:00,0.41608086956097645,0.424134332387107,0.4026587347112169,0.4214495122432709,1818612,0.0,0.0
2019-09-20 00:00:00-03:00,0.4295030032971754,0.4295030032971754,0.417423762682673,0.4227924346923828,2974136,0.0,0.0
2019-09-23 00:00:00-03:00,0.42279242313661386,0.43621452824338647,0.4093702886885075,0.4201076030731201,337940,0.0,0.0
2019-09-24 00:00:00-03:00,0.4227924479590812,0.4227924479590812,0.3919214606285095,0.3919214606285095,802846,0.0,0.0
2019-09-25 00:00:00-03:00,0.3959481757142384,0.3959481757142384,0.3691039347034899,0.38252606987953186,837432,0.0,0.0
2019-09-26 00:00:00-03:00,0.38655277353676804,0.3892375936543067,0.3731306681598108,0.3811841309070587,482129,0.0,0.0
2019-09-27 00:00:00-03:00,0.39997492189585826,0.39997492189585826,0.3758155010942119,0.38252606987953186,992902,0.0,0.0
2019-09-30 00:00:00-03:00,0.3892376108253826,0.3892376108253826,0.375815504856314,0.37984222173690796,212750,0.0,0.0
2019-10-01 00:00:00-03:00,0.3959481568094174,0.3959481568094174,0.3811841257071121,0.38521087169647217,565281,0.0,0.0
2019-10-02 00:00:00-03:00,0.39997490503189637,0.39997490503189637,0.3691039191411275,0.39460626244544983,323813,0.0,0.0
2019-10-03 00:00:00-03:00,0.39460628084963106,0.39460628084963106,0.3852108918131477,0.3919214606285095,410368,0.0,0.0
2019-10-04 00:00:00-03:00,0.3919214483305041,0.4227924346923828,0.3919214483305041,0.4227924346923828,2005609,0.0,0.0
2019-10-07 00:00:00-03:00,0.4362145305428708,0.46976933869601156,0.4201076052876975,0.4295029938220978,2171451,0.0,0.0
2019-10-08 00:00:00-03:00,0.45397400856018066,0.45397400856018066,0.415802001953125,0.4307979941368103,1379027,0.006748,0.0
2019-10-09 00:00:00-03:00,0.4307979941368103,0.4335249960422516,0.415802001953125,0.4335249960422516,984980,0.0,0.0
2019-10-10 00:00:00-03:00,0.4335249960422516,0.4335249960422516,0.4103490114212036,0.42261800169944763,520785,0.0,0.0
2019-10-11 00:00:00-03:00,0.42261800169944763,0.42943501472473145,0.4008060097694397,0.4185279905796051,1281029,0.0,0.0
2019-10-15 00:00:00-03:00,0.4185279905796051,0.42261800169944763,0.4062590003013611,0.41989201307296753,461186,0.0,0.0
2019-10-16 00:00:00-03:00,0.42943501472473145,0.4362510144710541,0.4089849889278412,0.415802001953125,2456761,0.0,0.0
2019-10-17 00:00:00-03:00,0.42943501472473145,0.42943501472473145,0.4103490114212036,0.4130750000476837,1034984,0.0,0.0
2019-10-18 00:00:00-03:00,0.415802001953125,0.4212549924850464,0.4089849889278412,0.4130750000476837,703307,0.0,0.0
2019-10-21 00:00:00-03:00,0.40762200951576233,0.40762200951576233,0.3885360062122345,0.3953529894351959,1614282,0.0,0.0
2019-10-22 00:00:00-03:00,0.3885360062122345,0.4008060097694397,0.37490299344062805,0.385809987783432,1055948,0.0,0.0
2019-10-23 00:00:00-03:00,0.3830829858779907,0.3830829858779907,0.361270010471344,0.3680869936943054,1897143,0.0,0.0
2019-10-24 00:00:00-03:00,0.3680869936943054,0.3680869936943054,0.3490009903907776,0.3639970123767853,1113940,0.0,0.0
2019-10-25 00:00:00-03:00,0.35445401072502136,0.3885360062122345,0.3408209979534149,0.3762669861316681,1671248,0.0,0.0
2019-10-28 00:00:00-03:00,0.3939889967441559,0.40216898918151855,0.37762999534606934,0.3789930045604706,1232580,0.0,0.0
2019-10-29 00:00:00-03:00,0.3789930045604706,0.3953529894351959,0.37490299344062805,0.38717299699783325,397942,0.0,0.0
2019-10-30 00:00:00-03:00,0.38172000646591187,0.42943501472473145,0.38172000646591187,0.4253450036048889,1637696,0.0,0.0
2019-10-31 00:00:00-03:00,0.4362510144710541,0.4485209882259369,0.42670801281929016,0.4403409957885742,968358,0.0,0.0
2019-11-01 00:00:00-03:00,0.44988399744033813,0.45669999718666077,0.4403409957885742,0.4430679976940155,801460,0.0,0.0
2019-11-04 00:00:00-03:00,0.45669999718666077,0.4635170102119446,0.4362510144710541,0.4362510144710541,1510526,0.0,0.0
2019-11-05 00:00:00-03:00,0.4430679976940155,0.4635170102119446,0.4089849889278412,0.45669999718666077,2476676,0.0,0.0
2019-11-06 00:00:00-03:00,0.45669999718666077,0.45669999718666077,0.4362510144710541,0.4362510144710541,209251,0.0,0.0
2019-11-07 00:00:00-03:00,0.44988399744033813,0.4635170102119446,0.4362510144710541,0.46215400099754333,1129183,0.0,0.0
2019-11-08 00:00:00-03:00,0.4676069915294647,0.4676069915294647,0.4430679976940155,0.4457939863204956,205415,0.0,0.0
2019-11-11 00:00:00-03:00,0.4430679976940155,0.4430679976940155,0.42943501472473145,0.42943501472473145,135371,0.0,0.0
2019-11-12 00:00:00-03:00,0.415802001953125,0.42943501472473145,0.415802001953125,0.42943501472473145,393387,0.0,0.0
2019-11-13 00:00:00-03:00,0.4430679976940155,0.4430679976940155,0.4253450036048889,0.42670801281929016,34020,0.0,0.0
2019-11-14 00:00:00-03:00,0.42670801281929016,0.42670801281929016,0.4089849889278412,0.41443899273872375,360687,0.0,0.0
2019-11-15 00:00:00-03:00,0.4089849889278412,0.42943501472473145,0.3885360062122345,0.4253450036048889,159438,0.0,0.0
2019-11-19 00:00:00-03:00,0.4253450036048889,0.4362510144710541,0.4089849889278412,0.4362510144710541,910322,0.0,0.0
2019-11-20 00:00:00-03:00,0.4362510144710541,0.438977986574173,0.42261800169944763,0.438977986574173,666646,0.0,0.0
2019-11-21 00:00:00-03:00,0.44443100690841675,0.44443100690841675,0.415802001953125,0.4185279905796051,337163,0.0,0.0
2019-11-22 00:00:00-03:00,0.4089849889278412,0.42261800169944763,0.39262598752975464,0.4008060097694397,4786161,0.0,0.0
2019-11-25 00:00:00-03:00,0.3953529894351959,0.4062590003013611,0.3953529894351959,0.40216898918151855,635691,0.0,0.0
2019-11-26 00:00:00-03:00,0.40216898918151855,0.4089849889278412,0.3885360062122345,0.3953529894351959,1136474,0.0,0.0
2019-11-27 00:00:00-03:00,0.4089849889278412,0.4089849889278412,0.3980790078639984,0.40489599108695984,358970,0.0,0.0
2019-11-28 00:00:00-03:00,0.40489599108695984,0.40762200951576233,0.3953529894351959,0.39671599864959717,1468297,0.0,0.0
2019-11-29 00:00:00-03:00,0.3953529894351959,0.4185279905796051,0.3953529894351959,0.4130750000476837,997633,0.0,0.0
2019-12-02 00:00:00-03:00,0.42261800169944763,0.42261800169944763,0.4089849889278412,0.4130750000476837,371807,0.0,0.0
2019-12-03 00:00:00-03:00,0.4089849889278412,0.4089849889278412,0.3980790078639984,0.3980790078639984,231440,0.0,0.0
2019-12-04 00:00:00-03:00,0.40216898918151855,0.4430679976940155,0.40216898918151855,0.4430679976940155,2096697,0.0,0.0
2019-12-05 00:00:00-03:00,0.4635170102119446,0.4635170102119446,0.44988399744033813,0.45942699909210205,2423907,0.0,0.0
2019-12-06 00:00:00-03:00,0.4635170102119446,0.48941901326179504,0.4635170102119446,0.4703330099582672,1464541,0.0,0.0
2019-12-09 00:00:00-03:00,0.4703330099582672,0.4907830059528351,0.4607900083065033,0.4607900083065033,1248094,0.0,0.0
2019-12-10 00:00:00-03:00,0.4512470066547394,0.4785130023956299,0.44988399744033813,0.4635170102119446,1659020,0.0,0.0
2019-12-11 00:00:00-03:00,0.47714999318122864,0.47714999318122864,0.4580639898777008,0.4635170102119446,916791,0.0,0.0
2019-12-12 00:00:00-03:00,0.48396599292755127,0.48396599292755127,0.44988399744033813,0.47169700264930725,1021450,0.0,0.0
2019-12-13 00:00:00-03:00,0.4907830059528351,0.4907830059528351,0.4635170102119446,0.4785130023956299,469211,0.0,0.0
2019-12-16 00:00:00-03:00,0.47714999318122864,0.4975990056991577,0.4635170102119446,0.4757860004901886,866149,0.0,0.0
2019-12-17 00:00:00-03:00,0.48941901326179504,0.4975990056991577,0.4703330099582672,0.4907830059528351,1857496,0.0,0.0
2019-12-18 00:00:00-03:00,0.4948729872703552,0.6134780049324036,0.4948729872703552,0.5998460054397583,6069032,0.0,0.0
2019-12-19 00:00:00-03:00,0.62711101770401,0.7416269779205322,0.62711101770401,0.6352909803390503,12654141,0.0,0.0
2019-12-20 00:00:00-03:00,0.6611930131912231,0.6748260259628296,0.5971189737319946,0.62711101770401,2857579,0.0,0.0
2019-12-23 00:00:00-03:00,0.6407439708709717,0.6407439708709717,0.5998460054397583,0.6134780049324036,2099617,0.0,0.0
2019-12-26 00:00:00-03:00,0.6134780049324036,0.6134780049324036,0.5998460054397583,0.6039350032806396,2940673,0.0,0.0
2019-12-27 00:00:00-03:00,0.5998460054397583,0.6162049770355225,0.5930290222167969,0.6121150255203247,1971573,0.0,0.0
2019-12-30 00:00:00-03:00,0.6339280009269714,0.6339280009269714,0.5998460054397583,0.6134780049324036,820333,0.0,0.0
2020-01-02 00:00:00-03:00,0.6148419976234436,0.6339280009269714,0.5875759720802307,0.6134780049324036,494591,0.0,0.0
2020-01-03 00:00:00-03:00,0.6134780049324036,0.6134780049324036,0.5793960094451904,0.6093890070915222,558048,0.0,0.0
2020-01-06 00:00:00-03:00,0.6134780049324036,0.6134780049324036,0.5698530077934265,0.5998460054397583,692348,0.0,0.0
2020-01-07 00:00:00-03:00,0.5930290222167969,0.6407439708709717,0.5930290222167969,0.620294988155365,1161788,0.0,0.0
2020-01-08 00:00:00-03:00,0.62711101770401,0.7361739873886108,0.62711101770401,0.7089080214500427,9997766,0.0,0.0
2020-01-09 00:00:00-03:00,0.7361739873886108,0.7838889956474304,0.7293580174446106,0.7770730257034302,7724744,0.0,0.0
2020-01-10 00:00:00-03:00,0.7852529883384705,0.8452370166778564,0.7852529883384705,0.8179709911346436,8215177,0.0,0.0
2020-01-13 00:00:00-03:00,0.8111550211906433,0.939303994178772,0.8111550211906433,0.9134010076522827,10559438,0.0,0.0
2020-01-14 00:00:00-03:00,0.9406669735908508,1.0769959688186646,0.9338510036468506,1.063362956047058,18626356,0.0,0.0
2020-01-15 00:00:00-03:00,1.090628981590271,1.1383440494537354,0.9406669735908508,1.0020149946212769,17931931,0.0,0.0
2020-01-16 00:00:00-03:00,1.0224640369415283,1.0769959688186646,0.886135995388031,0.9542999863624573,7789976,0.0,0.0
2020-01-17 00:00:00-03:00,0.9883819818496704,1.0211009979248047,0.9515730142593384,0.9802020192146301,2933697,0.0,0.0
2020-01-20 00:00:00-03:00,0.9883819818496704,0.9911090135574341,0.9706590175628662,0.9815660119056702,2227968,0.0,0.0
2020-01-21 00:00:00-03:00,0.982928991317749,0.9883819818496704,0.9270340204238892,0.9542999863624573,2316050,0.0,0.0
2020-01-22 00:00:00-03:00,0.9542999863624573,0.9542999863624573,0.8793190121650696,0.9161279797554016,2346300,0.0,0.0
2020-01-23 00:00:00-03:00,0.9161279797554016,0.947484016418457,0.9134010076522827,0.9174910187721252,875157,0.0,0.0
2020-01-24 00:00:00-03:00,0.9352139830589294,0.947484016418457,0.8725029826164246,0.877955973148346,1505310,0.0,0.0
2020-01-27 00:00:00-03:00,0.8725029826164246,0.8725029826164246,0.8043389916419983,0.8411470055580139,2890082,0.0,0.0
2020-01-28 00:00:00-03:00,0.8411470055580139,1.0074679851531982,0.8411470055580139,1.0047420263290405,9701680,0.0,0.0
2020-01-29 00:00:00-03:00,1.0497299432754517,1.089264988899231,0.9611160159111023,1.0224640369415283,11075507,0.0,0.0
2020-01-30 00:00:00-03:00,1.0088319778442383,1.0565470457077026,0.9352139830589294,0.9747490286827087,8717837,0.0,0.0
2020-01-31 00:00:00-03:00,0.9815660119056702,1.0497299432754517,0.9542999863624573,1.0074679851531982,5249505,0.0,0.0
2020-02-03 00:00:00-03:00,1.0401870012283325,1.0401870012283325,0.9679329991340637,1.0006519556045532,1311441,0.0,0.0
2020-02-04 00:00:00-03:00,1.0429140329360962,1.0838119983673096,1.0088319778442383,1.045639991760254,5775711,0.0,0.0
2020-02-05 00:00:00-03:00,1.0592730045318604,1.0592730045318604,1.0088319778442383,1.0292810201644897,800565,0.0,0.0
2020-02-06 00:00:00-03:00,1.0224640369415283,1.0483670234680176,1.0088319778442383,1.0156480073928833,716525,0.0,0.0
2020-02-07 00:00:00-03:00,1.0224640369415283,1.0415500402450562,1.0088319778442383,1.0360970497131348,1043375,0.0,0.0
2020-02-10 00:00:00-03:00,1.0483670234680176,1.0483670234680176,0.9556630253791809,0.9992889761924744,611082,0.0,0.0
2020-02-11 00:00:00-03:00,0.9979249835014343,0.9979249835014343,0.8997690081596375,0.9624800086021423,1293411,0.0,0.0
2020-02-12 00:00:00-03:00,0.9856560230255127,0.9856560230255127,0.9338510036468506,0.9774760007858276,1672949,0.0,0.0
2020-02-13 00:00:00-03:00,0.9679329991340637,0.9679329991340637,0.9174910187721252,0.9433940052986145,1856315,0.0,0.0
2020-02-14 00:00:00-03:00,0.9611160159111023,0.9733859896659851,0.9420300126075745,0.9597529768943787,782689,0.0,0.0
2020-02-17 00:00:00-03:00,0.9679329991340637,0.9679329991340637,0.9338510036468506,0.957027018070221,696302,0.0,0.0
2020-02-18 00:00:00-03:00,0.9556630253791809,0.9556630253791809,0.9079480171203613,0.9134010076522827,1537160,0.0,0.0
2020-02-19 00:00:00-03:00,0.9134010076522827,1.0156480073928833,0.9134010076522827,0.9951990246772766,2185204,0.0,0.0
2020-02-20 00:00:00-03:00,1.0020149946212769,1.0360970497131348,1.0020149946212769,1.0020149946212769,1527639,0.0,0.0
2020-02-21 00:00:00-03:00,1.0006519556045532,1.0142849683761597,0.9624800086021423,0.9979249835014343,478857,0.0,0.0
2020-02-26 00:00:00-03:00,0.9542999863624573,0.9542999863624573,0.9174910187721252,0.9338510036468506,1033157,0.0,0.0
2020-02-27 00:00:00-03:00,0.9338510036468506,0.9338510036468506,0.8725029826164246,0.877955973148346,1591206,0.0,0.0
2020-02-28 00:00:00-03:00,0.8725029826164246,0.8725029826164246,0.8179709911346436,0.8520539999008179,1295318,0.0,0.0
2020-03-02 00:00:00-03:00,0.8656859993934631,0.9134010076522827,0.8438739776611328,0.8765929937362671,817605,0.0,0.0
2020-03-03 00:00:00-03:00,0.8765929937362671,0.9120380282402039,0.8588700294494629,0.8656859993934631,1294907,0.0,0.0
2020-03-04 00:00:00-03:00,0.886135995388031,0.8997690081596375,0.8670499920845032,0.8725029826164246,523118,0.0,0.0
2020-03-05 00:00:00-03:00,0.9134010076522827,0.9134010076522827,0.8588700294494629,0.8793190121650696,419156,0.0,0.0
2020-03-06 00:00:00-03:00,0.8384209871292114,0.8725029826164246,0.8179709911346436,0.8275139927864075,768415,0.0,0.0
2020-03-09 00:00:00-03:00,0.7975220084190369,0.7975220084190369,0.6952760219573975,0.7566239833831787,2072036,0.0,0.0
2020-03-10 00:00:00-03:00,0.7634400129318237,0.8179709911346436,0.7634400129318237,0.7770730257034302,1002298,0.0,0.0
2020-03-11 00:00:00-03:00,0.7770730257034302,0.7770730257034302,0.7089080214500427,0.734811007976532,783290,0.0,0.0
2020-03-12 00:00:00-03:00,0.7007290124893188,0.7007290124893188,0.6134780049324036,0.6530140042304993,2223465,0.0,0.0
2020-03-13 00:00:00-03:00,0.6680099964141846,0.7361739873886108,0.6571040153503418,0.6952760219573975,1742891,0.0,0.0
2020-03-16 00:00:00-03:00,0.6475610136985779,0.6680099964141846,0.6134780049324036,0.6448339819908142,604436,0.0,0.0
2020-03-17 00:00:00-03:00,0.681643009185791,0.681643009185791,0.6339280009269714,0.663919985294342,635713,0.0,0.0
2020-03-18 00:00:00-03:00,0.6543769836425781,0.6611930131912231,0.5453140139579773,0.5862129926681519,1074234,0.0,0.0
2020-03-19 00:00:00-03:00,0.5930290222167969,0.6107519865036011,0.5793960094451904,0.5930290222167969,846542,0.0,0.0
2020-03-20 00:00:00-03:00,0.6066619753837585,0.681643009185791,0.6066619753837585,0.6325640082359314,2302377,0.0,0.0
2020-03-25 00:00:00-03:00,0.6611930131912231,0.681643009185791,0.6475610136985779,0.6680099964141846,2271686,0.0,0.0
2020-03-26 00:00:00-03:00,0.6830059885978699,0.7184510231018066,0.681643009185791,0.6898220181465149,1303100,0.0,0.0
2020-03-27 00:00:00-03:00,0.6898220181465149,0.6952760219573975,0.6407439708709717,0.681643009185791,562655,0.0,0.0
2020-03-30 00:00:00-03:00,0.6884589791297913,0.7361739873886108,0.6680099964141846,0.7293580174446106,2078477,0.0,0.0
2020-04-01 00:00:00-03:00,0.8356940150260925,0.9665700197219849,0.824787974357605,0.9502099752426147,4474334,0.0,0.0
2020-04-02 00:00:00-03:00,0.9611160159111023,1.0769959688186646,0.9134010076522827,0.9379410147666931,9708370,0.0,0.0
2020-04-03 00:00:00-03:00,0.9611160159111023,1.0088319778442383,0.9338510036468506,0.946120023727417,2910694,0.0,0.0
2020-04-06 00:00:00-03:00,0.9611160159111023,0.9897459745407104,0.9597529768943787,0.9774760007858276,1850183,0.0,0.0
2020-04-07 00:00:00-03:00,0.9802020192146301,0.9883819818496704,0.947484016418457,0.9665700197219849,4475060,0.0,0.0
2020-04-08 00:00:00-03:00,0.9665700197219849,0.9802020192146301,0.9583899974822998,0.9679329991340637,1892434,0.0,0.0
2020-04-13 00:00:00-03:00,0.9774760007858276,0.9951990246772766,0.9202179908752441,0.9706590175628662,2407461,0.0,0.0
2020-04-14 00:00:00-03:00,0.9815660119056702,1.0020149946212769,0.9706590175628662,0.9951990246772766,2120273,0.0,0.0
2020-04-15 00:00:00-03:00,0.9992889761924744,1.0429140329360962,0.9951990246772766,1.0224640369415283,3120855,0.0,0.0
2020-04-16 00:00:00-03:00,1.0292810201644897,1.0292810201644897,0.9556630253791809,1.0020149946212769,1699701,0.0,0.0
2020-04-17 00:00:00-03:00,1.0224640369415283,1.0729060173034668,1.0224640369415283,1.0701789855957031,4478794,0.0,0.0
2020-04-20 00:00:00-03:00,1.0838119983673096,1.1451599597930908,1.0769959688186646,1.1301640272140503,3615813,0.0,0.0
2020-04-21 00:00:00-03:00,1.1301640272140503,1.220141053199768,1.1301640272140503,1.2174140214920044,4842701,0.0,0.0
2020-04-22 00:00:00-03:00,1.2269569635391235,1.3973679542541504,1.2269569635391235,1.3769190311431885,14334617,0.0,0.0
2020-04-23 00:00:00-03:00,1.4314500093460083,1.4859819412231445,1.2814890146255493,1.4723490476608276,11119408,0.0,0.0
2020-04-24 00:00:00-03:00,1.499614953994751,1.6018610000610352,1.3428369760513306,1.5950449705123901,8989893,0.0,0.0
2020-04-27 00:00:00-03:00,1.6018610000610352,2.00403094291687,1.6018610000610352,1.9426829814910889,17331925,0.0,0.0
2020-04-28 00:00:00-03:00,2.00403094291687,2.4539151191711426,1.765455961227417,2.290321111679077,20936017,0.0,0.0
2020-04-29 00:00:00-03:00,2.3448519706726074,2.5084469318389893,2.044929027557373,2.358484983444214,14691974,0.0,0.0
2020-04-30 00:00:00-03:00,2.4266490936279297,2.4266490936279297,2.181257963180542,2.2221570014953613,5546302,0.0,0.0
2020-05-04 00:00:00-03:00,2.208523988723755,2.208523988723755,1.9767650365829468,2.072195053100586,7593407,0.0,0.0
2020-05-05 00:00:00-03:00,2.0790109634399414,2.181257963180542,2.0790109634399414,2.181257963180542,4621545,0.0,0.0
2020-05-06 00:00:00-03:00,2.249422073364258,2.3516690731048584,2.201706886291504,2.290321111679077,6437062,0.0,0.0
2020-05-07 00:00:00-03:00,2.317586898803711,2.3857510089874268,2.290321111679077,2.3516690731048584,5675945,0.0,0.0
2020-05-08 00:00:00-03:00,2.419832944869995,2.4266490936279297,2.2766880989074707,2.3721179962158203,5272435,0.0,0.0
2020-05-11 00:00:00-03:00,2.3721179962158203,2.46754789352417,2.1676249504089355,2.208523988723755,8256312,0.0,0.0
2020-05-12 00:00:00-03:00,2.181257963180542,2.2630550861358643,2.051745891571045,2.1062769889831543,11139089,0.0,0.0
2020-05-13 00:00:00-03:00,2.044929027557373,2.0790109634399414,1.8472529649734497,1.9563159942626953,3985398,0.0,0.0
2020-05-14 00:00:00-03:00,1.9972139596939087,1.9972139596939087,1.8404359817504883,1.8472529649734497,7921673,0.0,0.0
2020-05-15 00:00:00-03:00,1.8745180368423462,2.0381131172180176,1.8608859777450562,2.0312960147857666,6486670,0.0,0.0
2020-05-18 00:00:00-03:00,2.1130940914154053,2.17444109916687,2.044929027557373,2.126725912094116,6588703,0.0,0.0
2020-05-19 00:00:00-03:00,2.133543014526367,2.1403589248657227,1.9426829814910889,2.0312960147857666,2593607,0.0,0.0
2020-05-20 00:00:00-03:00,1.9903980493545532,2.099461078643799,1.9767650365829468,2.0381131172180176,4314287,0.0,0.0
2020-05-21 00:00:00-03:00,2.044929027557373,2.0653789043426514,1.8813350200653076,1.9563159942626953,2844457,0.0,0.0
2020-05-22 00:00:00-03:00,1.9563159942626953,2.0585620403289795,1.9358659982681274,2.024480104446411,2748079,0.0,0.0
2020-05-26 00:00:00-03:00,2.0176639556884766,2.024480104446411,1.9086010456085205,1.9563159942626953,2477498,0.0,0.0
2020-05-27 00:00:00-03:00,1.9563159942626953,2.00403094291687,1.9086010456085205,1.922232985496521,1250507,0.0,0.0
2020-05-28 00:00:00-03:00,1.922232985496521,1.922232985496521,1.8404359817504883,1.8813350200653076,1668402,0.0,0.0
2020-05-29 00:00:00-03:00,1.894968032836914,1.922232985496521,1.7041079998016357,1.915416955947876,2250920,0.0,0.0
2020-06-01 00:00:00-03:00,1.9086010456085205,2.051745891571045,1.9017839431762695,2.0381131172180176,2568014,0.0,0.0
2020-06-02 00:00:00-03:00,2.0176639556884766,2.099461078643799,1.9972139596939087,2.072195053100586,3463791,0.0,0.0
2020-06-03 00:00:00-03:00,2.099461078643799,2.1676249504089355,2.099461078643799,2.1403589248657227,2715951,0.0,0.0
2020-06-04 00:00:00-03:00,2.1676249504089355,2.1676249504089355,1.9358659982681274,2.0653789043426514,2781785,0.0,0.0
2020-06-05 00:00:00-03:00,2.092643976211548,2.099461078643799,1.9835809469223022,2.00403094291687,3337757,0.0,0.0
2020-06-08 00:00:00-03:00,2.0176639556884766,2.072195053100586,1.9631320238113403,1.9903980493545532,3488100,0.0,0.0
2020-06-09 00:00:00-03:00,1.9699490070343018,1.9767650365829468,1.8881510496139526,1.9358659982681274,2696916,0.0,0.0
2020-06-10 00:00:00-03:00,1.9494990110397339,1.9563159942626953,1.8813350200653076,1.9358659982681274,1171433,0.0,0.0
2020-06-11 00:00:00-03:00,1.9426829814910889,1.9426829814910889,1.8677020072937012,1.8677020072937012,1976576,0.0,0.0
2020-06-12 00:00:00-03:00,1.9086010456085205,2.00403094291687,1.8813350200653076,1.9563159942626953,1285247,0.0,0.0
2020-06-16 00:00:00-03:00,1.9972139596939087,1.9972139596939087,1.922232985496521,1.9767650365829468,752387,0.0,0.0
2020-06-17 00:00:00-03:00,1.9767650365829468,2.0108470916748047,1.9290499687194824,1.9631320238113403,1112187,0.0,0.0
2020-06-18 00:00:00-03:00,1.9631320238113403,1.9767650365829468,1.80635404586792,1.9699490070343018,2242213,0.0,0.0
2020-06-19 00:00:00-03:00,2.0312960147857666,2.0312960147857666,1.9426829814910889,1.9903980493545532,2268158,0.0,0.0
2020-06-22 00:00:00-03:00,1.9903980493545532,2.290321111679077,1.9767650365829468,2.269871950149536,12078488,0.0,0.0
2020-06-23 00:00:00-03:00,2.338036060333252,2.4539151191711426,2.2153398990631104,2.317586898803711,10388520,0.0,0.0
2020-06-24 00:00:00-03:00,2.317586898803711,2.317586898803711,2.1130940914154053,2.2766880989074707,3993657,0.0,0.0
2020-06-25 00:00:00-03:00,2.2971370220184326,2.317586898803711,2.1199100017547607,2.1676249504089355,3532038,0.0,0.0
2020-06-26 00:00:00-03:00,2.2153398990631104,2.249422073364258,2.126725912094116,2.181257963180542,2610361,0.0,0.0
2020-06-29 00:00:00-03:00,2.181257963180542,2.249422073364258,2.0653789043426514,2.092643976211548,4426369,0.0,0.0
2020-06-30 00:00:00-03:00,2.092643976211548,2.1062769889831543,1.915416955947876,1.9563159942626953,4342425,0.0,0.0
2020-07-01 00:00:00-03:00,1.9086010456085205,2.0312960147857666,1.9086010456085205,1.9903980493545532,1765799,0.0,0.0
2020-07-02 00:00:00-03:00,2.0176639556884766,2.1403589248657227,2.0176639556884766,2.1403589248657227,3068115,0.0,0.0
2020-07-03 00:00:00-03:00,2.181257963180542,2.2562389373779297,2.0790109634399414,2.2221570014953613,2413623,0.0,0.0
2020-07-06 00:00:00-03:00,2.310770034790039,2.310770034790039,2.044929027557373,2.181257963180542,3536776,0.0,0.0
2020-07-07 00:00:00-03:00,2.2221570014953613,2.2221570014953613,2.0585620403289795,2.1130940914154053,1387830,0.0,0.0
2020-07-08 00:00:00-03:00,2.1062769889831543,2.2426059246063232,2.0858280658721924,2.1948909759521484,2906432,0.0,0.0
2020-07-13 00:00:00-03:00,2.2153398990631104,2.249422073364258,2.1403589248657227,2.153991937637329,1811578,0.0,0.0
2020-07-14 00:00:00-03:00,2.1676249504089355,2.181257963180542,2.099461078643799,2.16080904006958,948157,0.0,0.0
2020-07-15 00:00:00-03:00,2.17444109916687,2.1948909759521484,2.1403589248657227,2.1471760272979736,889761,0.0,0.0
2020-07-16 00:00:00-03:00,2.181257963180542,2.2357890605926514,2.1062769889831543,2.201706886291504,2908082,0.0,0.0
2020-07-17 00:00:00-03:00,2.2630550861358643,2.269871950149536,2.126725912094116,2.1948909759521484,1662020,0.0,0.0
2020-07-20 00:00:00-03:00,2.208523988723755,2.2221570014953613,2.1130940914154053,2.1403589248657227,2660709,0.0,0.0
2020-07-21 00:00:00-03:00,2.1199100017547607,2.1676249504089355,2.1199100017547607,2.1403589248657227,1445682,0.0,0.0
2020-07-22 00:00:00-03:00,2.1403589248657227,2.153991937637329,2.099461078643799,2.1130940914154053,2185886,0.0,0.0
2020-07-23 00:00:00-03:00,2.1199100017547607,2.1948909759521484,2.0653789043426514,2.126725912094116,2921278,0.0,0.0
2020-07-24 00:00:00-03:00,2.1199100017547607,2.1676249504089355,2.0653789043426514,2.1130940914154053,1856161,0.0,0.0
2020-07-27 00:00:00-03:00,2.153991937637329,2.2971370220184326,2.1199100017547607,2.2357890605926514,7429274,0.0,0.0
2020-07-28 00:00:00-03:00,2.2971370220184326,2.4539151191711426,2.2426059246063232,2.419832944869995,17023736,0.0,0.0
2020-07-29 00:00:00-03:00,2.4811809062957764,2.685673952102661,2.4811809062957764,2.644774913787842,18767441,0.0,0.0
2020-07-30 00:00:00-03:00,2.644774913787842,2.7265729904174805,2.474364995956421,2.6584079265594482,6832782,0.0,0.0
2020-07-31 00:00:00-03:00,2.6924901008605957,2.7265729904174805,2.5357120037078857,2.576611042022705,5564002,0.0,0.0
2020-08-03 00:00:00-03:00,2.6515920162200928,2.6584079265594482,2.317586898803711,2.5220799446105957,9028388,0.0,0.0
2020-08-04 00:00:00-03:00,2.6584079265594482,2.6788570880889893,2.5220799446105957,2.5220799446105957,3906750,0.0,0.0
2020-08-05 00:00:00-03:00,2.5220799446105957,2.62432599067688,2.3857510089874268,2.5084469318389893,2336104,0.0,0.0
2020-08-06 00:00:00-03:00,2.4811809062957764,2.556162118911743,2.358484983444214,2.4811809062957764,2112109,0.0,0.0
2020-08-07 00:00:00-03:00,2.515263080596924,2.576611042022705,2.4811809062957764,2.5697948932647705,2406559,0.0,0.0
2020-08-10 00:00:00-03:00,2.5902440547943115,2.6584079265594482,2.5902440547943115,2.5902440547943115,2826896,0.0,0.0
2020-08-11 00:00:00-03:00,2.5902440547943115,2.644774913787842,2.5357120037078857,2.556162118911743,1373621,0.0,0.0
2020-08-12 00:00:00-03:00,2.597059965133667,2.597059965133667,2.46754789352417,2.4811809062957764,1384793,0.0,0.0
2020-08-13 00:00:00-03:00,2.474364995956421,2.549345016479492,2.4539151191711426,2.46754789352417,1055376,0.0,0.0
2020-08-14 00:00:00-03:00,2.494813919067383,2.494813919067383,2.3925669193267822,2.487997055053711,1746214,0.0,0.0
2020-08-18 00:00:00-03:00,2.5220799446105957,2.5902440547943115,2.474364995956421,2.5357120037078857,1206122,0.0,0.0
2020-08-19 00:00:00-03:00,2.5084469318389893,2.5834269523620605,2.4811809062957764,2.5084469318389893,1895192,0.0,0.0
2020-08-20 00:00:00-03:00,2.5288960933685303,2.556162118911743,2.4266490936279297,2.5425291061401367,1361724,0.0,0.0
2020-08-21 00:00:00-03:00,2.576611042022705,2.6788570880889893,2.556162118911743,2.6788570880889893,4412836,0.0,0.0
2020-08-24 00:00:00-03:00,2.6720409393310547,2.862900972366333,2.6720409393310547,2.78110408782959,5482882,0.0,0.0
2020-08-25 00:00:00-03:00,2.8015530109405518,2.862900972366333,2.5902440547943115,2.6311419010162354,3260532,0.0,0.0
2020-08-26 00:00:00-03:00,2.6584079265594482,2.712939977645874,2.5357120037078857,2.5425291061401367,1671519,0.0,0.0
2020-08-27 00:00:00-03:00,2.549345016479492,2.5902440547943115,2.5357120037078857,2.576611042022705,1077440,0.0,0.0
2020-08-28 00:00:00-03:00,2.6175100803375244,2.6584079265594482,2.5357120037078857,2.6175100803375244,1415909,0.0,0.0
2020-08-31 00:00:00-03:00,2.6379590034484863,2.7265729904174805,2.5220799446105957,2.5697948932647705,2142843,0.0,0.0
2020-09-01 00:00:00-03:00,2.5697948932647705,2.6515920162200928,2.4539151191711426,2.576611042022705,1745854,0.0,0.0
2020-09-02 00:00:00-03:00,2.5902440547943115,2.6175100803375244,2.494813919067383,2.5220799446105957,754045,0.0,0.0
2020-09-03 00:00:00-03:00,2.5357120037078857,2.576611042022705,2.4539151191711426,2.5016300678253174,1370885,0.0,0.0
2020-09-04 00:00:00-03:00,2.5016300678253174,2.5697948932647705,2.201706886291504,2.5629780292510986,2463135,0.0,0.0
2020-09-07 00:00:00-03:00,2.603877067565918,2.62432599067688,2.4539151191711426,2.5697948932647705,1205894,0.0,0.0
2020-09-08 00:00:00-03:00,2.549345016479492,2.5902440547943115,2.4266490936279297,2.4811809062957764,623647,0.0,0.0
2020-09-09 00:00:00-03:00,2.4811809062957764,2.5357120037078857,2.4539151191711426,2.494813919067383,502880,0.0,0.0
2020-09-10 00:00:00-03:00,2.5016300678253174,2.515263080596924,2.4539151191711426,2.474364995956421,913175,0.0,0.0
2020-09-11 00:00:00-03:00,2.5288960933685303,2.5288960933685303,2.4539151191711426,2.46754789352417,742309,0.0,0.0
2020-09-14 00:00:00-03:00,2.5357120037078857,2.5357120037078857,2.440282106399536,2.5084469318389893,1155061,0.0,0.0
2020-09-15 00:00:00-03:00,2.5220799446105957,2.5220799446105957,2.4266490936279297,2.4334659576416016,1638430,0.0,0.0
2020-09-16 00:00:00-03:00,2.378933906555176,2.3857510089874268,2.2357890605926514,2.269871950149536,3009052,0.0,0.0
2020-09-17 00:00:00-03:00,2.249422073364258,2.2562389373779297,2.0312960147857666,2.0312960147857666,3654976,0.0,0.0
2020-09-18 00:00:00-03:00,2.0312960147857666,2.181257963180542,1.9494990110397339,2.126725912094116,2096705,0.0,0.0
2020-09-21 00:00:00-03:00,2.1403589248657227,2.1948909759521484,2.0176639556884766,2.092643976211548,1342028,0.0,0.0
2020-09-22 00:00:00-03:00,2.0858280658721924,2.2357890605926514,2.0585620403289795,2.181257963180542,1193608,0.0,0.0
2020-09-23 00:00:00-03:00,2.228972911834717,2.3244030475616455,2.228972911834717,2.2630550861358643,3725497,0.0,0.0
2020-09-24 00:00:00-03:00,2.310770034790039,2.3857510089874268,2.310770034790039,2.3721179962158203,1290367,0.0,0.0
2020-09-25 00:00:00-03:00,2.3448519706726074,2.4061999320983887,2.317586898803711,2.3925669193267822,1892580,0.0,0.0
2020-09-28 00:00:00-03:00,2.4130170345306396,2.4334659576416016,2.317586898803711,2.317586898803711,1415014,0.0,0.0
2020-09-29 00:00:00-03:00,2.2971370220184326,2.3857510089874268,2.2426059246063232,2.249422073364258,848207,0.0,0.0
2020-09-30 00:00:00-03:00,2.181257963180542,2.317586898803711,2.181257963180542,2.2562389373779297,467641,0.0,0.0
2020-10-01 00:00:00-03:00,2.3327391147613525,2.459594964981079,2.2975010871887207,2.396167039871216,742449,0.0,0.0
2020-10-02 00:00:00-03:00,2.367975950241089,2.4314041137695312,2.2975010871887207,2.410262107849121,810983,0.0,0.0
2020-10-05 00:00:00-03:00,2.410262107849121,2.445499897003174,2.3538808822631836,2.396167039871216,561500,0.0,0.0
2020-10-06 00:00:00-03:00,2.3468339443206787,2.410262107849121,2.3327391147613525,2.3538808822631836,766862,0.0,0.0
2020-10-07 00:00:00-03:00,2.410262107849121,2.4314041137695312,2.3468339443206787,2.396167039871216,625309,0.0,0.0
2020-10-08 00:00:00-03:00,2.396167039871216,2.396167039871216,2.2904529571533203,2.3538808822631836,878085,0.0,0.0
2020-10-09 00:00:00-03:00,2.396167039871216,2.396167039871216,2.26931095123291,2.304548978805542,1397826,0.0,0.0
2020-10-13 00:00:00-03:00,2.255215883255005,2.2834060192108154,2.2129299640655518,2.255215883255005,2326936,0.0,0.0
2020-10-14 00:00:00-03:00,2.2904529571533203,2.2904529571533203,2.1847400665283203,2.2411210536956787,2541031,0.0,0.0
2020-10-15 00:00:00-03:00,2.227025032043457,2.3186440467834473,2.219978094100952,2.2904529571533203,2416633,0.0,0.0
2020-10-16 00:00:00-03:00,2.3397860527038574,2.466641902923584,2.2975010871887207,2.466641902923584,4617058,0.0,0.0
2020-10-19 00:00:00-03:00,2.445499897003174,2.5934979915618896,2.360929012298584,2.501879930496216,3424090,0.0,0.0
2020-10-20 00:00:00-03:00,2.5230228900909424,2.565308094024658,2.396167039871216,2.445499897003174,2419464,0.0,0.0
2020-10-21 00:00:00-03:00,2.3820719718933105,2.452547073364258,2.3397860527038574,2.410262107849121,4250994,0.0,0.0
2020-10-22 00:00:00-03:00,2.459594964981079,2.5089271068573,2.396167039871216,2.5089271068573,1842845,0.0,0.0
2020-10-23 00:00:00-03:00,2.5300700664520264,2.551213026046753,2.2975010871887207,2.3891189098358154,1983611,0.0,0.0
2020-10-26 00:00:00-03:00,2.3891189098358154,2.3891189098358154,2.1988348960876465,2.255215883255005,2649367,0.0,0.0
2020-10-27 00:00:00-03:00,2.276357889175415,2.4384520053863525,2.1565499305725098,2.1988348960876465,3410511,0.0,0.0
2020-10-28 00:00:00-03:00,2.205883026123047,2.2975010871887207,2.0437889099121094,2.1847400665283203,2107647,0.0,0.0
2020-10-29 00:00:00-03:00,2.1776928901672363,2.255215883255005,2.114264965057373,2.170644998550415,1237933,0.0,0.0
2020-10-30 00:00:00-03:00,2.227025032043457,2.227025032043457,2.0931220054626465,2.135406970977783,1855708,0.0,0.0
2020-11-02 00:00:00-03:00,2.135406970977783,2.1988348960876465,2.0578839778900146,2.1001698970794678,2819930,0.0,0.0
2020-11-03 00:00:00-03:00,2.1001698970794678,2.1565499305725098,2.064932107925415,2.1565499305725098,4416676,0.0,0.0
2020-11-04 00:00:00-03:00,2.1847400665283203,2.1847400665283203,2.1001698970794678,2.1283600330352783,1393888,0.0,0.0
2020-11-05 00:00:00-03:00,2.1424551010131836,2.2975010871887207,2.064932107925415,2.26931095123291,6396740,0.0,0.0
2020-11-06 00:00:00-03:00,2.2834060192108154,2.3820719718933105,2.1988348960876465,2.26931095123291,3843434,0.0,0.0
2020-11-09 00:00:00-03:00,2.3538808822631836,2.3538808822631836,2.2129299640655518,2.255215883255005,3205681,0.0,0.0
2020-11-10 00:00:00-03:00,2.262263059616089,2.3538808822631836,2.219978094100952,2.3397860527038574,4313264,0.0,0.0
2020-11-11 00:00:00-03:00,2.3750240802764893,2.3891189098358154,2.262263059616089,2.2904529571533203,3255606,0.0,0.0
2020-11-12 00:00:00-03:00,2.276357889175415,2.2834060192108154,2.219978094100952,2.276357889175415,4979850,0.0,0.0
2020-11-13 00:00:00-03:00,2.2834060192108154,2.3538808822631836,2.276357889175415,2.3186440467834473,4256024,0.0,0.0
2020-11-16 00:00:00-03:00,2.255215883255005,2.4877851009368896,2.255215883255005,2.4877851009368896,5042525,0.0,0.0
2020-11-17 00:00:00-03:00,2.515974998474121,2.5864510536193848,2.501879930496216,2.5371179580688477,7647295,0.0,0.0
2020-11-18 00:00:00-03:00,2.572355031967163,2.572355031967163,2.396167039871216,2.4384520053863525,3836453,0.0,0.0
2020-11-19 00:00:00-03:00,2.501879930496216,2.501879930496216,2.311595916748047,2.4384520053863525,2141361,0.0,0.0
2020-11-20 00:00:00-03:00,2.3397860527038574,2.4384520053863525,2.3397860527038574,2.3820719718933105,1900064,0.0,0.0
2020-11-24 00:00:00-03:00,2.3820719718933105,2.4243569374084473,2.311595916748047,2.3820719718933105,3006023,0.0,0.0
2020-11-25 00:00:00-03:00,2.396167039871216,2.4243569374084473,2.3397860527038574,2.3538808822631836,1452717,0.0,0.0
2020-11-26 00:00:00-03:00,2.3538808822631836,2.3891189098358154,2.325690984725952,2.3538808822631836,605472,0.0,0.0
2020-11-27 00:00:00-03:00,2.3538808822631836,2.396167039871216,2.325690984725952,2.3820719718933105,1100424,0.0,0.0
2020-11-30 00:00:00-03:00,2.396167039871216,2.459594964981079,2.2975010871887207,2.3468339443206787,1024263,0.0,0.0
2020-12-01 00:00:00-03:00,2.3397860527038574,2.3891189098358154,2.304548978805542,2.3327391147613525,1451277,0.0,0.0
2020-12-02 00:00:00-03:00,2.367975950241089,2.3820719718933105,2.304548978805542,2.3750240802764893,2782065,0.0,0.0
2020-12-03 00:00:00-03:00,2.396167039871216,2.445499897003174,2.325690984725952,2.3538808822631836,1728054,0.0,0.0
2020-12-04 00:00:00-03:00,2.3891189098358154,2.3891189098358154,2.311595916748047,2.3327391147613525,821235,0.0,0.0
2020-12-09 00:00:00-03:00,2.3327391147613525,2.3750240802764893,2.205883026123047,2.2340729236602783,1459613,0.0,0.0
2020-12-10 00:00:00-03:00,2.2481679916381836,2.304548978805542,2.1847400665283203,2.2975010871887207,1689587,0.0,0.0
2020-12-11 00:00:00-03:00,2.367975950241089,2.367975950241089,2.255215883255005,2.2904529571533203,799838,0.0,0.0
2020-12-14 00:00:00-03:00,2.3750240802764893,2.396167039871216,2.2129299640655518,2.262263059616089,1188632,0.0,0.0
2020-12-15 00:00:00-03:00,2.255215883255005,2.3327391147613525,2.219978094100952,2.255215883255005,737866,0.0,0.0
2020-12-16 00:00:00-03:00,2.255215883255005,2.2834060192108154,2.205883026123047,2.227025032043457,839206,0.0,0.0
2020-12-17 00:00:00-03:00,2.2129299640655518,2.2834060192108154,2.1988348960876465,2.255215883255005,1589928,0.0,0.0
2020-12-18 00:00:00-03:00,2.262263059616089,2.2834060192108154,2.205883026123047,2.2129299640655518,1001993,0.0,0.0
2020-12-21 00:00:00-03:00,2.1988348960876465,2.1988348960876465,2.07197904586792,2.16359806060791,1942440,0.0,0.0
2020-12-22 00:00:00-03:00,2.170644998550415,2.1988348960876465,2.1424551010131836,2.16359806060791,973338,0.0,0.0
2020-12-23 00:00:00-03:00,2.1847400665283203,2.1847400665283203,2.121311902999878,2.170644998550415,573263,0.0,0.0
2020-12-28 00:00:00-03:00,2.1424551010131836,2.1495020389556885,2.1072170734405518,2.1283600330352783,1379330,0.0,0.0
2020-12-29 00:00:00-03:00,2.1565499305725098,2.1917879581451416,2.086074113845825,2.1283600330352783,752843,0.0,0.0
2020-12-30 00:00:00-03:00,2.1283600330352783,2.170644998550415,2.114264965057373,2.16359806060791,1046838,0.0,0.0
2021-01-04 00:00:00-03:00,2.1565499305725098,2.1847400665283203,2.0437889099121094,2.1283600330352783,1804981,0.0,0.0
2021-01-05 00:00:00-03:00,2.086074113845825,2.227025032043457,2.064932107925415,2.227025032043457,2472178,0.0,0.0
2021-01-06 00:00:00-03:00,2.227025032043457,2.227025032043457,2.1495020389556885,2.2129299640655518,1687118,0.0,0.0
2021-01-07 00:00:00-03:00,2.1988348960876465,2.3397860527038574,2.1988348960876465,2.3327391147613525,3994487,0.0,0.0
2021-01-08 00:00:00-03:00,2.3327391147613525,2.360929012298584,2.26931095123291,2.304548978805542,1238345,0.0,0.0
2021-01-11 00:00:00-03:00,2.2904529571533203,2.2904529571533203,2.205883026123047,2.2481679916381836,1278642,0.0,0.0
2021-01-12 00:00:00-03:00,2.2129299640655518,2.2904529571533203,2.1847400665283203,2.219978094100952,1153521,0.0,0.0
2021-01-13 00:00:00-03:00,2.2129299640655518,2.2975010871887207,2.1847400665283203,2.2834060192108154,2055763,0.0,0.0
2021-01-14 00:00:00-03:00,2.3186440467834473,2.325690984725952,2.255215883255005,2.255215883255005,1237337,0.0,0.0
2021-01-15 00:00:00-03:00,2.255215883255005,2.311595916748047,2.227025032043457,2.311595916748047,1850572,0.0,0.0
2021-01-18 00:00:00-03:00,2.325690984725952,2.325690984725952,2.2834060192108154,2.3186440467834473,781959,0.0,0.0
2021-01-19 00:00:00-03:00,2.3186440467834473,2.3397860527038574,2.276357889175415,2.2904529571533203,1250370,0.0,0.0
2021-01-20 00:00:00-03:00,2.2411210536956787,2.3820719718933105,2.1847400665283203,2.3750240802764893,5098104,0.0,0.0
2021-01-21 00:00:00-03:00,2.3891189098358154,2.410262107849121,2.276357889175415,2.4032139778137207,5725925,0.0,0.0
2021-01-22 00:00:00-03:00,2.4032139778137207,2.417309045791626,2.325690984725952,2.360929012298584,1514504,0.0,0.0
2021-01-25 00:00:00-03:00,2.396167039871216,2.396167039871216,2.255215883255005,2.304548978805542,870139,0.0,0.0
2021-01-26 00:00:00-03:00,2.255215883255005,2.3538808822631836,2.255215883255005,2.276357889175415,883016,0.0,0.0
2021-01-27 00:00:00-03:00,2.325690984725952,2.325690984725952,2.1988348960876465,2.2411210536956787,1635327,0.0,0.0
2021-01-28 00:00:00-03:00,2.255215883255005,2.255215883255005,2.1988348960876465,2.219978094100952,971678,0.0,0.0
2021-01-29 00:00:00-03:00,2.1988348960876465,2.255215883255005,2.1917879581451416,2.1917879581451416,759412,0.0,0.0
2021-02-01 00:00:00-03:00,2.255215883255005,2.255215883255005,2.170644998550415,2.227025032043457,506793,0.0,0.0
2021-02-02 00:00:00-03:00,2.1988348960876465,2.255215883255005,2.1917879581451416,2.2129299640655518,941511,0.0,0.0
2021-02-03 00:00:00-03:00,2.2129299640655518,2.26931095123291,2.1917879581451416,2.26931095123291,1492596,0.0,0.0
2021-02-04 00:00:00-03:00,2.227025032043457,2.26931095123291,2.227025032043457,2.255215883255005,484452,0.0,0.0
2021-02-05 00:00:00-03:00,2.2834060192108154,2.2834060192108154,2.227025032043457,2.2411210536956787,804832,0.0,0.0
2021-02-08 00:00:00-03:00,2.255215883255005,2.262263059616089,2.170644998550415,2.262263059616089,2700186,0.0,0.0
2021-02-09 00:00:00-03:00,2.2481679916381836,2.255215883255005,2.2129299640655518,2.227025032043457,1226880,0.0,0.0
2021-02-10 00:00:00-03:00,2.219978094100952,2.2481679916381836,2.1988348960876465,2.2129299640655518,491951,0.0,0.0
2021-02-11 00:00:00-03:00,2.2129299640655518,2.2481679916381836,2.1776928901672363,2.2340729236602783,1156345,0.0,0.0
2021-02-12 00:00:00-03:00,2.227025032043457,2.3468339443206787,2.1988348960876465,2.2411210536956787,5999964,0.0,0.0
2021-02-17 00:00:00-03:00,2.325690984725952,2.325690984725952,2.2340729236602783,2.2411210536956787,735759,0.0,0.0
2021-02-18 00:00:00-03:00,2.255215883255005,2.3891189098358154,2.1988348960876465,2.3750240802764893,5050492,0.0,0.0
2021-02-19 00:00:00-03:00,2.3538808822631836,2.3750240802764893,2.2904529571533203,2.325690984725952,1095245,0.0,0.0
2021-02-22 00:00:00-03:00,2.3538808822631836,2.3538808822631836,2.1988348960876465,2.255215883255005,571056,0.0,0.0
2021-02-23 00:00:00-03:00,2.255215883255005,2.255215883255005,2.16359806060791,2.219978094100952,529488,0.0,0.0
2021-02-24 00:00:00-03:00,2.2411210536956787,2.2834060192108154,2.219978094100952,2.276357889175415,330327,0.0,0.0
2021-02-25 00:00:00-03:00,2.276357889175415,2.2834060192108154,2.1988348960876465,2.2129299640655518,491873,0.0,0.0
2021-02-26 00:00:00-03:00,2.255215883255005,2.255215883255005,2.121311902999878,2.1917879581451416,383658,0.0,0.0
2021-03-01 00:00:00-03:00,2.1988348960876465,2.227025032043457,2.1565499305725098,2.1847400665283203,1243424,0.0,0.0
2021-03-02 00:00:00-03:00,2.1847400665283203,2.255215883255005,2.1424551010131836,2.1495020389556885,665181,0.0,0.0
2021-03-03 00:00:00-03:00,2.1424551010131836,2.2129299640655518,2.114264965057373,2.135406970977783,812033,0.0,0.0
2021-03-04 00:00:00-03:00,2.1283600330352783,2.2481679916381836,2.1072170734405518,2.2129299640655518,3551191,0.0,0.0
2021-03-05 00:00:00-03:00,2.1847400665283203,2.2411210536956787,2.1565499305725098,2.170644998550415,154706,0.0,0.0
2021-03-08 00:00:00-03:00,2.255215883255005,2.255215883255005,2.0578839778900146,2.114264965057373,891699,0.0,0.0
2021-03-09 00:00:00-03:00,2.1283600330352783,2.1283600330352783,1.980360984802246,2.079026937484741,1275592,0.0,0.0
2021-03-10 00:00:00-03:00,2.114264965057373,2.255215883255005,2.0085508823394775,2.227025032043457,6919453,0.0,0.0
2021-03-11 00:00:00-03:00,2.2129299640655518,2.2129299640655518,2.121311902999878,2.1495020389556885,973494,0.0,0.0
2021-03-12 00:00:00-03:00,2.1917879581451416,2.1917879581451416,2.121311902999878,2.1424551010131836,414548,0.0,0.0
2021-03-15 00:00:00-03:00,2.121311902999878,2.1565499305725098,2.114264965057373,2.135406970977783,1133010,0.0,0.0
2021-03-16 00:00:00-03:00,2.1283600330352783,2.1424551010131836,2.114264965057373,2.1283600330352783,1015303,0.0,0.0
2021-03-17 00:00:00-03:00,2.170644998550415,2.170644998550415,2.1001698970794678,2.1283600330352783,685862,0.0,0.0
2021-03-18 00:00:00-03:00,2.16359806060791,2.16359806060791,2.079026937484741,2.0931220054626465,664968,0.0,0.0
2021-03-19 00:00:00-03:00,2.0931220054626465,2.1424551010131836,2.0508370399475098,2.086074113845825,465140,0.0,0.0
2021-03-22 00:00:00-03:00,2.1424551010131836,2.1495020389556885,1.9733140468597412,2.015599012374878,2311292,0.0,0.0
2021-03-23 00:00:00-03:00,2.015599012374878,2.1001698970794678,1.952170968055725,1.9662660360336304,1675255,0.0,0.0
2021-03-25 00:00:00-03:00,2.0578839778900146,2.0578839778900146,1.8464579582214355,1.923980951309204,2044490,0.0,0.0
2021-03-26 00:00:00-03:00,1.9451229572296143,1.987408995628357,1.8746479749679565,1.952170968055725,997715,0.0,0.0
2021-03-29 00:00:00-03:00,1.959218978881836,2.0015039443969727,1.9310280084609985,2.0015039443969727,455576,0.0,0.0
2021-03-30 00:00:00-03:00,2.0015039443969727,2.0508370399475098,1.9662660360336304,1.9733140468597412,638824,0.0,0.0
2021-03-31 00:00:00-03:00,1.9733140468597412,2.205883026123047,1.9733140468597412,2.1495020389556885,9164936,0.0,0.0
2021-04-05 00:00:00-03:00,2.1495020389556885,2.170644998550415,1.9944560527801514,2.1001698970794678,603855,0.0,0.0
2021-04-06 00:00:00-03:00,2.0578839778900146,2.1283600330352783,2.0578839778900146,2.1001698970794678,409085,0.0,0.0
2021-04-07 00:00:00-03:00,2.135406970977783,2.1988348960876465,2.07197904586792,2.1917879581451416,1576639,0.0,0.0
2021-04-08 00:00:00-03:00,2.1776928901672363,2.1988348960876465,2.114264965057373,2.1988348960876465,593440,0.0,0.0
2021-04-09 00:00:00-03:00,2.2129299640655518,2.227025032043457,2.1495020389556885,2.1988348960876465,623244,0.0,0.0
2021-04-12 00:00:00-03:00,2.1988348960876465,2.1988348960876465,2.086074113845825,2.1283600330352783,1365765,0.0,0.0
2021-04-13 00:00:00-03:00,2.1424551010131836,2.1495020389556885,2.114264965057373,2.135406970977783,518570,0.0,0.0
2021-04-14 00:00:00-03:00,2.16359806060791,2.16359806060791,2.1001698970794678,2.1001698970794678,662442,0.0,0.0
2021-04-15 00:00:00-03:00,2.0931220054626465,2.2340729236602783,2.0437889099121094,2.227025032043457,7020950,0.0,0.0
2021-04-16 00:00:00-03:00,2.2129299640655518,2.2129299640655518,2.135406970977783,2.1917879581451416,302942,0.0,0.0
2021-04-19 00:00:00-03:00,2.170644998550415,2.1847400665283203,2.114264965057373,2.1424551010131836,954423,0.0,0.0
2021-04-20 00:00:00-03:00,2.114264965057373,2.1424551010131836,2.114264965057373,2.135406970977783,1417400,0.0,0.0
2021-04-21 00:00:00-03:00,2.135406970977783,2.135406970977783,2.0931220054626465,2.1283600330352783,469468,0.0,0.0
2021-04-22 00:00:00-03:00,2.1424551010131836,2.1565499305725098,2.114264965057373,2.135406970977783,415612,0.0,0.0
2021-04-23 00:00:00-03:00,2.1565499305725098,2.1565499305725098,2.1001698970794678,2.1283600330352783,639654,0.0,0.0
2021-04-26 00:00:00-03:00,2.1283600330352783,2.1565499305725098,2.086074113845825,2.114264965057373,683577,0.0,0.0
2021-04-27 00:00:00-03:00,2.114264965057373,2.1424551010131836,2.0931220054626465,2.114264965057373,1998928,0.0,0.0
2021-04-28 00:00:00-03:00,2.086074113845825,2.1283600330352783,2.07197904586792,2.1283600330352783,2457939,0.0,0.0
2021-04-29 00:00:00-03:00,2.1283600330352783,2.1283600330352783,2.0931220054626465,2.114264965057373,220310,0.0,0.0
2021-04-30 00:00:00-03:00,2.0931220054626465,2.114264965057373,2.07197904586792,2.114264965057373,712807,0.0,0.0
2021-05-03 00:00:00-03:00,2.114264965057373,2.135406970977783,2.086074113845825,2.1001698970794678,426736,0.0,0.0
2021-05-04 00:00:00-03:00,2.114264965057373,2.114264965057373,2.0367419719696045,2.0578839778900146,1373732,0.0,0.0
2021-05-05 00:00:00-03:00,2.086074113845825,2.086074113845825,2.0437889099121094,2.0508370399475098,502167,0.0,0.0
2021-05-06 00:00:00-03:00,2.0508370399475098,2.114264965057373,2.0437889099121094,2.07197904586792,619520,0.0,0.0
2021-05-07 00:00:00-03:00,2.07197904586792,2.1072170734405518,2.0578839778900146,2.079026937484741,530205,0.0,0.0
2021-05-10 00:00:00-03:00,2.086074113845825,2.114264965057373,2.0367419719696045,2.0437889099121094,491688,0.0,0.0
2021-05-11 00:00:00-03:00,2.0508370399475098,2.07197904586792,2.022645950317383,2.0437889099121094,130314,0.0,0.0
2021-05-12 00:00:00-03:00,2.064932107925415,2.0931220054626465,2.0015039443969727,2.0367419719696045,462699,0.0,0.0
2021-05-13 00:00:00-03:00,2.086074113845825,2.086074113845825,2.0015039443969727,2.07197904586792,415406,0.0,0.0
2021-05-14 00:00:00-03:00,2.015599012374878,2.114264965057373,2.015599012374878,2.0931220054626465,1016296,0.0,0.0
2021-05-17 00:00:00-03:00,2.0931220054626465,2.1072170734405518,2.0508370399475098,2.086074113845825,894005,0.0,0.0
2021-05-18 00:00:00-03:00,2.086074113845825,2.1072170734405518,2.0437889099121094,2.079026937484741,783740,0.0,0.0
2021-05-19 00:00:00-03:00,2.029694080352783,2.1072170734405518,2.029694080352783,2.079026937484741,667955,0.0,0.0
2021-05-20 00:00:00-03:00,2.079026937484741,2.1072170734405518,2.0508370399475098,2.1072170734405518,1128129,0.0,0.0
2021-05-21 00:00:00-03:00,2.114264965057373,2.1424551010131836,2.07197904586792,2.1283600330352783,2423870,0.0,0.0
2021-05-26 00:00:00-03:00,2.1565499305725098,2.1565499305725098,2.086074113845825,2.1283600330352783,405254,0.0,0.0
2021-05-27 00:00:00-03:00,2.1424551010131836,2.1424551010131836,2.0931220054626465,2.114264965057373,2315485,0.0,0.0
2021-05-28 00:00:00-03:00,2.114264965057373,2.227025032043457,2.0578839778900146,2.227025032043457,7334498,0.0,0.0
2021-05-31 00:00:00-03:00,2.227025032043457,2.360929012298584,2.1988348960876465,2.360929012298584,4128313,0.0,0.0
2021-06-01 00:00:00-03:00,2.360929012298584,2.4384520053863525,2.311595916748047,2.367975950241089,5457137,0.0,0.0
2021-06-02 00:00:00-03:00,2.3891189098358154,2.4032139778137207,2.311595916748047,2.3891189098358154,2680420,0.0,0.0
2021-06-03 00:00:00-03:00,2.396167039871216,2.396167039871216,2.3397860527038574,2.367975950241089,1083894,0.0,0.0
2021-06-04 00:00:00-03:00,2.3820719718933105,2.459594964981079,2.3397860527038574,2.445499897003174,2703088,0.0,0.0
2021-06-07 00:00:00-03:00,2.452547073364258,2.5300700664520264,2.2834060192108154,2.3891189098358154,4066278,0.0,0.0
2021-06-08 00:00:00-03:00,2.396167039871216,2.4243569374084473,2.3327391147613525,2.3327391147613525,666791,0.0,0.0
2021-06-09 00:00:00-03:00,2.3397860527038574,2.396167039871216,2.2904529571533203,2.396167039871216,811345,0.0,0.0
2021-06-10 00:00:00-03:00,2.4314041137695312,2.5089271068573,2.3538808822631836,2.3820719718933105,1971571,0.0,0.0
2021-06-11 00:00:00-03:00,2.4314041137695312,2.4314041137695312,2.325690984725952,2.3891189098358154,1456122,0.0,0.0
2021-06-14 00:00:00-03:00,2.396167039871216,2.4384520053863525,2.3820719718933105,2.4032139778137207,815822,0.0,0.0
2021-06-15 00:00:00-03:00,2.410262107849121,2.4384520053863525,2.3397860527038574,2.3820719718933105,828997,0.0,0.0
2021-06-16 00:00:00-03:00,2.3327391147613525,2.417309045791626,2.3327391147613525,2.3538808822631836,777121,0.0,0.0
2021-06-17 00:00:00-03:00,2.325690984725952,2.396167039871216,2.227025032043457,2.311595916748047,1974090,0.0,0.0
2021-06-18 00:00:00-03:00,2.325690984725952,2.360929012298584,2.2340729236602783,2.2411210536956787,933728,0.0,0.0
2021-06-22 00:00:00-03:00,2.26931095123291,2.3186440467834473,2.2129299640655518,2.2834060192108154,544792,0.0,0.0
2021-06-23 00:00:00-03:00,2.3397860527038574,2.3397860527038574,2.2411210536956787,2.2834060192108154,428276,0.0,0.0
2021-06-24 00:00:00-03:00,2.2904529571533203,2.2975010871887207,2.2340729236602783,2.2340729236602783,1262928,0.0,0.0
2021-06-25 00:00:00-03:00,2.227025032043457,2.227025032043457,2.114264965057373,2.1988348960876465,1269150,0.0,0.0
2021-06-28 00:00:00-03:00,2.1847400665283203,2.26931095123291,2.121311902999878,2.262263059616089,1325673,0.0,0.0
2021-06-29 00:00:00-03:00,2.276357889175415,2.3327391147613525,2.262263059616089,2.3186440467834473,1320629,0.0,0.0
2021-06-30 00:00:00-03:00,2.3397860527038574,2.3397860527038574,2.2975010871887207,2.325690984725952,227887,0.0,0.0
2021-07-01 00:00:00-03:00,2.2975010871887207,2.3750240802764893,2.26931095123291,2.3186440467834473,385566,0.0,0.0
2021-07-02 00:00:00-03:00,2.3750240802764893,2.3750240802764893,2.255215883255005,2.304548978805542,657150,0.0,0.0
2021-07-05 00:00:00-03:00,2.3327391147613525,2.3327391147613525,2.2834060192108154,2.2975010871887207,473199,0.0,0.0
2021-07-06 00:00:00-03:00,2.255215883255005,2.3186440467834473,2.255215883255005,2.304548978805542,97125,0.0,0.0
2021-07-07 00:00:00-03:00,2.3397860527038574,2.3397860527038574,2.255215883255005,2.311595916748047,452831,0.0,0.0
2021-07-08 00:00:00-03:00,2.2834060192108154,2.304548978805542,2.2481679916381836,2.26931095123291,502720,0.0,0.0
2021-07-12 00:00:00-03:00,2.255215883255005,2.2975010871887207,2.2340729236602783,2.255215883255005,348496,0.0,0.0
2021-07-13 00:00:00-03:00,2.325690984725952,2.325690984725952,2.227025032043457,2.255215883255005,378982,0.0,0.0
2021-07-14 00:00:00-03:00,2.311595916748047,2.311595916748047,2.2340729236602783,2.2411210536956787,500819,0.0,0.0
2021-07-15 00:00:00-03:00,2.2411210536956787,2.311595916748047,2.2129299640655518,2.255215883255005,382366,0.0,0.0
2021-07-16 00:00:00-03:00,2.276357889175415,2.276357889175415,2.1495020389556885,2.1917879581451416,1185943,0.0,0.0
2021-07-19 00:00:00-03:00,2.1917879581451416,2.227025032043457,2.1495020389556885,2.1776928901672363,544401,0.0,0.0
2021-07-20 00:00:00-03:00,2.227025032043457,2.227025032043457,2.135406970977783,2.1847400665283203,426382,0.0,0.0
2021-07-21 00:00:00-03:00,2.227025032043457,2.227025032043457,2.1565499305725098,2.1847400665283203,691722,0.0,0.0
2021-07-22 00:00:00-03:00,2.1847400665283203,2.219978094100952,2.1495020389556885,2.2129299640655518,571092,0.0,0.0
2021-07-23 00:00:00-03:00,2.2129299640655518,2.2129299640655518,2.114264965057373,2.16359806060791,1393966,0.0,0.0
2021-07-26 00:00:00-03:00,2.16359806060791,2.1847400665283203,2.1495020389556885,2.1776928901672363,966548,0.0,0.0
2021-07-27 00:00:00-03:00,2.205883026123047,2.205883026123047,2.1283600330352783,2.170644998550415,581095,0.0,0.0
2021-07-28 00:00:00-03:00,2.1283600330352783,2.1847400665283203,2.1283600330352783,2.1776928901672363,630112,0.0,0.0
2021-07-29 00:00:00-03:00,2.1847400665283203,2.1917879581451416,2.135406970977783,2.1917879581451416,469971,0.0,0.0
2021-07-30 00:00:00-03:00,2.205883026123047,2.2129299640655518,2.135406970977783,2.1776928901672363,481862,0.0,0.0
2021-08-02 00:00:00-03:00,2.170644998550415,2.1917879581451416,2.1001698970794678,2.121311902999878,1099843,0.0,0.0
2021-08-03 00:00:00-03:00,2.121311902999878,2.1565499305725098,2.0578839778900146,2.1424551010131836,743754,0.0,0.0
2021-08-04 00:00:00-03:00,2.1424551010131836,2.1565499305725098,2.086074113845825,2.114264965057373,672772,0.0,0.0
2021-08-05 00:00:00-03:00,2.1495020389556885,2.1565499305725098,2.114264965057373,2.121311902999878,509694,0.0,0.0
2021-08-06 00:00:00-03:00,2.170644998550415,2.170644998550415,2.1001698970794678,2.1565499305725098,752672,0.0,0.0
2021-08-09 00:00:00-03:00,2.114264965057373,2.170644998550415,2.114264965057373,2.1565499305725098,487552,0.0,0.0
2021-08-10 00:00:00-03:00,2.1565499305725098,2.1565499305725098,2.1001698970794678,2.1495020389556885,1365360,0.0,0.0
2021-08-11 00:00:00-03:00,2.1495020389556885,2.2481679916381836,2.1283600330352783,2.2411210536956787,2679292,0.0,0.0
2021-08-12 00:00:00-03:00,2.255215883255005,2.26931095123291,2.227025032043457,2.2481679916381836,1533220,0.0,0.0
2021-08-13 00:00:00-03:00,2.2834060192108154,2.2834060192108154,2.170644998550415,2.219978094100952,1124248,0.0,0.0
2021-08-17 00:00:00-03:00,2.2340729236602783,2.2340729236602783,2.086074113845825,2.1495020389556885,981780,0.0,0.0
2021-08-18 00:00:00-03:00,2.16359806060791,2.227025032043457,2.086074113845825,2.219978094100952,729863,0.0,0.0
2021-08-19 00:00:00-03:00,2.227025032043457,2.227025032043457,2.1565499305725098,2.2129299640655518,658406,0.0,0.0
2021-08-20 00:00:00-03:00,2.1847400665283203,2.2411210536956787,2.1565499305725098,2.2129299640655518,883413,0.0,0.0
2021-08-23 00:00:00-03:00,2.1988348960876465,2.2481679916381836,2.170644998550415,2.219978094100952,372696,0.0,0.0
2021-08-24 00:00:00-03:00,2.219978094100952,2.26931095123291,2.1847400665283203,2.262263059616089,3591467,0.0,0.0
2021-08-25 00:00:00-03:00,2.2975010871887207,2.2975010871887207,2.227025032043457,2.262263059616089,452667,0.0,0.0
2021-08-26 00:00:00-03:00,2.255215883255005,2.255215883255005,2.2129299640655518,2.227025032043457,388823,0.0,0.0
2021-08-27 00:00:00-03:00,2.2411210536956787,2.26931095123291,2.2129299640655518,2.255215883255005,1541003,0.0,0.0
2021-08-30 00:00:00-03:00,2.255215883255005,2.3820719718933105,2.2129299640655518,2.367975950241089,7062666,0.0,0.0
2021-08-31 00:00:00-03:00,2.3397860527038574,2.367975950241089,2.26931095123291,2.3397860527038574,2698426,0.0,0.0
2021-09-01 00:00:00-03:00,2.325690984725952,2.367975950241089,2.1847400665283203,2.311595916748047,2474512,0.0,0.0
2021-09-02 00:00:00-03:00,2.3327391147613525,2.3397860527038574,2.255215883255005,2.2834060192108154,2347155,0.0,0.0
2021-09-03 00:00:00-03:00,2.2481679916381836,2.5230228900909424,2.2129299640655518,2.501879930496216,6604514,0.0,0.0
2021-09-06 00:00:00-03:00,2.501879930496216,2.6498780250549316,2.501879930496216,2.607593059539795,8089065,0.0,0.0
2021-09-07 00:00:00-03:00,2.6498780250549316,2.6780691146850586,2.5371179580688477,2.607593059539795,4288724,0.0,0.0
2021-09-08 00:00:00-03:00,2.572355031967163,2.5864510536193848,2.4736900329589844,2.4807369709014893,2716936,0.0,0.0
2021-09-09 00:00:00-03:00,2.5371179580688477,2.558259963989258,2.367975950241089,2.3891189098358154,1761200,0.0,0.0
2021-09-10 00:00:00-03:00,2.367975950241089,2.452547073364258,2.325690984725952,2.360929012298584,1978311,0.0,0.0
2021-09-13 00:00:00-03:00,2.5441648960113525,2.5934979915618896,2.410262107849121,2.4384520053863525,2039353,0.0,0.0
2021-09-14 00:00:00-03:00,2.4384520053863525,2.4384520053863525,2.3468339443206787,2.3538808822631836,721044,0.0,0.0
2021-09-15 00:00:00-03:00,2.396167039871216,2.396167039871216,2.255215883255005,2.3538808822631836,1371256,0.0,0.0
2021-09-16 00:00:00-03:00,2.3538808822631836,2.396167039871216,2.262263059616089,2.3538808822631836,1568268,0.0,0.0
2021-09-17 00:00:00-03:00,2.3468339443206787,2.3468339443206787,2.276357889175415,2.3186440467834473,849465,0.0,0.0
2021-09-20 00:00:00-03:00,2.2975010871887207,2.311595916748047,2.1847400665283203,2.2340729236602783,891040,0.0,0.0
2021-09-21 00:00:00-03:00,2.255215883255005,2.3186440467834473,2.2340729236602783,2.255215883255005,224283,0.0,0.0
2021-09-22 00:00:00-03:00,2.325690984725952,2.3468339443206787,2.262263059616089,2.2904529571533203,348802,0.0,0.0
2021-09-23 00:00:00-03:00,2.3397860527038574,2.3891189098358154,2.255215883255005,2.2975010871887207,141808,0.0,0.0
2021-09-24 00:00:00-03:00,2.311595916748047,2.360929012298584,2.2340729236602783,2.311595916748047,520329,0.0,0.0
2021-09-27 00:00:00-03:00,2.2975010871887207,2.311595916748047,2.2481679916381836,2.276357889175415,534987,0.0,0.0
2021-09-28 00:00:00-03:00,2.3327391147613525,2.3327391147613525,2.2129299640655518,2.2411210536956787,514412,0.0,0.0
2021-09-29 00:00:00-03:00,2.2975010871887207,2.2975010871887207,2.2129299640655518,2.26931095123291,344992,0.0,0.0
2021-09-30 00:00:00-03:00,2.276357889175415,2.2975010871887207,2.2411210536956787,2.255215883255005,546572,0.0,0.0
2021-10-01 00:00:00-03:00,2.2834060192108154,2.325690984725952,2.219978094100952,2.255215883255005,334307,0.0,0.0
2021-10-04 00:00:00-03:00,2.311595916748047,2.311595916748047,2.1988348960876465,2.2411210536956787,235088,0.0,0.0
2021-10-05 00:00:00-03:00,2.2411210536956787,2.304548978805542,2.1847400665283203,2.2411210536956787,1147483,0.0,0.0
2021-10-06 00:00:00-03:00,2.262263059616089,2.262263059616089,2.1847400665283203,2.2340729236602783,622946,0.0,0.0
2021-10-07 00:00:00-03:00,2.2340729236602783,2.2340729236602783,2.1988348960876465,2.219978094100952,781143,0.0,0.0
2021-10-12 00:00:00-03:00,2.255215883255005,2.255215883255005,2.1988348960876465,2.219978094100952,828131,0.0,0.0
2021-10-13 00:00:00-03:00,2.1988348960876465,2.219978094100952,2.135406970977783,2.1776928901672363,1455399,0.0,0.0
2021-10-14 00:00:00-03:00,2.205883026123047,2.276357889175415,2.1776928901672363,2.2481679916381836,837333,0.0,0.0
2021-10-15 00:00:00-03:00,2.2411210536956787,2.26931095123291,2.1988348960876465,2.255215883255005,1918517,0.0,0.0
2021-10-18 00:00:00-03:00,2.276357889175415,2.276357889175415,2.1988348960876465,2.227025032043457,1084128,0.0,0.0
2021-10-19 00:00:00-03:00,2.276357889175415,2.367975950241089,2.1847400665283203,2.3186440467834473,2152974,0.0,0.0
2021-10-20 00:00:00-03:00,2.3750240802764893,2.417309045791626,2.3186440467834473,2.410262107849121,3548601,0.0,0.0
2021-10-21 00:00:00-03:00,2.410262107849121,2.410262107849121,2.2834060192108154,2.360929012298584,2845612,0.0,0.0
2021-10-22 00:00:00-03:00,2.325690984725952,2.367975950241089,2.304548978805542,2.3397860527038574,1006207,0.0,0.0
2021-10-25 00:00:00-03:00,2.26931095123291,2.3820719718933105,2.26931095123291,2.325690984725952,1065923,0.0,0.0
2021-10-26 00:00:00-03:00,2.3186440467834473,2.3327391147613525,2.2834060192108154,2.304548978805542,514895,0.0,0.0
2021-10-27 00:00:00-03:00,2.255215883255005,2.304548978805542,2.2411210536956787,2.262263059616089,732091,0.0,0.0
2021-10-28 00:00:00-03:00,2.255215883255005,2.3327391147613525,2.219978094100952,2.255215883255005,607175,0.0,0.0
2021-10-29 00:00:00-03:00,2.3186440467834473,2.3186440467834473,2.219978094100952,2.227025032043457,440160,0.0,0.0
2021-11-01 00:00:00-03:00,2.3186440467834473,2.325690984725952,2.227025032043457,2.2481679916381836,1648721,0.0,0.0
2021-11-02 00:00:00-03:00,2.311595916748047,2.311595916748047,2.2411210536956787,2.255215883255005,363168,0.0,0.0
2021-11-03 00:00:00-03:00,2.255215883255005,2.304548978805542,2.2340729236602783,2.2481679916381836,1187213,0.0,0.0
2021-11-04 00:00:00-03:00,2.2481679916381836,2.276357889175415,2.2340729236602783,2.255215883255005,314272,0.0,0.0
2021-11-05 00:00:00-03:00,2.26931095123291,2.26931095123291,2.2340729236602783,2.2481679916381836,497385,0.0,0.0
2021-11-08 00:00:00-03:00,2.2481679916381836,2.325690984725952,2.2340729236602783,2.2975010871887207,1691949,0.0,0.0
2021-11-09 00:00:00-03:00,2.255215883255005,2.417309045791626,2.255215883255005,2.4032139778137207,2700278,0.0,0.0
2021-11-10 00:00:00-03:00,2.410262107849121,2.5089271068573,2.360929012298584,2.367975950241089,2940170,0.0,0.0
2021-11-11 00:00:00-03:00,2.3327391147613525,2.396167039871216,2.311595916748047,2.3468339443206787,826748,0.0,0.0
2021-11-12 00:00:00-03:00,2.325690984725952,2.3820719718933105,2.2834060192108154,2.311595916748047,1111322,0.0,0.0
2021-11-15 00:00:00-03:00,2.325690984725952,2.396167039871216,2.1847400665283203,2.2129299640655518,1620314,0.0,0.0
2021-11-16 00:00:00-03:00,2.2411210536956787,2.2834060192108154,2.1424551010131836,2.1565499305725098,871075,0.0,0.0
2021-11-17 00:00:00-03:00,2.1988348960876465,2.2481679916381836,2.1424551010131836,2.1847400665283203,477676,0.0,0.0
2021-11-18 00:00:00-03:00,2.276357889175415,2.276357889175415,2.1424551010131836,2.205883026123047,493419,0.0,0.0
2021-11-19 00:00:00-03:00,2.2411210536956787,2.2411210536956787,2.16359806060791,2.1776928901672363,113748,0.0,0.0
2021-11-23 00:00:00-03:00,2.114264965057373,2.205883026123047,2.114264965057373,2.1917879581451416,470908,0.0,0.0
2021-11-24 00:00:00-03:00,2.1988348960876465,2.1988348960876465,2.1283600330352783,2.16359806060791,224482,0.0,0.0
2021-11-25 00:00:00-03:00,2.16359806060791,2.2340729236602783,2.1495020389556885,2.170644998550415,134323,0.0,0.0
2021-11-26 00:00:00-03:00,2.1988348960876465,2.1988348960876465,2.029694080352783,2.0931220054626465,455250,0.0,0.0
2021-11-29 00:00:00-03:00,2.114264965057373,2.114264965057373,2.029694080352783,2.0578839778900146,571120,0.0,0.0
2021-11-30 00:00:00-03:00,2.064932107925415,2.114264965057373,2.0015039443969727,2.0508370399475098,229377,0.0,0.0
2021-12-01 00:00:00-03:00,2.022645950317383,2.170644998550415,2.022645950317383,2.135406970977783,593482,0.0,0.0
2021-12-02 00:00:00-03:00,2.1001698970794678,2.26931095123291,2.0578839778900146,2.2340729236602783,510085,0.0,0.0
2021-12-03 00:00:00-03:00,2.255215883255005,2.255215883255005,2.1283600330352783,2.170644998550415,356215,0.0,0.0
2021-12-06 00:00:00-03:00,2.170644998550415,2.2411210536956787,2.135406970977783,2.219978094100952,478286,0.0,0.0
2021-12-07 00:00:00-03:00,2.2481679916381836,2.2834060192108154,2.1847400665283203,2.262263059616089,1333442,0.0,0.0
2021-12-09 00:00:00-03:00,2.2481679916381836,2.2904529571533203,2.170644998550415,2.219978094100952,308284,0.0,0.0
2021-12-10 00:00:00-03:00,2.255215883255005,2.2904529571533203,2.114264965057373,2.2129299640655518,210647,0.0,0.0
2021-12-13 00:00:00-03:00,2.2129299640655518,2.2129299640655518,2.1283600330352783,2.1495020389556885,260402,0.0,0.0
2021-12-14 00:00:00-03:00,2.135406970977783,2.1847400665283203,2.1072170734405518,2.121311902999878,333051,0.0,0.0
2021-12-15 00:00:00-03:00,2.1776928901672363,2.1776928901672363,2.07197904586792,2.086074113845825,504983,0.0,0.0
2021-12-16 00:00:00-03:00,2.1072170734405518,2.1495020389556885,2.086074113845825,2.114264965057373,1227426,0.0,0.0
2021-12-17 00:00:00-03:00,2.114264965057373,2.1917879581451416,2.0931220054626465,2.1565499305725098,166674,0.0,0.0
2021-12-20 00:00:00-03:00,2.1847400665283203,2.1847400665283203,2.121311902999878,2.1776928901672363,244013,0.0,0.0
2021-12-21 00:00:00-03:00,2.219978094100952,2.311595916748047,2.1565499305725098,2.2975010871887207,2045192,0.0,0.0
2021-12-22 00:00:00-03:00,2.255215883255005,2.311595916748047,2.2129299640655518,2.262263059616089,1338188,0.0,0.0
2021-12-23 00:00:00-03:00,2.26931095123291,2.325690984725952,2.1988348960876465,2.205883026123047,193216,0.0,0.0
2021-12-27 00:00:00-03:00,2.114264965057373,2.26931095123291,2.114264965057373,2.2340729236602783,802470,0.0,0.0
2021-12-28 00:00:00-03:00,2.2411210536956787,2.304548978805542,2.2340729236602783,2.2340729236602783,1046484,0.0,0.0
2021-12-29 00:00:00-03:00,2.2481679916381836,2.2481679916381836,2.170644998550415,2.2129299640655518,159814,0.0,0.0
2021-12-30 00:00:00-03:00,2.255215883255005,2.2904529571533203,2.16359806060791,2.1988348960876465,206731,0.0,0.0
2022-01-03 00:00:00-03:00,2.255215883255005,2.255215883255005,2.1847400665283203,2.2340729236602783,570169,0.0,0.0
2022-01-04 00:00:00-03:00,2.2481679916381836,2.2834060192108154,2.1917879581451416,2.2411210536956787,115018,0.0,0.0
2022-01-05 00:00:00-03:00,2.255215883255005,2.255215883255005,2.1495020389556885,2.1776928901672363,308525,0.0,0.0
2022-01-06 00:00:00-03:00,2.2129299640655518,2.2129299640655518,2.135406970977783,2.170644998550415,296713,0.0,0.0
2022-01-07 00:00:00-03:00,2.135406970977783,2.170644998550415,2.1283600330352783,2.1565499305725098,156600,0.0,0.0
2022-01-10 00:00:00-03:00,2.16359806060791,2.2340729236602783,2.1283600330352783,2.1776928901672363,67370,0.0,0.0
2022-01-11 00:00:00-03:00,2.1776928901672363,2.1776928901672363,2.1283600330352783,2.1424551010131836,222772,0.0,0.0
2022-01-12 00:00:00-03:00,2.1495020389556885,2.170644998550415,2.1001698970794678,2.1283600330352783,519102,0.0,0.0
2022-01-13 00:00:00-03:00,2.1072170734405518,2.1565499305725098,2.0931220054626465,2.1072170734405518,522124,0.0,0.0
2022-01-14 00:00:00-03:00,2.1283600330352783,2.1283600330352783,2.079026937484741,2.114264965057373,160169,0.0,0.0
2022-01-17 00:00:00-03:00,2.114264965057373,2.16359806060791,2.07197904586792,2.079026937484741,674262,0.0,0.0
2022-01-18 00:00:00-03:00,2.079026937484741,2.1283600330352783,2.0437889099121094,2.0931220054626465,863796,0.0,0.0
2022-01-19 00:00:00-03:00,2.114264965057373,2.114264965057373,2.0578839778900146,2.086074113845825,744882,0.0,0.0
2022-01-20 00:00:00-03:00,2.086074113845825,2.1072170734405518,2.015599012374878,2.079026937484741,364027,0.0,0.0
2022-01-21 00:00:00-03:00,2.086074113845825,2.114264965057373,2.0437889099121094,2.0508370399475098,124369,0.0,0.0
2022-01-24 00:00:00-03:00,2.1072170734405518,2.1072170734405518,1.9733140468597412,1.980360984802246,432306,0.0,0.0
2022-01-25 00:00:00-03:00,1.9733140468597412,2.07197904586792,1.952170968055725,2.0015039443969727,770260,0.0,0.0
2022-01-26 00:00:00-03:00,2.0367419719696045,2.0367419719696045,1.987408995628357,2.0015039443969727,184979,0.0,0.0
2022-01-27 00:00:00-03:00,2.015599012374878,2.015599012374878,1.959218978881836,1.980360984802246,461862,0.0,0.0
2022-01-28 00:00:00-03:00,2.015599012374878,2.114264965057373,1.9733140468597412,2.0508370399475098,1061120,0.0,0.0
2022-01-31 00:00:00-03:00,2.0437889099121094,2.1001698970794678,1.9944560527801514,2.029694080352783,1157487,0.0,0.0
2022-02-01 00:00:00-03:00,2.0437889099121094,2.0578839778900146,1.980360984802246,2.0437889099121094,1626636,0.0,0.0
2022-02-02 00:00:00-03:00,2.0578839778900146,2.07197904586792,2.015599012374878,2.0437889099121094,1754574,0.0,0.0
2022-02-03 00:00:00-03:00,2.064932107925415,2.064932107925415,1.9733140468597412,1.9944560527801514,471482,0.0,0.0
2022-02-04 00:00:00-03:00,2.0015039443969727,2.086074113845825,1.9662660360336304,2.07197904586792,825996,0.0,0.0
2022-02-07 00:00:00-03:00,2.079026937484741,2.086074113845825,1.9451229572296143,2.015599012374878,2418677,0.0,0.0
2022-02-08 00:00:00-03:00,2.064932107925415,2.064932107925415,1.9451229572296143,1.959218978881836,1702846,0.0,0.0
2022-02-09 00:00:00-03:00,1.959218978881836,2.0015039443969727,1.9451229572296143,1.9662660360336304,562323,0.0,0.0
2022-02-10 00:00:00-03:00,1.9944560527801514,2.0085508823394775,1.9310280084609985,1.9662660360336304,1179651,0.0,0.0
2022-02-11 00:00:00-03:00,1.987408995628357,1.987408995628357,1.9028379917144775,1.980360984802246,2223581,0.0,0.0
2022-02-14 00:00:00-03:00,1.9733140468597412,2.0015039443969727,1.9169329404830933,1.987408995628357,626905,0.0,0.0
2022-02-15 00:00:00-03:00,2.0015039443969727,2.0015039443969727,1.9451229572296143,1.980360984802246,516321,0.0,0.0
2022-02-16 00:00:00-03:00,1.9733140468597412,2.205883026123047,1.9451229572296143,2.0931220054626465,4470468,0.0,0.0
2022-02-17 00:00:00-03:00,2.1283600330352783,2.1283600330352783,2.0085508823394775,2.0578839778900146,1386261,0.0,0.0
2022-02-18 00:00:00-03:00,2.086074113845825,2.086074113845825,2.0015039443969727,2.015599012374878,800178,0.0,0.0
2022-02-21 00:00:00-03:00,2.079026937484741,2.079026937484741,2.015599012374878,2.029694080352783,348596,0.0,0.0
2022-02-22 00:00:00-03:00,2.079026937484741,2.079026937484741,1.9451229572296143,1.987408995628357,1071748,0.0,0.0
2022-02-23 00:00:00-03:00,2.0437889099121094,2.0508370399475098,1.9380760192871094,1.9662660360336304,1295932,0.0,0.0
2022-02-24 00:00:00-03:00,1.9662660360336304,1.987408995628357,1.8746479749679565,1.9310280084609985,1307915,0.0,0.0
2022-02-25 00:00:00-03:00,1.9310280084609985,2.0015039443969727,1.9310280084609985,1.9662660360336304,730069,0.0,0.0
2022-03-02 00:00:00-03:00,2.0085508823394775,2.022645950317383,1.9451229572296143,1.959218978881836,499804,0.0,0.0
2022-03-03 00:00:00-03:00,1.9944560527801514,2.022645950317383,1.9380760192871094,1.9944560527801514,1810394,0.0,0.0
2022-03-04 00:00:00-03:00,2.0015039443969727,2.015599012374878,1.9310280084609985,1.9451229572296143,848316,0.0,0.0
2022-03-07 00:00:00-03:00,2.022645950317383,2.029694080352783,1.9380760192871094,1.952170968055725,1526274,0.0,0.0
2022-03-08 00:00:00-03:00,1.9733140468597412,1.9733140468597412,1.9169329404830933,1.9733140468597412,635064,0.0,0.0
2022-03-09 00:00:00-03:00,1.9733140468597412,2.0015039443969727,1.9028379917144775,1.952170968055725,577661,0.0,0.0
2022-03-10 00:00:00-03:00,1.9451229572296143,2.0085508823394775,1.923980951309204,1.9662660360336304,595660,0.0,0.0
2022-03-11 00:00:00-03:00,1.987408995628357,1.987408995628357,1.9310280084609985,1.959218978881836,552979,0.0,0.0
2022-03-14 00:00:00-03:00,1.9451229572296143,1.9733140468597412,1.85350501537323,1.9028379917144775,763697,0.0,0.0
2022-03-15 00:00:00-03:00,1.9733140468597412,1.9733140468597412,1.9028379917144775,1.9451229572296143,62354,0.0,0.0
2022-03-16 00:00:00-03:00,1.9451229572296143,2.015599012374878,1.9451229572296143,1.9944560527801514,913693,0.0,0.0
2022-03-17 00:00:00-03:00,2.0085508823394775,2.029694080352783,1.959218978881836,2.0085508823394775,382842,0.0,0.0
2022-03-18 00:00:00-03:00,2.029694080352783,2.0367419719696045,1.9380760192871094,1.9944560527801514,423338,0.0,0.0
2022-03-21 00:00:00-03:00,2.022645950317383,2.022645950317383,1.9169329404830933,1.959218978881836,562507,0.0,0.0
2022-03-22 00:00:00-03:00,1.9733140468597412,1.9733140468597412,1.9310280084609985,1.952170968055725,337088,0.0,0.0
2022-03-23 00:00:00-03:00,1.9733140468597412,1.980360984802246,1.9169329404830933,1.9169329404830933,850870,0.0,0.0
2022-03-25 00:00:00-03:00,1.9310280084609985,1.9662660360336304,1.923980951309204,1.952170968055725,329376,0.0,0.0
2022-03-28 00:00:00-03:00,1.952170968055725,1.9733140468597412,1.9169329404830933,1.9310280084609985,180388,0.0,0.0
2022-03-29 00:00:00-03:00,1.9733140468597412,1.9733140468597412,1.8957910537719727,1.9169329404830933,1237053,0.0,0.0
2022-03-30 00:00:00-03:00,1.9028379917144775,1.9380760192871094,1.8041720390319824,1.8605530261993408,752679,0.0,0.0
2022-03-31 00:00:00-03:00,1.9028379917144775,1.9380760192871094,1.8746479749679565,1.8957910537719727,250661,0.0,0.0
2022-04-01 00:00:00-03:00,1.8887430429458618,1.9451229572296143,1.881695032119751,1.9380760192871094,221289,0.0,0.0
2022-04-04 00:00:00-03:00,1.9662660360336304,1.9733140468597412,1.8746479749679565,1.9310280084609985,491660,0.0,0.0
2022-04-05 00:00:00-03:00,1.959218978881836,1.959218978881836,1.8957910537719727,1.9169329404830933,414746,0.0,0.0
2022-04-06 00:00:00-03:00,1.8887430429458618,1.9310280084609985,1.881695032119751,1.923980951309204,346652,0.0,0.0
2022-04-07 00:00:00-03:00,1.9380760192871094,1.9380760192871094,1.8887430429458618,1.8957910537719727,306269,0.0,0.0
2022-04-08 00:00:00-03:00,1.9380760192871094,1.959218978881836,1.8746479749679565,1.9028379917144775,339649,0.0,0.0
2022-04-11 00:00:00-03:00,1.9310280084609985,1.9310280084609985,1.8464579582214355,1.8675999641418457,354236,0.0,0.0
2022-04-12 00:00:00-03:00,1.9310280084609985,1.9310280084609985,1.8605530261993408,1.8957910537719727,176933,0.0,0.0
2022-04-13 00:00:00-03:00,1.8887430429458618,1.9028379917144775,1.8675999641418457,1.8957910537719727,214904,0.0,0.0
2022-04-18 00:00:00-03:00,1.9310280084609985,1.9310280084609985,1.8394099473953247,1.881695032119751,579336,0.0,0.0
2022-04-19 00:00:00-03:00,1.9310280084609985,1.9310280084609985,1.8394099473953247,1.8464579582214355,1249093,0.0,0.0
2022-04-20 00:00:00-03:00,1.8464579582214355,1.8605530261993408,1.8323630094528198,1.8394099473953247,1005533,0.0,0.0
2022-04-21 00:00:00-03:00,1.8394099473953247,1.8394099473953247,1.797124981880188,1.8182679414749146,1446360,0.0,0.0
2022-04-22 00:00:00-03:00,1.8112200498580933,1.8394099473953247,1.7830300331115723,1.8323630094528198,1259061,0.0,0.0
2022-04-25 00:00:00-03:00,1.8323630094528198,1.8464579582214355,1.6914119720458984,1.8323630094528198,673432,0.0,0.0
2022-04-26 00:00:00-03:00,1.8464579582214355,1.8464579582214355,1.7477920055389404,1.768934965133667,471050,0.0,0.0
2022-04-27 00:00:00-03:00,1.7618869543075562,1.8464579582214355,1.7618869543075562,1.8041720390319824,180098,0.0,0.0
2022-04-28 00:00:00-03:00,1.8394099473953247,1.8464579582214355,1.7266490459442139,1.7477920055389404,654773,0.0,0.0
2022-04-29 00:00:00-03:00,1.7548400163650513,1.8182679414749146,1.7336970567703247,1.7759820222854614,494810,0.0,0.0
2022-05-02 00:00:00-03:00,1.8323630094528198,1.8464579582214355,1.7266490459442139,1.7900769710540771,227334,0.0,0.0
2022-05-03 00:00:00-03:00,1.7477920055389404,1.8041720390319824,1.7407439947128296,1.7830300331115723,374186,0.0,0.0
2022-05-04 00:00:00-03:00,1.8112200498580933,1.8112200498580933,1.7336970567703247,1.7548400163650513,186986,0.0,0.0
2022-05-05 00:00:00-03:00,1.7900769710540771,1.7900769710540771,1.7055070400238037,1.7125539779663086,350448,0.0,0.0
2022-05-06 00:00:00-03:00,1.7125539779663086,1.7618869543075562,1.6843639612197876,1.7196019887924194,405999,0.0,0.0
2022-05-09 00:00:00-03:00,1.7759820222854614,1.7759820222854614,1.5856980085372925,1.606840968132019,712013,0.0,0.0
2022-05-10 00:00:00-03:00,1.6843639612197876,1.6843639612197876,1.5997929573059082,1.606840968132019,297465,0.0,0.0
2022-05-11 00:00:00-03:00,1.6209360361099243,1.6491260528564453,1.5504610538482666,1.6138889789581299,456846,0.0,0.0
2022-05-12 00:00:00-03:00,1.6138889789581299,1.6138889789581299,1.578650951385498,1.5927460193634033,247085,0.0,0.0
2022-05-13 00:00:00-03:00,1.663221001625061,1.6914119720458984,1.5997929573059082,1.63503098487854,201538,0.0,0.0
2022-05-16 00:00:00-03:00,1.6914119720458984,1.6914119720458984,1.5716029405593872,1.6491260528564453,359096,0.0,0.0
2022-05-17 00:00:00-03:00,1.63503098487854,1.6914119720458984,1.6209360361099243,1.6773170232772827,268256,0.0,0.0
2022-05-19 00:00:00-03:00,1.6773170232772827,1.6773170232772827,1.6209360361099243,1.63503098487854,643209,0.0,0.0
2022-05-20 00:00:00-03:00,1.6843639612197876,1.6843639612197876,1.578650951385498,1.578650951385498,183723,0.0,0.0
2022-05-23 00:00:00-03:00,1.5645560026168823,1.63503098487854,1.5504610538482666,1.63503098487854,923668,0.0,0.0
2022-05-24 00:00:00-03:00,1.578650951385498,1.825314998626709,1.578650951385498,1.768934965133667,857425,0.0,0.0
2022-05-26 00:00:00-03:00,1.8182679414749146,1.8323630094528198,1.7336970567703247,1.825314998626709,708636,0.0,0.0
2022-05-27 00:00:00-03:00,1.8464579582214355,1.8464579582214355,1.7618869543075562,1.8112200498580933,205567,0.0,0.0
2022-05-30 00:00:00-03:00,1.7900769710540771,1.8041720390319824,1.7618869543075562,1.8041720390319824,223389,0.0,0.0
2022-05-31 00:00:00-03:00,1.7618869543075562,1.8041720390319824,1.7336970567703247,1.7336970567703247,479272,0.0,0.0
2022-06-01 00:00:00-03:00,1.7548400163650513,1.7759820222854614,1.7196019887924194,1.7266490459442139,210420,0.0,0.0
2022-06-02 00:00:00-03:00,1.7336970567703247,1.8041720390319824,1.7055070400238037,1.7830300331115723,856921,0.0,0.0
2022-06-03 00:00:00-03:00,1.8112200498580933,1.8182679414749146,1.6420789957046509,1.7266490459442139,1610311,0.0,0.0
2022-06-06 00:00:00-03:00,1.7266490459442139,1.7336970567703247,1.663221001625061,1.6914119720458984,208540,0.0,0.0
2022-06-07 00:00:00-03:00,1.6491260528564453,1.7266490459442139,1.6491260528564453,1.6984590291976929,269249,0.0,0.0
2022-06-08 00:00:00-03:00,1.6702690124511719,1.6984590291976929,1.6561739444732666,1.6702690124511719,300870,0.0,0.0
2022-06-09 00:00:00-03:00,1.6914119720458984,1.7196019887924194,1.6491260528564453,1.7055070400238037,236309,0.0,0.0
2022-06-10 00:00:00-03:00,1.768934965133667,1.7759820222854614,1.6209360361099243,1.6843639612197876,718164,0.0,0.0
2022-06-13 00:00:00-03:00,1.6209360361099243,1.6702690124511719,1.5856980085372925,1.6420789957046509,464260,0.0,0.0
2022-06-14 00:00:00-03:00,1.6914119720458984,1.6914119720458984,1.5997929573059082,1.6491260528564453,575284,0.0,0.0
2022-06-15 00:00:00-03:00,1.63503098487854,1.7266490459442139,1.6209360361099243,1.6702690124511719,513632,0.0,0.0
2022-06-16 00:00:00-03:00,1.6914119720458984,1.6914119720458984,1.6491260528564453,1.6561739444732666,238423,0.0,0.0
2022-06-21 00:00:00-03:00,1.6491260528564453,1.7336970567703247,1.6209360361099243,1.6914119720458984,256138,0.0,0.0
2022-06-22 00:00:00-03:00,1.663221001625061,1.6773170232772827,1.6209360361099243,1.63503098487854,664819,0.0,0.0
2022-06-23 00:00:00-03:00,1.606840968132019,1.6702690124511719,1.578650951385498,1.6279840469360352,320920,0.0,0.0
2022-06-24 00:00:00-03:00,1.5645560026168823,1.6843639612197876,1.5645560026168823,1.6420789957046509,285872,0.0,0.0
2022-06-27 00:00:00-03:00,1.5997929573059082,1.7618869543075562,1.5856980085372925,1.7266490459442139,1040638,0.0,0.0
2022-06-28 00:00:00-03:00,1.6914119720458984,1.768934965133667,1.6773170232772827,1.7055070400238037,574164,0.0,0.0
2022-06-29 00:00:00-03:00,1.7055070400238037,1.7618869543075562,1.7055070400238037,1.7407439947128296,670566,0.0,0.0
2022-06-30 00:00:00-03:00,1.7759820222854614,1.7759820222854614,1.7196019887924194,1.768934965133667,307447,0.0,0.0
2022-07-01 00:00:00-03:00,1.7125539779663086,1.7900769710540771,1.7125539779663086,1.7830300331115723,466034,0.0,0.0
2022-07-04 00:00:00-03:00,1.8041720390319824,1.8464579582214355,1.7759820222854614,1.8182679414749146,569680,0.0,0.0
2022-07-05 00:00:00-03:00,1.8605530261993408,1.9028379917144775,1.8323630094528198,1.9028379917144775,782087,0.0,0.0
2022-07-06 00:00:00-03:00,1.881695032119751,2.0367419719696045,1.8746479749679565,1.9944560527801514,1135905,0.0,0.0
2022-07-07 00:00:00-03:00,2.0437889099121094,2.1565499305725098,1.9944560527801514,2.1424551010131836,2248256,0.0,0.0
2022-07-08 00:00:00-03:00,2.1565499305725098,2.255215883255005,2.086074113845825,2.1847400665283203,2077445,0.0,0.0
2022-07-11 00:00:00-03:00,2.1847400665283203,2.1847400665283203,1.9944560527801514,2.1495020389556885,1406736,0.0,0.0
2022-07-12 00:00:00-03:00,2.1565499305725098,2.255215883255005,2.114264965057373,2.135406970977783,700917,0.0,0.0
2022-07-13 00:00:00-03:00,2.170644998550415,2.170644998550415,2.0437889099121094,2.086074113845825,360082,0.0,0.0
2022-07-14 00:00:00-03:00,2.07197904586792,2.1495020389556885,1.987408995628357,2.0437889099121094,868869,0.0,0.0
2022-07-15 00:00:00-03:00,2.0437889099121094,2.0931220054626465,1.987408995628357,2.079026937484741,597072,0.0,0.0
2022-07-18 00:00:00-03:00,2.1424551010131836,2.1847400665283203,2.1283600330352783,2.16359806060791,487523,0.0,0.0
2022-07-19 00:00:00-03:00,2.16359806060791,2.255215883255005,2.1283600330352783,2.2129299640655518,1460833,0.0,0.0
2022-07-20 00:00:00-03:00,2.2129299640655518,2.2129299640655518,2.086074113845825,2.1988348960876465,671041,0.0,0.0
2022-07-21 00:00:00-03:00,2.2481679916381836,2.325690984725952,2.1988348960876465,2.262263059616089,1806776,0.0,0.0
2022-07-22 00:00:00-03:00,2.325690984725952,2.325690984725952,2.2129299640655518,2.3186440467834473,831898,0.0,0.0
2022-07-25 00:00:00-03:00,2.2904529571533203,2.3820719718933105,2.2340729236602783,2.360929012298584,986796,0.0,0.0
2022-07-26 00:00:00-03:00,2.3820719718933105,2.3820719718933105,2.2904529571533203,2.367975950241089,659009,0.0,0.0
2022-07-27 00:00:00-03:00,2.396167039871216,2.4877851009368896,2.2975010871887207,2.4736900329589844,2662116,0.0,0.0
2022-07-28 00:00:00-03:00,2.466641902923584,2.5230228900909424,2.2975010871887207,2.4736900329589844,2197472,0.0,0.0
2022-07-29 00:00:00-03:00,2.466641902923584,2.5230228900909424,2.255215883255005,2.325690984725952,1664223,0.0,0.0
2022-08-01 00:00:00-03:00,2.3538808822631836,2.4736900329589844,2.255215883255005,2.3186440467834473,1539499,0.0,0.0
2022-08-02 00:00:00-03:00,2.311595916748047,2.3327391147613525,2.255215883255005,2.2975010871887207,778461,0.0,0.0
2022-08-03 00:00:00-03:00,2.325690984725952,2.325690984725952,2.2481679916381836,2.3186440467834473,1215266,0.0,0.0
2022-08-04 00:00:00-03:00,2.3538808822631836,2.4384520053863525,2.2340729236602783,2.325690984725952,817326,0.0,0.0
2022-08-05 00:00:00-03:00,2.396167039871216,2.396167039871216,2.255215883255005,2.2975010871887207,1950713,0.0,0.0
2022-08-08 00:00:00-03:00,2.2975010871887207,2.325690984725952,2.2411210536956787,2.262263059616089,1205198,0.0,0.0
2022-08-09 00:00:00-03:00,2.255215883255005,2.325690984725952,2.255215883255005,2.2834060192108154,379529,0.0,0.0
2022-08-10 00:00:00-03:00,2.311595916748047,2.311595916748047,2.16359806060791,2.276357889175415,1610410,0.0,0.0
2022-08-11 00:00:00-03:00,2.2834060192108154,2.2904529571533203,2.2129299640655518,2.255215883255005,2197408,0.0,0.0
2022-08-12 00:00:00-03:00,2.255215883255005,2.276357889175415,2.2340729236602783,2.255215883255005,1097494,0.0,0.0
2022-08-16 00:00:00-03:00,2.26931095123291,2.2834060192108154,2.2129299640655518,2.255215883255005,1449794,0.0,0.0
2022-08-17 00:00:00-03:00,2.255215883255005,2.304548978805542,2.227025032043457,2.255215883255005,697015,0.0,0.0
2022-08-18 00:00:00-03:00,2.2834060192108154,2.2975010871887207,2.262263059616089,2.2834060192108154,1500343,0.0,0.0
2022-08-19 00:00:00-03:00,2.276357889175415,2.3538808822631836,2.227025032043457,2.325690984725952,1135089,0.0,0.0
2022-08-22 00:00:00-03:00,2.311595916748047,2.396167039871216,2.26931095123291,2.3538808822631836,1697724,0.0,0.0
2022-08-23 00:00:00-03:00,2.367975950241089,2.4243569374084473,2.3538808822631836,2.410262107849121,1519996,0.0,0.0
2022-08-24 00:00:00-03:00,2.396167039871216,2.4807369709014893,2.304548978805542,2.410262107849121,2153578,0.0,0.0
2022-08-25 00:00:00-03:00,2.396167039871216,2.565308094024658,2.396167039871216,2.5371179580688477,3390305,0.0,0.0
2022-08-26 00:00:00-03:00,2.607593059539795,2.607593059539795,2.4948320388793945,2.565308094024658,1702343,0.0,0.0
2022-08-29 00:00:00-03:00,2.5794029235839844,2.6851160526275635,2.5371179580688477,2.614640951156616,1974984,0.0,0.0
2022-08-30 00:00:00-03:00,2.671020984649658,2.6780691146850586,2.501879930496216,2.558259963989258,1114954,0.0,0.0
2022-08-31 00:00:00-03:00,2.5371179580688477,2.5794029235839844,2.501879930496216,2.5230228900909424,560435,0.0,0.0
2022-09-01 00:00:00-03:00,2.5300700664520264,2.621687889099121,2.466641902923584,2.5441648960113525,494916,0.0,0.0
2022-09-05 00:00:00-03:00,2.5230228900909424,2.607593059539795,2.4807369709014893,2.5371179580688477,1086774,0.0,0.0
2022-09-06 00:00:00-03:00,2.5794029235839844,2.5794029235839844,2.466641902923584,2.5371179580688477,740193,0.0,0.0
2022-09-07 00:00:00-03:00,2.551213026046753,2.607593059539795,2.466641902923584,2.572355031967163,1340025,0.0,0.0
2022-09-08 00:00:00-03:00,2.572355031967163,2.656925916671753,2.466641902923584,2.5089271068573,1013884,0.0,0.0
2022-09-09 00:00:00-03:00,2.607593059539795,2.713305950164795,2.4314041137695312,2.6428310871124268,1988421,0.0,0.0
2022-09-12 00:00:00-03:00,2.6992108821868896,2.7485439777374268,2.607593059539795,2.7203540802001953,5122084,0.0,0.0
2022-09-13 00:00:00-03:00,2.671020984649658,2.755592107772827,2.6639740467071533,2.6639740467071533,721371,0.0,0.0
2022-09-14 00:00:00-03:00,2.6780691146850586,2.6780691146850586,2.5864510536193848,2.614640951156616,1787422,0.0,0.0
2022-09-15 00:00:00-03:00,2.5864510536193848,2.607593059539795,2.5371179580688477,2.5934979915618896,1035239,0.0,0.0
2022-09-16 00:00:00-03:00,2.5371179580688477,2.558259963989258,2.4736900329589844,2.501879930496216,572127,0.0,0.0
2022-09-19 00:00:00-03:00,2.5371179580688477,2.551213026046753,2.445499897003174,2.501879930496216,503714,0.0,0.0
2022-09-20 00:00:00-03:00,2.515974998474121,2.5371179580688477,2.396167039871216,2.4032139778137207,2054997,0.0,0.0
2022-09-21 00:00:00-03:00,2.466641902923584,2.466641902923584,2.3750240802764893,2.396167039871216,1026831,0.0,0.0
2022-09-22 00:00:00-03:00,2.396167039871216,2.466641902923584,2.3538808822631836,2.4314041137695312,6967200,0.0,0.0
2022-09-23 00:00:00-03:00,2.4384520053863525,2.466641902923584,2.3397860527038574,2.3538808822631836,214067,0.0,0.0
2022-09-26 00:00:00-03:00,2.311595916748047,2.396167039871216,2.255215883255005,2.2975010871887207,1595440,0.0,0.0
2022-09-27 00:00:00-03:00,2.2904529571533203,2.445499897003174,2.276357889175415,2.396167039871216,631304,0.0,0.0
2022-09-28 00:00:00-03:00,2.445499897003174,2.6428310871124268,2.325690984725952,2.565308094024658,3239927,0.0,0.0
2022-09-29 00:00:00-03:00,2.565308094024658,2.6780691146850586,2.515974998474121,2.621687889099121,3450184,0.0,0.0
2022-09-30 00:00:00-03:00,2.621687889099121,2.656925916671753,2.5371179580688477,2.558259963989258,1016175,0.0,0.0
2022-10-03 00:00:00-03:00,2.551213026046753,2.6498780250549316,2.5089271068573,2.5794029235839844,525487,0.0,0.0
2022-10-04 00:00:00-03:00,2.572355031967163,2.656925916671753,2.5371179580688477,2.5441648960113525,517768,0.0,0.0
2022-10-05 00:00:00-03:00,2.6287360191345215,2.6287360191345215,2.4807369709014893,2.5230228900909424,1076033,0.0,0.0
2022-10-06 00:00:00-03:00,2.551213026046753,2.5794029235839844,2.4807369709014893,2.5371179580688477,477783,0.0,0.0
2022-10-11 00:00:00-03:00,2.5371179580688477,2.5371179580688477,2.396167039871216,2.410262107849121,161545,0.0,0.0
2022-10-12 00:00:00-03:00,2.459594964981079,2.5230228900909424,2.4032139778137207,2.445499897003174,195230,0.0,0.0
2022-10-13 00:00:00-03:00,2.5230228900909424,2.5230228900909424,2.410262107849121,2.4877851009368896,159395,0.0,0.0
2022-10-14 00:00:00-03:00,2.501879930496216,2.5089271068573,2.4032139778137207,2.4314041137695312,749111,0.0,0.0
2022-10-17 00:00:00-03:00,2.5300700664520264,2.5300700664520264,2.360929012298584,2.367975950241089,927776,0.0,0.0
2022-10-18 00:00:00-03:00,2.325690984725952,2.4948320388793945,2.325690984725952,2.396167039871216,931224,0.0,0.0
2022-10-19 00:00:00-03:00,2.396167039871216,2.4314041137695312,2.311595916748047,2.3891189098358154,1052748,0.0,0.0
2022-10-20 00:00:00-03:00,2.325690984725952,2.4243569374084473,2.325690984725952,2.367975950241089,305482,0.0,0.0
2022-10-21 00:00:00-03:00,2.410262107849121,2.466641902923584,2.3327391147613525,2.360929012298584,194464,0.0,0.0
2022-10-24 00:00:00-03:00,2.325690984725952,2.396167039871216,2.2834060192108154,2.3186440467834473,413370,0.0,0.0
2022-10-25 00:00:00-03:00,2.2904529571533203,2.3538808822631836,2.2904529571533203,2.325690984725952,339252,0.0,0.0
2022-10-26 00:00:00-03:00,2.325690984725952,2.466641902923584,2.2834060192108154,2.396167039871216,481174,0.0,0.0
2022-10-27 00:00:00-03:00,2.4243569374084473,2.4243569374084473,2.3397860527038574,2.367975950241089,196004,0.0,0.0
2022-10-28 00:00:00-03:00,2.396167039871216,2.396167039871216,2.304548978805542,2.396167039871216,906861,0.0,0.0
2022-10-31 00:00:00-03:00,2.452547073364258,2.466641902923584,2.4032139778137207,2.4314041137695312,178537,0.0,0.0
2022-11-01 00:00:00-03:00,2.410262107849121,2.5371179580688477,2.3750240802764893,2.417309045791626,694042,0.0,0.0
2022-11-02 00:00:00-03:00,2.417309045791626,2.4314041137695312,2.367975950241089,2.4243569374084473,282509,0.0,0.0
2022-11-03 00:00:00-03:00,2.4807369709014893,2.4807369709014893,2.3397860527038574,2.3891189098358154,1171839,0.0,0.0
2022-11-04 00:00:00-03:00,2.4384520053863525,2.466641902923584,2.3538808822631836,2.3750240802764893,361678,0.0,0.0
2022-11-07 00:00:00-03:00,2.3750240802764893,2.396167039871216,2.325690984725952,2.3327391147613525,414150,0.0,0.0
2022-11-08 00:00:00-03:00,2.3820719718933105,2.410262107849121,2.2975010871887207,2.311595916748047,1407616,0.0,0.0
2022-11-09 00:00:00-03:00,2.311595916748047,2.311595916748047,2.255215883255005,2.255215883255005,2728515,0.0,0.0
2022-11-10 00:00:00-03:00,2.255215883255005,2.3538808822631836,2.255215883255005,2.255215883255005,1084852,0.0,0.0
2022-11-11 00:00:00-03:00,2.255215883255005,2.3538808822631836,2.2411210536956787,2.3468339443206787,1504260,0.0,0.0
2022-11-14 00:00:00-03:00,2.3468339443206787,2.396167039871216,2.255215883255005,2.2904529571533203,3678199,0.0,0.0
2022-11-15 00:00:00-03:00,2.26931095123291,2.396167039871216,2.255215883255005,2.2834060192108154,2941525,0.0,0.0
2022-11-16 00:00:00-03:00,2.255215883255005,2.311595916748047,2.2411210536956787,2.311595916748047,791849,0.0,0.0
2022-11-17 00:00:00-03:00,2.26931095123291,2.3397860527038574,2.26931095123291,2.3186440467834473,497492,0.0,0.0
2022-11-18 00:00:00-03:00,2.3538808822631836,2.3538808822631836,2.311595916748047,2.3397860527038574,130917,0.0,0.0
2022-11-22 00:00:00-03:00,2.367975950241089,2.367975950241089,2.2975010871887207,2.325690984725952,480535,0.0,0.0
2022-11-23 00:00:00-03:00,2.367975950241089,2.367975950241089,2.2975010871887207,2.3468339443206787,1209363,0.0,0.0
2022-11-24 00:00:00-03:00,2.2904529571533203,2.3750240802764893,2.2904529571533203,2.367975950241089,1398422,0.0,0.0
2022-11-25 00:00:00-03:00,2.360929012298584,2.360929012298584,2.2411210536956787,2.255215883255005,5211186,0.0,0.0
2022-11-28 00:00:00-03:00,2.2904529571533203,2.2904529571533203,2.1847400665283203,2.219978094100952,2262339,0.0,0.0
2022-11-29 00:00:00-03:00,2.255215883255005,2.26931095123291,2.2129299640655518,2.2340729236602783,1718455,0.0,0.0
2022-11-30 00:00:00-03:00,2.26931095123291,2.26931095123291,2.2129299640655518,2.2411210536956787,1150073,0.0,0.0
2022-12-01 00:00:00-03:00,2.26931095123291,2.3186440467834473,2.2411210536956787,2.26931095123291,4304765,0.0,0.0
2022-12-02 00:00:00-03:00,2.2975010871887207,2.417309045791626,2.255215883255005,2.4032139778137207,5498073,0.0,0.0
2022-12-05 00:00:00-03:00,2.4807369709014893,2.5089271068573,2.410262107849121,2.4807369709014893,3007874,0.0,0.0
2022-12-06 00:00:00-03:00,2.459594964981079,2.501879930496216,2.4384520053863525,2.466641902923584,1421713,0.0,0.0
2022-12-07 00:00:00-03:00,2.5089271068573,2.6639740467071533,2.4948320388793945,2.621687889099121,3814318,0.0,0.0
2022-12-12 00:00:00-03:00,2.6287360191345215,2.6287360191345215,2.5371179580688477,2.5934979915618896,967222,0.0,0.0
2022-12-13 00:00:00-03:00,2.621687889099121,2.656925916671753,2.5230228900909424,2.551213026046753,611006,0.0,0.0
2022-12-14 00:00:00-03:00,2.5794029235839844,2.607593059539795,2.5371179580688477,2.558259963989258,912338,0.0,0.0
2022-12-15 00:00:00-03:00,2.572355031967163,2.6428310871124268,2.5089271068573,2.5371179580688477,1168980,0.0,0.0
2022-12-16 00:00:00-03:00,2.5794029235839844,2.5794029235839844,2.4032139778137207,2.515974998474121,477314,0.0,0.0
2022-12-19 00:00:00-03:00,2.5230228900909424,2.5934979915618896,2.466641902923584,2.565308094024658,1548112,0.0,0.0
2022-12-20 00:00:00-03:00,2.607593059539795,2.607593059539795,2.5089271068573,2.5441648960113525,27435,0.0,0.0
2022-12-21 00:00:00-03:00,2.572355031967163,2.6287360191345215,2.5089271068573,2.6287360191345215,1584358,0.0,0.0
2022-12-22 00:00:00-03:00,2.6639740467071533,2.7837820053100586,2.607593059539795,2.7274019718170166,3699710,0.0,0.0
2022-12-23 00:00:00-03:00,2.762639045715332,3.037493944168091,2.6921639442443848,3.0304460525512695,5513816,0.0,0.0
2022-12-26 00:00:00-03:00,2.9952080249786377,3.157301902770996,2.9599709510803223,3.1291120052337646,3896211,0.0,0.0
2022-12-27 00:00:00-03:00,3.1713969707489014,3.347585916519165,3.1713969707489014,3.3053009510040283,5302430,0.0,0.0
2022-12-28 00:00:00-03:00,3.312347888946533,3.3687291145324707,3.1150169372558594,3.1713969707489014,5086987,0.0,0.0
2022-12-29 00:00:00-03:00,3.2277779579162598,3.241873025894165,3.0304460525512695,3.1220641136169434,2738178,0.0,0.0
2022-12-30 00:00:00-03:00,3.0233991146087646,3.1643500328063965,3.0233991146087646,3.100922107696533,2031046,0.0,0.0
2023-01-02 00:00:00-03:00,3.100922107696533,3.263015031814575,3.037493944168091,3.2559680938720703,1863079,0.0,0.0
2023-01-03 00:00:00-03:00,3.2348248958587646,3.298253059387207,3.100922107696533,3.1854920387268066,955360,0.0,0.0
2023-01-04 00:00:00-03:00,3.1713969707489014,3.2559680938720703,3.1643500328063965,3.206634998321533,614404,0.0,0.0
2023-01-05 00:00:00-03:00,3.2277779579162598,3.2841579914093018,3.1784451007843018,3.241873025894165,961738,0.0,0.0
2023-01-06 00:00:00-03:00,3.3405380249023438,3.403965950012207,3.2700629234313965,3.2700629234313965,949102,0.0,0.0
2023-01-09 00:00:00-03:00,3.3405380249023438,3.3405380249023438,3.14320707321167,3.14320707321167,720917,0.0,0.0
2023-01-10 00:00:00-03:00,3.1854920387268066,3.291205883026123,3.100922107696533,3.1150169372558594,980063,0.0,0.0
2023-01-11 00:00:00-03:00,3.1713969707489014,3.241873025894165,3.100922107696533,3.100922107696533,991855,0.0,0.0
2023-01-12 00:00:00-03:00,3.263015031814575,3.3616809844970703,3.0727319717407227,3.3264429569244385,2083277,0.0,0.0
2023-01-13 00:00:00-03:00,3.312347888946533,3.403965950012207,3.14320707321167,3.3193960189819336,1973969,0.0,0.0
2023-01-16 00:00:00-03:00,3.2841579914093018,3.5167269706726074,3.199587106704712,3.347585916519165,1649480,0.0,0.0
2023-01-17 00:00:00-03:00,3.382823944091797,3.5801548957824707,3.3546340465545654,3.523775100708008,4915644,0.0,0.0
2023-01-18 00:00:00-03:00,3.594249963760376,3.6717729568481445,3.241873025894165,3.382823944091797,2881235,0.0,0.0
2023-01-19 00:00:00-03:00,3.241873025894165,3.5096800327301025,3.100922107696533,3.312347888946533,2908507,0.0,0.0
2023-01-20 00:00:00-03:00,3.4251089096069336,3.5660600662231445,3.3053009510040283,3.4110140800476074,2271824,0.0,0.0
2023-01-23 00:00:00-03:00,3.537869930267334,3.6506309509277344,3.4251089096069336,3.4251089096069336,2778483,0.0,0.0
2023-01-24 00:00:00-03:00,3.453299045562744,3.453299045562744,3.3616809844970703,3.403965950012207,1209143,0.0,0.0
2023-01-25 00:00:00-03:00,3.5096800327301025,3.5590128898620605,3.3546340465545654,3.523775100708008,981752,0.0,0.0
2023-01-26 00:00:00-03:00,3.594249963760376,3.6647260189056396,3.382823944091797,3.382823944091797,3375066,0.0,0.0
2023-01-27 00:00:00-03:00,3.396919012069702,3.453299045562744,3.2841579914093018,3.333491086959839,1977566,0.0,0.0
2023-01-30 00:00:00-03:00,3.263015031814575,3.453299045562744,3.263015031814575,3.2841579914093018,1461933,0.0,0.0
2023-01-31 00:00:00-03:00,3.312347888946533,3.382823944091797,3.192539930343628,3.3546340465545654,1032117,0.0,0.0
2023-02-01 00:00:00-03:00,3.396919012069702,3.396919012069702,3.2700629234313965,3.291205883026123,850515,0.0,0.0
2023-02-02 00:00:00-03:00,3.263015031814575,3.382823944091797,3.263015031814575,3.2771100997924805,631077,0.0,0.0
2023-02-03 00:00:00-03:00,3.241873025894165,3.3687291145324707,3.2207300662994385,3.2277779579162598,409127,0.0,0.0
2023-02-06 00:00:00-03:00,3.2136828899383545,3.3616809844970703,3.206634998321533,3.298253059387207,574298,0.0,0.0
2023-02-07 00:00:00-03:00,3.298253059387207,3.298253059387207,3.192539930343628,3.192539930343628,626146,0.0,0.0
2023-02-08 00:00:00-03:00,3.241873025894165,3.241873025894165,3.1713969707489014,3.241873025894165,279792,0.0,0.0
2023-02-09 00:00:00-03:00,3.199587106704712,3.2771100997924805,3.1784451007843018,3.241873025894165,516569,0.0,0.0
2023-02-10 00:00:00-03:00,3.298253059387207,3.312347888946533,3.199587106704712,3.2207300662994385,406907,0.0,0.0
2023-02-13 00:00:00-03:00,3.1854920387268066,3.291205883026123,3.0727319717407227,3.241873025894165,987917,0.0,0.0
2023-02-14 00:00:00-03:00,3.3053009510040283,3.3053009510040283,3.2277779579162598,3.2277779579162598,878752,0.0,0.0
2023-02-15 00:00:00-03:00,3.241873025894165,3.298253059387207,3.1643500328063965,3.1784451007843018,560081,0.0,0.0
2023-02-16 00:00:00-03:00,3.1713969707489014,3.241873025894165,3.1150169372558594,3.1713969707489014,1220267,0.0,0.0
2023-02-17 00:00:00-03:00,3.2136828899383545,3.3053009510040283,3.1713969707489014,3.199587106704712,1670594,0.0,0.0
2023-02-22 00:00:00-03:00,3.14320707321167,3.241873025894165,3.100922107696533,3.1150169372558594,755397,0.0,0.0
2023-02-23 00:00:00-03:00,3.1361589431762695,3.2207300662994385,3.100922107696533,3.199587106704712,1162964,0.0,0.0
2023-02-24 00:00:00-03:00,3.241873025894165,3.241873025894165,3.0727319717407227,3.150254964828491,1539357,0.0,0.0
2023-02-27 00:00:00-03:00,3.1220641136169434,3.2207300662994385,3.1150169372558594,3.199587106704712,365942,0.0,0.0
2023-02-28 00:00:00-03:00,3.2700629234313965,3.2700629234313965,3.1150169372558594,3.1713969707489014,340302,0.0,0.0
2023-03-01 00:00:00-03:00,3.2277779579162598,3.382823944091797,3.192539930343628,3.3053009510040283,1022695,0.0,0.0
2023-03-02 00:00:00-03:00,3.312347888946533,3.3757760524749756,3.2277779579162598,3.24891996383667,786684,0.0,0.0
2023-03-03 00:00:00-03:00,3.2348248958587646,3.3405380249023438,3.2348248958587646,3.2700629234313965,399926,0.0,0.0
2023-03-06 00:00:00-03:00,3.312347888946533,3.3687291145324707,3.192539930343628,3.24891996383667,930855,0.0,0.0
2023-03-07 00:00:00-03:00,3.2700629234313965,3.2700629234313965,3.1291120052337646,3.241873025894165,311086,0.0,0.0
2023-03-08 00:00:00-03:00,3.1713969707489014,3.2841579914093018,3.1150169372558594,3.2136828899383545,256613,0.0,0.0
2023-03-09 00:00:00-03:00,3.2277779579162598,3.2559680938720703,3.1291120052337646,3.157301902770996,436577,0.0,0.0
2023-03-10 00:00:00-03:00,3.1784451007843018,3.2136828899383545,3.037493944168091,3.107969045639038,969762,0.0,0.0
2023-03-13 00:00:00-03:00,3.100922107696533,3.100922107696533,2.7908289432525635,2.9247329235076904,2183269,0.0,0.0
2023-03-14 00:00:00-03:00,2.903589963912964,3.0304460525512695,2.8190200328826904,2.8331151008605957,561074,0.0,0.0
2023-03-15 00:00:00-03:00,2.8190200328826904,2.8190200328826904,2.6357829570770264,2.6992108821868896,604919,0.0,0.0
2023-03-16 00:00:00-03:00,2.6428310871124268,2.9388279914855957,2.6428310871124268,2.861304998397827,470262,0.0,0.0
2023-03-17 00:00:00-03:00,2.9599709510803223,2.9599709510803223,2.7767341136932373,2.945875883102417,721569,0.0,0.0
2023-03-20 00:00:00-03:00,2.9952080249786377,2.9952080249786377,2.903589963912964,2.917685031890869,681151,0.0,0.0
2023-03-21 00:00:00-03:00,2.9599709510803223,2.9599709510803223,2.7767341136932373,2.917685031890869,869458,0.0,0.0
2023-03-22 00:00:00-03:00,2.9599709510803223,2.9599709510803223,2.8190200328826904,2.861304998397827,285439,0.0,0.0
2023-03-23 00:00:00-03:00,2.8894948959350586,2.945875883102417,2.755592107772827,2.7696869373321533,649331,0.0,0.0
2023-03-27 00:00:00-03:00,2.713305950164795,3.0163509845733643,2.6780691146850586,2.903589963912964,1439351,0.0,0.0
2023-03-28 00:00:00-03:00,2.847209930419922,3.058635950088501,2.8331151008605957,3.0233991146087646,817482,0.0,0.0
2023-03-29 00:00:00-03:00,3.002255916595459,3.1291120052337646,2.9740660190582275,3.086827039718628,4858510,0.0,0.0
2023-03-30 00:00:00-03:00,3.0304460525512695,3.206634998321533,3.0304460525512695,3.1150169372558594,1094366,0.0,0.0
2023-03-31 00:00:00-03:00,3.1150169372558594,3.2136828899383545,2.9599709510803223,3.0163509845733643,742208,0.0,0.0
2023-04-03 00:00:00-03:00,2.9599709510803223,3.086827039718628,2.917685031890869,3.058635950088501,989102,0.0,0.0
2023-04-04 00:00:00-03:00,3.100922107696533,3.199587106704712,3.0163509845733643,3.051589012145996,1442976,0.0,0.0
2023-04-05 00:00:00-03:00,3.0163509845733643,3.100922107696533,2.9811129570007324,3.100922107696533,1608388,0.0,0.0
2023-04-10 00:00:00-03:00,3.241873025894165,3.241873025894165,3.107969045639038,3.150254964828491,1134663,0.0,0.0
2023-04-11 00:00:00-03:00,3.2207300662994385,3.3264429569244385,3.1361589431762695,3.3053009510040283,2175961,0.0,0.0
2023-04-12 00:00:00-03:00,3.3546340465545654,3.382823944091797,3.291205883026123,3.312347888946533,2553369,0.0,0.0
2023-04-13 00:00:00-03:00,3.298253059387207,3.439203977584839,3.298253059387207,3.432157039642334,2640172,0.0,0.0
2023-04-14 00:00:00-03:00,3.432157039642334,3.5096800327301025,3.3546340465545654,3.4955849647521973,1962696,0.0,0.0
2023-04-17 00:00:00-03:00,3.4955849647521973,3.5660600662231445,3.453299045562744,3.5308220386505127,1330079,0.0,0.0
2023-04-18 00:00:00-03:00,3.5660600662231445,3.8409149646759033,3.5660600662231445,3.7915821075439453,5460258,0.0,0.0
2023-04-19 00:00:00-03:00,3.8761520385742188,4.158053874969482,3.8056769371032715,3.939579963684082,4398436,0.0,0.0
2023-04-20 00:00:00-03:00,4.01710319519043,4.115768909454346,3.749295949935913,4.031198024749756,1880752,0.0,0.0
2023-04-21 00:00:00-03:00,4.045292854309082,4.143959045410156,3.9677700996398926,4.143959045410156,1531234,0.0,0.0
2023-04-24 00:00:00-03:00,4.143959045410156,4.461099147796631,3.974817991256714,4.418814182281494,2754332,0.0,0.0
2023-04-25 00:00:00-03:00,4.461099147796631,4.651382923126221,4.461099147796631,4.573860168457031,2582592,0.0,0.0
2023-04-26 00:00:00-03:00,4.587954998016357,4.587954998016357,4.369481086730957,4.496336936950684,2611375,0.0,0.0
2023-04-27 00:00:00-03:00,4.503384113311768,4.764143943786621,4.503384113311768,4.665478229522705,3295109,0.0,0.0
2023-04-28 00:00:00-03:00,4.792334079742432,4.792334079742432,4.489288806915283,4.6372880935668945,1592106,0.0,0.0
2023-05-02 00:00:00-03:00,4.721858024597168,4.721858024597168,4.369481086730957,4.517478942871094,1471234,0.0,0.0
2023-05-03 00:00:00-03:00,4.651382923126221,4.651382923126221,4.263768196105957,4.284910202026367,1356719,0.0,0.0
2023-05-04 00:00:00-03:00,4.2426252365112305,4.580906867980957,4.2073869705200195,4.4540510177612305,1127909,0.0,0.0
2023-05-05 00:00:00-03:00,4.390623092651367,4.771191120147705,4.390623092651367,4.721858024597168,2772637,0.0,0.0
2023-05-08 00:00:00-03:00,4.764143943786621,4.855762004852295,4.580906867980957,4.750049114227295,2487679,0.0,0.0
2023-05-09 00:00:00-03:00,4.827571868896484,4.855762004852295,4.721858024597168,4.757095813751221,1337961,0.0,0.0
2023-05-10 00:00:00-03:00,4.841667175292969,4.8487138748168945,4.651382923126221,4.714810848236084,1199367,0.0,0.0
2023-05-11 00:00:00-03:00,4.792334079742432,4.792334079742432,4.672524929046631,4.778238773345947,2214507,0.0,0.0
2023-05-12 00:00:00-03:00,4.792334079742432,4.841667175292969,4.693667888641357,4.799380779266357,1671765,0.0,0.0
2023-05-15 00:00:00-03:00,4.764143943786621,4.806428909301758,4.51043176651001,4.672524929046631,2306517,0.0,0.0
2023-05-16 00:00:00-03:00,4.693667888641357,4.714810848236084,4.580906867980957,4.6372880935668945,1883789,0.0,0.0
2023-05-17 00:00:00-03:00,4.6372880935668945,4.890999794006348,4.552717208862305,4.841667175292969,5430908,0.0,0.0
2023-05-18 00:00:00-03:00,4.862809181213379,4.933285236358643,4.764143943786621,4.912141799926758,2136210,0.0,0.0
2023-05-19 00:00:00-03:00,4.933285236358643,5.017855167388916,4.806428909301758,4.975570201873779,2102773,0.0,0.0
2023-05-22 00:00:00-03:00,5.003759860992432,5.046045780181885,4.806428909301758,4.869856834411621,1654915,0.0,0.0
2023-05-23 00:00:00-03:00,4.947380065917969,4.954428195953369,4.792334079742432,4.933285236358643,2463210,0.0,0.0
2023-05-24 00:00:00-03:00,4.9896650314331055,4.9896650314331055,4.735952854156494,4.869856834411621,1120197,0.0,0.0
2023-05-29 00:00:00-03:00,4.806428909301758,4.905095100402832,4.806428909301758,4.841667175292969,1406155,0.0,0.0
2023-05-30 00:00:00-03:00,4.890999794006348,4.890999794006348,4.707763195037842,4.792334079742432,1586125,0.0,0.0
2023-05-31 00:00:00-03:00,4.919189929962158,4.919189929962158,4.700716018676758,4.735952854156494,1282892,0.0,0.0
2023-06-01 00:00:00-03:00,4.792334079742432,5.003759860992432,4.658430099487305,4.9826178550720215,2259430,0.0,0.0
2023-06-02 00:00:00-03:00,4.855762004852295,5.215187072753906,4.8487138748168945,5.186996936798096,2251612,0.0,0.0
2023-06-05 00:00:00-03:00,5.201091766357422,5.3843278884887695,5.201091766357422,5.342042922973633,3082368,0.0,0.0
2023-06-06 00:00:00-03:00,5.3843278884887695,5.49708890914917,5.186996936798096,5.349090099334717,2001532,0.0,0.0
2023-06-07 00:00:00-03:00,5.482994079589844,5.482994079589844,5.229281902313232,5.370233058929443,1636199,0.0,0.0
2023-06-08 00:00:00-03:00,5.454803943634033,5.454803943634033,5.222233772277832,5.356138229370117,494654,0.0,0.0
2023-06-09 00:00:00-03:00,5.426612854003906,5.426612854003906,5.158805847167969,5.327948093414307,1269788,0.0,0.0
2023-06-12 00:00:00-03:00,5.342042922973633,5.426612854003906,5.208138942718506,5.2856621742248535,1103163,0.0,0.0
2023-06-13 00:00:00-03:00,5.2856621742248535,5.356138229370117,5.08833122253418,5.1729021072387695,650587,0.0,0.0
2023-06-14 00:00:00-03:00,5.08833122253418,5.320899963378906,5.08833122253418,5.2856621742248535,2952493,0.0,0.0
2023-06-15 00:00:00-03:00,5.398423194885254,5.398423194885254,5.151759147644043,5.356138229370117,2221998,0.0,0.0
2023-06-16 00:00:00-03:00,5.482994079589844,5.482994079589844,5.236330032348633,5.405470848083496,1338642,0.0,0.0
2023-06-21 00:00:00-03:00,5.482994079589844,5.482994079589844,5.342042922973633,5.405470848083496,3001248,0.0,0.0
2023-06-22 00:00:00-03:00,5.41251802444458,5.482994079589844,5.398423194885254,5.405470848083496,1813232,0.0,0.0
2023-06-23 00:00:00-03:00,5.356138229370117,5.638040065765381,5.2856621742248535,5.581658840179443,2107377,0.0,0.0
2023-06-26 00:00:00-03:00,5.652134895324707,6.046798229217529,5.426612854003906,5.539373874664307,2509765,0.0,0.0
2023-06-27 00:00:00-03:00,5.680325031280518,5.680325031280518,5.2786149978637695,5.363184928894043,1400749,0.0,0.0
2023-06-28 00:00:00-03:00,5.426612854003906,5.511184215545654,5.215187072753906,5.363184928894043,2229377,0.0,0.0
2023-06-29 00:00:00-03:00,5.3843278884887695,5.49708890914917,5.2856621742248535,5.468898773193359,1036055,0.0,0.0
2023-06-30 00:00:00-03:00,5.5252790451049805,5.567564010620117,5.29975700378418,5.482994079589844,936602,0.0,0.0
2023-07-03 00:00:00-03:00,5.595755100250244,5.60984992980957,5.41251802444458,5.4900407791137695,1340068,0.0,0.0
2023-07-04 00:00:00-03:00,5.567564010620117,5.60984992980957,5.39137601852417,5.426612854003906,1136522,0.0,0.0
2023-07-05 00:00:00-03:00,5.4900407791137695,5.49708890914917,5.3843278884887695,5.398423194885254,670353,0.0,0.0
2023-07-06 00:00:00-03:00,5.398423194885254,5.49708890914917,5.158805847167969,5.292709827423096,1576256,0.0,0.0
2023-07-07 00:00:00-03:00,5.144711017608643,5.560516834259033,5.144711017608643,5.250424861907959,7250646,0.0,0.0
2023-07-10 00:00:00-03:00,5.257472038269043,5.2856621742248535,5.102426052093506,5.123569011688232,7412979,0.0,0.0
2023-07-11 00:00:00-03:00,5.074235916137695,5.158805847167969,5.046045780181885,5.095378875732422,6004313,0.0,0.0
2023-07-12 00:00:00-03:00,5.130616188049316,5.130616188049316,5.038998126983643,5.060141086578369,13658114,0.0,0.0
2023-07-13 00:00:00-03:00,5.060141086578369,5.151759147644043,5.038998126983643,5.067187786102295,16202657,0.0,0.0
2023-07-14 00:00:00-03:00,5.046045780181885,5.1729021072387695,4.876904010772705,5.074235916137695,17945086,0.0,0.0
2023-07-17 00:00:00-03:00,5.215187072753906,5.905847072601318,5.201091766357422,5.736705780029297,13044894,0.0,0.0
2023-07-18 00:00:00-03:00,5.764895915985107,6.194796085357666,5.764895915985107,6.0256547927856445,35252255,0.0,0.0
2023-07-19 00:00:00-03:00,6.0608930587768555,6.180700778961182,5.581658840179443,5.743752956390381,10612694,0.0,0.0
2023-07-20 00:00:00-03:00,5.912893772125244,6.046798229217529,5.638040065765381,5.969274997711182,4684868,0.0,0.0
2023-07-21 00:00:00-03:00,6.0608930587768555,6.0608930587768555,5.849465847015381,6.011559963226318,3334087,0.0,0.0
2023-07-24 00:00:00-03:00,5.990417003631592,6.096130847930908,5.680325031280518,5.736705780029297,4116196,0.0,0.0
2023-07-25 00:00:00-03:00,5.891751766204834,5.891751766204834,5.595755100250244,5.680325031280518,4176912,0.0,0.0
2023-07-26 00:00:00-03:00,5.793086051940918,5.898798942565918,5.60984992980957,5.807180881500244,2466495,0.0,0.0
2023-07-27 00:00:00-03:00,5.891751766204834,5.905847072601318,5.708515167236328,5.71556282043457,2653333,0.0,0.0
2023-07-28 00:00:00-03:00,5.736705780029297,5.884704113006592,5.567564010620117,5.652134895324707,3749182,0.0,0.0
2023-07-31 00:00:00-03:00,5.595755100250244,5.708515167236328,5.546422004699707,5.616897106170654,6649274,0.0,0.0
2023-08-01 00:00:00-03:00,5.567564010620117,5.778991222381592,5.567564010620117,5.623945236206055,1836623,0.0,0.0
2023-08-02 00:00:00-03:00,5.849465847015381,5.849465847015381,5.616897106170654,5.701467990875244,2693808,0.0,0.0
2023-08-03 00:00:00-03:00,5.659183025360107,5.778991222381592,5.638040065765381,5.652134895324707,4168682,0.0,0.0
2023-08-04 00:00:00-03:00,5.708515167236328,5.849465847015381,5.567564010620117,5.6309919357299805,6118523,0.0,0.0
2023-08-07 00:00:00-03:00,5.708515167236328,5.736705780029297,5.074235916137695,5.370233058929443,8149519,0.0,0.0
2023-08-08 00:00:00-03:00,5.356138229370117,5.623945236206055,5.130616188049316,5.356138229370117,5797283,0.0,0.0
2023-08-09 00:00:00-03:00,5.356138229370117,5.468898773193359,5.1729021072387695,5.250424861907959,2194443,0.0,0.0
2023-08-10 00:00:00-03:00,5.349090099334717,5.3843278884887695,5.081283092498779,5.250424861907959,2145227,0.0,0.0
2023-08-11 00:00:00-03:00,5.215187072753906,5.440708160400391,5.144711017608643,5.320899963378906,2420493,0.0,0.0
2023-08-14 00:00:00-03:00,5.109474182128906,5.750801086425781,5.109474182128906,5.60280179977417,2082986,0.0,0.0
2023-08-15 00:00:00-03:00,5.60280179977417,5.771943092346191,5.574612140655518,5.71556282043457,5002922,0.0,0.0
2023-08-16 00:00:00-03:00,5.800134181976318,6.970026969909668,5.800134181976318,6.878408908843994,7484593,0.0,0.0
2023-08-17 00:00:00-03:00,6.906599044799805,8.316108703613281,6.906599044799805,7.907351016998291,18371255,0.0,0.0
2023-08-18 00:00:00-03:00,8.161063194274902,8.34429931640625,7.329452037811279,7.935541152954102,9923802,0.0,0.0
2023-08-22 00:00:00-03:00,7.681829929351807,7.794589996337891,7.258976936340332,7.724114894866943,5129619,0.0,0.0
2023-08-23 00:00:00-03:00,7.710020065307617,8.034207344055176,7.399928092956543,7.738210201263428,3544777,0.0,0.0
2023-08-24 00:00:00-03:00,7.8791608810424805,7.8791608810424805,7.55497407913208,7.65363883972168,1569736,0.0,0.0
2023-08-25 00:00:00-03:00,7.65363883972168,8.316108703613281,7.65363883972168,7.977827072143555,7136628,0.0,0.0
2023-08-28 00:00:00-03:00,8.118778228759766,8.457059860229492,8.034207344055176,8.358393669128418,7953579,0.0,0.0
2023-08-29 00:00:00-03:00,8.457059860229492,8.668486595153809,8.132872581481934,8.302014350891113,5666358,0.0,0.0
2023-08-30 00:00:00-03:00,8.42887020111084,8.42887020111084,7.893256187438965,7.935541152954102,2559924,0.0,0.0
2023-08-31 00:00:00-03:00,7.96373176574707,7.96373176574707,7.752305030822754,7.850971221923828,3467339,0.0,0.0
2023-09-01 00:00:00-03:00,7.921445846557617,8.316108703613281,7.6395440101623535,7.752305030822754,2219402,0.0,0.0
2023-09-04 00:00:00-03:00,8.020112037658691,8.203348159790039,7.55497407913208,7.893256187438965,2031308,0.0,0.0
2023-09-05 00:00:00-03:00,8.034207344055176,8.161063194274902,7.540878772735596,7.583164215087891,1530297,0.0,0.0
2023-09-06 00:00:00-03:00,7.583164215087891,8.161063194274902,7.399928092956543,7.7804951667785645,1788153,0.0,0.0
2023-09-07 00:00:00-03:00,7.611353874206543,7.611353874206543,7.258976936340332,7.371737003326416,2026015,0.0,0.0
2023-09-08 00:00:00-03:00,7.371737003326416,7.526782989501953,6.899550914764404,6.9911699295043945,2402082,0.0,0.0
2023-09-11 00:00:00-03:00,6.9911699295043945,7.047550201416016,6.37098503112793,6.716314792633057,2320841,0.0,0.0
2023-09-12 00:00:00-03:00,6.878408908843994,7.329452037811279,6.624697208404541,7.188500881195068,1408290,0.0,0.0
2023-09-13 00:00:00-03:00,7.089835166931152,7.611353874206543,7.089835166931152,7.385831832885742,1178806,0.0,0.0
2023-09-14 00:00:00-03:00,7.526782989501953,7.526782989501953,7.202596187591553,7.273071765899658,835346,0.0,0.0
2023-09-15 00:00:00-03:00,7.273071765899658,7.371737003326416,6.906599044799805,7.146215915679932,711445,0.0,0.0
2023-09-18 00:00:00-03:00,7.301261901855469,7.301261901855469,6.878408908843994,6.970026969909668,1339060,0.0,0.0
2023-09-19 00:00:00-03:00,6.843171119689941,6.970026969909668,6.48374605178833,6.737458229064941,2475824,0.0,0.0
2023-09-20 00:00:00-03:00,6.758600234985352,6.758600234985352,6.342794895172119,6.392127990722656,2276883,0.0,0.0
2023-09-21 00:00:00-03:00,6.279366970062256,6.342794895172119,5.934037208557129,6.2723188400268555,2971997,0.0,0.0
2023-09-22 00:00:00-03:00,6.201844215393066,6.69517183303833,6.0608930587768555,6.469651222229004,1221105,0.0,0.0
2023-09-25 00:00:00-03:00,6.363937854766846,6.610601902008057,5.9199419021606445,6.37098503112793,2060155,0.0,0.0
2023-09-26 00:00:00-03:00,6.1595587730407715,6.413269996643066,6.046798229217529,6.0679402351379395,3207185,0.0,0.0
2023-09-27 00:00:00-03:00,6.074987888336182,6.230033874511719,5.708515167236328,6.1666059494018555,4326403,0.0,0.0
2023-09-28 00:00:00-03:00,6.201844215393066,6.441461086273193,6.032702922821045,6.328700065612793,1588899,0.0,0.0
2023-09-29 00:00:00-03:00,6.392127990722656,6.610601902008057,6.074987888336182,6.201844215393066,1425637,0.0,0.0
2023-10-02 00:00:00-03:00,6.342794895172119,6.554221153259277,6.0608930587768555,6.180700778961182,668430,0.0,0.0
2023-10-03 00:00:00-03:00,6.230033874511719,6.258224010467529,5.9199419021606445,6.039750099182129,4322189,0.0,0.0
2023-10-04 00:00:00-03:00,6.0608930587768555,6.342794895172119,5.934037208557129,6.258224010467529,1526133,0.0,0.0
2023-10-05 00:00:00-03:00,6.342794895172119,6.906599044799805,6.201844215393066,6.617649078369141,3460954,0.0,0.0
2023-10-06 00:00:00-03:00,6.603553771972656,7.2448811531066895,6.603553771972656,7.089835166931152,3349752,0.0,0.0
2023-10-09 00:00:00-03:00,7.258976936340332,7.583164215087891,7.188500881195068,7.399928092956543,1400983,0.0,0.0
2023-10-10 00:00:00-03:00,7.695925235748291,7.893256187438965,7.47040319442749,7.822781085968018,2830870,0.0,0.0
2023-10-11 00:00:00-03:00,7.893256187438965,8.316108703613281,7.414022922515869,7.907351016998291,2640938,0.0,0.0
2023-10-12 00:00:00-03:00,8.034207344055176,8.076492309570312,7.695925235748291,7.935541152954102,5193385,0.0,0.0
2023-10-17 00:00:00-03:00,8.034207344055176,8.738962173461914,8.034207344055176,8.372488975524902,4547757,0.0,0.0
2023-10-18 00:00:00-03:00,8.400679588317871,8.598011016845703,7.935541152954102,8.17515754699707,4843150,0.0,0.0
2023-10-19 00:00:00-03:00,8.17515754699707,8.273823738098145,7.6395440101623535,7.921445846557617,2252725,0.0,0.0
2023-10-20 00:00:00-03:00,7.921445846557617,8.217443466186523,7.752305030822754,7.949635982513428,5543982,0.0,0.0
2023-10-23 00:00:00-03:00,7.893256187438965,7.893256187438965,7.047550201416016,7.287167072296143,1973082,0.0,0.0
2023-10-24 00:00:00-03:00,7.35764217376709,7.611353874206543,6.765647888183594,6.984121799468994,1441678,0.0,0.0
2023-10-25 00:00:00-03:00,7.047550201416016,7.399928092956543,6.765647888183594,7.216691017150879,595937,0.0,0.0
2023-10-26 00:00:00-03:00,7.2448811531066895,7.540878772735596,6.920693874359131,7.061645030975342,785549,0.0,0.0
2023-10-27 00:00:00-03:00,7.118025779724121,7.47040319442749,6.765647888183594,6.800886154174805,460074,0.0,0.0
2023-10-30 00:00:00-03:00,6.638792037963867,6.8925042152404785,6.286415100097656,6.427365779876709,2091322,0.0,0.0
2023-10-31 00:00:00-03:00,6.427365779876709,6.765647888183594,6.096130847930908,6.469651222229004,228824,0.0,0.0
2023-11-01 00:00:00-03:00,6.511936187744141,7.216691017150879,6.258224010467529,7.1321210861206055,1469248,0.0,0.0
2023-11-02 00:00:00-03:00,6.977074146270752,7.47040319442749,6.836122989654541,7.385831832885742,1237018,0.0,0.0
2023-11-03 00:00:00-03:00,7.399928092956543,7.681829929351807,6.906599044799805,7.075739860534668,1548481,0.0,0.0
2023-11-07 00:00:00-03:00,7.047550201416016,7.047550201416016,6.709268093109131,6.793838024139404,391951,0.0,0.0
2023-11-08 00:00:00-03:00,6.793838024139404,6.899550914764404,6.497840881347656,6.547173976898193,1270767,0.0,0.0
2023-11-09 00:00:00-03:00,6.758600234985352,6.878408908843994,6.406222820281982,6.688125133514404,1025398,0.0,0.0
2023-11-10 00:00:00-03:00,6.765647888183594,6.984121799468994,6.582411766052246,6.948884010314941,2478584,0.0,0.0
2023-11-13 00:00:00-03:00,6.765647888183594,7.047550201416016,6.681077003479004,6.78679084777832,1498903,0.0,0.0
2023-11-14 00:00:00-03:00,7.033454895019531,7.033454895019531,6.666982173919678,6.850218772888184,2868053,0.0,0.0
2023-11-15 00:00:00-03:00,6.906599044799805,7.040502071380615,6.511936187744141,6.58945894241333,1518392,0.0,0.0
2023-11-16 00:00:00-03:00,6.765647888183594,6.8925042152404785,6.3568902015686035,6.413269996643066,1605827,0.0,0.0
2023-11-17 00:00:00-03:00,6.69517183303833,6.69517183303833,6.342794895172119,6.631744861602783,972621,0.0,0.0
2023-11-21 00:00:00-03:00,7.188500881195068,8.316108703613281,6.906599044799805,7.44221305847168,2978311,0.0,0.0
2023-11-22 00:00:00-03:00,7.752305030822754,8.302014350891113,7.484498023986816,8.020112037658691,4458002,0.0,0.0
2023-11-23 00:00:00-03:00,8.302014350891113,9.006769180297852,7.893256187438965,8.894007682800293,3081042,0.0,0.0
2023-11-24 00:00:00-03:00,8.879913330078125,10.00752067565918,8.879913330078125,9.598763465881348,4197302,0.0,0.0
2023-11-27 00:00:00-03:00,9.79609489440918,10.204853057861328,8.457059860229492,8.964484214782715,2666508,0.0,0.0
2023-11-28 00:00:00-03:00,8.879913330078125,9.16181468963623,8.17515754699707,8.34429931640625,2569545,0.0,0.0
2023-11-29 00:00:00-03:00,8.17515754699707,8.682581901550293,8.034207344055176,8.259729385375977,2816801,0.0,0.0
2023-11-30 00:00:00-03:00,8.217443466186523,8.457059860229492,7.822781085968018,8.09058666229248,3022986,0.0,0.0
2023-12-01 00:00:00-03:00,8.104682922363281,9.612857818603516,7.907351016998291,9.24638557434082,5447829,0.0,0.0
2023-12-04 00:00:00-03:00,9.034958839416504,9.725619316101074,9.034958839416504,9.612857818603516,4048662,0.0,0.0
2023-12-05 00:00:00-03:00,9.725619316101074,10.557229995727539,9.443717002868652,10.303518295288086,5542273,0.0,0.0
2023-12-06 00:00:00-03:00,9.93704605102539,12.06540584564209,9.93704605102539,10.810941696166992,7946349,0.0,0.0
2023-12-07 00:00:00-03:00,11.276080131530762,12.333212852478027,11.276080131530762,11.487506866455078,8133783,0.0,0.0
2023-12-11 00:00:00-03:00,11.868075370788574,12.50235366821289,10.740466117858887,12.037216186523438,6285815,0.0,0.0
2023-12-12 00:00:00-03:00,12.220452308654785,12.685589790344238,11.698932647705078,12.333212852478027,5746585,0.0,0.0
2023-12-13 00:00:00-03:00,12.84063720703125,13.376250267028809,11.557982444763184,12.27683162689209,5275088,0.0,0.0
2023-12-14 00:00:00-03:00,12.29092788696289,12.685589790344238,11.557982444763184,12.093596458435059,4128108,0.0,0.0
2023-12-15 00:00:00-03:00,12.53054428100586,12.53054428100586,11.064654350280762,11.51569652557373,4224808,0.0,0.0
2023-12-18 00:00:00-03:00,11.557982444763184,11.68483829498291,10.92370319366455,11.149224281311035,2191499,0.0,0.0
2023-12-19 00:00:00-03:00,11.68483829498291,11.698932647705078,11.008273124694824,11.318366050720215,3191264,0.0,0.0
2023-12-20 00:00:00-03:00,11.628458023071289,12.192261695861816,11.417031288146973,12.037216186523438,4020276,0.0,0.0
2023-12-21 00:00:00-03:00,12.135881423950195,12.925207138061523,12.135881423950195,12.305023193359375,4115550,0.0,0.0
2023-12-22 00:00:00-03:00,12.784255981445312,12.798351287841797,11.698932647705078,12.50235366821289,878858,0.0,0.0
2023-12-26 00:00:00-03:00,12.50235366821289,12.67149543762207,11.557982444763184,12.051310539245605,1856609,0.0,0.0
2023-12-27 00:00:00-03:00,11.9808349609375,12.262737274169922,11.360651016235352,11.417031288146973,3225319,0.0,0.0
2023-12-28 00:00:00-03:00,11.064654350280762,11.68483829498291,11.064654350280762,11.5438871383667,1766989,0.0,0.0
2023-12-29 00:00:00-03:00,11.7694091796875,11.853979110717773,11.276080131530762,11.811694145202637,1438549,0.0,0.0
2024-01-02 00:00:00-03:00,11.868075370788574,12.939302444458008,11.698932647705078,11.910360336303711,2560073,0.0,0.0
2024-01-03 00:00:00-03:00,12.121786117553711,12.361403465270996,11.713027954101562,11.839883804321289,2302757,0.0,0.0
2024-01-04 00:00:00-03:00,11.910360336303711,12.685589790344238,11.670742988586426,12.234546661376953,1944711,0.0,0.0
2024-01-05 00:00:00-03:00,12.403688430786133,12.96749210357666,11.839883804321289,12.544638633728027,2864420,0.0,0.0
2024-01-08 00:00:00-03:00,12.939302444458008,15.363659858703613,12.361403465270996,14.066909790039062,5429638,0.0,0.0
2024-01-09 00:00:00-03:00,14.517953872680664,15.504611015319824,14.200814247131348,15.011281967163086,7393902,0.0,0.0
2024-01-10 00:00:00-03:00,15.257946014404297,16.914121627807617,14.799856185913086,15.152233123779297,7782427,0.0,0.0
2024-01-11 00:00:00-03:00,15.645562171936035,16.737932205200195,15.152233123779297,15.892226219177246,7205886,0.0,0.0
2024-01-12 00:00:00-03:00,16.17412757873535,16.702693939208984,15.892226219177246,16.456029891967773,6610665,0.0,0.0
2024-01-15 00:00:00-03:00,16.315078735351562,17.61887550354004,16.27984046936035,17.055072784423828,5548346,0.0,0.0
2024-01-16 00:00:00-03:00,17.336973190307617,17.336973190307617,16.06841468811035,16.27984046936035,4698958,0.0,0.0
2024-01-17 00:00:00-03:00,16.737932205200195,16.737932205200195,15.645562171936035,15.892226219177246,5998098,0.0,0.0
2024-01-18 00:00:00-03:00,16.209365844726562,17.336973190307617,15.504611015319824,16.843645095825195,5303665,0.0,0.0
2024-01-19 00:00:00-03:00,16.737932205200195,16.984596252441406,16.13888931274414,16.843645095825195,3228391,0.0,0.0
2024-01-22 00:00:00-03:00,16.914121627807617,19.169336318969727,16.914121627807617,18.499820709228516,4986072,0.0,0.0
2024-01-23 00:00:00-03:00,18.711246490478516,19.45123863220215,17.75982666015625,18.394105911254883,4623116,0.0,0.0
2024-01-24 00:00:00-03:00,19.028385162353516,19.380762100219727,18.041728973388672,18.640771865844727,9044043,0.0,0.0
2024-01-25 00:00:00-03:00,18.746484756469727,20.860748291015625,18.570295333862305,20.367420196533203,9005334,0.0,0.0
2024-01-26 00:00:00-03:00,20.860748291015625,22.552160263061523,19.521713256835938,20.226469039916992,6259103,0.0,0.0
2024-01-29 00:00:00-03:00,20.296945571899414,21.8474063873291,18.640771865844727,20.719797134399414,4800689,0.0,0.0
2024-01-30 00:00:00-03:00,20.931224822998047,21.988357543945312,20.719797134399414,21.35407829284668,3036232,0.0,0.0
2024-01-31 00:00:00-03:00,21.56550407409668,24.10262107849121,21.42455291748047,23.46834373474121,5471979,0.0,0.0
2024-02-01 00:00:00-03:00,24.032146453857422,26.357837677001953,23.67976951599121,26.111173629760742,10480946,0.0,0.0
2024-02-02 00:00:00-03:00,26.216886520385742,27.48544692993164,25.93498420715332,26.780691146850586,6389163,0.0,0.0
2024-02-05 00:00:00-03:00,27.978775024414062,27.978775024414062,25.089279174804688,25.37118148803711,5931103,0.0,0.0
2024-02-06 00:00:00-03:00,25.93498420715332,26.921642303466797,22.481685638427734,22.869300842285156,5898751,0.0,0.0
2024-02-07 00:00:00-03:00,21.988357543945312,22.270259857177734,20.015043258666992,21.072174072265625,8713992,0.0,0.0
2024-02-08 00:00:00-03:00,21.283601760864258,22.693111419677734,21.21312713623047,22.340734481811523,6566494,0.0,0.0
2024-02-09 00:00:00-03:00,22.975013732910156,26.005460739135742,22.622636795043945,24.525474548339844,6010677,0.0,0.0
2024-02-14 00:00:00-03:00,24.314048767089844,25.2302303314209,22.552160263061523,22.939775466918945,3893168,0.0,0.0
2024-02-15 00:00:00-03:00,23.64453125,23.67976951599121,21.42455291748047,21.70645523071289,3411710,0.0,0.0
2024-02-16 00:00:00-03:00,21.8474063873291,22.270259857177734,20.08551788330078,21.036937713623047,3068122,0.0,0.0
2024-02-19 00:00:00-03:00,21.776931762695312,21.8474063873291,20.015043258666992,20.895986557006836,2203219,0.0,0.0
2024-02-20 00:00:00-03:00,20.860748291015625,21.001699447631836,20.015043258666992,20.332183837890625,2099743,0.0,0.0
2024-02-21 00:00:00-03:00,20.437896728515625,21.142650604248047,18.394105911254883,19.416000366210938,8453242,0.0,0.0
2024-02-22 00:00:00-03:00,19.521713256835938,20.931224822998047,19.028385162353516,20.719797134399414,2428801,0.0,0.0
2024-02-23 00:00:00-03:00,21.036937713623047,21.42455291748047,19.73314094543457,20.860748291015625,2072705,0.0,0.0
2024-02-26 00:00:00-03:00,20.931224822998047,21.142650604248047,19.416000366210938,19.83885383605957,1194280,0.0,0.0
2024-02-27 00:00:00-03:00,19.83885383605957,19.87409210205078,17.477924346923828,18.147441864013672,3101581,0.0,0.0
2024-02-28 00:00:00-03:00,17.61887550354004,17.83030128479004,16.561742782592773,16.949357986450195,4395285,0.0,0.0
2024-02-29 00:00:00-03:00,17.055072784423828,19.66266441345215,16.702693939208984,18.781721115112305,5099956,0.0,0.0
2024-03-01 00:00:00-03:00,19.45123863220215,19.87409210205078,18.781721115112305,19.76837921142578,4302963,0.0,0.0
2024-03-04 00:00:00-03:00,20.473133087158203,22.270259857177734,20.437896728515625,21.31884002685547,8282877,0.0,0.0
2024-03-05 00:00:00-03:00,20.578847885131836,21.67121696472168,18.323631286621094,18.676008224487305,2414129,0.0,0.0
2024-03-06 00:00:00-03:00,18.676008224487305,19.169336318969727,17.477924346923828,18.323631286621094,4590765,0.0,0.0
2024-03-07 00:00:00-03:00,18.323631286621094,18.323631286621094,17.055072784423828,17.583637237548828,2138125,0.0,0.0
2024-03-08 00:00:00-03:00,17.51316261291504,18.323631286621094,17.055072784423828,17.40744972229004,1532305,0.0,0.0
2024-03-11 00:00:00-03:00,16.914121627807617,19.23981285095215,16.914121627807617,18.957910537719727,3009066,0.0,0.0
2024-03-12 00:00:00-03:00,18.746484756469727,20.719797134399414,18.605533599853516,20.473133087158203,4858503,0.0,0.0
2024-03-13 00:00:00-03:00,20.473133087158203,22.411209106445312,20.473133087158203,20.755035400390625,3237529,0.0,0.0
2024-03-14 00:00:00-03:00,20.931224822998047,20.931224822998047,19.028385162353516,20.015043258666992,3092450,0.0,0.0
2024-03-15 00:00:00-03:00,20.155994415283203,20.437896728515625,19.23981285095215,19.76837921142578,1731970,0.0,0.0
2024-03-18 00:00:00-03:00,19.310287475585938,20.367420196533203,18.323631286621094,19.204574584960938,5337570,0.0,0.0
2024-03-19 00:00:00-03:00,19.45123863220215,19.80361557006836,18.676008224487305,19.23981285095215,6763584,0.0,0.0
2024-03-20 00:00:00-03:00,19.34552574157715,21.107412338256836,18.605533599853516,20.825511932373047,2696915,0.0,0.0
2024-03-21 00:00:00-03:00,20.860748291015625,21.6359806060791,20.296945571899414,20.931224822998047,3542926,0.0,0.0
2024-03-22 00:00:00-03:00,21.001699447631836,21.142650604248047,19.69790267944336,20.719797134399414,1511659,0.0,0.0
2024-03-25 00:00:00-03:00,20.790273666381836,20.966461181640625,19.76837921142578,19.80361557006836,2372150,0.0,0.0
2024-03-26 00:00:00-03:00,19.80361557006836,20.296945571899414,18.676008224487305,19.69790267944336,2572489,0.0,0.0
2024-03-27 00:00:00-03:00,20.578847885131836,20.578847885131836,19.134098052978516,19.73314094543457,2237607,0.0,0.0
2024-04-03 00:00:00-03:00,19.87409210205078,19.87409210205078,19.028385162353516,19.204574584960938,1241211,0.0,0.0
2024-04-04 00:00:00-03:00,19.59218978881836,20.015043258666992,18.605533599853516,18.993148803710938,2957332,0.0,0.0
2024-04-05 00:00:00-03:00,19.23981285095215,19.69790267944336,18.676008224487305,19.521713256835938,1907563,0.0,0.0
2024-04-08 00:00:00-03:00,19.73314094543457,20.437896728515625,18.993148803710938,19.380762100219727,2082418,0.0,0.0
2024-04-09 00:00:00-03:00,20.015043258666992,20.015043258666992,18.676008224487305,19.73314094543457,2169165,0.0,0.0
2024-04-10 00:00:00-03:00,19.87409210205078,20.015043258666992,19.310287475585938,19.66266441345215,2057821,0.0,0.0
2024-04-11 00:00:00-03:00,19.521713256835938,20.015043258666992,19.23981285095215,19.94456672668457,164879,0.0,0.0
2024-04-12 00:00:00-03:00,19.94456672668457,21.142650604248047,19.87409210205078,20.684560775756836,2646188,0.0,0.0
2024-04-15 00:00:00-03:00,21.42455291748047,21.42455291748047,19.310287475585938,19.59218978881836,2140275,0.0,0.0
2024-04-16 00:00:00-03:00,19.48647689819336,19.87409210205078,18.323631286621094,19.169336318969727,2595958,0.0,0.0
2024-04-17 00:00:00-03:00,19.380762100219727,19.73314094543457,18.746484756469727,18.852197647094727,871430,0.0,0.0
2024-04-18 00:00:00-03:00,18.922672271728516,19.66266441345215,18.358869552612305,18.711246490478516,1338167,0.0,0.0
2024-04-19 00:00:00-03:00,18.499820709228516,19.169336318969727,18.499820709228516,18.605533599853516,732069,0.0,0.0
2024-04-22 00:00:00-03:00,18.746484756469727,19.275049209594727,18.605533599853516,19.169336318969727,2497555,0.0,0.0
2024-04-23 00:00:00-03:00,19.909330368041992,19.909330368041992,18.852197647094727,19.063623428344727,914970,0.0,0.0
2024-04-24 00:00:00-03:00,19.45123863220215,19.59218978881836,18.323631286621094,18.640771865844727,1282246,0.0,0.0
2024-04-25 00:00:00-03:00,18.957910537719727,19.098861694335938,17.61887550354004,18.852197647094727,856311,0.0,0.0
2024-04-26 00:00:00-03:00,18.852197647094727,19.380762100219727,18.535057067871094,18.781721115112305,825698,0.0,0.0
2024-04-29 00:00:00-03:00,18.816959381103516,18.816959381103516,18.323631286621094,18.570295333862305,1577569,0.0,0.0
2024-04-30 00:00:00-03:00,18.640771865844727,18.887435913085938,18.041728973388672,18.253154754638672,2187951,0.0,0.0
2024-05-02 00:00:00-03:00,18.464582443237305,20.437896728515625,18.253154754638672,20.120756149291992,5233208,0.0,0.0
2024-05-03 00:00:00-03:00,20.402658462524414,21.988357543945312,20.120756149291992,21.53026580810547,5864087,0.0,0.0
2024-05-06 00:00:00-03:00,21.70645523071289,24.349285125732422,21.70645523071289,23.99690818786621,7817198,0.0,0.0
2024-05-07 00:00:00-03:00,24.10262107849121,26.498788833618164,23.961671829223633,25.194992065429688,7500003,0.0,0.0
2024-05-08 00:00:00-03:00,25.194992065429688,25.3359432220459,23.39786720275879,24.137859344482422,4552227,0.0,0.0
2024-05-09 00:00:00-03:00,24.384523391723633,25.15975570678711,22.552160263061523,23.64453125,3514973,0.0,0.0
2024-05-10 00:00:00-03:00,23.39786720275879,24.807376861572266,22.552160263061523,24.631187438964844,1983071,0.0,0.0
2024-05-13 00:00:00-03:00,25.0188045501709,25.2302303314209,23.256916046142578,23.538818359375,3152435,0.0,0.0
2024-05-14 00:00:00-03:00,23.961671829223633,24.595951080322266,22.834062576293945,23.99690818786621,2835332,0.0,0.0
2024-05-15 00:00:00-03:00,24.595951080322266,25.194992065429688,23.99690818786621,24.807376861572266,3797581,0.0,0.0
2024-05-16 00:00:00-03:00,24.384523391723633,26.07593536376953,24.384523391723633,25.75879669189453,3853459,0.0,0.0
2024-05-17 00:00:00-03:00,25.65308380126953,26.357837677001953,24.10262107849121,24.631187438964844,539009,0.0,0.0
2024-05-20 00:00:00-03:00,25.089279174804688,25.26546859741211,23.820720672607422,24.666425704956055,1596753,0.0,0.0
2024-05-21 00:00:00-03:00,24.948328018188477,25.2302303314209,24.243572235107422,25.05404281616211,3105206,0.0,0.0
2024-05-22 00:00:00-03:00,24.666425704956055,26.146411895751953,24.384523391723633,24.9130916595459,1566324,0.0,0.0
2024-05-23 00:00:00-03:00,24.842615127563477,25.37118148803711,24.384523391723633,24.807376861572266,3158423,0.0,0.0
2024-05-24 00:00:00-03:00,25.15975570678711,25.79403305053711,24.807376861572266,25.65308380126953,2509595,0.0,0.0
2024-05-27 00:00:00-03:00,25.93498420715332,27.48544692993164,25.26546859741211,26.357837677001953,2874708,0.0,0.0
2024-05-28 00:00:00-03:00,26.498788833618164,27.48544692993164,26.07593536376953,27.30925750732422,2302197,0.0,0.0
2024-05-29 00:00:00-03:00,27.62639617919922,30.304466247558594,27.62639617919922,30.198753356933594,6504047,0.0,0.0
2024-05-30 00:00:00-03:00,31.00922203063965,35.0968017578125,31.00922203063965,34.92061233520508,18735977,0.0,0.0
2024-05-31 00:00:00-03:00,35.660606384277344,39.18437957763672,35.5196533203125,37.07011413574219,15241040,0.0,0.0
2024-06-03 00:00:00-03:00,36.64726257324219,39.04343032836914,34.955848693847656,35.872032165527344,9294392,0.0,0.0
2024-06-04 00:00:00-03:00,35.942508697509766,35.942508697509766,31.29112434387207,34.49776077270508,6715879,0.0,0.0
2024-06-05 00:00:00-03:00,33.828243255615234,37.07011413574219,30.586368560791016,36.365360260009766,6282055,0.0,0.0
2024-06-06 00:00:00-03:00,36.22440719604492,36.22440719604492,32.841583251953125,33.89871597290039,7485529,0.0,0.0
2024-06-07 00:00:00-03:00,33.828243255615234,36.85868835449219,32.45397186279297,36.506309509277344,7406573,0.0,0.0
2024-06-10 00:00:00-03:00,36.506309509277344,42.073875427246094,36.506309509277344,40.452938079833984,11121906,0.0,0.0
2024-06-11 00:00:00-03:00,42.42625427246094,44.188140869140625,39.46628189086914,40.241512298583984,16221118,0.0,0.0
2024-06-12 00:00:00-03:00,41.58054733276367,43.976715087890625,41.29864501953125,42.91958236694336,11089384,0.0,0.0
2024-06-13 00:00:00-03:00,44.399566650390625,49.33285140991211,42.778629302978516,44.89289474487305,15294058,0.0,0.0
2024-06-14 00:00:00-03:00,45.24527359008789,47.78239059448242,45.24527359008789,46.725257873535156,8559959,0.0,0.0
2024-06-18 00:00:00-03:00,47.07763671875,50.178558349609375,45.66812515258789,48.83952331542969,9360344,0.0,0.0
2024-06-19 00:00:00-03:00,50.178558349609375,52.43377685546875,50.178558349609375,52.081398010253906,11544684,0.0,0.0
2024-06-24 00:00:00-03:00,52.081398010253906,57.789913177490234,52.010921478271484,57.22610855102539,11413313,0.0,0.0
2024-06-25 00:00:00-03:00,58.6356201171875,62.72319793701172,58.071815490722656,61.17273712158203,12837431,0.0,0.0
2024-06-26 00:00:00-03:00,61.17273712158203,62.37082290649414,52.292823791503906,54.47756576538086,15862050,0.0,0.0
2024-06-27 00:00:00-03:00,54.548038482666016,55.534698486328125,49.33285140991211,50.81283950805664,17949222,0.0,0.0
2024-06-28 00:00:00-03:00,50.6718864440918,53.98423767089844,49.68523025512695,51.94044876098633,8358826,0.0,0.0
2024-07-01 00:00:00-03:00,52.15187454223633,55.2527961730957,50.4604606628418,54.548038482666016,8251377,0.0,0.0
2024-07-02 00:00:00-03:00,56.380401611328125,61.313690185546875,55.39374542236328,58.283241271972656,9238635,0.0,0.0
2024-07-03 00:00:00-03:00,58.49467086791992,60.60893249511719,54.266136169433594,57.93086624145508,10130115,0.0,0.0
2024-07-04 00:00:00-03:00,57.578487396240234,59.76322937011719,54.82994079589844,57.01468276977539,6657809,0.0,0.0
2024-07-05 00:00:00-03:00,57.71943664550781,57.860389709472656,54.266136169433594,54.97089385986328,5855438,0.0,0.0
2024-07-08 00:00:00-03:00,54.97089385986328,54.97089385986328,50.81283950805664,51.30616760253906,7399109,0.0,0.0
2024-07-10 00:00:00-03:00,51.72901916503906,55.39374542236328,50.74236297607422,55.18231964111328,5826840,0.0,0.0
2024-07-11 00:00:00-03:00,55.6756477355957,56.380401611328125,52.85662841796875,54.68899154663086,5088250,0.0,0.0
2024-07-12 00:00:00-03:00,54.68899154663086,54.68899154663086,51.799495697021484,53.209007263183594,6469864,0.0,0.0
2024-07-15 00:00:00-03:00,53.13853073120117,53.209007263183594,47.923343658447266,48.346195220947266,6853565,0.0,0.0
2024-07-16 00:00:00-03:00,47.641441345214844,53.27947998046875,40.17103576660156,52.15187454223633,10497413,0.0,0.0
2024-07-17 00:00:00-03:00,52.99757766723633,56.23945236206055,50.31951141357422,50.8833122253418,3996743,0.0,0.0
2024-07-18 00:00:00-03:00,50.74236297607422,53.56138229370117,48.62809753417969,51.16521453857422,3228419,0.0,0.0
2024-07-19 00:00:00-03:00,51.09474182128906,53.420433044433594,49.47380447387695,50.60141372680664,3778277,0.0,0.0
2024-07-22 00:00:00-03:00,51.588069915771484,51.588069915771484,48.48714828491211,48.98047637939453,4196677,0.0,0.0
2024-07-23 00:00:00-03:00,48.90999984741211,51.16521453857422,48.20524597167969,50.31951141357422,3300387,0.0,0.0
2024-07-24 00:00:00-03:00,51.09474182128906,53.56138229370117,50.60141372680664,52.222347259521484,4595660,0.0,0.0
2024-07-25 00:00:00-03:00,53.490909576416016,53.490909576416016,49.61475372314453,51.588069915771484,2981425,0.0,0.0
2024-07-26 00:00:00-03:00,51.588069915771484,53.06805419921875,48.90999984741211,50.389984130859375,3096685,0.0,0.0
2024-07-29 00:00:00-03:00,50.389984130859375,51.799495697021484,45.31575012207031,46.8662109375,3217699,0.0,0.0
2024-07-30 00:00:00-03:00,46.513832092285156,46.513832092285156,41.651023864746094,42.99005889892578,7620520,0.0,0.0
2024-07-31 00:00:00-03:00,43.6948127746582,50.74236297607422,42.99005889892578,50.389984130859375,919191,0.0,0.0
2024-08-01 00:00:00-03:00,51.588069915771484,53.56138229370117,48.62809753417969,50.10808563232422,6420046,0.0,0.0
2024-08-02 00:00:00-03:00,50.178558349609375,50.178558349609375,46.513832092285156,47.852867126464844,5041680,0.0,0.0
2024-08-05 00:00:00-03:00,46.513832092285156,47.2890625,41.43959426879883,45.31575012207031,5996445,0.0,0.0
2024-08-06 00:00:00-03:00,47.218589782714844,49.33285140991211,45.10432434082031,49.05094909667969,5137572,0.0,0.0
2024-08-07 00:00:00-03:00,50.4604606628418,50.4604606628418,46.513832092285156,46.8662109375,3135060,0.0,0.0
2024-08-08 00:00:00-03:00,47.78239059448242,50.31951141357422,46.16145324707031,46.79573440551758,5308915,0.0,0.0
2024-08-09 00:00:00-03:00,47.218589782714844,47.641441345214844,43.6948127746582,46.090980529785156,5741030,0.0,0.0
2024-08-12 00:00:00-03:00,46.090980529785156,47.641441345214844,45.10432434082031,45.95002746582031,3609332,0.0,0.0
2024-08-13 00:00:00-03:00,45.809078216552734,46.37288284301758,43.6948127746582,45.386226654052734,5231377,0.0,0.0
2024-08-14 00:00:00-03:00,45.95002746582031,47.641441345214844,44.89289474487305,45.73860168457031,5183141,0.0,0.0
2024-08-15 00:00:00-03:00,45.66812515258789,47.07763671875,45.24527359008789,46.090980529785156,3227617,0.0,0.0
2024-08-16 00:00:00-03:00,46.231929779052734,51.588069915771484,45.66812515258789,50.8833122253418,9665393,0.0,0.0
2024-08-19 00:00:00-03:00,51.44711685180664,52.85662841796875,49.544281005859375,51.02426528930664,6173556,0.0,0.0
2024-08-20 00:00:00-03:00,51.16521453857422,51.869972229003906,48.62809753417969,49.26237869262695,4610935,0.0,0.0
2024-08-21 00:00:00-03:00,48.48714828491211,49.33285140991211,46.8662109375,47.2890625,4637951,0.0,0.0
2024-08-22 00:00:00-03:00,47.218589782714844,47.218589782714844,45.17479705810547,45.95002746582031,2597271,0.0,0.0
2024-08-23 00:00:00-03:00,46.65478515625,47.78239059448242,46.231929779052734,46.725257873535156,1919191,0.0,0.0
2024-08-26 00:00:00-03:00,46.725257873535156,46.725257873535156,45.66812515258789,46.020503997802734,2282544,0.0,0.0
2024-08-27 00:00:00-03:00,46.090980529785156,46.79573440551758,45.386226654052734,46.37288284301758,1619811,0.0,0.0
2024-08-28 00:00:00-03:00,46.302406311035156,46.79573440551758,44.75194549560547,45.24527359008789,2813701,0.0,0.0
2024-08-29 00:00:00-03:00,45.386226654052734,47.218589782714844,45.386226654052734,46.020503997802734,2314790,0.0,0.0
2024-08-30 00:00:00-03:00,46.513832092285156,48.48714828491211,46.302406311035156,47.711917877197266,5344764,0.0,0.0
2024-09-02 00:00:00-03:00,47.99381637573242,49.47380447387695,46.65478515625,48.48714828491211,6539201,0.0,0.0
2024-09-03 00:00:00-03:00,48.62809753417969,48.76905059814453,46.93668746948242,47.218589782714844,3337641,0.0,0.0
2024-09-04 00:00:00-03:00,47.35953903198242,49.19190216064453,46.513832092285156,46.725257873535156,4627969,0.0,0.0
2024-09-05 00:00:00-03:00,46.725257873535156,49.755706787109375,45.95002746582031,49.544281005859375,9681044,0.0,0.0
2024-09-06 00:00:00-03:00,49.755706787109375,50.6718864440918,47.923343658447266,48.69857406616211,4765662,0.0,0.0
2024-09-09 00:00:00-03:00,48.76905059814453,50.60141372680664,45.809078216552734,49.89665603637695,3170009,0.0,0.0
2024-09-10 00:00:00-03:00,49.89665603637695,49.89665603637695,47.711917877197266,47.99381637573242,3739930,0.0,0.0
2024-09-11 00:00:00-03:00,48.064292907714844,49.89665603637695,47.00716018676758,48.62809753417969,3323998,0.0,0.0
2024-09-12 00:00:00-03:00,48.48714828491211,50.60141372680664,48.346195220947266,50.2490348815918,5133946,0.0,0.0
2024-09-13 00:00:00-03:00,50.60141372680664,53.843284606933594,50.60141372680664,51.869972229003906,5877935,0.0,0.0
2024-09-16 00:00:00-03:00,52.85662841796875,53.27947998046875,49.40332794189453,50.2490348815918,4636518,0.0,0.0
2024-09-17 00:00:00-03:00,50.2490348815918,50.2490348815918,48.346195220947266,48.62809753417969,4162268,0.0,0.0
2024-09-18 00:00:00-03:00,49.68523025512695,49.68523025512695,46.79573440551758,47.35953903198242,2894182,0.0,0.0
2024-09-19 00:00:00-03:00,47.641441345214844,49.12142562866211,47.35953903198242,47.57096481323242,3674829,0.0,0.0
2024-09-20 00:00:00-03:00,47.923343658447266,47.923343658447266,45.10432434082031,46.020503997802734,4749827,0.0,0.0
2024-09-23 00:00:00-03:00,46.513832092285156,46.93668746948242,44.54051971435547,45.10432434082031,2878532,0.0,0.0
2024-09-24 00:00:00-03:00,45.52717590332031,48.90999984741211,45.03384780883789,46.302406311035156,5068966,0.0,0.0
2024-09-25 00:00:00-03:00,46.93668746948242,46.93668746948242,45.10432434082031,45.73860168457031,2771601,0.0,0.0
2024-09-26 00:00:00-03:00,45.45669937133789,46.8662109375,44.54051971435547,44.89289474487305,4909038,0.0,0.0
2024-09-27 00:00:00-03:00,45.45669937133789,45.66812515258789,44.3290901184082,45.17479705810547,1250058,0.0,0.0
2024-09-30 00:00:00-03:00,45.52717590332031,46.79573440551758,44.54051971435547,45.24527359008789,1913565,0.0,0.0
2024-10-01 00:00:00-03:00,44.82242202758789,45.809078216552734,44.54051971435547,45.03384780883789,2630828,0.0,0.0
2024-10-02 00:00:00-03:00,45.10432434082031,46.231929779052734,44.68146896362305,46.020503997802734,2691098,0.0,0.0
2024-10-03 00:00:00-03:00,46.513832092285156,47.218589782714844,45.24527359008789,45.386226654052734,1855013,0.0,0.0
2024-10-04 00:00:00-03:00,45.879554748535156,46.443355560302734,45.24527359008789,46.231929779052734,1999723,0.0,0.0
2024-10-07 00:00:00-03:00,46.513832092285156,48.275718688964844,45.45669937133789,45.809078216552734,2607714,0.0,0.0
2024-10-08 00:00:00-03:00,45.809078216552734,46.443355560302734,45.10432434082031,45.879554748535156,1490347,0.0,0.0
2024-10-09 00:00:00-03:00,45.17479705810547,46.65478515625,45.10432434082031,45.386226654052734,2408560,0.0,0.0
2024-10-10 00:00:00-03:00,45.386226654052734,46.37288284301758,44.82242202758789,45.45669937133789,1733871,0.0,0.0
2024-10-14 00:00:00-03:00,45.66812515258789,45.809078216552734,44.25861740112305,44.47004318237305,3589254,0.0,0.0
2024-10-15 00:00:00-03:00,44.399566650390625,44.68146896362305,42.84910583496094,43.06053161621094,5310029,0.0,0.0
2024-10-16 00:00:00-03:00,42.99005889892578,43.62433624267578,40.59389114379883,41.22816848754883,3984540,0.0,0.0
2024-10-17 00:00:00-03:00,41.36912155151367,42.00339889526367,38.05677032470703,41.29864501953125,10655595,0.0,0.0
2024-10-18 00:00:00-03:00,41.36912155151367,42.144351959228516,40.59389114379883,40.946266174316406,4503543,0.0,0.0
2024-10-21 00:00:00-03:00,41.15769577026367,41.43959426879883,39.74818420410156,39.88913345336914,3569935,0.0,0.0
2024-10-22 00:00:00-03:00,39.60723114013672,39.88913345336914,36.99964141845703,37.56344223022461,7814431,0.0,0.0
2024-10-23 00:00:00-03:00,37.49296951293945,38.97295379638672,35.660606384277344,37.35201644897461,5744307,0.0,0.0
2024-10-24 00:00:00-03:00,37.56344223022461,40.17103576660156,37.56344223022461,39.18437957763672,2954813,0.0,0.0
2024-10-25 00:00:00-03:00,40.311988830566406,42.00339889526367,40.311988830566406,41.36912155151367,4775254,0.0,0.0
2024-10-28 00:00:00-03:00,40.87579345703125,42.285301208496094,39.46628189086914,40.17103576660156,3220054,0.0,0.0
2024-10-29 00:00:00-03:00,41.58054733276367,41.862449645996094,38.620574951171875,38.83200454711914,4031868,0.0,0.0
2024-10-30 00:00:00-03:00,38.83200454711914,40.87579345703125,37.774871826171875,40.523414611816406,4445338,0.0,0.0
2024-10-31 00:00:00-03:00,39.46628189086914,41.43959426879883,39.32533264160156,39.46628189086914,1414165,0.0,0.0
2024-11-01 00:00:00-03:00,41.08721923828125,41.15769577026367,39.39580535888672,40.523414611816406,2629005,0.0,0.0
2024-11-04 00:00:00-03:00,40.80531692504883,41.15769577026367,39.818660736083984,39.95960998535156,2774070,0.0,0.0
2024-11-05 00:00:00-03:00,39.88913345336914,41.15769577026367,38.9024772644043,39.11390686035156,3354867,0.0,0.0
2024-11-06 00:00:00-03:00,39.18437957763672,39.88913345336914,38.9024772644043,39.18437957763672,3345814,0.0,0.0
2024-11-07 00:00:00-03:00,39.18437957763672,39.88913345336914,38.33867263793945,38.4796257019043,4669665,0.0,0.0
2024-11-08 00:00:00-03:00,38.33867263793945,39.18437957763672,36.85868835449219,37.14059066772461,3898212,0.0,0.0
2024-11-11 00:00:00-03:00,37.91582107543945,37.91582107543945,36.85868835449219,37.07011413574219,2640676,0.0,0.0
2024-11-12 00:00:00-03:00,36.92916488647461,37.63391876220703,36.64726257324219,37.14059066772461,2582869,0.0,0.0
2024-11-13 00:00:00-03:00,37.35201644897461,37.70439529418945,35.660606384277344,36.43583679199219,6402174,0.0,0.0
2024-11-14 00:00:00-03:00,36.64726257324219,42.144351959228516,35.872032165527344,41.43959426879883,10703662,0.0,0.0
2024-11-15 00:00:00-03:00,42.144351959228516,46.302406311035156,42.144351959228516,43.34243392944336,22507430,0.0,0.0
2024-11-19 00:00:00-03:00,44.25861740112305,45.386226654052734,42.49673080444336,43.6948127746582,5315215,0.0,0.0
2024-11-20 00:00:00-03:00,43.83576583862305,44.68146896362305,42.99005889892578,43.2719612121582,4734971,0.0,0.0
2024-11-21 00:00:00-03:00,44.25861740112305,45.24527359008789,42.778629302978516,44.96337127685547,5648324,0.0,0.0
2024-11-22 00:00:00-03:00,45.24527359008789,48.346195220947266,45.24527359008789,47.50048828125,8558945,0.0,0.0
2024-11-25 00:00:00-03:00,47.57096481323242,49.47380447387695,46.513832092285156,47.14811325073242,7047271,0.0,0.0
2024-11-26 00:00:00-03:00,47.35953903198242,48.557621002197266,44.399566650390625,46.231929779052734,4674006,0.0,0.0
2024-11-27 00:00:00-03:00,46.231929779052734,47.14811325073242,42.99005889892578,44.1176643371582,4252676,0.0,0.0
2024-11-28 00:00:00-03:00,44.25861740112305,45.52717590332031,42.99005889892578,45.386226654052734,1643805,0.0,0.0
2024-11-29 00:00:00-03:00,45.66812515258789,47.641441345214844,44.82242202758789,45.52717590332031,2592808,0.0,0.0
2024-12-02 00:00:00-03:00,44.82242202758789,47.711917877197266,44.82242202758789,47.430015563964844,5158388,0.0,0.0
2024-12-03 00:00:00-03:00,47.923343658447266,48.41667175292969,45.10432434082031,46.231929779052734,4896062,0.0,0.0
2024-12-04 00:00:00-03:00,46.302406311035156,47.14811325073242,42.70815658569336,43.41291046142578,7860050,0.0,0.0
2024-12-05 00:00:00-03:00,43.976715087890625,45.52717590332031,42.144351959228516,42.70815658569336,3727607,0.0,0.0
2024-12-06 00:00:00-03:00,43.83576583862305,44.54051971435547,40.17103576660156,41.43959426879883,4297159,0.0,0.0
2024-12-09 00:00:00-03:00,42.144351959228516,47.07763671875,41.08721923828125,46.443355560302734,6853785,0.0,0.0
2024-12-10 00:00:00-03:00,47.218589782714844,48.48714828491211,45.17479705810547,45.95002746582031,4518867,0.0,0.0
2024-12-11 00:00:00-03:00,46.513832092285156,48.62809753417969,44.399566650390625,47.852867126464844,5741874,0.0,0.0
2024-12-12 00:00:00-03:00,47.923343658447266,52.43377685546875,47.923343658447266,51.869972229003906,13202913,0.0,0.0
2024-12-13 00:00:00-03:00,51.869972229003906,53.420433044433594,48.98047637939453,49.544281005859375,10532560,0.0,0.0
2024-12-16 00:00:00-03:00,49.47380447387695,52.292823791503906,49.47380447387695,49.967132568359375,7367950,0.0,0.0
2024-12-17 00:00:00-03:00,48.48714828491211,53.56138229370117,47.923343658447266,52.36330032348633,7327155,0.0,0.0
2024-12-18 00:00:00-03:00,53.209007263183594,55.6756477355957,51.869972229003906,52.64520263671875,10379166,0.0,0.0
2024-12-19 00:00:00-03:00,51.44711685180664,53.56138229370117,48.064292907714844,50.0376091003418,5604514,0.0,0.0
2024-12-20 00:00:00-03:00,50.6718864440918,54.97089385986328,48.064292907714844,53.98423767089844,5521769,0.0,0.0
2024-12-23 00:00:00-03:00,53.98423767089844,57.93086624145508,52.85662841796875,56.66230773925781,10986001,0.0,0.0
2024-12-24 00:00:00-03:00,56.80325698852539,59.199424743652344,56.52135467529297,58.2127685546875,3538378,0.0,0.0
2024-12-26 00:00:00-03:00,58.49467086791992,59.12894821166992,57.08515930175781,57.22610855102539,5904845,0.0,0.0
2024-12-27 00:00:00-03:00,57.648963928222656,58.49467086791992,53.843284606933594,55.39374542236328,6615482,0.0,0.0
2024-12-30 00:00:00-03:00,55.6756477355957,57.155635833740234,52.292823791503906,53.209007263183594,3576327,0.0,0.0
2025-01-02 00:00:00-03:00,53.56138229370117,55.534698486328125,53.490909576416016,54.19566345214844,3585919,0.0,0.0
2025-01-03 00:00:00-03:00,54.68899154663086,55.534698486328125,52.715675354003906,52.92710494995117,4098168,0.0,0.0
2025-01-06 00:00:00-03:00,52.43377685546875,54.90041732788086,51.658546447753906,53.27947998046875,4986413,0.0,0.0
2025-01-07 00:00:00-03:00,53.420433044433594,54.054710388183594,51.869972229003906,52.43377685546875,4514071,0.0,0.0
2025-01-08 00:00:00-03:00,52.85662841796875,52.85662841796875,50.178558349609375,50.6718864440918,4349234,0.0,0.0
2025-01-09 00:00:00-03:00,51.588069915771484,52.010921478271484,49.544281005859375,49.89665603637695,3768429,0.0,0.0
2025-01-10 00:00:00-03:00,49.755706787109375,51.44711685180664,48.62809753417969,50.60141372680664,3856403,0.0,0.0
2025-01-13 00:00:00-03:00,50.6718864440918,51.72901916503906,47.923343658447266,48.134769439697266,3346361,0.0,0.0
2025-01-14 00:00:00-03:00,49.19190216064453,49.967132568359375,47.923343658447266,49.19190216064453,3164617,0.0,0.0
2025-01-15 00:00:00-03:00,50.0376091003418,50.0376091003418,47.218589782714844,48.557621002197266,2170647,0.0,0.0
2025-01-16 00:00:00-03:00,47.50048828125,48.76905059814453,45.45669937133789,45.95002746582031,5653460,0.0,0.0
2025-01-17 00:00:00-03:00,46.231929779052734,46.93668746948242,43.6948127746582,44.47004318237305,3779000,0.0,0.0
2025-01-20 00:00:00-03:00,44.399566650390625,49.19190216064453,44.399566650390625,46.58430862426758,2933416,0.0,0.0
2025-01-21 00:00:00-03:00,48.134769439697266,49.19190216064453,47.641441345214844,48.557621002197266,3009173,0.0,0.0
2025-01-22 00:00:00-03:00,49.05094909667969,49.89665603637695,47.99381637573242,48.557621002197266,1897056,0.0,0.0
2025-01-23 00:00:00-03:00,48.90999984741211,48.90999984741211,46.231929779052734,46.8662109375,2799050,0.0,0.0
2025-01-24 00:00:00-03:00,47.923343658447266,50.0376091003418,44.82242202758789,46.79573440551758,4531283,0.0,0.0
2025-01-27 00:00:00-03:00,47.78239059448242,47.78239059448242,43.20148468017578,43.9062385559082,3774942,0.0,0.0
2025-01-28 00:00:00-03:00,44.399566650390625,45.386226654052734,44.188140869140625,44.82242202758789,1532575,0.0,0.0
2025-01-29 00:00:00-03:00,44.47004318237305,45.809078216552734,44.25861740112305,45.31575012207031,1741073,0.0,0.0
2025-01-30 00:00:00-03:00,45.95002746582031,46.090980529785156,44.68146896362305,45.24527359008789,2814956,0.0,0.0
2025-01-31 00:00:00-03:00,46.37288284301758,46.37288284301758,44.47004318237305,44.68146896362305,1836361,0.0,0.0
2025-02-03 00:00:00-03:00,43.6948127746582,45.03384780883789,41.58054733276367,44.47004318237305,1828741,0.0,0.0
2025-02-04 00:00:00-03:00,43.6948127746582,47.57096481323242,43.6948127746582,45.17479705810547,2713857,0.0,0.0
2025-02-05 00:00:00-03:00,45.24527359008789,46.302406311035156,43.6948127746582,44.1176643371582,1760306,0.0,0.0
2025-02-06 00:00:00-03:00,43.6948127746582,44.54051971435547,42.84910583496094,43.2719612121582,2060914,0.0,0.0
2025-02-07 00:00:00-03:00,43.6948127746582,44.68146896362305,41.29864501953125,42.144351959228516,3492390,0.0,0.0
2025-02-10 00:00:00-03:00,42.63768005371094,43.553863525390625,40.452938079833984,41.22816848754883,3838482,0.0,0.0
2025-02-11 00:00:00-03:00,40.87579345703125,41.08721923828125,38.33867263793945,39.04343032836914,5381096,0.0,0.0
2025-02-12 00:00:00-03:00,39.32533264160156,41.58054733276367,37.35201644897461,39.67770767211914,1998162,0.0,0.0
2025-02-13 00:00:00-03:00,40.59389114379883,42.567203521728516,39.95960998535156,42.42625427246094,2354867,0.0,0.0
2025-02-14 00:00:00-03:00,43.41291046142578,43.4833869934082,41.51007080078125,42.63768005371094,2708416,0.0,0.0
2025-02-17 00:00:00-03:00,41.01674270629883,42.00339889526367,39.67770767211914,40.17103576660156,3882001,0.0,0.0
2025-02-18 00:00:00-03:00,40.17103576660156,42.285301208496094,39.60723114013672,41.58054733276367,2447552,0.0,0.0
2025-02-19 00:00:00-03:00,41.43959426879883,42.285301208496094,40.17103576660156,41.79197311401367,1931252,0.0,0.0
2025-02-20 00:00:00-03:00,41.862449645996094,43.6948127746582,40.87579345703125,41.58054733276367,1891721,0.0,0.0
2025-02-21 00:00:00-03:00,40.59389114379883,42.84910583496094,39.46628189086914,40.452938079833984,3330774,0.0,0.0
2025-02-24 00:00:00-03:00,40.59389114379883,41.15769577026367,38.76152801513672,39.53675842285156,1785882,0.0,0.0
2025-02-25 00:00:00-03:00,40.17103576660156,40.17103576660156,37.35201644897461,38.05677032470703,2448531,0.0,0.0
2025-02-26 00:00:00-03:00,38.05677032470703,40.17103576660156,37.21106719970703,37.49296951293945,2209015,0.0,0.0
2025-02-27 00:00:00-03:00,37.49296951293945,38.197723388671875,35.37870407104492,35.872032165527344,3917325,0.0,0.0
2025-02-28 00:00:00-03:00,36.294883728027344,36.92916488647461,33.96919250488281,35.3082275390625,3205106,0.0,0.0
2025-03-05 00:00:00-03:00,35.5196533203125,37.21106719970703,34.955848693847656,36.64726257324219,3311178,0.0,0.0
2025-03-06 00:00:00-03:00,37.91582107543945,40.452938079833984,37.07011413574219,40.17103576660156,7552106,0.0,0.0
2025-03-07 00:00:00-03:00,41.01674270629883,43.13100814819336,40.311988830566406,41.29864501953125,4286304,0.0,0.0
2025-03-10 00:00:00-03:00,40.87579345703125,41.43959426879883,38.33867263793945,39.39580535888672,2467020,0.0,0.0
2025-03-11 00:00:00-03:00,40.59389114379883,41.15769577026367,37.774871826171875,39.04343032836914,1639399,0.0,0.0
2025-03-12 00:00:00-03:00,39.04343032836914,40.734840393066406,36.99964141845703,40.59389114379883,2767103,0.0,0.0
2025-03-13 00:00:00-03:00,40.734840393066406,40.734840393066406,38.4796257019043,39.32533264160156,1401713,0.0,0.0
2025-03-14 00:00:00-03:00,40.100563049316406,40.100563049316406,38.33867263793945,39.39580535888672,2216493,0.0,0.0
2025-03-17 00:00:00-03:00,39.39580535888672,39.818660736083984,38.4796257019043,39.18437957763672,2062525,0.0,0.0
2025-03-18 00:00:00-03:00,38.197723388671875,39.818660736083984,36.64726257324219,37.21106719970703,2057871,0.0,0.0
2025-03-19 00:00:00-03:00,37.63391876220703,39.32533264160156,37.35201644897461,37.84534454345703,1533419,0.0,0.0
2025-03-20 00:00:00-03:00,37.986297607421875,38.4796257019043,37.42249298095703,37.63391876220703,917488,0.0,0.0
2025-03-21 00:00:00-03:00,37.774871826171875,38.9024772644043,36.71773910522461,38.620574951171875,1340387,0.0,0.0
2025-03-25 00:00:00-03:00,40.030086517333984,40.030086517333984,38.197723388671875,38.97295379638672,4580513,0.0,0.0
2025-03-26 00:00:00-03:00,38.76152801513672,38.76152801513672,37.63391876220703,38.620574951171875,3335180,0.0,0.0
2025-03-27 00:00:00-03:00,38.76152801513672,39.74818420410156,37.63391876220703,38.55010223388672,3135820,0.0,0.0
2025-03-28 00:00:00-03:00,39.11390686035156,39.11390686035156,37.28154373168945,37.42249298095703,1046824,0.0,0.0
2025-03-31 00:00:00-03:00,37.42249298095703,38.05677032470703,35.660606384277344,36.85868835449219,1338628,0.0,0.0
2025-04-01 00:00:00-03:00,37.774871826171875,38.76152801513672,37.14059066772461,37.84534454345703,1982625,0.0,0.0
2025-04-03 00:00:00-03:00,36.92916488647461,37.35201644897461,35.59012985229492,36.153934478759766,1626018,0.0,0.0
2025-04-04 00:00:00-03:00,35.37870407104492,38.76152801513672,30.445417404174805,36.506309509277344,5539456,0.0,0.0
2025-04-07 00:00:00-03:00,34.532997131347656,35.942508697509766,31.925403594970703,32.98253631591797,2237302,0.0,0.0
2025-04-08 00:00:00-03:00,33.96919250488281,35.23775100708008,29.45876121520996,29.705425262451172,2345219,0.0,0.0
2025-04-09 00:00:00-03:00,31.00922203063965,32.418731689453125,26.216886520385742,31.890165328979492,5766010,0.0,0.0
2025-04-10 00:00:00-03:00,32.1368293762207,32.1368293762207,30.339704513549805,31.29112434387207,1494356,0.0,0.0
2025-04-11 00:00:00-03:00,31.925403594970703,33.54634094238281,31.32636070251465,32.91205978393555,1473277,0.0,0.0
2025-04-14 00:00:00-03:00,34.955848693847656,37.28154373168945,33.05301284790039,35.59012985229492,3087945,0.0,0.0
2025-04-15 00:00:00-03:00,35.872032165527344,39.32533264160156,34.673946380615234,37.14059066772461,4400947,0.0,0.0
2025-04-16 00:00:00-03:00,37.35201644897461,39.18437957763672,33.26443862915039,34.568233489990234,5966441,0.0,0.0
2025-04-21 00:00:00-03:00,34.110145568847656,34.110145568847656,30.727319717407227,31.079696655273438,1958077,0.0,0.0
2025-04-22 00:00:00-03:00,30.304466247558594,32.77111053466797,30.304466247558594,32.0311164855957,1297046,0.0,0.0
2025-04-23 00:00:00-03:00,32.77111053466797,34.81489944458008,32.77111053466797,34.532997131347656,2491567,0.0,0.0
2025-04-24 00:00:00-03:00,34.81489944458008,37.49296951293945,34.81489944458008,36.153934478759766,3339514,0.0,0.0
2025-04-25 00:00:00-03:00,35.942508697509766,38.76152801513672,35.942508697509766,37.28154373168945,2322658,0.0,0.0
2025-04-28 00:00:00-03:00,36.99964141845703,38.2681999206543,33.828243255615234,35.2025146484375,2414732,0.0,0.0
2025-04-29 00:00:00-03:00,35.942508697509766,35.942508697509766,33.47586441040039,35.23775100708008,862938,0.0,0.0
2025-04-30 00:00:00-03:00,34.955848693847656,35.23775100708008,33.12348556518555,33.61681365966797,1776248,0.0,0.0
2025-05-05 00:00:00-03:00,33.61681365966797,33.61681365966797,32.418731689453125,32.947296142578125,1383658,0.0,0.0
2025-05-06 00:00:00-03:00,33.828243255615234,35.942508697509766,33.47586441040039,35.5196533203125,1886747,0.0,0.0
2025-05-07 00:00:00-03:00,35.23775100708008,44.399566650390625,34.638710021972656,37.84534454345703,4340444,0.0,0.0
2025-05-08 00:00:00-03:00,38.76152801513672,40.17103576660156,35.660606384277344,37.56344223022461,1454150,0.0,0.0
2025-05-09 00:00:00-03:00,36.64726257324219,38.76152801513672,36.64726257324219,37.70439529418945,1449574,0.0,0.0
2025-05-12 00:00:00-03:00,39.32533264160156,41.36912155151367,36.64726257324219,38.05677032470703,2571914,0.0,0.0
2025-05-13 00:00:00-03:00,37.91582107543945,37.91582107543945,36.71773910522461,37.42249298095703,1926030,0.0,0.0
2025-05-14 00:00:00-03:00,36.92916488647461,38.76152801513672,35.37870407104492,37.56344223022461,4445608,0.0,0.0
2025-05-15 00:00:00-03:00,37.91582107543945,39.46628189086914,36.365360260009766,37.84534454345703,2926243,0.0,0.0
2025-05-16 00:00:00-03:00,37.91582107543945,38.2681999206543,36.788211822509766,37.56344223022461,2001915,0.0,0.0
2025-05-19 00:00:00-03:00,37.774871826171875,38.55010223388672,35.23775100708008,36.64726257324219,3428538,0.0,0.0
2025-05-20 00:00:00-03:00,36.85868835449219,37.42249298095703,36.083457946777344,36.71773910522461,1917779,0.0,0.0
2025-05-21 00:00:00-03:00,38.2681999206543,38.4796257019043,36.788211822509766,38.197723388671875,4112031,0.0,0.0
2025-05-22 00:00:00-03:00,38.197723388671875,40.87579345703125,37.63391876220703,40.452938079833984,4241445,0.0,0.0
2025-05-23 00:00:00-03:00,40.452938079833984,41.01674270629883,38.76152801513672,40.241512298583984,3983873,0.0,0.0
2025-05-26 00:00:00-03:00,40.17103576660156,41.01674270629883,39.46628189086914,39.818660736083984,1022589,0.0,0.0
2025-05-27 00:00:00-03:00,39.88913345336914,40.66436767578125,38.05677032470703,38.409149169921875,2431937,0.0,0.0
2025-05-28 00:00:00-03:00,38.05677032470703,39.25485610961914,37.21106719970703,38.409149169921875,2315229,0.0,0.0
2025-05-29 00:00:00-03:00,37.774871826171875,38.4796257019043,36.64726257324219,37.35201644897461,1275507,0.0,0.0
2025-05-30 00:00:00-03:00,36.99964141845703,38.76152801513672,36.365360260009766,36.506309509277344,1200048,0.0,0.0
2025-06-02 00:00:00-03:00,36.506309509277344,37.986297607421875,34.673946380615234,35.660606384277344,1558115,0.0,0.0
2025-06-03 00:00:00-03:00,35.3082275390625,37.07011413574219,34.532997131347656,35.660606384277344,1113933,0.0,0.0
2025-06-04 00:00:00-03:00,35.660606384277344,36.365360260009766,34.039669036865234,35.02632522583008,3869990,0.0,0.0
2025-06-05 00:00:00-03:00,34.955848693847656,36.083457946777344,33.828243255615234,34.321571350097656,1508098,0.0,0.0
2025-06-06 00:00:00-03:00,34.532997131347656,34.81489944458008,33.47586441040039,33.828243255615234,1425126,0.0,0.0
2025-06-09 00:00:00-03:00,33.75776672363281,34.251094818115234,32.70063400268555,33.12348556518555,1356485,0.0,0.0
2025-06-10 00:00:00-03:00,33.33491134643555,34.532997131347656,33.05301284790039,34.251094818115234,1570928,0.0,0.0
2025-06-11 00:00:00-03:00,34.81489944458008,35.0968017578125,33.12348556518555,33.22919845581055,1357528,0.0,0.0
2025-06-12 00:00:00-03:00,33.828243255615234,33.828243255615234,31.713977813720703,32.70063400268555,1321984,0.0,0.0
2025-06-13 00:00:00-03:00,33.12348556518555,33.22919845581055,30.727319717407227,30.833032608032227,1732651,0.0,0.0
2025-06-17 00:00:00-03:00,30.727319717407227,31.11493492126465,29.17685890197754,30.480655670166016,1259544,0.0,0.0
2025-06-18 00:00:00-03:00,30.868270874023438,31.713977813720703,30.163515090942383,31.185409545898438,1461422,0.0,0.0
2025-06-19 00:00:00-03:00,31.00922203063965,31.573026657104492,30.727319717407227,30.973983764648438,520067,0.0,0.0
2025-06-23 00:00:00-03:00,30.727319717407227,30.727319717407227,28.894956588745117,29.17685890197754,1630346,0.0,0.0
2025-06-24 00:00:00-03:00,29.31781005859375,30.973983764648438,29.31781005859375,29.916851043701172,2287411,0.0,0.0
2025-06-25 00:00:00-03:00,30.163515090942383,30.410179138183594,28.754005432128906,29.141620635986328,1909918,0.0,0.0
2025-06-26 00:00:00-03:00,29.035907745361328,29.77589988708496,28.331153869628906,29.28257179260254,3445871,0.0,0.0
2025-06-27 00:00:00-03:00,29.000669479370117,31.00922203063965,28.613054275512695,29.952089309692383,1455654,0.0,0.0
2025-06-30 00:00:00-03:00,29.212095260620117,30.480655670166016,28.190200805664062,28.965431213378906,1701002,0.0,0.0
2025-07-01 00:00:00-03:00,28.754005432128906,29.987327575683594,28.225439071655273,28.894956588745117,1287986,0.0,0.0
2025-07-02 00:00:00-03:00,28.894956588745117,30.163515090942383,28.190200805664062,29.987327575683594,1485480,0.0,0.0
2025-07-03 00:00:00-03:00,29.77589988708496,30.973983764648438,29.77589988708496,30.339704513549805,1097218,0.0,0.0
2025-07-04 00:00:00-03:00,30.445417404174805,32.1368293762207,29.881614685058594,30.973983764648438,1511468,0.0,0.0
2025-07-07 00:00:00-03:00,31.678739547729492,31.713977813720703,29.952089309692383,30.304466247558594,1061758,0.0,0.0
2025-07-08 00:00:00-03:00,30.621606826782227,31.00922203063965,29.67018699645996,30.903507232666016,1245681,0.0,0.0
2025-07-10 00:00:00-03:00,30.868270874023438,30.903507232666016,29.599712371826172,30.128278732299805,1252271,0.0,0.0
2025-07-11 00:00:00-03:00,30.022565841674805,31.00922203063965,28.894956588745117,29.353046417236328,921476,0.0,0.0
2025-07-14 00:00:00-03:00,29.881614685058594,30.022565841674805,28.190200805664062,29.705425262451172,1317996,0.0,0.0
2025-07-15 00:00:00-03:00,29.67018699645996,30.163515090942383,29.17685890197754,29.77589988708496,887400,0.0,0.0
2025-07-16 00:00:00-03:00,29.881614685058594,29.881614685058594,29.212095260620117,29.56447410583496,877311,0.0,0.0
2025-07-17 00:00:00-03:00,29.353046417236328,31.00922203063965,28.894956588745117,29.071144104003906,939702,0.0,0.0
2025-07-18 00:00:00-03:00,28.894956588745117,30.304466247558594,28.754005432128906,28.965431213378906,1656298,0.0,0.0
2025-07-21 00:00:00-03:00,28.965431213378906,29.599712371826172,28.190200805664062,28.295915603637695,1934147,0.0,0.0
2025-07-22 00:00:00-03:00,28.331153869628906,28.331153869628906,27.062593460083008,27.48544692993164,1751246,0.0,0.0
2025-07-23 00:00:00-03:00,27.90829849243164,28.577817916870117,27.62639617919922,28.401628494262695,2287660,0.0,0.0
2025-07-24 00:00:00-03:00,28.507341384887695,28.824480056762695,27.873062133789062,28.718767166137695,1638228,0.0,0.0
2025-07-25 00:00:00-03:00,28.894956588745117,29.881614685058594,28.894956588745117,29.740663528442383,1416825,0.0,0.0
2025-07-28 00:00:00-03:00,30.797794342041016,32.70063400268555,29.56447410583496,32.59492111206055,4758632,0.0,0.0
2025-07-29 00:00:00-03:00,32.77111053466797,34.321571350097656,32.418731689453125,32.87682342529297,4928357,0.0,0.0
2025-07-30 00:00:00-03:00,32.70063400268555,34.321571350097656,31.64350128173828,32.27778244018555,1752516,0.0,0.0
2025-07-31 00:00:00-03:00,31.713977813720703,32.87682342529297,30.727319717407227,31.53778839111328,3156621,0.0,0.0
2025-08-01 00:00:00-03:00,31.00922203063965,31.573026657104492,29.740663528442383,30.797794342041016,2023717,0.0,0.0
2025-08-04 00:00:00-03:00,31.11493492126465,31.573026657104492,30.233991622924805,31.15017318725586,1636533,0.0,0.0
2025-08-05 00:00:00-03:00,31.713977813720703,35.5196533203125,31.32636070251465,34.955848693847656,5378868,0.0,0.0
2025-08-06 00:00:00-03:00,34.532997131347656,36.365360260009766,33.54634094238281,35.167274475097656,5343509,0.0,0.0
2025-08-07 00:00:00-03:00,35.23775100708008,35.80155563354492,33.40538787841797,33.68729019165039,1411518,0.0,0.0
2025-08-08 00:00:00-03:00,33.96919250488281,34.462520599365234,32.101593017578125,32.77111053466797,1626451,0.0,0.0
2025-08-11 00:00:00-03:00,32.48920822143555,33.61681365966797,32.1368293762207,32.45397186279297,959893,0.0,0.0
2025-08-12 00:00:00-03:00,32.80634689331055,33.12348556518555,30.868270874023438,31.85492706298828,1414349,0.0,0.0
2025-08-13 00:00:00-03:00,31.995878219604492,32.48920822143555,31.15017318725586,31.29112434387207,971756,0.0,0.0
2025-08-14 00:00:00-03:00,31.29112434387207,31.29112434387207,29.000669479370117,29.846376419067383,1596114,0.0,0.0
2025-08-18 00:00:00-03:00,30.163515090942383,30.163515090942383,29.035907745361328,29.49399757385254,1152499,0.0,0.0
2025-08-19 00:00:00-03:00,30.304466247558594,30.304466247558594,28.401628494262695,29.31781005859375,883165,0.0,0.0
2025-08-20 00:00:00-03:00,28.754005432128906,30.304466247558594,28.648292541503906,28.965431213378906,912508,0.0,0.0
2025-08-21 00:00:00-03:00,29.035907745361328,29.52923583984375,28.190200805664062,28.824480056762695,943086,0.0,0.0
2025-08-22 00:00:00-03:00,29.49399757385254,29.49399757385254,28.225439071655273,28.965431213378906,984256,0.0,0.0
2025-08-25 00:00:00-03:00,28.965431213378906,30.093040466308594,27.48544692993164,27.66163444519043,2123759,0.0,0.0
2025-08-26 00:00:00-03:00,27.76734733581543,29.106382369995117,26.780691146850586,28.190200805664062,1857077,0.0,0.0
2025-08-27 00:00:00-03:00,27.90829849243164,28.119726181030273,25.65308380126953,26.780691146850586,1795176,0.0,0.0
2025-08-28 00:00:00-03:00,27.062593460083008,28.04924964904785,26.99211883544922,27.027355194091797,876077,0.0,0.0
2025-08-29 00:00:00-03:00,26.921642303466797,27.062593460083008,25.58260726928711,25.79403305053711,1909500,0.0,0.0
2025-09-01 00:00:00-03:00,25.37118148803711,28.119726181030273,24.314048767089844,25.65308380126953,4392533,0.0,0.0
2025-09-02 00:00:00-03:00,26.780691146850586,29.247333526611328,25.82927131652832,28.577817916870117,5843193,0.0,0.0
2025-09-03 00:00:00-03:00,28.754005432128906,30.198753356933594,27.62639617919922,28.401628494262695,4191598,0.0,0.0
2025-09-04 00:00:00-03:00,28.613054275512695,29.56447410583496,27.76734733581543,28.119726181030273,1576391,0.0,0.0
2025-09-05 00:00:00-03:00,29.0,39.0,29.0,36.0,2325520,0.0,7.094664
2025-09-08 00:00:00-03:00,36.0,36.0,27.5,30.5,3162330,0.0,0.0
2025-09-09 00:00:00-03:00,30.600000381469727,31.5,27.5,28.799999237060547,3483726,0.0,0.0
2025-09-10 00:00:00-03:00,29.799999237060547,32.0,28.600000381469727,31.5,2745481,0.0,0.0
2025-09-11 00:00:00-03:00,31.700000762939453,34.099998474121094,29.799999237060547,32.099998474121094,3334399,0.0,0.0
2025-09-12 00:00:00-03:00,33.0,33.0,29.0,30.799999237060547,2949974,0.0,0.0
2025-09-15 00:00:00-03:00,31.0,31.0,28.5,29.299999237060547,1810621,0.0,0.0
2025-09-16 00:00:00-03:00,30.399999618530273,30.5,28.200000762939453,28.799999237060547,2197510,0.0,0.0
2025-09-17 00:00:00-03:00,29.100000381469727,29.5,27.799999237060547,28.100000381469727,1804475,0.0,0.0
2025-09-18 00:00:00-03:00,28.5,28.799999237060547,24.149999618530273,24.950000762939453,3424668,0.0,0.0
2025-09-19 00:00:00-03:00,25.799999237060547,25.799999237060547,24.299999237060547,24.5,2649231,0.0,0.0
2025-09-22 00:00:00-03:00,26.0,29.0,25.100000381469727,28.0,2877317,0.0,0.0
2025-09-23 00:00:00-03:00,28.399999618530273,30.399999618530273,27.5,30.200000762939453,3094719,0.0,0.0
2025-09-24 00:00:00-03:00,31.0,32.0,27.899999618530273,29.5,2621052,0.0,0.0
2025-09-25 00:00:00-03:00,30.0,30.0,26.799999237060547,27.100000381469727,1550914,0.0,0.0
2025-09-26 00:00:00-03:00,27.299999237060547,28.0,25.700000762939453,26.200000762939453,1670915,0.0,0.0
2025-09-29 00:00:00-03:00,25.700000762939453,26.200000762939453,25.100000381469727,25.799999237060547,690500,0.0,0.0
2025-09-30 00:00:00-03:00,26.0,26.399999618530273,24.049999237060547,26.100000381469727,2179999,0.0,0.0
2025-10-01 00:00:00-03:00,26.200000762939453,26.700000762939453,24.899999618530273,26.200000762939453,1421641,0.0,0.0
2025-10-02 00:00:00-03:00,26.0,26.899999618530273,25.0,26.700000762939453,1080171,0.0,0.0
2025-10-03 00:00:00-03:00,26.700000762939453,27.600000381469727,25.899999618530273,26.5,363452,0.0,0.0
2025-10-06 00:00:00-03:00,26.600000381469727,27.0,25.399999618530273,25.700000762939453,897461,0.0,0.0
2025-10-07 00:00:00-03:00,26.5,26.5,24.5,24.799999237060547,877048,0.0,0.0
2025-10-08 00:00:00-03:00,25.0,25.799999237060547,24.399999618530273,24.899999618530273,880176,0.0,0.0
2025-10-09 00:00:00-03:00,24.950000762939453,26.5,24.549999237060547,26.5,1481482,0.0,0.0
2025-10-13 00:00:00-03:00,27.799999237060547,28.5,27.200000762939453,28.200000762939453,927857,0.0,0.0
2025-10-14 00:00:00-03:00,28.799999237060547,28.799999237060547,25.0,25.5,1961605,0.0,0.0
2025-10-15 00:00:00-03:00,26.200000762939453,27.200000762939453,25.0,25.899999618530273,2016337,0.0,0.0
2025-10-16 00:00:00-03:00,26.0,26.5,25.0,25.100000381469727,1251777,0.0,0.0
2025-10-17 00:00:00-03:00,25.100000381469727,26.299999237060547,24.799999237060547,25.5,1630163,0.0,0.0
2025-10-20 00:00:00-03:00,25.899999618530273,26.899999618530273,25.100000381469727,25.5,842173,0.0,0.0
2025-10-21 00:00:00-03:00,25.299999237060547,26.799999237060547,25.100000381469727,25.399999618530273,2203040,0.0,0.0
2025-10-22 00:00:00-03:00,25.700000762939453,26.5,25.0,25.399999618530273,1628259,0.0,0.0
2025-10-23 00:00:00-03:00,25.600000381469727,26.5,25.200000762939453,26.0,2835472,0.0,0.0
2025-10-24 00:00:00-03:00,26.0,28.0,24.700000762939453,25.5,3142981,0.0,0.0
2025-10-27 00:00:00-03:00,30.0,33.0,27.600000381469727,31.299999237060547,9657080,0.0,0.0
2025-10-28 00:00:00-03:00,31.600000381469727,37.70000076293945,29.799999237060547,35.0,18104757,0.0,0.0
2025-10-29 00:00:00-03:00,36.0,40.0,36.0,38.79999923706055,13266909,0.0,0.0
2025-10-30 00:00:00-03:00,39.0,39.900001525878906,35.5,38.400001525878906,7627416,0.0,0.0
2025-10-31 00:00:00-03:00,38.400001525878906,41.900001525878906,38.20000076293945,40.70000076293945,7729025,0.0,0.0
2025-11-03 00:00:00-03:00,40.70000076293945,44.900001525878906,40.5,41.79999923706055,8106173,0.0,0.0
2025-11-04 00:00:00-03:00,43.0,43.400001525878906,39.099998474121094,40.900001525878906,4663389,0.0,0.0
2025-11-05 00:00:00-03:00,40.900001525878906,43.900001525878906,40.900001525878906,42.0,7574292,0.0,0.0
2025-11-06 00:00:00-03:00,43.0,43.70000076293945,38.79999923706055,39.400001525878906,3384896,0.0,0.0
2025-11-07 00:00:00-03:00,40.400001525878906,40.400001525878906,35.79999923706055,37.79999923706055,3861266,0.0,0.0
2025-11-10 00:00:00-03:00,38.29999923706055,41.900001525878906,38.099998474121094,41.099998474121094,4376047,0.0,0.0
2025-11-11 00:00:00-03:00,41.5,44.0,41.5,43.79999923706055,3645564,0.0,0.0
2025-11-12 00:00:00-03:00,43.79999923706055,45.400001525878906,43.29999923706055,44.79999923706055,5418151,0.0,0.0
2025-11-13 00:00:00-03:00,45.900001525878906,50.79999923706055,45.0,45.599998474121094,12164059,0.0,0.0
2025-11-14 00:00:00-03:00,46.20000076293945,50.599998474121094,46.099998474121094,49.70000076293945,7410695,0.0,0.0
2025-11-17 00:00:00-03:00,50.400001525878906,54.79999923706055,50.0,51.79999923706055,9671152,0.0,0.0
2025-11-18 00:00:00-03:00,52.79999923706055,55.0,48.20000076293945,50.400001525878906,6849958,0.0,0.0
2025-11-19 00:00:00-03:00,50.400001525878906,53.0,48.599998474121094,49.70000076293945,5549745,0.0,0.0
2025-11-20 00:00:00-03:00,50.599998474121094,52.0,45.29999923706055,46.79999923706055,4793546,0.0,0.0
2025-11-21 00:00:00-03:00,47.0,48.0,43.70000076293945,46.400001525878906,1638829,0.0,0.0
2025-11-25 00:00:00-03:00,47.70000076293945,50.0,46.599998474121094,47.900001525878906,3043745,0.0,0.0
2025-11-26 00:00:00-03:00,48.79999923706055,50.599998474121094,47.5,50.400001525878906,3916124,0.0,0.0
2025-11-27 00:00:00-03:00,50.400001525878906,51.0,48.0,50.400001525878906,2680291,0.0,0.0
2025-11-28 00:00:00-03:00,51.0,53.20000076293945,50.400001525878906,51.0,2946531,0.0,0.0
2025-12-01 00:00:00-03:00,51.20000076293945,53.0,47.599998474121094,51.599998474121094,775576,0.0,0.0
2025-12-02 00:00:00-03:00,51.400001525878906,51.599998474121094,49.0,50.0,4165456,0.0,0.0
2025-12-03 00:00:00-03:00,48.29999923706055,50.0,47.900001525878906,48.20000076293945,2759645,0.0,0.0
2025-12-04 00:00:00-03:00,48.29999923706055,48.29999923706055,45.0,46.099998474121094,8907294,0.0,0.0
2025-12-05 00:00:00-03:00,46.099998474121094,47.29999923706055,45.20000076293945,45.900001525878906,2394483,0.0,0.0
2025-12-09 00:00:00-03:00,46.400001525878906,47.29999923706055,45.099998474121094,46.5,2229667,0.0,0.0
2025-12-10 00:00:00-03:00,46.599998474121094,46.79999923706055,45.20000076293945,45.900001525878906,1803377,0.0,0.0
2025-12-11 00:00:00-03:00,45.79999923706055,46.70000076293945,42.900001525878906,44.900001525878906,2171523,0.0,0.0
2025-12-12 00:00:00-03:00,46.400001525878906,46.400001525878906,44.20000076293945,44.70000076293945,1721905,0.0,0.0
2025-12-15 00:00:00-03:00,44.70000076293945,45.900001525878906,43.0,44.099998474121094,2183874,0.0,0.0
2025-12-16 00:00:00-03:00,44.599998474121094,45.0,42.0,44.5,2637298,0.0,0.0
2025-12-17 00:00:00-03:00,44.900001525878906,44.900001525878906,43.0,43.79999923706055,1660911,0.0,0.0
2025-12-18 00:00:00-03:00,44.0,44.900001525878906,43.599998474121094,44.5,3027151,0.0,0.0
2025-12-19 00:00:00-03:00,44.79999923706055,45.400001525878906,43.400001525878906,43.70000076293945,1988628,0.0,0.0
2025-12-22 00:00:00-03:00,44.20000076293945,44.900001525878906,43.0,43.900001525878906,1294925,0.0,0.0
2025-12-23 00:00:00-03:00,44.400001525878906,45.0,43.70000076293945,44.0,932082,0.0,0.0
2025-12-24 00:00:00-03:00,43.79999923706055,44.79999923706055,43.79999923706055,44.400001525878906,119332,0.0,0.0
2025-12-26 00:00:00-03:00,45.599998474121094,45.599998474121094,43.0,43.29999923706055,3443387,0.0,0.0
2025-12-29 00:00:00-03:00,43.400001525878906,43.79999923706055,41.5,42.70000076293945,5438629,0.0,0.0
2025-12-30 00:00:00-03:00,43.0,43.0,40.79999923706055,42.29999923706055,2762627,0.0,0.0
2026-01-02 00:00:00-03:00,42.0,42.900001525878906,41.0,41.400001525878906,3814997,0.0,0.0
2026-01-05 00:00:00-03:00,41.70000076293945,41.79999923706055,39.70000076293945,41.0,4266345,0.0,0.0
2026-01-06 00:00:00-03:00,41.599998474121094,42.20000076293945,41.0,41.5,2441587,0.0,0.0
2026-01-07 00:00:00-03:00,42.0,42.0,39.0,39.70000076293945,4580581,0.0,0.0
2026-01-08 00:00:00-03:00,39.70000076293945,40.0,38.5,39.70000076293945,4035095,0.0,0.0
2026-01-09 00:00:00-03:00,40.0,40.599998474121094,39.20000076293945,39.900001525878906,2315902,0.0,0.0
2026-01-12 00:00:00-03:00,39.900001525878906,40.29999923706055,38.400001525878906,38.79999923706055,1962301,0.0,0.0
2026-01-13 00:00:00-03:00,39.0,39.400001525878906,36.79999923706055,37.0,3946149,0.0,0.0
2026-01-14 00:00:00-03:00,37.099998474121094,37.29999923706055,35.599998474121094,35.900001525878906,4196574,0.0,0.0
2026-01-15 00:00:00-03:00,36.0,36.400001525878906,33.099998474121094,34.900001525878906,5095976,0.0,0.0
2026-01-16 00:00:00-03:00,34.79999923706055,36.29999923706055,33.70000076293945,35.79999923706055,4139564,0.0,0.0
2026-01-19 00:00:00-03:00,36.400001525878906,39.5,35.5,39.099998474121094,12082724,0.0,0.0
2026-01-20 00:00:00-03:00,39.0,41.0,37.900001525878906,40.400001525878906,12060742,0.0,0.0
2026-01-21 00:00:00-03:00,40.400001525878906,42.0,39.599998474121094,40.70000076293945,3501752,0.0,0.0
2026-01-22 00:00:00-03:00,40.70000076293945,41.29999923706055,39.099998474121094,39.5,3935835,0.0,0.0
2026-01-23 00:00:00-03:00,39.400001525878906,39.5,38.099998474121094,38.900001525878906,1848598,0.0,0.0
2026-01-26 00:00:00-03:00,38.900001525878906,39.5,37.79999923706055,38.20000076293945,7559498,0.0,0.0
2026-01-27 00:00:00-03:00,38.0,38.900001525878906,37.5,38.0,9342634,0.0,0.0
2026-01-28 00:00:00-03:00,38.900001525878906,39.79999923706055,38.20000076293945,38.5,4426867,0.0,0.0
2026-01-29 00:00:00-03:00,39.0,39.70000076293945,36.900001525878906,37.79999923706055,4129157,0.0,0.0
2026-01-30 00:00:00-03:00,37.79999923706055,38.400001525878906,36.599998474121094,37.0,3142573,0.0,0.0
2026-02-02 00:00:00-03:00,37.29999923706055,37.29999923706055,36.0,36.099998474121094,1716186,0.0,0.0
2026-02-03 00:00:00-03:00,36.400001525878906,36.599998474121094,34.29999923706055,35.20000076293945,2852780,0.0,0.0
2026-02-04 00:00:00-03:00,35.400001525878906,36.70000076293945,34.0,35.0,2084048,0.0,0.0
2026-02-05 00:00:00-03:00,35.099998474121094,35.400001525878906,33.0,33.900001525878906,3258663,0.0,0.0
2026-02-06 00:00:00-03:00,33.900001525878906,36.5,33.900001525878906,34.20000076293945,3150499,0.0,0.0
2026-02-09 00:00:00-03:00,34.5,34.70000076293945,33.599998474121094,34.400001525878906,3022794,0.0,0.0
2026-02-10 00:00:00-03:00,34.70000076293945,35.0,32.5,34.29999923706055,2695259,0.0,0.0
2026-02-11 00:00:00-03:00,34.900001525878906,34.900001525878906,33.79999923706055,34.099998474121094,1452835,0.0,0.0
2026-02-12 00:00:00-03:00,34.400001525878906,34.900001525878906,32.400001525878906,32.70000076293945,3390266,0.0,0.0
2026-02-13 00:00:00-03:00,32.900001525878906,33.29999923706055,32.099998474121094,32.20000076293945,1443923,0.0,0.0
2026-02-18 00:00:00-03:00,32.400001525878906,32.79999923706055,30.100000381469727,30.600000381469727,3437057,0.0,0.0
2026-02-19 00:00:00-03:00,31.200000762939453,31.799999237060547,30.0,31.0,1565935,0.0,0.0
2026-02-20 00:00:00-03:00,31.5,32.599998474121094,30.299999237060547,30.600000381469727,3123833,0.0,0.0
2026-02-23 00:00:00-03:00,31.0,31.399999618530273,28.899999618530273,29.5,2500545,0.0,0.0
2026-02-24 00:00:00-03:00,29.700000762939453,30.0,28.5,29.799999237060547,1555087,0.0,0.0
2026-02-25 00:00:00-03:00,29.899999618530273,30.299999237060547,29.0,30.0,1299353,0.0,0.0
2026-02-26 00:00:00-03:00,29.5,30.100000381469727,29.0,29.5,1505850,0.0,0.0
2026-02-27 00:00:00-03:00,29.5,30.200000762939453,29.0,29.200000762939453,1361399,0.0,0.0
2026-03-02 00:00:00-03:00,29.0,29.5,27.399999618530273,27.700000762939453,2843751,0.0,0.0
2026-03-03 00:00:00-03:00,28.0,28.0,26.0,27.100000381469727,2918356,0.0,0.0
2026-03-04 00:00:00-03:00,27.600000381469727,28.399999618530273,27.200000762939453,27.799999237060547,1369366,0.0,0.0
2026-03-05 00:00:00-03:00,28.700000762939453,28.700000762939453,27.399999618530273,28.100000381469727,1054498,0.0,0.0
2026-03-06 00:00:00-03:00,28.399999618530273,28.700000762939453,27.5,27.600000381469727,1540430,0.0,0.0
2026-03-09 00:00:00-03:00,28.200000762939453,29.0,26.0,28.399999618530273,2345925,0.0,0.0
2026-03-10 00:00:00-03:00,28.5,30.700000762939453,28.5,30.200000762939453,3873811,0.0,0.0
2026-03-11 00:00:00-03:00,30.100000381469727,32.0,30.100000381469727,31.399999618530273,2849501,0.0,0.0
2026-03-12 00:00:00-03:00,31.899999618530273,31.899999618530273,30.100000381469727,30.200000762939453,1060161,0.0,0.0
2026-03-13 00:00:00-03:00,30.0,30.5,29.0,29.100000381469727,1263424,0.0,0.0
2026-03-16 00:00:00-03:00,29.399999618530273,30.0,27.5,27.799999237060547,2119504,0.0,0.0
2026-03-17 00:00:00-03:00,27.899999618530273,28.5,27.200000762939453,28.100000381469727,2111864,0.0,0.0
2026-03-18 00:00:00-03:00,28.5,28.700000762939453,27.5,27.799999237060547,1604987,0.0,0.0
2026-03-19 00:00:00-03:00,27.700000762939453,28.899999618530273,27.100000381469727,28.700000762939453,2659312,0.0,0.0
2026-03-20 00:00:00-03:00,29.899999618530273,29.899999618530273,28.200000762939453,28.5,1955201,0.0,0.0
2026-03-23 00:00:00-03:00,29.200000762939453,29.600000381469727,28.399999618530273,29.100000381469727,362646,0.0,0.0
2026-03-25 00:00:00-03:00,29.5,29.799999237060547,28.200000762939453,29.100000381469727,2790353,0.0,0.0
2026-03-26 00:00:00-03:00,29.100000381469727,29.299999237060547,27.700000762939453,28.0,1268912,0.0,0.0
2026-03-27 00:00:00-03:00,28.299999237060547,29.0,27.299999237060547,28.5,1211946,0.0,0.0
2026-03-30 00:00:00-03:00,28.899999618530273,31.0,28.0,29.600000381469727,2506141,0.0,0.0
2026-03-31 00:00:00-03:00,29.799999237060547,31.399999618530273,29.399999618530273,31.100000381469727,3598833,0.0,0.0
2026-04-01 00:00:00-03:00,31.5,32.900001525878906,30.700000762939453,32.5,2735970,0.0,0.0
2026-04-06 00:00:00-03:00,32.900001525878906,33.5,31.100000381469727,32.20000076293945,1633792,0.0,0.0
2026-04-07 00:00:00-03:00,32.400001525878906,32.400001525878906,30.899999618530273,31.0,1061197,0.0,0.0
2026-04-08 00:00:00-03:00,30.399999618530273,32.599998474121094,29.600000381469727,30.399999618530273,3040347,0.0,0.0
2026-04-09 00:00:00-03:00,30.5,30.5,29.700000762939453,29.899999618530273,959536,0.0,0.0
2026-04-10 00:00:00-03:00,30.0,30.799999237060547,29.600000381469727,29.899999618530273,751115,0.0,0.0
2026-04-13 00:00:00-03:00,30.0,30.399999618530273,29.399999618530273,30.100000381469727,1723878,0.0,0.0
2026-04-14 00:00:00-03:00,30.399999618530273,30.399999618530273,29.399999618530273,29.5,841373,0.0,0.0
2026-04-15 00:00:00-03:00,29.700000762939453,29.799999237060547,29.0,29.299999237060547,998776,0.0,0.0
2026-04-16 00:00:00-03:00,29.299999237060547,30.0,29.0,29.299999237060547,1653794,0.0,0.0
2026-04-17 00:00:00-03:00,29.299999237060547,29.899999618530273,28.799999237060547,29.100000381469727,1741707,0.0,0.0
2026-04-20 00:00:00-03:00,29.600000381469727,30.299999237060547,28.299999237060547,29.0,2385358,0.0,0.0
2026-04-21 00:00:00-03:00,29.5,29.5,28.899999618530273,29.100000381469727,1063907,0.0,0.0
2026-04-22 00:00:00-03:00,29.600000381469727,30.100000381469727,29.0,30.0,1931126,0.0,0.0
2026-04-23 00:00:00-03:00,30.0,30.899999618530273,29.5,29.700000762939453,1184080,0.0,0.0
2026-04-24 00:00:00-03:00,29.899999618530273,30.200000762939453,29.5,29.700000762939453,342225,0.0,0.0
2026-04-27 00:00:00-03:00,29.700000762939453,30.399999618530273,29.0,29.200000762939453,343374,0.0,0.0
2026-04-28 00:00:00-03:00,29.799999237060547,29.799999237060547,28.700000762939453,28.799999237060547,780475,0.0,0.0
2026-04-29 00:00:00-03:00,29.0,29.0,28.100000381469727,28.600000381469727,922734,0.0,0.0
2026-04-30 00:00:00-03:00,28.5,28.899999618530273,27.700000762939453,28.299999237060547,1604875,0.0,0.0
2026-05-01 00:00:00-03:00,28.299999237060547,28.299999237060547,28.299999237060547,28.299999237060547,0,0.0,0.0
2026-05-04 00:00:00-03:00,28.899999618530273,28.899999618530273,27.100000381469727,27.299999237060547,1779431,0.0,0.0
2026-05-05 00:00:00-03:00,27.700000762939453,27.899999618530273,26.5,27.100000381469727,2554397,0.0,0.0
2026-05-06 00:00:00-03:00,27.399999618530273,28.5,27.100000381469727,28.100000381469727,2410923,0.0,0.0
2026-05-07 00:00:00-03:00,28.5,28.5,27.299999237060547,27.799999237060547,1677169,0.0,0.0
2026-05-08 00:00:00-03:00,27.899999618530273,27.899999618530273,26.5,26.799999237060547,2314443,0.0,0.0
2026-05-11 00:00:00-03:00,27.0,27.0,26.200000762939453,26.600000381469727,1777066,0.0,0.0
2026-05-12 00:00:00-03:00,26.200000762939453,27.299999237060547,26.100000381469727,27.0,1263774,0.0,0.0
2026-05-13 00:00:00-03:00,27.299999237060547,27.299999237060547,26.5,26.700000762939453,1327979,0.0,0.0
2026-05-14 00:00:00-03:00,26.5,27.100000381469727,26.299999237060547,27.0,1262565,0.0,0.0
2026-05-15 00:00:00-03:00,27.0,27.0,25.399999618530273,25.700000762939453,2406806,0.0,0.0
2026-05-18 00:00:00-03:00,26.200000762939453,27.0,25.5,26.600000381469727,1993757,0.0,0.0
2026-05-19 00:00:00-03:00,26.799999237060547,27.0,26.0,26.399999618530273,833022,0.0,0.0
2026-05-20 00:00:00-03:00,26.600000381469727,27.100000381469727,26.200000762939453,26.899999618530273,1450358,0.0,0.0
2026-05-21 00:00:00-03:00,27.0,27.700000762939453,26.299999237060547,27.700000762939453,1372687,0.0,0.0
2026-05-22 00:00:00-03:00,27.5,28.299999237060547,27.399999618530273,28.0,686679,0.0,0.0
2026-05-25 00:00:00-03:00,28.0,28.0,28.0,28.0,0,0.0,0.0
2026-05-26 00:00:00-03:00,28.0,29.5,28.0,29.399999618530273,1760572,0.0,0.0
2026-05-27 00:00:00-03:00,29.600000381469727,32.29999923706055,28.700000762939453,31.5,5675252,0.0,0.0
2026-05-28 00:00:00-03:00,32.0,32.29999923706055,30.100000381469727,30.5,2489481,0.0,0.0
2026-05-29 00:00:00-03:00,30.5,31.399999618530273,29.0,30.600000381469727,4146322,0.0,0.0
2026-06-01 00:00:00-03:00,30.600000381469727,30.700000762939453,29.399999618530273,30.100000381469727,2982910,0.0,0.0
2026-06-02 00:00:00-03:00,30.100000381469727,30.899999618530273,29.100000381469727,29.5,1420181,0.0,0.0
2026-06-03 00:00:00-03:00,29.899999618530273,29.899999618530273,29.0,29.200000762939453,487174,0.0,0.0
2026-06-04 00:00:00-03:00,29.200000762939453,29.799999237060547,28.700000762939453,29.0,875060,0.0,0.0
2026-06-05 00:00:00-03:00,29.5,29.5,27.5,28.399999618530273,1264164,0.0,0.0
2026-06-08 00:00:00-03:00,28.899999618530273,29.0,27.5,28.0,1848709,0.0,0.0
2026-06-09 00:00:00-03:00,28.200000762939453,29.0,27.700000762939453,28.0,770981,0.0,0.0
2026-06-10 00:00:00-03:00,28.0,28.899999618530273,27.5,27.899999618530273,1761611,0.0,0.0
2026-06-11 00:00:00-03:00,28.5,29.899999618530273,27.700000762939453,28.5,4596366,0.0,0.0
2026-06-12 00:00:00-03:00,28.600000381469727,29.600000381469727,27.600000381469727,27.799999237060547,1766926,0.0,0.0
2026-06-15 00:00:00-03:00,27.799999237060547,27.799999237060547,27.799999237060547,27.799999237060547,0,0.0,0.0
2026-06-16 00:00:00-03:00,28.100000381469727,28.200000762939453,27.200000762939453,27.5,2448296,0.0,0.0
2026-06-17 00:00:00-03:00,27.5,28.0,27.100000381469727,27.5,1878716,0.0,0.0
2026-06-18 00:00:00-03:00,27.899999618530273,28.0,27.100000381469727,27.799999237060547,1872378,0.0,0.0
2026-06-19 00:00:00-03:00,27.799999237060547,28.0,27.200000762939453,27.5,919641,0.0,0.0
2026-06-22 00:00:00-03:00,27.899999618530273,28.100000381469727,27.0,27.100000381469727,1075158,0.0,0.0
2026-06-23 00:00:00-03:00,26.899999618530273,27.399999618530273,26.600000381469727,27.0,875621,0.0,0.0
2026-06-24 00:00:00-03:00,27.0,27.100000381469727,25.700000762939453,25.899999618530273,1831626,0.0,0.0
2026-06-25 00:00:00-03:00,26.100000381469727,26.299999237060547,25.600000381469727,25.799999237060547,1260221,0.0,0.0
2026-06-26 00:00:00-03:00,26.399999618530273,26.700000762939453,25.799999237060547,25.899999618530273,983554,0.0,0.0
2026-06-29 00:00:00-03:00,26.5,26.700000762939453,25.899999618530273,26.100000381469727,1537577,0.0,0.0
2026-06-30 00:00:00-03:00,26.5,26.5,25.0,26.200000762939453,1599255,0.0,0.0
2026-07-01 00:00:00-03:00,26.399999618530273,26.399999618530273,25.5,25.899999618530273,1303285,0.0,0.0
2026-07-02 00:00:00-03:00,26.0,26.299999237060547,25.700000762939453,26.299999237060547,2369621,0.0,0.0
2026-07-03 00:00:00-03:00,26.5,26.700000762939453,26.0,26.399999618530273,1249205,0.0,0.0
2026-07-06 00:00:00-03:00,26.0,27.100000381469727,26.0,26.799999237060547,1136785,0.0,0.0
2026-07-07 00:00:00-03:00,27.0,27.399999618530273,26.600000381469727,26.899999618530273,491262,0.0,0.0
2026-07-08 00:00:00-03:00,26.799999237060547,26.799999237060547,26.200000762939453,26.5,670740,0.0,0.0
2026-07-09 00:00:00-03:00,26.5,26.5,26.5,26.5,0,0.0,0.0
2026-07-10 00:00:00-03:00,26.600000381469727,26.700000762939453,25.700000762939453,26.5,249555,0.0,0.0
2026-07-13 00:00:00-03:00,26.5,26.899999618530273,25.899999618530273,26.100000381469727,1094402,0.0,0.0
2026-07-14 00:00:00-03:00,26.0,26.399999618530273,25.600000381469727,25.899999618530273,1081026,0.0,0.0
2026-07-15 00:00:00-03:00,26.100000381469727,26.5,25.600000381469727,25.899999618530273,2283580,0.0,0.0
2026-07-16 00:00:00-03:00,26.0,26.200000762939453,25.399999618530273,25.600000381469727,968901,0.0,0.0
2026-07-17 00:00:00-03:00,25.799999237060547,25.799999237060547,25.299999237060547,25.600000381469727,761825,0.0,0.0
2026-07-20 00:00:00-03:00,25.799999237060547,25.899999618530273,25.299999237060547,25.700000762939453,556958,0.0,0.0
2026-07-21 00:00:00-03:00,,,,,1640722,0.0,0.0
