Date,Open,High,Low,Close,Volume,Dividends,Stock Splits
2020-03-19 00:00:00-04:00,36.34580496266402,41.79767570706362,36.34580496266402,41.11619186401367,7000,0.0,0.0
2020-03-20 00:00:00-04:00,40.8981191981697,41.80676440419726,40.889034271240234,40.889034271240234,3600,0.0,0.0
2020-03-23 00:00:00-04:00,38.16309642791748,38.16309642791748,36.32763280282052,36.34580612182617,11900,0.0,0.0
2020-03-24 00:00:00-04:00,36.34580612182617,36.34580612182617,35.43716096878052,36.34580612182617,77800,0.0,0.0
2020-03-25 00:00:00-04:00,36.3458156694673,40.70731285656196,34.52852488599394,37.263545989990234,7000,0.0,0.0
2020-03-26 00:00:00-04:00,40.889034271240234,43.160647286309135,40.20755036671956,40.889034271240234,29100,0.0,0.0
2020-03-27 00:00:00-04:00,40.88903738580365,43.160650573903844,40.87995245818217,41.102569580078125,263200,0.0,0.0
2020-03-30 00:00:00-04:00,40.20754886627197,45.43225860595703,40.20754886627197,45.43225860595703,118100,0.0,0.0
2020-03-31 00:00:00-04:00,42.25200050354004,45.43225860595703,40.68912969830912,45.43225860595703,210300,0.0,0.0
2020-04-01 00:00:00-04:00,41.78859758259644,44.069295690086484,39.98039196626403,42.43373489379883,1206100,0.0,0.0
2020-04-02 00:00:00-04:00,40.91083193492423,44.21466668049074,39.2534656868047,39.98038101196289,9264200,0.0,0.0
2020-04-03 00:00:00-04:00,39.75323344367364,44.79621436442972,37.98137434551424,42.99709701538086,22551600,0.0,0.0
2020-04-06 00:00:00-04:00,42.70632152817076,43.47866850975097,40.61643840194831,41.74315643310547,10294200,0.0,0.0
2020-04-07 00:00:00-04:00,41.02532983554436,42.697237047199785,39.0081364969693,40.234806060791016,12146500,0.0,0.0
2020-04-08 00:00:00-04:00,38.35391777930793,41.07076878672939,37.49070403985388,40.062171936035156,22265800,0.0,0.0
2020-04-09 00:00:00-04:00,40.025828036941036,45.659430049754086,39.98039646147622,44.65083312988281,17355600,0.0,0.0
2020-04-13 00:00:00-04:00,44.11472853291249,44.223764998155,41.54326414151887,41.79768371582031,8545100,0.0,0.0
2020-04-14 00:00:00-04:00,41.715908155828735,42.07027929008001,39.953137413001386,41.69773483276367,10152100,0.0,0.0
2020-04-15 00:00:00-04:00,40.15303544561501,40.75274121820631,38.89001900532477,40.48014831542969,7935500,0.0,0.0
2020-04-16 00:00:00-04:00,40.05308162048782,42.167498671615505,39.571497312989855,41.452392578125,8740200,0.0,0.0
2020-04-17 00:00:00-04:00,42.7063222137047,44.12380990097253,41.72498378416401,41.93397521972656,7878100,0.0,0.0
2020-04-20 00:00:00-04:00,40.88904844858891,42.68816616438191,40.79818528296396,41.2434196472168,5407500,0.0,0.0
2020-04-21 00:00:00-04:00,40.43470181784031,42.88804396969196,40.43470181784031,41.70680618286133,6939700,0.0,0.0
2020-04-22 00:00:00-04:00,42.98801595448599,45.02337974883374,41.797689209595525,42.751766204833984,6801900,0.0,0.0
2020-04-23 00:00:00-04:00,43.10613061870087,43.65131986368458,42.23383198617491,43.133392333984375,5174800,0.0,0.0
2020-04-24 00:00:00-04:00,43.63315500087631,44.069304401690424,42.07937211056213,43.47868347167969,6446900,0.0,0.0
2020-04-27 00:00:00-04:00,43.687659164413375,44.160151577969216,43.26059484754653,43.81486892700195,5541100,0.0,0.0
2020-04-28 00:00:00-04:00,44.58721936158494,46.295473295666575,44.20559004414674,45.305049896240234,5368200,0.0,0.0
2020-04-29 00:00:00-04:00,46.1319172225831,47.00421578274346,45.16875206269372,46.477203369140625,4343900,0.0,0.0
2020-04-30 00:00:00-04:00,46.31365617063615,46.88610026489671,45.886591732454775,46.25913619995117,6123800,0.0,0.0
2020-05-01 00:00:00-04:00,45.73212485325623,45.913851161114984,43.89666072098427,45.16876220703125,3089700,0.0,0.0
2020-05-04 00:00:00-04:00,44.387316604779315,45.132405391000404,43.16973189891937,45.00519561767578,5676600,0.0,0.0
2020-05-05 00:00:00-04:00,45.00517892128278,46.01377527304538,43.57860676474443,43.69673156738281,4103600,0.0,0.0
2020-05-06 00:00:00-04:00,44.16924125850924,44.523612312114714,43.51501564187995,43.89664840698242,2931800,0.0,0.0
2020-05-07 00:00:00-04:00,44.54178722274724,48.42170256453954,44.51452897648233,47.076908111572266,4803200,0.0,0.0
2020-05-08 00:00:00-04:00,47.35859656089545,49.221318909469815,47.349511632164045,48.11277389526367,4289400,0.0,0.0
2020-05-11 00:00:00-04:00,47.24954944826049,47.613008907421936,46.39542422529928,47.076908111572266,3150600,0.0,0.0
2020-05-12 00:00:00-04:00,47.42219250993396,47.51305911113274,45.150579473060596,45.17784118652344,3059800,0.0,0.0
2020-05-13 00:00:00-04:00,44.52360894897453,45.70484686050206,43.51046815898461,43.80577850341797,4567000,0.0,0.0
2020-05-14 00:00:00-04:00,43.26060007479949,43.978430640378676,42.91531391590464,43.61497116088867,4849900,0.0,0.0
2020-05-15 00:00:00-04:00,42.99709137999401,44.72351867832891,42.888054924520084,44.42366409301758,2981400,0.0,0.0
2020-05-18 00:00:00-04:00,45.541304302781484,47.558498103643075,45.541304302781484,47.36768341064453,4452600,0.0,0.0
2020-05-19 00:00:00-04:00,46.958775951298605,48.09276595965012,46.39087280121635,47.53122329711914,2050300,0.0,0.0
2020-05-20 00:00:00-04:00,47.74930698009608,49.70289564531657,47.68115789341043,48.321754455566406,4755100,0.0,0.0
2020-05-21 00:00:00-04:00,47.75625532890734,48.84162350300412,47.3093369752848,47.45526885986328,3813100,0.2,0.0
2020-05-22 00:00:00-04:00,47.84747823208578,48.084619802247666,46.44288117587087,47.163421630859375,2134300,0.0,0.0
2020-05-26 00:00:00-04:00,48.3673646218744,49.242959781803684,46.242230429538715,46.415523529052734,6247000,0.0,0.0
2020-05-27 00:00:00-04:00,47.05396528676394,48.020766365950514,46.30606381242211,47.774505615234375,5202300,0.0,0.0
2020-05-28 00:00:00-04:00,48.22142244013519,48.29439013768031,46.451997526161946,46.4793586730957,4260700,0.0,0.0
2020-05-29 00:00:00-04:00,46.0050781011259,48.22142141732448,45.76794004771678,48.02076721191406,7522700,0.0,0.0
2020-06-01 00:00:00-04:00,47.83835134580985,49.65337928860606,47.52824559708655,49.325035095214844,3073300,0.0,0.0
2020-06-02 00:00:00-04:00,49.39799709057626,49.93612164565542,48.60449257013447,49.388877868652344,2638100,0.0,0.0
2020-06-03 00:00:00-04:00,50.16414648162095,50.69315187821433,49.75371186000394,50.59282302856445,4134500,0.0,0.0
2020-06-04 00:00:00-04:00,50.43777443228859,51.67819766843786,49.88140782084294,50.52898406982422,3281300,0.0,0.0
2020-06-05 00:00:00-04:00,52.74531616667797,53.5470283497501,51.07621670085804,53.420249938964844,4615100,0.0,0.0
2020-06-08 00:00:00-04:00,53.52057731016624,55.92845547474778,53.228713501083085,55.87372970581055,5966500,0.0,0.0
2020-06-09 00:00:00-04:00,55.0893487319385,56.05614630950735,54.03134153808601,55.31736755371094,4610200,0.0,0.0
2020-06-10 00:00:00-04:00,55.280890210927595,55.600115207249004,53.83069019466893,53.83980941772461,2658300,0.0,0.0
2020-06-11 00:00:00-04:00,51.07622612847223,52.964222065949194,50.80716553589122,51.30424499511719,3293900,0.0,0.0
2020-06-12 00:00:00-04:00,52.65411530313534,53.79420961546538,50.25535589579127,51.112709045410156,4313000,0.0,0.0
2020-06-15 00:00:00-04:00,49.717233522602,52.71796272538079,49.09702538918302,52.59939193725586,4464300,0.0,0.0
2020-06-16 00:00:00-04:00,54.2684870719016,54.54210899993523,52.33032681933369,52.7635612487793,3510300,0.0,0.0
2020-06-17 00:00:00-04:00,53.009825120921946,53.0736701252121,51.49577998621362,51.751163482666016,2441500,0.0,0.0
2020-06-18 00:00:00-04:00,51.477529321267504,52.6085042382564,51.29511704242614,52.435211181640625,2137500,0.0,0.0
2020-06-19 00:00:00-04:00,53.77595946749033,53.77595946749033,51.030614314006236,51.9882926940918,7096100,0.0,0.0
2020-06-22 00:00:00-04:00,51.87884830990037,53.06454560167233,51.659948688988095,52.04302215576172,2027000,0.0,0.0
2020-06-23 00:00:00-04:00,52.61762416687877,52.78179800347301,51.61434270261736,51.805877685546875,2386900,0.0,0.0
2020-06-24 00:00:00-04:00,51.2130361790902,51.96093774448055,50.392166910104876,50.65666961669922,3022000,0.0,0.0
2020-06-25 00:00:00-04:00,50.209748407704836,51.53225838966969,49.94524571545359,51.258636474609375,2942900,0.0,0.0
2020-06-26 00:00:00-04:00,51.286001269731244,51.51402012837986,49.65521203490203,50.88468933105469,6634300,0.0,0.0
2020-06-29 00:00:00-04:00,50.97589213507625,51.80588058687801,50.465132151992975,51.59610366821289,2257300,0.0,0.0
2020-06-30 00:00:00-04:00,51.048856853144024,52.07949946125678,50.62929956103036,51.86060333251953,2518100,0.0,0.0
2020-07-01 00:00:00-04:00,51.988297673868956,51.988297673868956,50.84820342663498,50.87556457519531,2400200,0.0,0.0
2020-07-02 00:00:00-04:00,51.468427324047376,52.20720982605249,50.866457556251774,51.53227233886719,3162900,0.0,0.0
2020-07-06 00:00:00-04:00,52.33488291717189,52.517298677313754,51.46841066596645,51.86060333251953,1999100,0.0,0.0
2020-07-07 00:00:00-04:00,51.46841453714737,52.27104185456621,51.185669913696366,51.82412338256836,2537900,0.0,0.0
2020-07-08 00:00:00-04:00,52.01565018387868,52.12510171852577,51.32247452756853,51.915321350097656,6694900,0.0,0.0
2020-07-09 00:00:00-04:00,51.86060064506844,52.845640131923126,51.14006034345712,51.176544189453125,2424200,0.0,0.0
2020-07-10 00:00:00-04:00,51.285994328405664,52.271037334506595,51.11270127183214,51.97005081176758,2137300,0.0,0.0
2020-07-13 00:00:00-04:00,51.5869793068708,52.845640693488605,51.50033104153229,51.887962341308594,2882500,0.0,0.0
2020-07-14 00:00:00-04:00,51.27687910044187,52.39873140302818,51.103582551078055,52.32576370239258,2755100,0.0,0.0
2020-07-15 00:00:00-04:00,52.90949001519874,53.81244615099345,52.77268079899986,53.082786560058594,2358400,0.0,0.0
2020-07-16 00:00:00-04:00,52.90037020616764,53.41113365380656,52.58844129988518,53.19223403930664,2628800,0.0,0.0
2020-07-17 00:00:00-04:00,53.56618571521656,53.83980762858388,53.037183813278595,53.40201187133789,2983100,0.0,0.0
2020-07-20 00:00:00-04:00,53.283443148710354,54.4052989514504,52.891253928020916,53.411136627197266,2407800,0.0,0.0
2020-07-21 00:00:00-04:00,53.246963035783146,53.75772303504693,52.991579556859705,53.30168533325195,2314000,0.0,0.0
2020-07-22 00:00:00-04:00,52.863889471288005,53.748603724708374,52.608509472070395,53.33816909790039,2034300,0.0,0.0
2020-07-23 00:00:00-04:00,53.35640500638635,54.23929253218255,53.21047309767729,53.86716842651367,2566500,0.0,0.0
2020-07-24 00:00:00-04:00,53.976633908144244,53.99031448536162,52.56291743390822,53.01895523071289,3142100,0.0,0.0
2020-07-27 00:00:00-04:00,52.77268021408075,53.30168210691093,52.53553867509822,53.19223403930664,2670300,0.0,0.0
2020-07-28 00:00:00-04:00,54.5603541100774,56.39362774555411,54.45090602833442,54.97990798950195,4473600,0.0,0.0
2020-07-29 00:00:00-04:00,55.600114638164534,58.7011723390816,55.600114638164534,58.64645004272461,4885400,0.0,0.0
2020-07-30 00:00:00-04:00,57.86206273038175,58.84710236348243,57.59756350586893,57.81645965576172,2307000,0.0,0.0
2020-07-31 00:00:00-04:00,57.86206375356711,57.86206375356711,56.7128502480793,57.22361373901367,3156100,0.0,0.0
2020-08-03 00:00:00-04:00,57.47898584562464,58.20864539004708,57.223605874899576,57.652278900146484,3200500,0.0,0.0
2020-08-04 00:00:00-04:00,57.077672729467125,57.369536540913074,56.52130625161982,57.10503387451172,1739400,0.0,0.0
2020-08-05 00:00:00-04:00,57.22360645426011,58.053594846810945,56.85877493870957,57.54283142089844,2645000,0.0,0.0
2020-08-06 00:00:00-04:00,57.3604121433229,57.93502052730344,57.33761234955704,57.898536682128906,1557400,0.0,0.0
2020-08-07 00:00:00-04:00,57.606678915044064,58.80149887501489,57.606678915044064,58.74677658081055,1169100,0.0,0.0
2020-08-10 00:00:00-04:00,58.63732890835921,59.55852702030367,58.63732890835921,59.476436614990234,1572700,0.0,0.0
2020-08-11 00:00:00-04:00,59.75917778520825,60.151370489745155,58.673812779439295,58.710296630859375,2787700,0.0,0.0
2020-08-12 00:00:00-04:00,59.257536249438004,59.713573921718016,58.57347974101799,59.19369125366211,1496600,0.0,0.0
2020-08-13 00:00:00-04:00,59.248409428031664,59.248409428031664,58.21776686542944,58.37281799316406,1436200,0.0,0.0
2020-08-14 00:00:00-04:00,58.10832829421752,58.83799146539858,58.007999434215535,58.436676025390625,1633900,0.0,0.0
2020-08-17 00:00:00-04:00,58.79237186972533,58.8562168611514,58.10831540791077,58.336334228515625,1785500,0.0,0.0
2020-08-18 00:00:00-04:00,58.236009539420095,58.73765376392012,57.80277514112426,57.87118148803711,1680200,0.0,0.0
2020-08-19 00:00:00-04:00,57.89853498605365,57.99886381769911,57.08678859079979,57.38777160644531,1549000,0.0,0.0
2020-08-20 00:00:00-04:00,56.87539323278284,57.87272572078816,56.555150296885536,57.61653137207031,1291500,0.2,0.0
2020-08-21 00:00:00-04:00,57.67143223561604,58.321073436307586,57.268840589170594,58.22042465209961,2649500,0.0,0.0
2020-08-24 00:00:00-04:00,58.202115651467125,58.76940807741504,57.680575204349736,58.37596130371094,3199900,0.0,0.0
2020-08-25 00:00:00-04:00,58.93411469542776,59.30010266053556,58.47204337120377,58.82431411743164,1604100,0.0,0.0
2020-08-26 00:00:00-04:00,58.8151679595165,59.28181173474582,58.328398613895295,58.723670959472656,1161900,0.0,0.0
2020-08-27 00:00:00-04:00,58.98900104724176,59.38701672823408,57.799519428976595,57.85441970825195,1341700,0.0,0.0
2020-08-28 00:00:00-04:00,57.89103187723113,58.22042664029261,57.32374283550668,58.1838264465332,1129900,0.0,0.0
2020-08-31 00:00:00-04:00,58.20211640966261,58.41256225155794,57.49757850920295,57.5524787902832,1736400,0.0,0.0
2020-09-01 00:00:00-04:00,57.204785894099814,58.81515579845223,57.026364337635336,58.604713439941406,2334100,0.0,0.0
2020-09-02 00:00:00-04:00,58.311913291225466,59.98633171927248,58.23871640707654,59.7850341796875,1827200,0.0,0.0
2020-09-03 00:00:00-04:00,59.36414711285953,59.88568760561976,55.8689127263256,56.59174728393555,3096800,0.0,0.0
2020-09-04 00:00:00-04:00,57.18649179070843,57.277988781418976,55.29247546183108,56.262359619140625,2697000,0.0,0.0
2020-09-08 00:00:00-04:00,56.20745014440149,56.500244655287084,55.319914819937466,55.4754638671875,2137900,0.0,0.0
2020-09-09 00:00:00-04:00,55.84145696134905,57.21393258182109,55.814008565863126,56.80219268798828,1888500,0.0,0.0
2020-09-10 00:00:00-04:00,56.710689936898724,56.710689936898724,54.6519765890377,54.807525634765625,3828900,0.0,0.0
2020-09-11 00:00:00-04:00,55.13692339321984,55.5486668098176,54.6931591729611,55.02712631225586,2273400,0.0,0.0
2020-09-14 00:00:00-04:00,55.42056608533983,55.42056608533983,54.04534700137631,54.88987731933594,2420100,0.0,0.0
2020-09-15 00:00:00-04:00,54.926461711634914,56.38128570428061,54.926461711634914,55.17350769042969,1629400,0.0,0.0
2020-09-16 00:00:00-04:00,55.685918750784076,55.82316423671731,54.35004314153647,54.706886291503906,2457000,0.0,0.0
2020-09-17 00:00:00-04:00,53.75529520469313,55.89635731501464,53.10565758118862,55.850608825683594,2219900,0.0,0.0
2020-09-18 00:00:00-04:00,55.96041418863284,57.31458991769044,55.2558761793229,55.704219818115234,3806500,0.0,0.0
2020-09-21 00:00:00-04:00,54.89902866801828,55.10032622339128,53.68209852382515,54.359188079833984,2512100,0.0,0.0
2020-09-22 00:00:00-04:00,53.92914709777777,55.923812178712296,53.855950204459305,55.804866790771484,1841500,0.0,0.0
2020-09-23 00:00:00-04:00,55.603564640610514,56.51854841914868,55.08202416607465,55.274169921875,1733700,0.0,0.0
2020-09-24 00:00:00-04:00,55.67675960766152,57.41523012308051,55.31991650480055,56.80219268798828,2374800,0.0,0.0
2020-09-25 00:00:00-04:00,56.37214957981372,57.0492356024058,55.98785458855966,56.3172492980957,1557600,0.0,0.0
2020-09-28 00:00:00-04:00,56.97604638829914,57.53418711122808,56.6375033314224,57.195640563964844,1233900,0.0,0.0
2020-09-29 00:00:00-04:00,57.113281907352054,57.42437651057099,56.61919335314564,57.10413360595703,1435400,0.0,0.0
2020-09-30 00:00:00-04:00,57.37863119483824,58.19296618906269,56.683245067640115,57.113285064697266,2494000,0.0,0.0
2020-10-01 00:00:00-04:00,57.52502727451038,58.76025742886533,56.509394755502754,57.067535400390625,2342500,0.0,0.0
2020-10-02 00:00:00-04:00,56.38130263448417,58.0465729260657,56.28065385470953,57.79037857055664,1447800,0.0,0.0
2020-10-05 00:00:00-04:00,58.32105717136118,59.135388540080314,57.85898946835551,59.053043365478516,1447700,0.0,0.0
2020-10-06 00:00:00-04:00,58.95240069489719,59.47394113019263,58.08774136846603,58.403411865234375,2107000,0.0,0.0
2020-10-07 00:00:00-04:00,59.13540817468833,60.04124728069795,58.902089788410684,59.51970672607422,1648100,0.0,0.0
2020-10-08 00:00:00-04:00,59.28179946777361,59.94058890100613,58.99815673209879,59.20859909057617,1213200,0.0,0.0
2020-10-09 00:00:00-04:00,59.492239330733184,60.08698015416344,58.833456905906765,59.794185638427734,1187000,0.0,0.0
2020-10-12 00:00:00-04:00,60.25168324064497,60.37520801114539,59.629493962886755,60.105289459228516,1185800,0.0,0.0
2020-10-13 00:00:00-04:00,59.62035088710193,60.2059399913665,59.12259386578155,59.5928955078125,1415900,0.0,0.0
2020-10-14 00:00:00-04:00,59.93144426262793,60.388936203564015,59.04390878028823,60.0320930480957,1633600,0.0,0.0
2020-10-15 00:00:00-04:00,59.17198881618904,59.87195072449796,58.5681032591722,59.65692901611328,982100,0.0,0.0
2020-10-16 00:00:00-04:00,59.748449548215,60.215086296109206,59.30010242542152,59.501399993896484,1047500,0.0,0.0
2020-10-19 00:00:00-04:00,59.38245501581387,59.87654714710626,58.63216851587498,58.888362884521484,910500,0.0,0.0
2020-10-20 00:00:00-04:00,59.18115961781609,60.15104032922067,58.870061458204866,58.91581344604492,720000,0.0,0.0
2020-10-21 00:00:00-04:00,58.787709003140364,59.318401281199996,58.293616914681984,58.30276870727539,1082600,0.0,0.0
2020-10-22 00:00:00-04:00,58.54980894724862,58.54980894724862,57.62567344855388,57.86357116699219,4980300,0.0,0.0
2020-10-23 00:00:00-04:00,58.07402137732459,58.57725826564116,57.75377496150571,58.055721282958984,2308600,0.0,0.0
2020-10-26 00:00:00-04:00,58.41256133137974,58.458309819699615,56.152550406441556,57.83612060546875,3026000,0.0,0.0
2020-10-27 00:00:00-04:00,57.56163308078922,57.863579422566865,56.60090074943675,56.7015495300293,1973200,0.0,0.0
2020-10-28 00:00:00-04:00,55.82315966735673,56.05190561557475,53.773597925939484,53.97489547729492,2570900,0.0,0.0
2020-10-29 00:00:00-04:00,53.88338267007366,55.98784421389896,53.80103400794901,55.62185287475586,2122600,0.0,0.0
2020-10-30 00:00:00-04:00,55.219266725401006,56.088501967230926,54.71602637183187,56.0702018737793,2036100,0.0,0.0
2020-11-02 00:00:00-05:00,56.90284230379271,57.43353459286186,55.89636150158148,56.857093811035156,1819100,0.0,0.0
2020-11-03 00:00:00-05:00,57.57993296694704,58.421716419047684,56.802198104011175,57.37863540649414,1545600,0.0,0.0
2020-11-04 00:00:00-05:00,57.35117759585276,58.23413699058211,56.68323992533826,57.003482818603516,2042700,0.0,0.0
2020-11-05 00:00:00-05:00,57.9367688762836,58.51320959724254,57.26883117947095,57.3054313659668,1495700,0.0,0.0
2020-11-06 00:00:00-05:00,57.61653050149137,58.385117026417866,57.34203257157134,58.1746711730957,1145800,0.0,0.0
2020-11-09 00:00:00-05:00,61.3039102028674,61.56925632352766,58.03741855039325,58.10146713256836,2420100,0.0,0.0
2020-11-10 00:00:00-05:00,57.99167639193746,60.31390371579618,57.93677610534351,60.15103530883789,2174600,0.0,0.0
2020-11-11 00:00:00-05:00,60.2608319697347,60.69087546083527,59.236047628830626,60.49872970581055,1319500,0.0,0.0
2020-11-12 00:00:00-05:00,60.55362132248673,60.80981564062086,59.85823175842863,60.3797721862793,1774700,0.0,0.0
2020-11-13 00:00:00-05:00,60.60852468095337,61.066016578866794,59.68439607332437,59.995487213134766,1438500,0.0,0.0
2020-11-16 00:00:00-05:00,60.59023707681118,61.889512584497744,60.09614491597824,61.6607666015625,2338900,0.0,0.0
2020-11-17 00:00:00-05:00,61.450322375280344,62.17315351673481,60.66800806541441,61.486915588378906,1465000,0.0,0.0
2020-11-18 00:00:00-05:00,61.58754790197197,62.20059225937124,60.855565162657996,60.96535873413086,2182800,0.0,0.0
2020-11-19 00:00:00-05:00,61.14891391742521,61.662852240180435,60.20364437988149,60.71758270263672,1809900,0.2,0.0
2020-11-20 00:00:00-05:00,60.6533426935002,61.249874203335196,60.570749577662625,60.86442565917969,1811200,0.0,0.0
2020-11-23 00:00:00-05:00,61.15807841163471,61.97486492059259,61.075485327302694,61.717899322509766,1885500,0.0,0.0
2020-11-24 00:00:00-05:00,62.442912230685174,62.442912230685174,61.378332485157294,61.855560302734375,4738800,0.0,0.0
2020-11-25 00:00:00-05:00,61.89228449285403,61.919815526594626,60.956187334940545,61.837215423583984,1125400,0.0,0.0
2020-11-27 00:00:00-05:00,61.99324166297745,62.598945463188194,61.39671020695012,61.80051040649414,1645000,0.0,0.0
2020-11-30 00:00:00-05:00,61.341631203238094,62.13088678619868,60.91947238008518,61.43341064453125,1831000,0.0,0.0
2020-12-01 00:00:00-05:00,61.87392848395591,62.55306002067046,61.277397053831685,61.33246612548828,2928100,0.0,0.0
2020-12-02 00:00:00-05:00,61.41506174261226,61.736268832960654,60.16693676143896,60.28624725341797,1379600,0.0,0.0
2020-12-03 00:00:00-05:00,60.35965730688022,61.35081655487353,59.9833881675316,60.102691650390625,1061900,0.0,0.0
2020-12-04 00:00:00-05:00,60.249532730050184,60.6102018808652,59.54287017806797,59.799842834472656,2054300,0.0,0.0
2020-12-07 00:00:00-05:00,59.63465320333411,59.9375015991247,58.74444570233266,59.515342712402344,1917600,0.0,0.0
2020-12-08 00:00:00-05:00,59.451101765173526,60.70840609120642,59.35932931112348,60.671695709228516,2641500,0.0,0.0
2020-12-09 00:00:00-05:00,60.34130561789768,60.76346448238616,59.827374304918486,60.102691650390625,1668600,0.0,0.0
2020-12-10 00:00:00-05:00,59.84572656592945,60.69922364845024,58.59760164951649,58.73526382446289,2056600,0.0,0.0
2020-12-11 00:00:00-05:00,58.12038682658609,58.62514235300408,57.771645180686704,58.48748016357422,2023900,0.0,0.0
2020-12-14 00:00:00-05:00,59.18495551151767,59.18495551151767,57.37701299803583,57.615623474121094,1377800,0.0,0.0
2020-12-15 00:00:00-05:00,57.918473606388204,60.194461020431525,57.780811439797915,59.40521240234375,2041100,0.0,0.0
2020-12-16 00:00:00-05:00,59.58875240098831,59.9558491478478,59.04728312396825,59.87324905395508,1760600,0.0,0.0
2020-12-17 00:00:00-05:00,60.34129942015907,60.864410024794616,60.11186482160333,60.37800979614258,1873700,0.0,0.0
2020-12-18 00:00:00-05:00,60.56156773420912,60.754291998341806,59.2308495763354,60.21282958984375,4028700,0.0,0.0
2020-12-21 00:00:00-05:00,59.597930536490686,61.011248432075035,59.28589585736243,60.70839309692383,2201300,0.0,0.0
2020-12-22 00:00:00-05:00,60.42389478947124,60.561556954144706,59.74018414118098,60.029273986816406,1151500,0.0,0.0
2020-12-23 00:00:00-05:00,60.10269925388971,60.79100320732982,59.92833368023534,60.23118209838867,972500,0.0,0.0
2020-12-24 00:00:00-05:00,60.06597510117687,60.55238233161719,59.9191405990311,60.37800979614258,992100,0.0,0.0
2020-12-28 00:00:00-05:00,60.73593677784657,61.12138528371306,60.148584673157806,60.570743560791016,786400,0.0,0.0
2020-12-29 00:00:00-05:00,60.85524067009529,61.1213856883238,59.77230890707109,60.28624725341797,1008400,0.0,0.0
2020-12-30 00:00:00-05:00,60.37801689007288,61.33246577241939,60.37801689007288,61.23151397705078,1082200,0.0,0.0
2020-12-31 00:00:00-05:00,61.36000230739304,62.12172701280339,61.09385727772714,61.99324417114258,1238200,0.0,0.0
2021-01-04 00:00:00-05:00,61.99324321087231,62.42457445731534,60.15776607067523,60.1944694519043,2569600,0.0,0.0
2021-01-05 00:00:00-05:00,60.40554283614594,60.95618449063069,59.43182511220063,59.74477005004883,1366100,0.0,0.0
2021-01-06 00:00:00-05:00,60.405545225598445,61.7913322622701,59.882434582877046,61.4058837890625,1596000,0.0,0.0
2021-01-07 00:00:00-05:00,61.76380462105457,62.36492222576565,61.34623191791708,62.204315185546875,1542500,0.0,0.0
2021-01-08 00:00:00-05:00,61.919818210038216,62.37868746370467,60.433079307514795,61.33246612548828,1914000,0.0,0.0
2021-01-11 00:00:00-05:00,60.77264022624439,61.29575085360861,60.39636410740576,60.901123046875,1506200,0.0,0.0
2021-01-12 00:00:00-05:00,60.81853579198722,61.30494314629261,59.7172522391899,59.86409378051758,1722000,0.0,0.0
2021-01-13 00:00:00-05:00,59.82737913563694,60.144000060015884,58.59760582083942,58.70773696899414,3172600,0.0,0.0
2021-01-14 00:00:00-05:00,58.91881457033629,59.992574040047465,58.55172123553956,59.59794616699219,3088300,0.0,0.0
2021-01-15 00:00:00-05:00,59.47864275832562,60.286257293460665,58.28558315147539,60.1394157409668,1841100,0.0,0.0
2021-01-19 00:00:00-05:00,60.570745562329066,60.983725117720006,59.57958622724327,59.99257278442383,2489200,0.0,0.0
2021-01-20 00:00:00-05:00,60.38720608644657,61.029620341961646,59.55206055248672,59.82738494873047,1737200,0.0,0.0
2021-01-21 00:00:00-05:00,59.8732463064456,59.8732463064456,58.23049736691291,58.29473876953125,3945600,0.0,0.0
2021-01-22 00:00:00-05:00,58.29475192090975,59.845728778288496,58.00107587100248,59.54287338256836,3546500,0.0,0.0
2021-01-25 00:00:00-05:00,58.7352607276033,59.29508174155636,56.8997838298657,58.937164306640625,4500200,0.0,0.0
2021-01-26 00:00:00-05:00,59.285911062218105,59.735601007392866,57.14758198426544,58.28557586669922,2742100,0.0,0.0
2021-01-27 00:00:00-05:00,57.52383685535603,57.82668867352949,56.23900183653332,57.120033264160156,3241300,0.0,0.0
2021-01-28 00:00:00-05:00,57.45042889604707,59.48780949329849,57.202642580987174,58.57925033569336,3235000,0.0,0.0
2021-01-29 00:00:00-05:00,59.753942078150565,60.56154927238716,58.2304966196624,59.331783294677734,10353200,0.0,0.0
2021-02-01 00:00:00-05:00,60.56155938112838,60.57991807144113,57.81752332963545,59.240020751953125,3731500,0.0,0.0
2021-02-02 00:00:00-05:00,59.698900403948315,61.28658430544538,59.19414135908506,59.32262420654297,4327800,0.0,0.0
2021-02-03 00:00:00-05:00,59.32261314522673,59.53369607057187,57.77163641727403,58.781150817871094,3542100,0.0,0.0
2021-02-04 00:00:00-05:00,58.63430172697559,58.85455696711529,57.81751516807753,58.08366012573242,2303900,0.0,0.0
2021-02-05 00:00:00-05:00,57.57891299180082,58.918806813252374,57.47796120023191,58.6710205078125,3697900,0.0,0.0
2021-02-08 00:00:00-05:00,58.505835355557856,59.22167033844538,57.95519359962822,58.48748016357422,1787100,0.0,0.0
2021-02-09 00:00:00-05:00,58.31310564339031,59.279485580723986,58.010250255295695,59.065650939941406,2819100,0.0,0.0
2021-02-10 00:00:00-05:00,59.597948817753654,60.478977061525505,59.285914042910875,59.93750762939453,1934100,0.0,0.0
2021-02-11 00:00:00-05:00,59.87306269573892,60.02587558309684,57.88925882729698,58.39096450805664,4298900,0.2,0.0
2021-02-12 00:00:00-05:00,57.89386140946537,59.41278271001738,57.89386140946537,58.85124206542969,2021600,0.0,0.0
2021-02-16 00:00:00-05:00,59.20105601261435,59.22867161642224,57.60849532445215,58.1700325012207,3228400,0.0,0.0
2021-02-17 00:00:00-05:00,58.28050703927052,58.335738251719,57.64439995093485,57.70975875854492,2178600,0.0,0.0
2021-02-18 00:00:00-05:00,57.49802120586377,58.52904814498534,57.359939686415004,58.050357818603516,2258400,0.0,0.0
2021-02-19 00:00:00-05:00,58.289710740021214,58.41398799062269,57.93989784602105,58.03195571899414,3852700,0.0,0.0
2021-02-22 00:00:00-05:00,57.85703153247378,58.54284932797499,57.55324941470799,58.206844329833984,2560000,0.0,0.0
2021-02-23 00:00:00-05:00,57.84782750354359,58.51983398817779,57.5900725537244,58.206844329833984,2571200,0.0,0.0
2021-02-24 00:00:00-05:00,58.07797592511094,59.29311512088896,58.02274120796019,59.237876892089844,2257300,0.0,0.0
2021-02-25 00:00:00-05:00,59.1734373933057,59.75339313690458,58.924889948403774,59.33913803100586,2431700,0.0,0.0
2021-02-26 00:00:00-05:00,59.73498184657961,59.73498184657961,58.53825767402911,58.64872360229492,3278300,0.0,0.0
2021-03-01 00:00:00-05:00,59.026151639397234,60.52665789221674,58.98012095335447,59.77180099487305,1896000,0.0,0.0
2021-03-02 00:00:00-05:00,59.5876894487864,60.6141090841446,59.219465047936595,60.21366882324219,2657500,0.0,0.0
2021-03-03 00:00:00-05:00,60.305735377372855,62.2757282439813,59.900687752100865,61.677364349365234,3210800,0.0,0.0
2021-03-04 00:00:00-05:00,61.52086231767132,61.58530106478443,58.308114945732356,58.86965560913086,3634400,0.0,0.0
2021-03-05 00:00:00-05:00,59.39436345303909,59.93749599945771,57.77418388972978,59.7165641784668,2168000,0.0,0.0
2021-03-08 00:00:00-05:00,59.80861416428308,61.06057276424362,59.458797864611626,60.038753509521484,1636700,0.0,0.0
2021-03-09 00:00:00-05:00,60.471426687602715,61.35516107791021,59.762593453005174,59.77180099487305,2547300,0.0,0.0
2021-03-10 00:00:00-05:00,59.53244839571241,61.21246995000819,59.477217196362126,60.98693084716797,1814900,0.0,0.0
2021-03-11 00:00:00-05:00,60.84885227603022,62.26651173710513,60.65553603451501,61.95352554321289,2214700,0.0,0.0
2021-03-12 00:00:00-05:00,62.27572305001465,62.27572305001465,60.74759406270063,60.75680160522461,1938200,0.0,0.0
2021-03-15 00:00:00-04:00,60.70155708620417,61.34594445564124,60.31031738264164,61.318328857421875,1495700,0.0,0.0
2021-03-16 00:00:00-04:00,61.78780984480684,62.57028216212277,61.29070804922736,62.32172775268555,2371800,0.0,0.0
2021-03-17 00:00:00-04:00,62.58870713450549,63.196278501079654,62.00875839456397,63.131839752197266,1729500,0.0,0.0
2021-03-18 00:00:00-04:00,62.73600769042969,63.187078989937525,62.100820639787585,62.73600769042969,2752800,0.0,0.0
2021-03-19 00:00:00-04:00,62.496650307414825,62.496650307414825,61.23548395974816,61.54847717285156,3149000,0.0,0.0
2021-03-22 00:00:00-04:00,61.50243491594072,61.62211186753645,60.42538449135089,61.51164245605469,1391500,0.0,0.0
2021-03-23 00:00:00-04:00,61.143427737552116,62.330947760652634,60.940903962919975,61.64052963256836,1364500,0.0,0.0
2021-03-24 00:00:00-04:00,61.5668845218146,62.561088330824084,61.5668845218146,61.83384704589844,1378000,0.0,0.0
2021-03-25 00:00:00-04:00,62.05478422340336,62.72678726294489,61.456420445892235,62.469032287597656,1738900,0.0,0.0
2021-03-26 00:00:00-04:00,62.745202155916054,63.86827639891428,62.24810026641046,63.55529022216797,1989400,0.0,0.0
2021-03-29 00:00:00-04:00,64.28253961866395,65.05580464020333,63.97875392164609,64.35618591308594,2038300,0.0,0.0
2021-03-30 00:00:00-04:00,64.50346216683486,64.89009462178983,63.90509840180673,64.19967651367188,2604800,0.0,0.0
2021-03-31 00:00:00-04:00,64.45744022429277,64.45744022429277,62.84646442023035,63.01216506958008,3783100,0.0,0.0
2021-04-01 00:00:00-04:00,63.41721508980666,64.10763331797843,62.89249751732802,63.7578239440918,1579200,0.0,0.0
2021-04-05 00:00:00-04:00,63.59210526594006,64.16284634456626,63.44481271449109,63.73019027709961,1126600,0.0,0.0
2021-04-06 00:00:00-04:00,63.9787582318014,64.86709301448454,63.41721748977358,64.18128204345703,1972800,0.0,0.0
2021-04-07 00:00:00-04:00,64.31016582378177,64.68759085413708,63.895917640145726,64.09843444824219,7225700,0.0,0.0
2021-04-08 00:00:00-04:00,63.96953617099481,64.11222145410748,63.44481869774065,63.895896911621094,1881700,0.0,0.0
2021-04-09 00:00:00-04:00,64.14446664818846,65.31357194321862,63.932735267689274,65.12946319580078,3557700,0.0,0.0
2021-04-12 00:00:00-04:00,65.00979131241095,65.45626238631463,64.73362117605669,65.03740692138672,1986000,0.0,0.0
2021-04-13 00:00:00-04:00,64.85326818082193,65.57590913507362,64.61576840912952,65.47004699707031,1513400,0.0,0.0
2021-04-14 00:00:00-04:00,65.35959947413532,65.42863849524647,64.49427295195191,64.80726623535156,3099700,0.0,0.0
2021-04-15 00:00:00-04:00,65.02819213275187,65.58052532062874,64.54029769973901,65.33197784423828,1495600,0.0,0.0
2021-04-16 00:00:00-04:00,65.73701825120379,65.73701825120379,64.30094369223872,64.97295379638672,2548500,0.0,0.0
2021-04-19 00:00:00-04:00,65.09263646697418,65.7140157461576,64.76123512118279,65.38721466064453,2641300,0.0,0.0
2021-04-20 00:00:00-04:00,65.9487394437054,65.99477012851642,64.74281135325832,64.87168884277344,3682300,0.0,0.0
2021-04-21 00:00:00-04:00,64.85327548369027,65.43323122522318,64.28253430732025,65.39640808105469,3080300,0.0,0.0
2021-04-22 00:00:00-04:00,65.57132251962584,66.05000939291953,65.00057426547421,65.31356048583984,2415600,0.0,0.0
2021-04-23 00:00:00-04:00,65.42403145490952,66.26174228183474,65.12024574690604,65.61734771728516,2574700,0.0,0.0
2021-04-26 00:00:00-04:00,70.36742236462977,70.77246291651629,68.62756913238755,70.21092224121094,6077800,0.0,0.0
2021-04-27 00:00:00-04:00,70.42265097702605,72.9633917238967,70.07284164435048,72.72404479980469,6143800,0.0,0.0
2021-04-28 00:00:00-04:00,72.88974014205338,73.18431824904222,71.79427451451863,71.80348205566406,3492300,0.0,0.0
2021-04-29 00:00:00-04:00,71.82191873177467,72.83453796236235,71.82191873177467,72.4386978149414,2492200,0.0,0.0
2021-04-30 00:00:00-04:00,72.03361665718096,72.42024908016529,71.38922928554038,71.68380737304688,3659500,0.0,0.0
2021-05-03 00:00:00-04:00,72.25456159270612,72.81610227141444,71.72064354062512,72.17171478271484,2739900,0.0,0.0
2021-05-04 00:00:00-04:00,72.15329251130522,73.23955061498313,72.15329251130522,72.4662857055664,3402100,0.0,0.0
2021-05-05 00:00:00-04:00,72.62279873207994,72.94499253280605,71.58257102593619,71.85873413085938,2075500,0.0,0.0
2021-05-06 00:00:00-04:00,72.19931880445122,72.61264678280766,71.52730879692238,72.13488006591797,2983500,0.0,0.0
2021-05-07 00:00:00-04:00,71.87713928594727,72.6780199051804,71.72064617911977,71.97840118408203,2780700,0.0,0.0
2021-05-10 00:00:00-04:00,72.42027053803045,72.81611061883724,71.83111418845257,72.03363800048828,4867400,0.0,0.0
2021-05-11 00:00:00-04:00,71.6101674028322,71.90474551628539,70.74484112187137,71.45367431640625,2939200,0.0,0.0
2021-05-12 00:00:00-04:00,71.58255986920022,71.76666857712081,70.06363844731581,70.08204650878906,2392700,0.0,0.0
2021-05-13 00:00:00-04:00,69.95314626969302,71.36620507636061,69.79665321650027,71.02099609375,2658300,0.0,0.0
2021-05-14 00:00:00-04:00,71.48129691516485,73.12909581287103,71.2603650642698,72.61357879638672,3255300,0.0,0.0
2021-05-17 00:00:00-04:00,72.4755136952638,72.88976186742879,71.89555782627501,72.73326873779297,2234000,0.0,0.0
2021-05-18 00:00:00-04:00,73.2303612821548,73.35923878674228,72.32821172674527,72.35582733154297,2941000,0.0,0.0
2021-05-19 00:00:00-04:00,71.74824537331801,71.80347656937835,70.9105347754934,71.31558227539062,5465700,0.0,0.0
2021-05-20 00:00:00-04:00,71.21402761975246,71.89735524465165,70.97393686960616,71.4356460571289,6751500,0.24,0.0
2021-05-21 00:00:00-04:00,71.67574374859736,72.30366858624359,71.36177780721235,71.62957000732422,2245000,0.0,0.0
2021-05-24 00:00:00-04:00,71.65726449828307,72.33136301195597,71.29713189560619,72.14667510986328,1547500,0.0,0.0
2021-05-25 00:00:00-04:00,72.28516975785712,72.58989943018948,71.71265502875886,71.7403564453125,2288600,0.0,0.0
2021-05-26 00:00:00-04:00,71.81422424316406,72.23900277896158,71.61107817423976,71.81422424316406,1890100,0.0,0.0
2021-05-27 00:00:00-04:00,72.1651238510663,73.03313204945032,71.74035238268247,72.68223571777344,2818900,0.0,0.0
2021-05-28 00:00:00-04:00,72.46986637853551,72.68224862789124,71.86964311513874,72.33135223388672,1915000,0.0,0.0
2021-06-01 00:00:00-04:00,73.10702815517372,73.71648764013395,72.2805718422177,72.40523529052734,2207600,0.0,0.0
2021-06-02 00:00:00-04:00,72.41446936947304,72.72843528951077,71.81424599935177,72.27595520019531,1898600,0.0,0.0
2021-06-03 00:00:00-04:00,72.2574660142959,73.34709964941537,71.72188182776986,73.07930755615234,1949900,0.0,0.0
2021-06-04 00:00:00-04:00,73.18089611901969,73.79958465405466,73.15319469881247,73.75341796875,1644000,0.0,0.0
2021-06-07 00:00:00-04:00,74.24284523634532,74.61682858362882,73.38406579086613,73.51334381103516,1723600,0.0,0.0
2021-06-08 00:00:00-04:00,73.6518333151687,74.75069611848839,73.29631535623989,74.65835571289062,2647600,0.0,0.0
2021-06-09 00:00:00-04:00,74.6029699894033,74.96310258541911,74.17819839013141,74.56603240966797,1947300,0.0,0.0
2021-06-10 00:00:00-04:00,74.84303411260714,75.31397223518796,73.67952542274769,74.26127624511719,1753200,0.0,0.0
2021-06-11 00:00:00-04:00,74.65836586930416,74.7876438637521,73.59643344766279,74.37210845947266,1527800,0.0,0.0
2021-06-14 00:00:00-04:00,74.39981618499617,74.6122055053711,73.99350985651697,74.6122055053711,1232700,0.0,0.0
2021-06-15 00:00:00-04:00,74.76918579465145,75.0462070757934,74.2640716115423,74.78765106201172,1341500,0.0,0.0
2021-06-16 00:00:00-04:00,74.80611891915427,75.08314018379725,74.141256611815,74.45521545410156,2578100,0.0,0.0
2021-06-17 00:00:00-04:00,74.72300764875534,74.97233453670425,73.36096705610058,74.3074722290039,3734700,0.0,0.0
2021-06-18 00:00:00-04:00,73.65184151082454,74.0304393294405,72.88078811834566,73.41175079345703,4490800,0.0,0.0
2021-06-21 00:00:00-04:00,73.95657249546481,74.88922700444454,73.56873847811113,74.83382415771484,2582700,0.0,0.0
2021-06-22 00:00:00-04:00,74.8338048771514,75.54483372577339,74.566012778415,75.13853454589844,1757800,0.0,0.0
2021-06-23 00:00:00-04:00,75.38786367696859,75.40633598682304,74.55678586156839,74.63066101074219,1276400,0.0,0.0
2021-06-24 00:00:00-04:00,74.69529075089173,75.44325716952437,74.51060994595957,75.13853454589844,1679100,0.0,0.0
2021-06-25 00:00:00-04:00,75.26783197944901,75.63720072993755,75.05544265825316,75.39710998535156,2532100,0.0,0.0
2021-06-28 00:00:00-04:00,75.35094691177974,75.48946109345307,74.55680645165155,75.40635681152344,1940000,0.0,0.0
2021-06-29 00:00:00-04:00,75.43403403521654,76.15429909466627,75.33245747092269,75.7941665649414,1844000,0.0,0.0
2021-06-30 00:00:00-04:00,75.5817944741998,76.098913567811,75.00927957626624,75.50791931152344,1981700,0.0,0.0
2021-07-01 00:00:00-04:00,75.89574312923526,76.08042394879408,75.4432631446093,75.7941665649414,1576100,0.0,0.0
2021-07-02 00:00:00-04:00,75.89575756169555,76.58832133442266,75.58179165459528,76.32976531982422,1113100,0.0,0.0
2021-07-06 00:00:00-04:00,75.96959135770985,76.24661955970416,75.44324341001652,75.95112609863281,1570300,0.0,0.0
2021-07-07 00:00:00-04:00,76.51444262059181,78.16736226014119,76.01579588197446,77.6410140991211,1645300,0.0,0.0
2021-07-08 00:00:00-04:00,76.56982725426319,77.50248150903097,76.14505577316127,76.726806640625,1478100,0.0,0.0
2021-07-09 00:00:00-04:00,77.41937468706361,77.57636112761165,76.85609609436348,77.40090942382812,1073300,0.0,0.0
2021-07-12 00:00:00-04:00,77.07771447879644,77.46554841283447,76.86532520342051,77.40090942382812,1506700,0.0,0.0
2021-07-13 00:00:00-04:00,77.57637683832307,77.927273271832,76.92075066130431,77.13313293457031,1683000,0.0,0.0
2021-07-14 00:00:00-04:00,77.01309212916817,78.4739406414624,77.01309212916817,78.28740692138672,1772100,0.0,0.0
2021-07-15 00:00:00-04:00,78.0288434606388,78.87838657435132,78.0288434606388,78.70294189453125,1769100,0.0,0.0
2021-07-16 00:00:00-04:00,78.55518589177697,78.99842972706395,78.37050507006177,78.41667175292969,1654800,0.0,0.0
2021-07-19 00:00:00-04:00,77.85340557183463,77.94575305092512,76.6621949518273,77.62255096435547,2534100,0.0,0.0
2021-07-20 00:00:00-04:00,77.98267547873327,79.68176887654975,77.6964180496675,79.50631713867188,1839200,0.0,0.0
2021-07-21 00:00:00-04:00,79.64482952727809,80.2542889957544,79.55064328283758,80.16194152832031,1447700,0.0,0.0
2021-07-22 00:00:00-04:00,80.33740583817716,80.93762924484346,79.98650936041588,80.64213562011719,2123200,0.0,0.0
2021-07-23 00:00:00-04:00,81.33469039954065,82.01617218739653,80.9376202250842,81.7409896850586,1648700,0.0,0.0
2021-07-26 00:00:00-04:00,83.05224426679015,83.29232795262094,80.19887805253519,82.23963165283203,3098600,0.0,0.0
2021-07-27 00:00:00-04:00,82.20731070962118,82.32827545628152,80.81756174135074,81.46395874023438,1701900,0.0,0.0
2021-07-28 00:00:00-04:00,81.27926361581325,81.66710459860569,80.58669999349162,81.19615936279297,1670200,0.0,0.0
2021-07-29 00:00:00-04:00,81.58398946987049,82.12880982397918,81.14075271766386,82.06417083740234,2009900,0.0,0.0
2021-07-30 00:00:00-04:00,82.0364674198702,82.91371891463173,81.89796032949033,82.69210052490234,1545200,0.0,0.0
2021-08-02 00:00:00-04:00,82.81214471685597,83.72632676508161,82.81214471685597,83.04299926757812,1441000,0.0,0.0
2021-08-03 00:00:00-04:00,83.20919915454537,84.78824313867814,83.1999630016219,84.28959655761719,1683700,0.0,0.0
2021-08-04 00:00:00-04:00,84.03105533176185,84.64974382854012,83.63398522805966,83.84637451171875,1214800,0.0,0.0
2021-08-05 00:00:00-04:00,84.16955691377125,84.40964758011029,83.13532615848978,83.78172302246094,1547000,0.0,0.0
2021-08-06 00:00:00-04:00,84.05877262830622,84.32656479953776,83.07071525968365,83.23693084716797,1938600,0.0,0.0
2021-08-09 00:00:00-04:00,82.94141876681913,83.16303715236447,82.12881332307187,82.85831451416016,1867200,0.0,0.0
2021-08-10 00:00:00-04:00,83.00606749938234,83.62475604775874,82.5443583656467,82.98760223388672,1269500,0.0,0.0
2021-08-11 00:00:00-04:00,83.02454056223847,83.60629153977226,82.93219309855681,83.50471496582031,1539600,0.0,0.0
2021-08-12 00:00:00-04:00,83.5047171898125,83.5047171898125,82.70134073219312,83.29232788085938,1344100,0.0,0.0
2021-08-13 00:00:00-04:00,83.34773334120918,84.05876229490963,83.19998303933149,83.71710205078125,2823900,0.0,0.0
2021-08-16 00:00:00-04:00,83.80020446610968,85.04681766897781,83.53241233369589,84.86213684082031,2660100,0.0,0.0
2021-08-17 00:00:00-04:00,84.42811531935526,84.72360882309145,83.26460656615363,83.79095458984375,1821700,0.0,0.0
2021-08-18 00:00:00-04:00,83.54164214928517,84.69591485048537,83.38466275275108,83.56934356689453,2377400,0.0,0.0
2021-08-19 00:00:00-04:00,82.93051128612883,84.15266435034987,82.6897821338843,83.51380920410156,1343500,0.24,0.0
2021-08-20 00:00:00-04:00,83.17122627251966,83.70823464996408,82.83791121506138,83.34713745117188,3291500,0.0,0.0
2021-08-23 00:00:00-04:00,83.82859125760166,84.24523152554862,83.19899696710891,83.25454711914062,2037500,0.0,0.0
2021-08-24 00:00:00-04:00,83.19899849140236,84.0322861064175,83.00919271667718,83.67119598388672,2585500,0.0,0.0
2021-08-25 00:00:00-04:00,84.04155519306245,84.68967104105776,83.9026797849297,84.37487030029297,2034500,0.0,0.0
2021-08-26 00:00:00-04:00,84.18042860220535,85.18037381624302,84.17117495189673,85.00445556640625,1527800,0.0,0.0
2021-08-27 00:00:00-04:00,85.28222218238912,85.80904451352676,84.95816781874016,85.18963623046875,1195500,0.0,0.0
2021-08-30 00:00:00-04:00,85.189618949577,85.95808855210018,84.97203812158041,85.52293395996094,867900,0.0,0.0
2021-08-31 00:00:00-04:00,85.5229385303662,85.7775480941418,85.05074106311206,85.3840560913086,2124700,0.0,0.0
2021-09-01 00:00:00-04:00,85.35628512686455,85.36553877642089,84.2128307235954,84.7174301147461,1711600,0.0,0.0
2021-09-02 00:00:00-04:00,85.08779527623831,85.60628229288325,84.856326848971,85.23593139648438,1547000,0.0,0.0
2021-09-03 00:00:00-04:00,85.07852088863778,85.60164171062712,84.79150234538577,85.01371002197266,1313400,0.0,0.0
2021-09-07 00:00:00-04:00,84.7822586601967,84.7822586601967,82.64349256682749,82.75459289550781,2056300,0.0,0.0
2021-09-08 00:00:00-04:00,82.52311930816275,84.31005580941685,82.44164479703504,83.9952621459961,2312400,0.0,0.0
2021-09-09 00:00:00-04:00,84.10634108645037,84.49521330526973,83.43971813387546,83.77303314208984,1610300,0.0,0.0
2021-09-10 00:00:00-04:00,84.28226782467843,84.4767004218201,83.51379108560333,83.83785247802734,1494900,0.0,0.0
2021-09-13 00:00:00-04:00,84.56004355309439,84.91187300294506,82.77773392172492,83.28233337402344,2013200,0.0,0.0
2021-09-14 00:00:00-04:00,83.52305907145363,84.09710326337013,82.64810877620533,83.66194152832031,2113700,0.0,0.0
2021-09-15 00:00:00-04:00,83.86561818461271,83.86561818461271,82.82863738518903,83.65266418457031,2868600,0.0,0.0
2021-09-16 00:00:00-04:00,83.65267798397052,83.65267798397052,81.12967384769756,81.66204833984375,3171200,0.0,0.0
2021-09-17 00:00:00-04:00,80.79171980764559,80.96763096099387,78.59739717233013,78.71775817871094,11037500,0.0,0.0
2021-09-20 00:00:00-04:00,77.77337616482868,78.14372698790827,76.17161185714757,77.01416015625,4458100,0.0,0.0
2021-09-21 00:00:00-04:00,77.1437759067382,77.88447749549907,75.85681237075293,75.92162322998047,4208800,0.0,0.0
2021-09-22 00:00:00-04:00,77.6437746325714,79.20850355856719,76.95863002316372,78.04190063476562,3488600,0.0,0.0
2021-09-23 00:00:00-04:00,78.26408569912914,80.37507614552324,77.8011489498724,79.38439178466797,4250200,0.0,0.0
2021-09-24 00:00:00-04:00,79.08812811406567,79.75938511983597,78.29187618351497,78.56964111328125,1874200,0.0,0.0
2021-09-27 00:00:00-04:00,78.28260736287096,78.82424251348566,77.81967061220669,77.986328125,1614400,0.0,0.0
2021-09-28 00:00:00-04:00,77.37526868254312,77.91782934152204,76.58827741109353,77.50489044189453,2440600,0.0,0.0
2021-09-29 00:00:00-04:00,77.68079192133526,78.1344679809911,76.94935097234058,77.14378356933594,1784600,0.0,0.0
2021-09-30 00:00:00-04:00,77.66225845797301,77.84743737678333,76.17160171485394,76.18086242675781,2354800,0.0,0.0
2021-10-01 00:00:00-04:00,76.53271041820108,76.84750403201942,75.04205344958005,76.38456726074219,2530400,0.0,0.0
2021-10-04 00:00:00-04:00,76.02348978485178,76.96325102169241,75.53277785592287,75.83831787109375,2474600,0.0,0.0
2021-10-05 00:00:00-04:00,76.18090168268276,77.537310589492,75.78277563190356,77.18084716796875,2080900,0.0,0.0
2021-10-06 00:00:00-04:00,76.65307837794106,77.31044780502778,75.19019635289193,76.7271499633789,1916800,0.0,0.0
2021-10-07 00:00:00-04:00,77.71782644348103,78.80109677929923,77.56968328788822,78.12520599365234,2487900,0.0,0.0
2021-10-08 00:00:00-04:00,77.69006061796848,78.12984918473474,76.5234578522637,77.26415252685547,1942600,0.0,0.0
2021-10-11 00:00:00-04:00,77.06045830400608,77.31044105320787,75.51424411441245,75.5698013305664,2134100,0.0,0.0
2021-10-12 00:00:00-04:00,75.7457055376755,76.09290808533828,75.2549937338621,75.86607360839844,2368900,0.0,0.0
2021-10-13 00:00:00-04:00,76.1438426888471,76.19013919426915,75.06983298883424,75.2550048828125,1519300,0.0,0.0
2021-10-14 00:00:00-04:00,75.8845985034959,77.30118396438786,75.87533778972693,77.22711944580078,2166500,0.0,0.0
2021-10-15 00:00:00-04:00,77.69929404350856,78.4122205173659,77.30116819889892,77.86595153808594,1681400,0.0,0.0
2021-10-18 00:00:00-04:00,77.45858424817693,77.65209148022383,76.82250533585572,77.14378356933594,1452300,0.0,0.0
2021-10-19 00:00:00-04:00,77.77339667484192,78.45854128671672,77.56044259965928,78.16226196289062,1388000,0.0,0.0
2021-10-20 00:00:00-04:00,78.35667584749756,80.05102613616529,77.98633207927135,79.12515258789062,2339900,0.0,0.0
2021-10-21 00:00:00-04:00,77.94003741853217,79.06034359076189,77.301182394689,79.02330780029297,1917700,0.0,0.0
2021-10-22 00:00:00-04:00,79.49551631460093,80.28250754551799,79.07887597583772,79.28256225585938,2678500,0.0,0.0
2021-10-25 00:00:00-04:00,75.0790808751078,77.72707972607222,75.0790808751078,75.79200744628906,3623700,0.0,0.0
2021-10-26 00:00:00-04:00,76.2318012197732,76.47715715612676,73.84767954997726,74.31986999511719,3657600,0.0,0.0
2021-10-27 00:00:00-04:00,74.69023089018947,74.83837407523326,73.59769962398694,73.81065368652344,2896600,0.0,0.0
2021-10-28 00:00:00-04:00,73.6995398116399,74.21803384980605,72.77366617816739,73.99581909179688,2435300,0.0,0.0
2021-10-29 00:00:00-04:00,73.66251302495539,75.44019598710024,73.64399865811859,74.35691833496094,2870500,0.0,0.0
2021-11-01 00:00:00-04:00,74.4957832894946,75.14389899805347,74.19024332962489,74.92168426513672,1846100,0.0,0.0
2021-11-02 00:00:00-04:00,75.30129615176246,75.41239645488149,74.2087651000137,75.09760284423828,1465500,0.0,0.0
2021-11-03 00:00:00-04:00,75.25501540345034,75.7549880637137,73.71343480026897,74.63468170166016,2306700,0.0,0.0
2021-11-04 00:00:00-04:00,74.94019523825752,75.7919970707261,74.8013128155205,75.77347564697266,1943200,0.0,0.0
2021-11-05 00:00:00-04:00,76.04197944973669,76.57898771459493,75.51423189671488,75.65311431884766,1500900,0.0,0.0
2021-11-08 00:00:00-05:00,76.02347595942904,76.28179405215666,75.35962198375435,76.14383697509766,2422400,0.0,0.0
2021-11-09 00:00:00-05:00,76.2919854434639,77.46784179797672,75.98644546257891,77.34748077392578,3078900,0.0,0.0
2021-11-10 00:00:00-05:00,77.72710936627712,78.19004630607355,77.02345030376368,77.18084716796875,2986300,0.0,0.0
2021-11-11 00:00:00-05:00,77.26414680115292,77.49561519428262,76.63455248928594,77.21785736083984,1743500,0.0,0.0
2021-11-12 00:00:00-05:00,77.71784050888944,79.30108368558771,77.13453555799406,79.28256225585938,1737600,0.0,0.0
2021-11-15 00:00:00-05:00,79.16218350614902,79.24550872971602,77.71503996161881,77.92151641845703,1319100,0.0,0.0
2021-11-16 00:00:00-05:00,78.29187282943872,78.68999877765808,77.97707918212147,78.25483703613281,1532800,0.0,0.0
2021-11-17 00:00:00-05:00,78.10670629917311,79.66680123127007,77.86135033251857,79.22701263427734,2657800,0.0,0.0
2021-11-18 00:00:00-05:00,78.72561213457804,80.23902798747858,78.62347903761379,80.0626220703125,2586400,0.24,0.0
2021-11-19 00:00:00-05:00,80.25761852594525,81.54820202449756,79.91407921023477,80.09049224853516,2901700,0.0,0.0
2021-11-22 00:00:00-05:00,80.08120038741379,80.21118669670714,77.87142604570411,78.17781829833984,1770400,0.0,0.0
2021-11-23 00:00:00-05:00,77.99213264751013,78.34031181111509,77.54646020125757,77.81571960449219,1683000,0.0,0.0
2021-11-24 00:00:00-05:00,77.66715535536295,78.50278664114214,76.94294393559505,78.41921997070312,1024700,0.0,0.0
2021-11-26 00:00:00-05:00,76.99865272358119,78.2056765165818,76.59940704593228,77.24005889892578,1170100,0.0,0.0
2021-11-29 00:00:00-05:00,78.09427260855496,78.30781854738389,77.05437486537099,77.60218048095703,1934300,0.0,0.0
2021-11-30 00:00:00-05:00,77.13793307710718,77.60217195154755,74.41749298953762,74.64961242675781,2602300,0.0,0.0
2021-12-01 00:00:00-05:00,75.85663455981997,77.37933760787149,74.66818409146009,74.69603729248047,2247400,0.0,0.0
2021-12-02 00:00:00-05:00,75.07670132176382,77.12770805530366,75.07206148377892,76.92436981201172,2224700,0.0,0.0
2021-12-03 00:00:00-05:00,77.38861103509038,77.62073044856318,76.06088770667701,76.8779525756836,2236400,0.0,0.0
2021-12-06 00:00:00-05:00,77.43503191570457,78.44706908199133,76.76652692188641,78.00140380859375,2046200,0.0,0.0
2021-12-07 00:00:00-05:00,79.05060368137048,80.09050142481429,78.66064468397549,79.57054901123047,2093000,0.0,0.0
2021-12-08 00:00:00-05:00,79.52412210047504,80.32818135262164,78.64206397225462,80.0440673828125,2923600,0.0,0.0
2021-12-09 00:00:00-05:00,79.88621674482175,80.41544871461119,79.078438650418,80.0254898071289,2406900,0.0,0.0
2021-12-10 00:00:00-05:00,80.14619539820825,80.37831482499682,79.65874318520771,79.9233627319336,2379000,0.0,0.0
2021-12-13 00:00:00-05:00,80.08121579204297,80.44332159240473,78.73492572236196,79.2734375,2502400,0.0,0.0
2021-12-14 00:00:00-05:00,78.98559257126999,79.29199189264021,78.06175476909817,78.74418640136719,2178600,0.0,0.0
2021-12-15 00:00:00-05:00,78.96702009414066,79.27805922977683,77.51023856138323,78.8463134765625,2011900,0.0,0.0
2021-12-16 00:00:00-05:00,79.57981638490597,80.65220690833426,79.11557757242812,80.32260131835938,3345100,0.0,0.0
2021-12-17 00:00:00-05:00,79.31984958830891,80.47115994407002,78.01069264112458,78.14068603515625,2875700,0.0,0.0
2021-12-20 00:00:00-05:00,77.29575648878462,77.29575648878462,74.81207619454524,76.44155883789062,2440500,0.0,0.0
2021-12-21 00:00:00-05:00,77.37002866671264,78.25207942278733,76.88721641922602,78.15923309326172,1415100,0.0,0.0
2021-12-22 00:00:00-05:00,78.11281911965777,78.51206477704697,77.65786707221676,78.27994537353516,1014500,0.0,0.0
2021-12-23 00:00:00-05:00,78.78134031050368,79.46655596697244,78.39138133263097,79.1527328491211,933100,0.0,0.0
2021-12-27 00:00:00-05:00,79.59838003363241,80.35044454979511,79.46838666523419,80.33187103271484,674400,0.0,0.0
2021-12-28 00:00:00-05:00,80.30403728067309,80.5083035156771,79.96978472952523,80.27618408203125,730200,0.0,0.0
2021-12-29 00:00:00-05:00,80.05335784643255,80.99390632055524,80.05335784643255,80.61044311523438,1229700,0.0,0.0
2021-12-30 00:00:00-05:00,80.65685995873628,81.03196432435305,80.12762795564683,80.18333435058594,864300,0.0,0.0
2021-12-31 00:00:00-05:00,80.00691329677989,81.30585538927843,80.00691329677989,80.84254455566406,985600,0.0,0.0
2022-01-03 00:00:00-05:00,80.96327616028238,81.91032765668255,78.5306684121726,79.44985961914062,2209600,0.0,0.0
2022-01-04 00:00:00-05:00,79.29199333110837,80.27617738081868,78.89274765521643,80.0533447265625,1739200,0.0,0.0
2022-01-05 00:00:00-05:00,80.3411687049501,80.87504759585197,77.74143557453662,77.83428192138672,2656900,0.0,0.0
2022-01-06 00:00:00-05:00,78.16853901717349,78.90203724259497,77.78785976394404,78.6513442993164,1641400,0.0,0.0
2022-01-07 00:00:00-05:00,78.36351019298986,79.17128116456585,78.1870971836931,78.32637023925781,2351500,0.0,0.0
2022-01-10 00:00:00-05:00,77.81572288793215,78.63278789325076,76.56227926280982,78.60493469238281,1940000,0.0,0.0
2022-01-11 00:00:00-05:00,79.10628194233917,80.11832612359318,78.15923798791664,80.0718994140625,2334200,0.0,0.0
2022-01-12 00:00:00-05:00,80.51758660499225,81.09323824060246,79.96978108303118,80.73113250732422,2864100,0.0,0.0
2022-01-13 00:00:00-05:00,80.86112120420947,81.40892674233936,79.42198498898428,79.62625122070312,3365800,0.0,0.0
2022-01-14 00:00:00-05:00,78.79059805124515,79.51944917592819,77.10076935248374,78.15923309326172,2870400,0.0,0.0
2022-01-18 00:00:00-05:00,77.11005880572469,78.13138263364584,75.83804208722911,77.88997650146484,2640500,0.0,0.0
2022-01-19 00:00:00-05:00,78.17781817650511,78.40065792099438,76.92437471957395,77.156494140625,2632200,0.0,0.0
2022-01-20 00:00:00-05:00,77.62074567369592,78.08498459170096,75.98662269887558,76.33016204833984,3534500,0.0,0.0
2022-01-21 00:00:00-05:00,76.33014025381873,77.89926961543429,75.73591517513908,77.165771484375,2844000,0.0,0.0
2022-01-24 00:00:00-05:00,75.83804809709154,77.38860393677491,74.40819179120308,77.27719116210938,4451900,0.0,0.0
2022-01-25 00:00:00-05:00,75.88447922102637,77.64858103720002,75.13240752969924,77.0357894897461,4027200,0.0,0.0
2022-01-26 00:00:00-05:00,77.592873196446,78.56777751556102,75.20668603402399,75.68949127197266,3633100,0.0,0.0
2022-01-27 00:00:00-05:00,76.41371228553378,77.45360270439738,75.48523464942144,76.7015380859375,3093400,0.0,0.0
2022-01-28 00:00:00-05:00,76.33013724504184,76.89650910766468,75.05812047290638,76.85008239746094,4367500,0.0,0.0
2022-01-31 00:00:00-05:00,75.48523690533065,79.56589312115878,74.7610183771928,79.3198471069336,4710600,0.0,0.0
2022-02-01 00:00:00-05:00,79.70981008443108,80.19262246110746,75.73592661415717,77.5835952758789,4970900,0.0,0.0
2022-02-02 00:00:00-05:00,77.82498891758037,78.28179687431691,76.53440567385944,77.31432342529297,2889900,0.0,0.0
2022-02-03 00:00:00-05:00,76.75724678691424,77.64858449435548,75.90304903608168,75.99589538574219,2902900,0.0,0.0
2022-02-04 00:00:00-05:00,75.44808972073623,77.27719167670702,75.17883037396534,76.54369354248047,3508500,0.0,0.0
2022-02-07 00:00:00-05:00,76.69225270206331,76.97079883138326,75.6709287007607,75.81948852539062,1790200,0.0,0.0
2022-02-08 00:00:00-05:00,76.17231264734859,78.23353430963272,76.03767941168508,78.05712127685547,3294300,0.0,0.0
2022-02-09 00:00:00-05:00,78.83705088722733,79.02645547879307,77.44433423158536,77.77857971191406,2132000,0.0,0.0
2022-02-10 00:00:00-05:00,76.95222368932552,77.370042874498,75.39238098220368,75.71735382080078,1926400,0.0,0.0
2022-02-11 00:00:00-05:00,75.76376968838935,75.98660232584469,73.45186248002038,73.94395446777344,2494800,0.0,0.0
2022-02-14 00:00:00-05:00,73.86967616020863,74.51032797595177,73.04333165651887,74.04608917236328,3899000,0.0,0.0
2022-02-15 00:00:00-05:00,75.37382350856576,75.83806238036433,72.92728267074482,73.1547622680664,4126300,0.0,0.0
2022-02-16 00:00:00-05:00,73.2940199394745,73.64683885773631,71.91987005096776,73.2290267944336,3305200,0.0,0.0
2022-02-17 00:00:00-05:00,72.67025294640236,72.7354444831014,70.92963536386556,70.98458099365234,2253500,0.24,0.0
2022-02-18 00:00:00-05:00,70.82624739026784,71.6364839047399,70.1650099261367,71.10563659667969,6320300,0.0,0.0
2022-02-22 00:00:00-05:00,70.87281543727264,72.18596827977288,70.66792573656956,71.05908203125,2481400,0.0,0.0
2022-02-23 00:00:00-05:00,71.49680017072336,71.52474549181052,69.06608303165561,69.55967712402344,2771000,0.0,0.0
2022-02-24 00:00:00-05:00,68.28843034173542,71.6458122833324,68.07888662176964,71.32916259765625,3807000,0.0,0.0
2022-02-25 00:00:00-05:00,71.41299194455019,73.36874538115855,71.20810220355729,73.11729431152344,3005300,0.0,0.0
2022-02-28 00:00:00-05:00,71.86002054529119,73.50843927389616,71.86002054529119,72.94965362548828,3918500,0.0,0.0
2022-03-01 00:00:00-05:00,72.95894536991601,73.089335527323,71.301211903385,72.31634521484375,3501600,0.0,0.0
2022-03-02 00:00:00-05:00,72.8099355128031,73.57826468094453,72.68886757213724,73.36872100830078,3266200,0.0,0.0
2022-03-03 00:00:00-05:00,74.19761278598014,75.00785664687173,73.29423916190854,73.74127197265625,2660900,0.0,0.0
2022-03-04 00:00:00-05:00,72.83788467962495,73.18247255460469,71.39435585786771,72.60505676269531,2967900,0.0,0.0
2022-03-07 00:00:00-05:00,72.45605560099047,72.72612975060167,69.14989610983042,69.19646453857422,2768400,0.0,0.0
2022-03-08 00:00:00-05:00,69.11266193476341,70.06260414368815,68.43280816096402,68.45143127441406,3249800,0.0,0.0
2022-03-09 00:00:00-05:00,69.79248810291577,70.96593551101857,69.62485174385206,70.09050750732422,3050200,0.0,0.0
2022-03-10 00:00:00-05:00,69.19646028076603,69.42928819946935,68.26514860595273,68.73080444335938,3981100,0.0,0.0
2022-03-11 00:00:00-05:00,68.90774589548069,69.02415984987482,67.30588874616235,67.42696380615234,3290800,0.0,0.0
2022-03-14 00:00:00-04:00,68.29307384969427,68.33498116181957,66.18830787483934,67.03580474853516,4014900,0.0,0.0
2022-03-15 00:00:00-04:00,67.52009281031357,68.83324561208609,67.00786857444264,68.59110260009766,4655600,0.0,0.0
2022-03-16 00:00:00-04:00,69.39203691272148,71.55267977737205,68.91706595515573,70.31403350830078,2692800,0.0,0.0
2022-03-17 00:00:00-04:00,69.88564420366257,71.18948225441494,69.839075767607,71.14291381835938,1868200,0.0,0.0
2022-03-18 00:00:00-04:00,71.38504150767488,72.98689872996978,71.26396644216902,72.62368774414062,3822500,0.0,0.0
2022-03-21 00:00:00-04:00,72.19527017329436,72.79597011820866,71.17082886178294,72.01832580566406,1805000,0.0,0.0
2022-03-22 00:00:00-04:00,71.99039975369435,73.18247763426213,71.99039975369435,72.20459747314453,2601700,0.0,0.0
2022-03-23 00:00:00-04:00,71.83206862300726,72.27910136386477,71.01251688767024,71.18946838378906,1675300,0.0,0.0
2022-03-24 00:00:00-04:00,71.13359247159704,72.1487260247449,70.73312811481588,72.10215759277344,1837900,0.0,0.0
2022-03-25 00:00:00-04:00,72.27910480893486,72.40948788428607,71.35710817456716,71.93451690673828,1531900,0.0,0.0
2022-03-28 00:00:00-04:00,71.67374647484573,72.68887990698131,71.07770756445841,72.65162658691406,2218200,0.0,0.0
2022-03-29 00:00:00-04:00,73.29423436053509,74.02997152054768,72.72613360540316,73.24767303466797,1812200,0.0,0.0
2022-03-30 00:00:00-04:00,72.64231278888666,73.24766681652959,72.3629164360224,72.40948486328125,1261600,0.0,0.0
2022-03-31 00:00:00-04:00,72.27909781123661,72.96361244323151,71.6178673915883,71.6644287109375,2413400,0.0,0.0
2022-04-01 00:00:00-04:00,71.62718193279896,71.94754768135115,70.54685701546242,71.04045104980469,2591900,0.0,0.0
2022-04-04 00:00:00-04:00,71.0590898353541,71.4781772834776,70.60274195899893,71.375732421875,1872600,0.0,0.0
2022-04-05 00:00:00-04:00,71.11496930618466,71.31054393069005,69.76457004421393,69.98808288574219,1582900,0.0,0.0
2022-04-06 00:00:00-04:00,69.22438789334656,71.10563406202976,69.06606663815573,70.99388122558594,2666000,0.0,0.0
2022-04-07 00:00:00-04:00,70.5747799480325,72.63297738250677,70.5747799480325,72.2138900756836,3012100,0.0,0.0
2022-04-08 00:00:00-04:00,71.95314712055686,72.82857532572284,71.81344893829637,71.93451690673828,2107000,0.0,0.0
2022-04-11 00:00:00-04:00,71.71099131276031,71.95313431188399,70.92869299991324,71.124267578125,1750400,0.0,0.0
2022-04-12 00:00:00-04:00,71.26396992134673,71.88795417585133,70.30471998346154,70.67724609375,2814200,0.0,0.0
2022-04-13 00:00:00-04:00,70.0905057388044,71.24533001358081,70.0905057388044,70.63066101074219,1592600,0.0,0.0
2022-04-14 00:00:00-04:00,70.80763273835058,71.23138129899596,69.56898637893096,69.61555480957031,1717000,0.0,0.0
2022-04-18 00:00:00-04:00,69.55966690265895,69.91356275896736,68.097507949124,68.56316375732422,1517100,0.0,0.0
2022-04-19 00:00:00-04:00,68.94498633492468,70.29539221685344,68.79598019591266,70.19294738769531,1380400,0.0,0.0
2022-04-20 00:00:00-04:00,70.7610741733742,71.1242852094259,70.11846675327725,70.3326644897461,2107800,0.0,0.0
2022-04-21 00:00:00-04:00,70.87281979637798,71.36641386642492,69.69936505085022,70.04395294189453,2256200,0.0,0.0
2022-04-22 00:00:00-04:00,68.76805658046044,69.50379371957136,68.28377759419931,68.37690734863281,2115500,0.0,0.0
2022-04-25 00:00:00-04:00,70.10915291974811,70.80763678720895,68.04163953520874,69.47586059570312,4038900,0.0,0.0
2022-04-26 00:00:00-04:00,68.33032885500221,68.8891143465443,67.23138097598745,67.39901733398438,2231400,0.0,0.0
2022-04-27 00:00:00-04:00,67.34315432840174,69.2430312627512,67.34315432840174,68.51660919189453,2499900,0.0,0.0
2022-04-28 00:00:00-04:00,68.53522305969291,71.26396656388027,68.39553199209251,70.84487915039062,2837400,0.0,0.0
2022-04-29 00:00:00-04:00,70.3885376763504,70.70518023337138,67.58528756204701,67.83673858642578,2808100,0.0,0.0
2022-05-02 00:00:00-04:00,67.98576215824338,68.95432729368717,66.43047314018011,67.93919372558594,2627400,0.0,0.0
2022-05-03 00:00:00-04:00,67.91124163109377,68.5724720287107,67.49029264412374,68.28376770019531,2297000,0.0,0.0
2022-05-04 00:00:00-04:00,68.86117045355613,71.55265995869861,68.22787838732599,71.33845520019531,2700800,0.0,0.0
2022-05-05 00:00:00-04:00,70.30472958770689,70.87283038480183,68.85653937631659,69.55036926269531,2377800,0.0,0.0
2022-05-06 00:00:00-04:00,69.13124915334704,69.72728788786023,67.77152824081277,69.45720672607422,2470400,0.0,0.0
2022-05-09 00:00:00-04:00,68.25583673084078,69.09401869891991,67.7715506580197,68.27445983886719,2718000,0.0,0.0
2022-05-10 00:00:00-04:00,68.79599390589438,69.66211402161771,66.5608445325428,67.77154541015625,2771000,0.0,0.0
2022-05-11 00:00:00-04:00,67.71566479631936,68.89843449356479,67.37107695040069,67.89261627197266,3214400,0.0,0.0
2022-05-12 00:00:00-04:00,67.53871558686042,69.19645623970547,66.36526806097261,67.98574829101562,2482100,0.0,0.0
2022-05-13 00:00:00-04:00,68.7587281093661,70.3047014676934,68.4374245126791,69.9508056640625,2601200,0.0,0.0
2022-05-16 00:00:00-04:00,69.43859331006695,69.71798964301907,68.52591188573199,69.23370361328125,2101000,0.0,0.0
2022-05-17 00:00:00-04:00,69.88562997084365,70.27677917480469,68.7866818939929,70.27677917480469,2742800,0.0,0.0
2022-05-18 00:00:00-04:00,69.29890520881385,69.72730772705273,67.04512555325216,67.25001525878906,1899700,0.0,0.0
2022-05-19 00:00:00-04:00,66.63287692252796,68.71807235329439,66.58612071857557,67.87651062011719,1780500,0.29,0.0
2022-05-20 00:00:00-04:00,68.54975478677777,69.5315779230538,66.81052971531396,68.67131805419922,3017700,0.0,0.0
2022-05-23 00:00:00-04:00,69.18559059634056,69.91962145931375,68.38143257690207,69.0733871459961,2473100,0.0,0.0
2022-05-24 00:00:00-04:00,69.97106294085616,70.9528789770453,68.47495721857166,70.58820343017578,3071700,0.0,0.0
2022-05-25 00:00:00-04:00,69.86820220633786,70.05521273888806,68.04949731140817,68.7554702758789,2854900,0.0,0.0
2022-05-26 00:00:00-04:00,69.55028278614951,70.66301482933616,69.26976695890595,70.204833984375,3380100,0.0,0.0
2022-05-27 00:00:00-04:00,70.92481957741347,71.64482505133266,70.48533701379935,71.3456039428711,2837700,0.0,0.0
2022-05-31 00:00:00-04:00,70.6442979483172,70.74247596499428,68.94247669731175,69.5689697265625,9765400,0.0,0.0
2022-06-01 00:00:00-04:00,69.49417262722677,70.28897807577368,68.80222510973829,69.16690063476562,2384000,0.0,0.0
2022-06-02 00:00:00-04:00,69.19495770421331,70.46664938949684,68.8676856824113,70.35443878173828,2133600,0.0,0.0
2022-06-03 00:00:00-04:00,69.88690903028926,70.42924962920395,69.27911402350523,70.30769348144531,1415400,0.0,0.0
2022-06-06 00:00:00-04:00,70.62560566633479,71.12119000891683,70.20482839199015,70.31703186035156,1019900,0.0,0.0
2022-06-07 00:00:00-04:00,69.88689502121265,71.58871641867455,69.55027038136357,71.52326202392578,1582500,0.0,0.0
2022-06-08 00:00:00-04:00,70.9061394124431,71.94406445695037,70.30769704332124,71.38301849365234,1926900,0.0,0.0
2022-06-09 00:00:00-04:00,71.24275901200446,72.14977516889523,70.84067990536201,71.06509399414062,2505100,0.0,0.0
2022-06-10 00:00:00-04:00,69.93365193823222,70.15806598911229,68.51234630333899,68.53105163574219,2314500,0.0,0.0
2022-06-13 00:00:00-04:00,66.79182726034554,67.51182561614858,65.8754585826021,66.4832534790039,1860400,0.0,0.0
2022-06-14 00:00:00-04:00,66.3149597390596,66.58145729780522,64.18300780507909,64.71599578857422,1859400,0.0,0.0
2022-06-15 00:00:00-04:00,64.90299839029511,66.17468283917596,64.29520346503944,65.23027038574219,1629300,0.0,0.0
2022-06-16 00:00:00-04:00,63.97726326149755,64.03804488116698,62.62141937128003,63.53778076171875,1818700,0.0,0.0
2022-06-17 00:00:00-04:00,63.528467586497456,64.2765170629864,62.86457073333993,63.47235870361328,3669400,0.0,0.0
2022-06-21 00:00:00-04:00,64.33259351393889,65.55752864043683,63.73415138084119,65.33311462402344,2506000,0.0,0.0
2022-06-22 00:00:00-04:00,64.03338656339946,64.63182882842234,63.462995164862875,64.29520416259766,2621800,0.0,0.0
2022-06-23 00:00:00-04:00,64.22039783256325,65.0058506391668,63.50974495944962,64.13623809814453,1791000,0.0,0.0
2022-06-24 00:00:00-04:00,64.47286122819071,66.29624600111076,64.02403310199107,66.25884246826172,3453500,0.0,0.0
2022-06-27 00:00:00-04:00,66.67029539593081,66.73574981573171,64.63652134626518,65.37989807128906,2327700,0.0,0.0
2022-06-28 00:00:00-04:00,65.64168973723176,66.24948461394563,64.97779313263455,65.25831604003906,1877800,0.0,0.0
2022-06-29 00:00:00-04:00,64.98716762713799,65.64171178561136,64.07079867127898,65.24898529052734,2728700,0.0,0.0
2022-06-30 00:00:00-04:00,64.49158075757943,66.30561326309571,64.28586484862447,66.08119201660156,2822500,0.0,0.0
2022-07-01 00:00:00-04:00,66.37106325656956,67.55392252029311,65.66976295946884,67.2313232421875,2096300,0.0,0.0
2022-07-05 00:00:00-04:00,65.81001158414382,66.8479365042403,65.61832827478874,66.73573303222656,1936800,0.0,0.0
2022-07-06 00:00:00-04:00,66.81986877185456,67.11908984503022,66.00635813509895,66.63285827636719,2440000,0.0,0.0
2022-07-07 00:00:00-04:00,64.19233470127966,65.65103656855754,62.98609772103324,65.53882598876953,4386800,0.0,0.0
2022-07-08 00:00:00-04:00,65.45467982414294,65.8006571285941,64.35223520352613,65.35182189941406,2485600,0.0,0.0
2022-07-11 00:00:00-04:00,65.38922766320985,65.6136417184683,64.23909225377113,64.51961517333984,2116900,0.0,0.0
2022-07-12 00:00:00-04:00,64.41674367587008,65.64167875636927,64.10816995614361,64.36998748779297,2430700,0.0,0.0
2022-07-13 00:00:00-04:00,63.65936267899492,64.47286639821384,63.425595930438675,63.95858383178711,1635500,0.0,0.0
2022-07-14 00:00:00-04:00,62.94870157074293,64.5383124003802,62.64948045690553,64.51026153564453,2793600,0.0,0.0
2022-07-15 00:00:00-04:00,65.38922446892622,65.59494031536143,64.7627313976872,64.99649810791016,3010100,0.0,0.0
2022-07-18 00:00:00-04:00,65.35182842839258,65.90725985062018,64.31390354533913,64.48221588134766,1525900,0.0,0.0
2022-07-19 00:00:00-04:00,65.26767125358695,67.25936114511951,65.22091505586323,67.17520141601562,2450500,0.0,0.0
2022-07-20 00:00:00-04:00,67.36222719471954,68.03547657274704,66.4832619362953,67.9513168334961,1942400,0.0,0.0
2022-07-21 00:00:00-04:00,67.9326189461486,68.36742167663479,67.55859071951835,68.213134765625,1520900,0.0,0.0
2022-07-22 00:00:00-04:00,68.33470266165244,68.53106588876118,66.7450843744935,67.2313232421875,3805300,0.0,0.0
2022-07-25 00:00:00-04:00,67.29677247734314,67.9419709839505,67.05365306218754,67.68949890136719,1620800,0.0,0.0
2022-07-26 00:00:00-04:00,67.68948836267185,68.06351652760236,66.94143203281082,67.99806213378906,1897800,0.0,0.0
2022-07-27 00:00:00-04:00,68.07286648346442,71.63546873945725,68.07286648346442,71.47650909423828,3786500,0.0,0.0
2022-07-28 00:00:00-04:00,71.12119005103445,72.4583360770923,70.98093571549963,71.85989379882812,2118300,0.0,0.0
2022-07-29 00:00:00-04:00,72.08431081441482,73.44951489734467,71.42976677519776,73.09418487548828,2183100,0.0,0.0
2022-08-01 00:00:00-04:00,72.28068269815644,73.91704996501255,72.28068269815644,73.1970443725586,2425700,0.0,0.0
2022-08-02 00:00:00-04:00,73.09418694762167,73.65522573056893,72.3741884840718,72.43029022216797,2146700,0.0,0.0
2022-08-03 00:00:00-04:00,72.79494571487477,74.52481779112168,72.42933569670616,74.08534240722656,2483600,0.0,0.0
2022-08-04 00:00:00-04:00,74.41262902803982,74.62769042986955,73.90769202279515,74.33782196044922,2129600,0.0,0.0
2022-08-05 00:00:00-04:00,73.78613614942809,74.53885819248902,73.4588570110603,74.16950988769531,1492700,0.0,0.0
2022-08-08 00:00:00-04:00,74.61834943059043,74.86614161479442,73.88431841149912,74.13211059570312,1882400,0.0,0.0
2022-08-09 00:00:00-04:00,73.77678341670676,73.94509575223364,73.27184641012614,73.7393798828125,1276600,0.0,0.0
2022-08-10 00:00:00-04:00,74.80535065947473,75.3149603986838,74.22560662362591,74.71184539794922,1419700,0.0,0.0
2022-08-11 00:00:00-04:00,75.46925197723266,76.24535925068054,74.89886057231263,75.36639404296875,1665800,0.0,0.0
2022-08-12 00:00:00-04:00,75.79651304646552,76.5445693452082,75.31963411166079,76.44171142578125,1758800,0.0,0.0
2022-08-15 00:00:00-04:00,75.98352948139353,76.61937518502837,75.74976278349827,76.25469970703125,2015600,0.0,0.0
2022-08-16 00:00:00-04:00,75.96483526755186,76.45107406536866,75.65158870260956,76.03964233398438,1862100,0.0,0.0
2022-08-17 00:00:00-04:00,75.29156265931493,75.60948902636068,74.95494523243164,75.34767150878906,1623200,0.0,0.0
2022-08-18 00:00:00-04:00,75.58230707483632,75.62922499540304,75.0849327263046,75.46031188964844,1183100,0.29,0.0
2022-08-19 00:00:00-04:00,75.1037044216956,75.2632382518523,74.12772138346688,74.5218734741211,1212500,0.0,0.0
2022-08-22 00:00:00-04:00,73.26435500265531,73.45673782557444,72.34467632804483,72.56990814208984,2493900,0.0,0.0
2022-08-23 00:00:00-04:00,72.38222005654706,72.87960164440368,71.84261734525998,72.1663818359375,1680300,0.0,0.0
2022-08-24 00:00:00-04:00,72.22267153905675,72.87958683645691,72.0537512808409,72.60743713378906,1676800,0.0,0.0
2022-08-25 00:00:00-04:00,72.9264990433875,73.42387333146817,72.62619718116362,73.36756896972656,1881600,0.0,0.0
2022-08-26 00:00:00-04:00,73.56464709433124,73.56464709433124,70.54285534425219,70.59916687011719,1482100,0.0,0.0
2022-08-29 00:00:00-04:00,70.14872449954437,70.19564958719515,69.34166167834047,69.51058197021484,1441700,0.0,0.0
2022-08-30 00:00:00-04:00,69.56688229862975,69.78272766559219,67.78384362788773,68.37506103515625,2247000,0.0,0.0
2022-08-31 00:00:00-04:00,68.69412366445655,68.96627338555733,67.4084594851763,67.77445220947266,3350600,0.0,0.0
2022-09-01 00:00:00-04:00,67.6993606458911,68.2811985984476,66.92983672657996,68.24365997314453,1653600,0.0,0.0
2022-09-02 00:00:00-04:00,68.93810470432952,69.07887275531952,67.05183000448854,67.30521392822266,1565900,0.0,0.0
2022-09-06 00:00:00-04:00,67.28645299240695,67.7087572204166,66.56385403657438,67.64306640625,1597300,0.0,0.0
2022-09-07 00:00:00-04:00,67.76505228157,68.9850325597239,67.31460309192848,68.89118957519531,1751400,0.0,0.0
2022-09-08 00:00:00-04:00,68.45012636426372,68.71288961053736,67.96213134138857,68.4219741821289,1883900,0.0,0.0
2022-09-09 00:00:00-04:00,68.67535415776243,69.01319467853044,68.29058855809147,68.8818130493164,1803300,0.0,0.0
2022-09-12 00:00:00-04:00,69.43548642432908,69.53871586218901,68.38443347122625,69.25718688964844,1693800,0.0,0.0
2022-09-13 00:00:00-04:00,67.82137763704017,67.97153218658062,66.40433166450792,66.74217224121094,1756300,0.0,0.0
2022-09-14 00:00:00-04:00,66.67648406146141,66.79378962303348,65.04358548934884,65.55034637451172,2097200,0.0,0.0
2022-09-15 00:00:00-04:00,65.59725805974671,66.12278457708595,64.46174131491769,64.68696594238281,2129100,0.0,0.0
2022-09-16 00:00:00-04:00,63.97375719133767,64.09575955352233,62.89454462917921,63.62653732299805,3782500,0.0,0.0
2022-09-19 00:00:00-04:00,63.298077306554966,64.14267877043368,63.25115937841698,64.04883575439453,2338000,0.0,0.0
2022-09-20 00:00:00-04:00,63.65467971661187,63.823599979999074,62.77253976783844,63.45760726928711,1842500,0.0,0.0
2022-09-21 00:00:00-04:00,63.748528239477295,64.60250891853987,62.89454040065217,62.903926849365234,1579600,0.0,0.0
2022-09-22 00:00:00-04:00,62.48162743806474,62.98369144944391,61.33203452476849,61.421180725097656,1981000,0.0,0.0
2022-09-23 00:00:00-04:00,60.98949738438145,61.87163738016408,60.76896238543579,61.73086929321289,2551600,0.0,0.0
2022-09-26 00:00:00-04:00,61.44933693039806,62.48162424551521,60.85811242937424,61.346107482910156,2415500,0.0,0.0
2022-09-27 00:00:00-04:00,61.88102108417536,62.171936533813515,60.63288841353101,61.12087631225586,1890500,0.0,0.0
2022-09-28 00:00:00-04:00,61.6839460377143,62.153168180475745,60.9003387587124,61.72147750854492,2264400,0.0,0.0
2022-09-29 00:00:00-04:00,61.20534419152857,61.33672583319766,59.943135342856706,60.5296630859375,1910800,0.0,0.0
2022-09-30 00:00:00-04:00,60.55780942207045,60.92380212561643,59.81644114714334,59.872745513916016,2625600,0.0,0.0
2022-10-03 00:00:00-04:00,60.73611553611038,61.94670952822072,60.16366394697848,61.41179656982422,1905500,0.0,0.0
2022-10-04 00:00:00-04:00,62.36901684466413,63.326234186329856,62.204793362938794,62.92270278930664,2424900,0.0,0.0
2022-10-05 00:00:00-04:00,62.33145865050014,63.70158624869879,62.251691757016324,63.27928924560547,1452500,0.0,0.0
2022-10-06 00:00:00-04:00,63.08222854605144,63.44822125928938,62.59423348855952,62.68808364868164,1670000,0.0,0.0
2022-10-07 00:00:00-04:00,62.096858563201195,62.41593335316155,60.87688525038361,61.24287796020508,1446600,0.0,0.0
2022-10-10 00:00:00-04:00,61.749646033343964,61.9279456054681,60.50151322966118,61.00827407836914,841300,0.0,0.0
2022-10-11 00:00:00-04:00,60.97072202672564,61.53378712592159,60.510886364354405,60.76426315307617,1449200,0.0,0.0
2022-10-12 00:00:00-04:00,61.06457204341012,61.31794886128828,60.59066023600744,60.604736328125,1637600,0.0,0.0
2022-10-13 00:00:00-04:00,59.290919062152625,61.515034927077096,58.64339369761338,61.00827407836914,1946400,0.0,0.0
2022-10-14 00:00:00-04:00,61.4024135374298,62.031169527755644,59.900904023307596,60.17305374145508,1632800,0.0,0.0
2022-10-17 00:00:00-04:00,61.02703269255792,61.6839480092775,60.8205737975821,61.346107482910156,1688600,0.0,0.0
2022-10-18 00:00:00-04:00,62.80068723966678,62.87576449770827,61.937320251473814,62.603614807128906,1637200,0.0,0.0
2022-10-19 00:00:00-04:00,62.378383736337454,62.8288329184402,61.618246266688665,62.200077056884766,1552300,0.0,0.0
2022-10-20 00:00:00-04:00,62.35023617360051,62.598923318743395,60.689185897247064,60.76426315307617,1923200,0.0,0.0
2022-10-21 00:00:00-04:00,61.02703913373389,62.81947140224307,60.34197872056704,62.67870330810547,2351000,0.0,0.0
2022-10-24 00:00:00-04:00,63.035304179083376,63.710985244939295,62.6786979097759,62.95084762573242,2518300,0.0,0.0
2022-10-25 00:00:00-04:00,62.85699890852887,64.6681965943429,62.85699890852887,64.61188507080078,2567100,0.0,0.0
2022-10-26 00:00:00-04:00,64.46173911495546,64.8934226194318,62.669307124863025,64.1332778930664,3656700,0.0,0.0
2022-10-27 00:00:00-04:00,64.29282629295,67.11753871356743,64.18959683866697,65.70049285888672,3016900,0.0,0.0
2022-10-28 00:00:00-04:00,65.8037194004511,67.44599698801726,65.55033542033127,67.2770767211914,1918400,0.0,0.0
2022-10-31 00:00:00-04:00,66.32924090025864,67.11753064574131,65.91632313276112,66.29170227050781,2551900,0.0,0.0
2022-11-01 00:00:00-04:00,66.8829149047185,67.5867480538873,66.37616133790668,67.10814666748047,1885200,0.0,0.0
2022-11-02 00:00:00-04:00,66.82661256219541,68.1028972840152,65.87878188795544,65.88816833496094,1782900,0.0,0.0
2022-11-03 00:00:00-04:00,65.19372161154058,66.71399667741322,64.86526756396077,65.88816833496094,2035000,0.0,0.0
2022-11-04 00:00:00-04:00,66.90170032500968,69.32288852984252,66.90170032500968,68.71289825439453,2299000,0.0,0.0
2022-11-07 00:00:00-05:00,68.59088415762288,69.22902650946864,68.21551219986985,69.20087432861328,1777400,0.0,0.0
2022-11-08 00:00:00-05:00,69.38857107267732,69.63256142594228,68.13105203762835,68.65658569335938,1528100,0.0,0.0
2022-11-09 00:00:00-05:00,68.46890363711718,69.34165722917584,68.07475870128751,68.14044952392578,1743200,0.0,0.0
2022-11-10 00:00:00-05:00,69.93287419416646,71.42500452724967,69.93287419416646,70.94639587402344,2643400,0.0,0.0
2022-11-11 00:00:00-05:00,71.00269826061938,73.22680664073935,70.96046282624414,72.60743713378906,2984500,0.0,0.0
2022-11-14 00:00:00-05:00,72.03497231366308,74.66261154132174,71.99743368987019,72.98279571533203,4193900,0.0,0.0
2022-11-15 00:00:00-05:00,73.63972745375204,74.58755822834998,73.37696418786638,73.86495208740234,2349100,0.0,0.0
2022-11-16 00:00:00-05:00,73.62096119863067,74.8409417971603,73.50835245152881,73.57404327392578,2169600,0.0,0.0
2022-11-17 00:00:00-05:00,72.52848841619192,72.91468251824251,71.31339989075423,72.85816192626953,3420800,0.29,0.0
2022-11-18 00:00:00-05:00,73.63997779172938,74.18629810116026,72.92411004786634,73.24436950683594,3697600,0.0,0.0
2022-11-21 00:00:00-05:00,72.9712090686171,73.96022977700824,72.34482569346363,73.64939880371094,2068800,0.0,0.0
2022-11-22 00:00:00-05:00,73.99791294223252,74.02616965210737,73.09366229451008,73.70591735839844,1916300,0.0,0.0
2022-11-23 00:00:00-05:00,73.4421652261508,73.96964287884529,73.00887898481689,73.56461334228516,1898000,0.0,0.0
2022-11-25 00:00:00-05:00,73.97906098338805,74.4292997908878,73.67764416823513,74.10150909423828,971100,0.0,0.0
2022-11-28 00:00:00-05:00,73.48927025657262,73.80952973510652,71.77025334145577,71.90682983398438,2065800,0.0,0.0
2022-11-29 00:00:00-05:00,72.01984285611535,73.11248322307817,71.71842606287443,72.41545104980469,1869000,0.0,0.0
2022-11-30 00:00:00-05:00,72.34952374387458,73.62583998735204,71.13443515079959,73.55519104003906,3462100,0.0,0.0
2022-12-01 00:00:00-05:00,73.11251014824694,74.32759906463961,72.84876406898097,74.25224304199219,1776700,0.0,0.0
2022-12-02 00:00:00-05:00,73.53636461553283,75.50499910236479,73.01830101732843,75.11880493164062,1998300,0.0,0.0
2022-12-05 00:00:00-05:00,74.24279860363987,74.6572494126847,73.31970557977006,73.92254638671875,2100200,0.0,0.0
2022-12-06 00:00:00-05:00,73.9131417096754,74.61958819138681,73.70591625855815,74.5913314819336,2674000,0.0,0.0
2022-12-07 00:00:00-05:00,74.38409680967467,74.87389648095056,73.80951983420344,74.412353515625,2151300,0.0,0.0
2022-12-08 00:00:00-05:00,75.24125205511173,75.3542860713028,74.46416385453931,75.10938262939453,2376700,0.0,0.0
2022-12-09 00:00:00-05:00,75.2318398155155,75.35428794634414,73.8048185624392,73.90371704101562,1417200,0.0,0.0
2022-12-12 00:00:00-05:00,74.31816049489179,75.93827867359293,73.96022306366831,75.86292266845703,1681200,0.0,0.0
2022-12-13 00:00:00-05:00,77.23814286487121,77.23814286487121,75.90060601803152,76.24911499023438,2600900,0.0,0.0
2022-12-14 00:00:00-05:00,76.29621388087763,77.18162903295267,75.26009389507291,75.58976745605469,3025900,0.0,0.0
2022-12-15 00:00:00-05:00,74.73259746846361,74.94924416727251,73.46099553745432,74.2427978515625,2119400,0.0,0.0
2022-12-16 00:00:00-05:00,73.66822434048017,74.15803116633482,73.18783881144607,74.03557586669922,4036900,0.0,0.0
2022-12-19 00:00:00-05:00,74.06382948413862,74.42647394000579,73.06727047510381,73.34796905517578,1532700,0.0,0.0
2022-12-20 00:00:00-05:00,73.37622990004172,73.71532472715204,73.0088783683962,73.39506530761719,1889800,0.0,0.0
2022-12-21 00:00:00-05:00,73.88488596560146,74.53481185055313,73.38566492848447,74.44062042236328,1621700,0.0,0.0
2022-12-22 00:00:00-05:00,73.99789551022411,74.20512091561659,72.62268085829835,73.60228729248047,1379600,0.0,0.0
2022-12-23 00:00:00-05:00,73.3762382491557,74.06384209223108,73.22552622602726,73.80952453613281,810400,0.0,0.0
2022-12-27 00:00:00-05:00,73.81892863832145,74.38408422071268,73.47983385161808,73.95079803466797,955400,0.0,0.0
2022-12-28 00:00:00-05:00,74.03557710985991,74.17686781916522,72.89584451112671,72.90526580810547,882800,0.0,0.0
2022-12-29 00:00:00-05:00,73.5080940009911,74.62899110885998,73.09364320083584,74.47827911376953,957700,0.0,0.0
2022-12-30 00:00:00-05:00,74.22397848385691,74.40294003579416,73.04656770325224,73.7624282836914,995900,0.0,0.0
2023-01-03 00:00:00-05:00,74.35583558386539,74.8456352253679,73.85661464550402,74.52538299560547,1317300,0.0,0.0
2023-01-04 00:00:00-05:00,75.14705968934273,76.17376556104617,74.69493800295623,76.0795669555664,1611900,0.0,0.0
2023-01-05 00:00:00-05:00,75.83465245535787,76.1172266447688,75.31658899525681,75.47671508789062,2136300,0.0,0.0
2023-01-06 00:00:00-05:00,76.2867959854079,77.28524519706927,75.74048285413468,77.09685516357422,1555400,0.0,0.0
2023-01-09 00:00:00-05:00,77.21930770434226,78.10942991984676,76.59292433989913,76.73892211914062,1652600,0.0,0.0
2023-01-10 00:00:00-05:00,76.6541469722195,77.02149855174946,76.07956995062752,76.92730712890625,1975300,0.0,0.0
2023-01-11 00:00:00-05:00,77.45478190908828,77.45478190908828,76.42807613115409,77.1439437866211,2683300,0.0,0.0
2023-01-12 00:00:00-05:00,77.23814689832906,78.17065422065667,76.0607361224399,78.08588409423828,2503600,0.0,0.0
2023-01-13 00:00:00-05:00,77.84097325292419,78.46264953303707,77.44724781672377,78.4155502319336,1272000,0.0,0.0
2023-01-17 00:00:00-05:00,78.4249708312339,78.64161036715473,78.06232633772987,78.1612319946289,1946300,0.0,0.0
2023-01-18 00:00:00-05:00,78.38730247936711,78.55684992182356,77.02150164114987,77.04034423828125,1876300,0.0,0.0
2023-01-19 00:00:00-05:00,76.795443369928,77.02150423871213,74.99636334584751,75.02462005615234,1552100,0.0,0.0
2023-01-20 00:00:00-05:00,75.39195911207752,76.14549761136257,74.56306460696067,76.11724090576172,1787600,0.0,0.0
2023-01-23 00:00:00-05:00,75.93827364151673,77.03562113968069,75.25066271631864,76.6258773803711,1104400,0.0,0.0
2023-01-24 00:00:00-05:00,75.59919223711132,77.73265996346808,75.59919223711132,77.34175872802734,1542900,0.0,0.0
2023-01-25 00:00:00-05:00,76.76717959016317,76.76717959016317,75.3919647199891,76.25853729248047,1448800,0.0,0.0
2023-01-26 00:00:00-05:00,76.6824049114134,76.72949702600525,75.50499425145198,76.37156677246094,1353100,0.0,0.0
2023-01-27 00:00:00-05:00,76.22085740526697,76.86136911398117,75.72163641792325,76.4845962524414,1457100,0.0,0.0
2023-01-30 00:00:00-05:00,76.08898985991956,76.78601499985002,75.70280287740822,76.25853729248047,1334300,0.0,0.0
2023-01-31 00:00:00-05:00,76.78602017376701,77.45479583740234,76.30564173776342,77.45479583740234,2543400,0.0,0.0
2023-02-01 00:00:00-05:00,77.680847897145,80.17695996713397,77.31349634119941,79.64947509765625,3058700,0.0,0.0
2023-02-02 00:00:00-05:00,80.4689550767866,80.57256779060117,78.92419285344405,78.99012756347656,2274200,0.0,0.0
2023-02-03 00:00:00-05:00,78.63219026610895,79.92262764495915,78.58979802418479,79.80960083007812,1580500,0.0,0.0
2023-02-06 00:00:00-05:00,79.09374631271331,79.92264090013609,78.68871672407997,78.81116485595703,1500100,0.0,0.0
2023-02-07 00:00:00-05:00,78.29310488255302,78.952452003285,77.43594643925682,78.77348327636719,1641500,0.0,0.0
2023-02-08 00:00:00-05:00,78.566248707675,79.14081840132887,78.21773262406174,78.67927551269531,1724200,0.0,0.0
2023-02-09 00:00:00-05:00,79.14083128244557,79.35747800456824,77.70910309052675,78.0010986328125,1745200,0.0,0.0
2023-02-10 00:00:00-05:00,78.01051811715386,78.5850950773163,77.59606727733988,78.38729095458984,1906000,0.0,0.0
2023-02-13 00:00:00-05:00,78.82057996413127,79.69657378766667,78.50974182337966,79.47992706298828,1758700,0.0,0.0
2023-02-14 00:00:00-05:00,79.47991528904065,79.94146537621214,78.82998958397259,79.43282318115234,1887400,0.0,0.0
2023-02-15 00:00:00-05:00,79.34805925284516,79.73425340882733,79.08432040795223,79.65889739990234,1182000,0.0,0.0
2023-02-16 00:00:00-05:00,78.87439833266018,79.55492158201348,78.53886717095536,79.00672149658203,1427500,0.29,0.0
2023-02-17 00:00:00-05:00,79.26191769354351,80.1598258663631,78.79878664101024,80.1125717163086,1800700,0.0,0.0
2023-02-21 00:00:00-05:00,79.299721572206,79.68723731295324,78.31674443828163,78.50577545166016,2365600,0.0,0.0
2023-02-22 00:00:00-05:00,79.15795948431993,79.517121361218,78.49634360290976,78.79879760742188,1671900,0.0,0.0
2023-02-23 00:00:00-05:00,78.86496694356936,79.52658288997931,78.19389728047555,79.36590576171875,1371600,0.0,0.0
2023-02-24 00:00:00-05:00,79.05397886087817,79.41314068605884,78.4963322998552,79.04452514648438,1889500,0.0,0.0
2023-02-27 00:00:00-05:00,79.16739505498845,79.88571864414553,79.12958741170587,79.39423370361328,1362400,0.0,0.0
2023-02-28 00:00:00-05:00,79.36589343721892,80.32996326814765,79.33753950264334,79.98025512695312,2963600,0.0,0.0
2023-03-01 00:00:00-05:00,79.83846243126109,80.86869364252293,79.68723186204627,80.55679321289062,1914600,0.0,0.0
2023-03-02 00:00:00-05:00,80.47174039630335,81.26095615902983,80.04641695423533,80.9726791381836,1415400,0.0,0.0
2023-03-03 00:00:00-05:00,81.28458150537529,82.28645892336381,80.94431988962987,82.16358947753906,1292300,0.0,0.0
2023-03-06 00:00:00-05:00,82.12578735817573,82.5416642967629,81.78552571952658,81.8989486694336,1704900,0.0,0.0
2023-03-07 00:00:00-05:00,82.05016447546751,82.05016447546751,80.3299562217484,80.47173309326172,1952400,0.0,0.0
2023-03-08 00:00:00-05:00,80.54735848837888,80.94432800954667,79.86683518862145,80.66077423095703,1703600,0.0,0.0
2023-03-09 00:00:00-05:00,80.9632419311603,81.05775746124303,79.39425672971063,79.5360336303711,1731600,0.0,0.0
2023-03-10 00:00:00-05:00,79.51711503924555,79.51711503924555,77.3054216591664,77.64568328857422,1962300,0.0,0.0
2023-03-13 00:00:00-04:00,76.89900445396631,78.43490515824674,76.77613499360989,77.44720458984375,2497000,0.0,0.0
2023-03-14 00:00:00-04:00,78.59085293586287,79.33753777810045,77.96703754447259,78.85549926757812,2293000,0.0,0.0
2023-03-15 00:00:00-04:00,77.79690784327386,78.09936182828818,75.29221416006395,76.70996856689453,2710400,0.0,0.0
2023-03-16 00:00:00-04:00,76.00109395551607,77.16364857056615,75.62302465858608,77.04077911376953,1854400,0.0,0.0
2023-03-17 00:00:00-04:00,76.71941385715645,76.78557543998558,75.24495160492376,75.65137481689453,3538700,0.0,0.0
2023-03-20 00:00:00-04:00,76.2562970597667,77.39995161205447,76.02945833487709,77.29598236083984,1624900,0.0,0.0
2023-03-21 00:00:00-04:00,78.1182669232768,78.3829132508689,77.36685884077677,77.79690551757812,1237300,0.0,0.0
2023-03-22 00:00:00-04:00,77.62676824477865,77.96702984081293,76.19011378124465,76.21846771240234,1464400,0.0,0.0
2023-03-23 00:00:00-04:00,75.89711940471,77.03509860651168,75.2544038082498,75.87821197509766,1890300,0.0,0.0
2023-03-24 00:00:00-04:00,74.81963485067202,76.22793564574738,74.22417334100139,76.0861587524414,1766800,0.0,0.0
2023-03-27 00:00:00-04:00,76.64380904774615,77.00297815603088,76.09561609117463,76.5492935180664,1432800,0.0,0.0
2023-03-28 00:00:00-04:00,76.49258054832777,77.2676193778029,76.3413499420535,77.23926544189453,1217200,0.0,0.0
2023-03-29 00:00:00-04:00,78.0048601852326,78.50579901097954,77.63624455077456,78.28841400146484,1531400,0.0,0.0
2023-03-30 00:00:00-04:00,78.55304497155663,79.05398369901697,78.15890942674751,78.57194519042969,1189600,0.0,0.0
2023-03-31 00:00:00-04:00,79.00673125280032,79.83848519852938,78.82242345093036,79.77232360839844,2608900,0.0,0.0
2023-04-03 00:00:00-04:00,79.64942878697175,80.15037466791809,79.17684404768231,79.58326721191406,1382200,0.0,0.0
2023-04-04 00:00:00-04:00,79.488794030298,80.0653482961047,75.84989104243951,76.20905303955078,2606800,0.0,0.0
2023-04-05 00:00:00-04:00,75.71754882158692,76.0578105065503,74.73457142181192,75.03702545166016,1723500,0.0,0.0
2023-04-06 00:00:00-04:00,74.75346356349652,74.76291727902165,73.60980916140804,74.18636322021484,1826200,0.0,0.0
2023-04-10 00:00:00-04:00,73.67597450101512,74.81018245642747,72.67409693647915,74.79127502441406,1235800,0.0,0.0
2023-04-11 00:00:00-04:00,75.19769443964908,75.77424849838235,74.89524044253263,75.39617919921875,1407100,0.0,0.0
2023-04-12 00:00:00-04:00,75.75534300574209,76.82338203130075,75.48124296320297,76.30354309082031,1327500,0.0,0.0
2023-04-13 00:00:00-04:00,76.23738376461768,76.84229173464631,75.1882449266773,76.70996856689453,1565200,0.0,0.0
2023-04-14 00:00:00-04:00,76.53510471677997,77.50390497113345,76.3318967199383,76.80448150634766,926000,0.0,0.0
2023-04-17 00:00:00-04:00,77.06913619039898,77.89143640390785,77.02187482220435,77.86307525634766,1312700,0.0,0.0
2023-04-18 00:00:00-04:00,78.26003834734466,78.67590802840186,77.54170750032426,77.77799987792969,2024100,0.0,0.0
2023-04-19 00:00:00-04:00,77.1919937656882,77.98593992045234,77.14000915310797,77.97648620605469,1143400,0.0,0.0
2023-04-20 00:00:00-04:00,77.75910682114632,78.27895303238591,77.23926782097915,78.2127914428711,1905100,0.0,0.0
2023-04-21 00:00:00-04:00,78.69482454784455,78.89330930263405,77.41884700358517,78.19388580322266,1042500,0.0,0.0
2023-04-24 00:00:00-04:00,78.05211461262088,78.8933150585608,77.96704559089207,78.49634552001953,1715400,0.0,0.0
2023-04-25 00:00:00-04:00,78.43962508490267,78.87913270986627,77.97649398819415,78.11827087402344,2137700,0.0,0.0
2023-04-26 00:00:00-04:00,77.40939510193391,78.89331115104608,77.07858716953413,77.39048767089844,2947600,0.0,0.0
2023-04-27 00:00:00-04:00,78.28838769612409,81.20895785105179,77.5795106048033,81.17115020751953,2353000,0.0,0.0
2023-04-28 00:00:00-04:00,81.48307117600928,81.8894943965688,80.33941681375387,80.62297058105469,1973800,0.0,0.0
2023-05-01 00:00:00-04:00,80.93487357969093,81.64375080883676,80.67968095007014,81.2373275756836,1347200,0.0,0.0
2023-05-02 00:00:00-04:00,81.1617037032736,81.62483471716055,80.07948063901317,81.53031921386719,1290800,0.0,0.0
2023-05-03 00:00:00-04:00,82.01237777704543,82.15415468477218,80.78838465544823,80.84982299804688,1370300,0.0,0.0
2023-05-04 00:00:00-04:00,81.322394073039,81.46417095668941,80.415032113177,80.62297058105469,1857800,0.0,0.0
2023-05-05 00:00:00-04:00,81.42636493245475,81.94620390145441,80.9443264028494,81.24678039550781,1478000,0.0,0.0
2023-05-08 00:00:00-04:00,81.33184693644132,81.60593977460384,80.75529290375398,81.05774688720703,1546200,0.0,0.0
2023-05-09 00:00:00-04:00,80.96323960148567,80.96323960148567,80.41503944727819,80.7647476196289,1293100,0.0,0.0
2023-05-10 00:00:00-04:00,81.29404755279276,81.32240148989443,79.47931625648776,80.7647476196289,1871500,0.0,0.0
2023-05-11 00:00:00-04:00,80.18819441236371,80.36777896408421,79.46987062762693,79.90464782714844,1323100,0.0,0.0
2023-05-12 00:00:00-04:00,80.23545473931509,80.65133171217963,79.27610807688008,79.77232360839844,1437400,0.0,0.0
2023-05-15 00:00:00-04:00,79.82901275085186,80.036951188492,79.38478194517897,79.87627410888672,1390000,0.0,0.0
2023-05-16 00:00:00-04:00,79.43204956099098,79.43204956099098,78.24964297740047,78.39236450195312,1812900,0.0,0.0
2023-05-17 00:00:00-04:00,78.85549738152967,79.46985904321546,78.31675101597446,79.15795135498047,2546300,0.0,0.0
2023-05-18 00:00:00-04:00,79.32877660786579,80.32051048945765,78.67395609463827,80.19239044189453,2172300,0.34,0.0
2023-05-19 00:00:00-04:00,80.89465641830864,80.89465641830864,79.64194730919142,80.24932098388672,2092800,0.0,0.0
2023-05-22 00:00:00-04:00,80.0215560378697,80.4865749142452,79.3477511074784,79.79379272460938,1553300,0.0,0.0
2023-05-23 00:00:00-04:00,79.04407620411934,79.33827082982748,77.75340516677231,78.04759979248047,2892200,0.0,0.0
2023-05-24 00:00:00-04:00,77.80085011634692,77.9232719058677,76.80437382083079,76.96570587158203,1987500,0.0,0.0
2023-05-25 00:00:00-04:00,77.22194586759544,77.39277016836049,76.58609543446333,77.27888488769531,2541800,0.0,0.0
2023-05-26 00:00:00-04:00,77.23143417565804,77.75339935041676,76.785399765051,77.62053680419922,2736400,0.0,0.0
2023-05-30 00:00:00-04:00,77.77237075083625,77.84829426880124,76.77590172929017,77.08908081054688,1823500,0.0,0.0
2023-05-31 00:00:00-04:00,76.7759279119014,76.94675226534564,75.04870711172863,75.456787109375,6744600,0.0,0.0
2023-06-01 00:00:00-04:00,75.66555402274044,77.57308370465384,75.00123404336932,77.35481262207031,2415100,0.0,0.0
2023-06-02 00:00:00-04:00,78.90171131075546,81.56846158474808,78.90171131075546,81.2363052368164,3155200,0.0,0.0
2023-06-05 00:00:00-04:00,81.1698857544555,81.1698857544555,79.79380615299506,80.22086334228516,1683900,0.0,0.0
2023-06-06 00:00:00-04:00,80.19237801867149,81.33120179257315,80.14492401123185,81.1603775024414,1431500,0.0,0.0
2023-06-07 00:00:00-04:00,80.96110293456603,83.01099490305386,80.7713013406542,82.74526977539062,2151400,0.0,0.0
2023-06-08 00:00:00-04:00,82.76423974979768,83.03471459979215,81.61307805152643,81.70133209228516,1503700,0.0,0.0
2023-06-09 00:00:00-04:00,81.50203750377433,81.58745328104222,80.5340378843564,81.29325866699219,2064800,0.0,0.0
2023-06-12 00:00:00-04:00,81.32173300408516,82.25177091550394,80.8472217969015,82.09043884277344,1570700,0.0,0.0
2023-06-13 00:00:00-04:00,82.33718816654014,83.24824883172796,82.2233028682167,82.75475311279297,1724000,0.0,0.0
2023-06-14 00:00:00-04:00,83.21976686761458,83.56141547100782,82.37513760935505,83.04894256591797,1854200,0.0,0.0
2023-06-15 00:00:00-04:00,82.94454347115781,84.2067447613943,82.71678016570155,84.02642822265625,1495900,0.0,0.0
2023-06-16 00:00:00-04:00,84.33961917483657,84.74769907652178,83.6183601587373,84.10236358642578,3054200,0.0,0.0
2023-06-20 00:00:00-04:00,83.25773512491358,83.57565674778913,82.32769002299858,82.640869140625,1541400,0.0,0.0
2023-06-21 00:00:00-04:00,82.30870856700102,83.191299609583,81.91960594242161,82.56494140625,2063700,0.0,0.0
2023-06-22 00:00:00-04:00,82.57441802407934,82.57441802407934,81.4261021091623,81.68233489990234,1542600,0.0,0.0
2023-06-23 00:00:00-04:00,80.92313351462016,82.14737322883258,80.47709908706312,81.9670639038086,2143100,0.0,0.0
2023-06-26 00:00:00-04:00,81.9955205976362,82.92841105426886,81.9955205976362,82.67881774902344,1023200,0.0,0.0
2023-06-27 00:00:00-04:00,83.03944859667048,83.44752846224988,82.51748345216244,83.2672119140625,1052900,0.0,0.0
2023-06-28 00:00:00-04:00,83.41906067951639,83.41906067951639,82.71678621274827,83.04894256591797,962000,0.0,0.0
2023-06-29 00:00:00-04:00,82.61240004228834,84.12134213219836,82.28023642106844,84.0928726196289,1107000,0.0,0.0
2023-06-30 00:00:00-04:00,84.78564498666788,85.51639617940552,84.47247314453125,84.47247314453125,2777000,0.0,0.0
2023-07-03 00:00:00-04:00,83.92204830374607,84.13083438321021,83.39534059981283,84.0928726196289,689400,0.0,0.0
2023-07-05 00:00:00-04:00,83.43804134439972,83.89357524766842,82.90659115764105,83.0774154663086,1549900,0.0,0.0
2023-07-06 00:00:00-04:00,82.5364728950957,82.81169023863964,81.65388184182227,81.98603820800781,1591800,0.0,0.0
2023-07-07 00:00:00-04:00,81.72980860773738,82.88760981001701,81.6349005789489,82.43208312988281,2034100,0.0,0.0
2023-07-10 00:00:00-04:00,82.53647859319379,83.12012533696078,82.1473759370383,82.83067321777344,1585500,0.0,0.0
2023-07-11 00:00:00-04:00,83.27670931640432,83.59937343263407,82.83066766358553,82.9730224609375,1337900,0.0,0.0
2023-07-12 00:00:00-04:00,83.70377121593854,84.87107193187873,82.80220284901255,84.18777465820312,2499900,0.0,0.0
2023-07-13 00:00:00-04:00,84.30164167379797,84.86156128249397,84.01503512294423,84.51991271972656,1250200,0.0,0.0
2023-07-14 00:00:00-04:00,84.23522738856582,84.42502896592882,83.419067573066,84.197265625,930300,0.0,0.0
2023-07-17 00:00:00-04:00,83.95050470734918,84.63380186418291,83.62784062799155,84.02642822265625,1373700,0.0,0.0
2023-07-18 00:00:00-04:00,84.14032242083144,84.80463514907315,83.68478852113306,84.0169448852539,1859900,0.0,0.0
2023-07-19 00:00:00-04:00,83.08690126066497,83.95999999691473,82.5174821157093,83.58988189697266,1783000,0.0,0.0
2023-07-20 00:00:00-04:00,82.08094224857709,83.04894911467782,81.43560675133193,82.43208312988281,2714300,0.0,0.0
2023-07-21 00:00:00-04:00,82.8306774615222,83.37161996307447,82.41310527068656,82.80220794677734,1788400,0.0,0.0
2023-07-24 00:00:00-04:00,83.06791307377004,83.4237964033381,82.56493245978825,82.78321075439453,1300200,0.0,0.0
2023-07-25 00:00:00-04:00,82.09043472389511,83.33365170738878,81.74878609262775,83.10588836669922,2330300,0.0,0.0
2023-07-26 00:00:00-04:00,81.54948737956181,86.3894997119727,80.88517465881614,86.10479736328125,4285500,0.0,0.0
2023-07-27 00:00:00-04:00,86.67421950141359,86.67421950141359,84.48197278402635,85.09883880615234,3478200,0.0,0.0
2023-07-28 00:00:00-04:00,85.9054994468232,86.1902090463877,84.57212421114349,85.45946502685547,2465400,0.0,0.0
2023-07-31 00:00:00-04:00,85.58283804696917,86.58879944728317,85.50691451927517,86.32307434082031,1961900,0.0,0.0
2023-08-01 00:00:00-04:00,85.57334090765956,86.29459989861957,85.27914630523335,85.63028717041016,1500100,0.0,0.0
2023-08-02 00:00:00-04:00,84.9564772931356,85.43573821213057,84.21624102116363,84.8331069946289,1594600,0.0,0.0
2023-08-03 00:00:00-04:00,84.67177359140085,85.53538014819189,84.36808673488032,85.05138397216797,1554600,0.0,0.0
2023-08-04 00:00:00-04:00,85.31711107389602,85.31711107389602,83.82714626771364,83.99797058105469,1135000,0.0,0.0
2023-08-07 00:00:00-04:00,84.40606635108593,85.67775306911498,84.40606635108593,85.6018295288086,1671100,0.0,0.0
2023-08-08 00:00:00-04:00,84.95647142668649,85.09882621695868,83.88407885550477,84.40604400634766,1651500,0.0,0.0
2023-08-09 00:00:00-04:00,84.30165973432304,84.63381611915578,83.44753814442018,83.51396942138672,1713300,0.0,0.0
2023-08-10 00:00:00-04:00,83.6373397957615,84.44401461164492,83.02996605141442,83.30518341064453,1628800,0.0,0.0
2023-08-11 00:00:00-04:00,82.86862475755777,83.39058990495722,82.57443016927735,82.95404052734375,1559200,0.0,0.0
2023-08-14 00:00:00-04:00,82.76422840368824,82.83065967064661,82.05246172607778,82.61238861083984,2050800,0.0,0.0
2023-08-15 00:00:00-04:00,82.02400654671894,82.4510637317044,80.97059110059072,81.36917877197266,2251800,0.0,0.0
2023-08-16 00:00:00-04:00,81.24578989949809,81.8009670092938,80.62892403068129,80.9231185913086,2331600,0.0,0.0
2023-08-17 00:00:00-04:00,81.34238832017905,81.98077709233287,79.94173930672498,79.9607925415039,2218000,0.34,0.0
2023-08-18 00:00:00-04:00,79.25569985829995,80.51342406174078,79.25569985829995,79.77975463867188,1949600,0.0,0.0
2023-08-21 00:00:00-04:00,79.75115139901403,79.89407606850774,79.06512607045543,79.57964324951172,1660300,0.0,0.0
2023-08-22 00:00:00-04:00,80.03699488485638,80.25614699798011,78.85549842438311,79.03652954101562,1955700,0.0,0.0
2023-08-23 00:00:00-04:00,79.29381376134018,80.0560666705004,78.7983424644068,79.89408874511719,1663100,0.0,0.0
2023-08-24 00:00:00-04:00,79.5320143950101,80.34191124287031,78.89362571359274,78.93173217773438,1902000,0.0,0.0
2023-08-25 00:00:00-04:00,79.60824436378236,80.31333028378106,78.9269731672577,79.91314697265625,2107900,0.0,0.0
2023-08-28 00:00:00-04:00,80.18946976883707,80.99459791874955,80.13229552930783,80.64682006835938,1158000,0.0,0.0
2023-08-29 00:00:00-04:00,80.5705917949037,81.70445181985279,80.29427265985511,81.47577667236328,1589000,0.0,0.0
2023-08-30 00:00:00-04:00,81.87594908868975,82.54292120893847,81.30425766141217,81.61869049072266,1583400,0.0,0.0
2023-08-31 00:00:00-04:00,81.73303038093269,82.48576026841953,81.49482499639072,81.51388549804688,1922300,0.0,0.0
2023-09-01 00:00:00-04:00,81.90453786758412,82.41430087560222,81.63774900222757,82.10462951660156,1188600,0.0,0.0
2023-09-05 00:00:00-04:00,82.00936071960521,82.1903991628507,80.19899809550759,80.3705062866211,1814500,0.0,0.0
2023-09-06 00:00:00-04:00,80.25615981984063,80.97077595976657,80.03700767170477,80.40860748291016,2179300,0.0,0.0
2023-09-07 00:00:00-04:00,79.81785588504604,80.72304069472239,79.01748929404094,79.05560302734375,2377800,0.0,0.0
2023-09-08 00:00:00-04:00,79.09371832823031,79.46531814848345,78.56013332086695,78.80786895751953,1922700,0.0,0.0
2023-09-11 00:00:00-04:00,79.22710855362165,79.61776158542398,78.6268263609104,79.07465362548828,1346000,0.0,0.0
2023-09-12 00:00:00-04:00,78.54107955593219,79.06513430886422,78.4743823391455,78.69352722167969,883300,0.0,0.0
2023-09-13 00:00:00-04:00,78.73164964197464,78.76976337997948,76.95940080673702,77.45487213134766,1579400,0.0,0.0
2023-09-14 00:00:00-04:00,78.04560628856186,78.43625929208427,77.11183809496954,77.82645416259766,1538800,0.0,0.0
2023-09-15 00:00:00-04:00,77.47390832615767,77.92173556240492,76.90221692072632,77.29287719726562,3555100,0.0,0.0
2023-09-18 00:00:00-04:00,77.2642986277522,78.0551422858154,77.1213812059531,77.5501480102539,1692200,0.0,0.0
2023-09-19 00:00:00-04:00,77.130905567615,78.55061498479937,77.10232208274384,78.3028793334961,2322200,0.0,0.0
2023-09-20 00:00:00-04:00,78.52202204137261,78.83644760653246,77.72164821413138,77.84551239013672,1432000,0.0,0.0
2023-09-21 00:00:00-04:00,77.68354607545317,77.96939547129448,76.96892985530201,77.11185455322266,2768900,0.0,0.0
2023-09-22 00:00:00-04:00,77.12137550018942,77.6835367028795,76.90222335389166,77.00703430175781,1361500,0.0,0.0
2023-09-25 00:00:00-04:00,76.58778955771723,77.32146618365509,76.36864468359637,77.13089752197266,1074200,0.0,0.0
2023-09-26 00:00:00-04:00,76.67355462213195,76.9069912595729,75.47299738153612,75.54922485351562,3357400,0.0,0.0
2023-09-27 00:00:00-04:00,75.65402062573683,76.15901480470384,75.39675477680433,75.60637664794922,3145700,0.0,0.0
2023-09-28 00:00:00-04:00,75.77789131789068,77.15948682878113,75.40629152138074,76.67354583740234,1647900,0.0,0.0
2023-09-29 00:00:00-04:00,77.20712024752888,77.32146143751986,76.19713184568597,76.52108764648438,1763900,0.0,0.0
2023-10-02 00:00:00-04:00,76.2828834140439,76.73071066131698,75.42534991950909,75.74930572509766,1621100,0.0,0.0
2023-10-03 00:00:00-04:00,75.52063541546889,76.30194876803702,75.32054376938511,75.6540298461914,1645200,0.0,0.0
2023-10-04 00:00:00-04:00,75.80647196711809,76.35911015082772,75.06899345959187,76.28288269042969,1463200,0.0,0.0
2023-10-05 00:00:00-04:00,76.24476839680267,76.51156450622423,75.13949930700177,75.40628814697266,1197200,0.0,0.0
2023-10-06 00:00:00-04:00,75.29195851404363,76.30195433825489,74.71074403458054,75.78742980957031,2133500,0.0,0.0
2023-10-09 00:00:00-04:00,75.37770356019774,76.17807006835938,74.98704328636845,76.17807006835938,1506800,0.0,0.0
2023-10-10 00:00:00-04:00,76.37816412314395,77.10230312668594,76.16854225968963,76.51155853271484,1615900,0.0,0.0
2023-10-11 00:00:00-04:00,76.55919521907641,77.24522776494557,76.55919521907641,77.21664428710938,1576300,0.0,0.0
2023-10-12 00:00:00-04:00,77.52156018757434,77.54061341959736,76.29241954272588,76.64496612548828,1598400,0.0,0.0
2023-10-13 00:00:00-04:00,76.78788448635605,76.97845315619342,75.96369588898233,76.22572326660156,1767900,0.0,0.0
2023-10-16 00:00:00-04:00,76.84506436583244,77.21952110712355,76.31147932055069,76.711669921875,1212200,0.0,0.0
2023-10-17 00:00:00-04:00,76.34959225621732,77.44533855104372,76.21143632265814,77.24524688720703,1172400,0.0,0.0
2023-10-18 00:00:00-04:00,76.65450289080079,76.70214688360272,75.09187588367242,75.12998962402344,2440300,0.0,0.0
2023-10-19 00:00:00-04:00,75.07279992713627,76.1590157553083,74.3810535592842,74.48204803466797,2441600,0.0,0.0
2023-10-20 00:00:00-04:00,74.54874044586577,74.73930907768228,73.75313549033812,73.87223815917969,2008100,0.0,0.0
2023-10-23 00:00:00-04:00,73.66263220645105,74.41536210841677,73.1100012284668,73.28150939941406,1822200,0.0,0.0
2023-10-24 00:00:00-04:00,73.92942195907405,74.32961254234851,73.03377462853514,73.62451934814453,2970400,0.0,0.0
2023-10-25 00:00:00-04:00,71.55689251825133,73.26720534988127,69.86087142742991,71.90943908691406,2910800,0.0,0.0
2023-10-26 00:00:00-04:00,72.17624447684648,72.86227727062993,71.70936387475324,71.95709228515625,1687000,0.0,0.0
2023-10-27 00:00:00-04:00,71.68077242470336,72.995663620436,71.61407520324124,72.54783630371094,2331100,0.0,0.0
2023-10-30 00:00:00-04:00,73.0814180215798,73.34344543056248,72.20482384375798,72.92897033691406,1942500,0.0,0.0
2023-10-31 00:00:00-04:00,72.9670773248843,73.74839071882519,72.86226637098783,73.56735229492188,2165100,0.0,0.0
2023-11-01 00:00:00-04:00,73.73886417224911,74.02471356440957,72.62406462783693,73.18622589111328,2392200,0.0,0.0
2023-11-02 00:00:00-04:00,74.20573077247722,75.0537412684332,73.85319149382514,74.93940734863281,1974400,0.0,0.0
2023-11-03 00:00:00-04:00,75.88270744539693,76.78788500755111,75.8055276787978,76.04468536376953,2600600,0.0,0.0
2023-11-06 00:00:00-05:00,75.89223571429825,76.76882977025235,75.69214406692512,76.53062438964844,2205100,0.0,0.0
2023-11-07 00:00:00-05:00,76.14950439653056,76.55921799612642,75.78743478713629,76.10186767578125,1841700,0.0,0.0
2023-11-08 00:00:00-05:00,76.1590200102862,77.36910007262829,75.96845862501135,77.03561401367188,2355500,0.0,0.0
2023-11-09 00:00:00-05:00,77.369102084322,77.67400467036012,76.69259969872024,76.84505462646484,1762100,0.0,0.0
2023-11-10 00:00:00-05:00,77.05467352158081,78.41720849015712,76.83552138883113,78.15994262695312,2053400,0.0,0.0
2023-11-13 00:00:00-05:00,77.97891226714508,78.27429189126788,77.37863730684333,77.92174530029297,1250800,0.0,0.0
2023-11-14 00:00:00-05:00,79.08417346955841,80.2275562023021,78.54106558108764,79.97982788085938,2133500,0.0,0.0
2023-11-15 00:00:00-05:00,80.17992321426523,80.64680367035307,79.6272850510467,79.65586853027344,1852100,0.0,0.0
2023-11-16 00:00:00-05:00,79.6367429757252,80.48821647958066,79.60804276984148,80.28730773925781,1426900,0.34,0.0
2023-11-17 00:00:00-05:00,80.77523894337662,80.99528603619834,80.41169081082046,80.88047790527344,1775300,0.0,0.0
2023-11-20 00:00:00-05:00,80.88047177326612,81.39709737455382,80.03856744105845,81.12921905517578,1667500,0.0,0.0
2023-11-21 00:00:00-05:00,80.94744416527833,81.58843978022108,80.70348510861304,81.22489166259766,1346200,0.0,0.0
2023-11-22 00:00:00-05:00,81.45448498794498,81.69366306397234,80.93785946782963,81.26314544677734,1003300,0.0,0.0
2023-11-24 00:00:00-05:00,80.72739197806699,81.55973441740592,80.63172219517594,81.35882568359375,788800,0.0,0.0
2023-11-27 00:00:00-05:00,80.78479805151402,81.7319412914914,80.57432015393317,81.51189422607422,1423100,0.0,0.0
2023-11-28 00:00:00-05:00,81.46406778216067,81.47363695056049,80.59345593619891,80.65086364746094,1637800,0.0,0.0
2023-11-29 00:00:00-05:00,81.20575291576729,81.52146978689736,80.60302667926743,80.6795654296875,1714500,0.0,0.0
2023-11-30 00:00:00-05:00,80.89005624448916,82.15291663127917,80.35429220523953,82.07637786865234,2903000,0.0,0.0
2023-12-01 00:00:00-05:00,82.08593048165372,83.1957131193418,81.83240226833605,82.99480438232422,1662500,0.0,0.0
2023-12-04 00:00:00-05:00,82.40164865265221,83.49230036710262,82.38729854844661,83.4636001586914,1516500,0.0,0.0
2023-12-05 00:00:00-05:00,83.14788831341095,83.45403602672843,81.98069787540761,82.12419891357422,1803700,0.0,0.0
2023-12-06 00:00:00-05:00,82.58341657198879,83.17658090560535,82.24856868169582,82.7077865600586,2032700,0.0,0.0
2023-12-07 00:00:00-05:00,83.06178450911209,83.4157707854586,82.49732759997485,82.9087142944336,1678700,0.0,0.0
2023-12-08 00:00:00-05:00,82.94697597090021,83.9706581173764,82.94697597090021,83.71234893798828,3062900,0.0,0.0
2023-12-11 00:00:00-05:00,83.85584610946349,84.68818125370555,83.71233778486211,84.67861938476562,1447900,0.0,0.0
2023-12-12 00:00:00-05:00,84.85083627977727,85.46313171258092,84.45858064047074,85.18568420410156,1616400,0.0,0.0
2023-12-13 00:00:00-05:00,85.20480241970743,85.96060607751251,84.64034561781669,85.53965759277344,3047400,0.0,0.0
2023-12-14 00:00:00-05:00,86.25719908720366,87.08953425778967,85.912782016914,86.7451171875,3603800,0.0,0.0
2023-12-15 00:00:00-05:00,86.36243538440189,86.61118268167715,85.84102881632296,86.28590393066406,5291100,0.0,0.0
2023-12-18 00:00:00-05:00,86.25720625835247,86.32417584430216,85.01347703455822,85.61620330810547,3078700,0.0,0.0
2023-12-19 00:00:00-05:00,85.99889250066244,86.48681795607013,85.59707497227382,85.93192291259766,2702800,0.0,0.0
2023-12-20 00:00:00-05:00,85.45355612359324,85.98931276226169,84.4011738837216,84.44900512695312,1995800,0.0,0.0
2023-12-21 00:00:00-05:00,85.09956696892085,85.34831424225783,84.27679370253715,84.57337951660156,2394000,0.0,0.0
2023-12-22 00:00:00-05:00,84.83170676766596,85.59707978786892,84.48728963848845,85.2526626586914,1628300,0.0,0.0
2023-12-26 00:00:00-05:00,85.31005046227655,85.965403477351,84.69775505633419,85.75013732910156,1788800,0.0,0.0
2023-12-27 00:00:00-05:00,85.7596953811658,86.29545196713408,85.56356759553954,85.73099517822266,1421600,0.0,0.0
2023-12-28 00:00:00-05:00,85.6736055458614,86.10412324241872,85.54922825195248,85.78840637207031,908900,0.0,0.0
2023-12-29 00:00:00-05:00,85.68316940828048,86.02758649319226,85.47269148981914,85.5970687866211,1091700,0.0,0.0
2024-01-02 00:00:00-05:00,84.55424275720871,85.29091542298244,84.24809506859975,84.60208129882812,1660600,0.0,0.0
2024-01-03 00:00:00-05:00,84.33420645908708,84.54468437226762,83.6836416815913,83.85585021972656,2146300,0.0,0.0
2024-01-04 00:00:00-05:00,84.17156867061568,84.5925172057471,83.7888822121113,83.88455200195312,2128300,0.0,0.0
2024-01-05 00:00:00-05:00,83.7027702328134,84.25766520577906,83.49229232588597,83.72190856933594,1930600,0.0,0.0
2024-01-08 00:00:00-05:00,83.74103703888535,84.13329263506503,83.44445852411101,83.76973724365234,3187600,0.0,0.0
2024-01-09 00:00:00-05:00,83.24354460774558,83.42531499299595,82.67908051897851,83.1383056640625,2953900,0.0,0.0
2024-01-10 00:00:00-05:00,82.91826142969637,83.4683754356851,82.7364910382633,83.23397827148438,5041500,0.0,0.0
2024-01-11 00:00:00-05:00,83.23397116262596,83.36312936853285,82.00938057085364,82.3920669555664,3190300,0.0,0.0
2024-01-12 00:00:00-05:00,82.77475845718975,82.92592357985471,82.0093928720966,82.47817993164062,2387800,0.0,0.0
2024-01-16 00:00:00-05:00,82.09550277577641,83.05221533971418,81.93286339170001,82.9087142944336,1929100,0.0,0.0
2024-01-17 00:00:00-05:00,82.1624700569343,82.58342590897446,81.72238316577295,81.75108337402344,1864200,0.0,0.0
2024-01-18 00:00:00-05:00,81.90416209444759,83.31053071261282,81.90416209444759,83.20529174804688,2168600,0.0,0.0
2024-01-19 00:00:00-05:00,83.367921601111,84.20026405323199,82.6599564378813,83.98021697998047,2025200,0.0,0.0
2024-01-22 00:00:00-05:00,84.20983987132787,84.77430410108701,84.05676965082331,84.13330841064453,1599700,0.0,0.0
2024-01-23 00:00:00-05:00,84.54469108946049,84.86996985448376,83.86542605149643,84.51598358154297,1760900,0.0,0.0
2024-01-24 00:00:00-05:00,85.05175287871204,85.05653381409428,84.16200985536786,84.20027923583984,2174100,0.0,0.0
2024-01-25 00:00:00-05:00,84.96564158369246,85.4535670414686,84.55425488382976,85.12828826904297,1747300,0.0,0.0
2024-01-26 00:00:00-05:00,85.24309022779921,85.52053775453089,84.66428319891891,84.7934341430664,1640100,0.0,0.0
2024-01-29 00:00:00-05:00,84.49684737921136,85.54922966528855,84.44900883474268,85.45355987548828,1485400,0.0,0.0
2024-01-30 00:00:00-05:00,85.30048341284662,86.10411834716797,84.95606635552701,86.10411834716797,2581000,0.0,0.0
2024-01-31 00:00:00-05:00,87.20911140650847,88.13712353588782,84.075877061145,84.61164093017578,4270400,0.0,0.0
2024-02-01 00:00:00-05:00,85.28135281339797,85.70230865478516,83.77931446015585,85.70230865478516,3526400,0.0,0.0
2024-02-02 00:00:00-05:00,85.92234503529271,87.30479426956171,85.42485775996352,87.03213500976562,2051500,0.0,0.0
2024-02-05 00:00:00-05:00,86.10412339859519,87.27131379474919,85.99888444162151,86.95559692382812,1580000,0.0,0.0
2024-02-06 00:00:00-05:00,87.28087908666868,87.99841341645369,86.92689285628553,87.96014404296875,1546500,0.0,0.0
2024-02-07 00:00:00-05:00,87.92187790353675,88.448065385252,87.52006041586979,87.79750061035156,2226200,0.0,0.0
2024-02-08 00:00:00-05:00,87.68270463558488,87.83577484448651,86.55378356077821,86.93647003173828,1441200,0.0,0.0
2024-02-09 00:00:00-05:00,86.9364661319938,87.1469367474002,86.3720019703422,87.13737487792969,2087200,0.0,0.0
2024-02-12 00:00:00-05:00,86.99386010421586,87.68747514459622,86.99386010421586,87.3861083984375,1942000,0.0,0.0
2024-02-13 00:00:00-05:00,86.87905015593563,87.00342743859215,85.50138927210693,86.19021606445312,1871800,0.0,0.0
2024-02-14 00:00:00-05:00,86.85993161161268,86.98430161301943,86.31460576061795,86.89820098876953,1668500,0.0,0.0
2024-02-15 00:00:00-05:00,87.74326494246341,88.5979377004488,87.33033258426897,88.55952453613281,2604600,0.34,0.0
2024-02-16 00:00:00-05:00,88.60753866711646,89.10690249453035,87.54160445709533,87.61842346191406,1967600,0.0,0.0
2024-02-20 00:00:00-05:00,87.20548665385756,87.73365849703706,86.90779379309923,87.40715026855469,2790000,0.0,0.0
2024-02-21 00:00:00-05:00,87.77207738211511,88.0985783053183,87.20549233826645,88.04096221923828,2771000,0.0,0.0
2024-02-22 00:00:00-05:00,89.06849005693687,89.24134564067589,88.01695253307132,88.74198913574219,1785100,0.0,0.0
2024-02-23 00:00:00-05:00,89.0300683450071,90.11041380803394,88.97245226481203,89.80791473388672,1671400,0.0,0.0
2024-02-26 00:00:00-05:00,89.40459361445184,90.19204517923475,89.2893614462059,90.09601593017578,1613400,0.0,0.0
2024-02-27 00:00:00-05:00,90.39370935356169,90.54736201424627,89.51983365724499,90.12482452392578,1356200,0.0,0.0
2024-02-28 00:00:00-05:00,90.1248230393195,91.30600403754804,90.01918866847947,91.15235137939453,1501700,0.0,0.0
2024-02-29 00:00:00-05:00,91.60370471126846,91.77656030314144,90.82585821112139,91.51728057861328,2401600,0.0,0.0
2024-03-01 00:00:00-05:00,91.41164603566935,92.02624206644053,90.89307926097568,91.88219451904297,1698900,0.0,0.0
2024-03-04 00:00:00-05:00,91.80535470720304,92.03582635327002,91.39242237277884,91.60369110107422,1292300,0.0,0.0
2024-03-05 00:00:00-05:00,91.44043889967804,91.69971858070018,90.25925799898266,90.78742980957031,1491400,0.0,0.0
2024-03-06 00:00:00-05:00,91.22917565672583,91.89178990862709,90.99870400124088,91.41163635253906,1086800,0.0,0.0
2024-03-07 00:00:00-05:00,91.83417098428284,93.2554288033935,91.62290956359972,93.09217834472656,1659500,0.0,0.0
2024-03-08 00:00:00-05:00,93.2746300593994,93.80280191809308,92.94812914788842,93.7547836303711,2389600,0.0,0.0
2024-03-11 00:00:00-04:00,93.54351866511053,93.99485685039137,92.05024082296991,92.48717498779297,1880400,0.0,0.0
2024-03-12 00:00:00-04:00,92.60241441520137,93.76918403086279,92.31431935311714,93.58192443847656,1450700,0.0,0.0
2024-03-13 00:00:00-04:00,93.60113668690184,94.4654145650919,92.96733046737516,94.398193359375,2716500,0.0,0.0
2024-03-14 00:00:00-04:00,94.5230189948786,95.05119077936868,93.91802821801261,94.58063507080078,3307100,0.0,0.0
2024-03-15 00:00:00-04:00,93.78359367125219,94.89754608281248,93.78359367125219,94.59024810791016,4137700,0.0,0.0
2024-03-18 00:00:00-04:00,94.92635254792894,95.2480545376787,94.08128496261146,94.14850616455078,1438100,0.0,0.0
2024-03-19 00:00:00-04:00,94.39819625998346,94.91675567626953,94.24454359844525,94.91675567626953,1596300,0.0,0.0
2024-03-20 00:00:00-04:00,94.77271783437496,95.49294821858214,94.37418947592619,95.38731384277344,1709600,0.0,0.0
2024-03-21 00:00:00-04:00,95.45454508867054,96.34282492665226,95.03104776124123,96.24199676513672,1816400,0.0,0.0
2024-03-22 00:00:00-04:00,96.36682392307704,96.36682392307704,95.20485311596704,95.39691162109375,1231000,0.0,0.0
2024-03-25 00:00:00-04:00,95.51213762451923,95.88665678519148,94.93595486398969,95.10881042480469,1658000,0.0,0.0
2024-03-26 00:00:00-04:00,95.10881732359243,95.62738404365201,94.715087890625,94.715087890625,1808600,0.0,0.0
2024-03-27 00:00:00-04:00,95.21445356767433,95.9154736708987,95.05120311366997,95.89627075195312,1501600,0.0,0.0
2024-03-28 00:00:00-04:00,96.0307087943704,96.07392085495307,95.15682582759204,95.32968139648438,1587500,0.0,0.0
2024-04-01 00:00:00-04:00,95.16643229467729,95.61777780463852,94.64786558067259,94.657470703125,1226800,0.0,0.0
2024-04-02 00:00:00-04:00,94.40778763103002,94.61425746509941,93.82199972026798,93.8700180053711,1411900,0.0,0.0
2024-04-03 00:00:00-04:00,93.87002039319687,94.64786681103456,93.65875165586765,94.35017395019531,1374000,0.0,0.0
2024-04-04 00:00:00-04:00,94.974384293381,95.15683768075559,93.26503863616728,93.3226547241211,1879900,0.0,0.0
2024-04-05 00:00:00-04:00,93.6395542316363,94.00446831880443,93.11138235732244,93.88922882080078,1595500,0.0,0.0
2024-04-08 00:00:00-04:00,94.2253398392159,94.43660125710477,93.52431239867975,94.13890838623047,1449500,0.0,0.0
2024-04-09 00:00:00-04:00,94.37898425223558,95.2240592217964,93.40907199242693,95.1856460571289,1718800,0.0,0.0
2024-04-10 00:00:00-04:00,93.8796371766357,94.44141602891544,93.38987843622665,93.43789672851562,1238000,0.0,0.0
2024-04-11 00:00:00-04:00,93.52431130199324,94.15811752791394,93.08257089903124,94.08129119873047,1475000,0.0,0.0
2024-04-12 00:00:00-04:00,93.28422885140401,93.45900397741391,91.83416311404265,92.34313201904297,1537300,0.0,0.0
2024-04-15 00:00:00-04:00,93.77398524270204,93.93243678572217,91.80535285233711,92.23749542236328,1475800,0.0,0.0
2024-04-16 00:00:00-04:00,92.0646460873839,92.58321281055697,91.28199344131318,92.17028045654297,1192700,0.0,0.0
2024-04-17 00:00:00-04:00,92.78487099153872,92.78487099153872,90.71060422034304,91.19075775146484,2506100,0.0,0.0
2024-04-18 00:00:00-04:00,91.48846116907501,92.46797858863529,91.45965312612834,91.6997299194336,1967000,0.0,0.0
2024-04-19 00:00:00-04:00,92.10305695588107,92.46797101425119,91.1715579019092,91.33480834960938,2339700,0.0,0.0
2024-04-22 00:00:00-04:00,91.64210710727883,93.02495167972023,91.38282741322693,92.46797180175781,2007000,0.0,0.0
2024-04-23 00:00:00-04:00,92.79447347109121,93.84121203158567,92.61873855930475,93.60113525390625,2074800,0.0,0.0
2024-04-24 00:00:00-04:00,93.06337543366621,93.06337543366621,89.3277736384685,89.66388702392578,4222900,0.0,0.0
2024-04-25 00:00:00-04:00,89.92315947934905,90.22085234651406,88.8860260158192,89.32776641845703,2219300,0.0,0.0
2024-04-26 00:00:00-04:00,89.30856234895329,89.97117660765501,88.46349471912764,88.54031372070312,2314100,0.0,0.0
2024-04-29 00:00:00-04:00,88.79000394423699,90.09602233871001,88.51151397356351,89.66388702392578,1714800,0.0,0.0
2024-04-30 00:00:00-04:00,89.23173893656592,89.58705522089032,87.51278825277295,87.58000946044922,1997800,0.0,0.0
2024-05-01 00:00:00-04:00,87.66643802121274,89.14531186785246,86.9750157213228,87.8008804321289,1937400,0.0,0.0
2024-05-02 00:00:00-04:00,88.21381182091386,88.43467835361513,87.42636028279271,88.12738037109375,1958100,0.0,0.0
2024-05-03 00:00:00-04:00,88.82842273205031,89.44301880050378,88.2042215394314,88.46350860595703,1788700,0.0,0.0
2024-05-06 00:00:00-04:00,88.98205637880933,89.42379675060995,88.58832696444009,89.39498138427734,1319600,0.0,0.0
2024-05-07 00:00:00-04:00,89.94236437110523,90.47052886765063,89.53902983047739,90.1632308959961,1705900,0.0,0.0
2024-05-08 00:00:00-04:00,89.95195946828538,90.90266872135759,89.92315142908222,90.76821899414062,1664900,0.0,0.0
2024-05-09 00:00:00-04:00,90.81625412570467,92.36234934664216,90.79705120486044,92.3143310546875,1800300,0.0,0.0
2024-05-10 00:00:00-04:00,92.76568071610654,93.32266069047778,92.44877755897502,93.24583435058594,2485500,0.0,0.0
2024-05-13 00:00:00-04:00,93.4090822157399,93.60114806009834,92.15588097173206,92.75607299804688,1746900,0.0,0.0
2024-05-14 00:00:00-04:00,93.33224998834356,93.92763570513868,92.82328839434963,93.21701049804688,1606900,0.0,0.0
2024-05-15 00:00:00-04:00,93.43788061292318,94.33096647889968,92.83288247130461,93.40906524658203,2144400,0.0,0.0
2024-05-16 00:00:00-04:00,93.32230318216435,93.71761027697357,92.71969507247174,93.10054016113281,2517300,0.39,0.0
2024-05-17 00:00:00-04:00,93.33194756148437,93.36087157396346,92.70523365223194,93.32230377197266,1627100,0.0,0.0
2024-05-20 00:00:00-04:00,93.42836202375287,93.7127912837174,92.94627553999362,93.60191345214844,1288500,0.0,0.0
2024-05-21 00:00:00-04:00,93.31265586476779,94.68177967277242,92.81128917312375,94.63357543945312,1869700,0.0,0.0
2024-05-22 00:00:00-04:00,94.28647060485129,95.173507924625,93.82366436719879,95.16386413574219,2101100,0.0,0.0
2024-05-23 00:00:00-04:00,95.45311425484033,95.45311425484033,93.16802190177184,93.65010833740234,2439700,0.0,0.0
2024-05-24 00:00:00-04:00,93.97793263205477,94.16112783483281,93.41871059119418,94.07434844970703,1345700,0.0,0.0
2024-05-28 00:00:00-04:00,94.12257130552216,94.2575549376075,91.70249500560998,91.83747863769531,2176200,0.0,0.0
2024-05-29 00:00:00-04:00,91.00829597353919,91.90015901046209,90.81546430093485,91.39396667480469,1668900,0.0,0.0
2024-05-30 00:00:00-04:00,91.49037833178083,93.09090909429969,91.38431870987625,92.93663787841797,2657000,0.0,0.0
2024-05-31 00:00:00-04:00,93.43800081324243,95.896637335219,93.16802621769662,95.64595031738281,7140200,0.0,0.0
2024-06-03 00:00:00-04:00,95.53025832709541,95.68452217503742,93.93937147713262,95.28921508789062,2469100,0.0,0.0
2024-06-04 00:00:00-04:00,94.9613957713599,95.92556876182651,94.82641214117908,95.65560150146484,2059600,0.0,0.0
2024-06-05 00:00:00-04:00,95.95448968188241,97.17899345969971,95.60739418407324,97.16934967041016,1740700,0.0,0.0
2024-06-06 00:00:00-04:00,97.22720241469429,97.22720241469429,95.53026322013592,95.84844207763672,1508200,0.0,0.0
2024-06-07 00:00:00-04:00,95.62667186467253,96.44621738715837,95.01924556458307,95.12530517578125,1916200,0.0,0.0
2024-06-10 00:00:00-04:00,95.03852340815972,95.31331621831143,94.0647067097361,94.2479019165039,2339900,0.0,0.0
2024-06-11 00:00:00-04:00,93.94901135804643,93.98275358498233,92.53167599351555,93.04268646240234,2041200,0.0,0.0
2024-06-12 00:00:00-04:00,94.05507185907013,94.4793029443262,93.21623876540077,93.95864868164062,1617000,0.0,0.0
2024-06-13 00:00:00-04:00,93.66940933030173,94.09364045230079,92.77754635422343,93.94902038574219,1307600,0.0,0.0
2024-06-14 00:00:00-04:00,92.93662247236466,93.73688772096456,92.33980364329346,93.65010833740234,1774300,0.0,0.0
2024-06-17 00:00:00-04:00,93.62118916204976,94.6046496609046,93.24708959789757,93.97793579101562,1590900,0.0,0.0
2024-06-18 00:00:00-04:00,93.37050172317666,93.99721559024852,91.23968045997681,93.04268646240234,2647300,0.0,0.0
2024-06-20 00:00:00-04:00,92.69558807025452,93.68868504513185,92.3774092270251,93.13910675048828,1557500,0.0,0.0
2024-06-21 00:00:00-04:00,93.18732427589511,93.21624828965697,92.13637185419012,92.48347473144531,2522400,0.0,0.0
2024-06-24 00:00:00-04:00,92.80165464999652,93.81403927950998,92.41598396465537,93.39944458007812,1355200,0.0,0.0
2024-06-25 00:00:00-04:00,93.33195238265186,93.4910344595044,91.80855722757474,92.23279571533203,1750900,0.0,0.0
2024-06-26 00:00:00-04:00,91.60607885849582,92.60881966197567,91.25897598975064,92.31956481933594,2094500,0.0,0.0
2024-06-27 00:00:00-04:00,92.16530104644335,92.87879442092162,91.78927413429847,92.56061553955078,1391000,0.0,0.0
2024-06-28 00:00:00-04:00,93.10054204052184,93.65976414305887,91.96281761221309,92.81129455566406,4754300,0.0,0.0
2024-07-01 00:00:00-04:00,93.1487561486219,93.26927777624861,91.38431775471322,91.54822540283203,2967400,0.0,0.0
2024-07-02 00:00:00-04:00,91.40359714672213,92.78236473750601,91.34574176852557,92.51239013671875,1793100,0.0,0.0
2024-07-03 00:00:00-04:00,92.90771022627285,93.70797557619461,92.7727265956904,93.05233764648438,1317700,0.0,0.0
2024-07-05 00:00:00-04:00,92.85949458796478,93.40907287597656,92.19422025366998,93.40907287597656,1640000,0.0,0.0
2024-07-08 00:00:00-04:00,93.85259078826495,94.47930467274362,93.51513172925512,93.91044616699219,1822600,0.0,0.0
2024-07-09 00:00:00-04:00,93.63083070164441,93.96828974469145,92.78236119968967,92.85948944091797,2927000,0.0,0.0
2024-07-10 00:00:00-04:00,92.7534430558077,93.51417699304167,92.4641955588442,93.39944458007812,1860100,0.0,0.0
2024-07-11 00:00:00-04:00,93.83331417881328,96.20517882838944,93.49585510681068,95.68452453613281,2191600,0.0,0.0
2024-07-12 00:00:00-04:00,96.41730603419562,97.21660779630878,96.11841473942775,96.61978149414062,1393900,0.0,0.0
2024-07-15 00:00:00-04:00,96.65834288542098,96.90902992417116,95.7230939019796,95.87736511230469,2214300,0.0,0.0
2024-07-16 00:00:00-04:00,95.99305557117783,96.57156522013524,95.04817020918483,96.05091094970703,2564400,0.0,0.0
2024-07-17 00:00:00-04:00,95.80023772360796,96.88975065476215,95.26993958770377,95.3856430053711,1881100,0.0,0.0
2024-07-18 00:00:00-04:00,94.67214101059083,96.68725887486092,94.67214101059083,95.17350769042969,2870900,0.0,0.0
2024-07-19 00:00:00-04:00,95.42420252037628,95.54954236158318,93.95865544815084,94.22863006591797,2410600,0.0,0.0
2024-07-22 00:00:00-04:00,95.23135506706508,95.94484831669791,93.83330729023643,95.90628051757812,1739600,0.0,0.0
2024-07-23 00:00:00-04:00,95.71345244952589,96.15215293903721,94.72035541599047,94.85533905029297,2340700,0.0,0.0
2024-07-24 00:00:00-04:00,86.97321707667926,90.24658079286245,86.97321707667926,88.15432739257812,5838200,0.0,0.0
2024-07-25 00:00:00-04:00,88.22182282418325,91.58678427985815,87.55654115058766,89.69700622558594,4281200,0.0,0.0
2024-07-26 00:00:00-04:00,90.53584842660716,90.64190804773376,88.50144275744229,90.13089752197266,2466100,0.0,0.0
2024-07-29 00:00:00-04:00,90.06339664573686,90.6226113528179,89.38847118317528,89.69700622558594,1466500,0.0,0.0
2024-07-30 00:00:00-04:00,90.14051565921162,91.00827267590357,89.62950523717494,90.45869445800781,2026300,0.0,0.0
2024-07-31 00:00:00-04:00,91.22041662300138,91.97728867341564,90.81064011737527,91.1143569946289,2060800,0.0,0.0
2024-08-01 00:00:00-04:00,91.11434807513538,91.52894275744438,90.00072944229716,90.92151641845703,2687900,0.0,0.0
2024-08-02 00:00:00-04:00,90.25623493089,91.27825595482778,89.28241814321831,90.91187286376953,3107000,0.0,0.0
2024-08-05 00:00:00-04:00,89.51382169339723,91.63500679955021,89.22457419441491,90.07304382324219,3733300,0.0,0.0
2024-08-06 00:00:00-04:00,90.40086746619578,91.71696162322212,89.87056934487408,90.04412078857422,3123200,0.0,0.0
2024-08-07 00:00:00-04:00,90.83473285000505,91.7796255788475,89.03172678307739,89.15707397460938,2143600,0.0,0.0
2024-08-08 00:00:00-04:00,89.84163073782526,90.00553836468156,88.91120006809544,89.31133270263672,2477800,0.0,0.0
2024-08-09 00:00:00-04:00,89.21493114156225,90.17428597451446,88.61714855842486,90.05376434326172,1554300,0.0,0.0
2024-08-12 00:00:00-04:00,90.09233629639412,90.12607852954916,88.84855212186754,88.98353576660156,1499000,0.0,0.0
2024-08-13 00:00:00-04:00,89.33062684960589,90.02483256270483,88.27003805728513,89.1088638305664,1722600,0.0,0.0
2024-08-14 00:00:00-04:00,89.04137412824416,89.75486008093172,88.66534725074285,88.80997467041016,1830200,0.0,0.0
2024-08-15 00:00:00-04:00,89.67773565803212,90.16945860739938,88.83890247302186,89.87056732177734,2539600,0.0,0.0
2024-08-16 00:00:00-04:00,89.49295717689489,90.28690067285592,88.999160799235,89.19281005859375,1675000,0.39,0.0
2024-08-19 00:00:00-04:00,89.27026286035748,89.72532938861788,88.9701157404257,89.71565246582031,2293900,0.0,0.0
2024-08-20 00:00:00-04:00,89.7156511550729,90.11261920592838,88.98463721151873,89.80278778076172,1521800,0.0,0.0
2024-08-21 00:00:00-04:00,90.18039882035501,91.0033878894472,89.93350431571662,90.9743423461914,1360900,0.0,0.0
2024-08-22 00:00:00-04:00,91.10988875603805,91.27448508454486,90.44568990146078,90.7419662475586,974700,0.0,0.0
2024-08-23 00:00:00-04:00,91.17766527321328,91.7682825881601,90.76132859852885,91.20671081542969,1063300,0.0,0.0
2024-08-26 00:00:00-04:00,91.52622123892486,91.71018617823144,90.3353097554231,90.67418670654297,1085700,0.0,0.0
2024-08-27 00:00:00-04:00,90.45150123100306,90.76133267349537,90.0545331579493,90.17071533203125,1301400,0.0,0.0
2024-08-28 00:00:00-04:00,90.25785329140373,90.87751613479627,89.96738310176683,90.44181823730469,978500,0.0,0.0
2024-08-29 00:00:00-04:00,91.01306128250258,91.76827486442198,90.28689324035496,90.84846496582031,1194900,0.0,0.0
2024-08-30 00:00:00-04:00,91.06148186562162,91.68598317567107,90.40308916547141,91.68114471435547,1765400,0.0,0.0
2024-09-03 00:00:00-04:00,90.99369938086096,92.24270190361985,90.34498365389912,92.01033020019531,2363200,0.0,0.0
2024-09-04 00:00:00-04:00,91.93288596727045,92.63969289223837,90.751658633775,91.26481628417969,1443200,0.0,0.0
2024-09-05 00:00:00-04:00,91.1679968631099,91.36163875394293,88.95076249433802,89.49296569824219,1153000,0.0,0.0
2024-09-06 00:00:00-04:00,89.34771584840809,90.34014699589267,88.27783238954511,88.52472686767578,1861600,0.0,0.0
2024-09-09 00:00:00-04:00,89.18312898639344,89.59946567542362,88.45696085810577,88.76679229736328,2121000,0.0,0.0
2024-09-10 00:00:00-04:00,89.15408739347076,89.56073979045865,88.77163469226002,89.22186279296875,1326300,0.0,0.0
2024-09-11 00:00:00-04:00,89.18312576640061,89.86087970687952,87.4693649088178,89.5510482788086,1486900,0.0,0.0
2024-09-12 00:00:00-04:00,89.57041649455392,89.85120237919087,88.44243449465455,89.77374267578125,1763200,0.0,0.0
2024-09-13 00:00:00-04:00,90.1126180539038,91.43908775026517,89.78342540066942,91.18734741210938,1306700,0.0,0.0
2024-09-16 00:00:00-04:00,91.67146627872658,92.44604858275817,91.2744908164952,91.79733276367188,1829000,0.0,0.0
2024-09-17 00:00:00-04:00,91.83606330870619,93.24483128362058,91.83606330870619,93.03665924072266,1901200,0.0,0.0
2024-09-18 00:00:00-04:00,93.43361651410447,93.43361651410447,90.8581371141911,91.00337219238281,2484900,0.0,0.0
2024-09-19 00:00:00-04:00,92.15557778596181,93.39490355495968,91.37615702526115,93.31744384765625,2244800,0.0,0.0
2024-09-20 00:00:00-04:00,92.71713555648071,93.11410356916687,92.02485153100743,92.48475646972656,7946600,0.0,0.0
2024-09-23 00:00:00-04:00,92.53318895710233,93.82092895018869,92.2524030452062,93.19158172607422,2607700,0.0,0.0
2024-09-24 00:00:00-04:00,94.6148723054543,96.59005060789518,94.6148723054543,95.78642272949219,3969500,0.0,0.0
2024-09-25 00:00:00-04:00,95.95100084829267,96.74979011315162,95.43300482832038,96.37702178955078,1982600,0.0,0.0
2024-09-26 00:00:00-04:00,98.27475012772852,100.67110339482961,98.05205532545081,100.09500885009766,3515300,0.0,0.0
2024-09-27 00:00:00-04:00,100.6953118784405,101.8910692979541,100.34191213106322,101.11164855957031,3657100,0.0,0.0
2024-09-30 00:00:00-04:00,101.12133437357865,101.36339041534845,99.94978401784854,100.63722229003906,3276300,0.0,0.0
2024-10-01 00:00:00-04:00,100.78245719250327,100.78245719250327,98.76371054661851,100.47262573242188,2712100,0.0,0.0
2024-10-02 00:00:00-04:00,100.20152799471151,101.7603696659811,99.48988256274214,101.47958374023438,2778400,0.0,0.0
2024-10-03 00:00:00-04:00,101.3052948080704,102.04114726421749,100.6081795931022,100.98578643798828,2843600,0.0,0.0
2024-10-04 00:00:00-04:00,101.79908243839711,101.81845105731657,100.23055671928843,101.23751068115234,1506000,0.0,0.0
2024-10-07 00:00:00-04:00,100.78245893493677,101.63450100511514,100.22089448236855,100.71468353271484,1451800,0.0,0.0
2024-10-08 00:00:00-04:00,99.41726446177057,100.59849920701639,97.2484442499055,97.93588256835938,2269100,0.0,0.0
2024-10-09 00:00:00-04:00,97.90684151055638,99.76583034878443,97.66962390347844,99.63027954101562,1591800,0.0,0.0
2024-10-10 00:00:00-04:00,99.23329796917457,99.9497892086376,98.45194179400701,99.70773315429688,1817900,0.0,0.0
2024-10-11 00:00:00-04:00,99.97882825632215,102.01693596472862,99.97882825632215,100.72435760498047,2408400,0.0,0.0
2024-10-14 00:00:00-04:00,100.50166834614375,102.73148250524339,100.06596305244216,101.9733657836914,2794600,0.0,0.0
2024-10-15 00:00:00-04:00,102.42843599821093,102.63176218780768,101.11165053390079,101.16006469726562,2350400,0.0,0.0
2024-10-16 00:00:00-04:00,100.8502421281576,102.12829785158057,100.6953227013355,101.78941345214844,2132700,0.0,0.0
2024-10-17 00:00:00-04:00,102.21542836794156,102.95128082735154,101.60544978202799,101.86686706542969,1657100,0.0,0.0
2024-10-18 00:00:00-04:00,102.48652193979578,102.76730782189497,101.90558894340194,102.64144134521484,1135200,0.0,0.0
2024-10-21 00:00:00-04:00,102.19606037538061,102.873814314905,101.6441729140639,102.16700744628906,1091000,0.0,0.0
2024-10-22 00:00:00-04:00,101.86685876182524,101.86685876182524,99.63510187011781,99.6883544921875,2339900,0.0,0.0
2024-10-23 00:00:00-04:00,99.51407014661962,100.0659575788825,99.00091256414262,99.5915298461914,1722000,0.0,0.0
2024-10-24 00:00:00-04:00,99.27202911100335,99.98367451094613,98.5845907942013,99.2332992553711,1430500,0.0,0.0
2024-10-25 00:00:00-04:00,99.71740495999038,99.7367735800437,97.91166895563566,98.0423812866211,1505400,0.0,0.0
2024-10-28 00:00:00-04:00,98.78792072436791,99.25267162253031,97.88747186108728,98.22634887695312,1492600,0.0,0.0
2024-10-29 00:00:00-04:00,97.65508364387989,98.75402006940865,97.43238884987036,98.14888000488281,2162900,0.0,0.0
2024-10-30 00:00:00-04:00,94.07266004692154,96.54162714704051,93.09475160695585,95.15706634521484,3765300,0.0,0.0
2024-10-31 00:00:00-04:00,94.2082017494652,96.52225660680502,94.18883313202693,95.07959747314453,2425500,0.0,0.0
2024-11-01 00:00:00-04:00,95.37007933219783,97.05478729469077,95.31198824668692,96.28021240234375,3060600,0.0,0.0
2024-11-04 00:00:00-05:00,96.58035952676886,97.12934392313197,95.98974220086107,96.28021240234375,1613600,0.0,0.0
2024-11-05 00:00:00-05:00,96.27051105127909,97.7228470276816,96.12527597624629,96.9773178100586,1622400,0.0,0.0
2024-11-06 00:00:00-05:00,99.35916312999878,99.35916312999878,95.57340322642717,97.36461639404297,2935000,0.0,0.0
2024-11-07 00:00:00-05:00,97.88745596156151,98.77822036914361,97.59699316098322,97.7325439453125,1662200,0.0,0.0
2024-11-08 00:00:00-05:00,97.2097089229437,98.4790479242768,96.75464237748949,96.8514633178711,2689000,0.0,0.0
2024-11-11 00:00:00-05:00,97.26779791668422,98.57489905111912,97.26779791668422,98.29411315917969,1612600,0.0,0.0
2024-11-12 00:00:00-05:00,98.2747582565262,98.48776876668128,96.43513076250866,96.56100463867188,2451400,0.0,0.0
2024-11-13 00:00:00-05:00,96.38672267838572,97.6163641699493,96.18338909456261,97.20002746582031,2324300,0.0,0.0
2024-11-14 00:00:00-05:00,97.0644806051796,97.587322584152,96.53195431540269,96.55132293701172,1980700,0.0,0.0
2024-11-15 00:00:00-05:00,96.58047993328476,97.41642267865969,95.90977978698051,96.32775115966797,1855200,0.39,0.0
2024-11-18 00:00:00-05:00,95.92921161666219,98.1940256941505,95.92921161666219,97.95101928710938,1851400,0.0,0.0
2024-11-19 00:00:00-05:00,97.39696761312148,98.34955601754345,96.97899628505377,97.4747314453125,1755100,0.0,0.0
2024-11-20 00:00:00-05:00,97.65941629310757,97.91214503353478,95.96322889795947,96.90123748779297,1881900,0.0,0.0
2024-11-21 00:00:00-05:00,97.0859273065291,97.72746784841574,96.3763526761042,97.15396881103516,2564100,0.0,0.0
2024-11-22 00:00:00-05:00,97.14424865148024,98.96193192347758,97.11508906768931,98.3689956665039,1820000,0.0,0.0
2024-11-25 00:00:00-05:00,98.89388275005142,99.96797430414529,98.85014337775849,99.59374237060547,2311800,0.0,0.0
2024-11-26 00:00:00-05:00,99.34102391703414,99.56459309183275,98.60228972197699,99.11746215820312,1179800,0.0,0.0
2024-11-27 00:00:00-05:00,99.22438283699452,100.12350213817697,98.8647306669411,99.65206909179688,1373400,0.0,0.0
2024-11-29 00:00:00-05:00,99.4285125216308,100.3227744107904,99.11746458557668,100.09921264648438,1060600,0.0,0.0
2024-12-02 00:00:00-05:00,100.12837500396256,100.34222185641443,98.47592677245055,98.95222473144531,1444500,0.0,0.0
2024-12-03 00:00:00-05:00,99.11745706047904,99.26326239167767,97.75759115427428,98.23291015625,1352200,0.0,0.0
2024-12-04 00:00:00-05:00,98.19403330541087,98.61200465455826,97.5233406128479,98.30095672607422,1210100,0.0,0.0
2024-12-05 00:00:00-05:00,96.95955670540401,97.76633975907555,96.23053748205511,96.34718322753906,1989300,0.0,0.0
2024-12-06 00:00:00-05:00,97.03733066696662,97.6302669571403,96.53187313306393,97.00817108154297,1475700,0.0,0.0
2024-12-09 00:00:00-05:00,97.69830319407465,98.7772522923818,97.47473402460139,98.04823303222656,1864500,0.0,0.0
2024-12-10 00:00:00-05:00,97.23173518926455,97.9801991743508,96.07502216647745,97.26089477539062,1915000,0.0,0.0
2024-12-11 00:00:00-05:00,97.35810093861025,98.00935639963154,96.04586026680268,96.2208251953125,1587200,0.0,0.0
2024-12-12 00:00:00-05:00,95.36543008115605,95.73479713116542,94.52948749053313,95.52095031738281,1780100,0.0,0.0
2024-12-13 00:00:00-05:00,95.33628593627395,95.77369455094717,94.61212409343675,95.05439758300781,1471400,0.0,0.0
2024-12-16 00:00:00-05:00,95.27795450697984,95.34599600838135,93.3582052597534,93.49915313720703,2225800,0.0,0.0
2024-12-17 00:00:00-05:00,93.26586904160551,94.4614639937386,92.83040339804455,93.64495849609375,1851200,0.0,0.0
2024-12-18 00:00:00-05:00,93.4505412758406,94.20872006284439,91.1857198314044,91.22460174560547,2215200,0.0,0.0
2024-12-19 00:00:00-05:00,91.26349668919755,92.3716054462452,90.17093921685716,90.27203369140625,2299500,0.0,0.0
2024-12-20 00:00:00-05:00,90.36924208787384,91.42874667688528,90.08735370886026,90.94273376464844,4294200,0.0,0.0
2024-12-23 00:00:00-05:00,90.55391177342398,90.99132034306325,90.2438353583523,90.89411926269531,1220100,0.0,0.0
2024-12-24 00:00:00-05:00,90.72886664388166,91.46760818204828,90.28173575435018,91.37040710449219,442900,0.0,0.0
2024-12-26 00:00:00-05:00,90.91356149590948,91.71062226416569,90.82608274357321,91.51622009277344,605100,0.0,0.0
2024-12-27 00:00:00-05:00,91.03992953038698,91.73006687919835,90.573353936954,90.90383911132812,789700,0.0,0.0
2024-12-30 00:00:00-05:00,90.30118559292092,90.6413930918416,89.37775676331641,89.98041534423828,1957400,0.0,0.0
2024-12-31 00:00:00-05:00,90.20398962775714,90.5539194796347,89.55272676033809,90.01930236816406,865100,0.0,0.0
2025-01-02 00:00:00-05:00,90.77748380074772,91.04964982299816,89.50413244694694,89.65965270996094,1278400,0.0,0.0
2025-01-03 00:00:00-05:00,89.68881474014405,90.66084051236872,89.60133598030853,90.29147338867188,1284700,0.0,0.0
2025-01-06 00:00:00-05:00,90.27202095665182,90.79691567530617,89.57216133177936,89.70824432373047,2037700,0.0,0.0
2025-01-07 00:00:00-05:00,89.49441027260669,90.61224136538681,89.28056342160917,89.54301452636719,2160300,0.0,0.0
2025-01-08 00:00:00-05:00,88.94035590597335,89.33889002215652,87.8419694809267,89.22224426269531,2814100,0.0,0.0
2025-01-10 00:00:00-05:00,88.12385791613981,88.9938176979964,87.98776748866324,88.23077392578125,2227600,0.0,0.0
2025-01-13 00:00:00-05:00,87.94888553166399,88.63902286467821,87.59895569859096,88.60986328125,2870700,0.0,0.0
2025-01-14 00:00:00-05:00,89.05698891422719,89.38261660313566,88.32796970790369,89.21250915527344,1856600,0.0,0.0
2025-01-15 00:00:00-05:00,90.10678116566324,90.79206107724409,89.49440763257242,89.66937255859375,1773000,0.0,0.0
2025-01-16 00:00:00-05:00,90.12622053165471,90.78719827819276,89.48468003532341,90.59278869628906,1425100,0.0,0.0
2025-01-17 00:00:00-05:00,91.36069472629177,92.33272043969492,91.03993187700415,92.1188735961914,1869800,0.0,0.0
2025-01-21 00:00:00-05:00,92.12859338310581,93.06173715226204,91.9730731295635,92.82845306396484,2041000,0.0,0.0
2025-01-22 00:00:00-05:00,92.52713254742527,93.41167211436631,91.63189173885694,92.7215347290039,1927900,0.0,0.0
2025-01-23 00:00:00-05:00,92.82845036206315,94.07264201805752,92.61460353069526,93.50886535644531,2471500,0.0,0.0
2025-01-24 00:00:00-05:00,93.508875464453,94.2281798688026,93.36307753273027,93.96572875976562,1557500,0.0,0.0
2025-01-27 00:00:00-05:00,94.12125117166238,95.20991521940003,93.31446805345135,95.00579071044922,2136900,0.0,0.0
2025-01-28 00:00:00-05:00,94.49062128333038,94.87943306247395,92.78957623854917,93.1881103515625,3229300,0.0,0.0
2025-01-29 00:00:00-05:00,91.43845113539422,94.16984079506899,89.35831687096402,92.00222778320312,3861000,0.0,0.0
2025-01-30 00:00:00-05:00,94.21845529865247,94.28649680383094,91.99251546357371,92.69237518310547,2499600,0.0,0.0
2025-01-31 00:00:00-05:00,92.1869099831909,93.19781755894174,92.04111206704621,92.75068664550781,1789100,0.0,0.0
2025-02-03 00:00:00-05:00,91.36068988336604,92.41047937802554,90.2768833468438,91.905029296875,2002100,0.0,0.0
2025-02-04 00:00:00-05:00,92.27439631448742,92.3715973974141,91.27321107000473,91.78838348388672,1575100,0.0,0.0
2025-02-05 00:00:00-05:00,91.44817604923796,92.22093467059818,90.85621129392773,91.905029296875,1421000,0.0,0.0
2025-02-06 00:00:00-05:00,92.33271538430154,93.37278254405854,92.22579196840404,93.36306762695312,1756300,0.0,0.0
2025-02-07 00:00:00-05:00,93.67412080814073,93.6935580594116,91.88558963654604,92.17720031738281,2284300,0.0,0.0
2025-02-10 00:00:00-05:00,92.99370563978974,93.40681956732827,92.53685233149109,93.37279510498047,1870300,0.0,0.0
2025-02-11 00:00:00-05:00,93.1492282146268,94.25733696222035,92.95481861752488,93.97544860839844,1710400,0.0,0.0
2025-02-12 00:00:00-05:00,93.17837260158497,94.12123859982394,92.82844279984748,94.03375244140625,2178400,0.0,0.0
2025-02-13 00:00:00-05:00,94.53921235238285,95.47721350088507,94.05319955022414,95.27794647216797,2142500,0.0,0.0
2025-02-14 00:00:00-05:00,95.6097641319476,95.68783860476536,94.25325181050287,94.40939331054688,2267800,0.39,0.0
2025-02-18 00:00:00-05:00,94.59481997101577,95.30723651811118,94.35084282340101,95.25843811035156,1647000,0.0,0.0
2025-02-19 00:00:00-05:00,94.86807188039516,95.97084589203517,94.6436170772077,95.93181610107422,1767900,0.0,0.0
2025-02-20 00:00:00-05:00,95.82447400059436,96.79549835508043,95.49266118347322,96.64423370361328,1757200,0.0,0.0
2025-02-21 00:00:00-05:00,96.41977068695121,97.3468808597599,95.575604404384,96.00012969970703,2744900,0.0,0.0
2025-02-24 00:00:00-05:00,96.00012880664356,97.28832782249911,95.80494262509482,96.30265808105469,2247400,0.0,0.0
2025-02-25 00:00:00-05:00,96.73206835131107,98.66436331443057,96.37097946934188,97.63966369628906,4859700,0.0,0.0
2025-02-26 00:00:00-05:00,97.83484117483553,97.83484117483553,95.31699509631164,96.3514633178711,2457300,0.0,0.0
2025-02-27 00:00:00-05:00,96.05868045996598,97.14193956399468,95.63903947871532,95.72686767578125,1920300,0.0,0.0
2025-02-28 00:00:00-05:00,96.21482604241963,97.66893522846422,96.06844570776369,97.37615966796875,3727300,0.0,0.0
2025-03-03 00:00:00-05:00,97.78603825230364,99.54267670174764,97.72748611918608,98.30327606201172,2919100,0.0,0.0
2025-03-04 00:00:00-05:00,97.60063108204089,99.4938888952975,97.06387831929733,97.21026611328125,3177100,0.0,0.0
2025-03-05 00:00:00-05:00,97.54206371980256,99.19135167237381,97.54206371980256,98.91809844970703,2748800,0.0,0.0
2025-03-06 00:00:00-05:00,98.56676940104752,100.20141929756895,97.68845016479112,100.09894561767578,2251400,0.0,0.0
2025-03-07 00:00:00-05:00,99.56219369610942,102.01172640624415,99.18158993163966,101.50425720214844,3914600,0.0,0.0
2025-03-10 00:00:00-04:00,101.75798650398666,104.25436683937828,101.22124124103551,101.41641998291016,2896300,0.0,0.0
2025-03-11 00:00:00-04:00,101.07486252128996,101.35787693428932,98.3520763882193,98.71316528320312,2491800,0.0,0.0
2025-03-12 00:00:00-04:00,98.45942280358491,99.02545160580658,97.063873140503,97.50303649902344,2619700,0.0,0.0
2025-03-13 00:00:00-04:00,97.2590645264734,98.31304026285416,96.94676659499169,97.21026611328125,2075300,0.0,0.0
2025-03-14 00:00:00-04:00,97.99099055910196,98.5033366409436,97.2688128014122,98.19593048095703,1613000,0.0,0.0
2025-03-17 00:00:00-04:00,97.7177255147863,99.23038682421803,97.3078456894045,98.94737243652344,1757600,0.0,0.0
2025-03-18 00:00:00-04:00,98.82051577032556,99.4450967346106,98.08369994616362,99.22063446044922,2183400,0.0,0.0
2025-03-19 00:00:00-04:00,99.22063039493933,100.33316565733608,98.88882502870513,100.29412841796875,1833100,0.0,0.0
2025-03-20 00:00:00-04:00,99.40604638234606,100.06478763768868,98.65459262263464,99.44508361816406,1812300,0.0,0.0
2025-03-21 00:00:00-04:00,99.04496648666645,99.85497245051553,97.8641179174177,98.77171325683594,7259800,0.0,0.0
2025-03-24 00:00:00-04:00,99.12303946360458,99.71346746207979,98.6546000441407,98.93761444091797,2161400,0.0,0.0
2025-03-25 00:00:00-04:00,99.15231681222626,99.22063011953146,98.2349677492125,98.95713806152344,1392100,0.0,0.0
2025-03-26 00:00:00-04:00,98.91810412539199,100.43076555342276,98.76195516314186,100.216064453125,1779000,0.0,0.0
2025-03-27 00:00:00-04:00,100.46003752327923,100.73036463281029,99.45485281798457,100.52835083007812,1543700,0.0,0.0
2025-03-28 00:00:00-04:00,100.80160453899313,100.84064177814935,99.52316660039338,99.65003204345703,1327600,0.0,0.0
2025-03-31 00:00:00-04:00,99.21086774626089,101.02605081723573,98.52772728716234,100.71376037597656,2477700,0.0,0.0
2025-04-01 00:00:00-04:00,100.86016054057326,101.58233087866151,100.04040082365022,101.55305480957031,1970500,0.0,0.0
2025-04-02 00:00:00-04:00,100.67473607677758,101.52865611303226,100.20629666654318,101.43594360351562,1922600,0.0,0.0
2025-04-03 00:00:00-04:00,101.14316634471685,103.39751282002253,100.73328652113248,101.78726959228516,4133800,0.0,0.0
2025-04-04 00:00:00-04:00,99.99159040042355,100.42099255042754,92.4868511736995,92.68203735351562,5319500,0.0,0.0
2025-04-07 00:00:00-04:00,91.09131152351452,93.66771725772266,89.1492553584001,89.74456024169922,4484200,0.0,0.0
2025-04-08 00:00:00-04:00,91.0425180455476,91.99890434454467,87.53900215137264,88.6905746459961,3422700,0.0,0.0
2025-04-09 00:00:00-04:00,88.31972613645449,93.48228339745967,88.09038702542522,92.00865936279297,4818800,0.0,0.0
2025-04-10 00:00:00-04:00,91.54999109133377,92.91626473548361,89.19317073043356,92.0477066040039,3937600,0.0,0.0
2025-04-11 00:00:00-04:00,91.90130261168832,95.63903399241539,91.17229734637603,94.7509536743164,2941400,0.0,0.0
2025-04-14 00:00:00-04:00,95.09254677723408,96.79062584237252,94.66314456363416,96.14652252197266,1736900,0.0,0.0
2025-04-15 00:00:00-04:00,96.48808576628723,97.31760658548276,96.10259770053942,96.4100112915039,1566800,0.0,0.0
2025-04-16 00:00:00-04:00,96.53688452451436,96.99556279391653,94.08735910651193,94.44844055175781,2005000,0.0,0.0
2025-04-17 00:00:00-04:00,94.91688291217889,96.84917798219341,94.71194297721325,96.14652252197266,1964400,0.0,0.0
2025-04-21 00:00:00-04:00,95.59024107433414,96.00012833075886,93.8043340569632,94.71192932128906,2114100,0.0,0.0
2025-04-22 00:00:00-04:00,95.54146244997966,96.90773610809921,95.06326927559516,96.566162109375,2921600,0.0,0.0
2025-04-23 00:00:00-04:00,93.62867708489014,95.03398046019602,88.3929218827272,90.07637023925781,5327100,0.0,0.0
2025-04-24 00:00:00-04:00,90.38866354723717,91.21818442625519,89.89094804158945,90.50576782226562,5064300,0.0,0.0
2025-04-25 00:00:00-04:00,91.06204290020237,91.44264671630384,89.52498960022285,90.69120025634766,4901100,0.0,0.0
2025-04-28 00:00:00-04:00,90.69118920024425,91.65733665828918,90.27154819190685,91.39384460449219,4346200,0.0,0.0
2025-04-29 00:00:00-04:00,90.91565243619193,92.98457398690067,90.88636892270753,92.61373138427734,2802300,0.0,0.0
2025-04-30 00:00:00-04:00,93.05288757653314,94.24349731171979,91.97451269606422,93.95072174072266,3275600,0.0,0.0
2025-05-01 00:00:00-04:00,93.48228167165497,94.47770512483316,93.36516996427284,94.06782531738281,2219300,0.0,0.0
2025-05-02 00:00:00-04:00,94.78024697626078,95.26820128173776,94.35084480485166,94.97542572021484,2397400,0.0,0.0
2025-05-05 00:00:00-04:00,95.06326293945312,95.4828965013368,94.00927983524574,95.06326293945312,1411000,0.0,0.0
2025-05-06 00:00:00-04:00,94.52650711826792,94.78999916288801,93.6872251308236,93.87265014648438,4212700,0.0,0.0
2025-05-07 00:00:00-04:00,94.24349426199939,95.24867893998726,93.99464024661918,94.97542572021484,3436500,0.0,0.0
2025-05-08 00:00:00-04:00,95.68784228227163,95.87325985535044,94.55578471968097,94.97542572021484,5228900,0.0,0.0
2025-05-09 00:00:00-04:00,95.1706085667733,95.4926602092131,94.6045872066698,94.66313934326172,2082300,0.0,0.0
2025-05-12 00:00:00-04:00,96.21482823299938,96.21482823299938,95.07790123146356,95.63904571533203,3758900,0.0,0.0
2025-05-13 00:00:00-04:00,95.50241688685534,95.53169295377377,94.4777098711593,94.65337371826172,3216600,0.0,0.0
2025-05-14 00:00:00-04:00,94.5460246222377,94.98518796950813,93.53107876185135,93.72626495361328,4297700,0.0,0.0
2025-05-15 00:00:00-04:00,94.15567481947957,95.61953787208247,93.96537292046489,95.50242614746094,5922700,0.0,0.0
2025-05-16 00:00:00-04:00,95.90426335840588,96.94319047435256,95.48771891744481,96.923583984375,3716200,0.42,0.0
2025-05-19 00:00:00-04:00,96.49233689248737,96.96279547108043,95.99248353248369,96.58055114746094,3165200,0.0,0.0
2025-05-20 00:00:00-04:00,96.61975590300861,96.99219697814655,96.06109055145902,96.25711059570312,2410300,0.0,0.0
2025-05-21 00:00:00-04:00,95.66903013967195,96.55113517569967,95.07115936401341,95.68862915039062,2165200,0.0,0.0
2025-05-22 00:00:00-04:00,95.28679461404742,95.9973765913326,94.81143817539295,95.24758911132812,2368400,0.0,0.0
2025-05-23 00:00:00-04:00,94.83594603070871,95.2181903491476,94.35568421303087,94.85554504394531,2286800,0.0,0.0
2025-05-27 00:00:00-04:00,95.20837153457398,95.21817477843186,94.40467752496315,95.15936279296875,2192500,0.0,0.0
2025-05-28 00:00:00-04:00,95.11037501985369,95.2377872973422,93.19914599141514,93.26776123046875,1988500,0.0,0.0
2025-05-29 00:00:00-04:00,93.79701683091956,93.79701683091956,92.5865740228807,93.26776123046875,2121600,0.0,0.0
2025-05-30 00:00:00-04:00,93.26775508146142,94.08124491900222,92.79729655046214,93.45397186279297,3846100,0.0,0.0
2025-06-02 00:00:00-04:00,92.87571335521932,93.50298645062352,91.43494289375849,92.3366470336914,2208300,0.0,0.0
2025-06-03 00:00:00-04:00,92.14062939256029,93.12074456433784,91.84659184995287,93.00312805175781,2359700,0.0,0.0
2025-06-04 00:00:00-04:00,93.43438420166214,94.12046185345912,93.0766367682314,93.37557220458984,1496400,0.0,0.0
2025-06-05 00:00:00-04:00,93.66960263205989,93.85582689953375,92.7777017525649,93.38536834716797,1707400,0.0,0.0
2025-06-06 00:00:00-04:00,93.63040433457172,94.37529398410263,93.63040433457172,94.14986419677734,1669500,0.0,0.0
2025-06-09 00:00:00-04:00,94.33608319433753,94.52230746571028,92.86591046923098,93.42457580566406,1646700,0.0,0.0
2025-06-10 00:00:00-04:00,93.84602561930201,93.90483013544703,93.15994800532636,93.42457580566406,1852300,0.0,0.0
2025-06-11 00:00:00-04:00,93.93423632189649,93.93423632189649,92.8953166122323,93.50299072265625,1781200,0.0,0.0
2025-06-12 00:00:00-04:00,93.39516858740585,95.02215576171875,93.01292429739382,95.02215576171875,2406000,0.0,0.0
2025-06-13 00:00:00-04:00,94.30668226568189,95.06136765169371,93.68920492671421,93.91463470458984,1873600,0.0,0.0
2025-06-16 00:00:00-04:00,94.65952424911212,95.62983616685251,94.1400644090863,94.5321044921875,2252800,0.0,0.0
2025-06-17 00:00:00-04:00,93.83621614774283,94.30667467874211,93.34615860522406,93.45397186279297,1925500,0.0,0.0
2025-06-18 00:00:00-04:00,93.64019637314775,94.6693127285886,93.11191290517908,93.76760864257812,1918100,0.0,0.0
2025-06-20 00:00:00-04:00,94.12045810059894,94.66442231629335,92.07202099499263,92.21903228759766,4536400,0.0,0.0
2025-06-23 00:00:00-04:00,92.63067890639459,94.14985280365424,92.00340584933383,94.07144927978516,2378500,0.0,0.0
2025-06-24 00:00:00-04:00,94.24787096486791,95.57102484534003,93.72350580064231,95.47301483154297,2929900,0.0,0.0
2025-06-25 00:00:00-04:00,95.43380953650394,95.49261404937218,94.58110671149083,94.7085189819336,2146500,0.0,0.0
2025-06-26 00:00:00-04:00,95.07116921961665,96.11008888214704,94.86534593615413,95.58082580566406,2585300,0.0,0.0
2025-06-27 00:00:00-04:00,95.79644861023579,96.22770165083132,94.9731555083914,95.65923309326172,2998800,0.0,0.0
2025-06-30 00:00:00-04:00,95.24758666047396,97.30582689532257,94.99765999946511,97.05099487304688,2350400,0.0,0.0
2025-07-01 00:00:00-04:00,97.15881541052087,98.98183024933519,96.5119432780594,98.43296813964844,1853400,0.0,0.0
2025-07-02 00:00:00-04:00,98.23694051800193,98.49176506202687,97.22741567598985,97.81549072265625,1709200,0.0,0.0
2025-07-03 00:00:00-04:00,97.71746677330134,98.02130752138603,97.14900573153365,97.53125,1052300,0.0,0.0
2025-07-07 00:00:00-04:00,97.84489192463309,97.91349968231322,96.71286018406839,97.79588317871094,1914900,0.0,0.0
2025-07-08 00:00:00-04:00,98.01151251751114,98.69269223040044,97.38423943561386,97.6978759765625,1809400,0.0,0.0
2025-07-09 00:00:00-04:00,98.16833322338192,98.16833322338192,96.49232980122311,97.36463165283203,1706800,0.0,0.0
2025-07-10 00:00:00-04:00,97.36463123892815,98.77599938730002,96.99708807343005,97.97230529785156,1590300,0.0,0.0
2025-07-11 00:00:00-04:00,97.2372190514016,97.62436870689973,97.00199351903005,97.51165008544922,1187200,0.0,0.0
2025-07-14 00:00:00-04:00,97.07060506772739,98.18793573722523,96.80596979050229,98.05072021484375,1897000,0.0,0.0
2025-07-15 00:00:00-04:00,99.22685385478471,99.4032748776252,97.37443685380222,97.40383911132812,2334000,0.0,0.0
2025-07-16 00:00:00-04:00,97.34503529915911,98.41336468898618,96.66385557671198,98.3447494506836,1899900,0.0,0.0
2025-07-17 00:00:00-04:00,98.41336198430629,99.3444683496238,98.08992220270488,99.06023406982422,1425500,0.0,0.0
2025-07-18 00:00:00-04:00,98.9622213685973,98.9622213685973,96.78636468259448,97.462646484375,2211300,0.0,0.0
2025-07-21 00:00:00-04:00,97.62927211961369,97.78608665751413,96.43842830652605,96.54134368896484,2498600,0.0,0.0
2025-07-22 00:00:00-04:00,96.44333213615765,99.1337434338589,96.38452014240453,98.98182678222656,2773200,0.0,0.0
2025-07-23 00:00:00-04:00,87.23025330469875,90.05298240506376,84.28990768768644,86.73039245605469,12607900,0.0,0.0
2025-07-24 00:00:00-04:00,86.9068096913923,88.15156013566006,86.25013432695651,87.42626953125,6741700,0.0,0.0
2025-07-25 00:00:00-04:00,88.39658704204857,88.631812582356,87.3478641393084,88.0045394897461,4084500,0.0,0.0
2025-07-28 00:00:00-04:00,87.68109972657824,87.93593175730989,86.13251600721033,86.1521224975586,4694700,0.0,0.0
2025-07-29 00:00:00-04:00,86.38734954099323,86.48535956138448,85.32882337432306,85.56405639648438,3457000,0.0,0.0
2025-07-30 00:00:00-04:00,85.27001480242005,85.77967137082787,84.3340030751744,84.71134948730469,3237200,0.0,0.0
2025-07-31 00:00:00-04:00,84.24089327801057,84.8730717307098,83.75083570809153,83.98606872558594,4071500,0.0,0.0
2025-08-01 00:00:00-04:00,84.28989561123416,84.28989561123416,82.57469424705207,83.24117279052734,3897500,0.0,0.0
2025-08-04 00:00:00-04:00,83.40779861987305,83.72143517196342,82.90793779452473,83.71163940429688,3632600,0.0,0.0
2025-08-05 00:00:00-04:00,83.97626348032799,84.7799575767458,83.44700042009895,84.5643310546875,5447400,0.0,0.0
2025-08-06 00:00:00-04:00,84.7603539282712,85.37782372592083,84.00566114234826,85.24060821533203,3897100,0.0,0.0
2025-08-07 00:00:00-04:00,85.7110691183656,86.58337102646755,85.20141251721601,85.59346008300781,5760200,0.0,0.0
2025-08-08 00:00:00-04:00,85.50524496535077,86.13251807320914,85.309224923277,85.73067474365234,3025000,0.0,0.0
2025-08-11 00:00:00-04:00,85.7306736331641,85.97570242142503,84.16249088383118,84.31930541992188,4171300,0.0,0.0
2025-08-12 00:00:00-04:00,84.77995671108448,86.52456040420093,84.37810592813628,86.39714813232422,4200200,0.0,0.0
2025-08-13 00:00:00-04:00,86.34814590747202,87.47527986059661,86.08841598285146,87.45568084716797,2417800,0.0,0.0
2025-08-14 00:00:00-04:00,86.80879563359044,86.98521665379849,85.55424947997086,85.79927825927734,2524000,0.0,0.0
2025-08-15 00:00:00-04:00,86.0947332338449,86.52806535016343,85.72049664212834,86.10458374023438,3697300,0.42,0.0
2025-08-18 00:00:00-04:00,86.45911661816587,86.9515366871744,86.26707309180189,86.28184509277344,1749400,0.0,0.0
2025-08-19 00:00:00-04:00,86.76441681338139,87.63108096517003,86.40003076204675,87.24698638916016,5778400,0.0,0.0
2025-08-20 00:00:00-04:00,88.00531858341502,88.80303672026533,87.187899435386,87.76895904541016,6282400,0.0,0.0
2025-08-21 00:00:00-04:00,87.75910931234789,87.83789833028783,86.19320951416256,86.2424545288086,4050900,0.0,0.0
2025-08-22 00:00:00-04:00,86.66593536564505,87.76895906615214,86.66593536564505,87.23714447021484,5451400,0.0,0.0
2025-08-25 00:00:00-04:00,87.23714686912636,87.34547989241119,85.26746646574344,85.54322052001953,3300200,0.0,0.0
2025-08-26 00:00:00-04:00,85.750036080772,86.39018371476799,85.37579950898616,86.30154418945312,4398100,0.0,0.0
2025-08-27 00:00:00-04:00,86.02578892060625,86.51624041621685,85.94207840627286,86.39018249511719,3144900,0.0,0.0
2025-08-28 00:00:00-04:00,86.58714805658826,86.69548107903127,84.87352822280651,84.94246673583984,3786500,0.0,0.0
2025-08-29 00:00:00-04:00,85.04095160102919,85.62201123870075,84.89815307499312,85.07049560546875,2154700,0.0,0.0
2025-09-02 00:00:00-04:00,84.69625837647867,84.90307391970332,83.8837682056865,84.46974182128906,2126100,0.0,0.0
2025-09-03 00:00:00-04:00,84.17429655408213,84.66671667431078,83.95270900272618,84.37126159667969,2058300,0.0,0.0
2025-09-04 00:00:00-04:00,84.20384229538757,85.19853306260576,83.87884320603882,85.18868255615234,1740000,0.0,0.0
2025-09-05 00:00:00-04:00,85.86822098374216,86.41776050278922,85.24776683781488,85.68109893798828,3034900,0.0,0.0
2025-09-08 00:00:00-04:00,85.59246847291321,86.06026608202339,85.03110232549935,86.04549407958984,2529300,0.0,0.0
2025-09-09 00:00:00-04:00,85.75988718467107,86.80381540159273,85.5776866367056,86.67578887939453,3176600,0.0,0.0
2025-09-10 00:00:00-04:00,86.33109570704771,86.94662083324877,86.03564064097743,86.30154418945312,2483900,0.0,0.0
2025-09-11 00:00:00-04:00,86.61669495950294,88.02501678466797,86.46404592651487,88.02501678466797,3628100,0.0,0.0
2025-09-12 00:00:00-04:00,87.74926389602042,88.37956104862772,87.0598787333983,87.70986938476562,3610800,0.0,0.0
2025-09-15 00:00:00-04:00,88.06440943393483,88.51743502713265,87.59169034265643,88.27122497558594,3109900,0.0,0.0
2025-09-16 00:00:00-04:00,88.19243928302983,88.7242463570395,87.69016869787168,87.85758972167969,2736400,0.0,0.0
2025-09-17 00:00:00-04:00,88.32046903339409,89.97500086239104,87.65077739990164,88.28107452392578,3800500,0.0,0.0
2025-09-18 00:00:00-04:00,88.54698396396225,90.43787530143068,88.36478342178886,88.98030853271484,3248700,0.0,0.0
2025-09-19 00:00:00-04:00,89.12803177716282,89.40378581140303,87.808349609375,87.808349609375,6994400,0.0,0.0
2025-09-22 00:00:00-04:00,88.05456569148318,88.48789026917376,87.27654103357665,87.97577667236328,2169000,0.0,0.0
2025-09-23 00:00:00-04:00,88.11365160369522,88.66515969695129,87.44395998456957,87.76895904541016,2640400,0.0,0.0
2025-09-24 00:00:00-04:00,87.49319794363717,87.89698602384054,87.12881188599775,87.38487243652344,2156400,0.0,0.0
2025-09-25 00:00:00-04:00,87.4538093430773,88.31061547475701,87.25683680254495,88.0841064453125,2089000,0.0,0.0
2025-09-26 00:00:00-04:00,88.48789305864601,89.01970768386849,88.16782298976645,89.00985717773438,1947500,0.0,0.0
2025-09-29 00:00:00-04:00,89.4530412833442,90.22121547247592,89.36440175412567,89.90606689453125,3035300,0.0,0.0
2025-09-30 00:00:00-04:00,90.24091035909387,90.24091035909387,89.60470739788245,90.0439453125,2291000,0.0,0.0
2025-10-01 00:00:00-04:00,89.76818316097541,91.06817188718261,89.39393908690711,90.9598388671875,2540100,0.0,0.0
2025-10-02 00:00:00-04:00,91.21590363728724,91.71816673825448,90.62992250575756,90.84165954589844,2561500,0.0,0.0
2025-10-03 00:00:00-04:00,90.72347654143033,90.94013506102738,90.06362793617654,90.15226745605469,1892600,0.0,0.0
2025-10-06 00:00:00-04:00,90.12272505594996,90.37385659155629,89.1181838860564,89.45303344726562,2121200,0.0,0.0
2025-10-07 00:00:00-04:00,89.64015239436772,89.9799234682049,88.71440770851505,89.02955627441406,1789000,0.0,0.0
2025-10-08 00:00:00-04:00,90.94999142386376,91.00908694549987,89.78787968148005,89.86666870117188,1808900,0.0,0.0
2025-10-09 00:00:00-04:00,89.91591258883629,90.09318412405163,87.72956615909202,88.35986328125,1940900,0.0,0.0
2025-10-10 00:00:00-04:00,88.78334770098274,89.0492512554334,87.73449045797291,88.10380554199219,1723400,0.0,0.0
2025-10-13 00:00:00-04:00,87.88713671323549,88.70455587666372,87.52275065064136,87.82804870605469,1746900,0.0,0.0
2025-10-14 00:00:00-04:00,87.72956410773628,89.53182342132801,87.35532003451344,89.44318389892578,2210900,0.0,0.0
2025-10-15 00:00:00-04:00,89.60076627384511,90.80226502738522,89.16743417384846,90.08333587646484,2397600,0.0,0.0
2025-10-16 00:00:00-04:00,90.25075980561601,90.25075980561601,89.01478799822503,89.29546356201172,1564100,0.0,0.0
2025-10-17 00:00:00-04:00,89.47273478220679,90.1128824443948,89.33485774896442,89.90606689453125,1435900,0.0,0.0
2025-10-20 00:00:00-04:00,90.0143934201743,90.56590151330407,89.66970086196821,90.12272644042969,1615100,0.0,0.0
2025-10-21 00:00:00-04:00,89.58106548527954,91.35378088629304,89.4628819539671,91.29468536376953,1714400,0.0,0.0
2025-10-22 00:00:00-04:00,90.94014701010965,91.4030231396394,89.9553067391902,90.03409576416016,2009100,0.0,0.0
2025-10-23 00:00:00-04:00,90.27046194305815,91.87574886377843,90.1522784067763,91.56060028076172,2550100,0.0,0.0
2025-10-24 00:00:00-04:00,91.75755940486134,91.75755940486134,90.45757064461037,90.5560531616211,1721600,0.0,0.0
2025-10-27 00:00:00-04:00,90.42803207990949,91.08787324867701,90.17197150929265,90.65454864501953,2821800,0.0,0.0
2025-10-28 00:00:00-04:00,90.22121451126445,91.0632487043283,89.78296090732717,89.9159164428711,3218000,0.0,0.0
2025-10-29 00:00:00-04:00,92.6143765180437,92.63210141819233,89.50720678160101,91.9643783569336,3921200,0.0,0.0
2025-10-30 00:00:00-04:00,91.14696325798887,92.40755750822997,90.79242018589176,91.0878677368164,2422000,0.0,0.0
2025-10-31 00:00:00-04:00,90.39848641998681,91.57044870853949,90.02424983419192,91.3537826538086,2303200,0.0,0.0
2025-11-03 00:00:00-05:00,90.94999149990431,91.00908702158982,88.70455703295137,88.80303955078125,2934300,0.0,0.0
2025-11-04 00:00:00-05:00,88.97045389969756,89.34469795856907,88.53712935104717,89.32499694824219,2318900,0.0,0.0
2025-11-05 00:00:00-05:00,89.40379355537813,90.53143980974743,89.1822060096512,89.85681915283203,1740500,0.0,0.0
2025-11-06 00:00:00-05:00,89.75833797041578,90.34924060573016,89.42349589877367,89.7681884765625,2445000,0.0,0.0
2025-11-07 00:00:00-05:00,89.60076498150252,89.89621253418335,89.04924935844296,89.64015197753906,1882700,0.0,0.0
2025-11-10 00:00:00-05:00,89.32500243169649,89.3545539490009,88.64546780838249,88.89167785644531,2021900,0.0,0.0
2025-11-11 00:00:00-05:00,89.35455561001137,89.61060865486773,88.54698693790283,88.95076751708984,1845300,0.0,0.0
2025-11-12 00:00:00-05:00,89.48257788896731,90.60529507466333,89.26591185072175,89.60076141357422,2429300,0.0,0.0
2025-11-13 00:00:00-05:00,89.62046291452147,90.0144005179916,89.11819228225367,89.2166748046875,1985000,0.0,0.0
2025-11-14 00:00:00-05:00,89.65202479742551,89.92906328474128,87.80179268752005,87.83147430419922,1901600,0.42,0.0
2025-11-17 00:00:00-05:00,87.54454675887659,87.97000087726008,86.76784256362254,87.13887786865234,2556600,0.0,0.0
2025-11-18 00:00:00-05:00,87.15372070379952,87.51485962878203,86.45617250242547,86.77278900146484,3360900,0.0,0.0
2025-11-19 00:00:00-05:00,86.82226306712228,86.82226306712228,85.25402138651563,85.66463470458984,2424500,0.0,0.0
2025-11-20 00:00:00-05:00,86.1148261108519,86.58480266374156,85.48653753452462,85.9416732788086,2159900,0.0,0.0
2025-11-21 00:00:00-05:00,86.19892583445389,87.49507343358799,85.66265631487319,87.12898254394531,2722900,0.0,0.0
2025-11-24 00:00:00-05:00,87.11909112698112,87.19823958697566,85.71409839264027,86.04061126708984,5058300,0.0,0.0
2025-11-25 00:00:00-05:00,86.54522089449858,87.71274559601696,86.2780712537477,87.50496673583984,2263600,0.0,0.0
2025-11-26 00:00:00-05:00,87.60390908194539,88.11840804479911,87.33675943780916,87.63359069824219,1682800,0.0,0.0
2025-11-28 00:00:00-05:00,87.59401278374837,88.21735692155274,87.40601914869848,87.91062927246094,940800,0.0,0.0
2025-12-01 00:00:00-05:00,87.22792922524177,88.1629378807987,87.17845483233573,87.21803283691406,2071100,0.0,0.0
2025-12-02 00:00:00-05:00,87.43570770676031,87.55443417124546,86.0158741628547,86.3176498413086,2185800,0.0,0.0
2025-12-03 00:00:00-05:00,86.5848016134433,87.099300585909,85.78336021479446,86.02082824707031,2189600,0.0,0.0
2025-12-04 00:00:00-05:00,85.84272664748036,86.1989211291127,85.63494779131688,85.99114227294922,2294300,0.0,0.0
2025-12-05 00:00:00-05:00,85.84273076647493,86.28797011551315,85.12044538052628,85.53600311279297,2662400,0.0,0.0
2025-12-08 00:00:00-05:00,85.64483849355089,85.64483849355089,84.91266428703923,85.2094955444336,2297800,0.0,0.0
2025-12-09 00:00:00-05:00,85.58547664226032,86.69363813251307,85.58547664226032,86.16923522949219,2508200,0.0,0.0
2025-12-10 00:00:00-05:00,86.16923660614148,87.56433299246396,86.11976976080909,86.92120361328125,2888100,0.0,0.0
2025-12-11 00:00:00-05:00,86.9212014404019,87.6138051963358,86.4660657115649,86.80247497558594,2774200,0.0,0.0
2025-12-12 00:00:00-05:00,87.06961826885973,88.07388655749399,86.97562145043136,87.20813751220703,2061500,0.0,0.0
2025-12-15 00:00:00-05:00,87.46538984007199,87.96010357497202,87.03003933776556,87.63359069824219,2805200,0.0,0.0
2025-12-16 00:00:00-05:00,88.03925714479155,88.06893876026591,86.5551159812152,87.03003692626953,3681600,0.0,0.0
2025-12-17 00:00:00-05:00,87.0300384206806,88.51417960974145,86.98057157695136,88.05904388427734,4374400,0.0,0.0
2025-12-18 00:00:00-05:00,87.38623666835912,88.45185353015805,86.12966706235258,86.4264907836914,3430000,0.0,0.0
2025-12-19 00:00:00-05:00,86.1593496623203,86.4561733870446,85.82294038248664,86.13955688476562,6964300,0.0,0.0
2025-12-22 00:00:00-05:00,86.02082613136324,86.50564347505339,85.7239948726854,86.3176498413086,2496400,0.0,0.0
2025-12-23 00:00:00-05:00,86.61448570760443,87.01025822398458,86.19892796233508,86.90142059326172,1926800,0.0,0.0
2025-12-24 00:00:00-05:00,86.77279020421588,87.22298153605759,85.3084417066364,86.9706802368164,687600,0.0,0.0
2025-12-26 00:00:00-05:00,86.99046538813441,87.17845903175404,86.4957516301736,86.69364166259766,987100,0.0,0.0
2025-12-29 00:00:00-05:00,86.76289589848639,87.0696159937792,86.33744179111295,87.0201416015625,1717600,0.0,0.0
2025-12-30 00:00:00-05:00,86.97067592445424,87.45549327000374,86.73321544584076,87.07951354980469,1795500,0.0,0.0
2025-12-31 00:00:00-05:00,87.0597237810269,87.07951655835582,86.40670555509526,86.4264907836914,1697400,0.0,0.0
2026-01-02 00:00:00-05:00,86.29786715706702,87.57422952903003,85.9020946500755,87.40602111816406,2001800,0.0,0.0
2026-01-05 00:00:00-05:00,86.79258123067515,88.36576732726037,86.6639508248969,88.23714447021484,3263800,0.0,0.0
2026-01-06 00:00:00-05:00,87.9897867484983,89.34035315503239,87.79190427052922,88.93963623046875,2106700,0.0,0.0
2026-01-07 00:00:00-05:00,89.38487503886016,89.79548834945497,87.36644961985651,87.48517608642578,2307500,0.0,0.0
2026-01-08 00:00:00-05:00,87.5940133485711,89.67180954094107,87.5148573386994,89.4343490600586,2437000,0.0,0.0
2026-01-09 00:00:00-05:00,89.4442431929497,89.98347934272898,89.05836709047163,89.31561279296875,2021400,0.0,0.0
2026-01-12 00:00:00-05:00,88.70217340634377,89.21172794496327,88.24703768003958,88.54386138916016,2461500,0.0,0.0
2026-01-13 00:00:00-05:00,88.88026968009832,89.15236373870164,87.9304202335732,88.83079528808594,2701700,0.0,0.0
2026-01-14 00:00:00-05:00,88.68238405146562,89.53824427351284,88.27672270206277,88.9990005493164,2710900,0.0,0.0
2026-01-15 00:00:00-05:00,89.28593013885035,89.54318338708813,88.74174957568201,89.39476776123047,2081800,0.0,0.0
2026-01-16 00:00:00-05:00,89.06826031440734,90.41388231960296,88.81101459924697,89.206787109375,3446800,0.0,0.0
2026-01-20 00:00:00-05:00,89.04847322951564,89.3947713378839,86.6441641503694,87.20813751220703,5012900,0.0,0.0
2026-01-21 00:00:00-05:00,87.85126632120183,88.94953142122661,87.4060194286679,88.53397369384766,2851100,0.0,0.0
2026-01-22 00:00:00-05:00,88.90005507472044,89.43434680478215,88.21735526580747,89.31561279296875,3356800,0.0,0.0
2026-01-23 00:00:00-05:00,89.19688559234619,90.0576826374954,88.25692499124357,90.01811218261719,2868400,0.0,0.0
2026-01-26 00:00:00-05:00,90.23578519094475,90.68103209622276,88.96437477582074,89.62234497070312,4473600,0.0,0.0
2026-01-27 00:00:00-05:00,89.79054146792747,90.41387804652479,89.52834379646518,89.59265899658203,4065500,0.0,0.0
2026-01-28 00:00:00-05:00,83.94302708733281,87.93042632977978,83.11487824680749,87.66327667236328,6820700,0.0,0.0
2026-01-29 00:00:00-05:00,87.20813720242822,87.99968220337192,85.18970424388112,86.2385025024414,5707400,0.0,0.0
2026-01-30 00:00:00-05:00,85.54589693957604,86.57490239965988,83.2306403159367,84.51689147949219,5825400,0.0,0.0
2026-02-02 00:00:00-05:00,84.51689611462321,85.9416741449906,84.4080584845961,85.23918151855469,4072200,0.0,0.0
2026-02-03 00:00:00-05:00,84.80382813182253,86.57490422116629,84.37837401484349,86.2385025024414,4252700,0.0,0.0
2026-02-04 00:00:00-05:00,86.80247803962887,89.49371450313274,86.5699619728467,89.41456604003906,5507600,0.0,0.0
2026-02-05 00:00:00-05:00,89.40466665273257,90.71071060913278,88.76153728849579,90.27536010742188,4821700,0.0,0.0
2026-02-06 00:00:00-05:00,90.77007220948072,91.07679985232191,88.59333483753181,88.90005493164062,4723900,0.0,0.0
2026-02-09 00:00:00-05:00,88.81100882289847,89.73117664088615,88.29551344464831,88.35587310791016,2915700,0.0,0.0
2026-02-10 00:00:00-05:00,88.43502289336703,89.89937884296042,88.41523766578021,89.10783386230469,3124000,0.0,0.0
2026-02-11 00:00:00-05:00,88.85058901195164,89.61244483543356,88.3509233129879,88.47460174560547,3204300,0.0,0.0
2026-02-12 00:00:00-05:00,89.02868500198123,92.59062230141392,88.89015821456827,90.77996826171875,6567600,0.0,0.0
2026-02-13 00:00:00-05:00,90.61099337200892,92.21129018493144,88.93116895488255,89.28900146484375,6472100,0.42,0.0
2026-02-17 00:00:00-05:00,90.6706317195722,92.35045617604399,90.6706317195722,91.88328552246094,4416000,0.0,0.0
2026-02-18 00:00:00-05:00,91.4260604725529,92.23117987972708,90.00467224027129,92.21129608154297,3270900,0.0,0.0
2026-02-19 00:00:00-05:00,91.79382833354599,92.85738404471543,91.56521773603649,92.47967529296875,3834100,0.0,0.0
2026-02-20 00:00:00-05:00,92.73811105711123,93.99549208655573,91.69443156687366,92.11190032958984,4292400,0.0,0.0
2026-02-23 00:00:00-05:00,92.61882738697136,92.89713988453872,89.85557104191439,90.00466918945312,5303500,0.0,0.0
2026-02-24 00:00:00-05:00,90.13388199927472,90.33267447029822,89.17966448815798,89.36852264404297,3256000,0.0,0.0
2026-02-25 00:00:00-05:00,89.41821770528243,89.64683587394116,88.04155670261338,88.89141082763672,3021900,0.0,0.0
2026-02-26 00:00:00-05:00,89.46792287893048,91.3962342010866,89.04845967448804,90.90918731689453,4191100,0.0,0.0
2026-02-27 00:00:00-05:00,90.49171336953395,92.00255584716797,90.02454272674517,92.00255584716797,3967100,0.0,0.0
2026-03-02 00:00:00-05:00,90.80979142908976,93.63268408868115,90.6408170621664,93.05618286132812,5000800,0.0,0.0
2026-03-03 00:00:00-05:00,92.93690336259847,93.046241502642,90.91913009652674,91.83358764648438,3768900,0.0,0.0
2026-03-04 00:00:00-05:00,91.6646069603152,91.69442507219048,90.5563241627535,90.6010513305664,2197400,0.0,0.0
2026-03-05 00:00:00-05:00,89.90526568056492,90.50165827278802,89.55240789972798,90.09412384033203,3010100,0.0,0.0
2026-03-06 00:00:00-05:00,89.51761572458578,89.9251501601325,87.9371950601705,88.68267822265625,2719800,0.0,0.0
2026-03-09 00:00:00-04:00,87.53959892300651,88.16083486619335,85.93929452668148,87.04261016845703,3964500,0.0,0.0
2026-03-10 00:00:00-04:00,86.71460129875828,87.04261571770007,85.54170745990795,85.57152557373047,2731400,0.0,0.0
2026-03-11 00:00:00-04:00,85.40254995096176,85.8597787175619,82.91760605632172,84.09049987792969,3704300,0.0,0.0
2026-03-12 00:00:00-04:00,83.71279061629481,83.79231064045689,81.97332990084539,82.13236236572266,4350000,0.0,0.0
2026-03-13 00:00:00-04:00,82.718813474675,83.41459473092524,82.33116283427174,82.68899536132812,3078300,0.0,0.0
2026-03-16 00:00:00-04:00,82.9871805395409,83.76248178728738,82.43055555827607,83.10646057128906,2866200,0.0,0.0
2026-03-17 00:00:00-04:00,83.5537502398221,84.03582995717194,82.51007836471949,83.63327026367188,3371900,0.0,0.0
2026-03-18 00:00:00-04:00,82.98718014970298,83.13627829282612,77.77377296547265,78.05705261230469,5905900,0.0,0.0
2026-03-19 00:00:00-04:00,78.05705223434451,80.62151601661611,78.05705223434451,79.74681854248047,8608700,0.0,0.0
2026-03-20 00:00:00-04:00,79.74682104761625,80.63642760559311,78.33536718311883,79.06097412109375,8394000,0.0,0.0
2026-03-23 00:00:00-04:00,80.49230663680623,80.8401972682402,78.54410393388193,78.5639877319336,3366600,0.0,0.0
2026-03-24 00:00:00-04:00,77.75886952785464,78.56398894206708,77.33145886452456,77.52030944824219,4089800,0.0,0.0
2026-03-25 00:00:00-04:00,78.68326477882546,78.90193346495217,77.27181092524609,78.22602844238281,3707500,0.0,0.0
2026-03-26 00:00:00-04:00,77.96760274969124,78.98145653089205,76.8245270314282,76.97362518310547,3231000,0.0,0.0
2026-03-27 00:00:00-04:00,76.94380575374343,77.08296200401016,75.44289753049883,75.49259185791016,4073500,0.0,0.0
2026-03-30 00:00:00-04:00,75.60192973815589,76.53130390060765,74.81668656663506,75.87030792236328,3029700,0.0,0.0
2026-03-31 00:00:00-04:00,76.49651128484277,77.02829291377783,75.20931217851427,76.61579132080078,4487600,0.0,0.0
2026-04-01 00:00:00-04:00,75.96970488469836,77.28175495487083,75.73115239469799,76.98355865478516,2431600,0.0,0.0
2026-04-02 00:00:00-04:00,76.50645100603693,77.88311199601067,76.118800379516,77.3910903930664,2240300,0.0,0.0
2026-04-06 00:00:00-04:00,76.78476609864745,77.7886855522344,76.78476609864745,77.63958740234375,1676100,0.0,0.0
2026-04-07 00:00:00-04:00,77.5004309698912,77.97256879056691,76.94380596727956,77.36127471923828,1851500,0.0,0.0
2026-04-08 00:00:00-04:00,77.71910518020935,79.48340922200134,77.71910518020935,79.07091522216797,3256200,0.0,0.0
2026-04-09 00:00:00-04:00,78.80253659464132,80.84019354459902,78.7130822578703,80.76067352294922,2851300,0.0,0.0
2026-04-10 00:00:00-04:00,80.93958826925818,81.09862072614288,78.81247702223048,79.46849822998047,2511500,0.0,0.0
2026-04-13 00:00:00-04:00,79.66730331313804,81.27754211425781,79.3740817516313,81.27754211425781,2360000,0.0,0.0
2026-04-14 00:00:00-04:00,81.08868866338345,81.65525555176798,80.75073236001639,81.4067611694336,2598600,0.0,0.0
2026-04-15 00:00:00-04:00,80.8203147667874,81.25766732957628,79.97543533876565,80.5121841430664,3720000,0.0,0.0
2026-04-16 00:00:00-04:00,80.44260063710614,81.24771999800178,79.98239159544279,80.20404815673828,2178300,0.0,0.0
2026-04-17 00:00:00-04:00,80.2338673188365,82.14230235364738,80.07482727421224,80.93959045410156,3520000,0.0,0.0
2026-04-20 00:00:00-04:00,80.58176129477307,81.13838630725766,80.04501249697134,80.24381256103516,3035200,0.0,0.0
2026-04-21 00:00:00-04:00,80.12453071115115,80.46247943724877,78.28069902381051,78.39501190185547,3990800,0.0,0.0
2026-04-22 00:00:00-04:00,78.86217120572914,79.01126934741046,75.79078437094768,77.41096496582031,7187400,0.0,0.0
2026-04-23 00:00:00-04:00,77.57995367698247,80.57679549427166,77.43582268017747,79.01127624511719,5220800,0.0,0.0
2026-04-24 00:00:00-04:00,78.5441006924065,79.2895838361909,77.17241443788404,77.48054504394531,3506800,0.0,0.0
2026-04-27 00:00:00-04:00,77.54018883279889,78.72301693056386,76.83446570020644,77.01338195800781,4866300,0.0,0.0
2026-04-28 00:00:00-04:00,77.67934717973958,78.20913436340392,76.83446777750902,76.89410400390625,3930700,0.0,0.0
2026-04-29 00:00:00-04:00,76.57603205706722,76.90404647157175,75.15464384432791,76.13867950439453,3505300,0.0,0.0
2026-04-30 00:00:00-04:00,75.95975872591148,77.52527783839568,75.44289376265559,77.41096496582031,3721400,0.0,0.0
2026-05-01 00:00:00-04:00,77.6296450843798,78.24889418961595,76.52632939797056,76.61579132080078,2168800,0.0,0.0
2026-05-04 00:00:00-04:00,75.95976055267839,76.75494560513799,74.9757249274308,75.42301177978516,2819100,0.0,0.0
2026-05-05 00:00:00-04:00,75.63174435384984,76.2181950223886,74.92602123868701,75.16458129882812,4641300,0.0,0.0
2026-05-06 00:00:00-04:00,76.34741259495938,77.22211768556184,75.59199512291684,76.24801635742188,3869300,0.0,0.0
2026-05-07 00:00:00-04:00,76.36729584115042,78.23100371944804,76.28777581831582,77.0034408569336,5518600,0.0,0.0
2026-05-08 00:00:00-04:00,77.08296207397169,77.36624173246929,74.17060754769457,74.36940002441406,8748400,0.0,0.0
2026-05-11 00:00:00-04:00,74.23024156541294,74.49861215934396,73.2760240553463,73.55433654785156,4052800,0.0,0.0
2026-05-12 00:00:00-04:00,74.28987730234024,74.51352072638926,72.66969668392103,73.65373229980469,4774000,0.0,0.0
2026-05-13 00:00:00-04:00,73.05734832905942,73.65373332934199,72.07331269942084,72.79891204833984,3208900,0.0,0.0
2026-05-14 00:00:00-04:00,73.11698387672685,73.47481639027092,72.40131884963871,72.6199951171875,2385200,0.0,0.0
2026-05-15 00:00:00-04:00,72.4800033569336,72.9000015258789,70.6500015258789,71.01000213623047,3767600,0.44,0.0
2026-05-18 00:00:00-04:00,71.1500015258789,71.7760009765625,70.76000213623047,71.12999725341797,4180200,0.0,0.0
2026-05-19 00:00:00-04:00,70.91000366210938,71.69999694824219,69.7249984741211,70.94000244140625,4122800,0.0,0.0
2026-05-20 00:00:00-04:00,70.72000122070312,71.33000183105469,69.94999694824219,71.2699966430664,4031500,0.0,0.0
2026-05-21 00:00:00-04:00,70.75,71.94000244140625,70.3499984741211,71.62999725341797,5184000,0.0,0.0
2026-05-22 00:00:00-04:00,71.83000183105469,73.4000015258789,71.63999938964844,72.7699966430664,3585600,0.0,0.0
2026-05-26 00:00:00-04:00,73.0999984741211,73.4000015258789,72.20999908447266,72.7300033569336,2087700,0.0,0.0
2026-05-27 00:00:00-04:00,72.51000213623047,72.88999938964844,71.5199966430664,71.79000091552734,3447700,0.0,0.0
2026-05-28 00:00:00-04:00,71.76000213623047,71.7699966430664,70.66000366210938,71.20999908447266,2391700,0.0,0.0
2026-05-29 00:00:00-04:00,70.93000030517578,71.4000015258789,70.70999908447266,70.83999633789062,3872600,0.0,0.0
2026-06-01 00:00:00-04:00,70.26000213623047,70.83999633789062,69.16000366210938,69.33999633789062,4171700,0.0,0.0
2026-06-02 00:00:00-04:00,69.44000244140625,70.48999786376953,69.41999816894531,70.33000183105469,2957000,0.0,0.0
2026-06-03 00:00:00-04:00,70.19999694824219,70.88999938964844,69.91999816894531,69.91999816894531,2945700,0.0,0.0
2026-06-04 00:00:00-04:00,70.94000244140625,70.94000244140625,69.80999755859375,69.8499984741211,2956500,0.0,0.0
2026-06-05 00:00:00-04:00,70.1500015258789,70.72000122070312,69.94999694824219,70.33999633789062,2820800,0.0,0.0
2026-06-08 00:00:00-04:00,69.83999633789062,70.69999694824219,69.44499969482422,69.62999725341797,3204600,0.0,0.0
2026-06-09 00:00:00-04:00,70.1500015258789,71.50499725341797,69.94499969482422,71.2699966430664,2939800,0.0,0.0
2026-06-10 00:00:00-04:00,71.08000183105469,71.08000183105469,69.47000122070312,69.66000366210938,4352000,0.0,0.0
2026-06-11 00:00:00-04:00,70.16000366210938,70.65499877929688,69.2699966430664,70.12999725341797,3138800,0.0,0.0
2026-06-12 00:00:00-04:00,71.0,71.5,70.11000061035156,70.75,2924200,0.0,0.0
2026-06-15 00:00:00-04:00,71.76000213623047,72.58999633789062,71.55000305175781,71.80999755859375,4272700,0.0,0.0
2026-06-16 00:00:00-04:00,72.44000244140625,73.66000366210938,72.19000244140625,73.51000213623047,3433200,0.0,0.0
2026-06-17 00:00:00-04:00,73.02999877929688,74.19000244140625,72.4800033569336,72.72000122070312,6620000,0.0,0.0
2026-06-18 00:00:00-04:00,73.48999786376953,74.4000015258789,72.79000091552734,73.2699966430664,8450500,0.0,0.0
2026-06-22 00:00:00-04:00,72.37999725341797,73.19000244140625,71.86499786376953,72.4800033569336,5098200,0.0,0.0
2026-06-23 00:00:00-04:00,72.48999786376953,72.7750015258789,71.75,71.75,3356700,0.0,0.0
2026-06-24 00:00:00-04:00,71.9000015258789,73.30000305175781,71.89399719238281,72.62999725341797,3088500,0.0,0.0
2026-06-25 00:00:00-04:00,73.37000274658203,75.29000091552734,72.62999725341797,73.62999725341797,3369000,0.0,0.0
2026-06-26 00:00:00-04:00,73.41000366210938,73.6449966430664,72.5999984741211,73.19000244140625,3904000,0.0,0.0
2026-06-29 00:00:00-04:00,73.05000305175781,73.56999969482422,72.41000366210938,72.91999816894531,2838300,0.0,0.0
2026-06-30 00:00:00-04:00,71.88999938964844,72.22000122070312,70.81999969482422,71.5999984741211,3974500,0.0,0.0
2026-07-01 00:00:00-04:00,71.77999877929688,72.45999908447266,70.61000061035156,70.63999938964844,2876100,0.0,0.0
2026-07-02 00:00:00-04:00,71.47000122070312,73.2300033569336,71.05999755859375,73.13999938964844,3254100,0.0,0.0
2026-07-06 00:00:00-04:00,73.30000305175781,73.5,71.5250015258789,73.48999786376953,3368200,0.0,0.0
2026-07-07 00:00:00-04:00,73.9800033569336,74.43000030517578,72.6500015258789,73.43000030517578,2585700,0.0,0.0
2026-07-08 00:00:00-04:00,72.51000213623047,72.8499984741211,71.7750015258789,72.06999969482422,3692200,0.0,0.0
2026-07-09 00:00:00-04:00,72.19000244140625,72.43000030517578,71.20999908447266,72.0,2539900,0.0,0.0
2026-07-10 00:00:00-04:00,72.0,73.26000213623047,71.74299621582031,73.08999633789062,2736100,0.0,0.0
2026-07-13 00:00:00-04:00,73.0,73.94999694824219,72.71499633789062,73.41999816894531,2795700,0.0,0.0
2026-07-14 00:00:00-04:00,73.43000030517578,73.86000061035156,72.1449966430664,72.55999755859375,3085000,0.0,0.0
2026-07-15 00:00:00-04:00,72.62000274658203,72.91999816894531,71.5999984741211,72.19999694824219,4058800,0.0,0.0
2026-07-16 00:00:00-04:00,72.86000061035156,75.26000213623047,72.81199645996094,75.0,4548100,0.0,0.0
2026-07-17 00:00:00-04:00,75.5199966430664,75.91000366210938,72.94999694824219,73.44999694824219,4005500,0.0,0.0
2026-07-20 00:00:00-04:00,73.27999877929688,73.80000305175781,72.91999816894531,73.4800033569336,4714200,0.0,0.0
2026-07-21 00:00:00-04:00,72.69999694824219,73.33000183105469,71.61000061035156,71.94999694824219,6196100,0.0,0.0
